# split from gripper_left.obj by material (color_5)
v -0.00794854 0.00283168 0.030525
v -0.00792193 0.00283117 0.0306046
v -0.00793715 0.00283185 0.0305592
v -0.00789117 0.00282941 0.0306959
v -0.00794473 0.00283205 0.0305365
v -0.00734331 0.00277997 0.032214
v -0.00734327 0.00279127 0.0322141
v -0.00782789 0.00282525 0.0308815
v -0.00788864 0.00282846 0.0307034
v 0.0103189 -0.00529831 0.0782258
v 0.0103189 0.00529831 0.0782258
v -0.00734331 -0.00277997 0.032214
v -0.00734331 0.00690508 0.032214
v -0.00734327 -0.00279127 0.0322141
v -0.00734331 -0.00690508 0.032214
v -0.00768981 -0.00281557 0.0312765
v -0.00795145 -0.00283187 0.0305163
v -0.00795103 -0.00283192 0.0305176
v -0.0079504 -0.00283197 0.0305195
v -0.00794851 -0.00283205 0.0305251
v -0.00794473 -0.00283205 0.0305365
v -0.00793715 -0.00283185 0.0305592
v -0.00792193 -0.00283117 0.0306046
v -0.00782789 -0.00282525 0.0308815
v -0.00789117 -0.00282941 0.0306959
v -0.0079522 -0.00283162 0.0305141
v -0.00782255 -0.0028237 0.0308971
v -0.00794809 -0.00283196 0.0305264
v -0.00780737 -0.00282335 0.0309411
v -0.01 0.00740565 0.0178796
v -0.01 -0.00740565 0.0178796
v -0.00986407 -0.00729059 0.0211744
v -0.00933022 -0.0071511 0.0251689
v -0.00933022 0.0071511 0.0251689
v -0.00839716 -0.0070142 0.0290893
v -0.00839716 0.0070142 0.0290893
v -0.00986407 0.00729059 0.0211744
v 0.0106185 -0.00527445 0.0789091
v 0.0106185 0.00527445 0.0789091
v 0.0109804 -0.00525167 0.0795615
v 0.0114015 -0.00523016 0.0801774
v 0.0114015 0.00523016 0.0801774
v 0.0118782 -0.00521012 0.0807513
v 0.0118782 0.00521012 0.0807513
v 0.0124062 -0.00519172 0.0812784
v 0.0124062 0.00519172 0.0812784
v 0.0109804 0.00525167 0.0795615
v 0.0184897 -0.00293156 0.0868088
v 0.0184897 0.00293156 0.0868088
v 0.0184897 -0.00297669 0.0868086
v 0.0184897 -0.00499859 0.0868088
v 0.0184897 0.00297668 0.0868085
v 0.0184897 0.00499859 0.0868088
v 0.0185054 0.00293158 0.0868231
v 0.0185052 0.00297771 0.0868215
v 0.0185043 0.00297765 0.0868207
v 0.0185036 0.00293158 0.0868215
v 0.0185276 0.00293159 0.0868387
v 0.0185275 0.00297889 0.086837
v 0.0185257 0.0029788 0.0868358
v 0.018525 0.00293159 0.0868369
v 0.018509 0.00297796 0.0868247
v 0.0185078 0.00293158 0.0868254
v 0.018548 0.0029316 0.0868498
v 0.0185486 0.00297975 0.0868486
v 0.0185294 0.00297899 0.0868383
v 0.0185293 0.00293159 0.0868399
v 0.0185515 0.0029316 0.0868517
v 0.018551 0.00297985 0.0868499
v 0.0185513 0.00297986 0.08685
v 0.0185523 0.0029316 0.0868521
v 0.0185722 0.00293162 0.0868602
v 0.0185728 0.00298052 0.0868586
v 0.01856 0.00298015 0.0868539
v 0.0185764 0.00293162 0.0868619
v 0.0185766 0.00298063 0.08686
v 0.0185766 0.00293162 0.086862
v 0.0186014 0.00293164 0.0868691
v 0.0186027 0.00298126 0.0868675
v 0.0185979 0.00298115 0.0868662
v 0.0185974 0.00293164 0.086868
v 0.0185835 0.00298083 0.0868625
v 0.0186233 0.00293166 0.086873
v 0.0186236 0.00298165 0.0868712
v 0.0186073 0.00298137 0.0868687
v 0.0186028 0.00293164 0.0868694
v 0.018627 0.00293166 0.0868737
v 0.0186295 0.00298176 0.0868721
v 0.0186296 0.00293166 0.0868739
v 0.0186496 0.00293168 0.0868753
v 0.0186416 0.00298194 0.0868733
v 0.0186315 0.0029818 0.0868725
v 0.0186497 0.00298204 0.0868734
v 0.0186566 0.00298212 0.0868735
v 0.0186529 0.00293168 0.0868756
v 0.0186567 0.00293168 0.0868755
v 0.0186759 0.0029317 0.0868749
v 0.0186666 0.00298223 0.0868737
v 0.0186759 0.0029823 0.0868729
v 0.0186837 0.00298236 0.0868723
v 0.0186789 0.0029317 0.0868748
v 0.0186838 0.0029317 0.0868741
v 0.0187106 0.0029825 0.086868
v 0.0187019 0.00298247 0.0868697
v 0.0187047 0.00293171 0.0868713
v 0.0187021 0.00293171 0.0868716
v 0.0186911 0.00298242 0.0868716
v 0.0187278 0.00293172 0.0868656
v 0.018725 0.00298253 0.0868647
v 0.0187152 0.00298252 0.0868672
v 0.0187106 0.00293171 0.0868698
v 0.0187367 0.00298252 0.0868608
v 0.0187274 0.00298253 0.0868639
v 0.0187299 0.00293172 0.0868651
v 0.0187368 0.00293173 0.0868626
v 0.0187528 0.00293173 0.0868569
v 0.0187488 0.0029825 0.0868568
v 0.0187522 0.00298249 0.0868552
v 0.018762 0.00298244 0.0868508
v 0.0187544 0.00293173 0.0868563
v 0.0187621 0.00293173 0.0868527
v 0.0187766 0.00293173 0.0868457
v 0.0187712 0.00298239 0.0868467
v 0.0187758 0.00298235 0.086844
v 0.018786 0.00298225 0.0868382
v 0.0187778 0.00293173 0.0868451
v 0.0187861 0.00293173 0.08684
v 0.0187992 0.00293173 0.0868319
v 0.0187925 0.00298219 0.0868345
v 0.0187984 0.00298211 0.0868306
v 0.0188 0.00293173 0.0868315
v 0.0188086 0.00293173 0.0868248
v 0.0188085 0.00298196 0.086823
v 0.0188009 0.00298208 0.0868289
v 0.0188202 0.00293172 0.0868159
v 0.0188192 0.00298178 0.0868147
v 0.0188206 0.00293172 0.0868156
v 0.0188207 0.00298175 0.0868136
v 0.0188293 0.00293172 0.0868073
v 0.0188293 0.00298156 0.0868055
v 0.0188393 0.00293171 0.0867978
v 0.0188384 0.00298135 0.0867968
v 0.0188386 0.00298134 0.0867966
v 0.0188394 0.00293171 0.0867977
v 0.018848 0.0029317 0.0867876
v 0.018848 0.00298105 0.0867858
v 0.0188565 0.00293169 0.0867776
v 0.0188645 0.00293168 0.086766
v 0.0188607 0.0029806 0.0867701
v 0.0188645 0.00298041 0.0867642
v 0.0188563 0.00293169 0.0867779
v 0.0188546 0.00298084 0.0867781
v 0.0188555 0.0029808 0.086777
v 0.0188785 0.00293166 0.0867427
v 0.0188784 0.00297962 0.086741
v 0.0188742 0.00297992 0.0867491
v 0.0188713 0.00293167 0.0867559
v 0.018871 0.00293167 0.0867565
v 0.0188702 0.00298012 0.0867553
v 0.0188899 0.00293163 0.0867181
v 0.0188898 0.0029786 0.0867163
v 0.0188855 0.00297911 0.0867273
v 0.0188838 0.00293165 0.0867328
v 0.0188835 0.00293165 0.0867337
v 0.0188829 0.00297929 0.0867323
v 0.0188938 0.00293162 0.0867084
v 0.0188986 0.00293161 0.0866924
v 0.0188976 0.00297752 0.0866948
v 0.0188986 0.00297722 0.0866907
v 0.0188944 0.00297807 0.0867048
v 0.0188934 0.00293162 0.0867097
v 0.0188931 0.00297823 0.0867082
v 0.0189009 0.0029316 0.0866847
v 0.0189005 0.00297667 0.0866831
v 0.0189045 0.00293158 0.0866658
v 0.0189046 0.00297506 0.0866642
v 0.018903 0.00297594 0.0866729
v 0.0189012 0.0029316 0.0866832
v 0.0189058 0.00293158 0.0866574
v 0.0189073 0.00297064 0.0866405
v 0.0189069 0.00297225 0.0866465
v 0.0189075 0.00296989 0.0866383
v 0.0189074 0.00293157 0.0866388
v 0.0189075 0.00296952 0.0866374
v 0.018906 0.00297372 0.0866543
v 0.0189057 0.00293158 0.0866592
v 0.0189056 0.00297414 0.0866574
v 0.0189046 0.00297504 0.0866641
v 0.0189078 0.00293156 0.0866312
v 0.0189079 0.00296173 0.0866261
v 0.0189079 0.00296343 0.0866276
v 0.0189079 0.00295985 0.0866247
v 0.0189078 0.00296498 0.0866293
v 0.0189078 0.0029661 0.0866308
v 0.0189079 0.0029531 0.0866214
v 0.0189079 0.00295637 0.0866227
v 0.0189078 0.00293973 0.0866185
v 0.0189079 0.00294841 0.0866201
v 0.0189078 0.00293156 0.0866176
v 0.0189079 0.00295888 0.0866241
v 0.0189078 0.00293156 0.0866333
v 0.0189078 0.00296636 0.0866312
v 0.0189077 0.00296745 0.086633
v 0.0189076 0.00296871 0.0866355
v 0.0189072 -0.00293156 0.0866386
v 0.0189078 -0.00296634 0.0866312
v 0.0189078 -0.00296557 0.0866301
v 0.0189075 -0.0029694 0.0866372
v 0.0189076 -0.00296844 0.0866349
v 0.0189077 -0.00296712 0.0866324
v 0.0189078 -0.00293156 0.0866312
v 0.0189079 -0.00295233 0.0866212
v 0.0189079 -0.00294861 0.0866201
v 0.0189079 -0.00296331 0.0866275
v 0.0189079 -0.00296168 0.086626
v 0.0189079 -0.00295986 0.0866247
v 0.0189079 -0.00295784 0.0866235
v 0.0189079 -0.00295545 0.0866223
v 0.0189078 -0.00294046 0.0866186
v 0.0189078 -0.0029641 0.0866283
v 0.0189078 -0.00293042 0.0866175
v 0.0189056 -0.00293156 0.0866574
v 0.0189074 -0.00297011 0.086639
v 0.018907 -0.00297193 0.0866452
v 0.018906 -0.00297375 0.0866545
v 0.0189055 -0.00297409 0.0866574
v 0.0189041 -0.00293156 0.0866655
v 0.0189045 -0.00297488 0.086664
v 0.0189008 -0.00293156 0.0866831
v 0.018903 -0.00297595 0.086673
v 0.0189005 -0.00297666 0.0866831
v 0.0188981 -0.00293156 0.086692
v 0.0188986 -0.00297719 0.0866905
v 0.0188932 -0.00293156 0.0867083
v 0.0188929 -0.00297821 0.0867082
v 0.0188972 -0.00297761 0.0866963
v 0.0188893 -0.00293156 0.0867176
v 0.0188901 -0.00297861 0.0867162
v 0.0188831 -0.00293156 0.0867324
v 0.0188868 -0.00297898 0.0867244
v 0.018889 -0.00297876 0.0867192
v 0.0188828 -0.00297929 0.0867323
v 0.0188778 -0.00293156 0.0867421
v 0.0188786 -0.00297961 0.0867408
v 0.0188705 -0.00293156 0.0867554
v 0.0188702 -0.00298012 0.0867553
v 0.0188757 -0.00297984 0.0867466
v 0.0188637 -0.00293156 0.0867652
v 0.0188646 -0.00298041 0.0867641
v 0.0188555 -0.00293156 0.086777
v 0.0188553 -0.00298079 0.0867768
v 0.0188626 -0.00298052 0.0867674
v 0.0188472 -0.00293156 0.0867866
v 0.0188484 -0.00298105 0.0867858
v 0.0188483 -0.00298106 0.0867859
v 0.0188382 -0.00298134 0.0867966
v 0.0188384 -0.00293156 0.0867968
v 0.0188285 -0.00293156 0.0868061
v 0.0188312 -0.00298153 0.086804
v 0.0188295 -0.00298156 0.0868055
v 0.0188191 -0.00298177 0.0868146
v 0.0188193 -0.00293156 0.0868148
v 0.0188078 -0.00293156 0.0868235
v 0.0188127 -0.0029819 0.0868202
v 0.0188087 -0.00298196 0.086823
v 0.0187982 -0.00298211 0.0868304
v 0.0187854 -0.00293156 0.0868385
v 0.0187863 -0.00298226 0.0868383
v 0.0187927 -0.00298219 0.0868344
v 0.0187984 -0.00293156 0.0868306
v 0.018776 -0.00293156 0.0868442
v 0.0187758 -0.00298234 0.086844
v 0.0187841 -0.00298228 0.0868396
v 0.0187615 -0.00293156 0.086851
v 0.0187622 -0.00298245 0.086851
v 0.0187521 -0.00298248 0.0868551
v 0.0187619 -0.00298245 0.0868512
v 0.0187522 -0.00293156 0.0868554
v 0.0187363 -0.00293156 0.0868609
v 0.0187391 -0.00298253 0.0868603
v 0.0187369 -0.00298253 0.0868609
v 0.0187274 -0.00298252 0.0868637
v 0.0187274 -0.00293156 0.086864
v 0.0187103 -0.00293156 0.086868
v 0.0187155 -0.00298252 0.0868671
v 0.0187107 -0.00298251 0.0868682
v 0.0187019 -0.00293156 0.0868699
v 0.0187056 -0.00298249 0.0868693
v 0.0186837 -0.00293156 0.0868722
v 0.0186838 -0.00298237 0.0868724
v 0.0187019 -0.00298247 0.0868698
v 0.0186759 -0.00293156 0.0868732
v 0.0186759 -0.00298231 0.086873
v 0.0186809 -0.00298235 0.0868728
v 0.0186567 -0.00293156 0.0868736
v 0.0186567 -0.00298213 0.0868738
v 0.0186497 -0.00293156 0.0868737
v 0.0186497 -0.00298204 0.0868735
v 0.0186563 -0.00298212 0.0868738
v 0.0186298 -0.00293156 0.086872
v 0.0186318 -0.0029818 0.0868725
v 0.0186295 -0.00298176 0.0868722
v 0.0186235 -0.00293156 0.0868715
v 0.0186235 -0.00298166 0.0868715
v 0.0186032 -0.00293156 0.0868676
v 0.0186028 -0.00298126 0.0868675
v 0.0186218 -0.00298164 0.0868712
v 0.0185978 -0.00293156 0.0868665
v 0.0185978 -0.00298116 0.0868665
v 0.0185972 -0.00298115 0.0868664
v 0.0185772 -0.00293156 0.0868603
v 0.0185766 -0.00298064 0.0868601
v 0.0185727 -0.00293156 0.0868589
v 0.0185737 -0.00298056 0.0868592
v 0.0185727 -0.00298053 0.0868588
v 0.0185521 -0.00293156 0.0868502
v 0.0185514 -0.00297986 0.08685
v 0.0185486 -0.00293156 0.0868487
v 0.0185486 -0.00297976 0.0868486
v 0.018551 -0.00297985 0.0868499
v 0.0185283 -0.00293156 0.0868375
v 0.0185276 -0.00297888 0.0868369
v 0.018542 -0.00297951 0.0868454
v 0.0185059 -0.00293156 0.0868222
v 0.0185052 -0.00297771 0.0868215
v 0.0185207 -0.00297858 0.0868328
v 0.0185256 -0.00293156 0.086836
v 0.0185257 -0.0029788 0.0868358
v 0.0185041 -0.00293156 0.086821
v 0.0185009 -0.00297747 0.0868184
v 0.0185042 -0.00297766 0.0868208
v 0.0185041 -0.00499816 0.086821
v 0.0185256 -0.00499764 0.086836
v 0.0185486 -0.0049972 0.0868487
v 0.0185727 -0.00499684 0.0868589
v 0.0185978 -0.00499657 0.0868665
v 0.0186235 -0.0049964 0.0868715
v 0.0186497 -0.00499632 0.0868737
v 0.0186759 -0.00499634 0.0868732
v 0.0187019 -0.00499645 0.0868699
v 0.0187274 -0.00499666 0.086864
v 0.0187522 -0.00499696 0.0868554
v 0.018776 -0.00499735 0.0868442
v 0.0187984 -0.00499783 0.0868306
v 0.0188193 -0.00499838 0.0868148
v 0.0188384 -0.00499901 0.0867968
v 0.0188555 -0.0049997 0.086777
v 0.0188705 -0.00500045 0.0867554
v 0.0188831 -0.00500125 0.0867324
v 0.0188932 -0.0050021 0.0867083
v 0.0189008 -0.00500298 0.0866831
v 0.0189056 -0.00500388 0.0866574
v 0.0189078 -0.00500479 0.0866312
v 0.0185041 0.00499816 0.086821
v 0.0185256 0.00499764 0.086836
v 0.0185486 0.0049972 0.0868487
v 0.0185727 0.00499684 0.0868589
v 0.0185978 0.00499657 0.0868665
v 0.0186235 0.0049964 0.0868715
v 0.0186497 0.00499632 0.0868737
v 0.0186759 0.00499634 0.0868732
v 0.0187274 0.00499666 0.086864
v 0.0187019 0.00499645 0.0868699
v 0.0187522 0.00499696 0.0868554
v 0.018776 0.00499735 0.0868442
v 0.0187984 0.00499783 0.0868306
v 0.0188193 0.00499838 0.0868148
v 0.0188384 0.00499901 0.0867968
v 0.0188555 0.0049997 0.086777
v 0.0188705 0.00500045 0.0867554
v 0.0188831 0.00500125 0.0867324
v 0.0188932 0.0050021 0.0867083
v 0.0189008 0.00500298 0.0866831
v 0.0189056 0.00500388 0.0866574
v 0.0189078 0.00500479 0.0866312
v 0.0189074 -0.00420757 0.0866086
v 0.0189074 -0.00500558 0.0866086
v 0.0189074 0.00420757 0.0866086
v 0.0189074 0.00500558 0.0866086
v -0.01 0.015 0
v -0.01 -0.015 0
v -0.01 -0.00365405 0.00531752
v -0.01 0.00365405 0.00531752
v -0.01 -0.015 0.00531752
v -0.00999646 0.00783603 0.00555475
v -0.00999641 -0.00783598 0.00555475
v -0.01 0.015 0.00531752
v 0.01 0.015 0
v 0.01 -0.015 0
v -0.00998938 0.00904124 0.00562331
v -0.0099883 0.015 0.00562325
v -0.00998374 0.01 0.00567784
v -0.00995834 0.01 0.00587195
v -0.00994233 0.015 0.00599431
v -0.00993627 0.01 0.00602868
v -0.0099022 0.01 0.00618026
v -0.00986192 0.015 0.00635945
v -0.00994233 0.01 0.00599431
v -0.0097737 0.015 0.00664387
v -0.00982246 0.01 0.00648691
v -0.00986192 0.01 0.00635945
v -0.00977385 0.01 0.00664398
v -0.00990497 0.00887877 0.0067381
v -0.00974392 0.00771041 0.00915781
v -0.00983739 0.00942425 0.00705813
v -0.00965023 0.00767241 0.0102502
v -0.00986026 0.00775758 0.00780141
v -0.00957001 0.00765624 0.0107107
v -0.00949084 0.00764029 0.0111651
v -0.00958041 0.00918139 0.0084251
v -0.0094135 0.0076247 0.011609
v -0.00933664 0.00760922 0.0120502
v -0.00950003 0.00866304 0.00962032
v -0.00963862 0.00877789 0.00880485
v -0.00969641 0.00877782 0.00852267
v -0.00957313 0.0087752 0.00907744
v -0.00830197 0.00870548 0.0133705
v -0.00890519 0.007547 0.0138318
v -0.00830113 0.00871287 0.0133561
v -0.00905091 0.0100002 0.00870063
v -0.00824541 0.0100004 0.0109921
v -0.00844099 0.00748006 0.0157487
v -0.00892821 0.00867777 0.0113873
v -0.00824541 0.015 0.0109921
v -0.00820035 0.01 0.0111147
v -0.00819589 0.00918943 0.0126841
v -0.00825531 0.00844944 0.0141763
v -0.0083343 0.0074657 0.01616
v -0.0081874 0.0100001 0.0111483
v -0.00823539 0.01 0.0110204
v -0.0073943 0.00952523 0.0143459
v -0.00812226 0.01 0.0113047
v -0.0066656 0.00904998 0.0173902
v -0.00738957 0.00952215 0.0143656
v -0.00803979 0.00742611 0.0172936
v -0.00762896 0.00737089 0.018875
v -0.00614942 0.00875496 0.0205
v -0.00741112 0.00733496 0.0199038
v -0.00563377 0.00846025 0.0236067
v -0.00613938 0.00874922 0.0205605
v -0.00693918 0.00725712 0.0221328
v -0.00728193 0.00731365 0.020514
v -0.00814846 0.01 0.0112421
v -0.00817789 0.01 0.0111719
v -0.00668065 0.00720336 0.0236725
v -0.00779467 0.00894648 0.014292
v -0.00755344 0.00798241 0.0173857
v -0.00817789 0.015 0.0111719
v -0.00798109 0.015 0.0115978
v -0.00805967 0.01 0.0114347
v -0.00802384 0.01 0.0115091
v -0.00809226 0.01 0.011367
v -0.00774101 0.015 0.012001
v -0.00787394 0.01 0.0117778
v -0.00780624 0.01 0.0118914
v -0.00793278 0.01 0.011679
v -0.00798109 0.01 0.0115978
v -0.00746026 0.015 0.0123769
v -0.00761166 0.01 0.0121742
v -0.00774101 0.01 0.012001
v -0.00746026 0.01 0.0123769
v -0.00728156 0.01 0.0125704
v -0.00714189 0.015 0.0127216
v -0.00678937 0.015 0.0130312
v -0.00701773 0.01 0.0128306
v -0.00714189 0.01 0.0127216
v -0.00640652 0.015 0.0133025
v -0.00663485 0.01 0.0131407
v -0.00678937 0.01 0.0130312
v -0.00640652 0.01 0.0133025
v -0.00606196 0.01 0.0134961
v -0.0059975 0.015 0.0135324
v -0.0059975 0.01 0.0135324
v -0.00556677 0.01 0.0137184
v -0.005119 0.015 0.0138587
v -0.00520765 0.01 0.013835
v -0.00520762 0.01 0.013835
v -0.00556677 0.015 0.0137184
v -0.00465907 0.015 0.0139515
v -0.00496325 0.01 0.0138949
v -0.00511856 0.01 0.0138568
v -0.00419198 0.015 0.0139959
v -0.00452776 0.01 0.013968
v -0.00465817 0.01 0.0139461
v -0.00419168 0.01 0.0139916
v -0.00408332 0.01 0.0139992
v -0.004 0.015 0.014
v -0.004 0.01 0.014
v -0.00418759 0.00946776 0.0183452
v -0.00423221 0.00935078 0.0202075
v -0.00409964 0.00989804 0.0146821
v -0.00418181 0.00949604 0.0181045
v -0.00418244 0.00949294 0.0181308
v -0.00561867 0.00847592 0.0236165
v -0.00556458 0.0085302 0.0236462
v -0.00555427 0.00854013 0.0236503
v -0.0055481 0.00854608 0.0236528
v -0.00551654 0.00857649 0.0236654
v -0.00546876 0.00862082 0.0236779
v -0.00542508 0.00865997 0.0236835
v -0.00547311 0.00861679 0.0236767
v -0.00538508 0.00869475 0.0236834
v -0.00534345 0.00872993 0.0236779
v -0.00538589 0.00869404 0.0236834
v -0.00539018 0.00869031 0.0236834
v -0.00525666 0.00879996 0.0236483
v -0.00522373 0.00882517 0.0236304
v -0.00530677 0.00875999 0.0236678
v -0.005299 0.00876636 0.0236657
v -0.00520854 0.00883679 0.0236221
v -0.00516474 0.00886911 0.0235918
v -0.00522142 0.00882694 0.0236291
v -0.00508897 0.00892283 0.0235204
v -0.00505954 0.00894287 0.0234842
v -0.00514085 0.00888623 0.0235714
v -0.00512595 0.00889692 0.0235587
v -0.005058 0.00894392 0.0234823
v -0.00504247 0.00895449 0.0234632
v -0.00499097 0.00898837 0.0233871
v -0.00493283 0.00902509 0.0232833
v -0.00490135 0.00904403 0.0232147
v -0.00497941 0.00899567 0.0233664
v -0.0049009 0.0090443 0.0232137
v -0.00486669 0.00906488 0.0231391
v -0.00478611 0.00911044 0.0229192
v -0.00475258 0.00912712 0.0228028
v -0.00482563 0.0090881 0.0230271
v -0.00475235 0.00912723 0.022802
v -0.00460633 0.00919265 0.0222895
v -0.00460247 0.00919407 0.0222757
v -0.00467918 0.00916363 0.0225478
v -0.00466285 0.00917176 0.0224911
v -0.0045276 0.00921799 0.0220372
v -0.00452522 0.00921847 0.0220323
v -0.00456009 0.00920974 0.0221245
v -0.00444212 0.00922987 0.0219385
v -0.00443568 0.00923016 0.0219411
v -0.00444577 0.0092297 0.0219371
v -0.00444384 0.0092298 0.0219377
v -0.00442878 0.00923045 0.0219439
v -0.00443167 0.00923033 0.0219427
v -0.0044252 0.00923057 0.0219458
v -0.00444938 0.00922944 0.0219376
v -0.00447079 0.00922745 0.0219479
v -0.00446609 0.00922796 0.0219445
v -0.00446191 0.00922837 0.021942
v -0.00445811 0.00922873 0.0219402
v -0.00448384 0.00922582 0.0219607
v -0.00447619 0.00922681 0.0219526
v -0.00445482 0.00922901 0.021939
v -0.00450742 0.00922206 0.0219958
v -0.00449377 0.00922436 0.0219737
v -0.00434002 0.00922899 0.0220676
v -0.00430545 0.00922615 0.0221584
v -0.0043619 0.00923031 0.0220186
v -0.00438262 0.00923094 0.0219852
v -0.00437326 0.00923073 0.0219987
v -0.00439489 0.00923104 0.0219705
v -0.00442251 0.00923066 0.0219473
v -0.00441501 0.00923084 0.0219523
v -0.00440567 0.00923099 0.0219599
v -0.00428069 0.00922369 0.0222307
v -0.00631116 0.00924448 0.0176795
v -0.0062448 0.00927409 0.0176895
v -0.00696102 0.00958154 0.0148424
v -0.00703278 0.00956602 0.0147707
v -0.00652362 0.00913084 0.0175757
v -0.00647515 0.00915918 0.0176117
v -0.00718993 0.00952523 0.0145824
v -0.00642432 0.00918738 0.0176408
v -0.00637013 0.0092157 0.0176634
v -0.00709252 0.00955163 0.0147049
v -0.00714417 0.00953811 0.0146426
v -0.00660949 0.0090831 0.0174776
v -0.00657001 0.00910238 0.0175334
v -0.00726927 0.00950076 0.0144641
v -0.00723136 0.0095128 0.014523
v -0.00731951 0.00951023 0.0144237
v -0.00596023 0.00937053 0.0176941
v -0.00580635 0.00940518 0.0176995
v -0.0064054 0.00965862 0.0152588
v -0.00559173 0.00944029 0.0177211
v -0.00527615 0.00947269 0.0177787
v -0.00566676 0.00970257 0.0156336
v -0.00610951 0.00968118 0.0154266
v -0.00661153 0.00963706 0.0151246
v -0.00616778 0.00930489 0.017694
v -0.00607535 0.00933703 0.0176946
v -0.00675944 0.00961696 0.0150152
v -0.00687232 0.00959848 0.0149226
v -0.00480812 0.00949399 0.0179029
v -0.00461273 0.0093312 0.0199472
v -0.00533425 0.0092011 0.020278
v -0.00522545 0.00924026 0.0201521
v -0.00508582 0.0092778 0.0200251
v -0.0048923 0.00931074 0.0199312
v -0.00550463 0.00912012 0.0204849
v -0.00542441 0.00916098 0.0203911
v -0.00557839 0.0090786 0.0205586
v -0.00564773 0.00903643 0.0206124
v -0.00577882 0.00894902 0.0206669
v -0.00571414 0.00899335 0.0206479
v -0.00584239 0.00890313 0.0206703
v -0.00590516 0.00885546 0.0206591
v -0.00604098 0.00878287 0.0206033
v -0.0059668 0.00880625 0.0206344
v -0.00443978 0.00923 0.0219392
v -0.00546608 0.00701837 0.0289699
v -0.00466101 0.00693683 0.0313048
v -0.00367 0.00820771 0.0309688
v -0.00622023 0.00711777 0.0261233
v -0.00459537 0.00830159 0.0282331
v -0.00458962 0.00830083 0.0282555
v -0.00444917 0.0082866 0.0286699
v -0.00538871 0.0084152 0.02492
v -0.00524171 0.00838819 0.0257078
v -0.00519072 0.00838135 0.025907
v -0.00399992 0.00946765 0.0183481
v -0.004 0.00922357 0.0222341
v -0.00399992 0.00949599 0.0181067
v -0.00399992 0.00949604 0.0181063
v -0.00399997 0.00989791 0.014684
v -0.00319523 0.00903632 0.0275962
v -0.0038444 0.00912929 0.0249339
v -0.00312046 0.00902834 0.0278246
v -0.00388941 0.00913903 0.024655
v -0.00359894 0.00828955 0.0309443
v -0.00353081 0.00836801 0.0309209
v -0.00345332 0.00844024 0.0308937
v -0.00358965 0.00830025 0.0309411
v -0.00344536 0.00844766 0.0308909
v -0.00338404 0.00850482 0.0308693
v -0.00328728 0.00857784 0.0308347
v -0.00322505 0.0086248 0.0308125
v -0.00329339 0.00857324 0.0308369
v -0.0031174 0.00868951 0.0307734
v -0.00305553 0.00872669 0.030751
v -0.00312122 0.00868721 0.0307748
v -0.00293763 0.0087814 0.0307076
v -0.00287729 0.0088094 0.0306855
v -0.00274999 0.00885248 0.0306381
v -0.00293881 0.00878085 0.0307081
v -0.00255661 0.00890195 0.0305656
v -0.00250238 0.00891392 0.0305452
v -0.00274827 0.00885306 0.0306375
v -0.00269224 0.00887203 0.0306166
v -0.00235967 0.00892925 0.030491
v -0.00235174 0.0089301 0.030488
v -0.00239191 0.00895063 0.0300499
v -0.00230972 0.00893461 0.030472
v -0.00224257 0.00893679 0.0304463
v -0.00517398 0.00865204 0.0248866
v -0.00532755 0.0085023 0.0249111
v -0.00452378 0.00838692 0.028215
v -0.00500556 0.00878416 0.0248586
v -0.00437369 0.00853716 0.0281761
v -0.00482425 0.00889713 0.0248274
v -0.0042091 0.00866984 0.0281324
v -0.00463216 0.00898963 0.0247934
v -0.00403191 0.0087834 0.0280843
v -0.00443154 0.00906058 0.024757
v -0.00384419 0.00887652 0.0280323
v -0.00422472 0.00910915 0.0247186
v -0.00364812 0.00894813 0.0279772
v -0.0040141 0.00913478 0.0246787
v -0.003446 0.00899737 0.0279195
v -0.00324017 0.00902369 0.0278599
v -0.00452535 0.00921458 0.0221137
v 0.013612 0.00749448 0.0717488
v 0.0134947 0.00748896 0.0717936
v 0.0134138 0.00747778 0.0718243
v 0.0132976 0.00746173 0.0718684
v 0.0132143 0.00744047 0.0718996
v 0.013104 0.00741228 0.0719409
v 0.0130172 0.00737945 0.0719731
v 0.0129161 0.00734119 0.0720106
v 0.0129198 0.00734257 0.0720092
v 0.0127361 0.00724924 0.0720765
v 0.0128261 0.00729521 0.0720435
v 0.012566 0.00713747 0.0721378
v 0.0126446 0.00718909 0.0721095
v 0.0124758 0.0070632 0.0721699
v 0.0124077 0.00700716 0.0721941
v 0.0125573 0.00713029 0.0721409
v 0.0123225 0.00692028 0.0722238
v 0.0122631 0.00685977 0.0722444
v 0.0122508 0.00684495 0.0722487
v 0.0121846 0.00676532 0.0722713
v 0.0134307 0.00529101 0.0784348
v 0.0131817 0.00694011 0.0740106
v 0.0123953 0.00680355 0.0726537
v 0.0145621 0.00738936 0.0744148
v 0.014618 0.00739394 0.0743854
v 0.0144844 0.00737411 0.0744553
v 0.01422 0.00730218 0.0745925
v 0.0143029 0.00732855 0.0745496
v 0.0143844 0.0073545 0.0745074
v 0.0143513 0.00734396 0.0745246
v 0.0144705 0.0073714 0.0744625
v 0.0126335 0.00684677 0.0730862
v 0.0125974 0.00684022 0.0730206
v 0.0127909 0.00687533 0.073372
v 0.012965 0.00690693 0.0736881
v 0.0135617 0.0069983 0.0745761
v 0.0132566 0.00695158 0.074122
v 0.0137375 0.00702522 0.0748378
v 0.0138312 0.00709332 0.0747906
v 0.0138794 0.00712831 0.0747664
v 0.0141395 0.00726739 0.0746338
v 0.0140926 0.00724643 0.0746579
v 0.0139819 0.00718854 0.0747143
v 0.0140416 0.00722364 0.074684
v 0.0139694 0.00718118 0.0747207
v 0.0141561 0.00727483 0.0746253
v 0.0142107 0.00729923 0.0745973
v 0.0145724 0.00741703 0.0739665
v 0.0146409 0.00739581 0.0743734
v 0.0147513 0.00740485 0.0743153
v 0.0142269 0.00744489 0.0731687
v 0.0133764 0.00696993 0.0743004
v 0.0138893 0.00730177 0.0740662
v 0.0139619 0.0073292 0.074032
v 0.0136255 0.00733332 0.0734324
v 0.0131903 0.0072994 0.0727935
v 0.0132776 0.00733786 0.0727587
v 0.0132315 0.00699588 0.0739916
v 0.0130391 0.00696881 0.0736815
v 0.013954 0.00742213 0.0732891
v 0.0138711 0.00740626 0.0733255
v 0.0141839 0.00739067 0.0739267
v 0.014037 0.00743376 0.0732525
v 0.0140353 0.00735319 0.0739973
v 0.0137885 0.00738615 0.0733616
v 0.0137066 0.00736183 0.0733972
v 0.0135456 0.0073007 0.0734669
v 0.0129408 0.00715645 0.0728915
v 0.0126695 0.00708332 0.0725559
v 0.0128445 0.00694024 0.0733524
v 0.0126479 0.00691015 0.073004
v 0.0125192 0.00695024 0.0726111
v 0.0124498 0.0068785 0.0726363
v 0.0127162 0.00697686 0.0729781
v 0.0127878 0.00704035 0.0729507
v 0.0125925 0.00701864 0.0725843
v 0.0128628 0.00710031 0.0729218
v 0.0129113 0.00700212 0.0733258
v 0.0129812 0.00706092 0.0732978
v 0.0131043 0.00702606 0.0736543
v 0.0131722 0.00708039 0.0736259
v 0.0130539 0.00711638 0.0732685
v 0.0132426 0.00713155 0.0735962
v 0.0130216 0.0072085 0.07286
v 0.0131048 0.00725622 0.0728273
v 0.0133154 0.00717935 0.0735654
v 0.0133903 0.00722358 0.0735335
v 0.0134671 0.00726408 0.0735006
v 0.0136087 0.00704556 0.0745557
v 0.0134215 0.00702145 0.0742829
v 0.0134286 0.00714585 0.0739052
v 0.0134986 0.0071898 0.0738742
v 0.0132949 0.00704871 0.073964
v 0.0133607 0.00709876 0.0739351
v 0.0134829 0.00707007 0.0742549
v 0.0135463 0.00711608 0.0742257
v 0.0136117 0.00715932 0.0741956
v 0.0138179 0.00727097 0.0740997
v 0.0135705 0.00723045 0.0738422
v 0.0137476 0.00723689 0.0741325
v 0.0137917 0.00717196 0.0744676
v 0.0136679 0.00709018 0.0745273
v 0.0139215 0.00724293 0.0744045
v 0.005 0.015 0.014
v 0.005 0.01 0.014
v 0.0155102 0.00714241 0.0766665
v 0.0152396 0.00726347 0.0758597
v 0.0155731 0.00711427 0.0768539
v 0.0150764 0.00733651 0.075373
v 0.0149605 0.00736087 0.074996
v 0.0149327 0.00736672 0.0749055
v 0.0152332 0.00726635 0.0758405
v 0.0152297 0.00726793 0.07583
v 0.0138916 0.00703911 0.0750384
v 0.0144251 0.00708721 0.0757331
v 0.0145491 0.00708273 0.0758857
v 0.0147252 0.00707638 0.0761023
v 0.0141158 0.00705933 0.0753304
v 0.0147405 0.00707583 0.0761212
v 0.0152384 0.00705785 0.0767339
v 0.0154068 0.00705177 0.076941
v 0.0157396 0.00703976 0.0773505
v 0.0150546 0.00724085 0.0759373
v 0.0152203 0.00726454 0.0758437
v 0.0148858 0.00717765 0.0760242
v 0.0147347 0.0070828 0.0760947
v 0.0081413 0.015 0.0127221
v 0.0087469 0.015 0.0119921
v 0.00898868 0.015 0.0115834
v 0.00846339 0.015 0.0123731
v 0.00918603 0.015 0.0111514
v 0.00739614 0.015 0.013309
v 0.00778423 0.015 0.0130353
v 0.00943919 0.015 0.0102373
v 0.00515115 0.015 0.0139975
v 0.00562429 0.015 0.0139565
v 0.00933676 0.015 0.010701
v 0.00654453 0.015 0.0137266
v 0.00698137 0.015 0.0135403
v 0.00609048 0.015 0.0138659
v 0.00996573 0.015 0.00626011
v 0.00999142 0.015 0.00599944
v 0.00946145 0.015 0.0100878
v 0.01 0.015 0.00573764
v 0.00946145 0.0100012 0.0100878
v 0.00996573 0.0100013 0.00626011
v 0.00515115 0.01 0.0139975
v 0.00562429 0.01 0.0139565
v 0.00575071 0.01 0.0139319
v 0.00609048 0.01 0.0138659
v 0.00648564 0.01 0.0137447
v 0.00654453 0.01 0.0137266
v 0.00698137 0.01 0.0135403
v 0.00718431 0.01 0.0134271
v 0.00739614 0.01 0.013309
v 0.00778423 0.01 0.0130353
v 0.00783357 0.01 0.012992
v 0.0081413 0.01 0.0127221
v 0.00840856 0.01 0.0124325
v 0.00846339 0.01 0.0123731
v 0.0087469 0.01 0.0119921
v 0.00888648 0.01 0.0117562
v 0.00898868 0.01 0.0115834
v 0.00918603 0.01 0.0111514
v 0.00924635 0.01 0.0109712
v 0.00933676 0.01 0.010701
v 0.00943919 0.01 0.0102373
v 0.00250254 0.00922357 0.0222341
v 0.00367258 0.00935878 0.0197165
v 0.00372047 0.00936431 0.0196135
v 0.00454673 0.00949901 0.0181064
v 0.005 0.0095729 0.0172796
v 0.00600146 0.00974205 0.0157663
v 0.00610986 0.00976036 0.0156025
v 0.00615653 0.00976824 0.015532
v 0.00687751 0.00985892 0.0146318
v 0.00710032 0.00988694 0.0143536
v 0.00715474 0.00989016 0.014297
v 0.00753803 0.00991282 0.013898
v 0.00799863 0.00994005 0.0134186
v 0.00817292 0.00993865 0.0132679
v 0.00853404 0.00993575 0.0129559
v 0.0088781 0.00993299 0.0126585
v 0.00905904 0.00993154 0.0125021
v 0.00985943 0.00989158 0.0119324
v 0.0100032 0.0098844 0.01183
v 0.0105516 0.00985702 0.0114397
v 0.0114743 0.00980967 0.010909
v 0.0115271 0.00980696 0.0108787
v 0.0125644 0.00975374 0.010282
v 0.0128785 0.00976284 0.00931495
v 0.0129219 0.00974573 0.0101107
v 0.0130901 0.00974197 0.0100301
v 0.0151881 0.00969499 0.00902462
v 0.0129011 0.00976243 0.00930988
v 0.0163042 0.00970156 0.00854633
v 0.0099773 0.01 0.00616321
v 0.00999142 0.01 0.00599944
v 0.00999851 0.01 0.00584679
v 0.01 0.0100002 0.00573764
v 0.00160484 0.00913423 0.0247925
v 0.00197295 0.00917207 0.0237089
v 0.015329 0.00738651 0.0748405
v 0.00225612 0.00857577 0.0407846
v 0.00105505 0.0090548 0.0270671
v 0.00231595 0.00920732 0.0226993
v 0.0012526 0.00908334 0.0262498
v 0.000719505 0.00897426 0.0293735
v 0.00100709 0.00873141 0.0363278
v 0.000709549 0.00880829 0.034126
v 0.00152775 0.00865263 0.0385836
v 0.0011019 0.00871706 0.0367386
v 0.00176339 0.00862777 0.0392956
v 0.000795533 0.0089925 0.0288509
v 0.000599285 0.00889307 0.0316983
v 0.000610268 0.00890049 0.0314859
v 0.000695867 0.00881183 0.0340247
v 0.00297404 0.00915099 0.0224262
v 0.00302528 0.00913256 0.0224467
v 0.00289607 0.00916968 0.0223946
v 0.00263371 0.00921502 0.0222879
v 0.00278658 0.00919593 0.0223504
v 0.00536588 0.00950612 0.0174829
v 0.0027879 0.00919561 0.0223509
v 0.00522843 0.00953972 0.0174074
v 0.00518397 0.00955058 0.017383
v 0.00261463 0.00921741 0.0222801
v 0.0025961 0.00921972 0.0222726
v 0.00511411 0.00955906 0.0173438
v 0.00315645 0.0090854 0.0224991
v 0.00327451 0.00902781 0.0225459
v 0.00577745 0.00931243 0.017699
v 0.00480331 0.00905933 0.0198062
v 0.00461986 0.00902748 0.0201569
v 0.0055657 0.00942886 0.0175896
v 0.00571532 0.00935303 0.0176676
v 0.00312481 0.00909677 0.0224865
v 0.00554366 0.00944003 0.0175781
v 0.00333188 0.00899983 0.0225686
v 0.0033924 0.00896136 0.0225921
v 0.00369057 0.00891132 0.0222229
v 0.00343911 0.00893167 0.0226103
v 0.00350634 0.00888893 0.0226365
v 0.00455843 0.00901681 0.0202743
v 0.00545477 0.00947308 0.0175305
v 0.00587893 0.00924611 0.0177503
v 0.00403967 0.00930136 0.0198922
v 0.00391648 0.00932949 0.0198339
v 0.00416135 0.00926374 0.019949
v 0.00379271 0.00934803 0.0197746
v 0.00439667 0.00916112 0.0200569
v 0.00450864 0.00909699 0.0201072
v 0.00428063 0.00921686 0.0200041
v 0.00236767 0.00857317 0.0407417
v 0.00238398 0.00857279 0.0407355
v 0.00254205 0.00855445 0.0406742
v 0.00236854 0.00857315 0.0407414
v 0.00257599 0.00855051 0.0406611
v 0.00271295 0.00851896 0.0406074
v 0.00254248 0.0085544 0.0406741
v 0.00276457 0.00850707 0.0405872
v 0.0028798 0.0084667 0.0405416
v 0.00294769 0.00844292 0.0405148
v 0.00304121 0.00839813 0.0404774
v 0.00288271 0.00846569 0.0405405
v 0.00312344 0.00835875 0.0404444
v 0.00319571 0.00831362 0.0404152
v 0.00304521 0.00839622 0.0404758
v 0.00320064 0.00831055 0.0404132
v 0.00318821 0.00826174 0.0400427
v 0.00329801 0.00824975 0.0403737
v 0.00258818 0.00832727 0.0382337
v 0.00243758 0.00835087 0.0375787
v 0.00282646 0.00830125 0.0389521
v 0.00208453 0.00840619 0.0360432
v 0.00195115 0.00844229 0.0350393
v 0.00219165 0.0083894 0.0365091
v 0.00178791 0.00848648 0.0338107
v 0.00173341 0.00853551 0.0324524
v 0.0018147 0.00847923 0.0340123
v 0.00170093 0.00856473 0.0316429
v 0.00170934 0.00857028 0.0314891
v 0.00179914 0.00862958 0.0298463
v 0.00183047 0.00865026 0.0292731
v 0.00187784 0.0086612 0.0289685
v 0.00214485 0.00872285 0.0272514
v 0.00219822 0.00873517 0.0269082
v 0.00272961 0.00881023 0.0248189
v 0.00277237 0.00881456 0.0246988
v 0.00230743 0.0087506 0.0264788
v 0.00300323 0.00883795 0.0240501
v 0.0022411 0.00914509 0.0237998
v 0.00206381 0.00916737 0.0237399
v 0.00134461 0.00907901 0.0262703
v 0.00152729 0.00905739 0.0263112
v 0.000895641 0.0089885 0.0288622
v 0.00108168 0.00896756 0.0288837
v 0.000721885 0.00889684 0.0314869
v 0.000909229 0.00887658 0.0314887
v 0.000825269 0.00880505 0.0341154
v 0.00101184 0.00878548 0.0340975
v 0.00120464 0.00871414 0.0367184
v 0.00138837 0.00869526 0.036681
v 0.00185581 0.00862513 0.0392671
v 0.0024158 0.00910531 0.0238582
v 0.0017073 0.00901826 0.0263509
v 0.00126501 0.00892909 0.0289042
v 0.00109384 0.0088388 0.0314899
v 0.00119569 0.00874837 0.0340792
v 0.00156942 0.00865882 0.0366435
v 0.00203465 0.00860692 0.0392106
v 0.00258636 0.00904837 0.0239145
v 0.00188305 0.00896196 0.026389
v 0.001444 0.00887345 0.0289237
v 0.00127409 0.00878382 0.0314904
v 0.00137519 0.00869406 0.0340608
v 0.00174618 0.00860516 0.0366063
v 0.00221089 0.00857114 0.0391543
v 0.00275128 0.0089748 0.0239684
v 0.00205298 0.00888901 0.0264252
v 0.00161707 0.00880112 0.0289418
v 0.00144836 0.00871213 0.0314902
v 0.00154874 0.00862301 0.0340423
v 0.00191709 0.00853474 0.0365696
v 0.00238295 0.00851812 0.0390986
v 0.00290909 0.00888523 0.0240192
v 0.00221559 0.00880003 0.0264592
v 0.00178267 0.00871275 0.0289585
v 0.00161512 0.00862437 0.0314894
v 0.00171481 0.00853586 0.0340239
v 0.00208062 0.0084482 0.0365339
v 0.00254932 0.00844832 0.0390442
v 0.00270852 0.00836237 0.0389915
v 0.0116624 0.0094872 0.0119023
v 0.0118871 0.0094768 0.0117872
v 0.0105588 0.00955475 0.0125499
v 0.0104753 0.00955956 0.0126044
v 0.00606892 0.00928295 0.0174235
v 0.00603553 0.00927677 0.0174763
v 0.0164933 0.00962111 0.00901407
v 0.016461 0.00964156 0.00893475
v 0.0163592 0.00968958 0.00868435
v 0.0164174 0.00966916 0.00882774
v 0.0163407 0.00969608 0.00863874
v 0.0163571 0.00969032 0.0086792
v 0.00781198 0.00956974 0.0148557
v 0.0084681 0.00961341 0.0141477
v 0.00710213 0.00947407 0.0157873
v 0.00759133 0.00954 0.0151453
v 0.00680289 0.00941872 0.0162612
v 0.00955786 0.00960489 0.0132348
v 0.00990217 0.00959258 0.012978
v 0.00913237 0.00962009 0.0135522
v 0.00906983 0.00961946 0.0136083
v 0.0166581 0.009433 0.00941566
v 0.0143187 0.00938045 0.0105721
v 0.0138944 0.00938388 0.0107583
v 0.0135275 0.00940087 0.0109463
v 0.0165676 0.00955211 0.00919566
v 0.0166562 0.00943591 0.00941122
v 0.0166394 0.00946264 0.00937035
v 0.0165122 0.00960358 0.00906021
v 0.016611 0.009498 0.00930132
v 0.0167034 0.00936116 0.00952551
v 0.0101839 0.00981983 0.0121223
v 0.010246 0.00978177 0.0122235
v 0.0117583 0.00970112 0.0113135
v 0.00630219 0.00967706 0.0159586
v 0.0134744 0.00946801 0.0108337
v 0.0104208 0.00962493 0.0125127
v 0.00669712 0.00948479 0.0161989
v 0.0100561 0.0098733 0.0119164
v 0.0101205 0.00985038 0.0120198
v 0.011639 0.00976927 0.0110883
v 0.0132584 0.00967377 0.0103781
v 0.0133151 0.00963527 0.0104966
v 0.0116993 0.00973944 0.0112017
v 0.0132006 0.00970315 0.010258
v 0.0131421 0.0097233 0.010137
v 0.0115777 0.00979051 0.010974
v 0.00741548 0.0098195 0.0145117
v 0.00750156 0.00978214 0.0145816
v 0.00880722 0.00983227 0.013288
v 0.00609542 0.00972849 0.0158272
v 0.00640414 0.00963984 0.0160221
v 0.00732829 0.00985027 0.0144404
v 0.00619907 0.00970664 0.0158935
v 0.00724044 0.00987436 0.014368
v 0.00866642 0.00990124 0.0131169
v 0.00873742 0.00987 0.0132032
v 0.00859458 0.00992588 0.0130298
v 0.00660218 0.00954338 0.0161426
v 0.00774878 0.00963269 0.0147787
v 0.00900588 0.00968219 0.0135303
v 0.00766862 0.00968847 0.0147154
v 0.0103648 0.009684 0.0124193
v 0.00894178 0.0097381 0.013452
v 0.00758608 0.00973839 0.0146496
v 0.00650434 0.00959518 0.0160835
v 0.00887545 0.00978822 0.0133711
v 0.0103064 0.0097364 0.0123227
v 0.0133703 0.00958788 0.0106125
v 0.0134235 0.00953196 0.0107251
v 0.0164847 0.0055956 0.0829409
v 0.0166718 0.00561366 0.0830557
v 0.0169243 0.00563804 0.0832106
v 0.0160123 0.00550791 0.0826751
v 0.0161865 0.00554264 0.0827718
v 0.0159088 0.00547712 0.0826235
v 0.0159531 0.0054903 0.0826456
v 0.0164217 0.00558952 0.0829023
v 0.0156568 0.00540215 0.0824977
v 0.0157259 0.00542271 0.0825322
v 0.0153715 0.00528919 0.0823714
v 0.0155062 0.00534253 0.082431
v 0.0147509 0.0051839 0.0815023
v 0.0152936 0.00525332 0.0823398
v 0.0150984 0.00515729 0.0822642
v 0.0153464 0.00527925 0.0823603
v 0.0139885 0.00524226 0.0798308
v 0.0153994 0.00736307 0.0752845
v 0.0153757 0.00737095 0.0751354
v 0.0154297 0.00734918 0.0754219
v 0.0154349 0.00734683 0.0754451
v 0.0155067 0.00731396 0.07577
v 0.0155943 0.00727388 0.0761662
v 0.0155824 0.00727929 0.0761127
v 0.0156834 0.00722585 0.0764653
v 0.0156023 0.00727021 0.0762025
v 0.0157969 0.00716371 0.0768334
v 0.015838 0.00714118 0.0769669
v 0.015916 0.00709849 0.0772197
v 0.0160408 0.0070302 0.0776243
v 0.0161931 0.00716871 0.0745012
v 0.0162541 0.00713541 0.0744766
v 0.016115 0.00721132 0.0745327
v 0.0161319 0.00720211 0.0745259
v 0.0159533 0.00727983 0.0745971
v 0.0160043 0.00725825 0.0745768
v 0.0157862 0.00733179 0.0746631
v 0.0158729 0.00730483 0.0746289
v 0.0159395 0.00728413 0.0746026
v 0.015615 0.00736675 0.07473
v 0.0154656 0.00738194 0.0747879
v 0.0156027 0.007368 0.0747348
v 0.0154414 0.00738439 0.0747973
v 0.0162698 0.00712686 0.0744703
v 0.0163707 0.0070605 0.0744292
v 0.0171803 0.00701318 0.0769659
v 0.0172545 0.00698243 0.0769184
v 0.0170911 0.0070501 0.0770229
v 0.0169981 0.0070768 0.0770805
v 0.0170813 0.00705413 0.0770292
v 0.0168081 0.0071163 0.077196
v 0.0169009 0.00710328 0.0771406
v 0.0173513 0.00692729 0.0768543
v 0.0161328 0.00706115 0.0775761
v 0.01615 0.00706696 0.0775671
v 0.0162269 0.00708501 0.0775257
v 0.0163377 0.00711104 0.0774659
v 0.0164188 0.00711999 0.0774206
v 0.0166138 0.00713071 0.0773101
v 0.0167153 0.00712931 0.0772514
v 0.0165162 0.00713074 0.0773662
v 0.0165269 0.00713191 0.0773603
v 0.0174184 0.00688905 0.0768097
v 0.01751 0.0068241 0.076747
v 0.0167978 0.00699424 0.0754075
v 0.0168323 0.00698598 0.0754725
v 0.0163153 0.00724307 0.0757512
v 0.016235 0.00726414 0.0757925
v 0.0163576 0.00723821 0.0761211
v 0.0165817 0.00718627 0.0764151
v 0.0159452 0.00730485 0.0748969
v 0.0161022 0.00727521 0.0751467
v 0.0157578 0.0072497 0.0764286
v 0.0156605 0.00729367 0.0760755
v 0.015445 0.00737477 0.0751065
v 0.0155167 0.00737394 0.075077
v 0.0165479 0.00715559 0.0756288
v 0.016472 0.00718867 0.0756692
v 0.0166682 0.00716185 0.0763658
v 0.0163944 0.00721788 0.07571
v 0.0164937 0.00720561 0.0764645
v 0.0166218 0.00711876 0.075589
v 0.0163143 0.00718981 0.0750478
v 0.0162449 0.00722143 0.0750804
v 0.0161742 0.00724993 0.0751134
v 0.0160292 0.0072972 0.0751803
v 0.0161256 0.00728371 0.0754789
v 0.0166937 0.00707836 0.0755498
v 0.0156606 0.00736318 0.0750172
v 0.0158039 0.00734013 0.0749569
v 0.0155762 0.00732892 0.0757373
v 0.0155886 0.00737009 0.0750471
v 0.0155045 0.00735583 0.0754143
v 0.0155795 0.00735766 0.0753815
v 0.0156548 0.00735613 0.0753484
v 0.0157303 0.0073512 0.075315
v 0.0156545 0.00733378 0.0757015
v 0.0157332 0.00733494 0.0756651
v 0.015742 0.00730196 0.0760366
v 0.0158242 0.00730617 0.075997
v 0.0158122 0.00733233 0.0756283
v 0.0159067 0.00730624 0.0759568
v 0.0158911 0.00732591 0.0755912
v 0.0158056 0.00734284 0.0752814
v 0.0158807 0.00733104 0.0752477
v 0.0160481 0.00730159 0.0755164
v 0.0159698 0.00731566 0.0755538
v 0.0159893 0.00730209 0.0759161
v 0.0160717 0.00729369 0.0758751
v 0.0161537 0.00728103 0.0758338
v 0.0159934 0.00713409 0.0771792
v 0.0158686 0.00719664 0.0767966
v 0.0160142 0.0072726 0.0763004
v 0.0161005 0.00727106 0.0762562
v 0.0158426 0.00726182 0.0763868
v 0.0159281 0.00726949 0.076344
v 0.0159565 0.007213 0.0767519
v 0.0160454 0.00722453 0.076706
v 0.0161351 0.00723107 0.076659
v 0.0161867 0.00726483 0.0762114
v 0.0162725 0.00725387 0.0761663
v 0.0162251 0.0072325 0.0766112
v 0.0163151 0.00722876 0.0765628
v 0.0164048 0.00721979 0.0765138
v 0.0162698 0.00718128 0.0770326
v 0.0163635 0.00718606 0.0769813
v 0.0160844 0.00715513 0.0771317
v 0.0161766 0.00717092 0.0770828
v 0.0166588 0.00542489 0.0834951
v 0.0166962 0.00546611 0.0834554
v 0.0167227 0.00549005 0.0834272
v 0.016778 0.00554001 0.0833681
v 0.0168578 0.00559806 0.0832823
v 0.016488 0.00519089 0.0836749
v 0.0165408 0.00527508 0.0836198
v 0.0165479 0.00528644 0.0836123
v 0.0166193 0.00538134 0.0835371
v 0.0166276 0.00539048 0.0835283
v 0.0151486 0.0051541 0.0823555
v 0.0152055 0.00515106 0.0824425
v 0.0151441 0.00515438 0.0823474
v 0.0152492 0.00514873 0.0825093
v 0.0152759 0.00514754 0.0825434
v 0.0153635 0.00514361 0.0826558
v 0.0153838 0.0051427 0.0826819
v 0.0154007 0.00514207 0.0827
v 0.0154967 0.00513846 0.0828033
v 0.0156463 0.00513284 0.0829642
v 0.0157224 0.00512998 0.0830461
v 0.0157255 0.00512988 0.083049
v 0.0159575 0.00512226 0.0832672
v 0.0164419 0.00510636 0.0837226
v 0.0164826 0.00518226 0.0836805
v 0.0168638 0.00560239 0.0832759
v 0.0158364 0.0053503 0.0828406
v 0.0158013 0.00529276 0.0829034
v 0.0160072 0.00534204 0.0830339
v 0.0159135 0.00545148 0.0827089
v 0.0158738 0.00540329 0.0827757
v 0.0160938 0.00545677 0.0829037
v 0.0162681 0.00544283 0.0831111
v 0.0162188 0.00538081 0.0831763
v 0.016436 0.00540892 0.0833304
v 0.0160492 0.00540201 0.08297
v 0.0163199 0.00549895 0.0830433
v 0.0164925 0.00547265 0.0832638
v 0.0165518 0.00552968 0.0831943
v 0.016374 0.00554886 0.0829734
v 0.0161407 0.00550607 0.0828355
v 0.0166132 0.00557971 0.0831224
v 0.0154084 0.0051631 0.0826786
v 0.0156298 0.00528786 0.0827231
v 0.0152732 0.00521827 0.0823997
v 0.0152541 0.00517635 0.0824629
v 0.0154535 0.00526296 0.082555
v 0.0154794 0.00530744 0.0824908
v 0.0156603 0.00533864 0.0826594
v 0.0154299 0.00521479 0.0826177
v 0.0156929 0.00538522 0.082594
v 0.015769 0.00523095 0.0829636
v 0.0157395 0.00516522 0.0830209
v 0.0161297 0.00524067 0.0832968
v 0.0160903 0.00516356 0.0833512
v 0.0161953 0.0053477 0.0832077
v 0.0161726 0.00531327 0.0832383
v 0.0188053 0.00504852 0.085379
v 0.0188022 0.00504815 0.0853896
v 0.0187953 0.00504731 0.0854136
v 0.0187905 0.00504687 0.0854262
v 0.018799 0.00504776 0.0854008
v 0.0188148 0.00505021 0.0853307
v 0.018811 0.00504953 0.0853501
v 0.0188213 0.00505264 0.0852609
v 0.0188204 0.00505206 0.0852775
v 0.0188205 0.00505514 0.0851895
v 0.0188208 0.00505412 0.0852185
v 0.0185838 0.0050407 0.085603
v 0.0185983 0.00504072 0.0856024
v 0.0186906 0.00504192 0.0855678
v 0.018675 0.00504157 0.0855779
v 0.0187526 0.0050442 0.0855026
v 0.0187447 0.00504381 0.0855138
v 0.0187685 0.00504512 0.0854763
v 0.0187599 0.00504463 0.0854905
v 0.0187828 0.00504615 0.0854467
v 0.0187764 0.00504569 0.0854599
v 0.018571 0.00504072 0.0856024
v 0.0186005 0.00504072 0.0856023
v 0.0186172 0.0050408 0.0855999
v 0.0186964 0.00504207 0.0855635
v 0.0187293 0.00504315 0.0855328
v 0.0187208 0.00504284 0.0855415
v 0.0188172 0.00505099 0.0853084
v 0.018449 0.00504268 0.0855461
v 0.0186583 0.00504127 0.0855867
v 0.0186502 0.00504115 0.0855899
v 0.0187132 0.00504257 0.0855493
v 0.0184762 0.00504195 0.085567
v 0.0184687 0.00504215 0.0855613
v 0.0186418 0.00504103 0.0855933
v 0.0186746 0.00504156 0.0855782
v 0.0185351 0.00504095 0.0855957
v 0.0185174 0.00504117 0.0855895
v 0.018634 0.00504095 0.0855958
v 0.018515 0.0050412 0.0855885
v 0.0185529 0.0050408 0.0856
v 0.0185452 0.00504087 0.0855981
v 0.0184954 0.00504154 0.085579
v 0.0184934 0.00504158 0.0855777
v 0.0184512 0.00511025 0.0854764
v 0.0184515 0.0051184 0.085468
v 0.0184549 0.00521211 0.0853604
v 0.0184555 0.00522452 0.0853446
v 0.0184531 0.00516758 0.0854173
v 0.0184577 0.00527905 0.0852749
v 0.0184598 0.00532129 0.0852084
v 0.0184564 0.0052468 0.0853161
v 0.0184629 0.00538413 0.0851095
v 0.0184629 0.00538444 0.085109
v 0.0184644 0.00540845 0.0850615
v 0.0184619 0.00536449 0.0851404
v 0.0184689 0.00548037 0.0849192
v 0.0184693 0.00548573 0.0849053
v 0.0184678 0.00546337 0.0849528
v 0.0184739 0.00554355 0.0847558
v 0.0184744 0.00554997 0.0847392
v 0.0184715 0.0055137 0.084833
v 0.0184755 0.005563 0.0847056
v 0.018478 0.00558872 0.084623
v 0.0182888 0.00642762 0.0815306
v 0.0188153 0.00511303 0.0851027
v 0.0188193 0.00506882 0.0851689
v 0.0188054 0.00520343 0.0849405
v 0.0188095 0.0051656 0.0850083
v 0.0187939 0.00528522 0.0847527
v 0.0187992 0.00524726 0.0848399
v 0.0187885 0.00531367 0.0846649
v 0.0187808 0.00535728 0.0845417
v 0.018781 0.00535386 0.0845408
v 0.0187803 0.00536859 0.0845448
v 0.0187797 0.00538241 0.0845486
v 0.0187757 0.00540721 0.0845556
v 0.0187724 0.005419 0.084559
v 0.018769 0.00543144 0.0845626
v 0.0187597 0.00545482 0.0845695
v 0.018748 0.0054771 0.0845763
v 0.0187535 0.00546658 0.0845731
v 0.0187339 0.00549804 0.0845828
v 0.0187176 0.00551741 0.0845891
v 0.0187245 0.00550916 0.0845864
v 0.0186993 0.00553501 0.0845949
v 0.0186791 0.00555063 0.0846004
v 0.0186867 0.00554475 0.0845984
v 0.0186574 0.00556411 0.0846054
v 0.0186342 0.0055753 0.0846099
v 0.0186417 0.00557169 0.0846084
v 0.01861 0.00558408 0.0846137
v 0.0185849 0.00559036 0.084617
v 0.0185916 0.00558869 0.0846161
v 0.0185592 0.00559407 0.0846195
v 0.0185332 0.00559516 0.0846214
v 0.0185386 0.00559493 0.084621
v 0.0185072 0.00559362 0.0846226
v 0.0184815 0.0055893 0.084623
v 0.0184853 0.00558995 0.0846229
v 0.0184916 0.00537586 0.0851453
v 0.018467 0.00536635 0.0851413
v 0.0184775 0.00525527 0.085321
v 0.0185026 0.00526297 0.0853248
v 0.0184877 0.00512515 0.0854872
v 0.0185058 0.00547589 0.0849563
v 0.01848 0.00546973 0.0849552
v 0.0185174 0.00538172 0.085147
v 0.0185284 0.00526847 0.0853271
v 0.0185128 0.00513226 0.0854919
v 0.0185201 0.00555375 0.0847565
v 0.0184938 0.00554999 0.0847569
v 0.0185321 0.00547951 0.0849562
v 0.0185437 0.00538517 0.0851473
v 0.0185547 0.00527171 0.0853278
v 0.0185387 0.00513734 0.0854947
v 0.0185466 0.00555484 0.0847552
v 0.0185586 0.00548056 0.0849551
v 0.0185702 0.00538617 0.0851463
v 0.0185812 0.00527266 0.0853268
v 0.0185651 0.00514034 0.0854957
v 0.0185729 0.00555323 0.0847532
v 0.018585 0.00547902 0.0849528
v 0.0185966 0.00538471 0.0851439
v 0.0186076 0.00527129 0.0853242
v 0.0185916 0.00514122 0.0854948
v 0.018599 0.00554895 0.0847503
v 0.018611 0.0054749 0.0849495
v 0.0186225 0.0053808 0.0851401
v 0.0186335 0.00526763 0.0853201
v 0.0186179 0.00513996 0.0854921
v 0.0186243 0.00554205 0.0847466
v 0.0186363 0.00546826 0.0849451
v 0.0186478 0.00537449 0.085135
v 0.0186588 0.00526172 0.0853144
v 0.0186439 0.0051366 0.0854875
v 0.0186487 0.00553261 0.0847421
v 0.0186606 0.00545917 0.0849397
v 0.0186721 0.00536585 0.0851287
v 0.018683 0.00525363 0.0853072
v 0.018669 0.00513115 0.0854812
v 0.0186719 0.00552072 0.084737
v 0.0186837 0.00544773 0.0849334
v 0.0186951 0.00535498 0.0851212
v 0.0187059 0.00524344 0.0852986
v 0.0186932 0.00512369 0.0854732
v 0.0186935 0.00550653 0.0847312
v 0.0187053 0.00543407 0.0849262
v 0.0187166 0.005342 0.0851127
v 0.0187273 0.00523128 0.0852888
v 0.0187161 0.00511429 0.0854637
v 0.0187134 0.00549019 0.0847249
v 0.0187251 0.00541835 0.0849182
v 0.0187363 0.00532706 0.0851031
v 0.018747 0.00521727 0.0852777
v 0.0187374 0.00510307 0.0854526
v 0.0187314 0.0054719 0.0847181
v 0.0187429 0.00540074 0.0849095
v 0.018754 0.00531032 0.0850927
v 0.0187646 0.00520158 0.0852656
v 0.018757 0.00509015 0.0854402
v 0.0187472 0.00545185 0.0847108
v 0.0187586 0.00538145 0.0849002
v 0.0187696 0.00529198 0.0850815
v 0.0187801 0.00518439 0.0852526
v 0.0187745 0.00507568 0.0854265
v 0.0187606 0.00543027 0.0847032
v 0.0187719 0.00536068 0.0848905
v 0.0187828 0.00527224 0.0850696
v 0.0187716 0.00540742 0.0846954
v 0.0187827 0.00533868 0.0848803
v 0.0187935 0.00525133 0.0850573
v 0.0187931 0.00516589 0.0852388
v 0.0187799 0.00538353 0.0846874
v 0.0187909 0.00531569 0.0848699
v 0.0188015 0.00522947 0.0850446
v 0.0188037 0.00514628 0.0852243
v 0.0187855 0.0053589 0.0846793
v 0.0187964 0.00529197 0.0848594
v 0.0188068 0.00520693 0.0850316
v 0.0188116 0.00512579 0.0852094
v 0.0187883 0.00533378 0.0846713
v 0.018799 0.0052678 0.0848488
v 0.0188093 0.00518395 0.0850186
v 0.0188168 0.00510466 0.0851943
v 0.0184639 0.00511513 0.08548
v 0.0187899 0.00505981 0.0854118
v 0.0188191 0.00508311 0.085179
v 0.0185908 0.00621692 0.081455
v 0.0185918 0.0061962 0.0814493
v 0.0185905 0.00622131 0.0814562
v 0.0185872 0.00624187 0.081462
v 0.0185798 0.00627034 0.0814701
v 0.0185865 0.00624612 0.0814632
v 0.0185842 0.00625449 0.0814656
v 0.018571 0.00629258 0.0814767
v 0.0185588 0.00631601 0.0814838
v 0.0185706 0.00629372 0.081477
v 0.0185647 0.00630491 0.0814804
v 0.0185448 0.00633695 0.0814904
v 0.0185285 0.00635632 0.0814966
v 0.0185222 0.00636234 0.0814986
v 0.0185116 0.00637252 0.081502
v 0.0185101 0.00637391 0.0815025
v 0.0185001 0.00638172 0.0815052
v 0.01849 0.00638953 0.081508
v 0.0184682 0.00640301 0.081513
v 0.0184451 0.00641421 0.0815174
v 0.0184208 0.00642299 0.0815213
v 0.0183957 0.00642927 0.0815245
v 0.0183701 0.00643297 0.0815271
v 0.018353 0.00643369 0.0815283
v 0.0183441 0.00643406 0.081529
v 0.0183396 0.0064338 0.0815292
v 0.0182923 0.00642839 0.0815306
v 0.0183181 0.00643253 0.0815301
v 0.018301 0.00642979 0.0815304
v 0.0185918 0.00619276 0.0814484
v 0.0182873 0.0064986 0.08122
v 0.0182868 0.00652246 0.0811156
v 0.0182876 0.00648552 0.0812772
v 0.0182858 0.00657037 0.080906
v 0.0182855 0.00658355 0.0808483
v 0.0182863 0.00654639 0.0810109
v 0.0182853 0.00659439 0.0808009
v 0.0182849 0.00661327 0.0807182
v 0.0182835 0.00664265 0.0804805
v 0.0182831 0.00665116 0.0804116
v 0.0182811 0.00669564 0.0800517
v 0.0182806 0.00670558 0.0799713
v 0.0182823 0.00666918 0.0802659
v 0.0182784 0.00672149 0.0796248
v 0.0182778 0.00672311 0.0795372
v 0.0182801 0.00671675 0.0798809
v 0.018277 0.00672541 0.0794132
v 0.0182756 0.00672928 0.0792039
v 0.018275 0.00673112 0.0791046
v 0.0182746 0.00673223 0.0790444
v 0.0182727 0.00671128 0.0787948
v 0.018272 0.00670262 0.0786917
v 0.0182699 0.00667925 0.0784133
v 0.0182698 0.0066773 0.0784004
v 0.0182689 0.0066603 0.0782884
v 0.0182713 0.00669455 0.0785955
v 0.0182683 0.00664853 0.0782109
v 0.0182659 0.0066215 0.0780604
v 0.0182883 0.00645117 0.0814276
v 0.0182878 0.00647483 0.081324
v 0.0183606 0.00655826 0.0782175
v 0.0183685 0.00654317 0.0782191
v 0.0183669 0.00654627 0.0782188
v 0.0182749 0.00664435 0.078211
v 0.0183892 0.00648682 0.0782259
v 0.0183778 0.00652228 0.0782215
v 0.0183755 0.00652809 0.0782208
v 0.0183817 0.00651273 0.0782226
v 0.0183726 0.00653545 0.07822
v 0.0183821 0.00651154 0.0782228
v 0.0183862 0.00649731 0.0782246
v 0.0183944 0.00644955 0.0782309
v 0.0183936 0.00646152 0.0782292
v 0.0183929 0.00646533 0.0782287
v 0.0183918 0.00647162 0.0782279
v 0.0183198 0.00660966 0.0782129
v 0.0183312 0.00659816 0.0782138
v 0.0183299 0.00659969 0.0782136
v 0.0182949 0.00663117 0.0782115
v 0.0183075 0.00662103 0.0782121
v 0.0182999 0.00662715 0.0782117
v 0.0182816 0.00664014 0.0782112
v 0.0182782 0.00664231 0.0782111
v 0.0182913 0.00663405 0.0782114
v 0.0183115 0.00661785 0.0782123
v 0.0183516 0.00657189 0.0782161
v 0.0183463 0.00657976 0.0782154
v 0.0183377 0.0065902 0.0782145
v 0.0183535 0.00656899 0.0782164
v 0.0184914 0.00646534 0.079806
v 0.0185301 0.00640251 0.0804399
v 0.018582 0.00623475 0.0812873
v 0.0184782 0.00648659 0.0795915
v 0.0183953 0.00643729 0.0782326
v 0.018433 0.00648963 0.0788523
v 0.0183952 0.00643396 0.0782331
v 0.0183947 0.00644552 0.0782315
v 0.0184416 0.00648905 0.078993
v 0.0183901 0.00648116 0.0782266
v 0.0184313 0.0066326 0.0798181
v 0.0184404 0.00661875 0.0800301
v 0.0184482 0.0066097 0.0800288
v 0.018369 0.00658577 0.0784041
v 0.0183777 0.00657058 0.0784052
v 0.0182918 0.0066962 0.0800507
v 0.0182958 0.00671347 0.0798436
v 0.0182769 0.00667324 0.0784004
v 0.0184805 0.00654373 0.0798099
v 0.018477 0.00655424 0.0798106
v 0.0185008 0.00651803 0.080231
v 0.018529 0.00645058 0.0806502
v 0.0184763 0.00653782 0.0806674
v 0.0184671 0.00654715 0.0806695
v 0.0184757 0.00651331 0.0808816
v 0.0184944 0.0064651 0.0810895
v 0.018458 0.00659514 0.0798139
v 0.0184794 0.00656106 0.0802368
v 0.0184856 0.0065506 0.0802353
v 0.0184494 0.00659988 0.0802431
v 0.0184583 0.00657601 0.0804565
v 0.018467 0.00656675 0.0804546
v 0.018452 0.00660492 0.0798149
v 0.0184456 0.00661444 0.0798159
v 0.0184555 0.0066003 0.0800275
v 0.0184727 0.00657127 0.0802384
v 0.0184576 0.00659071 0.0802415
v 0.0184387 0.00662368 0.079817
v 0.0184654 0.00658116 0.0802399
v 0.0184753 0.00655707 0.0804527
v 0.0184932 0.00651781 0.080663
v 0.018485 0.00652802 0.0806652
v 0.0185007 0.00650723 0.0806608
v 0.0184913 0.00653991 0.0802338
v 0.0184963 0.00652904 0.0802324
v 0.018473 0.00656467 0.0798114
v 0.0185077 0.00649633 0.0806587
v 0.0184685 0.00657498 0.0798122
v 0.018514 0.00648517 0.0806565
v 0.0185197 0.00647379 0.0806544
v 0.0185247 0.00646224 0.0806523
v 0.0185216 0.00643379 0.081081
v 0.0185294 0.00642252 0.0810781
v 0.0184841 0.00647451 0.0810921
v 0.0184923 0.00643073 0.0813003
v 0.0185032 0.00642132 0.0812973
v 0.0185041 0.00645514 0.0810867
v 0.0185132 0.00644469 0.0810838
v 0.0185364 0.00641093 0.0810751
v 0.0185427 0.00639909 0.0810722
v 0.0185131 0.0064735 0.0802261
v 0.0185148 0.00646243 0.080225
v 0.0184895 0.00650162 0.0798077
v 0.0185081 0.00649579 0.0802285
v 0.0185109 0.00648463 0.0802273
v 0.018486 0.00652263 0.0798087
v 0.0185327 0.00643886 0.0806482
v 0.018488 0.0065121 0.0798082
v 0.0185358 0.00642713 0.0806462
v 0.0185383 0.00641542 0.0806443
v 0.0185631 0.00633815 0.0810579
v 0.018516 0.00645146 0.080224
v 0.0184906 0.00649122 0.0798073
v 0.0185651 0.00632601 0.0810552
v 0.0185401 0.0064038 0.0806424
v 0.0185664 0.00631401 0.0810526
v 0.0185414 0.00639229 0.0806406
v 0.0183953 0.00663712 0.07899
v 0.0184042 0.0066437 0.079193
v 0.0184159 0.00662663 0.0791923
v 0.0184078 0.00654243 0.0785987
v 0.0184122 0.00652521 0.0785999
v 0.0183777 0.00660822 0.0785951
v 0.0183864 0.00662531 0.0787906
v 0.0183965 0.00660912 0.0787908
v 0.0183853 0.00655487 0.0784064
v 0.0183952 0.00657622 0.0785966
v 0.0184022 0.00655948 0.0785976
v 0.018387 0.00659251 0.0785958
v 0.0184053 0.00659227 0.0787912
v 0.0184128 0.00657491 0.0787918
v 0.0184061 0.00662047 0.0789898
v 0.0184156 0.00660308 0.0789898
v 0.0184302 0.00656679 0.0789902
v 0.0184198 0.00659417 0.0789898
v 0.0184388 0.00652968 0.0789914
v 0.0184409 0.00651125 0.0789922
v 0.0184372 0.00653896 0.078991
v 0.0184352 0.00654825 0.0789907
v 0.0184533 0.0065706 0.0793956
v 0.0184591 0.00655078 0.0793952
v 0.0184132 0.00664511 0.079399
v 0.0184223 0.0066414 0.0796075
v 0.0184292 0.00663263 0.0796067
v 0.0184261 0.00660873 0.0791918
v 0.0184414 0.00659978 0.0793964
v 0.0184197 0.00663651 0.0793984
v 0.0184257 0.00662764 0.0793978
v 0.0184366 0.00660925 0.0793968
v 0.0184498 0.00658043 0.0793958
v 0.0184237 0.00658513 0.0789899
v 0.0184458 0.00659016 0.0793961
v 0.0184473 0.00660471 0.0796044
v 0.0184635 0.00658516 0.079813
v 0.0184417 0.00661425 0.0796051
v 0.0184356 0.00662357 0.0796059
v 0.0184631 0.00653094 0.0793951
v 0.0184613 0.00654085 0.0793952
v 0.0184835 0.00653319 0.0798093
v 0.0183247 0.00663919 0.078401
v 0.0183371 0.00662712 0.0784015
v 0.0182846 0.00672867 0.0792031
v 0.0182882 0.00672345 0.0790032
v 0.018305 0.00665546 0.0784005
v 0.0183117 0.00665029 0.0784006
v 0.0182982 0.00666037 0.0784004
v 0.0182807 0.00671069 0.078794
v 0.0182786 0.00669363 0.078595
v 0.0182842 0.0066694 0.0784003
v 0.0182912 0.00666502 0.0784003
v 0.0182865 0.00669267 0.0785945
v 0.018294 0.00668842 0.0785943
v 0.0183015 0.00668387 0.0785942
v 0.0182889 0.0067102 0.0787933
v 0.0182969 0.0067061 0.0787929
v 0.0182912 0.00672201 0.078996
v 0.0182996 0.00671811 0.0789954
v 0.0183047 0.00670168 0.0787925
v 0.018308 0.00671386 0.0789948
v 0.0183125 0.00669694 0.0787921
v 0.0183088 0.00667902 0.078594
v 0.018316 0.00667389 0.0785939
v 0.018323 0.00666848 0.0785939
v 0.0183299 0.00666278 0.0785939
v 0.0183202 0.00669188 0.0787918
v 0.0183277 0.00668651 0.0787915
v 0.0183162 0.00670926 0.0789942
v 0.0183244 0.00670431 0.0789936
v 0.0183324 0.00669902 0.0789931
v 0.0183351 0.00668083 0.0787912
v 0.0183403 0.00669338 0.0789926
v 0.0183112 0.00672046 0.0792005
v 0.0183199 0.00671604 0.0791997
v 0.018287 0.00672717 0.0794122
v 0.0182885 0.00672252 0.0796236
v 0.0182935 0.00672816 0.0792022
v 0.0183024 0.0067245 0.0792014
v 0.0182957 0.00672868 0.0794113
v 0.018305 0.0067253 0.0794102
v 0.0183143 0.00672151 0.0794092
v 0.0182979 0.00672361 0.0796226
v 0.0183077 0.00672055 0.0796214
v 0.0183 0.00671299 0.0798356
v 0.0183102 0.00671029 0.0798343
v 0.0183174 0.00671706 0.0796202
v 0.0183204 0.00670713 0.0798331
v 0.0183271 0.00671312 0.0796191
v 0.0183286 0.00671124 0.0791989
v 0.0183371 0.00670606 0.0791982
v 0.0183235 0.00671731 0.0794082
v 0.0183327 0.0067127 0.0794072
v 0.0183417 0.00670767 0.0794062
v 0.0183455 0.0067005 0.0791974
v 0.0183506 0.00670223 0.0794053
v 0.0183367 0.00670873 0.0796179
v 0.0183462 0.0067039 0.0796168
v 0.0183305 0.00670349 0.0798318
v 0.0183407 0.00669937 0.0798305
v 0.0183507 0.00669477 0.0798292
v 0.0183556 0.00669861 0.0796156
v 0.0183606 0.00668968 0.0798279
v 0.0183536 0.00669458 0.0791967
v 0.0183593 0.00660032 0.0784031
v 0.0183423 0.00667484 0.078791
v 0.0183493 0.00666856 0.0787908
v 0.0183487 0.00661414 0.0784022
v 0.0183432 0.00665058 0.0785939
v 0.0183556 0.00663736 0.0785942
v 0.0183561 0.00666199 0.0787907
v 0.0183627 0.00665515 0.0787906
v 0.018348 0.00668741 0.0789921
v 0.0183555 0.00668111 0.0789917
v 0.0183628 0.0066745 0.0789913
v 0.0183698 0.00666757 0.0789909
v 0.0183751 0.0066407 0.0787905
v 0.0183672 0.00662321 0.0785946
v 0.0183766 0.00666036 0.0789906
v 0.0183831 0.00665287 0.0789904
v 0.018377 0.00667468 0.0791949
v 0.0183842 0.00666738 0.0791943
v 0.0183648 0.00669289 0.0796145
v 0.0183616 0.00668829 0.0791961
v 0.0183694 0.00668166 0.0791954
v 0.0183593 0.00669639 0.0794044
v 0.0183678 0.00669015 0.0794035
v 0.0183761 0.00668353 0.0794026
v 0.0183841 0.00667653 0.0794018
v 0.0183739 0.00668673 0.0796134
v 0.0183827 0.00668015 0.0796123
v 0.0183703 0.00668411 0.0798266
v 0.0183799 0.00667807 0.0798253
v 0.0183892 0.00667156 0.0798241
v 0.0183912 0.00667316 0.0796113
v 0.0183983 0.0066646 0.0798228
v 0.0183995 0.00666576 0.0796103
v 0.0183979 0.00665187 0.0791934
v 0.0183912 0.00665977 0.0791938
v 0.0183919 0.00666917 0.079401
v 0.0183993 0.00666147 0.0794003
v 0.0184064 0.00665344 0.0793996
v 0.0184074 0.00665799 0.0796093
v 0.018415 0.00664987 0.0796084
v 0.0184071 0.00665721 0.0798216
v 0.0184155 0.00664939 0.0798204
v 0.0184236 0.00664118 0.0798192
v 0.0182972 0.00659596 0.0808003
v 0.0183003 0.00661477 0.0807
v 0.0183654 0.00667546 0.0800415
v 0.0183757 0.00667009 0.0800401
v 0.018294 0.00667247 0.0802651
v 0.0182954 0.00664549 0.0804798
v 0.0183233 0.00669176 0.0800471
v 0.0183339 0.00668846 0.0800458
v 0.0183021 0.00669685 0.0800498
v 0.0183126 0.00669455 0.0800485
v 0.018304 0.00667522 0.0802645
v 0.018315 0.00667336 0.0802632
v 0.018326 0.00667098 0.0802618
v 0.0183445 0.00668465 0.0800444
v 0.018355 0.00668032 0.080043
v 0.0183371 0.00666806 0.0802604
v 0.0183482 0.00666459 0.080259
v 0.0183592 0.00666057 0.0802575
v 0.0183702 0.00665598 0.080256
v 0.0183402 0.00664231 0.0804752
v 0.0183172 0.00664675 0.0804779
v 0.0183059 0.00664814 0.0804791
v 0.0183076 0.00661564 0.0806931
v 0.0183194 0.00661475 0.080692
v 0.0183287 0.00664481 0.0804766
v 0.0183312 0.00661329 0.0806907
v 0.0183518 0.00663922 0.0804737
v 0.0183633 0.00663554 0.0804722
v 0.0183432 0.00661123 0.0806894
v 0.0183552 0.00660856 0.080688
v 0.0183672 0.00660526 0.0806865
v 0.0183747 0.00663127 0.0804707
v 0.0183791 0.00660132 0.0806849
v 0.0183861 0.00662638 0.080469
v 0.0184053 0.0066509 0.0800358
v 0.0184146 0.00664353 0.0800343
v 0.0183858 0.00666419 0.0800387
v 0.0183957 0.0066578 0.0800372
v 0.018381 0.00665084 0.0802544
v 0.0183916 0.00664513 0.0802529
v 0.018402 0.00663887 0.0802513
v 0.0184122 0.00663207 0.0802497
v 0.0184236 0.0066357 0.0800329
v 0.0184322 0.00662743 0.0800315
v 0.018422 0.00662476 0.080248
v 0.0184315 0.00661693 0.0802464
v 0.0184407 0.00660863 0.0802448
v 0.0184189 0.00660814 0.0804638
v 0.0184293 0.00660091 0.080462
v 0.0183973 0.00662089 0.0804673
v 0.0184082 0.00661481 0.0804656
v 0.018391 0.00659674 0.0806832
v 0.0184027 0.00659151 0.0806815
v 0.0184143 0.00658563 0.0806796
v 0.0184255 0.00657912 0.0806777
v 0.0184394 0.00659312 0.0804602
v 0.018449 0.00658481 0.0804583
v 0.0184365 0.006572 0.0806758
v 0.0184471 0.00656427 0.0806737
v 0.0184573 0.00655598 0.0806716
v 0.0183833 0.00656617 0.0808981
v 0.0183957 0.00656192 0.0808964
v 0.0183011 0.00650579 0.0812207
v 0.0183005 0.00652958 0.0811163
v 0.0183324 0.00659552 0.0807974
v 0.0183459 0.00657484 0.0809025
v 0.0182996 0.00655244 0.0810113
v 0.0182983 0.00657451 0.0809059
v 0.0183204 0.00659673 0.0807986
v 0.0183085 0.00659736 0.0807997
v 0.0183093 0.00657774 0.0809058
v 0.0183214 0.00657738 0.0809048
v 0.0183336 0.00657642 0.0809037
v 0.0183223 0.00655669 0.0810106
v 0.0183101 0.00655678 0.0810115
v 0.0183108 0.00653449 0.0811167
v 0.0183232 0.00653467 0.0811159
v 0.0183347 0.00655599 0.0810096
v 0.0183358 0.00653424 0.0811149
v 0.0183709 0.00656974 0.0808997
v 0.0183485 0.00653316 0.0811138
v 0.0183584 0.00657262 0.0809012
v 0.0183614 0.00653142 0.0811126
v 0.0183744 0.00652897 0.0811112
v 0.0183873 0.00652582 0.0811096
v 0.0183368 0.00651116 0.0812196
v 0.0183509 0.00648621 0.0813227
v 0.0183012 0.00645577 0.0814279
v 0.0183241 0.00651132 0.0812205
v 0.0183014 0.00648096 0.0813246
v 0.0183116 0.00651085 0.0812212
v 0.0183122 0.00648589 0.081325
v 0.0183249 0.00648664 0.0813244
v 0.0183378 0.00648675 0.0813236
v 0.0183257 0.00646063 0.0814276
v 0.0183129 0.0064596 0.0814281
v 0.0183387 0.00646103 0.0814269
v 0.0183776 0.00648299 0.0813202
v 0.0183642 0.00648496 0.0813215
v 0.018391 0.00648026 0.0813187
v 0.0184045 0.00647676 0.081317
v 0.0184319 0.00654502 0.0808906
v 0.0184435 0.00653803 0.0808885
v 0.018408 0.00655697 0.0808946
v 0.0184201 0.00655134 0.0808927
v 0.0184002 0.00652193 0.0811079
v 0.0184131 0.0065173 0.0811061
v 0.0184257 0.00651193 0.0811041
v 0.0184381 0.00650584 0.0811019
v 0.0184546 0.0065304 0.0808863
v 0.0184654 0.00652215 0.080884
v 0.0184502 0.00649902 0.0810996
v 0.018462 0.00649151 0.0810973
v 0.0184733 0.00648332 0.0810948
v 0.018444 0.00646158 0.0813108
v 0.0184567 0.00645496 0.0813084
v 0.0184178 0.00647249 0.0813151
v 0.018431 0.00646742 0.0813131
v 0.018469 0.00644759 0.0813058
v 0.0184809 0.0064395 0.0813031
v 0.0193643 0.00939297 0.00864269
v 0.0196834 0.00933426 0.0086379
v 0.0196976 0.00936253 0.00859104
v 0.0196514 0.00927518 0.00873638
v 0.0196589 0.00928557 0.00871861
v 0.0194767 0.00908192 0.00907638
v 0.0195058 0.00910439 0.00903438
v 0.0195889 0.00918889 0.00888392
v 0.019591 0.0091919 0.00887876
v 0.0183029 0.00938116 0.00897139
v 0.0194258 0.00904266 0.00914973
v 0.0193684 0.00900542 0.00922201
v 0.0194097 0.00903018 0.00917306
v 0.0193225 0.00897791 0.0092764
v 0.0190763 0.00887272 0.00950547
v 0.0190779 0.00887314 0.00950438
v 0.019193 0.00891493 0.00940816
v 0.0193072 0.00896873 0.00929453
v 0.0187792 0.00881185 0.00968495
v 0.0188343 0.00881792 0.00965927
v 0.0189593 0.0088412 0.00958719
v 0.0186962 0.00880289 0.00972333
v 0.0186992 0.00880303 0.00972222
v 0.0186171 0.00879928 0.00975225
v 0.0182491 0.00879299 0.00987965
v 0.0185647 0.00879688 0.00977141
v 0.0174943 0.00937216 0.00922178
v 0.0178385 0.00878792 0.0100205
v 0.0171149 0.00877666 0.0103216
v 0.0167966 0.00936245 0.00948973
v 0.0158028 0.00875625 0.0108676
v 0.0159693 0.00875884 0.0107983
v 0.0147584 0.00873558 0.0114242
v 0.0138562 0.00871772 0.011905
v 0.0125421 0.00868549 0.0127757
v 0.013796 0.00871625 0.0119449
v 0.0117652 0.00866506 0.0133275
v 0.0120171 0.00867261 0.0131235
v 0.0104924 0.00862687 0.0143581
v 0.0103032 0.00862119 0.0145113
v 0.00989214 0.00860615 0.0149159
v 0.00869326 0.00856228 0.0160959
v 0.00864118 0.00855997 0.0161584
v 0.00722088 0.00849716 0.0178618
v 0.00819661 0.00854031 0.0166916
v 0.00702036 0.0084863 0.0181575
v 0.00593354 0.00842743 0.0197605
v 0.00669682 0.00846878 0.0186347
v 0.00563157 0.00840703 0.0203128
v 0.00540716 0.00839187 0.0207233
v 0.00492324 0.00835918 0.0216084
v 0.00448994 0.0083224 0.0225978
v 0.00434213 0.00830986 0.0229353
v 0.00415103 0.00829364 0.0233717
v 0.00360112 0.00823402 0.0249819
v 0.00351324 0.00822422 0.0252466
v 0.0030368 0.0081535 0.0271628
v 0.00351998 0.00822522 0.0252195
v 0.00299352 0.00814322 0.0274414
v 0.00270873 0.00807559 0.0292742
v 0.00296277 0.00813592 0.0276393
v 0.00266733 0.00805081 0.029943
v 0.00257772 0.0079972 0.0313902
v 0.00265916 0.00804593 0.0300748
v 0.00261468 0.00795788 0.0324536
v 0.00265925 0.00791045 0.0337364
v 0.00261727 0.00795512 0.0325282
v 0.00281883 0.0078658 0.0349458
v 0.00293581 0.00783306 0.0358323
v 0.00282247 0.00786478 0.0349734
v 0.00328717 0.00777565 0.0373834
v 0.00328902 0.00777535 0.0373915
v 0.00340213 0.00775686 0.0378909
v 0.00400716 0.00768846 0.0397302
v 0.00401788 0.00768725 0.0397628
v 0.00410974 0.00767687 0.0400421
v 0.0197149 0.00939687 0.00853412
v 0.0179848 0.00645042 0.0763648
v 0.0178443 0.00644389 0.0759042
v 0.0180486 0.00647228 0.0766664
v 0.018191 0.00654151 0.0774401
v 0.0181629 0.00651145 0.077207
v 0.0177374 0.00643891 0.0755537
v 0.0176464 0.00644517 0.0753068
v 0.0183843 0.00642342 0.0780824
v 0.0183849 0.00641241 0.0780841
v 0.0183843 0.00642354 0.0780824
v 0.0183839 0.00642982 0.0780814
v 0.0183814 0.00644865 0.0780787
v 0.0183812 0.00644947 0.0780785
v 0.0183805 0.00645523 0.0780777
v 0.018376 0.00647339 0.0780752
v 0.0183756 0.00647509 0.078075
v 0.0183744 0.00648018 0.0780743
v 0.0183682 0.00649749 0.078072
v 0.0183673 0.00650001 0.0780717
v 0.0183657 0.0065044 0.0780711
v 0.0183579 0.0065207 0.0780692
v 0.0183564 0.00652395 0.0780688
v 0.0183546 0.00652764 0.0780683
v 0.0183454 0.00654278 0.0780667
v 0.018343 0.00654665 0.0780662
v 0.0183412 0.00654964 0.0780659
v 0.0183306 0.00656349 0.0780645
v 0.0183273 0.00656785 0.0780641
v 0.0183255 0.00657017 0.0780639
v 0.0183138 0.00658263 0.0780628
v 0.0183094 0.00658731 0.0780624
v 0.0183078 0.00658901 0.0780623
v 0.0182951 0.00659999 0.0780615
v 0.0182895 0.00660481 0.0780612
v 0.0182679 0.0066201 0.0780604
v 0.0182882 0.00660595 0.0780611
v 0.0182747 0.00661535 0.0780606
v 0.0183594 0.00637176 0.077802
v 0.0183219 0.00634447 0.0775503
v 0.0183066 0.00633341 0.0774483
v 0.0181792 0.00626655 0.0767235
v 0.0182302 0.00627789 0.0769362
v 0.0179676 0.00623338 0.0759115
v 0.0181626 0.00626288 0.0766545
v 0.0180265 0.00623265 0.0760873
v 0.0179546 0.00623354 0.0758724
v 0.0177496 0.00623607 0.0752599
v 0.0177495 0.00624257 0.0752602
v 0.0177494 0.00625092 0.0752605
v 0.0177477 0.00626799 0.0752617
v 0.0177468 0.00627798 0.0752625
v 0.0177438 0.00629308 0.0752642
v 0.0177415 0.00630455 0.0752654
v 0.0177374 0.00631756 0.0752674
v 0.0177335 0.0063303 0.0752694
v 0.0177288 0.00634121 0.0752716
v 0.0177229 0.00635492 0.0752743
v 0.0177179 0.00636376 0.0752765
v 0.0177099 0.00637814 0.0752801
v 0.017705 0.00638499 0.0752822
v 0.0176945 0.00639967 0.0752868
v 0.0176901 0.00640469 0.0752887
v 0.0176771 0.00641925 0.0752942
v 0.0176577 0.00643666 0.0753022
v 0.017655 0.00643872 0.0753033
v 0.018313 0.00636186 0.0774439
v 0.0183156 0.00633656 0.0774465
v 0.0181705 0.00626483 0.0766525
v 0.0181681 0.00629026 0.0766514
v 0.0179553 0.00623982 0.0758721
v 0.0183078 0.0063868 0.0774418
v 0.0181633 0.00631536 0.0766508
v 0.0179592 0.00626095 0.0758705
v 0.0183001 0.00641112 0.07744
v 0.0181559 0.00633984 0.0766509
v 0.0179548 0.00628611 0.0758716
v 0.01829 0.00643457 0.0774387
v 0.0181462 0.00636347 0.0766516
v 0.0179479 0.00631066 0.0758735
v 0.0182776 0.00645691 0.0774379
v 0.0181341 0.006386 0.0766529
v 0.0179387 0.00633437 0.0758761
v 0.018263 0.00647789 0.0774375
v 0.01812 0.00640718 0.0766547
v 0.0179272 0.00635697 0.0758794
v 0.0182464 0.0064973 0.0774376
v 0.0181037 0.0064268 0.0766571
v 0.0179136 0.00637823 0.0758834
v 0.0182279 0.00651494 0.0774382
v 0.0180857 0.00644465 0.07666
v 0.017898 0.00639794 0.0758881
v 0.0182077 0.00653062 0.0774392
v 0.0180659 0.00646055 0.0766634
v 0.0178806 0.00641587 0.0758933
v 0.0178615 0.00643186 0.0758991
v 0.00421437 0.0074677 0.0399994
v 0.00421493 0.00747886 0.0399993
v 0.0042151 0.00748219 0.0399993
v 0.00421508 0.00748238 0.0399993
v 0.00421301 0.00750471 0.0400005
v 0.00421271 0.00750797 0.0400006
v 0.0042124 0.00750959 0.0400008
v 0.00420784 0.00753333 0.0400029
v 0.00420695 0.00753632 0.0400033
v 0.00420142 0.00755502 0.0400057
v 0.00420054 0.007558 0.0400061
v 0.00419881 0.00756224 0.0400068
v 0.00419088 0.00758171 0.0400101
v 0.00418806 0.00758705 0.0400113
v 0.00418034 0.00760163 0.0400145
v 0.00417897 0.00760421 0.040015
v 0.00417482 0.00761044 0.0400167
v 0.00416494 0.00762527 0.0400206
v 0.00415926 0.00763214 0.0400229
v 0.00415067 0.00764253 0.0400263
v 0.00414892 0.00764465 0.040027
v 0.00414155 0.00765189 0.0400299
v 0.0041311 0.00766215 0.0400339
v 0.00412141 0.00766882 0.0400376
v 0.0041129 0.00767469 0.0400409
v 0.0177496 0.00537187 0.0752599
v 0.0179737 0.00534918 0.0759095
v 0.0181861 0.00532081 0.0767218
v 0.0183297 0.00529192 0.0775492
v 0.0183952 0.00526804 0.0782331
v 0.018868 0.00499805 0.0859646
v 0.0188443 0.00501157 0.0855773
v 0.00421435 0.00660319 0.0399994
v 0.00410669 0.00747931 0.0396857
v 0.00403606 0.00748692 0.0394799
v 0.00367895 0.00752541 0.0384396
v 0.00335838 0.00757333 0.0371627
v 0.00313213 0.00760715 0.0362615
v 0.00293539 0.00765617 0.0349494
v 0.00291162 0.00766209 0.0347909
v 0.00280287 0.00768918 0.0340656
v 0.00272215 0.00774651 0.0325167
v 0.00271529 0.00775137 0.0323851
v 0.00268685 0.00777157 0.0318393
v 0.00276666 0.00783731 0.0300748
v 0.0027882 0.00785505 0.0295985
v 0.00277132 0.00784115 0.0299716
v 0.00306743 0.0079283 0.0276506
v 0.00310399 0.0079379 0.0273956
v 0.00307804 0.00793109 0.0275766
v 0.00363079 0.00801852 0.0252349
v 0.00363381 0.00801883 0.0252262
v 0.00437018 0.00809665 0.0231194
v 0.00444019 0.00810226 0.0229683
v 0.00531215 0.00817218 0.0210855
v 0.00549381 0.00818379 0.020776
v 0.00444761 0.00810286 0.0229522
v 0.00549946 0.00818416 0.0207664
v 0.00643506 0.00824399 0.0191722
v 0.00676173 0.0082609 0.0187216
v 0.00722584 0.00828492 0.0180815
v 0.00774015 0.00831154 0.0173721
v 0.00823679 0.00833236 0.0168111
v 0.00828273 0.00833429 0.0167592
v 0.00923007 0.008374 0.0156889
v 0.00990214 0.00839698 0.0150642
v 0.00997444 0.00839945 0.014997
v 0.0108613 0.00842978 0.0141726
v 0.0117409 0.00845487 0.013501
v 0.0126305 0.00848024 0.0128219
v 0.0118429 0.00845777 0.0134232
v 0.0137326 0.0085059 0.0121382
v 0.0145225 0.00852428 0.0116482
v 0.0138669 0.00850902 0.0120549
v 0.0158557 0.00854865 0.0109902
v 0.0165163 0.00856072 0.0106641
v 0.0160241 0.00855173 0.0109071
v 0.0180871 0.00858248 0.0100699
v 0.0182908 0.0085853 0.00999289
v 0.0186006 0.00858959 0.00987569
v 0.0186006 0.00859052 0.00987576
v 0.0186015 0.00861663 0.00987768
v 0.0186019 0.0086265 0.0098784
v 0.0186014 0.00861359 0.00987745
v 0.0186 0.00865189 0.0098728
v 0.0185982 0.00866782 0.0098676
v 0.0185972 0.00867654 0.00986476
v 0.0185983 0.00866636 0.00986808
v 0.0185935 0.00870017 0.00985437
v 0.0185891 0.00872253 0.00984174
v 0.0185905 0.00871545 0.00984574
v 0.0185908 0.00871387 0.00984663
v 0.0185839 0.00874339 0.009827
v 0.018578 0.00876252 0.0098103
v 0.0185797 0.00875717 0.00981496
v 0.0185803 0.00875529 0.00981661
v 0.0185716 0.00877972 0.00979181
v 0.0185675 0.00878974 0.00977989
v 0.0185666 0.00879202 0.00977719
v 0.00678529 0.00826212 0.0186891
v 0.00340436 0.00756645 0.0373459
v 0.0182578 0.00876964 0.00990421
v 0.0182515 0.00878693 0.00988634
v 0.0159714 0.00875425 0.0108026
v 0.0159788 0.00873592 0.0108174
v 0.0137998 0.00871054 0.011951
v 0.0138097 0.00869349 0.0119671
v 0.0117676 0.00866041 0.0133306
v 0.00989749 0.00858457 0.0149216
v 0.00819852 0.0085193 0.016693
v 0.00669725 0.00844779 0.0186345
v 0.00541062 0.00837083 0.0207243
v 0.00435317 0.0082893 0.0229388
v 0.00351796 0.00822064 0.0252479
v 0.00353683 0.00820411 0.0252529
v 0.00297082 0.00811624 0.0276404
v 0.00266154 0.00802667 0.0300746
v 0.00261247 0.00793642 0.0325277
v 0.00282418 0.00784649 0.0349723
v 0.00329426 0.00775792 0.0373805
v 0.00401984 0.00767335 0.0397248
v 0.0182638 0.008751 0.00992129
v 0.0159867 0.0087173 0.0108337
v 0.0138194 0.00867491 0.0119825
v 0.011775 0.00864285 0.0133403
v 0.0117863 0.00862432 0.0133546
v 0.00991032 0.00856608 0.0149346
v 0.00821273 0.00850087 0.0167045
v 0.00671268 0.00842941 0.0186445
v 0.00542709 0.00835251 0.0207326
v 0.0043705 0.00827104 0.0229453
v 0.00355482 0.00818593 0.0252575
v 0.00298927 0.00809813 0.0276431
v 0.00268024 0.00800863 0.0300753
v 0.00263122 0.00791845 0.0325265
v 0.00284275 0.0078286 0.034969
v 0.00331245 0.0077401 0.0373753
v 0.0182692 0.00873058 0.00993643
v 0.0159938 0.00869691 0.0108482
v 0.013828 0.00865455 0.0119961
v 0.0117964 0.00860399 0.0133673
v 0.0099218 0.0085458 0.0149461
v 0.00822545 0.00848063 0.0167147
v 0.00672648 0.00840922 0.0186533
v 0.00544184 0.00833238 0.0207399
v 0.00438601 0.00825097 0.022951
v 0.00357092 0.00816592 0.0252615
v 0.00300579 0.00807819 0.0276454
v 0.00269698 0.00798875 0.0300758
v 0.00264799 0.00789864 0.0325252
v 0.00285937 0.00780885 0.0349659
v 0.00332873 0.00772042 0.0373705
v 0.00403502 0.00765394 0.0397183
v 0.018274 0.00870861 0.00994948
v 0.016 0.00867495 0.0108607
v 0.0138356 0.00863262 0.0120079
v 0.0118052 0.00858209 0.0133781
v 0.00993181 0.00852394 0.0149559
v 0.00823653 0.00845881 0.0167235
v 0.00673852 0.00838745 0.0186609
v 0.00545469 0.00831066 0.0207461
v 0.00439953 0.0082293 0.0229558
v 0.00358496 0.0081443 0.0252648
v 0.00302019 0.00805662 0.0276472
v 0.00271157 0.00796725 0.030076
v 0.00266261 0.00787719 0.0325239
v 0.00287386 0.00778746 0.0349631
v 0.00334292 0.00769908 0.0373662
v 0.00405077 0.00763432 0.0397117
v 0.0182779 0.00868531 0.0099603
v 0.0160051 0.00865167 0.010871
v 0.0138419 0.00860936 0.0120176
v 0.0118126 0.00855886 0.0133871
v 0.00994024 0.00850074 0.0149641
v 0.00824587 0.00843565 0.0167307
v 0.00674866 0.00836432 0.018667
v 0.00546551 0.00828757 0.0207512
v 0.00441092 0.00820626 0.0229596
v 0.00359679 0.00812131 0.0252674
v 0.00303231 0.00803367 0.0276486
v 0.00272387 0.00794435 0.0300761
v 0.00267493 0.00785433 0.0325226
v 0.00288606 0.00776466 0.0349606
v 0.00335488 0.00767632 0.0373623
v 0.00406451 0.00761304 0.0397059
v 0.0182811 0.00866094 0.00996877
v 0.0160093 0.00862732 0.0108791
v 0.013847 0.00858503 0.0120252
v 0.0118186 0.00853455 0.0133941
v 0.00994701 0.00847645 0.0149704
v 0.00825336 0.00841139 0.0167363
v 0.00675679 0.00834009 0.0186717
v 0.0054742 0.00826337 0.020755
v 0.00442006 0.0081821 0.0229625
v 0.00360627 0.00809718 0.0252693
v 0.00304204 0.00800959 0.0276494
v 0.00273373 0.0079203 0.0300759
v 0.00268481 0.00783032 0.0325214
v 0.00289585 0.00774068 0.0349583
v 0.00336446 0.00765239 0.037359
v 0.00407608 0.00759033 0.0397008
v 0.0182835 0.00863577 0.00997479
v 0.0160124 0.00860216 0.0108848
v 0.0138508 0.00855988 0.0120306
v 0.011823 0.00850942 0.013399
v 0.00995203 0.00845133 0.0149748
v 0.00825892 0.00838629 0.0167401
v 0.00676283 0.00831502 0.018675
v 0.00548064 0.00823833 0.0207576
v 0.00442684 0.00815708 0.0229644
v 0.00361331 0.00807219 0.0252705
v 0.00304926 0.00798462 0.0276498
v 0.00274104 0.00789536 0.0300756
v 0.00269215 0.00780541 0.0325203
v 0.00290312 0.0077158 0.0349564
v 0.00337158 0.00762753 0.0373563
v 0.00408535 0.00756643 0.0396965
v 0.0182872 0.00861194 0.00998401
v 0.0160182 0.00857973 0.010896
v 0.0138584 0.00853836 0.0120421
v 0.0118321 0.00848825 0.0134102
v 0.00996221 0.00843018 0.014985
v 0.00826985 0.00836484 0.0167489
v 0.00677223 0.00829201 0.0186808
v 0.00548478 0.0082127 0.0207589
v 0.00443119 0.00813147 0.0229653
v 0.00361784 0.0080466 0.0252709
v 0.0030539 0.00795904 0.0276497
v 0.00274574 0.0078698 0.030075
v 0.00269686 0.00777988 0.0325192
v 0.00290779 0.00769028 0.0349548
v 0.00337615 0.00760203 0.0373543
v 0.00409224 0.00754161 0.0396931
v 0.00677784 0.00827406 0.0186842
v 0.00549491 0.00819459 0.0207641
v 0.00443858 0.00810944 0.0229678
v 0.0036247 0.00803491 0.0252568
v 0.00306388 0.00793832 0.0276505
v 0.00275871 0.00785141 0.0300749
v 0.00271116 0.00776265 0.0325178
v 0.0029226 0.00767357 0.034952
v 0.00339082 0.00758509 0.0373499
v 0.00409667 0.00751612 0.0396905
v 0.00410354 0.00749214 0.0396872
v 0.00355464 0.00822682 0.0251134
v 0.0186006 0.00765513 0.00987569
v 0.01808 0.00764901 0.0100512
v 0.0158451 0.00761696 0.0109688
v 0.0137188 0.0075769 0.0121159
v 0.0117246 0.00752928 0.0134796
v 0.00988435 0.00747462 0.0150451
v 0.0082185 0.00741351 0.0167949
v 0.00674539 0.00734664 0.0187098
v 0.00548129 0.00727474 0.0207687
v 0.00444012 0.00719861 0.0229488
v 0.00363339 0.00711909 0.0252261
v 0.00306999 0.00703704 0.0275755
v 0.00275615 0.00695339 0.029971
v 0.00269531 0.00686905 0.0323862
v 0.00288816 0.00678495 0.0347944
v 0.00333257 0.00670202 0.0371692
v 0.00402363 0.00662118 0.0394842
v 0.0186282 0.00859001 0.00986652
v 0.0187798 0.00859755 0.00980793
v 0.0187813 0.00859762 0.00980735
v 0.0186726 0.00859222 0.00984936
v 0.0188533 0.00860582 0.00977213
v 0.0189446 0.00861623 0.00972741
v 0.018968 0.0086206 0.00971316
v 0.0190252 0.00863132 0.00967827
v 0.0191038 0.00864603 0.00963035
v 0.0191452 0.00865719 0.0095994
v 0.019186 0.0086682 0.00956888
v 0.0192577 0.00868752 0.00951531
v 0.0193097 0.00870654 0.00946788
v 0.0193792 0.008732 0.0094044
v 0.0193339 0.00871543 0.00944572
v 0.0194042 0.00874114 0.00938161
v 0.0194594 0.00876786 0.00931992
v 0.0195409 0.00880727 0.00922891
v 0.0194677 0.00877186 0.00931069
v 0.0195928 0.00884031 0.00915709
v 0.019665 0.00888627 0.0090572
v 0.0195866 0.00883637 0.00916567
v 0.0197084 0.00892308 0.00898119
v 0.0197551 0.00896275 0.00889927
v 0.0196906 0.00890798 0.00901237
v 0.0197735 0.00897841 0.00886692
v 0.0197798 0.00898585 0.00885225
v 0.0198049 0.00901532 0.00879417
v 0.0198817 0.00911603 0.00859821
v 0.0198956 0.00913994 0.00855297
v 0.0198629 0.00908357 0.0086596
v 0.0198517 0.00907041 0.00868555
v 0.0199229 0.00919675 0.00846248
v 0.0199072 0.00915998 0.00851506
v 0.0199206 0.00920619 0.00846789
v 0.0199157 0.00922575 0.0084791
v 0.0199173 0.00921924 0.00847537
v 0.0199164 0.00922291 0.00847747
v 0.0199073 0.00924702 0.00849007
v 0.0198964 0.0092678 0.00850015
v 0.0198983 0.00926428 0.00849844
v 0.0198833 0.00928788 0.00850921
v 0.0198693 0.00930524 0.0085164
v 0.0198679 0.00930701 0.00851714
v 0.019869 0.0093057 0.0085166
v 0.0198505 0.00932494 0.00852382
v 0.0198312 0.00934156 0.0085292
v 0.0198238 0.00934679 0.00853058
v 0.0198308 0.00934184 0.00852927
v 0.0198101 0.0093566 0.00853317
v 0.0197874 0.00936988 0.00853567
v 0.0197861 0.00937049 0.00853572
v 0.0197634 0.00938121 0.00853664
v 0.0197384 0.00939042 0.00853604
v 0.0197334 0.0093918 0.00853563
v 0.019737 0.00939082 0.00853592
v 0.0199246 0.00918987 0.00845853
v 0.0197722 0.0090129 0.00886383
v 0.019779 0.00899088 0.00885461
v 0.019848 0.00908441 0.00869271
v 0.019844 0.00910683 0.00870487
v 0.0199008 0.00918459 0.00852887
v 0.0194609 0.00879932 0.00931776
v 0.0194668 0.00877494 0.0093114
v 0.0195841 0.00884634 0.00916886
v 0.0195793 0.00886996 0.00917736
v 0.0196861 0.00892585 0.00901923
v 0.0196816 0.00894904 0.00902902
v 0.0197667 0.00903577 0.00887424
v 0.0198338 0.00912926 0.00871462
v 0.0198928 0.00920686 0.0085408
v 0.0186717 0.00862092 0.00985292
v 0.0186724 0.00859731 0.00984975
v 0.0188518 0.00861455 0.00977164
v 0.0188483 0.00864033 0.00977224
v 0.0190218 0.00864479 0.00967755
v 0.0190162 0.0086707 0.00967769
v 0.0191807 0.00868615 0.00956914
v 0.0191738 0.00871171 0.00957021
v 0.0193276 0.00873784 0.0094488
v 0.0193193 0.00876295 0.00945092
v 0.0194515 0.00882389 0.00932101
v 0.0195689 0.00889392 0.00918182
v 0.0196703 0.00897233 0.00903476
v 0.0197547 0.0090583 0.00888133
v 0.0198212 0.00915098 0.00872308
v 0.0198822 0.00922855 0.00855176
v 0.0186681 0.00864688 0.00984895
v 0.0188429 0.0086661 0.00976906
v 0.0190092 0.00869617 0.00967543
v 0.0191652 0.00873678 0.00956901
v 0.0193094 0.00878752 0.00945088
v 0.0194403 0.00884787 0.00932225
v 0.0195565 0.00891721 0.00918442
v 0.0196569 0.00899485 0.0090388
v 0.0197405 0.00907998 0.00888687
v 0.0198063 0.00917175 0.00873018
v 0.0198692 0.00924941 0.00856164
v 0.0186635 0.00867217 0.00984244
v 0.0188365 0.00869118 0.00976342
v 0.0190009 0.00872093 0.00967081
v 0.0191552 0.0087611 0.00956554
v 0.0192978 0.00881128 0.0094487
v 0.0194273 0.00887097 0.00932146
v 0.0195422 0.00893957 0.00918513
v 0.0196416 0.00901636 0.00904109
v 0.0197242 0.00910057 0.00889081
v 0.0197894 0.00919134 0.00873582
v 0.0198538 0.00926922 0.00857031
v 0.018658 0.0086965 0.00983348
v 0.0188289 0.00871529 0.00975539
v 0.0189914 0.00874468 0.00966387
v 0.0191439 0.00878437 0.00955985
v 0.0192848 0.00883397 0.00944439
v 0.0194127 0.00889295 0.00931866
v 0.0195263 0.00896073 0.00918394
v 0.0196245 0.00903662 0.00904161
v 0.0197061 0.00911983 0.0088931
v 0.0197705 0.00920953 0.00873994
v 0.0198364 0.00928775 0.00857769
v 0.0186516 0.0087196 0.00982215
v 0.0188203 0.00873815 0.00974506
v 0.0189808 0.00876717 0.0096547
v 0.0191313 0.00880636 0.009552
v 0.0192705 0.00885532 0.00943801
v 0.0193967 0.00891356 0.00931387
v 0.0195089 0.00898048 0.00918086
v 0.0196058 0.0090554 0.00904034
v 0.0196864 0.00913756 0.00889372
v 0.01975 0.00922612 0.0087425
v 0.019817 0.0093048 0.00858368
v 0.0186444 0.00874122 0.00980859
v 0.0188109 0.00875952 0.00973253
v 0.0189692 0.00878815 0.00964339
v 0.0191177 0.00882681 0.00954208
v 0.0192549 0.00887511 0.00942962
v 0.0193795 0.00893256 0.00930715
v 0.0194902 0.00899858 0.00917594
v 0.0195858 0.00907249 0.0090373
v 0.0196653 0.00915354 0.00889266
v 0.019728 0.00924091 0.00874348
v 0.0197958 0.00932018 0.00858823
v 0.0186365 0.00876111 0.00979294
v 0.0188006 0.00877915 0.00971796
v 0.0189567 0.00880737 0.00963008
v 0.0191031 0.00884549 0.00953019
v 0.0192384 0.00889311 0.00941931
v 0.0193613 0.00894975 0.00929858
v 0.0194703 0.00901484 0.00916921
v 0.0195646 0.00908771 0.00903253
v 0.019643 0.00916762 0.00888993
v 0.0197048 0.00925375 0.00874285
v 0.0197733 0.00933371 0.00859128
v 0.018628 0.00877905 0.00977538
v 0.0187897 0.00879683 0.0097015
v 0.0189435 0.00882464 0.0096149
v 0.0190878 0.0088622 0.00951647
v 0.0192211 0.00890912 0.00940721
v 0.0193421 0.00896494 0.00928824
v 0.0194496 0.00902908 0.00916076
v 0.0195425 0.00910088 0.00902608
v 0.0196198 0.00917962 0.00888556
v 0.0196807 0.0092645 0.00874063
v 0.0197494 0.00934524 0.0085928
v 0.0194281 0.00904138 0.00915076
v 0.0195198 0.00911186 0.00901802
v 0.0195959 0.00918942 0.0088796
v 0.0186189 0.00879484 0.00975611
v 0.0199067 0.00916213 0.00851627
v 0.0197246 0.00935465 0.00859277
v 0.0196559 0.00927303 0.00873684
v 0.0193997 0.00902243 0.00918705
v 0.0197241 0.009432 0.00847285
v 0.0197334 0.00946718 0.00841149
v 0.0197346 0.00947168 0.00840363
v 0.0197393 0.00948977 0.00837209
v 0.0197456 0.00953111 0.00828463
v 0.0197512 0.00961372 0.00808738
v 0.0197508 0.00963632 0.00802736
v 0.0197518 0.0095722 0.00819771
v 0.0197515 0.00958857 0.00815421
v 0.0197494 0.00964157 0.00800904
v 0.0197449 0.00965797 0.0079519
v 0.0197307 0.0096934 0.00781427
v 0.019714 0.00971599 0.00770258
v 0.0197079 0.00971929 0.0076752
v 0.0197379 0.00968372 0.00786217
v 0.0196924 0.0097277 0.00760537
v 0.0196761 0.00973528 0.0075354
v 0.0196565 0.0097393 0.0074655
v 0.018504 0.00972832 0.00778001
v 0.017974 0.00972187 0.00796461
v 0.0196923 0.00972776 0.00760484
v 0.0196798 0.00973451 0.00754877
v 0.0182568 0.00945785 0.00883065
v 0.0181988 0.00955188 0.00865457
v 0.0181382 0.00962616 0.00847008
v 0.0180759 0.00967989 0.00827919
v 0.0180123 0.00971248 0.00808395
v 0.0119166 0.00990707 0.00560697
v 0.0161909 0.00971889 0.00804984
v 0.0154483 0.00981636 0.00525873
v 0.0129647 0.00985646 0.00525605
v 0.0199827 0.00939944 0.00793891
v 0.0198262 0.00966694 0.00741033
v 0.0198159 0.00967747 0.00741387
v 0.0198078 0.00968423 0.00741663
v 0.0197998 0.00969087 0.00741933
v 0.0197966 0.00969347 0.00742039
v 0.0197878 0.00969933 0.00742333
v 0.0197759 0.00970729 0.00742731
v 0.0197667 0.00971205 0.00743031
v 0.0197568 0.0097172 0.00743356
v 0.0197538 0.00971878 0.00743455
v 0.0197448 0.00972229 0.00743746
v 0.0197308 0.0097278 0.00744203
v 0.0197225 0.00973003 0.00744466
v 0.0197095 0.00973355 0.00744882
v 0.0197069 0.00973427 0.00744968
v 0.0196825 0.00973811 0.0074574
v 0.0196781 0.00973831 0.00745877
v 0.0196599 0.00973914 0.00746445
v 0.0199718 0.00931521 0.00818732
v 0.0199693 0.00930721 0.00820627
v 0.0199508 0.00925159 0.008335
v 0.0199544 0.00926009 0.00831798
v 0.019938 0.00922148 0.00839526
v 0.0199376 0.00922058 0.00839707
v 0.0199802 0.00935676 0.00807409
v 0.0199843 0.00938385 0.0079957
v 0.0199838 0.00938898 0.00797702
v 0.0199465 0.00947131 0.00759265
v 0.0199723 0.00944177 0.00776666
v 0.0199799 0.00942681 0.00783921
v 0.0199808 0.00941825 0.00787041
v 0.0199686 0.00944891 0.00773201
v 0.0199638 0.00945831 0.00768641
v 0.019914 0.00948469 0.0074531
v 0.0199403 0.00947605 0.00755843
v 0.0198954 0.00948945 0.00738304
v 0.019894 0.00952102 0.00738448
v 0.0198943 0.00951419 0.00738417
v 0.0198944 0.00951201 0.00738407
v 0.0198899 0.00954649 0.00738659
v 0.0198866 0.00955857 0.00738798
v 0.0198848 0.00956539 0.00738877
v 0.0198832 0.00957133 0.00738945
v 0.0198741 0.00959531 0.00739306
v 0.0198694 0.00960482 0.00739484
v 0.0198652 0.00961326 0.00739643
v 0.0198627 0.00961814 0.00739735
v 0.0198572 0.00962689 0.00739936
v 0.0198491 0.0096396 0.00740228
v 0.0198427 0.00964772 0.00740454
v 0.0198364 0.00965571 0.00740677
v 0.0198335 0.00965944 0.00740781
v 0.0198792 0.00958192 0.00739104
v 0.0199364 0.00947897 0.00753732
v 0.0199761 0.00932862 0.00815553
v 0.019906 0.00959335 0.00792593
v 0.0199083 0.00957162 0.00799707
v 0.0199169 0.00956326 0.00799421
v 0.0198699 0.0093565 0.00846087
v 0.0198544 0.0093708 0.00846575
v 0.0199804 0.00944006 0.00787695
v 0.0199826 0.0094212 0.00794614
v 0.0198351 0.00963894 0.00794247
v 0.0198129 0.0096471 0.00794582
v 0.0198163 0.00962525 0.0080156
v 0.0198716 0.00965638 0.00763466
v 0.0198842 0.0096444 0.00770819
v 0.0198931 0.00963565 0.00770519
v 0.0198774 0.00961601 0.00793389
v 0.0198672 0.00962255 0.00793626
v 0.0198699 0.00960056 0.00800701
v 0.0198941 0.00962984 0.00778135
v 0.0199013 0.00961279 0.00785398
v 0.0199101 0.00960421 0.00785105
v 0.0198969 0.00960139 0.00792871
v 0.0198873 0.00960895 0.00793137
v 0.0198898 0.00958705 0.00800236
v 0.0199148 0.00958487 0.00792304
v 0.0198992 0.00957956 0.00799979
v 0.0198921 0.00962091 0.00785683
v 0.0198824 0.00962854 0.00785957
v 0.01988 0.00959405 0.00800476
v 0.0198724 0.00963565 0.00786221
v 0.0198847 0.00963804 0.00778426
v 0.019875 0.00964573 0.0077871
v 0.019903 0.00962117 0.00777838
v 0.0198748 0.00965266 0.00771116
v 0.019865 0.0096604 0.0077141
v 0.0198649 0.00965288 0.00778986
v 0.0198549 0.00966759 0.00771699
v 0.0198545 0.00965947 0.00779253
v 0.0198621 0.00964222 0.00786473
v 0.0198596 0.00960656 0.00800908
v 0.0198567 0.00962856 0.00793849
v 0.019846 0.00963402 0.00794056
v 0.0198382 0.00961697 0.00801269
v 0.0198515 0.00964824 0.00786712
v 0.0198407 0.00965369 0.00786938
v 0.0198297 0.00965858 0.00787151
v 0.0198438 0.0096655 0.0077951
v 0.0198329 0.00967094 0.00779757
v 0.0198444 0.00967421 0.00771981
v 0.0198337 0.00968024 0.00772257
v 0.0198227 0.00968568 0.00772525
v 0.0198218 0.0096758 0.00779992
v 0.0198116 0.00969051 0.00772784
v 0.0198422 0.00967969 0.00764374
v 0.0198317 0.00968633 0.00764673
v 0.0198653 0.00965682 0.00755789
v 0.0198473 0.00966334 0.00748413
v 0.0198383 0.00967224 0.0074872
v 0.0198622 0.00966469 0.0076377
v 0.0198524 0.00967247 0.00764073
v 0.0198806 0.00964756 0.00763163
v 0.0198563 0.00966569 0.00756094
v 0.0198469 0.00967404 0.00756403
v 0.0198371 0.00968185 0.00756716
v 0.0198269 0.0096891 0.0075703
v 0.0198288 0.00968062 0.00749035
v 0.019819 0.00968846 0.00749357
v 0.0198088 0.00969572 0.00749684
v 0.0197983 0.00970239 0.00750014
v 0.0198209 0.00969237 0.00764968
v 0.0198099 0.00969781 0.00765258
v 0.0198164 0.00969575 0.00757345
v 0.0198056 0.0097018 0.00757659
v 0.0197946 0.00970724 0.00757971
v 0.0197988 0.00970263 0.00765542
v 0.0197835 0.00971205 0.0075828
v 0.0197876 0.00970845 0.00750347
v 0.0197766 0.00971389 0.00750681
v 0.0197655 0.0097187 0.00751015
v 0.0197762 0.00971043 0.00766088
v 0.0197889 0.00969838 0.00773274
v 0.0197906 0.00965307 0.00794851
v 0.0197683 0.00965693 0.00795057
v 0.0197722 0.00963554 0.0080193
v 0.0197993 0.00968375 0.00780427
v 0.0198073 0.00966663 0.00787533
v 0.0197942 0.00963142 0.00801779
v 0.0197847 0.00967242 0.00787858
v 0.0197766 0.00968938 0.00780811
v 0.0197662 0.00970388 0.00773721
v 0.0197541 0.0096928 0.00781143
v 0.0197623 0.00967604 0.00788125
v 0.0197436 0.00970712 0.00774123
v 0.0197534 0.00971582 0.00766601
v 0.0197308 0.00971893 0.00767076
v 0.0197543 0.00972288 0.00751347
v 0.0197722 0.00971624 0.00758585
v 0.0197609 0.00971981 0.00758884
v 0.0197382 0.00972514 0.00759464
v 0.019743 0.00972644 0.00751676
v 0.0197205 0.00973174 0.00752321
v 0.0196981 0.0097347 0.00752943
v 0.0197157 0.00972815 0.00760012
v 0.0198924 0.00950129 0.00820697
v 0.0198858 0.00947128 0.00827368
v 0.0199024 0.00945602 0.00826851
v 0.0198016 0.00940619 0.00847473
v 0.0197828 0.00941518 0.00847582
v 0.0198772 0.00943946 0.00833909
v 0.0198667 0.00940594 0.00840313
v 0.0198826 0.0093913 0.00839816
v 0.0198377 0.00938393 0.0084697
v 0.01982 0.00939576 0.0084727
v 0.0198496 0.00941931 0.00840719
v 0.0198315 0.00943128 0.00841031
v 0.0198126 0.00944176 0.00841248
v 0.0198597 0.00945306 0.00834327
v 0.0198411 0.00946516 0.00834653
v 0.0198935 0.00942451 0.00833402
v 0.0198679 0.00948509 0.008278
v 0.0198218 0.00947566 0.00834886
v 0.0198489 0.0094973 0.00828142
v 0.0198291 0.00950781 0.00828393
v 0.0198019 0.00948451 0.00835026
v 0.0197932 0.00945069 0.00841371
v 0.0197637 0.00942269 0.00847599
v 0.0197445 0.00942872 0.0084753
v 0.0197736 0.00945804 0.00841403
v 0.0197539 0.00946383 0.0084135
v 0.0197818 0.00949169 0.00835077
v 0.0197616 0.00949721 0.00835044
v 0.0198088 0.00951656 0.00828554
v 0.0197882 0.00952355 0.00828628
v 0.0197676 0.0095288 0.0082862
v 0.0198345 0.0095381 0.00821776
v 0.0198137 0.00954675 0.00821963
v 0.0198992 0.00955554 0.00806993
v 0.0198969 0.00952941 0.00813902
v 0.0199141 0.00951359 0.00813365
v 0.0198741 0.0095153 0.00821143
v 0.0198547 0.0095276 0.00821503
v 0.0199093 0.00948574 0.0082017
v 0.0198783 0.0095436 0.00814364
v 0.0198585 0.00955598 0.00814745
v 0.0198378 0.00956646 0.00815044
v 0.0198803 0.00956988 0.00807472
v 0.0198601 0.00958233 0.00807877
v 0.0199166 0.00953946 0.00806446
v 0.0198391 0.00959278 0.00808205
v 0.0198176 0.00960118 0.00808456
v 0.0198166 0.00957499 0.0081526
v 0.0197926 0.00955353 0.00822065
v 0.0197716 0.0095585 0.00822087
v 0.0197952 0.00958156 0.00815396
v 0.0197738 0.00958624 0.00815455
v 0.0197958 0.00960755 0.00808631
v 0.019774 0.00961195 0.00808732
v 0.0199176 0.00929099 0.00843337
v 0.0199081 0.00930823 0.00844128
v 0.0199752 0.00935322 0.00814946
v 0.0199684 0.009327 0.0082155
v 0.0199487 0.00926962 0.00834439
v 0.0199359 0.0092386 0.00840705
v 0.0199445 0.00928759 0.00835337
v 0.0199315 0.00925598 0.00841615
v 0.0199556 0.00931765 0.00828933
v 0.0199595 0.00929911 0.00828051
v 0.0199647 0.0093461 0.00822412
v 0.0199499 0.00933636 0.00829796
v 0.0199386 0.00930571 0.00836211
v 0.0199254 0.00927351 0.00842496
v 0.0199309 0.00932378 0.00837049
v 0.0199423 0.00935501 0.00830627
v 0.0199592 0.00936538 0.00823258
v 0.0199517 0.00938461 0.00824077
v 0.0199664 0.0093927 0.00816604
v 0.0199823 0.00940039 0.00801468
v 0.0199718 0.00937287 0.0081578
v 0.0199798 0.00937771 0.00808249
v 0.0199767 0.00939788 0.00809049
v 0.0199794 0.00942106 0.00802227
v 0.0199798 0.00944233 0.00795325
v 0.0199744 0.00944194 0.00802988
v 0.0199715 0.00941825 0.00809845
v 0.019959 0.00941249 0.00817407
v 0.0199642 0.00943856 0.00810625
v 0.0199672 0.00946276 0.00803741
v 0.0199749 0.00946369 0.00796045
v 0.0199716 0.00947437 0.00796405
v 0.0199496 0.00943195 0.00818176
v 0.0199422 0.00940354 0.00824857
v 0.0198969 0.00932503 0.00844856
v 0.0199328 0.00937339 0.00831414
v 0.0199214 0.0093416 0.00837839
v 0.0199101 0.00935893 0.00838571
v 0.0199214 0.00939126 0.00832146
v 0.0199308 0.00942192 0.00825586
v 0.0199083 0.00940837 0.00832811
v 0.0198972 0.00937557 0.00839232
v 0.0198842 0.00934118 0.00845512
v 0.0199175 0.00943949 0.00826254
v 0.0199246 0.00946884 0.00819568
v 0.0199548 0.00945854 0.00811379
v 0.0199627 0.00947306 0.00804111
v 0.0199381 0.00945083 0.008189
v 0.0199492 0.00946832 0.00811742
v 0.0199522 0.00949323 0.0080483
v 0.0199633 0.00949552 0.0079712
v 0.0199583 0.00950591 0.00797472
v 0.0199577 0.00948323 0.00804474
v 0.0199528 0.00951614 0.00797819
v 0.0199461 0.00950303 0.00805177
v 0.0199432 0.0094779 0.00812094
v 0.0199466 0.00952614 0.00798158
v 0.0199395 0.00951259 0.00805513
v 0.0199366 0.00948725 0.00812433
v 0.0199296 0.00949634 0.00812759
v 0.0199247 0.00953084 0.00806148
v 0.0199323 0.00952188 0.00805837
v 0.01994 0.0095359 0.0079849
v 0.0199328 0.00954536 0.00798812
v 0.0199251 0.00955449 0.00799123
v 0.0199473 0.00949473 0.00759602
v 0.0199594 0.00948432 0.00766667
v 0.0199615 0.00951591 0.00790046
v 0.0199678 0.00948499 0.00796764
v 0.0199689 0.00947169 0.00773711
v 0.0199759 0.00945692 0.00780724
v 0.019973 0.00948343 0.00789026
v 0.0199778 0.00946163 0.00788353
v 0.0199734 0.00947887 0.00781321
v 0.0199698 0.00949432 0.00789366
v 0.0199687 0.00950107 0.00781942
v 0.0199655 0.00951216 0.00782259
v 0.0199659 0.00950516 0.00789706
v 0.0199616 0.0095232 0.00782579
v 0.0199618 0.00951653 0.00774806
v 0.0199665 0.00949399 0.00774243
v 0.019957 0.0095069 0.00767129
v 0.0199586 0.0095278 0.00775097
v 0.0199523 0.00952975 0.0076763
v 0.0199491 0.00954116 0.00767894
v 0.0199548 0.00953901 0.00775394
v 0.0199452 0.00955252 0.00768166
v 0.0199503 0.00955012 0.00775695
v 0.0199572 0.00953414 0.007829
v 0.0199381 0.00955707 0.00791376
v 0.0199509 0.00953693 0.0079072
v 0.0199565 0.00952651 0.00790385
v 0.0199522 0.00954493 0.00783223
v 0.0199466 0.00955553 0.00783545
v 0.0199448 0.00954713 0.00791051
v 0.0199404 0.0095659 0.00783865
v 0.019923 0.00957597 0.00792003
v 0.0199336 0.009576 0.00784183
v 0.0199308 0.00956669 0.00791694
v 0.0199263 0.00958577 0.00784496
v 0.0199185 0.00959519 0.00784804
v 0.0199266 0.0095926 0.00776924
v 0.0199397 0.00957184 0.00776307
v 0.0199408 0.00956377 0.00768445
v 0.0199453 0.00956108 0.00776
v 0.0199357 0.00957487 0.00768731
v 0.0199301 0.00958577 0.00769022
v 0.0199334 0.00958236 0.00776616
v 0.0199238 0.00959642 0.00769317
v 0.0199114 0.00961204 0.00777537
v 0.019917 0.00960678 0.00769615
v 0.0199193 0.00960251 0.00777232
v 0.0199095 0.0096168 0.00769916
v 0.0199016 0.00962643 0.00770218
v 0.0199285 0.00957501 0.00761165
v 0.019915 0.00950865 0.0074546
v 0.0199325 0.00950287 0.0075253
v 0.0199401 0.00954063 0.00760428
v 0.0199448 0.00951755 0.00759992
v 0.01993 0.00952585 0.00752845
v 0.0199368 0.00955217 0.00760663
v 0.0199251 0.00954911 0.00753215
v 0.0199219 0.00956074 0.0075342
v 0.019933 0.00956364 0.00760909
v 0.019918 0.0095723 0.00753639
v 0.0199074 0.00955512 0.00746004
v 0.0199123 0.00953175 0.00745701
v 0.019904 0.0095668 0.0074618
v 0.0199001 0.00957843 0.00746371
v 0.0198955 0.00958994 0.00746578
v 0.0199134 0.00958376 0.0075387
v 0.0199046 0.00961844 0.00762272
v 0.0199177 0.00959723 0.00761703
v 0.0199234 0.00958622 0.0076143
v 0.0199083 0.00959506 0.00754114
v 0.0199026 0.00960615 0.00754369
v 0.0199114 0.00960799 0.00761984
v 0.0198963 0.00961698 0.00754635
v 0.0198891 0.00963827 0.00762863
v 0.0198894 0.00962751 0.00754911
v 0.0198971 0.00962855 0.00762565
v 0.0198819 0.00963769 0.00755196
v 0.0198739 0.00964747 0.00755489
v 0.0198713 0.0096339 0.00747551
v 0.0198846 0.00961244 0.00747036
v 0.0198904 0.00960129 0.007468
v 0.0198783 0.00962332 0.00747287
v 0.0198558 0.00965395 0.00748115
v 0.0198638 0.00964413 0.00747827
v 0.0198844 0.00949051 0.00734845
v 0.0198864 0.00949032 0.00735472
v 0.0198535 0.00949297 0.00726787
v 0.019814 0.00949611 0.00716511
v 0.0198105 0.00949632 0.00715815
v 0.0197288 0.00950126 0.00699643
v 0.0197704 0.00949875 0.00707884
v 0.0197206 0.00950176 0.00698019
v 0.0197144 0.00950205 0.0069706
v 0.0195992 0.00950744 0.00679421
v 0.0196686 0.00950423 0.00689921
v 0.0196086 0.00950708 0.00680593
v 0.0194661 0.00951243 0.00663092
v 0.0195487 0.00950937 0.00673103
v 0.0194792 0.00951203 0.00664421
v 0.0193165 0.00951697 0.00648257
v 0.019412 0.00951411 0.00657612
v 0.0193338 0.00951653 0.00649675
v 0.0191522 0.00952099 0.00635083
v 0.0192602 0.00951838 0.00643617
v 0.0191738 0.00952055 0.00636511
v 0.0190946 0.00952215 0.00631288
v 0.0189922 0.00952421 0.00624542
v 0.0189921 0.00952774 0.00624565
v 0.0189921 0.00953008 0.0062458
v 0.0189916 0.0095559 0.00624745
v 0.0189897 0.00958137 0.00625165
v 0.0189917 0.0095539 0.00624732
v 0.0189866 0.00960487 0.00625775
v 0.0189864 0.00960623 0.0062581
v 0.0189819 0.00963021 0.00626674
v 0.0189763 0.00965233 0.00627712
v 0.0189761 0.00965305 0.00627746
v 0.0189691 0.00967451 0.00629015
v 0.0189611 0.0096942 0.00630456
v 0.0189611 0.00969435 0.00630468
v 0.018952 0.00971238 0.00632088
v 0.018942 0.00972838 0.0063386
v 0.0189418 0.0097286 0.00633889
v 0.0189311 0.0097422 0.00635763
v 0.0189196 0.00975368 0.00637777
v 0.0189191 0.00975404 0.0063786
v 0.0189075 0.0097627 0.00639881
v 0.018895 0.00976916 0.00642051
v 0.0188942 0.00976941 0.00642194
v 0.0188822 0.009773 0.00644266
v 0.0188692 0.00977417 0.00646501
v 0.018868 0.00977412 0.00646702
v 0.0188662 0.00977406 0.00647009
v 0.0189064 0.00977321 0.00649429
v 0.0189553 0.00977204 0.00652803
v 0.0190481 0.0097698 0.00659209
v 0.0191852 0.00976573 0.00670864
v 0.0191003 0.00976825 0.00663645
v 0.0193102 0.00976116 0.00683939
v 0.0192334 0.00976397 0.00675912
v 0.0194216 0.00975614 0.00698317
v 0.0193532 0.00975922 0.00689492
v 0.019518 0.00975071 0.00713865
v 0.0194583 0.00975408 0.00704235
v 0.0195475 0.00974858 0.00719982
v 0.0195979 0.00974493 0.00730416
v 0.0196202 0.00974279 0.00736554
v 0.0196689 0.00953117 0.0068999
v 0.0196685 0.00950576 0.00689929
v 0.0195485 0.0095113 0.00673119
v 0.0195489 0.00953704 0.00673178
v 0.0194119 0.00951664 0.00657633
v 0.0194124 0.00954245 0.00657677
v 0.0192601 0.00952161 0.00643641
v 0.0192607 0.00954734 0.0064365
v 0.0190946 0.00952624 0.00631299
v 0.0198511 0.00954416 0.00727056
v 0.0198545 0.00951827 0.00726834
v 0.0197712 0.00952489 0.00707938
v 0.0197679 0.00955077 0.00708194
v 0.0196658 0.00955703 0.00690279
v 0.019546 0.0095629 0.00673498
v 0.0194097 0.0095683 0.00658025
v 0.0192583 0.00957317 0.00644023
v 0.0190955 0.00955165 0.00631241
v 0.0198451 0.00956949 0.00727373
v 0.0197622 0.00957607 0.0070857
v 0.0196604 0.00958232 0.00690712
v 0.019541 0.00958817 0.00673983
v 0.0194052 0.00959355 0.0065856
v 0.0192543 0.00959841 0.00644602
v 0.0190935 0.00957748 0.00631638
v 0.0198367 0.00959398 0.0072778
v 0.0197541 0.00960053 0.00709061
v 0.0196528 0.00960675 0.00691283
v 0.019534 0.00961257 0.00674629
v 0.0193987 0.00961793 0.00659275
v 0.0192485 0.00962277 0.00645379
v 0.0190899 0.0096027 0.00632255
v 0.0198259 0.00961735 0.00728273
v 0.0197438 0.00962387 0.00709663
v 0.0196431 0.00963005 0.00691986
v 0.0195249 0.00963584 0.00675429
v 0.0193904 0.00964117 0.00660162
v 0.0192411 0.00964598 0.00646347
v 0.0190848 0.00962704 0.00633088
v 0.0198129 0.00963936 0.00728847
v 0.0197313 0.00964583 0.00710367
v 0.0196314 0.00965197 0.00692814
v 0.019514 0.00965772 0.00676372
v 0.0193805 0.00966301 0.00661213
v 0.0192321 0.00966779 0.00647494
v 0.0190784 0.00965023 0.00634127
v 0.0197977 0.00965976 0.00729496
v 0.0197169 0.00966618 0.00711167
v 0.0196177 0.00967227 0.00693758
v 0.0195013 0.00967797 0.0067745
v 0.0193689 0.00968321 0.00662415
v 0.0192218 0.00968795 0.00648809
v 0.0190706 0.00967201 0.00635359
v 0.0197807 0.00967833 0.00730212
v 0.0197006 0.00968468 0.00712053
v 0.0196023 0.00969072 0.00694806
v 0.019487 0.00969636 0.00678651
v 0.0193558 0.00970156 0.00663755
v 0.01921 0.00970626 0.00650275
v 0.0190615 0.00969214 0.00636773
v 0.0197619 0.00969485 0.00730987
v 0.0196826 0.00970114 0.00713017
v 0.0195854 0.00970712 0.00695948
v 0.0194712 0.0097127 0.0067996
v 0.0193414 0.00971785 0.00665219
v 0.0191971 0.00972249 0.00651878
v 0.0190513 0.0097104 0.00638352
v 0.0197415 0.00970916 0.00731814
v 0.0196631 0.00971538 0.00714046
v 0.019567 0.00972128 0.00697171
v 0.0194542 0.00972681 0.00681364
v 0.0193258 0.00973189 0.0066679
v 0.0191832 0.00973649 0.006536
v 0.01904 0.0097266 0.00640078
v 0.0197198 0.00972109 0.00732682
v 0.0196424 0.00972723 0.00715131
v 0.0195475 0.00973306 0.00698462
v 0.019436 0.00973852 0.00682847
v 0.0193092 0.00974354 0.0066845
v 0.0191683 0.00974808 0.00655422
v 0.0190279 0.00974054 0.00641934
v 0.0196971 0.00973051 0.00733582
v 0.0196207 0.00973657 0.00716259
v 0.019527 0.00974233 0.00699806
v 0.0194169 0.00974771 0.00684393
v 0.0192918 0.00975267 0.00670183
v 0.0191527 0.00975715 0.00657323
v 0.0190149 0.00975209 0.00643898
v 0.0196735 0.00973731 0.00734505
v 0.0195981 0.0097433 0.00717418
v 0.0195057 0.00974898 0.00701188
v 0.0193972 0.00975429 0.00685985
v 0.0192737 0.00975918 0.00671968
v 0.0191366 0.0097636 0.00659283
v 0.0190013 0.00976111 0.00645948
v 0.0196494 0.00974143 0.00735441
v 0.0195751 0.00974733 0.00718594
v 0.0194839 0.00975293 0.00702594
v 0.0193769 0.00975817 0.00687606
v 0.0192552 0.00976299 0.00673787
v 0.01912 0.00976735 0.00661281
v 0.0189872 0.0097675 0.00648063
v 0.019625 0.00974282 0.00736378
v 0.0195517 0.00974863 0.00719776
v 0.0194111 0.00975678 0.00696487
v 0.0193564 0.00975931 0.00689236
v 0.0192365 0.00976406 0.00675618
v 0.0192982 0.00976174 0.00682274
v 0.0191714 0.00976627 0.00669286
v 0.0191032 0.00976836 0.00663294
v 0.0189727 0.00977119 0.00650219
v 0.0189581 0.00977215 0.00652392
v 0.0194619 0.00975415 0.00704007
v 0.0191529 0.00777826 0.00634979
v 0.0189922 0.00778191 0.00624542
v 0.0189922 0.00779191 0.00624542
v 0.0193172 0.00777365 0.00648177
v 0.0194667 0.00776846 0.00663031
v 0.0195998 0.00776276 0.00679375
v 0.0197149 0.00775659 0.0069703
v 0.0198108 0.00775004 0.00715798
v 0.0198864 0.00774317 0.00735471
v 0.0199409 0.00773606 0.00755831
v 0.0199737 0.00772879 0.00776651
v 0.0199844 0.00772144 0.007977
v 0.0199729 0.00771409 0.00818745
v 0.0199393 0.00770682 0.00839552
v 0.0198839 0.00769972 0.0085989
v 0.0198075 0.00769286 0.00879532
v 0.0197109 0.00768632 0.00898262
v 0.019595 0.00768017 0.0091587
v 0.0194613 0.00767448 0.00932161
v 0.0193112 0.00766932 0.00946954
v 0.0191463 0.00766473 0.00960086
v 0.0189685 0.00766078 0.00971409
v 0.0187799 0.0076575 0.00980799
v 0.0172119 0.00980738 0.00547361
v 0.0172142 0.00980679 0.00546969
v 0.017227 0.00980296 0.00544755
v 0.0172262 0.00980332 0.00544884
v 0.0172248 0.00980402 0.00545139
v 0.0172373 0.00979802 0.00542958
v 0.0172395 0.00979651 0.00542585
v 0.0172512 0.00978783 0.00540541
v 0.0172495 0.00978945 0.00540839
v 0.0172516 0.00978751 0.00540481
v 0.0172611 0.0097784 0.00538807
v 0.0172631 0.00977604 0.00538467
v 0.0172721 0.00976499 0.00536882
v 0.0172739 0.00976224 0.00536565
v 0.0172822 0.00974936 0.00535085
v 0.0172839 0.00974625 0.00534794
v 0.0172739 0.00976222 0.00536563
v 0.0172915 0.00973168 0.00533436
v 0.0172929 0.00972824 0.00533174
v 0.017284 0.00974596 0.00534768
v 0.0172997 0.00971214 0.00531952
v 0.017301 0.0097084 0.00531722
v 0.0172932 0.00972763 0.00533128
v 0.0173069 0.00969095 0.00530649
v 0.017308 0.00968696 0.00530453
v 0.0173013 0.00970743 0.00531662
v 0.0173129 0.00966834 0.00529541
v 0.0173138 0.00966413 0.00529382
v 0.0173083 0.00968558 0.00530386
v 0.0173177 0.00964454 0.00528641
v 0.0173183 0.00964017 0.0052852
v 0.0173141 0.00966233 0.00529314
v 0.0173212 0.00961982 0.00527957
v 0.0173216 0.00961533 0.00527876
v 0.0173186 0.00963793 0.00528458
v 0.0173234 0.00959444 0.00527498
v 0.0173236 0.00958987 0.00527457
v 0.0173218 0.00961264 0.00527827
v 0.0173243 0.00956867 0.00527267
v 0.0173242 0.00956407 0.00527257
v 0.0173237 0.00958676 0.00527429
v 0.0173242 0.00955819 0.00527244
v 0.0173242 0.00956056 0.00527249
v 0.0172012 0.00980789 0.00549203
v 0.0172 0.00980795 0.00549404
v 0.0171982 0.00980804 0.00549711
v 0.0167726 0.00981417 0.00532157
v 0.0167012 0.00981487 0.00530154
v 0.0169356 0.00981233 0.00537423
v 0.0168762 0.00981315 0.00535065
v 0.0170928 0.00980995 0.00544236
v 0.0170459 0.0098108 0.00541803
v 0.016435 0.00981614 0.00526486
v 0.0163516 0.00981635 0.00525908
v 0.0166052 0.00981544 0.00528506
v 0.0165231 0.00981593 0.00527096
v 0.0163164 0.00981636 0.00525872
v 0.0172031 0.00956009 0.00521034
v 0.0171311 0.00956121 0.00517344
v 0.0171989 0.00956015 0.00520822
v 0.0170238 0.00956248 0.00513211
v 0.0169379 0.00956349 0.005099
v 0.0170216 0.0095625 0.00513126
v 0.0168377 0.00956432 0.0050719
v 0.0168377 0.00956432 0.0050719
v 0.0167381 0.00956514 0.00504494
v 0.0166489 0.00956558 0.0050305
v 0.0166466 0.00956559 0.00503013
v 0.0165336 0.00956615 0.00501183
v 0.016457 0.00956628 0.00500765
v 0.0164524 0.00956629 0.0050074
v 0.0163164 0.00956651 0.005
v 0.0163164 0.00957008 0.00500004
v 0.0163164 0.00957242 0.00500007
v 0.0163164 0.00959831 0.00500203
v 0.0163164 0.00962385 0.00500666
v 0.0163164 0.00959629 0.00500188
v 0.0163164 0.00964743 0.00501353
v 0.0163164 0.00964878 0.00501392
v 0.0163164 0.00967282 0.00502373
v 0.0163164 0.00969502 0.0050356
v 0.0163164 0.00969571 0.00503597
v 0.0163164 0.00971721 0.00505053
v 0.0163164 0.00973696 0.00506712
v 0.0163164 0.00973709 0.00506723
v 0.0163164 0.00975512 0.00508591
v 0.0163164 0.00977112 0.00510635
v 0.0163164 0.00977136 0.00510673
v 0.0163164 0.00978492 0.00512835
v 0.0163164 0.00979636 0.00515166
v 0.0163164 0.00979673 0.00515266
v 0.0163164 0.00980532 0.00517602
v 0.0163164 0.0098117 0.00520119
v 0.0163164 0.00981195 0.00520287
v 0.0163164 0.00981544 0.00522688
v 0.0163164 0.0098165 0.00525282
v 0.0163164 0.00981644 0.00525516
v 0.0172039 0.00958904 0.00520971
v 0.0172031 0.00956369 0.00521041
v 0.0170247 0.00956555 0.00512995
v 0.0170244 0.00959177 0.00513165
v 0.0168383 0.00956766 0.00506969
v 0.0168381 0.00959388 0.00507141
v 0.016647 0.00956912 0.00502784
v 0.0166469 0.00959534 0.00502958
v 0.0164523 0.00957059 0.00500747
v 0.0172024 0.00961495 0.00521383
v 0.0170231 0.00961767 0.00513591
v 0.0168372 0.00961977 0.00507579
v 0.0166463 0.00962123 0.00503403
v 0.0164524 0.00959614 0.00500654
v 0.0171996 0.00964025 0.00522037
v 0.0170209 0.00964296 0.00514269
v 0.0168355 0.00964506 0.00508276
v 0.0166452 0.00964651 0.00504113
v 0.0164522 0.00962203 0.00501103
v 0.0171956 0.00966466 0.00522925
v 0.0170177 0.00966736 0.00515192
v 0.0168332 0.00966945 0.00509225
v 0.0166437 0.0096709 0.00505081
v 0.0164518 0.00964731 0.0050182
v 0.0171905 0.00968792 0.00524037
v 0.0170137 0.00969061 0.00516349
v 0.0168302 0.00969268 0.00510416
v 0.0166418 0.00969412 0.00506296
v 0.0164511 0.00967169 0.00502798
v 0.0171843 0.00970977 0.00525361
v 0.0170088 0.00971244 0.00517726
v 0.0168266 0.0097145 0.00511836
v 0.0166395 0.00971592 0.00507744
v 0.0164503 0.00969491 0.00504026
v 0.0171772 0.00972996 0.00526882
v 0.017003 0.00973261 0.0051931
v 0.0168224 0.00973465 0.00513468
v 0.0166368 0.00973607 0.0050941
v 0.0164494 0.0097167 0.00505491
v 0.0171691 0.00974828 0.00528583
v 0.0169966 0.0097509 0.00521083
v 0.0168176 0.00975293 0.00515295
v 0.0166338 0.00975433 0.00511276
v 0.0164483 0.00973684 0.00507175
v 0.0171602 0.00976452 0.00530447
v 0.0169895 0.00976711 0.00523025
v 0.0168123 0.00976912 0.00517297
v 0.0166305 0.0097705 0.00513319
v 0.016447 0.0097551 0.00509062
v 0.0171505 0.0097785 0.00532451
v 0.0169817 0.00978107 0.00525114
v 0.0168066 0.00978304 0.00519452
v 0.0166268 0.00978442 0.00515519
v 0.0164456 0.00977126 0.00511128
v 0.0171402 0.00979007 0.00534575
v 0.0169735 0.0097926 0.00527327
v 0.0168006 0.00979456 0.00521735
v 0.016623 0.00979591 0.00517851
v 0.0164441 0.00978517 0.00513353
v 0.0171294 0.00979909 0.00536793
v 0.0169649 0.0098016 0.00529641
v 0.0167942 0.00980353 0.00524121
v 0.0166189 0.00980486 0.00520288
v 0.0164425 0.00979665 0.00515711
v 0.0171182 0.00980548 0.00539083
v 0.016956 0.00980795 0.00532029
v 0.0167876 0.00980985 0.00526585
v 0.0166147 0.00981117 0.00522804
v 0.0164408 0.0098056 0.00518177
v 0.0171067 0.00980916 0.00541419
v 0.0169468 0.00981159 0.00534465
v 0.0167808 0.00981347 0.00529099
v 0.0166105 0.00981477 0.00525372
v 0.016439 0.00981189 0.00520722
v 0.0170951 0.00981008 0.00543774
v 0.0169375 0.00981248 0.00536922
v 0.016774 0.00981433 0.00531634
v 0.0166061 0.00981561 0.00527962
v 0.0164372 0.00981548 0.00523319
v 0.0164354 0.00981631 0.00525939
v 0.0173242 0.00782588 0.00527244
v 0.0154483 0.00981582 0.00523153
v 0.0154483 0.00981523 0.00522691
v 0.0154483 0.00981548 0.00522891
v 0.0154483 0.00981257 0.00520584
v 0.0154483 0.00981149 0.00520124
v 0.0154483 0.00981188 0.0052029
v 0.0154483 0.00980668 0.00518062
v 0.0154483 0.00980511 0.00517609
v 0.0154483 0.00980557 0.00517741
v 0.0154483 0.00979822 0.00515615
v 0.0154483 0.00979616 0.00515175
v 0.0154483 0.00979662 0.00515273
v 0.0154483 0.00978727 0.00513269
v 0.0154483 0.00978473 0.00512846
v 0.0154483 0.00978512 0.00512912
v 0.0154483 0.00977395 0.00511049
v 0.0154483 0.00977095 0.00510649
v 0.0154483 0.00977122 0.00510685
v 0.0154483 0.00975841 0.00508978
v 0.0154483 0.00975496 0.00508606
v 0.0154483 0.00975505 0.00508616
v 0.0154483 0.00974081 0.00507079
v 0.0154483 0.00973694 0.0050674
v 0.0154483 0.00973681 0.00506728
v 0.0154483 0.00972134 0.00505373
v 0.0154483 0.00971708 0.00505071
v 0.0154483 0.00970021 0.00503876
v 0.0154483 0.00971668 0.00505043
v 0.0154483 0.0096956 0.00503617
v 0.0154483 0.00967765 0.00502607
v 0.0154483 0.0096949 0.00503578
v 0.0154483 0.00967273 0.00502394
v 0.0154483 0.00965389 0.00501577
v 0.0154483 0.0096717 0.00502349
v 0.0154483 0.00964871 0.00501414
v 0.0154483 0.0096292 0.00500799
v 0.0154483 0.00964734 0.00501371
v 0.0154483 0.00962381 0.00500689
v 0.0154483 0.00960383 0.0050028
v 0.0154483 0.0096221 0.00500654
v 0.0154483 0.00959828 0.00500226
v 0.0154483 0.00957807 0.00500027
v 0.0154483 0.00959623 0.00500206
v 0.0154483 0.00957241 0.00500014
v 0.0154483 0.00956651 0.005
v 0.0154483 0.00957004 0.00500008
v 0.0154483 0.00981629 0.00525516
v 0.0154483 0.00981624 0.00525283
v 0.0129567 0.00960666 0.005
v 0.0129568 0.0096102 0.00500027
v 0.0129575 0.00963051 0.00500184
v 0.0129578 0.00963638 0.0050023
v 0.0129578 0.00963739 0.00500237
v 0.0129585 0.00965636 0.00500602
v 0.0129587 0.00966282 0.00500727
v 0.0129594 0.00968162 0.00501296
v 0.0129587 0.00966212 0.00500713
v 0.0129596 0.0096876 0.00501477
v 0.0129603 0.00970603 0.0050225
v 0.0129596 0.00968719 0.00501464
v 0.0129605 0.00971147 0.00502479
v 0.0129611 0.0097293 0.00503455
v 0.0129605 0.0097113 0.00502472
v 0.0129613 0.00973419 0.00503723
v 0.0129619 0.00975118 0.00504898
v 0.012962 0.00975549 0.00505196
v 0.0129627 0.00977516 0.00506881
v 0.0129627 0.0097752 0.00506885
v 0.0129626 0.00977143 0.00506561
v 0.0129633 0.00979298 0.0050876
v 0.0129633 0.00979306 0.00508771
v 0.0129632 0.00978983 0.00508428
v 0.0129638 0.00980876 0.00510814
v 0.0129638 0.00980886 0.00510831
v 0.0129637 0.00980618 0.00510478
v 0.0129642 0.00982234 0.0051302
v 0.0129642 0.00982244 0.00513041
v 0.0129641 0.00982029 0.00512688
v 0.0129645 0.00983357 0.00515355
v 0.0129645 0.00983365 0.00515379
v 0.0129644 0.00983202 0.00515033
v 0.0129647 0.00984232 0.00517794
v 0.0129647 0.00984238 0.00517819
v 0.0129646 0.00984122 0.00517489
v 0.0129647 0.00984781 0.00520027
v 0.0129647 0.0098485 0.00520309
v 0.0129647 0.00984854 0.00520336
v 0.0129647 0.00985171 0.00522621
v 0.0129647 0.00985206 0.00522876
v 0.0129647 0.00985217 0.00522946
v 0.0129647 0.00985579 0.00525195
v 0.0129647 0.00985632 0.00525519
v 0.0109249 0.00994504 0.0052534
v 0.0109196 0.00971368 0.00500256
v 0.01092 0.00971965 0.0050034
v 0.0109184 0.00969564 0.00500001
v 0.010921 0.00973409 0.00500544
v 0.0109218 0.00974543 0.00500704
v 0.0109232 0.00976719 0.00501472
v 0.0109234 0.00976989 0.00501567
v 0.010924 0.0097788 0.00501882
v 0.0109258 0.00980681 0.00503178
v 0.0109264 0.00981663 0.00503754
v 0.010925 0.0097937 0.00502571
v 0.010925 0.00979428 0.00502598
v 0.0109273 0.00983081 0.00504584
v 0.0109277 0.00983617 0.00504974
v 0.0109278 0.00983844 0.00505139
v 0.0109265 0.00981693 0.00503771
v 0.0109271 0.0098268 0.00504349
v 0.0109286 0.00985167 0.005061
v 0.010929 0.00985881 0.00506737
v 0.0109282 0.00984456 0.00505584
v 0.0109297 0.00987008 0.00507744
v 0.0109301 0.0098774 0.00508547
v 0.0109291 0.00985993 0.00506838
v 0.0109295 0.00986704 0.00507473
v 0.0109305 0.00988647 0.00509542
v 0.0109309 0.00989273 0.00510392
v 0.0109302 0.00988083 0.00508923
v 0.0109313 0.00990116 0.00511537
v 0.0109315 0.00990673 0.00512493
v 0.0109309 0.00989393 0.00510555
v 0.0109311 0.00989758 0.0051105
v 0.0109318 0.00991426 0.00513786
v 0.0109319 0.00991546 0.0051405
v 0.010932 0.00991916 0.00514868
v 0.0109316 0.00990815 0.00512736
v 0.0109321 0.00992458 0.00516066
v 0.0109322 0.00992917 0.00517419
v 0.010932 0.00992002 0.00515058
v 0.0109321 0.00992288 0.0051569
v 0.0109322 0.00992942 0.00517493
v 0.0109323 0.00993219 0.0051831
v 0.0109323 0.00993333 0.00518647
v 0.0109294 0.00993783 0.00521216
v 0.0109283 0.00993962 0.00522241
v 0.0109308 0.00993576 0.00520033
v 0.0109306 0.00993606 0.00520207
v 0.0109279 0.00994026 0.0052261
v 0.0109271 0.00994152 0.0052333
v 0.0109259 0.00994346 0.00524435
v 0.010925 0.00994474 0.00525168
v 0.01 0.00976969 0.00500286
v 0.01 0.00978786 0.00500597
v 0.01 0.00980357 0.00500866
v 0.01 0.0098188 0.00501127
v 0.01 0.00982211 0.00501184
v 0.01 0.00983192 0.0050148
v 0.01 0.0098446 0.00501864
v 0.01 0.00985596 0.00502207
v 0.01 0.00986058 0.00502346
v 0.01 0.00986579 0.00502539
v 0.01 0.00987654 0.00503007
v 0.01 0.00988598 0.00503418
v 0.01 0.0098935 0.00503745
v 0.01 0.00990277 0.00504265
v 0.01 0.00991122 0.00504738
v 0.01 0.00991518 0.00504959
v 0.01 0.00991924 0.00505243
v 0.01 0.00992651 0.00505752
v 0.01 0.00993284 0.00506195
v 0.01 0.00993364 0.00506258
v 0.01 0.00993702 0.00506528
v 0.01 0.00994477 0.00507232
v 0.01 0.00995094 0.00507791
v 0.01 0.00995593 0.00508346
v 0.01 0.00996313 0.00509146
v 0.01 0.00996585 0.0050952
v 0.01 0.00997034 0.00510139
v 0.01 0.00997375 0.00510608
v 0.01 0.00997786 0.00511276
v 0.01 0.00997866 0.0051143
v 0.01 0.00998567 0.00512776
v 0.01 0.00998888 0.00513574
v 0.01 0.00999216 0.00514388
v 0.01 0.00999448 0.00515167
v 0.01 0.00999734 0.00516131
v 0.01 0.00999901 0.00516928
v 0.01 0.0100005 0.00517642
v 0.01 0.0100021 0.00518902
v 0.01 0.0100033 0.0051989
v 0.01 0.0100033 0.00520002
v 0.01 0.0100037 0.00521136
v 0.01 0.0100041 0.00522399
v 0.01 0.0100028 0.00523693
v 0.0101657 0.00999125 0.00525168
v 0.01 0.0100041 0.00522349
v 0.0103199 0.00998186 0.00525203
v 0.0104744 0.00997246 0.00525238
v 0.010617 0.00996378 0.0052527
v 0.0107599 0.00995508 0.00525303
v 0.0108935 0.00994695 0.00525333
v 0.0105183 0.00972061 0.00500001
v 0.0104625 0.00972409 0.00500001
v 0.0100438 0.00975022 0.005
v 0.01 0.00975296 0.005
v 0.0104619 0.00997321 0.00525235
v 0.01 0.0100013 0.0052513
v 0.01 0.00998588 0.00512828
v 0.0102271 0.00977965 0.00500852
v 0.0104642 0.00977403 0.00501147
v 0.0104637 0.00975729 0.00500729
v 0.0102281 0.00980877 0.00501621
v 0.0104651 0.00980222 0.00502017
v 0.0104647 0.00978839 0.00501563
v 0.0104654 0.00981427 0.00502463
v 0.0102285 0.00982123 0.00502021
v 0.0102288 0.00983323 0.00502452
v 0.010466 0.00983616 0.0050341
v 0.0102291 0.00984385 0.00502877
v 0.0102293 0.00985408 0.00503329
v 0.0102295 0.00986326 0.00503774
v 0.0102297 0.00987209 0.00504243
v 0.0104665 0.00986349 0.005049
v 0.0102299 0.00988012 0.00504706
v 0.01023 0.00988784 0.00505191
v 0.0104667 0.00987874 0.00505925
v 0.0102301 0.00989569 0.00505726
v 0.0102302 0.00990319 0.00506285
v 0.0104668 0.00989361 0.00507102
v 0.0102302 0.00991002 0.00506839
v 0.0102303 0.00991654 0.00507415
v 0.0104668 0.00990655 0.00508309
v 0.0102303 0.00992192 0.00507928
v 0.0102302 0.00992706 0.00508457
v 0.0104668 0.00991677 0.00509419
v 0.0102302 0.0099324 0.00509052
v 0.0102302 0.00993747 0.00509665
v 0.0104666 0.00992689 0.00510699
v 0.0102301 0.00994221 0.00510289
v 0.01023 0.00994669 0.00510932
v 0.0104664 0.00993586 0.00512037
v 0.0104662 0.00993997 0.00512733
v 0.0102299 0.0099509 0.00511592
v 0.0102298 0.00995484 0.00512271
v 0.0104661 0.00994382 0.00513447
v 0.0102296 0.00995856 0.00512977
v 0.0104659 0.00994746 0.00514188
v 0.0102294 0.009962 0.00513701
v 0.0104657 0.00995083 0.00514947
v 0.0102292 0.00996525 0.00514462
v 0.0104654 0.00995402 0.00515744
v 0.010229 0.00996821 0.00515242
v 0.0104652 0.00995693 0.0051656
v 0.0104649 0.00995967 0.00517425
v 0.0102287 0.00997098 0.00516071
v 0.0102285 0.00997344 0.0051692
v 0.0104642 0.00996435 0.00519261
v 0.0102282 0.0099757 0.00517833
v 0.0102278 0.00997762 0.00518768
v 0.0104634 0.00996796 0.0052129
v 0.0102274 0.00997929 0.00519784
v 0.0102274 0.00997984 0.00519853
v 0.0102265 0.00976236 0.00500488
v 0.0104631 0.00973986 0.0050036
v 0.0107015 0.0097701 0.00501346
v 0.010701 0.00975369 0.00500866
v 0.0107004 0.0097366 0.00500439
v 0.0102276 0.00979449 0.00501217
v 0.0107024 0.00979769 0.00502331
v 0.010702 0.00978417 0.00501818
v 0.0104657 0.00982588 0.00502942
v 0.010703 0.00982082 0.00503366
v 0.0107027 0.00980948 0.00502831
v 0.0104662 0.00984606 0.00503905
v 0.0107034 0.0098405 0.00504437
v 0.0107032 0.00983084 0.00503887
v 0.0104664 0.00985494 0.00504391
v 0.0107037 0.00985747 0.00505538
v 0.0107036 0.00984915 0.00504975
v 0.0108225 0.0098549 0.00505874
v 0.0108224 0.0098467 0.00505277
v 0.0108223 0.00983817 0.00504705
v 0.0101117 0.00988692 0.00504271
v 0.0101118 0.00989486 0.00504733
v 0.0104666 0.00987126 0.00505402
v 0.0101115 0.00987868 0.00503831
v 0.0107039 0.00987227 0.00506666
v 0.0107038 0.00986501 0.00506091
v 0.0108227 0.00986947 0.00507071
v 0.0108226 0.00986234 0.00506461
v 0.0101119 0.00990292 0.00505245
v 0.010112 0.00991064 0.00505781
v 0.0104668 0.00988633 0.00506502
v 0.0107039 0.00987964 0.00507298
v 0.0108228 0.00987671 0.0050774
v 0.010704 0.00988668 0.00507955
v 0.0101121 0.00991765 0.00506312
v 0.0101122 0.00992435 0.00506866
v 0.0104668 0.00990023 0.00507695
v 0.010704 0.00989307 0.00508603
v 0.0108228 0.00988988 0.0050912
v 0.0107039 0.00989917 0.00509273
v 0.0108228 0.00988362 0.00508435
v 0.0101122 0.00992987 0.0050736
v 0.0101122 0.00993516 0.00507871
v 0.0104668 0.00991177 0.00508856
v 0.0107039 0.00990419 0.00509869
v 0.0108227 0.00990075 0.00510455
v 0.0107038 0.009909 0.00510481
v 0.0108227 0.00989585 0.00509827
v 0.0101122 0.00994064 0.00508445
v 0.0104667 0.00992196 0.00510049
v 0.0107037 0.00991398 0.00511165
v 0.0108225 0.00991028 0.00511821
v 0.0107036 0.0099187 0.00511869
v 0.0108226 0.00990543 0.005111
v 0.0101121 0.00995069 0.00509643
v 0.0104665 0.0099315 0.00511359
v 0.0101122 0.00994583 0.00509038
v 0.0107035 0.0099231 0.00512583
v 0.0108224 0.00991486 0.00512561
v 0.010112 0.00995959 0.00510908
v 0.0101121 0.00995528 0.00510267
v 0.0107032 0.00993116 0.00514068
v 0.0107033 0.00992726 0.00513317
v 0.0101117 0.00996742 0.00512256
v 0.0101116 0.00997093 0.00512962
v 0.0101119 0.00996362 0.00511569
v 0.0107028 0.00993823 0.00515635
v 0.010703 0.0099348 0.00514838
v 0.0101114 0.00997424 0.00513705
v 0.0107022 0.00994438 0.00517307
v 0.0107025 0.0099414 0.00516452
v 0.0107016 0.0099496 0.00519109
v 0.0104646 0.00996211 0.00518311
v 0.0107019 0.00994709 0.00518182
v 0.0107009 0.00995386 0.00521071
v 0.0104638 0.00996627 0.00520234
v 0.0107013 0.00995183 0.00520056
v 0.0104624 0.00997028 0.00523581
v 0.0104629 0.00996905 0.0052237
v 0.0104618 0.00997255 0.00524824
v 0.0107004 0.00995557 0.0052211
v 0.0108223 0.00991913 0.00513312
v 0.0106996 0.00971622 0.00500014
v 0.0102259 0.00974437 0.00500173
v 0.01 0.0078254 0.005
v 0.0163164 0.0078254 0.005
v 0.0164571 0.00782522 0.00500496
v 0.0166493 0.00782442 0.0050279
v 0.0168384 0.00782298 0.00506931
v 0.0170226 0.0078209 0.00512881
v 0.0172002 0.00781821 0.00520583
v 0.0173242 0.00781588 0.00527244
v 0.0189871 0.00779191 0.00625406
v 0.0173191 0.00782588 0.00528108
v 0.0189871 0.00778191 0.00625406
v 0.0173191 0.00781588 0.00528108
v 0.0101353 0.00792176 0.00224047
v 0.0100065 0.00790794 0.00263637
v 0.0100005 0.00790539 0.00270938
v 0.01005 0.00791509 0.00243164
v 0.0100276 0.00791242 0.00250783
v 0.0100876 0.0079185 0.00233382
v 0.01 0.00790428 0.00274104
v 0.0100229 0.00791155 0.00253287
v 0.0100089 0.00790892 0.00260818
v 0.0100566 0.00791586 0.00240941
v 0.0105958 0.0079362 0.00182709
v 0.0105184 0.00793488 0.00186466
v 0.0106937 0.0079375 0.00178967
v 0.0106096 0.00793643 0.0018204
v 0.010795 0.00793844 0.00176273
v 0.0107053 0.00793765 0.00178545
v 0.0108986 0.00793901 0.00174657
v 0.0108046 0.00793853 0.00176031
v 0.0100958 0.00791919 0.00231399
v 0.0104144 0.00793255 0.00193154
v 0.0103473 0.00793074 0.00198344
v 0.0105024 0.00793454 0.00187457
v 0.010431 0.007933 0.00191867
v 0.0101925 0.00792483 0.00215263
v 0.0101449 0.00792238 0.00222264
v 0.0102585 0.00792767 0.00207128
v 0.0102035 0.00792539 0.00213643
v 0.0103328 0.00793025 0.00199731
v 0.0102711 0.00792819 0.00205636
v 0.0110034 0.00793919 0.00174136
v 0.0109065 0.00793905 0.00174542
v 0.0111081 0.00793899 0.00174718
v 0.01101 0.0079392 0.00174109
v 0.0112116 0.0079384 0.00176396
v 0.0111139 0.00793897 0.00174754
v 0.0113128 0.00793744 0.00179152
v 0.0112171 0.00793837 0.00176489
v 0.0114105 0.00793611 0.00182955
v 0.0113186 0.00793738 0.00179314
v 0.0115039 0.00793444 0.00187726
v 0.0114169 0.00793602 0.0018321
v 0.0114169 -0.00793602 0.0018321
v 0.0115039 -0.00793444 0.00187726
v 0.0114105 -0.00793611 0.00182955
v 0.0113186 -0.00793738 0.00179314
v 0.0113128 -0.00793744 0.00179152
v 0.0112171 -0.00793837 0.00176489
v 0.0112116 -0.0079384 0.00176396
v 0.0111139 -0.00793897 0.00174754
v 0.0111081 -0.00793899 0.00174718
v 0.01101 -0.0079392 0.00174109
v 0.0109065 -0.00793905 0.00174542
v 0.0108986 -0.00793901 0.00174657
v 0.0110034 -0.00793919 0.00174136
v 0.0108046 -0.00793853 0.00176031
v 0.010795 -0.00793844 0.00176273
v 0.0107053 -0.00793765 0.00178545
v 0.0106937 -0.0079375 0.00178967
v 0.0106096 -0.00793643 0.0018204
v 0.0105958 -0.0079362 0.00182709
v 0.0105184 -0.00793488 0.00186466
v 0.0105024 -0.00793454 0.00187457
v 0.010431 -0.007933 0.00191867
v 0.0104144 -0.00793255 0.00193154
v 0.0103473 -0.00793074 0.00198344
v 0.0103328 -0.00793025 0.00199731
v 0.0102711 -0.00792819 0.00205636
v 0.0102585 -0.00792767 0.00207128
v 0.0102035 -0.00792539 0.00213643
v 0.0101925 -0.00792483 0.00215263
v 0.0101449 -0.00792238 0.00222264
v 0.0101353 -0.00792176 0.00224047
v 0.0100958 -0.00791919 0.00231399
v 0.0100876 -0.0079185 0.00233382
v 0.0100566 -0.00791586 0.00240941
v 0.01005 -0.00791509 0.00243164
v 0.0100276 -0.00791242 0.00250783
v 0.0100229 -0.00791155 0.00253287
v 0.0100089 -0.00790892 0.00260818
v 0.0100065 -0.00790794 0.00263637
v 0.0100005 -0.00790539 0.00270938
v 0.01 -0.00790428 0.00274104
v 0.01 -0.0078254 0.005
v 0.0173242 -0.00781588 0.00527244
v 0.0172002 -0.00781821 0.00520583
v 0.0164571 -0.00782522 0.00500496
v 0.0163164 -0.0078254 0.005
v 0.0170226 -0.0078209 0.00512881
v 0.0166493 -0.00782442 0.0050279
v 0.0168384 -0.00782298 0.00506931
v 0.01 -0.00987402 0.00503163
v 0.01 -0.00988102 0.00503507
v 0.01 -0.00986906 0.00502949
v 0.01 -0.00987106 0.00503036
v 0.01 -0.00993588 0.00506958
v 0.01 -0.00993988 0.00507334
v 0.01 -0.00991572 0.00505432
v 0.01 -0.00992319 0.00505987
v 0.01 -0.00989624 0.00504253
v 0.01 -0.00989931 0.00504439
v 0.01 -0.00984908 0.00502225
v 0.01 -0.00981078 0.00501086
v 0.01 -0.00982428 0.00501441
v 0.01 -0.00993281 0.00506701
v 0.01 -0.00993052 0.00506531
v 0.01 -0.00990761 0.00504941
v 0.01 -0.00989034 0.00503963
v 0.01 -0.0098358 0.00501744
v 0.01 -0.00983739 0.00501801
v 0.01 -0.00979723 0.0050073
v 0.01 -0.015 0.00573764
v 0.01 -0.00999554 0.00516481
v 0.01 -0.0099961 0.00516736
v 0.01 -0.0100003 0.00518646
v 0.01 -0.0100005 0.00518866
v 0.01 -0.00999831 0.00517752
v 0.01 -0.0099829 0.00513079
v 0.01 -0.00998687 0.00513978
v 0.01 -0.00994629 0.00507937
v 0.01 -0.0100019 0.0052002
v 0.01 -0.00999319 0.00515758
v 0.01 -0.00998887 0.0051443
v 0.01 -0.00999025 0.00514853
v 0.01 -0.00998128 0.00512713
v 0.01 -0.00994955 0.00508244
v 0.01 -0.00995239 0.00508568
v 0.01 -0.00975248 0.005
v 0.01 -0.0097801 0.00500451
v 0.01 -0.00997386 0.00511413
v 0.01 -0.00997844 0.00512215
v 0.01 -0.00997181 0.00511053
v 0.01 -0.00996371 0.00509919
v 0.01 -0.00996887 0.00510641
v 0.01 -0.00995815 0.00509226
v 0.01 -0.00996147 0.00509605
v 0.01 -0.0100034 0.00521317
v 0.01 -0.0100029 0.00522599
v 0.01 -0.0100002 0.00573764
v 0.01 -0.010002 0.00524893
v 0.010226 -0.00973849 0.005
v 0.0101887 -0.0097408 0.005
v 0.0109197 -0.00971993 0.00500169
v 0.0109198 -0.00972287 0.0050019
v 0.0105911 -0.00971589 0.00500001
v 0.0104625 -0.00972385 0.00500001
v 0.0109192 -0.00971031 0.00500103
v 0.01092 -0.00972711 0.00500264
v 0.010921 -0.00974574 0.00500593
v 0.0109211 -0.00974832 0.00500638
v 0.0109217 -0.00976083 0.00500996
v 0.0109222 -0.00977097 0.00501285
v 0.0109224 -0.00977317 0.00501348
v 0.0109225 -0.0097757 0.00501449
v 0.0109232 -0.00978949 0.00502004
v 0.0109235 -0.00979534 0.00502238
v 0.0109236 -0.00979715 0.00502311
v 0.0109244 -0.00981394 0.00503197
v 0.0109247 -0.00981858 0.00503442
v 0.0109247 -0.00982001 0.00503517
v 0.0109255 -0.00983494 0.00504516
v 0.0109258 -0.00984043 0.00504883
v 0.0109259 -0.0098415 0.00504954
v 0.0109269 -0.00986065 0.00506545
v 0.0109269 -0.00986139 0.00506606
v 0.0109265 -0.00985312 0.00505919
v 0.0109269 -0.00986162 0.0050663
v 0.0109273 -0.00986903 0.00507388
v 0.0109277 -0.0098762 0.00508121
v 0.0109278 -0.00987903 0.0050841
v 0.0109278 -0.00987946 0.00508454
v 0.0109284 -0.00988938 0.00509705
v 0.0109287 -0.00989535 0.00510458
v 0.0109287 -0.00989553 0.0051048
v 0.0109287 -0.00989578 0.00510519
v 0.0109288 -0.00989786 0.00510845
v 0.0109291 -0.00990323 0.00511689
v 0.0109294 -0.00990863 0.00512537
v 0.0109295 -0.00990942 0.00512661
v 0.0109295 -0.00990944 0.00512666
v 0.01093 -0.009918 0.00514378
v 0.0109302 -0.00992098 0.00514975
v 0.0109302 -0.00992112 0.00515011
v 0.0109305 -0.00992616 0.00516351
v 0.0109307 -0.00993009 0.00517396
v 0.0109307 -0.00993027 0.00517465
v 0.0109309 -0.00993297 0.00518495
v 0.0109312 -0.00993665 0.00519898
v 0.0109311 -0.00993602 0.00519658
v 0.0109312 -0.00993681 0.00520002
v 0.0109313 -0.00993811 0.00520843
v 0.0109315 -0.00994059 0.00522456
v 0.0109315 -0.00994078 0.00522592
v 0.0109316 -0.0099416 0.00523171
v 0.0109319 -0.00994443 0.00525173
v 0.0108807 -0.00994742 0.00525163
v 0.0107531 -0.00995489 0.00525137
v 0.0106258 -0.00996233 0.00525111
v 0.010699 -0.00995805 0.00525126
v 0.0104896 -0.00997029 0.00525084
v 0.0104617 -0.00997159 0.0052508
v 0.0102776 -0.00998019 0.00525053
v 0.0102254 -0.00998263 0.00525045
v 0.0101912 -0.00998423 0.0052504
v 0.010103 -0.00999055 0.00525219
v 0.0100513 -0.00999617 0.00525196
v 0.0101074 -0.00999024 0.0052521
v 0.0109184 -0.00969564 0.00500001
v 0.0102274 -0.00997602 0.00519725
v 0.0104632 -0.00996556 0.00521126
v 0.0104628 -0.00996792 0.00522313
v 0.0102266 -0.00997997 0.00522062
v 0.0102281 -0.00997079 0.00517655
v 0.010464 -0.00996008 0.0051899
v 0.0104636 -0.00996299 0.00520044
v 0.0104643 -0.009957 0.00518017
v 0.0104646 -0.00995361 0.00517068
v 0.0102284 -0.0099678 0.00516715
v 0.0102287 -0.00996447 0.00515799
v 0.0104649 -0.00994968 0.00516089
v 0.0104652 -0.00994541 0.00515138
v 0.0102289 -0.00996059 0.00514857
v 0.0102291 -0.00995634 0.00513942
v 0.0104654 -0.009941 0.00514255
v 0.0104656 -0.00993628 0.00513397
v 0.0102293 -0.00995194 0.00513095
v 0.0102295 -0.00994719 0.00512273
v 0.0102297 -0.00993708 0.00510758
v 0.0104659 -0.00992626 0.00511809
v 0.0104657 -0.00993141 0.00512592
v 0.0102298 -0.00992596 0.00509365
v 0.0104661 -0.00991531 0.00510344
v 0.010466 -0.00992093 0.00511066
v 0.0102299 -0.00991374 0.00508073
v 0.0104662 -0.00990334 0.00508979
v 0.0104661 -0.00990947 0.00509651
v 0.0102299 -0.00991124 0.00507833
v 0.0104662 -0.00990089 0.00508724
v 0.0102298 -0.00989748 0.00506634
v 0.0104662 -0.00988746 0.00507449
v 0.0104662 -0.00989432 0.00508076
v 0.0102297 -0.0098823 0.00505509
v 0.0104661 -0.00987268 0.00506247
v 0.0104662 -0.00988022 0.00506837
v 0.0102294 -0.00986538 0.00504445
v 0.0104659 -0.00985625 0.00505102
v 0.010466 -0.00986462 0.00505662
v 0.010229 -0.00984636 0.00503439
v 0.0104656 -0.0098378 0.00504011
v 0.0104658 -0.00984719 0.00504543
v 0.0102285 -0.00982479 0.00502489
v 0.0104652 -0.0098169 0.00502973
v 0.0104654 -0.00982754 0.00503477
v 0.0104646 -0.00979296 0.00501992
v 0.0104649 -0.00980514 0.00502466
v 0.0102282 -0.00981265 0.00502029
v 0.0102274 -0.00978598 0.00501177
v 0.010227 -0.00977139 0.00500789
v 0.0104638 -0.00976519 0.00501081
v 0.0102264 -0.00975484 0.00500409
v 0.0104628 -0.00973257 0.0050026
v 0.0102255 -0.00998232 0.00524709
v 0.010108 -0.00999 0.00523823
v 0.0101085 -0.00998933 0.0052249
v 0.010109 -0.00998814 0.00521195
v 0.0101094 -0.00998657 0.00520021
v 0.0106997 -0.0099556 0.00523073
v 0.0106992 -0.00995766 0.00524347
v 0.0101098 -0.00998455 0.00518879
v 0.0101102 -0.00998225 0.00517843
v 0.0107006 -0.00995067 0.00520775
v 0.0107002 -0.00995331 0.0052191
v 0.0101107 -0.00997666 0.00515907
v 0.0101105 -0.00997956 0.00516835
v 0.0107013 -0.00994473 0.00518703
v 0.0107009 -0.00994786 0.00519727
v 0.0101112 -0.00996957 0.0051408
v 0.010111 -0.0099734 0.00515006
v 0.0107019 -0.00993707 0.00516618
v 0.0107016 -0.00994108 0.00517646
v 0.0108207 -0.00993458 0.00517539
v 0.0108204 -0.00993837 0.00518625
v 0.0101116 -0.00996093 0.00512352
v 0.0101114 -0.00996534 0.00513182
v 0.0107024 -0.00992844 0.00514732
v 0.0107021 -0.00993292 0.00515662
v 0.0108212 -0.00992633 0.00515547
v 0.010821 -0.00993062 0.0051653
v 0.0102296 -0.00994229 0.00511504
v 0.0101118 -0.00995121 0.00510797
v 0.0101119 -0.00994593 0.00510071
v 0.0101117 -0.00995616 0.00511548
v 0.0107027 -0.00991889 0.00513009
v 0.0107026 -0.00992382 0.00513858
v 0.0108216 -0.00991711 0.00513725
v 0.0108214 -0.00992188 0.00514624
v 0.0102298 -0.00993167 0.0051005
v 0.0101119 -0.00994044 0.00509383
v 0.010112 -0.00993463 0.00508719
v 0.010703 -0.00990837 0.00511416
v 0.0107029 -0.00991377 0.00512201
v 0.0108218 -0.00990689 0.00512039
v 0.0108217 -0.00991215 0.0051287
v 0.0102299 -0.00992 0.00508708
v 0.010112 -0.00992855 0.00508083
v 0.010112 -0.00992215 0.0050747
v 0.0107031 -0.0098968 0.00509928
v 0.0107031 -0.00990273 0.00510661
v 0.010822 -0.00989556 0.00510463
v 0.0108219 -0.00990137 0.00511239
v 0.010112 -0.00991959 0.00507238
v 0.0107032 -0.00989443 0.00509651
v 0.0101118 -0.00990548 0.00506085
v 0.0102299 -0.00990451 0.00507223
v 0.0101119 -0.00991269 0.0050665
v 0.0107032 -0.00988136 0.00508259
v 0.0107032 -0.00988804 0.00508943
v 0.0108221 -0.00988035 0.00508694
v 0.0108221 -0.00988694 0.00509419
v 0.010822 -0.00989323 0.00510169
v 0.0101116 -0.00988988 0.0050501
v 0.0102298 -0.00989004 0.0050606
v 0.0101118 -0.00989784 0.00505536
v 0.0107031 -0.00986692 0.00506945
v 0.0107032 -0.00987429 0.0050759
v 0.010822 -0.00986605 0.005073
v 0.010822 -0.00987335 0.00507984
v 0.0101113 -0.00987246 0.00503999
v 0.0102295 -0.009874 0.00504965
v 0.0101115 -0.00988134 0.00504492
v 0.010703 -0.00985079 0.00505691
v 0.0107031 -0.00985901 0.00506305
v 0.0101109 -0.00985286 0.00503048
v 0.0102292 -0.00985604 0.00503929
v 0.0101111 -0.00986284 0.0050351
v 0.0107027 -0.00983262 0.00504495
v 0.0107028 -0.00984188 0.00505079
v 0.0101103 -0.00983063 0.00502159
v 0.0102288 -0.00983577 0.0050295
v 0.0101106 -0.00984195 0.00502589
v 0.0107022 -0.00981197 0.00503355
v 0.0107025 -0.00982249 0.0050391
v 0.0107016 -0.00978824 0.00502277
v 0.0107019 -0.00980032 0.00502798
v 0.0102279 -0.00980007 0.00501602
v 0.0104642 -0.00977932 0.00501518
v 0.0107012 -0.0097747 0.00501753
v 0.0104633 -0.00974918 0.00500648
v 0.0104623 -0.00996988 0.00523531
v 0.0104618 -0.00997154 0.00524872
v 0.0111367 -0.00993541 0.00525216
v 0.0129646 -0.0098549 0.00525602
v 0.0119165 -0.00990606 0.00560695
v 0.00999789 -0.00999994 0.00586763
v 0.00996573 -0.0100013 0.00626011
v 0.00998712 -0.0100004 0.00599908
v 0.0129646 -0.009855 0.00525247
v 0.0129646 -0.00985493 0.00525512
v 0.0129647 -0.00985565 0.00522886
v 0.0129647 -0.00985565 0.0052289
v 0.0129646 -0.00985522 0.00522573
v 0.0129645 -0.00985121 0.00519944
v 0.0129645 -0.00985205 0.00520287
v 0.0129646 -0.00985213 0.00520321
v 0.0129643 -0.00984443 0.00517374
v 0.0129643 -0.00984573 0.00517737
v 0.0129644 -0.00984597 0.00517806
v 0.012964 -0.00983497 0.00514892
v 0.0129641 -0.00983677 0.00515268
v 0.0129641 -0.00983725 0.00515368
v 0.0129636 -0.00982294 0.00512526
v 0.0129637 -0.00982528 0.00512906
v 0.0129637 -0.00982606 0.00513034
v 0.0129632 -0.00980849 0.00510302
v 0.0129632 -0.00981137 0.00510679
v 0.0129633 -0.00981252 0.00510828
v 0.0129626 -0.00979177 0.00508247
v 0.0129627 -0.0097952 0.00508609
v 0.0129628 -0.00979676 0.00508774
v 0.012962 -0.009773 0.00506381
v 0.0129621 -0.00977696 0.00506721
v 0.0129622 -0.00977897 0.00506894
v 0.0129614 -0.00975238 0.00504727
v 0.0129615 -0.00975683 0.00505035
v 0.0129616 -0.00975933 0.00505208
v 0.0129606 -0.00973016 0.00503301
v 0.0129608 -0.00973505 0.0050357
v 0.0129609 -0.00973805 0.00503735
v 0.0129599 -0.00970659 0.0050212
v 0.0129601 -0.00971186 0.00502342
v 0.0129602 -0.00971537 0.00502489
v 0.0129591 -0.00968194 0.00501195
v 0.0129593 -0.0096875 0.00501363
v 0.0129594 -0.00969151 0.00501485
v 0.0129586 -0.00966675 0.00500733
v 0.0129583 -0.0096565 0.00500535
v 0.0129585 -0.00966226 0.00500646
v 0.0129578 -0.00964134 0.00500242
v 0.0129574 -0.00963052 0.00500166
v 0.0129576 -0.0096364 0.00500207
v 0.0129567 -0.00960666 0.005
v 0.0129568 -0.0096102 0.00500025
v 0.0154483 -0.00956651 0.005
v 0.0163164 -0.00956651 0.005
v 0.0154483 -0.00981635 0.00525872
v 0.0154483 -0.00981625 0.00525517
v 0.0154483 -0.0098155 0.0052289
v 0.0154483 -0.00981619 0.00525283
v 0.0154483 -0.00981544 0.00522688
v 0.0154483 -0.00981195 0.00520288
v 0.0154483 -0.0098117 0.00520119
v 0.0154483 -0.00980566 0.00517737
v 0.0154483 -0.00980532 0.00517602
v 0.0154483 -0.00979673 0.00515267
v 0.0154483 -0.00979636 0.00515166
v 0.0154483 -0.00978526 0.00512904
v 0.0154483 -0.00978492 0.00512835
v 0.0154483 -0.00977136 0.00510674
v 0.0154483 -0.00977112 0.00510635
v 0.0154483 -0.00975521 0.00508602
v 0.0154483 -0.00975512 0.00508591
v 0.0154483 -0.00973695 0.00506712
v 0.0154483 -0.00973709 0.00506723
v 0.0154483 -0.00971681 0.00505025
v 0.0154483 -0.00971721 0.00505053
v 0.0154483 -0.009695 0.00503559
v 0.0154483 -0.00969571 0.00503597
v 0.0154483 -0.00967178 0.00502331
v 0.0154483 -0.00967282 0.00502373
v 0.0154483 -0.00964741 0.00501352
v 0.0154483 -0.00964878 0.00501392
v 0.0154483 -0.00962214 0.00500635
v 0.0154483 -0.00962385 0.00500666
v 0.0154483 -0.00959625 0.00500187
v 0.0154483 -0.00959831 0.00500203
v 0.0154483 -0.00957004 0.00500004
v 0.0154483 -0.00957242 0.00500007
v 0.00999142 -0.015 0.00599944
v 0.00996573 -0.015 0.00626011
v 0.00946145 -0.015 0.0100878
v 0.00946145 -0.0100012 0.0100878
v 0.0125051 -0.00978165 0.00939934
v 0.0129014 -0.00977329 0.00931035
v 0.0128788 -0.00977377 0.00931543
v 0.0162185 -0.00971495 0.00816926
v 0.0163042 -0.00970156 0.00854633
v 0.0163165 -0.00959627 0.005002
v 0.0163165 -0.00957818 0.00500021
v 0.0163165 -0.00957242 0.00500011
v 0.0163165 -0.00960395 0.00500275
v 0.0163165 -0.00959829 0.0050022
v 0.0163165 -0.00962214 0.00500648
v 0.0163165 -0.00962382 0.00500683
v 0.0163165 -0.00964739 0.00501365
v 0.0163165 -0.00962931 0.00500795
v 0.0163165 -0.009654 0.00501574
v 0.0163165 -0.00964873 0.00501408
v 0.0163165 -0.00967175 0.00502344
v 0.0163165 -0.00967275 0.00502388
v 0.0163165 -0.00967775 0.00502604
v 0.0163165 -0.00969495 0.00503573
v 0.0163165 -0.00969563 0.00503611
v 0.0163165 -0.00971673 0.00505038
v 0.0163165 -0.00970031 0.00503874
v 0.0163166 -0.00973685 0.00506724
v 0.0163166 -0.00972143 0.00505371
v 0.0163165 -0.00971712 0.00505066
v 0.0163166 -0.00974089 0.00507078
v 0.0163166 -0.00973698 0.00506736
v 0.0163165 -0.00975848 0.00508978
v 0.0163165 -0.009755 0.00508602
v 0.0163165 -0.00977099 0.00510646
v 0.0163165 -0.00977126 0.00510682
v 0.0163165 -0.00977401 0.00511049
v 0.0163165 -0.00978477 0.00512844
v 0.0163165 -0.00978732 0.00513269
v 0.0163165 -0.0097962 0.00515173
v 0.0163165 -0.00979826 0.00515616
v 0.0163165 -0.00979665 0.00515271
v 0.0163165 -0.00980671 0.00518063
v 0.0163165 -0.00980515 0.00517608
v 0.0163165 -0.00981152 0.00520123
v 0.0163165 -0.00981259 0.00520584
v 0.0163165 -0.00981191 0.00520289
v 0.0163165 -0.00981583 0.00523153
v 0.0163165 -0.00981525 0.00522691
v 0.0163164 -0.00981625 0.00525283
v 0.0163164 -0.00981629 0.00525516
v 0.0163164 -0.00981636 0.00525872
v 0.0163164 -0.00957008 0.00500006
v 0.0173242 -0.00956407 0.00527255
v 0.0173242 -0.00956056 0.00527249
v 0.0173237 -0.00958988 0.00527447
v 0.0173217 -0.00961535 0.00527867
v 0.0173237 -0.00958677 0.00527424
v 0.0173185 -0.00964021 0.00528513
v 0.0173139 -0.00966418 0.00529376
v 0.0173188 -0.00963796 0.00528454
v 0.0173085 -0.00968564 0.00530383
v 0.0173081 -0.00968702 0.00530448
v 0.0173012 -0.00970848 0.00531717
v 0.0172933 -0.00972772 0.00533125
v 0.0172931 -0.00972833 0.0053317
v 0.017284 -0.00974635 0.0053479
v 0.017274 -0.00976235 0.0053656
v 0.017274 -0.00976236 0.00536562
v 0.0172632 -0.00977618 0.00538465
v 0.0172517 -0.00978766 0.00540479
v 0.0172513 -0.00978792 0.0054054
v 0.0172396 -0.00979668 0.00542583
v 0.017227 -0.00980314 0.00544754
v 0.0172263 -0.00980337 0.00544885
v 0.0172142 -0.00980698 0.00546968
v 0.0172012 -0.00980814 0.00549203
v 0.0172 -0.0098081 0.00549404
v 0.0171982 -0.00980804 0.00549711
v 0.0170459 -0.0098108 0.00541803
v 0.0170928 -0.00980995 0.00544236
v 0.0168762 -0.00981316 0.00535065
v 0.0169356 -0.00981233 0.00537423
v 0.0167012 -0.00981487 0.00530154
v 0.0167726 -0.00981417 0.00532157
v 0.0165231 -0.00981594 0.00527096
v 0.0166052 -0.00981544 0.00528506
v 0.016435 -0.00981614 0.00526486
v 0.0163516 -0.00981634 0.00525908
v 0.0164523 -0.00956641 0.00500758
v 0.0165349 -0.00956634 0.00501218
v 0.016457 -0.0095664 0.00500784
v 0.0166466 -0.00956583 0.00503045
v 0.0167405 -0.00956541 0.00504582
v 0.0166489 -0.00956582 0.00503083
v 0.0168376 -0.0095646 0.00507226
v 0.0168376 -0.0095646 0.00507226
v 0.0169414 -0.00956373 0.0051005
v 0.0170215 -0.00956274 0.00513153
v 0.0170237 -0.00956272 0.00513237
v 0.0171356 -0.00956134 0.00517567
v 0.0171989 -0.00956028 0.00520818
v 0.0172031 -0.00956021 0.00521031
v 0.0173242 -0.00955819 0.00527244
v 0.0171067 -0.00980916 0.00541419
v 0.0170951 -0.00981008 0.00543774
v 0.0169375 -0.00981248 0.00536922
v 0.0169468 -0.00981159 0.00534465
v 0.016774 -0.00981433 0.00531634
v 0.0167808 -0.00981347 0.00529099
v 0.0166061 -0.00981561 0.00527962
v 0.0166105 -0.00981477 0.00525372
v 0.0164354 -0.00981631 0.00525939
v 0.0171182 -0.00980548 0.00539083
v 0.016956 -0.00980795 0.00532029
v 0.0167876 -0.00980985 0.00526585
v 0.0166147 -0.00981117 0.00522804
v 0.0164372 -0.00981548 0.00523319
v 0.0171294 -0.00979909 0.00536793
v 0.0169649 -0.0098016 0.00529641
v 0.0167942 -0.00980353 0.00524121
v 0.0166189 -0.00980486 0.00520288
v 0.016439 -0.00981189 0.00520722
v 0.0171402 -0.00979007 0.00534575
v 0.0169735 -0.0097926 0.00527327
v 0.0168006 -0.00979456 0.00521735
v 0.016623 -0.00979591 0.00517851
v 0.0164408 -0.0098056 0.00518177
v 0.0171505 -0.0097785 0.00532451
v 0.0169817 -0.00978107 0.00525114
v 0.0168066 -0.00978304 0.00519452
v 0.0166268 -0.00978442 0.00515519
v 0.0164425 -0.00979665 0.00515711
v 0.0171602 -0.00976452 0.00530447
v 0.0169895 -0.00976711 0.00523025
v 0.0168123 -0.00976912 0.00517297
v 0.0166305 -0.0097705 0.00513319
v 0.0164441 -0.00978517 0.00513353
v 0.0171691 -0.00974828 0.00528583
v 0.0169966 -0.0097509 0.00521083
v 0.0168176 -0.00975293 0.00515295
v 0.0166338 -0.00975433 0.00511276
v 0.0164456 -0.00977126 0.00511128
v 0.0171772 -0.00972996 0.00526882
v 0.017003 -0.00973261 0.0051931
v 0.0168224 -0.00973465 0.00513468
v 0.0166368 -0.00973607 0.0050941
v 0.016447 -0.0097551 0.00509062
v 0.0171843 -0.00970977 0.00525361
v 0.0170088 -0.00971244 0.00517726
v 0.0168266 -0.0097145 0.00511836
v 0.0166395 -0.00971592 0.00507744
v 0.0164483 -0.00973684 0.00507175
v 0.0171905 -0.00968792 0.00524037
v 0.0170137 -0.00969061 0.00516349
v 0.0168302 -0.00969268 0.00510416
v 0.0166418 -0.00969412 0.00506296
v 0.0164494 -0.0097167 0.00505491
v 0.0171956 -0.00966466 0.00522925
v 0.0170177 -0.00966736 0.00515192
v 0.0168332 -0.00966945 0.00509225
v 0.0166437 -0.0096709 0.00505081
v 0.0164503 -0.00969491 0.00504026
v 0.0171996 -0.00964025 0.00522037
v 0.0170209 -0.00964296 0.00514269
v 0.0168355 -0.00964506 0.00508276
v 0.0166452 -0.00964651 0.00504113
v 0.0164511 -0.00967169 0.00502798
v 0.0172024 -0.00961495 0.00521383
v 0.0170231 -0.00961767 0.00513591
v 0.0168372 -0.00961977 0.00507579
v 0.0166463 -0.00962123 0.00503403
v 0.0164518 -0.00964731 0.0050182
v 0.0172039 -0.00958904 0.00520971
v 0.0170244 -0.00959177 0.00513165
v 0.0168381 -0.00959388 0.00507141
v 0.0166469 -0.00959534 0.00502958
v 0.0164522 -0.00962203 0.00501103
v 0.0172031 -0.0095637 0.00521038
v 0.0170247 -0.00956555 0.00512995
v 0.0168383 -0.00956766 0.00506969
v 0.016647 -0.00956912 0.00502784
v 0.0164524 -0.00959614 0.00500654
v 0.0164523 -0.0095707 0.00500761
v 0.00933676 -0.015 0.010701
v 0.00928807 -0.01 0.0108653
v 0.0092479 -0.01 0.0109715
v 0.00918603 -0.015 0.0111514
v 0.00933126 -0.01 0.0106996
v 0.00898868 -0.015 0.0115834
v 0.00911852 -0.01 0.0113135
v 0.00918062 -0.01 0.0111494
v 0.0087469 -0.015 0.0119921
v 0.00889082 -0.01 0.0117587
v 0.0089834 -0.01 0.0115807
v 0.00890269 -0.01 0.0117403
v 0.00846339 -0.015 0.0123731
v 0.00864469 -0.01 0.0121394
v 0.00874197 -0.01 0.0119889
v 0.0081413 -0.015 0.0127221
v 0.00834659 -0.01 0.0125085
v 0.00840803 -0.01 0.0124324
v 0.00845886 -0.01 0.0123695
v 0.00778423 -0.015 0.0130353
v 0.00801168 -0.01 0.0128436
v 0.00813719 -0.01 0.012718
v 0.00783181 -0.01 0.0129896
v 0.00739614 -0.015 0.013309
v 0.00765329 -0.01 0.0131346
v 0.00778081 -0.01 0.013031
v 0.00725822 -0.01 0.0133923
v 0.00718574 -0.01 0.0134295
v 0.00698137 -0.015 0.0135403
v 0.00739309 -0.01 0.0133043
v 0.00654453 -0.015 0.0137266
v 0.00683962 -0.01 0.0136068
v 0.00697887 -0.01 0.0135354
v 0.00609048 -0.015 0.0138659
v 0.00640201 -0.01 0.013776
v 0.0065426 -0.01 0.0137216
v 0.00648511 -0.01 0.0137439
v 0.00562429 -0.015 0.0139565
v 0.00594999 -0.01 0.0138986
v 0.00608913 -0.01 0.0138609
v 0.0057507 -0.01 0.0139309
v 0.00515115 -0.015 0.0139975
v 0.00548881 -0.01 0.0139734
v 0.00562349 -0.01 0.0139515
v 0.00943919 -0.015 0.0102373
v 0.00940852 -0.01 0.0104031
v 0.00943643 -0.0100006 0.0102368
v 0.00515084 -0.01 0.0139918
v 0.005 -0.01 0.014
v 0.005 -0.015 0.014
v -0.00774101 -0.015 0.012001
v -0.00798109 -0.015 0.0115978
v -0.00678937 -0.015 0.0130312
v -0.00714189 -0.015 0.0127216
v -0.00465907 -0.015 0.0139515
v -0.005119 -0.015 0.0138587
v -0.00746026 -0.015 0.0123769
v -0.00640652 -0.015 0.0133025
v -0.00556677 -0.015 0.0137184
v -0.0059975 -0.015 0.0135324
v -0.00419198 -0.015 0.0139959
v -0.00986356 -0.015 0.00635333
v -0.00994302 -0.015 0.00599028
v -0.0097737 -0.015 0.00664387
v -0.00998844 -0.015 0.00562142
v -0.004 -0.015 0.014
v -0.00817789 -0.015 0.0111719
v -0.00824541 -0.015 0.0109921
v -0.004 -0.01 0.014
v 0.0130876 -0.0097396 0.0100255
v 0.0115388 -0.00980799 0.0108828
v 0.0128552 -0.00974235 0.0101324
v 0.0129328 -0.00974144 0.0100968
v 0.01051 -0.00985928 0.0114691
v 0.010002 -0.00988509 0.0118284
v 0.0115317 -0.00980834 0.0108868
v 0.00985095 -0.00989276 0.0119352
v 0.00908818 -0.00993151 0.0124745
v 0.0088784 -0.0099331 0.0126559
v 0.00853299 -0.00993571 0.0129546
v 0.00817115 -0.00993846 0.0132675
v 0.00803107 -0.00993952 0.0133887
v 0.00753864 -0.00991174 0.0138993
v 0.0071549 -0.00989009 0.0142972
v 0.00709797 -0.00988688 0.0143562
v 0.00687809 -0.00985953 0.0146295
v 0.00620007 -0.00977518 0.0154724
v 0.006102 -0.00975865 0.0156201
v 0.00600383 -0.00974211 0.0157679
v 0.005 -0.0095729 0.0172796
v -0.00824541 -0.0100004 0.0109921
v -0.00905083 -0.0100002 0.00870057
v -0.0097737 -0.01 0.00664387
v 0.018504 -0.00972832 0.00778001
v 0.0188662 -0.00977406 0.00647009
v 0.0188968 -0.0097734 0.00648837
v 0.0189553 -0.00977202 0.00652817
v 0.0190388 -0.00977005 0.00658502
v 0.0195476 -0.00974857 0.0072002
v 0.0195907 -0.00974552 0.00728723
v 0.0194584 -0.00975408 0.00704266
v 0.0195106 -0.00975119 0.00712541
v 0.0193533 -0.00975923 0.00689516
v 0.0194142 -0.00975652 0.00697269
v 0.0192335 -0.00976397 0.00675933
v 0.0193026 -0.00976148 0.00683073
v 0.0191003 -0.00976825 0.00663662
v 0.019177 -0.009766 0.00670104
v 0.017974 -0.00972187 0.00796461
v 0.0196198 -0.00974277 0.00736614
v 0.0196565 -0.0097393 0.0074655
v 0.0189924 -0.00953497 0.00624552
v 0.0189923 -0.0095301 0.00624548
v 0.0189918 -0.00955389 0.00624727
v 0.0189917 -0.00955591 0.00624745
v 0.0189916 -0.00956073 0.0062479
v 0.01899 -0.00957969 0.00625138
v 0.0189868 -0.00960488 0.0062578
v 0.0189898 -0.00958138 0.00625169
v 0.0189894 -0.0095861 0.00625256
v 0.018986 -0.00961081 0.00625945
v 0.0189866 -0.00960624 0.00625817
v 0.0189823 -0.00962919 0.00626644
v 0.0189765 -0.00965235 0.00627722
v 0.0189821 -0.00963022 0.00626683
v 0.0189812 -0.00963459 0.00626849
v 0.0189752 -0.00965719 0.0062796
v 0.0189763 -0.00965306 0.00627757
v 0.0189695 -0.00967409 0.00629003
v 0.0189681 -0.00967836 0.00629265
v 0.0189694 -0.00967451 0.00629028
v 0.0189614 -0.0096942 0.00630471
v 0.0189613 -0.00969435 0.00630482
v 0.0189598 -0.00969788 0.00630751
v 0.0189422 -0.00972835 0.00633875
v 0.0189522 -0.00971236 0.00632104
v 0.0189505 -0.00971553 0.006324
v 0.018942 -0.0097286 0.00633904
v 0.0189404 -0.00973114 0.00634197
v 0.0189294 -0.00974453 0.00636121
v 0.0189198 -0.0097536 0.00637791
v 0.0189313 -0.00974214 0.00635778
v 0.0189193 -0.00975404 0.00637872
v 0.0189177 -0.00975555 0.00638151
v 0.0189055 -0.0097641 0.00640267
v 0.0188951 -0.00976902 0.0064206
v 0.0189077 -0.00976259 0.00639892
v 0.0188943 -0.0097694 0.00642201
v 0.0188929 -0.00977007 0.00642445
v 0.0188799 -0.00977341 0.00644663
v 0.0188692 -0.00977392 0.00646502
v 0.0188822 -0.00977282 0.00644271
v 0.018868 -0.00977397 0.00646702
v 0.0189922 -0.00952421 0.00624542
v 0.0189922 -0.00952777 0.00624545
v 0.0173242 -0.00782588 0.00527244
v 0.0189922 -0.00779191 0.00624542
v 0.0198948 -0.00952641 0.00738455
v 0.0198904 -0.00955159 0.0073868
v 0.0198951 -0.00951422 0.00738421
v 0.019895 -0.00951895 0.00738434
v 0.0198835 -0.00957614 0.0073898
v 0.0198742 -0.00959978 0.0073935
v 0.0198853 -0.00956972 0.00738902
v 0.0198864 -0.00956586 0.00738854
v 0.0198626 -0.00962228 0.00739786
v 0.0198488 -0.00964339 0.00740284
v 0.0198653 -0.00961708 0.00739685
v 0.0198668 -0.00961413 0.00739628
v 0.0198331 -0.00966288 0.00740839
v 0.0198155 -0.00968055 0.00741445
v 0.0198363 -0.00965895 0.00740728
v 0.0198379 -0.00965693 0.0074067
v 0.0197962 -0.00969621 0.00742095
v 0.0197754 -0.00970969 0.00742782
v 0.0197995 -0.00969352 0.00741983
v 0.0198009 -0.00969233 0.00741934
v 0.0197576 -0.00971872 0.00743362
v 0.0197534 -0.00972086 0.00743499
v 0.0197304 -0.00972958 0.00744239
v 0.0197565 -0.00971927 0.00743397
v 0.0197099 -0.00973492 0.0074489
v 0.0197066 -0.00973578 0.00744994
v 0.0196824 -0.00973937 0.00745755
v 0.0197093 -0.00973508 0.00744908
v 0.0196599 -0.00973931 0.00746446
v 0.0196599 -0.00973931 0.00746447
v 0.0190944 -0.00952226 0.00631324
v 0.0191756 -0.00952071 0.00636714
v 0.0191518 -0.00952117 0.00635136
v 0.0192596 -0.00951865 0.00643696
v 0.0193157 -0.00951727 0.00648354
v 0.0193368 -0.00951675 0.00650106
v 0.0194112 -0.00951446 0.00657719
v 0.0194649 -0.0095128 0.0066321
v 0.0194833 -0.00951223 0.00665089
v 0.0195477 -0.00950974 0.00673214
v 0.0195978 -0.0095078 0.00679534
v 0.0196134 -0.0095072 0.00681506
v 0.0196676 -0.00950456 0.0069002
v 0.019713 -0.00950235 0.00697151
v 0.0197259 -0.00950172 0.0069918
v 0.0197283 -0.00950157 0.00699658
v 0.0198093 -0.0094965 0.00715874
v 0.0198195 -0.00949586 0.00717923
v 0.0197698 -0.00949898 0.00707961
v 0.019885 -0.00949033 0.00735523
v 0.0198956 -0.00948944 0.00738354
v 0.0198955 -0.00949291 0.00738363
v 0.0198528 -0.00949305 0.00726861
v 0.0196495 -0.00974142 0.0073548
v 0.0196251 -0.00974281 0.00736417
v 0.0195519 -0.00974862 0.00719808
v 0.0195752 -0.00974732 0.00718627
v 0.019509 -0.00975142 0.00711805
v 0.0194841 -0.00975292 0.00702619
v 0.019462 -0.00975414 0.00704032
v 0.0194112 -0.00975677 0.00696508
v 0.0193771 -0.00975816 0.00687624
v 0.0192553 -0.00976299 0.00673799
v 0.0192983 -0.00976174 0.00682289
v 0.0193566 -0.00975931 0.00689254
v 0.0192366 -0.00976406 0.0067563
v 0.0191715 -0.00976627 0.00669295
v 0.0191201 -0.00976734 0.00661288
v 0.0191033 -0.00976836 0.006633
v 0.0189581 -0.00977215 0.00652394
v 0.0196737 -0.0097373 0.00734546
v 0.0195983 -0.00974329 0.00717451
v 0.0195059 -0.00974897 0.00701213
v 0.0193973 -0.00975428 0.00686004
v 0.0192738 -0.00975917 0.0067198
v 0.0191366 -0.0097636 0.0065929
v 0.0189728 -0.00977119 0.00650221
v 0.0196973 -0.00973049 0.00733623
v 0.0196208 -0.00973656 0.00716292
v 0.0195271 -0.00974232 0.00699831
v 0.0194171 -0.00974771 0.00684412
v 0.0192919 -0.00975267 0.00670195
v 0.0191528 -0.00975715 0.0065733
v 0.0189872 -0.0097675 0.00648065
v 0.01972 -0.00972107 0.00732723
v 0.0196426 -0.00972722 0.00715165
v 0.0195476 -0.00973305 0.00698488
v 0.0194362 -0.00973851 0.00682866
v 0.0193093 -0.00974354 0.00668463
v 0.0191684 -0.00974808 0.00655429
v 0.0190013 -0.00976111 0.0064595
v 0.0197417 -0.00970914 0.00731856
v 0.0196633 -0.00971537 0.00714081
v 0.0195672 -0.00972127 0.00697198
v 0.0194543 -0.0097268 0.00681383
v 0.0193259 -0.00973189 0.00666802
v 0.0191833 -0.00973648 0.00653607
v 0.0190149 -0.00975209 0.006439
v 0.019762 -0.00969484 0.0073103
v 0.0196828 -0.00970113 0.00713051
v 0.0195855 -0.00970711 0.00695975
v 0.0194714 -0.0097127 0.00679979
v 0.0193415 -0.00971784 0.00665232
v 0.0191972 -0.00972249 0.00651886
v 0.0190279 -0.00974054 0.00641936
v 0.0197808 -0.00967831 0.00730255
v 0.0197007 -0.00968467 0.00712088
v 0.0196025 -0.00969071 0.00694833
v 0.0194872 -0.00969636 0.0067867
v 0.0193559 -0.00970156 0.00663768
v 0.0192101 -0.00970625 0.00650282
v 0.0190401 -0.0097266 0.00640081
v 0.0197979 -0.00965975 0.00729539
v 0.0197171 -0.00966617 0.00711202
v 0.0196179 -0.00967226 0.00693785
v 0.0195015 -0.00967796 0.0067747
v 0.019369 -0.00968321 0.00662428
v 0.0192218 -0.00968795 0.00648816
v 0.0190513 -0.0097104 0.00638354
v 0.019813 -0.00963935 0.00728891
v 0.0197315 -0.00964582 0.00710402
v 0.0196315 -0.00965196 0.00692842
v 0.0195142 -0.00965771 0.00676392
v 0.0193806 -0.009663 0.00661226
v 0.0192322 -0.00966779 0.00647502
v 0.0190616 -0.00969214 0.00636775
v 0.0198261 -0.00961734 0.00728317
v 0.019744 -0.00962386 0.00709698
v 0.0196433 -0.00963004 0.00692014
v 0.0195251 -0.00963583 0.00675449
v 0.0193906 -0.00964116 0.00660176
v 0.0192412 -0.00964598 0.00646354
v 0.0190706 -0.00967201 0.00635362
v 0.0198369 -0.00959396 0.00727824
v 0.0197543 -0.00960052 0.00709097
v 0.019653 -0.00960674 0.00691311
v 0.0195341 -0.00961256 0.0067465
v 0.0193988 -0.00961792 0.00659288
v 0.0192486 -0.00962277 0.00645387
v 0.0190784 -0.00965023 0.00634129
v 0.0198453 -0.00956947 0.00727417
v 0.0197623 -0.00957606 0.00708606
v 0.0196606 -0.00958231 0.0069074
v 0.0195412 -0.00958816 0.00674004
v 0.0194053 -0.00959354 0.00658573
v 0.0192543 -0.00959841 0.00644609
v 0.0190849 -0.00962704 0.00633091
v 0.0198513 -0.00954414 0.00727101
v 0.019768 -0.00955075 0.0070823
v 0.019666 -0.00955702 0.00690307
v 0.0195462 -0.00956289 0.00673518
v 0.0194099 -0.00956829 0.00658039
v 0.0192584 -0.00957317 0.00644031
v 0.0190899 -0.0096027 0.00632258
v 0.0198547 -0.00951825 0.00726879
v 0.0197713 -0.00952487 0.00707974
v 0.0196691 -0.00953116 0.00690018
v 0.0195491 -0.00953703 0.00673198
v 0.0194125 -0.00954244 0.00657691
v 0.0192608 -0.00954733 0.00643657
v 0.0190935 -0.00957748 0.0063164
v 0.0196677 -0.00950701 0.00690025
v 0.0195498 -0.00951087 0.00673048
v 0.0194132 -0.00951629 0.00657533
v 0.0192614 -0.00952118 0.00643493
v 0.0190956 -0.00955165 0.00631244
v 0.0190944 -0.00952646 0.00631326
v 0.0167966 -0.00936244 0.00948982
v 0.0167034 -0.00936116 0.00952551
v 0.016658 -0.00943238 0.00941532
v 0.0166561 -0.00943526 0.00941086
v 0.0175446 -0.00937274 0.00920342
v 0.0183024 -0.00938116 0.00896974
v 0.0166322 -0.00947277 0.00935282
v 0.0166111 -0.00949836 0.0093015
v 0.0165857 -0.0095292 0.00923964
v 0.0165607 -0.00955953 0.0091788
v 0.0164865 -0.00962636 0.00899734
v 0.016461 -0.0096418 0.00893482
v 0.0165122 -0.00960324 0.00906012
v 0.0164364 -0.00965674 0.00887434
v 0.0164103 -0.00967255 0.00881034
v 0.0163571 -0.0096898 0.00867915
v 0.0163331 -0.00969761 0.00861981
v 0.0163592 -0.00968912 0.00868432
v 0.0196801 -0.00973289 0.00755354
v 0.0196927 -0.00972741 0.00760471
v 0.0196689 -0.00973778 0.00750796
v 0.0197147 -0.00971278 0.00770749
v 0.019733 -0.00969412 0.00781067
v 0.019706 -0.00972164 0.00765854
v 0.0197119 -0.00971559 0.00769198
v 0.0197496 -0.0096554 0.00796237
v 0.0197515 -0.00964009 0.00800853
v 0.0197517 -0.00963805 0.0080147
v 0.0197556 -0.0096057 0.00811224
v 0.0197541 -0.00958397 0.00816499
v 0.0197373 -0.00947572 0.00839856
v 0.0197363 -0.00947251 0.00840409
v 0.0197513 -0.00954537 0.0082587
v 0.0197284 -0.0094445 0.00845223
v 0.0193641 -0.00939297 0.00864229
v 0.0197216 -0.00942051 0.00849348
v 0.0197149 -0.00939687 0.00853412
v 0.0182568 -0.00945785 0.00883065
v 0.0181988 -0.00955188 0.00865457
v 0.0181382 -0.00962616 0.00847008
v 0.0180759 -0.00967989 0.00827919
v 0.0180123 -0.00971248 0.00808395
v 0.00554366 -0.00944003 0.0175781
v 0.00511411 -0.00955906 0.0173438
v 0.0108537 -0.00953635 0.0123692
v 0.0135363 -0.00941581 0.0109663
v 0.0127332 -0.00942966 0.0113316
v 0.0118922 -0.0094774 0.0117959
v 0.014332 -0.00940207 0.0106043
v 0.00571532 -0.00935303 0.0176676
v 0.0055657 -0.00942886 0.0175896
v 0.00577745 -0.00931243 0.017699
v 0.00659995 -0.00938507 0.0165453
v 0.00607311 -0.00928354 0.0174258
v 0.00679792 -0.00941792 0.0162585
v 0.00748624 -0.00953212 0.0152614
v 0.00783467 -0.0095672 0.014846
v 0.00758672 -0.00954224 0.0151416
v 0.00880959 -0.00962114 0.0138281
v 0.00810911 -0.00959484 0.0145188
v 0.00907367 -0.00961681 0.0136134
v 0.0095528 -0.00960773 0.0132285
v 0.00952146 -0.00960945 0.0132492
v 0.010482 -0.00955674 0.0126147
v 0.00522843 -0.00953972 0.0174074
v 0.00536588 -0.00950612 0.0174829
v 0.00518397 -0.00955058 0.017383
v 0.00545477 -0.00947308 0.0175305
v 0.00587893 -0.00924611 0.0177503
v 0.0103064 -0.0097364 0.0123227
v 0.010246 -0.00978177 0.0122235
v 0.0117583 -0.00970112 0.0113135
v 0.0133703 -0.00958788 0.0106125
v 0.00640414 -0.00963984 0.0160221
v 0.00650434 -0.00959518 0.0160835
v 0.0115777 -0.00979051 0.010974
v 0.0100561 -0.0098733 0.0119164
v 0.00609542 -0.00972849 0.0158272
v 0.0134235 -0.00953196 0.0107251
v 0.0134787 -0.0094798 0.0108427
v 0.0104208 -0.00962493 0.0125127
v 0.0133151 -0.00963527 0.0104966
v 0.0103648 -0.009684 0.0124193
v 0.00750156 -0.00978214 0.0145816
v 0.00880722 -0.00983227 0.013288
v 0.00887545 -0.00978822 0.0133711
v 0.00660218 -0.00954338 0.0161426
v 0.00669712 -0.00948479 0.0161989
v 0.00758608 -0.00973839 0.0146496
v 0.00766862 -0.00968847 0.0147154
v 0.00774878 -0.00963269 0.0147787
v 0.00894178 -0.0097381 0.013452
v 0.00900588 -0.00968219 0.0135303
v 0.00619907 -0.00970664 0.0158935
v 0.00630219 -0.00967706 0.0159586
v 0.00859458 -0.00992588 0.0130298
v 0.00724044 -0.00987436 0.014368
v 0.00732829 -0.00985027 0.0144404
v 0.00866642 -0.00990124 0.0131169
v 0.0101205 -0.00985038 0.0120198
v 0.00873742 -0.00987 0.0132032
v 0.00741548 -0.0098195 0.0145117
v 0.0101839 -0.00981983 0.0121223
v 0.011639 -0.00976927 0.0110883
v 0.0116993 -0.00973944 0.0112017
v 0.0131421 -0.0097233 0.010137
v 0.0132006 -0.00970315 0.010258
v 0.0132584 -0.00967377 0.0103781
v 0.00299054 -0.00914566 0.0224328
v 0.00366923 -0.00935702 0.0197149
v 0.00263376 -0.00921567 0.022288
v 0.00261471 -0.00921827 0.0222802
v 0.00261461 -0.00921828 0.0222802
v 0.00317316 -0.0090778 0.0225058
v 0.0047997 -0.00905727 0.0198046
v 0.00461587 -0.0090251 0.0201545
v 0.00289599 -0.00916938 0.0223946
v 0.00454819 -0.0094996 0.0181064
v 0.00295824 -0.00915377 0.0224197
v 0.00369113 -0.00891161 0.0222231
v 0.00350634 -0.00888893 0.0226365
v 0.00343922 -0.00893189 0.0226104
v 0.00461584 -0.0090251 0.0201546
v 0.00339259 -0.00896174 0.0225922
v 0.00334935 -0.00898941 0.0225754
v 0.00328522 -0.00902158 0.0225501
v 0.0032742 -0.00902711 0.0225457
v 0.00280367 -0.00919254 0.0223573
v 0.00250254 -0.00922357 0.0222341
v 0.00416135 -0.00926374 0.019949
v 0.00428063 -0.00921686 0.0200041
v 0.00379271 -0.00934803 0.0197746
v 0.00439667 -0.00916112 0.0200569
v 0.00450864 -0.00909699 0.0201072
v 0.00391648 -0.00932949 0.0198339
v 0.00403967 -0.00930136 0.0198922
v 0.0199197 -0.00920199 0.0084648
v 0.0199127 -0.0092196 0.0084739
v 0.0199049 -0.00924173 0.00848504
v 0.0199049 -0.00924179 0.00848507
v 0.019903 -0.00924567 0.00848692
v 0.0198946 -0.00926336 0.00849538
v 0.0198819 -0.0092841 0.00850472
v 0.0198814 -0.0092848 0.00850501
v 0.0198944 -0.0092637 0.00849553
v 0.0198795 -0.00928725 0.00850604
v 0.019867 -0.00930378 0.00851298
v 0.01985 -0.0093222 0.00852006
v 0.0198486 -0.00932345 0.00852049
v 0.0198473 -0.00932468 0.00852091
v 0.0198311 -0.00933916 0.00852589
v 0.0198106 -0.0093545 0.00853039
v 0.0198081 -0.00935601 0.00853074
v 0.0198075 -0.00935638 0.00853083
v 0.0197886 -0.00936803 0.00853351
v 0.0197653 -0.00937964 0.00853521
v 0.0197619 -0.00938098 0.00853524
v 0.0197617 -0.00938107 0.00853524
v 0.0197369 -0.00939042 0.00853524
v 0.0197411 -0.00938919 0.00853545
v 0.019938 -0.00947792 0.00754871
v 0.0199183 -0.00948325 0.00747229
v 0.0199396 -0.00947654 0.00755837
v 0.0199397 -0.00947652 0.00755855
v 0.0199647 -0.0094557 0.00770418
v 0.0199709 -0.00944236 0.00776691
v 0.0199512 -0.00946692 0.00762572
v 0.01998 -0.00942267 0.00785953
v 0.0199722 -0.00943957 0.00778004
v 0.0199838 -0.00937934 0.00801306
v 0.0199819 -0.00940176 0.00793363
v 0.0199829 -0.00938944 0.00797727
v 0.0199759 -0.00932637 0.00816333
v 0.0199726 -0.00931604 0.00818766
v 0.01998 -0.00935394 0.00808514
v 0.0199564 -0.00926459 0.00830891
v 0.0199606 -0.00927793 0.00827747
v 0.0199217 -0.00919715 0.0084623
v 0.019938 -0.00922144 0.0083953
v 0.0199246 -0.00918987 0.00845853
v 0.0199419 -0.00923062 0.00837692
v 0.0199665 -0.00929669 0.00823327
v 0.0197574 -0.00943795 0.00845484
v 0.019732 -0.00944361 0.0084525
v 0.0197571 -0.00951871 0.00831237
v 0.0197824 -0.00951275 0.00831287
v 0.0197704 -0.00958316 0.00816549
v 0.0197959 -0.00957779 0.00816466
v 0.0197723 -0.00963729 0.00801392
v 0.0197978 -0.00963242 0.00801171
v 0.0197625 -0.00968055 0.0078592
v 0.0197879 -0.00967606 0.00785558
v 0.0197412 -0.00971249 0.00770289
v 0.0197664 -0.0097083 0.00769784
v 0.0197086 -0.00973279 0.00754657
v 0.0197819 -0.00942908 0.0084552
v 0.0198071 -0.00950445 0.00831215
v 0.0198207 -0.00956999 0.00816282
v 0.0198226 -0.00962502 0.00800871
v 0.0198126 -0.009669 0.0078514
v 0.019791 -0.00970148 0.00769247
v 0.0197336 -0.00972878 0.00754011
v 0.0198055 -0.00941808 0.00845412
v 0.0198309 -0.0094939 0.00831022
v 0.0198446 -0.00955983 0.00815999
v 0.0198464 -0.00961519 0.00800497
v 0.0198364 -0.00965943 0.00784671
v 0.0198146 -0.0096921 0.00768683
v 0.0197579 -0.00972212 0.00753354
v 0.0198279 -0.00940506 0.00845163
v 0.0198534 -0.00948121 0.0083071
v 0.0198672 -0.00954743 0.00815622
v 0.019869 -0.00960303 0.00800051
v 0.019859 -0.00964747 0.00784157
v 0.0198371 -0.00968028 0.00768099
v 0.0197813 -0.00971287 0.00752695
v 0.0198489 -0.00939016 0.00844775
v 0.0198745 -0.00946652 0.00830283
v 0.0198883 -0.00953292 0.00815153
v 0.0198902 -0.00958868 0.0079954
v 0.0198801 -0.00963324 0.00783602
v 0.0198582 -0.00966614 0.007675
v 0.0198037 -0.00970114 0.00752041
v 0.0198683 -0.00937355 0.00844253
v 0.0198939 -0.00945 0.00829744
v 0.0199077 -0.00951647 0.00814598
v 0.0199096 -0.00957229 0.00798968
v 0.0198995 -0.00961689 0.00783012
v 0.0198776 -0.00964983 0.00766893
v 0.0198246 -0.00968705 0.00751398
v 0.0198859 -0.00935541 0.00843601
v 0.0199115 -0.00943181 0.00829101
v 0.0199253 -0.00949825 0.00813963
v 0.0199271 -0.00955403 0.00798342
v 0.019917 -0.00959861 0.00782396
v 0.0198951 -0.00963153 0.00766286
v 0.019844 -0.00967077 0.00750774
v 0.0199014 -0.00933594 0.00842828
v 0.0199269 -0.00941217 0.00828359
v 0.0199407 -0.00947846 0.00813255
v 0.0199425 -0.00953412 0.00797669
v 0.0199325 -0.0095786 0.00781758
v 0.0199106 -0.00961145 0.00765683
v 0.0198616 -0.00965246 0.00750175
v 0.0199147 -0.00931535 0.00841941
v 0.0199401 -0.00939129 0.00827528
v 0.0199538 -0.00945732 0.00812482
v 0.0199557 -0.00951277 0.00796956
v 0.0199456 -0.00955708 0.00781106
v 0.0199238 -0.0095898 0.00765093
v 0.0198771 -0.00963233 0.00749609
v 0.0199256 -0.00929386 0.0084095
v 0.0199509 -0.00936939 0.00826616
v 0.0199645 -0.00943506 0.00811652
v 0.0199664 -0.0094902 0.00796211
v 0.0199564 -0.00953427 0.00780447
v 0.0199347 -0.00956681 0.00764522
v 0.0198905 -0.00961059 0.00749081
v 0.019934 -0.00927172 0.00839866
v 0.0199592 -0.00934671 0.00825633
v 0.0199727 -0.00941192 0.00810775
v 0.0199745 -0.00946668 0.00795441
v 0.0199646 -0.00951044 0.00779789
v 0.0199431 -0.00954275 0.00763976
v 0.0199016 -0.0095875 0.00748597
v 0.0199399 -0.00924916 0.00838702
v 0.0199648 -0.00932351 0.0082459
v 0.0199783 -0.00938816 0.00809859
v 0.0199801 -0.00944245 0.00794657
v 0.0199703 -0.00948584 0.00779138
v 0.0199489 -0.00951787 0.0076346
v 0.0199102 -0.00956329 0.00748162
v 0.0199662 -0.00930005 0.00823484
v 0.0199811 -0.00936404 0.00808915
v 0.0199829 -0.00941779 0.00793865
v 0.0199732 -0.00946074 0.00778502
v 0.0199521 -0.00949245 0.00762981
v 0.0199163 -0.00953824 0.00747781
v 0.0197063 -0.00972182 0.00765715
v 0.0196992 -0.0097265 0.00762234
v 0.0196834 -0.00973273 0.00755274
v 0.0199198 -0.00951261 0.00747459
v 0.0199185 -0.00948707 0.00747259
v 0.0199354 -0.00947968 0.00753674
v 0.0199307 -0.00948225 0.00751513
v 0.0186006 -0.00858959 0.00987569
v 0.0185996 -0.0086139 0.00987354
v 0.0185992 -0.00862462 0.00987259
v 0.0185974 -0.00865007 0.00986802
v 0.0185995 -0.00861575 0.00987338
v 0.0185959 -0.00866472 0.00986385
v 0.0185948 -0.00867487 0.00986097
v 0.0185915 -0.00869876 0.00985151
v 0.0185957 -0.00866638 0.00986338
v 0.0185891 -0.00871232 0.00984449
v 0.0185874 -0.00872149 0.00983975
v 0.0185827 -0.00874281 0.00982581
v 0.0185888 -0.00871404 0.0098436
v 0.0185794 -0.00875467 0.00981618
v 0.0185772 -0.00876249 0.00980984
v 0.0185713 -0.00878032 0.00979201
v 0.0185789 -0.00875665 0.00981458
v 0.0185675 -0.00878991 0.00978008
v 0.0185666 -0.00879215 0.00977729
v 0.0185647 -0.00879688 0.00977141
v 0.018617 -0.00879893 0.00975194
v 0.0186843 -0.00880157 0.00972686
v 0.01873 -0.0088067 0.00970586
v 0.0188115 -0.00881585 0.00966841
v 0.0187784 -0.00881214 0.00968361
v 0.0189396 -0.008839 0.00959631
v 0.0190645 -0.00887111 0.00951171
v 0.0190744 -0.00887453 0.0095037
v 0.019183 -0.008912 0.00941584
v 0.0192927 -0.00896126 0.00930998
v 0.0193674 -0.00900475 0.00922295
v 0.0193219 -0.00897823 0.00927602
v 0.0194038 -0.00902593 0.00918058
v 0.0194771 -0.00908068 0.00907706
v 0.0194948 -0.00909391 0.00905205
v 0.0194258 -0.00904236 0.00914951
v 0.0195723 -0.00916821 0.00891807
v 0.0195907 -0.00919125 0.00887819
v 0.0196356 -0.00924749 0.00878087
v 0.0196933 -0.0093482 0.00861333
v 0.0196955 -0.00935212 0.00860681
v 0.0196997 -0.00936171 0.00859123
v 0.0199079 -0.00915991 0.00851522
v 0.0198834 -0.00911576 0.00859875
v 0.0198717 -0.00909471 0.0086386
v 0.0198965 -0.00913927 0.00855428
v 0.0198108 -0.00901429 0.00879654
v 0.0198071 -0.00900949 0.00880597
v 0.0198533 -0.00907041 0.00868631
v 0.0197499 -0.00895448 0.00891757
v 0.0197235 -0.00892908 0.00896911
v 0.0197137 -0.00892187 0.00898429
v 0.0196943 -0.0089077 0.00901413
v 0.0196215 -0.00885448 0.00912621
v 0.0195953 -0.00883962 0.00915888
v 0.0195889 -0.00883595 0.00916694
v 0.0195019 -0.00878655 0.00927557
v 0.0194678 -0.00877159 0.00931051
v 0.019459 -0.00876777 0.00931944
v 0.0193826 -0.00873427 0.00939772
v 0.0193597 -0.00872423 0.00942117
v 0.0193074 -0.0087072 0.00946528
v 0.0193325 -0.00871539 0.00944407
v 0.0191422 -0.00865917 0.00959543
v 0.0190411 -0.00863553 0.00966593
v 0.0192051 -0.00867389 0.00955153
v 0.0189654 -0.00862381 0.00970925
v 0.0190235 -0.00863281 0.00967598
v 0.018779 -0.00860103 0.00980642
v 0.0188661 -0.00860841 0.00976615
v 0.0186821 -0.00859283 0.0098512
v 0.0186743 -0.00859252 0.00985356
v 0.0197828 -0.00898609 0.00885345
v 0.019651 -0.00927446 0.008736
v 0.0198928 -0.00920686 0.0085408
v 0.0199008 -0.00918459 0.00852887
v 0.0198518 -0.00908394 0.00869396
v 0.019844 -0.00910683 0.00870487
v 0.0197818 -0.00898964 0.00885501
v 0.0198822 -0.00922855 0.00855176
v 0.0198338 -0.00912926 0.00871462
v 0.0197764 -0.00901264 0.0088657
v 0.0197667 -0.00903577 0.00887424
v 0.0196907 -0.00892526 0.00902163
v 0.0196816 -0.00894904 0.00902902
v 0.0195876 -0.00884558 0.00917108
v 0.0195793 -0.00886996 0.00917736
v 0.0194668 -0.00877496 0.00931127
v 0.0198692 -0.00924941 0.00856164
v 0.0198212 -0.00915098 0.00872308
v 0.0197547 -0.0090583 0.00888133
v 0.0196703 -0.00897233 0.00903476
v 0.0195689 -0.00889392 0.00918182
v 0.0194609 -0.00879932 0.00931776
v 0.0194515 -0.00882389 0.00932101
v 0.0193276 -0.00873784 0.0094488
v 0.0193193 -0.00876295 0.00945092
v 0.0191807 -0.00868615 0.00956914
v 0.0191738 -0.00871171 0.00957021
v 0.0190218 -0.00864479 0.00967755
v 0.0190162 -0.0086707 0.00967769
v 0.0188524 -0.00861415 0.00977293
v 0.0188483 -0.00864033 0.00977224
v 0.018674 -0.00859475 0.00985327
v 0.0198538 -0.00926922 0.00857031
v 0.0198063 -0.00917175 0.00873018
v 0.0197405 -0.00907998 0.00888687
v 0.0196569 -0.00899485 0.0090388
v 0.0195565 -0.00891721 0.00918442
v 0.0194403 -0.00884787 0.00932225
v 0.0193094 -0.00878752 0.00945088
v 0.0191652 -0.00873678 0.00956901
v 0.0190092 -0.00869617 0.00967543
v 0.0188429 -0.0086661 0.00976906
v 0.0186717 -0.00862092 0.00985292
v 0.0198364 -0.00928775 0.00857769
v 0.0197894 -0.00919134 0.00873582
v 0.0197242 -0.00910057 0.00889081
v 0.0196416 -0.00901636 0.00904109
v 0.0195422 -0.00893957 0.00918513
v 0.0194273 -0.00887097 0.00932146
v 0.0192978 -0.00881128 0.0094487
v 0.0191552 -0.0087611 0.00956554
v 0.0190009 -0.00872093 0.00967081
v 0.0188365 -0.00869118 0.00976342
v 0.0186681 -0.00864688 0.00984895
v 0.019817 -0.0093048 0.00858368
v 0.0197705 -0.00920953 0.00873994
v 0.0197061 -0.00911983 0.0088931
v 0.0196245 -0.00903662 0.00904161
v 0.0195263 -0.00896073 0.00918394
v 0.0194127 -0.00889295 0.00931866
v 0.0192848 -0.00883397 0.00944439
v 0.0191439 -0.00878437 0.00955985
v 0.0189914 -0.00874468 0.00966387
v 0.0188289 -0.00871529 0.00975539
v 0.0186635 -0.00867217 0.00984244
v 0.0197958 -0.00932018 0.00858823
v 0.01975 -0.00922612 0.0087425
v 0.0196864 -0.00913756 0.00889372
v 0.0196058 -0.0090554 0.00904034
v 0.0195089 -0.00898048 0.00918086
v 0.0193967 -0.00891356 0.00931387
v 0.0192705 -0.00885532 0.00943801
v 0.0191313 -0.00880636 0.009552
v 0.0189808 -0.00876717 0.0096547
v 0.0188203 -0.00873815 0.00974506
v 0.018658 -0.0086965 0.00983348
v 0.0197733 -0.00933371 0.00859128
v 0.019728 -0.00924091 0.00874348
v 0.0196653 -0.00915354 0.00889266
v 0.0195858 -0.00907249 0.0090373
v 0.0194902 -0.00899858 0.00917594
v 0.0193795 -0.00893256 0.00930715
v 0.0192549 -0.00887511 0.00942962
v 0.0191177 -0.00882681 0.00954208
v 0.0189692 -0.00878815 0.00964339
v 0.0188109 -0.00875952 0.00973253
v 0.0186516 -0.0087196 0.00982215
v 0.0197494 -0.00934524 0.0085928
v 0.0197048 -0.00925375 0.00874285
v 0.019643 -0.00916762 0.00888993
v 0.0195646 -0.00908771 0.00903253
v 0.0194703 -0.00901484 0.00916921
v 0.0193613 -0.00894975 0.00929858
v 0.0192384 -0.00889311 0.00941931
v 0.0191031 -0.00884549 0.00953019
v 0.0189567 -0.00880737 0.00963008
v 0.0188006 -0.00877915 0.00971796
v 0.0186444 -0.00874122 0.00980859
v 0.0197246 -0.00935465 0.00859277
v 0.0196807 -0.0092645 0.00874063
v 0.0196198 -0.00917962 0.00888556
v 0.0195425 -0.00910088 0.00902608
v 0.0194496 -0.00902908 0.00916076
v 0.0193421 -0.00896494 0.00928824
v 0.0192211 -0.00890912 0.00940721
v 0.0190878 -0.0088622 0.00951647
v 0.0189435 -0.00882464 0.0096149
v 0.0187897 -0.00879683 0.0097015
v 0.0186365 -0.00876111 0.00979294
v 0.0196559 -0.00927303 0.00873684
v 0.0195959 -0.00918942 0.0088796
v 0.0195198 -0.00911186 0.00901802
v 0.018628 -0.00877905 0.00977538
v 0.0186189 -0.00879484 0.00975611
v 0.0186751 -0.0087998 0.00973225
v 0.0193992 -0.00902215 0.00918759
v 0.0194283 -0.00904113 0.00915069
v 0.0199072 -0.00916234 0.00851656
v 0.0171076 -0.00877699 0.0103049
v 0.0182516 -0.0087926 0.00988606
v 0.0159778 -0.00875799 0.0108159
v 0.0169461 -0.00877478 0.010364
v 0.0149178 -0.0087396 0.0113105
v 0.0129905 -0.00869739 0.0124485
v 0.0138082 -0.0087153 0.0119657
v 0.0147508 -0.00873595 0.0114091
v 0.0111823 -0.00864853 0.0137672
v 0.0117716 -0.00866445 0.0133374
v 0.0125428 -0.00868529 0.012775
v 0.00951011 -0.00859347 0.0152544
v 0.00865819 -0.00855945 0.0161743
v 0.010504 -0.0086262 0.0143704
v 0.00989075 -0.00860601 0.0149159
v 0.00702616 -0.00848592 0.0181628
v 0.00798962 -0.00853275 0.0168962
v 0.00818631 -0.0085406 0.0166838
v 0.00663503 -0.00846691 0.0186771
v 0.0066772 -0.00846896 0.0186216
v 0.00539288 -0.0083916 0.0207151
v 0.00545905 -0.00839657 0.0205804
v 0.00447266 -0.00832239 0.0225885
v 0.00562584 -0.00840655 0.0203105
v 0.00434248 -0.00830961 0.0229346
v 0.00368511 -0.00824507 0.0246823
v 0.00299995 -0.00883797 0.024049
v 0.0044721 -0.00832234 0.0225899
v 0.00276761 -0.00881459 0.0246971
v 0.00300312 -0.00814315 0.0274431
v 0.00214516 -0.0087223 0.0272516
v 0.00220687 -0.00873599 0.0268711
v 0.00230791 -0.00875016 0.0264789
v 0.00276559 -0.00881438 0.0247027
v 0.0035319 -0.00822405 0.0252516
v 0.00310377 -0.00816532 0.0268425
v 0.00360442 -0.008234 0.0249822
v 0.00273408 -0.00808389 0.0290486
v 0.0026721 -0.00805087 0.0299435
v 0.00180405 -0.00862904 0.0298469
v 0.00186138 -0.00865936 0.0290016
v 0.00186702 -0.00866061 0.0289668
v 0.00297002 -0.00813586 0.0276407
v 0.00261204 -0.00795823 0.032454
v 0.00173718 -0.00853555 0.0324525
v 0.00171004 -0.00857017 0.0314884
v 0.00257951 -0.00800154 0.0312801
v 0.00170496 -0.00857664 0.0313082
v 0.00266297 -0.008046 0.0300753
v 0.00282053 -0.00786629 0.0349458
v 0.00194935 -0.00844228 0.0350397
v 0.00182168 -0.00847946 0.0340115
v 0.00264149 -0.00791903 0.0335161
v 0.00176916 -0.00849476 0.0335886
v 0.00261411 -0.00795547 0.0325285
v 0.00329028 -0.00777638 0.0373827
v 0.00243423 -0.00835055 0.0375796
v 0.00219644 -0.00838922 0.0365082
v 0.00291944 -0.00783715 0.0357356
v 0.00204947 -0.00841312 0.035846
v 0.00282398 -0.00786527 0.0349734
v 0.00400713 -0.00768858 0.0397302
v 0.00401785 -0.00768735 0.0397628
v 0.00317488 -0.00826132 0.0400471
v 0.00316881 -0.00826189 0.040031
v 0.00282471 -0.0083009 0.0389529
v 0.00341077 -0.00775664 0.0379179
v 0.00329213 -0.00777608 0.0373909
v 0.00254341 -0.00833279 0.0380715
v 0.00410974 -0.00767687 0.0400421
v 0.00329801 -0.00824975 0.0403737
v -0.004 -0.00949004 0.018106
v -0.004 -0.00922357 0.0222341
v -0.004 -0.00949007 0.0181056
v -0.00428069 -0.00922369 0.0222307
v -0.00418769 -0.00946772 0.0183458
v -0.00418252 -0.00949298 0.0181309
v -0.00413285 -0.00973583 0.0160631
v -0.00409969 -0.00989795 0.0146828
v -0.00418189 -0.00949607 0.0181045
v -0.00408323 -0.01 0.0139992
v 0.00320055 -0.00831037 0.0404132
v 0.00317134 -0.00832854 0.040425
v 0.00312324 -0.00835845 0.0404445
v 0.00304509 -0.00839591 0.0404758
v 0.0029901 -0.00842227 0.0404978
v 0.00294752 -0.00844268 0.0405149
v 0.00288263 -0.00846543 0.0405405
v 0.00280016 -0.00849435 0.0405732
v 0.00260377 -0.00854394 0.0406502
v 0.00276441 -0.00850689 0.0405873
v 0.00257583 -0.00855039 0.0406611
v 0.00254247 -0.00855427 0.0406741
v 0.00240323 -0.00857047 0.040728
v 0.00238382 -0.00857273 0.0407355
v 0.00225612 -0.00857577 0.0407846
v 0.00175677 -0.00862768 0.0392978
v 0.00158888 -0.00864514 0.0387979
v 0.0011163 -0.00871179 0.0368894
v 0.00109253 -0.00871697 0.0367412
v 0.000763044 -0.00878874 0.0346858
v 0.000723223 -0.00880832 0.0341253
v 0.000608378 -0.00886477 0.0325087
v 0.000630284 -0.00893235 0.0305738
v 0.00061996 -0.0089005 0.0314857
v 0.000837723 -0.00900913 0.0283751
v 0.000792944 -0.00899255 0.0288497
v 0.00119904 -0.009079 0.0263742
v 0.00123348 -0.0090835 0.0262453
v 0.00175077 -0.00915109 0.0243098
v 0.00196874 -0.0091721 0.0237079
v 0.00236767 -0.00857311 0.0407417
v 0.00275128 -0.0089748 0.0239684
v 0.00290909 -0.00888523 0.0240192
v 0.00221559 -0.00880003 0.0264592
v 0.00205298 -0.00888901 0.0264252
v 0.00178267 -0.00871275 0.0289585
v 0.00161707 -0.00880112 0.0289418
v 0.00161512 -0.00862437 0.0314894
v 0.00144836 -0.00871213 0.0314902
v 0.00171481 -0.00853586 0.0340239
v 0.00154874 -0.00862301 0.0340423
v 0.00208062 -0.0084482 0.0365339
v 0.00191709 -0.00853474 0.0365696
v 0.00270852 -0.00836237 0.0389915
v 0.00258636 -0.00904837 0.0239145
v 0.00188305 -0.00896196 0.026389
v 0.001444 -0.00887345 0.0289237
v 0.00127409 -0.00878382 0.0314904
v 0.00137519 -0.00869406 0.0340608
v 0.00174618 -0.00860516 0.0366063
v 0.00254932 -0.00844832 0.0390442
v 0.0024158 -0.00910531 0.0238582
v 0.0017073 -0.00901826 0.0263509
v 0.00126501 -0.00892909 0.0289042
v 0.00109384 -0.0088388 0.0314899
v 0.00119569 -0.00874837 0.0340792
v 0.00156942 -0.00865882 0.0366435
v 0.00238295 -0.00851812 0.0390986
v 0.0022411 -0.00914509 0.0237998
v 0.00152729 -0.00905739 0.0263112
v 0.00108168 -0.00896756 0.0288837
v 0.000909229 -0.00887658 0.0314887
v 0.00101184 -0.00878548 0.0340975
v 0.00138837 -0.00869526 0.036681
v 0.00221089 -0.00857114 0.0391543
v 0.00206381 -0.00916737 0.0237399
v 0.00134461 -0.00907901 0.0262703
v 0.000895641 -0.0089885 0.0288622
v 0.000721885 -0.00889684 0.0314869
v 0.000825269 -0.00880505 0.0341154
v 0.00120464 -0.00871414 0.0367184
v 0.00203465 -0.00860692 0.0392106
v 0.00185581 -0.00862513 0.0392671
v 0.0156769 -0.00735617 0.0747059
v 0.0156024 -0.00736585 0.0747348
v 0.0154762 -0.00738226 0.0747839
v 0.0158735 -0.00730692 0.0746287
v 0.0157385 -0.00734074 0.0746817
v 0.0160041 -0.00725761 0.0745769
v 0.0159388 -0.00728227 0.0746028
v 0.016193 -0.00716848 0.0745012
v 0.0161311 -0.00720039 0.0745261
v 0.0160637 -0.00723511 0.0745532
v 0.0163707 -0.0070605 0.0744292
v 0.0162543 -0.00713577 0.0744766
v 0.0162453 -0.00714156 0.0744802
v 0.0154656 -0.00738257 0.0747879
v 0.015329 -0.00738651 0.0748405
v -0.00413407 -0.01 0.013998
v -0.00419177 -0.00999998 0.0139934
v -0.00458083 -0.00999987 0.0139622
v -0.00477671 -0.00999983 0.0139325
v -0.0046589 -0.00999985 0.0139503
v -0.00520763 -0.01 0.0138349
v -0.00536741 -0.01 0.0137876
v -0.00511822 -0.00999996 0.0138552
v -0.0057597 -0.01 0.0136421
v -0.00556522 -0.01 0.0137143
v -0.00615365 -0.01 0.0134512
v -0.00599535 -0.01 0.0135279
v -0.00606195 -0.01 0.0134957
v -0.0065167 -0.01 0.0132307
v -0.00663572 -0.01 0.0131421
v -0.00640436 -0.01 0.0132989
v -0.00684731 -0.01 0.0129846
v -0.00701826 -0.01 0.0128313
v -0.00678771 -0.01 0.013029
v -0.00728241 -0.01 0.0125712
v -0.00716532 -0.01 0.0126994
v -0.00714133 -0.01 0.0127209
v -0.00746004 -0.01 0.0123767
v -0.0074652 -0.01 0.0123711
v -0.00761361 -0.01 0.0121756
v -0.00769504 -0.01 0.0120683
v -0.00780691 -0.01 0.0118917
v -0.00790169 -0.01 0.011742
v -0.00773866 -0.01 0.0119995
v -0.00793323 -0.01 0.0116795
v -0.00812226 -0.01 0.0113047
v -0.00814846 -0.01 0.0112421
v -0.00802015 -0.01 0.0115072
v -0.00805734 -0.01 0.0114334
v -0.00797901 -0.01 0.0115887
v -0.00809114 -0.01 0.0113664
v -0.00797577 -0.01 0.0115951
v -0.00820035 -0.01 0.0111147
v -0.00823539 -0.01 0.0110204
v -0.0081874 -0.0100001 0.0111483
v -0.00817789 -0.01 0.0111719
v -0.00844099 -0.00748006 0.0157487
v -0.00832079 -0.00871808 0.0133761
v -0.00824271 -0.00843035 0.0141901
v -0.00821702 -0.00870095 0.0136375
v -0.00826651 -0.00927718 0.0123046
v -0.0083343 -0.0074657 0.01616
v -0.00738992 -0.00952238 0.0143642
v -0.00738958 -0.00952215 0.0143656
v -0.00666558 -0.00904997 0.0173903
v -0.00724939 -0.00731142 0.0205779
v -0.00613998 -0.00874977 0.0205561
v -0.00613924 -0.00874934 0.0205606
v -0.00668065 -0.00720336 0.0236725
v -0.00665939 -0.00904643 0.0174276
v -0.0066589 -0.00904616 0.0174305
v -0.00739207 -0.00733516 0.0198982
v -0.00742939 -0.00734033 0.0197501
v -0.00727937 -0.00731712 0.0204147
v -0.00804199 -0.0074252 0.0173197
v -0.00563351 -0.00846049 0.0236068
v -0.00779288 -0.00894041 0.0143105
v -0.00755123 -0.00797138 0.0174232
v -0.0044202 -0.00923073 0.0219487
v -0.0044252 -0.00923058 0.0219458
v -0.00439172 -0.00923105 0.0219735
v -0.00440243 -0.00923102 0.0219629
v -0.00441219 -0.0092309 0.0219544
v -0.0043686 -0.0092306 0.0220059
v -0.00438492 -0.00923098 0.0219821
v -0.00430785 -0.00922637 0.0221517
v -0.00434032 -0.00922901 0.0220668
v -0.00435769 -0.00923014 0.0220262
v -0.00450192 -0.00922307 0.0219858
v -0.00451897 -0.00921984 0.0220183
v -0.00449035 -0.00922494 0.0219681
v -0.00447575 -0.00922691 0.0219513
v -0.00448207 -0.00922611 0.0219578
v -0.0044662 -0.00922797 0.0219441
v -0.00447054 -0.00922752 0.021947
v -0.00445651 -0.00922888 0.0219396
v -0.00446123 -0.00922845 0.0219416
v -0.00444911 -0.00922946 0.0219377
v -0.00445277 -0.00922918 0.0219384
v -0.00444542 -0.00922972 0.0219374
v -0.00444329 -0.00922983 0.021938
v -0.00442683 -0.00923053 0.0219448
v -0.00443168 -0.00923034 0.0219426
v -0.0044324 -0.00923031 0.0219423
v -0.00443841 -0.00923004 0.0219402
v -0.00444137 -0.00922991 0.021939
v -0.00452489 -0.00921848 0.0220326
v -0.00454543 -0.00921374 0.0220822
v -0.0046045 -0.009195 0.0222752
v -0.00460759 -0.00919402 0.0222853
v -0.00461173 -0.0091927 0.0222988
v -0.00467977 -0.00916172 0.0225474
v -0.00474912 -0.00913014 0.0228008
v -0.0047522 -0.00912844 0.0228099
v -0.00482618 -0.0090876 0.023027
v -0.00485326 -0.00907265 0.0231065
v -0.00490077 -0.00904439 0.0232151
v -0.0049158 -0.00903546 0.0232495
v -0.0049722 -0.00900032 0.0233563
v -0.00490084 -0.00904435 0.0232153
v -0.00497902 -0.0089959 0.023367
v -0.00502393 -0.00896678 0.0234377
v -0.00505811 -0.00894381 0.0234827
v -0.00507135 -0.00893492 0.0235001
v -0.00511109 -0.00890737 0.0235441
v -0.00505946 -0.00894291 0.0234844
v -0.00514944 -0.00888018 0.023579
v -0.00519081 -0.00885001 0.0236103
v -0.00514094 -0.00888621 0.0235713
v -0.00522143 -0.00882689 0.0236289
v -0.00522378 -0.00882511 0.0236303
v -0.0052391 -0.00881354 0.0236395
v -0.00528689 -0.00877604 0.0236613
v -0.00539013 -0.00869021 0.0236829
v -0.00532822 -0.00874249 0.0236744
v -0.00536706 -0.00871001 0.0236817
v -0.00530679 -0.00875989 0.0236676
v -0.00538585 -0.00869389 0.0236827
v -0.00547296 -0.00861675 0.0236761
v -0.00540812 -0.00867478 0.0236838
v -0.00544795 -0.00863959 0.023681
v -0.00554259 -0.00855155 0.0236558
v -0.00549426 -0.00859732 0.0236719
v -0.0055481 -0.00854612 0.0236531
v -0.00555419 -0.00854013 0.0236502
v -0.00559354 -0.00850137 0.0236314
v -0.00631116 -0.00924448 0.0176795
v -0.0062448 -0.00927409 0.0176895
v -0.00557839 -0.0090786 0.0205586
v -0.00703278 -0.00956602 0.0147707
v -0.00590516 -0.00885546 0.0206591
v -0.00652362 -0.00913084 0.0175757
v -0.00647515 -0.00915918 0.0176117
v -0.00577882 -0.00894902 0.0206669
v -0.00642432 -0.00918738 0.0176408
v -0.00637013 -0.0092157 0.0176634
v -0.00571414 -0.00899335 0.0206479
v -0.00584239 -0.00890313 0.0206703
v -0.00604108 -0.00878277 0.0206033
v -0.00661469 -0.00907635 0.0174837
v -0.00657001 -0.00910238 0.0175334
v -0.0059668 -0.00880625 0.0206344
v -0.00596023 -0.00937053 0.0176941
v -0.00580635 -0.00940518 0.0176995
v -0.00522545 -0.00924026 0.0201521
v -0.00508582 -0.0092778 0.0200251
v -0.00559173 -0.00944029 0.0177211
v -0.00527615 -0.00947269 0.0177787
v -0.00616778 -0.00930489 0.017694
v -0.00607535 -0.00933703 0.0176946
v -0.00542441 -0.00916098 0.0203911
v -0.00533425 -0.0092011 0.020278
v -0.00550463 -0.00912012 0.0204849
v -0.00480812 -0.00949399 0.0179029
v -0.00566676 -0.00970257 0.0156336
v -0.00500651 -0.00971703 0.0158646
v -0.00661153 -0.00963706 0.0151246
v -0.00610951 -0.00968118 0.0154266
v -0.0064054 -0.00965862 0.0152588
v -0.00687232 -0.00959848 0.0149226
v -0.00675944 -0.00961696 0.0150152
v -0.00696102 -0.00958154 0.0148424
v -0.00723136 -0.0095128 0.014523
v -0.00714417 -0.00953811 0.0146426
v -0.00709252 -0.00955163 0.0147049
v -0.00718993 -0.00952523 0.0145824
v -0.0073195 -0.00951026 0.0144237
v -0.00726927 -0.00950076 0.0144641
v -0.0048923 -0.00931074 0.0199312
v -0.00443788 -0.00923009 0.0219398
v -0.00564773 -0.00903643 0.0206124
v -0.0038444 -0.00912929 0.0249339
v -0.00319523 -0.00903632 0.0275962
v -0.00388939 -0.00913902 0.0246551
v -0.00239191 -0.00895064 0.0300499
v -0.00224257 -0.00893679 0.0304463
v -0.00230966 -0.0089346 0.030472
v -0.00312044 -0.00902834 0.0278247
v -0.00235174 -0.00893008 0.030488
v -0.00235966 -0.00892922 0.030491
v -0.00255659 -0.0089019 0.0305656
v -0.00269216 -0.00887197 0.0306166
v -0.0025023 -0.00891388 0.0305452
v -0.00274995 -0.0088524 0.0306381
v -0.00287719 -0.00880932 0.0306855
v -0.00274824 -0.00885299 0.0306375
v -0.00293757 -0.0087813 0.0307077
v -0.00293875 -0.00878075 0.0307081
v -0.00305541 -0.0087266 0.030751
v -0.00311732 -0.00868939 0.0307734
v -0.00312113 -0.00868709 0.0307748
v -0.00322492 -0.0086247 0.0308125
v -0.00328717 -0.00857771 0.0308347
v -0.00329328 -0.0085731 0.0308369
v -0.0033839 -0.0085047 0.0308693
v -0.00344523 -0.00844752 0.0308909
v -0.00345319 -0.00844009 0.0308937
v -0.00353065 -0.00836787 0.0309209
v -0.00358956 -0.00830017 0.0309411
v -0.00445142 -0.00828656 0.0286707
v -0.00456968 -0.0082985 0.0283229
v -0.00359886 -0.00828948 0.0309443
v -0.00367 -0.00820771 0.0309688
v -0.00518736 -0.00838139 0.0259061
v -0.00526184 -0.00839139 0.0256147
v -0.00459278 -0.0083016 0.0282325
v -0.00539035 -0.00841528 0.0249205
v -0.00422469 -0.00910915 0.0247187
v -0.00401407 -0.00913478 0.0246788
v -0.00324015 -0.00902369 0.02786
v -0.00443151 -0.00906057 0.0247571
v -0.00344598 -0.00899737 0.0279196
v -0.00463213 -0.00898963 0.0247935
v -0.0036481 -0.00894812 0.0279773
v -0.00482422 -0.00889713 0.0248275
v -0.00384417 -0.00887652 0.0280324
v -0.00500553 -0.00878416 0.0248587
v -0.00403189 -0.0087834 0.0280843
v -0.00517395 -0.00865203 0.0248867
v -0.00420908 -0.00866984 0.0281324
v -0.00532752 -0.00850229 0.0249112
v -0.00437368 -0.00853716 0.0281762
v -0.00452376 -0.00838692 0.0282151
v -0.00452522 -0.00921468 0.0221119
v -0.00442844 -0.00923046 0.0219442
v -0.00948388 -0.00865477 0.0096156
v -0.00950124 -0.00877806 0.00932851
v -0.00890519 -0.007547 0.0138318
v -0.00933664 -0.00760922 0.0120502
v -0.00892821 -0.00867777 0.0113873
v -0.00941329 -0.00762465 0.0116105
v -0.00949043 -0.00764018 0.0111681
v -0.00956936 -0.00765607 0.0107154
v -0.00986112 -0.00957206 0.00679699
v -0.00989973 -0.00999938 0.00618261
v -0.00964989 -0.00767229 0.0102535
v -0.00986316 -0.00999983 0.00633517
v -0.00982987 -0.0100002 0.00647405
v -0.00982517 -0.0100002 0.00648827
v -0.00985906 -0.00999988 0.00635225
v -0.00993617 -0.00999893 0.00603059
v -0.0095729 -0.00877519 0.00907832
v -0.00963822 -0.00877789 0.00880665
v -0.00969588 -0.00877784 0.00852552
v -0.0099615 -0.01 0.00587117
v -0.00994258 -0.0099992 0.00599021
v -0.00996131 -0.00999999 0.00587235
v -0.00998374 -0.01 0.00567784
v -0.00998954 -0.00900901 0.00562147
v -0.00974389 -0.0077104 0.00915786
v -0.00990471 -0.00887852 0.00673832
v -0.00986026 -0.00775758 0.00780141
v -0.00622023 -0.00711777 0.0261233
v -0.00546608 -0.00701837 0.0289699
v -0.00466101 -0.00693683 0.0313048
v 0.0122631 -0.00685977 0.0722444
v 0.0122508 -0.00684495 0.0722487
v 0.0121846 -0.00676532 0.0722713
v 0.0123225 -0.00692028 0.0722238
v 0.0124077 -0.00700716 0.0721941
v 0.0125573 -0.00713029 0.0721409
v 0.0124758 -0.0070632 0.0721699
v 0.012566 -0.00713747 0.0721378
v 0.0127361 -0.00724924 0.0720765
v 0.0126446 -0.00718909 0.0721095
v 0.0129161 -0.00734119 0.0720106
v 0.0128261 -0.00729521 0.0720435
v 0.013104 -0.00741228 0.0719409
v 0.0130172 -0.00737945 0.0719731
v 0.0129198 -0.00734257 0.0720092
v 0.0132976 -0.00746173 0.0718684
v 0.0132143 -0.00744047 0.0718996
v 0.0134138 -0.00747778 0.0718243
v 0.0134947 -0.00748896 0.0717936
v 0.013612 -0.00749448 0.0717488
v 0.0142269 -0.00744489 0.0731687
v 0.0147513 -0.00740485 0.0743153
v 0.0145721 -0.00741706 0.0739658
v 0.0134307 -0.00529101 0.0784348
v 0.0141562 -0.00727472 0.0746253
v 0.0142199 -0.00730251 0.0745926
v 0.0142169 -0.00730157 0.0745941
v 0.0140454 -0.00722574 0.0746821
v 0.0141395 -0.00726734 0.0746338
v 0.0140298 -0.00721667 0.07469
v 0.0139818 -0.00718875 0.0747144
v 0.0139692 -0.00718146 0.0747208
v 0.0131811 -0.00694013 0.074011
v 0.0133761 -0.00696994 0.0743006
v 0.0132566 -0.00695167 0.0741231
v 0.0138823 -0.00713095 0.0747649
v 0.0137375 -0.00702522 0.0748378
v 0.0138311 -0.00709355 0.0747907
v 0.0135615 -0.0069983 0.0745762
v 0.0123955 -0.00680354 0.0726536
v 0.0125979 -0.0068402 0.0730203
v 0.0127916 -0.00687531 0.0733716
v 0.0126336 -0.00684668 0.0730852
v 0.0129768 -0.00690887 0.0737073
v 0.014578 -0.00739205 0.0744064
v 0.0146179 -0.00739499 0.0743855
v 0.0144844 -0.00737427 0.0744553
v 0.0143951 -0.00735733 0.0745019
v 0.0144705 -0.00737164 0.0744625
v 0.0143029 -0.00732848 0.0745496
v 0.0143514 -0.00734366 0.0745245
v 0.0146408 -0.00739669 0.0743734
v 0.0138179 -0.00727097 0.0740997
v 0.0134671 -0.00726408 0.0735006
v 0.0135456 -0.0073007 0.0734669
v 0.0131048 -0.00725622 0.0728273
v 0.0133607 -0.00709876 0.0739351
v 0.0131722 -0.00708039 0.0736259
v 0.0132426 -0.00713155 0.0735962
v 0.0136789 -0.00719963 0.0741645
v 0.0133154 -0.00717935 0.0735654
v 0.0133903 -0.00722358 0.0735335
v 0.0138893 -0.00730177 0.0740662
v 0.0137476 -0.00723689 0.0741325
v 0.0136117 -0.00715932 0.0741956
v 0.0134286 -0.00714585 0.0739052
v 0.0137917 -0.00717196 0.0744676
v 0.0136679 -0.00709018 0.0745273
v 0.0135463 -0.00711608 0.0742257
v 0.0134829 -0.00707007 0.0742549
v 0.0132315 -0.00699588 0.0739916
v 0.0130391 -0.00696881 0.0736815
v 0.0131043 -0.00702606 0.0736543
v 0.0132949 -0.00704871 0.073964
v 0.0134215 -0.00702145 0.0742829
v 0.0136087 -0.00704556 0.0745557
v 0.0131903 -0.0072994 0.0727935
v 0.0125925 -0.00701864 0.0725843
v 0.0129408 -0.00715645 0.0728915
v 0.0130216 -0.0072085 0.07286
v 0.0128628 -0.00710031 0.0729218
v 0.0126695 -0.00708332 0.0725559
v 0.0124498 -0.0068785 0.0726363
v 0.0127878 -0.00704035 0.0729507
v 0.0125192 -0.00695024 0.0726111
v 0.0127162 -0.00697686 0.0729781
v 0.0126479 -0.00691015 0.073004
v 0.0129812 -0.00706092 0.0732978
v 0.0131294 -0.00716824 0.0732379
v 0.0132072 -0.00721627 0.0732062
v 0.0130539 -0.00711638 0.0732685
v 0.0128445 -0.00694024 0.0733524
v 0.0129113 -0.00700212 0.0733258
v 0.0137885 -0.00738615 0.0733616
v 0.013954 -0.00742213 0.0732891
v 0.0138711 -0.00740626 0.0733255
v 0.0137066 -0.00736183 0.0733972
v 0.0136255 -0.00733332 0.0734324
v 0.0132776 -0.00733786 0.0727587
v 0.0140353 -0.00735319 0.0739973
v 0.014037 -0.00743376 0.0732525
v 0.0141839 -0.00739067 0.0739267
v 0.0139619 -0.0073292 0.074032
v 0.0152414 -0.00726341 0.075863
v 0.0155104 -0.00714263 0.0766663
v 0.0155737 -0.00711426 0.076855
v 0.0154062 -0.0070518 0.0769399
v 0.0157396 -0.00703976 0.0773505
v 0.0152388 -0.00705784 0.0767337
v 0.0147388 -0.0070759 0.0761179
v 0.0141139 -0.00706008 0.0753275
v 0.0138916 -0.00703949 0.0750383
v 0.014412 -0.0070877 0.0757154
v 0.0147259 -0.00707636 0.076102
v 0.0145499 -0.00708272 0.0758853
v 0.0150841 -0.00733402 0.0753935
v 0.0152302 -0.00726843 0.0758297
v 0.0152338 -0.00726684 0.0758402
v 0.0149344 -0.00736588 0.0749086
v 0.0149613 -0.00736015 0.0749958
v 0.0150546 -0.00724085 0.0759373
v 0.0152207 -0.00726484 0.0758442
v 0.0148858 -0.00717765 0.0760242
v 0.0147346 -0.00708263 0.076094
v 0.0153758 -0.00737088 0.0751354
v 0.0153998 -0.00736287 0.0752866
v 0.015435 -0.00734672 0.075445
v 0.0155071 -0.00731362 0.0757699
v 0.0155832 -0.00727871 0.0761125
v 0.0154299 -0.00734908 0.0754219
v 0.0156828 -0.00722629 0.0764656
v 0.0157965 -0.00716401 0.0768336
v 0.0156074 -0.00726761 0.0762214
v 0.0155952 -0.00727318 0.0761668
v 0.0158376 -0.00714152 0.0769665
v 0.0159158 -0.00709865 0.0772198
v 0.0160408 -0.0070302 0.0776243
v 0.0139874 -0.00524511 0.0797494
v 0.0147531 -0.00518199 0.081557
v 0.0164848 -0.00559563 0.082941
v 0.0169243 -0.00563804 0.0832106
v 0.0166718 -0.00561367 0.0830557
v 0.0159087 -0.00547776 0.0826232
v 0.0160101 -0.00550792 0.0826738
v 0.015953 -0.00549094 0.0826453
v 0.0164176 -0.00558915 0.0828998
v 0.0161865 -0.00554308 0.0827716
v 0.0153713 -0.00528973 0.0823712
v 0.0156573 -0.00540299 0.0824978
v 0.0155061 -0.00534309 0.0824308
v 0.0157258 -0.00542336 0.0825319
v 0.0153489 -0.00528084 0.0823612
v 0.0152935 -0.00525356 0.0823398
v 0.0150984 -0.00515729 0.0822642
v 0.0168081 -0.0071163 0.077196
v 0.0166138 -0.00713071 0.0773101
v 0.0165269 -0.00713191 0.0773603
v 0.0167153 -0.00712931 0.0772514
v 0.0165162 -0.00713074 0.0773662
v 0.0164188 -0.00711999 0.0774206
v 0.0163377 -0.00711104 0.0774659
v 0.0162269 -0.00708501 0.0775257
v 0.01615 -0.00706696 0.0775671
v 0.0161328 -0.00706115 0.0775761
v 0.0171803 -0.00701318 0.0769659
v 0.0173513 -0.00692729 0.0768543
v 0.0172545 -0.00698243 0.0769184
v 0.0170911 -0.0070501 0.0770229
v 0.0170813 -0.00705413 0.0770292
v 0.0169981 -0.0070768 0.0770805
v 0.0169009 -0.00710328 0.0771406
v 0.0167971 -0.00699437 0.0754062
v 0.0168324 -0.00698595 0.0754725
v 0.01751 -0.0068241 0.076747
v 0.0174184 -0.00688905 0.0768097
v 0.0161537 -0.00728103 0.0758338
v 0.016235 -0.00726414 0.0757925
v 0.0163576 -0.00723821 0.0761211
v 0.0159452 -0.00730485 0.0748969
v 0.0158039 -0.00734013 0.0749569
v 0.0158242 -0.00730617 0.075997
v 0.0159067 -0.00730624 0.0759568
v 0.0160142 -0.0072726 0.0763004
v 0.0164048 -0.00721979 0.0765138
v 0.0164937 -0.00720561 0.0764645
v 0.0159893 -0.00730209 0.0759161
v 0.0160717 -0.00729369 0.0758751
v 0.0161867 -0.00726483 0.0762114
v 0.0162725 -0.00725387 0.0761663
v 0.0161005 -0.00727106 0.0762562
v 0.0163151 -0.00722876 0.0765628
v 0.0162251 -0.0072325 0.0766112
v 0.0163635 -0.00718606 0.0769813
v 0.0161351 -0.00723107 0.076659
v 0.0162698 -0.00718128 0.0770326
v 0.0160454 -0.00722453 0.076706
v 0.0156605 -0.00729367 0.0760755
v 0.015742 -0.00730196 0.0760366
v 0.0158426 -0.00726182 0.0763868
v 0.0159281 -0.00726949 0.076344
v 0.0157578 -0.0072497 0.0764286
v 0.0159565 -0.007213 0.0767519
v 0.0158686 -0.00719664 0.0767966
v 0.0160844 -0.00715513 0.0771317
v 0.0161766 -0.00717092 0.0770828
v 0.0159934 -0.00713409 0.0771792
v 0.0158807 -0.00733104 0.0752477
v 0.0160292 -0.0072972 0.0751803
v 0.0161256 -0.00728371 0.0754789
v 0.0160481 -0.00730159 0.0755164
v 0.0155886 -0.00737009 0.0750471
v 0.0155167 -0.00737394 0.075077
v 0.0156606 -0.00736318 0.0750172
v 0.0158056 -0.00734284 0.0752814
v 0.015445 -0.00737477 0.0751065
v 0.0157303 -0.0073512 0.075315
v 0.0156548 -0.00735613 0.0753484
v 0.0155795 -0.00735766 0.0753815
v 0.0155045 -0.00735583 0.0754143
v 0.0158122 -0.00733233 0.0756283
v 0.0159698 -0.00731566 0.0755538
v 0.0158911 -0.00732591 0.0755912
v 0.0156545 -0.00733378 0.0757015
v 0.0157332 -0.00733494 0.0756651
v 0.0155762 -0.00732892 0.0757373
v 0.0163143 -0.00718981 0.0750478
v 0.0162449 -0.00722143 0.0750804
v 0.0166937 -0.00707836 0.0755498
v 0.0166218 -0.00711876 0.075589
v 0.0165479 -0.00715559 0.0756288
v 0.0161742 -0.00724993 0.0751134
v 0.016472 -0.00718867 0.0756692
v 0.0161022 -0.00727521 0.0751467
v 0.0163944 -0.00721788 0.07571
v 0.0163153 -0.00724307 0.0757512
v 0.0166682 -0.00716185 0.0763658
v 0.0165817 -0.00718627 0.0764151
v 0.0166276 -0.00539048 0.0835283
v 0.0166193 -0.00538134 0.0835371
v 0.0165479 -0.00528644 0.0836123
v 0.016488 -0.00519089 0.0836749
v 0.016778 -0.00554001 0.0833681
v 0.0166962 -0.00546611 0.0834554
v 0.0166588 -0.00542489 0.0834951
v 0.0164419 -0.00510636 0.0837226
v 0.0160485 -0.00511946 0.0833476
v 0.0164826 -0.00518226 0.0836805
v 0.0156642 -0.00513225 0.0829812
v 0.0155856 -0.00513486 0.0829064
v 0.0154933 -0.00513858 0.0828001
v 0.0153767 -0.00514326 0.0826658
v 0.0152992 -0.00514638 0.0825766
v 0.0152757 -0.00514755 0.0825432
v 0.0152042 -0.00515109 0.0824418
v 0.0151838 -0.0051521 0.0824129
v 0.0151471 -0.00515433 0.082349
v 0.0168638 -0.00560239 0.0832759
v 0.0168578 -0.00559806 0.0832823
v 0.0154009 -0.00514229 0.0826937
v 0.0157252 -0.00513022 0.0830394
v 0.0158013 -0.00529276 0.0829034
v 0.0161953 -0.0053477 0.0832077
v 0.0161726 -0.00531327 0.0832383
v 0.0160072 -0.00534204 0.0830339
v 0.0162188 -0.00538081 0.0831763
v 0.015769 -0.00523095 0.0829636
v 0.0161297 -0.00524067 0.0832968
v 0.016436 -0.00540892 0.0833304
v 0.0152732 -0.00521827 0.0823997
v 0.0154794 -0.00530744 0.0824908
v 0.0154535 -0.00526296 0.082555
v 0.0156929 -0.00538522 0.082594
v 0.0156603 -0.00533864 0.0826594
v 0.0159135 -0.00545148 0.0827089
v 0.0158738 -0.00540329 0.0827757
v 0.0156298 -0.00528786 0.0827231
v 0.0154084 -0.0051631 0.0826786
v 0.0154299 -0.00521479 0.0826177
v 0.0158364 -0.0053503 0.0828406
v 0.0160938 -0.00545677 0.0829037
v 0.0160492 -0.00540201 0.08297
v 0.0161407 -0.00550607 0.0828355
v 0.016374 -0.00554886 0.0829734
v 0.0163199 -0.00549895 0.0830433
v 0.0162681 -0.00544283 0.0831111
v 0.0165518 -0.00552968 0.0831943
v 0.0164925 -0.00547265 0.0832638
v 0.0166132 -0.00557971 0.0831224
v 0.0160903 -0.00516356 0.0833512
v 0.0157395 -0.00516522 0.0830209
v 0.0152541 -0.00517635 0.0824629
v 0.0186118 -0.00504077 0.0856009
v 0.0185951 -0.00504071 0.0856027
v 0.0184666 -0.0050422 0.08556
v 0.0184686 -0.00504215 0.0855614
v 0.0186229 -0.00504084 0.0855988
v 0.018449 -0.00504268 0.0855461
v 0.0186245 -0.00504086 0.0855983
v 0.0185782 -0.0050407 0.0856029
v 0.0185022 -0.00504141 0.0855826
v 0.018519 -0.00504115 0.0855901
v 0.0187592 -0.00504456 0.0854923
v 0.0187601 -0.00504462 0.0854907
v 0.0184846 -0.00504176 0.0855726
v 0.0187783 -0.0050458 0.0854567
v 0.0187906 -0.00504687 0.0854263
v 0.0187755 -0.0050456 0.0854626
v 0.0187122 -0.00504254 0.0855502
v 0.0187209 -0.00504284 0.0855416
v 0.018561 -0.00504075 0.0856013
v 0.0185717 -0.00504072 0.0856023
v 0.0185365 -0.00504094 0.0855961
v 0.0185536 -0.0050408 0.0856001
v 0.0187241 -0.00504295 0.0855385
v 0.0185194 -0.00504114 0.0855903
v 0.0188175 -0.00505098 0.0853086
v 0.0188204 -0.00505252 0.0852643
v 0.0187987 -0.00504776 0.0854007
v 0.0188019 -0.00504816 0.0853893
v 0.0187412 -0.00504365 0.0855185
v 0.0186946 -0.00504203 0.0855649
v 0.0188217 -0.0050532 0.0852448
v 0.0188211 -0.00505411 0.0852187
v 0.0188171 -0.00505081 0.0853135
v 0.0187932 -0.00504709 0.0854198
v 0.018807 -0.00504877 0.0853717
v 0.0188108 -0.00504953 0.0853499
v 0.0186762 -0.0050416 0.0855772
v 0.0186578 -0.00504126 0.0855869
v 0.018675 -0.00504157 0.0855779
v 0.0186406 -0.00504102 0.0855938
v 0.0188205 -0.00505514 0.0851895
v 0.018478 -0.00558872 0.084623
v 0.0184771 -0.00556982 0.08468
v 0.0184728 -0.00551576 0.0848339
v 0.0184717 -0.00550224 0.0848724
v 0.0184749 -0.0055432 0.0847558
v 0.0184754 -0.00554912 0.0847389
v 0.0184693 -0.00546402 0.0849532
v 0.0184663 -0.00541527 0.0850563
v 0.0184707 -0.00548658 0.0849055
v 0.018466 -0.00541098 0.0850634
v 0.0184646 -0.00538327 0.0851091
v 0.0184636 -0.0053643 0.0851403
v 0.0184614 -0.00532231 0.0852096
v 0.0184607 -0.00530995 0.0852299
v 0.0184578 -0.0052454 0.085315
v 0.0184562 -0.00521134 0.0853599
v 0.0184551 -0.00518751 0.0853913
v 0.0184568 -0.0052235 0.0853439
v 0.0184521 -0.00511714 0.0854665
v 0.0184518 -0.00510905 0.0854752
v 0.0182888 -0.00642762 0.0815306
v 0.0184815 -0.00558896 0.0846228
v 0.0184856 -0.00558924 0.0846226
v 0.0185054 -0.00559061 0.0846214
v 0.0185311 -0.00559249 0.0846198
v 0.0185073 -0.00559075 0.0846212
v 0.018533 -0.00559244 0.0846196
v 0.0185384 -0.00559229 0.0846192
v 0.0185569 -0.00559178 0.0846176
v 0.0185586 -0.00559155 0.0846174
v 0.0185824 -0.00558846 0.0846148
v 0.018584 -0.00558807 0.0846146
v 0.0185907 -0.0055865 0.0846137
v 0.0186073 -0.00558259 0.0846114
v 0.0186089 -0.00558206 0.0846111
v 0.0186315 -0.00557423 0.0846075
v 0.0186329 -0.00557356 0.0846072
v 0.0186404 -0.00557006 0.0846057
v 0.0186545 -0.00556346 0.084603
v 0.0186559 -0.00556266 0.0846027
v 0.0186763 -0.0055504 0.0845981
v 0.0186776 -0.00554947 0.0845978
v 0.0186852 -0.00554372 0.0845958
v 0.0186965 -0.0055352 0.0845928
v 0.018715 -0.00551801 0.0845871
v 0.0186977 -0.00553414 0.0845924
v 0.0187161 -0.00551681 0.0845867
v 0.0187325 -0.00549767 0.0845807
v 0.0187459 -0.00547845 0.0845749
v 0.0187231 -0.00550868 0.0845842
v 0.0187315 -0.00549902 0.0845811
v 0.0187467 -0.00547693 0.0845744
v 0.0187587 -0.0054548 0.084568
v 0.0187676 -0.00543341 0.0845619
v 0.0187524 -0.00546651 0.0845714
v 0.018758 -0.0054565 0.0845685
v 0.0187682 -0.00543151 0.0845614
v 0.0187751 -0.00540733 0.0845548
v 0.0187792 -0.00538484 0.0845488
v 0.0187718 -0.00541912 0.084558
v 0.0187747 -0.00540944 0.0845554
v 0.0187794 -0.0053825 0.0845482
v 0.0187886 -0.0053146 0.0846652
v 0.0187808 -0.00535729 0.0845417
v 0.0187801 -0.00536864 0.0845446
v 0.0187924 -0.00529457 0.0847287
v 0.018803 -0.00522134 0.0849042
v 0.0187992 -0.00524802 0.0848402
v 0.0188131 -0.00513313 0.0850697
v 0.0188094 -0.00516578 0.0850084
v 0.0188192 -0.00506864 0.0851687
v 0.018781 -0.00535386 0.0845408
v 0.0185128 -0.00513234 0.0854918
v 0.0184877 -0.00512523 0.0854872
v 0.0184775 -0.00525533 0.0853209
v 0.0185025 -0.00526303 0.0853247
v 0.0184677 -0.00536589 0.085141
v 0.0185387 -0.00513742 0.0854946
v 0.0185284 -0.00526853 0.085327
v 0.0184916 -0.00537589 0.0851452
v 0.0185174 -0.00538175 0.0851469
v 0.01848 -0.00546974 0.0849551
v 0.0185651 -0.00514042 0.0854956
v 0.0185547 -0.00527177 0.0853277
v 0.0185437 -0.0053852 0.0851473
v 0.0185058 -0.00547591 0.0849562
v 0.0185321 -0.00547953 0.0849562
v 0.0184938 -0.00555 0.0847569
v 0.0185916 -0.0051413 0.0854947
v 0.0185812 -0.00527271 0.0853267
v 0.0185702 -0.0053862 0.0851462
v 0.0185586 -0.00548058 0.084955
v 0.0185201 -0.00555376 0.0847565
v 0.0186179 -0.00514004 0.085492
v 0.0186076 -0.00527135 0.0853241
v 0.0185966 -0.00538474 0.0851438
v 0.018585 -0.00547903 0.0849528
v 0.0185466 -0.00555484 0.0847552
v 0.0186438 -0.00513668 0.0854874
v 0.0186335 -0.00526769 0.08532
v 0.0186225 -0.00538083 0.08514
v 0.018611 -0.00547492 0.0849494
v 0.0185729 -0.00555324 0.0847531
v 0.018669 -0.00513123 0.0854811
v 0.0186588 -0.00526178 0.0853143
v 0.0186478 -0.00537452 0.085135
v 0.0186363 -0.00546828 0.084945
v 0.018599 -0.00554896 0.0847502
v 0.0186932 -0.00512376 0.0854732
v 0.018683 -0.00525368 0.0853071
v 0.0186721 -0.00536588 0.0851286
v 0.0186606 -0.00545919 0.0849397
v 0.0186243 -0.00554206 0.0847465
v 0.0187161 -0.00511437 0.0854636
v 0.0187059 -0.0052435 0.0852985
v 0.0186951 -0.00535501 0.0851212
v 0.0186837 -0.00544775 0.0849333
v 0.0186487 -0.00553261 0.0847421
v 0.0187374 -0.00510315 0.0854525
v 0.0187273 -0.00523133 0.0852887
v 0.0187166 -0.00534203 0.0851126
v 0.0187053 -0.00543409 0.0849261
v 0.0186719 -0.00552072 0.084737
v 0.018757 -0.00509023 0.0854401
v 0.018747 -0.00521733 0.0852776
v 0.0187363 -0.00532709 0.085103
v 0.0187251 -0.00541837 0.0849181
v 0.0186935 -0.00550653 0.0847312
v 0.0187745 -0.00507575 0.0854264
v 0.0187646 -0.00520164 0.0852655
v 0.018754 -0.00531035 0.0850926
v 0.0187429 -0.00540076 0.0849095
v 0.0187134 -0.0054902 0.0847249
v 0.0187899 -0.00505989 0.0854117
v 0.01878 -0.00518444 0.0852525
v 0.0187696 -0.00529201 0.0850814
v 0.0187586 -0.00538146 0.0849002
v 0.0187314 -0.0054719 0.0847181
v 0.0187931 -0.00516594 0.0852387
v 0.0187828 -0.00527227 0.0850696
v 0.0187719 -0.0053607 0.0848904
v 0.0187472 -0.00545185 0.0847108
v 0.0188037 -0.00514633 0.0852243
v 0.0187935 -0.00525136 0.0850572
v 0.0187827 -0.00533869 0.0848803
v 0.0187606 -0.00543028 0.0847032
v 0.0188116 -0.00512584 0.0852094
v 0.0188015 -0.0052295 0.0850445
v 0.0187909 -0.0053157 0.0848699
v 0.0187716 -0.00540742 0.0846954
v 0.0188167 -0.00510471 0.0851942
v 0.0188068 -0.00520696 0.0850316
v 0.0187964 -0.00529199 0.0848593
v 0.0187799 -0.00538354 0.0846874
v 0.0188191 -0.00508316 0.0851789
v 0.0188093 -0.00518398 0.0850186
v 0.018799 -0.00526781 0.0848487
v 0.0187855 -0.0053589 0.0846793
v 0.0184636 -0.00511617 0.0854808
v 0.0187883 -0.00533378 0.0846712
v 0.0182923 -0.00642839 0.0815306
v 0.018301 -0.00642979 0.0815304
v 0.0183181 -0.00643253 0.0815301
v 0.0183264 -0.00643302 0.0815298
v 0.0183441 -0.00643406 0.081529
v 0.018353 -0.00643369 0.0815283
v 0.0183701 -0.00643297 0.0815271
v 0.0183805 -0.00643146 0.081526
v 0.0183957 -0.00642927 0.0815245
v 0.0184083 -0.00642611 0.0815229
v 0.0184208 -0.00642299 0.0815213
v 0.018436 -0.00641751 0.0815189
v 0.0184451 -0.00641421 0.0815174
v 0.0184628 -0.00640563 0.081514
v 0.0184682 -0.00640301 0.081513
v 0.0184882 -0.0063906 0.0815084
v 0.01849 -0.00638953 0.081508
v 0.0185001 -0.00638172 0.0815052
v 0.0185101 -0.00637391 0.0815025
v 0.0185285 -0.00635632 0.0814966
v 0.0185116 -0.00637252 0.081502
v 0.0185222 -0.00636234 0.0814986
v 0.0185448 -0.00633695 0.0814904
v 0.0185416 -0.00634068 0.0814916
v 0.0185588 -0.00631601 0.0814838
v 0.018558 -0.00631726 0.0814842
v 0.0185706 -0.00629372 0.081477
v 0.018571 -0.00629258 0.0814767
v 0.0185761 -0.00627987 0.081473
v 0.0185798 -0.00627034 0.0814701
v 0.0185865 -0.00624612 0.0814632
v 0.0185842 -0.00625449 0.0814656
v 0.0185872 -0.00624187 0.081462
v 0.0185905 -0.00622131 0.0814562
v 0.0185908 -0.00621692 0.081455
v 0.0185918 -0.00619276 0.0814484
v 0.0185918 -0.0061962 0.0814493
v 0.0182702 -0.00668314 0.0784446
v 0.0182713 -0.0066948 0.0785954
v 0.0182689 -0.00666004 0.0782886
v 0.0182698 -0.00667661 0.0784005
v 0.018272 -0.00670221 0.0786913
v 0.0182727 -0.00671021 0.0787948
v 0.0182742 -0.00672589 0.0789976
v 0.0182747 -0.00673134 0.0790681
v 0.018275 -0.00673048 0.079104
v 0.0182756 -0.0067281 0.0792038
v 0.018277 -0.0067231 0.0794131
v 0.0182778 -0.00672013 0.0795373
v 0.0182784 -0.00671804 0.0796247
v 0.0182798 -0.00671294 0.079838
v 0.0182803 -0.0067109 0.0799235
v 0.0182811 -0.00669475 0.0800516
v 0.0182823 -0.00666776 0.0802657
v 0.0182806 -0.00670491 0.079971
v 0.0182831 -0.00664941 0.0804113
v 0.0182835 -0.00664071 0.0804803
v 0.018285 -0.00660782 0.0807412
v 0.0182855 -0.00658334 0.0808484
v 0.0182858 -0.00657021 0.0809059
v 0.0182868 -0.00652236 0.0811156
v 0.0182876 -0.00648544 0.0812773
v 0.0182878 -0.00647478 0.081324
v 0.0182659 -0.0066215 0.0780604
v 0.0182683 -0.00664853 0.0782109
v 0.0183533 -0.0065689 0.0782168
v 0.0183454 -0.00658068 0.0782156
v 0.0183074 -0.00662092 0.0782123
v 0.0183098 -0.00661907 0.0782125
v 0.0183286 -0.00660074 0.0782139
v 0.0183375 -0.00659008 0.0782148
v 0.0183194 -0.00660975 0.0782132
v 0.0183196 -0.0066095 0.0782132
v 0.018289 -0.00663541 0.0782114
v 0.0182947 -0.00663093 0.0782117
v 0.0182997 -0.00662695 0.078212
v 0.0182749 -0.00664433 0.078211
v 0.0182782 -0.00664228 0.0782111
v 0.0182816 -0.00664009 0.0782112
v 0.0183834 -0.00650722 0.0782236
v 0.018386 -0.00649729 0.0782248
v 0.0183813 -0.00651263 0.078223
v 0.0183926 -0.0064653 0.0782289
v 0.0183901 -0.00648118 0.0782268
v 0.0183916 -0.00647162 0.0782281
v 0.0183938 -0.00645771 0.0782299
v 0.0183943 -0.00644955 0.078231
v 0.0183899 -0.00648265 0.0782266
v 0.0183882 -0.00648905 0.0782258
v 0.0183861 -0.00649694 0.0782249
v 0.0183683 -0.0065431 0.0782195
v 0.0183743 -0.00653114 0.0782208
v 0.0183777 -0.00652226 0.0782218
v 0.0183755 -0.0065281 0.0782212
v 0.0183628 -0.0065541 0.0782183
v 0.0183598 -0.00655914 0.0782178
v 0.0183667 -0.00654623 0.0782192
v 0.0183945 -0.00644552 0.0782315
v 0.0183952 -0.00643396 0.0782331
v 0.0184324 -0.00648914 0.0788413
v 0.0184416 -0.0064889 0.078993
v 0.0184764 -0.00648799 0.0795623
v 0.0184913 -0.00646476 0.079806
v 0.0185279 -0.00640773 0.0804042
v 0.0185797 -0.00624389 0.0812503
v 0.0185421 -0.00636285 0.0806359
v 0.0184236 -0.00664118 0.0798192
v 0.0184313 -0.0066326 0.0798181
v 0.0184404 -0.00661875 0.0800301
v 0.018369 -0.00658577 0.0784041
v 0.0183593 -0.00660032 0.0784031
v 0.0183507 -0.00669477 0.0798292
v 0.0183606 -0.00668968 0.0798279
v 0.0183654 -0.00667546 0.0800415
v 0.0184573 -0.00655598 0.0806716
v 0.0184671 -0.00654715 0.0806695
v 0.0184757 -0.00651331 0.0808816
v 0.0183892 -0.00667156 0.0798241
v 0.0183983 -0.0066646 0.0798228
v 0.0184053 -0.0066509 0.0800358
v 0.0184407 -0.00660863 0.0802448
v 0.0184494 -0.00659988 0.0802431
v 0.0184583 -0.00657601 0.0804565
v 0.0184071 -0.00665721 0.0798216
v 0.0184155 -0.00664939 0.0798204
v 0.0184236 -0.0066357 0.0800329
v 0.0184322 -0.00662743 0.0800315
v 0.0184146 -0.00664353 0.0800343
v 0.0184315 -0.00661693 0.0802464
v 0.018422 -0.00662476 0.080248
v 0.0184394 -0.00659312 0.0804602
v 0.018449 -0.00658481 0.0804583
v 0.0184293 -0.00660091 0.080462
v 0.0184471 -0.00656427 0.0806737
v 0.0184122 -0.00663207 0.0802497
v 0.0184189 -0.00660814 0.0804638
v 0.0184365 -0.006572 0.0806758
v 0.018402 -0.00663887 0.0802513
v 0.0183703 -0.00668411 0.0798266
v 0.0183799 -0.00667807 0.0798253
v 0.0183858 -0.00666419 0.0800387
v 0.0183957 -0.0066578 0.0800372
v 0.0183757 -0.00667009 0.0800401
v 0.0183916 -0.00664513 0.0802529
v 0.018381 -0.00665084 0.0802544
v 0.0183973 -0.00662089 0.0804673
v 0.0184082 -0.00661481 0.0804656
v 0.0184255 -0.00657912 0.0806777
v 0.0184143 -0.00658563 0.0806796
v 0.0183861 -0.00662638 0.080469
v 0.0184027 -0.00659151 0.0806815
v 0.0183702 -0.00665598 0.080256
v 0.0183747 -0.00663127 0.0804707
v 0.018391 -0.00659674 0.0806832
v 0.0184319 -0.00654502 0.0808906
v 0.0184733 -0.00648332 0.0810948
v 0.0184841 -0.00647451 0.0810921
v 0.0184923 -0.00643073 0.0813003
v 0.0184546 -0.0065304 0.0808863
v 0.0184654 -0.00652215 0.080884
v 0.0184435 -0.00653803 0.0808885
v 0.018462 -0.00649151 0.0810973
v 0.0184502 -0.00649902 0.0810996
v 0.018469 -0.00644759 0.0813058
v 0.0184809 -0.0064395 0.0813031
v 0.0184381 -0.00650584 0.0811019
v 0.0184567 -0.00645496 0.0813084
v 0.018444 -0.00646158 0.0813108
v 0.0184257 -0.00651193 0.0811041
v 0.018408 -0.00655697 0.0808946
v 0.0184201 -0.00655134 0.0808927
v 0.0183957 -0.00656192 0.0808964
v 0.0184131 -0.0065173 0.0811061
v 0.0183791 -0.00660132 0.0806849
v 0.0183833 -0.00656617 0.0808981
v 0.0184002 -0.00652193 0.0811079
v 0.0184178 -0.00647249 0.0813151
v 0.018431 -0.00646742 0.0813131
v 0.0183873 -0.00652582 0.0811096
v 0.0184045 -0.00647676 0.081317
v 0.018391 -0.00648026 0.0813187
v 0.0183672 -0.00660526 0.0806865
v 0.0183102 -0.00671029 0.0798343
v 0.0183204 -0.00670713 0.0798331
v 0.0183233 -0.00669176 0.0800471
v 0.0183592 -0.00666057 0.0802575
v 0.0183305 -0.00670349 0.0798318
v 0.0183407 -0.00669937 0.0798305
v 0.0183445 -0.00668465 0.0800444
v 0.018355 -0.00668032 0.080043
v 0.0183339 -0.00668846 0.0800458
v 0.0183482 -0.00666459 0.080259
v 0.0183371 -0.00666806 0.0802604
v 0.0183518 -0.00663922 0.0804737
v 0.0183633 -0.00663554 0.0804722
v 0.0183552 -0.00660856 0.080688
v 0.0183432 -0.00661123 0.0806894
v 0.0183402 -0.00664231 0.0804752
v 0.0183287 -0.00664481 0.0804766
v 0.018326 -0.00667098 0.0802618
v 0.0183312 -0.00661329 0.0806907
v 0.0183172 -0.00664675 0.0804779
v 0.018315 -0.00667336 0.0802632
v 0.0183021 -0.00669685 0.0800498
v 0.0182918 -0.00669571 0.0800507
v 0.0182899 -0.00671287 0.0798368
v 0.0183126 -0.00669455 0.0800485
v 0.0183 -0.00671299 0.0798356
v 0.018304 -0.00667522 0.0802645
v 0.0182944 -0.00667192 0.080265
v 0.0183059 -0.00664814 0.0804791
v 0.0182959 -0.00664486 0.0804796
v 0.0183194 -0.00661475 0.080692
v 0.0183076 -0.00661564 0.0806931
v 0.0183028 -0.00661393 0.0807016
v 0.0183336 -0.00657642 0.0809037
v 0.0183214 -0.00657738 0.0809048
v 0.0183744 -0.00652897 0.0811112
v 0.0183584 -0.00657262 0.0809012
v 0.0183459 -0.00657484 0.0809025
v 0.0183709 -0.00656974 0.0808997
v 0.0183614 -0.00653142 0.0811126
v 0.0183485 -0.00653316 0.0811138
v 0.0183358 -0.00653424 0.0811149
v 0.0183642 -0.00648496 0.0813215
v 0.0183509 -0.00648621 0.0813227
v 0.0183776 -0.00648299 0.0813202
v 0.0183378 -0.00648675 0.0813236
v 0.0183249 -0.00648664 0.0813244
v 0.0183232 -0.00653467 0.0811159
v 0.0183093 -0.00657774 0.0809058
v 0.0182984 -0.00657416 0.0809059
v 0.0183108 -0.00653449 0.0811167
v 0.0183006 -0.00652934 0.0811162
v 0.0183122 -0.00648589 0.081325
v 0.0183013 -0.00648101 0.0813246
v 0.0183831 -0.00665287 0.0789904
v 0.0183953 -0.00663712 0.07899
v 0.0184042 -0.0066437 0.079193
v 0.0183979 -0.00665187 0.0791934
v 0.0183247 -0.00663919 0.078401
v 0.0183117 -0.00665029 0.0784006
v 0.0183672 -0.00662321 0.0785946
v 0.0183777 -0.00660822 0.0785951
v 0.0183864 -0.00662531 0.0787906
v 0.0183487 -0.00661414 0.0784022
v 0.0183371 -0.00662712 0.0784015
v 0.0183556 -0.00663736 0.0785942
v 0.0183432 -0.00665058 0.0785939
v 0.0183627 -0.00665515 0.0787906
v 0.0183561 -0.00666199 0.0787907
v 0.0183751 -0.0066407 0.0787905
v 0.0183766 -0.00666036 0.0789906
v 0.0183299 -0.00666278 0.0785939
v 0.0183493 -0.00666856 0.0787908
v 0.0183423 -0.00667484 0.078791
v 0.0183698 -0.00666757 0.0789909
v 0.0183628 -0.0066745 0.0789913
v 0.0183555 -0.00668111 0.0789917
v 0.0183351 -0.00668083 0.0787912
v 0.018348 -0.00668741 0.0789921
v 0.018323 -0.00666848 0.0785939
v 0.0182982 -0.00666037 0.0784004
v 0.018305 -0.00665546 0.0784005
v 0.018316 -0.00667389 0.0785939
v 0.0183088 -0.00667902 0.078594
v 0.0182842 -0.0066694 0.0784003
v 0.0182768 -0.00667292 0.0784004
v 0.0182912 -0.00666502 0.0784003
v 0.0183015 -0.00668387 0.0785942
v 0.018294 -0.00668842 0.0785943
v 0.0182865 -0.00669267 0.0785945
v 0.0182786 -0.00669369 0.078595
v 0.0183047 -0.00670168 0.0787925
v 0.0183202 -0.00669188 0.0787918
v 0.0183277 -0.00668651 0.0787915
v 0.0183403 -0.00669338 0.0789926
v 0.0183324 -0.00669902 0.0789931
v 0.0183125 -0.00669694 0.0787921
v 0.0183244 -0.00670431 0.0789936
v 0.0183162 -0.00670926 0.0789942
v 0.0182889 -0.0067102 0.0787933
v 0.0182969 -0.0067061 0.0787929
v 0.018308 -0.00671386 0.0789948
v 0.0182996 -0.00671811 0.0789954
v 0.0182912 -0.00672201 0.078996
v 0.0182824 -0.00672389 0.0789969
v 0.0182809 -0.0067102 0.078794
v 0.0183455 -0.0067005 0.0791974
v 0.0184064 -0.00665344 0.0793996
v 0.0184132 -0.00664511 0.079399
v 0.0184223 -0.0066414 0.0796075
v 0.018377 -0.00667468 0.0791949
v 0.0183912 -0.00665977 0.0791938
v 0.0183842 -0.00666738 0.0791943
v 0.0183993 -0.00666147 0.0794003
v 0.0183919 -0.00666917 0.079401
v 0.0183616 -0.00668829 0.0791961
v 0.0183694 -0.00668166 0.0791954
v 0.0183841 -0.00667653 0.0794018
v 0.0183761 -0.00668353 0.0794026
v 0.0183536 -0.00669458 0.0791967
v 0.0183678 -0.00669015 0.0794035
v 0.0183593 -0.00669639 0.0794044
v 0.0183912 -0.00667316 0.0796113
v 0.0184074 -0.00665799 0.0796093
v 0.018415 -0.00664987 0.0796084
v 0.0183995 -0.00666576 0.0796103
v 0.0183739 -0.00668673 0.0796134
v 0.0183827 -0.00668015 0.0796123
v 0.0183648 -0.00669289 0.0796145
v 0.0183506 -0.00670223 0.0794053
v 0.0183556 -0.00669861 0.0796156
v 0.0183417 -0.00670767 0.0794062
v 0.0183112 -0.00672046 0.0792005
v 0.0183286 -0.00671124 0.0791989
v 0.0183371 -0.00670606 0.0791982
v 0.0183199 -0.00671604 0.0791997
v 0.0183327 -0.0067127 0.0794072
v 0.0183235 -0.00671731 0.0794082
v 0.0182935 -0.00672816 0.0792022
v 0.0183024 -0.0067245 0.0792014
v 0.0183143 -0.00672151 0.0794092
v 0.018305 -0.0067253 0.0794102
v 0.0182846 -0.00672803 0.079203
v 0.0182957 -0.00672868 0.0794113
v 0.0182875 -0.00672625 0.0794121
v 0.0183174 -0.00671706 0.0796202
v 0.0183367 -0.00670873 0.0796179
v 0.0183462 -0.0067039 0.0796168
v 0.0183271 -0.00671312 0.0796191
v 0.0182979 -0.00672361 0.0796226
v 0.0183077 -0.00672055 0.0796214
v 0.0182892 -0.0067212 0.0796235
v 0.0184078 -0.00654243 0.0785987
v 0.0184022 -0.00655948 0.0785976
v 0.0184388 -0.00652968 0.0789914
v 0.0184122 -0.00652521 0.0785999
v 0.0184372 -0.00653896 0.078991
v 0.0184409 -0.00651125 0.0789922
v 0.0184906 -0.00649122 0.0798073
v 0.0184631 -0.00653094 0.0793951
v 0.018488 -0.0065121 0.0798082
v 0.0184102 -0.00653383 0.0785993
v 0.0184613 -0.00654085 0.0793952
v 0.0184591 -0.00655078 0.0793952
v 0.0184352 -0.00654825 0.0789907
v 0.018486 -0.00652263 0.0798087
v 0.0184835 -0.00653319 0.0798093
v 0.0184564 -0.00656071 0.0793954
v 0.0184329 -0.00655754 0.0789905
v 0.0184302 -0.00656679 0.0789902
v 0.0184533 -0.0065706 0.0793956
v 0.0184805 -0.00654373 0.0798099
v 0.018477 -0.00655424 0.0798106
v 0.0184498 -0.00658043 0.0793958
v 0.0184237 -0.00658513 0.0789899
v 0.0183853 -0.00655487 0.0784064
v 0.0183777 -0.00657058 0.0784052
v 0.0183988 -0.0065679 0.0785971
v 0.0184198 -0.00659417 0.0789898
v 0.0184053 -0.00659227 0.0787912
v 0.0184156 -0.00660308 0.0789898
v 0.018387 -0.00659251 0.0785958
v 0.0183952 -0.00657622 0.0785966
v 0.0183965 -0.00660912 0.0787908
v 0.0184061 -0.00662047 0.0789898
v 0.0184261 -0.00660873 0.0791918
v 0.0184458 -0.00659016 0.0793961
v 0.018473 -0.00656467 0.0798114
v 0.0184685 -0.00657498 0.0798122
v 0.0184635 -0.00658516 0.079813
v 0.0184414 -0.00659978 0.0793964
v 0.0184366 -0.00660925 0.0793968
v 0.0184473 -0.00660471 0.0796044
v 0.018458 -0.00659514 0.0798139
v 0.0184417 -0.00661425 0.0796051
v 0.0184257 -0.00662764 0.0793978
v 0.0184159 -0.00662663 0.0791923
v 0.0184197 -0.00663651 0.0793984
v 0.0184356 -0.00662357 0.0796059
v 0.018452 -0.00660492 0.0798149
v 0.0184292 -0.00663263 0.0796067
v 0.0184456 -0.00661444 0.0798159
v 0.0184387 -0.00662368 0.079817
v 0.0184963 -0.00652904 0.0802324
v 0.0185109 -0.00648463 0.0802273
v 0.0185401 -0.0064038 0.0806424
v 0.0185383 -0.00641542 0.0806443
v 0.0185131 -0.0064735 0.0802261
v 0.0185414 -0.00639229 0.0806406
v 0.0185048 -0.00650694 0.0802297
v 0.0185081 -0.00649579 0.0802285
v 0.0185358 -0.00642713 0.0806462
v 0.0185327 -0.00643886 0.0806482
v 0.018529 -0.00645058 0.0806502
v 0.0185008 -0.00651803 0.080231
v 0.0185247 -0.00646224 0.0806523
v 0.0185197 -0.00647379 0.0806544
v 0.0184794 -0.00656106 0.0802368
v 0.0184856 -0.0065506 0.0802353
v 0.0184913 -0.00653991 0.0802338
v 0.0184555 -0.0066003 0.0800275
v 0.0184727 -0.00657127 0.0802384
v 0.0184654 -0.00658116 0.0802399
v 0.0184482 -0.0066097 0.0800288
v 0.0184576 -0.00659071 0.0802415
v 0.0185007 -0.00650723 0.0806608
v 0.018514 -0.00648517 0.0806565
v 0.0185077 -0.00649633 0.0806587
v 0.0184753 -0.00655707 0.0804527
v 0.0184932 -0.00651781 0.080663
v 0.018485 -0.00652802 0.0806652
v 0.018467 -0.00656675 0.0804546
v 0.0184763 -0.00653782 0.0806674
v 0.0185482 -0.00638705 0.0810693
v 0.0185631 -0.00633815 0.0810579
v 0.0185651 -0.00632601 0.0810552
v 0.0185664 -0.00631401 0.0810526
v 0.0185427 -0.00639909 0.0810722
v 0.0185216 -0.00643379 0.081081
v 0.0185364 -0.00641093 0.0810751
v 0.0185294 -0.00642252 0.0810781
v 0.0185041 -0.00645514 0.0810867
v 0.0185132 -0.00644469 0.0810838
v 0.0184944 -0.0064651 0.0810895
v 0.0185032 -0.00642132 0.0812973
v 0.0178485 -0.00644101 0.0759028
v 0.0176464 -0.00644517 0.0753068
v 0.0180393 -0.00646179 0.0765866
v 0.0178143 -0.00643728 0.0757802
v 0.0180541 -0.0064686 0.0766654
v 0.0181929 -0.00653212 0.0774
v 0.0181973 -0.00653751 0.0774398
v 0.0182679 -0.00662012 0.0780604
v 0.0182748 -0.00661545 0.0780607
v 0.0182883 -0.00660623 0.0780612
v 0.0182897 -0.00660504 0.0780613
v 0.0183096 -0.00658755 0.0780626
v 0.0182953 -0.00660023 0.0780616
v 0.0183079 -0.00658933 0.0780624
v 0.0183257 -0.00657054 0.0780641
v 0.018314 -0.00658288 0.078063
v 0.0183414 -0.00655005 0.0780661
v 0.0183309 -0.00656374 0.0780648
v 0.0183275 -0.00656809 0.0780643
v 0.0183548 -0.00652809 0.0780685
v 0.0183457 -0.00654301 0.0780669
v 0.0183433 -0.00654688 0.0780665
v 0.0183583 -0.0065209 0.0780694
v 0.018366 -0.00650488 0.0780713
v 0.0183677 -0.00650017 0.0780719
v 0.0183567 -0.00652415 0.078069
v 0.0183686 -0.00649765 0.0780722
v 0.0183747 -0.00648068 0.0780744
v 0.018376 -0.0064752 0.0780751
v 0.0183808 -0.00645575 0.0780778
v 0.0183764 -0.00647351 0.0780754
v 0.0183816 -0.00644953 0.0780786
v 0.0183817 -0.00644872 0.0780788
v 0.0183842 -0.00643035 0.0780814
v 0.0183845 -0.00642356 0.0780824
v 0.0183845 -0.00642345 0.0780824
v 0.0183849 -0.00641242 0.0780841
v 0.0176546 -0.00643868 0.0753035
v 0.0176548 -0.00643851 0.0753034
v 0.0176727 -0.00642323 0.075296
v 0.0176844 -0.00641163 0.0752911
v 0.0176667 -0.00642908 0.0752985
v 0.0176891 -0.00640588 0.0752891
v 0.0176901 -0.00640472 0.0752887
v 0.0177039 -0.00638684 0.0752828
v 0.0177142 -0.00637128 0.0752783
v 0.0177168 -0.0063663 0.0752771
v 0.0177003 -0.00639229 0.0752843
v 0.0177181 -0.00636385 0.0752765
v 0.0177277 -0.00634446 0.0752721
v 0.0177355 -0.00632513 0.0752685
v 0.0177365 -0.00632153 0.0752679
v 0.0177259 -0.00634881 0.075273
v 0.0177376 -0.00631764 0.0752674
v 0.0177432 -0.00629774 0.0752646
v 0.0177474 -0.00627517 0.0752622
v 0.0177475 -0.00627332 0.075262
v 0.0177426 -0.0063005 0.0752649
v 0.017748 -0.00626803 0.0752617
v 0.0177496 -0.00624942 0.0752604
v 0.0177496 -0.00624853 0.0752604
v 0.0179543 -0.00623358 0.0758725
v 0.0177496 -0.00624258 0.0752601
v 0.0179674 -0.00623343 0.0759116
v 0.0180267 -0.00623271 0.0760892
v 0.0181788 -0.0062667 0.0767236
v 0.0182316 -0.0062785 0.0769438
v 0.0181622 -0.006263 0.0766546
v 0.0183581 -0.00637005 0.0777893
v 0.0183223 -0.00634416 0.0775503
v 0.018307 -0.00633312 0.0774482
v 0.0177496 -0.00623607 0.0752599
v 0.0179592 -0.00626095 0.0758705
v 0.0179551 -0.00624001 0.0758721
v 0.0181705 -0.00626483 0.0766525
v 0.0181681 -0.00629026 0.0766514
v 0.0183156 -0.00633656 0.0774465
v 0.0179548 -0.00628611 0.0758716
v 0.0181633 -0.00631536 0.0766508
v 0.018313 -0.00636186 0.0774439
v 0.0179479 -0.00631066 0.0758735
v 0.0181559 -0.00633984 0.0766509
v 0.0183078 -0.0063868 0.0774418
v 0.0179387 -0.00633437 0.0758761
v 0.0181462 -0.00636347 0.0766516
v 0.0183001 -0.00641112 0.07744
v 0.0179272 -0.00635697 0.0758794
v 0.0181341 -0.006386 0.0766529
v 0.01829 -0.00643457 0.0774387
v 0.0179136 -0.00637823 0.0758834
v 0.01812 -0.00640718 0.0766547
v 0.0182776 -0.00645691 0.0774379
v 0.017898 -0.00639794 0.0758881
v 0.0181037 -0.0064268 0.0766571
v 0.018263 -0.00647789 0.0774375
v 0.0178806 -0.00641587 0.0758933
v 0.0180857 -0.00644465 0.07666
v 0.0182464 -0.0064973 0.0774376
v 0.0178615 -0.00643186 0.0758991
v 0.0180659 -0.00646055 0.0766634
v 0.0182279 -0.00651494 0.0774382
v 0.0182077 -0.00653062 0.0774392
v 0.00411264 -0.00767453 0.040041
v 0.00411794 -0.00767027 0.0400389
v 0.00413005 -0.00766052 0.0400343
v 0.00413603 -0.00765465 0.0400319
v 0.00414787 -0.00764304 0.0400273
v 0.00414933 -0.00764128 0.0400267
v 0.00416387 -0.00762369 0.040021
v 0.00416753 -0.00761822 0.0400195
v 0.00415263 -0.00763728 0.0400254
v 0.00417791 -0.00760267 0.0400153
v 0.00417891 -0.00760077 0.0400149
v 0.00418982 -0.00758019 0.0400105
v 0.00419161 -0.0075758 0.0400097
v 0.00418056 -0.00759766 0.0400143
v 0.00419948 -0.00755651 0.0400064
v 0.00420006 -0.00755456 0.0400062
v 0.0042068 -0.00753186 0.0400033
v 0.00420734 -0.00752907 0.040003
v 0.00420057 -0.00755286 0.040006
v 0.00421168 -0.00750653 0.040001
v 0.00421186 -0.00750465 0.0400009
v 0.00421409 -0.00748078 0.0399997
v 0.00421411 -0.00747986 0.0399997
v 0.00421186 -0.00750458 0.0400009
v 0.00421413 -0.00747881 0.0399996
v 0.00421437 -0.0074677 0.0399994
v 0.0183297 -0.00529192 0.0775492
v 0.0183952 -0.00526804 0.0782331
v 0.0181861 -0.00532081 0.0767218
v 0.0179737 -0.00534918 0.0759095
v 0.0177496 -0.00537187 0.0752599
v 0.018868 -0.00499805 0.0859646
v 0.00421435 -0.00660319 0.0399994
v 0.00410997 -0.0074793 0.0396847
v 0.00402363 -0.00662118 0.0394842
v 0.00333257 -0.00670202 0.0371692
v 0.00354934 -0.00754159 0.0379948
v 0.00339696 -0.00756565 0.037348
v 0.0040415 -0.00748691 0.0394783
v 0.00288816 -0.00678495 0.0347944
v 0.00309094 -0.00761395 0.0360491
v 0.00293175 -0.00765494 0.03495
v 0.00335365 -0.00757248 0.0371642
v 0.00269531 -0.00686905 0.0323862
v 0.00280061 -0.00768871 0.0340445
v 0.00272618 -0.00774582 0.0325165
v 0.00290878 -0.00766085 0.0347914
v 0.00275615 -0.00695339 0.029971
v 0.00268638 -0.00777636 0.0316993
v 0.00271977 -0.00775073 0.0323849
v 0.00276319 -0.00783719 0.0300746
v 0.00306999 -0.00703704 0.0275755
v 0.00278366 -0.00785341 0.0296416
v 0.00276806 -0.00784105 0.0299715
v 0.0030623 -0.00792778 0.0276499
v 0.0030825 -0.00793317 0.0275055
v 0.00351134 -0.00800223 0.0256516
v 0.00307266 -0.00793055 0.0275758
v 0.00363339 -0.00711909 0.0252261
v 0.00363285 -0.00801626 0.0252745
v 0.00364705 -0.0080179 0.0252305
v 0.00411831 -0.00807232 0.0237682
v 0.00444012 -0.00719861 0.0229488
v 0.00445084 -0.00810192 0.0229724
v 0.00548129 -0.00727474 0.0207687
v 0.00484511 -0.00813702 0.0220288
v 0.00445764 -0.00810253 0.0229561
v 0.00674539 -0.00734664 0.0187098
v 0.00594404 -0.00821406 0.0199576
v 0.00551183 -0.00818376 0.0207722
v 0.0055066 -0.00818339 0.0207821
v 0.0082185 -0.00741351 0.0167949
v 0.007106 -0.0082794 0.0182017
v 0.00678452 -0.00826132 0.0186875
v 0.00676237 -0.00826008 0.018721
v 0.00988435 -0.00747462 0.0150451
v 0.00842219 -0.00834049 0.0165611
v 0.00827166 -0.00833351 0.0167487
v 0.00988019 -0.0083968 0.0150499
v 0.00822833 -0.0083315 0.0168027
v 0.0117246 -0.00752928 0.0134796
v 0.0105912 -0.00841968 0.0144361
v 0.0114652 -0.00844782 0.0136815
v 0.00995962 -0.00839936 0.0149813
v 0.00988496 -0.00839695 0.0150457
v 0.0118365 -0.00845774 0.0134156
v 0.0131585 -0.00849305 0.012469
v 0.0137188 -0.0075769 0.0121159
v 0.0117322 -0.00845495 0.0134903
v 0.0138654 -0.00850856 0.0120534
v 0.0149318 -0.00853195 0.0114265
v 0.0158451 -0.00761696 0.0109688
v 0.0137292 -0.00850557 0.0121335
v 0.01808 -0.00764901 0.0100512
v 0.0167029 -0.00856337 0.0105837
v 0.0160237 -0.00855132 0.0109069
v 0.0158541 -0.00854831 0.0109876
v 0.0186006 -0.00765513 0.00987569
v 0.0182902 -0.0085853 0.0099915
v 0.0180862 -0.00858248 0.0100676
v 0.00995673 -0.00842582 0.014979
v 0.00995921 -0.00840325 0.014981
v 0.0082697 -0.0083409 0.0167474
v 0.00826249 -0.00836063 0.0167423
v 0.00677781 -0.00827324 0.0186836
v 0.00676671 -0.00828938 0.0186767
v 0.00549883 -0.00819884 0.0207659
v 0.00548478 -0.0082127 0.0207589
v 0.00444346 -0.00811456 0.0229698
v 0.00443119 -0.00813147 0.0229653
v 0.00362842 -0.00802704 0.0252735
v 0.00361784 -0.0080466 0.0252709
v 0.00306091 -0.0079354 0.0276499
v 0.0030539 -0.00795904 0.0276497
v 0.00275736 -0.00784996 0.0300748
v 0.00274574 -0.0078698 0.030075
v 0.00271218 -0.00776357 0.0325179
v 0.00269686 -0.00777988 0.0325192
v 0.00292147 -0.00767194 0.0349521
v 0.00290779 -0.00769028 0.0349548
v 0.00338862 -0.00758237 0.0373506
v 0.00337615 -0.00760203 0.0373543
v 0.00410515 -0.00749342 0.0396868
v 0.0182835 -0.00863577 0.00997479
v 0.0182869 -0.00861161 0.00998328
v 0.016018 -0.00857957 0.0108959
v 0.0160124 -0.00860216 0.0108848
v 0.0138578 -0.00853779 0.0120417
v 0.0138508 -0.00855988 0.0120306
v 0.01183 -0.00848592 0.0134078
v 0.011823 -0.00850942 0.013399
v 0.00995203 -0.00845133 0.0149748
v 0.00825892 -0.00838629 0.0167401
v 0.00676283 -0.00831502 0.018675
v 0.00548064 -0.00823833 0.0207576
v 0.00442684 -0.00815708 0.0229644
v 0.00361331 -0.00807219 0.0252705
v 0.00304926 -0.00798462 0.0276498
v 0.00274104 -0.00789536 0.0300756
v 0.00269215 -0.00780541 0.0325203
v 0.00290312 -0.0077158 0.0349564
v 0.00337158 -0.00762753 0.0373563
v 0.00409667 -0.00751612 0.0396905
v 0.0182811 -0.00866094 0.00996877
v 0.0160093 -0.00862732 0.0108791
v 0.013847 -0.00858503 0.0120252
v 0.0118186 -0.00853455 0.0133941
v 0.00994701 -0.00847645 0.0149704
v 0.00825336 -0.00841139 0.0167363
v 0.00675679 -0.00834009 0.0186717
v 0.0054742 -0.00826337 0.020755
v 0.00442006 -0.0081821 0.0229625
v 0.00360627 -0.00809718 0.0252693
v 0.00304204 -0.00800959 0.0276494
v 0.00273373 -0.0079203 0.0300759
v 0.00268481 -0.00783032 0.0325214
v 0.00289585 -0.00774068 0.0349583
v 0.00336446 -0.00765239 0.037359
v 0.00409224 -0.00754161 0.0396931
v 0.0182779 -0.00868531 0.0099603
v 0.0160051 -0.00865167 0.010871
v 0.0138419 -0.00860936 0.0120176
v 0.0118126 -0.00855886 0.0133871
v 0.00994024 -0.00850074 0.0149641
v 0.00824587 -0.00843565 0.0167307
v 0.00674866 -0.00836432 0.018667
v 0.00546551 -0.00828757 0.0207512
v 0.00441092 -0.00820626 0.0229596
v 0.00359679 -0.00812131 0.0252674
v 0.00303231 -0.00803367 0.0276486
v 0.00272387 -0.00794435 0.0300761
v 0.00267493 -0.00785433 0.0325226
v 0.00288606 -0.00776466 0.0349606
v 0.00335488 -0.00767632 0.0373623
v 0.00408535 -0.00756643 0.0396965
v 0.018274 -0.00870861 0.00994948
v 0.016 -0.00867495 0.0108607
v 0.0138356 -0.00863262 0.0120079
v 0.0118052 -0.00858209 0.0133781
v 0.00993181 -0.00852394 0.0149559
v 0.00823653 -0.00845881 0.0167235
v 0.00673852 -0.00838745 0.0186609
v 0.00545469 -0.00831066 0.0207461
v 0.00439953 -0.0082293 0.0229558
v 0.00358496 -0.0081443 0.0252648
v 0.00302019 -0.00805662 0.0276472
v 0.00271157 -0.00796725 0.030076
v 0.00266261 -0.00787719 0.0325239
v 0.00287386 -0.00778746 0.0349631
v 0.00334292 -0.00769908 0.0373662
v 0.00407608 -0.00759033 0.0397008
v 0.0182692 -0.00873058 0.00993643
v 0.0159938 -0.00869691 0.0108482
v 0.013828 -0.00865455 0.0119961
v 0.0117964 -0.00860399 0.0133673
v 0.0099218 -0.0085458 0.0149461
v 0.00822545 -0.00848063 0.0167147
v 0.00672648 -0.00840922 0.0186533
v 0.00544184 -0.00833238 0.0207399
v 0.00438601 -0.00825097 0.022951
v 0.00357092 -0.00816592 0.0252615
v 0.00300579 -0.00807819 0.0276454
v 0.00269698 -0.00798875 0.0300758
v 0.00264799 -0.00789864 0.0325252
v 0.00285937 -0.00780885 0.0349659
v 0.00332873 -0.00772042 0.0373705
v 0.00406451 -0.00761304 0.0397059
v 0.0182638 -0.008751 0.00992129
v 0.0159867 -0.0087173 0.0108337
v 0.0138194 -0.00867491 0.0119825
v 0.0117863 -0.00862432 0.0133546
v 0.00991032 -0.00856608 0.0149346
v 0.00821273 -0.00850087 0.0167045
v 0.00671268 -0.00842941 0.0186445
v 0.00542709 -0.00835251 0.0207326
v 0.0043705 -0.00827104 0.0229453
v 0.00355482 -0.00818593 0.0252575
v 0.00298927 -0.00809813 0.0276431
v 0.00268024 -0.00800863 0.0300753
v 0.00263122 -0.00791845 0.0325265
v 0.00284275 -0.0078286 0.034969
v 0.00331245 -0.0077401 0.0373753
v 0.00405077 -0.00763432 0.0397117
v 0.0182583 -0.00877052 0.0099053
v 0.0159788 -0.00873592 0.0108174
v 0.0138097 -0.00869349 0.0119671
v 0.011775 -0.00864285 0.0133403
v 0.00989749 -0.00858457 0.0149216
v 0.00819852 -0.0085193 0.016693
v 0.00669725 -0.00844779 0.0186345
v 0.00541062 -0.00837083 0.0207243
v 0.00435317 -0.0082893 0.0229388
v 0.00353683 -0.00820411 0.0252529
v 0.00297082 -0.00811624 0.0276404
v 0.00266154 -0.00802667 0.0300746
v 0.00261247 -0.00793642 0.0325277
v 0.00282418 -0.00784649 0.0349723
v 0.00329426 -0.00775792 0.0373805
v 0.00403502 -0.00765394 0.0397183
v 0.00668142 -0.00846496 0.0186244
v 0.00401983 -0.00767331 0.0397248
v 0.00539585 -0.00838854 0.0207167
v 0.0182529 -0.00878806 0.00988987
v 0.0187799 -0.0076575 0.00980799
v 0.0189685 -0.00766078 0.00971409
v 0.0191463 -0.00766473 0.00960086
v 0.0193112 -0.00766932 0.00946954
v 0.0194613 -0.00767448 0.00932161
v 0.019595 -0.00768017 0.0091587
v 0.0197109 -0.00768632 0.00898262
v 0.0198075 -0.00769286 0.00879532
v 0.0198839 -0.00769972 0.0085989
v 0.0199393 -0.00770682 0.00839552
v 0.0199729 -0.00771409 0.00818745
v 0.0199844 -0.00772144 0.007977
v 0.0199737 -0.00772879 0.00776651
v 0.0199409 -0.00773606 0.00755831
v 0.0198864 -0.00774317 0.00735471
v 0.0198108 -0.00775004 0.00715798
v 0.0197149 -0.00775659 0.0069703
v 0.0195998 -0.00776276 0.00679375
v 0.0194667 -0.00776846 0.00663031
v 0.0193172 -0.00777365 0.00648177
v 0.0191529 -0.00777826 0.00634979
v 0.0189922 -0.00778191 0.00624542
v 0.0189871 -0.00779191 0.00625406
v 0.0173191 -0.00782588 0.00528108
v 0.0173191 -0.00781588 0.00528108
v 0.0189871 -0.00778191 0.00625406
v 0.0200155 0.00776106 0.00684237
v 0.0200155 -0.00776106 0.00684237
v 0.0219808 0.00765408 0.00990571
v 0.022 0.0076404 0.0102975
v 0.022 -0.0076404 0.0102975
v 0.0219808 -0.00765408 0.00990571
v 0.0219771 -0.00765494 0.00988133
v 0.0219771 0.00765494 0.00988133
v 0.021917 -0.00766871 0.00948699
v 0.021917 0.00766871 0.00948699
v 0.0219125 0.00766932 0.00946957
v 0.02181 0.00768295 0.00907921
v 0.0219125 -0.00766932 0.00946957
v 0.02181 -0.00768295 0.00907921
v 0.0218052 0.00768338 0.00906676
v 0.0216616 -0.00769664 0.0086872
v 0.0216616 0.00769664 0.0086872
v 0.0218052 -0.00768338 0.00906676
v 0.0216566 -0.00769698 0.00867733
v 0.0216566 0.00769698 0.00867733
v 0.0214741 -0.00770964 0.00831494
v 0.0214741 0.00770964 0.00831494
v 0.0214681 0.00770996 0.00830554
v 0.0212503 0.00772182 0.00796608
v 0.0214681 -0.00770996 0.00830554
v 0.0212503 -0.00772182 0.00796608
v 0.0212418 -0.00772219 0.00795546
v 0.0212418 0.00772219 0.00795546
v 0.0209931 -0.00773307 0.00764396
v 0.0209931 0.00773307 0.00764396
v 0.0209803 0.00773352 0.00763091
v 0.0207058 -0.00774328 0.00735153
v 0.0207058 0.00774328 0.00735153
v 0.0209803 -0.00773352 0.00763091
v 0.0206864 -0.00774384 0.00733543
v 0.0206864 0.00774384 0.00733543
v 0.0203918 0.00775236 0.00709137
v 0.0203918 -0.00775236 0.00709137
v 0.0203633 -0.00775303 0.00707219
v 0.0203633 0.00775303 0.00707219
v 0.0200655 -0.00776002 0.00687203
v 0.0200655 0.00776002 0.00687203
v 0.022 0.00754168 0.0131245
v 0.022 -0.00754168 0.0131245
v 0.0192811 -0.00736628 0.0181473
v 0.0192811 0.00736628 0.0181473
v 0.0187676 0.00735578 0.018448
v 0.0192893 -0.00736645 0.0181425
v 0.0192893 0.00736645 0.0181425
v 0.0197613 0.00737855 0.017796
v 0.0197613 -0.00737855 0.017796
v 0.0198018 0.00737959 0.0177663
v 0.0198018 -0.00737959 0.0177663
v 0.0202045 -0.0073924 0.0173993
v 0.0202045 0.0073924 0.0173993
v 0.0202694 0.00739447 0.0173402
v 0.0202694 -0.00739447 0.0173402
v 0.0206064 -0.00740771 0.0169611
v 0.0206064 0.00740771 0.0169611
v 0.0206873 0.00741089 0.01687
v 0.0206873 -0.00741089 0.01687
v 0.020963 -0.00742432 0.0164855
v 0.020963 0.00742432 0.0164855
v 0.0210519 -0.00742864 0.0163615
v 0.0210519 0.00742864 0.0163615
v 0.021271 0.00744207 0.015977
v 0.02136 0.00744752 0.0158208
v 0.021271 -0.00744207 0.015977
v 0.02136 -0.00744752 0.0158208
v 0.0215272 0.0074608 0.0154408
v 0.0216093 -0.00746731 0.0152542
v 0.0216093 0.00746731 0.0152542
v 0.0217292 0.00748031 0.0148818
v 0.0215272 -0.0074608 0.0154408
v 0.021798 -0.00748778 0.0146681
v 0.021798 0.00748778 0.0146681
v 0.0218749 0.00750043 0.0143057
v 0.0217292 -0.00748031 0.0148818
v 0.0219252 0.00750871 0.0140688
v 0.0218749 -0.00750043 0.0143057
v 0.0219252 -0.00750871 0.0140688
v 0.021963 -0.00752096 0.013718
v 0.021963 0.00752096 0.013718
v 0.0219904 0.00752986 0.013463
v 0.0219904 -0.00752986 0.013463
v 0.0187676 -0.00735578 0.018448
v 0.0155583 -0.00650466 0.042821
v 0.0155308 0.00650563 0.0427931
v 0.0155583 0.00650466 0.042821
v 0.0167611 -0.00647004 0.0438123
v 0.0167611 0.00647004 0.0438123
v 0.0144462 -0.00654418 0.0416892
v 0.014415 0.00654555 0.0416499
v 0.0144462 0.00654418 0.0416892
v 0.0155308 -0.00650563 0.0427931
v 0.014415 -0.00654555 0.0416499
v 0.0134648 0.00658735 0.0404531
v 0.0134648 -0.00658735 0.0404531
v 0.0134274 -0.0065894 0.0403943
v 0.0134274 0.0065894 0.0403943
v 0.012623 0.0066336 0.0391285
v 0.012623 -0.0066336 0.0391285
v 0.0125793 -0.00663667 0.0390407
v 0.0125793 0.00663667 0.0390407
v 0.0119277 -0.00668241 0.037731
v 0.0119277 0.00668241 0.037731
v 0.0118804 0.00668682 0.0376046
v 0.0113839 0.00673319 0.0362767
v 0.0118804 -0.00668682 0.0376046
v 0.0113839 -0.00673319 0.0362767
v 0.0113385 0.00673928 0.0361023
v 0.0109949 0.00678539 0.034782
v 0.0113385 -0.00673928 0.0361023
v 0.0109949 -0.00678539 0.034782
v 0.0109596 -0.00679345 0.0345512
v 0.0109596 0.00679345 0.0345512
v 0.0107625 0.00683842 0.0332633
v 0.0107625 -0.00683842 0.0332633
v 0.0107479 -0.00684871 0.0329687
v 0.0107479 0.00684871 0.0329687
v 0.0106867 -0.00689172 0.0317369
v 0.0106867 0.00689172 0.0317369
v 0.0107057 0.00690444 0.0313728
v 0.010766 -0.00694482 0.0302165
v 0.010766 0.00694482 0.0302165
v 0.010834 0.00696 0.0297818
v 0.0107057 -0.00690444 0.0313728
v 0.0110087 0.00699898 0.0286655
v 0.010834 -0.00696 0.0297818
v 0.0110087 -0.00699898 0.0286655
v 0.0111292 -0.00701477 0.0282133
v 0.0111292 0.00701477 0.0282133
v 0.0114171 -0.00705249 0.0271331
v 0.0114171 0.00705249 0.0271331
v 0.0115889 0.00706814 0.026685
v 0.0119814 -0.00710391 0.0256605
v 0.0119814 0.00710391 0.0256605
v 0.0115889 -0.00706814 0.026685
v 0.0122086 -0.0071195 0.0252143
v 0.0122086 0.0071195 0.0252143
v 0.0126927 0.00715271 0.0242632
v 0.0126927 -0.00715271 0.0242632
v 0.0129813 -0.00716826 0.0238179
v 0.0129813 0.00716826 0.0238179
v 0.0135407 -0.0071984 0.0229549
v 0.0135407 0.0071984 0.0229549
v 0.0138982 -0.00721387 0.0225117
v 0.0138982 0.00721387 0.0225117
v 0.0145142 0.00724054 0.0217482
v 0.0145142 -0.00724054 0.0217482
v 0.0149489 -0.00725582 0.0213105
v 0.0149489 0.00725582 0.0213105
v 0.0156008 -0.00727875 0.020654
v 0.0156008 0.00727875 0.020654
v 0.0161212 0.00729363 0.0202277
v 0.0167872 0.00731268 0.0196822
v 0.0161212 -0.00729363 0.0202277
v 0.0174019 0.00732688 0.0192757
v 0.0167872 -0.00731268 0.0196822
v 0.0174019 -0.00732688 0.0192757
v 0.0180596 0.00734207 0.0188408
v 0.0180596 -0.00734207 0.0188408
v 0.0189655 -0.00635852 0.0470058
v 0.0189655 0.00635852 0.0470058
v 0.0190997 0.00633803 0.0475926
v 0.0190997 -0.00633803 0.0475926
v 0.01895 -0.00636012 0.0469601
v 0.01895 0.00636012 0.0469601
v 0.0187627 -0.00637937 0.0464086
v 0.0187627 0.00637937 0.0464086
v 0.0187343 0.00638152 0.0463471
v 0.0184998 0.00639927 0.045839
v 0.0187343 -0.00638152 0.0463471
v 0.0184998 -0.00639927 0.045839
v 0.0184535 0.00640199 0.0457611
v 0.0181808 0.00641799 0.0453028
v 0.0184535 -0.00640199 0.0457611
v 0.0181808 -0.00641799 0.0453028
v 0.0181109 -0.00642127 0.045209
v 0.0181109 0.00642127 0.045209
v 0.01781 -0.00643537 0.0448053
v 0.01781 0.00643537 0.0448053
v 0.0177107 -0.00643914 0.0446973
v 0.0177107 0.00643914 0.0446973
v 0.0173923 0.00645123 0.0443511
v 0.0173923 -0.00645123 0.0443511
v 0.0172576 -0.00645539 0.0442318
v 0.0172576 0.00645539 0.0442318
v 0.0169328 -0.00646543 0.0439443
v 0.0169328 0.00646543 0.0439443
v 0.0211888 0.00592428 0.0594408
v 0.0211888 -0.00592428 0.0594408
v 0.0212582 -0.00590464 0.0600034
v 0.0212582 0.00590464 0.0600034
v 0.0213221 0.00588496 0.0605668
v 0.0212055 -0.00592089 0.059538
v 0.0212055 0.00592089 0.059538
v 0.0213221 -0.00588496 0.0605668
v 0.0227308 0.00508067 0.0835987
v 0.0227308 -0.00508067 0.0835987
v 0.0229328 -0.00501844 0.0853808
v 0.0229328 0.00501844 0.0853808
v 0.0232696 0.00495689 0.0871434
v 0.0228809 0.00502791 0.0851095
v 0.0228809 -0.00502791 0.0851095
v 0.0232696 -0.00495689 0.0871434
v 0.0233492 0.00487836 0.089392
v 0.023465 0.00488632 0.089164
v 0.0234779 0.00488787 0.0891198
v 0.0234432 0.00488414 0.0892267
v 0.0234564 0.00488529 0.0891937
v 0.0233851 0.00488013 0.0893413
v 0.023398 0.00488083 0.0893214
v 0.0234165 0.00488206 0.089286
v 0.0234817 0.0048886 0.0890988
v 0.0234925 0.00489063 0.0890406
v 0.0233634 0.00487898 0.0893744
v 0.0229526 0.00487203 0.0895733
v 0.0229823 0.00487193 0.0895761
v 0.0234991 0.00489333 0.0889633
v 0.0234995 0.0048935 0.0889585
v 0.0234667 0.00491156 0.0884413
v 0.0232661 0.00487539 0.0894771
v 0.0232882 0.00487602 0.089459
v 0.0232311 0.00487447 0.0895035
v 0.0232464 0.00487482 0.0894933
v 0.0230057 0.00487192 0.0895765
v 0.0229183 0.00487223 0.0895675
v 0.0229421 0.00487207 0.0895722
v 0.0234933 0.00489094 0.0890317
v 0.0234294 0.00488293 0.0892612
v 0.0233094 0.00487678 0.0894374
v 0.0233266 0.00487738 0.0894201
v 0.0228849 0.00487253 0.0895589
v 0.0229028 0.00487234 0.0895644
v 0.0228211 0.00487341 0.0895339
v 0.0228513 0.00487292 0.0895478
v 0.0227131 0.00487598 0.0894601
v 0.0227536 0.00487482 0.0894933
v 0.0231641 0.00487316 0.0895409
v 0.0231733 0.0048733 0.089537
v 0.0228642 0.00487275 0.0895527
v 0.0227624 0.00487461 0.0894995
v 0.0227738 0.00487433 0.0895074
v 0.0233826 0.00493599 0.0877419
v 0.0233186 0.00494948 0.0873556
v 0.0234471 0.00492238 0.0881314
v 0.0232103 0.00487399 0.0895173
v 0.0230228 0.00487196 0.0895754
v 0.0230444 0.00487201 0.089574
v 0.0227912 0.00487398 0.0895175
v 0.0228117 0.00487356 0.0895296
v 0.023094 0.00487233 0.0895648
v 0.0231217 0.00487259 0.0895574
v 0.0231355 0.00487275 0.0895528
v 0.0230584 0.00487209 0.0895717
v 0.023083 0.00487223 0.0895677
v 0.0227131 0.0048592 0.0894731
v 0.0227369 0.00486838 0.089485
v 0.0234991 0.00462646 0.089171
v 0.0234937 0.00465767 0.0892115
v 0.023496 0.00464413 0.0891939
v 0.0234825 0.00468933 0.0892526
v 0.0234855 0.00468075 0.0892415
v 0.023477 0.00469945 0.0892657
v 0.0234668 0.00471843 0.0892904
v 0.0234659 0.00472009 0.0892925
v 0.0234532 0.00473715 0.0893147
v 0.023444 0.00474961 0.0893308
v 0.023438 0.00475589 0.089339
v 0.0234171 0.00477754 0.0893671
v 0.0233995 0.00479211 0.089386
v 0.0233856 0.00480357 0.0894009
v 0.0233768 0.0048094 0.0894084
v 0.0233497 0.00482742 0.0894318
v 0.0233241 0.00484112 0.0894496
v 0.0233098 0.00484881 0.0894596
v 0.0232947 0.00485532 0.089468
v 0.0234993 0.00462546 0.0891697
v 0.0235 0.00473787 0.0890496
v 0.0235 0.00460927 0.0891487
v 0.0232665 0.0048675 0.0894838
v 0.0234667 -0.00491156 0.0884413
v 0.0235 -0.00473787 0.0890496
v 0.0234471 -0.00492238 0.0881314
v 0.0233826 -0.00493599 0.0877419
v 0.0233186 -0.00494948 0.0873556
v 0.0234995 -0.0048935 0.0889585
v 0.0233094 -0.00487678 0.0894374
v 0.0233098 -0.00484881 0.0894596
v 0.0232947 -0.00485532 0.089468
v 0.0232665 -0.0048675 0.0894838
v 0.0232661 -0.00487539 0.0894771
v 0.0232881 -0.00487603 0.0894591
v 0.0233241 -0.00484112 0.0894496
v 0.0233266 -0.00487739 0.08942
v 0.0233497 -0.00482742 0.0894318
v 0.0233768 -0.0048094 0.0894084
v 0.0233492 -0.00487836 0.089392
v 0.023363 -0.00487896 0.0893749
v 0.0233856 -0.00480357 0.0894009
v 0.0233995 -0.00479211 0.089386
v 0.0233851 -0.00488014 0.0893413
v 0.0233978 -0.00488082 0.0893219
v 0.0234171 -0.00477754 0.0893671
v 0.023438 -0.00475589 0.089339
v 0.0234165 -0.00488207 0.089286
v 0.0234298 -0.00488296 0.0892603
v 0.023444 -0.00474961 0.0893308
v 0.0234532 -0.00473715 0.0893147
v 0.0234433 -0.00488414 0.0892267
v 0.0234554 -0.0048852 0.0891967
v 0.0234659 -0.00472009 0.0892925
v 0.023477 -0.00469945 0.0892657
v 0.0234668 -0.00471843 0.0892904
v 0.0234649 -0.00488633 0.089164
v 0.0234788 -0.00488801 0.0891157
v 0.0234825 -0.00468933 0.0892526
v 0.0234937 -0.00465767 0.0892115
v 0.0234855 -0.00468075 0.0892415
v 0.0234818 -0.00488861 0.0890989
v 0.0234936 -0.00489097 0.0890317
v 0.023496 -0.00464413 0.0891939
v 0.0234939 -0.00489104 0.0890299
v 0.0234991 -0.00462646 0.089171
v 0.0234993 -0.00462546 0.0891697
v 0.0234991 -0.00489334 0.0889633
v 0.0235 -0.00460927 0.0891487
v 0.0232464 -0.00487482 0.0894933
v 0.0230057 -0.00487192 0.0895765
v 0.0229823 -0.00487193 0.0895761
v 0.0230584 -0.00487209 0.0895717
v 0.0230444 -0.00487201 0.089574
v 0.023094 -0.00487233 0.0895648
v 0.023083 -0.00487223 0.0895677
v 0.0231355 -0.00487275 0.0895528
v 0.0231217 -0.00487259 0.0895574
v 0.0232103 -0.00487399 0.0895173
v 0.0231733 -0.0048733 0.089537
v 0.0230228 -0.00487196 0.0895754
v 0.0231641 -0.00487316 0.0895409
v 0.0232311 -0.00487447 0.0895035
v 0.0229526 -0.00487203 0.0895733
v 0.0229421 -0.00487207 0.0895722
v 0.0228642 -0.00487275 0.0895527
v 0.0228513 -0.00487292 0.0895478
v 0.0229183 -0.00487223 0.0895675
v 0.0229028 -0.00487234 0.0895644
v 0.0228211 -0.00487341 0.0895339
v 0.0228117 -0.00487356 0.0895296
v 0.0228849 -0.00487253 0.0895589
v 0.0227912 -0.00487398 0.0895175
v 0.0227738 -0.00487433 0.0895074
v 0.0227624 -0.00487461 0.0894995
v 0.0227536 -0.00487482 0.0894933
v 0.0227131 -0.00487598 0.0894601
v 0.0227369 -0.00486838 0.089485
v 0.0227131 -0.0048592 0.0894731
v 0.0235 -0.00409116 0.0894051
v 0.0235 -0.00421055 0.0893665
v 0.0235 -0.00436367 0.0893002
v 0.0235 -0.00437468 0.0892941
v 0.0235 -0.00345059 0.0895
v 0.0235 -0.00360791 0.0894946
v 0.0235 0.00437459 0.089294
v 0.0235 0.00345059 0.0895
v 0.0235 -0.00377857 0.0894745
v 0.0235 -0.00383036 0.0894684
v 0.0235 -0.00403252 0.0894241
v 0.0235 0.00377861 0.0894748
v 0.0235 0.00360126 0.0894951
v 0.0235 0.00409112 0.089405
v 0.0235 0.00435947 0.0893023
v 0.0235 0.00402384 0.0894264
v 0.0235 0.00420378 0.0893691
v 0.0235 0.00449115 0.08923
v 0.0235 -0.00449265 0.0892291
v 0.0235 0.00382138 0.0894699
v 0.0228414 0.00422928 0.0898576
v 0.0228594 0.00414102 0.0898917
v 0.0233714 0.00345059 0.0898348
v 0.0233716 0.00345059 0.0898346
v 0.0233876 0.00345059 0.0898147
v 0.0234045 0.00345059 0.0897939
v 0.0234179 0.00345059 0.0897732
v 0.0234318 0.00345059 0.0897518
v 0.023433 0.00345059 0.08975
v 0.0234568 0.00345059 0.0897034
v 0.0234643 0.00345059 0.0896838
v 0.023455 0.00345059 0.0897069
v 0.0234911 0.00345059 0.0895909
v 0.0234973 0.00345059 0.0895523
v 0.0234863 0.00345059 0.0896141
v 0.0234755 0.00345059 0.0896545
v 0.0234801 0.00345059 0.0896374
v 0.0234891 0.00345059 0.089604
v 0.0234976 0.00345059 0.0895449
v 0.0227712 0.00457359 0.0896903
v 0.022778 0.00454026 0.0897125
v 0.0227441 0.00470673 0.0896017
v 0.0227292 0.00477988 0.0895411
v 0.0227257 0.00479738 0.0895267
v 0.0227585 0.0046364 0.0896485
v 0.0227554 0.00465147 0.0896385
v 0.0228052 0.00440703 0.0897815
v 0.0228166 0.00435089 0.0898106
v 0.0227902 0.00448034 0.0897435
v 0.0228243 0.00431307 0.0898252
v 0.0229188 0.00384927 0.0899622
v 0.0229288 0.00379996 0.0899698
v 0.0228794 0.00404263 0.089918
v 0.0228982 0.00395059 0.0899425
v 0.0228603 0.00413634 0.089893
v 0.0229054 0.00391487 0.089952
v 0.0229693 0.00360118 0.0899925
v 0.0229389 0.00375056 0.0899774
v 0.022949 0.0037011 0.0899851
v 0.022937 0.00375975 0.089976
v 0.0229536 0.00367831 0.0899886
v 0.0229795 0.00355101 0.089995
v 0.0229898 0.0035008 0.0899975
v 0.0229765 0.00356591 0.0899942
v 0.023 0.00345059 0.09
v 0.0230223 0.00345059 0.0899988
v 0.0230449 0.00345059 0.0899976
v 0.0230523 0.00345059 0.0899973
v 0.0230909 0.00345059 0.0899911
v 0.023104 0.00345059 0.0899891
v 0.0231141 0.00345059 0.0899863
v 0.0231374 0.00345059 0.0899801
v 0.0231545 0.00345059 0.0899755
v 0.0231838 0.00345059 0.0899643
v 0.0232034 0.00345059 0.0899568
v 0.0232293 0.00345059 0.0899435
v 0.02325 0.00345059 0.089933
v 0.0232732 0.00345059 0.0899179
v 0.0232939 0.00345059 0.0899045
v 0.0233147 0.00345059 0.0898876
v 0.0233346 0.00345059 0.0898716
v 0.0233531 0.00345059 0.0898531
v 0.0227178 0.00483603 0.0894947
v 0.0233 0.00411491 0.0898157
v 0.0233244 0.00410996 0.0897968
v 0.0233174 0.00420195 0.0897768
v 0.0228659 0.00423155 0.0898657
v 0.0234684 0.00380301 0.0896495
v 0.0234632 0.0041449 0.0895867
v 0.0234547 0.00398155 0.0896502
v 0.0234512 0.0041527 0.0896129
v 0.0233312 0.00373696 0.0898592
v 0.0233518 0.0037349 0.0898401
v 0.023345 0.00382938 0.0898347
v 0.0233935 0.00400291 0.0897486
v 0.0234113 0.00399777 0.089725
v 0.0234042 0.00417536 0.0896887
v 0.0233157 0.00392698 0.0898448
v 0.0233382 0.00392349 0.0898257
v 0.0233313 0.00401708 0.0898131
v 0.0233742 0.00400786 0.0897712
v 0.023364 0.00418934 0.0897352
v 0.0233474 0.00410467 0.0897765
v 0.0233414 0.00419584 0.0897567
v 0.0233079 0.00402129 0.0898321
v 0.0233534 0.00401259 0.0897927
v 0.0233849 0.0041825 0.0897124
v 0.0233653 0.00382645 0.0898144
v 0.0233844 0.00382338 0.089793
v 0.0233235 0.00383215 0.0898538
v 0.023402 0.00382019 0.0897707
v 0.0234274 0.00399247 0.0897006
v 0.0234419 0.00398706 0.0896757
v 0.0234373 0.00416041 0.0896387
v 0.0234217 0.00416798 0.0896641
v 0.0234183 0.00381689 0.0897475
v 0.0234331 0.00381351 0.0897237
v 0.0234464 0.00381005 0.0896994
v 0.0234581 0.00380655 0.0896746
v 0.0234104 0.00363571 0.089779
v 0.0234252 0.00363412 0.0897565
v 0.0233584 0.00364019 0.0898418
v 0.0233462 0.00354606 0.089859
v 0.0233388 0.00364155 0.0898609
v 0.0233769 0.00363876 0.0898218
v 0.0233943 0.00363726 0.0898008
v 0.0233826 0.00354467 0.0898202
v 0.0233991 0.00354393 0.0897995
v 0.0234145 0.00354317 0.089778
v 0.0234387 0.00363249 0.0897334
v 0.0234508 0.00363082 0.0897098
v 0.0234615 0.00362913 0.0896858
v 0.0234709 0.00362743 0.0896616
v 0.0234902 0.00379237 0.0895737
v 0.0234946 0.00378887 0.0895487
v 0.0234938 0.00411368 0.0894813
v 0.0234771 0.00379945 0.0896242
v 0.0234844 0.0037959 0.0895989
v 0.0234819 0.0041292 0.0895338
v 0.0234735 0.00413705 0.0895602
v 0.0234887 0.0041214 0.0895074
v 0.0234976 0.00378542 0.089524
v 0.0234973 0.00410608 0.0894556
v 0.0234789 0.00362572 0.0896373
v 0.0232682 0.00447819 0.089712
v 0.0232965 0.00447028 0.0896943
v 0.0232896 0.00455633 0.0896592
v 0.0232525 0.0046496 0.089637
v 0.0232828 0.00464022 0.0896202
v 0.0232761 0.00472162 0.0895774
v 0.0232449 0.00473172 0.0895936
v 0.0232695 0.00480019 0.0895307
v 0.0233057 0.00471036 0.0895594
v 0.0233001 0.00478807 0.0895134
v 0.0233336 0.00469806 0.0895397
v 0.0233288 0.00477476 0.0894943
v 0.0233595 0.00468483 0.0895186
v 0.0233555 0.0047604 0.0894737
v 0.0233833 0.00467081 0.0894961
v 0.0233801 0.00474513 0.0894518
v 0.0233636 0.00460643 0.0895599
v 0.0233867 0.00459364 0.089537
v 0.0233115 0.00462983 0.0896017
v 0.0233385 0.00461854 0.0895815
v 0.0232603 0.00456498 0.0896764
v 0.0233174 0.00454682 0.0896402
v 0.0233435 0.00453652 0.0896196
v 0.0233678 0.00452552 0.0895976
v 0.0234103 0.00450183 0.0895501
v 0.0234285 0.00448933 0.089525
v 0.0234242 0.0046409 0.0894483
v 0.0234049 0.00465612 0.0894726
v 0.0233901 0.00451392 0.0895743
v 0.0234445 0.00447655 0.0894993
v 0.0234413 0.0046253 0.0894233
v 0.0234583 0.00446358 0.0894732
v 0.0234559 0.00460944 0.0893979
v 0.02347 0.0044505 0.0894469
v 0.0234684 0.00459346 0.0893723
v 0.0234478 0.00431832 0.0895625
v 0.0234607 0.00430804 0.0895362
v 0.023284 0.00429925 0.0897715
v 0.0233104 0.00429282 0.0897531
v 0.0233034 0.00438235 0.0897256
v 0.0233971 0.00434805 0.0896385
v 0.023372 0.00444239 0.0896317
v 0.0233233 0.00446163 0.0896749
v 0.0233486 0.00445231 0.089654
v 0.0232761 0.00438952 0.0897437
v 0.0233293 0.00437456 0.0897059
v 0.0233537 0.0043662 0.0896847
v 0.0233763 0.00435734 0.0896622
v 0.0234159 0.0043384 0.0896139
v 0.0234329 0.00432846 0.0895885
v 0.0233354 0.00428588 0.0897331
v 0.0233588 0.00427846 0.0897117
v 0.023292 0.00420763 0.0897955
v 0.023493 0.00441158 0.0893685
v 0.0234796 0.00443743 0.0894206
v 0.0234873 0.00442443 0.0893944
v 0.0234993 0.00409862 0.0894303
v 0.0234993 0.00438659 0.0893181
v 0.023497 0.00439895 0.089343
v 0.0227956 0.00457903 0.0897013
v 0.0227794 0.00465853 0.089651
v 0.022764 0.00473455 0.0895972
v 0.0227492 0.00480679 0.08954
v 0.0227746 0.00481465 0.0895513
v 0.0228015 0.00482187 0.0895616
v 0.0227895 0.00474129 0.0896081
v 0.02283 0.00482832 0.0895709
v 0.0228165 0.00474741 0.0896179
v 0.0228051 0.00466422 0.0896614
v 0.0228321 0.00466932 0.0896706
v 0.0228213 0.00458373 0.089711
v 0.022845 0.00475282 0.0896267
v 0.0228605 0.00467375 0.0896787
v 0.0228483 0.00458789 0.0897196
v 0.0228748 0.00475742 0.0896341
v 0.02286 0.00483391 0.0895789
v 0.0228913 0.00483851 0.0895855
v 0.0229238 0.00484201 0.0895906
v 0.0229059 0.00476111 0.0896401
v 0.0229575 0.00484431 0.0895939
v 0.0229381 0.00476379 0.0896444
v 0.022921 0.00468029 0.0896907
v 0.0228901 0.00467744 0.0896855
v 0.0228766 0.00459143 0.089727
v 0.022906 0.00459429 0.089733
v 0.0229528 0.00468223 0.0896943
v 0.0229365 0.00459639 0.0897374
v 0.0229713 0.00476537 0.089647
v 0.0229855 0.00468317 0.0896962
v 0.0229679 0.00459767 0.0897403
v 0.0228932 0.00450615 0.0897714
v 0.0228297 0.00441063 0.0897911
v 0.0228381 0.00450011 0.089757
v 0.0228123 0.0044963 0.0897481
v 0.022865 0.00450341 0.0897649
v 0.0228554 0.00441363 0.0897992
v 0.0228822 0.00441617 0.0898062
v 0.0228732 0.00432458 0.0898376
v 0.0228475 0.00432229 0.0898303
v 0.0229101 0.00441821 0.0898119
v 0.0228999 0.00432645 0.0898437
v 0.0228914 0.00423322 0.0898721
v 0.0229275 0.00432788 0.0898485
v 0.0229178 0.00423453 0.0898772
v 0.022939 0.00441969 0.0898162
v 0.0229524 0.00450972 0.0897802
v 0.0229223 0.00450828 0.0897766
v 0.0230001 0.00459806 0.0897413
v 0.0229834 0.00451043 0.0897822
v 0.0229687 0.00442057 0.089819
v 0.023015 0.00451035 0.0897824
v 0.0229991 0.0044208 0.0898201
v 0.0229852 0.00432923 0.0898537
v 0.022956 0.00432882 0.0898519
v 0.0229451 0.00423545 0.0898811
v 0.0229732 0.00423595 0.0898835
v 0.0230301 0.00442035 0.0898194
v 0.0230151 0.00432908 0.0898539
v 0.023002 0.00423599 0.0898844
v 0.0230455 0.00432834 0.0898523
v 0.0230312 0.00423555 0.0898836
v 0.0230329 0.00459751 0.0897404
v 0.0230053 0.00476577 0.0896477
v 0.022992 0.00484531 0.0895953
v 0.0230272 0.00484491 0.0895948
v 0.0230628 0.00484307 0.0895921
v 0.0230398 0.00476493 0.0896464
v 0.0230748 0.00476277 0.089643
v 0.0231097 0.00475927 0.0896375
v 0.0230986 0.00483971 0.0895873
v 0.0230528 0.00468183 0.089694
v 0.0230189 0.00468306 0.0896961
v 0.023087 0.00467944 0.0896899
v 0.0231211 0.00467586 0.0896836
v 0.0230661 0.00459597 0.0897376
v 0.0230994 0.00459341 0.0897326
v 0.0231327 0.0045898 0.0897256
v 0.023155 0.00467107 0.0896751
v 0.0231445 0.00475441 0.0896298
v 0.0231343 0.00483482 0.0895803
v 0.0231788 0.00474817 0.0896198
v 0.0231695 0.00482839 0.0895711
v 0.0232124 0.0047406 0.0896077
v 0.023204 0.00482044 0.0895597
v 0.0232374 0.00481101 0.0895462
v 0.0231884 0.00466507 0.0896645
v 0.023221 0.0046579 0.0896517
v 0.0231657 0.00458514 0.0897164
v 0.0231981 0.00457943 0.0897051
v 0.0232297 0.0045727 0.0896918
v 0.0231445 0.00450143 0.0897635
v 0.0231765 0.00449695 0.0897537
v 0.0230616 0.00441917 0.0898168
v 0.0230795 0.00450767 0.089777
v 0.0231121 0.00450501 0.0897713
v 0.0230471 0.00450944 0.0897807
v 0.0230932 0.00441724 0.0898124
v 0.0231249 0.00441454 0.0898059
v 0.0231563 0.00441106 0.0897974
v 0.023107 0.00432496 0.0898436
v 0.0231377 0.0043223 0.0898364
v 0.0230761 0.00432697 0.0898489
v 0.0230609 0.0042346 0.0898812
v 0.0230908 0.00423313 0.0898769
v 0.0231208 0.00423111 0.0898709
v 0.0231683 0.00431898 0.0898273
v 0.0231507 0.00422855 0.0898629
v 0.0231803 0.00422544 0.0898531
v 0.0231984 0.00431499 0.0898162
v 0.0231874 0.00440681 0.0897869
v 0.023208 0.00449156 0.0897418
v 0.0232386 0.0044853 0.0897279
v 0.0232179 0.00440178 0.0897744
v 0.0232475 0.00439601 0.08976
v 0.0232279 0.00431036 0.0898031
v 0.0232565 0.0043051 0.0897882
v 0.0232094 0.00422177 0.0898414
v 0.0232378 0.00421757 0.0898279
v 0.0232654 0.00421285 0.0898125
v 0.0229426 0.00384982 0.0899669
v 0.0230764 0.00413939 0.0899059
v 0.0231055 0.00413789 0.0899009
v 0.0229036 0.0040439 0.0899246
v 0.022923 0.00394754 0.0899479
v 0.022963 0.00414118 0.0899096
v 0.0229099 0.00413982 0.0899026
v 0.0228846 0.00413866 0.0898972
v 0.0229361 0.00414067 0.0899067
v 0.0229287 0.00404465 0.089929
v 0.0229546 0.00404513 0.0899321
v 0.0230189 0.0041411 0.0899109
v 0.0229907 0.00414133 0.089911
v 0.0229811 0.00404533 0.089934
v 0.0230083 0.00404523 0.0899344
v 0.0230475 0.00414046 0.0899093
v 0.0230359 0.00404481 0.0899334
v 0.0230638 0.00404406 0.0899308
v 0.0229994 0.00394816 0.0899542
v 0.0229478 0.00394796 0.0899512
v 0.0229733 0.00394817 0.0899534
v 0.0229671 0.00385002 0.0899693
v 0.0229921 0.00385005 0.0899704
v 0.0230529 0.00394738 0.0899517
v 0.0230259 0.0039479 0.0899537
v 0.0230177 0.0038499 0.0899703
v 0.0230437 0.00384956 0.0899688
v 0.0230802 0.0039466 0.0899483
v 0.0231076 0.00394554 0.0899432
v 0.023092 0.00404296 0.0899266
v 0.02307 0.00384902 0.0899659
v 0.0230965 0.00384828 0.0899616
v 0.0231231 0.00384734 0.0899557
v 0.023135 0.0039442 0.0899366
v 0.0231203 0.00404151 0.0899208
v 0.0231923 0.00413069 0.089875
v 0.0232204 0.00412739 0.0898627
v 0.0231347 0.00413594 0.089894
v 0.0231636 0.00413354 0.0898854
v 0.0231485 0.00403969 0.0899132
v 0.0231766 0.00403751 0.0899039
v 0.0232042 0.00403496 0.0898928
v 0.0232478 0.00412364 0.0898487
v 0.0232744 0.00411948 0.089833
v 0.0232313 0.00403206 0.0898801
v 0.0232577 0.0040288 0.0898657
v 0.0232833 0.00402521 0.0898497
v 0.0232161 0.00393847 0.0899068
v 0.0232422 0.00393599 0.0898936
v 0.0231624 0.00394258 0.0899283
v 0.0231894 0.00394067 0.0899184
v 0.0231497 0.00384618 0.0899483
v 0.0231761 0.0038448 0.0899394
v 0.0232022 0.0038432 0.0899289
v 0.0232279 0.0038414 0.0899169
v 0.0232676 0.00393325 0.0898788
v 0.0232922 0.00393024 0.0898625
v 0.023253 0.00383938 0.0899033
v 0.0232774 0.00383716 0.0898882
v 0.0233009 0.00383475 0.0898717
v 0.0231386 0.00374856 0.0899642
v 0.0231642 0.00374763 0.0899561
v 0.0229923 0.00360131 0.0899957
v 0.0229823 0.00365137 0.0899921
v 0.0230614 0.00375045 0.0899797
v 0.0230269 0.00380043 0.0899767
v 0.0229624 0.00375101 0.0899817
v 0.0229768 0.00380065 0.0899767
v 0.0229525 0.00380054 0.0899749
v 0.0230016 0.00380062 0.0899773
v 0.0229865 0.00375106 0.089983
v 0.0230111 0.00375099 0.0899832
v 0.0229962 0.00370128 0.0899883
v 0.0229723 0.00370128 0.0899875
v 0.0230205 0.00370119 0.0899879
v 0.0230059 0.00365134 0.0899925
v 0.0230361 0.00375079 0.0899821
v 0.0230453 0.00370098 0.0899864
v 0.02303 0.00365124 0.0899916
v 0.023087 0.00374996 0.0899759
v 0.0231128 0.00374934 0.0899708
v 0.0230791 0.00365078 0.0899863
v 0.023104 0.00365041 0.0899817
v 0.023129 0.00364995 0.0899758
v 0.0231539 0.00364939 0.0899685
v 0.0230968 0.00355076 0.0899887
v 0.0230636 0.00360102 0.0899918
v 0.0230544 0.00365105 0.0899896
v 0.0230023 0.00355114 0.0899981
v 0.0230157 0.00360127 0.0899955
v 0.0230395 0.00360118 0.0899942
v 0.0230254 0.00355111 0.0899975
v 0.023049 0.00355103 0.0899957
v 0.0230352 0.00350087 0.0899983
v 0.0230123 0.00350089 0.0899994
v 0.0230584 0.00350082 0.0899961
v 0.0230728 0.00355092 0.0899928
v 0.0230819 0.00350076 0.0899928
v 0.0231209 0.00355055 0.0899833
v 0.023145 0.00355031 0.0899767
v 0.0231691 0.00355001 0.0899687
v 0.0231929 0.00354967 0.0899595
v 0.0231787 0.00364874 0.0899598
v 0.0232396 0.00374392 0.089923
v 0.0232636 0.00374239 0.0899091
v 0.0231897 0.00374655 0.0899465
v 0.0232149 0.00374531 0.0899355
v 0.0232032 0.00364799 0.0899497
v 0.0232274 0.00364714 0.0899382
v 0.0232511 0.0036462 0.0899253
v 0.023287 0.00374071 0.0898938
v 0.0233096 0.0037389 0.0898771
v 0.0232742 0.00364517 0.0899111
v 0.0232966 0.00364405 0.0898956
v 0.0233181 0.00364284 0.0898788
v 0.0232624 0.00354838 0.0899238
v 0.0232845 0.00354786 0.0899094
v 0.0232165 0.00354929 0.0899489
v 0.0232397 0.00354886 0.089937
v 0.0233059 0.0035473 0.0898937
v 0.0233265 0.0035467 0.0898769
v 0.0233346 -0.00345059 0.0898716
v 0.0232939 -0.00345059 0.0899045
v 0.02325 -0.00345059 0.089933
v 0.0232034 -0.00345059 0.0899568
v 0.022859 -0.00414297 0.0898888
v 0.0228795 -0.00404215 0.0899162
v 0.0228604 -0.00413575 0.0898908
v 0.0228982 -0.00395022 0.0899411
v 0.0229049 -0.00391737 0.08995
v 0.0229188 -0.00384908 0.0899611
v 0.0231545 -0.00345059 0.0899755
v 0.023104 -0.00345059 0.0899891
v 0.022937 -0.00375968 0.0899755
v 0.0229389 -0.00375049 0.089977
v 0.0229513 -0.00368955 0.0899869
v 0.0230523 -0.00345059 0.0899973
v 0.0230223 -0.00345059 0.0899988
v 0.0229765 -0.00356586 0.0899937
v 0.0229796 -0.00355097 0.0899945
v 0.023 -0.00345059 0.09
v 0.0227292 -0.0047802 0.0895413
v 0.0227485 -0.00468507 0.0896169
v 0.0227584 -0.00463648 0.0896482
v 0.0227796 -0.0045328 0.0897152
v 0.0227903 -0.00447987 0.0897424
v 0.0228153 -0.00435727 0.0898054
v 0.0228415 -0.00422851 0.0898555
v 0.0228245 -0.00431216 0.089823
v 0.0234891 -0.00345059 0.089604
v 0.0234973 -0.00345059 0.0895523
v 0.0234863 -0.00345059 0.0896141
v 0.0234801 -0.00345059 0.0896374
v 0.0234755 -0.00345059 0.0896545
v 0.0234568 -0.00345059 0.0897034
v 0.023433 -0.00345059 0.08975
v 0.0234318 -0.00345059 0.0897518
v 0.0234179 -0.00345059 0.0897732
v 0.0233716 -0.00345059 0.0898346
v 0.0233876 -0.00345059 0.0898147
v 0.0234045 -0.00345059 0.0897939
v 0.0233714 -0.00345059 0.0898348
v 0.0233531 -0.00345059 0.0898531
v 0.0234976 -0.00345059 0.0895449
v 0.0227224 -0.00481317 0.0895151
v 0.0227256 -0.00479788 0.0895273
v 0.0232744 -0.00411948 0.089833
v 0.0232654 -0.00421285 0.0898125
v 0.023292 -0.00420763 0.0897955
v 0.0230609 -0.0042346 0.0898812
v 0.0230764 -0.00413939 0.0899059
v 0.0230475 -0.00414046 0.0899093
v 0.0233096 -0.0037389 0.0898771
v 0.0233009 -0.00383475 0.0898717
v 0.0233235 -0.00383215 0.0898538
v 0.0231636 -0.00413354 0.0898854
v 0.0231507 -0.00422855 0.0898629
v 0.0231803 -0.00422544 0.0898531
v 0.0232922 -0.00393024 0.0898625
v 0.0232833 -0.00402521 0.0898497
v 0.0233079 -0.00402129 0.0898321
v 0.0232204 -0.00412739 0.0898627
v 0.0232094 -0.00422177 0.0898414
v 0.0232378 -0.00421757 0.0898279
v 0.0232478 -0.00412364 0.0898487
v 0.0233 -0.00411491 0.0898157
v 0.0232577 -0.0040288 0.0898657
v 0.0231923 -0.00413069 0.089875
v 0.0232313 -0.00403206 0.0898801
v 0.0232042 -0.00403496 0.0898928
v 0.0232422 -0.00393599 0.0898936
v 0.0232676 -0.00393325 0.0898788
v 0.0233157 -0.00392698 0.0898448
v 0.0232774 -0.00383716 0.0898882
v 0.0232161 -0.00393847 0.0899068
v 0.023253 -0.00383938 0.0899033
v 0.0232279 -0.0038414 0.0899169
v 0.0231894 -0.00394067 0.0899184
v 0.0231766 -0.00403751 0.0899039
v 0.0231055 -0.00413789 0.0899009
v 0.0230908 -0.00423313 0.0898769
v 0.0231208 -0.00423111 0.0898709
v 0.0231347 -0.00413594 0.089894
v 0.0231485 -0.00403969 0.0899132
v 0.0231203 -0.00404151 0.0899208
v 0.023092 -0.00404296 0.0899266
v 0.023135 -0.0039442 0.0899366
v 0.0231624 -0.00394258 0.0899283
v 0.0232022 -0.0038432 0.0899289
v 0.0231761 -0.0038448 0.0899394
v 0.0231076 -0.00394554 0.0899432
v 0.0231497 -0.00384618 0.0899483
v 0.0231231 -0.00384734 0.0899557
v 0.0232149 -0.00374531 0.0899355
v 0.0233265 -0.0035467 0.0898769
v 0.0233181 -0.00364284 0.0898788
v 0.0233388 -0.00364155 0.0898609
v 0.0232636 -0.00374239 0.0899091
v 0.023287 -0.00374071 0.0898938
v 0.0233312 -0.00373696 0.0898592
v 0.0232966 -0.00364405 0.0898956
v 0.0232396 -0.00374392 0.089923
v 0.0232742 -0.00364517 0.0899111
v 0.0232511 -0.0036462 0.0899253
v 0.0232845 -0.00354786 0.0899094
v 0.0233059 -0.0035473 0.0898937
v 0.0233462 -0.00354606 0.089859
v 0.0232624 -0.00354838 0.0899238
v 0.0232397 -0.00354886 0.089937
v 0.0232274 -0.00364714 0.0899382
v 0.0231642 -0.00374763 0.0899561
v 0.0231897 -0.00374655 0.0899465
v 0.0232032 -0.00364799 0.0899497
v 0.0231386 -0.00374856 0.0899642
v 0.0231787 -0.00364874 0.0899598
v 0.0231539 -0.00364939 0.0899685
v 0.0231929 -0.00354967 0.0899595
v 0.0232165 -0.00354929 0.0899489
v 0.0231691 -0.00355001 0.0899687
v 0.0231128 -0.00374934 0.0899708
v 0.0230965 -0.00384828 0.0899616
v 0.0229451 -0.00423545 0.0898811
v 0.022963 -0.00414118 0.0899096
v 0.0229361 -0.00414067 0.0899067
v 0.0230802 -0.0039466 0.0899483
v 0.0230638 -0.00404406 0.0899308
v 0.023002 -0.00423599 0.0898844
v 0.0230189 -0.0041411 0.0899109
v 0.0229907 -0.00414133 0.089911
v 0.0230312 -0.00423555 0.0898836
v 0.0230359 -0.00404481 0.0899334
v 0.0229732 -0.00423595 0.0898835
v 0.0230083 -0.00404523 0.0899344
v 0.0229811 -0.00404533 0.089934
v 0.0230529 -0.00394738 0.0899517
v 0.0230259 -0.0039479 0.0899537
v 0.02307 -0.00384902 0.0899659
v 0.0229994 -0.00394816 0.0899542
v 0.0230437 -0.00384956 0.0899688
v 0.0230177 -0.0038499 0.0899703
v 0.0229733 -0.00394817 0.0899534
v 0.0228914 -0.00423322 0.0898721
v 0.0229099 -0.00413982 0.0899026
v 0.0228846 -0.00413866 0.0898972
v 0.0229178 -0.00423453 0.0898772
v 0.0229546 -0.00404513 0.0899321
v 0.0229287 -0.00404465 0.089929
v 0.0229036 -0.0040439 0.0899246
v 0.0228659 -0.00423155 0.0898657
v 0.0229478 -0.00394796 0.0899512
v 0.022923 -0.00394754 0.0899479
v 0.0229921 -0.00385005 0.0899704
v 0.0229671 -0.00385002 0.0899693
v 0.0229426 -0.00384982 0.0899669
v 0.0230361 -0.00375079 0.0899821
v 0.0230111 -0.00375099 0.0899832
v 0.023145 -0.00355031 0.0899767
v 0.023129 -0.00364995 0.0899758
v 0.0230614 -0.00375045 0.0899797
v 0.023087 -0.00374996 0.0899759
v 0.023104 -0.00365041 0.0899817
v 0.0230791 -0.00365078 0.0899863
v 0.0230544 -0.00365105 0.0899896
v 0.0230968 -0.00355076 0.0899887
v 0.0231209 -0.00355055 0.0899833
v 0.0230728 -0.00355092 0.0899928
v 0.023049 -0.00355103 0.0899957
v 0.02303 -0.00365124 0.0899916
v 0.0229865 -0.00375106 0.089983
v 0.0229624 -0.00375101 0.0899817
v 0.0230059 -0.00365134 0.0899925
v 0.0229823 -0.00365137 0.0899921
v 0.0230254 -0.00355111 0.0899975
v 0.0230023 -0.00355114 0.0899981
v 0.0232386 -0.0044853 0.0897279
v 0.0232297 -0.0045727 0.0896918
v 0.0232603 -0.00456498 0.0896764
v 0.023221 -0.0046579 0.0896517
v 0.0232124 -0.0047406 0.0896077
v 0.0232449 -0.00473172 0.0895936
v 0.023204 -0.00482044 0.0895597
v 0.0232374 -0.00481101 0.0895462
v 0.0231788 -0.00474817 0.0896198
v 0.0231695 -0.00482839 0.0895711
v 0.0231445 -0.00475441 0.0896298
v 0.0231343 -0.00483482 0.0895803
v 0.0231097 -0.00475927 0.0896375
v 0.0230986 -0.00483971 0.0895873
v 0.0230748 -0.00476277 0.089643
v 0.0230628 -0.00484307 0.0895921
v 0.0230272 -0.00484491 0.0895948
v 0.0230398 -0.00476493 0.0896464
v 0.0230053 -0.00476577 0.0896477
v 0.022992 -0.00484531 0.0895953
v 0.0229713 -0.00476537 0.089647
v 0.023087 -0.00467944 0.0896899
v 0.023155 -0.00467107 0.0896751
v 0.0231884 -0.00466507 0.0896645
v 0.0232525 -0.0046496 0.089637
v 0.0231981 -0.00457943 0.0897051
v 0.0231211 -0.00467586 0.0896836
v 0.0231657 -0.00458514 0.0897164
v 0.0231327 -0.0045898 0.0897256
v 0.0230994 -0.00459341 0.0897326
v 0.0230528 -0.00468183 0.089694
v 0.0230189 -0.00468306 0.0896961
v 0.0229855 -0.00468317 0.0896962
v 0.0230661 -0.00459597 0.0897376
v 0.0230329 -0.00459751 0.0897404
v 0.0230001 -0.00459806 0.0897413
v 0.0229528 -0.00468223 0.0896943
v 0.0229575 -0.00484431 0.0895939
v 0.0229381 -0.00476379 0.0896444
v 0.0228913 -0.00483851 0.0895855
v 0.0229059 -0.00476111 0.0896401
v 0.0228748 -0.00475742 0.0896341
v 0.0229238 -0.00484201 0.0895906
v 0.02286 -0.00483391 0.0895789
v 0.022845 -0.00475282 0.0896267
v 0.02283 -0.00482832 0.0895709
v 0.0228165 -0.00474741 0.0896179
v 0.0227746 -0.00481465 0.0895513
v 0.0227895 -0.00474129 0.0896081
v 0.022764 -0.00473455 0.0895972
v 0.0228015 -0.00482187 0.0895616
v 0.0227492 -0.00480679 0.08954
v 0.0228605 -0.00467375 0.0896787
v 0.0228321 -0.00466932 0.0896706
v 0.0229679 -0.00459767 0.0897403
v 0.022921 -0.00468029 0.0896907
v 0.0228901 -0.00467744 0.0896855
v 0.0229365 -0.00459639 0.0897374
v 0.022906 -0.00459429 0.089733
v 0.0228766 -0.00459143 0.089727
v 0.0228483 -0.00458789 0.0897196
v 0.0228051 -0.00466422 0.0896614
v 0.0227794 -0.00465853 0.089651
v 0.0228213 -0.00458373 0.089711
v 0.0227956 -0.00457903 0.0897013
v 0.023015 -0.00451035 0.0897824
v 0.0229834 -0.00451043 0.0897822
v 0.0232565 -0.0043051 0.0897882
v 0.0232475 -0.00439601 0.08976
v 0.0232761 -0.00438952 0.0897437
v 0.0231121 -0.00450501 0.0897713
v 0.0231765 -0.00449695 0.0897537
v 0.023208 -0.00449156 0.0897418
v 0.0232682 -0.00447819 0.089712
v 0.0232179 -0.00440178 0.0897744
v 0.0231445 -0.00450143 0.0897635
v 0.0231874 -0.00440681 0.0897869
v 0.0231563 -0.00441106 0.0897974
v 0.0230795 -0.00450767 0.089777
v 0.0230471 -0.00450944 0.0897807
v 0.0231249 -0.00441454 0.0898059
v 0.0230932 -0.00441724 0.0898124
v 0.0230616 -0.00441917 0.0898168
v 0.0230301 -0.00442035 0.0898194
v 0.0231377 -0.0043223 0.0898364
v 0.0231984 -0.00431499 0.0898162
v 0.0232279 -0.00431036 0.0898031
v 0.023284 -0.00429925 0.0897715
v 0.0231683 -0.00431898 0.0898273
v 0.023107 -0.00432496 0.0898436
v 0.0230761 -0.00432697 0.0898489
v 0.0230455 -0.00432834 0.0898523
v 0.0230151 -0.00432908 0.0898539
v 0.0228932 -0.00450615 0.0897714
v 0.022865 -0.00450341 0.0897649
v 0.0229524 -0.00450972 0.0897802
v 0.0229223 -0.00450828 0.0897766
v 0.0229991 -0.0044208 0.0898201
v 0.0229687 -0.00442057 0.089819
v 0.022939 -0.00441969 0.0898162
v 0.0229101 -0.00441821 0.0898119
v 0.0228381 -0.00450011 0.089757
v 0.0228123 -0.0044963 0.0897481
v 0.0228822 -0.00441617 0.0898062
v 0.0228554 -0.00441363 0.0897992
v 0.0228297 -0.00441063 0.0897911
v 0.0229275 -0.00432788 0.0898485
v 0.0228999 -0.00432645 0.0898437
v 0.0229852 -0.00432923 0.0898537
v 0.022956 -0.00432882 0.0898519
v 0.0228732 -0.00432458 0.0898376
v 0.0228475 -0.00432229 0.0898303
v 0.0234583 -0.00446358 0.0894732
v 0.0234559 -0.00460944 0.0893979
v 0.0234684 -0.00459346 0.0893723
v 0.0234445 -0.00447655 0.0894993
v 0.0234413 -0.0046253 0.0894233
v 0.0234819 -0.0041292 0.0895338
v 0.0234796 -0.00443743 0.0894206
v 0.0234873 -0.00442443 0.0893944
v 0.0234938 -0.00411368 0.0894813
v 0.023493 -0.00441158 0.0893685
v 0.023497 -0.00439895 0.089343
v 0.0234973 -0.00410608 0.0894556
v 0.0234993 -0.00438659 0.0893181
v 0.0234887 -0.0041214 0.0895074
v 0.0234735 -0.00413705 0.0895602
v 0.0234632 -0.0041449 0.0895867
v 0.0234607 -0.00430804 0.0895362
v 0.02347 -0.0044505 0.0894469
v 0.0234478 -0.00431832 0.0895625
v 0.0234512 -0.0041527 0.0896129
v 0.0234329 -0.00432846 0.0895885
v 0.0234285 -0.00448933 0.089525
v 0.0234242 -0.0046409 0.0894483
v 0.0233595 -0.00468483 0.0895186
v 0.0233555 -0.0047604 0.0894737
v 0.0233801 -0.00474513 0.0894518
v 0.0234103 -0.00450183 0.0895501
v 0.0233901 -0.00451392 0.0895743
v 0.0233867 -0.00459364 0.089537
v 0.0234049 -0.00465612 0.0894726
v 0.0233636 -0.00460643 0.0895599
v 0.0233833 -0.00467081 0.0894961
v 0.0233678 -0.00452552 0.0895976
v 0.0233385 -0.00461854 0.0895815
v 0.0233336 -0.00469806 0.0895397
v 0.0233288 -0.00477476 0.0894943
v 0.0233057 -0.00471036 0.0895594
v 0.0233001 -0.00478807 0.0895134
v 0.0232761 -0.00472162 0.0895774
v 0.0232695 -0.00480019 0.0895307
v 0.0232828 -0.00464022 0.0896202
v 0.0233115 -0.00462983 0.0896017
v 0.0233435 -0.00453652 0.0896196
v 0.0233174 -0.00454682 0.0896402
v 0.0232896 -0.00455633 0.0896592
v 0.0233486 -0.00445231 0.089654
v 0.0234373 -0.00416041 0.0896387
v 0.0233971 -0.00434805 0.0896385
v 0.0234159 -0.0043384 0.0896139
v 0.0233763 -0.00435734 0.0896622
v 0.023372 -0.00444239 0.0896317
v 0.0234042 -0.00417536 0.0896887
v 0.0234217 -0.00416798 0.0896641
v 0.0233849 -0.0041825 0.0897124
v 0.023364 -0.00418934 0.0897352
v 0.0233588 -0.00427846 0.0897117
v 0.0232965 -0.00447028 0.0896943
v 0.0233233 -0.00446163 0.0896749
v 0.0233537 -0.0043662 0.0896847
v 0.0233293 -0.00437456 0.0897059
v 0.0233034 -0.00438235 0.0897256
v 0.0233104 -0.00429282 0.0897531
v 0.0233354 -0.00428588 0.0897331
v 0.0233414 -0.00419584 0.0897567
v 0.0233174 -0.00420195 0.0897768
v 0.0234419 -0.00398706 0.0896757
v 0.0234844 -0.0037959 0.0895989
v 0.0234946 -0.00378887 0.0895487
v 0.0234902 -0.00379237 0.0895737
v 0.0234684 -0.00380301 0.0896495
v 0.0234771 -0.00379945 0.0896242
v 0.0234581 -0.00380655 0.0896746
v 0.0234547 -0.00398155 0.0896502
v 0.0234464 -0.00381005 0.0896994
v 0.0233742 -0.00400786 0.0897712
v 0.0234113 -0.00399777 0.089725
v 0.0234274 -0.00399247 0.0897006
v 0.0233935 -0.00400291 0.0897486
v 0.0233244 -0.00410996 0.0897968
v 0.0233534 -0.00401259 0.0897927
v 0.0233474 -0.00410467 0.0897765
v 0.0233313 -0.00401708 0.0898131
v 0.0233844 -0.00382338 0.089793
v 0.0234183 -0.00381689 0.0897475
v 0.0234331 -0.00381351 0.0897237
v 0.023402 -0.00382019 0.0897707
v 0.0233653 -0.00382645 0.0898144
v 0.023345 -0.00382938 0.0898347
v 0.0233382 -0.00392349 0.0898257
v 0.0234508 -0.00363082 0.0897098
v 0.0234976 -0.00378542 0.089524
v 0.0234709 -0.00362743 0.0896616
v 0.0234789 -0.00362572 0.0896373
v 0.0234615 -0.00362913 0.0896858
v 0.0233943 -0.00363726 0.0898008
v 0.0234252 -0.00363412 0.0897565
v 0.0234387 -0.00363249 0.0897334
v 0.0234104 -0.00363571 0.089779
v 0.0233769 -0.00363876 0.0898218
v 0.0233584 -0.00364019 0.0898418
v 0.0233518 -0.0037349 0.0898401
v 0.0233991 -0.00354393 0.0897995
v 0.0234145 -0.00354317 0.089778
v 0.0233826 -0.00354467 0.0898202
v 0.0234993 -0.00409862 0.0894303
v 0.0227137 0.00324209 0.0899975
v 0.0227732 0.00319023 0.09
v 0.0227026 0.00325173 0.0899971
v 0.0225839 0.00335514 0.0899788
v 0.0226538 0.00329421 0.0899896
v 0.0224673 0.00345671 0.0899441
v 0.0225337 0.00339885 0.0899639
v 0.0223563 0.00355339 0.0898942
v 0.022415 0.00350226 0.0899206
v 0.0223541 0.0035553 0.0898932
v 0.0222998 0.00360256 0.08986
v 0.0222456 0.00364982 0.0898268
v 0.0221904 0.0036979 0.0897831
v 0.022143 0.0037392 0.0897456
v 0.0220885 0.00378663 0.0896914
v 0.0220474 0.00382246 0.0896504
v 0.0219599 0.00389866 0.0895424
v 0.0220403 0.00382865 0.0896416
v 0.0219958 0.00386736 0.0895868
v 0.0219124 0.00394002 0.0894731
v 0.0217323 0.00377711 0.0894393
v 0.0217411 0.00378261 0.0894428
v 0.021774 0.00380648 0.0894535
v 0.0216497 0.00373548 0.0893983
v 0.0216599 0.00373894 0.0894046
v 0.0216369 0.00373111 0.0893903
v 0.0215761 0.00372264 0.089343
v 0.0215947 0.00372311 0.0893591
v 0.0218109 0.00383703 0.0894627
v 0.0216846 0.00374973 0.0894181
v 0.0216152 0.0037259 0.0893752
v 0.0189274 0.00380672 0.0869351
v 0.0218526 0.00387605 0.0894695
v 0.0217115 0.00376404 0.0894309
v 0.0218999 0.00392583 0.0894729
v 0.0214853 0.00343624 0.0894329
v 0.0214905 0.00345504 0.0894278
v 0.0220527 0.00302771 0.0898635
v 0.0221394 0.00304237 0.089895
v 0.0214304 0.00302136 0.0894788
v 0.0214279 0.00297285 0.0894799
v 0.0215041 0.00297335 0.0895458
v 0.0215268 0.00297439 0.0895627
v 0.0215257 0.00358278 0.0893936
v 0.0215448 0.00363588 0.0893744
v 0.0215158 0.00354695 0.0894032
v 0.0214408 0.00316751 0.0894724
v 0.0217231 0.00298632 0.0896995
v 0.0218225 0.00299537 0.0897596
v 0.0218676 0.0030013 0.0897812
v 0.0214361 0.00312959 0.0894763
v 0.021433 0.00307009 0.0894776
v 0.0215711 0.00297641 0.0895956
v 0.0216575 0.00298036 0.0896599
v 0.0216917 0.00298346 0.0896805
v 0.0218841 0.00300347 0.0897891
v 0.0219983 0.00301851 0.0898438
v 0.0214553 0.00328463 0.0894606
v 0.0223785 0.00308971 0.0899607
v 0.0224431 0.00310511 0.0899703
v 0.022184 0.00304992 0.0899112
v 0.0222452 0.00306243 0.0899268
v 0.0223167 0.00307706 0.089945
v 0.0225803 0.00313788 0.0899907
v 0.0226443 0.00315524 0.0899938
v 0.0224977 0.00311817 0.0899784
v 0.022681 0.00316519 0.0899955
v 0.0214703 0.00336043 0.0894467
v 0.0218369 0.0034694 0.0896834
v 0.0218569 0.0034217 0.0897116
v 0.0219098 0.00343804 0.0897369
v 0.0219352 0.00350406 0.0897291
v 0.0215591 0.00336402 0.0895239
v 0.0215664 0.00345844 0.0894928
v 0.0221078 0.00309189 0.0898836
v 0.0220769 0.00314174 0.0898696
v 0.0220252 0.00307695 0.0898523
v 0.0219985 0.00312657 0.0898385
v 0.0215652 0.00302422 0.0895926
v 0.0217844 0.00360769 0.0895881
v 0.0219025 0.00372651 0.0896075
v 0.0218734 0.00376805 0.0895616
v 0.021858 0.00364193 0.0896222
v 0.0219334 0.00368342 0.0896512
v 0.022036 0.00354608 0.0897682
v 0.0220732 0.00349806 0.089802
v 0.022129 0.00352168 0.0898199
v 0.022139 0.00359529 0.0898004
v 0.0218182 0.00351636 0.0896534
v 0.0219081 0.00355104 0.0896956
v 0.0219636 0.00345623 0.0897604
v 0.0220181 0.00347624 0.0897821
v 0.0220003 0.00359307 0.0897317
v 0.021966 0.0036389 0.0896927
v 0.0220942 0.0036423 0.0897616
v 0.0220512 0.00368791 0.0897197
v 0.0221853 0.00354707 0.0898359
v 0.0220101 0.00373197 0.0896749
v 0.0216541 0.00337536 0.0895931
v 0.0217535 0.00339468 0.0896557
v 0.021731 0.00348921 0.0896054
v 0.0216438 0.00356174 0.0895053
v 0.0216447 0.0036505 0.089454
v 0.0216469 0.00346982 0.0895518
v 0.0217128 0.00358088 0.0895491
v 0.0217557 0.0036949 0.0895164
v 0.0215566 0.00317067 0.0895709
v 0.0215558 0.00326789 0.08955
v 0.0217107 0.00303456 0.0896925
v 0.0218644 0.00305222 0.0897792
v 0.0215584 0.00312185 0.0895795
v 0.0215613 0.00307301 0.0895867
v 0.0216997 0.00308352 0.0896827
v 0.0216897 0.00313254 0.0896715
v 0.0216806 0.00318152 0.0896587
v 0.0218458 0.00310146 0.0897668
v 0.0218281 0.00315075 0.0897526
v 0.021944 0.00306371 0.0898175
v 0.0219726 0.00317625 0.0898226
v 0.0218112 0.00320001 0.0897367
v 0.0219475 0.00322589 0.0898045
v 0.0217953 0.00324913 0.089719
v 0.0216725 0.00323038 0.0896445
v 0.0216654 0.00327903 0.0896288
v 0.0217664 0.00334656 0.0896785
v 0.0217804 0.00329802 0.0896996
v 0.0219233 0.00327537 0.0897843
v 0.0219001 0.00332458 0.0897621
v 0.0218779 0.00337339 0.0897378
v 0.0223628 0.00314672 0.0899556
v 0.0224497 0.00316823 0.0899721
v 0.0220175 0.00324153 0.0898345
v 0.0219616 0.00334063 0.0897901
v 0.0221917 0.00310852 0.0899113
v 0.0222768 0.00312681 0.0899353
v 0.0221567 0.00315862 0.0898973
v 0.0221223 0.0032088 0.0898808
v 0.0220886 0.00325893 0.0898617
v 0.0222375 0.00317718 0.0899218
v 0.0221988 0.00322765 0.0899054
v 0.0223193 0.0031974 0.0899428
v 0.0222763 0.00324819 0.089927
v 0.0221608 0.00327807 0.0898863
v 0.0222338 0.00329893 0.089908
v 0.022024 0.0033585 0.089816
v 0.0221236 0.00332829 0.0898643
v 0.0220521 0.00342753 0.0898122
v 0.0220873 0.00337816 0.0898396
v 0.0221922 0.00334945 0.089886
v 0.0221514 0.00339959 0.089861
v 0.0221118 0.00344918 0.0898329
v 0.0223077 0.00332149 0.089927
v 0.0222616 0.00337234 0.0899051
v 0.0226253 0.00321595 0.0899933
v 0.0225372 0.00319131 0.0899846
v 0.022402 0.00321925 0.0899604
v 0.0223546 0.0032704 0.0899454
v 0.0224853 0.00324271 0.0899744
v 0.0224336 0.00329425 0.0899605
v 0.0223824 0.00334572 0.0899429
v 0.0225693 0.00326776 0.0899849
v 0.0225133 0.00331971 0.0899724
v 0.0224576 0.00337161 0.0899559
v 0.0224024 0.00342322 0.0899354
v 0.0222163 0.00342278 0.08988
v 0.022172 0.00347262 0.0898516
v 0.0223317 0.00339694 0.0899216
v 0.0222818 0.0034477 0.0898966
v 0.0222329 0.00349781 0.089868
v 0.0223479 0.00347434 0.0899109
v 0.0227732 -0.00319023 0.09
v 0.0189314 0.00371958 0.087001
v 0.0189335 0.00366459 0.0870355
v 0.0189358 0.0036068 0.0870718
v 0.0189385 0.00351687 0.0871167
v 0.0189417 0.00338493 0.0871694
v 0.0189421 0.00336431 0.0871749
v 0.0189392 0.00349529 0.0871275
v 0.0189435 0.00327538 0.0871988
v 0.0189442 0.00320862 0.0872096
v 0.0189446 0.00316614 0.0872165
v 0.018945 0.00305167 0.0872227
v 0.018945 -0.00305167 0.0872227
v 0.0189442 -0.00320862 0.0872096
v 0.0189446 -0.00316614 0.0872165
v 0.0189274 -0.00380672 0.0869351
v 0.0189314 -0.00371958 0.087001
v 0.0189421 -0.00336431 0.0871749
v 0.0189435 -0.00327538 0.0871988
v 0.0189392 -0.00349529 0.0871275
v 0.0189417 -0.00338493 0.0871694
v 0.0189335 -0.00366459 0.0870355
v 0.0189358 -0.0036068 0.0870718
v 0.0189385 -0.00351687 0.0871167
v 0.0214279 -0.00297285 0.0894799
v 0.0215761 -0.00372264 0.089343
v 0.0216388 -0.00373169 0.0893916
v 0.0216172 -0.00372628 0.0893766
v 0.0216618 -0.00373971 0.0894057
v 0.0216866 -0.00375072 0.0894192
v 0.0217136 -0.00376529 0.0894318
v 0.0217767 -0.00380853 0.0894543
v 0.0217434 -0.0037842 0.0894436
v 0.0217323 -0.00377714 0.0894392
v 0.021814 -0.00383977 0.0894633
v 0.0219124 -0.00394002 0.0894731
v 0.0218564 -0.00387984 0.0894699
v 0.0215967 -0.00372328 0.0893608
v 0.0218208 -0.00384611 0.0894643
v 0.0214891 -0.00297311 0.0895332
v 0.0214979 -0.00297348 0.0895398
v 0.0215273 -0.00297472 0.0895621
v 0.0215714 -0.00297657 0.0895953
v 0.0216423 -0.00297956 0.0896489
v 0.0217236 -0.00298676 0.0896987
v 0.0216923 -0.00298398 0.0896795
v 0.0218097 -0.00299437 0.0897513
v 0.0219888 -0.00301761 0.0898381
v 0.0220532 -0.00302838 0.0898619
v 0.0218847 -0.00300411 0.0897877
v 0.0219677 -0.00301488 0.0898279
v 0.0218683 -0.00300197 0.0897797
v 0.0220532 -0.00302839 0.0898619
v 0.0221768 -0.00304906 0.0899075
v 0.0222455 -0.00306295 0.0899254
v 0.0223704 -0.00308822 0.089958
v 0.0224431 -0.00310539 0.0899695
v 0.0224978 -0.00311827 0.0899781
v 0.0225663 -0.00313445 0.0899889
v 0.022681 -0.00316535 0.0899951
v 0.0226443 -0.00315547 0.0899931
v 0.0219599 -0.00389866 0.0895424
v 0.0219958 -0.00386736 0.0895868
v 0.0220474 -0.00382246 0.0896504
v 0.0220403 -0.00382865 0.0896416
v 0.0220885 -0.00378663 0.0896914
v 0.022143 -0.0037392 0.0897456
v 0.0221904 -0.0036979 0.0897831
v 0.0222456 -0.00364982 0.0898268
v 0.0222998 -0.00360256 0.08986
v 0.0223541 -0.0035553 0.0898932
v 0.022415 -0.00350226 0.0899206
v 0.0224673 -0.00345671 0.0899441
v 0.0225337 -0.00339885 0.0899639
v 0.0225839 -0.00335514 0.0899788
v 0.0224737 -0.00345113 0.089946
v 0.0226538 -0.00329421 0.0899896
v 0.0227026 -0.00325173 0.0899971
v 0.0227137 -0.00324209 0.0899975
v 0.0214553 -0.00328463 0.0894606
v 0.0214703 -0.00336043 0.0894467
v 0.0214361 -0.00312959 0.0894763
v 0.021433 -0.00307009 0.0894776
v 0.0214408 -0.00316751 0.0894724
v 0.0215158 -0.00354695 0.0894032
v 0.0215257 -0.00358278 0.0893936
v 0.0215448 -0.00363588 0.0893744
v 0.0214853 -0.00343624 0.0894329
v 0.0214905 -0.00345504 0.0894278
v 0.0218779 -0.00337339 0.0897378
v 0.0218569 -0.0034217 0.0897116
v 0.0219636 -0.00345623 0.0897604
v 0.0215591 -0.00336402 0.0895239
v 0.0219726 -0.00317625 0.0898226
v 0.0219475 -0.00322589 0.0898045
v 0.0220886 -0.00325893 0.0898617
v 0.0221118 -0.00344918 0.0898329
v 0.0220732 -0.00349806 0.089802
v 0.0221853 -0.00354707 0.0898359
v 0.0219233 -0.00327537 0.0897843
v 0.0219001 -0.00332458 0.0897621
v 0.022024 -0.0033585 0.089816
v 0.0219932 -0.00340766 0.0897894
v 0.0220558 -0.00330888 0.0898401
v 0.0221514 -0.00339959 0.089861
v 0.0221922 -0.00334945 0.089886
v 0.0222818 -0.0034477 0.0898966
v 0.0222329 -0.00349781 0.089868
v 0.0224024 -0.00342322 0.0899354
v 0.0223317 -0.00339694 0.0899216
v 0.0223077 -0.00332149 0.089927
v 0.0223824 -0.00334572 0.0899429
v 0.0224576 -0.00337161 0.0899559
v 0.0222763 -0.00324819 0.089927
v 0.0222338 -0.00329893 0.089908
v 0.0220252 -0.00307695 0.0898523
v 0.0219985 -0.00312657 0.0898385
v 0.0220769 -0.00314174 0.0898696
v 0.0221988 -0.00322765 0.0899054
v 0.0221223 -0.0032088 0.0898808
v 0.0221567 -0.00315862 0.0898973
v 0.0222375 -0.00317718 0.0899218
v 0.0221917 -0.00310852 0.0899113
v 0.0221078 -0.00309189 0.0898836
v 0.0222768 -0.00312681 0.0899353
v 0.0223193 -0.0031974 0.0899428
v 0.0223628 -0.00314672 0.0899556
v 0.022402 -0.00321925 0.0899604
v 0.0224336 -0.00329425 0.0899605
v 0.0223546 -0.0032704 0.0899454
v 0.0224853 -0.00324271 0.0899744
v 0.0225133 -0.00331971 0.0899724
v 0.0225693 -0.00326776 0.0899849
v 0.0225372 -0.00319131 0.0899846
v 0.0224497 -0.00316823 0.0899721
v 0.0226253 -0.00321595 0.0899933
v 0.0216541 -0.00337536 0.0895931
v 0.0217535 -0.00339468 0.0896557
v 0.0217222 -0.00328756 0.0896652
v 0.0217804 -0.00329802 0.0896996
v 0.0215566 -0.00317067 0.0895709
v 0.0214953 -0.00307062 0.0895343
v 0.0215613 -0.00307301 0.0895867
v 0.0215558 -0.00326789 0.08955
v 0.0216654 -0.00327903 0.0896288
v 0.0216177 -0.00317512 0.0896161
v 0.0216806 -0.00318152 0.0896587
v 0.0216295 -0.00307732 0.0896362
v 0.0216997 -0.00308352 0.0896827
v 0.0217452 -0.00318983 0.089699
v 0.0218047 -0.00340724 0.0896845
v 0.0218112 -0.00320001 0.0897367
v 0.0218397 -0.00331036 0.0897319
v 0.0218787 -0.00321204 0.0897719
v 0.0218458 -0.00310146 0.0897668
v 0.0217719 -0.00309158 0.0897263
v 0.0219214 -0.00311313 0.0898042
v 0.0216438 -0.00356174 0.0895053
v 0.0215664 -0.00345844 0.0894928
v 0.0216469 -0.00346982 0.0895518
v 0.0216447 -0.0036505 0.089454
v 0.0217557 -0.0036949 0.0895164
v 0.0217128 -0.00358088 0.0895491
v 0.0217844 -0.00360769 0.0895881
v 0.021731 -0.00348921 0.0896054
v 0.0218369 -0.0034694 0.0896834
v 0.0218182 -0.00351636 0.0896534
v 0.021858 -0.00364193 0.0896222
v 0.0219025 -0.00372651 0.0896075
v 0.0219334 -0.00368342 0.0896512
v 0.0218734 -0.00376805 0.0895616
v 0.0219081 -0.00355104 0.0896956
v 0.021966 -0.0036389 0.0896927
v 0.0219352 -0.00350406 0.0897291
v 0.0220003 -0.00359307 0.0897317
v 0.022036 -0.00354608 0.0897682
v 0.0220101 -0.00373197 0.0896749
v 0.0220942 -0.0036423 0.0897616
v 0.0220512 -0.00368791 0.0897197
v 0.022139 -0.00359529 0.0898004
f 3603//5201 3604//5201 3605//5201
f 3603//5201 3606//5201 3607//5201
f 3606//5201 3603//5201 3608//5201
f 3605//5201 3609//5201 3603//5201
f 3603//5201 3610//5201 3611//5201
f 3608//5201 3612//5201 3606//5201
f 3591//5201 3613//5201 3614//5201
f 3591//5201 3615//5201 3616//5201
f 3591//5201 3617//5201 3618//5201
f 3591//5201 3619//5201 3620//5201
f 3611//5201 3604//5201 3603//5201
f 3603//5201 3621//5201 3608//5201
f 3591//5201 3622//5201 3623//5201
f 3591//5201 3624//5201 3625//5201
f 3616//5201 3613//5201 3591//5201
f 3620//5201 3617//5201 3591//5201
f 3607//5201 3610//5201 3603//5201
f 3591//5201 3626//5201 3627//5201
f 3591//5201 3628//5201 3629//5201
f 3591//5201 3630//5201 3631//5201
f 3625//5201 3622//5201 3591//5201
f 3618//5201 3615//5201 3591//5201
f 3627//5201 3603//5201 3591//5201
f 3631//5201 3628//5201 3591//5201
f 3614//5201 3624//5201 3591//5201
f 3591//5201 3632//5201 3633//5201
f 3629//5201 3626//5201 3591//5201
f 3633//5201 3619//5201 3591//5201
f 3623//5201 3630//5201 3591//5201
f 3591//5201 3634//5201 3635//5201
f 3635//5201 3632//5201 3591//5201
f 3591//5201 3636//5201 3637//5201
f 3637//5201 3634//5201 3591//5201
f 3591//5201 3638//5201 3639//5201
f 3639//5201 3636//5201 3591//5201
f 3591//5201 3640//5201 3641//5201
f 3591//5201 3642//5201 3643//5201
f 3641//5201 3638//5201 3591//5201
f 3591//5201 3592//5201 3642//5201
f 3642//5201 3596//5201 3597//5201
f 3643//5201 3640//5201 3591//5201
f 3642//5201 3595//5201 3596//5201
f 3609//5201 3591//5201 3603//5201
f 3642//5201 3594//5201 3595//5201
f 3592//5201 3593//5201 3642//5201
f 3593//5201 3594//5201 3642//5201
f 3597//5201 3598//5201 3642//5201
f 3644//5202 3643//5202 3642//5203
f 3644//5202 3640//5204 3643//5202
f 3642//5203 3645//5203 3644//5202
f 3641//5205 3640//5204 3646//5204
f 3646//5204 3647//5205 3641//5205
f 3648//5206 3638//5206 3641//5205
f 3649//5207 3639//5207 3638//5206
f 3638//5206 3648//5206 3649//5207
f 3650//5208 3636//5208 3639//5207
f 3651//5209 3637//5209 3636//5208
f 3636//5208 3650//5208 3651//5209
f 3652//5210 3634//5210 3637//5209
f 3653//5211 3635//5211 3634//5210
f 3653//5211 3632//5212 3635//5211
f 3634//5210 3652//5210 3653//5211
f 3633//5213 3654//5213 3655//5214
f 3633//5213 3656//5215 3654//5213
f 3655//5214 3619//5214 3633//5213
f 3620//5216 3657//5216 3658//5217
f 3620//5216 3655//5214 3657//5216
f 3658//5217 3617//5217 3620//5216
f 3618//5218 3659//5218 3660//5219
f 3618//5218 3658//5217 3659//5218
f 3660//5219 3615//5219 3618//5218
f 3616//5220 3661//5220 3662//5221
f 3662//5221 3613//5221 3616//5220
f 3615//5219 3660//5219 3661//5220
f 3614//5222 3663//5222 3664//5223
f 3614//5222 3662//5221 3663//5222
f 3664//5223 3624//5223 3614//5222
f 3625//5224 3665//5224 3666//5225
f 3625//5224 3664//5223 3665//5224
f 3666//5225 3622//5225 3625//5224
f 3623//5226 3667//5226 3668//5227
f 3623//5226 3666//5225 3667//5226
f 3668//5227 3630//5227 3623//5226
f 3631//5228 3669//5228 3670//5229
f 3631//5228 3668//5227 3669//5228
f 3670//5229 3628//5229 3631//5228
f 3671//5230 3672//5231 3626//5231
f 3626//5231 3629//5230 3671//5230
f 3628//5229 3670//5229 3671//5230
f 3627//5232 3673//5232 3674//5233
f 3627//5232 3672//5231 3673//5232
f 3674//5233 3603//5233 3627//5232
f 3621//5234 3675//5234 3676//5235
f 3621//5234 3674//5233 3675//5234
f 3676//5235 3608//5235 3621//5234
f 3612//5236 3677//5236 3678//5237
f 3678//5237 3606//5237 3612//5236
f 3608//5235 3676//5235 3677//5236
f 3679//5238 3680//5239 3610//5239
f 3610//5239 3607//5238 3679//5238
f 3606//5237 3678//5237 3679//5238
f 3611//5240 3681//5240 3682//5241
f 3611//5240 3680//5239 3681//5240
f 3682//5241 3604//5241 3611//5240
f 3605//5242 3683//5242 3684//5243
f 3605//5242 3682//5241 3683//5242
f 3684//5243 3609//5243 3605//5242
f 3605//5242 3604//5241 3682//5241
f 3611//5240 3610//5239 3680//5239
f 3607//5238 3606//5237 3679//5238
f 3612//5236 3608//5235 3677//5236
f 3621//5234 3603//5233 3674//5233
f 3627//5232 3626//5231 3672//5231
f 3629//5230 3628//5229 3671//5230
f 3631//5228 3630//5227 3668//5227
f 3623//5226 3622//5225 3666//5225
f 3625//5224 3624//5223 3664//5223
f 3614//5222 3613//5221 3662//5221
f 3616//5220 3615//5219 3661//5220
f 3618//5218 3617//5217 3658//5217
f 3620//5216 3619//5214 3655//5214
f 3633//5213 3632//5212 3656//5215
f 3653//5211 3656//5215 3632//5212
f 3651//5209 3652//5210 3637//5209
f 3649//5207 3650//5208 3639//5207
f 3647//5205 3648//5206 3641//5205
f 3644//5202 3646//5204 3640//5204
f 3678//5244 3677//5244 3676//5244
f 3674//5244 3684//5244 3683//5244
f 3685//5244 3658//5244 3657//5244
f 3685//5244 3660//5244 3659//5244
f 3685//5244 3662//5244 3661//5244
f 3685//5244 3664//5244 3663//5244
f 3676//5244 3674//5244 3678//5244
f 3674//5244 3680//5244 3679//5244
f 3674//5244 3682//5244 3681//5244
f 3674//5244 3685//5244 3684//5244
f 3659//5244 3658//5244 3685//5244
f 3663//5244 3662//5244 3685//5244
f 3685//5244 3666//5244 3665//5244
f 3685//5244 3668//5244 3667//5244
f 3679//5244 3678//5244 3674//5244
f 3683//5244 3682//5244 3674//5244
f 3661//5244 3660//5244 3685//5244
f 3667//5244 3666//5244 3685//5244
f 3685//5244 3670//5244 3669//5244
f 3685//5244 3672//5244 3671//5244
f 3685//5244 3674//5244 3673//5244
f 3681//5244 3680//5244 3674//5244
f 3685//5244 3655//5244 3654//5244
f 3665//5244 3664//5244 3685//5244
f 3671//5244 3670//5244 3685//5244
f 3676//5244 3675//5244 3674//5244
f 3657//5244 3655//5244 3685//5244
f 3673//5244 3672//5244 3685//5244
f 3685//5244 3656//5244 3653//5244
f 3669//5244 3668//5244 3685//5244
f 3685//5244 3652//5244 3651//5244
f 3654//5244 3656//5244 3685//5244
f 3685//5244 3650//5244 3649//5244
f 3653//5244 3652//5244 3685//5244
f 3685//5244 3646//5244 3644//5244
f 3685//5244 3648//5244 3647//5244
f 3651//5244 3650//5244 3685//5244
f 3644//5244 3645//5244 3685//5244
f 3649//5244 3648//5244 3685//5244
f 3647//5244 3646//5244 3685//5244
f 3645//5244 3686//5244 3687//5244
f 3645//5244 3688//5244 3689//5244
f 3687//5244 3690//5244 3645//5244
f 3645//5244 3691//5244 3688//5244
f 3690//5244 3692//5244 3645//5244
f 3692//5244 3691//5244 3645//5244
f 3645//5244 3689//5244 3685//5244
f 3053//9687 6741//9687 6742//9687
f 3686//9687 3598//9687 3053//9687
f 3642//9687 3598//9687 3686//9687
f 3053//9687 6736//9687 3686//9687
f 6742//9687 6736//9687 3053//9687
f 3686//9687 3645//9687 3642//9687
f 6743//9688 6744//9689 6745//9689
f 6745//9689 6746//9688 6743//9688
f 6747//9690 6748//9690 6743//9688
f 6749//9691 6750//9691 6748//9690
f 6749//9691 6751//9692 6750//9691
f 6748//9690 6747//9690 6749//9691
f 6752//9693 6751//9692 6753//9692
f 6754//9693 6755//9694 6752//9693
f 6753//9692 6754//9693 6752//9693
f 6756//9695 6757//9695 6755//9694
f 6755//9694 6758//9694 6756//9695
f 6759//9696 6760//9696 6757//9695
f 6761//9697 6762//9697 6760//9696
f 6761//9697 6763//9698 6762//9697
f 6760//9696 6759//9696 6761//9697
f 6764//9699 6763//9698 6765//9698
f 6765//9698 6766//9699 6764//9699
f 6767//9700 6768//9700 6764//9699
f 6769//9701 6770//9701 6768//9700
f 6769//9701 6771//9702 6770//9701
f 6768//9700 6767//9700 6769//9701
f 6772//9703 6773//9703 6771//9702
f 6771//9702 6774//9702 6772//9703
f 6775//9704 6776//9704 6773//9703
f 6777//9705 6776//9704 6775//9704
f 6775//9704 6778//9705 6777//9705
f 6779//9706 6780//9706 6777//9705
f 6781//9707 6782//9707 6780//9706
f 6781//9707 6741//9708 6782//9707
f 6780//9706 6779//9706 6781//9707
f 6781//9707 6742//9708 6741//9708
f 6778//9705 6779//9706 6777//9705
f 6772//9703 6775//9704 6773//9703
f 6769//9701 6774//9702 6771//9702
f 6766//9699 6767//9700 6764//9699
f 6761//9697 6765//9698 6763//9698
f 6756//9695 6759//9696 6757//9695
f 6754//9693 6758//9694 6755//9694
f 6749//9691 6753//9692 6751//9692
f 6746//9688 6747//9690 6743//9688
f 6744//9709 6783//9709 6784//9709
f 6784//9709 6745//9709 6744//9709
f 6785//9710 6786//9710 6787//9711
f 6788//9712 6789//9712 6786//9710
f 6790//9713 6789//9712 6788//9712
f 6788//9712 6791//9713 6790//9713
f 6792//9714 6790//9713 6791//9713
f 6791//9713 6793//9714 6792//9714
f 6794//9715 6795//9715 6792//9714
f 6796//9716 6795//9715 6794//9715
f 6794//9715 6797//9716 6796//9716
f 6798//9717 6799//9717 6796//9716
f 6800//9718 6799//9717 6798//9717
f 6798//9717 6801//9718 6800//9718
f 6802//9719 6803//9719 6800//9718
f 6804//9720 6805//9720 6803//9719
f 6804//9720 6806//9721 6805//9720
f 6803//9719 6802//9719 6804//9720
f 6807//9722 6806//9721 6808//9721
f 6809//9722 6810//9723 6807//9722
f 6808//9721 6809//9722 6807//9722
f 6811//9724 6812//9724 6810//9723
f 6811//9724 6813//9725 6812//9724
f 6810//9723 6814//9726 6811//9724
f 6815//9727 6816//9727 6813//9725
f 6815//9727 6817//9728 6816//9727
f 6813//9725 6818//9729 6815//9727
f 6819//9730 6817//9728 6820//9731
f 6820//9731 6821//9730 6819//9730
f 6822//9732 6823//9732 6819//9730
f 6824//9733 6823//9732 6822//9732
f 6822//9732 6825//9733 6824//9733
f 6784//9734 6783//9734 6824//9733
f 6825//9733 6784//9734 6824//9733
f 6821//9730 6822//9732 6819//9730
f 6815//9727 6820//9731 6817//9728
f 6811//9724 6818//9729 6813//9725
f 6809//9722 6814//9726 6810//9723
f 6804//9720 6808//9721 6806//9721
f 6801//9718 6802//9719 6800//9718
f 6797//9716 6798//9717 6796//9716
f 6793//9714 6794//9715 6792//9714
f 6786//9710 6785//9710 6788//9712
f 6787//9711 6826//9735 6785//9710
f 6827//9736 6828//9737 6829//9736
f 6829//9736 6830//9738 6827//9736
f 6829//9736 6831//9738 6830//9738
f 6832//9739 6833//9740 6834//9739
f 6834//9739 6835//9741 6832//9739
f 6832//9739 6836//9740 6833//9740
f 6837//9742 6833//9740 6836//9740
f 6836//9740 6838//9742 6837//9742
f 6839//9743 6840//9743 6837//9742
f 6841//9744 6840//9743 6839//9743
f 6839//9743 6842//9744 6841//9744
f 6843//9745 6844//9745 6841//9744
f 6845//9746 6846//9746 6844//9745
f 6845//9746 6847//9747 6846//9746
f 6844//9745 6843//9745 6845//9746
f 6848//9748 6847//9747 6849//9747
f 6850//9748 6851//9749 6848//9748
f 6849//9747 6850//9748 6848//9748
f 6852//9750 6851//9749 6853//9749
f 6853//9749 6854//9750 6852//9750
f 6855//9751 6856//9751 6852//9750
f 6857//9752 6856//9751 6855//9751
f 6855//9751 6858//9752 6857//9752
f 6859//9753 6860//9753 6857//9752
f 6861//9754 6862//9754 6860//9753
f 6861//9754 6863//9755 6862//9754
f 6860//9753 6859//9753 6861//9754
f 6864//9756 6865//9756 6863//9755
f 6864//9756 6866//9757 6865//9756
f 6863//9755 6867//9758 6864//9756
f 6868//9759 6866//9757 6869//9760
f 6869//9760 6870//9759 6868//9759
f 6871//9761 6872//9761 6868//9759
f 6873//9762 6874//9762 6872//9761
f 6873//9762 6875//9763 6874//9762
f 6872//9761 6871//9761 6873//9762
f 6876//9764 6877//9764 6875//9763
f 6875//9763 6878//9763 6876//9764
f 6879//9765 6880//9765 6877//9764
f 6881//9766 6880//9765 6879//9765
f 6879//9765 6882//9766 6881//9766
f 6883//9767 6884//9767 6881//9766
f 6885//9768 6886//9768 6884//9767
f 6884//9767 6883//9767 6885//9768
f 6887//9769 6888//9769 6886//9768
f 6889//9770 6888//9769 6887//9769
f 6887//9769 6890//9770 6889//9770
f 6891//9771 6892//9771 6889//9770
f 6893//9772 6894//9772 6892//9771
f 6893//9772 6895//9773 6894//9772
f 6892//9771 6891//9771 6893//9772
f 6896//9774 6895//9773 6897//9773
f 6898//9775 6896//9774 6899//9774
f 6899//9774 6900//9775 6898//9775
f 6787//9776 6901//9777 6902//9777
f 6902//9777 6901//9777 6898//9775
f 6898//9775 6900//9775 6902//9777
f 6902//9777 6826//9776 6787//9776
f 6897//9773 6899//9774 6896//9774
f 6893//9772 6897//9773 6895//9773
f 6890//9770 6891//9771 6889//9770
f 6885//9768 6887//9769 6886//9768
f 6882//9766 6883//9767 6881//9766
f 6876//9764 6879//9765 6877//9764
f 6873//9762 6878//9763 6875//9763
f 6870//9759 6871//9761 6868//9759
f 6864//9756 6869//9760 6866//9757
f 6861//9754 6867//9758 6863//9755
f 6858//9752 6859//9753 6857//9752
f 6854//9750 6855//9751 6852//9750
f 6850//9748 6853//9749 6851//9749
f 6845//9746 6849//9747 6847//9747
f 6842//9744 6843//9745 6841//9744
f 6838//9742 6839//9743 6837//9742
f 6834//9739 6828//9737 6835//9741
f 6827//9736 6835//9741 6828//9737
f 6903//9778 6904//9778 6905//9779
f 6905//9779 6906//9779 6903//9778
f 6907//9780 6908//9780 6904//9778
f 6909//9781 6910//9781 6908//9780
f 6909//9781 6911//9782 6910//9781
f 6908//9780 6907//9780 6909//9781
f 6912//9783 6911//9782 6913//9782
f 6914//9783 6915//9784 6912//9783
f 6913//9782 6914//9783 6912//9783
f 6916//9785 6915//9784 6917//9784
f 6917//9784 6918//9785 6916//9785
f 6919//9786 6920//9786 6916//9785
f 6921//9787 6922//9787 6920//9786
f 6920//9786 6919//9786 6921//9787
f 6923//9788 6924//9788 6922//9787
f 6925//9789 6924//9788 6923//9788
f 6923//9788 6926//9789 6925//9789
f 6927//9790 6928//9790 6925//9789
f 6929//9791 6930//9791 6928//9790
f 6929//9791 6831//9792 6930//9791
f 6928//9790 6927//9790 6929//9791
f 6929//9791 6830//9792 6831//9792
f 6926//9789 6927//9790 6925//9789
f 6921//9787 6923//9788 6922//9787
f 6918//9785 6919//9786 6916//9785
f 6914//9783 6917//9784 6915//9784
f 6909//9781 6913//9782 6911//9782
f 6903//9778 6907//9780 6904//9778
f 6905//9793 6931//9793 6932//9793
f 6932//9793 6906//9793 6905//9793
f 6933//9794 6934//9794 6935//9795
f 6936//9796 6937//9796 6934//9794
f 6934//9794 6933//9794 6936//9796
f 6932//9797 6931//9797 6937//9796
f 6936//9796 6932//9797 6937//9796
f 6935//9795 6938//9798 6933//9794
f 6935//9798 6939//9798 6940//9798
f 6940//9798 6938//9798 6935//9798
f 6941//9799 6942//9800 6943//9801
f 6939//9802 6944//9803 6945//9803
f 6945//9803 6944//9803 6942//9800
f 6942//9800 6941//9799 6945//9803
f 6945//9803 6940//9802 6939//9802
f 6943//9801 6946//9804 6941//9799
f 3064//9805 6763//9805 6764//9805
f 3063//9805 6768//9805 6770//9805
f 3064//9805 6762//9805 6763//9805
f 3063//9805 6764//9805 6768//9805
f 3062//9805 6771//9805 6773//9805
f 3065//9805 6760//9805 6762//9805
f 6770//9805 3062//9805 3063//9805
f 3062//9805 6770//9805 6771//9805
f 3065//9805 6757//9805 6760//9805
f 6773//9805 3061//9805 3062//9805
f 3061//9805 6776//9805 6777//9805
f 2297//9805 6800//9805 6803//9805
f 3066//9805 6755//9805 6757//9805
f 6764//9805 3063//9805 3064//9805
f 3061//9805 6773//9805 6776//9805
f 2297//9805 6799//9805 6800//9805
f 2298//9805 6795//9805 6796//9805
f 2298//9805 6790//9805 6792//9805
f 3066//9805 6752//9805 6755//9805
f 6777//9805 3060//9805 3061//9805
f 6803//9805 2296//9805 2297//9805
f 6792//9805 6795//9805 2298//9805
f 3067//9805 6751//9805 6752//9805
f 3067//9805 6748//9805 6750//9805
f 6762//9805 3064//9805 3065//9805
f 3060//9805 6777//9805 6780//9805
f 2076//9805 6905//9805 6904//9805
f 6796//9805 6799//9805 2298//9805
f 2298//9805 6786//9805 6789//9805
f 2299//9805 6901//9805 6787//9805
f 6750//9805 6751//9805 3067//9805
f 6780//9805 3059//9805 3060//9805
f 3059//9805 6782//9805 6741//9805
f 2076//9805 6931//9805 6905//9805
f 2076//9805 6934//9805 6937//9805
f 6789//9805 6790//9805 2298//9805
f 6787//9805 2298//9805 2299//9805
f 2296//9805 6806//9805 6807//9805
f 2296//9805 6803//9805 6805//9805
f 2308//9805 2309//9805 6862//9805
f 2309//9805 2310//9805 6857//9805
f 3068//9805 6743//9805 6748//9805
f 6757//9805 3065//9805 3066//9805
f 3059//9805 6780//9805 6782//9805
f 2076//9805 6908//9805 6910//9805
f 6937//9805 6931//9805 2076//9805
f 6947//9805 6948//9805 6949//9805
f 6947//9805 6950//9805 6951//9805
f 6952//9805 6953//9805 6954//9805
f 6787//9805 6786//9805 2298//9805
f 6805//9805 6806//9805 2296//9805
f 2300//9805 6896//9805 6898//9805
f 3074//9805 6813//9805 6816//9805
f 3074//9805 6810//9805 6812//9805
f 6862//9805 6863//9805 2308//9805
f 6857//9805 6860//9805 2309//9805
f 2310//9805 2311//9805 6852//9805
f 3068//9805 6744//9805 6743//9805
f 6741//9805 3058//9805 3059//9805
f 2076//9805 6911//9805 6912//9805
f 6904//9805 6908//9805 2076//9805
f 6947//9805 6955//9805 6956//9805
f 6951//9805 6948//9805 6947//9805
f 6954//9805 6950//9805 6952//9805
f 6950//9805 6947//9805 6957//9805
f 6943//9805 6958//9805 6959//9805
f 6807//9805 3074//9805 2296//9805
f 6898//9805 2299//9805 2300//9805
f 6812//9805 6813//9805 3074//9805
f 6860//9805 6862//9805 2309//9805
f 6852//9805 6856//9805 2310//9805
f 2311//9805 2312//9805 6848//9805
f 6752//9805 3066//9805 3067//9805
f 2076//9805 6915//9805 6916//9805
f 6910//9805 6911//9805 2076//9805
f 6947//9805 6960//9805 6961//9805
f 6949//9805 6955//9805 6947//9805
f 6957//9805 6952//9805 6950//9805
f 6962//9805 6963//9805 6964//9805
f 6962//9805 6965//9805 6966//9805
f 6959//9805 6967//9805 6943//9805
f 6943//9805 6968//9805 6969//9805
f 6898//9805 6901//9805 2299//9805
f 3074//9805 6807//9805 6810//9805
f 2301//9805 6894//9805 6895//9805
f 2307//9805 2308//9805 6865//9805
f 6856//9805 6857//9805 2310//9805
f 6848//9805 6851//9805 2311//9805
f 6741//9805 3057//9805 3058//9805
f 2076//9805 6920//9805 6922//9805
f 6912//9805 6915//9805 2076//9805
f 6947//9805 6970//9805 6960//9805
f 6954//9805 6971//9805 6950//9805
f 6962//9805 6972//9805 6973//9805
f 6966//9805 6963//9805 6962//9805
f 6969//9805 6958//9805 6943//9805
f 6943//9805 6974//9805 6975//9805
f 6943//9805 6976//9805 6977//9805
f 6943//9805 6978//9805 6979//9805
f 6816//9805 3073//9805 3074//9805
f 6895//9805 2300//9805 2301//9805
f 2301//9805 2302//9805 6889//9805
f 6865//9805 6866//9805 2307//9805
f 6851//9805 6852//9805 2311//9805
f 6847//9805 6848//9805 2312//9805
f 6748//9805 3067//9805 3068//9805
f 6916//9805 6920//9805 2076//9805
f 2076//9805 2077//9805 6935//9805
f 6956//9805 6970//9805 6947//9805
f 6964//9805 6972//9805 6962//9805
f 6962//9805 6980//9805 6981//9805
f 6975//9805 6968//9805 6943//9805
f 6977//9805 6982//9805 6943//9805
f 6943//9805 6983//9805 6984//9805
f 6943//9805 2081//9805 6978//9805
f 6895//9805 6896//9805 2300//9805
f 6889//9805 6892//9805 2301//9805
f 2302//9805 2303//9805 6886//9805
f 6863//9805 6865//9805 2308//9805
f 2083//9805 6846//9805 6847//9805
f 3070//9805 6783//9805 6744//9805
f 6741//9805 3056//9805 3057//9805
f 2076//9805 6924//9805 6925//9805
f 6935//9805 6934//9805 2076//9805
f 6980//9805 6985//9805 6986//9805
f 6980//9805 6962//9805 6987//9805
f 6973//9805 6947//9805 6962//9805
f 6981//9805 6988//9805 6962//9805
f 6943//9805 6989//9805 6990//9805
f 6982//9805 6974//9805 6943//9805
f 6943//9805 6991//9805 6992//9805
f 6979//9805 6983//9805 6943//9805
f 6892//9805 6894//9805 2301//9805
f 6886//9805 6888//9805 2302//9805
f 2303//9805 2304//9805 6881//9805
f 2312//9805 2083//9805 6847//9805
f 2083//9805 6841//9805 6844//9805
f 3068//9805 3069//9805 6744//9805
f 2076//9805 6928//9805 6930//9805
f 6922//9805 6924//9805 2076//9805
f 6987//9805 6985//9805 6980//9805
f 6988//9805 6965//9805 6962//9805
f 6943//9805 6993//9805 6994//9805
f 6967//9805 6989//9805 6943//9805
f 6984//9805 6991//9805 6943//9805
f 6888//9805 6889//9805 2302//9805
f 6881//9805 6884//9805 2303//9805
f 2304//9805 2305//9805 6877//9805
f 6844//9805 6846//9805 2083//9805
f 2083//9805 6837//9805 6840//9805
f 6741//9805 3055//9805 3056//9805
f 2082//9805 6944//9805 6939//9805
f 6925//9805 6928//9805 2076//9805
f 6961//9805 6962//9805 6947//9805
f 6994//9805 6995//9805 6943//9805
f 6943//9805 6996//9805 6997//9805
f 6992//9805 6976//9805 6943//9805
f 6884//9805 6886//9805 2303//9805
f 6877//9805 6880//9805 2304//9805
f 2305//9805 2306//9805 6874//9805
f 2306//9805 2307//9805 6868//9805
f 6840//9805 6841//9805 2083//9805
f 2083//9805 6834//9805 6833//9805
f 3073//9805 6823//9805 6824//9805
f 3073//9805 6817//9805 6819//9805
f 6744//9805 3069//9805 3070//9805
f 6741//9805 3053//9805 3052//9805
f 6939//9805 2079//9805 2080//9805
f 6939//9805 6935//9805 2078//9805
f 6930//9805 6831//9805 2076//9805
f 2081//9805 6942//9805 6944//9805
f 6995//9805 6980//9805 6943//9805
f 6990//9805 6996//9805 6943//9805
f 6880//9805 6881//9805 2304//9805
f 6874//9805 6875//9805 2305//9805
f 6868//9805 6872//9805 2306//9805
f 6833//9805 6837//9805 2083//9805
f 6819//9805 6823//9805 3073//9805
f 3072//9805 6824//9805 6783//9805
f 3052//9805 3055//9805 6741//9805
f 2078//9805 2079//9805 6939//9805
f 6831//9805 6829//9805 2076//9805
f 2081//9805 6943//9805 6942//9805
f 6997//9805 6993//9805 6943//9805
f 6875//9805 6877//9805 2305//9805
f 6866//9805 6868//9805 2307//9805
f 3073//9805 6816//9805 6817//9805
f 3070//9805 3071//9805 6783//9805
f 2076//9805 6829//9805 6828//9805
f 2077//9805 2078//9805 6935//9805
f 6986//9805 6943//9805 6980//9805
f 6872//9805 6874//9805 2306//9805
f 6783//9805 3071//9805 3072//9805
f 6828//9805 2083//9805 2076//9805
f 6944//9805 2082//9805 2081//9805
f 6824//9805 3072//9805 3073//9805
f 6939//9805 2080//9805 2082//9805
f 6828//9805 6834//9805 2083//9805
f 2297//9805 2298//9805 6799//9805
f 7000//9809 6960//9810 6970//9811
f 6970//9811 7001//9812 7002//9813
f 6970//9811 7002//9813 7000//9809
f 7001//9812 6956//9814 6955//9815
f 6955//9815 7003//9816 7004//9817
f 7001//9812 6970//9811 6956//9814
f 7005//9818 6949//9819 6948//9820
f 6948//9820 7006//9821 7005//9818
f 6948//9820 7007//9822 7006//9821
f 7003//9816 6955//9815 6949//9819
f 7008//9823 6951//9824 6950//9825
f 6950//9825 7009//9826 7008//9823
f 7007//9822 6948//9820 6951//9824
f 7010//9827 6971//9828 6954//9829
f 6954//9829 7011//9830 7010//9827
f 7009//9826 6950//9825 6971//9828
f 7012//9831 6953//9832 6952//9833
f 6952//9833 7013//9834 7012//9831
f 7011//9830 6954//9829 6953//9832
f 7014//9835 6957//9836 6947//9837
f 6947//9837 7015//9838 7014//9835
f 7013//9834 6952//9833 6957//9836
f 7016//9839 6973//9840 6972//9841
f 6972//9841 7017//9842 7016//9839
f 7015//9838 6947//9837 6973//9840
f 7018//9843 6964//9844 6963//9845
f 6972//9841 6964//9844 7018//9843
f 7018//9843 7017//9842 6972//9841
f 6960//9810 7019//9846 7020//9847
f 7019//9846 7021//9848 7020//9847
f 7020//9847 6961//9849 6960//9810
f 6966//9850 7022//9851 6963//9845
f 6963//9845 7022//9851 7018//9843
f 7016//9839 7015//9838 6973//9840
f 7014//9835 7013//9834 6957//9836
f 7012//9831 7011//9830 6953//9832
f 7010//9827 7009//9826 6971//9828
f 7008//9823 7007//9822 6951//9824
f 7005//9818 7003//9816 6949//9819
f 6955//9815 7004//9817 7001//9812
f 7000//9809 7019//9846 6960//9810
f 7023//9852 6962//9853 7020//9854
f 6962//9853 6961//9855 7020//9854
f 7020//9854 7024//9854 7023//9852
f 6987//9856 6962//9853 7023//9852
f 7023//9852 7025//9856 6987//9856
f 7026//9857 6985//9857 6987//9856
f 7027//9858 6986//9858 6985//9857
f 6985//9857 7026//9857 7027//9858
f 6946//9859 6943//9859 6986//9858
f 7027//9858 6946//9859 6986//9858
f 7025//9856 7026//9857 6987//9856
f 7024//9854 7028//9860 7023//9852
f 7029//9861 7030//9862 7031//9863
f 7031//9863 7032//9864 7033//9865
f 7033//9865 7034//9866 7031//9863
f 7035//9867 7030//9862 7029//9861
f 7036//9868 7037//9869 7035//9867
f 7029//9861 7036//9868 7035//9867
f 7038//9870 7037//9869 7039//9871
f 7040//9872 7041//9873 7038//9870
f 7039//9871 7040//9872 7038//9870
f 7042//9874 7041//9873 7043//9875
f 7044//9876 7045//9877 7042//9874
f 7043//9875 7044//9876 7042//9874
f 7046//9878 7045//9877 7047//9879
f 7048//9880 7049//9881 7046//9878
f 7047//9879 7048//9880 7046//9878
f 7050//9882 7049//9881 7051//9883
f 7052//9884 7053//9885 7050//9882
f 7051//9883 7052//9884 7050//9882
f 7054//9886 7055//9887 7056//9888
f 7057//9889 7058//9890 7054//9886
f 7056//9888 7057//9889 7054//9886
f 7055//9887 7053//9885 7056//9888
f 7059//9891 7060//9892 7061//9893
f 7061//9893 7062//9894 7059//9891
f 7063//9895 7059//9891 7062//9894
f 7064//9896 7065//9897 7063//9895
f 7064//9896 7066//9898 7065//9897
f 7062//9894 7064//9896 7063//9895
f 7067//9899 7028//9900 7024//9901
f 7024//9901 7066//9898 7067//9899
f 7024//9901 7068//9902 7066//9898
f 7064//9896 7067//9899 7066//9898
f 7060//9892 7058//9890 7061//9893
f 7057//9889 7061//9893 7058//9890
f 7052//9884 7056//9888 7053//9885
f 7048//9880 7051//9883 7049//9881
f 7044//9876 7047//9879 7045//9877
f 7040//9872 7043//9875 7041//9873
f 7036//9868 7039//9871 7037//9869
f 7031//9863 7034//9866 7029//9861
f 7033//9865 7032//9864 7069//9903
f 6726//9904 6727//9904 6769//9904
f 6725//9904 6726//9904 6766//9904
f 6727//9904 6728//9904 6772//9904
f 6769//9904 6767//9904 6726//9904
f 6766//9904 6765//9904 6725//9904
f 6772//9904 6774//9904 6727//9904
f 6765//9904 6761//9904 6725//9904
f 6724//9904 6725//9904 6761//9904
f 6728//9904 6729//9904 6778//9904
f 6767//9904 6766//9904 6726//9904
f 6761//9904 6759//9904 6724//9904
f 6565//9904 6569//9904 6802//9904
f 6778//9904 6775//9904 6728//9904
f 6759//9904 6756//9904 6724//9904
f 6723//9904 6724//9904 6756//9904
f 6802//9904 6801//9904 6565//9904
f 6774//9904 6769//9904 6727//9904
f 6756//9904 6758//9904 6723//9904
f 6563//9904 6798//9904 6797//9904
f 6798//9904 6563//9904 6565//9904
f 7023//9904 7070//9904 7071//9904
f 7023//9904 7072//9904 7073//9904
f 7023//9904 7074//9904 7075//9904
f 7023//9904 7076//9904 7077//9904
f 7023//9904 7078//9904 7079//9904
f 7043//9904 7051//9904 7047//9904
f 6502//9904 6907//9904 6903//9904
f 6729//9904 6730//9904 6779//9904
f 6758//9904 6754//9904 6723//9904
f 6722//9904 6753//9904 6749//9904
f 6722//9904 6723//9904 6754//9904
f 6563//9904 6794//9904 6793//9904
f 6801//9904 6798//9904 6565//9904
f 7023//9904 7080//9904 7070//9904
f 7075//9904 7072//9904 7023//9904
f 7023//9904 7081//9904 7076//9904
f 7023//9904 7082//9904 7078//9904
f 7051//9904 7043//9904 7040//9904
f 7051//9904 7048//9904 7047//9904
f 6502//9904 6932//9904 6936//9904
f 6903//9904 6906//9904 6502//9904
f 6730//9904 6731//9904 6742//9904
f 6775//9904 6772//9904 6728//9904
f 6754//9904 6753//9904 6722//9904
f 6559//9904 6563//9904 6826//9904
f 6563//9904 6791//9904 6788//9904
f 6797//9904 6794//9904 6563//9904
f 7073//9904 7080//9904 7023//9904
f 7079//9904 7081//9904 7023//9904
f 7047//9904 7044//9904 7043//9904
f 7039//9904 7056//9904 7052//9904
f 6906//9904 6932//9904 6502//9904
f 6502//9904 6913//9904 6909//9904
f 6742//9904 6781//9904 6730//9904
f 6749//9904 6747//9904 6722//9904
f 6721//9904 6722//9904 6747//9904
f 6515//9904 6859//9904 6858//9904
f 6519//9904 6867//9904 6861//9904
f 6569//9904 6808//9904 6804//9904
f 6569//9904 6715//9904 6809//9904
f 6563//9904 6785//9904 6826//9904
f 6793//9904 6791//9904 6563//9904
f 7023//9904 7083//9904 7084//9904
f 7077//9904 7074//9904 7023//9904
f 7052//9904 7051//9904 7039//9904
f 7039//9904 7061//9904 7057//9904
f 6909//9904 6907//9904 6502//9904
f 6502//9904 6917//9904 6914//9904
f 6779//9904 6778//9904 6729//9904
f 6747//9904 6746//9904 6721//9904
f 6511//9904 6855//9904 6854//9904
f 6515//9904 6861//9904 6859//9904
f 6519//9904 6864//9904 6867//9904
f 6715//9904 6818//9904 6811//9904
f 6715//9904 6716//9904 6815//9904
f 6552//9904 6559//9904 6900//9904
f 6809//9904 6808//9904 6569//9904
f 6788//9904 6785//9904 6563//9904
f 7023//9904 7085//9904 7086//9904
f 7023//9904 7087//9904 7088//9904
f 7071//9904 7083//9904 7023//9904
f 7061//9904 7039//9904 7036//9904
f 7057//9904 7056//9904 7039//9904
f 7029//9904 7067//9904 7064//9904
f 6914//9904 6913//9904 6502//9904
f 6502//9904 6919//9904 6918//9904
f 6746//9904 6745//9904 6721//9904
f 6507//9904 6853//9904 6850//9904
f 6511//9904 6858//9904 6855//9904
f 6861//9904 6515//9904 6519//9904
f 6815//9904 6818//9904 6715//9904
f 6559//9904 6902//9904 6900//9904
f 6826//9904 6902//9904 6559//9904
f 7023//9904 7089//9904 7090//9904
f 7023//9904 7091//9904 7085//9904
f 7084//9904 7087//9904 7023//9904
f 7023//9904 7033//9904 7069//9904
f 7040//9904 7039//9904 7051//9904
f 7064//9904 7062//9904 7029//9904
f 6918//9904 6917//9904 6502//9904
f 6502//9904 6923//9904 6921//9904
f 6781//9904 6779//9904 6730//9904
f 6507//9904 6854//9904 6853//9904
f 6858//9904 6511//9904 6515//9904
f 6523//9904 6869//9904 6864//9904
f 6547//9904 6552//9904 6897//9904
f 6811//9904 6814//9904 6715//9904
f 6804//9904 6802//9904 6569//9904
f 7086//9904 7089//9904 7023//9904
f 7069//9904 7082//9904 7023//9904
f 7067//9904 7029//9904 7034//9904
f 7062//9904 7061//9904 7029//9904
f 6502//9904 6933//9904 6938//9904
f 6921//9904 6919//9904 6502//9904
f 6745//9904 6720//9904 6721//9904
f 6849//9904 6504//9904 6506//9904
f 6854//9904 6507//9904 6511//9904
f 6523//9904 6870//9904 6869//9904
f 6547//9904 6891//9904 6890//9904
f 6552//9904 6899//9904 6897//9904
f 6900//9904 6899//9904 6552//9904
f 7023//9904 7092//9904 7093//9904
f 7088//9904 7091//9904 7023//9904
f 7036//9904 7029//9904 7061//9904
f 7033//9904 7023//9904 7028//9904
f 6936//9904 6933//9904 6502//9904
f 6502//9904 6927//9904 6926//9904
f 6731//9904 6732//9904 6742//9904
f 6719//9904 6720//9904 6745//9904
f 6506//9904 6850//9904 6849//9904
f 6864//9904 6519//9904 6523//9904
f 6543//9904 6887//9904 6885//9904
f 6547//9904 6893//9904 6891//9904
f 6814//9904 6809//9904 6715//9904
f 7023//9904 7094//9904 7095//9904
f 7090//9904 7092//9904 7023//9904
f 7028//9904 7067//9904 7033//9904
f 6926//9904 6923//9904 6502//9904
f 6502//9904 6830//9904 6929//9904
f 6745//9904 6784//9904 6719//9904
f 6504//9904 6845//9904 6843//9904
f 6850//9904 6506//9904 6507//9904
f 6539//9904 6883//9904 6882//9904
f 6543//9904 6890//9904 6887//9904
f 6897//9904 6893//9904 6547//9904
f 7095//9904 7096//9904 7023//9904
f 7034//9904 7033//9904 7067//9904
f 6503//9904 7026//9904 7025//9904
f 6503//9904 6946//9904 7027//9904
f 6929//9904 6927//9904 6502//9904
f 6503//9904 6499//9904 6940//9904
f 6732//9904 6733//9904 6742//9904
f 6504//9904 6842//9904 6839//9904
f 6849//9904 6845//9904 6504//9904
f 6536//9904 6879//9904 6876//9904
f 6539//9904 6885//9904 6883//9904
f 6890//9904 6543//9904 6547//9904
f 7093//9904 7094//9904 7023//9904
f 7027//9904 7026//9904 6503//9904
f 6502//9904 6827//9904 6830//9904
f 6940//9904 6498//9904 6500//9904
f 6940//9904 6945//9904 6503//9904
f 6742//9904 6734//9904 6735//9904
f 6784//9904 6718//9904 6719//9904
f 6716//9904 6822//9904 6821//9904
f 6716//9904 6717//9904 6825//9904
f 6504//9904 6838//9904 6836//9904
f 6843//9904 6842//9904 6504//9904
f 6530//9904 6871//9904 6870//9904
f 6534//9904 6878//9904 6873//9904
f 6536//9904 6882//9904 6879//9904
f 6885//9904 6539//9904 6543//9904
f 7025//9904 7023//9904 6503//9904
f 6503//9904 6945//9904 6941//9904
f 6938//9904 6500//9904 6501//9904
f 6499//9904 6498//9904 6940//9904
f 6733//9904 6734//9904 6742//9904
f 6717//9904 6718//9904 6784//9904
f 6825//9904 6822//9904 6716//9904
f 6839//9904 6838//9904 6504//9904
f 6530//9904 6873//9904 6871//9904
f 6534//9904 6876//9904 6878//9904
f 6882//9904 6536//9904 6539//9904
f 6941//9904 6946//9904 6503//9904
f 6500//9904 6938//9904 6940//9904
f 6502//9904 6504//9904 6832//9904
f 6784//9904 6825//9904 6717//9904
f 6821//9904 6820//9904 6716//9904
f 6870//9904 6523//9904 6530//9904
f 6876//9904 6534//9904 6536//9904
f 6938//9904 6501//9904 6502//9904
f 6832//9904 6835//9904 6502//9904
f 6820//9904 6815//9904 6716//9904
f 6873//9904 6530//9904 6534//9904
f 6835//9904 6827//9904 6502//9904
f 6836//9904 6832//9904 6504//9904
f 6735//9904 6736//9904 6742//9904
f 7096//9904 6503//9904 7023//9904
f 7099//9909 7100//9909 7101//9909
f 7102//9909 7103//9909 7104//9909
f 7105//9909 7106//9909 7103//9909
f 7102//9909 7107//9909 7099//9909
f 7107//9909 7108//9909 7109//9909
f 7103//9909 7102//9909 7105//9909
f 7105//9909 7110//9909 7111//9909
f 7112//9909 7105//9909 7113//9909
f 7109//9909 7099//9909 7107//9909
f 7111//9909 7106//9909 7105//9909
f 7110//9909 7112//9909 7114//9909
f 7113//9909 7115//9909 7112//9909
f 7104//9909 7107//9909 7102//9909
f 7112//9909 7110//9909 7105//9909
f 7102//9909 7021//9909 7116//9909
f 7020//9909 7102//9909 7117//9909
f 7114//9909 7118//9909 7110//9909
f 7102//9909 7020//9909 7021//9909
f 7117//9909 7068//9909 7020//9909
f 7116//9909 7105//9909 7102//9909
f 7101//9909 7102//9909 7099//9909
f 7068//9909 7024//9909 7020//9909
f 7182//9910 7183//9911 7184//9912
f 7185//9913 7119//9914 7120//9915
f 7186//9916 7187//9917 7188//9918
f 7187//9917 7189//9919 7188//9918
f 7190//9920 7191//9921 7192//9922
f 7193//9923 7194//9924 7195//9925
f 7196//9926 7197//9927 7198//9928
f 7199//9929 7200//9930 7201//9931
f 7200//9930 7202//9932 7201//9931
f 7183//9911 7201//9931 7202//9932
f 7203//9933 7198//9928 7183//9911
f 7198//9928 7204//9934 7201//9931
f 7199//9929 7193//9923 7205//9935
f 7206//9936 7207//9937 7199//9929
f 7206//9936 7204//9934 7197//9927
f 7204//9934 7198//9928 7197//9927
f 7208//9938 7192//9922 7197//9927
f 7207//9937 7209//9939 7193//9923
f 7210//9940 7211//9941 7212//9942
f 7194//9924 7210//9940 7213//9943
f 7209//9939 7214//9944 7194//9924
f 7214//9944 7215//9945 7210//9940
f 7211//9941 7188//9918 7189//9919
f 7215//9945 7216//9946 7211//9941
f 7216//9946 7217//9947 7188//9918
f 7218//9948 7219//9949 7214//9944
f 7121//9950 7220//9951 7221//9952
f 7220//9951 7222//9953 7221//9952
f 7223//9954 7224//9955 7207//9937
f 7223//9954 7206//9936 7191//9921
f 7206//9936 7192//9922 7191//9921
f 7222//9953 7220//9951 7191//9921
f 7224//9955 7218//9948 7209//9939
f 7225//9956 7226//9957 7224//9955
f 7122//9958 7123//9959 7225//9956
f 7220//9951 7121//9950 7122//9958
f 7225//9956 7220//9951 7122//9958
f 7123//9959 7124//9960 7226//9957
f 7226//9957 7227//9961 7218//9948
f 7124//9960 7125//9962 7227//9961
f 7228//9963 7229//9964 7216//9946
f 7219//9949 7228//9963 7215//9945
f 7126//9965 7219//9949 7227//9961
f 7219//9949 7218//9948 7227//9961
f 7219//9949 7126//9965 7127//9966
f 7229//9964 7230//9967 7217//9947
f 7128//9968 7129//9969 7230//9967
f 7229//9964 7130//9970 7128//9968
f 7230//9967 7229//9964 7128//9968
f 7127//9966 7130//9970 7229//9964
f 7230//9967 7231//9971 7186//9916
f 7232//9972 7233//9973 7234//9974
f 7235//9975 7236//9976 7237//9977
f 7186//9916 7235//9975 7238//9978
f 7236//9976 7232//9972 7239//9979
f 7233//9973 7240//9980 7241//9981
f 7131//9982 7132//9983 7233//9973
f 7133//9984 7236//9976 7242//9985
f 7236//9976 7235//9975 7242//9985
f 7129//9969 7134//9986 7231//9971
f 7231//9971 7242//9985 7235//9975
f 7134//9986 7135//9987 7242//9985
f 7136//9988 7131//9982 7232//9972
f 7236//9976 7133//9984 7136//9988
f 7132//9983 7137//9989 7240//9980
f 7243//9990 7244//9991 7245//9992
f 7246//9993 7247//9994 7248//9995
f 7249//9996 7248//9995 7250//9997
f 7248//9995 7251//9998 7252//9999
f 7251//9998 7253//10000 7254//10001
f 7253//10000 7255//10002 7256//10003
f 7255//10002 7257//10004 7258//10005
f 7259//10006 7260//10007 7257//10004
f 7261//10008 7262//10009 7253//10000
f 7247//9994 7261//10008 7251//9998
f 7263//10010 7245//9992 7247//9994
f 7245//9992 7264//10011 7261//10008
f 7262//10009 7259//10006 7255//10002
f 7264//10011 7265//10012 7262//10009
f 7265//10012 7266//10013 7259//10006
f 7267//10014 7268//10015 7269//10016
f 7267//10014 7270//10017 7260//10007
f 7270//10017 7257//10004 7260//10007
f 7266//10013 7271//10018 7260//10007
f 7268//10015 7272//10019 7273//10020
f 7272//10019 7274//10021 7275//10022
f 7274//10021 7276//10023 7277//10024
f 7278//10025 7279//10026 7274//10021
f 7280//10027 7281//10028 7282//10029
f 7283//10030 7271//10018 7284//10031
f 7271//10018 7266//10013 7284//10031
f 7285//10032 7286//10033 7265//10012
f 7244//9991 7285//10032 7264//10011
f 7287//10034 7282//10029 7244//9991
f 7282//10029 7288//10035 7285//10032
f 7286//10033 7284//10031 7266//10013
f 7288//10035 7289//10036 7286//10033
f 7289//10036 7290//10037 7284//10031
f 7291//10038 7292//10039 7268//10015
f 7283//10030 7291//10038 7267//10014
f 7292//10039 7278//10025 7272//10019
f 7205//9935 7195//9925 7283//10030
f 7293//10040 7294//10041 7289//10036
f 7281//10028 7293//10040 7288//10035
f 7295//10042 7184//9912 7281//10028
f 7184//9912 7202//9932 7293//10040
f 7205//9935 7290//10037 7294//10041
f 7290//10037 7289//10036 7294//10041
f 7202//9932 7200//9930 7294//10041
f 7213//9943 7212//9942 7292//10039
f 7195//9925 7213//9943 7291//10038
f 7212//9942 7189//9919 7278//10025
f 7239//9979 7234//9974 7296//10043
f 7238//9978 7237//9977 7297//10044
f 7238//9978 7276//10023 7279//10026
f 7276//10023 7274//10021 7279//10026
f 7189//9919 7187//9917 7279//10026
f 7237//9977 7239//9979 7298//10045
f 7241//9981 7299//10046 7300//10047
f 7234//9974 7241//9981 7301//10048
f 7302//10049 7138//10050 7139//10051
f 7303//10052 7304//10053 7140//10054
f 7141//10055 7140//10054 7304//10053
f 7305//10056 7142//10057 7141//10055
f 7306//10058 7305//10056 7304//10053
f 7307//10059 7306//10058 7308//10060
f 7309//10061 7307//10059 7310//10062
f 7310//10062 7308//10060 7311//10063
f 7302//10049 7303//10052 7143//10064
f 7303//10052 7144//10065 7143//10064
f 7308//10060 7304//10053 7303//10052
f 7311//10063 7303//10052 7302//10049
f 7312//10066 7311//10063 7313//10067
f 7314//10068 7310//10062 7312//10066
f 7315//10069 7312//10066 7316//10070
f 7317//10071 7314//10068 7315//10069
f 7318//10072 7309//10061 7314//10068
f 7319//10073 7318//10072 7317//10071
f 7320//10074 7319//10073 7321//10075
f 7322//10076 7320//10074 7323//10077
f 7323//10077 7321//10075 7324//10078
f 7325//10079 7315//10069 7326//10080
f 7321//10075 7317//10071 7325//10079
f 7324//10078 7325//10079 7327//10081
f 7328//10082 7324//10078 7329//10083
f 7330//10084 7323//10077 7328//10082
f 7331//10085 7328//10082 7332//10086
f 7327//10081 7326//10080 7333//10087
f 7334//10088 7145//10089 7146//10090
f 7316//10070 7313//10067 7335//10091
f 7313//10067 7302//10049 7336//10092
f 7334//10088 7336//10092 7147//10093
f 7336//10092 7139//10051 7147//10093
f 7335//10091 7336//10092 7334//10088
f 7326//10080 7316//10070 7337//10094
f 7337//10094 7335//10091 7338//10095
f 7333//10087 7337//10094 7339//10096
f 7339//10096 7338//10095 7340//10097
f 7341//10098 7148//10099 7119//9914
f 7341//10098 7146//10090 7148//10099
f 7338//10095 7334//10088 7341//10098
f 7340//10097 7341//10098 7185//9913
f 7342//10100 7339//10096 7343//10101
f 7343//10101 7340//10097 7344//10102
f 7345//10103 7343//10101 7346//10104
f 7347//10105 7342//10100 7345//10103
f 7332//10086 7329//10083 7348//10106
f 7329//10083 7327//10081 7349//10107
f 7349//10107 7333//10087 7342//10100
f 7348//10106 7349//10107 7347//10105
f 7350//10108 7332//10086 7351//10109
f 7351//10109 7348//10106 7352//10110
f 7353//10111 7351//10109 7354//10112
f 7354//10112 7352//10110 7355//10113
f 7352//10110 7347//10105 7356//10114
f 7356//10114 7345//10103 7357//10115
f 7355//10113 7356//10114 7358//10116
f 7359//10117 7354//10112 7360//10118
f 7360//10118 7355//10113 7361//10119
f 7362//10120 7360//10118 7363//10121
f 7364//10122 7350//10108 7353//10111
f 7365//10123 7330//10084 7331//10085
f 7366//10124 7322//10076 7330//10084
f 7367//10125 7366//10124 7365//10123
f 7368//10126 7367//10125 7369//10127
f 7370//10128 7371//10129 7372//10130
f 7370//10128 7369//10127 7373//10131
f 7374//10132 7331//10085 7350//10108
f 7369//10127 7365//10123 7374//10132
f 7373//10131 7374//10132 7364//10122
f 7375//10133 7376//10134 7371//10129
f 7375//10133 7373//10131 7377//10135
f 7378//10136 7379//10137 7376//10134
f 7376//10134 7380//10138 7381//10139
f 7371//10129 7381//10139 7382//10140
f 7381//10139 7383//10141 7384//10142
f 7383//10141 7385//10143 7386//10144
f 7385//10143 7249//9996 7387//10145
f 7388//10146 7389//10147 7385//10143
f 7380//10138 7388//10146 7383//10141
f 7379//10137 7390//10148 7380//10138
f 7390//10148 7391//10149 7388//10146
f 7389//10147 7246//9993 7249//9996
f 7391//10149 7392//10150 7389//10147
f 7392//10150 7263//10010 7246//9993
f 7393//10151 7394//10152 7390//10148
f 7395//10153 7359//10117 7362//10120
f 7396//10154 7397//10155 7378//10136
f 7377//10135 7364//10122 7398//10156
f 7398//10156 7353//10111 7359//10117
f 7396//10154 7398//10156 7395//10153
f 7397//10155 7393//10151 7379//10137
f 7399//10157 7400//10158 7397//10155
f 7400//10158 7401//10159 7393//10151
f 7402//10160 7403//10161 7400//10158
f 7399//10157 7395//10153 7404//10162
f 7404//10162 7362//10120 7405//10163
f 7406//10164 7407//10165 7402//10160
f 7403//10161 7408//10166 7401//10159
f 7407//10165 7409//10167 7403//10161
f 7409//10167 7410//10168 7408//10166
f 7408//10166 7411//10169 7412//10170
f 7413//10171 7414//10172 7392//10150
f 7394//10152 7413//10171 7391//10149
f 7401//10159 7412//10170 7394//10152
f 7412//10170 7415//10173 7413//10171
f 7414//10172 7243//9990 7263//10010
f 7415//10173 7416//10174 7414//10172
f 7416//10174 7287//10034 7243//9990
f 7417//10175 7418//10176 7416//10174
f 7411//10169 7417//10175 7415//10173
f 7410//10168 7419//10177 7411//10169
f 7419//10177 7420//10178 7417//10175
f 7418//10176 7280//10027 7287//10034
f 7420//10178 7421//10179 7418//10176
f 7421//10179 7295//10042 7280//10027
f 7422//10180 7149//10181 7150//10182
f 7423//10183 7424//10184 7406//10164
f 7425//10185 7151//10186 7152//10187
f 7152//10187 7426//10188 7425//10185
f 7358//10116 7357//10115 7427//10189
f 7346//10104 7344//10102 7428//10190
f 7429//10191 7153//10192 7151//10186
f 7429//10191 7120//9915 7153//10192
f 7344//10102 7185//9913 7429//10191
f 7428//10190 7429//10191 7425//10185
f 7357//10115 7346//10104 7430//10193
f 7430//10193 7428//10190 7431//10194
f 7427//10189 7430//10193 7432//10195
f 7363//10121 7361//10119 7433//10196
f 7361//10119 7358//10116 7434//10197
f 7434//10197 7427//10189 7435//10198
f 7433//10196 7434//10197 7436//10199
f 7405//10163 7363//10121 7437//10200
f 7437//10200 7433//10196 7438//10201
f 7423//10183 7437//10200 7439//10202
f 7436//10199 7435//10198 7440//10203
f 7432//10195 7431//10194 7441//10204
f 7422//10180 7426//10188 7154//10205
f 7431//10194 7425//10185 7426//10188
f 7441//10204 7426//10188 7422//10180
f 7442//10206 7441//10204 7443//10207
f 7435//10198 7432//10195 7442//10206
f 7440//10203 7442//10206 7444//10208
f 7439//10202 7438//10201 7445//10209
f 7438//10201 7436//10199 7446//10210
f 7446//10210 7440//10203 7447//10211
f 7445//10209 7446//10210 7448//10212
f 7449//10213 7450//10214 7451//10215
f 7452//10216 7453//10217 7449//10213
f 7453//10217 7454//10218 7450//10214
f 7450//10214 7455//10219 7456//10220
f 7457//10221 7458//10222 7419//10177
f 7459//10223 7460//10224 7409//10167
f 7424//10184 7459//10223 7407//10165
f 7451//10215 7456//10220 7424//10184
f 7456//10220 7461//10225 7459//10223
f 7460//10224 7457//10221 7410//10168
f 7461//10225 7462//10226 7460//10224
f 7462//10226 7463//10227 7457//10221
f 7464//10228 7465//10229 7421//10179
f 7458//10222 7464//10228 7420//10178
f 7463//10227 7466//10230 7458//10222
f 7466//10230 7467//10231 7464//10228
f 7465//10229 7182//9910 7295//10042
f 7467//10231 7468//10232 7465//10229
f 7468//10232 7203//9933 7182//9910
f 7469//10233 7470//10234 7466//10230
f 7471//10235 7472//10236 7462//10226
f 7455//10219 7471//10235 7461//10225
f 7454//10218 7473//10237 7455//10219
f 7473//10237 7474//10238 7471//10235
f 7472//10236 7469//10233 7463//10227
f 7474//10238 7475//10239 7472//10236
f 7475//10239 7476//10240 7469//10233
f 7477//10241 7478//10242 7468//10232
f 7470//10234 7477//10241 7467//10231
f 7476//10240 7479//10243 7470//10234
f 7479//10243 7480//10244 7477//10241
f 7478//10242 7196//9926 7203//9933
f 7480//10244 7481//10245 7478//10242
f 7481//10245 7208//9938 7196//9926
f 7482//10246 7483//10247 7473//10237
f 7155//10248 7484//10249 7485//10250
f 7486//10251 7448//10212 7487//10252
f 7448//10212 7447//10211 7487//10252
f 7488//10253 7156//10254 7157//10255
f 7444//10208 7443//10207 7489//10256
f 7490//10257 7150//10182 7158//10258
f 7158//10258 7488//10253 7490//10257
f 7443//10207 7422//10180 7490//10257
f 7489//10256 7490//10257 7488//10253
f 7491//10259 7489//10256 7492//10260
f 7447//10211 7444//10208 7491//10259
f 7487//10252 7491//10259 7493//10261
f 7493//10261 7492//10260 7494//10262
f 7495//10263 7157//10255 7159//10264
f 7492//10260 7488//10253 7495//10263
f 7494//10262 7495//10263 7485//10250
f 7496//10265 7494//10262 7497//10266
f 7498//10267 7493//10261 7496//10265
f 7499//10268 7496//10265 7500//10269
f 7501//10270 7502//10271 7453//10217
f 7503//10272 7486//10251 7499//10268
f 7486//10251 7498//10267 7499//10268
f 7486//10251 7501//10270 7452//10216
f 7503//10272 7504//10273 7501//10270
f 7504//10273 7505//10274 7502//10271
f 7502//10271 7482//10246 7454//10218
f 7505//10274 7506//10275 7482//10246
f 7507//10276 7503//10272 7508//10277
f 7503//10272 7509//10278 7508//10277
f 7510//10279 7160//10280 7161//10281
f 7500//10269 7497//10266 7511//10282
f 7484//10249 7155//10248 7162//10283
f 7162//10283 7510//10279 7484//10249
f 7497//10266 7485//10250 7484//10249
f 7511//10282 7484//10249 7510//10279
f 7512//10284 7511//10282 7513//10285
f 7509//10278 7500//10269 7512//10284
f 7508//10277 7512//10284 7514//10286
f 7514//10286 7513//10285 7515//10287
f 7516//10288 7161//10281 7163//10289
f 7513//10285 7510//10279 7516//10288
f 7515//10287 7516//10288 7164//10290
f 7517//10291 7515//10287 7165//10292
f 7518//10293 7514//10286 7517//10291
f 7166//10294 7167//10295 7519//10296
f 7520//10297 7521//10298 7505//10274
f 7168//10299 7507//10276 7519//10296
f 7507//10276 7518//10293 7519//10296
f 7519//10296 7167//10295 7168//10299
f 7507//10276 7520//10297 7504//10273
f 7169//10300 7170//10301 7520//10297
f 7521//10298 7520//10297 7170//10301
f 7521//10298 7522//10302 7506//10275
f 7171//10303 7172//10304 7522//10302
f 7522//10302 7523//10305 7524//10306
f 7525//10307 7526//10308 7479//10243
f 7527//10309 7528//10310 7475//10239
f 7483//10247 7527//10309 7474//10238
f 7506//10275 7524//10306 7483//10247
f 7524//10306 7529//10311 7527//10309
f 7528//10310 7525//10307 7476//10240
f 7529//10311 7530//10312 7528//10310
f 7530//10312 7531//10313 7525//10307
f 7532//10314 7533//10315 7481//10245
f 7526//10308 7532//10314 7480//10244
f 7531//10313 7534//10316 7526//10308
f 7534//10316 7535//10317 7532//10314
f 7533//10315 7190//9920 7208//9938
f 7535//10317 7536//10318 7533//10315
f 7536//10318 7222//9953 7190//9920
f 7537//10319 7538//10320 7534//10316
f 7539//10321 7540//10322 7530//10312
f 7523//10305 7522//10302 7172//10304
f 7523//10305 7539//10321 7529//10311
f 7173//10323 7174//10324 7539//10321
f 7540//10322 7539//10321 7174//10324
f 7540//10322 7537//10319 7531//10313
f 7175//10325 7176//10326 7537//10319
f 7541//10327 7542//10328 7536//10318
f 7176//10326 7177//10329 7538//10320
f 7538//10320 7541//10327 7535//10317
f 7177//10329 7178//10330 7541//10327
f 7542//10328 7221//9952 7222//9953
f 7178//10330 7179//10331 7542//10328
f 7179//10331 7180//10332 7221//9952
f 7301//10048 7300//10047 7000//10333
f 7296//10043 7301//10048 7002//10334
f 7004//10335 7298//10045 7296//10043
f 7297//10044 7298//10045 7004//10335
f 7004//10335 7003//10336 7297//10044
f 7297//10044 7005//10337 7277//10024
f 7005//10337 7006//10338 7277//10024
f 7275//10022 7277//10024 7007//10339
f 7277//10024 7006//10338 7007//10339
f 7273//10020 7275//10022 7008//10340
f 7008//10340 7009//10341 7273//10020
f 7269//10016 7273//10020 7010//10342
f 7270//10017 7269//10016 7011//10343
f 7013//10344 7014//10345 7258//10005
f 7257//10004 7270//10017 7012//10346
f 7012//10346 7013//10344 7257//10004
f 7014//10345 7015//10347 7256//10003
f 7254//10001 7256//10003 7015//10347
f 7254//10001 7016//10348 7017//10349
f 7017//10349 7252//9999 7254//10001
f 7250//9997 7252//9999 7018//10350
f 7250//9997 6966//10351 6965//10352
f 7250//9997 7022//10353 6966//10351
f 7387//10145 6965//10352 6988//10354
f 7384//10142 7386//10144 6981//10355
f 7386//10144 6988//10354 6981//10355
f 7384//10142 6980//10356 6995//10357
f 7372//10130 7382//10140 6994//10358
f 7382//10140 6995//10357 6994//10358
f 7368//10126 7372//10130 6997//10359
f 7372//10130 6993//10360 6997//10359
f 7367//10125 7368//10126 6990//10361
f 7368//10126 6996//10362 6990//10361
f 7367//10125 6989//10363 6967//10364
f 6967//10364 7366//10124 7367//10125
f 7322//10076 7366//10124 6959//10365
f 7322//10076 6958//10366 6969//10367
f 6969//10367 7320//10074 7322//10076
f 7319//10073 7320//10074 6968//10368
f 6968//10368 6975//10369 7319//10073
f 7318//10072 7319//10073 6974//10370
f 6974//10370 6982//10371 7318//10072
f 7309//10061 7318//10072 6977//10372
f 7307//10059 7309//10061 6976//10373
f 6976//10373 6992//10374 7307//10059
f 7306//10058 7307//10059 6991//10375
f 6991//10375 6984//10376 7306//10058
f 7305//10056 7306//10058 6983//10377
f 6983//10377 6979//10378 7305//10056
f 7305//10056 6999//10379 7181//10380
f 6999//10379 6998//10381 7181//10380
f 7240//9980 7137//9989 7111//10382
f 7137//9989 7106//10383 7111//10382
f 7114//10384 7112//10385 7299//10046
f 7240//9980 7118//10386 7114//10384
f 7114//10384 7241//9981 7240//9980
f 7240//9980 7110//10387 7118//10386
f 7300//10047 7299//10046 7115//10388
f 7115//10388 7113//10389 7300//10047
f 7299//10046 7112//10385 7115//10388
f 7019//10390 7300//10047 7116//10391
f 7116//10391 7021//10392 7019//10390
f 7300//10047 7105//10393 7116//10391
f 7019//10390 7000//10333 7300//10047
f 7113//10389 7105//10393 7300//10047
f 7299//10046 7241//9981 7114//10384
f 7111//10382 7110//10387 7240//9980
f 7181//10380 7142//10057 7305//10056
f 6979//10378 6999//10379 7305//10056
f 6984//10376 6983//10377 7306//10058
f 6992//10374 6991//10375 7307//10059
f 6977//10372 6976//10373 7309//10061
f 6982//10371 6977//10372 7318//10072
f 6975//10369 6974//10370 7319//10073
f 6969//10367 6968//10368 7320//10074
f 6959//10365 6958//10366 7322//10076
f 6967//10364 6959//10365 7366//10124
f 6990//10361 6989//10363 7367//10125
f 6997//10359 6996//10362 7368//10126
f 6994//10358 6993//10360 7372//10130
f 6995//10357 7382//10140 7384//10142
f 6981//10355 6980//10356 7384//10142
f 6988//10354 7386//10144 7387//10145
f 6965//10352 7387//10145 7250//9997
f 7018//10350 7022//10353 7250//9997
f 7017//10349 7018//10350 7252//9999
f 7015//10347 7016//10348 7254//10001
f 7256//10003 7258//10005 7014//10345
f 7258//10005 7257//10004 7013//10344
f 7011//10343 7012//10346 7270//10017
f 7010//10342 7011//10343 7269//10016
f 7009//10341 7010//10342 7273//10020
f 7007//10339 7008//10340 7275//10022
f 7277//10024 7276//10023 7297//10044
f 7003//10336 7005//10337 7297//10044
f 7296//10043 7001//10394 7004//10335
f 7002//10334 7001//10394 7296//10043
f 7000//10333 7002//10334 7301//10048
f 7221//9952 7542//10328 7179//10331
f 7542//10328 7541//10327 7178//10330
f 7222//9953 7536//10318 7542//10328
f 7541//10327 7538//10320 7177//10329
f 7535//10317 7534//10316 7538//10320
f 7538//10320 7537//10319 7176//10326
f 7536//10318 7535//10317 7541//10327
f 7537//10319 7540//10322 7175//10325
f 7531//10313 7530//10312 7540//10322
f 7174//10324 7175//10325 7540//10322
f 7539//10321 7523//10305 7173//10323
f 7529//10311 7524//10306 7523//10305
f 7172//10304 7173//10323 7523//10305
f 7530//10312 7529//10311 7539//10321
f 7534//10316 7531//10313 7537//10319
f 7190//9920 7533//10315 7536//10318
f 7533//10315 7532//10314 7535//10317
f 7208//9938 7481//10245 7533//10315
f 7532//10314 7526//10308 7534//10316
f 7526//10308 7525//10307 7531//10313
f 7480//10244 7479//10243 7526//10308
f 7481//10245 7480//10244 7532//10314
f 7525//10307 7528//10310 7530//10312
f 7528//10310 7527//10309 7529//10311
f 7476//10240 7475//10239 7528//10310
f 7527//10309 7483//10247 7524//10306
f 7483//10247 7482//10246 7506//10275
f 7474//10238 7473//10237 7483//10247
f 7475//10239 7474//10238 7527//10309
f 7479//10243 7476//10240 7525//10307
f 7524//10306 7506//10275 7522//10302
f 7522//10302 7521//10298 7171//10303
f 7506//10275 7505//10274 7521//10298
f 7170//10301 7171//10303 7521//10298
f 7520//10297 7507//10276 7169//10300
f 7504//10273 7503//10272 7507//10276
f 7168//10299 7169//10300 7507//10276
f 7505//10274 7504//10273 7520//10297
f 7519//10296 7517//10291 7166//10294
f 7517//10291 7519//10296 7518//10293
f 7165//10292 7166//10294 7517//10291
f 7164//10290 7165//10292 7515//10287
f 7516//10288 7515//10287 7513//10285
f 7163//10289 7164//10290 7516//10288
f 7515//10287 7517//10291 7514//10286
f 7514//10286 7518//10293 7508//10277
f 7512//10284 7508//10277 7509//10278
f 7513//10285 7514//10286 7512//10284
f 7510//10279 7513//10285 7511//10282
f 7484//10249 7511//10282 7497//10266
f 7162//10283 7160//10280 7510//10279
f 7511//10282 7512//10284 7500//10269
f 7161//10281 7516//10288 7510//10279
f 7508//10277 7518//10293 7507//10276
f 7482//10246 7502//10271 7505//10274
f 7454//10218 7453//10217 7502//10271
f 7502//10271 7501//10270 7504//10273
f 7501//10270 7486//10251 7503//10272
f 7452//10216 7448//10212 7486//10251
f 7499//10268 7509//10278 7503//10272
f 7453//10217 7452//10216 7501//10270
f 7500//10269 7509//10278 7499//10268
f 7496//10265 7499//10268 7498//10267
f 7497//10266 7500//10269 7496//10265
f 7485//10250 7497//10266 7494//10262
f 7495//10263 7494//10262 7492//10260
f 7159//10264 7485//10250 7495//10263
f 7494//10262 7496//10265 7493//10261
f 7493//10261 7498//10267 7487//10252
f 7491//10259 7487//10252 7447//10211
f 7492//10260 7493//10261 7491//10259
f 7488//10253 7492//10260 7489//10256
f 7490//10257 7489//10256 7443//10207
f 7158//10258 7156//10254 7488//10253
f 7489//10256 7491//10259 7444//10208
f 7157//10255 7495//10263 7488//10253
f 7487//10252 7498//10267 7486//10251
f 7485//10250 7159//10264 7155//10248
f 7473//10237 7454//10218 7482//10246
f 7196//9926 7478//10242 7481//10245
f 7478//10242 7477//10241 7480//10244
f 7203//9933 7468//10232 7478//10242
f 7477//10241 7470//10234 7479//10243
f 7470//10234 7469//10233 7476//10240
f 7467//10231 7466//10230 7470//10234
f 7468//10232 7467//10231 7477//10241
f 7469//10233 7472//10236 7475//10239
f 7472//10236 7471//10235 7474//10238
f 7463//10227 7462//10226 7472//10236
f 7471//10235 7455//10219 7473//10237
f 7455//10219 7450//10214 7454//10218
f 7461//10225 7456//10220 7455//10219
f 7462//10226 7461//10225 7471//10235
f 7466//10230 7463//10227 7469//10233
f 7182//9910 7465//10229 7468//10232
f 7465//10229 7464//10228 7467//10231
f 7295//10042 7421//10179 7465//10229
f 7464//10228 7458//10222 7466//10230
f 7458//10222 7457//10221 7463//10227
f 7420//10178 7419//10177 7458//10222
f 7421//10179 7420//10178 7464//10228
f 7457//10221 7460//10224 7462//10226
f 7460//10224 7459//10223 7461//10225
f 7410//10168 7409//10167 7460//10224
f 7459//10223 7424//10184 7456//10220
f 7424//10184 7423//10183 7451//10215
f 7407//10165 7406//10164 7424//10184
f 7409//10167 7407//10165 7459//10223
f 7419//10177 7410//10168 7457//10221
f 7456//10220 7451//10215 7450//10214
f 7450//10214 7449//10213 7453//10217
f 7449//10213 7445//10209 7452//10216
f 7451//10215 7439//10202 7449//10213
f 7448//10212 7452//10216 7445//10209
f 7447//10211 7448//10212 7446//10210
f 7446//10210 7445//10209 7438//10201
f 7445//10209 7449//10213 7439//10202
f 7444//10208 7447//10211 7440//10203
f 7442//10206 7440//10203 7435//10198
f 7443//10207 7444//10208 7442//10206
f 7422//10180 7443//10207 7441//10204
f 7426//10188 7441//10204 7431//10194
f 7154//10205 7149//10181 7422//10180
f 7441//10204 7442//10206 7432//10195
f 7440//10203 7446//10210 7436//10199
f 7439//10202 7451//10215 7423//10183
f 7438//10201 7439//10202 7437//10200
f 7437//10200 7423//10183 7405//10163
f 7436//10199 7438//10201 7433//10196
f 7435//10198 7436//10199 7434//10197
f 7434//10197 7433//10196 7361//10119
f 7433//10196 7437//10200 7363//10121
f 7432//10195 7435//10198 7427//10189
f 7431//10194 7432//10195 7430//10193
f 7430//10193 7427//10189 7357//10115
f 7425//10185 7431//10194 7428//10190
f 7429//10191 7428//10190 7344//10102
f 7151//10186 7425//10185 7429//10191
f 7428//10190 7430//10193 7346//10104
f 7427//10189 7434//10197 7358//10116
f 7152//10187 7154//10205 7426//10188
f 7406//10164 7405//10163 7423//10183
f 7150//10182 7490//10257 7422//10180
f 7280//10027 7418//10176 7421//10179
f 7418//10176 7417//10175 7420//10178
f 7287//10034 7416//10174 7418//10176
f 7417//10175 7411//10169 7419//10177
f 7411//10169 7408//10166 7410//10168
f 7415//10173 7412//10170 7411//10169
f 7416//10174 7415//10173 7417//10175
f 7243//9990 7414//10172 7416//10174
f 7414//10172 7413//10171 7415//10173
f 7263//10010 7392//10150 7414//10172
f 7413//10171 7394//10152 7412//10170
f 7394//10152 7393//10151 7401//10159
f 7391//10149 7390//10148 7394//10152
f 7392//10150 7391//10149 7413//10171
f 7412//10170 7401//10159 7408//10166
f 7408//10166 7403//10161 7409//10167
f 7403//10161 7402//10160 7407//10165
f 7401//10159 7400//10158 7403//10161
f 7402//10160 7404//10162 7406//10164
f 7405//10163 7406//10164 7404//10162
f 7404//10162 7402//10160 7399//10157
f 7400//10158 7399//10157 7402//10160
f 7393//10151 7397//10155 7400//10158
f 7397//10155 7396//10154 7399//10157
f 7379//10137 7378//10136 7397//10155
f 7395//10153 7399//10157 7396//10154
f 7359//10117 7395//10153 7398//10156
f 7398//10156 7396//10154 7377//10135
f 7378//10136 7377//10135 7396//10154
f 7362//10120 7404//10162 7395//10153
f 7390//10148 7379//10137 7393//10151
f 7246//9993 7389//10147 7392//10150
f 7389//10147 7388//10146 7391//10149
f 7249//9996 7385//10143 7389//10147
f 7388//10146 7380//10138 7390//10148
f 7380//10138 7376//10134 7379//10137
f 7383//10141 7381//10139 7380//10138
f 7385//10143 7383//10141 7388//10146
f 7387//10145 7386//10144 7385//10143
f 7386//10144 7384//10142 7383//10141
f 7384//10142 7382//10140 7381//10139
f 7382//10140 7372//10130 7371//10129
f 7381//10139 7371//10129 7376//10134
f 7376//10134 7375//10133 7378//10136
f 7377//10135 7378//10136 7375//10133
f 7371//10129 7370//10128 7375//10133
f 7364//10122 7377//10135 7373//10131
f 7374//10132 7373//10131 7369//10127
f 7350//10108 7364//10122 7374//10132
f 7373//10131 7375//10133 7370//10128
f 7372//10130 7368//10126 7370//10128
f 7369//10127 7370//10128 7368//10126
f 7365//10123 7369//10127 7367//10125
f 7330//10084 7365//10123 7366//10124
f 7331//10085 7374//10132 7365//10123
f 7353//10111 7398//10156 7364//10122
f 7363//10121 7405//10163 7362//10120
f 7361//10119 7363//10121 7360//10118
f 7360//10118 7362//10120 7359//10117
f 7358//10116 7361//10119 7355//10113
f 7357//10115 7358//10116 7356//10114
f 7356//10114 7355//10113 7352//10110
f 7355//10113 7360//10118 7354//10112
f 7354//10112 7359//10117 7353//10111
f 7352//10110 7354//10112 7351//10109
f 7351//10109 7353//10111 7350//10108
f 7347//10105 7352//10110 7348//10106
f 7342//10100 7347//10105 7349//10107
f 7349//10107 7348//10106 7329//10083
f 7348//10106 7351//10109 7332//10086
f 7345//10103 7356//10114 7347//10105
f 7346//10104 7357//10115 7345//10103
f 7344//10102 7346//10104 7343//10101
f 7343//10101 7345//10103 7342//10100
f 7185//9913 7344//10102 7340//10097
f 7341//10098 7340//10097 7338//10095
f 7119//9914 7185//9913 7341//10098
f 7340//10097 7343//10101 7339//10096
f 7339//10096 7342//10100 7333//10087
f 7338//10095 7339//10096 7337//10094
f 7337//10094 7333//10087 7326//10080
f 7334//10088 7338//10095 7335//10091
f 7147//10093 7145//10089 7334//10088
f 7336//10092 7335//10091 7313//10067
f 7335//10091 7337//10094 7316//10070
f 7146//10090 7341//10098 7334//10088
f 7333//10087 7349//10107 7327//10081
f 7332//10086 7350//10108 7331//10085
f 7328//10082 7331//10085 7330//10084
f 7329//10083 7332//10086 7328//10082
f 7327//10081 7329//10083 7324//10078
f 7325//10079 7324//10078 7321//10075
f 7326//10080 7327//10081 7325//10079
f 7324//10078 7328//10082 7323//10077
f 7323//10077 7330//10084 7322//10076
f 7321//10075 7323//10077 7320//10074
f 7317//10071 7321//10075 7319//10073
f 7314//10068 7317//10071 7318//10072
f 7315//10069 7325//10079 7317//10071
f 7316//10070 7326//10080 7315//10069
f 7312//10066 7315//10069 7314//10068
f 7313//10067 7316//10070 7312//10066
f 7302//10049 7313//10067 7311//10063
f 7303//10052 7311//10063 7308//10060
f 7143//10064 7138//10050 7302//10049
f 7311//10063 7312//10066 7310//10062
f 7310//10062 7314//10068 7309//10061
f 7308//10060 7310//10062 7307//10059
f 7304//10053 7308//10060 7306//10058
f 7304//10053 7305//10056 7141//10055
f 7140//10054 7144//10065 7303//10052
f 7139//10051 7336//10092 7302//10049
f 7301//10048 7296//10043 7234//9974
f 7300//10047 7301//10048 7241//9981
f 7298//10045 7297//10044 7237//9977
f 7279//10026 7278//10025 7189//9919
f 7279//10026 7187//9917 7238//9978
f 7297//10044 7276//10023 7238//9978
f 7296//10043 7298//10045 7239//9979
f 7278//10025 7292//10039 7212//9942
f 7291//10038 7283//10030 7195//9925
f 7292//10039 7291//10038 7213//9943
f 7294//10041 7293//10040 7202//9932
f 7294//10041 7200//9930 7205//9935
f 7293//10040 7281//10028 7184//9912
f 7281//10028 7280//10027 7295//10042
f 7288//10035 7282//10029 7281//10028
f 7289//10036 7288//10035 7293//10040
f 7283//10030 7290//10037 7205//9935
f 7272//10019 7268//10015 7292//10039
f 7267//10014 7271//10018 7283//10030
f 7268//10015 7267//10014 7291//10038
f 7284//10031 7286//10033 7289//10036
f 7286//10033 7285//10032 7288//10035
f 7266//10013 7265//10012 7286//10033
f 7285//10032 7244//9991 7282//10029
f 7244//9991 7243//9990 7287//10034
f 7264//10011 7245//9992 7244//9991
f 7265//10012 7264//10011 7285//10032
f 7284//10031 7290//10037 7283//10030
f 7282//10029 7287//10034 7280//10027
f 7274//10021 7272//10019 7278//10025
f 7277//10024 7275//10022 7274//10021
f 7275//10022 7273//10020 7272//10019
f 7273//10020 7269//10016 7268//10015
f 7260//10007 7259//10006 7266//10013
f 7260//10007 7271//10018 7267//10014
f 7269//10016 7270//10017 7267//10014
f 7259//10006 7262//10009 7265//10012
f 7262//10009 7261//10008 7264//10011
f 7255//10002 7253//10000 7262//10009
f 7261//10008 7247//9994 7245//9992
f 7247//9994 7246//9993 7263//10010
f 7251//9998 7248//9995 7247//9994
f 7253//10000 7251//9998 7261//10008
f 7257//10004 7255//10002 7259//10006
f 7258//10005 7256//10003 7255//10002
f 7256//10003 7254//10001 7253//10000
f 7254//10001 7252//9999 7251//9998
f 7252//9999 7250//9997 7248//9995
f 7250//9997 7387//10145 7249//9996
f 7248//9995 7249//9996 7246//9993
f 7245//9992 7263//10010 7243//9990
f 7240//9980 7233//9973 7132//9983
f 7232//9972 7236//9976 7136//9988
f 7242//9985 7231//9971 7134//9986
f 7235//9975 7186//9916 7231//9971
f 7231//9971 7230//9967 7129//9969
f 7242//9985 7135//9987 7133//9984
f 7233//9973 7232//9972 7131//9982
f 7241//9981 7234//9974 7233//9973
f 7239//9979 7237//9977 7236//9976
f 7238//9978 7187//9917 7186//9916
f 7237//9977 7238//9978 7235//9975
f 7234//9974 7239//9979 7232//9972
f 7186//9916 7217//9947 7230//9967
f 7229//9964 7228//9963 7127//9966
f 7217//9947 7216//9946 7229//9964
f 7127//9966 7228//9963 7219//9949
f 7227//9961 7125//9962 7126//9965
f 7215//9945 7214//9944 7219//9949
f 7216//9946 7215//9945 7228//9963
f 7227//9961 7226//9957 7124//9960
f 7218//9948 7224//9955 7226//9957
f 7226//9957 7225//9956 7123//9959
f 7225//9956 7223//9954 7220//9951
f 7224//9955 7223//9954 7225//9956
f 7209//9939 7207//9937 7224//9955
f 7191//9921 7190//9920 7222//9953
f 7191//9921 7220//9951 7223//9954
f 7207//9937 7206//9936 7223//9954
f 7221//9952 7180//10332 7121//9950
f 7214//9944 7209//9939 7218//9948
f 7188//9918 7211//9941 7216//9946
f 7211//9941 7210//9940 7215//9945
f 7189//9919 7212//9942 7211//9941
f 7210//9940 7194//9924 7214//9944
f 7194//9924 7193//9923 7209//9939
f 7213//9943 7195//9925 7194//9924
f 7212//9942 7213//9943 7210//9940
f 7193//9923 7199//9929 7207//9937
f 7197//9927 7196//9926 7208//9938
f 7197//9927 7192//9922 7206//9936
f 7199//9929 7204//9934 7206//9936
f 7205//9935 7200//9930 7199//9929
f 7201//9931 7183//9911 7198//9928
f 7183//9911 7182//9910 7203//9933
f 7202//9932 7184//9912 7183//9911
f 7201//9931 7204//9934 7199//9929
f 7198//9928 7203//9933 7196//9926
f 7195//9925 7205//9935 7193//9923
f 7192//9922 7208//9938 7190//9920
f 7188//9918 7217//9947 7186//9916
f 7120//9915 7429//10191 7185//9913
f 7184//9912 7295//10042 7182//9910
f 7588//10395 7589//10396 7590//10397
f 7591//10398 7592//10399 7593//10400
f 7594//10401 7595//10402 7596//10403
f 7597//10404 7598//10405 7599//10406
f 7600//10407 7601//10408 7602//10409
f 7603//10410 7604//10411 7605//10412
f 7606//10413 7605//10412 7589//10396
f 7601//10408 7588//10395 7607//10414
f 7608//10415 7606//10413 7588//10395
f 7609//10416 7599//10406 7604//10411
f 7610//10417 7603//10410 7606//10413
f 7611//10418 7609//10416 7603//10410
f 7612//10419 7610//10417 7608//10415
f 7613//10420 7608//10415 7601//10408
f 7595//10402 7600//10407 7614//10421
f 7615//10422 7613//10420 7600//10407
f 7616//10423 7611//10418 7610//10417
f 7617//10424 7612//10419 7613//10420
f 7618//10425 7616//10423 7612//10419
f 7619//10426 7620//10427 7611//10418
f 7621//10428 7622//10429 7623//10430
f 7624//10431 7623//10430 7598//10405
f 7620//10427 7597//10404 7609//10416
f 7625//10432 7624//10431 7597//10404
f 7592//10399 7591//10398 7622//10429
f 7626//10433 7621//10428 7624//10431
f 7627//10434 7592//10399 7621//10428
f 7628//10435 7626//10433 7625//10432
f 7629//10436 7625//10432 7620//10427
f 7630//10437 7619//10426 7616//10423
f 7631//10438 7629//10436 7619//10426
f 7632//10439 7627//10434 7626//10433
f 7633//10440 7628//10435 7629//10436
f 7634//10441 7632//10439 7628//10435
f 7635//10442 7630//10437 7618//10425
f 7636//10443 7637//10444 7638//10445
f 7639//10446 7617//10424 7615//10422
f 7640//10447 7615//10422 7595//10402
f 7637//10444 7594//10401 7641//10448
f 7642//10449 7640//10447 7594//10401
f 7643//10450 7618//10425 7617//10424
f 7644//10451 7639//10446 7640//10447
f 7645//10452 7643//10450 7639//10446
f 7646//10453 7644//10451 7642//10449
f 7647//10454 7642//10449 7637//10444
f 7543//10455 7636//10443 7648//10456
f 7544//10457 7646//10453 7647//10454
f 7649//10458 7645//10452 7644//10451
f 7650//10459 7651//10460 7645//10452
f 7652//10461 7633//10440 7631//10438
f 7653//10462 7631//10438 7630//10437
f 7651//10460 7635//10442 7643//10450
f 7654//10463 7653//10462 7635//10442
f 7655//10464 7634//10441 7633//10440
f 7656//10465 7652//10461 7653//10462
f 7657//10466 7655//10464 7652//10461
f 7658//10467 7656//10465 7654//10463
f 7545//10468 7650//10459 7649//10458
f 7659//10469 7654//10463 7651//10460
f 7546//10470 7658//10467 7659//10469
f 7660//10471 7657//10466 7656//10465
f 7661//10472 7662//10473 7634//10441
f 7663//10474 7664//10475 7665//10476
f 7666//10477 7667//10478 7627//10434
f 7668//10479 7669//10480 7670//10481
f 7671//10482 7593//10400 7669//10480
f 7592//10399 7627//10434 7667//10478
f 7593//10400 7667//10478 7672//10483
f 7673//10484 7670//10481 7664//10475
f 7669//10480 7672//10483 7674//10485
f 7670//10481 7674//10485 7675//10486
f 7672//10483 7676//10487 7677//10488
f 7667//10478 7666//10477 7676//10487
f 7662//10473 7666//10477 7632//10439
f 7678//10489 7676//10487 7666//10477
f 7674//10485 7677//10488 7679//10490
f 7676//10487 7678//10489 7680//10491
f 7677//10488 7680//10491 7681//10492
f 7675//10486 7679//10490 7682//10493
f 7683//10494 7684//10495 7685//10496
f 7686//10497 7665//10476 7684//10495
f 7664//10475 7675//10486 7687//10498
f 7665//10476 7687//10498 7688//10499
f 7684//10495 7688//10499 7689//10500
f 7690//10501 7685//10496 7547//10502
f 7685//10496 7689//10500 7548//10503
f 7548//10503 7549//10504 7685//10496
f 7688//10499 7691//10505 7692//10506
f 7679//10490 7681//10492 7693//10507
f 7687//10498 7682//10493 7691//10505
f 7682//10493 7693//10507 7694//10508
f 7691//10505 7694//10508 7695//10509
f 7689//10500 7692//10506 7550//10510
f 7692//10506 7551//10511 7550//10510
f 7695//10509 7552//10512 7551//10511
f 7681//10492 7696//10513 7697//10514
f 7698//10515 7699//10516 7657//10466
f 7700//10517 7680//10491 7678//10489
f 7699//10516 7661//10472 7655//10464
f 7701//10518 7678//10489 7662//10473
f 7702//10519 7701//10518 7661//10472
f 7703//10520 7700//10517 7701//10518
f 7680//10491 7700//10517 7696//10513
f 7704//10521 7696//10513 7700//10517
f 7705//10522 7703//10520 7702//10519
f 7553//10523 7698//10515 7660//10471
f 7706//10524 7702//10519 7699//10516
f 7554//10525 7705//10522 7706//10524
f 7707//10526 7704//10521 7703//10520
f 7708//10527 7709//10528 7704//10521
f 7694//10508 7710//10529 7711//10530
f 7696//10513 7704//10521 7709//10528
f 7693//10507 7697//10514 7710//10529
f 7697//10514 7709//10528 7712//10531
f 7710//10529 7712//10531 7713//10532
f 7695//10509 7711//10530 7555//10533
f 7711//10530 7556//10534 7555//10533
f 7711//10530 7713//10532 7557//10535
f 7712//10531 7714//10536 7715//10537
f 7558//10538 7708//10527 7707//10526
f 7709//10528 7708//10527 7714//10536
f 7559//10539 7715//10537 7714//10536
f 7560//10540 7557//10535 7713//10532
f 7715//10537 7561//10541 7560//10540
f 7715//10537 7559//10539 7562//10542
f 7716//10543 7717//10544 7718//10545
f 7719//10546 7720//10547 7721//10548
f 7720//10547 7722//10549 7723//10550
f 7724//10551 7725//10552 7722//10549
f 7726//10553 7727//10554 7725//10552
f 7728//10555 7729//10556 7727//10554
f 7730//10557 7731//10558 7729//10556
f 7732//10559 7733//10560 7734//10561
f 7731//10558 7730//10557 7733//10560
f 7735//10562 7734//10561 7736//10563
f 7737//10564 7730//10557 7728//10555
f 7738//10565 7726//10553 7724//10551
f 7739//10566 7724//10551 7720//10547
f 7717//10544 7719//10546 7740//10567
f 7741//10568 7739//10566 7719//10546
f 7742//10569 7728//10555 7726//10553
f 7743//10570 7738//10565 7739//10566
f 7744//10571 7742//10569 7738//10565
f 7745//10572 7737//10564 7742//10569
f 7733//10560 7746//10573 7747//10574
f 7730//10557 7737//10564 7746//10573
f 7734//10561 7747//10574 7748//10575
f 7746//10573 7749//10576 7750//10577
f 7737//10564 7745//10572 7749//10576
f 7747//10574 7750//10577 7751//10578
f 7736//10563 7748//10575 7752//10579
f 7753//10580 7736//10563 7754//10581
f 7755//10582 7756//10583 7757//10584
f 7758//10585 7754//10581 7756//10583
f 7759//10586 7757//10584 7760//10587
f 7761//10588 7760//10587 7762//10589
f 7763//10590 7764//10591 7765//10592
f 7766//10593 7762//10589 7764//10591
f 7563//10594 7767//10595 7765//10592
f 7765//10592 7564//10596 7563//10594
f 7760//10587 7768//10597 7769//10598
f 7748//10575 7751//10578 7770//10599
f 7756//10583 7771//10600 7772//10601
f 7754//10581 7752//10579 7771//10600
f 7757//10584 7772//10601 7768//10597
f 7771//10600 7773//10602 7774//10603
f 7752//10579 7770//10599 7773//10602
f 7772//10601 7774//10603 7775//10604
f 7768//10597 7775//10604 7776//10605
f 7764//10591 7777//10606 7778//10607
f 7762//10589 7769//10598 7777//10606
f 7777//10606 7779//10608 7780//10609
f 7769//10598 7776//10605 7779//10608
f 7565//10610 7778//10607 7780//10609
f 7780//10609 7566//10611 7565//10610
f 7751//10578 7781//10612 7782//10613
f 7783//10614 7784//10615 7785//10616
f 7786//10617 7745//10572 7744//10571
f 7787//10618 7743//10570 7741//10568
f 7788//10619 7741//10568 7717//10544
f 7784//10615 7716//10543 7789//10620
f 7790//10621 7788//10619 7716//10543
f 7791//10622 7744//10571 7743//10570
f 7792//10623 7787//10618 7788//10619
f 7793//10624 7791//10622 7787//10618
f 7749//10576 7794//10625 7795//10626
f 7794//10625 7749//10576 7745//10572
f 7796//10627 7786//10617 7791//10622
f 7797//10628 7794//10625 7786//10617
f 7750//10577 7795//10626 7781//10612
f 7794//10625 7797//10628 7798//10629
f 7795//10626 7798//10629 7799//10630
f 7800//10631 7796//10627 7793//10624
f 7801//10632 7792//10623 7790//10621
f 7802//10633 7790//10621 7784//10615
f 7589//10396 7783//10614 7803//10634
f 7605//10412 7802//10633 7783//10614
f 7804//10635 7793//10624 7792//10623
f 7604//10411 7801//10632 7802//10633
f 7599//10406 7804//10635 7801//10632
f 7797//10628 7805//10636 7806//10637
f 7805//10636 7797//10628 7796//10627
f 7598//10405 7800//10631 7804//10635
f 7623//10430 7805//10636 7800//10631
f 7798//10629 7806//10637 7807//10638
f 7622//10429 7806//10637 7805//10636
f 7806//10637 7622//10429 7591//10398
f 7799//10630 7807//10638 7808//10639
f 7775//10604 7809//10640 7810//10641
f 7773//10602 7811//10642 7812//10643
f 7770//10599 7782//10613 7811//10642
f 7781//10612 7799//10630 7813//10644
f 7782//10613 7813//10644 7814//10645
f 7774//10603 7812//10643 7809//10640
f 7811//10642 7814//10645 7815//10646
f 7812//10643 7815//10646 7816//10647
f 7779//10608 7817//10648 7818//10649
f 7776//10605 7810//10641 7817//10648
f 7809//10640 7816//10647 7819//10650
f 7810//10641 7819//10650 7820//10651
f 7817//10648 7820//10651 7821//10652
f 7567//10653 7818//10649 7821//10652
f 7821//10652 7568//10654 7567//10653
f 7816//10647 7822//10655 7823//10656
f 7814//10645 7824//10657 7825//10658
f 7813//10644 7808//10639 7824//10657
f 7807//10638 7591//10398 7671//10482
f 7808//10639 7671//10482 7668//10479
f 7815//10646 7825//10658 7822//10655
f 7824//10657 7668//10479 7673//10484
f 7825//10658 7673//10484 7663//10474
f 7820//10651 7826//10659 7827//10660
f 7819//10650 7823//10656 7826//10659
f 7822//10655 7663//10474 7686//10497
f 7823//10656 7686//10497 7683//10494
f 7826//10659 7683//10494 7690//10501
f 7827//10660 7690//10501 7569//10661
f 7569//10661 7570//10662 7827//10660
f 7828//10663 7829//10664 7830//10665
f 7831//10666 7832//10667 7829//10664
f 7833//10668 7834//10669 7835//10670
f 7836//10671 7837//10672 7838//10673
f 7839//10674 7838//10673 7840//10675
f 7841//10676 7835//10670 7837//10672
f 7842//10677 7843//10678 7844//10679
f 7844//10679 7845//10680 7842//10677
f 7842//10677 7845//10680 7834//10669
f 7846//10681 7831//10666 7828//10663
f 7847//10682 7846//10681 7844//10679
f 7848//10683 7849//10684 7831//10666
f 7849//10684 7850//10685 7832//10667
f 7851//10686 7852//10687 7853//10688
f 7854//10689 7855//10690 7856//10691
f 7856//10691 7857//10692 7854//10689
f 7854//10689 7857//10692 7850//10685
f 7858//10693 7851//10686 7859//10694
f 7860//10695 7858//10693 7856//10691
f 7861//10696 7862//10697 7851//10686
f 7862//10697 7863//10698 7852//10687
f 7864//10699 7865//10700 7863//10698
f 7866//10701 7867//10702 7865//10700
f 7721//10548 7723//10550 7867//10702
f 7868//10703 7866//10701 7864//10699
f 7869//10704 7864//10699 7862//10697
f 7870//10705 7861//10696 7858//10693
f 7871//10706 7869//10704 7861//10696
f 7740//10567 7721//10548 7866//10701
f 7872//10707 7868//10703 7869//10704
f 7718//10545 7740//10567 7868//10703
f 7873//10708 7870//10705 7860//10695
f 7874//10709 7848//10683 7846//10681
f 7875//10710 7855//10690 7854//10689
f 7876//10711 7854//10689 7849//10684
f 7875//10710 7877//10712 7878//10713
f 7878//10713 7855//10690 7875//10710
f 7879//10714 7875//10710 7876//10711
f 7880//10715 7876//10711 7848//10683
f 7881//10716 7877//10712 7875//10710
f 7881//10716 7882//10717 7883//10718
f 7883//10718 7877//10712 7881//10716
f 7884//10719 7872//10707 7871//10706
f 7885//10720 7871//10706 7870//10705
f 7886//10721 7873//10708 7878//10713
f 7887//10722 7885//10720 7873//10708
f 7789//10620 7718//10545 7872//10707
f 7888//10723 7884//10719 7885//10720
f 7785//10616 7789//10620 7884//10719
f 7889//10724 7888//10723 7887//10722
f 7890//10725 7887//10722 7886//10721
f 7891//10726 7890//10725 7883//10718
f 7803//10634 7785//10616 7888//10723
f 7892//10727 7889//10724 7890//10725
f 7590//10397 7803//10634 7889//10724
f 7893//10728 7874//10709 7847//10682
f 7894//10729 7833//10668 7841//10676
f 7895//10730 7836//10671 7839//10674
f 7896//10731 7841//10676 7836//10671
f 7897//10732 7843//10678 7842//10677
f 7898//10733 7842//10677 7833//10668
f 7897//10732 7899//10734 7900//10735
f 7900//10735 7843//10678 7897//10732
f 7901//10736 7893//10728 7900//10735
f 7902//10737 7882//10717 7881//10716
f 7903//10738 7879//10714 7880//10715
f 7904//10739 7880//10715 7874//10709
f 7905//10740 7881//10716 7879//10714
f 7906//10741 7892//10727 7891//10726
f 7902//10737 7907//10742 7908//10743
f 7908//10743 7882//10717 7902//10737
f 7607//10414 7590//10397 7892//10727
f 7909//10744 7906//10741 7908//10743
f 7602//10409 7607//10414 7906//10741
f 7910//10745 7902//10737 7905//10740
f 7911//10746 7903//10738 7904//10739
f 7912//10747 7904//10739 7893//10728
f 7913//10748 7905//10740 7903//10738
f 7914//10749 7915//10750 7916//10751
f 7916//10751 7907//10742 7914//10749
f 7914//10749 7907//10742 7902//10737
f 7614//10421 7602//10409 7909//10744
f 7596//10403 7614//10421 7916//10751
f 7917//10752 7901//10736 7899//10734
f 7894//10729 7896//10731 7571//10753
f 7572//10754 7895//10730 7918//10755
f 7571//10753 7896//10731 7895//10730
f 7919//10756 7897//10732 7898//10733
f 7573//10757 7574//10758 7920//10759
f 7920//10759 7894//10729 7573//10757
f 7575//10760 7919//10756 7920//10759
f 7921//10761 7899//10734 7897//10732
f 7576//10762 7921//10761 7919//10756
f 7922//10763 7910//10745 7913//10748
f 7923//10764 7911//10746 7912//10747
f 7924//10765 7912//10747 7901//10736
f 7925//10766 7913//10748 7911//10746
f 7926//10767 7927//10768 7928//10769
f 7928//10769 7914//10749 7926//10767
f 7926//10767 7914//10749 7910//10745
f 7641//10448 7596//10403 7915//10750
f 7638//10445 7641//10448 7928//10769
f 7929//10770 7922//10763 7925//10766
f 7923//10764 7924//10765 7577//10771
f 7577//10771 7924//10765 7917//10752
f 7578//10772 7579//10773 7930//10774
f 7930//10774 7923//10764 7578//10772
f 7580//10775 7927//10768 7931//10776
f 7931//10776 7581//10777 7580//10775
f 7927//10768 7926//10767 7931//10776
f 7582//10778 7929//10770 7930//10774
f 7931//10776 7926//10767 7922//10763
f 7581//10777 7931//10776 7929//10770
f 7583//10779 7584//10780 7648//10456
f 7648//10456 7927//10768 7583//10779
f 7867//10702 7032//10781 7031//10782
f 7863//10698 7865//10700 7030//10783
f 7865//10700 7031//10782 7030//10783
f 7863//10698 7035//10784 7037//10785
f 7038//10786 7853//10688 7852//10687
f 7859//10694 7041//10787 7042//10788
f 7041//10787 7859//10694 7853//10688
f 7853//10688 7038//10786 7041//10787
f 7857//10692 7042//10788 7045//10789
f 7850//10685 7045//10789 7046//10790
f 7832//10667 7049//10791 7050//10792
f 7832//10667 7046//10790 7049//10791
f 7829//10664 7050//10792 7053//10793
f 7053//10793 7830//10665 7829//10664
f 7834//10669 7845//10680 7830//10665
f 7830//10665 7054//10794 7834//10669
f 7834//10669 7058//10795 7060//10796
f 7834//10669 7054//10794 7058//10795
f 7060//10796 7059//10797 7837//10672
f 7837//10672 7059//10797 7063//10798
f 7838//10673 7063//10798 7065//10799
f 7066//10800 7068//10801 7117//10802
f 7840//10675 7065//10799 7066//10800
f 7117//10802 7840//10675 7066//10800
f 7840//10675 7101//10803 7100//10804
f 7840//10675 7102//10805 7101//10803
f 7100//10804 7932//10806 7840//10675
f 7918//10755 7839//10674 7109//10807
f 7109//10807 7839//10674 7932//10806
f 7932//10806 7099//10808 7109//10807
f 7109//10807 7108//10809 7918//10755
f 7585//10810 7918//10755 7104//10811
f 7918//10755 7107//10812 7104//10811
f 7097//10813 7767//10595 7586//10814
f 7767//10595 7587//10815 7586//10814
f 7767//10595 7095//10816 7094//10817
f 7767//10595 7097//10813 7095//10816
f 7763//10590 7093//10818 7092//10819
f 7763//10590 7094//10817 7093//10818
f 7766//10593 7090//10820 7089//10821
f 7766//10593 7092//10819 7090//10820
f 7761//10588 7089//10821 7086//10822
f 7759//10586 7085//10823 7091//10824
f 7759//10586 7086//10822 7085//10823
f 7755//10582 7088//10825 7087//10826
f 7755//10582 7091//10824 7088//10825
f 7753//10580 7758//10585 7084//10827
f 7758//10585 7087//10826 7084//10827
f 7753//10580 7083//10828 7071//10829
f 7732//10559 7735//10562 7070//10830
f 7735//10562 7071//10829 7070//10830
f 7732//10559 7080//10831 7073//10832
f 7073//10832 7731//10558 7732//10559
f 7731//10558 7072//10833 7075//10834
f 7075//10834 7729//10556 7731//10558
f 7729//10556 7074//10835 7077//10836
f 7077//10836 7727//10554 7729//10556
f 7725//10552 7727//10554 7076//10837
f 7725//10552 7081//10838 7079//10839
f 7079//10839 7722//10549 7725//10552
f 7723//10550 7722//10549 7078//10840
f 7867//10702 7723//10550 7082//10841
f 7082//10841 7069//10842 7867//10702
f 7069//10842 7032//10781 7867//10702
f 7078//10840 7082//10841 7723//10550
f 7079//10839 7078//10840 7722//10549
f 7076//10837 7081//10838 7725//10552
f 7077//10836 7076//10837 7727//10554
f 7075//10834 7074//10835 7729//10556
f 7073//10832 7072//10833 7731//10558
f 7070//10830 7080//10831 7732//10559
f 7071//10829 7735//10562 7753//10580
f 7084//10827 7083//10828 7753//10580
f 7087//10826 7758//10585 7755//10582
f 7091//10824 7755//10582 7759//10586
f 7086//10822 7759//10586 7761//10588
f 7089//10821 7761//10588 7766//10593
f 7092//10819 7766//10593 7763//10590
f 7094//10817 7763//10590 7767//10595
f 7586//10814 7098//10843 7097//10813
f 7104//10811 7103//10844 7585//10810
f 7108//10809 7107//10812 7918//10755
f 7100//10804 7099//10808 7932//10806
f 7117//10802 7102//10805 7840//10675
f 7065//10799 7840//10675 7838//10673
f 7063//10798 7838//10673 7837//10672
f 7837//10672 7835//10670 7060//10796
f 7060//10796 7835//10670 7834//10669
f 7830//10665 7055//10845 7054//10794
f 7053//10793 7055//10845 7830//10665
f 7050//10792 7829//10664 7832//10667
f 7046//10790 7832//10667 7850//10685
f 7045//10789 7850//10685 7857//10692
f 7042//10788 7857//10692 7859//10694
f 7852//10687 7037//10785 7038//10786
f 7037//10785 7852//10687 7863//10698
f 7030//10783 7035//10784 7863//10698
f 7031//10782 7865//10700 7867//10702
f 7648//10456 7638//10445 7927//10768
f 7929//10770 7582//10778 7581//10777
f 7922//10763 7929//10770 7931//10776
f 7930//10774 7579//10773 7582//10778
f 7580//10775 7583//10779 7927//10768
f 7930//10774 7925//10766 7923//10764
f 7917//10752 7576//10762 7577//10771
f 7577//10771 7578//10772 7923//10764
f 7925//10766 7930//10774 7929//10770
f 7928//10769 7927//10768 7638//10445
f 7915//10750 7928//10769 7641//10448
f 7910//10745 7922//10763 7926//10767
f 7928//10769 7915//10750 7914//10749
f 7911//10746 7923//10764 7925//10766
f 7901//10736 7917//10752 7924//10765
f 7912//10747 7924//10765 7923//10764
f 7913//10748 7925//10766 7922//10763
f 7917//10752 7921//10761 7576//10762
f 7919//10756 7575//10760 7576//10762
f 7897//10732 7919//10756 7921//10761
f 7920//10759 7574//10758 7575//10760
f 7920//10759 7898//10733 7894//10729
f 7898//10733 7920//10759 7919//10756
f 7895//10730 7572//10754 7571//10753
f 7918//10755 7585//10810 7572//10754
f 7571//10753 7573//10757 7894//10729
f 7899//10734 7921//10761 7917//10752
f 7916//10751 7915//10750 7596//10403
f 7909//10744 7916//10751 7614//10421
f 7902//10737 7910//10745 7914//10749
f 7916//10751 7909//10744 7907//10742
f 7903//10738 7911//10746 7913//10748
f 7893//10728 7901//10736 7912//10747
f 7904//10739 7912//10747 7911//10746
f 7905//10740 7913//10748 7910//10745
f 7906//10741 7909//10744 7602//10409
f 7908//10743 7907//10742 7909//10744
f 7892//10727 7906//10741 7607//10414
f 7908//10743 7891//10726 7882//10717
f 7891//10726 7908//10743 7906//10741
f 7879//10714 7903//10738 7905//10740
f 7874//10709 7893//10728 7904//10739
f 7880//10715 7904//10739 7903//10738
f 7881//10716 7905//10740 7902//10737
f 7900//10735 7899//10734 7901//10736
f 7900//10735 7847//10682 7843//10678
f 7833//10668 7894//10729 7898//10733
f 7842//10677 7898//10733 7897//10732
f 7836//10671 7895//10730 7896//10731
f 7839//10674 7918//10755 7895//10730
f 7841//10676 7896//10731 7894//10729
f 7847//10682 7900//10735 7893//10728
f 7889//10724 7892//10727 7590//10397
f 7890//10725 7891//10726 7892//10727
f 7888//10723 7889//10724 7803//10634
f 7883//10718 7882//10717 7891//10726
f 7886//10721 7883//10718 7890//10725
f 7887//10722 7890//10725 7889//10724
f 7884//10719 7888//10723 7785//10616
f 7885//10720 7887//10722 7888//10723
f 7872//10707 7884//10719 7789//10620
f 7873//10708 7886//10721 7887//10722
f 7878//10713 7877//10712 7886//10721
f 7870//10705 7873//10708 7885//10720
f 7871//10706 7885//10720 7884//10719
f 7883//10718 7886//10721 7877//10712
f 7875//10710 7879//10714 7881//10716
f 7848//10683 7874//10709 7880//10715
f 7876//10711 7880//10715 7879//10714
f 7878//10713 7860//10695 7855//10690
f 7849//10684 7848//10683 7876//10711
f 7854//10689 7876//10711 7875//10710
f 7846//10681 7847//10682 7874//10709
f 7860//10695 7878//10713 7873//10708
f 7868//10703 7872//10707 7718//10545
f 7869//10704 7871//10706 7872//10707
f 7866//10701 7868//10703 7740//10567
f 7861//10696 7870//10705 7871//10706
f 7858//10693 7860//10695 7870//10705
f 7862//10697 7861//10696 7869//10704
f 7864//10699 7869//10704 7868//10703
f 7867//10702 7866//10701 7721//10548
f 7865//10700 7864//10699 7866//10701
f 7863//10698 7862//10697 7864//10699
f 7852//10687 7851//10686 7862//10697
f 7851//10686 7858//10693 7861//10696
f 7856//10691 7855//10690 7860//10695
f 7859//10694 7856//10691 7858//10693
f 7850//10685 7849//10684 7854//10689
f 7856//10691 7859//10694 7857//10692
f 7853//10688 7859//10694 7851//10686
f 7832//10667 7831//10666 7849//10684
f 7831//10666 7846//10681 7848//10683
f 7844//10679 7843//10678 7847//10682
f 7828//10663 7844//10679 7846//10681
f 7834//10669 7833//10668 7842//10677
f 7844//10679 7828//10663 7845//10680
f 7837//10672 7836//10671 7841//10676
f 7840//10675 7932//10806 7839//10674
f 7838//10673 7839//10674 7836//10671
f 7835//10670 7841//10676 7833//10668
f 7829//10664 7828//10663 7831//10666
f 7830//10665 7845//10680 7828//10663
f 7570//10662 7568//10654 7827//10660
f 7827//10660 7568//10654 7821//10652
f 7690//10501 7827//10660 7826//10659
f 7683//10494 7826//10659 7823//10656
f 7686//10497 7823//10656 7822//10655
f 7826//10659 7820//10651 7819//10650
f 7827//10660 7821//10652 7820//10651
f 7663//10474 7822//10655 7825//10658
f 7673//10484 7825//10658 7824//10657
f 7822//10655 7816//10647 7815//10646
f 7668//10479 7824//10657 7808//10639
f 7671//10482 7808//10639 7807//10638
f 7824//10657 7814//10645 7813//10644
f 7825//10658 7815//10646 7814//10645
f 7823//10656 7819//10650 7816//10647
f 7567//10653 7566//10611 7818//10649
f 7821//10652 7818//10649 7817//10648
f 7566//10611 7780//10609 7818//10649
f 7820//10651 7817//10648 7810//10641
f 7819//10650 7810//10641 7809//10640
f 7817//10648 7779//10608 7776//10605
f 7818//10649 7780//10609 7779//10608
f 7816//10647 7809//10640 7812//10643
f 7815//10646 7812//10643 7811//10642
f 7809//10640 7775//10604 7774//10603
f 7814//10645 7811//10642 7782//10613
f 7813//10644 7782//10613 7781//10612
f 7811//10642 7773//10602 7770//10599
f 7812//10643 7774//10603 7773//10602
f 7810//10641 7776//10605 7775//10604
f 7808//10639 7813//10644 7799//10630
f 7591//10398 7807//10638 7806//10637
f 7805//10636 7623//10430 7622//10429
f 7807//10638 7799//10630 7798//10629
f 7800//10631 7598//10405 7623//10430
f 7804//10635 7599//10406 7598//10405
f 7796//10627 7800//10631 7805//10636
f 7806//10637 7798//10629 7797//10628
f 7801//10632 7604//10411 7599//10406
f 7802//10633 7605//10412 7604//10411
f 7792//10623 7801//10632 7804//10635
f 7783//10614 7589//10396 7605//10412
f 7803//10634 7590//10397 7589//10396
f 7784//10615 7783//10614 7802//10633
f 7790//10621 7802//10633 7801//10632
f 7793//10624 7804//10635 7800//10631
f 7799//10630 7781//10612 7795//10626
f 7798//10629 7795//10626 7794//10625
f 7781//10612 7751//10578 7750//10577
f 7786//10617 7796//10627 7797//10628
f 7791//10622 7793//10624 7796//10627
f 7745//10572 7786//10617 7794//10625
f 7795//10626 7750//10577 7749//10576
f 7787//10618 7792//10623 7793//10624
f 7788//10619 7790//10621 7792//10623
f 7743//10570 7787//10618 7791//10622
f 7716//10543 7784//10615 7790//10621
f 7789//10620 7785//10616 7784//10615
f 7717//10544 7716//10543 7788//10619
f 7741//10568 7788//10619 7787//10618
f 7744//10571 7791//10622 7786//10617
f 7785//10616 7803//10634 7783//10614
f 7782//10613 7770//10599 7751//10578
f 7565//10610 7564//10596 7778//10607
f 7779//10608 7777//10606 7769//10598
f 7780//10609 7778//10607 7777//10606
f 7778//10607 7564//10596 7765//10592
f 7777//10606 7764//10591 7762//10589
f 7778//10607 7765//10592 7764//10591
f 7776//10605 7769//10598 7768//10597
f 7775//10604 7768//10597 7772//10601
f 7773//10602 7771//10600 7752//10579
f 7774//10603 7772//10601 7771//10600
f 7768//10597 7760//10587 7757//10584
f 7771//10600 7756//10583 7754//10581
f 7772//10601 7757//10584 7756//10583
f 7770//10599 7752//10579 7748//10575
f 7769//10598 7762//10589 7760//10587
f 7563//10594 7587//10815 7767//10595
f 7764//10591 7763//10590 7766//10593
f 7765//10592 7767//10595 7763//10590
f 7762//10589 7766//10593 7761//10588
f 7760//10587 7761//10588 7759//10586
f 7756//10583 7755//10582 7758//10585
f 7757//10584 7759//10586 7755//10582
f 7754//10581 7758//10585 7753//10580
f 7752//10579 7754//10581 7736//10563
f 7751//10578 7748//10575 7747//10574
f 7749//10576 7746//10573 7737//10564
f 7750//10577 7747//10574 7746//10573
f 7748//10575 7736//10563 7734//10561
f 7746//10573 7733//10560 7730//10557
f 7747//10574 7734//10561 7733//10560
f 7742//10569 7744//10571 7745//10572
f 7738//10565 7743//10570 7744//10571
f 7739//10566 7741//10568 7743//10570
f 7726//10553 7738//10565 7742//10569
f 7719//10546 7717//10544 7741//10568
f 7740//10567 7718//10545 7717//10544
f 7720//10547 7719//10546 7739//10566
f 7724//10551 7739//10566 7738//10565
f 7728//10555 7742//10569 7737//10564
f 7736//10563 7753//10580 7735//10562
f 7733//10560 7732//10559 7731//10558
f 7734//10561 7735//10562 7732//10559
f 7729//10556 7728//10555 7730//10557
f 7727//10554 7726//10553 7728//10555
f 7725//10552 7724//10551 7726//10553
f 7722//10549 7720//10547 7724//10551
f 7723//10550 7721//10548 7720//10547
f 7721//10548 7740//10567 7719//10546
f 7718//10545 7789//10620 7716//10543
f 7562//10542 7561//10541 7715//10537
f 7713//10532 7715//10537 7560//10540
f 7714//10536 7558//10538 7559//10539
f 7558//10538 7714//10536 7708//10527
f 7714//10536 7712//10531 7709//10528
f 7707//10526 7554//10525 7558//10538
f 7715//10537 7713//10532 7712//10531
f 7557//10535 7556//10534 7711//10530
f 7555//10533 7552//10512 7695//10509
f 7713//10532 7711//10530 7710//10529
f 7712//10531 7710//10529 7697//10514
f 7710//10529 7694//10508 7693//10507
f 7709//10528 7697//10514 7696//10513
f 7711//10530 7695//10509 7694//10508
f 7704//10521 7707//10526 7708//10527
f 7554//10525 7707//10526 7705//10522
f 7703//10520 7705//10522 7707//10526
f 7706//10524 7553//10523 7554//10525
f 7553//10523 7706//10524 7698//10515
f 7699//10516 7698//10515 7706//10524
f 7660//10471 7546//10470 7553//10523
f 7702//10519 7706//10524 7705//10522
f 7700//10517 7703//10520 7704//10521
f 7696//10513 7681//10492 7680//10491
f 7701//10518 7702//10519 7703//10520
f 7661//10472 7699//10516 7702//10519
f 7662//10473 7661//10472 7701//10518
f 7655//10464 7657//10466 7699//10516
f 7678//10489 7701//10518 7700//10517
f 7657//10466 7660//10471 7698//10515
f 7697//10514 7693//10507 7681//10492
f 7551//10511 7692//10506 7695//10509
f 7550//10510 7548//10503 7689//10500
f 7695//10509 7692//10506 7691//10505
f 7694//10508 7691//10505 7682//10493
f 7691//10505 7688//10499 7687//10498
f 7693//10507 7682//10493 7679//10490
f 7692//10506 7689//10500 7688//10499
f 7549//10504 7547//10502 7685//10496
f 7547//10502 7569//10661 7690//10501
f 7689//10500 7685//10496 7684//10495
f 7688//10499 7684//10495 7665//10476
f 7687//10498 7665//10476 7664//10475
f 7684//10495 7683//10494 7686//10497
f 7685//10496 7690//10501 7683//10494
f 7682//10493 7687//10498 7675//10486
f 7681//10492 7679//10490 7677//10488
f 7680//10491 7677//10488 7676//10487
f 7679//10490 7675//10486 7674//10485
f 7666//10477 7662//10473 7678//10489
f 7632//10439 7634//10441 7662//10473
f 7676//10487 7672//10483 7667//10478
f 7677//10488 7674//10485 7672//10483
f 7675//10486 7664//10475 7670//10481
f 7674//10485 7670//10481 7669//10480
f 7664//10475 7663//10474 7673//10484
f 7672//10483 7669//10480 7593//10400
f 7667//10478 7593//10400 7592//10399
f 7669//10480 7668//10479 7671//10482
f 7670//10481 7673//10484 7668//10479
f 7627//10434 7632//10439 7666//10477
f 7665//10476 7686//10497 7663//10474
f 7634//10441 7655//10464 7661//10472
f 7546//10470 7660//10471 7658//10467
f 7656//10465 7658//10467 7660//10471
f 7659//10469 7545//10468 7546//10470
f 7545//10468 7659//10469 7650//10459
f 7651//10460 7650//10459 7659//10469
f 7649//10458 7544//10457 7545//10468
f 7654//10463 7659//10469 7658//10467
f 7652//10461 7656//10465 7657//10466
f 7653//10462 7654//10463 7656//10465
f 7633//10440 7652//10461 7655//10464
f 7635//10442 7651//10460 7654//10463
f 7643//10450 7645//10452 7651//10460
f 7630//10437 7635//10442 7653//10462
f 7631//10438 7653//10462 7652//10461
f 7645//10452 7649//10458 7650//10459
f 7544//10457 7649//10458 7646//10453
f 7644//10451 7646//10453 7649//10458
f 7647//10454 7543//10455 7544//10457
f 7636//10443 7543//10455 7647//10454
f 7648//10456 7584//10780 7543//10455
f 7637//10444 7636//10443 7647//10454
f 7642//10449 7647//10454 7646//10453
f 7639//10446 7644//10451 7645//10452
f 7640//10447 7642//10449 7644//10451
f 7617//10424 7639//10446 7643//10450
f 7594//10401 7637//10444 7642//10449
f 7641//10448 7638//10445 7637//10444
f 7595//10402 7594//10401 7640//10447
f 7615//10422 7640//10447 7639//10446
f 7638//10445 7648//10456 7636//10443
f 7618//10425 7643//10450 7635//10442
f 7628//10435 7633//10440 7634//10441
f 7629//10436 7631//10438 7633//10440
f 7626//10433 7628//10435 7632//10439
f 7619//10426 7630//10437 7631//10438
f 7616//10423 7618//10425 7630//10437
f 7620//10427 7619//10426 7629//10436
f 7625//10432 7629//10436 7628//10435
f 7621//10428 7626//10433 7627//10434
f 7624//10431 7625//10432 7626//10433
f 7622//10429 7621//10428 7592//10399
f 7597//10404 7620//10427 7625//10432
f 7609//10416 7611//10418 7620//10427
f 7598//10405 7597//10404 7624//10431
f 7623//10430 7624//10431 7621//10428
f 7611//10418 7616//10423 7619//10426
f 7612//10419 7617//10424 7618//10425
f 7613//10420 7615//10422 7617//10424
f 7610//10417 7612//10419 7616//10423
f 7600//10407 7595//10402 7615//10422
f 7614//10421 7596//10403 7595//10402
f 7601//10408 7600//10407 7613//10420
f 7608//10415 7613//10420 7612//10419
f 7603//10410 7610//10417 7611//10418
f 7606//10413 7608//10415 7610//10417
f 7604//10411 7603//10410 7609//10416
f 7588//10395 7601//10408 7608//10415
f 7607//10414 7602//10409 7601//10408
f 7589//10396 7588//10395 7606//10413
f 7605//10412 7606//10413 7603//10410
f 7602//10409 7614//10421 7600//10407
f 7599//10406 7609//10416 7597//10404
f 7596//10403 7641//10448 7594//10401
f 7593//10400 7671//10482 7591//10398
f 7590//10397 7607//10414 7588//10395
f 7163//10846 7562//10846 7559//10847
f 7558//10848 7166//10848 7165//10849
f 7165//10849 7559//10847 7558//10848
f 7165//10849 7164//10850 7559//10847
f 7554//10851 7168//10851 7167//10852
f 7167//10852 7558//10848 7554//10851
f 7553//10853 7171//10853 7170//10854
f 7170//10854 7554//10851 7553//10853
f 7170//10854 7169//10855 7554//10851
f 7546//10856 7173//10856 7172//10857
f 7172//10857 7553//10853 7546//10856
f 7545//10858 7175//10858 7174//10859
f 7174//10859 7546//10856 7545//10858
f 7544//10860 7177//10860 7176//10861
f 7176//10861 7545//10858 7544//10860
f 7543//10862 7179//10862 7178//10863
f 7178//10863 7544//10860 7543//10862
f 7583//10864 7580//10865 7122//10865
f 7584//10866 7583//10864 7121//10867
f 7121//10867 7180//10866 7584//10866
f 7584//10866 7180//10866 7179//10862
f 7179//10862 7543//10862 7584//10866
f 7581//10868 7582//10869 7124//10869
f 7581//10868 7123//10868 7122//10865
f 7122//10865 7580//10865 7581//10868
f 7127//10870 7126//10871 7578//10871
f 7579//10872 7578//10871 7126//10871
f 7579//10872 7125//10872 7124//10869
f 7124//10869 7582//10869 7579//10872
f 7126//10871 7125//10872 7579//10872
f 7576//10873 7128//10873 7130//10874
f 7130//10874 7577//10875 7576//10873
f 7575//10876 7134//10876 7129//10877
f 7129//10877 7576//10873 7575//10876
f 7136//10878 7133//10879 7573//10879
f 7135//10880 7574//10880 7573//10879
f 7574//10880 7135//10880 7134//10876
f 7134//10876 7575//10876 7574//10880
f 7573//10879 7133//10879 7135//10880
f 7572//10881 7132//10881 7131//10882
f 7131//10882 7571//10883 7572//10881
f 7585//10884 7103//10885 7106//10885
f 7585//10884 7137//10884 7132//10881
f 7132//10881 7572//10881 7585//10884
f 7106//10885 7137//10884 7585//10884
f 7131//10882 7136//10878 7571//10883
f 7573//10879 7571//10883 7136//10878
f 7129//10877 7128//10873 7576//10873
f 7130//10874 7127//10870 7577//10875
f 7578//10871 7577//10875 7127//10870
f 7124//10869 7123//10868 7581//10868
f 7122//10865 7121//10867 7583//10864
f 7178//10863 7177//10860 7544//10860
f 7176//10861 7175//10858 7545//10858
f 7174//10859 7173//10856 7546//10856
f 7172//10857 7171//10853 7553//10853
f 7169//10855 7168//10851 7554//10851
f 7167//10852 7166//10848 7558//10848
f 7559//10847 7164//10850 7163//10846
f 7933//10886 7934//10887 7163//10888
f 7161//10889 7935//10890 7933//10886
f 7163//10888 7161//10889 7933//10886
f 7161//10889 7160//10891 7935//10890
f 7936//10892 7155//10893 7159//10894
f 7159//10894 7157//10895 7936//10892
f 7937//10896 7935//10890 7162//10897
f 7155//10893 7936//10892 7937//10896
f 7162//10897 7155//10893 7937//10896
f 7157//10895 7156//10898 7936//10892
f 7938//10899 7149//10900 7154//10901
f 7939//10902 7936//10892 7158//10903
f 7150//10904 7938//10899 7939//10902
f 7158//10903 7150//10904 7939//10902
f 7150//10904 7149//10900 7938//10899
f 7152//10905 7940//10906 7941//10907
f 7942//10908 7940//10906 7152//10905
f 7152//10905 7151//10909 7942//10908
f 7151//10909 7153//10910 7942//10908
f 7943//10911 7942//10908 7153//10910
f 7153//10910 7120//10912 7943//10911
f 7119//10913 7944//10914 7943//10911
f 7120//10912 7119//10913 7943//10911
f 7945//10915 7944//10914 7148//10916
f 7148//10916 7146//10917 7945//10915
f 7145//10918 7946//10919 7945//10915
f 7146//10917 7145//10918 7945//10915
f 7947//10920 7946//10919 7147//10921
f 7147//10921 7139//10922 7947//10920
f 7138//10923 7948//10924 7947//10920
f 7139//10922 7138//10923 7947//10920
f 7949//10925 7144//10926 7140//10927
f 7950//10928 7948//10924 7143//10929
f 7144//10926 7951//10930 7950//10928
f 7144//10926 7949//10925 7951//10930
f 7143//10929 7144//10926 7950//10928
f 7952//10931 7142//10932 7181//10933
f 7952//10931 7949//10925 7141//10934
f 7141//10934 7142//10932 7952//10931
f 7181//10933 6998//10935 7952//10931
f 7140//10927 7141//10934 7949//10925
f 7138//10923 7143//10929 7948//10924
f 7145//10918 7147//10921 7946//10919
f 7119//10913 7148//10916 7944//10914
f 7941//10907 7938//10899 7152//10905
f 7154//10901 7152//10905 7938//10899
f 7156//10898 7158//10903 7936//10892
f 7160//10891 7162//10897 7935//10890
f 2081//10935 7953//10935 7954//10935
f 7954//10935 7955//10935 2081//10935
f 378//10935 7956//10935 7957//10935
f 7958//10935 7959//10935 7960//10935
f 7955//10935 7961//10935 2081//10935
f 7957//10935 7962//10935 378//10935
f 7960//10935 7963//10935 7958//10935
f 378//10935 7964//10935 7959//10935
f 7961//10935 7965//10935 2081//10935
f 7962//10935 7966//10935 378//10935
f 7959//10935 7956//10935 378//10935
f 2081//10935 7952//10935 6998//10935
f 7965//10935 7967//10935 2081//10935
f 7958//10935 7956//10935 7959//10935
f 7967//10935 7952//10935 2081//10935
f 7953//10935 2081//10935 378//10935
f 7966//10935 7953//10935 378//10935
f 6998//10935 6978//10935 2081//10935
f 8001//10936 8002//10937 8003//10938
f 8003//10938 8004//10939 8001//10936
f 8005//10940 8006//10941 7968//10942
f 8006//10941 7969//10943 7968//10942
f 8007//10944 8008//10945 8009//10946
f 8008//10945 8010//10947 8009//10946
f 7970//10948 7971//10949 8007//10944
f 7972//10950 7973//10951 7974//10952
f 7974//10952 8011//10953 7972//10950
f 7974//10952 7975//10954 8011//10953
f 8012//10955 8013//10956 8014//10957
f 8013//10956 8012//10955 8015//10958
f 8015//10958 8016//10959 8013//10956
f 8017//10960 8018//10961 8019//10962
f 8019//10962 8020//10963 8017//10960
f 8021//10964 8022//10965 8015//10958
f 8004//10939 8023//10966 8024//10967
f 8024//10967 8017//10960 8004//10939
f 8001//10936 8004//10939 8022//10965
f 8004//10939 8017//10960 8025//10968
f 8015//10958 8022//10965 8026//10969
f 8022//10965 8025//10968 8026//10969
f 8025//10968 8027//10970 8028//10971
f 8017//10960 8020//10963 8027//10970
f 8029//10972 7943//10973 7944//10974
f 8020//10963 7944//10974 7945//10975
f 8027//10970 7945//10975 7946//10976
f 8026//10969 8028//10971 8030//10977
f 7947//10978 8030//10977 8028//10971
f 8016//10959 7948//10979 7950//10980
f 7948//10979 8016//10959 8030//10977
f 8030//10977 7947//10978 7948//10979
f 8013//10956 7950//10980 7951//10981
f 8031//10982 8032//10983 8033//10984
f 7976//10985 8034//10986 8035//10987
f 8035//10987 7977//10988 7976//10985
f 7978//10989 7969//10943 8006//10941
f 8006//10941 8034//10986 7978//10989
f 8005//10940 8031//10982 8036//10990
f 8035//10987 8034//10986 8037//10991
f 8037//10991 8038//10992 8035//10987
f 8036//10990 8033//10984 8037//10991
f 8032//10983 8001//10936 8021//10964
f 8032//10983 8002//10937 8001//10936
f 8033//10984 8021//10964 8012//10955
f 7979//10993 8039//10994 8040//10995
f 8041//10996 7980//10997 7981//10998
f 7981//10998 8042//10999 8041//10996
f 7981//10998 7982//11000 8042//10999
f 7983//11001 8043//11002 8039//10994
f 8039//10994 7979//10993 7983//11001
f 7984//11003 8044//11004 8043//11002
f 8011//10953 7985//11005 7986//11006
f 7986//11006 8041//10996 8011//10953
f 7986//11006 7987//11007 8041//10996
f 7972//10950 8011//10953 8044//11004
f 8011//10953 8041//10996 8045//11008
f 8044//11004 8045//11008 8046//11009
f 8043//11002 8046//11009 8047//11010
f 8045//11008 8048//11011 8049//11012
f 7988//11013 7989//11014 8050//11015
f 8041//10996 8042//10999 8048//11011
f 8048//11011 8042//10999 8050//11015
f 8050//11015 8010//10947 8048//11011
f 8009//10946 8050//11015 7989//11014
f 8048//11011 8010//10947 8051//11016
f 8046//11009 8049//11012 8052//11017
f 8049//11012 8051//11016 8053//11018
f 8047//11010 8052//11017 8054//11019
f 7990//11020 8040//10995 8005//10940
f 8039//10994 8055//11021 8056//11022
f 8039//10994 8047//11010 8055//11021
f 8040//10995 8056//11022 8031//10982
f 8056//11022 8057//11023 8032//10983
f 8056//11022 8058//11024 8057//11023
f 8052//11017 8053//11018 8059//11025
f 8055//11021 8054//11019 8058//11024
f 8054//11019 8059//11025 8060//11026
f 8058//11024 8060//11026 8061//11027
f 8057//11023 8061//11027 8002//10937
f 8062//11028 7991//11029 7992//11030
f 7992//11030 8063//11031 8062//11028
f 8064//11032 8065//11033 8059//11025
f 8065//11033 8060//11026 8059//11025
f 8066//11034 7993//11035 7994//11036
f 7994//11036 8067//11037 8066//11034
f 8008//10945 8064//11032 8051//11016
f 8064//11032 8053//11018 8051//11016
f 8066//11034 8007//10944 7971//10949
f 8007//10944 8066//11034 8068//11038
f 8008//10945 8069//11039 8070//11040
f 8008//10945 8068//11038 8069//11039
f 8068//11038 8071//11041 8072//11042
f 8062//11028 8067//11037 7995//11043
f 8066//11034 8067//11037 8071//11041
f 8067//11037 8062//11028 8073//11044
f 8071//11041 8073//11044 8074//11045
f 8069//11039 8072//11042 8075//11046
f 8072//11042 8074//11045 8076//11047
f 8077//11048 8070//11040 8078//11049
f 8070//11040 8075//11046 8078//11049
f 8065//11033 8003//10938 8061//11027
f 8003//10938 8002//10937 8061//11027
f 8064//11032 8070//11040 8077//11048
f 8065//11033 8077//11048 8023//10966
f 8023//10966 8077//11048 8079//11050
f 8077//11048 8080//11051 8079//11050
f 8075//11046 8076//11047 8081//11052
f 8078//11049 8081//11052 8082//11053
f 8080//11051 8082//11053 8083//11054
f 8079//11050 8083//11054 8018//10961
f 8076//11047 8084//11055 8085//11056
f 8086//11057 8087//11058 7996//11059
f 7996//11059 7997//11060 8086//11057
f 8073//11044 8088//11061 8089//11062
f 8087//11058 8063//11031 7998//11063
f 8062//11028 8063//11031 8088//11061
f 8063//11031 8087//11058 8090//11064
f 8088//11061 8090//11064 8091//11065
f 8074//11045 8089//11062 8084//11055
f 8089//11062 8091//11065 8092//11066
f 8090//11064 8093//11067 8094//11068
f 7933//11069 8086//11057 7999//11070
f 8087//11058 8086//11057 8093//11067
f 8086//11057 7935//11071 7937//11072
f 8086//11057 7933//11069 7935//11071
f 7936//11073 8094//11068 8093//11067
f 8091//11065 8094//11068 8095//11074
f 8094//11068 7936//11073 7939//11075
f 8092//11066 8095//11074 8096//11076
f 8082//11053 8097//11077 8098//11078
f 8084//11055 8092//11066 8099//11079
f 8081//11052 8085//11056 8097//11077
f 8085//11056 8099//11079 8100//11080
f 8097//11077 8100//11080 8101//11081
f 8083//11054 8098//11078 8019//10962
f 8098//11078 8101//11081 8029//10972
f 7940//11082 8101//11081 8100//11080
f 8100//11080 8102//11083 7940//11082
f 7938//11084 8096//11076 8095//11074
f 8099//11079 8096//11076 8102//11083
f 8096//11076 7938//11084 7941//11085
f 8101//11081 7942//11086 7943//10973
f 8101//11081 7940//11082 7942//11086
f 8038//10992 8014//10957 7955//11087
f 7951//10981 7967//11088 7965//11089
f 7967//11088 7951//10981 7949//11090
f 7949//11090 7952//11091 7967//11088
f 7965//11089 8014//10957 7951//10981
f 7965//11089 7961//11092 8014//10957
f 7961//11092 7955//11087 8014//10957
f 7955//11087 7954//11093 8038//10992
f 8038//10992 7966//11094 7962//11095
f 8038//10992 7953//11096 7966//11094
f 7962//11095 8035//10987 8038//10992
f 7962//11095 7957//11097 8035//10987
f 7977//10988 8035//10987 7963//11098
f 7963//11098 7960//11099 7977//10988
f 8035//10987 7956//11100 7958//11101
f 7958//11101 7963//11098 8035//10987
f 7960//11099 7959//11102 7977//10988
f 7957//11097 7956//11100 8035//10987
f 7954//11093 7953//11096 8038//10992
f 7943//10973 8029//10972 8101//11081
f 7941//11085 8102//11083 8096//11076
f 8102//11083 8100//11080 8099//11079
f 8095//11074 7939//11075 7938//11084
f 8102//11083 7941//11085 7940//11082
f 8029//10972 8019//10962 8098//11078
f 8019//10962 8018//10961 8083//11054
f 8101//11081 8098//11078 8097//11077
f 8100//11080 8097//11077 8085//11056
f 8097//11077 8082//11053 8081//11052
f 8099//11079 8085//11056 8084//11055
f 8098//11078 8083//11054 8082//11053
f 8096//11076 8099//11079 8092//11066
f 7939//11075 8095//11074 8094//11068
f 8095//11074 8092//11066 8091//11065
f 8093//11067 7937//11072 7936//11073
f 7937//11072 8093//11067 8086//11057
f 8093//11067 8090//11064 8087//11058
f 7999//11070 7934//11103 7933//11069
f 8094//11068 8091//11065 8090//11064
f 8092//11066 8084//11055 8089//11062
f 8084//11055 8076//11047 8074//11045
f 8091//11065 8089//11062 8088//11061
f 8090//11064 8088//11061 8063//11031
f 8088//11061 8073//11044 8062//11028
f 7998//11063 7996//11059 8087//11058
f 8089//11062 8074//11045 8073//11044
f 7997//11060 7999//11070 8086//11057
f 8085//11056 8081//11052 8076//11047
f 8018//10961 8024//10967 8079//11050
f 8083//11054 8079//11050 8080//11051
f 8082//11053 8080//11051 8078//11049
f 8081//11052 8078//11049 8075//11046
f 8079//11050 8024//10967 8023//10966
f 8023//10966 8003//10938 8065//11033
f 8077//11048 8065//11033 8064//11032
f 8061//11027 8060//11026 8065//11033
f 8078//11049 8080//11051 8077//11048
f 8076//11047 8075//11046 8072//11042
f 8075//11046 8070//11040 8069//11039
f 8074//11045 8072//11042 8071//11041
f 8073//11044 8071//11041 8067//11037
f 8071//11041 8068//11038 8066//11034
f 7995//11043 7991//11029 8062//11028
f 8072//11042 8069//11039 8068//11038
f 8070//11040 8064//11032 8008//10945
f 8068//11038 8008//10945 8007//10944
f 7971//10949 7993//11035 8066//11034
f 8051//11016 8010//10947 8008//10945
f 7994//11036 7995//11043 8067//11037
f 8059//11025 8053//11018 8064//11032
f 7992//11030 7998//11063 8063//11031
f 8002//10937 8032//10983 8057//11023
f 8061//11027 8057//11023 8058//11024
f 8060//11026 8058//11024 8054//11019
f 8058//11024 8056//11022 8055//11021
f 8059//11025 8054//11019 8052//11017
f 8032//10983 8031//10982 8056//11022
f 8031//10982 8005//10940 8040//10995
f 8056//11022 8040//10995 8039//10994
f 8005//10940 8000//11104 7990//11020
f 8054//11019 8055//11021 8047//11010
f 8053//11018 8052//11017 8049//11012
f 8052//11017 8047//11010 8046//11009
f 8051//11016 8049//11012 8048//11011
f 7989//11014 7970//10948 8009//10946
f 8050//11015 8009//10946 8010//10947
f 8048//11011 8045//11008 8041//10996
f 8050//11015 8042//10999 7988//11013
f 8049//11012 8046//11009 8045//11008
f 8047//11010 8039//10994 8043//11002
f 8046//11009 8043//11002 8044//11004
f 8045//11008 8044//11004 8011//10953
f 8044//11004 7984//11003 7972//10950
f 7987//11007 7980//10997 8041//10996
f 7983//11001 7984//11003 8043//11002
f 7982//11000 7988//11013 8042//10999
f 8040//10995 7990//11020 7979//10993
f 8012//10955 8037//10991 8033//10984
f 8021//10964 8033//10984 8032//10983
f 8037//10991 8034//10986 8036//10990
f 8037//10991 8012//10955 8038//10992
f 8036//10990 8006//10941 8005//10940
f 8006//10941 8036//10990 8034//10986
f 7976//10985 7978//10989 8034//10986
f 8033//10984 8036//10990 8031//10982
f 7951//10981 8014//10957 8013//10956
f 7950//10980 8013//10956 8016//10959
f 8028//10971 7946//10976 7947//10978
f 8030//10977 8016//10959 8026//10969
f 7946//10976 8028//10971 8027//10970
f 7945//10975 8027//10970 8020//10963
f 7944//10974 8020//10963 8029//10972
f 8027//10970 8025//10968 8017//10960
f 8028//10971 8026//10969 8025//10968
f 8026//10969 8016//10959 8015//10958
f 8025//10968 8022//10965 8004//10939
f 8022//10965 8021//10964 8001//10936
f 8024//10967 8018//10961 8017//10960
f 8015//10958 8012//10955 8021//10964
f 8019//10962 8029//10972 8020//10963
f 8014//10957 8038//10992 8012//10955
f 7975//10954 7985//11005 8011//10953
f 8009//10946 7970//10948 8007//10944
f 7968//10942 8000//11104 8005//10940
f 8003//10938 8023//10966 8004//10939
f 7163//11103 7934//11103 8103//11103
f 8103//11103 7562//11103 7163//11103
f 7977//11105 8104//11106 8105//11107
f 8105//11107 7976//11108 7977//11105
f 7959//11109 7964//11109 8104//11106
f 7978//11110 8106//11111 8107//11112
f 8107//11112 7969//11113 7978//11110
f 8107//11112 7968//11114 7969//11113
f 7976//11108 8105//11107 8106//11111
f 8000//11115 8108//11116 8109//11117
f 8109//11117 7990//11118 8000//11115
f 7968//11114 8107//11112 8110//11119
f 8110//11119 8108//11116 7968//11114
f 7979//11120 8111//11121 8112//11122
f 8112//11122 7983//11123 7979//11120
f 7990//11118 8109//11117 8111//11121
f 7984//11124 8113//11125 8114//11126
f 8114//11126 7973//11127 7972//11128
f 8114//11126 7972//11128 7984//11124
f 7983//11123 8112//11122 8113//11125
f 7984//11124 7983//11123 8113//11125
f 7979//11120 7990//11118 8111//11121
f 8000//11115 7968//11114 8108//11116
f 7978//11110 7976//11108 8106//11111
f 7977//11105 7959//11109 8104//11106
f 8115//11130 8127//11130 7973//11130
f 7973//11130 8114//11130 8115//11130
f 8128//11131 8129//11131 8130//11131
f 8128//11131 8131//11131 8129//11131
f 8128//11131 8132//11131 8131//11131
f 8128//11131 8133//11131 8132//11131
f 6503//11131 8134//11131 8135//11131
f 376//11131 8136//11131 8128//11131
f 8128//11131 8136//11131 8133//11131
f 6503//11131 8137//11131 8134//11131
f 6503//11131 8138//11131 8139//11131
f 6503//11131 7096//11131 7098//11131
f 8130//11131 8140//11131 8128//11131
f 6503//11131 8141//11131 8137//11131
f 7098//11131 8138//11131 6503//11131
f 8128//11131 8118//11131 376//11131
f 8139//11131 8141//11131 6503//11131
f 8135//11131 8136//11131 6503//11131
f 376//11131 6503//11131 8136//11131
f 7975//11132 8142//11133 8143//11134
f 8142//11133 7975//11132 7974//11135
f 7974//11135 8127//11136 8142//11133
f 8143//11134 8144//11137 7975//11132
f 8145//11138 7985//11139 7975//11132
f 7975//11132 8144//11137 8145//11138
f 8146//11140 7986//11141 7985//11139
f 8146//11140 7987//11142 7986//11141
f 8145//11138 8146//11140 7985//11139
f 8147//11143 7980//11144 7987//11142
f 7987//11142 8148//11145 8147//11143
f 8149//11146 7981//11147 7980//11144
f 8149//11146 7982//11148 7981//11147
f 8147//11143 8149//11146 7980//11144
f 7989//11149 8150//11150 8151//11151
f 7989//11149 8152//11152 8153//11153
f 8152//11152 7988//11154 7982//11148
f 8152//11152 7989//11149 7988//11154
f 7982//11148 8154//11155 8152//11152
f 8153//11153 8150//11150 7989//11149
f 8155//11156 7970//11157 7989//11149
f 8156//11158 7971//11159 7970//11157
f 8156//11158 7993//11160 7971//11159
f 7970//11157 8155//11156 8156//11158
f 8157//11161 7994//11162 7993//11160
f 8158//11163 7995//11164 7994//11162
f 8158//11163 7991//11165 7995//11164
f 7994//11162 8157//11161 8158//11163
f 8159//11166 7992//11167 7991//11165
f 8160//11168 7998//11169 7992//11167
f 8160//11168 7996//11170 7998//11169
f 7992//11167 8159//11166 8160//11168
f 8161//11171 7997//11172 7996//11170
f 8160//11168 8161//11171 7996//11170
f 8162//11173 7999//11174 7997//11172
f 7997//11172 8163//11175 8162//11173
f 8103//11176 7934//11176 7999//11174
f 8162//11173 8103//11176 7999//11174
f 8161//11171 8163//11175 7997//11172
f 8158//11163 8159//11166 7991//11165
f 8156//11158 8157//11161 7993//11160
f 8151//11151 8155//11156 7989//11149
f 8149//11146 8154//11155 7982//11148
f 8146//11140 8148//11145 7987//11142
f 7974//11135 7973//11177 8127//11136
f 8138//11178 7587//11179 7563//11180
f 8138//11178 7098//11181 7586//11182
f 7586//11182 7587//11179 8138//11178
f 8164//11183 7563//11180 7564//11184
f 8165//11185 7564//11184 7565//11186
f 7565//11186 8166//11187 8167//11188
f 7565//11186 8167//11188 8165//11185
f 8166//11187 7565//11186 7566//11189
f 8168//11190 7566//11189 7567//11191
f 7567//11191 8169//11192 8168//11190
f 8169//11192 7567//11191 7568//11193
f 8170//11194 7568//11193 7570//11195
f 7570//11195 8171//11196 8170//11194
f 8172//11197 7547//11198 7549//11199
f 8172//11197 7569//11200 7547//11198
f 7549//11199 8173//11201 8172//11197
f 8171//11196 7570//11195 7569//11200
f 8174//11202 7548//11203 7550//11204
f 7550//11204 8175//11205 8174//11202
f 8173//11201 7549//11199 7548//11203
f 8176//11206 7552//11207 7555//11208
f 7555//11208 8177//11209 8176//11206
f 8176//11206 8178//11210 7552//11207
f 8175//11205 7550//11204 7551//11211
f 7551//11211 7552//11207 8175//11205
f 8177//11209 7556//11212 7557//11213
f 8179//11214 7557//11213 7560//11215
f 7560//11215 8180//11216 8179//11214
f 8177//11209 7555//11208 7556//11212
f 8181//11217 7561//11218 7562//11219
f 7562//11219 8103//11220 8181//11217
f 8180//11216 7560//11215 7561//11218
f 8181//11217 8180//11216 7561//11218
f 7557//11213 8179//11214 8177//11209
f 8178//11210 8175//11205 7552//11207
f 8174//11202 8173//11201 7548//11203
f 8172//11197 8171//11196 7569//11200
f 7568//11193 8170//11194 8169//11192
f 7566//11189 8168//11190 8166//11187
f 7564//11184 8165//11185 8164//11183
f 7563//11180 8164//11183 8138//11178
f 8192//11221 8193//11222 8194//11223
f 8182//11224 8183//11225 8195//11226
f 8196//11227 8197//11228 8198//11229
f 8199//11230 8200//11231 8201//11232
f 8202//11233 8203//11234 8204//11235
f 8205//11236 8194//11223 8200//11231
f 8203//11234 8192//11221 8205//11236
f 8204//11235 8205//11236 8199//11230
f 8206//11237 8204//11235 8207//11238
f 8197//11228 8202//11233 8206//11237
f 8198//11229 8206//11237 8208//11239
f 8208//11239 8207//11238 8209//11240
f 8210//11241 8201//11232 8172//11242
f 8207//11238 8199//11230 8210//11241
f 8209//11240 8210//11241 8173//11243
f 8209//11240 8174//11244 8211//11245
f 8174//11244 8175//11246 8211//11245
f 8211//11245 8212//11247 8209//11240
f 8208//11239 8212//11247 8213//11248
f 8212//11247 8214//11249 8213//11248
f 8214//11249 8212//11247 8211//11245
f 8215//11250 8211//11245 8178//11251
f 8216//11252 8217//11253 8213//11248
f 8218//11254 8219//11255 8220//11256
f 8198//11229 8217//11253 8221//11257
f 8217//11253 8216//11252 8221//11257
f 8196//11227 8222//11258 8220//11256
f 8222//11258 8223//11259 8220//11256
f 8223//11259 8222//11258 8221//11257
f 8224//11260 8221//11257 8216//11252
f 8225//11261 8223//11259 8224//11260
f 8155//11262 8218//11254 8226//11263
f 8226//11263 8156//11264 8155//11262
f 8226//11263 8220//11256 8223//11259
f 8225//11261 8227//11265 8157//11266
f 8227//11265 8158//11267 8157//11266
f 8227//11265 8224//11260 8228//11268
f 8229//11269 8228//11268 8230//11270
f 8231//11271 8214//11249 8215//11250
f 8228//11268 8216//11252 8232//11272
f 8232//11272 8213//11248 8214//11249
f 8230//11270 8232//11272 8231//11271
f 8233//11273 8231//11271 8234//11274
f 8234//11274 8215//11250 8176//11275
f 8177//11276 8179//11277 8235//11278
f 8236//11279 8233//11273 8235//11278
f 8229//11269 8237//11280 8159//11281
f 8237//11280 8160//11282 8159//11281
f 8237//11280 8230//11270 8233//11273
f 8236//11279 8161//11283 8160//11282
f 8238//11284 8163//11285 8161//11283
f 8238//11284 8162//11286 8163//11285
f 8238//11284 8235//11278 8179//11277
f 8179//11277 8180//11287 8238//11284
f 8181//11288 8103//11289 8162//11286
f 8239//11290 8240//11291 8241//11292
f 8240//11291 8242//11293 8241//11292
f 8184//11294 8243//11295 8244//11296
f 8243//11295 8245//11297 8244//11296
f 8244//11296 8185//11298 8184//11294
f 8246//11299 8195//11226 8239//11290
f 8186//11300 8182//11224 8246//11299
f 8246//11299 8247//11301 8248//11302
f 8247//11301 8249//11303 8248//11302
f 8245//11297 8243//11295 8248//11302
f 8185//11298 8244//11296 8142//11304
f 8244//11296 8143//11305 8142//11304
f 8245//11297 8145//11306 8144//11307
f 8144//11307 8244//11296 8245//11297
f 8145//11306 8245//11297 8250//11308
f 8250//11308 8248//11302 8249//11303
f 8250//11308 8251//11309 8148//11310
f 8251//11309 8147//11311 8148//11310
f 8251//11309 8249//11303 8252//11312
f 8242//11293 8240//11291 8253//11313
f 8249//11303 8247//11301 8241//11292
f 8252//11312 8241//11292 8242//11293
f 8254//11314 8242//11293 8255//11315
f 8253//11313 8193//11222 8192//11221
f 8192//11221 8255//11315 8253//11313
f 8255//11315 8203//11234 8202//11233
f 8202//11233 8256//11316 8255//11315
f 8257//11317 8254//11314 8256//11316
f 8147//11311 8251//11309 8258//11318
f 8258//11318 8252//11312 8254//11314
f 8257//11317 8154//11319 8149//11320
f 8257//11317 8152//11321 8154//11319
f 8152//11321 8257//11317 8259//11322
f 8259//11322 8256//11316 8197//11228
f 8197//11228 8196//11227 8259//11322
f 8218//11254 8151//11323 8150//11324
f 8153//11325 8259//11322 8219//11255
f 8219//11255 8218//11254 8153//11325
f 8187//11326 8260//11327 8261//11328
f 8260//11327 8262//11329 8261//11328
f 8188//11330 8189//11331 8263//11332
f 8260//11327 8187//11326 8188//11330
f 8263//11332 8264//11333 8265//11334
f 8264//11333 8266//11335 8265//11334
f 8262//11329 8260//11327 8265//11334
f 8195//11226 8183//11225 8190//11336
f 8190//11336 8261//11328 8195//11226
f 8195//11226 8261//11328 8262//11329
f 8239//11290 8262//11329 8267//11337
f 8267//11337 8265//11334 8266//11335
f 8268//11338 8193//11222 8253//11313
f 8240//11291 8267//11337 8269//11339
f 8269//11339 8268//11338 8240//11291
f 8269//11339 8266//11335 8270//11340
f 8271//11341 8272//11342 8270//11340
f 8266//11335 8264//11333 8273//11343
f 8273//11343 8271//11341 8266//11335
f 8268//11338 8269//11339 8274//11344
f 8270//11340 8272//11342 8275//11345
f 8275//11345 8274//11344 8270//11340
f 8276//11346 8274//11344 8277//11347
f 8193//11222 8268//11338 8276//11346
f 8194//11223 8276//11346 8278//11348
f 8275//11345 8272//11342 8279//11349
f 8271//11341 8273//11343 8165//11350
f 8166//11351 8168//11352 8279//11349
f 8272//11342 8271//11341 8167//11353
f 8167//11353 8166//11351 8272//11342
f 8278//11348 8277//11347 8280//11354
f 8168//11352 8169//11355 8281//11356
f 8277//11347 8275//11345 8281//11356
f 8280//11354 8281//11356 8169//11355
f 8200//11231 8278//11348 8282//11357
f 8282//11357 8280//11354 8170//11358
f 8201//11232 8282//11357 8171//11359
f 8264//11333 8263//11332 8132//11360
f 8132//11360 8133//11361 8264//11333
f 8263//11332 8131//11362 8132//11360
f 8263//11332 8129//11363 8131//11362
f 8263//11332 8130//11364 8129//11363
f 8189//11331 8140//11365 8130//11364
f 8130//11364 8263//11332 8189//11331
f 8189//11331 8128//11366 8140//11365
f 8273//11343 8134//11367 8137//11368
f 8264//11333 8135//11369 8134//11367
f 8134//11367 8273//11343 8264//11333
f 8264//11333 8136//11370 8135//11369
f 8164//11371 8273//11343 8139//11372
f 8139//11372 8138//11373 8164//11371
f 8273//11343 8141//11374 8139//11372
f 8164//11371 8165//11350 8273//11343
f 8137//11368 8141//11374 8273//11343
f 8133//11361 8136//11370 8264//11333
f 8171//11359 8172//11242 8201//11232
f 8170//11358 8171//11359 8282//11357
f 8282//11357 8201//11232 8200//11231
f 8169//11355 8170//11358 8280//11354
f 8281//11356 8280//11354 8277//11347
f 8281//11356 8279//11349 8168//11352
f 8280//11354 8282//11357 8278//11348
f 8279//11349 8272//11342 8166//11351
f 8165//11350 8167//11353 8271//11341
f 8279//11349 8281//11356 8275//11345
f 8278//11348 8200//11231 8194//11223
f 8276//11346 8194//11223 8193//11222
f 8277//11347 8278//11348 8276//11346
f 8275//11345 8277//11347 8274//11344
f 8274//11344 8276//11346 8268//11338
f 8270//11340 8266//11335 8271//11341
f 8270//11340 8274//11344 8269//11339
f 8253//11313 8240//11291 8268//11338
f 8266//11335 8269//11339 8267//11337
f 8267//11337 8240//11291 8239//11290
f 8262//11329 8239//11290 8195//11226
f 8190//11336 8191//11375 8261//11328
f 8265//11334 8267//11337 8262//11329
f 8265//11334 8260//11327 8263//11332
f 8263//11332 8260//11327 8188//11330
f 8261//11328 8191//11375 8187//11326
f 8150//11324 8153//11325 8218//11254
f 8196//11227 8219//11255 8259//11322
f 8259//11322 8153//11325 8152//11321
f 8149//11320 8258//11318 8257//11317
f 8254//11314 8257//11317 8258//11318
f 8258//11318 8149//11320 8147//11311
f 8256//11316 8259//11322 8257//11317
f 8202//11233 8197//11228 8256//11316
f 8192//11221 8203//11234 8255//11315
f 8255//11315 8256//11316 8254//11314
f 8242//11293 8254//11314 8252//11312
f 8241//11292 8252//11312 8249//11303
f 8253//11313 8255//11315 8242//11293
f 8252//11312 8258//11318 8251//11309
f 8148//11310 8146//11376 8250//11308
f 8249//11303 8251//11309 8250//11308
f 8250//11308 8146//11376 8145//11306
f 8144//11307 8143//11305 8244//11296
f 8142//11304 8127//11377 8185//11298
f 8248//11302 8250//11308 8245//11297
f 8248//11302 8243//11295 8246//11299
f 8246//11299 8243//11295 8186//11300
f 8239//11290 8247//11301 8246//11299
f 8184//11294 8186//11300 8243//11295
f 8241//11292 8247//11301 8239//11290
f 8162//11286 8238//11284 8181//11288
f 8180//11287 8181//11288 8238//11284
f 8161//11283 8236//11279 8238//11284
f 8160//11282 8237//11280 8236//11279
f 8233//11273 8236//11279 8237//11280
f 8159//11281 8158//11267 8229//11269
f 8235//11278 8238//11284 8236//11279
f 8235//11278 8234//11274 8177//11276
f 8176//11275 8177//11276 8234//11274
f 8234//11274 8235//11278 8233//11273
f 8231//11271 8233//11273 8230//11270
f 8214//11249 8231//11271 8232//11272
f 8232//11272 8230//11270 8228//11268
f 8215//11250 8234//11274 8231//11271
f 8230//11270 8237//11280 8229//11269
f 8227//11265 8229//11269 8158//11267
f 8228//11268 8229//11269 8227//11265
f 8157//11266 8156//11264 8225//11261
f 8226//11263 8225//11261 8156//11264
f 8223//11259 8225//11261 8226//11263
f 8155//11262 8151//11323 8218//11254
f 8224//11260 8227//11265 8225//11261
f 8216//11252 8228//11268 8224//11260
f 8221//11257 8224//11260 8223//11259
f 8220//11256 8219//11255 8196//11227
f 8221//11257 8222//11258 8198//11229
f 8220//11256 8226//11263 8218//11254
f 8213//11248 8232//11272 8216//11252
f 8178//11251 8176//11275 8215//11250
f 8211//11245 8215//11250 8214//11249
f 8213//11248 8217//11253 8208//11239
f 8175//11246 8178//11251 8211//11245
f 8173//11243 8174//11244 8209//11240
f 8210//11241 8209//11240 8207//11238
f 8172//11242 8173//11243 8210//11241
f 8209//11240 8212//11247 8208//11239
f 8208//11239 8217//11253 8198//11229
f 8206//11237 8198//11229 8197//11228
f 8207//11238 8208//11239 8206//11237
f 8199//11230 8207//11238 8204//11235
f 8205//11236 8204//11235 8203//11234
f 8200//11231 8199//11230 8205//11236
f 8204//11235 8206//11237 8202//11233
f 8201//11232 8210//11241 8199//11230
f 8198//11229 8222//11258 8196//11227
f 8195//11226 8246//11299 8182//11224
f 8194//11223 8205//11236 8192//11221
f 8185//11378 8127//11379 8115//11380
f 8117//11381 8184//11382 8185//11378
f 8115//11380 8117//11381 8185//11378
f 8186//11383 8184//11382 8116//11384
f 8121//11385 8182//11386 8186//11383
f 8116//11384 8121//11385 8186//11383
f 8190//11387 8123//11388 8122//11389
f 8183//11390 8182//11386 8120//11391
f 8123//11388 8190//11387 8183//11390
f 8120//11391 8123//11388 8183//11390
f 8187//11392 8191//11393 8126//11394
f 8125//11395 8188//11396 8187//11392
f 8126//11394 8125//11395 8187//11392
f 8191//11393 8190//11387 8126//11394
f 8189//11397 8188//11396 8124//11398
f 8119//11399 8128//11400 8189//11397
f 8124//11398 8119//11399 8189//11397
f 8119//11399 8118//11400 8128//11400
f 8125//11395 8124//11398 8188//11396
f 8122//11389 8126//11394 8190//11387
f 8121//11385 8120//11391 8182//11386
f 8117//11381 8116//11384 8184//11382
