# OBJ generated by ONSHAPE BY PTC INC, 1.221 Units = meters
mtllib link_1.mtl
v -0.0268417 0.00291921 0
v -0.0263688 0.0058042 0
v -0.0255866 0.00862114 0
v -0.0245045 0.011337 0
v -0.0231351 0.01392 0
v -0.0214945 0.0163397 0
v -0.0196019 0.0185679 0
v -0.0174794 0.0205784 0
v -0.0151521 0.0223476 0
v -0.012647 0.0238548 0
v -0.00999373 0.0250824 0
v -0.00722327 0.0260158 0
v -0.00436811 0.0266443 0
v -0.00146175 0.0269604 0
v 0.00146175 0.0269604 0
v 0.00436811 0.0266443 0
v 0.00722327 0.0260158 0
v 0.00999373 0.0250824 0
v 0.012647 0.0238548 0
v 0.0151521 0.0223476 0
v 0.0174794 0.0205784 0
v 0.0196019 0.0185679 0
v 0.0214945 0.0163397 0
v 0.0231351 0.01392 0
v 0.0245045 0.011337 0
v 0.0255866 0.00862114 0
v 0.0263688 0.0058042 0
v 0.0268417 0.00291921 0
v 0.027 1.22159e-18 0
v 0.0268417 -0.00291921 0
v 0.0263688 -0.0058042 0
v 0.0255866 -0.00862114 0
v 0.0245045 -0.011337 0
v 0.0231351 -0.01392 0
v 0.0214945 -0.0163397 0
v 0.0196019 -0.0185679 0
v 0.0174794 -0.0205784 0
v 0.0151521 -0.0223476 0
v 0.012647 -0.0238548 0
v 0.00999373 -0.0250824 0
v 0.00722327 -0.0260158 0
v 0.00436811 -0.0266443 0
v 0.00146175 -0.0269604 0
v -0.00146175 -0.0269604 0
v -0.00436811 -0.0266443 0
v -0.00722327 -0.0260158 0
v -0.00999373 -0.0250824 0
v -0.012647 -0.0238548 0
v -0.0151521 -0.0223476 0
v -0.0174794 -0.0205784 0
v -0.0196019 -0.0185679 0
v -0.0214945 -0.0163397 0
v -0.0231351 -0.01392 0
v -0.0245045 -0.011337 0
v -0.0255866 -0.00862114 0
v -0.0263688 -0.0058042 0
v -0.0268417 -0.00291921 0
v -0.027 -2.08496e-18 0
v 0 -2.08496e-18 0
v -0.027 -8.69805e-18 0.0005
v -0.0268417 0.00291921 0.0005
v -0.0263688 0.0058042 0.0005
v -0.0255866 0.00862114 0.0005
v -0.0245045 0.011337 0.0005
v -0.0231351 0.01392 0.0005
v -0.0214945 0.0163397 0.0005
v -0.0196019 0.0185679 0.0005
v -0.0174794 0.0205784 0.0005
v -0.0151521 0.0223476 0.0005
v -0.012647 0.0238548 0.0005
v -0.00999373 0.0250824 0.0005
v -0.00722327 0.0260158 0.0005
v -0.00436811 0.0266443 0.0005
v -0.00146175 0.0269604 0.0005
v 0.00146175 0.0269604 0.0005
v 0.00436811 0.0266443 0.0005
v 0.00722327 0.0260158 0.0005
v 0.00999373 0.0250824 0.0005
v 0.012647 0.0238548 0.0005
v 0.0151521 0.0223476 0.0005
v 0.0174794 0.0205784 0.0005
v 0.0196019 0.0185679 0.0005
v 0.0214945 0.0163397 0.0005
v 0.0231351 0.01392 0.0005
v 0.0245045 0.011337 0.0005
v 0.0255866 0.00862114 0.0005
v 0.0263688 0.0058042 0.0005
v 0.0268417 0.00291921 0.0005
v 0.027 7.83468e-18 0.0005
v 0.0268417 -0.00291921 0.0005
v 0.0263688 -0.0058042 0.0005
v 0.0255866 -0.00862114 0.0005
v 0.0245045 -0.011337 0.0005
v 0.0231351 -0.01392 0.0005
v 0.0214945 -0.0163397 0.0005
v 0.0196019 -0.0185679 0.0005
v 0.0174794 -0.0205784 0.0005
v 0.0151521 -0.0223476 0.0005
v 0.012647 -0.0238548 0.0005
v 0.00999373 -0.0250824 0.0005
v 0.00722327 -0.0260158 0.0005
v 0.00436811 -0.0266443 0.0005
v 0.00146175 -0.0269604 0.0005
v -0.00146175 -0.0269604 0.0005
v -0.00436811 -0.0266443 0.0005
v -0.00722327 -0.0260158 0.0005
v -0.00999373 -0.0250824 0.0005
v -0.012647 -0.0238548 0.0005
v -0.0151521 -0.0223476 0.0005
v -0.0174794 -0.0205784 0.0005
v -0.0196019 -0.0185679 0.0005
v -0.0214945 -0.0163397 0.0005
v -0.0231351 -0.01392 0.0005
v -0.0245045 -0.011337 0.0005
v -0.0255866 -0.00862114 0.0005
v -0.0263688 -0.0058042 0.0005
v -0.0268417 -0.00291921 0.0005
v -0.0289858 0.0208562 0.0005
v 0.0343001 0.00696457 0.0005
v 0.0348246 0.00349983 0.0005
v 0.035 4.66611e-17 0.0005
v -0.02844 0.0229901 0.0005
v 0.0348246 -0.00349983 0.0005
v 0.0343001 -0.00696457 0.0005
v 0.0334317 -0.0103595 0.0005
v 0.0307018 -0.0168048 0.0005
v -0.0343001 0.00696457 0.0005
v -0.0334317 0.0103595 0.0005
v -0.0307018 0.0168048 0.0005
v -0.0297422 0.0187875 0.0005
v -0.0281103 0.025168 0.0005
v 0.0322283 -0.0136506 0.0005
v 0.0297422 -0.0187875 0.0005
v 0.02844 -0.0229901 0.0005
v 0.0281103 -0.025168 0.0005
v 0.0289858 -0.0208562 0.0005
v 0.028 -0.0273679 0.0005
v 0.028 -0.040875 0.0005
v -0.028 -0.040875 0.0005
v -0.02844 -0.0229901 0.0005
v -0.0289858 -0.0208562 0.0005
v -0.0322283 0.0136506 0.0005
v -0.028 0.0273679 0.0005
v -0.028 0.040875 0.0005
v 0.028 0.040875 0.0005
v 0.02844 0.0229901 0.0005
v 0.0289858 0.0208562 0.0005
v 0.0307018 0.0168048 0.0005
v 0.0322283 0.0136506 0.0005
v -0.0281103 -0.025168 0.0005
v -0.0348246 0.00349983 0.0005
v 0.0281103 0.025168 0.0005
v 0.0297422 0.0187875 0.0005
v -0.028 -0.0273679 0.0005
v -0.0307018 -0.0168048 0.0005
v -0.0322283 -0.0136506 0.0005
v 0.028 0.0273679 0.0005
v -0.0297422 -0.0187875 0.0005
v -0.0334317 -0.0103595 0.0005
v -0.0343001 -0.00696457 0.0005
v -0.0348246 -0.00349983 0.0005
v -0.035 2.32988e-17 0.0005
v 0.0334317 0.0103595 0.0005
v 0.0315838 0.0195675 0.0025
v 0.0308962 0.0214482 0.0025
v 0.0304 0.0233881 0.0025
v 0.0301002 0.025368 0.0025
v 0.03 0.0273679 0.0025
v 0.0324561 0.0177651 0.0025
v 0.0324561 -0.0177651 0.0025
v 0.0340699 -0.0144306 0.0025
v 0.0353421 -0.0109515 0.0025
v 0.0362601 -0.00736254 0.0025
v 0.0368146 -0.00369982 0.0025
v 0.037 4.97239e-17 0.0025
v 0.0368146 0.00369982 0.0025
v 0.0362601 0.00736254 0.0025
v 0.0353421 0.0109515 0.0025
v 0.0340699 0.0144306 0.0025
v 0.0301002 -0.025368 0.0025
v 0.0304 -0.0233881 0.0025
v 0.0308962 -0.0214482 0.0025
v 0.0315838 -0.0195675 0.0025
v 0.03 -0.0273679 0.0025
v 0.0324561 0.0177651 0.012
v 0.0340699 0.0144306 0.012
v 0.0353421 0.0109515 0.012
v 0.0362601 0.00736254 0.012
v 0.0368146 0.00369982 0.012
v 0.037 1.40236e-17 0.012
v 0.0368146 -0.00369982 0.012
v 0.0362601 -0.00736254 0.012
v 0.0353421 -0.0109515 0.012
v 0.0340699 -0.0144306 0.012
v 0.0324561 -0.0177651 0.012
v -0.0301002 0.025368 0.0025
v -0.0304 0.0233881 0.0025
v -0.0308962 0.0214482 0.0025
v -0.0315838 0.0195675 0.0025
v -0.0324561 0.0177651 0.0025
v -0.03 0.0273679 0.0025
v -0.0340699 0.0144306 0.0025
v -0.0353421 0.0109515 0.0025
v -0.0362601 0.00736254 0.0025
v -0.0368146 0.00369982 0.0025
v -0.037 2.44319e-17 0.0025
v -0.0368146 -0.00369982 0.0025
v -0.0362601 -0.00736254 0.0025
v -0.0353421 -0.0109515 0.0025
v -0.0340699 -0.0144306 0.0025
v -0.0324561 -0.0177651 0.0025
v -0.0315838 -0.0195675 0.0025
v -0.0308962 -0.0214482 0.0025
v -0.0304 -0.0233881 0.0025
v -0.0301002 -0.025368 0.0025
v -0.03 -0.0273679 0.0025
v -0.0324561 -0.0177651 0.012
v -0.0340699 -0.0144306 0.012
v -0.0353421 -0.0109515 0.012
v -0.0362601 -0.00736254 0.012
v -0.0368146 -0.00369982 0.012
v -0.037 2.72697e-17 0.012
v -0.0368146 0.00369982 0.012
v -0.0362601 0.00736254 0.012
v -0.0353421 0.0109515 0.012
v -0.0340699 0.0144306 0.012
v -0.0324561 0.0177651 0.012
v -0.0315838 0.0195675 0.012
v -0.0308962 0.0214482 0.012
v -0.0304 0.0233881 0.012
v -0.0301002 0.025368 0.012
v -0.03 0.0273679 0.012
v -0.03 0.040875 0.0025
v -0.03 -0.0273679 0.012
v -0.0301002 -0.025368 0.012
v -0.0304 -0.0233881 0.012
v -0.0308962 -0.0214482 0.012
v -0.0315838 -0.0195675 0.012
v -0.0307018 -0.0168048 0.014
v -0.0322283 -0.0136506 0.014
v -0.0334317 -0.0103595 0.014
v -0.0343001 -0.00696457 0.014
v -0.0348246 -0.00349983 0.014
v -0.035 2.59832e-17 0.014
v -0.0348246 0.00349983 0.014
v -0.0343001 0.00696457 0.014
v -0.0334317 0.0103595 0.014
v -0.0322283 0.0136506 0.014
v -0.0307018 0.0168048 0.014
v -0.0297422 0.0187875 0.014
v -0.0289858 0.0208562 0.014
v -0.02844 0.0229901 0.014
v -0.0281103 0.025168 0.014
v -0.028 0.0273679 0.014
v -0.028 0.036375 0.014
v -0.03 0.036375 0.012
v -0.028 -0.0273679 0.014
v -0.0281103 -0.025168 0.014
v -0.02844 -0.0229901 0.014
v -0.0289858 -0.0208562 0.014
v -0.0297422 -0.0187875 0.014
v -0.028 -0.036375 0.014
v -0.03 -0.036375 0.012
v -0.03 -0.040875 0.0025
v -0.03 0.040875 0.014
v -0.03 0.036375 0.014
v -0.0285 0.042375 0.00312132
v -0.0273787 0.042375 0.002
v 0.0273787 0.042375 0.002
v 0.03 0.040875 0.0025
v 0.03 0.0273679 0.012
v 0.0301002 0.025368 0.012
v 0.0304 0.0233881 0.012
v 0.0308962 0.0214482 0.012
v 0.0315838 0.0195675 0.012
v 0.028 0.0273679 0.014
v 0.0281103 0.025168 0.014
v 0.02844 0.0229901 0.014
v 0.0289858 0.0208562 0.014
v 0.0297422 0.0187875 0.014
v 0.0307018 0.0168048 0.014
v 0.03 0.036375 0.012
v 0.028 0.036375 0.014
v 0.0322283 0.0136506 0.014
v 0.0334317 0.0103595 0.014
v 0.0343001 0.00696457 0.014
v 0.0348246 0.00349983 0.014
v 0.035 1.28905e-17 0.014
v 0.0348246 -0.00349983 0.014
v 0.0343001 -0.00696457 0.014
v 0.0334317 -0.0103595 0.014
v 0.0322283 -0.0136506 0.014
v 0.0307018 -0.0168048 0.014
v 0.0315838 -0.0195675 0.012
v 0.0308962 -0.0214482 0.012
v 0.0304 -0.0233881 0.012
v 0.0301002 -0.025368 0.012
v 0.03 -0.0273679 0.012
v 0.0297422 -0.0187875 0.014
v 0.0289858 -0.0208562 0.014
v 0.02844 -0.0229901 0.014
v 0.0281103 -0.025168 0.014
v 0.028 -0.0273679 0.014
v 0.03 -0.036375 0.012
v 0.028 -0.036375 0.014
v 0.03 -0.040875 0.0025
v 0.0273787 -0.042375 0.002
v -0.0273787 -0.042375 0.002
v 0.0285 -0.042375 0.00312132
v 0.03 -0.040875 0.014
v 0.03 -0.036375 0.014
v 0.0285 -0.042375 0.014
v 0.0303358 -0.036375 0.0165697
v 0.0305944 -0.036375 0.0173963
v 0.0305944 -0.040875 0.0173963
v 0.0301497 -0.036375 0.0157239
v 0.0303358 -0.040875 0.0165697
v 0.0300375 -0.036375 0.0148652
v 0.0301497 -0.040875 0.0157239
v 0.0300375 -0.040875 0.0148652
v 0.0291836 -0.042375 0.0179057
v 0.0288862 -0.042375 0.0169552
v 0.0286722 -0.042375 0.0159825
v 0.0285431 -0.042375 0.014995
v 0.0378706 -0.036375 0.0375471
v 0.0378706 -0.040875 0.0375471
v -0.0285 -0.042375 0.00312132
v -0.03 -0.040875 0.014
v -0.03 -0.036375 0.014
v 0.0375613 -0.036375 0.0512527
v 0.0382271 -0.036375 0.0493639
v 0.0386905 -0.036375 0.0474156
v 0.0389914 -0.036375 0.0434271
v 0.0344334 -0.036375 0.0563563
v 0.0356538 -0.036375 0.0547684
v 0.0389462 -0.036375 0.0454293
v 0.0367003 -0.036375 0.0530609
v 0.0384506 -0.036375 0.039464
v 0.0223612 -0.036375 0.0628527
v 0.0243325 -0.036375 0.0624994
v 0.0183622 -0.036375 0.0629293
v 0.0203637 -0.036375 0.0629965
v 0.0388256 -0.036375 0.0414313
v 0.0281094 -0.036375 0.0611825
v 0.0298729 -0.036375 0.0602335
v 0.0074855 -0.036375 0.0582964
v 0.00905984 -0.036375 0.0595343
v 0.0315268 -0.036375 0.0591041
v 0.0330526 -0.036375 0.0578069
v 0.0262557 -0.036375 0.0619406
v 0.0163788 -0.036375 0.0626517
v 0.0107557 -0.036375 0.0605995
v -0.0286125 -0.036375 0.0190819
v -0.0280228 -0.036375 0.0199695
v 0.0125543 -0.036375 0.0614803
v 0.0144356 -0.036375 0.0621669
v 0.0060502 -0.036375 0.0568997
v -0.0291043 -0.036375 0.0181365
v -0.0294928 -0.036375 0.0171442
v -0.0299432 -0.036375 0.0150641
v -0.027342 -0.036375 0.0207893
v -0.0297735 -0.036375 0.0161162
v 0.0060502 -0.040875 0.0568997
v 0.0074855 -0.040875 0.0582964
v 0.00905984 -0.040875 0.0595343
v 0.0107557 -0.040875 0.0605995
v 0.0125543 -0.040875 0.0614803
v 0.0144356 -0.040875 0.0621669
v 0.0163788 -0.040875 0.0626517
v 0.0183622 -0.040875 0.0629293
v 0.0203637 -0.040875 0.0629965
v 0.0223612 -0.040875 0.0628527
v 0.0243325 -0.040875 0.0624994
v 0.0262557 -0.040875 0.0619406
v 0.0281094 -0.040875 0.0611825
v 0.0298729 -0.040875 0.0602335
v 0.0315268 -0.040875 0.0591041
v 0.0330526 -0.040875 0.0578069
v 0.0344334 -0.040875 0.0563563
v 0.0356538 -0.040875 0.0547684
v 0.0367003 -0.040875 0.0530609
v 0.0375613 -0.040875 0.0512527
v 0.0382271 -0.040875 0.0493639
v 0.0386905 -0.040875 0.0474156
v 0.0389462 -0.040875 0.0454293
v 0.0389914 -0.040875 0.0434271
v 0.0388256 -0.040875 0.0414313
v 0.0384506 -0.040875 0.039464
v 0.0364598 -0.042375 0.0380565
v -0.027342 -0.040875 0.0207893
v 0.0071515 -0.042375 0.0558813
v 0.00847349 -0.042375 0.0571677
v 0.00992354 -0.042375 0.0583079
v 0.0114855 -0.042375 0.059289
v 0.0131421 -0.042375 0.0601003
v 0.0148749 -0.042375 0.0607327
v 0.0166647 -0.042375 0.0611792
v 0.0184915 -0.042375 0.0614349
v 0.020335 -0.042375 0.0614968
v 0.0221748 -0.042375 0.0613643
v 0.0239905 -0.042375 0.061039
v 0.0257618 -0.042375 0.0605243
v 0.0274691 -0.042375 0.059826
v 0.0290935 -0.042375 0.0589519
v 0.0306168 -0.042375 0.0579117
v 0.0320221 -0.042375 0.0567169
v 0.0332939 -0.042375 0.0553808
v 0.034418 -0.042375 0.0539183
v 0.0353819 -0.042375 0.0523456
v 0.0361749 -0.042375 0.0506801
v 0.0367881 -0.042375 0.0489405
v 0.0372149 -0.042375 0.0471459
v 0.0374504 -0.042375 0.0453164
v 0.037492 -0.042375 0.0434723
v 0.0373393 -0.042375 0.0416341
v 0.036994 -0.042375 0.0398221
v -0.0299432 -0.040875 0.0150641
v -0.0297735 -0.040875 0.0161162
v -0.0294928 -0.040875 0.0171442
v -0.0291043 -0.040875 0.0181365
v -0.0286125 -0.040875 0.0190819
v -0.0280228 -0.040875 0.0199695
v -0.0285 -0.042375 0.014
v -0.0284517 -0.042375 0.0149045
v -0.0283075 -0.042375 0.0157988
v -0.0280689 -0.042375 0.0166726
v -0.0277387 -0.042375 0.017516
v -0.0273206 -0.042375 0.0183196
v -0.0268194 -0.042375 0.0190741
v -0.0262407 -0.042375 0.0197709
v -0.0285 0.042375 0.014
v -0.027342 0.036375 0.0207893
v -0.027342 0.040875 0.0207893
v -0.0280228 0.040875 0.0199695
v -0.0280228 0.036375 0.0199695
v -0.0286125 0.040875 0.0190819
v -0.0286125 0.036375 0.0190819
v -0.0291043 0.040875 0.0181365
v -0.0291043 0.036375 0.0181365
v -0.0294928 0.040875 0.0171442
v -0.0294928 0.036375 0.0171442
v -0.0297735 0.040875 0.0161162
v -0.0297735 0.036375 0.0161162
v -0.0299432 0.040875 0.0150641
v -0.0299432 0.036375 0.0150641
v 0.0285 0.042375 0.00312132
v 0.03 0.040875 0.014
v 0.03 0.036375 0.014
v -0.0262407 0.042375 0.0197709
v -0.0268194 0.042375 0.0190741
v -0.0273206 0.042375 0.0183196
v -0.0277387 0.042375 0.017516
v -0.0280689 0.042375 0.0166726
v -0.0283075 0.042375 0.0157988
v -0.0284517 0.042375 0.0149045
v 0.0060502 0.036375 0.0568997
v 0.0060502 0.040875 0.0568997
v 0.0375613 0.036375 0.0512527
v 0.0223612 0.036375 0.0628527
v 0.0203637 0.036375 0.0629965
v 0.0281094 0.036375 0.0611825
v 0.0330526 0.036375 0.0578069
v 0.0315268 0.036375 0.0591041
v 0.0356538 0.036375 0.0547684
v 0.0344334 0.036375 0.0563563
v 0.0243325 0.036375 0.0624994
v 0.0262557 0.036375 0.0619406
v 0.0367003 0.036375 0.0530609
v 0.0384506 0.036375 0.039464
v 0.0144356 0.036375 0.0621669
v 0.0125543 0.036375 0.0614803
v 0.0183622 0.036375 0.0629293
v 0.0386905 0.036375 0.0474156
v 0.0382271 0.036375 0.0493639
v 0.0389914 0.036375 0.0434271
v 0.0389462 0.036375 0.0454293
v 0.0107557 0.036375 0.0605995
v 0.0298729 0.036375 0.0602335
v 0.00905984 0.036375 0.0595343
v 0.0163788 0.036375 0.0626517
v 0.0388256 0.036375 0.0414313
v 0.0305944 0.036375 0.0173963
v 0.0378706 0.036375 0.0375471
v 0.0300375 0.036375 0.0148652
v 0.0301497 0.036375 0.0157239
v 0.0303358 0.036375 0.0165697
v 0.0074855 0.036375 0.0582964
v 0.0378706 0.040875 0.0375471
v 0.0384506 0.040875 0.039464
v 0.0388256 0.040875 0.0414313
v 0.0389914 0.040875 0.0434271
v 0.0389462 0.040875 0.0454293
v 0.0386905 0.040875 0.0474156
v 0.0382271 0.040875 0.0493639
v 0.0375613 0.040875 0.0512527
v 0.0367003 0.040875 0.0530609
v 0.0356538 0.040875 0.0547684
v 0.0344334 0.040875 0.0563563
v 0.0330526 0.040875 0.0578069
v 0.0315268 0.040875 0.0591041
v 0.0298729 0.040875 0.0602335
v 0.0281094 0.040875 0.0611825
v 0.0262557 0.040875 0.0619406
v 0.0243325 0.040875 0.0624994
v 0.0223612 0.040875 0.0628527
v 0.0203637 0.040875 0.0629965
v 0.0183622 0.040875 0.0629293
v 0.0163788 0.040875 0.0626517
v 0.0144356 0.040875 0.0621669
v 0.0125543 0.040875 0.0614803
v 0.0107557 0.040875 0.0605995
v 0.00905984 0.040875 0.0595343
v 0.0074855 0.040875 0.0582964
v 0.0071515 0.042375 0.0558813
v 0.0300375 0.040875 0.0148652
v 0.0301497 0.040875 0.0157239
v 0.0303358 0.040875 0.0165697
v 0.0305944 0.040875 0.0173963
v 0.0285 0.042375 0.014
v 0.0285431 0.042375 0.014995
v 0.0286722 0.042375 0.0159825
v 0.0288862 0.042375 0.0169552
v 0.0291836 0.042375 0.0179057
v 0.0364598 0.042375 0.0380565
v 0.036994 0.042375 0.0398221
v 0.0373393 0.042375 0.0416341
v 0.037492 0.042375 0.0434723
v 0.0374504 0.042375 0.0453164
v 0.0372149 0.042375 0.0471459
v 0.0367881 0.042375 0.0489405
v 0.0361749 0.042375 0.0506801
v 0.0353819 0.042375 0.0523456
v 0.034418 0.042375 0.0539183
v 0.0332939 0.042375 0.0553808
v 0.0320221 0.042375 0.0567169
v 0.0306168 0.042375 0.0579117
v 0.0290935 0.042375 0.0589519
v 0.0274691 0.042375 0.059826
v 0.0257618 0.042375 0.0605243
v 0.0239905 0.042375 0.061039
v 0.0221748 0.042375 0.0613643
v 0.020335 0.042375 0.0614968
v 0.0184915 0.042375 0.0614349
v 0.0166647 0.042375 0.0611792
v 0.0148749 0.042375 0.0607327
v 0.0131421 0.042375 0.0601003
v 0.0114855 0.042375 0.059289
v 0.00992354 0.042375 0.0583079
v 0.00847349 0.042375 0.0571677
v 0.027318 0.042375 0.00264645
v 0.0278536 0.042375 0.00318198
v 0.0367231 0.042375 0.0470561
v 0.0363085 0.042375 0.0487993
v 0.0369518 0.042375 0.0452788
v 0.0272817 0.042375 0.00261349
v 0.028403 0.042375 0.0170837
v 0.0287133 0.042375 0.0180755
v 0.0272423 0.042375 0.00258427
v -0.0269645 0.042375 0.0025
v 0.0357127 0.042375 0.0504893
v 0.0349424 0.042375 0.0521071
v 0.028 0.042375 0.00353553
v 0.028 0.042375 0.014
v 0.028045 0.042375 0.0150383
v 0.0281797 0.042375 0.0160687
v 0.0359895 0.042375 0.0382264
v 0.0365084 0.042375 0.0399415
v 0.0278865 0.042375 0.00321834
v 0.0279157 0.042375 0.00325775
v 0.0272002 0.042375 0.00255904
v 0.0269645 0.042375 0.0025
v -0.0278536 0.042375 0.00318198
v 0.0203254 0.042375 0.0609969
v 0.0221127 0.042375 0.0608682
v 0.0288337 0.042375 0.0585247
v 0.0303134 0.042375 0.0575142
v 0.0316786 0.042375 0.0563535
v 0.0329141 0.042375 0.0550556
v 0.034006 0.042375 0.0536349
v 0.0369923 0.042375 0.0434874
v 0.0279785 0.042375 0.00339039
v 0.0279904 0.042375 0.00343799
v 0.027941 0.042375 0.00329984
v 0.0271558 0.042375 0.00253806
v -0.0270135 0.042375 0.00250241
v -0.0272002 0.042375 0.00255904
v -0.0271558 0.042375 0.00253806
v -0.027318 0.042375 0.00264645
v 0.01676 0.042375 0.0606884
v 0.0185346 0.042375 0.0609367
v 0.0238765 0.042375 0.0605521
v 0.0255972 0.042375 0.0600521
v 0.0272557 0.042375 0.0593738
v 0.0279976 0.042375 0.00348653
v 0.0279619 0.042375 0.00334419
v 0.027062 0.042375 0.00250961
v 0.0271096 0.042375 0.00252153
v 0.0270135 0.042375 0.00250241
v -0.0271096 0.042375 0.00252153
v -0.027062 0.042375 0.00250961
v -0.0272423 0.042375 0.00258427
v -0.0278865 0.042375 0.00321834
v -0.028 0.042375 0.014
v -0.028 0.042375 0.00353553
v 0.0117288 0.042375 0.0588522
v 0.0133381 0.042375 0.0596403
v 0.0150214 0.042375 0.0602546
v -0.0279157 0.042375 0.00325775
v 0.0368439 0.042375 0.0417017
v -0.0272817 0.042375 0.00261349
v -0.0279976 0.042375 0.00348653
v 0.0102114 0.042375 0.0578991
v -0.027941 0.042375 0.00329984
v -0.0279785 0.042375 0.00339039
v -0.0279619 0.042375 0.00334419
v -0.0279904 0.042375 0.00343799
v 0.0075186 0.042375 0.0555419
v 0.00880282 0.042375 0.0567915
v -0.02689 0.042375 0.0180655
v -0.0272835 0.042375 0.0173092
v -0.0264182 0.042375 0.0187756
v -0.0258736 0.042375 0.0194315
v -0.0279546 0.042375 0.0148513
v -0.0278188 0.042375 0.015693
v -0.0275943 0.042375 0.0165154
v -0.0258736 0.0451679 0.0194315
v -0.0264182 0.0451679 0.0187756
v -0.02689 0.0451679 0.0180655
v -0.0272835 0.0451679 0.0173092
v -0.0275943 0.0451679 0.0165154
v -0.0278188 0.0451679 0.015693
v -0.0279546 0.0451679 0.0148513
v -0.028 0.0451679 0.014
v 0.0075186 0.0451679 0.0555419
v 0.0359895 0.0451679 0.0382264
v 0.0365084 0.0451679 0.0399415
v 0.0368439 0.0451679 0.0417017
v 0.0369923 0.0451679 0.0434874
v 0.0369518 0.0451679 0.0452788
v 0.0367231 0.0451679 0.0470561
v 0.0363085 0.0451679 0.0487993
v 0.0357127 0.0451679 0.0504893
v 0.0349424 0.0451679 0.0521071
v 0.034006 0.0451679 0.0536349
v 0.0329141 0.0451679 0.0550556
v 0.0316786 0.0451679 0.0563535
v 0.0303134 0.0451679 0.0575142
v 0.0288337 0.0451679 0.0585247
v 0.0272557 0.0451679 0.0593738
v 0.0255972 0.0451679 0.0600521
v 0.0238765 0.0451679 0.0605521
v 0.0221127 0.0451679 0.0608682
v 0.0203254 0.0451679 0.0609969
v 0.0185346 0.0451679 0.0609367
v 0.01676 0.0451679 0.0606884
v 0.0150214 0.0451679 0.0602546
v 0.0133381 0.0451679 0.0596403
v 0.0117288 0.0451679 0.0588522
v 0.0102114 0.0451679 0.0578991
v 0.00880282 0.0451679 0.0567915
v 0.0287133 0.0451679 0.0180755
v 0.028 0.0451679 0.014
v 0.028045 0.0451679 0.0150383
v 0.0281797 0.0451679 0.0160687
v 0.028403 0.0451679 0.0170837
v 0.027318 0.0443056 0.00264645
v 0.0278536 0.0443056 0.00318198
v -0.0278536 0.0443056 0.00318198
v -0.027318 0.0443056 0.00264645
v -0.0279996 0.0443056 0.00351658
v -0.028 0.0443056 0.00353553
v -0.0279948 0.0443056 0.00346344
v -0.0279969 0.0443056 0.00348659
v -0.0279897 0.0443056 0.00343813
v -0.0279843 0.0443056 0.00341111
v -0.0279778 0.0443056 0.0033906
v -0.0279683 0.0443056 0.00336021
v -0.0279614 0.0443056 0.00334444
v -0.0279469 0.0443056 0.0033113
v -0.0279405 0.0443056 0.00330009
v -0.0279205 0.0443056 0.00326495
v -0.0279154 0.0443056 0.00325797
v -0.0278892 0.0443056 0.00322168
v -0.0278863 0.0443056 0.00321848
v -0.0272815 0.0443056 0.00261365
v -0.0272783 0.0443056 0.00261078
v -0.027242 0.0443056 0.00258458
v -0.0272351 0.0443056 0.00257954
v -0.0271887 0.0443056 0.0025531
v -0.0271999 0.0443056 0.00255949
v -0.0271398 0.0443056 0.00253175
v -0.0271556 0.0443056 0.00253863
v -0.0270889 0.0443056 0.00251573
v -0.0271094 0.0443056 0.00252218
v -0.0270619 0.0443056 0.00251031
v -0.0270366 0.0443056 0.00250523
v -0.0270134 0.0443056 0.00250311
v -0.0269834 0.0443056 0.00250036
v -0.0269645 0.0443056 0.0025
v -0.0278516 0.0443586 0.00318398
v -0.0278456 0.044411 0.00318994
v -0.0273101 0.044411 0.00265441
v -0.027316 0.0443589 0.00264846
v -0.0278515 0.0443589 0.00318399
v -0.027316 0.0443586 0.00264845
v -0.0278357 0.0444622 0.00319979
v -0.0273002 0.0444622 0.00266426
v -0.02731 0.0444116 0.00265448
v -0.0278455 0.0444116 0.00319001
v -0.0278356 0.0444631 0.00319997
v -0.0273 0.0444631 0.00266443
v -0.0278221 0.0445116 0.00321342
v -0.0272866 0.0445116 0.00267788
v -0.0278218 0.0445128 0.00321374
v -0.0278049 0.0445587 0.00323067
v -0.0272693 0.0445587 0.00269513
v -0.0272863 0.0445128 0.00267821
v -0.0278043 0.0445601 0.00323119
v -0.0277842 0.0446029 0.00325135
v -0.0272486 0.0446029 0.00271582
v -0.0272688 0.0445601 0.00269565
v -0.0277603 0.0446438 0.00327523
v -0.0272248 0.0446438 0.0027397
v -0.0272479 0.0446045 0.00271656
v -0.0277834 0.0446045 0.0032521
v -0.0277593 0.0446455 0.00327624
v -0.0272238 0.0446455 0.0027407
v -0.0277335 0.0446809 0.00330204
v -0.027198 0.0446809 0.0027665
v -0.0271686 0.0447139 0.00279588
v -0.0271967 0.0446827 0.0027678
v -0.0277322 0.0446827 0.00330333
v -0.0277041 0.0447139 0.00333141
v 0.00762612 0.0455214 0.0554424
v -0.0257661 0.0455214 0.019332
v -0.0257903 0.0454851 0.0193544
v 0.00760193 0.0454851 0.0554648
v -0.0258117 0.0454457 0.0193743
v 0.00758047 0.0454457 0.0554847
v -0.0258303 0.0454036 0.0193914
v 0.00756195 0.0454036 0.0555018
v -0.0258457 0.0453592 0.0194056
v 0.00754654 0.0453592 0.055516
v -0.0258578 0.045313 0.0194168
v 0.00753441 0.045313 0.0555272
v -0.0258665 0.0452654 0.0194249
v 0.00752565 0.0452654 0.0555353
v -0.0258718 0.0452169 0.0194298
v 0.00752037 0.0452169 0.0555402
v 0.0359873 0.0452169 0.0382272
v 0.0359805 0.0452654 0.0382296
v 0.0359693 0.045313 0.0382337
v 0.0359537 0.0453592 0.0382393
v 0.035934 0.0454036 0.0382464
v 0.0359103 0.0454457 0.038255
v 0.00889928 0.0455214 0.0566813
v 0.0102958 0.0455214 0.0577793
v 0.0118001 0.0455214 0.0587242
v 0.0133955 0.0455214 0.0595056
v 0.0150643 0.0455214 0.0601146
v 0.0167879 0.0455214 0.0605446
v 0.0185472 0.0455214 0.0607908
v 0.0203226 0.0455214 0.0608505
v 0.0220945 0.0455214 0.0607229
v 0.0238431 0.0455214 0.0604095
v 0.025549 0.0455214 0.0599139
v 0.0271932 0.0455214 0.0592414
v 0.0287576 0.0455214 0.0583996
v 0.0302246 0.0455214 0.0573978
v 0.031578 0.0455214 0.0562471
v 0.0328028 0.0455214 0.0549604
v 0.0338854 0.0455214 0.0535519
v 0.0348137 0.0455214 0.0520373
v 0.0355774 0.0455214 0.0504334
v 0.036168 0.0455214 0.048758
v 0.036579 0.0455214 0.0470297
v 0.0368058 0.0455214 0.0452678
v 0.0368459 0.0455214 0.0434918
v 0.0366988 0.0455214 0.0417215
v 0.0363662 0.0455214 0.0399764
v 0.0358828 0.0454851 0.0382649
v 0.0358518 0.0455214 0.0382761
v 0.0088044 0.0452169 0.0567897
v 0.0102128 0.0452169 0.0578971
v 0.01173 0.0452169 0.0588501
v 0.013339 0.0452169 0.0596381
v 0.0150221 0.0452169 0.0602523
v 0.0167604 0.0452169 0.060686
v 0.0185348 0.0452169 0.0609343
v 0.0203254 0.0452169 0.0609945
v 0.0221124 0.0452169 0.0608658
v 0.0238759 0.0452169 0.0605498
v 0.0255964 0.0452169 0.0600499
v 0.0272547 0.0452169 0.0593716
v 0.0288324 0.0452169 0.0585226
v 0.030312 0.0452169 0.0575123
v 0.031677 0.0452169 0.0563518
v 0.0329122 0.0452169 0.0550541
v 0.034004 0.0452169 0.0536335
v 0.0349403 0.0452169 0.052106
v 0.0357105 0.0452169 0.0504883
v 0.0363062 0.0452169 0.0487986
v 0.0367207 0.0452169 0.0470556
v 0.0369494 0.0452169 0.0452786
v 0.0369899 0.0452169 0.0434875
v 0.0368415 0.0452169 0.041702
v 0.0365061 0.0452169 0.039942
v 0.00880915 0.0452654 0.0567843
v 0.010217 0.0452654 0.0578912
v 0.0117335 0.0452654 0.0588438
v 0.0133418 0.0452654 0.0596315
v 0.0150242 0.0452654 0.0602454
v 0.0167618 0.0452654 0.060679
v 0.0185354 0.0452654 0.0609271
v 0.0203252 0.0452654 0.0609873
v 0.0221115 0.0452654 0.0608587
v 0.0238743 0.0452654 0.0605428
v 0.025594 0.0452654 0.0600431
v 0.0272516 0.0452654 0.0593651
v 0.0288287 0.0452654 0.0585165
v 0.0303076 0.0452654 0.0575065
v 0.031672 0.0452654 0.0563465
v 0.0329068 0.0452654 0.0550494
v 0.0339981 0.0452654 0.0536295
v 0.0349339 0.0452654 0.0521025
v 0.0357038 0.0452654 0.0504856
v 0.0362993 0.0452654 0.0487966
v 0.0367136 0.0452654 0.0470543
v 0.0369423 0.0452654 0.0452781
v 0.0369827 0.0452654 0.0434877
v 0.0368344 0.0452654 0.041703
v 0.0364991 0.0452654 0.0399438
v 0.008817 0.045313 0.0567753
v 0.0102238 0.045313 0.0578815
v 0.0117393 0.045313 0.0588334
v 0.0133465 0.045313 0.0596205
v 0.0150277 0.045313 0.060234
v 0.0167641 0.045313 0.0606672
v 0.0185364 0.045313 0.0609153
v 0.020325 0.045313 0.0609754
v 0.02211 0.045313 0.0608468
v 0.0238716 0.045313 0.0605312
v 0.0255901 0.045313 0.0600318
v 0.0272465 0.045313 0.0593543
v 0.0288225 0.045313 0.0585063
v 0.0303004 0.045313 0.0574971
v 0.0316638 0.045313 0.0563379
v 0.0328977 0.045313 0.0550416
v 0.0339883 0.045313 0.0536227
v 0.0349235 0.045313 0.0520969
v 0.0356928 0.045313 0.050481
v 0.0362878 0.045313 0.0487932
v 0.0367019 0.045313 0.0470522
v 0.0369304 0.045313 0.0452772
v 0.0369707 0.045313 0.043488
v 0.0368226 0.045313 0.0417046
v 0.0364875 0.045313 0.0399466
v 0.00882789 0.0453592 0.0567629
v 0.0102334 0.0453592 0.0578679
v 0.0117473 0.0453592 0.0588189
v 0.013353 0.0453592 0.0596053
v 0.0150325 0.0453592 0.0602182
v 0.0167672 0.0453592 0.060651
v 0.0185378 0.0453592 0.0608988
v 0.0203247 0.0453592 0.0609588
v 0.022108 0.0453592 0.0608304
v 0.0238678 0.0453592 0.0605151
v 0.0255847 0.0453592 0.0600162
v 0.0272395 0.0453592 0.0593394
v 0.0288139 0.0453592 0.0584922
v 0.0302903 0.0453592 0.0574839
v 0.0316525 0.0453592 0.0563259
v 0.0328852 0.0453592 0.0550309
v 0.0339747 0.0453592 0.0536133
v 0.0349089 0.0453592 0.052089
v 0.0356775 0.0453592 0.0504747
v 0.036272 0.0453592 0.0487886
v 0.0366856 0.0453592 0.0470492
v 0.0369139 0.0453592 0.045276
v 0.0369542 0.0453592 0.0434885
v 0.0368062 0.0453592 0.0417068
v 0.0364715 0.0453592 0.0399505
v 0.0088417 0.0454036 0.0567471
v 0.0102454 0.0454036 0.0578508
v 0.0117575 0.0454036 0.0588006
v 0.0133612 0.0454036 0.059586
v 0.0150387 0.0454036 0.0601982
v 0.0167712 0.0454036 0.0606304
v 0.0185396 0.0454036 0.0608779
v 0.0203243 0.0454036 0.0609379
v 0.0221054 0.0454036 0.0608096
v 0.023863 0.0454036 0.0604946
v 0.0255778 0.0454036 0.0599964
v 0.0272305 0.0454036 0.0593204
v 0.028803 0.0454036 0.0584742
v 0.0302776 0.0454036 0.0574672
v 0.0316381 0.0454036 0.0563106
v 0.0328692 0.0454036 0.0550172
v 0.0339574 0.0454036 0.0536014
v 0.0348905 0.0454036 0.052079
v 0.0356581 0.0454036 0.0504667
v 0.0362518 0.0454036 0.0487827
v 0.036665 0.0454036 0.0470454
v 0.036893 0.0454036 0.0452744
v 0.0369333 0.0454036 0.0434892
v 0.0367854 0.0454036 0.0417096
v 0.0364511 0.0454036 0.0399556
v 0.00885832 0.0454457 0.0567281
v 0.01026 0.0454457 0.0578302
v 0.0117698 0.0454457 0.0587786
v 0.0133711 0.0454457 0.0595628
v 0.015046 0.0454457 0.0601741
v 0.016776 0.0454457 0.0606057
v 0.0185418 0.0454457 0.0608528
v 0.0203238 0.0454457 0.0609126
v 0.0221022 0.0454457 0.0607846
v 0.0238573 0.0454457 0.0604701
v 0.0255695 0.0454457 0.0599726
v 0.0272198 0.0454457 0.0592976
v 0.0287899 0.0454457 0.0584527
v 0.0302623 0.0454457 0.0574472
v 0.0316207 0.0454457 0.0562923
v 0.0328501 0.0454457 0.0550008
v 0.0339366 0.0454457 0.0535871
v 0.0348683 0.0454457 0.0520669
v 0.0356348 0.0454457 0.0504571
v 0.0362276 0.0454457 0.0487755
v 0.0366402 0.0454457 0.0470409
v 0.0368678 0.0454457 0.0452725
v 0.036908 0.0454457 0.0434899
v 0.0367604 0.0454457 0.0417131
v 0.0364266 0.0454457 0.0399616
v 0.00887757 0.0454851 0.0567061
v 0.0102768 0.0454851 0.0578063
v 0.011784 0.0454851 0.058753
v 0.0133826 0.0454851 0.0595359
v 0.0150546 0.0454851 0.0601461
v 0.0167816 0.0454851 0.060577
v 0.0185443 0.0454851 0.0608236
v 0.0203233 0.0454851 0.0608834
v 0.0220986 0.0454851 0.0607556
v 0.0238506 0.0454851 0.0604416
v 0.0255598 0.0454851 0.059945
v 0.0272073 0.0454851 0.0592712
v 0.0287747 0.0454851 0.0584277
v 0.0302446 0.0454851 0.057424
v 0.0316007 0.0454851 0.0562711
v 0.0328278 0.0454851 0.0549818
v 0.0339125 0.0454851 0.0535706
v 0.0348426 0.0454851 0.052053
v 0.0356078 0.0454851 0.0504459
v 0.0361996 0.0454851 0.0487673
v 0.0366114 0.0454851 0.0470356
v 0.0368387 0.0454851 0.0452703
v 0.0368788 0.0454851 0.0434908
v 0.0367315 0.0454851 0.041717
v 0.0363982 0.0454851 0.0399686
v 0.0285755 0.0455214 0.0181253
v 0.0286065 0.0454851 0.0181141
v 0.028634 0.0454457 0.0181041
v 0.0286577 0.0454036 0.0180956
v 0.0286775 0.0453592 0.0180884
v 0.028693 0.045313 0.0180828
v 0.0287042 0.0452654 0.0180788
v 0.028711 0.0452169 0.0180763
v 0.0333056 0.0482286 0.0391955
v 0.0337374 0.0482286 0.0406227
v 0.0340166 0.0482286 0.0420875
v 0.03414 0.0482286 0.0435734
v 0.0341064 0.0482286 0.0450642
v 0.033916 0.0482286 0.0465431
v 0.033571 0.0482286 0.0479937
v 0.0330752 0.0482286 0.0494
v 0.0324342 0.0482286 0.0507463
v 0.031655 0.0482286 0.0520176
v 0.0307464 0.0482286 0.0531999
v 0.0297183 0.0482286 0.0542799
v 0.0285823 0.0482286 0.0552457
v 0.0273509 0.0482286 0.0560866
v 0.0260378 0.0482286 0.0567932
v 0.0246577 0.0482286 0.0573577
v 0.0232258 0.0482286 0.0577738
v 0.0217581 0.0482286 0.0580368
v 0.0202708 0.0482286 0.0581439
v 0.0187805 0.0482286 0.0580938
v 0.0173038 0.0482286 0.0578871
v 0.0158571 0.0482286 0.0575262
v 0.0144563 0.0482286 0.057015
v 0.0131172 0.0482286 0.0563592
v 0.0118545 0.0482286 0.055566
v 0.0106823 0.0482286 0.0546444
v 0.00961368 0.0482286 0.0536045
v 0.0269834 0.0443056 0.00250036
v 0.0269645 0.0443056 0.0025
v 0.0270366 0.0443056 0.00250523
v 0.0270134 0.0443056 0.00250311
v 0.0270619 0.0443056 0.00251031
v 0.0270889 0.0443056 0.00251573
v 0.0271094 0.0443056 0.00252218
v 0.0271398 0.0443056 0.00253175
v 0.0271556 0.0443056 0.00253863
v 0.0271887 0.0443056 0.0025531
v 0.0271999 0.0443056 0.00255949
v 0.0272351 0.0443056 0.00257954
v 0.027242 0.0443056 0.00258458
v 0.0272783 0.0443056 0.00261078
v 0.0272815 0.0443056 0.00261365
v 0.0278863 0.0443056 0.00321848
v 0.0278892 0.0443056 0.00322168
v 0.0279154 0.0443056 0.00325797
v 0.0279205 0.0443056 0.00326495
v 0.0279469 0.0443056 0.0033113
v 0.0279405 0.0443056 0.00330009
v 0.0279683 0.0443056 0.00336021
v 0.0279614 0.0443056 0.00334444
v 0.0279843 0.0443056 0.00341111
v 0.0279778 0.0443056 0.0033906
v 0.0279897 0.0443056 0.00343813
v 0.0279948 0.0443056 0.00346344
v 0.0279969 0.0443056 0.00348659
v 0.0279996 0.0443056 0.00351658
v 0.028 0.0443056 0.00353553
v 0.027316 0.0443586 0.00264845
v 0.027316 0.0443589 0.00264846
v 0.0273101 0.044411 0.00265441
v 0.0278456 0.044411 0.00318994
v 0.0278515 0.0443589 0.00318399
v 0.0278516 0.0443586 0.00318398
v 0.0278455 0.0444116 0.00319001
v 0.0278357 0.0444622 0.00319979
v 0.02731 0.0444116 0.00265448
v 0.0273002 0.0444622 0.00266426
v 0.0273 0.0444631 0.00266443
v 0.0272866 0.0445116 0.00267788
v 0.0278221 0.0445116 0.00321342
v 0.0278356 0.0444631 0.00319997
v 0.0278218 0.0445128 0.00321374
v 0.0272863 0.0445128 0.00267821
v 0.0272693 0.0445587 0.00269513
v 0.0278049 0.0445587 0.00323067
v 0.0277842 0.0446029 0.00325135
v 0.0278043 0.0445601 0.00323119
v 0.0272688 0.0445601 0.00269565
v 0.0272486 0.0446029 0.00271582
v 0.0272479 0.0446045 0.00271656
v 0.0277834 0.0446045 0.0032521
v 0.0272248 0.0446438 0.0027397
v 0.0277603 0.0446438 0.00327523
v 0.0277335 0.0446809 0.00330204
v 0.0277593 0.0446455 0.00327624
v 0.0272238 0.0446455 0.0027407
v 0.0271967 0.0446827 0.0027678
v 0.0271686 0.0447139 0.00279588
v 0.0277041 0.0447139 0.00333141
v 0.027198 0.0446809 0.0027665
v 0.0277322 0.0446827 0.00330333
v -0.0279979 0.0443411 0.00351779
v -0.0279973 0.0443523 0.00351219
v -0.0279934 0.0443744 0.00350117
v -0.0279975 0.0443478 0.00351448
v -0.0279891 0.0443985 0.00348911
v -0.027978 0.0444356 0.00347055
v -0.0279756 0.0444437 0.00346653
v -0.0279569 0.0444873 0.00344471
v -0.0279545 0.0444914 0.00344264
v -0.0279332 0.044529 0.00342388
v -0.0279223 0.0445439 0.00341639
v -0.0279048 0.0445682 0.00340426
v -0.0278719 0.0446045 0.00338609
v -0.0278669 0.0446091 0.00338383
v -0.0278806 0.044595 0.00339087
v -0.0278547 0.04462 0.00337835
v -0.0277944 0.0446671 0.00335481
v -0.027835 0.0446376 0.00336954
v -0.0277909 0.0446692 0.00335378
v -0.0277792 0.044676 0.00335037
v -0.0277509 0.0446925 0.00334212
v -0.0277507 0.0446926 0.00334205
v -0.0277844 0.0446437 0.00330136
v -0.0277601 0.0446806 0.0033312
v -0.0279978 0.044341 0.00351512
v -0.0279936 0.0443369 0.00346228
v -0.0278694 0.0445787 0.00333806
v -0.0278571 0.0446162 0.00337399
v -0.0278336 0.0446289 0.00335051
v -0.0278487 0.0445899 0.00331741
v -0.0278093 0.0446381 0.00332621
v -0.0278274 0.044598 0.00329604
v -0.0278055 0.0446029 0.00327419
v -0.0279833 0.0443322 0.00341013
v -0.0279902 0.0443678 0.00345882
v -0.0279803 0.0443586 0.00340718
v -0.0279844 0.044398 0.00345309
v -0.0279755 0.0443843 0.00340231
v -0.0279765 0.0444272 0.00344517
v -0.0279687 0.0444091 0.00339556
v -0.0279665 0.0444551 0.00343512
v -0.0279602 0.0444329 0.00338701
v -0.0279544 0.0444813 0.00342307
v -0.0279499 0.0444552 0.00337675
v -0.0279405 0.0445056 0.00340915
v -0.0279381 0.0444759 0.0033649
v -0.0279248 0.0445278 0.00339351
v -0.0279247 0.0444947 0.00335158
v -0.0279077 0.0445474 0.00337632
v -0.0279101 0.0445115 0.00333695
v -0.0278891 0.0445645 0.00335777
v -0.0278943 0.044526 0.00332115
v -0.0278775 0.0445381 0.00330437
v -0.0278599 0.0445476 0.00328679
v -0.0278418 0.0445545 0.0032686
v -0.0278232 0.0445587 0.00325
v -0.0279675 0.0443273 0.00335941
v -0.0279651 0.0443487 0.00335701
v -0.0279611 0.0443697 0.00335304
v -0.0279556 0.0443899 0.00334755
v -0.0279486 0.0444092 0.00334059
v -0.0279403 0.0444274 0.00333224
v -0.0279306 0.0444442 0.00332259
v -0.0279198 0.0444596 0.00331175
v -0.0279079 0.0444732 0.00329983
v -0.027895 0.044485 0.00328698
v -0.0278814 0.0444949 0.00327332
v -0.027867 0.0445026 0.003259
v -0.0278522 0.0445083 0.0032442
v -0.0278371 0.0445116 0.00322905
v -0.0279463 0.0443221 0.00331069
v -0.0279445 0.0443384 0.00330887
v -0.0279415 0.0443543 0.00330585
v -0.0279373 0.0443697 0.00330168
v -0.027932 0.0443844 0.00329638
v -0.0279256 0.0443982 0.00329004
v -0.0279183 0.044411 0.0032827
v -0.0279101 0.0444227 0.00327446
v -0.027901 0.044433 0.00326541
v -0.0278912 0.044442 0.00325563
v -0.0278808 0.0444495 0.00324525
v -0.02787 0.0444554 0.00323437
v -0.0278587 0.0444597 0.00322311
v -0.0278472 0.0444622 0.0032116
v -0.02792 0.0443167 0.00326454
v -0.0279188 0.0443277 0.00326331
v -0.0279168 0.0443384 0.00326128
v -0.027914 0.0443488 0.00325847
v -0.0279104 0.0443586 0.00325491
v -0.0279061 0.0443679 0.00325064
v -0.0279012 0.0443766 0.0032457
v -0.0278957 0.0443844 0.00324015
v -0.0278896 0.0443914 0.00323406
v -0.027883 0.0443974 0.00322748
v -0.027876 0.0444025 0.00322049
v -0.0278687 0.0444064 0.00321317
v -0.0278611 0.0444093 0.00320559
v -0.0278534 0.044411 0.00319785
v -0.027889 0.0443112 0.00322147
v -0.0278884 0.0443167 0.00322085
v -0.0278874 0.0443221 0.00321983
v -0.027886 0.0443273 0.00321842
v -0.0278842 0.0443323 0.00321663
v -0.027882 0.044337 0.00321448
v -0.0278795 0.0443413 0.003212
v -0.0278768 0.0443453 0.00320921
v -0.0278737 0.0443488 0.00320614
v -0.0278704 0.0443518 0.00320284
v -0.0278669 0.0443543 0.00319932
v -0.0278632 0.0443563 0.00319564
v -0.0278594 0.0443578 0.00319183
v -0.0278555 0.0443586 0.00318793
v -0.028 0.0451679 0.00526002
v -0.0279973 0.0452146 0.00523668
v -0.0279971 0.0452155 0.00523622
v -0.0279945 0.0452304 0.00522875
v -0.0279872 0.0452671 0.00521044
v -0.027984 0.0452779 0.00520499
v -0.0279891 0.0452607 0.0052136
v -0.0279756 0.0453059 0.00519102
v -0.0279718 0.0453148 0.00518656
v -0.027969 0.0453213 0.00518332
v -0.0279592 0.0453441 0.00517194
v -0.0279384 0.0453821 0.00515294
v -0.0279354 0.0453873 0.0051503
v -0.0279471 0.0453668 0.00516058
v -0.0279569 0.0453495 0.00516919
v -0.0279332 0.0453912 0.00514836
v -0.0279133 0.0454187 0.0051346
v -0.0279048 0.0454304 0.00512875
v -0.0278919 0.0454447 0.00512164
v -0.0278719 0.0454668 0.00511057
v -0.0278813 0.0454565 0.00511574
v -0.0278468 0.0454893 0.0050993
v -0.0278588 0.0454785 0.00510471
v -0.0278193 0.0455113 0.00508831
v -0.027835 0.0454999 0.00509403
v -0.0278034 0.0455228 0.00508254
v -0.0277944 0.0455293 0.0050793
v -0.0277865 0.045534 0.00507699
v -0.0277849 0.0455349 0.00507651
v -0.0277627 0.0455478 0.00507005
v -0.0277507 0.0455549 0.00506654
v -0.0277361 0.0455615 0.00506321
v -0.0277226 0.0455677 0.00506012
v -0.0277041 0.0455761 0.0050559
v -0.0278536 0.0455214 0.014
v -0.0278536 0.0455214 0.00526002
v -0.0278865 0.0454851 0.00526002
v -0.0278865 0.0454851 0.014
v -0.0278867 0.0454849 0.00526002
v -0.0279157 0.0454457 0.014
v -0.0279157 0.0454457 0.00526002
v -0.0279161 0.0454452 0.00526002
v -0.027941 0.0454036 0.014
v -0.0279409 0.0454036 0.00526002
v -0.0279414 0.0454028 0.00526002
v -0.0279619 0.0453592 0.014
v -0.0279619 0.0453592 0.00526002
v -0.0279624 0.0453581 0.00526002
v -0.0279785 0.045313 0.014
v -0.0279784 0.045313 0.00526002
v -0.0279789 0.0453116 0.00526002
v -0.0279904 0.0452654 0.014
v -0.0279903 0.0452654 0.00526002
v -0.0279907 0.0452637 0.00526002
v -0.0279976 0.0452169 0.014
v -0.0279975 0.0452169 0.00526002
v -0.0279978 0.0452148 0.00526002
v -0.027809 0.0455214 0.0148357
v -0.0276757 0.0455214 0.015662
v -0.0274552 0.0455214 0.0164693
v -0.0271501 0.0455214 0.0172486
v -0.0267639 0.0455214 0.0179911
v -0.0263007 0.0455214 0.0186882
v -0.0279522 0.0452169 0.0148511
v -0.0278165 0.0452169 0.0156924
v -0.027592 0.0452169 0.0165146
v -0.0272813 0.0452169 0.0173082
v -0.0268879 0.0452169 0.0180643
v -0.0264163 0.0452169 0.0187742
v -0.027945 0.0452654 0.0148503
v -0.0278094 0.0452654 0.0156909
v -0.0275851 0.0452654 0.0165123
v -0.0272747 0.0452654 0.0173052
v -0.0268817 0.0452654 0.0180606
v -0.0264105 0.0452654 0.0187699
v -0.0279332 0.045313 0.014849
v -0.0277978 0.045313 0.0156884
v -0.0275738 0.045313 0.0165086
v -0.0272639 0.045313 0.0173003
v -0.0268714 0.045313 0.0180545
v -0.026401 0.045313 0.0187627
v -0.0279167 0.0453592 0.0148473
v -0.0277816 0.0453592 0.0156849
v -0.0275581 0.0453592 0.0165034
v -0.0272488 0.0453592 0.0172935
v -0.0268572 0.0453592 0.0180461
v -0.0263877 0.0453592 0.0187529
v -0.0278959 0.0454036 0.014845
v -0.0277611 0.0454036 0.0156805
v -0.0275382 0.0454036 0.0164968
v -0.0272297 0.0454036 0.0172848
v -0.0268391 0.0454036 0.0180355
v -0.0263709 0.0454036 0.0187404
v -0.0278708 0.0454457 0.0148423
v -0.0277365 0.0454457 0.0156751
v -0.0275143 0.0454457 0.0164889
v -0.0272068 0.0454457 0.0172744
v -0.0268174 0.0454457 0.0180227
v -0.0263506 0.0454457 0.0187253
v -0.0278417 0.0454851 0.0148392
v -0.0277079 0.0454851 0.0156689
v -0.0274865 0.0454851 0.0164797
v -0.0271801 0.0454851 0.0172623
v -0.0267922 0.0454851 0.0180078
v -0.0263272 0.0454851 0.0187078
v -0.0237785 0.0482286 0.0174941
v -0.0241289 0.0482286 0.0170722
v -0.0244324 0.0482286 0.0166154
v -0.0246855 0.0482286 0.0161288
v -0.0248854 0.0482286 0.0156182
v -0.0250299 0.0482286 0.0150891
v -0.0251172 0.0482286 0.0145477
v -0.0251464 0.0482286 0.014
v 0.00987326 0.048375 0.0533645
v -0.0235189 0.048375 0.0172541
v -0.0235549 0.0483726 0.0172873
v 0.00983728 0.0483726 0.0533977
v -0.0235906 0.0483654 0.0173203
v 0.00980164 0.0483654 0.0534307
v -0.0236255 0.0483535 0.0173526
v 0.00976669 0.0483535 0.053463
v -0.0236594 0.0483369 0.017384
v 0.00973278 0.0483369 0.0534944
v -0.023692 0.048316 0.0174141
v 0.00970021 0.048316 0.0535245
v -0.0237229 0.0482907 0.0174427
v 0.00966931 0.0482907 0.0535531
v -0.0237518 0.0482615 0.0174694
v 0.00964037 0.0482615 0.0535798
v -0.0251101 0.0482615 0.014
v -0.0250707 0.0482907 0.014
v -0.0250286 0.048316 0.014
v -0.0249842 0.0483369 0.014
v -0.024938 0.0483535 0.014
v -0.0248904 0.0483654 0.014
v -0.0248419 0.0483726 0.014
v -0.0247929 0.048375 0.014
v -0.0247657 0.048375 0.01451
v -0.0246843 0.048375 0.0150143
v -0.0245498 0.048375 0.015507
v -0.0243636 0.048375 0.0159826
v -0.0241279 0.048375 0.0164357
v -0.0238452 0.048375 0.0168611
v -0.0250811 0.0482615 0.0145438
v -0.0249944 0.0482615 0.0150814
v -0.0248509 0.0482615 0.0156067
v -0.0246524 0.0482615 0.0161138
v -0.0244011 0.0482615 0.0165969
v -0.0240997 0.0482615 0.0170505
v -0.0250419 0.0482907 0.0145396
v -0.0249558 0.0482907 0.0150731
v -0.0248135 0.0482907 0.0155943
v -0.0246165 0.0482907 0.0160975
v -0.0243671 0.0482907 0.0165768
v -0.0240681 0.0482907 0.0170269
v -0.025 0.048316 0.0145351
v -0.0249147 0.048316 0.0150641
v -0.0247736 0.048316 0.0155811
v -0.0245782 0.048316 0.0160801
v -0.0243309 0.048316 0.0165555
v -0.0240343 0.048316 0.0170018
v -0.0249559 0.0483369 0.0145304
v -0.0248714 0.0483369 0.0150548
v -0.0247315 0.0483369 0.0155671
v -0.0245378 0.0483369 0.0160617
v -0.0242927 0.0483369 0.0165329
v -0.0239987 0.0483369 0.0169753
v -0.02491 0.0483535 0.0145255
v -0.0248262 0.0483535 0.015045
v -0.0246876 0.0483535 0.0155526
v -0.0244958 0.0483535 0.0160426
v -0.0242529 0.0483535 0.0165094
v -0.0239617 0.0483535 0.0169478
v -0.0248627 0.0483654 0.0145204
v -0.0247797 0.0483654 0.0150349
v -0.0246424 0.0483654 0.0155377
v -0.0244524 0.0483654 0.0160229
v -0.0242119 0.0483654 0.0164853
v -0.0239235 0.0483654 0.0169193
v -0.0248144 0.0483726 0.0145152
v -0.0247322 0.0483726 0.0150246
v -0.0245963 0.0483726 0.0155224
v -0.0244082 0.0483726 0.0160029
v -0.0241701 0.0483726 0.0164606
v -0.0238846 0.0483726 0.0168904
v -0.0251464 0.0482286 0.00796713
v -0.027773 0.0455669 0.00513397
v -0.0277785 0.0455656 0.00514082
v -0.0278032 0.045556 0.00517519
v -0.0278066 0.0455546 0.0051799
v -0.0278302 0.0455407 0.00521736
v -0.0278317 0.0455399 0.00521977
v -0.0277398 0.0455735 0.00509413
v -0.0277146 0.045576 0.00506651
v -0.0277478 0.0455728 0.0051029
v -0.027978 0.0453125 0.00523539
v -0.0279897 0.0452648 0.005231
v -0.0279558 0.0453647 0.00520089
v -0.0279701 0.0453199 0.00518775
v -0.0279753 0.0453152 0.00521103
v -0.0279595 0.0453611 0.00522024
v -0.0279617 0.0453589 0.00524002
v -0.0277597 0.0455608 0.00509221
v -0.0277876 0.0455566 0.00513271
v -0.0277724 0.0455481 0.00508333
v -0.0278073 0.0455369 0.00512069
v -0.0279277 0.0454165 0.00518741
v -0.0279444 0.0453762 0.00516432
v -0.0279508 0.0453698 0.00518218
v -0.0279326 0.0454116 0.00520097
v -0.0279364 0.0454078 0.00521516
v -0.0279391 0.045405 0.00522984
v -0.0279408 0.0454034 0.00524485
v -0.0278127 0.0455485 0.00517445
v -0.0277973 0.0455469 0.00512597
v -0.0278192 0.0455421 0.00516992
v -0.027826 0.0455353 0.00516637
v -0.0278177 0.0455265 0.00511692
v -0.027833 0.0455283 0.00516384
v -0.0278284 0.0455158 0.00511469
v -0.0278401 0.0455211 0.00516234
v -0.0278391 0.0455051 0.00511404
v -0.0278473 0.0455139 0.0051619
v -0.0278498 0.0454944 0.00511497
v -0.0278545 0.0455067 0.00516253
v -0.0278604 0.0454838 0.00511747
v -0.0278616 0.0454996 0.00516421
v -0.0278708 0.0454734 0.00512151
v -0.0278686 0.0454926 0.00516693
v -0.0278808 0.0454634 0.00512706
v -0.0278753 0.0454859 0.00517065
v -0.0278903 0.0454539 0.00513404
v -0.0278817 0.0454795 0.00517535
v -0.0278993 0.0454449 0.00514239
v -0.0278878 0.0454735 0.00518096
v -0.0279076 0.0454366 0.00515201
v -0.0278934 0.0454679 0.00518742
v -0.0279152 0.045429 0.0051628
v -0.0278984 0.0454628 0.00519468
v -0.0279219 0.0454223 0.00517465
v -0.027903 0.0454583 0.00520264
v -0.0279069 0.0454544 0.00521122
v -0.0279101 0.0454511 0.00522033
v -0.0279127 0.0454485 0.00522987
v -0.0279146 0.0454467 0.00523974
v -0.0279157 0.0454456 0.00524982
v -0.0278348 0.0455368 0.00521703
v -0.027838 0.0455335 0.00521475
v -0.0278414 0.0455301 0.00521297
v -0.0278449 0.0455266 0.00521169
v -0.0278485 0.045523 0.00521094
v -0.0278522 0.0455194 0.00521072
v -0.0278558 0.0455158 0.00521104
v -0.0278593 0.0455122 0.00521188
v -0.0278628 0.0455087 0.00521325
v -0.0278662 0.0455053 0.00521512
v -0.0278694 0.0455021 0.00521748
v -0.0278725 0.0454991 0.0052203
v -0.0278753 0.0454963 0.00522354
v -0.0278778 0.0454937 0.00522719
v -0.0278801 0.0454914 0.00523119
v -0.0278821 0.0454895 0.0052355
v -0.0278837 0.0454878 0.00524008
v -0.027885 0.0454865 0.00524487
v -0.0278859 0.0454856 0.00524983
v -0.0278865 0.0454851 0.0052549
v -0.0247929 0.048375 0.00796713
v -0.0248317 0.0483731 0.00796713
v -0.0248652 0.0483691 0.00796713
v -0.0248717 0.0483682 0.00796713
v -0.0248419 0.0483726 0.00796713
v -0.0248952 0.0483642 0.00796713
v -0.0249211 0.0483577 0.00796713
v -0.0248904 0.0483654 0.00796713
v -0.024938 0.0483535 0.00796713
v -0.0249669 0.0483431 0.00796713
v -0.0249842 0.0483369 0.00796713
v -0.0250073 0.048326 0.00796713
v -0.0250286 0.048316 0.00796713
v -0.0250455 0.0483058 0.00796713
v -0.0250707 0.0482907 0.00796713
v -0.0250838 0.048281 0.00796713
v -0.0251246 0.0482484 0.00796713
v -0.0251408 0.0482337 0.00796713
v -0.0251101 0.0482615 0.00796713
v -0.0250328 0.048281 0.00780109
v -0.0250324 0.0482811 0.00780051
v -0.024997 0.0482832 0.007763
v -0.025066 0.0482743 0.00784099
v -0.0250651 0.0482746 0.00783979
v -0.0250962 0.0482632 0.00788226
v -0.025095 0.0482638 0.00788042
v -0.0251231 0.0482478 0.00792446
v -0.0251217 0.048249 0.00792198
v -0.0251449 0.0482301 0.00796402
v 0.0332714 0.0482615 0.0392078
v 0.0332343 0.0482907 0.0392212
v 0.0331947 0.048316 0.0392355
v 0.033153 0.0483369 0.0392506
v 0.0331096 0.0483535 0.0392663
v 0.0330648 0.0483654 0.0392824
v 0.0109152 0.048375 0.0543784
v 0.0120581 0.048375 0.055277
v 0.0132892 0.048375 0.0560503
v 0.0145949 0.048375 0.0566897
v 0.0159606 0.048375 0.0571881
v 0.0173712 0.048375 0.0575401
v 0.018811 0.048375 0.0577416
v 0.020264 0.048375 0.0577904
v 0.0217141 0.048375 0.057686
v 0.0231452 0.048375 0.0574295
v 0.0245413 0.048375 0.0570239
v 0.0258869 0.048375 0.0564735
v 0.0271672 0.048375 0.0557846
v 0.0283678 0.048375 0.0549647
v 0.0294754 0.048375 0.054023
v 0.0304778 0.048375 0.0529699
v 0.0313637 0.048375 0.0518172
v 0.0321234 0.048375 0.0505777
v 0.0327485 0.048375 0.049265
v 0.0332318 0.048375 0.0478939
v 0.0335682 0.048375 0.0464795
v 0.0337538 0.048375 0.0450376
v 0.0337866 0.048375 0.0435841
v 0.0336663 0.048375 0.0421353
v 0.0333941 0.048375 0.0407071
v 0.0330191 0.0483726 0.0392989
v 0.032973 0.048375 0.0393156
v 0.0107063 0.0482615 0.054617
v 0.0118754 0.0482615 0.0555363
v 0.0131349 0.0482615 0.0563274
v 0.0144706 0.0482615 0.0569815
v 0.0158677 0.0482615 0.0574914
v 0.0173108 0.0482615 0.0578514
v 0.0187837 0.0482615 0.0580576
v 0.0202701 0.0482615 0.0581075
v 0.0217535 0.0482615 0.0580007
v 0.0232175 0.0482615 0.0577384
v 0.0246457 0.0482615 0.0573234
v 0.0260223 0.0482615 0.0567604
v 0.027332 0.0482615 0.0560556
v 0.0285602 0.0482615 0.0552168
v 0.0296933 0.0482615 0.0542535
v 0.0307187 0.0482615 0.0531762
v 0.0316251 0.0482615 0.051997
v 0.0324023 0.0482615 0.050729
v 0.0330416 0.0482615 0.0493861
v 0.0335361 0.0482615 0.0479835
v 0.0338802 0.0482615 0.0465365
v 0.0340701 0.0482615 0.0450614
v 0.0341037 0.0482615 0.0435745
v 0.0339805 0.0482615 0.0420924
v 0.0337021 0.0482615 0.0406314
v 0.0107322 0.0482907 0.0545874
v 0.0118981 0.0482907 0.0555041
v 0.013154 0.0482907 0.056293
v 0.014486 0.0482907 0.0569453
v 0.0158792 0.0482907 0.0574537
v 0.0173183 0.0482907 0.0578128
v 0.0187871 0.0482907 0.0580183
v 0.0202694 0.0482907 0.0580681
v 0.0217486 0.0482907 0.0579616
v 0.0232085 0.0482907 0.0577
v 0.0246327 0.0482907 0.0572862
v 0.0260055 0.0482907 0.0567247
v 0.0273115 0.0482907 0.0560219
v 0.0285363 0.0482907 0.0551855
v 0.0296662 0.0482907 0.0542249
v 0.0306888 0.0482907 0.0531506
v 0.0315926 0.0482907 0.0519747
v 0.0323676 0.0482907 0.0507102
v 0.0330052 0.0482907 0.0493711
v 0.0334983 0.0482907 0.0479723
v 0.0338415 0.0482907 0.0465295
v 0.0340308 0.0482907 0.0450585
v 0.0340643 0.0482907 0.0435757
v 0.0339415 0.0482907 0.0420977
v 0.0336638 0.0482907 0.0406408
v 0.01076 0.048316 0.0545557
v 0.0119224 0.048316 0.0554697
v 0.0131745 0.048316 0.0562562
v 0.0145025 0.048316 0.0569065
v 0.0158916 0.048316 0.0574135
v 0.0173263 0.048316 0.0577714
v 0.0187907 0.048316 0.0579764
v 0.0202686 0.048316 0.058026
v 0.0217434 0.048316 0.0579198
v 0.0231989 0.048316 0.057659
v 0.0246189 0.048316 0.0572464
v 0.0259875 0.048316 0.0566866
v 0.0272896 0.048316 0.0559859
v 0.0285108 0.048316 0.0551521
v 0.0296373 0.048316 0.0541943
v 0.0306568 0.048316 0.0531232
v 0.0315579 0.048316 0.0519508
v 0.0323306 0.048316 0.0506901
v 0.0329663 0.048316 0.049355
v 0.0334579 0.048316 0.0479605
v 0.0338001 0.048316 0.0465219
v 0.0339888 0.048316 0.0450553
v 0.0340222 0.048316 0.043577
v 0.0338998 0.048316 0.0421034
v 0.0336229 0.048316 0.0406508
v 0.0107892 0.0483369 0.0545223
v 0.0119479 0.0483369 0.0554334
v 0.0131961 0.0483369 0.0562174
v 0.0145199 0.0483369 0.0568657
v 0.0159046 0.0483369 0.0573711
v 0.0173347 0.0483369 0.0577279
v 0.0187945 0.0483369 0.0579322
v 0.0202677 0.0483369 0.0579817
v 0.0217379 0.0483369 0.0578758
v 0.0231888 0.0483369 0.0576158
v 0.0246043 0.0483369 0.0572045
v 0.0259686 0.0483369 0.0566465
v 0.0272666 0.0483369 0.055948
v 0.0284839 0.0483369 0.0551168
v 0.0296069 0.0483369 0.054162
v 0.0306231 0.0483369 0.0530944
v 0.0315214 0.0483369 0.0519257
v 0.0322916 0.0483369 0.0506689
v 0.0329253 0.0483369 0.0493381
v 0.0334154 0.0483369 0.0479479
v 0.0337564 0.0483369 0.0465139
v 0.0339446 0.0483369 0.045052
v 0.0339779 0.0483369 0.0435783
v 0.0338558 0.0483369 0.0421094
v 0.0335799 0.0483369 0.0406614
v 0.0108196 0.0483535 0.0544876
v 0.0119745 0.0483535 0.0553956
v 0.0132186 0.0483535 0.0561771
v 0.014538 0.0483535 0.0568232
v 0.0159181 0.0483535 0.0573269
v 0.0173435 0.0483535 0.0576825
v 0.0187985 0.0483535 0.0578862
v 0.0202668 0.0483535 0.0579355
v 0.0217322 0.0483535 0.05783
v 0.0231783 0.0483535 0.0575708
v 0.0245891 0.0483535 0.0571609
v 0.0259489 0.0483535 0.0566048
v 0.0272426 0.0483535 0.0559086
v 0.0284558 0.0483535 0.0550801
v 0.0295751 0.0483535 0.0541285
v 0.030588 0.0483535 0.0530643
v 0.0314833 0.0483535 0.0518995
v 0.032251 0.0483535 0.0506469
v 0.0328826 0.0483535 0.0493204
v 0.0333711 0.0483535 0.0479349
v 0.033711 0.0483535 0.0465056
v 0.0338985 0.0483535 0.0450485
v 0.0339317 0.0483535 0.0435797
v 0.0338101 0.0483535 0.0421156
v 0.033535 0.0483535 0.0406725
v 0.010851 0.0483654 0.0544518
v 0.0120019 0.0483654 0.0553567
v 0.0132417 0.0483654 0.0561355
v 0.0145566 0.0483654 0.0567794
v 0.015932 0.0483654 0.0572814
v 0.0173526 0.0483654 0.0576358
v 0.0188026 0.0483654 0.0578387
v 0.0202659 0.0483654 0.0578879
v 0.0217262 0.0483654 0.0577828
v 0.0231674 0.0483654 0.0575245
v 0.0245734 0.0483654 0.057116
v 0.0259286 0.0483654 0.0565617
v 0.0272178 0.0483654 0.0558679
v 0.0284269 0.0483654 0.0550422
v 0.0295424 0.0483654 0.0540939
v 0.0305519 0.0483654 0.0530334
v 0.0314441 0.0483654 0.0518725
v 0.0322092 0.0483654 0.0506242
v 0.0328386 0.0483654 0.0493023
v 0.0333254 0.0483654 0.0479215
v 0.0336642 0.0483654 0.0464971
v 0.0338511 0.0483654 0.0450449
v 0.0338841 0.0483654 0.0435812
v 0.0337629 0.0483654 0.0421221
v 0.0334888 0.0483654 0.0406838
v 0.0108829 0.0483726 0.0544152
v 0.0120299 0.0483726 0.055317
v 0.0132654 0.0483726 0.0560931
v 0.0145757 0.0483726 0.0567348
v 0.0159462 0.0483726 0.057235
v 0.0173619 0.0483726 0.0575882
v 0.0188068 0.0483726 0.0577904
v 0.020265 0.0483726 0.0578394
v 0.0217202 0.0483726 0.0577346
v 0.0231563 0.0483726 0.0574772
v 0.0245574 0.0483726 0.0570701
v 0.0259078 0.0483726 0.0565178
v 0.0271926 0.0483726 0.0558264
v 0.0283975 0.0483726 0.0550036
v 0.0295091 0.0483726 0.0540586
v 0.030515 0.0483726 0.0530018
v 0.0314041 0.0483726 0.051845
v 0.0321665 0.0483726 0.0506011
v 0.0327938 0.0483726 0.0492838
v 0.0332788 0.0483726 0.0479077
v 0.0336164 0.0483726 0.0464883
v 0.0338027 0.0483726 0.0450413
v 0.0338356 0.0483726 0.0435826
v 0.0337148 0.0483726 0.0421286
v 0.0334417 0.0483726 0.0406954
v 0.0260293 0.0482286 0.0190447
v 0.0256968 0.048375 0.0191647
v 0.0257429 0.0483726 0.0191481
v 0.0257885 0.0483654 0.0191316
v 0.0258333 0.0483535 0.0191154
v 0.0258768 0.0483369 0.0190997
v 0.0259185 0.048316 0.0190847
v 0.0259581 0.0482907 0.0190704
v 0.0259951 0.0482615 0.019057
v 0.0251464 0.0482286 0.014
v 0.0252021 0.0482286 0.0152852
v 0.0278991 0.0455214 0.0150509
v 0.0253688 0.0482286 0.0165607
v 0.0280354 0.0455214 0.016094
v 0.0256453 0.0482286 0.017817
v 0.0282615 0.0455214 0.0171213
v 0.0278536 0.0455214 0.014
v 0.0248419 0.0483726 0.014
v 0.0247929 0.048375 0.014
v 0.0248499 0.048375 0.0153157
v 0.0250206 0.048375 0.0166216
v 0.0253036 0.048375 0.0179078
v 0.0248904 0.0483654 0.014
v 0.024938 0.0483535 0.014
v 0.0249842 0.0483369 0.014
v 0.0250286 0.048316 0.014
v 0.0250707 0.0482907 0.014
v 0.0251101 0.0482615 0.014
v 0.0248987 0.0483726 0.0153115
v 0.0250688 0.0483726 0.0166132
v 0.0253509 0.0483726 0.0178952
v 0.0249471 0.0483654 0.0153073
v 0.0251167 0.0483654 0.0166048
v 0.0253978 0.0483654 0.0178828
v 0.0249945 0.0483535 0.0153032
v 0.0251635 0.0483535 0.0165966
v 0.0254438 0.0483535 0.0178705
v 0.0250405 0.0483369 0.0152992
v 0.0252091 0.0483369 0.0165886
v 0.0254885 0.0483369 0.0178587
v 0.0250847 0.048316 0.0152954
v 0.0252527 0.048316 0.016581
v 0.0255314 0.048316 0.0178473
v 0.0251267 0.0482907 0.0152917
v 0.0252942 0.0482907 0.0165737
v 0.025572 0.0482907 0.0178364
v 0.0251659 0.0482615 0.0152883
v 0.025333 0.0482615 0.0165669
v 0.0256101 0.0482615 0.0178263
v 0.0248419 0.0483726 0.00796713
v 0.0248317 0.0483731 0.00796713
v 0.0248717 0.0483682 0.00796713
v 0.0248652 0.0483691 0.00796713
v 0.0248904 0.0483654 0.00796713
v 0.024938 0.0483535 0.00796713
v 0.0248952 0.0483642 0.00796713
v 0.0249842 0.0483369 0.00796713
v 0.0249451 0.0483509 0.00796713
v 0.0250073 0.048326 0.00796713
v 0.0249878 0.0483352 0.00796713
v 0.0250286 0.048316 0.00796713
v 0.0250707 0.0482907 0.00796713
v 0.0250455 0.0483058 0.00796713
v 0.0251101 0.0482615 0.00796713
v 0.0250838 0.048281 0.00796713
v 0.0251464 0.0482286 0.00796713
v 0.0251408 0.0482337 0.00796713
v 0.0251246 0.0482484 0.00796713
v 0.0247929 0.048375 0.00796713
v 0.0279976 0.0452169 0.014
v 0.0279904 0.0452654 0.014
v 0.0279785 0.045313 0.014
v 0.0279619 0.0453592 0.014
v 0.027941 0.0454036 0.014
v 0.0279157 0.0454457 0.014
v 0.0278865 0.0454851 0.014
v 0.0284007 0.0452169 0.0170843
v 0.0281773 0.0452169 0.0160691
v 0.0280426 0.0452169 0.0150385
v 0.0283937 0.0452654 0.0170862
v 0.0281702 0.0452654 0.0160704
v 0.0280354 0.0452654 0.0150391
v 0.0283822 0.045313 0.0170892
v 0.0281585 0.045313 0.0160724
v 0.0280236 0.045313 0.0150401
v 0.0283662 0.0453592 0.0170935
v 0.0281422 0.0453592 0.0160753
v 0.0280071 0.0453592 0.0150416
v 0.0283459 0.0454036 0.0170989
v 0.0281215 0.0454036 0.0160789
v 0.0279862 0.0454036 0.0150434
v 0.0283215 0.0454457 0.0171053
v 0.0280967 0.0454457 0.0160833
v 0.0279611 0.0454457 0.0150455
v 0.0282933 0.0454851 0.0171129
v 0.0280679 0.0454851 0.0160883
v 0.0279319 0.0454851 0.0150481
v 0.028 0.0451679 0.00526002
v 0.0277507 0.0446926 0.00334205
v 0.0277509 0.0446925 0.00334212
v 0.0277792 0.044676 0.00335037
v 0.0277909 0.0446692 0.00335378
v 0.0277944 0.0446671 0.00335481
v 0.027835 0.0446376 0.00336954
v 0.0278547 0.04462 0.00337835
v 0.0278719 0.0446045 0.00338609
v 0.0278806 0.044595 0.00339087
v 0.0278669 0.0446091 0.00338383
v 0.0279048 0.0445682 0.00340426
v 0.0279223 0.0445439 0.00341639
v 0.0279332 0.044529 0.00342388
v 0.0279545 0.0444914 0.00344264
v 0.0279569 0.0444873 0.00344471
v 0.0279756 0.0444437 0.00346653
v 0.027978 0.0444356 0.00347055
v 0.0279891 0.0443985 0.00348911
v 0.0279973 0.0443523 0.00351219
v 0.0279975 0.0443478 0.00351448
v 0.0279934 0.0443744 0.00350117
v 0.0279979 0.0443411 0.00351779
v 0.0277601 0.0446806 0.0033312
v 0.0277844 0.0446437 0.00330136
v 0.0278055 0.0446029 0.00327419
v 0.0278093 0.0446381 0.00332621
v 0.0278274 0.044598 0.00329604
v 0.0278336 0.0446289 0.00335051
v 0.0278487 0.0445899 0.00331741
v 0.0278571 0.0446162 0.00337399
v 0.0279978 0.044341 0.00351512
v 0.0279936 0.0443369 0.00346228
v 0.0278232 0.0445587 0.00325
v 0.0278418 0.0445545 0.0032686
v 0.0278599 0.0445476 0.00328679
v 0.0278694 0.0445787 0.00333806
v 0.0278775 0.0445381 0.00330437
v 0.0278891 0.0445645 0.00335777
v 0.0278943 0.044526 0.00332115
v 0.0279077 0.0445474 0.00337632
v 0.0279101 0.0445115 0.00333695
v 0.0279248 0.0445278 0.00339351
v 0.0279247 0.0444947 0.00335158
v 0.0279405 0.0445056 0.00340915
v 0.0279381 0.0444759 0.0033649
v 0.0279544 0.0444813 0.00342307
v 0.0279499 0.0444552 0.00337675
v 0.0279665 0.0444551 0.00343512
v 0.0279602 0.0444329 0.00338701
v 0.0279765 0.0444272 0.00344517
v 0.0279687 0.0444091 0.00339556
v 0.0279844 0.044398 0.00345309
v 0.0279755 0.0443843 0.00340231
v 0.0279902 0.0443678 0.00345882
v 0.0279803 0.0443586 0.00340718
v 0.0279833 0.0443322 0.00341013
v 0.0278371 0.0445116 0.00322905
v 0.0278522 0.0445083 0.0032442
v 0.027867 0.0445026 0.003259
v 0.0278814 0.0444949 0.00327332
v 0.027895 0.044485 0.00328698
v 0.0279079 0.0444732 0.00329983
v 0.0279198 0.0444596 0.00331175
v 0.0279306 0.0444442 0.00332259
v 0.0279403 0.0444274 0.00333224
v 0.0279486 0.0444092 0.00334059
v 0.0279556 0.0443899 0.00334755
v 0.0279611 0.0443697 0.00335304
v 0.0279651 0.0443487 0.00335701
v 0.0279675 0.0443273 0.00335941
v 0.0278472 0.0444622 0.0032116
v 0.0278587 0.0444597 0.00322311
v 0.02787 0.0444554 0.00323437
v 0.0278808 0.0444495 0.00324525
v 0.0278912 0.044442 0.00325563
v 0.027901 0.044433 0.00326541
v 0.0279101 0.0444227 0.00327446
v 0.0279183 0.044411 0.0032827
v 0.0279256 0.0443982 0.00329004
v 0.027932 0.0443844 0.00329638
v 0.0279373 0.0443697 0.00330168
v 0.0279415 0.0443543 0.00330585
v 0.0279445 0.0443384 0.00330887
v 0.0279463 0.0443221 0.00331069
v 0.0278534 0.044411 0.00319785
v 0.0278611 0.0444093 0.00320559
v 0.0278687 0.0444064 0.00321317
v 0.027876 0.0444025 0.00322049
v 0.027883 0.0443974 0.00322748
v 0.0278896 0.0443914 0.00323406
v 0.0278957 0.0443844 0.00324015
v 0.0279012 0.0443766 0.0032457
v 0.0279061 0.0443679 0.00325064
v 0.0279104 0.0443586 0.00325491
v 0.027914 0.0443488 0.00325847
v 0.0279168 0.0443384 0.00326128
v 0.0279188 0.0443277 0.00326331
v 0.02792 0.0443167 0.00326454
v 0.0278555 0.0443586 0.00318793
v 0.0278594 0.0443578 0.00319183
v 0.0278632 0.0443563 0.00319564
v 0.0278669 0.0443543 0.00319932
v 0.0278704 0.0443518 0.00320284
v 0.0278737 0.0443488 0.00320614
v 0.0278768 0.0443453 0.00320921
v 0.0278795 0.0443413 0.003212
v 0.027882 0.044337 0.00321448
v 0.0278842 0.0443323 0.00321663
v 0.027886 0.0443273 0.00321842
v 0.0278874 0.0443221 0.00321983
v 0.0278884 0.0443167 0.00322085
v 0.027889 0.0443112 0.00322147
v 0.0278536 0.0455214 0.00526002
v 0.0279157 0.0454457 0.00526002
v 0.0278867 0.0454849 0.00526002
v 0.0279409 0.0454036 0.00526002
v 0.0279161 0.0454452 0.00526002
v 0.0279619 0.0453592 0.00526002
v 0.0279414 0.0454028 0.00526002
v 0.0279784 0.045313 0.00526002
v 0.0279624 0.0453581 0.00526002
v 0.0279903 0.0452654 0.00526002
v 0.0279789 0.0453116 0.00526002
v 0.0279975 0.0452169 0.00526002
v 0.0279907 0.0452637 0.00526002
v 0.0279978 0.0452148 0.00526002
v 0.0278865 0.0454851 0.00526002
v 0.0250324 0.0482811 0.00780051
v 0.0277398 0.0455735 0.00509413
v 0.0277146 0.045576 0.00506651
v 0.024997 0.0482832 0.007763
v 0.0250328 0.048281 0.00780109
v 0.0250651 0.0482746 0.00783979
v 0.027773 0.0455669 0.00513397
v 0.0277478 0.0455728 0.0051029
v 0.025095 0.0482638 0.00788042
v 0.0278032 0.045556 0.00517519
v 0.0277785 0.0455656 0.00514082
v 0.025066 0.0482743 0.00784099
v 0.0251217 0.048249 0.00792198
v 0.0278302 0.0455407 0.00521736
v 0.0278066 0.0455546 0.0051799
v 0.0250962 0.0482632 0.00788226
v 0.0251231 0.0482478 0.00792446
v 0.0278317 0.0455399 0.00521977
v 0.0251449 0.0482301 0.00796402
v 0.0277041 0.0455761 0.0050559
v 0.0279973 0.0452146 0.00523668
v 0.0279945 0.0452304 0.00522875
v 0.0279971 0.0452155 0.00523622
v 0.0279891 0.0452607 0.0052136
v 0.027984 0.0452779 0.00520499
v 0.0279872 0.0452671 0.00521044
v 0.0279756 0.0453059 0.00519102
v 0.027969 0.0453213 0.00518332
v 0.0279718 0.0453148 0.00518656
v 0.0279569 0.0453495 0.00516919
v 0.0279592 0.0453441 0.00517194
v 0.0279384 0.0453821 0.00515294
v 0.0279471 0.0453668 0.00516058
v 0.0279332 0.0453912 0.00514836
v 0.0279354 0.0453873 0.0051503
v 0.0279048 0.0454304 0.00512875
v 0.0279133 0.0454187 0.0051346
v 0.0278919 0.0454447 0.00512164
v 0.0278719 0.0454668 0.00511057
v 0.0278813 0.0454565 0.00511574
v 0.027835 0.0454999 0.00509403
v 0.0278468 0.0454893 0.0050993
v 0.0278588 0.0454785 0.00510471
v 0.0278034 0.0455228 0.00508254
v 0.0278193 0.0455113 0.00508831
v 0.0277944 0.0455293 0.0050793
v 0.0277849 0.0455349 0.00507651
v 0.0277865 0.045534 0.00507699
v 0.0277627 0.0455478 0.00507005
v 0.0277507 0.0455549 0.00506654
v 0.0277226 0.0455677 0.00506012
v 0.0277361 0.0455615 0.00506321
v 0.0279897 0.0452648 0.005231
v 0.027978 0.0453125 0.00523539
v 0.0279617 0.0453589 0.00524002
v 0.0279753 0.0453152 0.00521103
v 0.0279595 0.0453611 0.00522024
v 0.0279701 0.0453199 0.00518775
v 0.0279408 0.0454034 0.00524485
v 0.0279391 0.045405 0.00522984
v 0.0279558 0.0453647 0.00520089
v 0.0279364 0.0454078 0.00521516
v 0.0279508 0.0453698 0.00518218
v 0.0279326 0.0454116 0.00520097
v 0.0279444 0.0453762 0.00516432
v 0.0277724 0.0455481 0.00508333
v 0.0277973 0.0455469 0.00512597
v 0.0277597 0.0455608 0.00509221
v 0.0277876 0.0455566 0.00513271
v 0.0279157 0.0454456 0.00524982
v 0.0279146 0.0454467 0.00523974
v 0.0279127 0.0454485 0.00522987
v 0.0279101 0.0454511 0.00522033
v 0.0279277 0.0454165 0.00518741
v 0.0279069 0.0454544 0.00521122
v 0.0279219 0.0454223 0.00517465
v 0.027903 0.0454583 0.00520264
v 0.0279152 0.045429 0.0051628
v 0.0278984 0.0454628 0.00519468
v 0.0279076 0.0454366 0.00515201
v 0.0278934 0.0454679 0.00518742
v 0.0278993 0.0454449 0.00514239
v 0.0278878 0.0454735 0.00518096
v 0.0278903 0.0454539 0.00513404
v 0.0278817 0.0454795 0.00517535
v 0.0278808 0.0454634 0.00512706
v 0.0278753 0.0454859 0.00517065
v 0.0278708 0.0454734 0.00512151
v 0.0278686 0.0454926 0.00516693
v 0.0278604 0.0454838 0.00511747
v 0.0278616 0.0454996 0.00516421
v 0.0278498 0.0454944 0.00511497
v 0.0278545 0.0455067 0.00516253
v 0.0278391 0.0455051 0.00511404
v 0.0278473 0.0455139 0.0051619
v 0.0278284 0.0455158 0.00511469
v 0.0278401 0.0455211 0.00516234
v 0.0278177 0.0455265 0.00511692
v 0.027833 0.0455283 0.00516384
v 0.0278073 0.0455369 0.00512069
v 0.027826 0.0455353 0.00516637
v 0.0278192 0.0455421 0.00516992
v 0.0278127 0.0455485 0.00517445
v 0.0278865 0.0454851 0.0052549
v 0.0278859 0.0454856 0.00524983
v 0.027885 0.0454865 0.00524487
v 0.0278837 0.0454878 0.00524008
v 0.0278821 0.0454895 0.0052355
v 0.0278801 0.0454914 0.00523119
v 0.0278778 0.0454937 0.00522719
v 0.0278753 0.0454963 0.00522354
v 0.0278725 0.0454991 0.0052203
v 0.0278694 0.0455021 0.00521748
v 0.0278662 0.0455053 0.00521512
v 0.0278628 0.0455087 0.00521325
v 0.0278593 0.0455122 0.00521188
v 0.0278558 0.0455158 0.00521104
v 0.0278522 0.0455194 0.00521072
v 0.0278485 0.045523 0.00521094
v 0.0278449 0.0455266 0.00521169
v 0.0278414 0.0455301 0.00521297
v 0.027838 0.0455335 0.00521475
v 0.0278348 0.0455368 0.00521703
v -0.0248291 0.0483723 0.00793093
v -0.0248641 0.0483648 0.00789595
v -0.024828 0.0483725 0.00793201
v -0.0248649 0.0483645 0.00789511
v -0.0248994 0.0483518 0.00786066
v -0.0249 0.0483515 0.00786005
v -0.0249335 0.0483337 0.00782649
v -0.0249339 0.0483335 0.0078261
v -0.0249662 0.0483108 0.00779383
v -0.0249664 0.0483106 0.00779364
v -0.0248961 0.0483622 0.00792291
v -0.0248672 0.0483688 0.00796454
v -0.024847 0.0483717 0.00794946
v -0.0248795 0.0483641 0.00791014
v -0.0251088 0.0482611 0.00793331
v -0.0250852 0.048273 0.00788903
v -0.0250945 0.048273 0.00794296
v -0.0250744 0.0482821 0.00789635
v -0.025079 0.0482847 0.00795082
v -0.0250626 0.048291 0.00790233
v -0.0250623 0.0482961 0.00795682
v -0.0250499 0.0482996 0.00790688
v -0.0250448 0.0483069 0.00796088
v -0.0250366 0.0483078 0.00790997
v -0.0250265 0.048317 0.00796296
v -0.0250228 0.0483155 0.00791155
v -0.0250078 0.0483264 0.00796304
v -0.0250085 0.0483227 0.00791161
v -0.0249887 0.048335 0.00796111
v -0.024994 0.0483292 0.00791014
v -0.0249696 0.0483426 0.0079572
v -0.0249795 0.048335 0.00790717
v -0.0249505 0.0483492 0.00795135
v -0.024965 0.04834 0.00790273
v -0.0249318 0.0483548 0.00794363
v -0.0249508 0.0483442 0.00789687
v -0.0249136 0.0483591 0.00793411
v -0.024937 0.0483475 0.00788964
v -0.0249237 0.0483499 0.00788113
v -0.0249111 0.0483513 0.00787143
v -0.0250586 0.0482808 0.00784558
v -0.0250513 0.0482869 0.00785051
v -0.0250433 0.0482929 0.00785452
v -0.0250348 0.0482986 0.00785759
v -0.0250259 0.0483042 0.00785966
v -0.0250165 0.0483094 0.00786072
v -0.0250069 0.0483142 0.00786076
v -0.0249972 0.0483185 0.00785978
v -0.0249874 0.0483224 0.00785778
v -0.0249777 0.0483258 0.00785479
v -0.0249681 0.0483286 0.00785085
v -0.0249588 0.0483308 0.00784599
v -0.0249499 0.0483324 0.00784026
v -0.0249414 0.0483334 0.00783374
v -0.025029 0.0482842 0.00780342
v -0.0250254 0.0482873 0.0078059
v -0.0250214 0.0482903 0.00780792
v -0.0250171 0.0482932 0.00780946
v -0.0250126 0.0482959 0.0078105
v -0.0250079 0.0482986 0.00781103
v -0.0250031 0.048301 0.00781105
v -0.0249982 0.0483032 0.00781056
v -0.0249933 0.0483051 0.00780955
v -0.0249884 0.0483068 0.00780805
v -0.0249836 0.0483082 0.00780607
v -0.0249789 0.0483094 0.00780363
v -0.0249744 0.0483102 0.00780075
v -0.0249702 0.0483107 0.00779747
v -0.022737 0.0482832 0.00550298
v -0.0227062 0.0483108 0.00553381
v -0.0226739 0.0483335 0.00556608
v -0.0226735 0.0483337 0.00556647
v -0.02264 0.0483515 0.00560003
v -0.0226393 0.0483518 0.00560064
v -0.0225691 0.0483723 0.00567091
v -0.022604 0.0483648 0.00563593
v -0.0226049 0.0483645 0.00563509
v -0.0225329 0.048375 0.00570711
v -0.022568 0.0483725 0.00567199
v -0.0227064 0.0483106 0.00553362
v -0.0271579 0.0446926 0.00274935
v -0.0271579 0.0446925 0.00274911
v -0.0271496 0.044676 0.00272081
v -0.0271462 0.0446692 0.00270911
v -0.0271452 0.0446671 0.00270556
v -0.0271305 0.0446376 0.00266499
v -0.0271216 0.04462 0.00264534
v -0.0271139 0.0446045 0.00262808
v -0.0271091 0.044595 0.00261944
v -0.0271162 0.0446091 0.00263312
v -0.0270957 0.0445682 0.00259523
v -0.0270836 0.0445439 0.00257766
v -0.0270761 0.044529 0.0025668
v -0.0270574 0.0444914 0.00254546
v -0.0270553 0.0444873 0.0025431
v -0.0270335 0.0444437 0.0025244
v -0.0270294 0.0444356 0.002522
v -0.0270109 0.0443985 0.00251089
v -0.0269878 0.0443523 0.00250273
v -0.0269855 0.0443478 0.00250246
v -0.0269988 0.0443744 0.00250663
v -0.0269822 0.0443411 0.00250208
v -0.0271688 0.0446806 0.00273993
v -0.0271986 0.0446437 0.00271558
v -0.0272258 0.0446029 0.00269447
v -0.0271738 0.0446381 0.00269073
v -0.027204 0.044598 0.00267262
v -0.0271495 0.0446289 0.00266643
v -0.0271826 0.0445899 0.00265126
v -0.027126 0.0446162 0.00264295
v -0.0269849 0.044341 0.00250223
v -0.0270377 0.0443369 0.00250638
v -0.02725 0.0445587 0.00267685
v -0.0272314 0.0445545 0.00265825
v -0.0272132 0.0445476 0.00264005
v -0.0271619 0.0445787 0.0026306
v -0.0271956 0.0445381 0.00262247
v -0.0271422 0.0445645 0.00261089
v -0.0271788 0.044526 0.00260569
v -0.0271237 0.0445474 0.00259234
v -0.0271631 0.0445115 0.0025899
v -0.0271065 0.0445278 0.00257515
v -0.0271484 0.0444947 0.00257526
v -0.0270908 0.0445056 0.00255951
v -0.0271351 0.0444759 0.00256194
v -0.0270769 0.0444813 0.00254559
v -0.0271232 0.0444552 0.00255009
v -0.0270649 0.0444551 0.00253354
v -0.027113 0.0444329 0.00253983
v -0.0270548 0.0444272 0.0025235
v -0.0271044 0.0444091 0.00253128
v -0.0270469 0.044398 0.00251557
v -0.0270977 0.0443843 0.00252453
v -0.0270412 0.0443678 0.00250984
v -0.0270928 0.0443586 0.00251966
v -0.0270899 0.0443322 0.00251671
v -0.0272709 0.0445116 0.0026629
v -0.0272558 0.0445083 0.00264776
v -0.027241 0.0445026 0.00263295
v -0.0272267 0.0444949 0.00261864
v -0.027213 0.044485 0.00260498
v -0.0272002 0.0444732 0.00259212
v -0.0271883 0.0444596 0.00258021
v -0.0271774 0.0444442 0.00256937
v -0.0271678 0.0444274 0.00255972
v -0.0271594 0.0444092 0.00255137
v -0.0271525 0.0443899 0.00254441
v -0.027147 0.0443697 0.00253892
v -0.027143 0.0443487 0.00253495
v -0.0271406 0.0443273 0.00253255
v -0.0272884 0.0444622 0.0026528
v -0.0272769 0.0444597 0.00264129
v -0.0272656 0.0444554 0.00263003
v -0.0272547 0.0444495 0.00261915
v -0.0272444 0.044442 0.00260877
v -0.0272346 0.044433 0.00259899
v -0.0272255 0.0444227 0.00258994
v -0.0272173 0.044411 0.0025817
v -0.02721 0.0443982 0.00257436
v -0.0272036 0.0443844 0.00256802
v -0.0271983 0.0443697 0.00256273
v -0.0271941 0.0443543 0.00255855
v -0.0271911 0.0443384 0.00255553
v -0.0271893 0.0443221 0.00255371
v -0.0273022 0.044411 0.00264665
v -0.0272944 0.0444093 0.0026389
v -0.0272868 0.0444064 0.00263132
v -0.0272795 0.0444025 0.002624
v -0.0272725 0.0443974 0.00261701
v -0.0272659 0.0443914 0.00261043
v -0.0272598 0.0443844 0.00260434
v -0.0272543 0.0443766 0.00259879
v -0.0272494 0.0443679 0.00259386
v -0.0272451 0.0443586 0.00258958
v -0.0272415 0.0443488 0.00258602
v -0.0272387 0.0443384 0.00258321
v -0.0272367 0.0443277 0.00258118
v -0.0272355 0.0443167 0.00257995
v -0.0273121 0.0443586 0.00264452
v -0.0273082 0.0443578 0.00264063
v -0.0273044 0.0443563 0.00263682
v -0.0273007 0.0443543 0.00263313
v -0.0272972 0.0443518 0.00262962
v -0.0272939 0.0443488 0.00262631
v -0.0272908 0.0443453 0.00262325
v -0.027288 0.0443413 0.00262046
v -0.0272855 0.044337 0.00261798
v -0.0272834 0.0443323 0.00261583
v -0.0272816 0.0443273 0.00261404
v -0.0272802 0.0443221 0.00261262
v -0.0272791 0.0443167 0.0026116
v -0.0272785 0.0443112 0.00261098
v -0.0254441 0.0455761 0.00279588
v -0.0252633 0.0452146 0.00250273
v -0.02524 0.0451679 0.0025
v -0.0252864 0.0452607 0.00251089
v -0.0252713 0.0452304 0.00250554
v -0.0252638 0.0452155 0.0025029
v -0.025295 0.0452779 0.00251604
v -0.0252896 0.0452671 0.00251278
v -0.025309 0.0453059 0.0025244
v -0.0253167 0.0453213 0.002531
v -0.0253134 0.0453148 0.00252822
v -0.0253281 0.0453441 0.00254075
v -0.0253308 0.0453495 0.0025431
v -0.0253497 0.0453873 0.00256459
v -0.0253471 0.0453821 0.00256159
v -0.0253394 0.0453668 0.0025529
v -0.0253516 0.0453912 0.0025668
v -0.0253712 0.0454304 0.00259523
v -0.0253654 0.0454187 0.00258674
v -0.0253784 0.0454447 0.00260808
v -0.0253894 0.0454668 0.00262808
v -0.025406 0.0454999 0.00266499
v -0.0253953 0.0454785 0.00264116
v -0.02539 0.0454679 0.00262933
v -0.0254117 0.0455113 0.00268074
v -0.0254062 0.0455003 0.00266552
v -0.0254175 0.0455228 0.00269662
v -0.0254207 0.0455293 0.00270556
v -0.0254335 0.0455549 0.00274935
v -0.0254235 0.0455349 0.00271513
v -0.025423 0.045534 0.00271349
v -0.0254299 0.0455478 0.0027373
v -0.0254399 0.0455677 0.00277741
v -0.0254368 0.0455615 0.00276392
v -0.0226995 0.0482811 0.00546765
v -0.0254059 0.0455735 0.00276024
v -0.0254335 0.045576 0.00278544
v -0.0226602 0.0482746 0.00543486
v -0.025366 0.0455669 0.00272702
v -0.0253971 0.0455728 0.00275224
v -0.0226989 0.048281 0.00546716
v -0.0226196 0.0482638 0.00540497
v -0.0253248 0.045556 0.00269676
v -0.0253592 0.0455656 0.00272145
v -0.022659 0.0482743 0.00543398
v -0.022578 0.048249 0.0053783
v -0.0252826 0.0455407 0.00266981
v -0.0253201 0.0455546 0.00269338
v -0.0226177 0.0482632 0.00540379
v -0.0225755 0.0482478 0.00537693
v -0.0252802 0.0455399 0.0026683
v -0.022536 0.0482301 0.00535512
v -0.02524 0.0455214 0.00264645
v -0.0225329 0.0482286 0.00535355
v -0.0225329 0.0483731 0.00566828
v -0.0225329 0.0483726 0.0056581
v -0.0225329 0.0483691 0.00563483
v -0.0225329 0.0483654 0.00560956
v -0.0225329 0.0483642 0.00560481
v -0.0225329 0.0483682 0.00562827
v -0.0225329 0.0483577 0.00557895
v -0.0225329 0.0483535 0.00556196
v -0.0225329 0.0483431 0.00553311
v -0.0225329 0.0483369 0.00551577
v -0.0225329 0.048326 0.00549268
v -0.0225329 0.048316 0.00547141
v -0.0225329 0.0483058 0.00545452
v -0.0225329 0.0482907 0.00542932
v -0.0225329 0.048281 0.00541619
v -0.0225329 0.0482615 0.00538991
v -0.0225329 0.0482484 0.00537543
v -0.0225329 0.0482337 0.00535919
v -0.0225505 0.0483717 0.00565297
v -0.0225899 0.0483641 0.00562047
v -0.0225355 0.0483688 0.00563277
v -0.0226286 0.0483513 0.00558889
v -0.0225771 0.0483622 0.00560391
v -0.0226189 0.0483499 0.00557632
v -0.0225659 0.0483591 0.00558644
v -0.0226104 0.0483475 0.00556305
v -0.0225564 0.0483548 0.00556823
v -0.0226031 0.0483442 0.00554922
v -0.0225486 0.0483492 0.0055495
v -0.0225973 0.04834 0.005535
v -0.0225428 0.0483426 0.00553045
v -0.0225928 0.048335 0.00552053
v -0.0225389 0.048335 0.00551128
v -0.0225899 0.0483292 0.00550597
v -0.022537 0.0483264 0.00549221
v -0.0225884 0.0483227 0.00549149
v -0.022537 0.048317 0.00547345
v -0.0225885 0.0483155 0.00547724
v -0.0225391 0.0483069 0.0054552
v -0.02259 0.0483078 0.00546338
v -0.0225432 0.0482961 0.00543766
v -0.0225931 0.0482996 0.00545006
v -0.0225492 0.0482847 0.00542102
v -0.0225977 0.048291 0.00543742
v -0.022557 0.048273 0.00540547
v -0.0226036 0.0482821 0.00542561
v -0.0225667 0.0482611 0.00539118
v -0.022611 0.048273 0.00541475
v -0.0226663 0.0483334 0.00555858
v -0.0226597 0.0483324 0.00555012
v -0.022654 0.0483308 0.00554119
v -0.0226492 0.0483286 0.00553189
v -0.0226452 0.0483258 0.00552232
v -0.0226422 0.0483224 0.00551259
v -0.0226402 0.0483185 0.0055028
v -0.0226392 0.0483142 0.00549306
v -0.0226393 0.0483094 0.00548347
v -0.0226403 0.0483042 0.00547415
v -0.0226424 0.0482986 0.00546519
v -0.0226455 0.0482929 0.00545669
v -0.0226495 0.0482869 0.00544874
v -0.0226544 0.0482808 0.00544144
v -0.0227025 0.0483107 0.00552984
v -0.0226993 0.0483102 0.00552558
v -0.0226964 0.0483094 0.0055211
v -0.0226939 0.0483082 0.00551642
v -0.0226919 0.0483068 0.00551161
v -0.0226904 0.0483051 0.00550672
v -0.0226894 0.0483032 0.0055018
v -0.0226889 0.048301 0.0054969
v -0.022689 0.0482986 0.00549208
v -0.0226895 0.0482959 0.0054874
v -0.0226905 0.0482932 0.00548289
v -0.0226921 0.0482903 0.00547862
v -0.0226941 0.0482873 0.00547463
v -0.0226966 0.0482842 0.00547096
v 0.0225329 0.048375 0.00570711
v 0.0248291 0.0483723 0.00793093
v 0.0248641 0.0483648 0.00789595
v 0.0248649 0.0483645 0.00789511
v 0.0248994 0.0483518 0.00786066
v 0.0249 0.0483515 0.00786005
v 0.0249335 0.0483337 0.00782649
v 0.0249339 0.0483335 0.0078261
v 0.0249662 0.0483108 0.00779383
v 0.0249664 0.0483106 0.00779364
v 0.024828 0.0483725 0.00793201
v 0.024847 0.0483717 0.00794946
v 0.0248795 0.0483641 0.00791014
v 0.0248672 0.0483688 0.00796454
v 0.0249111 0.0483513 0.00787143
v 0.0248961 0.0483622 0.00792291
v 0.0249237 0.0483499 0.00788113
v 0.0249136 0.0483591 0.00793411
v 0.024937 0.0483475 0.00788964
v 0.0249318 0.0483548 0.00794363
v 0.0249508 0.0483442 0.00789687
v 0.0249505 0.0483492 0.00795135
v 0.024965 0.04834 0.00790273
v 0.0249696 0.0483426 0.0079572
v 0.0249795 0.048335 0.00790717
v 0.0249887 0.048335 0.00796111
v 0.024994 0.0483292 0.00791014
v 0.0250078 0.0483264 0.00796304
v 0.0250085 0.0483227 0.00791161
v 0.0250265 0.048317 0.00796296
v 0.0250228 0.0483155 0.00791155
v 0.0250448 0.0483069 0.00796088
v 0.0250366 0.0483078 0.00790997
v 0.0250623 0.0482961 0.00795682
v 0.0250499 0.0482996 0.00790688
v 0.025079 0.0482847 0.00795082
v 0.0250626 0.048291 0.00790233
v 0.0250945 0.048273 0.00794296
v 0.0250744 0.0482821 0.00789635
v 0.0251088 0.0482611 0.00793331
v 0.0250852 0.048273 0.00788903
v 0.0249414 0.0483334 0.00783374
v 0.0249499 0.0483324 0.00784026
v 0.0249588 0.0483308 0.00784599
v 0.0249681 0.0483286 0.00785085
v 0.0249777 0.0483258 0.00785479
v 0.0249874 0.0483224 0.00785778
v 0.0249972 0.0483185 0.00785978
v 0.0250069 0.0483142 0.00786076
v 0.0250165 0.0483094 0.00786072
v 0.0250259 0.0483042 0.00785966
v 0.0250348 0.0482986 0.00785759
v 0.0250433 0.0482929 0.00785452
v 0.0250513 0.0482869 0.00785051
v 0.0250586 0.0482808 0.00784558
v 0.0249702 0.0483107 0.00779747
v 0.0249744 0.0483102 0.00780075
v 0.0249789 0.0483094 0.00780363
v 0.0249836 0.0483082 0.00780607
v 0.0249884 0.0483068 0.00780805
v 0.0249933 0.0483051 0.00780955
v 0.0249982 0.0483032 0.00781056
v 0.0250031 0.048301 0.00781105
v 0.0250079 0.0482986 0.00781103
v 0.0250126 0.0482959 0.0078105
v 0.0250171 0.0482932 0.00780946
v 0.0250214 0.0482903 0.00780792
v 0.0250254 0.0482873 0.0078059
v 0.025029 0.0482842 0.00780342
v 0.0225329 0.0483731 0.00566828
v 0.0225329 0.0483682 0.00562827
v 0.0225329 0.0483691 0.00563483
v 0.0225329 0.0483726 0.0056581
v 0.0225329 0.0483577 0.00557895
v 0.0225329 0.0483642 0.00560481
v 0.0225329 0.0483654 0.00560956
v 0.0225329 0.0483431 0.00553311
v 0.0225329 0.0483535 0.00556196
v 0.0225329 0.048326 0.00549268
v 0.0225329 0.0483369 0.00551577
v 0.0225329 0.0483058 0.00545452
v 0.0225329 0.048316 0.00547141
v 0.0225329 0.048281 0.00541619
v 0.0225329 0.0482907 0.00542932
v 0.0225329 0.0482337 0.00535919
v 0.0225329 0.0482484 0.00537543
v 0.0225329 0.0482615 0.00538991
v 0.0225329 0.0482286 0.00535355
v 0.022737 0.0482832 0.00550298
v 0.0227064 0.0483106 0.00553362
v 0.0227062 0.0483108 0.00553381
v 0.0226739 0.0483335 0.00556608
v 0.02264 0.0483515 0.00560003
v 0.0226735 0.0483337 0.00556647
v 0.0226393 0.0483518 0.00560064
v 0.0226049 0.0483645 0.00563509
v 0.022604 0.0483648 0.00563593
v 0.0225691 0.0483723 0.00567091
v 0.022568 0.0483725 0.00567199
v 0.0226177 0.0482632 0.00540379
v 0.0226196 0.0482638 0.00540497
v 0.022659 0.0482743 0.00543398
v 0.0226602 0.0482746 0.00543486
v 0.0226989 0.048281 0.00546716
v 0.0226995 0.0482811 0.00546765
v 0.0225755 0.0482478 0.00537693
v 0.022536 0.0482301 0.00535512
v 0.022578 0.048249 0.0053783
v 0.0225771 0.0483622 0.00560391
v 0.0225355 0.0483688 0.00563277
v 0.0225505 0.0483717 0.00565297
v 0.0225899 0.0483641 0.00562047
v 0.0225667 0.0482611 0.00539118
v 0.022611 0.048273 0.00541475
v 0.022557 0.048273 0.00540547
v 0.0226036 0.0482821 0.00542561
v 0.0225492 0.0482847 0.00542102
v 0.0225977 0.048291 0.00543742
v 0.0225432 0.0482961 0.00543766
v 0.0225931 0.0482996 0.00545006
v 0.0225391 0.0483069 0.0054552
v 0.02259 0.0483078 0.00546338
v 0.022537 0.048317 0.00547345
v 0.0225885 0.0483155 0.00547724
v 0.022537 0.0483264 0.00549221
v 0.0225884 0.0483227 0.00549149
v 0.0225389 0.048335 0.00551128
v 0.0225899 0.0483292 0.00550597
v 0.0225428 0.0483426 0.00553045
v 0.0225928 0.048335 0.00552053
v 0.0225486 0.0483492 0.0055495
v 0.0225973 0.04834 0.005535
v 0.0225564 0.0483548 0.00556823
v 0.0226031 0.0483442 0.00554922
v 0.0225659 0.0483591 0.00558644
v 0.0226104 0.0483475 0.00556305
v 0.0226189 0.0483499 0.00557632
v 0.0226286 0.0483513 0.00558889
v 0.0226544 0.0482808 0.00544144
v 0.0226495 0.0482869 0.00544874
v 0.0226455 0.0482929 0.00545669
v 0.0226424 0.0482986 0.00546519
v 0.0226403 0.0483042 0.00547415
v 0.0226393 0.0483094 0.00548347
v 0.0226392 0.0483142 0.00549306
v 0.0226402 0.0483185 0.0055028
v 0.0226422 0.0483224 0.00551259
v 0.0226452 0.0483258 0.00552232
v 0.0226492 0.0483286 0.00553189
v 0.022654 0.0483308 0.00554119
v 0.0226597 0.0483324 0.00555012
v 0.0226663 0.0483334 0.00555858
v 0.0226966 0.0482842 0.00547096
v 0.0226941 0.0482873 0.00547463
v 0.0226921 0.0482903 0.00547862
v 0.0226905 0.0482932 0.00548289
v 0.0226895 0.0482959 0.0054874
v 0.022689 0.0482986 0.00549208
v 0.0226889 0.048301 0.0054969
v 0.0226894 0.0483032 0.0055018
v 0.0226904 0.0483051 0.00550672
v 0.0226919 0.0483068 0.00551161
v 0.0226939 0.0483082 0.00551642
v 0.0226964 0.0483094 0.0055211
v 0.0226993 0.0483102 0.00552558
v 0.0227025 0.0483107 0.00552984
v 0.0254441 0.0455761 0.00279588
v 0.0269822 0.0443411 0.00250208
v 0.0269878 0.0443523 0.00250273
v 0.0269988 0.0443744 0.00250663
v 0.0269855 0.0443478 0.00250246
v 0.0270109 0.0443985 0.00251089
v 0.0270294 0.0444356 0.002522
v 0.0270335 0.0444437 0.0025244
v 0.0270553 0.0444873 0.0025431
v 0.0270574 0.0444914 0.00254546
v 0.0270761 0.044529 0.0025668
v 0.0270836 0.0445439 0.00257766
v 0.0270957 0.0445682 0.00259523
v 0.0271139 0.0446045 0.00262808
v 0.0271162 0.0446091 0.00263312
v 0.0271091 0.044595 0.00261944
v 0.0271216 0.04462 0.00264534
v 0.0271452 0.0446671 0.00270556
v 0.0271305 0.0446376 0.00266499
v 0.0271462 0.0446692 0.00270911
v 0.0271496 0.044676 0.00272081
v 0.0271579 0.0446925 0.00274911
v 0.0271579 0.0446926 0.00274935
v 0.0271986 0.0446437 0.00271558
v 0.0271688 0.0446806 0.00273993
v 0.0269849 0.044341 0.00250223
v 0.0270377 0.0443369 0.00250638
v 0.0271619 0.0445787 0.0026306
v 0.027126 0.0446162 0.00264295
v 0.0271495 0.0446289 0.00266643
v 0.0271826 0.0445899 0.00265126
v 0.0271738 0.0446381 0.00269073
v 0.027204 0.044598 0.00267262
v 0.0272258 0.0446029 0.00269447
v 0.0270899 0.0443322 0.00251671
v 0.0270412 0.0443678 0.00250984
v 0.0270928 0.0443586 0.00251966
v 0.0270469 0.044398 0.00251557
v 0.0270977 0.0443843 0.00252453
v 0.0270548 0.0444272 0.0025235
v 0.0271044 0.0444091 0.00253128
v 0.0270649 0.0444551 0.00253354
v 0.027113 0.0444329 0.00253983
v 0.0270769 0.0444813 0.00254559
v 0.0271232 0.0444552 0.00255009
v 0.0270908 0.0445056 0.00255951
v 0.0271351 0.0444759 0.00256194
v 0.0271065 0.0445278 0.00257515
v 0.0271484 0.0444947 0.00257526
v 0.0271237 0.0445474 0.00259234
v 0.0271631 0.0445115 0.0025899
v 0.0271422 0.0445645 0.00261089
v 0.0271788 0.044526 0.00260569
v 0.0271956 0.0445381 0.00262247
v 0.0272132 0.0445476 0.00264005
v 0.0272314 0.0445545 0.00265825
v 0.02725 0.0445587 0.00267685
v 0.0271406 0.0443273 0.00253255
v 0.027143 0.0443487 0.00253495
v 0.027147 0.0443697 0.00253892
v 0.0271525 0.0443899 0.00254441
v 0.0271594 0.0444092 0.00255137
v 0.0271678 0.0444274 0.00255972
v 0.0271774 0.0444442 0.00256937
v 0.0271883 0.0444596 0.00258021
v 0.0272002 0.0444732 0.00259212
v 0.027213 0.044485 0.00260498
v 0.0272267 0.0444949 0.00261864
v 0.027241 0.0445026 0.00263295
v 0.0272558 0.0445083 0.00264776
v 0.0272709 0.0445116 0.0026629
v 0.0271893 0.0443221 0.00255371
v 0.0271911 0.0443384 0.00255553
v 0.0271941 0.0443543 0.00255855
v 0.0271983 0.0443697 0.00256273
v 0.0272036 0.0443844 0.00256802
v 0.02721 0.0443982 0.00257436
v 0.0272173 0.044411 0.0025817
v 0.0272255 0.0444227 0.00258994
v 0.0272346 0.044433 0.00259899
v 0.0272444 0.044442 0.00260877
v 0.0272547 0.0444495 0.00261915
v 0.0272656 0.0444554 0.00263003
v 0.0272769 0.0444597 0.00264129
v 0.0272884 0.0444622 0.0026528
v 0.0272355 0.0443167 0.00257995
v 0.0272367 0.0443277 0.00258118
v 0.0272387 0.0443384 0.00258321
v 0.0272415 0.0443488 0.00258602
v 0.0272451 0.0443586 0.00258958
v 0.0272494 0.0443679 0.00259386
v 0.0272543 0.0443766 0.00259879
v 0.0272598 0.0443844 0.00260434
v 0.0272659 0.0443914 0.00261043
v 0.0272725 0.0443974 0.00261701
v 0.0272795 0.0444025 0.002624
v 0.0272868 0.0444064 0.00263132
v 0.0272944 0.0444093 0.0026389
v 0.0273022 0.044411 0.00264665
v 0.0272785 0.0443112 0.00261098
v 0.0272791 0.0443167 0.0026116
v 0.0272802 0.0443221 0.00261262
v 0.0272816 0.0443273 0.00261404
v 0.0272834 0.0443323 0.00261583
v 0.0272855 0.044337 0.00261798
v 0.027288 0.0443413 0.00262046
v 0.0272908 0.0443453 0.00262325
v 0.0272939 0.0443488 0.00262631
v 0.0272972 0.0443518 0.00262962
v 0.0273007 0.0443543 0.00263313
v 0.0273044 0.0443563 0.00263682
v 0.0273082 0.0443578 0.00264063
v 0.0273121 0.0443586 0.00264452
v 0.02524 0.0451679 0.0025
v 0.02524 0.0455214 0.00264645
v -0.02524 0.0452654 0.00250969
v -0.02524 0.0453116 0.0025211
v -0.02524 0.045313 0.0025216
v -0.02524 0.0453581 0.00253761
v -0.02524 0.0453592 0.00253811
v -0.02524 0.0454028 0.00255862
v -0.02524 0.0454036 0.00255908
v -0.02524 0.0454452 0.00258394
v -0.02524 0.0454457 0.00258429
v -0.02524 0.0454849 0.00261331
v -0.02524 0.0454851 0.00261351
v -0.02524 0.0452148 0.00250221
v -0.02524 0.0452637 0.00250927
v -0.02524 0.0452169 0.0025025
v -0.025269 0.0452648 0.00251033
v -0.0252646 0.0453125 0.00252201
v -0.02526 0.0453589 0.00253835
v -0.025289 0.0453152 0.00252472
v -0.0252798 0.0453611 0.00254055
v -0.0253122 0.0453199 0.00252988
v -0.0252552 0.0454034 0.00255918
v -0.0252702 0.045405 0.00256085
v -0.0252991 0.0453647 0.00254419
v -0.0252848 0.0454078 0.00256362
v -0.0253178 0.0453698 0.00254924
v -0.025299 0.0454116 0.00256745
v -0.0253357 0.0453762 0.00255563
v -0.0254167 0.0455481 0.00272758
v -0.025374 0.0455469 0.00270274
v -0.0254078 0.0455608 0.00274027
v -0.0253673 0.0455566 0.00271237
v -0.0252502 0.0454456 0.00258431
v -0.0252603 0.0454467 0.00258544
v -0.0252701 0.0454485 0.00258729
v -0.0252797 0.0454511 0.00258987
v -0.0253126 0.0454165 0.0025723
v -0.0252888 0.0454544 0.00259313
v -0.0253254 0.0454223 0.00257812
v -0.0252974 0.0454583 0.00259704
v -0.0253372 0.045429 0.00258484
v -0.0253053 0.0454628 0.00260156
v -0.025348 0.0454366 0.0025924
v -0.0253126 0.0454679 0.00260664
v -0.0253576 0.0454449 0.00260072
v -0.025319 0.0454735 0.00261223
v -0.025366 0.0454539 0.00260969
v -0.0253247 0.0454795 0.00261826
v -0.0253729 0.0454634 0.00261923
v -0.0253293 0.0454859 0.00262468
v -0.0253785 0.0454734 0.00262923
v -0.0253331 0.0454926 0.0026314
v -0.0253825 0.0454838 0.00263959
v -0.0253358 0.0454996 0.00263836
v -0.025385 0.0454944 0.00265018
v -0.0253375 0.0455067 0.00264548
v -0.025386 0.0455051 0.00266091
v -0.0253381 0.0455139 0.00265269
v -0.0253853 0.0455158 0.00267164
v -0.0253377 0.0455211 0.0026599
v -0.0253831 0.0455265 0.00268226
v -0.0253362 0.0455283 0.00266704
v -0.0253793 0.0455369 0.00269267
v -0.0253336 0.0455353 0.00267403
v -0.0253301 0.0455421 0.0026808
v -0.0253255 0.0455485 0.00268728
v -0.0252451 0.0454851 0.0026135
v -0.0252502 0.0454856 0.00261406
v -0.0252551 0.0454865 0.00261499
v -0.0252599 0.0454878 0.00261629
v -0.0252645 0.0454895 0.00261793
v -0.0252688 0.0454914 0.00261989
v -0.0252728 0.0454937 0.00262216
v -0.0252765 0.0454963 0.00262472
v -0.0252797 0.0454991 0.00262752
v -0.0252825 0.0455021 0.00263055
v -0.0252849 0.0455053 0.00263378
v -0.0252868 0.0455087 0.00263715
v -0.0252881 0.0455122 0.00264065
v -0.025289 0.0455158 0.00264423
v -0.0252893 0.0455194 0.00264785
v -0.0252891 0.045523 0.00265147
v -0.0252883 0.0455266 0.00265506
v -0.025287 0.0455301 0.00265858
v -0.0252852 0.0455335 0.00266198
v -0.025283 0.0455368 0.00266523
v 0.0254335 0.045576 0.00278544
v 0.0253971 0.0455728 0.00275224
v 0.0254059 0.0455735 0.00276024
v 0.025366 0.0455669 0.00272702
v 0.0253592 0.0455656 0.00272145
v 0.0253248 0.045556 0.00269676
v 0.0253201 0.0455546 0.00269338
v 0.0252826 0.0455407 0.00266981
v 0.0252802 0.0455399 0.0026683
v 0.02524 0.0454851 0.00261351
v 0.02524 0.0454457 0.00258429
v 0.02524 0.0454849 0.00261331
v 0.02524 0.0454036 0.00255908
v 0.02524 0.0454452 0.00258394
v 0.02524 0.0453592 0.00253811
v 0.02524 0.0454028 0.00255862
v 0.02524 0.045313 0.0025216
v 0.02524 0.0453581 0.00253761
v 0.02524 0.0452654 0.00250969
v 0.02524 0.0453116 0.0025211
v 0.02524 0.0452169 0.0025025
v 0.02524 0.0452637 0.00250927
v 0.02524 0.0452148 0.00250221
v 0.0252633 0.0452146 0.00250273
v 0.0252638 0.0452155 0.0025029
v 0.0252713 0.0452304 0.00250554
v 0.0252896 0.0452671 0.00251278
v 0.025295 0.0452779 0.00251604
v 0.0252864 0.0452607 0.00251089
v 0.0253134 0.0453148 0.00252822
v 0.0253167 0.0453213 0.002531
v 0.025309 0.0453059 0.0025244
v 0.0253281 0.0453441 0.00254075
v 0.0253394 0.0453668 0.0025529
v 0.0253471 0.0453821 0.00256159
v 0.0253497 0.0453873 0.00256459
v 0.0253308 0.0453495 0.0025431
v 0.0253516 0.0453912 0.0025668
v 0.0253654 0.0454187 0.00258674
v 0.0253894 0.0454668 0.00262808
v 0.0253712 0.0454304 0.00259523
v 0.0253784 0.0454447 0.00260808
v 0.02539 0.0454679 0.00262933
v 0.0253953 0.0454785 0.00264116
v 0.0254117 0.0455113 0.00268074
v 0.0254175 0.0455228 0.00269662
v 0.0254062 0.0455003 0.00266552
v 0.025406 0.0454999 0.00266499
v 0.0254335 0.0455549 0.00274935
v 0.025423 0.045534 0.00271349
v 0.0254235 0.0455349 0.00271513
v 0.0254207 0.0455293 0.00270556
v 0.0254299 0.0455478 0.0027373
v 0.0254368 0.0455615 0.00276392
v 0.0254399 0.0455677 0.00277741
v 0.0252646 0.0453125 0.00252201
v 0.025269 0.0452648 0.00251033
v 0.0252991 0.0453647 0.00254419
v 0.0253122 0.0453199 0.00252988
v 0.025289 0.0453152 0.00252472
v 0.0252798 0.0453611 0.00254055
v 0.02526 0.0453589 0.00253835
v 0.0254078 0.0455608 0.00274027
v 0.0253673 0.0455566 0.00271237
v 0.0254167 0.0455481 0.00272758
v 0.0253793 0.0455369 0.00269267
v 0.0253126 0.0454165 0.0025723
v 0.0253357 0.0453762 0.00255563
v 0.0253178 0.0453698 0.00254924
v 0.025299 0.0454116 0.00256745
v 0.0252848 0.0454078 0.00256362
v 0.0252702 0.045405 0.00256085
v 0.0252552 0.0454034 0.00255918
v 0.0253255 0.0455485 0.00268728
v 0.025374 0.0455469 0.00270274
v 0.0253301 0.0455421 0.0026808
v 0.0253336 0.0455353 0.00267403
v 0.0253831 0.0455265 0.00268226
v 0.0253362 0.0455283 0.00266704
v 0.0253853 0.0455158 0.00267164
v 0.0253377 0.0455211 0.0026599
v 0.025386 0.0455051 0.00266091
v 0.0253381 0.0455139 0.00265269
v 0.025385 0.0454944 0.00265018
v 0.0253375 0.0455067 0.00264548
v 0.0253825 0.0454838 0.00263959
v 0.0253358 0.0454996 0.00263836
v 0.0253785 0.0454734 0.00262923
v 0.0253331 0.0454926 0.0026314
v 0.0253729 0.0454634 0.00261923
v 0.0253293 0.0454859 0.00262468
v 0.025366 0.0454539 0.00260969
v 0.0253247 0.0454795 0.00261826
v 0.0253576 0.0454449 0.00260072
v 0.025319 0.0454735 0.00261223
v 0.025348 0.0454366 0.0025924
v 0.0253126 0.0454679 0.00260664
v 0.0253372 0.045429 0.00258484
v 0.0253053 0.0454628 0.00260156
v 0.0253254 0.0454223 0.00257812
v 0.0252974 0.0454583 0.00259704
v 0.0252888 0.0454544 0.00259313
v 0.0252797 0.0454511 0.00258987
v 0.0252701 0.0454485 0.00258729
v 0.0252603 0.0454467 0.00258544
v 0.0252502 0.0454456 0.00258431
v 0.025283 0.0455368 0.00266523
v 0.0252852 0.0455335 0.00266198
v 0.025287 0.0455301 0.00265858
v 0.0252883 0.0455266 0.00265506
v 0.0252891 0.045523 0.00265147
v 0.0252893 0.0455194 0.00264785
v 0.025289 0.0455158 0.00264423
v 0.0252881 0.0455122 0.00264065
v 0.0252868 0.0455087 0.00263715
v 0.0252849 0.0455053 0.00263378
v 0.0252825 0.0455021 0.00263055
v 0.0252797 0.0454991 0.00262752
v 0.0252765 0.0454963 0.00262472
v 0.0252728 0.0454937 0.00262216
v 0.0252688 0.0454914 0.00261989
v 0.0252645 0.0454895 0.00261793
v 0.0252599 0.0454878 0.00261629
v 0.0252551 0.0454865 0.00261499
v 0.0252502 0.0454856 0.00261406
v 0.0252451 0.0454851 0.0026135
v 0.0269645 -0.042375 0.0025
v -0.0269645 -0.042375 0.0025
v -0.027318 -0.042375 0.00264645
v 0.0278536 -0.042375 0.00318198
v 0.027318 -0.042375 0.00264645
v -0.028 -0.042375 0.00353553
v -0.0278536 -0.042375 0.00318198
v -0.0271096 -0.042375 0.00252153
v -0.0271558 -0.042375 0.00253806
v 0.0270135 -0.042375 0.00250241
v 0.0278865 -0.042375 0.00321834
v 0.028 -0.042375 0.014
v 0.028 -0.042375 0.00353553
v -0.028 -0.042375 0.014
v -0.0279976 -0.042375 0.00348653
v -0.0272817 -0.042375 0.00261349
v -0.0272002 -0.042375 0.00255904
v -0.0270135 -0.042375 0.00250241
v -0.027062 -0.042375 0.00250961
v 0.027062 -0.042375 0.00250961
v 0.0271558 -0.042375 0.00253806
v 0.0271096 -0.042375 0.00252153
v -0.0278865 -0.042375 0.00321834
v -0.0279157 -0.042375 0.00325775
v -0.0272423 -0.042375 0.00258427
v 0.0272817 -0.042375 0.00261349
v 0.0359895 -0.042375 0.0382264
v 0.0287133 -0.042375 0.0180755
v 0.028403 -0.042375 0.0170837
v 0.028045 -0.042375 0.0150383
v -0.0279904 -0.042375 0.00343799
v 0.0272423 -0.042375 0.00258427
v 0.027941 -0.042375 0.00329984
v 0.0279157 -0.042375 0.00325775
v 0.0279976 -0.042375 0.00348653
v 0.0279904 -0.042375 0.00343799
v 0.0365084 -0.042375 0.0399415
v 0.0281797 -0.042375 0.0160687
v -0.0279785 -0.042375 0.00339039
v -0.027941 -0.042375 0.00329984
v -0.0279619 -0.042375 0.00334419
v 0.0272002 -0.042375 0.00255904
v 0.0279619 -0.042375 0.00334419
v 0.0279785 -0.042375 0.00339039
v 0.034006 -0.042375 0.0536349
v 0.0349424 -0.042375 0.0521071
v 0.0329141 -0.042375 0.0550556
v 0.0075186 -0.042375 0.0555419
v 0.00880282 -0.042375 0.0567915
v -0.0258736 -0.042375 0.0194315
v 0.0363085 -0.042375 0.0487993
v 0.0357127 -0.042375 0.0504893
v -0.0264182 -0.042375 0.0187756
v 0.0369518 -0.042375 0.0452788
v 0.0367231 -0.042375 0.0470561
v 0.0203254 -0.042375 0.0609969
v 0.0221127 -0.042375 0.0608682
v 0.0185346 -0.042375 0.0609367
v 0.0102114 -0.042375 0.0578991
v 0.0368439 -0.042375 0.0417017
v 0.0316786 -0.042375 0.0563535
v 0.0303134 -0.042375 0.0575142
v 0.0288337 -0.042375 0.0585247
v 0.0272557 -0.042375 0.0593738
v 0.0255972 -0.042375 0.0600521
v 0.0238765 -0.042375 0.0605521
v 0.01676 -0.042375 0.0606884
v 0.0150214 -0.042375 0.0602546
v 0.0133381 -0.042375 0.0596403
v 0.0117288 -0.042375 0.0588522
v 0.0369923 -0.042375 0.0434874
v -0.0272835 -0.042375 0.0173092
v -0.02689 -0.042375 0.0180655
v -0.0275943 -0.042375 0.0165154
v -0.0279546 -0.042375 0.0148513
v -0.0278188 -0.042375 0.015693
v -0.028 -0.0451679 0.014
v -0.0279546 -0.0451679 0.0148513
v -0.0278188 -0.0451679 0.015693
v -0.0275943 -0.0451679 0.0165154
v -0.0272835 -0.0451679 0.0173092
v -0.02689 -0.0451679 0.0180655
v -0.0264182 -0.0451679 0.0187756
v -0.0258736 -0.0451679 0.0194315
v 0.0075186 -0.0451679 0.0555419
v 0.00880282 -0.0451679 0.0567915
v 0.0102114 -0.0451679 0.0578991
v 0.0117288 -0.0451679 0.0588522
v 0.0133381 -0.0451679 0.0596403
v 0.0150214 -0.0451679 0.0602546
v 0.01676 -0.0451679 0.0606884
v 0.0185346 -0.0451679 0.0609367
v 0.0203254 -0.0451679 0.0609969
v 0.0221127 -0.0451679 0.0608682
v 0.0238765 -0.0451679 0.0605521
v 0.0255972 -0.0451679 0.0600521
v 0.0272557 -0.0451679 0.0593738
v 0.0288337 -0.0451679 0.0585247
v 0.0303134 -0.0451679 0.0575142
v 0.0316786 -0.0451679 0.0563535
v 0.0329141 -0.0451679 0.0550556
v 0.034006 -0.0451679 0.0536349
v 0.0349424 -0.0451679 0.0521071
v 0.0357127 -0.0451679 0.0504893
v 0.0363085 -0.0451679 0.0487993
v 0.0367231 -0.0451679 0.0470561
v 0.0369518 -0.0451679 0.0452788
v 0.0369923 -0.0451679 0.0434874
v 0.0368439 -0.0451679 0.0417017
v 0.0365084 -0.0451679 0.0399415
v 0.0359895 -0.0451679 0.0382264
v 0.0287133 -0.0451679 0.0180755
v 0.028403 -0.0451679 0.0170837
v 0.0281797 -0.0451679 0.0160687
v 0.028045 -0.0451679 0.0150383
v 0.028 -0.0451679 0.014
v 0.0278536 -0.0443056 0.00318198
v 0.027318 -0.0443056 0.00264645
v -0.027318 -0.0443056 0.00264645
v -0.0278536 -0.0443056 0.00318198
v -0.0278863 -0.0443056 0.00321848
v -0.0278892 -0.0443056 0.00322168
v -0.0279154 -0.0443056 0.00325797
v -0.0279205 -0.0443056 0.00326495
v -0.0279469 -0.0443056 0.0033113
v -0.0279405 -0.0443056 0.00330009
v -0.0279683 -0.0443056 0.00336021
v -0.0279614 -0.0443056 0.00334444
v -0.0279843 -0.0443056 0.00341111
v -0.0279778 -0.0443056 0.0033906
v -0.0279897 -0.0443056 0.00343813
v -0.0279948 -0.0443056 0.00346344
v -0.0279969 -0.0443056 0.00348659
v -0.0279996 -0.0443056 0.00351658
v -0.028 -0.0443056 0.00353553
v -0.0269834 -0.0443056 0.00250036
v -0.0269645 -0.0443056 0.0025
v -0.0270366 -0.0443056 0.00250523
v -0.0270134 -0.0443056 0.00250311
v -0.0270619 -0.0443056 0.00251031
v -0.0270889 -0.0443056 0.00251573
v -0.0271094 -0.0443056 0.00252218
v -0.0271398 -0.0443056 0.00253175
v -0.0271556 -0.0443056 0.00253863
v -0.0271887 -0.0443056 0.0025531
v -0.0271999 -0.0443056 0.00255949
v -0.0272351 -0.0443056 0.00257954
v -0.027242 -0.0443056 0.00258458
v -0.0272783 -0.0443056 0.00261078
v -0.0272815 -0.0443056 0.00261365
v -0.0277335 -0.0446809 0.00330204
v -0.027198 -0.0446809 0.0027665
v -0.0271967 -0.0446827 0.0027678
v -0.0277322 -0.0446827 0.00330333
v -0.0271686 -0.0447139 0.00279588
v -0.0277041 -0.0447139 0.00333141
v -0.0277593 -0.0446455 0.00327624
v -0.0272238 -0.0446455 0.0027407
v -0.0277603 -0.0446438 0.00327523
v -0.0272248 -0.0446438 0.0027397
v -0.0272486 -0.0446029 0.00271582
v -0.0272479 -0.0446045 0.00271656
v -0.0277834 -0.0446045 0.0032521
v -0.0278043 -0.0445601 0.00323119
v -0.0278049 -0.0445587 0.00323067
v -0.0272693 -0.0445587 0.00269513
v -0.0272688 -0.0445601 0.00269565
v -0.0277842 -0.0446029 0.00325135
v -0.0272863 -0.0445128 0.00267821
v -0.0278218 -0.0445128 0.00321374
v -0.0278221 -0.0445116 0.00321342
v -0.0272866 -0.0445116 0.00267788
v -0.0278356 -0.0444631 0.00319997
v -0.0273 -0.0444631 0.00266443
v -0.0278357 -0.0444622 0.00319979
v -0.0273002 -0.0444622 0.00266426
v -0.0278455 -0.0444116 0.00319001
v -0.02731 -0.0444116 0.00265448
v -0.0278456 -0.044411 0.00318994
v -0.0273101 -0.044411 0.00265441
v -0.027316 -0.0443586 0.00264845
v -0.027316 -0.0443589 0.00264846
v -0.0278515 -0.0443589 0.00318399
v -0.0278516 -0.0443586 0.00318398
v -0.0258718 -0.0452169 0.0194298
v 0.00752037 -0.0452169 0.0555402
v -0.0258665 -0.0452654 0.0194249
v 0.00752565 -0.0452654 0.0555353
v -0.0258578 -0.045313 0.0194168
v 0.00753441 -0.045313 0.0555272
v -0.0258457 -0.0453592 0.0194056
v 0.00754654 -0.0453592 0.055516
v -0.0258303 -0.0454036 0.0193914
v 0.00756195 -0.0454036 0.0555018
v -0.0258117 -0.0454457 0.0193743
v 0.00758047 -0.0454457 0.0554847
v -0.0257903 -0.0454851 0.0193544
v 0.00760193 -0.0454851 0.0554648
v -0.0257661 -0.0455214 0.019332
v 0.00762612 -0.0455214 0.0554424
v 0.0359873 -0.0452169 0.0382272
v 0.0359805 -0.0452654 0.0382296
v 0.0359693 -0.045313 0.0382337
v 0.0359537 -0.0453592 0.0382393
v 0.035934 -0.0454036 0.0382464
v 0.0359103 -0.0454457 0.038255
v 0.0358828 -0.0454851 0.0382649
v 0.0358518 -0.0455214 0.0382761
v 0.0363662 -0.0455214 0.0399764
v 0.0366988 -0.0455214 0.0417215
v 0.0368459 -0.0455214 0.0434918
v 0.0368058 -0.0455214 0.0452678
v 0.036579 -0.0455214 0.0470297
v 0.036168 -0.0455214 0.048758
v 0.0355774 -0.0455214 0.0504334
v 0.0348137 -0.0455214 0.0520373
v 0.0338854 -0.0455214 0.0535519
v 0.0328028 -0.0455214 0.0549604
v 0.031578 -0.0455214 0.0562471
v 0.0302246 -0.0455214 0.0573978
v 0.0287576 -0.0455214 0.0583996
v 0.0271932 -0.0455214 0.0592414
v 0.025549 -0.0455214 0.0599139
v 0.0238431 -0.0455214 0.0604095
v 0.0220945 -0.0455214 0.0607229
v 0.0203226 -0.0455214 0.0608505
v 0.0185472 -0.0455214 0.0607908
v 0.0167879 -0.0455214 0.0605446
v 0.0150643 -0.0455214 0.0601146
v 0.0133955 -0.0455214 0.0595056
v 0.0118001 -0.0455214 0.0587242
v 0.0102958 -0.0455214 0.0577793
v 0.00889928 -0.0455214 0.0566813
v 0.0365061 -0.0452169 0.039942
v 0.0368415 -0.0452169 0.041702
v 0.0369899 -0.0452169 0.0434875
v 0.0369494 -0.0452169 0.0452786
v 0.0367207 -0.0452169 0.0470556
v 0.0363062 -0.0452169 0.0487986
v 0.0357105 -0.0452169 0.0504883
v 0.0349403 -0.0452169 0.052106
v 0.034004 -0.0452169 0.0536335
v 0.0329122 -0.0452169 0.0550541
v 0.031677 -0.0452169 0.0563518
v 0.030312 -0.0452169 0.0575123
v 0.0288324 -0.0452169 0.0585226
v 0.0272547 -0.0452169 0.0593716
v 0.0255964 -0.0452169 0.0600499
v 0.0238759 -0.0452169 0.0605498
v 0.0221124 -0.0452169 0.0608658
v 0.0203254 -0.0452169 0.0609945
v 0.0185348 -0.0452169 0.0609343
v 0.0167604 -0.0452169 0.060686
v 0.0150221 -0.0452169 0.0602523
v 0.013339 -0.0452169 0.0596381
v 0.01173 -0.0452169 0.0588501
v 0.0102128 -0.0452169 0.0578971
v 0.0088044 -0.0452169 0.0567897
v 0.0364991 -0.0452654 0.0399438
v 0.0368344 -0.0452654 0.041703
v 0.0369827 -0.0452654 0.0434877
v 0.0369423 -0.0452654 0.0452781
v 0.0367136 -0.0452654 0.0470543
v 0.0362993 -0.0452654 0.0487966
v 0.0357038 -0.0452654 0.0504856
v 0.0349339 -0.0452654 0.0521025
v 0.0339981 -0.0452654 0.0536295
v 0.0329068 -0.0452654 0.0550494
v 0.031672 -0.0452654 0.0563465
v 0.0303076 -0.0452654 0.0575065
v 0.0288287 -0.0452654 0.0585165
v 0.0272516 -0.0452654 0.0593651
v 0.025594 -0.0452654 0.0600431
v 0.0238743 -0.0452654 0.0605428
v 0.0221115 -0.0452654 0.0608587
v 0.0203252 -0.0452654 0.0609873
v 0.0185354 -0.0452654 0.0609271
v 0.0167618 -0.0452654 0.060679
v 0.0150242 -0.0452654 0.0602454
v 0.0133418 -0.0452654 0.0596315
v 0.0117335 -0.0452654 0.0588438
v 0.010217 -0.0452654 0.0578912
v 0.00880915 -0.0452654 0.0567843
v 0.0364875 -0.045313 0.0399466
v 0.0368226 -0.045313 0.0417046
v 0.0369707 -0.045313 0.043488
v 0.0369304 -0.045313 0.0452772
v 0.0367019 -0.045313 0.0470522
v 0.0362878 -0.045313 0.0487932
v 0.0356928 -0.045313 0.050481
v 0.0349235 -0.045313 0.0520969
v 0.0339883 -0.045313 0.0536227
v 0.0328977 -0.045313 0.0550416
v 0.0316638 -0.045313 0.0563379
v 0.0303004 -0.045313 0.0574971
v 0.0288225 -0.045313 0.0585063
v 0.0272465 -0.045313 0.0593543
v 0.0255901 -0.045313 0.0600318
v 0.0238716 -0.045313 0.0605312
v 0.02211 -0.045313 0.0608468
v 0.020325 -0.045313 0.0609754
v 0.0185364 -0.045313 0.0609153
v 0.0167641 -0.045313 0.0606672
v 0.0150277 -0.045313 0.060234
v 0.0133465 -0.045313 0.0596205
v 0.0117393 -0.045313 0.0588334
v 0.0102238 -0.045313 0.0578815
v 0.008817 -0.045313 0.0567753
v 0.0364715 -0.0453592 0.0399505
v 0.0368062 -0.0453592 0.0417068
v 0.0369542 -0.0453592 0.0434885
v 0.0369139 -0.0453592 0.045276
v 0.0366856 -0.0453592 0.0470492
v 0.036272 -0.0453592 0.0487886
v 0.0356775 -0.0453592 0.0504747
v 0.0349089 -0.0453592 0.052089
v 0.0339747 -0.0453592 0.0536133
v 0.0328852 -0.0453592 0.0550309
v 0.0316525 -0.0453592 0.0563259
v 0.0302903 -0.0453592 0.0574839
v 0.0288139 -0.0453592 0.0584922
v 0.0272395 -0.0453592 0.0593394
v 0.0255847 -0.0453592 0.0600162
v 0.0238678 -0.0453592 0.0605151
v 0.022108 -0.0453592 0.0608304
v 0.0203247 -0.0453592 0.0609588
v 0.0185378 -0.0453592 0.0608988
v 0.0167672 -0.0453592 0.060651
v 0.0150325 -0.0453592 0.0602182
v 0.013353 -0.0453592 0.0596053
v 0.0117473 -0.0453592 0.0588189
v 0.0102334 -0.0453592 0.0578679
v 0.00882789 -0.0453592 0.0567629
v 0.0364511 -0.0454036 0.0399556
v 0.0367854 -0.0454036 0.0417096
v 0.0369333 -0.0454036 0.0434892
v 0.036893 -0.0454036 0.0452744
v 0.036665 -0.0454036 0.0470454
v 0.0362518 -0.0454036 0.0487827
v 0.0356581 -0.0454036 0.0504667
v 0.0348905 -0.0454036 0.052079
v 0.0339574 -0.0454036 0.0536014
v 0.0328692 -0.0454036 0.0550172
v 0.0316381 -0.0454036 0.0563106
v 0.0302776 -0.0454036 0.0574672
v 0.028803 -0.0454036 0.0584742
v 0.0272305 -0.0454036 0.0593204
v 0.0255778 -0.0454036 0.0599964
v 0.023863 -0.0454036 0.0604946
v 0.0221054 -0.0454036 0.0608096
v 0.0203243 -0.0454036 0.0609379
v 0.0185396 -0.0454036 0.0608779
v 0.0167712 -0.0454036 0.0606304
v 0.0150387 -0.0454036 0.0601982
v 0.0133612 -0.0454036 0.059586
v 0.0117575 -0.0454036 0.0588006
v 0.0102454 -0.0454036 0.0578508
v 0.0088417 -0.0454036 0.0567471
v 0.0364266 -0.0454457 0.0399616
v 0.0367604 -0.0454457 0.0417131
v 0.036908 -0.0454457 0.0434899
v 0.0368678 -0.0454457 0.0452725
v 0.0366402 -0.0454457 0.0470409
v 0.0362276 -0.0454457 0.0487755
v 0.0356348 -0.0454457 0.0504571
v 0.0348683 -0.0454457 0.0520669
v 0.0339366 -0.0454457 0.0535871
v 0.0328501 -0.0454457 0.0550008
v 0.0316207 -0.0454457 0.0562923
v 0.0302623 -0.0454457 0.0574472
v 0.0287899 -0.0454457 0.0584527
v 0.0272198 -0.0454457 0.0592976
v 0.0255695 -0.0454457 0.0599726
v 0.0238573 -0.0454457 0.0604701
v 0.0221022 -0.0454457 0.0607846
v 0.0203238 -0.0454457 0.0609126
v 0.0185418 -0.0454457 0.0608528
v 0.016776 -0.0454457 0.0606057
v 0.015046 -0.0454457 0.0601741
v 0.0133711 -0.0454457 0.0595628
v 0.0117698 -0.0454457 0.0587786
v 0.01026 -0.0454457 0.0578302
v 0.00885832 -0.0454457 0.0567281
v 0.0363982 -0.0454851 0.0399686
v 0.0367315 -0.0454851 0.041717
v 0.0368788 -0.0454851 0.0434908
v 0.0368387 -0.0454851 0.0452703
v 0.0366114 -0.0454851 0.0470356
v 0.0361996 -0.0454851 0.0487673
v 0.0356078 -0.0454851 0.0504459
v 0.0348426 -0.0454851 0.052053
v 0.0339125 -0.0454851 0.0535706
v 0.0328278 -0.0454851 0.0549818
v 0.0316007 -0.0454851 0.0562711
v 0.0302446 -0.0454851 0.057424
v 0.0287747 -0.0454851 0.0584277
v 0.0272073 -0.0454851 0.0592712
v 0.0255598 -0.0454851 0.059945
v 0.0238506 -0.0454851 0.0604416
v 0.0220986 -0.0454851 0.0607556
v 0.0203233 -0.0454851 0.0608834
v 0.0185443 -0.0454851 0.0608236
v 0.0167816 -0.0454851 0.060577
v 0.0150546 -0.0454851 0.0601461
v 0.0133826 -0.0454851 0.0595359
v 0.011784 -0.0454851 0.058753
v 0.0102768 -0.0454851 0.0578063
v 0.00887757 -0.0454851 0.0567061
v 0.028711 -0.0452169 0.0180763
v 0.0287042 -0.0452654 0.0180788
v 0.028693 -0.045313 0.0180828
v 0.0286775 -0.0453592 0.0180884
v 0.0286577 -0.0454036 0.0180956
v 0.028634 -0.0454457 0.0181041
v 0.0286065 -0.0454851 0.0181141
v 0.0285755 -0.0455214 0.0181253
v 0.00961368 -0.0482286 0.0536045
v 0.0106823 -0.0482286 0.0546444
v 0.0118545 -0.0482286 0.055566
v 0.0131172 -0.0482286 0.0563592
v 0.0144563 -0.0482286 0.057015
v 0.0158571 -0.0482286 0.0575262
v 0.0173038 -0.0482286 0.0578871
v 0.0187805 -0.0482286 0.0580938
v 0.0202708 -0.0482286 0.0581439
v 0.0217581 -0.0482286 0.0580368
v 0.0232258 -0.0482286 0.0577738
v 0.0246577 -0.0482286 0.0573577
v 0.0260378 -0.0482286 0.0567932
v 0.0273509 -0.0482286 0.0560866
v 0.0285823 -0.0482286 0.0552457
v 0.0297183 -0.0482286 0.0542799
v 0.0307464 -0.0482286 0.0531999
v 0.031655 -0.0482286 0.0520176
v 0.0324342 -0.0482286 0.0507463
v 0.0330752 -0.0482286 0.0494
v 0.033571 -0.0482286 0.0479937
v 0.033916 -0.0482286 0.0465431
v 0.0341064 -0.0482286 0.0450642
v 0.03414 -0.0482286 0.0435734
v 0.0340166 -0.0482286 0.0420875
v 0.0337374 -0.0482286 0.0406227
v 0.0333056 -0.0482286 0.0391955
v 0.0272815 -0.0443056 0.00261365
v 0.0272783 -0.0443056 0.00261078
v 0.027242 -0.0443056 0.00258458
v 0.0272351 -0.0443056 0.00257954
v 0.0271887 -0.0443056 0.0025531
v 0.0271999 -0.0443056 0.00255949
v 0.0271398 -0.0443056 0.00253175
v 0.0271556 -0.0443056 0.00253863
v 0.0270889 -0.0443056 0.00251573
v 0.0271094 -0.0443056 0.00252218
v 0.0270619 -0.0443056 0.00251031
v 0.0270366 -0.0443056 0.00250523
v 0.0270134 -0.0443056 0.00250311
v 0.0269834 -0.0443056 0.00250036
v 0.0269645 -0.0443056 0.0025
v 0.0279996 -0.0443056 0.00351658
v 0.028 -0.0443056 0.00353553
v 0.0279948 -0.0443056 0.00346344
v 0.0279969 -0.0443056 0.00348659
v 0.0279897 -0.0443056 0.00343813
v 0.0279843 -0.0443056 0.00341111
v 0.0279778 -0.0443056 0.0033906
v 0.0279683 -0.0443056 0.00336021
v 0.0279614 -0.0443056 0.00334444
v 0.0279469 -0.0443056 0.0033113
v 0.0279405 -0.0443056 0.00330009
v 0.0279205 -0.0443056 0.00326495
v 0.0279154 -0.0443056 0.00325797
v 0.0278892 -0.0443056 0.00322168
v 0.0278863 -0.0443056 0.00321848
v 0.027198 -0.0446809 0.0027665
v 0.0277335 -0.0446809 0.00330204
v 0.0277322 -0.0446827 0.00330333
v 0.0271967 -0.0446827 0.0027678
v 0.0277041 -0.0447139 0.00333141
v 0.0271686 -0.0447139 0.00279588
v 0.0277603 -0.0446438 0.00327523
v 0.0277593 -0.0446455 0.00327624
v 0.0272238 -0.0446455 0.0027407
v 0.0277834 -0.0446045 0.0032521
v 0.0272248 -0.0446438 0.0027397
v 0.0272486 -0.0446029 0.00271582
v 0.0277842 -0.0446029 0.00325135
v 0.0272479 -0.0446045 0.00271656
v 0.0272688 -0.0445601 0.00269565
v 0.0272693 -0.0445587 0.00269513
v 0.0278049 -0.0445587 0.00323067
v 0.0278043 -0.0445601 0.00323119
v 0.0272863 -0.0445128 0.00267821
v 0.0278218 -0.0445128 0.00321374
v 0.0272866 -0.0445116 0.00267788
v 0.0278221 -0.0445116 0.00321342
v 0.0278357 -0.0444622 0.00319979
v 0.0278356 -0.0444631 0.00319997
v 0.0273 -0.0444631 0.00266443
v 0.0273002 -0.0444622 0.00266426
v 0.02731 -0.0444116 0.00265448
v 0.0278455 -0.0444116 0.00319001
v 0.0273101 -0.044411 0.00265441
v 0.0278456 -0.044411 0.00318994
v 0.027316 -0.0443589 0.00264846
v 0.027316 -0.0443586 0.00264845
v 0.0278516 -0.0443586 0.00318398
v 0.0278515 -0.0443589 0.00318399
v -0.0277507 -0.0446926 0.00334205
v -0.0277509 -0.0446925 0.00334212
v -0.0277792 -0.044676 0.00335037
v -0.0277909 -0.0446692 0.00335378
v -0.0277944 -0.0446671 0.00335481
v -0.027835 -0.0446376 0.00336954
v -0.0278547 -0.04462 0.00337835
v -0.0278719 -0.0446045 0.00338609
v -0.0278806 -0.044595 0.00339087
v -0.0278669 -0.0446091 0.00338383
v -0.0279048 -0.0445682 0.00340426
v -0.0279223 -0.0445439 0.00341639
v -0.0279332 -0.044529 0.00342388
v -0.0279545 -0.0444914 0.00344264
v -0.0279569 -0.0444873 0.00344471
v -0.0279756 -0.0444437 0.00346653
v -0.027978 -0.0444356 0.00347055
v -0.0279891 -0.0443985 0.00348911
v -0.0279973 -0.0443523 0.00351219
v -0.0279975 -0.0443478 0.00351448
v -0.0279934 -0.0443744 0.00350117
v -0.0279979 -0.0443411 0.00351779
v -0.0277601 -0.0446806 0.0033312
v -0.0277844 -0.0446437 0.00330136
v -0.0278055 -0.0446029 0.00327419
v -0.0278093 -0.0446381 0.00332621
v -0.0278274 -0.044598 0.00329604
v -0.0278336 -0.0446289 0.00335051
v -0.0278487 -0.0445899 0.00331741
v -0.0278571 -0.0446162 0.00337399
v -0.0279978 -0.044341 0.00351512
v -0.0279936 -0.0443369 0.00346228
v -0.0278232 -0.0445587 0.00325
v -0.0278418 -0.0445545 0.0032686
v -0.0278599 -0.0445476 0.00328679
v -0.0278694 -0.0445787 0.00333806
v -0.0278775 -0.0445381 0.00330437
v -0.0278891 -0.0445645 0.00335777
v -0.0278943 -0.044526 0.00332115
v -0.0279077 -0.0445474 0.00337632
v -0.0279101 -0.0445115 0.00333695
v -0.0279248 -0.0445278 0.00339351
v -0.0279247 -0.0444947 0.00335158
v -0.0279405 -0.0445056 0.00340915
v -0.0279381 -0.0444759 0.0033649
v -0.0279544 -0.0444813 0.00342307
v -0.0279499 -0.0444552 0.00337675
v -0.0279665 -0.0444551 0.00343512
v -0.0279602 -0.0444329 0.00338701
v -0.0279765 -0.0444272 0.00344517
v -0.0279687 -0.0444091 0.00339556
v -0.0279844 -0.044398 0.00345309
v -0.0279755 -0.0443843 0.00340231
v -0.0279902 -0.0443678 0.00345882
v -0.0279803 -0.0443586 0.00340718
v -0.0279833 -0.0443322 0.00341013
v -0.0278371 -0.0445116 0.00322905
v -0.0278522 -0.0445083 0.0032442
v -0.027867 -0.0445026 0.003259
v -0.0278814 -0.0444949 0.00327332
v -0.027895 -0.044485 0.00328698
v -0.0279079 -0.0444732 0.00329983
v -0.0279198 -0.0444596 0.00331175
v -0.0279306 -0.0444442 0.00332259
v -0.0279403 -0.0444274 0.00333224
v -0.0279486 -0.0444092 0.00334059
v -0.0279556 -0.0443899 0.00334755
v -0.0279611 -0.0443697 0.00335304
v -0.0279651 -0.0443487 0.00335701
v -0.0279675 -0.0443273 0.00335941
v -0.0278472 -0.0444622 0.0032116
v -0.0278587 -0.0444597 0.00322311
v -0.02787 -0.0444554 0.00323437
v -0.0278808 -0.0444495 0.00324525
v -0.0278912 -0.044442 0.00325563
v -0.027901 -0.044433 0.00326541
v -0.0279101 -0.0444227 0.00327446
v -0.0279183 -0.044411 0.0032827
v -0.0279256 -0.0443982 0.00329004
v -0.027932 -0.0443844 0.00329638
v -0.0279373 -0.0443697 0.00330168
v -0.0279415 -0.0443543 0.00330585
v -0.0279445 -0.0443384 0.00330887
v -0.0279463 -0.0443221 0.00331069
v -0.0278534 -0.044411 0.00319785
v -0.0278611 -0.0444093 0.00320559
v -0.0278687 -0.0444064 0.00321317
v -0.027876 -0.0444025 0.00322049
v -0.027883 -0.0443974 0.00322748
v -0.0278896 -0.0443914 0.00323406
v -0.0278957 -0.0443844 0.00324015
v -0.0279012 -0.0443766 0.0032457
v -0.0279061 -0.0443679 0.00325064
v -0.0279104 -0.0443586 0.00325491
v -0.027914 -0.0443488 0.00325847
v -0.0279168 -0.0443384 0.00326128
v -0.0279188 -0.0443277 0.00326331
v -0.02792 -0.0443167 0.00326454
v -0.0278555 -0.0443586 0.00318793
v -0.0278594 -0.0443578 0.00319183
v -0.0278632 -0.0443563 0.00319564
v -0.0278669 -0.0443543 0.00319932
v -0.0278704 -0.0443518 0.00320284
v -0.0278737 -0.0443488 0.00320614
v -0.0278768 -0.0443453 0.00320921
v -0.0278795 -0.0443413 0.003212
v -0.027882 -0.044337 0.00321448
v -0.0278842 -0.0443323 0.00321663
v -0.027886 -0.0443273 0.00321842
v -0.0278874 -0.0443221 0.00321983
v -0.0278884 -0.0443167 0.00322085
v -0.027889 -0.0443112 0.00322147
v -0.028 -0.0451679 0.00526002
v -0.0277226 -0.0455677 0.00506012
v -0.0277361 -0.0455615 0.00506321
v -0.0277041 -0.0455761 0.0050559
v -0.0277944 -0.0455293 0.0050793
v -0.0277627 -0.0455478 0.00507005
v -0.0277507 -0.0455549 0.00506654
v -0.0277849 -0.0455349 0.00507651
v -0.0277865 -0.045534 0.00507699
v -0.0278034 -0.0455228 0.00508254
v -0.0278193 -0.0455113 0.00508831
v -0.0278719 -0.0454668 0.00511057
v -0.0278588 -0.0454785 0.00510471
v -0.0278468 -0.0454893 0.0050993
v -0.027835 -0.0454999 0.00509403
v -0.0278813 -0.0454565 0.00511574
v -0.0278919 -0.0454447 0.00512164
v -0.0279048 -0.0454304 0.00512875
v -0.0279133 -0.0454187 0.0051346
v -0.0279332 -0.0453912 0.00514836
v -0.0279569 -0.0453495 0.00516919
v -0.0279384 -0.0453821 0.00515294
v -0.0279471 -0.0453668 0.00516058
v -0.0279354 -0.0453873 0.0051503
v -0.0279592 -0.0453441 0.00517194
v -0.027969 -0.0453213 0.00518332
v -0.0279718 -0.0453148 0.00518656
v -0.027984 -0.0452779 0.00520499
v -0.0279872 -0.0452671 0.00521044
v -0.0279756 -0.0453059 0.00519102
v -0.0279891 -0.0452607 0.0052136
v -0.0279945 -0.0452304 0.00522875
v -0.0279971 -0.0452155 0.00523622
v -0.0279973 -0.0452146 0.00523668
v -0.0279978 -0.0452148 0.00526002
v -0.0279976 -0.0452169 0.014
v -0.0279975 -0.0452169 0.00526002
v -0.0279907 -0.0452637 0.00526002
v -0.0279904 -0.0452654 0.014
v -0.0279903 -0.0452654 0.00526002
v -0.0279789 -0.0453116 0.00526002
v -0.0279785 -0.045313 0.014
v -0.0279784 -0.045313 0.00526002
v -0.0279624 -0.0453581 0.00526002
v -0.0279619 -0.0453592 0.014
v -0.0279619 -0.0453592 0.00526002
v -0.0279414 -0.0454028 0.00526002
v -0.027941 -0.0454036 0.014
v -0.0279409 -0.0454036 0.00526002
v -0.0279161 -0.0454452 0.00526002
v -0.0279157 -0.0454457 0.014
v -0.0279157 -0.0454457 0.00526002
v -0.0278867 -0.0454849 0.00526002
v -0.0278865 -0.0454851 0.014
v -0.0278865 -0.0454851 0.00526002
v -0.0278536 -0.0455214 0.00526002
v -0.0278536 -0.0455214 0.014
v -0.0263007 -0.0455214 0.0186882
v -0.0267639 -0.0455214 0.0179911
v -0.0271501 -0.0455214 0.0172486
v -0.0274552 -0.0455214 0.0164693
v -0.0276757 -0.0455214 0.015662
v -0.027809 -0.0455214 0.0148357
v -0.0264163 -0.0452169 0.0187742
v -0.0268879 -0.0452169 0.0180643
v -0.0272813 -0.0452169 0.0173082
v -0.027592 -0.0452169 0.0165146
v -0.0278165 -0.0452169 0.0156924
v -0.0279522 -0.0452169 0.0148511
v -0.0264105 -0.0452654 0.0187699
v -0.0268817 -0.0452654 0.0180606
v -0.0272747 -0.0452654 0.0173052
v -0.0275851 -0.0452654 0.0165123
v -0.0278094 -0.0452654 0.0156909
v -0.027945 -0.0452654 0.0148503
v -0.026401 -0.045313 0.0187627
v -0.0268714 -0.045313 0.0180545
v -0.0272639 -0.045313 0.0173003
v -0.0275738 -0.045313 0.0165086
v -0.0277978 -0.045313 0.0156884
v -0.0279332 -0.045313 0.014849
v -0.0263877 -0.0453592 0.0187529
v -0.0268572 -0.0453592 0.0180461
v -0.0272488 -0.0453592 0.0172935
v -0.0275581 -0.0453592 0.0165034
v -0.0277816 -0.0453592 0.0156849
v -0.0279167 -0.0453592 0.0148473
v -0.0263709 -0.0454036 0.0187404
v -0.0268391 -0.0454036 0.0180355
v -0.0272297 -0.0454036 0.0172848
v -0.0275382 -0.0454036 0.0164968
v -0.0277611 -0.0454036 0.0156805
v -0.0278959 -0.0454036 0.014845
v -0.0263506 -0.0454457 0.0187253
v -0.0268174 -0.0454457 0.0180227
v -0.0272068 -0.0454457 0.0172744
v -0.0275143 -0.0454457 0.0164889
v -0.0277365 -0.0454457 0.0156751
v -0.0278708 -0.0454457 0.0148423
v -0.0263272 -0.0454851 0.0187078
v -0.0267922 -0.0454851 0.0180078
v -0.0271801 -0.0454851 0.0172623
v -0.0274865 -0.0454851 0.0164797
v -0.0277079 -0.0454851 0.0156689
v -0.0278417 -0.0454851 0.0148392
v -0.0237785 -0.0482286 0.0174941
v -0.0251464 -0.0482286 0.014
v -0.0251172 -0.0482286 0.0145477
v -0.0250299 -0.0482286 0.0150891
v -0.0248854 -0.0482286 0.0156182
v -0.0246855 -0.0482286 0.0161288
v -0.0244324 -0.0482286 0.0166154
v -0.0241289 -0.0482286 0.0170722
v -0.0237518 -0.0482615 0.0174694
v 0.00964037 -0.0482615 0.0535798
v -0.0237229 -0.0482907 0.0174427
v 0.00966931 -0.0482907 0.0535531
v -0.023692 -0.048316 0.0174141
v 0.00970021 -0.048316 0.0535245
v -0.0236594 -0.0483369 0.017384
v 0.00973278 -0.0483369 0.0534944
v -0.0236255 -0.0483535 0.0173526
v 0.00976669 -0.0483535 0.053463
v -0.0235906 -0.0483654 0.0173203
v 0.00980164 -0.0483654 0.0534307
v -0.0235549 -0.0483726 0.0172873
v 0.00983728 -0.0483726 0.0533977
v -0.0235189 -0.048375 0.0172541
v 0.00987326 -0.048375 0.0533645
v -0.0251101 -0.0482615 0.014
v -0.0250707 -0.0482907 0.014
v -0.0250286 -0.048316 0.014
v -0.0249842 -0.0483369 0.014
v -0.024938 -0.0483535 0.014
v -0.0248904 -0.0483654 0.014
v -0.0238452 -0.048375 0.0168611
v -0.0241279 -0.048375 0.0164357
v -0.0243636 -0.048375 0.0159826
v -0.0245498 -0.048375 0.015507
v -0.0246843 -0.048375 0.0150143
v -0.0247657 -0.048375 0.01451
v -0.0248419 -0.0483726 0.014
v -0.0247929 -0.048375 0.014
v -0.0240997 -0.0482615 0.0170505
v -0.0244011 -0.0482615 0.0165969
v -0.0246524 -0.0482615 0.0161138
v -0.0248509 -0.0482615 0.0156067
v -0.0249944 -0.0482615 0.0150814
v -0.0250811 -0.0482615 0.0145438
v -0.0240681 -0.0482907 0.0170269
v -0.0243671 -0.0482907 0.0165768
v -0.0246165 -0.0482907 0.0160975
v -0.0248135 -0.0482907 0.0155943
v -0.0249558 -0.0482907 0.0150731
v -0.0250419 -0.0482907 0.0145396
v -0.0240343 -0.048316 0.0170018
v -0.0243309 -0.048316 0.0165555
v -0.0245782 -0.048316 0.0160801
v -0.0247736 -0.048316 0.0155811
v -0.0249147 -0.048316 0.0150641
v -0.025 -0.048316 0.0145351
v -0.0239987 -0.0483369 0.0169753
v -0.0242927 -0.0483369 0.0165329
v -0.0245378 -0.0483369 0.0160617
v -0.0247315 -0.0483369 0.0155671
v -0.0248714 -0.0483369 0.0150548
v -0.0249559 -0.0483369 0.0145304
v -0.0239617 -0.0483535 0.0169478
v -0.0242529 -0.0483535 0.0165094
v -0.0244958 -0.0483535 0.0160426
v -0.0246876 -0.0483535 0.0155526
v -0.0248262 -0.0483535 0.015045
v -0.02491 -0.0483535 0.0145255
v -0.0239235 -0.0483654 0.0169193
v -0.0242119 -0.0483654 0.0164853
v -0.0244524 -0.0483654 0.0160229
v -0.0246424 -0.0483654 0.0155377
v -0.0247797 -0.0483654 0.0150349
v -0.0248627 -0.0483654 0.0145204
v -0.0238846 -0.0483726 0.0168904
v -0.0241701 -0.0483726 0.0164606
v -0.0244082 -0.0483726 0.0160029
v -0.0245963 -0.0483726 0.0155224
v -0.0247322 -0.0483726 0.0150246
v -0.0248144 -0.0483726 0.0145152
v -0.0251464 -0.0482286 0.00796713
v -0.0277478 -0.0455728 0.0051029
v -0.027773 -0.0455669 0.00513397
v -0.0277785 -0.0455656 0.00514082
v -0.0278032 -0.045556 0.00517519
v -0.0278066 -0.0455546 0.0051799
v -0.0278302 -0.0455407 0.00521736
v -0.0277398 -0.0455735 0.00509413
v -0.0277146 -0.045576 0.00506651
v -0.0278317 -0.0455399 0.00521977
v -0.0279897 -0.0452648 0.005231
v -0.027978 -0.0453125 0.00523539
v -0.0279617 -0.0453589 0.00524002
v -0.0279753 -0.0453152 0.00521103
v -0.0279595 -0.0453611 0.00522024
v -0.0279701 -0.0453199 0.00518775
v -0.0279408 -0.0454034 0.00524485
v -0.0279391 -0.045405 0.00522984
v -0.0279558 -0.0453647 0.00520089
v -0.0279364 -0.0454078 0.00521516
v -0.0279508 -0.0453698 0.00518218
v -0.0279326 -0.0454116 0.00520097
v -0.0279444 -0.0453762 0.00516432
v -0.0277724 -0.0455481 0.00508333
v -0.0277973 -0.0455469 0.00512597
v -0.0277597 -0.0455608 0.00509221
v -0.0277876 -0.0455566 0.00513271
v -0.0279157 -0.0454456 0.00524982
v -0.0279146 -0.0454467 0.00523974
v -0.0279127 -0.0454485 0.00522987
v -0.0279101 -0.0454511 0.00522033
v -0.0279277 -0.0454165 0.00518741
v -0.0279069 -0.0454544 0.00521122
v -0.0279219 -0.0454223 0.00517465
v -0.027903 -0.0454583 0.00520264
v -0.0279152 -0.045429 0.0051628
v -0.0278984 -0.0454628 0.00519468
v -0.0279076 -0.0454366 0.00515201
v -0.0278934 -0.0454679 0.00518742
v -0.0278993 -0.0454449 0.00514239
v -0.0278878 -0.0454735 0.00518096
v -0.0278903 -0.0454539 0.00513404
v -0.0278817 -0.0454795 0.00517535
v -0.0278808 -0.0454634 0.00512706
v -0.0278753 -0.0454859 0.00517065
v -0.0278708 -0.0454734 0.00512151
v -0.0278686 -0.0454926 0.00516693
v -0.0278604 -0.0454838 0.00511747
v -0.0278616 -0.0454996 0.00516421
v -0.0278498 -0.0454944 0.00511497
v -0.0278545 -0.0455067 0.00516253
v -0.0278391 -0.0455051 0.00511404
v -0.0278473 -0.0455139 0.0051619
v -0.0278284 -0.0455158 0.00511469
v -0.0278401 -0.0455211 0.00516234
v -0.0278177 -0.0455265 0.00511692
v -0.027833 -0.0455283 0.00516384
v -0.0278073 -0.0455369 0.00512069
v -0.027826 -0.0455353 0.00516637
v -0.0278192 -0.0455421 0.00516992
v -0.0278127 -0.0455485 0.00517445
v -0.0278865 -0.0454851 0.0052549
v -0.0278859 -0.0454856 0.00524983
v -0.027885 -0.0454865 0.00524487
v -0.0278837 -0.0454878 0.00524008
v -0.0278821 -0.0454895 0.0052355
v -0.0278801 -0.0454914 0.00523119
v -0.0278778 -0.0454937 0.00522719
v -0.0278753 -0.0454963 0.00522354
v -0.0278725 -0.0454991 0.0052203
v -0.0278694 -0.0455021 0.00521748
v -0.0278662 -0.0455053 0.00521512
v -0.0278628 -0.0455087 0.00521325
v -0.0278593 -0.0455122 0.00521188
v -0.0278558 -0.0455158 0.00521104
v -0.0278522 -0.0455194 0.00521072
v -0.0278485 -0.045523 0.00521094
v -0.0278449 -0.0455266 0.00521169
v -0.0278414 -0.0455301 0.00521297
v -0.027838 -0.0455335 0.00521475
v -0.0278348 -0.0455368 0.00521703
v -0.0251408 -0.0482337 0.00796713
v -0.0251246 -0.0482484 0.00796713
v -0.0251101 -0.0482615 0.00796713
v -0.0250838 -0.048281 0.00796713
v -0.0250707 -0.0482907 0.00796713
v -0.0250455 -0.0483058 0.00796713
v -0.0250286 -0.048316 0.00796713
v -0.0250073 -0.048326 0.00796713
v -0.0249842 -0.0483369 0.00796713
v -0.0249669 -0.0483431 0.00796713
v -0.0249211 -0.0483577 0.00796713
v -0.0248952 -0.0483642 0.00796713
v -0.024938 -0.0483535 0.00796713
v -0.0248717 -0.0483682 0.00796713
v -0.0248652 -0.0483691 0.00796713
v -0.0248904 -0.0483654 0.00796713
v -0.0248419 -0.0483726 0.00796713
v -0.0248317 -0.0483731 0.00796713
v -0.0247929 -0.048375 0.00796713
v -0.0251231 -0.0482478 0.00792446
v -0.0251449 -0.0482301 0.00796402
v -0.0251217 -0.048249 0.00792198
v -0.0250962 -0.0482632 0.00788226
v -0.025095 -0.0482638 0.00788042
v -0.025066 -0.0482743 0.00784099
v -0.0250651 -0.0482746 0.00783979
v -0.0250328 -0.048281 0.00780109
v -0.0250324 -0.0482811 0.00780051
v -0.024997 -0.0482832 0.007763
v 0.0332714 -0.0482615 0.0392078
v 0.0332343 -0.0482907 0.0392212
v 0.0331947 -0.048316 0.0392355
v 0.033153 -0.0483369 0.0392506
v 0.0331096 -0.0483535 0.0392663
v 0.0330648 -0.0483654 0.0392824
v 0.0330191 -0.0483726 0.0392989
v 0.032973 -0.048375 0.0393156
v 0.0333941 -0.048375 0.0407071
v 0.0336663 -0.048375 0.0421353
v 0.0337866 -0.048375 0.0435841
v 0.0337538 -0.048375 0.0450376
v 0.0335682 -0.048375 0.0464795
v 0.0332318 -0.048375 0.0478939
v 0.0327485 -0.048375 0.049265
v 0.0321234 -0.048375 0.0505777
v 0.0313637 -0.048375 0.0518172
v 0.0304778 -0.048375 0.0529699
v 0.0294754 -0.048375 0.054023
v 0.0283678 -0.048375 0.0549647
v 0.0271672 -0.048375 0.0557846
v 0.0258869 -0.048375 0.0564735
v 0.0245413 -0.048375 0.0570239
v 0.0231452 -0.048375 0.0574295
v 0.0217141 -0.048375 0.057686
v 0.020264 -0.048375 0.0577904
v 0.018811 -0.048375 0.0577416
v 0.0173712 -0.048375 0.0575401
v 0.0159606 -0.048375 0.0571881
v 0.0145949 -0.048375 0.0566897
v 0.0132892 -0.048375 0.0560503
v 0.0120581 -0.048375 0.055277
v 0.0109152 -0.048375 0.0543784
v 0.0337021 -0.0482615 0.0406314
v 0.0339805 -0.0482615 0.0420924
v 0.0341037 -0.0482615 0.0435745
v 0.0340701 -0.0482615 0.0450614
v 0.0338802 -0.0482615 0.0465365
v 0.0335361 -0.0482615 0.0479835
v 0.0330416 -0.0482615 0.0493861
v 0.0324023 -0.0482615 0.050729
v 0.0316251 -0.0482615 0.051997
v 0.0307187 -0.0482615 0.0531762
v 0.0296933 -0.0482615 0.0542535
v 0.0285602 -0.0482615 0.0552168
v 0.027332 -0.0482615 0.0560556
v 0.0260223 -0.0482615 0.0567604
v 0.0246457 -0.0482615 0.0573234
v 0.0232175 -0.0482615 0.0577384
v 0.0217535 -0.0482615 0.0580007
v 0.0202701 -0.0482615 0.0581075
v 0.0187837 -0.0482615 0.0580576
v 0.0173108 -0.0482615 0.0578514
v 0.0158677 -0.0482615 0.0574914
v 0.0144706 -0.0482615 0.0569815
v 0.0131349 -0.0482615 0.0563274
v 0.0118754 -0.0482615 0.0555363
v 0.0107063 -0.0482615 0.054617
v 0.0336638 -0.0482907 0.0406408
v 0.0339415 -0.0482907 0.0420977
v 0.0340643 -0.0482907 0.0435757
v 0.0340308 -0.0482907 0.0450585
v 0.0338415 -0.0482907 0.0465295
v 0.0334983 -0.0482907 0.0479723
v 0.0330052 -0.0482907 0.0493711
v 0.0323676 -0.0482907 0.0507102
v 0.0315926 -0.0482907 0.0519747
v 0.0306888 -0.0482907 0.0531506
v 0.0296662 -0.0482907 0.0542249
v 0.0285363 -0.0482907 0.0551855
v 0.0273115 -0.0482907 0.0560219
v 0.0260055 -0.0482907 0.0567247
v 0.0246327 -0.0482907 0.0572862
v 0.0232085 -0.0482907 0.0577
v 0.0217486 -0.0482907 0.0579616
v 0.0202694 -0.0482907 0.0580681
v 0.0187871 -0.0482907 0.0580183
v 0.0173183 -0.0482907 0.0578128
v 0.0158792 -0.0482907 0.0574537
v 0.014486 -0.0482907 0.0569453
v 0.013154 -0.0482907 0.056293
v 0.0118981 -0.0482907 0.0555041
v 0.0107322 -0.0482907 0.0545874
v 0.0336229 -0.048316 0.0406508
v 0.0338998 -0.048316 0.0421034
v 0.0340222 -0.048316 0.043577
v 0.0339888 -0.048316 0.0450553
v 0.0338001 -0.048316 0.0465219
v 0.0334579 -0.048316 0.0479605
v 0.0329663 -0.048316 0.049355
v 0.0323306 -0.048316 0.0506901
v 0.0315579 -0.048316 0.0519508
v 0.0306568 -0.048316 0.0531232
v 0.0296373 -0.048316 0.0541943
v 0.0285108 -0.048316 0.0551521
v 0.0272896 -0.048316 0.0559859
v 0.0259875 -0.048316 0.0566866
v 0.0246189 -0.048316 0.0572464
v 0.0231989 -0.048316 0.057659
v 0.0217434 -0.048316 0.0579198
v 0.0202686 -0.048316 0.058026
v 0.0187907 -0.048316 0.0579764
v 0.0173263 -0.048316 0.0577714
v 0.0158916 -0.048316 0.0574135
v 0.0145025 -0.048316 0.0569065
v 0.0131745 -0.048316 0.0562562
v 0.0119224 -0.048316 0.0554697
v 0.01076 -0.048316 0.0545557
v 0.0335799 -0.0483369 0.0406614
v 0.0338558 -0.0483369 0.0421094
v 0.0339779 -0.0483369 0.0435783
v 0.0339446 -0.0483369 0.045052
v 0.0337564 -0.0483369 0.0465139
v 0.0334154 -0.0483369 0.0479479
v 0.0329253 -0.0483369 0.0493381
v 0.0322916 -0.0483369 0.0506689
v 0.0315214 -0.0483369 0.0519257
v 0.0306231 -0.0483369 0.0530944
v 0.0296069 -0.0483369 0.054162
v 0.0284839 -0.0483369 0.0551168
v 0.0272666 -0.0483369 0.055948
v 0.0259686 -0.0483369 0.0566465
v 0.0246043 -0.0483369 0.0572045
v 0.0231888 -0.0483369 0.0576158
v 0.0217379 -0.0483369 0.0578758
v 0.0202677 -0.0483369 0.0579817
v 0.0187945 -0.0483369 0.0579322
v 0.0173347 -0.0483369 0.0577279
v 0.0159046 -0.0483369 0.0573711
v 0.0145199 -0.0483369 0.0568657
v 0.0131961 -0.0483369 0.0562174
v 0.0119479 -0.0483369 0.0554334
v 0.0107892 -0.0483369 0.0545223
v 0.033535 -0.0483535 0.0406725
v 0.0338101 -0.0483535 0.0421156
v 0.0339317 -0.0483535 0.0435797
v 0.0338985 -0.0483535 0.0450485
v 0.033711 -0.0483535 0.0465056
v 0.0333711 -0.0483535 0.0479349
v 0.0328826 -0.0483535 0.0493204
v 0.032251 -0.0483535 0.0506469
v 0.0314833 -0.0483535 0.0518995
v 0.030588 -0.0483535 0.0530643
v 0.0295751 -0.0483535 0.0541285
v 0.0284558 -0.0483535 0.0550801
v 0.0272426 -0.0483535 0.0559086
v 0.0259489 -0.0483535 0.0566048
v 0.0245891 -0.0483535 0.0571609
v 0.0231783 -0.0483535 0.0575708
v 0.0217322 -0.0483535 0.05783
v 0.0202668 -0.0483535 0.0579355
v 0.0187985 -0.0483535 0.0578862
v 0.0173435 -0.0483535 0.0576825
v 0.0159181 -0.0483535 0.0573269
v 0.014538 -0.0483535 0.0568232
v 0.0132186 -0.0483535 0.0561771
v 0.0119745 -0.0483535 0.0553956
v 0.0108196 -0.0483535 0.0544876
v 0.0334888 -0.0483654 0.0406838
v 0.0337629 -0.0483654 0.0421221
v 0.0338841 -0.0483654 0.0435812
v 0.0338511 -0.0483654 0.0450449
v 0.0336642 -0.0483654 0.0464971
v 0.0333254 -0.0483654 0.0479215
v 0.0328386 -0.0483654 0.0493023
v 0.0322092 -0.0483654 0.0506242
v 0.0314441 -0.0483654 0.0518725
v 0.0305519 -0.0483654 0.0530334
v 0.0295424 -0.0483654 0.0540939
v 0.0284269 -0.0483654 0.0550422
v 0.0272178 -0.0483654 0.0558679
v 0.0259286 -0.0483654 0.0565617
v 0.0245734 -0.0483654 0.057116
v 0.0231674 -0.0483654 0.0575245
v 0.0217262 -0.0483654 0.0577828
v 0.0202659 -0.0483654 0.0578879
v 0.0188026 -0.0483654 0.0578387
v 0.0173526 -0.0483654 0.0576358
v 0.015932 -0.0483654 0.0572814
v 0.0145566 -0.0483654 0.0567794
v 0.0132417 -0.0483654 0.0561355
v 0.0120019 -0.0483654 0.0553567
v 0.010851 -0.0483654 0.0544518
v 0.0334417 -0.0483726 0.0406954
v 0.0337148 -0.0483726 0.0421286
v 0.0338356 -0.0483726 0.0435826
v 0.0338027 -0.0483726 0.0450413
v 0.0336164 -0.0483726 0.0464883
v 0.0332788 -0.0483726 0.0479077
v 0.0327938 -0.0483726 0.0492838
v 0.0321665 -0.0483726 0.0506011
v 0.0314041 -0.0483726 0.051845
v 0.030515 -0.0483726 0.0530018
v 0.0295091 -0.0483726 0.0540586
v 0.0283975 -0.0483726 0.0550036
v 0.0271926 -0.0483726 0.0558264
v 0.0259078 -0.0483726 0.0565178
v 0.0245574 -0.0483726 0.0570701
v 0.0231563 -0.0483726 0.0574772
v 0.0217202 -0.0483726 0.0577346
v 0.020265 -0.0483726 0.0578394
v 0.0188068 -0.0483726 0.0577904
v 0.0173619 -0.0483726 0.0575882
v 0.0159462 -0.0483726 0.057235
v 0.0145757 -0.0483726 0.0567348
v 0.0132654 -0.0483726 0.0560931
v 0.0120299 -0.0483726 0.055317
v 0.0108829 -0.0483726 0.0544152
v 0.0260293 -0.0482286 0.0190447
v 0.0259951 -0.0482615 0.019057
v 0.0259581 -0.0482907 0.0190704
v 0.0259185 -0.048316 0.0190847
v 0.0258768 -0.0483369 0.0190997
v 0.0258333 -0.0483535 0.0191154
v 0.0257885 -0.0483654 0.0191316
v 0.0257429 -0.0483726 0.0191481
v 0.0256968 -0.048375 0.0191647
v 0.0256453 -0.0482286 0.017817
v 0.0282615 -0.0455214 0.0171213
v 0.0253688 -0.0482286 0.0165607
v 0.0280354 -0.0455214 0.016094
v 0.0252021 -0.0482286 0.0152852
v 0.0278991 -0.0455214 0.0150509
v 0.0251464 -0.0482286 0.014
v 0.0278536 -0.0455214 0.014
v 0.0253036 -0.048375 0.0179078
v 0.0250206 -0.048375 0.0166216
v 0.0248499 -0.048375 0.0153157
v 0.0247929 -0.048375 0.014
v 0.0248419 -0.0483726 0.014
v 0.0248904 -0.0483654 0.014
v 0.024938 -0.0483535 0.014
v 0.0249842 -0.0483369 0.014
v 0.0250286 -0.048316 0.014
v 0.0250707 -0.0482907 0.014
v 0.0251101 -0.0482615 0.014
v 0.0253509 -0.0483726 0.0178952
v 0.0250688 -0.0483726 0.0166132
v 0.0248987 -0.0483726 0.0153115
v 0.0253978 -0.0483654 0.0178828
v 0.0251167 -0.0483654 0.0166048
v 0.0249471 -0.0483654 0.0153073
v 0.0254438 -0.0483535 0.0178705
v 0.0251635 -0.0483535 0.0165966
v 0.0249945 -0.0483535 0.0153032
v 0.0254885 -0.0483369 0.0178587
v 0.0252091 -0.0483369 0.0165886
v 0.0250405 -0.0483369 0.0152992
v 0.0255314 -0.048316 0.0178473
v 0.0252527 -0.048316 0.016581
v 0.0250847 -0.048316 0.0152954
v 0.025572 -0.0482907 0.0178364
v 0.0252942 -0.0482907 0.0165737
v 0.0251267 -0.0482907 0.0152917
v 0.0256101 -0.0482615 0.0178263
v 0.025333 -0.0482615 0.0165669
v 0.0251659 -0.0482615 0.0152883
v 0.0251246 -0.0482484 0.00796713
v 0.0251408 -0.0482337 0.00796713
v 0.0251101 -0.0482615 0.00796713
v 0.0250707 -0.0482907 0.00796713
v 0.0250838 -0.048281 0.00796713
v 0.0250286 -0.048316 0.00796713
v 0.0250455 -0.0483058 0.00796713
v 0.0249878 -0.0483352 0.00796713
v 0.0250073 -0.048326 0.00796713
v 0.0249842 -0.0483369 0.00796713
v 0.024938 -0.0483535 0.00796713
v 0.0249451 -0.0483509 0.00796713
v 0.0248904 -0.0483654 0.00796713
v 0.0248952 -0.0483642 0.00796713
v 0.0248652 -0.0483691 0.00796713
v 0.0248717 -0.0483682 0.00796713
v 0.0248419 -0.0483726 0.00796713
v 0.0247929 -0.048375 0.00796713
v 0.0248317 -0.0483731 0.00796713
v 0.0251464 -0.0482286 0.00796713
v 0.0279976 -0.0452169 0.014
v 0.0279904 -0.0452654 0.014
v 0.0279785 -0.045313 0.014
v 0.0279619 -0.0453592 0.014
v 0.027941 -0.0454036 0.014
v 0.0279157 -0.0454457 0.014
v 0.0278865 -0.0454851 0.014
v 0.0280426 -0.0452169 0.0150385
v 0.0281773 -0.0452169 0.0160691
v 0.0284007 -0.0452169 0.0170843
v 0.0280354 -0.0452654 0.0150391
v 0.0281702 -0.0452654 0.0160704
v 0.0283937 -0.0452654 0.0170862
v 0.0280236 -0.045313 0.0150401
v 0.0281585 -0.045313 0.0160724
v 0.0283822 -0.045313 0.0170892
v 0.0280071 -0.0453592 0.0150416
v 0.0281422 -0.0453592 0.0160753
v 0.0283662 -0.0453592 0.0170935
v 0.0279862 -0.0454036 0.0150434
v 0.0281215 -0.0454036 0.0160789
v 0.0283459 -0.0454036 0.0170989
v 0.0279611 -0.0454457 0.0150455
v 0.0280967 -0.0454457 0.0160833
v 0.0283215 -0.0454457 0.0171053
v 0.0279319 -0.0454851 0.0150481
v 0.0280679 -0.0454851 0.0160883
v 0.0282933 -0.0454851 0.0171129
v 0.028 -0.0451679 0.00526002
v 0.0279979 -0.0443411 0.00351779
v 0.0279973 -0.0443523 0.00351219
v 0.0279934 -0.0443744 0.00350117
v 0.0279975 -0.0443478 0.00351448
v 0.0279891 -0.0443985 0.00348911
v 0.027978 -0.0444356 0.00347055
v 0.0279756 -0.0444437 0.00346653
v 0.0279569 -0.0444873 0.00344471
v 0.0279545 -0.0444914 0.00344264
v 0.0279332 -0.044529 0.00342388
v 0.0279223 -0.0445439 0.00341639
v 0.0279048 -0.0445682 0.00340426
v 0.0278719 -0.0446045 0.00338609
v 0.0278669 -0.0446091 0.00338383
v 0.0278806 -0.044595 0.00339087
v 0.0278547 -0.04462 0.00337835
v 0.0277944 -0.0446671 0.00335481
v 0.027835 -0.0446376 0.00336954
v 0.0277909 -0.0446692 0.00335378
v 0.0277792 -0.044676 0.00335037
v 0.0277509 -0.0446925 0.00334212
v 0.0277507 -0.0446926 0.00334205
v 0.0277844 -0.0446437 0.00330136
v 0.0277601 -0.0446806 0.0033312
v 0.0279978 -0.044341 0.00351512
v 0.0279936 -0.0443369 0.00346228
v 0.0278694 -0.0445787 0.00333806
v 0.0278571 -0.0446162 0.00337399
v 0.0278336 -0.0446289 0.00335051
v 0.0278487 -0.0445899 0.00331741
v 0.0278093 -0.0446381 0.00332621
v 0.0278274 -0.044598 0.00329604
v 0.0278055 -0.0446029 0.00327419
v 0.0279833 -0.0443322 0.00341013
v 0.0279902 -0.0443678 0.00345882
v 0.0279803 -0.0443586 0.00340718
v 0.0279844 -0.044398 0.00345309
v 0.0279755 -0.0443843 0.00340231
v 0.0279765 -0.0444272 0.00344517
v 0.0279687 -0.0444091 0.00339556
v 0.0279665 -0.0444551 0.00343512
v 0.0279602 -0.0444329 0.00338701
v 0.0279544 -0.0444813 0.00342307
v 0.0279499 -0.0444552 0.00337675
v 0.0279405 -0.0445056 0.00340915
v 0.0279381 -0.0444759 0.0033649
v 0.0279248 -0.0445278 0.00339351
v 0.0279247 -0.0444947 0.00335158
v 0.0279077 -0.0445474 0.00337632
v 0.0279101 -0.0445115 0.00333695
v 0.0278891 -0.0445645 0.00335777
v 0.0278943 -0.044526 0.00332115
v 0.0278775 -0.0445381 0.00330437
v 0.0278599 -0.0445476 0.00328679
v 0.0278418 -0.0445545 0.0032686
v 0.0278232 -0.0445587 0.00325
v 0.0279675 -0.0443273 0.00335941
v 0.0279651 -0.0443487 0.00335701
v 0.0279611 -0.0443697 0.00335304
v 0.0279556 -0.0443899 0.00334755
v 0.0279486 -0.0444092 0.00334059
v 0.0279403 -0.0444274 0.00333224
v 0.0279306 -0.0444442 0.00332259
v 0.0279198 -0.0444596 0.00331175
v 0.0279079 -0.0444732 0.00329983
v 0.027895 -0.044485 0.00328698
v 0.0278814 -0.0444949 0.00327332
v 0.027867 -0.0445026 0.003259
v 0.0278522 -0.0445083 0.0032442
v 0.0278371 -0.0445116 0.00322905
v 0.0279463 -0.0443221 0.00331069
v 0.0279445 -0.0443384 0.00330887
v 0.0279415 -0.0443543 0.00330585
v 0.0279373 -0.0443697 0.00330168
v 0.027932 -0.0443844 0.00329638
v 0.0279256 -0.0443982 0.00329004
v 0.0279183 -0.044411 0.0032827
v 0.0279101 -0.0444227 0.00327446
v 0.027901 -0.044433 0.00326541
v 0.0278912 -0.044442 0.00325563
v 0.0278808 -0.0444495 0.00324525
v 0.02787 -0.0444554 0.00323437
v 0.0278587 -0.0444597 0.00322311
v 0.0278472 -0.0444622 0.0032116
v 0.02792 -0.0443167 0.00326454
v 0.0279188 -0.0443277 0.00326331
v 0.0279168 -0.0443384 0.00326128
v 0.027914 -0.0443488 0.00325847
v 0.0279104 -0.0443586 0.00325491
v 0.0279061 -0.0443679 0.00325064
v 0.0279012 -0.0443766 0.0032457
v 0.0278957 -0.0443844 0.00324015
v 0.0278896 -0.0443914 0.00323406
v 0.027883 -0.0443974 0.00322748
v 0.027876 -0.0444025 0.00322049
v 0.0278687 -0.0444064 0.00321317
v 0.0278611 -0.0444093 0.00320559
v 0.0278534 -0.044411 0.00319785
v 0.027889 -0.0443112 0.00322147
v 0.0278884 -0.0443167 0.00322085
v 0.0278874 -0.0443221 0.00321983
v 0.027886 -0.0443273 0.00321842
v 0.0278842 -0.0443323 0.00321663
v 0.027882 -0.044337 0.00321448
v 0.0278795 -0.0443413 0.003212
v 0.0278768 -0.0443453 0.00320921
v 0.0278737 -0.0443488 0.00320614
v 0.0278704 -0.0443518 0.00320284
v 0.0278669 -0.0443543 0.00319932
v 0.0278632 -0.0443563 0.00319564
v 0.0278594 -0.0443578 0.00319183
v 0.0278555 -0.0443586 0.00318793
v 0.0278536 -0.0455214 0.00526002
v 0.0279975 -0.0452169 0.00526002
v 0.0279978 -0.0452148 0.00526002
v 0.0279903 -0.0452654 0.00526002
v 0.0279907 -0.0452637 0.00526002
v 0.0279784 -0.045313 0.00526002
v 0.0279789 -0.0453116 0.00526002
v 0.0279619 -0.0453592 0.00526002
v 0.0279624 -0.0453581 0.00526002
v 0.0279409 -0.0454036 0.00526002
v 0.0279414 -0.0454028 0.00526002
v 0.0279157 -0.0454457 0.00526002
v 0.0279161 -0.0454452 0.00526002
v 0.0278865 -0.0454851 0.00526002
v 0.0278867 -0.0454849 0.00526002
v 0.0251449 -0.0482301 0.00796402
v 0.0278302 -0.0455407 0.00521736
v 0.0278317 -0.0455399 0.00521977
v 0.0278066 -0.0455546 0.0051799
v 0.0251231 -0.0482478 0.00792446
v 0.0251217 -0.048249 0.00792198
v 0.0278032 -0.045556 0.00517519
v 0.0277785 -0.0455656 0.00514082
v 0.0250962 -0.0482632 0.00788226
v 0.025095 -0.0482638 0.00788042
v 0.027773 -0.0455669 0.00513397
v 0.0277478 -0.0455728 0.0051029
v 0.025066 -0.0482743 0.00784099
v 0.0250651 -0.0482746 0.00783979
v 0.0277398 -0.0455735 0.00509413
v 0.0250328 -0.048281 0.00780109
v 0.0277146 -0.045576 0.00506651
v 0.0250324 -0.0482811 0.00780051
v 0.0277041 -0.0455761 0.0050559
v 0.024997 -0.0482832 0.007763
v 0.0277361 -0.0455615 0.00506321
v 0.0277226 -0.0455677 0.00506012
v 0.0277507 -0.0455549 0.00506654
v 0.0277849 -0.0455349 0.00507651
v 0.0277627 -0.0455478 0.00507005
v 0.0277865 -0.045534 0.00507699
v 0.0277944 -0.0455293 0.0050793
v 0.0278193 -0.0455113 0.00508831
v 0.027835 -0.0454999 0.00509403
v 0.0278034 -0.0455228 0.00508254
v 0.0278468 -0.0454893 0.0050993
v 0.0278588 -0.0454785 0.00510471
v 0.0278719 -0.0454668 0.00511057
v 0.0278919 -0.0454447 0.00512164
v 0.0278813 -0.0454565 0.00511574
v 0.0279048 -0.0454304 0.00512875
v 0.0279332 -0.0453912 0.00514836
v 0.0279133 -0.0454187 0.0051346
v 0.0279384 -0.0453821 0.00515294
v 0.0279354 -0.0453873 0.0051503
v 0.0279471 -0.0453668 0.00516058
v 0.0279569 -0.0453495 0.00516919
v 0.027969 -0.0453213 0.00518332
v 0.0279592 -0.0453441 0.00517194
v 0.0279756 -0.0453059 0.00519102
v 0.0279718 -0.0453148 0.00518656
v 0.0279872 -0.0452671 0.00521044
v 0.027984 -0.0452779 0.00520499
v 0.0279891 -0.0452607 0.0052136
v 0.0279973 -0.0452146 0.00523668
v 0.0279971 -0.0452155 0.00523622
v 0.0279945 -0.0452304 0.00522875
v 0.027978 -0.0453125 0.00523539
v 0.0279897 -0.0452648 0.005231
v 0.0279558 -0.0453647 0.00520089
v 0.0279701 -0.0453199 0.00518775
v 0.0279753 -0.0453152 0.00521103
v 0.0279595 -0.0453611 0.00522024
v 0.0279617 -0.0453589 0.00524002
v 0.0277597 -0.0455608 0.00509221
v 0.0277876 -0.0455566 0.00513271
v 0.0277724 -0.0455481 0.00508333
v 0.0278073 -0.0455369 0.00512069
v 0.0279277 -0.0454165 0.00518741
v 0.0279444 -0.0453762 0.00516432
v 0.0279508 -0.0453698 0.00518218
v 0.0279326 -0.0454116 0.00520097
v 0.0279364 -0.0454078 0.00521516
v 0.0279391 -0.045405 0.00522984
v 0.0279408 -0.0454034 0.00524485
v 0.0278127 -0.0455485 0.00517445
v 0.0277973 -0.0455469 0.00512597
v 0.0278192 -0.0455421 0.00516992
v 0.027826 -0.0455353 0.00516637
v 0.0278177 -0.0455265 0.00511692
v 0.027833 -0.0455283 0.00516384
v 0.0278284 -0.0455158 0.00511469
v 0.0278401 -0.0455211 0.00516234
v 0.0278391 -0.0455051 0.00511404
v 0.0278473 -0.0455139 0.0051619
v 0.0278498 -0.0454944 0.00511497
v 0.0278545 -0.0455067 0.00516253
v 0.0278604 -0.0454838 0.00511747
v 0.0278616 -0.0454996 0.00516421
v 0.0278708 -0.0454734 0.00512151
v 0.0278686 -0.0454926 0.00516693
v 0.0278808 -0.0454634 0.00512706
v 0.0278753 -0.0454859 0.00517065
v 0.0278903 -0.0454539 0.00513404
v 0.0278817 -0.0454795 0.00517535
v 0.0278993 -0.0454449 0.00514239
v 0.0278878 -0.0454735 0.00518096
v 0.0279076 -0.0454366 0.00515201
v 0.0278934 -0.0454679 0.00518742
v 0.0279152 -0.045429 0.0051628
v 0.0278984 -0.0454628 0.00519468
v 0.0279219 -0.0454223 0.00517465
v 0.027903 -0.0454583 0.00520264
v 0.0279069 -0.0454544 0.00521122
v 0.0279101 -0.0454511 0.00522033
v 0.0279127 -0.0454485 0.00522987
v 0.0279146 -0.0454467 0.00523974
v 0.0279157 -0.0454456 0.00524982
v 0.0278348 -0.0455368 0.00521703
v 0.027838 -0.0455335 0.00521475
v 0.0278414 -0.0455301 0.00521297
v 0.0278449 -0.0455266 0.00521169
v 0.0278485 -0.045523 0.00521094
v 0.0278522 -0.0455194 0.00521072
v 0.0278558 -0.0455158 0.00521104
v 0.0278593 -0.0455122 0.00521188
v 0.0278628 -0.0455087 0.00521325
v 0.0278662 -0.0455053 0.00521512
v 0.0278694 -0.0455021 0.00521748
v 0.0278725 -0.0454991 0.0052203
v 0.0278753 -0.0454963 0.00522354
v 0.0278778 -0.0454937 0.00522719
v 0.0278801 -0.0454914 0.00523119
v 0.0278821 -0.0454895 0.0052355
v 0.0278837 -0.0454878 0.00524008
v 0.027885 -0.0454865 0.00524487
v 0.0278859 -0.0454856 0.00524983
v 0.0278865 -0.0454851 0.0052549
v -0.0248291 -0.0483723 0.00793093
v -0.0248641 -0.0483648 0.00789595
v -0.0248649 -0.0483645 0.00789511
v -0.0248994 -0.0483518 0.00786066
v -0.0249 -0.0483515 0.00786005
v -0.0249335 -0.0483337 0.00782649
v -0.0249339 -0.0483335 0.0078261
v -0.0249662 -0.0483108 0.00779383
v -0.0249664 -0.0483106 0.00779364
v -0.024828 -0.0483725 0.00793201
v -0.024847 -0.0483717 0.00794946
v -0.0248795 -0.0483641 0.00791014
v -0.0248672 -0.0483688 0.00796454
v -0.0249111 -0.0483513 0.00787143
v -0.0248961 -0.0483622 0.00792291
v -0.0249237 -0.0483499 0.00788113
v -0.0249136 -0.0483591 0.00793411
v -0.024937 -0.0483475 0.00788964
v -0.0249318 -0.0483548 0.00794363
v -0.0249508 -0.0483442 0.00789687
v -0.0249505 -0.0483492 0.00795135
v -0.024965 -0.04834 0.00790273
v -0.0249696 -0.0483426 0.0079572
v -0.0249795 -0.048335 0.00790717
v -0.0249887 -0.048335 0.00796111
v -0.024994 -0.0483292 0.00791014
v -0.0250078 -0.0483264 0.00796304
v -0.0250085 -0.0483227 0.00791161
v -0.0250265 -0.048317 0.00796296
v -0.0250228 -0.0483155 0.00791155
v -0.0250448 -0.0483069 0.00796088
v -0.0250366 -0.0483078 0.00790997
v -0.0250623 -0.0482961 0.00795682
v -0.0250499 -0.0482996 0.00790688
v -0.025079 -0.0482847 0.00795082
v -0.0250626 -0.048291 0.00790233
v -0.0250945 -0.048273 0.00794296
v -0.0250744 -0.0482821 0.00789635
v -0.0251088 -0.0482611 0.00793331
v -0.0250852 -0.048273 0.00788903
v -0.0249414 -0.0483334 0.00783374
v -0.0249499 -0.0483324 0.00784026
v -0.0249588 -0.0483308 0.00784599
v -0.0249681 -0.0483286 0.00785085
v -0.0249777 -0.0483258 0.00785479
v -0.0249874 -0.0483224 0.00785778
v -0.0249972 -0.0483185 0.00785978
v -0.0250069 -0.0483142 0.00786076
v -0.0250165 -0.0483094 0.00786072
v -0.0250259 -0.0483042 0.00785966
v -0.0250348 -0.0482986 0.00785759
v -0.0250433 -0.0482929 0.00785452
v -0.0250513 -0.0482869 0.00785051
v -0.0250586 -0.0482808 0.00784558
v -0.0249702 -0.0483107 0.00779747
v -0.0249744 -0.0483102 0.00780075
v -0.0249789 -0.0483094 0.00780363
v -0.0249836 -0.0483082 0.00780607
v -0.0249884 -0.0483068 0.00780805
v -0.0249933 -0.0483051 0.00780955
v -0.0249982 -0.0483032 0.00781056
v -0.0250031 -0.048301 0.00781105
v -0.0250079 -0.0482986 0.00781103
v -0.0250126 -0.0482959 0.0078105
v -0.0250171 -0.0482932 0.00780946
v -0.0250214 -0.0482903 0.00780792
v -0.0250254 -0.0482873 0.0078059
v -0.025029 -0.0482842 0.00780342
v -0.022568 -0.0483725 0.00567199
v -0.0225691 -0.0483723 0.00567091
v -0.0226049 -0.0483645 0.00563509
v -0.022604 -0.0483648 0.00563593
v -0.02264 -0.0483515 0.00560003
v -0.0226393 -0.0483518 0.00560064
v -0.0226739 -0.0483335 0.00556608
v -0.0226735 -0.0483337 0.00556647
v -0.0227062 -0.0483108 0.00553381
v -0.0227064 -0.0483106 0.00553362
v -0.022737 -0.0482832 0.00550298
v -0.0225329 -0.048375 0.00570711
v -0.0269822 -0.0443411 0.00250208
v -0.0269878 -0.0443523 0.00250273
v -0.0269988 -0.0443744 0.00250663
v -0.0269855 -0.0443478 0.00250246
v -0.0270109 -0.0443985 0.00251089
v -0.0270294 -0.0444356 0.002522
v -0.0270335 -0.0444437 0.0025244
v -0.0270553 -0.0444873 0.0025431
v -0.0270574 -0.0444914 0.00254546
v -0.0270761 -0.044529 0.0025668
v -0.0270836 -0.0445439 0.00257766
v -0.0270957 -0.0445682 0.00259523
v -0.0271139 -0.0446045 0.00262808
v -0.0271162 -0.0446091 0.00263312
v -0.0271091 -0.044595 0.00261944
v -0.0271216 -0.04462 0.00264534
v -0.0271452 -0.0446671 0.00270556
v -0.0271305 -0.0446376 0.00266499
v -0.0271462 -0.0446692 0.00270911
v -0.0271496 -0.044676 0.00272081
v -0.0271579 -0.0446925 0.00274911
v -0.0271579 -0.0446926 0.00274935
v -0.0271986 -0.0446437 0.00271558
v -0.0271688 -0.0446806 0.00273993
v -0.0269849 -0.044341 0.00250223
v -0.0270377 -0.0443369 0.00250638
v -0.0271619 -0.0445787 0.0026306
v -0.027126 -0.0446162 0.00264295
v -0.0271495 -0.0446289 0.00266643
v -0.0271826 -0.0445899 0.00265126
v -0.0271738 -0.0446381 0.00269073
v -0.027204 -0.044598 0.00267262
v -0.0272258 -0.0446029 0.00269447
v -0.0270899 -0.0443322 0.00251671
v -0.0270412 -0.0443678 0.00250984
v -0.0270928 -0.0443586 0.00251966
v -0.0270469 -0.044398 0.00251557
v -0.0270977 -0.0443843 0.00252453
v -0.0270548 -0.0444272 0.0025235
v -0.0271044 -0.0444091 0.00253128
v -0.0270649 -0.0444551 0.00253354
v -0.027113 -0.0444329 0.00253983
v -0.0270769 -0.0444813 0.00254559
v -0.0271232 -0.0444552 0.00255009
v -0.0270908 -0.0445056 0.00255951
v -0.0271351 -0.0444759 0.00256194
v -0.0271065 -0.0445278 0.00257515
v -0.0271484 -0.0444947 0.00257526
v -0.0271237 -0.0445474 0.00259234
v -0.0271631 -0.0445115 0.0025899
v -0.0271422 -0.0445645 0.00261089
v -0.0271788 -0.044526 0.00260569
v -0.0271956 -0.0445381 0.00262247
v -0.0272132 -0.0445476 0.00264005
v -0.0272314 -0.0445545 0.00265825
v -0.02725 -0.0445587 0.00267685
v -0.0271406 -0.0443273 0.00253255
v -0.027143 -0.0443487 0.00253495
v -0.027147 -0.0443697 0.00253892
v -0.0271525 -0.0443899 0.00254441
v -0.0271594 -0.0444092 0.00255137
v -0.0271678 -0.0444274 0.00255972
v -0.0271774 -0.0444442 0.00256937
v -0.0271883 -0.0444596 0.00258021
v -0.0272002 -0.0444732 0.00259212
v -0.027213 -0.044485 0.00260498
v -0.0272267 -0.0444949 0.00261864
v -0.027241 -0.0445026 0.00263295
v -0.0272558 -0.0445083 0.00264776
v -0.0272709 -0.0445116 0.0026629
v -0.0271893 -0.0443221 0.00255371
v -0.0271911 -0.0443384 0.00255553
v -0.0271941 -0.0443543 0.00255855
v -0.0271983 -0.0443697 0.00256273
v -0.0272036 -0.0443844 0.00256802
v -0.02721 -0.0443982 0.00257436
v -0.0272173 -0.044411 0.0025817
v -0.0272255 -0.0444227 0.00258994
v -0.0272346 -0.044433 0.00259899
v -0.0272444 -0.044442 0.00260877
v -0.0272547 -0.0444495 0.00261915
v -0.0272656 -0.0444554 0.00263003
v -0.0272769 -0.0444597 0.00264129
v -0.0272884 -0.0444622 0.0026528
v -0.0272355 -0.0443167 0.00257995
v -0.0272367 -0.0443277 0.00258118
v -0.0272387 -0.0443384 0.00258321
v -0.0272415 -0.0443488 0.00258602
v -0.0272451 -0.0443586 0.00258958
v -0.0272494 -0.0443679 0.00259386
v -0.0272543 -0.0443766 0.00259879
v -0.0272598 -0.0443844 0.00260434
v -0.0272659 -0.0443914 0.00261043
v -0.0272725 -0.0443974 0.00261701
v -0.0272795 -0.0444025 0.002624
v -0.0272868 -0.0444064 0.00263132
v -0.0272944 -0.0444093 0.0026389
v -0.0273022 -0.044411 0.00264665
v -0.0272785 -0.0443112 0.00261098
v -0.0272791 -0.0443167 0.0026116
v -0.0272802 -0.0443221 0.00261262
v -0.0272816 -0.0443273 0.00261404
v -0.0272834 -0.0443323 0.00261583
v -0.0272855 -0.044337 0.00261798
v -0.027288 -0.0443413 0.00262046
v -0.0272908 -0.0443453 0.00262325
v -0.0272939 -0.0443488 0.00262631
v -0.0272972 -0.0443518 0.00262962
v -0.0273007 -0.0443543 0.00263313
v -0.0273044 -0.0443563 0.00263682
v -0.0273082 -0.0443578 0.00264063
v -0.0273121 -0.0443586 0.00264452
v -0.0254441 -0.0455761 0.00279588
v -0.0254368 -0.0455615 0.00276392
v -0.0254399 -0.0455677 0.00277741
v -0.0254335 -0.0455549 0.00274935
v -0.0254207 -0.0455293 0.00270556
v -0.025423 -0.045534 0.00271349
v -0.0254235 -0.0455349 0.00271513
v -0.0254299 -0.0455478 0.0027373
v -0.0254117 -0.0455113 0.00268074
v -0.0254175 -0.0455228 0.00269662
v -0.0254062 -0.0455003 0.00266552
v -0.025406 -0.0454999 0.00266499
v -0.0253894 -0.0454668 0.00262808
v -0.02539 -0.0454679 0.00262933
v -0.0253953 -0.0454785 0.00264116
v -0.0253712 -0.0454304 0.00259523
v -0.0253784 -0.0454447 0.00260808
v -0.0253516 -0.0453912 0.0025668
v -0.0253654 -0.0454187 0.00258674
v -0.0253471 -0.0453821 0.00256159
v -0.0253497 -0.0453873 0.00256459
v -0.0253394 -0.0453668 0.0025529
v -0.0253308 -0.0453495 0.0025431
v -0.0253167 -0.0453213 0.002531
v -0.0253281 -0.0453441 0.00254075
v -0.0253134 -0.0453148 0.00252822
v -0.025309 -0.0453059 0.0025244
v -0.0252896 -0.0452671 0.00251278
v -0.025295 -0.0452779 0.00251604
v -0.0252864 -0.0452607 0.00251089
v -0.0252633 -0.0452146 0.00250273
v -0.0252638 -0.0452155 0.0025029
v -0.0252713 -0.0452304 0.00250554
v -0.02524 -0.0451679 0.0025
v -0.022536 -0.0482301 0.00535512
v -0.0252826 -0.0455407 0.00266981
v -0.0252802 -0.0455399 0.0026683
v -0.0225329 -0.0482286 0.00535355
v -0.02524 -0.0455214 0.00264645
v -0.0253201 -0.0455546 0.00269338
v -0.0225755 -0.0482478 0.00537693
v -0.022578 -0.048249 0.0053783
v -0.0253248 -0.045556 0.00269676
v -0.0253592 -0.0455656 0.00272145
v -0.0226177 -0.0482632 0.00540379
v -0.0226196 -0.0482638 0.00540497
v -0.025366 -0.0455669 0.00272702
v -0.0253971 -0.0455728 0.00275224
v -0.022659 -0.0482743 0.00543398
v -0.0226602 -0.0482746 0.00543486
v -0.0254059 -0.0455735 0.00276024
v -0.0226989 -0.048281 0.00546716
v -0.0254335 -0.045576 0.00278544
v -0.0226995 -0.0482811 0.00546765
v -0.0225329 -0.0482337 0.00535919
v -0.0225329 -0.0482484 0.00537543
v -0.0225329 -0.0482615 0.00538991
v -0.0225329 -0.048281 0.00541619
v -0.0225329 -0.0482907 0.00542932
v -0.0225329 -0.0483058 0.00545452
v -0.0225329 -0.048316 0.00547141
v -0.0225329 -0.048326 0.00549268
v -0.0225329 -0.0483369 0.00551577
v -0.0225329 -0.0483431 0.00553311
v -0.0225329 -0.0483535 0.00556196
v -0.0225329 -0.0483577 0.00557895
v -0.0225329 -0.0483654 0.00560956
v -0.0225329 -0.0483682 0.00562827
v -0.0225329 -0.0483642 0.00560481
v -0.0225329 -0.0483691 0.00563483
v -0.0225329 -0.0483726 0.0056581
v -0.0225329 -0.0483731 0.00566828
v -0.0225771 -0.0483622 0.00560391
v -0.0225355 -0.0483688 0.00563277
v -0.0225505 -0.0483717 0.00565297
v -0.0225899 -0.0483641 0.00562047
v -0.0225667 -0.0482611 0.00539118
v -0.022611 -0.048273 0.00541475
v -0.022557 -0.048273 0.00540547
v -0.0226036 -0.0482821 0.00542561
v -0.0225492 -0.0482847 0.00542102
v -0.0225977 -0.048291 0.00543742
v -0.0225432 -0.0482961 0.00543766
v -0.0225931 -0.0482996 0.00545006
v -0.0225391 -0.0483069 0.0054552
v -0.02259 -0.0483078 0.00546338
v -0.022537 -0.048317 0.00547345
v -0.0225885 -0.0483155 0.00547724
v -0.022537 -0.0483264 0.00549221
v -0.0225884 -0.0483227 0.00549149
v -0.0225389 -0.048335 0.00551128
v -0.0225899 -0.0483292 0.00550597
v -0.0225428 -0.0483426 0.00553045
v -0.0225928 -0.048335 0.00552053
v -0.0225486 -0.0483492 0.0055495
v -0.0225973 -0.04834 0.005535
v -0.0225564 -0.0483548 0.00556823
v -0.0226031 -0.0483442 0.00554922
v -0.0225659 -0.0483591 0.00558644
v -0.0226104 -0.0483475 0.00556305
v -0.0226189 -0.0483499 0.00557632
v -0.0226286 -0.0483513 0.00558889
v -0.0226544 -0.0482808 0.00544144
v -0.0226495 -0.0482869 0.00544874
v -0.0226455 -0.0482929 0.00545669
v -0.0226424 -0.0482986 0.00546519
v -0.0226403 -0.0483042 0.00547415
v -0.0226393 -0.0483094 0.00548347
v -0.0226392 -0.0483142 0.00549306
v -0.0226402 -0.0483185 0.0055028
v -0.0226422 -0.0483224 0.00551259
v -0.0226452 -0.0483258 0.00552232
v -0.0226492 -0.0483286 0.00553189
v -0.022654 -0.0483308 0.00554119
v -0.0226597 -0.0483324 0.00555012
v -0.0226663 -0.0483334 0.00555858
v -0.0226966 -0.0482842 0.00547096
v -0.0226941 -0.0482873 0.00547463
v -0.0226921 -0.0482903 0.00547862
v -0.0226905 -0.0482932 0.00548289
v -0.0226895 -0.0482959 0.0054874
v -0.022689 -0.0482986 0.00549208
v -0.0226889 -0.048301 0.0054969
v -0.0226894 -0.0483032 0.0055018
v -0.0226904 -0.0483051 0.00550672
v -0.0226919 -0.0483068 0.00551161
v -0.0226939 -0.0483082 0.00551642
v -0.0226964 -0.0483094 0.0055211
v -0.0226993 -0.0483102 0.00552558
v -0.0227025 -0.0483107 0.00552984
v 0.0225329 -0.048375 0.00570711
v 0.0248291 -0.0483723 0.00793093
v 0.0248641 -0.0483648 0.00789595
v 0.024828 -0.0483725 0.00793201
v 0.0248649 -0.0483645 0.00789511
v 0.0248994 -0.0483518 0.00786066
v 0.0249 -0.0483515 0.00786005
v 0.0249335 -0.0483337 0.00782649
v 0.0249339 -0.0483335 0.0078261
v 0.0249662 -0.0483108 0.00779383
v 0.0249664 -0.0483106 0.00779364
v 0.0248961 -0.0483622 0.00792291
v 0.0248672 -0.0483688 0.00796454
v 0.024847 -0.0483717 0.00794946
v 0.0248795 -0.0483641 0.00791014
v 0.0251088 -0.0482611 0.00793331
v 0.0250852 -0.048273 0.00788903
v 0.0250945 -0.048273 0.00794296
v 0.0250744 -0.0482821 0.00789635
v 0.025079 -0.0482847 0.00795082
v 0.0250626 -0.048291 0.00790233
v 0.0250623 -0.0482961 0.00795682
v 0.0250499 -0.0482996 0.00790688
v 0.0250448 -0.0483069 0.00796088
v 0.0250366 -0.0483078 0.00790997
v 0.0250265 -0.048317 0.00796296
v 0.0250228 -0.0483155 0.00791155
v 0.0250078 -0.0483264 0.00796304
v 0.0250085 -0.0483227 0.00791161
v 0.0249887 -0.048335 0.00796111
v 0.024994 -0.0483292 0.00791014
v 0.0249696 -0.0483426 0.0079572
v 0.0249795 -0.048335 0.00790717
v 0.0249505 -0.0483492 0.00795135
v 0.024965 -0.04834 0.00790273
v 0.0249318 -0.0483548 0.00794363
v 0.0249508 -0.0483442 0.00789687
v 0.0249136 -0.0483591 0.00793411
v 0.024937 -0.0483475 0.00788964
v 0.0249237 -0.0483499 0.00788113
v 0.0249111 -0.0483513 0.00787143
v 0.0250586 -0.0482808 0.00784558
v 0.0250513 -0.0482869 0.00785051
v 0.0250433 -0.0482929 0.00785452
v 0.0250348 -0.0482986 0.00785759
v 0.0250259 -0.0483042 0.00785966
v 0.0250165 -0.0483094 0.00786072
v 0.0250069 -0.0483142 0.00786076
v 0.0249972 -0.0483185 0.00785978
v 0.0249874 -0.0483224 0.00785778
v 0.0249777 -0.0483258 0.00785479
v 0.0249681 -0.0483286 0.00785085
v 0.0249588 -0.0483308 0.00784599
v 0.0249499 -0.0483324 0.00784026
v 0.0249414 -0.0483334 0.00783374
v 0.025029 -0.0482842 0.00780342
v 0.0250254 -0.0482873 0.0078059
v 0.0250214 -0.0482903 0.00780792
v 0.0250171 -0.0482932 0.00780946
v 0.0250126 -0.0482959 0.0078105
v 0.0250079 -0.0482986 0.00781103
v 0.0250031 -0.048301 0.00781105
v 0.0249982 -0.0483032 0.00781056
v 0.0249933 -0.0483051 0.00780955
v 0.0249884 -0.0483068 0.00780805
v 0.0249836 -0.0483082 0.00780607
v 0.0249789 -0.0483094 0.00780363
v 0.0249744 -0.0483102 0.00780075
v 0.0249702 -0.0483107 0.00779747
v 0.0225329 -0.0482615 0.00538991
v 0.0225329 -0.0482337 0.00535919
v 0.0225329 -0.0482484 0.00537543
v 0.0225329 -0.0482286 0.00535355
v 0.0225329 -0.0482907 0.00542932
v 0.0225329 -0.048281 0.00541619
v 0.0225329 -0.048316 0.00547141
v 0.0225329 -0.0483058 0.00545452
v 0.0225329 -0.0483369 0.00551577
v 0.0225329 -0.048326 0.00549268
v 0.0225329 -0.0483535 0.00556196
v 0.0225329 -0.0483431 0.00553311
v 0.0225329 -0.0483654 0.00560956
v 0.0225329 -0.0483642 0.00560481
v 0.0225329 -0.0483577 0.00557895
v 0.0225329 -0.0483726 0.0056581
v 0.0225329 -0.0483682 0.00562827
v 0.0225329 -0.0483691 0.00563483
v 0.0225329 -0.0483731 0.00566828
v 0.022568 -0.0483725 0.00567199
v 0.0225691 -0.0483723 0.00567091
v 0.0226049 -0.0483645 0.00563509
v 0.022604 -0.0483648 0.00563593
v 0.0226393 -0.0483518 0.00560064
v 0.0226735 -0.0483337 0.00556647
v 0.0226739 -0.0483335 0.00556608
v 0.0227062 -0.0483108 0.00553381
v 0.0227064 -0.0483106 0.00553362
v 0.022737 -0.0482832 0.00550298
v 0.02264 -0.0483515 0.00560003
v 0.022578 -0.048249 0.0053783
v 0.0226177 -0.0482632 0.00540379
v 0.0226196 -0.0482638 0.00540497
v 0.022659 -0.0482743 0.00543398
v 0.0226602 -0.0482746 0.00543486
v 0.0226989 -0.048281 0.00546716
v 0.0225755 -0.0482478 0.00537693
v 0.022536 -0.0482301 0.00535512
v 0.0226995 -0.0482811 0.00546765
v 0.0225505 -0.0483717 0.00565297
v 0.0225899 -0.0483641 0.00562047
v 0.0225355 -0.0483688 0.00563277
v 0.0226286 -0.0483513 0.00558889
v 0.0225771 -0.0483622 0.00560391
v 0.0226189 -0.0483499 0.00557632
v 0.0225659 -0.0483591 0.00558644
v 0.0226104 -0.0483475 0.00556305
v 0.0225564 -0.0483548 0.00556823
v 0.0226031 -0.0483442 0.00554922
v 0.0225486 -0.0483492 0.0055495
v 0.0225973 -0.04834 0.005535
v 0.0225428 -0.0483426 0.00553045
v 0.0225928 -0.048335 0.00552053
v 0.0225389 -0.048335 0.00551128
v 0.0225899 -0.0483292 0.00550597
v 0.022537 -0.0483264 0.00549221
v 0.0225884 -0.0483227 0.00549149
v 0.022537 -0.048317 0.00547345
v 0.0225885 -0.0483155 0.00547724
v 0.0225391 -0.0483069 0.0054552
v 0.02259 -0.0483078 0.00546338
v 0.0225432 -0.0482961 0.00543766
v 0.0225931 -0.0482996 0.00545006
v 0.0225492 -0.0482847 0.00542102
v 0.0225977 -0.048291 0.00543742
v 0.022557 -0.048273 0.00540547
v 0.0226036 -0.0482821 0.00542561
v 0.0225667 -0.0482611 0.00539118
v 0.022611 -0.048273 0.00541475
v 0.0226663 -0.0483334 0.00555858
v 0.0226597 -0.0483324 0.00555012
v 0.022654 -0.0483308 0.00554119
v 0.0226492 -0.0483286 0.00553189
v 0.0226452 -0.0483258 0.00552232
v 0.0226422 -0.0483224 0.00551259
v 0.0226402 -0.0483185 0.0055028
v 0.0226392 -0.0483142 0.00549306
v 0.0226393 -0.0483094 0.00548347
v 0.0226403 -0.0483042 0.00547415
v 0.0226424 -0.0482986 0.00546519
v 0.0226455 -0.0482929 0.00545669
v 0.0226495 -0.0482869 0.00544874
v 0.0226544 -0.0482808 0.00544144
v 0.0227025 -0.0483107 0.00552984
v 0.0226993 -0.0483102 0.00552558
v 0.0226964 -0.0483094 0.0055211
v 0.0226939 -0.0483082 0.00551642
v 0.0226919 -0.0483068 0.00551161
v 0.0226904 -0.0483051 0.00550672
v 0.0226894 -0.0483032 0.0055018
v 0.0226889 -0.048301 0.0054969
v 0.022689 -0.0482986 0.00549208
v 0.0226895 -0.0482959 0.0054874
v 0.0226905 -0.0482932 0.00548289
v 0.0226921 -0.0482903 0.00547862
v 0.0226941 -0.0482873 0.00547463
v 0.0226966 -0.0482842 0.00547096
v 0.0254441 -0.0455761 0.00279588
v 0.0271579 -0.0446926 0.00274935
v 0.0271579 -0.0446925 0.00274911
v 0.0271496 -0.044676 0.00272081
v 0.0271462 -0.0446692 0.00270911
v 0.0271452 -0.0446671 0.00270556
v 0.0271305 -0.0446376 0.00266499
v 0.0271216 -0.04462 0.00264534
v 0.0271139 -0.0446045 0.00262808
v 0.0271091 -0.044595 0.00261944
v 0.0271162 -0.0446091 0.00263312
v 0.0270957 -0.0445682 0.00259523
v 0.0270836 -0.0445439 0.00257766
v 0.0270761 -0.044529 0.0025668
v 0.0270574 -0.0444914 0.00254546
v 0.0270553 -0.0444873 0.0025431
v 0.0270335 -0.0444437 0.0025244
v 0.0270294 -0.0444356 0.002522
v 0.0270109 -0.0443985 0.00251089
v 0.0269878 -0.0443523 0.00250273
v 0.0269855 -0.0443478 0.00250246
v 0.0269988 -0.0443744 0.00250663
v 0.0269822 -0.0443411 0.00250208
v 0.0271688 -0.0446806 0.00273993
v 0.0271986 -0.0446437 0.00271558
v 0.0272258 -0.0446029 0.00269447
v 0.0271738 -0.0446381 0.00269073
v 0.027204 -0.044598 0.00267262
v 0.0271495 -0.0446289 0.00266643
v 0.0271826 -0.0445899 0.00265126
v 0.027126 -0.0446162 0.00264295
v 0.0269849 -0.044341 0.00250223
v 0.0270377 -0.0443369 0.00250638
v 0.02725 -0.0445587 0.00267685
v 0.0272314 -0.0445545 0.00265825
v 0.0272132 -0.0445476 0.00264005
v 0.0271619 -0.0445787 0.0026306
v 0.0271956 -0.0445381 0.00262247
v 0.0271422 -0.0445645 0.00261089
v 0.0271788 -0.044526 0.00260569
v 0.0271237 -0.0445474 0.00259234
v 0.0271631 -0.0445115 0.0025899
v 0.0271065 -0.0445278 0.00257515
v 0.0271484 -0.0444947 0.00257526
v 0.0270908 -0.0445056 0.00255951
v 0.0271351 -0.0444759 0.00256194
v 0.0270769 -0.0444813 0.00254559
v 0.0271232 -0.0444552 0.00255009
v 0.0270649 -0.0444551 0.00253354
v 0.027113 -0.0444329 0.00253983
v 0.0270548 -0.0444272 0.0025235
v 0.0271044 -0.0444091 0.00253128
v 0.0270469 -0.044398 0.00251557
v 0.0270977 -0.0443843 0.00252453
v 0.0270412 -0.0443678 0.00250984
v 0.0270928 -0.0443586 0.00251966
v 0.0270899 -0.0443322 0.00251671
v 0.0272709 -0.0445116 0.0026629
v 0.0272558 -0.0445083 0.00264776
v 0.027241 -0.0445026 0.00263295
v 0.0272267 -0.0444949 0.00261864
v 0.027213 -0.044485 0.00260498
v 0.0272002 -0.0444732 0.00259212
v 0.0271883 -0.0444596 0.00258021
v 0.0271774 -0.0444442 0.00256937
v 0.0271678 -0.0444274 0.00255972
v 0.0271594 -0.0444092 0.00255137
v 0.0271525 -0.0443899 0.00254441
v 0.027147 -0.0443697 0.00253892
v 0.027143 -0.0443487 0.00253495
v 0.0271406 -0.0443273 0.00253255
v 0.0272884 -0.0444622 0.0026528
v 0.0272769 -0.0444597 0.00264129
v 0.0272656 -0.0444554 0.00263003
v 0.0272547 -0.0444495 0.00261915
v 0.0272444 -0.044442 0.00260877
v 0.0272346 -0.044433 0.00259899
v 0.0272255 -0.0444227 0.00258994
v 0.0272173 -0.044411 0.0025817
v 0.02721 -0.0443982 0.00257436
v 0.0272036 -0.0443844 0.00256802
v 0.0271983 -0.0443697 0.00256273
v 0.0271941 -0.0443543 0.00255855
v 0.0271911 -0.0443384 0.00255553
v 0.0271893 -0.0443221 0.00255371
v 0.0273022 -0.044411 0.00264665
v 0.0272944 -0.0444093 0.0026389
v 0.0272868 -0.0444064 0.00263132
v 0.0272795 -0.0444025 0.002624
v 0.0272725 -0.0443974 0.00261701
v 0.0272659 -0.0443914 0.00261043
v 0.0272598 -0.0443844 0.00260434
v 0.0272543 -0.0443766 0.00259879
v 0.0272494 -0.0443679 0.00259386
v 0.0272451 -0.0443586 0.00258958
v 0.0272415 -0.0443488 0.00258602
v 0.0272387 -0.0443384 0.00258321
v 0.0272367 -0.0443277 0.00258118
v 0.0272355 -0.0443167 0.00257995
v 0.0273121 -0.0443586 0.00264452
v 0.0273082 -0.0443578 0.00264063
v 0.0273044 -0.0443563 0.00263682
v 0.0273007 -0.0443543 0.00263313
v 0.0272972 -0.0443518 0.00262962
v 0.0272939 -0.0443488 0.00262631
v 0.0272908 -0.0443453 0.00262325
v 0.027288 -0.0443413 0.00262046
v 0.0272855 -0.044337 0.00261798
v 0.0272834 -0.0443323 0.00261583
v 0.0272816 -0.0443273 0.00261404
v 0.0272802 -0.0443221 0.00261262
v 0.0272791 -0.0443167 0.0026116
v 0.0272785 -0.0443112 0.00261098
v 0.02524 -0.0451679 0.0025
v 0.02524 -0.0455214 0.00264645
v -0.02524 -0.0452654 0.00250969
v -0.02524 -0.0453116 0.0025211
v -0.02524 -0.0452637 0.00250927
v -0.02524 -0.045313 0.0025216
v -0.02524 -0.0453581 0.00253761
v -0.02524 -0.0453592 0.00253811
v -0.02524 -0.0454028 0.00255862
v -0.02524 -0.0454036 0.00255908
v -0.02524 -0.0454452 0.00258394
v -0.02524 -0.0454457 0.00258429
v -0.02524 -0.0454849 0.00261331
v -0.02524 -0.0454851 0.00261351
v -0.02524 -0.0452169 0.0025025
v -0.02524 -0.0452148 0.00250221
v -0.0252646 -0.0453125 0.00252201
v -0.025269 -0.0452648 0.00251033
v -0.0252991 -0.0453647 0.00254419
v -0.0253122 -0.0453199 0.00252988
v -0.025289 -0.0453152 0.00252472
v -0.0252798 -0.0453611 0.00254055
v -0.02526 -0.0453589 0.00253835
v -0.0254078 -0.0455608 0.00274027
v -0.0253673 -0.0455566 0.00271237
v -0.0254167 -0.0455481 0.00272758
v -0.0253793 -0.0455369 0.00269267
v -0.0253126 -0.0454165 0.0025723
v -0.0253357 -0.0453762 0.00255563
v -0.0253178 -0.0453698 0.00254924
v -0.025299 -0.0454116 0.00256745
v -0.0252848 -0.0454078 0.00256362
v -0.0252702 -0.045405 0.00256085
v -0.0252552 -0.0454034 0.00255918
v -0.0253255 -0.0455485 0.00268728
v -0.025374 -0.0455469 0.00270274
v -0.0253301 -0.0455421 0.0026808
v -0.0253336 -0.0455353 0.00267403
v -0.0253831 -0.0455265 0.00268226
v -0.0253362 -0.0455283 0.00266704
v -0.0253853 -0.0455158 0.00267164
v -0.0253377 -0.0455211 0.0026599
v -0.025386 -0.0455051 0.00266091
v -0.0253381 -0.0455139 0.00265269
v -0.025385 -0.0454944 0.00265018
v -0.0253375 -0.0455067 0.00264548
v -0.0253825 -0.0454838 0.00263959
v -0.0253358 -0.0454996 0.00263836
v -0.0253785 -0.0454734 0.00262923
v -0.0253331 -0.0454926 0.0026314
v -0.0253729 -0.0454634 0.00261923
v -0.0253293 -0.0454859 0.00262468
v -0.025366 -0.0454539 0.00260969
v -0.0253247 -0.0454795 0.00261826
v -0.0253576 -0.0454449 0.00260072
v -0.025319 -0.0454735 0.00261223
v -0.025348 -0.0454366 0.0025924
v -0.0253126 -0.0454679 0.00260664
v -0.0253372 -0.045429 0.00258484
v -0.0253053 -0.0454628 0.00260156
v -0.0253254 -0.0454223 0.00257812
v -0.0252974 -0.0454583 0.00259704
v -0.0252888 -0.0454544 0.00259313
v -0.0252797 -0.0454511 0.00258987
v -0.0252701 -0.0454485 0.00258729
v -0.0252603 -0.0454467 0.00258544
v -0.0252502 -0.0454456 0.00258431
v -0.025283 -0.0455368 0.00266523
v -0.0252852 -0.0455335 0.00266198
v -0.025287 -0.0455301 0.00265858
v -0.0252883 -0.0455266 0.00265506
v -0.0252891 -0.045523 0.00265147
v -0.0252893 -0.0455194 0.00264785
v -0.025289 -0.0455158 0.00264423
v -0.0252881 -0.0455122 0.00264065
v -0.0252868 -0.0455087 0.00263715
v -0.0252849 -0.0455053 0.00263378
v -0.0252825 -0.0455021 0.00263055
v -0.0252797 -0.0454991 0.00262752
v -0.0252765 -0.0454963 0.00262472
v -0.0252728 -0.0454937 0.00262216
v -0.0252688 -0.0454914 0.00261989
v -0.0252645 -0.0454895 0.00261793
v -0.0252599 -0.0454878 0.00261629
v -0.0252551 -0.0454865 0.00261499
v -0.0252502 -0.0454856 0.00261406
v -0.0252451 -0.0454851 0.0026135
v 0.0252802 -0.0455399 0.0026683
v 0.0252826 -0.0455407 0.00266981
v 0.0253201 -0.0455546 0.00269338
v 0.0253248 -0.045556 0.00269676
v 0.0253592 -0.0455656 0.00272145
v 0.025366 -0.0455669 0.00272702
v 0.0253971 -0.0455728 0.00275224
v 0.0254059 -0.0455735 0.00276024
v 0.0254335 -0.045576 0.00278544
v 0.02524 -0.0452148 0.00250221
v 0.02524 -0.0452637 0.00250927
v 0.02524 -0.0452169 0.0025025
v 0.02524 -0.0453116 0.0025211
v 0.02524 -0.0452654 0.00250969
v 0.02524 -0.0453581 0.00253761
v 0.02524 -0.045313 0.0025216
v 0.02524 -0.0454028 0.00255862
v 0.02524 -0.0453592 0.00253811
v 0.02524 -0.0454452 0.00258394
v 0.02524 -0.0454036 0.00255908
v 0.02524 -0.0454849 0.00261331
v 0.02524 -0.0454457 0.00258429
v 0.02524 -0.0454851 0.00261351
v 0.0254399 -0.0455677 0.00277741
v 0.0254368 -0.0455615 0.00276392
v 0.0254207 -0.0455293 0.00270556
v 0.0254235 -0.0455349 0.00271513
v 0.025423 -0.045534 0.00271349
v 0.0254299 -0.0455478 0.0027373
v 0.0254335 -0.0455549 0.00274935
v 0.0254117 -0.0455113 0.00268074
v 0.0254062 -0.0455003 0.00266552
v 0.0254175 -0.0455228 0.00269662
v 0.02539 -0.0454679 0.00262933
v 0.0253953 -0.0454785 0.00264116
v 0.025406 -0.0454999 0.00266499
v 0.0253784 -0.0454447 0.00260808
v 0.0253894 -0.0454668 0.00262808
v 0.0253516 -0.0453912 0.0025668
v 0.0253654 -0.0454187 0.00258674
v 0.0253712 -0.0454304 0.00259523
v 0.0253308 -0.0453495 0.0025431
v 0.0253497 -0.0453873 0.00256459
v 0.0253471 -0.0453821 0.00256159
v 0.0253394 -0.0453668 0.0025529
v 0.0253281 -0.0453441 0.00254075
v 0.0253167 -0.0453213 0.002531
v 0.0253134 -0.0453148 0.00252822
v 0.025295 -0.0452779 0.00251604
v 0.0252896 -0.0452671 0.00251278
v 0.025309 -0.0453059 0.0025244
v 0.0252713 -0.0452304 0.00250554
v 0.0252638 -0.0452155 0.0025029
v 0.0252864 -0.0452607 0.00251089
v 0.0252633 -0.0452146 0.00250273
v 0.025269 -0.0452648 0.00251033
v 0.0252646 -0.0453125 0.00252201
v 0.02526 -0.0453589 0.00253835
v 0.025289 -0.0453152 0.00252472
v 0.0252798 -0.0453611 0.00254055
v 0.0253122 -0.0453199 0.00252988
v 0.0252552 -0.0454034 0.00255918
v 0.0252702 -0.045405 0.00256085
v 0.0252991 -0.0453647 0.00254419
v 0.0252848 -0.0454078 0.00256362
v 0.0253178 -0.0453698 0.00254924
v 0.025299 -0.0454116 0.00256745
v 0.0253357 -0.0453762 0.00255563
v 0.0254167 -0.0455481 0.00272758
v 0.025374 -0.0455469 0.00270274
v 0.0254078 -0.0455608 0.00274027
v 0.0253673 -0.0455566 0.00271237
v 0.0252502 -0.0454456 0.00258431
v 0.0252603 -0.0454467 0.00258544
v 0.0252701 -0.0454485 0.00258729
v 0.0252797 -0.0454511 0.00258987
v 0.0253126 -0.0454165 0.0025723
v 0.0252888 -0.0454544 0.00259313
v 0.0253254 -0.0454223 0.00257812
v 0.0252974 -0.0454583 0.00259704
v 0.0253372 -0.045429 0.00258484
v 0.0253053 -0.0454628 0.00260156
v 0.025348 -0.0454366 0.0025924
v 0.0253126 -0.0454679 0.00260664
v 0.0253576 -0.0454449 0.00260072
v 0.025319 -0.0454735 0.00261223
v 0.025366 -0.0454539 0.00260969
v 0.0253247 -0.0454795 0.00261826
v 0.0253729 -0.0454634 0.00261923
v 0.0253293 -0.0454859 0.00262468
v 0.0253785 -0.0454734 0.00262923
v 0.0253331 -0.0454926 0.0026314
v 0.0253825 -0.0454838 0.00263959
v 0.0253358 -0.0454996 0.00263836
v 0.025385 -0.0454944 0.00265018
v 0.0253375 -0.0455067 0.00264548
v 0.025386 -0.0455051 0.00266091
v 0.0253381 -0.0455139 0.00265269
v 0.0253853 -0.0455158 0.00267164
v 0.0253377 -0.0455211 0.0026599
v 0.0253831 -0.0455265 0.00268226
v 0.0253362 -0.0455283 0.00266704
v 0.0253793 -0.0455369 0.00269267
v 0.0253336 -0.0455353 0.00267403
v 0.0253301 -0.0455421 0.0026808
v 0.0253255 -0.0455485 0.00268728
v 0.0252451 -0.0454851 0.0026135
v 0.0252502 -0.0454856 0.00261406
v 0.0252551 -0.0454865 0.00261499
v 0.0252599 -0.0454878 0.00261629
v 0.0252645 -0.0454895 0.00261793
v 0.0252688 -0.0454914 0.00261989
v 0.0252728 -0.0454937 0.00262216
v 0.0252765 -0.0454963 0.00262472
v 0.0252797 -0.0454991 0.00262752
v 0.0252825 -0.0455021 0.00263055
v 0.0252849 -0.0455053 0.00263378
v 0.0252868 -0.0455087 0.00263715
v 0.0252881 -0.0455122 0.00264065
v 0.025289 -0.0455158 0.00264423
v 0.0252893 -0.0455194 0.00264785
v 0.0252891 -0.045523 0.00265147
v 0.0252883 -0.0455266 0.00265506
v 0.025287 -0.0455301 0.00265858
v 0.0252852 -0.0455335 0.00266198
v 0.025283 -0.0455368 0.00266523
v -0.0233383 0.0324863 0.014
v -0.0231756 0.032618 0.014
v -0.0237321 0.032 0.014
v -0.023618 0.0321756 0.014
v -0.023989 0.0312091 0.014
v -0.0239563 0.0314158 0.014
v -0.0222091 0.028011 0.014
v -0.0224158 0.0280437 0.014
v -0.023989 -0.0297909 0.014
v -0.0239563 -0.0295842 0.014
v -0.024 -0.031 0.014
v -0.024 -0.03 0.014
v -0.023989 -0.0312091 0.014
v -0.023 0.0327321 0.014
v -0.0234863 0.0323383 0.014
v -0.0239021 0.031618 0.014
v -0.0231756 0.028382 0.014
v -0.0233383 0.0285137 0.014
v -0.023 0.0282679 0.014
v 0.0102091 0.028011 0.014
v 0.0119563 -0.0295842 0.014
v 0.011989 -0.0297909 0.014
v -0.0239021 -0.029382 0.014
v -0.0239021 -0.031618 0.014
v -0.0239563 -0.0314158 0.014
v 0.0114863 0.0286617 0.014
v 0.011618 0.0288244 0.014
v -0.0238271 0.0318135 0.014
v -0.024 0.031 0.014
v -0.023989 0.0297909 0.014
v -0.024 0.03 0.014
v -0.023618 0.0288244 0.014
v -0.0237321 0.029 0.014
v -0.022618 0.0280979 0.014
v 0.0119021 -0.029382 0.014
v 0.0117321 -0.029 0.014
v 0.0118271 -0.0291865 0.014
v 0.0113383 -0.0285137 0.014
v 0.0114863 -0.0286617 0.014
v 0.01 0.028 0.014
v -0.0222091 -0.028011 0.014
v -0.022 -0.028 0.014
v -0.0233383 -0.0285137 0.014
v -0.0231756 -0.028382 0.014
v -0.0238271 -0.0291865 0.014
v -0.0234863 -0.0323383 0.014
v -0.023618 -0.0321756 0.014
v -0.023 -0.0327321 0.014
v -0.0231756 -0.032618 0.014
v 0.0117321 0.029 0.014
v 0.0118271 0.0291865 0.014
v -0.0239021 0.029382 0.014
v -0.0239563 0.0295842 0.014
v -0.0234863 0.0286617 0.014
v -0.0228135 0.0281729 0.014
v 0.011618 -0.0288244 0.014
v 0.0102091 -0.028011 0.014
v 0.0104158 -0.0280437 0.014
v -0.0234863 -0.0286617 0.014
v -0.0237321 -0.029 0.014
v -0.023618 -0.0288244 0.014
v -0.0237321 -0.032 0.014
v -0.0238271 -0.0318135 0.014
v -0.0233383 -0.0324863 0.014
v -0.0228135 -0.0328271 0.014
v 0.0119021 0.029382 0.014
v -0.0238271 0.0291865 0.014
v 0.011 -0.0282679 0.014
v 0.0111756 -0.028382 0.014
v 0.010618 -0.0280979 0.014
v -0.022 0.028 0.014
v -0.0228135 -0.0281729 0.014
v -0.022618 -0.0280979 0.014
v -0.0224158 -0.0329563 0.014
v -0.022618 -0.0329021 0.014
v 0.0111756 0.028382 0.014
v 0.0119563 0.0295842 0.014
v 0.012 0.031 0.014
v 0.012 0.03 0.014
v 0.0108135 -0.0281729 0.014
v 0.01 -0.028 0.014
v -0.0224158 -0.0280437 0.014
v -0.023 -0.0282679 0.014
v 0.010618 0.0280979 0.014
v 0.0108135 0.0281729 0.014
v 0.011 0.0282679 0.014
v 0.0113383 0.0285137 0.014
v 0.011989 0.0297909 0.014
v 0.011989 0.0312091 0.014
v 0.012 -0.03 0.014
v 0.0104158 0.0280437 0.014
v 0.012 -0.031 0.014
v 0.0119563 0.0314158 0.014
v 0.0118271 0.0318135 0.014
v 0.0119021 0.031618 0.014
v 0.0114863 0.0323383 0.014
v 0.011618 0.0321756 0.014
v -0.0228135 0.0328271 0.014
v -0.022618 0.0329021 0.014
v 0.0102091 -0.032989 0.014
v 0.01 -0.033 0.014
v 0.0117321 0.032 0.014
v 0.0117321 -0.032 0.014
v 0.011618 -0.0321756 0.014
v 0.0119563 -0.0314158 0.014
v 0.0119021 -0.031618 0.014
v 0.011989 -0.0312091 0.014
v -0.022 0.033 0.014
v 0.01 0.033 0.014
v -0.022 -0.033 0.014
v 0.0113383 -0.0324863 0.014
v 0.0111756 -0.032618 0.014
v 0.0118271 -0.0318135 0.014
v 0.0113383 0.0324863 0.014
v 0.011 0.0327321 0.014
v 0.0111756 0.032618 0.014
v -0.0222091 0.032989 0.014
v -0.0222091 -0.032989 0.014
v 0.010618 -0.0329021 0.014
v 0.0104158 -0.0329563 0.014
v 0.0114863 -0.0323383 0.014
v 0.010618 0.0329021 0.014
v 0.0108135 0.0328271 0.014
v 0.0102091 0.032989 0.014
v 0.0104158 0.0329563 0.014
v -0.0224158 0.0329563 0.014
v 0.011 -0.0327321 0.014
v 0.0108135 -0.0328271 0.014
v 0.01 0.028 0.015
v -0.022 0.028 0.015
v 0.012 0.03 0.015
v 0.011989 0.0297909 0.015
v 0.0119563 0.0295842 0.015
v 0.0119021 0.029382 0.015
v 0.0118271 0.0291865 0.015
v 0.0117321 0.029 0.015
v 0.011618 0.0288244 0.015
v 0.0114863 0.0286617 0.015
v 0.0113383 0.0285137 0.015
v 0.0111756 0.028382 0.015
v 0.011 0.0282679 0.015
v 0.0108135 0.0281729 0.015
v 0.010618 0.0280979 0.015
v 0.0104158 0.0280437 0.015
v 0.0102091 0.028011 0.015
v 0.012 0.031 0.015
v 0.01 0.033 0.015
v 0.0102091 0.032989 0.015
v 0.0104158 0.0329563 0.015
v 0.010618 0.0329021 0.015
v 0.0108135 0.0328271 0.015
v 0.011 0.0327321 0.015
v 0.0111756 0.032618 0.015
v 0.0113383 0.0324863 0.015
v 0.0114863 0.0323383 0.015
v 0.011618 0.0321756 0.015
v 0.0117321 0.032 0.015
v 0.0118271 0.0318135 0.015
v 0.0119021 0.031618 0.015
v 0.0119563 0.0314158 0.015
v 0.011989 0.0312091 0.015
v -0.022 0.033 0.015
v -0.024 0.031 0.015
v -0.023989 0.0312091 0.015
v -0.0239563 0.0314158 0.015
v -0.0239021 0.031618 0.015
v -0.0238271 0.0318135 0.015
v -0.0237321 0.032 0.015
v -0.023618 0.0321756 0.015
v -0.0234863 0.0323383 0.015
v -0.0233383 0.0324863 0.015
v -0.0231756 0.032618 0.015
v -0.023 0.0327321 0.015
v -0.0228135 0.0328271 0.015
v -0.022618 0.0329021 0.015
v -0.0224158 0.0329563 0.015
v -0.0222091 0.032989 0.015
v -0.0222091 0.028011 0.015
v -0.0224158 0.0280437 0.015
v -0.022618 0.0280979 0.015
v -0.0228135 0.0281729 0.015
v -0.023 0.0282679 0.015
v -0.0231756 0.028382 0.015
v -0.0233383 0.0285137 0.015
v -0.0234863 0.0286617 0.015
v -0.023618 0.0288244 0.015
v -0.0237321 0.029 0.015
v -0.0238271 0.0291865 0.015
v -0.0239021 0.029382 0.015
v -0.0239563 0.0295842 0.015
v -0.023989 0.0297909 0.015
v -0.024 0.03 0.015
v -0.024 -0.031 0.015
v -0.024 -0.03 0.015
v -0.022 -0.033 0.015
v -0.0222091 -0.032989 0.015
v -0.0224158 -0.0329563 0.015
v -0.022618 -0.0329021 0.015
v -0.0228135 -0.0328271 0.015
v -0.023 -0.0327321 0.015
v -0.0231756 -0.032618 0.015
v -0.0233383 -0.0324863 0.015
v -0.0234863 -0.0323383 0.015
v -0.023618 -0.0321756 0.015
v -0.0237321 -0.032 0.015
v -0.0238271 -0.0318135 0.015
v -0.0239021 -0.031618 0.015
v -0.0239563 -0.0314158 0.015
v -0.023989 -0.0312091 0.015
v 0.01 -0.033 0.015
v 0.012 -0.031 0.015
v 0.011989 -0.0312091 0.015
v 0.0119563 -0.0314158 0.015
v 0.0119021 -0.031618 0.015
v 0.0118271 -0.0318135 0.015
v 0.0117321 -0.032 0.015
v 0.011618 -0.0321756 0.015
v 0.0114863 -0.0323383 0.015
v 0.0113383 -0.0324863 0.015
v 0.0111756 -0.032618 0.015
v 0.011 -0.0327321 0.015
v 0.0108135 -0.0328271 0.015
v 0.010618 -0.0329021 0.015
v 0.0104158 -0.0329563 0.015
v 0.0102091 -0.032989 0.015
v 0.012 -0.03 0.015
v 0.01 -0.028 0.015
v 0.0102091 -0.028011 0.015
v 0.0104158 -0.0280437 0.015
v 0.010618 -0.0280979 0.015
v 0.0108135 -0.0281729 0.015
v 0.011 -0.0282679 0.015
v 0.0111756 -0.028382 0.015
v 0.0113383 -0.0285137 0.015
v 0.0114863 -0.0286617 0.015
v 0.011618 -0.0288244 0.015
v 0.0117321 -0.029 0.015
v 0.0118271 -0.0291865 0.015
v 0.0119021 -0.029382 0.015
v 0.0119563 -0.0295842 0.015
v 0.011989 -0.0297909 0.015
v -0.022 -0.028 0.015
v -0.023989 -0.0297909 0.015
v -0.0239563 -0.0295842 0.015
v -0.0239021 -0.029382 0.015
v -0.0238271 -0.0291865 0.015
v -0.0237321 -0.029 0.015
v -0.023618 -0.0288244 0.015
v -0.0234863 -0.0286617 0.015
v -0.0233383 -0.0285137 0.015
v -0.0231756 -0.028382 0.015
v -0.023 -0.0282679 0.015
v -0.0228135 -0.0281729 0.015
v -0.022618 -0.0280979 0.015
v -0.0224158 -0.0280437 0.015
v -0.0222091 -0.028011 0.015
v 0.01 0.0285 0.0155
v -0.022 0.0285 0.0155
v -0.0226101 0.0286297 0.0155
v -0.0230037 0.0288853 0.0155
v -0.0228817 0.0287865 0.0155
v 0.0112135 0.0318817 0.0155
v 0.0114266 0.0314635 0.0155
v 0.0113703 0.0316101 0.0155
v 0.0111147 0.0320037 0.0155
v 0.0114918 0.0311568 0.0155
v 0.0114672 0.0313119 0.0155
v -0.0231147 0.0289963 0.0155
v -0.0224635 0.0285734 0.0155
v -0.0223119 0.0285328 0.0155
v -0.02275 0.028701 0.0155
v 0.0115 0.031 0.0155
v 0.0110037 0.0321147 0.0155
v 0.011299 0.03175 0.0155
v 0.011299 0.02925 0.0155
v 0.0114672 0.0296881 0.0155
v 0.0114918 0.0298432 0.0155
v 0.0113703 0.0293899 0.0155
v -0.0221568 0.0285082 0.0155
v -0.023299 0.02925 0.0155
v -0.0232135 0.0291183 0.0155
v 0.0106101 0.0323703 0.0155
v 0.0104635 0.0324266 0.0155
v 0.0108817 0.0322135 0.0155
v 0.0114266 0.0295365 0.0155
v 0.0115 0.03 0.0155
v 0.0111147 0.0289963 0.0155
v 0.0112135 0.0291183 0.0155
v 0.01075 0.028701 0.0155
v 0.0108817 0.0287865 0.0155
v 0.0104635 0.0285734 0.0155
v 0.0106101 0.0286297 0.0155
v 0.0101568 0.0285082 0.0155
v 0.0103119 0.0285328 0.0155
v -0.0233703 0.0293899 0.0155
v -0.022 0.0325 0.0155
v -0.0234672 0.0313119 0.0155
v -0.0234918 0.0311568 0.0155
v 0.01075 0.032299 0.0155
v 0.0110037 0.0288853 0.0155
v -0.0234672 0.0296881 0.0155
v -0.0234266 0.0295365 0.0155
v -0.0234266 0.0314635 0.0155
v -0.0230037 0.0321147 0.0155
v -0.0231147 0.0320037 0.0155
v -0.02275 0.032299 0.0155
v -0.0228817 0.0322135 0.0155
v -0.0223119 0.0324672 0.0155
v -0.0224635 0.0324266 0.0155
v -0.0226101 0.0323703 0.0155
v -0.0221568 0.0324918 0.0155
v 0.0103119 0.0324672 0.0155
v 0.0101568 0.0324918 0.0155
v -0.0235 0.03 0.0155
v -0.0234918 0.0298432 0.0155
v -0.0233703 0.0316101 0.0155
v -0.0232135 0.0318817 0.0155
v -0.023299 0.03175 0.0155
v -0.0235 0.031 0.0155
v 0.01 0.0325 0.0155
v -0.022 -0.0325 0.0155
v -0.0221568 -0.0324918 0.0155
v -0.0223119 -0.0324672 0.0155
v -0.0224635 -0.0324266 0.0155
v -0.0226101 -0.0323703 0.0155
v -0.02275 -0.032299 0.0155
v -0.0228817 -0.0322135 0.0155
v -0.0230037 -0.0321147 0.0155
v -0.0231147 -0.0320037 0.0155
v -0.0232135 -0.0318817 0.0155
v -0.023299 -0.03175 0.0155
v -0.0233703 -0.0316101 0.0155
v -0.0234266 -0.0314635 0.0155
v -0.0234672 -0.0313119 0.0155
v -0.0234918 -0.0311568 0.0155
v -0.0235 -0.031 0.0155
v -0.0224635 -0.0285734 0.0155
v -0.02275 -0.028701 0.0155
v -0.0228817 -0.0287865 0.0155
v -0.0221568 -0.0285082 0.0155
v -0.0230037 -0.0288853 0.0155
v -0.0231147 -0.0289963 0.0155
v -0.0226101 -0.0286297 0.0155
v -0.0223119 -0.0285328 0.0155
v -0.022 -0.0285 0.0155
v -0.0234266 -0.0295365 0.0155
v -0.0234672 -0.0296881 0.0155
v -0.023299 -0.02925 0.0155
v -0.0233703 -0.0293899 0.0155
v -0.0232135 -0.0291183 0.0155
v 0.0115 -0.03 0.0155
v 0.0113703 -0.0293899 0.0155
v 0.011299 -0.02925 0.0155
v 0.0114672 -0.0313119 0.0155
v 0.0112135 -0.0318817 0.0155
v 0.011299 -0.03175 0.0155
v 0.0104635 -0.0285734 0.0155
v 0.0103119 -0.0285328 0.0155
v 0.0110037 -0.0288853 0.0155
v 0.0108817 -0.0287865 0.0155
v 0.0112135 -0.0291183 0.0155
v 0.0111147 -0.0289963 0.0155
v 0.0114266 -0.0295365 0.0155
v 0.0114918 -0.0298432 0.0155
v 0.0114918 -0.0311568 0.0155
v 0.0113703 -0.0316101 0.0155
v 0.0115 -0.031 0.0155
v 0.0110037 -0.0321147 0.0155
v 0.0111147 -0.0320037 0.0155
v 0.01075 -0.032299 0.0155
v 0.0108817 -0.0322135 0.0155
v -0.0234918 -0.0298432 0.0155
v 0.0101568 -0.0285082 0.0155
v 0.01075 -0.028701 0.0155
v 0.0106101 -0.0286297 0.0155
v 0.0114672 -0.0296881 0.0155
v 0.0114266 -0.0314635 0.0155
v 0.0104635 -0.0324266 0.0155
v 0.0106101 -0.0323703 0.0155
v 0.01 -0.0325 0.0155
v 0.0101568 -0.0324918 0.0155
v 0.01 -0.0285 0.0155
v -0.0235 -0.03 0.0155
v 0.0103119 -0.0324672 0.0155
vn 0 0 -1
vn -1 0 0
vn -0.994138 0.108119 0
vn -0.976621 0.21497 0
vn -0.947653 0.319302 0
vn -0.907575 0.419889 0
vn -0.856857 0.515554 0
vn -0.796093 0.605174 0
vn -0.725995 0.687699 0
vn -0.647386 0.762162 0
vn -0.561187 0.827689 0
vn -0.468408 0.883512 0
vn -0.370138 0.928977 0
vn -0.267528 0.96355 0
vn -0.161782 0.986827 0
vn -0.0541389 0.998533 0
vn 0.0541389 0.998533 0
vn 0.161782 0.986827 0
vn 0.267528 0.96355 0
vn 0.370138 0.928977 0
vn 0.468408 0.883512 0
vn 0.561187 0.827689 0
vn 0.647386 0.762162 0
vn 0.725995 0.687699 0
vn 0.796093 0.605174 0
vn 0.856857 0.515554 0
vn 0.907575 0.419889 0
vn 0.947653 0.319302 0
vn 0.976621 0.21497 0
vn 0.994138 0.108119 0
vn 1 1.22465e-16 0
vn 0.994138 -0.108119 0
vn 0.976621 -0.21497 0
vn 0.947653 -0.319302 0
vn 0.907575 -0.419889 0
vn 0.856857 -0.515554 0
vn 0.796093 -0.605174 0
vn 0.725995 -0.687699 0
vn 0.647386 -0.762162 0
vn 0.561187 -0.827689 0
vn 0.468408 -0.883512 0
vn 0.370138 -0.928977 0
vn 0.267528 -0.96355 0
vn 0.161782 -0.986827 0
vn 0.0541389 -0.998533 0
vn -0.0541389 -0.998533 0
vn -0.161782 -0.986827 0
vn -0.267528 -0.96355 0
vn -0.370138 -0.928977 0
vn -0.468408 -0.883512 0
vn -0.561187 -0.827689 0
vn -0.647386 -0.762162 0
vn -0.725995 -0.687699 0
vn -0.796093 -0.605174 0
vn -0.856857 -0.515554 0
vn -0.907575 -0.419889 0
vn -0.947653 -0.319302 0
vn -0.976621 -0.21497 0
vn -0.994138 -0.108119 0
vn 0 0 -1
vn 0.620269 0.339509 -0.707107
vn 0.651109 0.275783 -0.707107
vn 0.675423 0.209293 -0.707107
vn 0.692966 0.140706 -0.707107
vn 0.703563 0.0707071 -0.707107
vn 0.707107 -1.05471e-15 -0.707107
vn 0.620269 0.339509 -0.707107
vn 0.620269 -0.339509 -0.707107
vn 0.651109 -0.275783 -0.707107
vn 0.675423 -0.209293 -0.707107
vn 0.692966 -0.140706 -0.707107
vn 0.703563 -0.0707071 -0.707107
vn 0.707107 1.11022e-16 -0.707107
vn 0.703563 0.0707071 -0.707107
vn 0.692966 0.140706 -0.707107
vn 0.675423 0.209293 -0.707107
vn 0.651109 0.275783 -0.707107
vn 0.620269 0.339509 -0.707107
vn 0.707107 0 -0.707107
vn 0.703563 -0.0707071 -0.707107
vn 0.692966 -0.140706 -0.707107
vn 0.675423 -0.209293 -0.707107
vn 0.651109 -0.275783 -0.707107
vn 0.620269 -0.339509 -0.707107
vn 0.707107 0 -0.707107
vn 0.877193 0.480138 0
vn 0.920808 0.390017 0
vn 0.955192 0.295986 0
vn 0.980002 0.198988 0
vn 0.994988 0.099995 0
vn 1 5.66554e-16 0
vn 0.994988 -0.099995 0
vn 0.980002 -0.198988 0
vn 0.955192 -0.295986 0
vn 0.920808 -0.390017 0
vn 0.877193 -0.480138 0
vn -0.707107 1.4835e-15 -0.707107
vn -0.703563 0.0707071 -0.707107
vn -0.692966 0.140706 -0.707107
vn -0.675423 0.209293 -0.707107
vn -0.651109 0.275783 -0.707107
vn -0.620269 0.339509 -0.707107
vn -0.707107 1.4835e-15 -0.707107
vn -0.651109 0.275783 -0.707107
vn -0.675423 0.209293 -0.707107
vn -0.692966 0.140706 -0.707107
vn -0.703563 0.0707071 -0.707107
vn -0.707107 1.66533e-16 -0.707107
vn -0.703563 -0.0707071 -0.707107
vn -0.692966 -0.140706 -0.707107
vn -0.675423 -0.209293 -0.707107
vn -0.651109 -0.275783 -0.707107
vn -0.620269 -0.339509 -0.707107
vn -0.675423 -0.209293 -0.707107
vn -0.692966 -0.140706 -0.707107
vn -0.703563 -0.0707071 -0.707107
vn -0.707107 -5.55112e-17 -0.707107
vn -0.620269 -0.339509 -0.707107
vn -0.877193 -0.480138 0
vn -0.920808 -0.390017 0
vn -0.955192 -0.295986 0
vn -0.980002 -0.198988 0
vn -0.994988 -0.099995 0
vn -1 -2.44929e-16 0
vn -0.994988 0.099995 0
vn -0.980002 0.198988 0
vn -0.955192 0.295986 0
vn -0.920808 0.390017 0
vn -0.877193 0.480138 0
vn -0.955192 0.295986 0
vn -0.920808 0.390017 0
vn -0.980002 0.198988 0
vn -0.955192 0.295986 0
vn -0.994988 0.099995 0
vn -0.980002 0.198988 0
vn -1 2.09798e-15 0
vn -0.994988 0.099995 0
vn -0.707107 0 -0.707107
vn -0.994988 -0.099995 0
vn -1 -1.22465e-16 0
vn -0.980002 -0.198988 0
vn -0.994988 -0.099995 0
vn -0.955192 -0.295986 0
vn -0.980002 -0.198988 0
vn -0.920808 -0.390017 0
vn -0.955192 -0.295986 0
vn -0.877193 -0.480138 0
vn -0.920808 -0.390017 0
vn -0.620269 -0.339509 0.707107
vn -0.651109 -0.275783 0.707107
vn -0.675423 -0.209293 0.707107
vn -0.692966 -0.140706 0.707107
vn -0.703563 -0.0707071 0.707107
vn -0.707107 -9.4369e-16 0.707107
vn -0.703563 0.0707071 0.707107
vn -0.692966 0.140706 0.707107
vn -0.675423 0.209293 0.707107
vn -0.651109 0.275783 0.707107
vn -0.620269 0.339509 0.707107
vn -0.675423 0.209293 0.707107
vn -0.692966 0.140706 0.707107
vn -0.703563 0.0707071 0.707107
vn -0.707107 1.60982e-15 0.707107
vn -0.620269 0.339509 0.707107
vn -0.703563 -0.0707071 0.707107
vn -0.692966 -0.140706 0.707107
vn -0.675423 -0.209293 0.707107
vn -0.651109 -0.275783 0.707107
vn -0.620269 -0.339509 0.707107
vn -0.707107 0 0.707107
vn -0.707107 0 -0.707107
vn -1 0 0
vn -0.5 0.707107 -0.5
vn -8.65956e-17 0.707107 -0.707107
vn 0.707107 0 -0.707107
vn 0.994988 0.099995 0
vn 1 -2.41961e-15 0
vn 0.980002 0.198988 0
vn 0.994988 0.099995 0
vn 0.955192 0.295986 0
vn 0.980002 0.198988 0
vn 0.920808 0.390017 0
vn 0.955192 0.295986 0
vn 0.877193 0.480138 0
vn 0.920808 0.390017 0
vn 0.707107 -1.65669e-15 0.707107
vn 0.703563 0.0707071 0.707107
vn 0.692966 0.140706 0.707107
vn 0.675423 0.209293 0.707107
vn 0.651109 0.275783 0.707107
vn 0.620269 0.339509 0.707107
vn 0.707107 -1.65669e-15 0.707107
vn 0.651109 0.275783 0.707107
vn 0.675423 0.209293 0.707107
vn 0.692966 0.140706 0.707107
vn 0.703563 0.0707071 0.707107
vn 0.707107 2.22045e-16 0.707107
vn 0.703563 -0.0707071 0.707107
vn 0.692966 -0.140706 0.707107
vn 0.675423 -0.209293 0.707107
vn 0.651109 -0.275783 0.707107
vn 0.620269 -0.339509 0.707107
vn 0.920808 -0.390017 0
vn 0.877193 -0.480138 0
vn 0.955192 -0.295986 0
vn 0.920808 -0.390017 0
vn 0.980002 -0.198988 0
vn 0.955192 -0.295986 0
vn 0.994988 -0.099995 0
vn 0.980002 -0.198988 0
vn 1 0 0
vn 0.994988 -0.099995 0
vn 0.620269 -0.339509 0.707107
vn 0.651109 -0.275783 0.707107
vn 0.675423 -0.209293 0.707107
vn 0.692966 -0.140706 0.707107
vn 0.703563 -0.0707071 0.707107
vn 0.707107 -5.55112e-17 0.707107
vn 0.620269 -0.339509 0.707107
vn 0.707107 0 -0.707107
vn -8.65956e-17 -0.707107 -0.707107
vn 0.5 -0.707107 -0.5
vn 1 0 0
vn 0.707107 -0.707107 0
vn 0.966418 -1.18352e-16 -0.256974
vn 0.94056 -1.15185e-16 -0.339626
vn 0.985028 -1.20631e-16 -0.172394
vn 0.966418 -1.18352e-16 -0.256974
vn 0.99625 -1.22005e-16 -0.0865216
vn 0.985028 -1.20631e-16 -0.172394
vn 1 -1.22465e-16 0
vn 0.99625 -1.22005e-16 -0.0865216
vn 0.665077 -0.707107 -0.240152
vn 0.683361 -0.707107 -0.181708
vn 0.69652 -0.707107 -0.121901
vn 0.704455 -0.707107 -0.06118
vn 0.707107 -0.707107 -1.66533e-16
vn 0.665077 -0.707107 -0.240152
vn 0.94056 -1.15185e-16 -0.339626
vn -0.5 -0.707107 -0.5
vn -1 0 0
vn 1.22465e-16 1 0
vn -0.7342 8.99136e-17 0.678933
vn -0.658658 8.06623e-17 0.752443
vn -0.575798 7.05149e-17 0.817592
vn -0.486541 5.9584e-17 0.873658
vn -0.391878 4.79912e-17 0.920017
vn -0.292861 3.58651e-17 0.956155
vn -0.190591 2.33406e-17 0.98167
vn -0.0862026 1.05568e-17 0.996278
vn 0.0191431 -2.34436e-18 0.999817
vn 0.124276 -1.52194e-17 0.992248
vn 0.228028 -2.79254e-17 0.973654
vn 0.329247 -4.03212e-17 0.944244
vn 0.426808 -5.22689e-17 0.904342
vn 0.519627 -6.36359e-17 0.854393
vn 0.606673 -7.4296e-17 0.794952
vn 0.686978 -8.41305e-17 0.726678
vn 0.759651 -9.30304e-17 0.650331
vn 0.823884 -1.00897e-16 0.566759
vn 0.878963 -1.07642e-16 0.476889
vn 0.924277 -1.13191e-16 0.381722
vn 0.959322 -1.17483e-16 0.282313
vn 0.983709 -1.2047e-16 0.179768
vn 0.997167 -1.22118e-16 0.0752252
vn 0.999545 -1.22409e-16 -0.0301531
vn 0.990819 -1.2134e-16 -0.135196
vn 0.971084 -1.18924e-16 -0.238738
vn 0.94056 -1.15185e-16 -0.339626
vn 0.665077 -0.707107 -0.240152
vn -0.7342 8.99136e-17 0.678933
vn -0.519158 -0.707107 0.480078
vn -0.465741 -0.707107 0.532057
vn -0.407151 -0.707107 0.578125
vn -0.344036 -0.707107 0.61777
vn -0.277099 -0.707107 0.65055
vn -0.207084 -0.707107 0.676104
vn -0.134768 -0.707107 0.694145
vn -0.0609544 -0.707107 0.704475
vn 0.0135362 -0.707107 0.706977
vn 0.0878765 -0.707107 0.701625
vn 0.16124 -0.707107 0.688478
vn 0.232813 -0.707107 0.667681
vn 0.301799 -0.707107 0.639467
vn 0.367432 -0.707107 0.604147
vn 0.428982 -0.707107 0.562116
vn 0.485767 -0.707107 0.513839
vn 0.537154 -0.707107 0.459854
vn 0.582574 -0.707107 0.400759
vn 0.621521 -0.707107 0.337212
vn 0.653563 -0.707107 0.269918
vn 0.678343 -0.707107 0.199625
vn 0.695587 -0.707107 0.127115
vn 0.705103 -0.707107 0.0531922
vn 0.706785 -0.707107 -0.0213215
vn 0.700615 -0.707107 -0.0955983
vn 0.68666 -0.707107 -0.168813
vn 0.665077 -0.707107 -0.240152
vn -1 1.22465e-16 0
vn -0.994322 1.21769e-16 0.106414
vn -0.977352 1.19691e-16 0.211619
vn -0.949284 1.16254e-16 0.314421
vn -0.910435 1.11496e-16 0.413652
vn -0.861247 1.05472e-16 0.508186
vn -0.802279 9.82508e-17 0.596949
vn -0.7342 8.99136e-17 0.678933
vn -0.707107 -0.707107 0
vn -0.703092 -0.707107 0.0752458
vn -0.691092 -0.707107 0.149637
vn -0.671245 -0.707107 0.222329
vn -0.643775 -0.707107 0.292496
vn -0.608994 -0.707107 0.359342
vn -0.567297 -0.707107 0.422107
vn -0.519158 -0.707107 0.480078
vn -0.707107 0.707107 0
vn -0.7342 -8.99136e-17 0.678933
vn -0.802279 -9.82508e-17 0.596949
vn -0.861247 -1.05472e-16 0.508186
vn -0.910435 -1.11496e-16 0.413652
vn -0.949284 -1.16254e-16 0.314421
vn -0.977352 -1.19691e-16 0.211619
vn -0.994322 -1.21769e-16 0.106414
vn -1 -1.22465e-16 1.22465e-16
vn 0.5 0.707107 -0.5
vn 1 0 0
vn -0.519158 0.707107 0.480078
vn -0.567297 0.707107 0.422107
vn -0.608994 0.707107 0.359342
vn -0.643775 0.707107 0.292496
vn -0.671245 0.707107 0.222329
vn -0.691092 0.707107 0.149637
vn -0.703092 0.707107 0.0752458
vn -0.707107 0.707107 -5.55112e-17
vn -0.7342 -8.99136e-17 0.678933
vn 1.22465e-16 -1 0
vn 0.94056 1.15185e-16 -0.339626
vn 0.971084 1.18924e-16 -0.238738
vn 0.990819 1.2134e-16 -0.135196
vn 0.999545 1.22409e-16 -0.0301531
vn 0.997167 1.22118e-16 0.0752252
vn 0.983709 1.2047e-16 0.179768
vn 0.959322 1.17483e-16 0.282313
vn 0.924277 1.13191e-16 0.381722
vn 0.878963 1.07642e-16 0.476889
vn 0.823884 1.00897e-16 0.566759
vn 0.759651 9.30304e-17 0.650331
vn 0.686978 8.41305e-17 0.726678
vn 0.606673 7.4296e-17 0.794952
vn 0.519627 6.36359e-17 0.854393
vn 0.426808 5.22689e-17 0.904342
vn 0.329247 4.03212e-17 0.944244
vn 0.228028 2.79254e-17 0.973654
vn 0.124276 1.52194e-17 0.992248
vn 0.0191431 2.34436e-18 0.999817
vn -0.0862026 -1.05568e-17 0.996278
vn -0.190591 -2.33406e-17 0.98167
vn -0.292861 -3.58651e-17 0.956155
vn -0.391878 -4.79912e-17 0.920017
vn -0.486541 -5.9584e-17 0.873658
vn -0.575798 -7.05149e-17 0.817592
vn -0.658658 -8.06623e-17 0.752443
vn -0.7342 -8.99136e-17 0.678933
vn -0.519158 0.707107 0.480078
vn 0.99625 1.22005e-16 -0.0865216
vn 1 1.22465e-16 -1.22465e-16
vn 0.985028 1.20631e-16 -0.172394
vn 0.99625 1.22005e-16 -0.0865216
vn 0.966418 1.18352e-16 -0.256974
vn 0.985028 1.20631e-16 -0.172394
vn 0.94056 1.15185e-16 -0.339626
vn 0.966418 1.18352e-16 -0.256974
vn 0.707107 0.707107 0
vn 0.94056 1.15185e-16 -0.339626
vn 0.704455 0.707107 -0.06118
vn 0.69652 0.707107 -0.121901
vn 0.683361 0.707107 -0.181708
vn 0.665077 0.707107 -0.240152
vn 0.707107 0.707107 1.29893e-16
vn 0.68666 0.707107 -0.168813
vn 0.700615 0.707107 -0.0955983
vn 0.706785 0.707107 -0.0213215
vn 0.705103 0.707107 0.0531922
vn 0.695587 0.707107 0.127115
vn 0.678343 0.707107 0.199625
vn 0.653563 0.707107 0.269918
vn 0.621521 0.707107 0.337212
vn 0.582574 0.707107 0.400759
vn 0.537154 0.707107 0.459854
vn 0.485767 0.707107 0.513839
vn 0.428982 0.707107 0.562116
vn 0.367432 0.707107 0.604147
vn 0.301799 0.707107 0.639467
vn 0.232813 0.707107 0.667681
vn 0.16124 0.707107 0.688478
vn 0.0878765 0.707107 0.701625
vn 0.0135362 0.707107 0.706977
vn -0.0609544 0.707107 0.704475
vn -0.134768 0.707107 0.694145
vn -0.207084 0.707107 0.676104
vn -0.277099 0.707107 0.65055
vn -0.344036 0.707107 0.61777
vn -0.407151 0.707107 0.578125
vn -0.465741 0.707107 0.532057
vn -0.519158 0.707107 0.480078
vn 0.665077 0.707107 -0.240152
vn -1.22465e-16 1 0
vn -0.7342 -8.99136e-17 0.678933
vn -0.802279 -9.82508e-17 0.596949
vn -0.861247 -1.05472e-16 0.508186
vn -0.910435 -1.11496e-16 0.413652
vn -0.949284 -1.16254e-16 0.314421
vn -0.977352 -1.19691e-16 0.211619
vn -0.994322 -1.21769e-16 0.106414
vn -1 -1.22465e-16 1.22465e-16
vn -0.7342 -8.99136e-17 0.678933
vn 0.94056 1.15185e-16 -0.339626
vn 0.971084 1.18924e-16 -0.238738
vn 0.990819 1.2134e-16 -0.135196
vn 0.999545 1.22409e-16 -0.0301531
vn 0.997167 1.22118e-16 0.0752252
vn 0.983709 1.2047e-16 0.179768
vn 0.959322 1.17483e-16 0.282313
vn 0.924277 1.13191e-16 0.381722
vn 0.878963 1.07642e-16 0.476889
vn 0.823884 1.00897e-16 0.566759
vn 0.759651 9.30304e-17 0.650331
vn 0.686978 8.41305e-17 0.726678
vn 0.606673 7.4296e-17 0.794952
vn 0.519627 6.36359e-17 0.854393
vn 0.426808 5.22689e-17 0.904342
vn 0.329247 4.03212e-17 0.944244
vn 0.228028 2.79254e-17 0.973654
vn 0.124276 1.52194e-17 0.992248
vn 0.0191431 2.34436e-18 0.999817
vn -0.0862026 -1.05568e-17 0.996278
vn -0.190591 -2.33406e-17 0.98167
vn -0.292861 -3.58651e-17 0.956155
vn -0.391878 -4.79912e-17 0.920017
vn -0.486541 -5.9584e-17 0.873658
vn -0.575798 -7.05149e-17 0.817592
vn -0.658658 -8.06623e-17 0.752443
vn -0.7342 -8.99136e-17 0.678933
vn 0.94056 1.15185e-16 -0.339626
vn 0.99625 1.22005e-16 -0.0865216
vn 1 1.22465e-16 -1.22465e-16
vn 0.985028 1.20631e-16 -0.172394
vn 0.99625 1.22005e-16 -0.0865216
vn 0.966418 1.18352e-16 -0.256974
vn 0.985028 1.20631e-16 -0.172394
vn 0.94056 1.15185e-16 -0.339626
vn 0.966418 1.18352e-16 -0.256974
vn 0.707107 8.65956e-17 -0.707107
vn -0.707107 -8.65956e-17 -0.707107
vn -0.995185 -1.21875e-16 -0.0980171
vn -1 -1.22465e-16 1.22465e-16
vn -0.999281 0 -0.0379069
vn -0.980785 -1.20112e-16 -0.19509
vn -0.989549 0 -0.144195
vn -0.995184 0 -0.0980267
vn -0.980786 0 -0.195088
vn -0.968545 0 -0.24884
vn -0.95694 -1.17191e-16 -0.290285
vn -0.956944 0 -0.290271
vn -0.936506 0 -0.35065
vn -0.92388 -1.13143e-16 -0.382683
vn -0.923889 0 -0.382662
vn -0.8938 0 -0.448466
vn -0.881921 -1.08004e-16 -0.471397
vn -0.881935 0 -0.471371
vn -0.840911 0 -0.541173
vn -0.83147 -1.01826e-16 -0.55557
vn -0.831485 0 -0.555547
vn -0.778443 0 -0.627715
vn -0.77301 -9.46665e-17 -0.634393
vn -0.773022 0 -0.634379
vn -0.707107 -8.65956e-17 -0.707107
vn -0.634379 0 -0.773022
vn -0.634393 -7.76908e-17 -0.77301
vn -0.627715 0 -0.778443
vn -0.55557 -6.80377e-17 -0.83147
vn -0.555547 0 -0.831485
vn -0.541173 0 -0.840911
vn -0.471397 -5.77295e-17 -0.881921
vn -0.382683 -4.68652e-17 -0.92388
vn -0.448466 0 -0.8938
vn -0.471371 0 -0.881935
vn -0.290285 -3.55496e-17 -0.95694
vn -0.35065 0 -0.936506
vn -0.382662 0 -0.923889
vn -0.19509 -2.38917e-17 -0.980785
vn -0.24884 0 -0.968545
vn -0.290271 0 -0.956944
vn -0.195088 0 -0.980786
vn -0.144195 0 -0.989549
vn -0.0980171 -1.20036e-17 -0.995185
vn -0.0980267 0 -0.995184
vn -0.0379069 0 -0.999281
vn -1.96005e-15 -2.40037e-31 -1
vn -0.707107 4.81482e-32 -0.707107
vn -0.703127 0.105949 -0.703127
vn -0.691232 0.210705 -0.691232
vn -0.703079 0.10658 -0.703079
vn -0.703127 0.105949 -0.703127
vn -0.671556 0.313089 -0.671556
vn -0.691042 0.211947 -0.691042
vn -0.671133 0.314898 -0.671133
vn -0.644321 0.411949 -0.644321
vn -0.643578 0.414263 -0.643578
vn -0.609832 0.506171 -0.609832
vn -0.608692 0.508908 -0.608692
vn -0.568479 0.594696 -0.568479
vn -0.520727 0.676526 -0.520727
vn -0.566872 0.597756 -0.566872
vn -0.518594 0.679794 -0.518594
vn -0.467113 0.750741 -0.467113
vn -0.408248 0.816497 -0.408248
vn -0.464408 0.754089 -0.464408
vn -0.519158 0.707107 0.480078
vn -0.567544 0.634393 0.524823
vn -0.610465 0.55557 0.564512
vn -0.647507 0.471397 0.598766
vn -0.678312 0.382683 0.627253
vn -0.702586 0.290285 0.649699
vn -0.720093 0.19509 0.665888
vn -0.730665 0.0980171 0.675664
vn -0.7342 -1.80178e-13 0.678933
vn -0.658658 -1.07744e-15 0.752443
vn -0.655486 0.0980171 0.748819
vn -0.575798 -1.07311e-15 0.817592
vn -0.573025 0.0980171 0.813655
vn -0.486541 -1.06888e-15 0.873658
vn -0.484198 0.0980171 0.869451
vn -0.391878 -1.06479e-15 0.920017
vn -0.389991 0.0980171 0.915587
vn -0.292861 -1.06089e-15 0.956155
vn -0.291451 0.0980171 0.951551
vn -0.190591 -1.05723e-15 0.98167
vn -0.189673 0.0980171 0.976943
vn -0.0862026 -1.05384e-15 0.996278
vn -0.0857875 0.0980171 0.99148
vn 0.0191431 -1.05075e-15 0.999817
vn 0.0190509 0.0980171 0.995002
vn 0.124276 -1.04802e-15 0.992248
vn 0.123678 0.0980171 0.98747
vn 0.228028 -1.04566e-15 0.973654
vn 0.22693 0.0980171 0.968966
vn 0.329247 -1.0437e-15 0.944244
vn 0.327662 0.0980171 0.939697
vn 0.426808 -1.04216e-15 0.904342
vn 0.424753 0.0980171 0.899988
vn 0.519627 -1.04107e-15 0.854393
vn 0.517125 0.0980171 0.850279
vn 0.606673 -1.04042e-15 0.794952
vn 0.603751 0.0980171 0.791124
vn 0.686978 -1.04024e-15 0.726678
vn 0.68367 0.0980171 0.723179
vn 0.759651 -1.04052e-15 0.650331
vn 0.755993 0.0980171 0.6472
vn 0.823884 -1.04126e-15 0.566759
vn 0.819917 0.0980171 0.564029
vn 0.878963 -1.04245e-15 0.476889
vn 0.874731 0.0980171 0.474593
vn 0.924277 -1.04407e-15 0.381722
vn 0.919827 0.0980171 0.379884
vn 0.959322 -1.04612e-15 0.282313
vn 0.954703 0.0980171 0.280954
vn 0.983709 -1.04856e-15 0.179768
vn 0.978972 0.0980171 0.178902
vn 0.997167 -1.05137e-15 0.0752252
vn 0.992365 0.0980171 0.0748629
vn 0.999545 -1.05452e-15 -0.0301531
vn 0.994732 0.0980171 -0.0300079
vn 0.990819 -1.05797e-15 -0.135196
vn 0.986048 0.0980171 -0.134545
vn 0.971084 -1.06169e-15 -0.238738
vn 0.966408 0.0980171 -0.237588
vn 0.94056 -1.06563e-15 -0.339626
vn -0.720093 0.19509 0.665888
vn -0.646002 0.19509 0.737985
vn -0.564734 0.19509 0.801882
vn -0.477192 0.19509 0.856871
vn -0.384348 0.19509 0.902339
vn -0.287234 0.19509 0.937783
vn -0.186928 0.19509 0.962807
vn -0.0845462 0.19509 0.977134
vn 0.0187753 0.19509 0.980606
vn 0.121888 0.19509 0.973182
vn 0.223647 0.19509 0.954946
vn 0.322921 0.19509 0.9261
vn 0.418607 0.19509 0.886966
vn 0.509642 0.19509 0.837976
vn 0.595016 0.19509 0.779677
vn 0.673778 0.19509 0.712715
vn 0.745054 0.19509 0.637835
vn 0.808053 0.19509 0.555868
vn 0.862074 0.19509 0.467726
vn 0.906518 0.19509 0.374387
vn 0.940889 0.19509 0.276888
vn 0.964807 0.19509 0.176313
vn 0.978006 0.19509 0.0737797
vn 0.980339 0.19509 -0.0295737
vn 0.971781 0.19509 -0.132599
vn 0.952425 0.19509 -0.23415
vn 0.936031 0.0980171 -0.337991
vn -0.702586 0.290285 0.649699
vn -0.630296 0.290285 0.720043
vn -0.551004 0.290285 0.782387
vn -0.46559 0.290285 0.836039
vn -0.375004 0.290285 0.880402
vn -0.28025 0.290285 0.914983
vn -0.182384 0.290285 0.939399
vn -0.0824907 0.290285 0.953378
vn 0.0183188 0.290285 0.956765
vn 0.118925 0.290285 0.949522
vn 0.21821 0.290285 0.931729
vn 0.31507 0.290285 0.903585
vn 0.40843 0.290285 0.865402
vn 0.497252 0.290285 0.817603
vn 0.580549 0.290285 0.760721
vn 0.657397 0.290285 0.695388
vn 0.726941 0.290285 0.622328
vn 0.788408 0.290285 0.542354
vn 0.841116 0.290285 0.456355
vn 0.884478 0.290285 0.365285
vn 0.918014 0.290285 0.270157
vn 0.941351 0.290285 0.172027
vn 0.954229 0.290285 0.071986
vn 0.956505 0.290285 -0.0288547
vn 0.948154 0.290285 -0.129375
vn 0.92927 0.290285 -0.228458
vn 0.922488 0.19509 -0.333101
vn -0.678312 0.382683 0.627253
vn -0.60852 0.382683 0.695166
vn -0.531968 0.382683 0.755357
vn -0.449505 0.382683 0.807155
vn -0.362048 0.382683 0.849985
vn -0.270568 0.382683 0.883372
vn -0.176083 0.382683 0.906944
vn -0.0796408 0.382683 0.920441
vn 0.0176859 0.382683 0.92371
vn 0.114816 0.382683 0.916717
vn 0.210671 0.382683 0.899539
vn 0.304185 0.382683 0.872367
vn 0.394319 0.382683 0.835503
vn 0.480073 0.382683 0.789356
vn 0.560492 0.382683 0.73444
vn 0.634685 0.382683 0.671363
vn 0.701826 0.382683 0.600828
vn 0.761169 0.382683 0.523617
vn 0.812056 0.382683 0.440588
vn 0.853921 0.382683 0.352665
vn 0.886298 0.382683 0.260823
vn 0.908829 0.382683 0.166084
vn 0.921262 0.382683 0.069499
vn 0.923459 0.382683 -0.0278579
vn 0.915397 0.382683 -0.124905
vn 0.897165 0.382683 -0.220565
vn 0.90006 0.290285 -0.325002
vn -0.647507 0.471397 0.598766
vn -0.580884 0.471397 0.663595
vn -0.507808 0.471397 0.721052
vn -0.42909 0.471397 0.770498
vn -0.345605 0.471397 0.811383
vn -0.25828 0.471397 0.843253
vn -0.168086 0.471397 0.865755
vn -0.0760239 0.471397 0.878638
vn 0.0168827 0.471397 0.88176
vn 0.109602 0.471397 0.875084
vn 0.201103 0.471397 0.858687
vn 0.29037 0.471397 0.832749
vn 0.376411 0.471397 0.797559
vn 0.45827 0.471397 0.753508
vn 0.535037 0.471397 0.701085
vn 0.60586 0.471397 0.640873
vn 0.669952 0.471397 0.573541
vn 0.726601 0.471397 0.499836
vn 0.775176 0.471397 0.420579
vn 0.81514 0.471397 0.336648
vn 0.846047 0.471397 0.248978
vn 0.867554 0.471397 0.158541
vn 0.879422 0.471397 0.0663427
vn 0.88152 0.471397 -0.0265927
vn 0.873824 0.471397 -0.119233
vn 0.85642 0.471397 -0.210548
vn 0.868965 0.382683 -0.313774
vn -0.610465 0.55557 0.564512
vn -0.547654 0.55557 0.625633
vn -0.478758 0.55557 0.679803
vn -0.404544 0.55557 0.72642
vn -0.325834 0.55557 0.764966
vn -0.243505 0.55557 0.795014
vn -0.15847 0.55557 0.816228
vn -0.0716748 0.55557 0.828375
vn 0.0159169 0.55557 0.831317
vn 0.103332 0.55557 0.825024
vn 0.189599 0.55557 0.809564
vn 0.273759 0.55557 0.78511
vn 0.354878 0.55557 0.751933
vn 0.432054 0.55557 0.710402
vn 0.50443 0.55557 0.660978
vn 0.571201 0.55557 0.604211
vn 0.631627 0.55557 0.540731
vn 0.685034 0.55557 0.471243
vn 0.730831 0.55557 0.396519
vn 0.768509 0.55557 0.31739
vn 0.797647 0.55557 0.234735
vn 0.817924 0.55557 0.149471
vn 0.829114 0.55557 0.0625474
vn 0.831092 0.55557 -0.0250714
vn 0.823836 0.55557 -0.112412
vn 0.807427 0.55557 -0.198503
vn 0.8295 0.471397 -0.299524
vn -0.567544 0.634393 0.524823
vn -0.509149 0.634393 0.581646
vn -0.445098 0.634393 0.632007
vn -0.376101 0.634393 0.675347
vn -0.302926 0.634393 0.711183
vn -0.226385 0.634393 0.739118
vn -0.147328 0.634393 0.758841
vn -0.0666355 0.634393 0.770133
vn 0.0147978 0.634393 0.772869
vn 0.0960668 0.634393 0.767018
vn 0.176268 0.634393 0.752645
vn 0.254512 0.634393 0.72991
vn 0.329927 0.634393 0.699066
vn 0.401677 0.634393 0.660455
vn 0.468964 0.634393 0.614506
vn 0.531041 0.634393 0.56173
vn 0.587218 0.634393 0.502713
vn 0.636871 0.634393 0.43811
vn 0.679448 0.634393 0.36864
vn 0.714476 0.634393 0.295075
vn 0.741566 0.634393 0.218231
vn 0.760417 0.634393 0.138962
vn 0.77082 0.634393 0.0581498
vn 0.772659 0.634393 -0.0233087
vn 0.765913 0.634393 -0.104508
vn 0.750658 0.634393 -0.184547
vn 0.782047 0.55557 -0.282389
vn -0.519158 0.707107 0.480078
vn -0.465741 0.707107 0.532057
vn -0.407151 0.707107 0.578125
vn -0.344036 0.707107 0.61777
vn -0.277099 0.707107 0.65055
vn -0.207084 0.707107 0.676104
vn -0.134768 0.707107 0.694145
vn -0.0609544 0.707107 0.704475
vn 0.0135362 0.707107 0.706977
vn 0.0878765 0.707107 0.701625
vn 0.16124 0.707107 0.688478
vn 0.232813 0.707107 0.667681
vn 0.301799 0.707107 0.639467
vn 0.367432 0.707107 0.604147
vn 0.428982 0.707107 0.562116
vn 0.485767 0.707107 0.513839
vn 0.537154 0.707107 0.459854
vn 0.582574 0.707107 0.400759
vn 0.621521 0.707107 0.337212
vn 0.653563 0.707107 0.269918
vn 0.678343 0.707107 0.199625
vn 0.695587 0.707107 0.127115
vn 0.705103 0.707107 0.0531922
vn 0.706785 0.707107 -0.0213215
vn 0.700615 0.707107 -0.0955983
vn 0.68666 0.707107 -0.168813
vn 0.727063 0.634393 -0.262535
vn 0.665077 0.707107 -0.240152
vn 0.782047 0.55557 -0.282389
vn 0.8295 0.471397 -0.299524
vn 0.868965 0.382683 -0.313774
vn 0.90006 0.290285 -0.325002
vn 0.922488 0.19509 -0.333101
vn 0.936031 0.0980171 -0.337991
vn 0.94056 1.22465e-16 -0.339626
vn 0.665077 0.707107 -0.240152
vn 0.68666 0.707107 -0.168813
vn 0.700615 0.707107 -0.0955983
vn 0.706785 0.707107 -0.0213215
vn 0.705103 0.707107 0.0531922
vn 0.695587 0.707107 0.127115
vn 0.678343 0.707107 0.199625
vn 0.653563 0.707107 0.269918
vn 0.621521 0.707107 0.337212
vn 0.582574 0.707107 0.400759
vn 0.537154 0.707107 0.459854
vn 0.485767 0.707107 0.513839
vn 0.428982 0.707107 0.562116
vn 0.367432 0.707107 0.604147
vn 0.301799 0.707107 0.639467
vn 0.232813 0.707107 0.667681
vn 0.16124 0.707107 0.688478
vn 0.0878765 0.707107 0.701625
vn 0.0135362 0.707107 0.706977
vn -0.0609544 0.707107 0.704475
vn -0.134768 0.707107 0.694145
vn -0.207084 0.707107 0.676104
vn -0.277099 0.707107 0.65055
vn -0.344036 0.707107 0.61777
vn -0.407151 0.707107 0.578125
vn -0.465741 0.707107 0.532057
vn -0.519158 0.707107 0.480078
vn 0.0980171 1.20036e-17 -0.995185
vn -1.96005e-15 -2.52363e-31 -1
vn 0.0379069 0 -0.999281
vn 0.19509 2.38917e-17 -0.980785
vn 0.144195 0 -0.989549
vn 0.0980267 0 -0.995184
vn 0.195088 0 -0.980786
vn 0.24884 0 -0.968545
vn 0.290285 3.55496e-17 -0.95694
vn 0.290271 0 -0.956944
vn 0.35065 0 -0.936506
vn 0.382683 4.68652e-17 -0.92388
vn 0.382662 0 -0.923889
vn 0.448466 0 -0.8938
vn 0.471397 5.77295e-17 -0.881921
vn 0.471371 0 -0.881935
vn 0.541173 0 -0.840911
vn 0.55557 6.80377e-17 -0.83147
vn 0.555547 0 -0.831485
vn 0.627715 0 -0.778443
vn 0.634393 7.76908e-17 -0.77301
vn 0.634379 0 -0.773022
vn 0.707107 8.65956e-17 -0.707107
vn 0.773022 0 -0.634379
vn 0.77301 9.46665e-17 -0.634393
vn 0.778443 0 -0.627715
vn 0.83147 1.01826e-16 -0.55557
vn 0.831485 0 -0.555547
vn 0.840911 0 -0.541173
vn 0.881921 1.08004e-16 -0.471397
vn 0.92388 1.13143e-16 -0.382683
vn 0.8938 0 -0.448466
vn 0.881935 0 -0.471371
vn 0.95694 1.17191e-16 -0.290285
vn 0.936506 0 -0.35065
vn 0.923889 0 -0.382662
vn 0.980785 1.20112e-16 -0.19509
vn 0.968545 0 -0.24884
vn 0.956944 0 -0.290271
vn 0.980786 0 -0.195088
vn 0.989549 0 -0.144195
vn 0.995185 1.21875e-16 -0.0980171
vn 0.995184 0 -0.0980267
vn 0.999281 0 -0.0379069
vn 1 1.22465e-16 -2.44929e-16
vn 0.707107 7.63631e-29 -0.707107
vn 0.703127 0.105949 -0.703127
vn 0.703079 0.10658 -0.703079
vn 0.691232 0.210705 -0.691232
vn 0.703127 0.105949 -0.703127
vn 0.691042 0.211947 -0.691042
vn 0.671556 0.313089 -0.671556
vn 0.671133 0.314898 -0.671133
vn 0.644321 0.411949 -0.644321
vn 0.643578 0.414263 -0.643578
vn 0.609832 0.506171 -0.609832
vn 0.568479 0.594696 -0.568479
vn 0.608692 0.508908 -0.608692
vn 0.566872 0.597756 -0.566872
vn 0.520727 0.676526 -0.520727
vn 0.467113 0.750741 -0.467113
vn 0.518594 0.679794 -0.518594
vn 0.464408 0.754089 -0.464408
vn 0.408248 0.816497 -0.408248
vn 0.467113 0.750741 -0.467113
vn 0.464408 0.754089 -0.464408
vn -0.467113 0.750741 -0.467113
vn -0.518594 0.679794 -0.518594
vn -0.56884 0.67607 -0.468349
vn -0.520145 0.749958 -0.408672
vn -0.464408 0.754089 -0.464408
vn -0.996655 0.0707652 -0.040878
vn -0.987234 0.0624825 -0.14651
vn -0.995184 0 -0.0980267
vn -0.989549 0 -0.144195
vn -0.73879 0.546077 -0.394954
vn -0.714107 0.621023 -0.323081
vn -0.667135 0.646523 -0.370054
vn -0.697487 0.5685 -0.436258
vn -0.618535 0.664939 -0.418654
vn -0.654752 0.584694 -0.478992
vn -0.520727 0.676526 -0.520727
vn -0.566872 0.597756 -0.566872
vn -0.611054 0.594481 -0.52269
vn -0.966573 0.0531954 -0.250811
vn -0.968545 0 -0.24884
vn -0.980786 0 -0.195088
vn -0.980313 0.12428 -0.153431
vn -0.960681 0.105808 -0.256704
vn -0.968862 0.184717 -0.164882
vn -0.950932 0.157261 -0.266452
vn -0.953007 0.243129 -0.180737
vn -0.937434 0.206992 -0.279951
vn -0.932921 0.298878 -0.200823
vn -0.920334 0.254454 -0.297051
vn -0.908825 0.351352 -0.224919
vn -0.899819 0.299129 -0.317566
vn -0.880982 0.399977 -0.252762
vn -0.876115 0.340526 -0.34127
vn -0.849698 0.444219 -0.284046
vn -0.84948 0.378192 -0.367904
vn -0.815316 0.483595 -0.318429
vn -0.820208 0.411715 -0.397176
vn -0.778211 0.517672 -0.355533
vn -0.788618 0.440727 -0.428766
vn -0.755057 0.464911 -0.462327
vn -0.719893 0.484 -0.497492
vn -0.68351 0.497787 -0.533875
vn -0.568479 0.594696 -0.568479
vn -0.608692 0.508908 -0.608692
vn -0.646307 0.50612 -0.571077
vn -0.934902 0.0433023 -0.352255
vn -0.936506 0 -0.35065
vn -0.956944 0 -0.290271
vn -0.930105 0.0861301 -0.357052
vn -0.92217 0.128014 -0.364987
vn -0.911181 0.168496 -0.375975
vn -0.897262 0.207131 -0.389895
vn -0.880562 0.243498 -0.406595
vn -0.861266 0.277196 -0.42589
vn -0.839586 0.307857 -0.447571
vn -0.815757 0.335146 -0.4714
vn -0.790042 0.358762 -0.497114
vn -0.762723 0.378448 -0.524434
vn -0.734098 0.393987 -0.553059
vn -0.704482 0.40521 -0.582675
vn -0.609832 0.506171 -0.609832
vn -0.643578 0.414263 -0.643578
vn -0.674198 0.411993 -0.612959
vn -0.89258 0.0329158 -0.449686
vn -0.8938 0 -0.448466
vn -0.923889 0 -0.382662
vn -0.888934 0.065471 -0.453332
vn -0.882902 0.0973089 -0.459364
vn -0.874549 0.128081 -0.467717
vn -0.863968 0.157449 -0.478298
vn -0.851274 0.185093 -0.490992
vn -0.836607 0.210708 -0.505659
vn -0.820126 0.234015 -0.52214
vn -0.802013 0.254758 -0.540253
vn -0.782466 0.27271 -0.5598
vn -0.7617 0.287674 -0.580566
vn -0.739941 0.299486 -0.602325
vn -0.717428 0.308017 -0.624838
vn -0.644321 0.411949 -0.644321
vn -0.671133 0.314898 -0.671133
vn -0.694408 0.313173 -0.647858
vn -0.84009 0.0221544 -0.541994
vn -0.840911 0 -0.541173
vn -0.881935 0 -0.471371
vn -0.837636 0.0440662 -0.544448
vn -0.833576 0.0654951 -0.548508
vn -0.827954 0.0862064 -0.55413
vn -0.820832 0.105973 -0.561252
vn -0.812289 0.124579 -0.569796
vn -0.802416 0.14182 -0.579668
vn -0.791324 0.157507 -0.59076
vn -0.779133 0.171468 -0.602952
vn -0.765977 0.183551 -0.616108
vn -0.751999 0.193623 -0.630085
vn -0.737354 0.201573 -0.64473
vn -0.722202 0.207315 -0.659883
vn -0.671556 0.313089 -0.671556
vn -0.691042 0.211947 -0.691042
vn -0.706708 0.210785 -0.675377
vn -0.77803 0.0111407 -0.628128
vn -0.778443 0 -0.627715
vn -0.831485 0 -0.555547
vn -0.776796 0.0221593 -0.629362
vn -0.774754 0.0329351 -0.631404
vn -0.771927 0.0433501 -0.634231
vn -0.768346 0.0532902 -0.637812
vn -0.76405 0.0626464 -0.642109
vn -0.759085 0.0713162 -0.647073
vn -0.753507 0.0792046 -0.652651
vn -0.747377 0.0862253 -0.658782
vn -0.740761 0.0923013 -0.665397
vn -0.733732 0.097366 -0.672426
vn -0.726368 0.101364 -0.679791
vn -0.718748 0.104251 -0.68741
vn -0.691232 0.210705 -0.691232
vn -0.703079 0.10658 -0.703079
vn -0.710957 0.105996 -0.695202
vn -0.707107 0 -0.707107
vn -0.773022 0 -0.634379
vn -0.703127 0.105949 -0.703127
vn -0.999281 0 -0.0379069
vn -1 0 2.60209e-15
vn -0.99684 0.0710451 -0.0355226
vn -0.994538 0.0933592 -0.0466796
vn -0.988085 0.137662 -0.0688308
vn -0.995553 0.0842575 -0.0421288
vn -0.97821 0.185699 -0.0928493
vn -0.956772 0.260135 -0.130067
vn -0.951196 0.276009 -0.138005
vn -0.91379 0.363304 -0.181652
vn -0.909532 0.371755 -0.185877
vn -0.866401 0.446631 -0.223315
vn -0.84578 0.477205 -0.238602
vn -0.809547 0.525078 -0.262539
vn -0.743849 0.597788 -0.298894
vn -0.734237 0.607221 -0.30361
vn -0.76193 0.579284 -0.289642
vn -0.710294 0.629592 -0.314796
vn -0.58888 0.722894 -0.361447
vn -0.670025 0.663968 -0.331984
vn -0.582024 0.727323 -0.363662
vn -0.559079 0.741582 -0.370791
vn -0.501804 0.773663 -0.386831
vn -0.501303 0.773923 -0.386961
vn -0.408248 0.816497 -0.408248
vn -0.707107 0 -0.707107
vn -1 -1.22465e-16 0
vn -0.995553 0.0842575 -0.0421288
vn -0.99684 0.0710451 -0.0355226
vn -0.994538 0.0933592 -0.0466796
vn -0.97821 0.185699 -0.0928493
vn -0.994316 0.0952299 -0.0476149
vn -0.990146 0.125252 -0.0626262
vn -0.988085 0.137662 -0.0688308
vn -0.951196 0.276009 -0.138005
vn -0.975075 0.198453 -0.0992267
vn -0.969166 0.220395 -0.110197
vn -0.956772 0.260135 -0.130067
vn -0.97821 0.185699 -0.0928493
vn -0.951196 0.276009 -0.138005
vn -0.944391 0.29411 -0.147055
vn -0.939168 0.307198 -0.153599
vn -0.91379 0.363304 -0.181652
vn -0.919049 0.352532 -0.176266
vn -0.866401 0.446631 -0.223315
vn -0.877632 0.428729 -0.214365
vn -0.871218 0.43907 -0.219535
vn -0.909532 0.371755 -0.185877
vn -0.895381 0.398289 -0.199145
vn -0.91379 0.363304 -0.181652
vn -0.866401 0.446631 -0.223315
vn -0.827458 0.502245 -0.251123
vn -0.84578 0.477205 -0.238602
vn -0.809547 0.525078 -0.262539
vn -0.784872 0.554239 -0.27712
vn -0.76193 0.579284 -0.289642
vn -0.743849 0.597788 -0.298894
vn -0.763359 0.577777 -0.288889
vn -0.670025 0.663968 -0.331984
vn -0.710294 0.629592 -0.314796
vn -0.694347 0.643666 -0.321833
vn -0.718578 0.622026 -0.311013
vn -0.734237 0.607221 -0.30361
vn -0.58888 0.722894 -0.361447
vn -0.639343 0.687744 -0.343872
vn -0.670025 0.663968 -0.331984
vn -0.60733 0.710577 -0.355289
vn -0.58888 0.722894 -0.361447
vn -0.501804 0.773663 -0.386831
vn -0.559079 0.741582 -0.370791
vn -0.582024 0.727323 -0.363662
vn -0.501303 0.773923 -0.386961
vn -0.573481 0.732732 -0.366366
vn -0.570272 0.734732 -0.367366
vn -0.525983 0.760706 -0.380353
vn -0.501303 0.773923 -0.386961
vn -0.472718 0.788181 -0.394091
vn -0.445768 0.800645 -0.400323
vn -0.408248 0.816497 -0.408248
vn -1 3.55597e-14 -1.78411e-14
vn -0.707107 0.707107 0
vn -0.773011 0.634392 0
vn -0.77301 0.634393 0
vn -0.773384 0.633938 0
vn -0.83147 0.55557 0
vn -0.831471 0.555568 0
vn -0.832124 0.55459 0
vn -0.881921 0.471397 0
vn -0.881923 0.471393 0
vn -0.882753 0.469838 0
vn -0.92388 0.382683 0
vn -0.923882 0.382679 0
vn -0.924779 0.380506 0
vn -0.95694 0.290285 0
vn -0.956942 0.290278 0
vn -0.957791 0.287465 0
vn -0.980785 0.19509 0
vn -0.980787 0.195083 0
vn -0.981469 0.191623 0
vn -0.995185 0.0980171 0
vn -0.995186 0.0980084 0
vn -0.99558 0.0939128 0
vn -1 1.22465e-16 0
vn -0.995185 0.0980171 0
vn -0.994322 9.12295e-16 0.106414
vn -0.989534 0.0980171 0.105901
vn -0.977352 9.12295e-16 0.211619
vn -0.972646 0.0980171 0.2106
vn -0.949284 9.12295e-16 0.314421
vn -0.944713 0.0980171 0.312907
vn -0.910435 9.12295e-16 0.413652
vn -0.906051 0.0980171 0.411661
vn -0.861247 9.12295e-16 0.508186
vn -0.8571 0.0980171 0.505739
vn -0.802279 9.12295e-16 0.596949
vn -0.798416 0.0980171 0.594075
vn -0.7342 9.12295e-16 0.678933
vn -0.980785 0.19509 0
vn -0.975216 0.19509 0.104369
vn -0.958573 0.19509 0.207553
vn -0.931043 0.19509 0.308379
vn -0.892941 0.19509 0.405704
vn -0.844698 0.19509 0.498422
vn -0.786863 0.19509 0.585479
vn -0.730665 0.0980171 0.675664
vn -0.95694 0.290285 0
vn -0.951507 0.290285 0.101832
vn -0.935268 0.290285 0.202507
vn -0.908408 0.290285 0.300882
vn -0.871232 0.290285 0.395841
vn -0.824162 0.290285 0.486304
vn -0.767733 0.290285 0.571245
vn -0.720093 0.19509 0.665888
vn -0.92388 0.382683 0
vn -0.918634 0.382683 0.0983134
vn -0.902956 0.382683 0.19551
vn -0.877024 0.382683 0.290487
vn -0.841132 0.382683 0.382165
vn -0.795689 0.382683 0.469503
vn -0.741209 0.382683 0.551509
vn -0.702586 0.290285 0.649699
vn -0.881921 0.471397 0
vn -0.876914 0.471397 0.0938485
vn -0.861948 0.471397 0.186631
vn -0.837193 0.471397 0.277295
vn -0.802932 0.471397 0.364809
vn -0.759552 0.471397 0.44818
vn -0.707547 0.471397 0.526462
vn -0.678312 0.382683 0.627253
vn -0.83147 0.55557 0
vn -0.826748 0.55557 0.0884797
vn -0.812639 0.55557 0.175955
vn -0.789301 0.55557 0.261431
vn -0.756999 0.55557 0.343939
vn -0.716101 0.55557 0.422542
vn -0.667071 0.55557 0.496345
vn -0.647507 0.471397 0.598766
vn -0.77301 0.634393 0
vn -0.768621 0.634393 0.0822589
vn -0.755504 0.634393 0.163584
vn -0.733806 0.634393 0.243051
vn -0.703776 0.634393 0.319758
vn -0.665753 0.634393 0.392833
vn -0.62017 0.634393 0.461448
vn -0.610465 0.55557 0.564512
vn -0.707107 0.707107 0
vn -0.703092 0.707107 0.0752458
vn -0.691092 0.707107 0.149637
vn -0.671245 0.707107 0.222329
vn -0.643775 0.707107 0.292496
vn -0.608994 0.707107 0.359342
vn -0.567297 0.707107 0.422107
vn -0.567544 0.634393 0.524823
vn -0.519158 0.707107 0.480078
vn -0.567297 0.707107 0.422107
vn -0.608994 0.707107 0.359342
vn -0.643775 0.707107 0.292496
vn -0.671245 0.707107 0.222329
vn -0.691092 0.707107 0.149637
vn -0.703092 0.707107 0.0752458
vn -0.707107 0.707107 1.11022e-16
vn 3.71924e-15 1 -3.59033e-15
vn -0.0719642 0.995185 0.0665471
vn -0.143235 0.980785 0.132453
vn -0.213127 0.95694 0.197084
vn -0.280966 0.92388 0.259817
vn -0.346099 0.881921 0.320047
vn -0.4079 0.83147 0.377195
vn -0.465772 0.77301 0.430711
vn -0.519158 0.707107 0.480078
vn -0.634393 0.77301 0
vn -0.707107 0.707107 0
vn -0.703092 0.707107 0.0752458
vn -0.630791 0.77301 0.0675081
vn -0.691092 0.707107 0.149637
vn -0.620026 0.77301 0.13425
vn -0.671245 0.707107 0.222329
vn -0.602219 0.77301 0.199467
vn -0.643775 0.707107 0.292496
vn -0.577574 0.77301 0.262418
vn -0.608994 0.707107 0.359342
vn -0.546369 0.77301 0.32239
vn -0.567297 0.707107 0.422107
vn -0.50896 0.77301 0.378701
vn -0.519158 0.707107 0.480078
vn -0.55557 0.83147 0
vn -0.552416 0.83147 0.0591203
vn -0.542988 0.83147 0.117569
vn -0.527394 0.83147 0.174683
vn -0.505811 0.83147 0.229813
vn -0.478483 0.83147 0.282333
vn -0.445722 0.83147 0.331647
vn -0.465772 0.77301 0.430711
vn -0.471397 0.881921 0
vn -0.46872 0.881921 0.0501631
vn -0.460721 0.881921 0.0997565
vn -0.447489 0.881921 0.148217
vn -0.429176 0.881921 0.194994
vn -0.405989 0.881921 0.239557
vn -0.378192 0.881921 0.2814
vn -0.4079 0.83147 0.377195
vn -0.382683 0.92388 0
vn -0.380511 0.92388 0.0407227
vn -0.374017 0.92388 0.080983
vn -0.363275 0.92388 0.120324
vn -0.348408 0.92388 0.158298
vn -0.329585 0.92388 0.194475
vn -0.307019 0.92388 0.228443
vn -0.346099 0.881921 0.320047
vn -0.290285 0.95694 0
vn -0.288636 0.95694 0.0308903
vn -0.28371 0.95694 0.0614297
vn -0.275562 0.95694 0.0912716
vn -0.264285 0.95694 0.120077
vn -0.250007 0.95694 0.147519
vn -0.232889 0.95694 0.173285
vn -0.280966 0.92388 0.259817
vn -0.19509 0.980785 0
vn -0.193983 0.980785 0.0207603
vn -0.190672 0.980785 0.0412848
vn -0.185196 0.980785 0.0613405
vn -0.177617 0.980785 0.0806996
vn -0.168021 0.980785 0.0991422
vn -0.156517 0.980785 0.116459
vn -0.213127 0.95694 0.197084
vn -0.0980171 0.995185 0
vn -0.0974606 0.995185 0.0104304
vn -0.0957973 0.995185 0.0207423
vn -0.0930461 0.995185 0.0308186
vn -0.0892382 0.995185 0.040545
vn -0.084417 0.995185 0.049811
vn -0.0786371 0.995185 0.0585113
vn -0.143235 0.980785 0.132453
vn -1.83697e-16 1 0
vn -0.0719642 0.995185 0.0665471
vn -0.707107 0.707107 0
vn -0.980787 0.195083 -8.67362e-15
vn -0.957791 0.287465 -1.19191e-14
vn -0.955976 0.28928 -0.0492575
vn -0.97933 0.193761 -0.0580401
vn -0.981469 0.191623 -4.16249e-15
vn -0.911613 0.393671 -0.118257
vn -0.941455 0.304496 -0.144725
vn -0.950552 0.294704 -0.0979815
vn -0.918901 0.386383 -0.0795564
vn -0.956942 0.290278 -1.04083e-14
vn -0.924779 0.380506 -1.2793e-14
vn -0.923305 0.381979 -0.0399947
vn -0.519466 0.785819 -0.335626
vn -0.57526 0.77733 -0.254624
vn -0.546357 0.79865 -0.252294
vn -0.557097 0.795494 -0.238397
vn -0.544849 0.760435 -0.353381
vn -0.570272 0.734732 -0.367366
vn -0.614661 0.73793 -0.278661
vn -0.855408 0.497183 -0.145214
vn -0.888734 0.41655 -0.19141
vn -0.901521 0.403763 -0.155676
vn -0.865109 0.487482 -0.118104
vn -0.872765 0.479826 -0.0897159
vn -0.878294 0.474297 -0.0603558
vn -0.923882 0.382679 -1.38778e-14
vn -0.882753 0.469838 -2.06251e-14
vn -0.881635 0.470955 -0.0303422
vn -0.625448 0.761266 -0.171141
vn -0.606786 0.77653 -0.169744
vn -0.61324 0.773474 -0.160234
vn -0.594518 0.758073 -0.268094
vn -0.638392 0.748322 -0.180194
vn -0.651931 0.734783 -0.187297
vn -0.635471 0.717119 -0.28621
vn -0.665918 0.720796 -0.192371
vn -0.656724 0.695866 -0.29066
vn -0.680203 0.706511 -0.195362
vn -0.678189 0.674402 -0.291963
vn -0.694629 0.692084 -0.196237
vn -0.699633 0.652958 -0.290104
vn -0.709043 0.677671 -0.194988
vn -0.720824 0.631767 -0.285103
vn -0.723286 0.663428 -0.191627
vn -0.741533 0.611057 -0.277016
vn -0.737205 0.649509 -0.186191
vn -0.761536 0.591055 -0.265928
vn -0.75065 0.636064 -0.178738
vn -0.780615 0.571975 -0.251961
vn -0.763474 0.62324 -0.169351
vn -0.798565 0.554025 -0.235265
vn -0.775538 0.611175 -0.158129
vn -0.815191 0.537399 -0.216022
vn -0.786713 0.600001 -0.145195
vn -0.830313 0.522277 -0.194439
vn -0.796877 0.589837 -0.130689
vn -0.843767 0.508823 -0.170751
vn -0.80592 0.580794 -0.114767
vn -0.813744 0.57297 -0.0976028
vn -0.820264 0.56645 -0.0793816
vn -0.82541 0.561304 -0.0603008
vn -0.829126 0.557588 -0.040567
vn -0.881923 0.471393 -1.56125e-14
vn -0.832124 0.55459 -2.03782e-14
vn -0.831372 0.555342 -0.0203939
vn -0.66954 0.737782 -0.0859894
vn -0.660565 0.745903 -0.0853374
vn -0.663406 0.743916 -0.0805093
vn -0.676044 0.731278 -0.0905384
vn -0.682846 0.724476 -0.094107
vn -0.689874 0.717448 -0.0966565
vn -0.697052 0.71027 -0.0981593
vn -0.7043 0.703022 -0.0985992
vn -0.711542 0.69578 -0.0979714
vn -0.718699 0.688623 -0.0962826
vn -0.725692 0.681629 -0.0935513
vn -0.732448 0.674874 -0.0898069
vn -0.738891 0.668431 -0.08509
vn -0.744953 0.662369 -0.0794517
vn -0.750568 0.656754 -0.072953
vn -0.755674 0.651647 -0.0656643
vn -0.760218 0.647104 -0.0576646
vn -0.764149 0.643173 -0.0490404
vn -0.767425 0.639897 -0.0398852
vn -0.770011 0.637311 -0.0302981
vn -0.771878 0.635444 -0.0203828
vn -0.831471 0.555568 -1.9082e-14
vn -0.773384 0.633938 -2.10537e-14
vn -0.773007 0.634315 -0.0102469
vn -0.773011 0.634392 -2.08167e-14
vn -0.47994 0.812022 -0.332082
vn -0.429122 0.816135 -0.387013
vn -0.445768 0.800645 -0.400323
vn -0.472718 0.788181 -0.394091
vn -0.495524 0.80976 -0.314236
vn -0.501303 0.773923 -0.386961
vn -0.525983 0.760706 -0.380353
vn -0.58888 0.722894 -0.361447
vn -0.60733 0.710577 -0.355289
vn -0.573481 0.732732 -0.366366
vn -0.639343 0.687744 -0.343872
vn -0.670025 0.663968 -0.331984
vn -0.694347 0.643666 -0.321833
vn -0.718578 0.622026 -0.311013
vn -0.743849 0.597788 -0.298894
vn -0.763359 0.577777 -0.288889
vn -0.784872 0.554239 -0.27712
vn -0.809547 0.525078 -0.262539
vn -0.827458 0.502245 -0.251123
vn -0.866401 0.446631 -0.223315
vn -0.871218 0.43907 -0.219535
vn -0.877632 0.428729 -0.214365
vn -0.895381 0.398289 -0.199145
vn -0.91379 0.363304 -0.181652
vn -0.919049 0.352532 -0.176266
vn -0.939168 0.307198 -0.153599
vn -0.944391 0.29411 -0.147055
vn -0.951196 0.276009 -0.138005
vn -0.969166 0.220395 -0.110197
vn -0.975075 0.198453 -0.0992267
vn -0.97821 0.185699 -0.0928493
vn -0.990146 0.125252 -0.0626262
vn -0.995186 0.0980084 -5.20417e-15
vn -0.994316 0.0952299 -0.0476149
vn -0.99558 0.0939128 -3.49555e-15
vn -0.994538 0.0933592 -0.0466796
vn -1 -8.90358e-29 -3.0914e-15
vn -0.408248 0.816497 -0.408248
vn -0.707107 0.707107 -2.25514e-14
vn 6.12323e-17 1 0
vn -0.0777099 0.996976 0
vn -0.0980171 0.995185 0
vn -0.19509 0.980785 0
vn -0.14472 0.989473 0
vn -0.157862 0.987461 0
vn -0.0980171 0.995185 0
vn -0.290285 0.95694 0
vn -0.204692 0.978826 0
vn -0.256607 0.966516 0
vn -0.19509 0.980785 0
vn -0.290285 0.95694 0
vn -0.34839 0.93735 0
vn -0.382683 0.92388 0
vn -0.429368 0.90313 0
vn -0.471397 0.881921 0
vn -0.505769 0.862669 0
vn -0.55557 0.83147 0
vn -0.582452 0.812865 0
vn -0.634393 0.77301 0
vn -0.707107 0.707107 0
vn -0.66413 0.747618 0
vn -0.696274 0.717776 0
vn -0.634393 0.77301 0
vn -0.707107 0.707107 0
vn -0.429122 0.816135 -0.387013
vn -0.479922 0.812024 -0.332102
vn -0.478917 0.812153 -0.333236
vn -0.408248 0.816497 -0.408248
vn -0.495524 0.80976 -0.314236
vn -0.546338 0.798655 -0.252317
vn -0.54449 0.799168 -0.254678
vn -0.47994 0.812022 -0.332082
vn -0.557097 0.795494 -0.238397
vn -0.606769 0.776537 -0.169768
vn -0.60427 0.77768 -0.17341
vn -0.546357 0.79865 -0.252294
vn -0.606786 0.77653 -0.169744
vn -0.61324 0.773474 -0.160234
vn -0.660553 0.745911 -0.0853581
vn -0.657621 0.747918 -0.0902967
vn -0.660565 0.745903 -0.0853374
vn -0.703975 0.710198 -0.00622297
vn -0.663406 0.743916 -0.0805093
vn -0.707107 0.707107 -5.51588e-14
vn -0.465772 0.77301 0.430711
vn -0.519158 0.707107 0.480078
vn -0.465741 0.707107 0.532057
vn -0.417848 0.77301 0.477345
vn -0.407151 0.707107 0.578125
vn -0.365282 0.77301 0.518675
vn -0.344036 0.707107 0.61777
vn -0.308658 0.77301 0.554243
vn -0.277099 0.707107 0.65055
vn -0.248605 0.77301 0.583653
vn -0.207084 0.707107 0.676104
vn -0.185789 0.77301 0.606578
vn -0.134768 0.707107 0.694145
vn -0.120909 0.77301 0.622765
vn -0.0609544 0.707107 0.704475
vn -0.0546863 0.77301 0.632032
vn 0.0135362 0.707107 0.706977
vn 0.0121443 0.77301 0.634277
vn 0.0878765 0.707107 0.701625
vn 0.0788399 0.77301 0.629475
vn 0.16124 0.707107 0.688478
vn 0.14466 0.77301 0.61768
vn 0.232813 0.707107 0.667681
vn 0.208872 0.77301 0.599022
vn 0.301799 0.707107 0.639467
vn 0.270764 0.77301 0.573709
vn 0.367432 0.707107 0.604147
vn 0.329648 0.77301 0.542021
vn 0.428982 0.707107 0.562116
vn 0.384869 0.77301 0.504312
vn 0.485767 0.707107 0.513839
vn 0.435814 0.77301 0.461
vn 0.537154 0.707107 0.459854
vn 0.481917 0.77301 0.412566
vn 0.582574 0.707107 0.400759
vn 0.522666 0.77301 0.359548
vn 0.621521 0.707107 0.337212
vn 0.557608 0.77301 0.302535
vn 0.653563 0.707107 0.269918
vn 0.586355 0.77301 0.242162
vn 0.678343 0.707107 0.199625
vn 0.608588 0.77301 0.179097
vn 0.695587 0.707107 0.127115
vn 0.624058 0.77301 0.114043
vn 0.705103 0.707107 0.0531922
vn 0.632596 0.77301 0.0477223
vn 0.706785 0.707107 -0.0213215
vn 0.634105 0.77301 -0.0191289
vn 0.700615 0.707107 -0.0955983
vn 0.628569 0.77301 -0.0857677
vn 0.68666 0.707107 -0.168813
vn 0.616049 0.77301 -0.151454
vn 0.665077 0.707107 -0.240152
vn -0.4079 0.83147 0.377195
vn -0.365931 0.83147 0.418035
vn -0.319896 0.83147 0.45423
vn -0.270307 0.83147 0.485378
vn -0.217716 0.83147 0.511134
vn -0.162705 0.83147 0.531211
vn -0.105886 0.83147 0.545386
vn -0.0478916 0.83147 0.553502
vn 0.0106354 0.83147 0.555468
vn 0.0690441 0.83147 0.551263
vn 0.126686 0.83147 0.540933
vn 0.18292 0.83147 0.524594
vn 0.237122 0.83147 0.502426
vn 0.288689 0.83147 0.474675
vn 0.337049 0.83147 0.441652
vn 0.381665 0.83147 0.403721
vn 0.422039 0.83147 0.361305
vn 0.457725 0.83147 0.314874
vn 0.488326 0.83147 0.264945
vn 0.513501 0.83147 0.212073
vn 0.532971 0.83147 0.156845
vn 0.546519 0.83147 0.0998736
vn 0.553996 0.83147 0.0417929
vn 0.555318 0.83147 -0.0167522
vn 0.550469 0.83147 -0.0751111
vn 0.539505 0.83147 -0.132636
vn 0.596685 0.77301 -0.215457
vn -0.346099 0.881921 0.320047
vn -0.310489 0.881921 0.354699
vn -0.271429 0.881921 0.38541
vn -0.229354 0.881921 0.41184
vn -0.18473 0.881921 0.433693
vn -0.138054 0.881921 0.450728
vn -0.0898438 0.881921 0.462756
vn -0.0406356 0.881921 0.469642
vn 0.00902401 0.881921 0.47131
vn 0.0585834 0.881921 0.467742
vn 0.107492 0.881921 0.458978
vn 0.155206 0.881921 0.445113
vn 0.201196 0.881921 0.426304
vn 0.24495 0.881921 0.402758
vn 0.285983 0.881921 0.374738
vn 0.323839 0.881921 0.342554
vn 0.358097 0.881921 0.306564
vn 0.388376 0.881921 0.267168
vn 0.41434 0.881921 0.224804
vn 0.435701 0.881921 0.179942
vn 0.452221 0.881921 0.133081
vn 0.463717 0.881921 0.0847419
vn 0.470061 0.881921 0.0354609
vn 0.471182 0.881921 -0.0142141
vn 0.467069 0.881921 -0.0637311
vn 0.457766 0.881921 -0.11254
vn 0.522547 0.83147 -0.188686
vn -0.280966 0.92388 0.259817
vn -0.252057 0.92388 0.287947
vn -0.220348 0.92388 0.312879
vn -0.186191 0.92388 0.334334
vn -0.149965 0.92388 0.352075
vn -0.112073 0.92388 0.365905
vn -0.0729358 0.92388 0.375669
vn -0.0329883 0.92388 0.381259
vn 0.00732576 0.92388 0.382613
vn 0.0475584 0.92388 0.379717
vn 0.0872627 0.92388 0.372601
vn 0.125997 0.92388 0.361346
vn 0.163332 0.92388 0.346077
vn 0.198853 0.92388 0.326962
vn 0.232164 0.92388 0.304215
vn 0.262895 0.92388 0.278088
vn 0.290706 0.92388 0.248871
vn 0.315287 0.92388 0.216889
vn 0.336365 0.92388 0.182498
vn 0.353706 0.92388 0.146079
vn 0.367117 0.92388 0.108036
vn 0.376449 0.92388 0.0687941
vn 0.381599 0.92388 0.0287874
vn 0.382509 0.92388 -0.0115391
vn 0.37917 0.92388 -0.0517374
vn 0.371618 0.92388 -0.0913609
vn 0.443377 0.881921 -0.160099
vn -0.213127 0.95694 0.197084
vn -0.191198 0.95694 0.218423
vn -0.167145 0.95694 0.237334
vn -0.141235 0.95694 0.25361
vn -0.113756 0.95694 0.267067
vn -0.0850131 0.95694 0.277557
vn -0.0553255 0.95694 0.284964
vn -0.0250233 0.95694 0.289204
vn 0.00555696 0.95694 0.290231
vn 0.0360755 0.95694 0.288034
vn 0.0661932 0.95694 0.282637
vn 0.0955754 0.95694 0.274099
vn 0.123896 0.95694 0.262517
vn 0.15084 0.95694 0.248017
vn 0.176108 0.95694 0.230762
vn 0.199419 0.95694 0.210944
vn 0.220515 0.95694 0.188781
vn 0.239161 0.95694 0.164521
vn 0.25515 0.95694 0.138434
vn 0.268304 0.95694 0.110808
vn 0.278477 0.95694 0.0819511
vn 0.285556 0.95694 0.0521838
vn 0.289462 0.95694 0.0218367
vn 0.290153 0.95694 -0.00875299
vn 0.28762 0.95694 -0.0392454
vn 0.281891 0.95694 -0.0693019
vn 0.359937 0.92388 -0.129969
vn -0.143235 0.980785 0.132453
vn -0.128498 0.980785 0.146794
vn -0.112333 0.980785 0.159504
vn -0.0949193 0.980785 0.170442
vn -0.0764515 0.980785 0.179486
vn -0.0571343 0.980785 0.186537
vn -0.0371824 0.980785 0.191514
vn -0.0168173 0.980785 0.194364
vn 0.00373464 0.980785 0.195055
vn 0.0242451 0.980785 0.193578
vn 0.0444861 0.980785 0.189951
vn 0.0642329 0.980785 0.184213
vn 0.0832661 0.980785 0.176428
vn 0.101374 0.980785 0.166684
vn 0.118356 0.980785 0.155087
vn 0.134023 0.980785 0.141768
vn 0.148201 0.980785 0.126873
vn 0.160732 0.980785 0.110569
vn 0.171477 0.980785 0.0930365
vn 0.180318 0.980785 0.0744702
vn 0.187155 0.980785 0.0550765
vn 0.191912 0.980785 0.0350709
vn 0.194538 0.980785 0.0146757
vn 0.195002 0.980785 -0.00588258
vn 0.193299 0.980785 -0.0263755
vn 0.189449 0.980785 -0.0465754
vn 0.27303 0.95694 -0.0985883
vn -0.0719642 0.995185 0.0665471
vn -0.0645598 0.995185 0.0737523
vn -0.0564381 0.995185 0.080138
vn -0.0476893 0.995185 0.0856335
vn -0.0384107 0.995185 0.0901775
vn -0.0287054 0.995185 0.0937196
vn -0.0186811 0.995185 0.0962204
vn -0.00844933 0.995185 0.0976523
vn 0.00187635 0.995185 0.0979992
vn 0.0121812 0.995185 0.0972573
vn 0.0223507 0.995185 0.0954348
vn 0.0322719 0.995185 0.0925521
vn 0.0418345 0.995185 0.088641
vn 0.0509323 0.995185 0.0837452
vn 0.0594643 0.995185 0.0779189
vn 0.0673356 0.995185 0.0712269
vn 0.0744588 0.995185 0.0637436
vn 0.0807547 0.995185 0.0555521
vn 0.0861535 0.995185 0.0467433
vn 0.090595 0.995185 0.0374153
vn 0.09403 0.995185 0.0276715
vn 0.0964204 0.995185 0.0176203
vn 0.0977394 0.995185 0.00737336
vn 0.0979726 0.995185 -0.00295552
vn 0.0971172 0.995185 -0.0132516
vn 0.0951829 0.995185 -0.0234004
vn 0.183494 0.980785 -0.0662578
vn 2.44098e-15 1 -2.37048e-15
vn 0.092191 0.995185 -0.0332892
vn 0.665077 0.707107 -0.240152
vn -1.73306e-15 1 6.1108e-16
vn 0.092191 0.995185 -0.0332892
vn 0.183494 0.980785 -0.0662578
vn 0.27303 0.95694 -0.0985883
vn 0.359937 0.92388 -0.129969
vn 0.443377 0.881921 -0.160099
vn 0.522547 0.83147 -0.188686
vn 0.596685 0.77301 -0.215457
vn 0.665077 0.707107 -0.240152
vn 0.707107 0.707107 1.29893e-16
vn 0.704455 0.707107 -0.06118
vn 0.69652 0.707107 -0.121901
vn 0.683361 0.707107 -0.181708
vn 0.665077 0.707107 -0.240152
vn 0.707107 0.707107 1.29893e-16
vn 0.0980171 0.995185 0
vn 3.36902e-15 1 0
vn 0.0976496 0.995185 -0.0084806
vn 0.0965496 0.995185 -0.0168976
vn 3.13341e-15 1 -8.6575e-16
vn 0.0947256 0.995185 -0.0251879
vn 0.19509 0.980785 0
vn 0.194359 0.980785 -0.0168795
vn 0.192169 0.980785 -0.0336325
vn 0.188539 0.980785 -0.0501331
vn 0.092191 0.995185 -0.0332892
vn 0.290285 0.95694 0
vn 0.289196 0.95694 -0.0251159
vn 0.285939 0.95694 -0.0500434
vn 0.280536 0.95694 -0.0745956
vn 0.183494 0.980785 -0.0662578
vn 0.382683 0.92388 0
vn 0.381248 0.92388 -0.0331104
vn 0.376954 0.92388 -0.0659724
vn 0.369832 0.92388 -0.0983397
vn 0.27303 0.95694 -0.0985883
vn 0.471397 0.881921 0
vn 0.469629 0.881921 -0.040786
vn 0.464339 0.881921 -0.0812661
vn 0.455566 0.881921 -0.121137
vn 0.359937 0.92388 -0.129969
vn 0.55557 0.83147 0
vn 0.553487 0.83147 -0.0480688
vn 0.547252 0.83147 -0.0957771
vn 0.536913 0.83147 -0.142767
vn 0.443377 0.881921 -0.160099
vn 0.634393 0.77301 0
vn 0.632014 0.77301 -0.0548887
vn 0.624895 0.77301 -0.109366
vn 0.613089 0.77301 -0.163023
vn 0.522547 0.83147 -0.188686
vn 0.707107 0.707107 0
vn 0.704455 0.707107 -0.06118
vn 0.69652 0.707107 -0.121901
vn 0.683361 0.707107 -0.181708
vn 0.596685 0.77301 -0.215457
vn 0.665077 0.707107 -0.240152
vn 0.0980171 0.995185 0
vn 0.0777099 0.996976 0
vn -6.12323e-17 1 0
vn 0.157862 0.987461 0
vn 0.14472 0.989473 0
vn 0.19509 0.980785 0
vn 0.290285 0.95694 0
vn 0.204692 0.978826 0
vn 0.382683 0.92388 0
vn 0.304635 0.952469 0
vn 0.429368 0.90313 0
vn 0.390002 0.920814 0
vn 0.471397 0.881921 0
vn 0.55557 0.83147 0
vn 0.505769 0.862669 0
vn 0.634393 0.77301 0
vn 0.582452 0.812865 0
vn 0.707107 0.707107 0
vn 0.696274 0.717776 0
vn 0.66413 0.747618 0
vn -6.12323e-17 1 0
vn 0.936031 0.0980171 -0.337991
vn 0.94056 1.51233e-15 -0.339626
vn 0.966418 1.45653e-15 -0.256974
vn 0.961765 0.0980171 -0.255737
vn 0.985028 1.45832e-15 -0.172394
vn 0.980285 0.0980171 -0.171564
vn 0.99625 1.46008e-15 -0.0865216
vn 0.991453 0.0980171 -0.086105
vn 1 1.4618e-15 -2.22045e-16
vn 0.922488 0.19509 -0.333101
vn 0.947849 0.19509 -0.252036
vn 0.966101 0.19509 -0.169082
vn 0.977107 0.19509 -0.0848591
vn 0.995185 0.0980171 -2.77556e-16
vn 0.90006 0.290285 -0.325002
vn 0.924805 0.290285 -0.245909
vn 0.942613 0.290285 -0.164971
vn 0.953352 0.290285 -0.082796
vn 0.980785 0.19509 -2.77556e-16
vn 0.868965 0.382683 -0.313774
vn 0.892854 0.382683 -0.237413
vn 0.910047 0.382683 -0.159272
vn 0.920415 0.382683 -0.0799355
vn 0.95694 0.290285 -2.22045e-16
vn 0.8295 0.471397 -0.299524
vn 0.852305 0.471397 -0.226631
vn 0.868717 0.471397 -0.152038
vn 0.878614 0.471397 -0.0763052
vn 0.92388 0.382683 -1.11022e-16
vn 0.782047 0.55557 -0.282389
vn 0.803547 0.55557 -0.213666
vn 0.819021 0.55557 -0.143341
vn 0.828352 0.55557 -0.0719401
vn 0.881921 0.471397 -1.11022e-16
vn 0.727063 0.634393 -0.262535
vn 0.747051 0.634393 -0.198644
vn 0.761437 0.634393 -0.133263
vn 0.770112 0.634393 -0.0668821
vn 0.83147 0.55557 -1.66533e-16
vn 0.665077 0.707107 -0.240152
vn 0.683361 0.707107 -0.181708
vn 0.69652 0.707107 -0.121901
vn 0.704455 0.707107 -0.06118
vn 0.77301 0.634393 -8.32667e-17
vn 0.707107 0.707107 -2.498e-16
vn 1 1.22465e-16 0
vn 0.467113 0.750741 -0.467113
vn 0.520145 0.749958 -0.408672
vn 0.56884 0.67607 -0.468349
vn 0.518594 0.679794 -0.518594
vn 0.520727 0.676526 -0.520727
vn 0.611054 0.594481 -0.52269
vn 0.566872 0.597756 -0.566872
vn 0.618535 0.664939 -0.418654
vn 0.654752 0.584694 -0.478992
vn 0.667135 0.646523 -0.370054
vn 0.697487 0.5685 -0.436258
vn 0.714107 0.621023 -0.323081
vn 0.996655 0.0707652 -0.040878
vn 0.999281 -1.39184e-14 -0.0379069
vn 0.995184 -1.38778e-14 -0.0980267
vn 0.987234 0.0624825 -0.14651
vn 0.568479 0.594696 -0.568479
vn 0.646307 0.50612 -0.571077
vn 0.608692 0.508908 -0.608692
vn 0.68351 0.497787 -0.533875
vn 0.719893 0.484 -0.497492
vn 0.73879 0.546077 -0.394954
vn 0.755057 0.464911 -0.462327
vn 0.778211 0.517672 -0.355533
vn 0.788618 0.440727 -0.428766
vn 0.815316 0.483595 -0.318429
vn 0.820208 0.411715 -0.397176
vn 0.849698 0.444219 -0.284046
vn 0.84948 0.378192 -0.367904
vn 0.880982 0.399977 -0.252762
vn 0.876115 0.340526 -0.34127
vn 0.908825 0.351352 -0.224919
vn 0.899819 0.299129 -0.317566
vn 0.932921 0.298878 -0.200823
vn 0.920334 0.254454 -0.297051
vn 0.953007 0.243129 -0.180737
vn 0.937434 0.206992 -0.279951
vn 0.968862 0.184717 -0.164882
vn 0.950932 0.157261 -0.266452
vn 0.980313 0.12428 -0.153431
vn 0.960681 0.105808 -0.256704
vn 0.966573 0.0531954 -0.250811
vn 0.980786 -1.38778e-14 -0.195088
vn 0.989549 -1.3389e-14 -0.144195
vn 0.609832 0.506171 -0.609832
vn 0.674198 0.411993 -0.612959
vn 0.643578 0.414263 -0.643578
vn 0.704482 0.40521 -0.582675
vn 0.734098 0.393987 -0.553059
vn 0.762723 0.378448 -0.524434
vn 0.790042 0.358762 -0.497114
vn 0.815757 0.335146 -0.4714
vn 0.839586 0.307857 -0.447571
vn 0.861266 0.277196 -0.42589
vn 0.880562 0.243498 -0.406595
vn 0.897262 0.207131 -0.389895
vn 0.911181 0.168496 -0.375975
vn 0.92217 0.128014 -0.364987
vn 0.930105 0.0861301 -0.357052
vn 0.934902 0.0433023 -0.352255
vn 0.956944 -1.38778e-14 -0.290271
vn 0.968545 -1.73133e-14 -0.24884
vn 0.644321 0.411949 -0.644321
vn 0.694408 0.313173 -0.647858
vn 0.671133 0.314898 -0.671133
vn 0.717428 0.308017 -0.624838
vn 0.739941 0.299486 -0.602325
vn 0.7617 0.287674 -0.580566
vn 0.782466 0.27271 -0.5598
vn 0.802013 0.254758 -0.540253
vn 0.820126 0.234015 -0.52214
vn 0.836607 0.210708 -0.505659
vn 0.851274 0.185093 -0.490992
vn 0.863968 0.157449 -0.478298
vn 0.874549 0.128081 -0.467717
vn 0.882902 0.0973089 -0.459364
vn 0.888934 0.065471 -0.453332
vn 0.89258 0.0329158 -0.449686
vn 0.923889 -1.38778e-14 -0.382662
vn 0.936506 -1.46905e-14 -0.35065
vn 0.671556 0.313089 -0.671556
vn 0.706708 0.210785 -0.675377
vn 0.691042 0.211947 -0.691042
vn 0.722202 0.207315 -0.659883
vn 0.737354 0.201573 -0.64473
vn 0.751999 0.193623 -0.630085
vn 0.765977 0.183551 -0.616108
vn 0.779133 0.171468 -0.602952
vn 0.791324 0.157507 -0.59076
vn 0.802416 0.14182 -0.579668
vn 0.812289 0.124579 -0.569796
vn 0.820832 0.105973 -0.561252
vn 0.827954 0.0862064 -0.55413
vn 0.833576 0.0654951 -0.548508
vn 0.837636 0.0440662 -0.544448
vn 0.84009 0.0221544 -0.541994
vn 0.881935 -1.38778e-14 -0.471371
vn 0.8938 -1.29244e-14 -0.448466
vn 0.691232 0.210705 -0.691232
vn 0.710957 0.105996 -0.695202
vn 0.703079 0.10658 -0.703079
vn 0.718748 0.104251 -0.68741
vn 0.726368 0.101364 -0.679791
vn 0.733732 0.097366 -0.672426
vn 0.740761 0.0923013 -0.665397
vn 0.747377 0.0862253 -0.658782
vn 0.753507 0.0792046 -0.652651
vn 0.759085 0.0713162 -0.647073
vn 0.76405 0.0626464 -0.642109
vn 0.768346 0.0532902 -0.637812
vn 0.771927 0.0433501 -0.634231
vn 0.774754 0.0329351 -0.631404
vn 0.776796 0.0221593 -0.629362
vn 0.77803 0.0111407 -0.628128
vn 0.831485 -1.38778e-14 -0.555547
vn 0.840911 -1.26763e-14 -0.541173
vn 0.707107 -1.38778e-14 -0.707107
vn 0.703127 0.105949 -0.703127
vn 0.778443 -1.52247e-14 -0.627715
vn 0.773022 -1.38778e-14 -0.634379
vn 0.464408 0.754089 -0.464408
vn 0.501303 0.773923 -0.386961
vn 0.501804 0.773663 -0.386831
vn 0.408248 0.816497 -0.408248
vn 0.559079 0.741582 -0.370791
vn 0.582024 0.727323 -0.363662
vn 0.58888 0.722894 -0.361447
vn 0.670025 0.663968 -0.331984
vn 0.710294 0.629592 -0.314796
vn 0.743849 0.597788 -0.298894
vn 0.76193 0.579284 -0.289642
vn 0.734237 0.607221 -0.30361
vn 0.809547 0.525078 -0.262539
vn 0.84578 0.477205 -0.238602
vn 0.866401 0.446631 -0.223315
vn 0.909532 0.371755 -0.185877
vn 0.91379 0.363304 -0.181652
vn 0.951196 0.276009 -0.138005
vn 0.956772 0.260135 -0.130067
vn 0.97821 0.185699 -0.0928493
vn 0.994538 0.0933592 -0.0466796
vn 0.995553 0.0842575 -0.0421288
vn 0.988085 0.137662 -0.0688308
vn 0.99684 0.0710451 -0.0355226
vn 1 -1.16106e-14 9.30654e-29
vn 0.707107 -1.38778e-14 -0.707107
vn 0.707107 0.707107 0
vn 0.77301 0.634393 0
vn 0.83147 0.55557 0
vn 0.831471 0.555568 0
vn 0.773384 0.633938 0
vn 0.881921 0.471397 0
vn 0.881923 0.471393 0
vn 0.832124 0.55459 0
vn 0.92388 0.382683 0
vn 0.923882 0.382679 0
vn 0.882753 0.469838 0
vn 0.95694 0.290285 0
vn 0.956942 0.290278 0
vn 0.924779 0.380506 0
vn 0.980785 0.19509 0
vn 0.980787 0.195083 0
vn 0.957791 0.287465 0
vn 0.995185 0.0980171 0
vn 0.995186 0.0980084 0
vn 0.981469 0.191623 0
vn 1 1.22465e-16 0
vn 0.99558 0.0939128 0
vn 0.773011 0.634392 0
vn 0.478917 0.812153 -0.333236
vn 0.47994 0.812022 -0.332082
vn 0.429122 0.816135 -0.387013
vn 0.408248 0.816497 -0.408248
vn 0.479922 0.812024 -0.332102
vn 0.54449 0.799168 -0.254678
vn 0.546357 0.79865 -0.252294
vn 0.495524 0.80976 -0.314236
vn 0.60427 0.77768 -0.17341
vn 0.606786 0.77653 -0.169744
vn 0.557097 0.795494 -0.238397
vn 0.546338 0.798655 -0.252317
vn 0.657621 0.747918 -0.0902967
vn 0.660565 0.745903 -0.0853374
vn 0.61324 0.773474 -0.160234
vn 0.606769 0.776537 -0.169768
vn 0.660553 0.745911 -0.0853581
vn 0.663406 0.743916 -0.0805093
vn 0.703975 0.710198 -0.00622297
vn 0.707107 0.707107 -1.14925e-13
vn 0.408248 0.816497 -0.408248
vn 0.994538 0.0933592 -0.0466796
vn 0.99684 0.0710451 -0.0355226
vn 0.995553 0.0842575 -0.0421288
vn 1 1.14762e-13 -5.73198e-14
vn 0.994538 0.0933592 -0.0466796
vn 0.988085 0.137662 -0.0688308
vn 0.990146 0.125252 -0.0626262
vn 0.994316 0.0952299 -0.0476149
vn 0.97821 0.185699 -0.0928493
vn 0.969166 0.220395 -0.110197
vn 0.975075 0.198453 -0.0992267
vn 0.956772 0.260135 -0.130067
vn 0.951196 0.276009 -0.138005
vn 0.939168 0.307198 -0.153599
vn 0.944391 0.29411 -0.147055
vn 0.91379 0.363304 -0.181652
vn 0.919049 0.352532 -0.176266
vn 0.909532 0.371755 -0.185877
vn 0.866401 0.446631 -0.223315
vn 0.877632 0.428729 -0.214365
vn 0.895381 0.398289 -0.199145
vn 0.866401 0.446631 -0.223315
vn 0.871218 0.43907 -0.219535
vn 0.809547 0.525078 -0.262539
vn 0.827458 0.502245 -0.251123
vn 0.84578 0.477205 -0.238602
vn 0.76193 0.579284 -0.289642
vn 0.784872 0.554239 -0.27712
vn 0.743849 0.597788 -0.298894
vn 0.763359 0.577777 -0.288889
vn 0.670025 0.663968 -0.331984
vn 0.734237 0.607221 -0.30361
vn 0.710294 0.629592 -0.314796
vn 0.694347 0.643666 -0.321833
vn 0.718578 0.622026 -0.311013
vn 0.58888 0.722894 -0.361447
vn 0.60733 0.710577 -0.355289
vn 0.639343 0.687744 -0.343872
vn 0.670025 0.663968 -0.331984
vn 0.58888 0.722894 -0.361447
vn 0.582024 0.727323 -0.363662
vn 0.570272 0.734732 -0.367366
vn 0.573481 0.732732 -0.366366
vn 0.559079 0.741582 -0.370791
vn 0.501804 0.773663 -0.386831
vn 0.525983 0.760706 -0.380353
vn 0.501303 0.773923 -0.386961
vn 0.408248 0.816497 -0.408248
vn 0.445768 0.800645 -0.400323
vn 0.472718 0.788181 -0.394091
vn 0.980787 0.195083 5.20417e-15
vn 0.97933 0.193761 -0.0580401
vn 0.955976 0.28928 -0.0492575
vn 0.957791 0.287465 3.10745e-15
vn 0.956942 0.290278 3.46945e-15
vn 0.923305 0.381979 -0.0399947
vn 0.924779 0.380506 1.80136e-15
vn 0.950552 0.294704 -0.0979815
vn 0.918901 0.386383 -0.0795564
vn 0.941455 0.304496 -0.144725
vn 0.923882 0.382679 1.73472e-15
vn 0.881635 0.470955 -0.0303422
vn 0.882753 0.469838 4.77717e-16
vn 0.878294 0.474297 -0.0603558
vn 0.911613 0.393671 -0.118257
vn 0.872765 0.479826 -0.0897159
vn 0.901521 0.403763 -0.155676
vn 0.865109 0.487482 -0.118104
vn 0.888734 0.41655 -0.19141
vn 0.570272 0.734732 -0.367366
vn 0.544849 0.760435 -0.353381
vn 0.594518 0.758073 -0.268094
vn 0.519466 0.785819 -0.335626
vn 0.495524 0.80976 -0.314236
vn 0.546357 0.79865 -0.252294
vn 0.57526 0.77733 -0.254624
vn 0.881923 0.471393 0
vn 0.831372 0.555342 -0.0203939
vn 0.832124 0.55459 -8.50583e-16
vn 0.829126 0.557588 -0.040567
vn 0.82541 0.561304 -0.0603008
vn 0.820264 0.56645 -0.0793816
vn 0.855408 0.497183 -0.145214
vn 0.813744 0.57297 -0.0976028
vn 0.843767 0.508823 -0.170751
vn 0.80592 0.580794 -0.114767
vn 0.830313 0.522277 -0.194439
vn 0.796877 0.589837 -0.130689
vn 0.815191 0.537399 -0.216022
vn 0.786713 0.600001 -0.145195
vn 0.798565 0.554025 -0.235265
vn 0.775538 0.611175 -0.158129
vn 0.780615 0.571975 -0.251961
vn 0.763474 0.62324 -0.169351
vn 0.761536 0.591055 -0.265928
vn 0.75065 0.636064 -0.178738
vn 0.741533 0.611057 -0.277016
vn 0.737205 0.649509 -0.186191
vn 0.720824 0.631767 -0.285103
vn 0.723286 0.663428 -0.191627
vn 0.699633 0.652958 -0.290104
vn 0.709043 0.677671 -0.194988
vn 0.678189 0.674402 -0.291963
vn 0.694629 0.692084 -0.196237
vn 0.656724 0.695866 -0.29066
vn 0.680203 0.706511 -0.195362
vn 0.635471 0.717119 -0.28621
vn 0.665918 0.720796 -0.192371
vn 0.614661 0.73793 -0.278661
vn 0.651931 0.734783 -0.187297
vn 0.638392 0.748322 -0.180194
vn 0.557097 0.795494 -0.238397
vn 0.606786 0.77653 -0.169744
vn 0.625448 0.761266 -0.171141
vn 0.831471 0.555568 0
vn 0.773007 0.634315 -0.0102469
vn 0.773384 0.633938 -2.17059e-15
vn 0.771878 0.635444 -0.0203828
vn 0.770011 0.637311 -0.0302981
vn 0.767425 0.639897 -0.0398852
vn 0.764149 0.643173 -0.0490404
vn 0.760218 0.647104 -0.0576646
vn 0.755674 0.651647 -0.0656643
vn 0.750568 0.656754 -0.072953
vn 0.744953 0.662369 -0.0794517
vn 0.738891 0.668431 -0.08509
vn 0.732448 0.674874 -0.0898069
vn 0.725692 0.681629 -0.0935513
vn 0.718699 0.688623 -0.0962826
vn 0.711542 0.69578 -0.0979714
vn 0.7043 0.703022 -0.0985992
vn 0.697052 0.71027 -0.0981593
vn 0.689874 0.717448 -0.0966565
vn 0.682846 0.724476 -0.094107
vn 0.676044 0.731278 -0.0905384
vn 0.61324 0.773474 -0.160234
vn 0.660565 0.745903 -0.0853374
vn 0.66954 0.737782 -0.0859894
vn 0.707107 0.707107 -3.46945e-15
vn 0.773011 0.634392 -1.73472e-15
vn 0.99558 0.0939128 5.61633e-15
vn 1 -1.38778e-14 -4.51028e-14
vn 0.994538 0.0933592 -0.0466796
vn 0.981469 0.191623 4.38325e-15
vn 0.995186 0.0980084 5.20417e-15
vn 0.990146 0.125252 -0.0626262
vn 0.994316 0.0952299 -0.0476149
vn 0.97821 0.185699 -0.0928493
vn 0.969166 0.220395 -0.110197
vn 0.975075 0.198453 -0.0992267
vn 0.951196 0.276009 -0.138005
vn 0.944391 0.29411 -0.147055
vn 0.939168 0.307198 -0.153599
vn 0.919049 0.352532 -0.176266
vn 0.91379 0.363304 -0.181652
vn 0.895381 0.398289 -0.199145
vn 0.877632 0.428729 -0.214365
vn 0.871218 0.43907 -0.219535
vn 0.866401 0.446631 -0.223315
vn 0.827458 0.502245 -0.251123
vn 0.809547 0.525078 -0.262539
vn 0.784872 0.554239 -0.27712
vn 0.763359 0.577777 -0.288889
vn 0.743849 0.597788 -0.298894
vn 0.718578 0.622026 -0.311013
vn 0.694347 0.643666 -0.321833
vn 0.670025 0.663968 -0.331984
vn 0.639343 0.687744 -0.343872
vn 0.60733 0.710577 -0.355289
vn 0.58888 0.722894 -0.361447
vn 0.573481 0.732732 -0.366366
vn 0.525983 0.760706 -0.380353
vn 0.501303 0.773923 -0.386961
vn 0.47994 0.812022 -0.332082
vn 0.472718 0.788181 -0.394091
vn 0.445768 0.800645 -0.400323
vn 0.429122 0.816135 -0.387013
vn 0.408248 0.816497 -0.408248
vn 0.707107 0.707107 -3.46945e-15
vn 0.663406 0.743916 -0.0805093
vn -0.206388 0.974466 -0.0884342
vn -0.148875 0.988842 -0.00517768
vn -0.108271 0.993493 -0.0353359
vn -0.0724026 0.994744 -0.0724026
vn -0.14235 0.979527 -0.14235
vn -0.173269 0.978258 -0.113968
vn -0.0702429 0.995054 -0.0702429
vn -0.631857 0.772128 -0.0676408
vn -0.584704 0.796066 -0.156203
vn -0.606769 0.776537 -0.169768
vn -0.60427 0.77768 -0.17341
vn -0.603268 0.796072 -0.0483411
vn -0.562991 0.814251 -0.141546
vn -0.572167 0.819489 -0.0326089
vn -0.539371 0.832036 -0.129598
vn -0.538893 0.842122 -0.0206166
vn -0.514101 0.849224 -0.12049
vn -0.503813 0.863722 -0.0124956
vn -0.487459 0.865629 -0.114323
vn -0.46731 0.884054 -0.00833484
vn -0.459737 0.88107 -0.111163
vn -0.429784 0.902895 -0.00817995
vn -0.431237 0.895379 -0.111045
vn -0.391647 0.920037 -0.0120326
vn -0.402273 0.908398 -0.113971
vn -0.353316 0.935294 -0.0198506
vn -0.373162 0.919985 -0.119909
vn -0.315211 0.948497 -0.0315483
vn -0.344223 0.930012 -0.128793
vn -0.277749 0.959503 -0.0469975
vn -0.315772 0.938371 -0.140526
vn -0.241342 0.968191 -0.066029
vn -0.288123 0.944969 -0.154979
vn -0.261576 0.949734 -0.171995
vn -0.14405 0.97903 -0.14405
vn -0.212942 0.953578 -0.212942
vn -0.236424 0.952615 -0.191387
vn -0.531329 0.811535 -0.243104
vn -0.546338 0.798655 -0.252317
vn -0.54449 0.799168 -0.254678
vn -0.516725 0.823767 -0.233245
vn -0.500837 0.83573 -0.225208
vn -0.483839 0.847291 -0.219082
vn -0.465919 0.858326 -0.214933
vn -0.447272 0.868712 -0.212808
vn -0.428102 0.878337 -0.212729
vn -0.40862 0.887094 -0.214697
vn -0.389039 0.894887 -0.218691
vn -0.369573 0.901632 -0.224666
vn -0.350436 0.907255 -0.232559
vn -0.331838 0.911693 -0.242281
vn -0.313982 0.914898 -0.253726
vn -0.214183 0.953022 -0.214183
vn -0.281268 0.917484 -0.281268
vn -0.297063 0.916835 -0.26677
vn -0.472301 0.81837 -0.327418
vn -0.479922 0.812024 -0.332102
vn -0.478917 0.812153 -0.333236
vn -0.46496 0.824518 -0.322462
vn -0.456974 0.830531 -0.318422
vn -0.448429 0.836343 -0.315343
vn -0.439421 0.84189 -0.313257
vn -0.430048 0.847111 -0.312189
vn -0.420412 0.851949 -0.312149
vn -0.410618 0.856351 -0.313139
vn -0.400776 0.860269 -0.315146
vn -0.390991 0.863659 -0.31815
vn -0.381371 0.866485 -0.322117
vn -0.372022 0.868716 -0.327004
vn -0.363046 0.870327 -0.332757
vn -0.282065 0.916995 -0.282065
vn -0.346602 0.871627 -0.346602
vn -0.354542 0.871301 -0.339314
vn -0.346981 0.871326 -0.346981
vn -0.660553 0.745911 -0.0853581
vn -0.696274 0.717776 -4.16334e-14
vn -0.66413 0.747618 -4.16334e-14
vn -0.703975 0.710198 -0.00622297
vn -0.657621 0.747918 -0.0902967
vn -0.634393 0.77301 -4.16334e-14
vn -0.582452 0.812865 -4.16334e-14
vn -0.55557 0.83147 -4.16334e-14
vn -0.505769 0.862669 -4.16334e-14
vn -0.471397 0.881921 -4.16334e-14
vn -0.429368 0.90313 -4.16334e-14
vn -0.382683 0.92388 -4.16334e-14
vn -0.34839 0.93735 -4.16334e-14
vn -0.290285 0.95694 -4.16334e-14
vn -0.256607 0.966516 -4.16334e-14
vn -0.19509 0.980785 -4.16334e-14
vn -0.157862 0.987461 -4.16334e-14
vn -0.204692 0.978826 -4.16334e-14
vn -0.14472 0.989473 -4.16334e-14
vn -0.0980171 0.995185 -4.16334e-14
vn -0.0777099 0.996976 -3.46945e-14
vn 2.78691e-15 1 -2.70841e-15
vn -0.707107 0.707107 -4.16334e-14
vn -0.408248 0.816497 -0.408248
vn -0.346981 0.871326 -0.346981
vn -0.346602 0.871627 -0.346602
vn -0.282065 0.916995 -0.282065
vn -0.281268 0.917484 -0.281268
vn -0.214183 0.953022 -0.214183
vn -0.212942 0.953578 -0.212942
vn -0.14405 0.97903 -0.14405
vn -0.0724026 0.994744 -0.0724026
vn -0.14235 0.979527 -0.14235
vn -0.14405 0.97903 -0.14405
vn -7.60323e-16 1 -5.82347e-16
vn -0.0702429 0.995054 -0.0702429
vn -0.0724026 0.994744 -0.0724026
vn -0.346981 0.871326 -0.346981
vn -0.467113 0.750741 -0.467113
vn -0.408672 0.749958 -0.520145
vn -0.468349 0.67607 -0.56884
vn -0.518594 0.679794 -0.518594
vn -0.520727 0.676526 -0.520727
vn -0.52269 0.594481 -0.611054
vn -0.566872 0.597756 -0.566872
vn -0.418654 0.664939 -0.618535
vn -0.478992 0.584694 -0.654752
vn -0.370054 0.646523 -0.667135
vn -0.436258 0.5685 -0.697487
vn -0.323081 0.621023 -0.714107
vn -0.040878 0.0707652 -0.996655
vn -0.0379069 -2.60181e-15 -0.999281
vn -0.0980267 0 -0.995184
vn -0.14651 0.0624825 -0.987234
vn -0.568479 0.594696 -0.568479
vn -0.571077 0.50612 -0.646307
vn -0.608692 0.508908 -0.608692
vn -0.533875 0.497787 -0.68351
vn -0.497492 0.484 -0.719893
vn -0.394954 0.546077 -0.73879
vn -0.462327 0.464911 -0.755057
vn -0.355533 0.517672 -0.778211
vn -0.428766 0.440727 -0.788618
vn -0.318429 0.483595 -0.815316
vn -0.397176 0.411715 -0.820208
vn -0.284046 0.444219 -0.849698
vn -0.367904 0.378192 -0.84948
vn -0.252762 0.399977 -0.880982
vn -0.34127 0.340526 -0.876115
vn -0.224919 0.351352 -0.908825
vn -0.317566 0.299129 -0.899819
vn -0.200823 0.298878 -0.932921
vn -0.297051 0.254454 -0.920334
vn -0.180737 0.243129 -0.953007
vn -0.279951 0.206992 -0.937434
vn -0.164882 0.184717 -0.968862
vn -0.266452 0.157261 -0.950932
vn -0.153431 0.12428 -0.980313
vn -0.256704 0.105808 -0.960681
vn -0.250811 0.0531954 -0.966573
vn -0.195088 0 -0.980786
vn -0.144195 -1.49483e-15 -0.989549
vn -0.609832 0.506171 -0.609832
vn -0.612959 0.411993 -0.674198
vn -0.643578 0.414263 -0.643578
vn -0.582675 0.40521 -0.704482
vn -0.553059 0.393987 -0.734098
vn -0.524434 0.378448 -0.762723
vn -0.497114 0.358762 -0.790042
vn -0.4714 0.335146 -0.815757
vn -0.447571 0.307857 -0.839586
vn -0.42589 0.277196 -0.861266
vn -0.406595 0.243498 -0.880562
vn -0.389895 0.207131 -0.897262
vn -0.375975 0.168496 -0.911181
vn -0.364987 0.128014 -0.92217
vn -0.357052 0.0861301 -0.930105
vn -0.352255 0.0433023 -0.934902
vn -0.290271 0 -0.956944
vn -0.24884 3.68248e-16 -0.968545
vn -0.644321 0.411949 -0.644321
vn -0.647858 0.313173 -0.694408
vn -0.671133 0.314898 -0.671133
vn -0.624838 0.308017 -0.717428
vn -0.602325 0.299486 -0.739941
vn -0.580566 0.287674 -0.7617
vn -0.5598 0.27271 -0.782466
vn -0.540253 0.254758 -0.802013
vn -0.52214 0.234015 -0.820126
vn -0.505659 0.210708 -0.836607
vn -0.490992 0.185093 -0.851274
vn -0.478298 0.157449 -0.863968
vn -0.467717 0.128081 -0.874549
vn -0.459364 0.0973089 -0.882902
vn -0.453332 0.065471 -0.888934
vn -0.449686 0.0329158 -0.89258
vn -0.382662 0 -0.923889
vn -0.35065 5.12944e-16 -0.936506
vn -0.671556 0.313089 -0.671556
vn -0.675377 0.210785 -0.706708
vn -0.691042 0.211947 -0.691042
vn -0.659883 0.207315 -0.722202
vn -0.64473 0.201573 -0.737354
vn -0.630085 0.193623 -0.751999
vn -0.616108 0.183551 -0.765977
vn -0.602952 0.171468 -0.779133
vn -0.59076 0.157507 -0.791324
vn -0.579668 0.14182 -0.802416
vn -0.569796 0.124579 -0.812289
vn -0.561252 0.105973 -0.820832
vn -0.55413 0.0862064 -0.827954
vn -0.548508 0.0654951 -0.833576
vn -0.544448 0.0440662 -0.837636
vn -0.541994 0.0221544 -0.84009
vn -0.471371 0 -0.881935
vn -0.448466 1.98323e-15 -0.8938
vn -0.691232 0.210705 -0.691232
vn -0.695202 0.105996 -0.710957
vn -0.703079 0.10658 -0.703079
vn -0.68741 0.104251 -0.718748
vn -0.679791 0.101364 -0.726368
vn -0.672426 0.097366 -0.733732
vn -0.665397 0.0923013 -0.740761
vn -0.658782 0.0862253 -0.747377
vn -0.652651 0.0792046 -0.753507
vn -0.647073 0.0713162 -0.759085
vn -0.642109 0.0626464 -0.76405
vn -0.637812 0.0532902 -0.768346
vn -0.634231 0.0433501 -0.771927
vn -0.631404 0.0329351 -0.774754
vn -0.629362 0.0221593 -0.776796
vn -0.628128 0.0111407 -0.77803
vn -0.555547 0 -0.831485
vn -0.541173 3.52875e-15 -0.840911
vn -0.707107 0 -0.707107
vn -0.703127 0.105949 -0.703127
vn -0.627715 -1.00828e-15 -0.778443
vn -0.634379 0 -0.773022
vn -0.464408 0.754089 -0.464408
vn -0.386961 0.773923 -0.501303
vn -0.386831 0.773663 -0.501804
vn -0.408248 0.816497 -0.408248
vn -0.370791 0.741582 -0.559079
vn -0.363662 0.727323 -0.582024
vn -0.361447 0.722894 -0.58888
vn -0.331984 0.663968 -0.670025
vn -0.314796 0.629592 -0.710294
vn -0.298894 0.597788 -0.743849
vn -0.289642 0.579284 -0.76193
vn -0.30361 0.607221 -0.734237
vn -0.262539 0.525078 -0.809547
vn -0.238602 0.477205 -0.84578
vn -0.223315 0.446631 -0.866401
vn -0.185877 0.371755 -0.909532
vn -0.181652 0.363304 -0.91379
vn -0.138005 0.276009 -0.951196
vn -0.130067 0.260135 -0.956772
vn -0.0928493 0.185699 -0.97821
vn -0.0466796 0.0933592 -0.994538
vn -0.0421288 0.0842575 -0.995553
vn -0.0688308 0.137662 -0.988085
vn -0.0355226 0.0710451 -0.99684
vn -4.16334e-14 -2.77556e-14 -1
vn -0.707107 0 -0.707107
vn -0.408248 0.816497 -0.408248
vn -0.0466796 0.0933592 -0.994538
vn -0.0355226 0.0710451 -0.99684
vn -0.0421288 0.0842575 -0.995553
vn -2.61334e-14 5.22668e-14 -1
vn -0.0928493 0.185699 -0.97821
vn -0.0626262 0.125252 -0.990146
vn -0.0688308 0.137662 -0.988085
vn -0.0466796 0.0933592 -0.994538
vn -0.0476149 0.0952299 -0.994316
vn -0.0928493 0.185699 -0.97821
vn -0.110197 0.220395 -0.969166
vn -0.0992267 0.198453 -0.975075
vn -0.130067 0.260135 -0.956772
vn -0.138005 0.276009 -0.951196
vn -0.153599 0.307198 -0.939168
vn -0.147055 0.29411 -0.944391
vn -0.176266 0.352532 -0.919049
vn -0.181652 0.363304 -0.91379
vn -0.219535 0.43907 -0.871218
vn -0.214365 0.428729 -0.877632
vn -0.199145 0.398289 -0.895381
vn -0.185877 0.371755 -0.909532
vn -0.223315 0.446631 -0.866401
vn -0.262539 0.525078 -0.809547
vn -0.251123 0.502245 -0.827458
vn -0.223315 0.446631 -0.866401
vn -0.238602 0.477205 -0.84578
vn -0.289642 0.579284 -0.76193
vn -0.27712 0.554239 -0.784872
vn -0.298894 0.597788 -0.743849
vn -0.331984 0.663968 -0.670025
vn -0.311013 0.622026 -0.718578
vn -0.314796 0.629592 -0.710294
vn -0.30361 0.607221 -0.734237
vn -0.300071 0.600142 -0.741476
vn -0.298894 0.597788 -0.743849
vn -0.331984 0.663968 -0.670025
vn -0.343872 0.687744 -0.639343
vn -0.332393 0.664785 -0.669011
vn -0.361447 0.722894 -0.58888
vn -0.355289 0.710577 -0.60733
vn -0.386961 0.773923 -0.501303
vn -0.370791 0.741582 -0.559079
vn -0.386831 0.773663 -0.501804
vn -0.363662 0.727323 -0.582024
vn -0.367366 0.734732 -0.570272
vn -0.366366 0.732732 -0.573481
vn -0.380353 0.760706 -0.525983
vn -0.386961 0.773923 -0.501303
vn -0.408248 0.816497 -0.408248
vn -0.400323 0.800645 -0.445768
vn -0.394091 0.788181 -0.472718
vn -0.333236 0.812153 -0.478917
vn -0.332082 0.812022 -0.47994
vn -0.387013 0.816135 -0.429122
vn -0.408248 0.816497 -0.408248
vn -0.254678 0.799168 -0.54449
vn -0.252294 0.79865 -0.546357
vn -0.314236 0.80976 -0.495524
vn -0.332102 0.812024 -0.479922
vn -0.17341 0.77768 -0.60427
vn -0.169744 0.77653 -0.606786
vn -0.238397 0.795494 -0.557097
vn -0.252317 0.798655 -0.546338
vn -0.0902967 0.747918 -0.657621
vn -0.0853374 0.745903 -0.660565
vn -0.160234 0.773474 -0.61324
vn -0.169768 0.776537 -0.606769
vn -0.0853581 0.745911 -0.660553
vn -0.0805093 0.743916 -0.663406
vn -0.00622297 0.710198 -0.703975
vn -1.0056e-14 0.707107 -0.707107
vn -0.0724026 0.994744 -0.0724026
vn -0.0353359 0.993493 -0.108271
vn -0.113968 0.978258 -0.173269
vn -0.14235 0.979527 -0.14235
vn -0.00517768 0.988842 -0.148875
vn -0.14405 0.97903 -0.14405
vn -0.191387 0.952615 -0.236424
vn -0.212942 0.953578 -0.212942
vn -0.0884342 0.974466 -0.206388
vn -0.171995 0.949734 -0.261576
vn -0.066029 0.968191 -0.241342
vn -0.154979 0.944969 -0.288123
vn -0.0469975 0.959503 -0.277749
vn -0.140526 0.938371 -0.315772
vn -0.0315483 0.948497 -0.315211
vn -0.128793 0.930012 -0.344223
vn -0.0198506 0.935294 -0.353316
vn -0.119909 0.919985 -0.373162
vn -0.0120326 0.920037 -0.391647
vn -0.113971 0.908398 -0.402273
vn -0.00817995 0.902895 -0.429784
vn -0.111045 0.895379 -0.431237
vn -0.00833484 0.884054 -0.46731
vn -0.111163 0.88107 -0.459737
vn -0.0124956 0.863722 -0.503813
vn -0.114323 0.865629 -0.487459
vn -0.0206166 0.842122 -0.538893
vn -0.12049 0.849224 -0.514101
vn -0.0326089 0.819489 -0.572167
vn -0.129598 0.832036 -0.539371
vn -0.0483411 0.796072 -0.603268
vn -0.141546 0.814251 -0.562991
vn -0.0676408 0.772128 -0.631857
vn -0.0902967 0.747918 -0.657621
vn -0.169768 0.776537 -0.606769
vn -0.156203 0.796066 -0.584704
vn -0.214183 0.953022 -0.214183
vn -0.26677 0.916835 -0.297063
vn -0.281268 0.917484 -0.281268
vn -0.253726 0.914898 -0.313982
vn -0.242281 0.911693 -0.331838
vn -0.232559 0.907255 -0.350436
vn -0.224666 0.901632 -0.369573
vn -0.218691 0.894887 -0.389039
vn -0.214697 0.887094 -0.40862
vn -0.212729 0.878337 -0.428102
vn -0.212808 0.868712 -0.447272
vn -0.214933 0.858326 -0.465919
vn -0.219082 0.847291 -0.483839
vn -0.225208 0.83573 -0.500837
vn -0.233245 0.823767 -0.516725
vn -0.17341 0.77768 -0.60427
vn -0.252317 0.798655 -0.546338
vn -0.243104 0.811535 -0.531329
vn -0.282065 0.916995 -0.282065
vn -0.339314 0.871301 -0.354542
vn -0.346602 0.871627 -0.346602
vn -0.332757 0.870327 -0.363046
vn -0.327004 0.868716 -0.372022
vn -0.322117 0.866485 -0.381371
vn -0.31815 0.863659 -0.390991
vn -0.315146 0.860269 -0.400776
vn -0.313139 0.856351 -0.410618
vn -0.312149 0.851949 -0.420412
vn -0.312189 0.847111 -0.430048
vn -0.313257 0.84189 -0.439421
vn -0.315343 0.836343 -0.448429
vn -0.318422 0.830531 -0.456974
vn -0.322462 0.824518 -0.46496
vn -0.254678 0.799168 -0.54449
vn -0.332102 0.812024 -0.479922
vn -0.327418 0.81837 -0.472301
vn -0.408248 0.816497 -0.408248
vn -0.346981 0.871326 -0.346981
vn -0.0702429 0.995054 -0.0702429
vn 0 1 0
vn 0 0.996976 -0.0777099
vn 0 0.995185 -0.0980171
vn 0 0.989473 -0.14472
vn 0 0.980785 -0.19509
vn 0 0.978826 -0.204692
vn 0 0.987461 -0.157862
vn 0 0.966516 -0.256607
vn 0 0.95694 -0.290285
vn 0 0.93735 -0.34839
vn 0 0.92388 -0.382683
vn 0 0.90313 -0.429368
vn 0 0.881921 -0.471397
vn 0 0.862669 -0.505769
vn 0 0.83147 -0.55557
vn 0 0.812865 -0.582452
vn 0 0.77301 -0.634393
vn -0.0853581 0.745911 -0.660553
vn 0 0.747618 -0.66413
vn 0 0.717776 -0.696274
vn -0.00622297 0.710198 -0.703975
vn 0 0.707107 -0.707107
vn -0.408248 0.816497 -0.408248
vn -0.333236 0.812153 -0.478917
vn -1.22465e-16 1 0
vn 0.0724026 0.994744 -0.0724026
vn 0.108271 0.993493 -0.0353359
vn 0.173269 0.978258 -0.113968
vn 0.14235 0.979527 -0.14235
vn 0.148875 0.988842 -0.00517768
vn 0.14405 0.97903 -0.14405
vn 0.236424 0.952615 -0.191387
vn 0.212942 0.953578 -0.212942
vn 0.206388 0.974466 -0.0884342
vn 0.261576 0.949734 -0.171995
vn 0.241342 0.968191 -0.066029
vn 0.288123 0.944969 -0.154979
vn 0.277749 0.959503 -0.0469975
vn 0.315772 0.938371 -0.140526
vn 0.315211 0.948497 -0.0315483
vn 0.344223 0.930012 -0.128793
vn 0.353316 0.935294 -0.0198506
vn 0.373162 0.919985 -0.119909
vn 0.391647 0.920037 -0.0120326
vn 0.402273 0.908398 -0.113971
vn 0.429784 0.902895 -0.00817995
vn 0.431237 0.895379 -0.111045
vn 0.46731 0.884054 -0.00833484
vn 0.459737 0.88107 -0.111163
vn 0.503813 0.863722 -0.0124956
vn 0.487459 0.865629 -0.114323
vn 0.538893 0.842122 -0.0206166
vn 0.514101 0.849224 -0.12049
vn 0.572167 0.819489 -0.0326089
vn 0.539371 0.832036 -0.129598
vn 0.603268 0.796072 -0.0483411
vn 0.562991 0.814251 -0.141546
vn 0.631857 0.772128 -0.0676408
vn 0.657621 0.747918 -0.0902967
vn 0.606769 0.776537 -0.169768
vn 0.584704 0.796066 -0.156203
vn 0.214183 0.953022 -0.214183
vn 0.297063 0.916835 -0.26677
vn 0.281268 0.917484 -0.281268
vn 0.313982 0.914898 -0.253726
vn 0.331838 0.911693 -0.242281
vn 0.350436 0.907255 -0.232559
vn 0.369573 0.901632 -0.224666
vn 0.389039 0.894887 -0.218691
vn 0.40862 0.887094 -0.214697
vn 0.428102 0.878337 -0.212729
vn 0.447272 0.868712 -0.212808
vn 0.465919 0.858326 -0.214933
vn 0.483839 0.847291 -0.219082
vn 0.500837 0.83573 -0.225208
vn 0.516725 0.823767 -0.233245
vn 0.60427 0.77768 -0.17341
vn 0.546338 0.798655 -0.252317
vn 0.531329 0.811535 -0.243104
vn 0.282065 0.916995 -0.282065
vn 0.354542 0.871301 -0.339314
vn 0.346602 0.871627 -0.346602
vn 0.363046 0.870327 -0.332757
vn 0.372022 0.868716 -0.327004
vn 0.381371 0.866485 -0.322117
vn 0.390991 0.863659 -0.31815
vn 0.400776 0.860269 -0.315146
vn 0.410618 0.856351 -0.313139
vn 0.420412 0.851949 -0.312149
vn 0.430048 0.847111 -0.312189
vn 0.439421 0.84189 -0.313257
vn 0.448429 0.836343 -0.315343
vn 0.456974 0.830531 -0.318422
vn 0.46496 0.824518 -0.322462
vn 0.54449 0.799168 -0.254678
vn 0.479922 0.812024 -0.332102
vn 0.472301 0.81837 -0.327418
vn 0.408248 0.816497 -0.408248
vn 0.346981 0.871326 -0.346981
vn 0.0702429 0.995054 -0.0702429
vn 0 1 2.08167e-14
vn 0.0777099 0.996976 2.08167e-14
vn 0.0980171 0.995185 2.08167e-14
vn 0.14472 0.989473 2.08167e-14
vn 0.19509 0.980785 2.08167e-14
vn 0.204692 0.978826 2.08167e-14
vn 0.157862 0.987461 2.08167e-14
vn 0.290285 0.95694 2.08167e-14
vn 0.304635 0.952469 2.08167e-14
vn 0.382683 0.92388 2.08167e-14
vn 0.390002 0.920814 2.08167e-14
vn 0.429368 0.90313 2.08167e-14
vn 0.471397 0.881921 2.08167e-14
vn 0.505769 0.862669 2.08167e-14
vn 0.55557 0.83147 2.08167e-14
vn 0.582452 0.812865 2.08167e-14
vn 0.634393 0.77301 2.08167e-14
vn 0.660553 0.745911 -0.0853581
vn 0.66413 0.747618 6.93889e-15
vn 0.696274 0.717776 -1.04083e-14
vn 0.703975 0.710198 -0.00622297
vn 0.707107 0.707107 -1.75495e-14
vn 0.408248 0.816497 -0.408248
vn 0.478917 0.812153 -0.333236
vn -1.21875e-16 0.995185 -0.0980171
vn 0 0.996976 -0.0777099
vn -1.22465e-16 1 1.22465e-16
vn -1.20112e-16 0.980785 -0.19509
vn 0 0.987461 -0.157862
vn 0 0.989473 -0.14472
vn -1.21875e-16 0.995185 -0.0980171
vn -1.17191e-16 0.95694 -0.290285
vn 0 0.966516 -0.256607
vn 0 0.978826 -0.204692
vn -1.20112e-16 0.980785 -0.19509
vn -1.13143e-16 0.92388 -0.382683
vn 0 0.93735 -0.34839
vn -1.17191e-16 0.95694 -0.290285
vn -1.08004e-16 0.881921 -0.471397
vn 0 0.90313 -0.429368
vn -1.13143e-16 0.92388 -0.382683
vn -1.01826e-16 0.83147 -0.55557
vn 0 0.862669 -0.505769
vn -1.08004e-16 0.881921 -0.471397
vn -9.46665e-17 0.77301 -0.634393
vn 0 0.812865 -0.582452
vn -1.01826e-16 0.83147 -0.55557
vn -8.65956e-17 0.707107 -0.707107
vn 0 0.717776 -0.696274
vn 0 0.747618 -0.66413
vn -9.46665e-17 0.77301 -0.634393
vn -8.65956e-17 0.707107 -0.707107
vn 0.408248 0.816497 -0.408248
vn 0.346981 0.871326 -0.346981
vn 0.346602 0.871627 -0.346602
vn 0.282065 0.916995 -0.282065
vn 0.281268 0.917484 -0.281268
vn 0.214183 0.953022 -0.214183
vn 0.212942 0.953578 -0.212942
vn 0.14405 0.97903 -0.14405
vn 0.14235 0.979527 -0.14235
vn 0.0724026 0.994744 -0.0724026
vn -1.90205e-15 1 1.77958e-15
vn 0.0702429 0.995054 -0.0702429
vn 0.14405 0.97903 -0.14405
vn 0.346981 0.871326 -0.346981
vn 0.0884342 0.974466 -0.206388
vn 0.00517768 0.988842 -0.148875
vn 0.0353359 0.993493 -0.108271
vn 0.0724026 0.994744 -0.0724026
vn 0.14235 0.979527 -0.14235
vn 0.113968 0.978258 -0.173269
vn 0.0702429 0.995054 -0.0702429
vn 0.0676408 0.772128 -0.631857
vn 0.156203 0.796066 -0.584704
vn 0.169768 0.776537 -0.606769
vn 0.17341 0.77768 -0.60427
vn 0.0483411 0.796072 -0.603268
vn 0.141546 0.814251 -0.562991
vn 0.0326089 0.819489 -0.572167
vn 0.129598 0.832036 -0.539371
vn 0.0206166 0.842122 -0.538893
vn 0.12049 0.849224 -0.514101
vn 0.0124956 0.863722 -0.503813
vn 0.114323 0.865629 -0.487459
vn 0.00833484 0.884054 -0.46731
vn 0.111163 0.88107 -0.459737
vn 0.00817995 0.902895 -0.429784
vn 0.111045 0.895379 -0.431237
vn 0.0120326 0.920037 -0.391647
vn 0.113971 0.908398 -0.402273
vn 0.0198506 0.935294 -0.353316
vn 0.119909 0.919985 -0.373162
vn 0.0315483 0.948497 -0.315211
vn 0.128793 0.930012 -0.344223
vn 0.0469975 0.959503 -0.277749
vn 0.140526 0.938371 -0.315772
vn 0.066029 0.968191 -0.241342
vn 0.154979 0.944969 -0.288123
vn 0.171995 0.949734 -0.261576
vn 0.14405 0.97903 -0.14405
vn 0.212942 0.953578 -0.212942
vn 0.191387 0.952615 -0.236424
vn 0.243104 0.811535 -0.531329
vn 0.252317 0.798655 -0.546338
vn 0.254678 0.799168 -0.54449
vn 0.233245 0.823767 -0.516725
vn 0.225208 0.83573 -0.500837
vn 0.219082 0.847291 -0.483839
vn 0.214933 0.858326 -0.465919
vn 0.212808 0.868712 -0.447272
vn 0.212729 0.878337 -0.428102
vn 0.214697 0.887094 -0.40862
vn 0.218691 0.894887 -0.389039
vn 0.224666 0.901632 -0.369573
vn 0.232559 0.907255 -0.350436
vn 0.242281 0.911693 -0.331838
vn 0.253726 0.914898 -0.313982
vn 0.214183 0.953022 -0.214183
vn 0.281268 0.917484 -0.281268
vn 0.26677 0.916835 -0.297063
vn 0.327418 0.81837 -0.472301
vn 0.332102 0.812024 -0.479922
vn 0.333236 0.812153 -0.478917
vn 0.322462 0.824518 -0.46496
vn 0.318422 0.830531 -0.456974
vn 0.315343 0.836343 -0.448429
vn 0.313257 0.84189 -0.439421
vn 0.312189 0.847111 -0.430048
vn 0.312149 0.851949 -0.420412
vn 0.313139 0.856351 -0.410618
vn 0.315146 0.860269 -0.400776
vn 0.31815 0.863659 -0.390991
vn 0.322117 0.866485 -0.381371
vn 0.327004 0.868716 -0.372022
vn 0.332757 0.870327 -0.363046
vn 0.282065 0.916995 -0.282065
vn 0.346602 0.871627 -0.346602
vn 0.339314 0.871301 -0.354542
vn 0.346981 0.871326 -0.346981
vn 0.0853581 0.745911 -0.660553
vn 0 0.717776 -0.696274
vn 0 0.747618 -0.66413
vn 0.00622297 0.710198 -0.703975
vn 0.0902967 0.747918 -0.657621
vn 0 0.77301 -0.634393
vn 0 0.812865 -0.582452
vn 0 0.83147 -0.55557
vn 0 0.862669 -0.505769
vn 0 0.881921 -0.471397
vn 0 0.90313 -0.429368
vn 0 0.92388 -0.382683
vn 0 0.93735 -0.34839
vn 0 0.95694 -0.290285
vn 0 0.966516 -0.256607
vn 0 0.980785 -0.19509
vn 0 0.987461 -0.157862
vn 0 0.978826 -0.204692
vn 0 0.989473 -0.14472
vn 0 0.995185 -0.0980171
vn 0 0.996976 -0.0777099
vn 1.49551e-14 1 1.51121e-14
vn 0 0.707107 -0.707107
vn 0.408248 0.816497 -0.408248
vn 0.467113 0.750741 -0.467113
vn 0.518594 0.679794 -0.518594
vn 0.468349 0.67607 -0.56884
vn 0.408672 0.749958 -0.520145
vn 0.464408 0.754089 -0.464408
vn 0.040878 0.0707652 -0.996655
vn 0.14651 0.0624825 -0.987234
vn 0.0980267 2.77556e-14 -0.995184
vn 0.144195 0 -0.989549
vn 0.394954 0.546077 -0.73879
vn 0.323081 0.621023 -0.714107
vn 0.370054 0.646523 -0.667135
vn 0.436258 0.5685 -0.697487
vn 0.418654 0.664939 -0.618535
vn 0.478992 0.584694 -0.654752
vn 0.520727 0.676526 -0.520727
vn 0.566872 0.597756 -0.566872
vn 0.52269 0.594481 -0.611054
vn 0.250811 0.0531954 -0.966573
vn 0.24884 0 -0.968545
vn 0.195088 2.77556e-14 -0.980786
vn 0.153431 0.12428 -0.980313
vn 0.256704 0.105808 -0.960681
vn 0.164882 0.184717 -0.968862
vn 0.266452 0.157261 -0.950932
vn 0.180737 0.243129 -0.953007
vn 0.279951 0.206992 -0.937434
vn 0.200823 0.298878 -0.932921
vn 0.297051 0.254454 -0.920334
vn 0.224919 0.351352 -0.908825
vn 0.317566 0.299129 -0.899819
vn 0.252762 0.399977 -0.880982
vn 0.34127 0.340526 -0.876115
vn 0.284046 0.444219 -0.849698
vn 0.367904 0.378192 -0.84948
vn 0.318429 0.483595 -0.815316
vn 0.397176 0.411715 -0.820208
vn 0.355533 0.517672 -0.778211
vn 0.428766 0.440727 -0.788618
vn 0.462327 0.464911 -0.755057
vn 0.497492 0.484 -0.719893
vn 0.533875 0.497787 -0.68351
vn 0.568479 0.594696 -0.568479
vn 0.608692 0.508908 -0.608692
vn 0.571077 0.50612 -0.646307
vn 0.352255 0.0433023 -0.934902
vn 0.35065 0 -0.936506
vn 0.290271 1.38778e-14 -0.956944
vn 0.357052 0.0861301 -0.930105
vn 0.364987 0.128014 -0.92217
vn 0.375975 0.168496 -0.911181
vn 0.389895 0.207131 -0.897262
vn 0.406595 0.243498 -0.880562
vn 0.42589 0.277196 -0.861266
vn 0.447571 0.307857 -0.839586
vn 0.4714 0.335146 -0.815757
vn 0.497114 0.358762 -0.790042
vn 0.524434 0.378448 -0.762723
vn 0.553059 0.393987 -0.734098
vn 0.582675 0.40521 -0.704482
vn 0.609832 0.506171 -0.609832
vn 0.643578 0.414263 -0.643578
vn 0.612959 0.411993 -0.674198
vn 0.449686 0.0329158 -0.89258
vn 0.448466 0 -0.8938
vn 0.382662 1.38778e-14 -0.923889
vn 0.453332 0.065471 -0.888934
vn 0.459364 0.0973089 -0.882902
vn 0.467717 0.128081 -0.874549
vn 0.478298 0.157449 -0.863968
vn 0.490992 0.185093 -0.851274
vn 0.505659 0.210708 -0.836607
vn 0.52214 0.234015 -0.820126
vn 0.540253 0.254758 -0.802013
vn 0.5598 0.27271 -0.782466
vn 0.580566 0.287674 -0.7617
vn 0.602325 0.299486 -0.739941
vn 0.624838 0.308017 -0.717428
vn 0.644321 0.411949 -0.644321
vn 0.671133 0.314898 -0.671133
vn 0.647858 0.313173 -0.694408
vn 0.541994 0.0221544 -0.84009
vn 0.541173 0 -0.840911
vn 0.471371 1.38778e-14 -0.881935
vn 0.544448 0.0440662 -0.837636
vn 0.548508 0.0654951 -0.833576
vn 0.55413 0.0862064 -0.827954
vn 0.561252 0.105973 -0.820832
vn 0.569796 0.124579 -0.812289
vn 0.579668 0.14182 -0.802416
vn 0.59076 0.157507 -0.791324
vn 0.602952 0.171468 -0.779133
vn 0.616108 0.183551 -0.765977
vn 0.630085 0.193623 -0.751999
vn 0.64473 0.201573 -0.737354
vn 0.659883 0.207315 -0.722202
vn 0.671556 0.313089 -0.671556
vn 0.691042 0.211947 -0.691042
vn 0.675377 0.210785 -0.706708
vn 0.628128 0.0111407 -0.77803
vn 0.627715 0 -0.778443
vn 0.555547 1.38778e-14 -0.831485
vn 0.629362 0.0221593 -0.776796
vn 0.631404 0.0329351 -0.774754
vn 0.634231 0.0433501 -0.771927
vn 0.637812 0.0532902 -0.768346
vn 0.642109 0.0626464 -0.76405
vn 0.647073 0.0713162 -0.759085
vn 0.652651 0.0792046 -0.753507
vn 0.658782 0.0862253 -0.747377
vn 0.665397 0.0923013 -0.740761
vn 0.672426 0.097366 -0.733732
vn 0.679791 0.101364 -0.726368
vn 0.68741 0.104251 -0.718748
vn 0.691232 0.210705 -0.691232
vn 0.703079 0.10658 -0.703079
vn 0.695202 0.105996 -0.710957
vn 0.707107 0 -0.707107
vn 0.634379 0 -0.773022
vn 0.703127 0.105949 -0.703127
vn 0.0379069 0 -0.999281
vn 0 1.38778e-14 -1
vn 0.0355226 0.0710451 -0.99684
vn 0.0466796 0.0933592 -0.994538
vn 0.0688308 0.137662 -0.988085
vn 0.0421288 0.0842575 -0.995553
vn 0.0928493 0.185699 -0.97821
vn 0.130067 0.260135 -0.956772
vn 0.138005 0.276009 -0.951196
vn 0.181652 0.363304 -0.91379
vn 0.185877 0.371755 -0.909532
vn 0.223315 0.446631 -0.866401
vn 0.238602 0.477205 -0.84578
vn 0.262539 0.525078 -0.809547
vn 0.298894 0.597788 -0.743849
vn 0.30361 0.607221 -0.734237
vn 0.289642 0.579284 -0.76193
vn 0.314796 0.629592 -0.710294
vn 0.361447 0.722894 -0.58888
vn 0.331984 0.663968 -0.670025
vn 0.363662 0.727323 -0.582024
vn 0.370791 0.741582 -0.559079
vn 0.386831 0.773663 -0.501804
vn 0.386961 0.773923 -0.501303
vn 0.408248 0.816497 -0.408248
vn 0.707107 0 -0.707107
vn 0 0 -1
vn -8.65956e-17 0.707107 -0.707107
vn 0 0.195083 -0.980787
vn -0.0580401 0.193761 -0.97933
vn -0.0492575 0.28928 -0.955976
vn 5.80473e-17 0.287465 -0.957791
vn 0 0.290278 -0.956942
vn -0.0399947 0.381979 -0.923305
vn 4.71317e-17 0.380506 -0.924779
vn -0.0979815 0.294704 -0.950552
vn -0.0795564 0.386383 -0.918901
vn -0.144725 0.304496 -0.941455
vn 0 0.382679 -0.923882
vn -0.0303422 0.470955 -0.881635
vn 3.57567e-17 0.469838 -0.882753
vn -0.0603558 0.474297 -0.878294
vn -0.118257 0.393671 -0.911613
vn -0.0897159 0.479826 -0.872765
vn -0.155676 0.403763 -0.901521
vn -0.118104 0.487482 -0.865109
vn -0.19141 0.41655 -0.888734
vn -0.367366 0.734732 -0.570272
vn -0.353381 0.760435 -0.544849
vn -0.268094 0.758073 -0.594518
vn -0.335626 0.785819 -0.519466
vn -0.314236 0.80976 -0.495524
vn -0.252294 0.79865 -0.546357
vn -0.254624 0.77733 -0.57526
vn 0 0.471393 -0.881923
vn -0.0203939 0.555342 -0.831372
vn 2.40332e-17 0.55459 -0.832124
vn -0.040567 0.557588 -0.829126
vn -0.0603008 0.561304 -0.82541
vn -0.0793816 0.56645 -0.820264
vn -0.145214 0.497183 -0.855408
vn -0.0976028 0.57297 -0.813744
vn -0.170751 0.508823 -0.843767
vn -0.114767 0.580794 -0.80592
vn -0.194439 0.522277 -0.830313
vn -0.130689 0.589837 -0.796877
vn -0.216022 0.537399 -0.815191
vn -0.145195 0.600001 -0.786713
vn -0.235265 0.554025 -0.798565
vn -0.158129 0.611175 -0.775538
vn -0.251961 0.571975 -0.780615
vn -0.169351 0.62324 -0.763474
vn -0.265928 0.591055 -0.761536
vn -0.178738 0.636064 -0.75065
vn -0.277016 0.611057 -0.741533
vn -0.186191 0.649509 -0.737205
vn -0.285103 0.631767 -0.720824
vn -0.191627 0.663428 -0.723286
vn -0.290104 0.652958 -0.699633
vn -0.194988 0.677671 -0.709043
vn -0.291963 0.674402 -0.678189
vn -0.196237 0.692084 -0.694629
vn -0.29066 0.695866 -0.656724
vn -0.195362 0.706511 -0.680203
vn -0.28621 0.717119 -0.635471
vn -0.192371 0.720796 -0.665918
vn -0.278661 0.73793 -0.614661
vn -0.187297 0.734783 -0.651931
vn -0.180194 0.748322 -0.638392
vn -0.238397 0.795494 -0.557097
vn -0.169744 0.77653 -0.606786
vn -0.171141 0.761266 -0.625448
vn 0 0.555568 -0.831471
vn -0.0102469 0.634315 -0.773007
vn 1.20754e-17 0.633938 -0.773384
vn -0.0203828 0.635444 -0.771878
vn -0.0302981 0.637311 -0.770011
vn -0.0398852 0.639897 -0.767425
vn -0.0490404 0.643173 -0.764149
vn -0.0576646 0.647104 -0.760218
vn -0.0656643 0.651647 -0.755674
vn -0.072953 0.656754 -0.750568
vn -0.0794517 0.662369 -0.744953
vn -0.08509 0.668431 -0.738891
vn -0.0898069 0.674874 -0.732448
vn -0.0935513 0.681629 -0.725692
vn -0.0962826 0.688623 -0.718699
vn -0.0979714 0.69578 -0.711542
vn -0.0985992 0.703022 -0.7043
vn -0.0981593 0.71027 -0.697052
vn -0.0966565 0.717448 -0.689874
vn -0.094107 0.724476 -0.682846
vn -0.0905384 0.731278 -0.676044
vn -0.160234 0.773474 -0.61324
vn -0.0853374 0.745903 -0.660565
vn -0.0859894 0.737782 -0.66954
vn 0 0.707107 -0.707107
vn 0 0.634392 -0.773011
vn 7.80805e-17 0.0939128 -0.99558
vn 8.65956e-17 7.4988e-33 -1
vn -0.0466796 0.0933592 -0.994538
vn 6.83972e-17 0.191623 -0.981469
vn 0 0.0980084 -0.995186
vn -0.0626262 0.125252 -0.990146
vn -0.0476149 0.0952299 -0.994316
vn -0.0928493 0.185699 -0.97821
vn -0.110197 0.220395 -0.969166
vn -0.0992267 0.198453 -0.975075
vn -0.138005 0.276009 -0.951196
vn -0.147055 0.29411 -0.944391
vn -0.153599 0.307198 -0.939168
vn -0.176266 0.352532 -0.919049
vn -0.181652 0.363304 -0.91379
vn -0.199145 0.398289 -0.895381
vn -0.214365 0.428729 -0.877632
vn -0.219535 0.43907 -0.871218
vn -0.223315 0.446631 -0.866401
vn -0.251123 0.502245 -0.827458
vn -0.262539 0.525078 -0.809547
vn -0.27712 0.554239 -0.784872
vn -0.298894 0.597788 -0.743849
vn -0.300071 0.600142 -0.741476
vn -0.311013 0.622026 -0.718578
vn -0.331984 0.663968 -0.670025
vn -0.332393 0.664785 -0.669011
vn -0.343872 0.687744 -0.639343
vn -0.355289 0.710577 -0.60733
vn -0.361447 0.722894 -0.58888
vn -0.366366 0.732732 -0.573481
vn -0.380353 0.760706 -0.525983
vn -0.386961 0.773923 -0.501303
vn -0.332082 0.812022 -0.47994
vn -0.394091 0.788181 -0.472718
vn -0.400323 0.800645 -0.445768
vn -0.387013 0.816135 -0.429122
vn -0.408248 0.816497 -0.408248
vn 0 0.707107 -0.707107
vn -0.0805093 0.743916 -0.663406
vn 0.387013 0.816135 -0.429122
vn 0.332102 0.812024 -0.479922
vn 0.333236 0.812153 -0.478917
vn 0.408248 0.816497 -0.408248
vn 0.314236 0.80976 -0.495524
vn 0.252317 0.798655 -0.546338
vn 0.254678 0.799168 -0.54449
vn 0.332082 0.812022 -0.47994
vn 0.252294 0.79865 -0.546357
vn 0.238397 0.795494 -0.557097
vn 0.169768 0.776537 -0.606769
vn 0.17341 0.77768 -0.60427
vn 0.169744 0.77653 -0.606786
vn 0.160234 0.773474 -0.61324
vn 0.0853581 0.745911 -0.660553
vn 0.0902967 0.747918 -0.657621
vn 0.00622297 0.710198 -0.703975
vn 0.0853374 0.745903 -0.660565
vn 0.0805093 0.743916 -0.663406
vn 1.31731e-14 0.707107 -0.707107
vn 0 0.634392 -0.773011
vn 0 0.555568 -0.831471
vn 0 0.633938 -0.773384
vn 0 0.634392 -0.773011
vn 0 0.471393 -0.881923
vn 0 0.55459 -0.832124
vn 0 0.382679 -0.923882
vn 0 0.469838 -0.882753
vn 0 0.290278 -0.956942
vn 0 0.380506 -0.924779
vn 0 0.195083 -0.980787
vn 0 0.287465 -0.957791
vn 0 0.0980084 -0.995186
vn 0 0.191623 -0.981469
vn -2.24964e-32 1.83697e-16 -1
vn 0 0.0939128 -0.99558
vn 0.0421288 0.0842575 -0.995553
vn 0.0355226 0.0710451 -0.99684
vn 0.0466796 0.0933592 -0.994538
vn 0.0928493 0.185699 -0.97821
vn 0.0476149 0.0952299 -0.994316
vn 0.0626262 0.125252 -0.990146
vn 0.0688308 0.137662 -0.988085
vn 0.138005 0.276009 -0.951196
vn 0.0992267 0.198453 -0.975075
vn 0.110197 0.220395 -0.969166
vn 0.130067 0.260135 -0.956772
vn 0.0928493 0.185699 -0.97821
vn 0.147055 0.29411 -0.944391
vn 0.153599 0.307198 -0.939168
vn 0.181652 0.363304 -0.91379
vn 0.138005 0.276009 -0.951196
vn 0.176266 0.352532 -0.919049
vn 0.223315 0.446631 -0.866401
vn 0.185877 0.371755 -0.909532
vn 0.199145 0.398289 -0.895381
vn 0.214365 0.428729 -0.877632
vn 0.219535 0.43907 -0.871218
vn 0.181652 0.363304 -0.91379
vn 0.223315 0.446631 -0.866401
vn 0.251123 0.502245 -0.827458
vn 0.238602 0.477205 -0.84578
vn 0.262539 0.525078 -0.809547
vn 0.298894 0.597788 -0.743849
vn 0.289642 0.579284 -0.76193
vn 0.262539 0.525078 -0.809547
vn 0.27712 0.554239 -0.784872
vn 0.331984 0.663968 -0.670025
vn 0.300071 0.600142 -0.741476
vn 0.311013 0.622026 -0.718578
vn 0.314796 0.629592 -0.710294
vn 0.30361 0.607221 -0.734237
vn 0.361447 0.722894 -0.58888
vn 0.343872 0.687744 -0.639343
vn 0.355289 0.710577 -0.60733
vn 0.332393 0.664785 -0.669011
vn 0.331984 0.663968 -0.670025
vn 0.386961 0.773923 -0.501303
vn 0.386831 0.773663 -0.501804
vn 0.366366 0.732732 -0.573481
vn 0.367366 0.734732 -0.570272
vn 0.363662 0.727323 -0.582024
vn 0.361447 0.722894 -0.58888
vn 0.370791 0.741582 -0.559079
vn 0.380353 0.760706 -0.525983
vn 0.394091 0.788181 -0.472718
vn 0.400323 0.800645 -0.445768
vn 0.408248 0.816497 -0.408248
vn -1.87508e-14 -3.75016e-14 -1
vn -6.93889e-15 0.195083 -0.980787
vn -4.8609e-15 0.287465 -0.957791
vn 0.0492575 0.28928 -0.955976
vn 0.0580401 0.193761 -0.97933
vn -3.64639e-15 0.191623 -0.981469
vn 0.118257 0.393671 -0.911613
vn 0.144725 0.304496 -0.941455
vn 0.0979815 0.294704 -0.950552
vn 0.0795564 0.386383 -0.918901
vn -6.93889e-15 0.290278 -0.956942
vn -9.06896e-15 0.380506 -0.924779
vn 0.0399947 0.381979 -0.923305
vn 0.335626 0.785819 -0.519466
vn 0.254624 0.77733 -0.57526
vn 0.252294 0.79865 -0.546357
vn 0.238397 0.795494 -0.557097
vn 0.353381 0.760435 -0.544849
vn 0.367366 0.734732 -0.570272
vn 0.278661 0.73793 -0.614661
vn 0.145214 0.497183 -0.855408
vn 0.19141 0.41655 -0.888734
vn 0.155676 0.403763 -0.901521
vn 0.118104 0.487482 -0.865109
vn 0.0897159 0.479826 -0.872765
vn 0.0603558 0.474297 -0.878294
vn -6.93889e-15 0.382679 -0.923882
vn -2.75076e-15 0.469838 -0.882753
vn 0.0303422 0.470955 -0.881635
vn 0.171141 0.761266 -0.625448
vn 0.169744 0.77653 -0.606786
vn 0.160234 0.773474 -0.61324
vn 0.268094 0.758073 -0.594518
vn 0.180194 0.748322 -0.638392
vn 0.187297 0.734783 -0.651931
vn 0.28621 0.717119 -0.635471
vn 0.192371 0.720796 -0.665918
vn 0.29066 0.695866 -0.656724
vn 0.195362 0.706511 -0.680203
vn 0.291963 0.674402 -0.678189
vn 0.196237 0.692084 -0.694629
vn 0.290104 0.652958 -0.699633
vn 0.194988 0.677671 -0.709043
vn 0.285103 0.631767 -0.720824
vn 0.191627 0.663428 -0.723286
vn 0.277016 0.611057 -0.741533
vn 0.186191 0.649509 -0.737205
vn 0.265928 0.591055 -0.761536
vn 0.178738 0.636064 -0.75065
vn 0.251961 0.571975 -0.780615
vn 0.169351 0.62324 -0.763474
vn 0.235265 0.554025 -0.798565
vn 0.158129 0.611175 -0.775538
vn 0.216022 0.537399 -0.815191
vn 0.145195 0.600001 -0.786713
vn 0.194439 0.522277 -0.830313
vn 0.130689 0.589837 -0.796877
vn 0.170751 0.508823 -0.843767
vn 0.114767 0.580794 -0.80592
vn 0.0976028 0.57297 -0.813744
vn 0.0793816 0.56645 -0.820264
vn 0.0603008 0.561304 -0.82541
vn 0.040567 0.557588 -0.829126
vn -6.93889e-15 0.471393 -0.881923
vn -9.60728e-15 0.55459 -0.832124
vn 0.0203939 0.555342 -0.831372
vn 0.0859894 0.737782 -0.66954
vn 0.0853374 0.745903 -0.660565
vn 0.0805093 0.743916 -0.663406
vn 0.0905384 0.731278 -0.676044
vn 0.094107 0.724476 -0.682846
vn 0.0966565 0.717448 -0.689874
vn 0.0981593 0.71027 -0.697052
vn 0.0985992 0.703022 -0.7043
vn 0.0979714 0.69578 -0.711542
vn 0.0962826 0.688623 -0.718699
vn 0.0935513 0.681629 -0.725692
vn 0.0898069 0.674874 -0.732448
vn 0.08509 0.668431 -0.738891
vn 0.0794517 0.662369 -0.744953
vn 0.072953 0.656754 -0.750568
vn 0.0656643 0.651647 -0.755674
vn 0.0576646 0.647104 -0.760218
vn 0.0490404 0.643173 -0.764149
vn 0.0398852 0.639897 -0.767425
vn 0.0302981 0.637311 -0.770011
vn 0.0203828 0.635444 -0.771878
vn -6.93889e-15 0.555568 -0.831471
vn -5.53118e-15 0.633938 -0.773384
vn 0.0102469 0.634315 -0.773007
vn -6.93889e-15 0.634392 -0.773011
vn 0.332082 0.812022 -0.47994
vn 0.387013 0.816135 -0.429122
vn 0.400323 0.800645 -0.445768
vn 0.394091 0.788181 -0.472718
vn 0.314236 0.80976 -0.495524
vn 0.386961 0.773923 -0.501303
vn 0.380353 0.760706 -0.525983
vn 0.361447 0.722894 -0.58888
vn 0.355289 0.710577 -0.60733
vn 0.366366 0.732732 -0.573481
vn 0.343872 0.687744 -0.639343
vn 0.332393 0.664785 -0.669011
vn 0.331984 0.663968 -0.670025
vn 0.311013 0.622026 -0.718578
vn 0.300071 0.600142 -0.741476
vn 0.298894 0.597788 -0.743849
vn 0.27712 0.554239 -0.784872
vn 0.262539 0.525078 -0.809547
vn 0.251123 0.502245 -0.827458
vn 0.223315 0.446631 -0.866401
vn 0.219535 0.43907 -0.871218
vn 0.214365 0.428729 -0.877632
vn 0.199145 0.398289 -0.895381
vn 0.181652 0.363304 -0.91379
vn 0.176266 0.352532 -0.919049
vn 0.153599 0.307198 -0.939168
vn 0.147055 0.29411 -0.944391
vn 0.138005 0.276009 -0.951196
vn 0.110197 0.220395 -0.969166
vn 0.0992267 0.198453 -0.975075
vn 0.0928493 0.185699 -0.97821
vn 0.0626262 0.125252 -0.990146
vn -6.93889e-15 0.0980084 -0.995186
vn 0.0476149 0.0952299 -0.994316
vn -9.06489e-15 0.0939128 -0.99558
vn 0.0466796 0.0933592 -0.994538
vn 0 0 -1
vn 0.408248 0.816497 -0.408248
vn -6.93889e-15 0.707107 -0.707107
vn -1.22465e-16 -1 0
vn -1 1.22465e-16 -1.22465e-16
vn -0.994322 1.21769e-16 0.106414
vn -0.977352 1.19691e-16 0.211619
vn -0.949284 1.16254e-16 0.314421
vn -0.910435 1.11496e-16 0.413652
vn -0.861247 1.05472e-16 0.508186
vn -0.802279 9.82508e-17 0.596949
vn -0.7342 8.99136e-17 0.678933
vn -0.658658 8.06623e-17 0.752443
vn -0.575798 7.05149e-17 0.817592
vn -0.486541 5.9584e-17 0.873658
vn -0.391878 4.79912e-17 0.920017
vn -0.292861 3.58651e-17 0.956155
vn -0.190591 2.33406e-17 0.98167
vn -0.0862026 1.05568e-17 0.996278
vn 0.0191431 -2.34436e-18 0.999817
vn 0.124276 -1.52194e-17 0.992248
vn 0.228028 -2.79254e-17 0.973654
vn 0.329247 -4.03212e-17 0.944244
vn 0.426808 -5.22689e-17 0.904342
vn 0.519627 -6.36359e-17 0.854393
vn 0.606673 -7.4296e-17 0.794952
vn 0.686978 -8.41305e-17 0.726678
vn 0.759651 -9.30304e-17 0.650331
vn 0.823884 -1.00897e-16 0.566759
vn 0.878963 -1.07642e-16 0.476889
vn 0.924277 -1.13191e-16 0.381722
vn 0.959322 -1.17483e-16 0.282313
vn 0.983709 -1.2047e-16 0.179768
vn 0.997167 -1.22118e-16 0.0752252
vn 0.999545 -1.22409e-16 -0.0301531
vn 0.990819 -1.2134e-16 -0.135196
vn 0.971084 -1.18924e-16 -0.238738
vn 0.94056 -1.15185e-16 -0.339626
vn 0.966418 -1.18352e-16 -0.256974
vn 0.985028 -1.20631e-16 -0.172394
vn 0.99625 -1.22005e-16 -0.0865216
vn 1 -1.22465e-16 1.22465e-16
vn 0.707107 -8.65956e-17 -0.707107
vn -0.707107 8.65956e-17 -0.707107
vn -0.773022 0 -0.634379
vn -0.77301 9.46665e-17 -0.634393
vn -0.778443 0 -0.627715
vn -0.83147 1.01826e-16 -0.55557
vn -0.831485 0 -0.555547
vn -0.840911 0 -0.541173
vn -0.881921 1.08004e-16 -0.471397
vn -0.92388 1.13143e-16 -0.382683
vn -0.8938 0 -0.448466
vn -0.881935 0 -0.471371
vn -0.95694 1.17191e-16 -0.290285
vn -0.936506 0 -0.35065
vn -0.923889 0 -0.382662
vn -0.980785 1.20112e-16 -0.19509
vn -0.968545 0 -0.24884
vn -0.956944 0 -0.290271
vn -0.980786 0 -0.195088
vn -0.989549 0 -0.144195
vn -0.995185 1.21875e-16 -0.0980171
vn -0.995184 0 -0.0980267
vn -0.999281 0 -0.0379069
vn -1 1.22465e-16 -1.22465e-16
vn -0.0980171 1.20036e-17 -0.995185
vn -1.27104e-15 1.55657e-31 -1
vn -0.0379069 0 -0.999281
vn -0.19509 2.38917e-17 -0.980785
vn -0.144195 0 -0.989549
vn -0.0980267 0 -0.995184
vn -0.195088 0 -0.980786
vn -0.24884 0 -0.968545
vn -0.290285 3.55496e-17 -0.95694
vn -0.290271 0 -0.956944
vn -0.35065 0 -0.936506
vn -0.382683 4.68652e-17 -0.92388
vn -0.382662 0 -0.923889
vn -0.448466 0 -0.8938
vn -0.471397 5.77295e-17 -0.881921
vn -0.471371 0 -0.881935
vn -0.541173 0 -0.840911
vn -0.55557 6.80377e-17 -0.83147
vn -0.555547 0 -0.831485
vn -0.627715 0 -0.778443
vn -0.634393 7.76908e-17 -0.77301
vn -0.634379 0 -0.773022
vn -0.707107 8.65956e-17 -0.707107
vn -0.467113 -0.750741 -0.467113
vn -0.464408 -0.754089 -0.464408
vn -0.408248 -0.816497 -0.408248
vn -0.518594 -0.679794 -0.518594
vn -0.520727 -0.676526 -0.520727
vn -0.568479 -0.594696 -0.568479
vn -0.566872 -0.597756 -0.566872
vn -0.608692 -0.508908 -0.608692
vn -0.609832 -0.506171 -0.609832
vn -0.568479 -0.594696 -0.568479
vn -0.643578 -0.414263 -0.643578
vn -0.644321 -0.411949 -0.644321
vn -0.671133 -0.314898 -0.671133
vn -0.671556 -0.313089 -0.671556
vn -0.691042 -0.211947 -0.691042
vn -0.691232 -0.210705 -0.691232
vn -0.703127 -0.105949 -0.703127
vn -0.703079 -0.10658 -0.703079
vn -0.707107 -2.44929e-16 -0.707107
vn -0.7342 1.80423e-13 0.678933
vn -0.730665 -0.0980171 0.675664
vn -0.720093 -0.19509 0.665888
vn -0.702586 -0.290285 0.649699
vn -0.678312 -0.382683 0.627253
vn -0.647507 -0.471397 0.598766
vn -0.610465 -0.55557 0.564512
vn -0.567544 -0.634393 0.524823
vn -0.519158 -0.707107 0.480078
vn 0.936031 -0.0980171 -0.337991
vn 0.94056 1.02422e-15 -0.339626
vn 0.971084 1.07962e-15 -0.238738
vn 0.966408 -0.0980171 -0.237588
vn 0.990819 1.07746e-15 -0.135196
vn 0.986048 -0.0980171 -0.134545
vn 0.999545 1.07534e-15 -0.0301531
vn 0.994732 -0.0980171 -0.0300079
vn 0.997167 1.0733e-15 0.0752252
vn 0.992365 -0.0980171 0.0748629
vn 0.983709 1.07135e-15 0.179768
vn 0.978972 -0.0980171 0.178902
vn 0.959322 1.06951e-15 0.282313
vn 0.954703 -0.0980171 0.280954
vn 0.924277 1.06782e-15 0.381722
vn 0.919827 -0.0980171 0.379884
vn 0.878963 1.06628e-15 0.476889
vn 0.874731 -0.0980171 0.474593
vn 0.823884 1.06491e-15 0.566759
vn 0.819917 -0.0980171 0.564029
vn 0.759651 1.06373e-15 0.650331
vn 0.755993 -0.0980171 0.6472
vn 0.686978 1.06275e-15 0.726678
vn 0.68367 -0.0980171 0.723179
vn 0.606673 1.06198e-15 0.794952
vn 0.603751 -0.0980171 0.791124
vn 0.519627 1.06143e-15 0.854393
vn 0.517125 -0.0980171 0.850279
vn 0.426808 1.06111e-15 0.904342
vn 0.424753 -0.0980171 0.899988
vn 0.329247 1.06102e-15 0.944244
vn 0.327662 -0.0980171 0.939697
vn 0.228028 1.06116e-15 0.973654
vn 0.22693 -0.0980171 0.968966
vn 0.124276 1.06152e-15 0.992248
vn 0.123678 -0.0980171 0.98747
vn 0.0191431 1.06212e-15 0.999817
vn 0.0190509 -0.0980171 0.995002
vn -0.0862026 1.06293e-15 0.996278
vn -0.0857875 -0.0980171 0.99148
vn -0.190591 1.06396e-15 0.98167
vn -0.189673 -0.0980171 0.976943
vn -0.292861 1.06518e-15 0.956155
vn -0.291451 -0.0980171 0.951551
vn -0.391878 1.06658e-15 0.920017
vn -0.389991 -0.0980171 0.915587
vn -0.486541 1.06816e-15 0.873658
vn -0.484198 -0.0980171 0.869451
vn -0.575798 1.06989e-15 0.817592
vn -0.573025 -0.0980171 0.813655
vn -0.658658 1.07175e-15 0.752443
vn -0.655486 -0.0980171 0.748819
vn -0.7342 1.07372e-15 0.678933
vn 0.922488 -0.19509 -0.333101
vn 0.952425 -0.19509 -0.23415
vn 0.971781 -0.19509 -0.132599
vn 0.980339 -0.19509 -0.0295737
vn 0.978006 -0.19509 0.0737797
vn 0.964807 -0.19509 0.176313
vn 0.940889 -0.19509 0.276888
vn 0.906518 -0.19509 0.374387
vn 0.862074 -0.19509 0.467726
vn 0.808053 -0.19509 0.555868
vn 0.745054 -0.19509 0.637835
vn 0.673778 -0.19509 0.712715
vn 0.595016 -0.19509 0.779677
vn 0.509642 -0.19509 0.837976
vn 0.418607 -0.19509 0.886966
vn 0.322921 -0.19509 0.9261
vn 0.223647 -0.19509 0.954946
vn 0.121888 -0.19509 0.973182
vn 0.0187753 -0.19509 0.980606
vn -0.0845462 -0.19509 0.977134
vn -0.186928 -0.19509 0.962807
vn -0.287234 -0.19509 0.937783
vn -0.384348 -0.19509 0.902339
vn -0.477192 -0.19509 0.856871
vn -0.564734 -0.19509 0.801882
vn -0.646002 -0.19509 0.737985
vn -0.730665 -0.0980171 0.675664
vn 0.90006 -0.290285 -0.325002
vn 0.92927 -0.290285 -0.228458
vn 0.948154 -0.290285 -0.129375
vn 0.956505 -0.290285 -0.0288547
vn 0.954229 -0.290285 0.071986
vn 0.941351 -0.290285 0.172027
vn 0.918014 -0.290285 0.270157
vn 0.884478 -0.290285 0.365285
vn 0.841116 -0.290285 0.456355
vn 0.788408 -0.290285 0.542354
vn 0.726941 -0.290285 0.622328
vn 0.657397 -0.290285 0.695388
vn 0.580549 -0.290285 0.760721
vn 0.497252 -0.290285 0.817603
vn 0.40843 -0.290285 0.865402
vn 0.31507 -0.290285 0.903585
vn 0.21821 -0.290285 0.931729
vn 0.118925 -0.290285 0.949522
vn 0.0183188 -0.290285 0.956765
vn -0.0824907 -0.290285 0.953378
vn -0.182384 -0.290285 0.939399
vn -0.28025 -0.290285 0.914983
vn -0.375004 -0.290285 0.880402
vn -0.46559 -0.290285 0.836039
vn -0.551004 -0.290285 0.782387
vn -0.630296 -0.290285 0.720043
vn -0.720093 -0.19509 0.665888
vn 0.868965 -0.382683 -0.313774
vn 0.897165 -0.382683 -0.220565
vn 0.915397 -0.382683 -0.124905
vn 0.923459 -0.382683 -0.0278579
vn 0.921262 -0.382683 0.069499
vn 0.908829 -0.382683 0.166084
vn 0.886298 -0.382683 0.260823
vn 0.853921 -0.382683 0.352665
vn 0.812056 -0.382683 0.440588
vn 0.761169 -0.382683 0.523617
vn 0.701826 -0.382683 0.600828
vn 0.634685 -0.382683 0.671363
vn 0.560492 -0.382683 0.73444
vn 0.480073 -0.382683 0.789356
vn 0.394319 -0.382683 0.835503
vn 0.304185 -0.382683 0.872367
vn 0.210671 -0.382683 0.899539
vn 0.114816 -0.382683 0.916717
vn 0.0176859 -0.382683 0.92371
vn -0.0796408 -0.382683 0.920441
vn -0.176083 -0.382683 0.906944
vn -0.270568 -0.382683 0.883372
vn -0.362048 -0.382683 0.849985
vn -0.449505 -0.382683 0.807155
vn -0.531968 -0.382683 0.755357
vn -0.60852 -0.382683 0.695166
vn -0.702586 -0.290285 0.649699
vn 0.8295 -0.471397 -0.299524
vn 0.85642 -0.471397 -0.210548
vn 0.873824 -0.471397 -0.119233
vn 0.88152 -0.471397 -0.0265927
vn 0.879422 -0.471397 0.0663427
vn 0.867554 -0.471397 0.158541
vn 0.846047 -0.471397 0.248978
vn 0.81514 -0.471397 0.336648
vn 0.775176 -0.471397 0.420579
vn 0.726601 -0.471397 0.499836
vn 0.669952 -0.471397 0.573541
vn 0.60586 -0.471397 0.640873
vn 0.535037 -0.471397 0.701085
vn 0.45827 -0.471397 0.753508
vn 0.376411 -0.471397 0.797559
vn 0.29037 -0.471397 0.832749
vn 0.201103 -0.471397 0.858687
vn 0.109602 -0.471397 0.875084
vn 0.0168827 -0.471397 0.88176
vn -0.0760239 -0.471397 0.878638
vn -0.168086 -0.471397 0.865755
vn -0.25828 -0.471397 0.843253
vn -0.345605 -0.471397 0.811383
vn -0.42909 -0.471397 0.770498
vn -0.507808 -0.471397 0.721052
vn -0.580884 -0.471397 0.663595
vn -0.678312 -0.382683 0.627253
vn 0.782047 -0.55557 -0.282389
vn 0.807427 -0.55557 -0.198503
vn 0.823836 -0.55557 -0.112412
vn 0.831092 -0.55557 -0.0250714
vn 0.829114 -0.55557 0.0625474
vn 0.817924 -0.55557 0.149471
vn 0.797647 -0.55557 0.234735
vn 0.768509 -0.55557 0.31739
vn 0.730831 -0.55557 0.396519
vn 0.685034 -0.55557 0.471243
vn 0.631627 -0.55557 0.540731
vn 0.571201 -0.55557 0.604211
vn 0.50443 -0.55557 0.660978
vn 0.432054 -0.55557 0.710402
vn 0.354878 -0.55557 0.751933
vn 0.273759 -0.55557 0.78511
vn 0.189599 -0.55557 0.809564
vn 0.103332 -0.55557 0.825024
vn 0.0159169 -0.55557 0.831317
vn -0.0716748 -0.55557 0.828375
vn -0.15847 -0.55557 0.816228
vn -0.243505 -0.55557 0.795014
vn -0.325834 -0.55557 0.764966
vn -0.404544 -0.55557 0.72642
vn -0.478758 -0.55557 0.679803
vn -0.547654 -0.55557 0.625633
vn -0.647507 -0.471397 0.598766
vn 0.727063 -0.634393 -0.262535
vn 0.750658 -0.634393 -0.184547
vn 0.765913 -0.634393 -0.104508
vn 0.772659 -0.634393 -0.0233087
vn 0.77082 -0.634393 0.0581498
vn 0.760417 -0.634393 0.138962
vn 0.741566 -0.634393 0.218231
vn 0.714476 -0.634393 0.295075
vn 0.679448 -0.634393 0.36864
vn 0.636871 -0.634393 0.43811
vn 0.587218 -0.634393 0.502713
vn 0.531041 -0.634393 0.56173
vn 0.468964 -0.634393 0.614506
vn 0.401677 -0.634393 0.660455
vn 0.329927 -0.634393 0.699066
vn 0.254512 -0.634393 0.72991
vn 0.176268 -0.634393 0.752645
vn 0.0960668 -0.634393 0.767018
vn 0.0147978 -0.634393 0.772869
vn -0.0666355 -0.634393 0.770133
vn -0.147328 -0.634393 0.758841
vn -0.226385 -0.634393 0.739118
vn -0.302926 -0.634393 0.711183
vn -0.376101 -0.634393 0.675347
vn -0.445098 -0.634393 0.632007
vn -0.509149 -0.634393 0.581646
vn -0.610465 -0.55557 0.564512
vn 0.665077 -0.707107 -0.240152
vn 0.68666 -0.707107 -0.168813
vn 0.700615 -0.707107 -0.0955983
vn 0.706785 -0.707107 -0.0213215
vn 0.705103 -0.707107 0.0531922
vn 0.695587 -0.707107 0.127115
vn 0.678343 -0.707107 0.199625
vn 0.653563 -0.707107 0.269918
vn 0.621521 -0.707107 0.337212
vn 0.582574 -0.707107 0.400759
vn 0.537154 -0.707107 0.459854
vn 0.485767 -0.707107 0.513839
vn 0.428982 -0.707107 0.562116
vn 0.367432 -0.707107 0.604147
vn 0.301799 -0.707107 0.639467
vn 0.232813 -0.707107 0.667681
vn 0.16124 -0.707107 0.688478
vn 0.0878765 -0.707107 0.701625
vn 0.0135362 -0.707107 0.706977
vn -0.0609544 -0.707107 0.704475
vn -0.134768 -0.707107 0.694145
vn -0.207084 -0.707107 0.676104
vn -0.277099 -0.707107 0.65055
vn -0.344036 -0.707107 0.61777
vn -0.407151 -0.707107 0.578125
vn -0.465741 -0.707107 0.532057
vn -0.567544 -0.634393 0.524823
vn -0.519158 -0.707107 0.480078
vn 0.94056 1.22465e-16 -0.339626
vn 0.936031 -0.0980171 -0.337991
vn 0.922488 -0.19509 -0.333101
vn 0.90006 -0.290285 -0.325002
vn 0.868965 -0.382683 -0.313774
vn 0.8295 -0.471397 -0.299524
vn 0.782047 -0.55557 -0.282389
vn 0.727063 -0.634393 -0.262535
vn 0.665077 -0.707107 -0.240152
vn -0.519158 -0.707107 0.480078
vn -0.465741 -0.707107 0.532057
vn -0.407151 -0.707107 0.578125
vn -0.344036 -0.707107 0.61777
vn -0.277099 -0.707107 0.65055
vn -0.207084 -0.707107 0.676104
vn -0.134768 -0.707107 0.694145
vn -0.0609544 -0.707107 0.704475
vn 0.0135362 -0.707107 0.706977
vn 0.0878765 -0.707107 0.701625
vn 0.16124 -0.707107 0.688478
vn 0.232813 -0.707107 0.667681
vn 0.301799 -0.707107 0.639467
vn 0.367432 -0.707107 0.604147
vn 0.428982 -0.707107 0.562116
vn 0.485767 -0.707107 0.513839
vn 0.537154 -0.707107 0.459854
vn 0.582574 -0.707107 0.400759
vn 0.621521 -0.707107 0.337212
vn 0.653563 -0.707107 0.269918
vn 0.678343 -0.707107 0.199625
vn 0.695587 -0.707107 0.127115
vn 0.705103 -0.707107 0.0531922
vn 0.706785 -0.707107 -0.0213215
vn 0.700615 -0.707107 -0.0955983
vn 0.68666 -0.707107 -0.168813
vn 0.665077 -0.707107 -0.240152
vn 0.707107 -8.65956e-17 -0.707107
vn 0.634379 0 -0.773022
vn 0.634393 -7.76908e-17 -0.77301
vn 0.627715 0 -0.778443
vn 0.55557 -6.80377e-17 -0.83147
vn 0.555547 0 -0.831485
vn 0.541173 0 -0.840911
vn 0.471397 -5.77295e-17 -0.881921
vn 0.382683 -4.68652e-17 -0.92388
vn 0.448466 0 -0.8938
vn 0.471371 0 -0.881935
vn 0.290285 -3.55496e-17 -0.95694
vn 0.35065 0 -0.936506
vn 0.382662 0 -0.923889
vn 0.19509 -2.38917e-17 -0.980785
vn 0.24884 0 -0.968545
vn 0.290271 0 -0.956944
vn 0.195088 0 -0.980786
vn 0.144195 0 -0.989549
vn 0.0980171 -1.20036e-17 -0.995185
vn 0.0980267 0 -0.995184
vn 0.0379069 0 -0.999281
vn -1.27104e-15 1.67983e-31 -1
vn 0.995185 -1.21875e-16 -0.0980171
vn 1 -1.22465e-16 -4.23921e-31
vn 0.999281 0 -0.0379069
vn 0.980785 -1.20112e-16 -0.19509
vn 0.989549 0 -0.144195
vn 0.995184 0 -0.0980267
vn 0.980786 0 -0.195088
vn 0.968545 0 -0.24884
vn 0.95694 -1.17191e-16 -0.290285
vn 0.956944 0 -0.290271
vn 0.936506 0 -0.35065
vn 0.92388 -1.13143e-16 -0.382683
vn 0.923889 0 -0.382662
vn 0.8938 0 -0.448466
vn 0.881921 -1.08004e-16 -0.471397
vn 0.881935 0 -0.471371
vn 0.840911 0 -0.541173
vn 0.83147 -1.01826e-16 -0.55557
vn 0.831485 0 -0.555547
vn 0.778443 0 -0.627715
vn 0.77301 -9.46665e-17 -0.634393
vn 0.773022 0 -0.634379
vn 0.707107 -8.65956e-17 -0.707107
vn 0.467113 -0.750741 -0.467113
vn 0.464408 -0.754089 -0.464408
vn 0.408248 -0.816497 -0.408248
vn 0.520727 -0.676526 -0.520727
vn 0.518594 -0.679794 -0.518594
vn 0.566872 -0.597756 -0.566872
vn 0.520727 -0.676526 -0.520727
vn 0.568479 -0.594696 -0.568479
vn 0.566872 -0.597756 -0.566872
vn 0.608692 -0.508908 -0.608692
vn 0.609832 -0.506171 -0.609832
vn 0.643578 -0.414263 -0.643578
vn 0.644321 -0.411949 -0.644321
vn 0.671556 -0.313089 -0.671556
vn 0.671133 -0.314898 -0.671133
vn 0.691042 -0.211947 -0.691042
vn 0.691232 -0.210705 -0.691232
vn 0.703079 -0.10658 -0.703079
vn 0.703127 -0.105949 -0.703127
vn 0.707107 -2.44929e-16 -0.707107
vn -0.467113 -0.750741 -0.467113
vn -0.520145 -0.749958 -0.408672
vn -0.56884 -0.67607 -0.468349
vn -0.518594 -0.679794 -0.518594
vn -0.520727 -0.676526 -0.520727
vn -0.611054 -0.594481 -0.52269
vn -0.566872 -0.597756 -0.566872
vn -0.618535 -0.664939 -0.418654
vn -0.654752 -0.584694 -0.478992
vn -0.667135 -0.646523 -0.370054
vn -0.697487 -0.5685 -0.436258
vn -0.714107 -0.621023 -0.323081
vn -0.996655 -0.0707652 -0.040878
vn -0.999281 -1.69781e-15 -0.0379069
vn -0.995184 0 -0.0980267
vn -0.987234 -0.0624825 -0.14651
vn -0.568479 -0.594696 -0.568479
vn -0.646307 -0.50612 -0.571077
vn -0.608692 -0.508908 -0.608692
vn -0.68351 -0.497787 -0.533875
vn -0.719893 -0.484 -0.497492
vn -0.73879 -0.546077 -0.394954
vn -0.755057 -0.464911 -0.462327
vn -0.778211 -0.517672 -0.355533
vn -0.788618 -0.440727 -0.428766
vn -0.815316 -0.483595 -0.318429
vn -0.820208 -0.411715 -0.397176
vn -0.849698 -0.444219 -0.284046
vn -0.84948 -0.378192 -0.367904
vn -0.880982 -0.399977 -0.252762
vn -0.876115 -0.340526 -0.34127
vn -0.908825 -0.351352 -0.224919
vn -0.899819 -0.299129 -0.317566
vn -0.932921 -0.298878 -0.200823
vn -0.920334 -0.254454 -0.297051
vn -0.953007 -0.243129 -0.180737
vn -0.937434 -0.206992 -0.279951
vn -0.968862 -0.184717 -0.164882
vn -0.950932 -0.157261 -0.266452
vn -0.980313 -0.12428 -0.153431
vn -0.960681 -0.105808 -0.256704
vn -0.966573 -0.0531954 -0.250811
vn -0.980786 0 -0.195088
vn -0.989549 -2.49751e-15 -0.144195
vn -0.609832 -0.506171 -0.609832
vn -0.674198 -0.411993 -0.612959
vn -0.643578 -0.414263 -0.643578
vn -0.704482 -0.40521 -0.582675
vn -0.734098 -0.393987 -0.553059
vn -0.762723 -0.378448 -0.524434
vn -0.790042 -0.358762 -0.497114
vn -0.815757 -0.335146 -0.4714
vn -0.839586 -0.307857 -0.447571
vn -0.861266 -0.277196 -0.42589
vn -0.880562 -0.243498 -0.406595
vn -0.897262 -0.207131 -0.389895
vn -0.911181 -0.168496 -0.375975
vn -0.92217 -0.128014 -0.364987
vn -0.930105 -0.0861301 -0.357052
vn -0.934902 -0.0433023 -0.352255
vn -0.956944 0 -0.290271
vn -0.968545 -8.08492e-16 -0.24884
vn -0.644321 -0.411949 -0.644321
vn -0.694408 -0.313173 -0.647858
vn -0.671133 -0.314898 -0.671133
vn -0.717428 -0.308017 -0.624838
vn -0.739941 -0.299486 -0.602325
vn -0.7617 -0.287674 -0.580566
vn -0.782466 -0.27271 -0.5598
vn -0.802013 -0.254758 -0.540253
vn -0.820126 -0.234015 -0.52214
vn -0.836607 -0.210708 -0.505659
vn -0.851274 -0.185093 -0.490992
vn -0.863968 -0.157449 -0.478298
vn -0.874549 -0.128081 -0.467717
vn -0.882902 -0.0973089 -0.459364
vn -0.888934 -0.065471 -0.453332
vn -0.89258 -0.0329158 -0.449686
vn -0.923889 0 -0.382662
vn -0.936506 -1.54258e-15 -0.35065
vn -0.671556 -0.313089 -0.671556
vn -0.706708 -0.210785 -0.675377
vn -0.691042 -0.211947 -0.691042
vn -0.722202 -0.207315 -0.659883
vn -0.737354 -0.201573 -0.64473
vn -0.751999 -0.193623 -0.630085
vn -0.765977 -0.183551 -0.616108
vn -0.779133 -0.171468 -0.602952
vn -0.791324 -0.157507 -0.59076
vn -0.802416 -0.14182 -0.579668
vn -0.812289 -0.124579 -0.569796
vn -0.820832 -0.105973 -0.561252
vn -0.827954 -0.0862064 -0.55413
vn -0.833576 -0.0654951 -0.548508
vn -0.837636 -0.0440662 -0.544448
vn -0.84009 -0.0221544 -0.541994
vn -0.881935 0 -0.471371
vn -0.8938 -1.02547e-15 -0.448466
vn -0.691232 -0.210705 -0.691232
vn -0.710957 -0.105996 -0.695202
vn -0.703079 -0.10658 -0.703079
vn -0.718748 -0.104251 -0.68741
vn -0.726368 -0.101364 -0.679791
vn -0.733732 -0.097366 -0.672426
vn -0.740761 -0.0923013 -0.665397
vn -0.747377 -0.0862253 -0.658782
vn -0.753507 -0.0792046 -0.652651
vn -0.759085 -0.0713162 -0.647073
vn -0.76405 -0.0626464 -0.642109
vn -0.768346 -0.0532902 -0.637812
vn -0.771927 -0.0433501 -0.634231
vn -0.774754 -0.0329351 -0.631404
vn -0.776796 -0.0221593 -0.629362
vn -0.77803 -0.0111407 -0.628128
vn -0.831485 0 -0.555547
vn -0.840911 -1.10301e-15 -0.541173
vn -0.707107 0 -0.707107
vn -0.703127 -0.105949 -0.703127
vn -0.778443 6.71972e-16 -0.627715
vn -0.773022 0 -0.634379
vn -0.464408 -0.754089 -0.464408
vn -0.501303 -0.773923 -0.386961
vn -0.501804 -0.773663 -0.386831
vn -0.408248 -0.816497 -0.408248
vn -0.559079 -0.741582 -0.370791
vn -0.582024 -0.727323 -0.363662
vn -0.58888 -0.722894 -0.361447
vn -0.670025 -0.663968 -0.331984
vn -0.710294 -0.629592 -0.314796
vn -0.743849 -0.597788 -0.298894
vn -0.76193 -0.579284 -0.289642
vn -0.734237 -0.607221 -0.30361
vn -0.809547 -0.525078 -0.262539
vn -0.84578 -0.477205 -0.238602
vn -0.866401 -0.446631 -0.223315
vn -0.909532 -0.371755 -0.185877
vn -0.91379 -0.363304 -0.181652
vn -0.951196 -0.276009 -0.138005
vn -0.956772 -0.260135 -0.130067
vn -0.97821 -0.185699 -0.0928493
vn -0.994538 -0.0933592 -0.0466796
vn -0.995553 -0.0842575 -0.0421288
vn -0.988085 -0.137662 -0.0688308
vn -0.99684 -0.0710451 -0.0355226
vn -1 0 1.73472e-15
vn -0.707107 0 -0.707107
vn -0.501303 -0.773923 -0.386961
vn -0.408248 -0.816497 -0.408248
vn -0.445768 -0.800645 -0.400323
vn -0.472718 -0.788181 -0.394091
vn -0.408248 -0.816497 -0.408248
vn -0.58888 -0.722894 -0.361447
vn -0.582024 -0.727323 -0.363662
vn -0.559079 -0.741582 -0.370791
vn -0.501804 -0.773663 -0.386831
vn -0.525983 -0.760706 -0.380353
vn -0.501303 -0.773923 -0.386961
vn -0.570272 -0.734732 -0.367366
vn -0.573481 -0.732732 -0.366366
vn -0.60733 -0.710577 -0.355289
vn -0.639343 -0.687744 -0.343872
vn -0.670025 -0.663968 -0.331984
vn -0.743849 -0.597788 -0.298894
vn -0.734237 -0.607221 -0.30361
vn -0.718578 -0.622026 -0.311013
vn -0.710294 -0.629592 -0.314796
vn -0.694347 -0.643666 -0.321833
vn -0.670025 -0.663968 -0.331984
vn -0.763359 -0.577777 -0.288889
vn -0.76193 -0.579284 -0.289642
vn -0.809547 -0.525078 -0.262539
vn -0.784872 -0.554239 -0.27712
vn -0.827458 -0.502245 -0.251123
vn -0.866401 -0.446631 -0.223315
vn -0.84578 -0.477205 -0.238602
vn -0.91379 -0.363304 -0.181652
vn -0.909532 -0.371755 -0.185877
vn -0.877632 -0.428729 -0.214365
vn -0.895381 -0.398289 -0.199145
vn -0.871218 -0.43907 -0.219535
vn -0.919049 -0.352532 -0.176266
vn -0.951196 -0.276009 -0.138005
vn -0.939168 -0.307198 -0.153599
vn -0.944391 -0.29411 -0.147055
vn -0.97821 -0.185699 -0.0928493
vn -0.969166 -0.220395 -0.110197
vn -0.975075 -0.198453 -0.0992267
vn -0.956772 -0.260135 -0.130067
vn -0.951196 -0.276009 -0.138005
vn -0.97821 -0.185699 -0.0928493
vn -0.994538 -0.0933592 -0.0466796
vn -0.988085 -0.137662 -0.0688308
vn -0.990146 -0.125252 -0.0626262
vn -0.994316 -0.0952299 -0.0476149
vn -0.994538 -0.0933592 -0.0466796
vn -0.99684 -0.0710451 -0.0355226
vn -0.995553 -0.0842575 -0.0421288
vn -1 -3.55802e-14 -1.78513e-14
vn -0.99558 -0.0939128 0
vn -0.995185 -0.0980171 0
vn -0.995186 -0.0980084 0
vn -0.981469 -0.191623 0
vn -0.980785 -0.19509 0
vn -0.980787 -0.195083 0
vn -0.957791 -0.287465 0
vn -0.95694 -0.290285 0
vn -0.956942 -0.290278 0
vn -0.924779 -0.380506 0
vn -0.92388 -0.382683 0
vn -0.923882 -0.382679 0
vn -0.882753 -0.469838 0
vn -0.881921 -0.471397 0
vn -0.881923 -0.471393 0
vn -0.832124 -0.55459 0
vn -0.83147 -0.55557 0
vn -0.831471 -0.555568 0
vn -0.773384 -0.633938 0
vn -0.77301 -0.634393 0
vn -0.773011 -0.634392 0
vn -0.707107 -0.707107 0
vn -0.730665 -0.0980171 0.675664
vn -0.7342 -8.67338e-16 0.678933
vn -0.802279 -9.07871e-16 0.596949
vn -0.798416 -0.0980171 0.594075
vn -0.861247 -9.03498e-16 0.508186
vn -0.8571 -0.0980171 0.505739
vn -0.910435 -8.99224e-16 0.413652
vn -0.906051 -0.0980171 0.411661
vn -0.949284 -8.95099e-16 0.314421
vn -0.944713 -0.0980171 0.312907
vn -0.977352 -8.91169e-16 0.211619
vn -0.972646 -0.0980171 0.2106
vn -0.994322 -8.87478e-16 0.106414
vn -0.989534 -0.0980171 0.105901
vn -1 -8.8407e-16 3.88578e-16
vn -0.720093 -0.19509 0.665888
vn -0.786863 -0.19509 0.585479
vn -0.844698 -0.19509 0.498422
vn -0.892941 -0.19509 0.405704
vn -0.931043 -0.19509 0.308379
vn -0.958573 -0.19509 0.207553
vn -0.975216 -0.19509 0.104369
vn -0.995185 -0.0980171 2.77556e-16
vn -0.702586 -0.290285 0.649699
vn -0.767733 -0.290285 0.571245
vn -0.824162 -0.290285 0.486304
vn -0.871232 -0.290285 0.395841
vn -0.908408 -0.290285 0.300882
vn -0.935268 -0.290285 0.202507
vn -0.951507 -0.290285 0.101832
vn -0.980785 -0.19509 4.44089e-16
vn -0.678312 -0.382683 0.627253
vn -0.741209 -0.382683 0.551509
vn -0.795689 -0.382683 0.469503
vn -0.841132 -0.382683 0.382165
vn -0.877024 -0.382683 0.290487
vn -0.902956 -0.382683 0.19551
vn -0.918634 -0.382683 0.0983134
vn -0.95694 -0.290285 3.33067e-16
vn -0.647507 -0.471397 0.598766
vn -0.707547 -0.471397 0.526462
vn -0.759552 -0.471397 0.44818
vn -0.802932 -0.471397 0.364809
vn -0.837193 -0.471397 0.277295
vn -0.861948 -0.471397 0.186631
vn -0.876914 -0.471397 0.0938485
vn -0.92388 -0.382683 1.11022e-16
vn -0.610465 -0.55557 0.564512
vn -0.667071 -0.55557 0.496345
vn -0.716101 -0.55557 0.422542
vn -0.756999 -0.55557 0.343939
vn -0.789301 -0.55557 0.261431
vn -0.812639 -0.55557 0.175955
vn -0.826748 -0.55557 0.0884797
vn -0.881921 -0.471397 2.22045e-16
vn -0.567544 -0.634393 0.524823
vn -0.62017 -0.634393 0.461448
vn -0.665753 -0.634393 0.392833
vn -0.703776 -0.634393 0.319758
vn -0.733806 -0.634393 0.243051
vn -0.755504 -0.634393 0.163584
vn -0.768621 -0.634393 0.0822589
vn -0.83147 -0.55557 2.22045e-16
vn -0.519158 -0.707107 0.480078
vn -0.567297 -0.707107 0.422107
vn -0.608994 -0.707107 0.359342
vn -0.643775 -0.707107 0.292496
vn -0.671245 -0.707107 0.222329
vn -0.691092 -0.707107 0.149637
vn -0.703092 -0.707107 0.0752458
vn -0.77301 -0.634393 1.11022e-16
vn -0.707107 -0.707107 5.55112e-17
vn -0.519158 -0.707107 0.480078
vn -0.703092 -0.707107 0.0752458
vn -0.691092 -0.707107 0.149637
vn -0.671245 -0.707107 0.222329
vn -0.643775 -0.707107 0.292496
vn -0.608994 -0.707107 0.359342
vn -0.567297 -0.707107 0.422107
vn -0.519158 -0.707107 0.480078
vn -0.465772 -0.77301 0.430711
vn -0.4079 -0.83147 0.377195
vn -0.346099 -0.881921 0.320047
vn -0.280966 -0.92388 0.259817
vn -0.213127 -0.95694 0.197084
vn -0.143235 -0.980785 0.132453
vn -0.0719642 -0.995185 0.0665471
vn 3.70244e-15 -1 -3.57479e-15
vn -0.465772 -0.77301 0.430711
vn -0.519158 -0.707107 0.480078
vn -0.567297 -0.707107 0.422107
vn -0.50896 -0.77301 0.378701
vn -0.608994 -0.707107 0.359342
vn -0.546369 -0.77301 0.32239
vn -0.643775 -0.707107 0.292496
vn -0.577574 -0.77301 0.262418
vn -0.671245 -0.707107 0.222329
vn -0.602219 -0.77301 0.199467
vn -0.691092 -0.707107 0.149637
vn -0.620026 -0.77301 0.13425
vn -0.703092 -0.707107 0.0752458
vn -0.630791 -0.77301 0.0675081
vn -0.707107 -0.707107 2.22045e-16
vn -0.4079 -0.83147 0.377195
vn -0.445722 -0.83147 0.331647
vn -0.478483 -0.83147 0.282333
vn -0.505811 -0.83147 0.229813
vn -0.527394 -0.83147 0.174683
vn -0.542988 -0.83147 0.117569
vn -0.552416 -0.83147 0.0591203
vn -0.634393 -0.77301 -5.55112e-17
vn -0.346099 -0.881921 0.320047
vn -0.378192 -0.881921 0.2814
vn -0.405989 -0.881921 0.239557
vn -0.429176 -0.881921 0.194994
vn -0.447489 -0.881921 0.148217
vn -0.460721 -0.881921 0.0997565
vn -0.46872 -0.881921 0.0501631
vn -0.55557 -0.83147 5.55112e-17
vn -0.280966 -0.92388 0.259817
vn -0.307019 -0.92388 0.228443
vn -0.329585 -0.92388 0.194475
vn -0.348408 -0.92388 0.158298
vn -0.363275 -0.92388 0.120324
vn -0.374017 -0.92388 0.080983
vn -0.380511 -0.92388 0.0407227
vn -0.471397 -0.881921 -2.77556e-17
vn -0.213127 -0.95694 0.197084
vn -0.232889 -0.95694 0.173285
vn -0.250007 -0.95694 0.147519
vn -0.264285 -0.95694 0.120077
vn -0.275562 -0.95694 0.0912716
vn -0.28371 -0.95694 0.0614297
vn -0.288636 -0.95694 0.0308903
vn -0.382683 -0.92388 1.11022e-16
vn -0.143235 -0.980785 0.132453
vn -0.156517 -0.980785 0.116459
vn -0.168021 -0.980785 0.0991422
vn -0.177617 -0.980785 0.0806996
vn -0.185196 -0.980785 0.0613405
vn -0.190672 -0.980785 0.0412848
vn -0.193983 -0.980785 0.0207603
vn -0.290285 -0.95694 5.55112e-17
vn -0.0719642 -0.995185 0.0665471
vn -0.0786371 -0.995185 0.0585113
vn -0.084417 -0.995185 0.049811
vn -0.0892382 -0.995185 0.040545
vn -0.0930461 -0.995185 0.0308186
vn -0.0957973 -0.995185 0.0207423
vn -0.0974606 -0.995185 0.0104304
vn -0.19509 -0.980785 1.38778e-17
vn -1.67421e-16 -1 4.15727e-17
vn -0.0980171 -0.995185 5.55112e-17
vn -0.707107 -0.707107 0
vn -0.980787 -0.195083 -8.67362e-15
vn -0.97933 -0.193761 -0.0580401
vn -0.955976 -0.28928 -0.0492575
vn -0.957791 -0.287465 -9.33243e-15
vn -0.956942 -0.290278 -1.21431e-14
vn -0.923305 -0.381979 -0.0399947
vn -0.924779 -0.380506 -1.22688e-14
vn -0.950552 -0.294704 -0.0979815
vn -0.918901 -0.386383 -0.0795564
vn -0.941455 -0.304496 -0.144725
vn -0.923882 -0.382679 -1.38778e-14
vn -0.881635 -0.470955 -0.0303422
vn -0.882753 -0.469838 -1.50856e-14
vn -0.878294 -0.474297 -0.0603558
vn -0.911613 -0.393671 -0.118257
vn -0.872765 -0.479826 -0.0897159
vn -0.901521 -0.403763 -0.155676
vn -0.865109 -0.487482 -0.118104
vn -0.888734 -0.41655 -0.19141
vn -0.570272 -0.734732 -0.367366
vn -0.544849 -0.760435 -0.353381
vn -0.594518 -0.758073 -0.268094
vn -0.519466 -0.785819 -0.335626
vn -0.495524 -0.80976 -0.314236
vn -0.546357 -0.79865 -0.252294
vn -0.57526 -0.77733 -0.254624
vn -0.881923 -0.471393 -1.56125e-14
vn -0.831372 -0.555342 -0.0203939
vn -0.832124 -0.55459 -1.77554e-14
vn -0.829126 -0.557588 -0.040567
vn -0.82541 -0.561304 -0.0603008
vn -0.820264 -0.56645 -0.0793816
vn -0.855408 -0.497183 -0.145214
vn -0.813744 -0.57297 -0.0976028
vn -0.843767 -0.508823 -0.170751
vn -0.80592 -0.580794 -0.114767
vn -0.830313 -0.522277 -0.194439
vn -0.796877 -0.589837 -0.130689
vn -0.815191 -0.537399 -0.216022
vn -0.786713 -0.600001 -0.145195
vn -0.798565 -0.554025 -0.235265
vn -0.775538 -0.611175 -0.158129
vn -0.780615 -0.571975 -0.251961
vn -0.763474 -0.62324 -0.169351
vn -0.761536 -0.591055 -0.265928
vn -0.75065 -0.636064 -0.178738
vn -0.741533 -0.611057 -0.277016
vn -0.737205 -0.649509 -0.186191
vn -0.720824 -0.631767 -0.285103
vn -0.723286 -0.663428 -0.191627
vn -0.699633 -0.652958 -0.290104
vn -0.709043 -0.677671 -0.194988
vn -0.678189 -0.674402 -0.291963
vn -0.694629 -0.692084 -0.196237
vn -0.656724 -0.695866 -0.29066
vn -0.680203 -0.706511 -0.195362
vn -0.635471 -0.717119 -0.28621
vn -0.665918 -0.720796 -0.192371
vn -0.614661 -0.73793 -0.278661
vn -0.651931 -0.734783 -0.187297
vn -0.638392 -0.748322 -0.180194
vn -0.557097 -0.795494 -0.238397
vn -0.606786 -0.77653 -0.169744
vn -0.625448 -0.761266 -0.171141
vn -0.831471 -0.555568 -1.9082e-14
vn -0.773007 -0.634315 -0.0102469
vn -0.773384 -0.633938 -2.02521e-14
vn -0.771878 -0.635444 -0.0203828
vn -0.770011 -0.637311 -0.0302981
vn -0.767425 -0.639897 -0.0398852
vn -0.764149 -0.643173 -0.0490404
vn -0.760218 -0.647104 -0.0576646
vn -0.755674 -0.651647 -0.0656643
vn -0.750568 -0.656754 -0.072953
vn -0.744953 -0.662369 -0.0794517
vn -0.738891 -0.668431 -0.08509
vn -0.732448 -0.674874 -0.0898069
vn -0.725692 -0.681629 -0.0935513
vn -0.718699 -0.688623 -0.0962826
vn -0.711542 -0.69578 -0.0979714
vn -0.7043 -0.703022 -0.0985992
vn -0.697052 -0.71027 -0.0981593
vn -0.689874 -0.717448 -0.0966565
vn -0.682846 -0.724476 -0.094107
vn -0.676044 -0.731278 -0.0905384
vn -0.61324 -0.773474 -0.160234
vn -0.660565 -0.745903 -0.0853374
vn -0.66954 -0.737782 -0.0859894
vn -0.707107 -0.707107 -2.25514e-14
vn -0.773011 -0.634392 -2.08167e-14
vn -0.99558 -0.0939128 -3.21632e-15
vn -1 0 5.20417e-15
vn -0.994538 -0.0933592 -0.0466796
vn -0.981469 -0.191623 -6.3051e-15
vn -0.995186 -0.0980084 -5.20417e-15
vn -0.990146 -0.125252 -0.0626262
vn -0.994316 -0.0952299 -0.0476149
vn -0.97821 -0.185699 -0.0928493
vn -0.969166 -0.220395 -0.110197
vn -0.975075 -0.198453 -0.0992267
vn -0.951196 -0.276009 -0.138005
vn -0.944391 -0.29411 -0.147055
vn -0.939168 -0.307198 -0.153599
vn -0.919049 -0.352532 -0.176266
vn -0.91379 -0.363304 -0.181652
vn -0.895381 -0.398289 -0.199145
vn -0.877632 -0.428729 -0.214365
vn -0.871218 -0.43907 -0.219535
vn -0.866401 -0.446631 -0.223315
vn -0.827458 -0.502245 -0.251123
vn -0.809547 -0.525078 -0.262539
vn -0.784872 -0.554239 -0.27712
vn -0.763359 -0.577777 -0.288889
vn -0.743849 -0.597788 -0.298894
vn -0.718578 -0.622026 -0.311013
vn -0.694347 -0.643666 -0.321833
vn -0.670025 -0.663968 -0.331984
vn -0.639343 -0.687744 -0.343872
vn -0.60733 -0.710577 -0.355289
vn -0.58888 -0.722894 -0.361447
vn -0.573481 -0.732732 -0.366366
vn -0.525983 -0.760706 -0.380353
vn -0.501303 -0.773923 -0.386961
vn -0.47994 -0.812022 -0.332082
vn -0.472718 -0.788181 -0.394091
vn -0.445768 -0.800645 -0.400323
vn -0.429122 -0.816135 -0.387013
vn -0.408248 -0.816497 -0.408248
vn -0.707107 -0.707107 -2.25514e-14
vn -0.663406 -0.743916 -0.0805093
vn -0.634393 -0.77301 0
vn -0.696274 -0.717776 0
vn -0.66413 -0.747618 0
vn -0.707107 -0.707107 0
vn -0.634393 -0.77301 0
vn -0.582452 -0.812865 0
vn -0.55557 -0.83147 0
vn -0.505769 -0.862669 0
vn -0.471397 -0.881921 0
vn -0.429368 -0.90313 0
vn -0.382683 -0.92388 0
vn -0.34839 -0.93735 0
vn -0.290285 -0.95694 0
vn -0.19509 -0.980785 0
vn -0.256607 -0.966516 0
vn -0.204692 -0.978826 0
vn -0.290285 -0.95694 0
vn -0.0980171 -0.995185 0
vn -0.157862 -0.987461 0
vn -0.14472 -0.989473 0
vn -0.19509 -0.980785 0
vn -0.0980171 -0.995185 0
vn -0.0777099 -0.996976 0
vn -1.83697e-16 -1 0
vn -0.663406 -0.743916 -0.0805093
vn -0.660553 -0.745911 -0.0853581
vn -0.703975 -0.710198 -0.00622297
vn -0.707107 -0.707107 -5.54298e-14
vn -0.660565 -0.745903 -0.0853374
vn -0.657621 -0.747918 -0.0902967
vn -0.61324 -0.773474 -0.160234
vn -0.606769 -0.776537 -0.169768
vn -0.606786 -0.77653 -0.169744
vn -0.60427 -0.77768 -0.17341
vn -0.557097 -0.795494 -0.238397
vn -0.546338 -0.798655 -0.252317
vn -0.546357 -0.79865 -0.252294
vn -0.54449 -0.799168 -0.254678
vn -0.495524 -0.80976 -0.314236
vn -0.479922 -0.812024 -0.332102
vn -0.478917 -0.812153 -0.333236
vn -0.47994 -0.812022 -0.332082
vn -0.429122 -0.816135 -0.387013
vn -0.408248 -0.816497 -0.408248
vn -0.707107 -0.707107 -5.54298e-14
vn 0.596685 -0.77301 -0.215457
vn 0.665077 -0.707107 -0.240152
vn 0.68666 -0.707107 -0.168813
vn 0.616049 -0.77301 -0.151454
vn 0.700615 -0.707107 -0.0955983
vn 0.628569 -0.77301 -0.0857677
vn 0.706785 -0.707107 -0.0213215
vn 0.634105 -0.77301 -0.0191289
vn 0.705103 -0.707107 0.0531922
vn 0.632596 -0.77301 0.0477223
vn 0.695587 -0.707107 0.127115
vn 0.624058 -0.77301 0.114043
vn 0.678343 -0.707107 0.199625
vn 0.608588 -0.77301 0.179097
vn 0.653563 -0.707107 0.269918
vn 0.586355 -0.77301 0.242162
vn 0.621521 -0.707107 0.337212
vn 0.557608 -0.77301 0.302535
vn 0.582574 -0.707107 0.400759
vn 0.522666 -0.77301 0.359548
vn 0.537154 -0.707107 0.459854
vn 0.481917 -0.77301 0.412566
vn 0.485767 -0.707107 0.513839
vn 0.435814 -0.77301 0.461
vn 0.428982 -0.707107 0.562116
vn 0.384869 -0.77301 0.504312
vn 0.367432 -0.707107 0.604147
vn 0.329648 -0.77301 0.542021
vn 0.301799 -0.707107 0.639467
vn 0.270764 -0.77301 0.573709
vn 0.232813 -0.707107 0.667681
vn 0.208872 -0.77301 0.599022
vn 0.16124 -0.707107 0.688478
vn 0.14466 -0.77301 0.61768
vn 0.0878765 -0.707107 0.701625
vn 0.0788399 -0.77301 0.629475
vn 0.0135362 -0.707107 0.706977
vn 0.0121443 -0.77301 0.634277
vn -0.0609544 -0.707107 0.704475
vn -0.0546863 -0.77301 0.632032
vn -0.134768 -0.707107 0.694145
vn -0.120909 -0.77301 0.622765
vn -0.207084 -0.707107 0.676104
vn -0.185789 -0.77301 0.606578
vn -0.277099 -0.707107 0.65055
vn -0.248605 -0.77301 0.583653
vn -0.344036 -0.707107 0.61777
vn -0.308658 -0.77301 0.554243
vn -0.407151 -0.707107 0.578125
vn -0.365282 -0.77301 0.518675
vn -0.465741 -0.707107 0.532057
vn -0.417848 -0.77301 0.477345
vn -0.519158 -0.707107 0.480078
vn 0.522547 -0.83147 -0.188686
vn 0.539505 -0.83147 -0.132636
vn 0.550469 -0.83147 -0.0751111
vn 0.555318 -0.83147 -0.0167522
vn 0.553996 -0.83147 0.0417929
vn 0.546519 -0.83147 0.0998736
vn 0.532971 -0.83147 0.156845
vn 0.513501 -0.83147 0.212073
vn 0.488326 -0.83147 0.264945
vn 0.457725 -0.83147 0.314874
vn 0.422039 -0.83147 0.361305
vn 0.381665 -0.83147 0.403721
vn 0.337049 -0.83147 0.441652
vn 0.288689 -0.83147 0.474675
vn 0.237122 -0.83147 0.502426
vn 0.18292 -0.83147 0.524594
vn 0.126686 -0.83147 0.540933
vn 0.0690441 -0.83147 0.551263
vn 0.0106354 -0.83147 0.555468
vn -0.0478916 -0.83147 0.553502
vn -0.105886 -0.83147 0.545386
vn -0.162705 -0.83147 0.531211
vn -0.217716 -0.83147 0.511134
vn -0.270307 -0.83147 0.485378
vn -0.319896 -0.83147 0.45423
vn -0.365931 -0.83147 0.418035
vn -0.465772 -0.77301 0.430711
vn 0.443377 -0.881921 -0.160099
vn 0.457766 -0.881921 -0.11254
vn 0.467069 -0.881921 -0.0637311
vn 0.471182 -0.881921 -0.0142141
vn 0.470061 -0.881921 0.0354609
vn 0.463717 -0.881921 0.0847419
vn 0.452221 -0.881921 0.133081
vn 0.435701 -0.881921 0.179942
vn 0.41434 -0.881921 0.224804
vn 0.388376 -0.881921 0.267168
vn 0.358097 -0.881921 0.306564
vn 0.323839 -0.881921 0.342554
vn 0.285983 -0.881921 0.374738
vn 0.24495 -0.881921 0.402758
vn 0.201196 -0.881921 0.426304
vn 0.155206 -0.881921 0.445113
vn 0.107492 -0.881921 0.458978
vn 0.0585834 -0.881921 0.467742
vn 0.00902401 -0.881921 0.47131
vn -0.0406356 -0.881921 0.469642
vn -0.0898438 -0.881921 0.462756
vn -0.138054 -0.881921 0.450728
vn -0.18473 -0.881921 0.433693
vn -0.229354 -0.881921 0.41184
vn -0.271429 -0.881921 0.38541
vn -0.310489 -0.881921 0.354699
vn -0.4079 -0.83147 0.377195
vn 0.359937 -0.92388 -0.129969
vn 0.371618 -0.92388 -0.0913609
vn 0.37917 -0.92388 -0.0517374
vn 0.382509 -0.92388 -0.0115391
vn 0.381599 -0.92388 0.0287874
vn 0.376449 -0.92388 0.0687941
vn 0.367117 -0.92388 0.108036
vn 0.353706 -0.92388 0.146079
vn 0.336365 -0.92388 0.182498
vn 0.315287 -0.92388 0.216889
vn 0.290706 -0.92388 0.248871
vn 0.262895 -0.92388 0.278088
vn 0.232164 -0.92388 0.304215
vn 0.198853 -0.92388 0.326962
vn 0.163332 -0.92388 0.346077
vn 0.125997 -0.92388 0.361346
vn 0.0872627 -0.92388 0.372601
vn 0.0475584 -0.92388 0.379717
vn 0.00732576 -0.92388 0.382613
vn -0.0329883 -0.92388 0.381259
vn -0.0729358 -0.92388 0.375669
vn -0.112073 -0.92388 0.365905
vn -0.149965 -0.92388 0.352075
vn -0.186191 -0.92388 0.334334
vn -0.220348 -0.92388 0.312879
vn -0.252057 -0.92388 0.287947
vn -0.346099 -0.881921 0.320047
vn 0.27303 -0.95694 -0.0985883
vn 0.281891 -0.95694 -0.0693019
vn 0.28762 -0.95694 -0.0392454
vn 0.290153 -0.95694 -0.00875299
vn 0.289462 -0.95694 0.0218367
vn 0.285556 -0.95694 0.0521838
vn 0.278477 -0.95694 0.0819511
vn 0.268304 -0.95694 0.110808
vn 0.25515 -0.95694 0.138434
vn 0.239161 -0.95694 0.164521
vn 0.220515 -0.95694 0.188781
vn 0.199419 -0.95694 0.210944
vn 0.176108 -0.95694 0.230762
vn 0.15084 -0.95694 0.248017
vn 0.123896 -0.95694 0.262517
vn 0.0955754 -0.95694 0.274099
vn 0.0661932 -0.95694 0.282637
vn 0.0360755 -0.95694 0.288034
vn 0.00555696 -0.95694 0.290231
vn -0.0250233 -0.95694 0.289204
vn -0.0553255 -0.95694 0.284964
vn -0.0850131 -0.95694 0.277557
vn -0.113756 -0.95694 0.267067
vn -0.141235 -0.95694 0.25361
vn -0.167145 -0.95694 0.237334
vn -0.191198 -0.95694 0.218423
vn -0.280966 -0.92388 0.259817
vn 0.183494 -0.980785 -0.0662578
vn 0.189449 -0.980785 -0.0465754
vn 0.193299 -0.980785 -0.0263755
vn 0.195002 -0.980785 -0.00588258
vn 0.194538 -0.980785 0.0146757
vn 0.191912 -0.980785 0.0350709
vn 0.187155 -0.980785 0.0550765
vn 0.180318 -0.980785 0.0744702
vn 0.171477 -0.980785 0.0930365
vn 0.160732 -0.980785 0.110569
vn 0.148201 -0.980785 0.126873
vn 0.134023 -0.980785 0.141768
vn 0.118356 -0.980785 0.155087
vn 0.101374 -0.980785 0.166684
vn 0.0832661 -0.980785 0.176428
vn 0.0642329 -0.980785 0.184213
vn 0.0444861 -0.980785 0.189951
vn 0.0242451 -0.980785 0.193578
vn 0.00373464 -0.980785 0.195055
vn -0.0168173 -0.980785 0.194364
vn -0.0371824 -0.980785 0.191514
vn -0.0571343 -0.980785 0.186537
vn -0.0764515 -0.980785 0.179486
vn -0.0949193 -0.980785 0.170442
vn -0.112333 -0.980785 0.159504
vn -0.128498 -0.980785 0.146794
vn -0.213127 -0.95694 0.197084
vn 0.092191 -0.995185 -0.0332892
vn 0.0951829 -0.995185 -0.0234004
vn 0.0971172 -0.995185 -0.0132516
vn 0.0979726 -0.995185 -0.00295552
vn 0.0977394 -0.995185 0.00737336
vn 0.0964204 -0.995185 0.0176203
vn 0.09403 -0.995185 0.0276715
vn 0.090595 -0.995185 0.0374153
vn 0.0861535 -0.995185 0.0467433
vn 0.0807547 -0.995185 0.0555521
vn 0.0744588 -0.995185 0.0637436
vn 0.0673356 -0.995185 0.0712269
vn 0.0594643 -0.995185 0.0779189
vn 0.0509323 -0.995185 0.0837452
vn 0.0418345 -0.995185 0.088641
vn 0.0322719 -0.995185 0.0925521
vn 0.0223507 -0.995185 0.0954348
vn 0.0121812 -0.995185 0.0972573
vn 0.00187635 -0.995185 0.0979992
vn -0.00844933 -0.995185 0.0976523
vn -0.0186811 -0.995185 0.0962204
vn -0.0287054 -0.995185 0.0937196
vn -0.0384107 -0.995185 0.0901775
vn -0.0476893 -0.995185 0.0856335
vn -0.0564381 -0.995185 0.080138
vn -0.0645598 -0.995185 0.0737523
vn -0.143235 -0.980785 0.132453
vn -3.40641e-15 -1 1.1858e-15
vn -0.0719642 -0.995185 0.0665471
vn 0.665077 -0.707107 -0.240152
vn 0.596685 -0.77301 -0.215457
vn 0.522547 -0.83147 -0.188686
vn 0.443377 -0.881921 -0.160099
vn 0.359937 -0.92388 -0.129969
vn 0.27303 -0.95694 -0.0985883
vn 0.183494 -0.980785 -0.0662578
vn 0.092191 -0.995185 -0.0332892
vn -1.50269e-15 -1 5.27895e-16
vn 0.665077 -0.707107 -0.240152
vn 0.683361 -0.707107 -0.181708
vn 0.69652 -0.707107 -0.121901
vn 0.704455 -0.707107 -0.06118
vn 0.707107 -0.707107 0
vn 0.665077 -0.707107 -0.240152
vn 0.092191 -0.995185 -0.0332892
vn 3.16148e-15 -1 -1.1858e-15
vn 0.0947256 -0.995185 -0.0251879
vn 0.0965496 -0.995185 -0.0168976
vn 3.24117e-15 -1 -2.92123e-16
vn 0.0976496 -0.995185 -0.0084806
vn 0.183494 -0.980785 -0.0662578
vn 0.188539 -0.980785 -0.0501331
vn 0.192169 -0.980785 -0.0336325
vn 0.194359 -0.980785 -0.0168795
vn 0.0980171 -0.995185 -1.38778e-17
vn 0.27303 -0.95694 -0.0985883
vn 0.280536 -0.95694 -0.0745956
vn 0.285939 -0.95694 -0.0500434
vn 0.289196 -0.95694 -0.0251159
vn 0.19509 -0.980785 -4.85723e-17
vn 0.359937 -0.92388 -0.129969
vn 0.369832 -0.92388 -0.0983397
vn 0.376954 -0.92388 -0.0659724
vn 0.381248 -0.92388 -0.0331104
vn 0.290285 -0.95694 -6.93889e-17
vn 0.443377 -0.881921 -0.160099
vn 0.455566 -0.881921 -0.121137
vn 0.464339 -0.881921 -0.0812661
vn 0.469629 -0.881921 -0.040786
vn 0.382683 -0.92388 -6.93889e-17
vn 0.522547 -0.83147 -0.188686
vn 0.536913 -0.83147 -0.142767
vn 0.547252 -0.83147 -0.0957771
vn 0.553487 -0.83147 -0.0480688
vn 0.471397 -0.881921 -1.38778e-16
vn 0.596685 -0.77301 -0.215457
vn 0.613089 -0.77301 -0.163023
vn 0.624895 -0.77301 -0.109366
vn 0.632014 -0.77301 -0.0548887
vn 0.55557 -0.83147 -1.11022e-16
vn 0.665077 -0.707107 -0.240152
vn 0.683361 -0.707107 -0.181708
vn 0.69652 -0.707107 -0.121901
vn 0.704455 -0.707107 -0.06118
vn 0.634393 -0.77301 -1.11022e-16
vn 0.707107 -0.707107 -1.11022e-16
vn 0.66413 -0.747618 0
vn 0.696274 -0.717776 0
vn 0.634393 -0.77301 0
vn 0.55557 -0.83147 0
vn 0.582452 -0.812865 0
vn 0.471397 -0.881921 0
vn 0.505769 -0.862669 0
vn 0.390002 -0.920814 0
vn 0.429368 -0.90313 0
vn 0.382683 -0.92388 0
vn 0.290285 -0.95694 0
vn 0.304635 -0.952469 0
vn 0.19509 -0.980785 0
vn 0.204692 -0.978826 0
vn 0.14472 -0.989473 0
vn 0.157862 -0.987461 0
vn 0.0980171 -0.995185 0
vn 1.83697e-16 -1 0
vn 0.0777099 -0.996976 0
vn 0.707107 -0.707107 0
vn 0.995185 -0.0980171 1.21875e-16
vn 1 -1.51596e-15 1.22465e-16
vn 0.99625 -1.45473e-15 -0.0865216
vn 0.991453 -0.0980171 -0.086105
vn 0.985028 -1.45473e-15 -0.172394
vn 0.980285 -0.0980171 -0.171564
vn 0.966418 -1.45473e-15 -0.256974
vn 0.961765 -0.0980171 -0.255737
vn 0.94056 -1.45473e-15 -0.339626
vn 0.980785 -0.19509 1.20112e-16
vn 0.977107 -0.19509 -0.0848591
vn 0.966101 -0.19509 -0.169082
vn 0.947849 -0.19509 -0.252036
vn 0.936031 -0.0980171 -0.337991
vn 0.95694 -0.290285 1.17191e-16
vn 0.953352 -0.290285 -0.082796
vn 0.942613 -0.290285 -0.164971
vn 0.924805 -0.290285 -0.245909
vn 0.922488 -0.19509 -0.333101
vn 0.92388 -0.382683 1.13143e-16
vn 0.920415 -0.382683 -0.0799355
vn 0.910047 -0.382683 -0.159272
vn 0.892854 -0.382683 -0.237413
vn 0.90006 -0.290285 -0.325002
vn 0.881921 -0.471397 1.08004e-16
vn 0.878614 -0.471397 -0.0763052
vn 0.868717 -0.471397 -0.152038
vn 0.852305 -0.471397 -0.226631
vn 0.868965 -0.382683 -0.313774
vn 0.83147 -0.55557 1.01826e-16
vn 0.828352 -0.55557 -0.0719401
vn 0.819021 -0.55557 -0.143341
vn 0.803547 -0.55557 -0.213666
vn 0.8295 -0.471397 -0.299524
vn 0.77301 -0.634393 9.46665e-17
vn 0.770112 -0.634393 -0.0668821
vn 0.761437 -0.634393 -0.133263
vn 0.747051 -0.634393 -0.198644
vn 0.782047 -0.55557 -0.282389
vn 0.707107 -0.707107 8.65956e-17
vn 0.704455 -0.707107 -0.06118
vn 0.69652 -0.707107 -0.121901
vn 0.683361 -0.707107 -0.181708
vn 0.727063 -0.634393 -0.262535
vn 0.665077 -0.707107 -0.240152
vn 1 -1.22465e-16 0
vn 0.467113 -0.750741 -0.467113
vn 0.518594 -0.679794 -0.518594
vn 0.56884 -0.67607 -0.468349
vn 0.520145 -0.749958 -0.408672
vn 0.464408 -0.754089 -0.464408
vn 0.996655 -0.0707652 -0.040878
vn 0.987234 -0.0624825 -0.14651
vn 0.995184 1.38778e-14 -0.0980267
vn 0.989549 1.27915e-14 -0.144195
vn 0.73879 -0.546077 -0.394954
vn 0.714107 -0.621023 -0.323081
vn 0.667135 -0.646523 -0.370054
vn 0.697487 -0.5685 -0.436258
vn 0.618535 -0.664939 -0.418654
vn 0.654752 -0.584694 -0.478992
vn 0.520727 -0.676526 -0.520727
vn 0.566872 -0.597756 -0.566872
vn 0.611054 -0.594481 -0.52269
vn 0.966573 -0.0531954 -0.250811
vn 0.968545 1.33646e-14 -0.24884
vn 0.980786 1.38778e-14 -0.195088
vn 0.980313 -0.12428 -0.153431
vn 0.960681 -0.105808 -0.256704
vn 0.968862 -0.184717 -0.164882
vn 0.950932 -0.157261 -0.266452
vn 0.953007 -0.243129 -0.180737
vn 0.937434 -0.206992 -0.279951
vn 0.932921 -0.298878 -0.200823
vn 0.920334 -0.254454 -0.297051
vn 0.908825 -0.351352 -0.224919
vn 0.899819 -0.299129 -0.317566
vn 0.880982 -0.399977 -0.252762
vn 0.876115 -0.340526 -0.34127
vn 0.849698 -0.444219 -0.284046
vn 0.84948 -0.378192 -0.367904
vn 0.815316 -0.483595 -0.318429
vn 0.820208 -0.411715 -0.397176
vn 0.778211 -0.517672 -0.355533
vn 0.788618 -0.440727 -0.428766
vn 0.755057 -0.464911 -0.462327
vn 0.719893 -0.484 -0.497492
vn 0.68351 -0.497787 -0.533875
vn 0.568479 -0.594696 -0.568479
vn 0.608692 -0.508908 -0.608692
vn 0.646307 -0.50612 -0.571077
vn 0.934902 -0.0433023 -0.352255
vn 0.936506 1.37855e-14 -0.35065
vn 0.956944 1.38778e-14 -0.290271
vn 0.930105 -0.0861301 -0.357052
vn 0.92217 -0.128014 -0.364987
vn 0.911181 -0.168496 -0.375975
vn 0.897262 -0.207131 -0.389895
vn 0.880562 -0.243498 -0.406595
vn 0.861266 -0.277196 -0.42589
vn 0.839586 -0.307857 -0.447571
vn 0.815757 -0.335146 -0.4714
vn 0.790042 -0.358762 -0.497114
vn 0.762723 -0.378448 -0.524434
vn 0.734098 -0.393987 -0.553059
vn 0.704482 -0.40521 -0.582675
vn 0.609832 -0.506171 -0.609832
vn 0.643578 -0.414263 -0.643578
vn 0.674198 -0.411993 -0.612959
vn 0.89258 -0.0329158 -0.449686
vn 0.8938 1.40494e-14 -0.448466
vn 0.923889 1.38778e-14 -0.382662
vn 0.888934 -0.065471 -0.453332
vn 0.882902 -0.0973089 -0.459364
vn 0.874549 -0.128081 -0.467717
vn 0.863968 -0.157449 -0.478298
vn 0.851274 -0.185093 -0.490992
vn 0.836607 -0.210708 -0.505659
vn 0.820126 -0.234015 -0.52214
vn 0.802013 -0.254758 -0.540253
vn 0.782466 -0.27271 -0.5598
vn 0.7617 -0.287674 -0.580566
vn 0.739941 -0.299486 -0.602325
vn 0.717428 -0.308017 -0.624838
vn 0.644321 -0.411949 -0.644321
vn 0.671133 -0.314898 -0.671133
vn 0.694408 -0.313173 -0.647858
vn 0.84009 -0.0221544 -0.541994
vn 0.840911 1.41532e-14 -0.541173
vn 0.881935 1.38778e-14 -0.471371
vn 0.837636 -0.0440662 -0.544448
vn 0.833576 -0.0654951 -0.548508
vn 0.827954 -0.0862064 -0.55413
vn 0.820832 -0.105973 -0.561252
vn 0.812289 -0.124579 -0.569796
vn 0.802416 -0.14182 -0.579668
vn 0.791324 -0.157507 -0.59076
vn 0.779133 -0.171468 -0.602952
vn 0.765977 -0.183551 -0.616108
vn 0.751999 -0.193623 -0.630085
vn 0.737354 -0.201573 -0.64473
vn 0.722202 -0.207315 -0.659883
vn 0.671556 -0.313089 -0.671556
vn 0.691042 -0.211947 -0.691042
vn 0.706708 -0.210785 -0.675377
vn 0.77803 -0.0111407 -0.628128
vn 0.778443 1.40958e-14 -0.627715
vn 0.831485 1.38778e-14 -0.555547
vn 0.776796 -0.0221593 -0.629362
vn 0.774754 -0.0329351 -0.631404
vn 0.771927 -0.0433501 -0.634231
vn 0.768346 -0.0532902 -0.637812
vn 0.76405 -0.0626464 -0.642109
vn 0.759085 -0.0713162 -0.647073
vn 0.753507 -0.0792046 -0.652651
vn 0.747377 -0.0862253 -0.658782
vn 0.740761 -0.0923013 -0.665397
vn 0.733732 -0.097366 -0.672426
vn 0.726368 -0.101364 -0.679791
vn 0.718748 -0.104251 -0.68741
vn 0.691232 -0.210705 -0.691232
vn 0.703079 -0.10658 -0.703079
vn 0.710957 -0.105996 -0.695202
vn 0.707107 1.38778e-14 -0.707107
vn 0.773022 1.38778e-14 -0.634379
vn 0.703127 -0.105949 -0.703127
vn 0.999281 1.20726e-14 -0.0379069
vn 1 -2.77556e-14 4.0766e-14
vn 0.99684 -0.0710451 -0.0355226
vn 0.994538 -0.0933592 -0.0466796
vn 0.988085 -0.137662 -0.0688308
vn 0.995553 -0.0842575 -0.0421288
vn 0.97821 -0.185699 -0.0928493
vn 0.956772 -0.260135 -0.130067
vn 0.951196 -0.276009 -0.138005
vn 0.91379 -0.363304 -0.181652
vn 0.909532 -0.371755 -0.185877
vn 0.866401 -0.446631 -0.223315
vn 0.84578 -0.477205 -0.238602
vn 0.809547 -0.525078 -0.262539
vn 0.743849 -0.597788 -0.298894
vn 0.734237 -0.607221 -0.30361
vn 0.76193 -0.579284 -0.289642
vn 0.710294 -0.629592 -0.314796
vn 0.58888 -0.722894 -0.361447
vn 0.670025 -0.663968 -0.331984
vn 0.582024 -0.727323 -0.363662
vn 0.559079 -0.741582 -0.370791
vn 0.501804 -0.773663 -0.386831
vn 0.501303 -0.773923 -0.386961
vn 0.408248 -0.816497 -0.408248
vn 0.707107 1.38778e-14 -0.707107
vn 0.707107 -0.707107 0
vn 0.995185 -0.0980171 0
vn 0.995186 -0.0980084 0
vn 0.99558 -0.0939128 0
vn 1 1.22465e-16 0
vn 0.980785 -0.19509 0
vn 0.980787 -0.195083 0
vn 0.981469 -0.191623 0
vn 0.95694 -0.290285 0
vn 0.956942 -0.290278 0
vn 0.957791 -0.287465 0
vn 0.92388 -0.382683 0
vn 0.923882 -0.382679 0
vn 0.924779 -0.380506 0
vn 0.881921 -0.471397 0
vn 0.881923 -0.471393 0
vn 0.882753 -0.469838 0
vn 0.83147 -0.55557 0
vn 0.831471 -0.555568 0
vn 0.832124 -0.55459 0
vn 0.77301 -0.634393 0
vn 0.773011 -0.634392 0
vn 0.773384 -0.633938 0
vn 0.707107 -0.707107 0
vn 1 1.22465e-16 0
vn 0.703975 -0.710198 -0.00622297
vn 0.660565 -0.745903 -0.0853374
vn 0.663406 -0.743916 -0.0805093
vn 0.707107 -0.707107 -1.1441e-13
vn 0.61324 -0.773474 -0.160234
vn 0.660553 -0.745911 -0.0853581
vn 0.657621 -0.747918 -0.0902967
vn 0.606786 -0.77653 -0.169744
vn 0.557097 -0.795494 -0.238397
vn 0.606769 -0.776537 -0.169768
vn 0.60427 -0.77768 -0.17341
vn 0.546357 -0.79865 -0.252294
vn 0.495524 -0.80976 -0.314236
vn 0.546338 -0.798655 -0.252317
vn 0.54449 -0.799168 -0.254678
vn 0.47994 -0.812022 -0.332082
vn 0.479922 -0.812024 -0.332102
vn 0.429122 -0.816135 -0.387013
vn 0.478917 -0.812153 -0.333236
vn 0.408248 -0.816497 -0.408248
vn 0.501303 -0.773923 -0.386961
vn 0.472718 -0.788181 -0.394091
vn 0.445768 -0.800645 -0.400323
vn 0.408248 -0.816497 -0.408248
vn 0.501303 -0.773923 -0.386961
vn 0.501804 -0.773663 -0.386831
vn 0.559079 -0.741582 -0.370791
vn 0.570272 -0.734732 -0.367366
vn 0.525983 -0.760706 -0.380353
vn 0.582024 -0.727323 -0.363662
vn 0.573481 -0.732732 -0.366366
vn 0.58888 -0.722894 -0.361447
vn 0.670025 -0.663968 -0.331984
vn 0.639343 -0.687744 -0.343872
vn 0.60733 -0.710577 -0.355289
vn 0.710294 -0.629592 -0.314796
vn 0.694347 -0.643666 -0.321833
vn 0.718578 -0.622026 -0.311013
vn 0.734237 -0.607221 -0.30361
vn 0.743849 -0.597788 -0.298894
vn 0.76193 -0.579284 -0.289642
vn 0.784872 -0.554239 -0.27712
vn 0.763359 -0.577777 -0.288889
vn 0.809547 -0.525078 -0.262539
vn 0.866401 -0.446631 -0.223315
vn 0.827458 -0.502245 -0.251123
vn 0.84578 -0.477205 -0.238602
vn 0.866401 -0.446631 -0.223315
vn 0.877632 -0.428729 -0.214365
vn 0.871218 -0.43907 -0.219535
vn 0.909532 -0.371755 -0.185877
vn 0.895381 -0.398289 -0.199145
vn 0.91379 -0.363304 -0.181652
vn 0.951196 -0.276009 -0.138005
vn 0.939168 -0.307198 -0.153599
vn 0.919049 -0.352532 -0.176266
vn 0.951196 -0.276009 -0.138005
vn 0.944391 -0.29411 -0.147055
vn 0.975075 -0.198453 -0.0992267
vn 0.969166 -0.220395 -0.110197
vn 0.956772 -0.260135 -0.130067
vn 0.97821 -0.185699 -0.0928493
vn 0.988085 -0.137662 -0.0688308
vn 0.994538 -0.0933592 -0.0466796
vn 0.994316 -0.0952299 -0.0476149
vn 0.990146 -0.125252 -0.0626262
vn 1 -1.14584e-13 -5.72308e-14
vn 0.99684 -0.0710451 -0.0355226
vn 0.995553 -0.0842575 -0.0421288
vn 1 -1.14584e-13 -5.72308e-14
vn 0.408248 -0.816497 -0.408248
vn 0.980787 -0.195083 3.46945e-15
vn 0.957791 -0.287465 -4.60926e-15
vn 0.955976 -0.28928 -0.0492575
vn 0.97933 -0.193761 -0.0580401
vn 0.981469 -0.191623 -2.3228e-15
vn 0.911613 -0.393671 -0.118257
vn 0.941455 -0.304496 -0.144725
vn 0.950552 -0.294704 -0.0979815
vn 0.918901 -0.386383 -0.0795564
vn 0.956942 -0.290278 3.46945e-15
vn 0.924779 -0.380506 1.01205e-14
vn 0.923305 -0.381979 -0.0399947
vn 0.519466 -0.785819 -0.335626
vn 0.57526 -0.77733 -0.254624
vn 0.546357 -0.79865 -0.252294
vn 0.557097 -0.795494 -0.238397
vn 0.544849 -0.760435 -0.353381
vn 0.570272 -0.734732 -0.367366
vn 0.614661 -0.73793 -0.278661
vn 0.855408 -0.497183 -0.145214
vn 0.888734 -0.41655 -0.19141
vn 0.901521 -0.403763 -0.155676
vn 0.865109 -0.487482 -0.118104
vn 0.872765 -0.479826 -0.0897159
vn 0.878294 -0.474297 -0.0603558
vn 0.923882 -0.382679 1.73472e-15
vn 0.882753 -0.469838 9.5609e-16
vn 0.881635 -0.470955 -0.0303422
vn 0.625448 -0.761266 -0.171141
vn 0.606786 -0.77653 -0.169744
vn 0.61324 -0.773474 -0.160234
vn 0.594518 -0.758073 -0.268094
vn 0.638392 -0.748322 -0.180194
vn 0.651931 -0.734783 -0.187297
vn 0.635471 -0.717119 -0.28621
vn 0.665918 -0.720796 -0.192371
vn 0.656724 -0.695866 -0.29066
vn 0.680203 -0.706511 -0.195362
vn 0.678189 -0.674402 -0.291963
vn 0.694629 -0.692084 -0.196237
vn 0.699633 -0.652958 -0.290104
vn 0.709043 -0.677671 -0.194988
vn 0.720824 -0.631767 -0.285103
vn 0.723286 -0.663428 -0.191627
vn 0.741533 -0.611057 -0.277016
vn 0.737205 -0.649509 -0.186191
vn 0.761536 -0.591055 -0.265928
vn 0.75065 -0.636064 -0.178738
vn 0.780615 -0.571975 -0.251961
vn 0.763474 -0.62324 -0.169351
vn 0.798565 -0.554025 -0.235265
vn 0.775538 -0.611175 -0.158129
vn 0.815191 -0.537399 -0.216022
vn 0.786713 -0.600001 -0.145195
vn 0.830313 -0.522277 -0.194439
vn 0.796877 -0.589837 -0.130689
vn 0.843767 -0.508823 -0.170751
vn 0.80592 -0.580794 -0.114767
vn 0.813744 -0.57297 -0.0976028
vn 0.820264 -0.56645 -0.0793816
vn 0.82541 -0.561304 -0.0603008
vn 0.829126 -0.557588 -0.040567
vn 0.881923 -0.471393 0
vn 0.832124 -0.55459 -4.20689e-15
vn 0.831372 -0.555342 -0.0203939
vn 0.66954 -0.737782 -0.0859894
vn 0.660565 -0.745903 -0.0853374
vn 0.663406 -0.743916 -0.0805093
vn 0.676044 -0.731278 -0.0905384
vn 0.682846 -0.724476 -0.094107
vn 0.689874 -0.717448 -0.0966565
vn 0.697052 -0.71027 -0.0981593
vn 0.7043 -0.703022 -0.0985992
vn 0.711542 -0.69578 -0.0979714
vn 0.718699 -0.688623 -0.0962826
vn 0.725692 -0.681629 -0.0935513
vn 0.732448 -0.674874 -0.0898069
vn 0.738891 -0.668431 -0.08509
vn 0.744953 -0.662369 -0.0794517
vn 0.750568 -0.656754 -0.072953
vn 0.755674 -0.651647 -0.0656643
vn 0.760218 -0.647104 -0.0576646
vn 0.764149 -0.643173 -0.0490404
vn 0.767425 -0.639897 -0.0398852
vn 0.770011 -0.637311 -0.0302981
vn 0.771878 -0.635444 -0.0203828
vn 0.831471 -0.555568 -1.73472e-15
vn 0.773384 -0.633938 -3.34846e-15
vn 0.773007 -0.634315 -0.0102469
vn 0.773011 -0.634392 -1.73472e-15
vn 0.47994 -0.812022 -0.332082
vn 0.429122 -0.816135 -0.387013
vn 0.445768 -0.800645 -0.400323
vn 0.472718 -0.788181 -0.394091
vn 0.495524 -0.80976 -0.314236
vn 0.501303 -0.773923 -0.386961
vn 0.525983 -0.760706 -0.380353
vn 0.58888 -0.722894 -0.361447
vn 0.60733 -0.710577 -0.355289
vn 0.573481 -0.732732 -0.366366
vn 0.639343 -0.687744 -0.343872
vn 0.670025 -0.663968 -0.331984
vn 0.694347 -0.643666 -0.321833
vn 0.718578 -0.622026 -0.311013
vn 0.743849 -0.597788 -0.298894
vn 0.763359 -0.577777 -0.288889
vn 0.784872 -0.554239 -0.27712
vn 0.809547 -0.525078 -0.262539
vn 0.827458 -0.502245 -0.251123
vn 0.866401 -0.446631 -0.223315
vn 0.871218 -0.43907 -0.219535
vn 0.877632 -0.428729 -0.214365
vn 0.895381 -0.398289 -0.199145
vn 0.91379 -0.363304 -0.181652
vn 0.919049 -0.352532 -0.176266
vn 0.939168 -0.307198 -0.153599
vn 0.944391 -0.29411 -0.147055
vn 0.951196 -0.276009 -0.138005
vn 0.969166 -0.220395 -0.110197
vn 0.975075 -0.198453 -0.0992267
vn 0.97821 -0.185699 -0.0928493
vn 0.990146 -0.125252 -0.0626262
vn 0.995186 -0.0980084 5.20417e-15
vn 0.994316 -0.0952299 -0.0476149
vn 0.99558 -0.0939128 1.09829e-14
vn 0.994538 -0.0933592 -0.0466796
vn 1 -7.53408e-29 6.56667e-15
vn 0.408248 -0.816497 -0.408248
vn 0.707107 -0.707107 -3.46945e-15
vn -0.0724026 -0.994744 -0.0724026
vn -0.108271 -0.993493 -0.0353359
vn -0.173269 -0.978258 -0.113968
vn -0.14235 -0.979527 -0.14235
vn -0.148875 -0.988842 -0.00517768
vn -0.14405 -0.97903 -0.14405
vn -0.236424 -0.952615 -0.191387
vn -0.212942 -0.953578 -0.212942
vn -0.206388 -0.974466 -0.0884342
vn -0.261576 -0.949734 -0.171995
vn -0.241342 -0.968191 -0.066029
vn -0.288123 -0.944969 -0.154979
vn -0.277749 -0.959503 -0.0469975
vn -0.315772 -0.938371 -0.140526
vn -0.315211 -0.948497 -0.0315483
vn -0.344223 -0.930012 -0.128793
vn -0.353316 -0.935294 -0.0198506
vn -0.373162 -0.919985 -0.119909
vn -0.391647 -0.920037 -0.0120326
vn -0.402273 -0.908398 -0.113971
vn -0.429784 -0.902895 -0.00817995
vn -0.431237 -0.895379 -0.111045
vn -0.46731 -0.884054 -0.00833484
vn -0.459737 -0.88107 -0.111163
vn -0.503813 -0.863722 -0.0124956
vn -0.487459 -0.865629 -0.114323
vn -0.538893 -0.842122 -0.0206166
vn -0.514101 -0.849224 -0.12049
vn -0.572167 -0.819489 -0.0326089
vn -0.539371 -0.832036 -0.129598
vn -0.603268 -0.796072 -0.0483411
vn -0.562991 -0.814251 -0.141546
vn -0.631857 -0.772128 -0.0676408
vn -0.657621 -0.747918 -0.0902967
vn -0.606769 -0.776537 -0.169768
vn -0.584704 -0.796066 -0.156203
vn -0.214183 -0.953022 -0.214183
vn -0.297063 -0.916835 -0.26677
vn -0.281268 -0.917484 -0.281268
vn -0.313982 -0.914898 -0.253726
vn -0.331838 -0.911693 -0.242281
vn -0.350436 -0.907255 -0.232559
vn -0.369573 -0.901632 -0.224666
vn -0.389039 -0.894887 -0.218691
vn -0.40862 -0.887094 -0.214697
vn -0.428102 -0.878337 -0.212729
vn -0.447272 -0.868712 -0.212808
vn -0.465919 -0.858326 -0.214933
vn -0.483839 -0.847291 -0.219082
vn -0.500837 -0.83573 -0.225208
vn -0.516725 -0.823767 -0.233245
vn -0.60427 -0.77768 -0.17341
vn -0.546338 -0.798655 -0.252317
vn -0.531329 -0.811535 -0.243104
vn -0.282065 -0.916995 -0.282065
vn -0.354542 -0.871301 -0.339314
vn -0.346602 -0.871627 -0.346602
vn -0.363046 -0.870327 -0.332757
vn -0.372022 -0.868716 -0.327004
vn -0.381371 -0.866485 -0.322117
vn -0.390991 -0.863659 -0.31815
vn -0.400776 -0.860269 -0.315146
vn -0.410618 -0.856351 -0.313139
vn -0.420412 -0.851949 -0.312149
vn -0.430048 -0.847111 -0.312189
vn -0.439421 -0.84189 -0.313257
vn -0.448429 -0.836343 -0.315343
vn -0.456974 -0.830531 -0.318422
vn -0.46496 -0.824518 -0.322462
vn -0.54449 -0.799168 -0.254678
vn -0.479922 -0.812024 -0.332102
vn -0.472301 -0.81837 -0.327418
vn -0.408248 -0.816497 -0.408248
vn -0.346981 -0.871326 -0.346981
vn -0.0702429 -0.995054 -0.0702429
vn 0 -1 -4.16334e-14
vn -0.0777099 -0.996976 -4.16334e-14
vn -0.0980171 -0.995185 -4.16334e-14
vn -0.14472 -0.989473 -4.16334e-14
vn -0.19509 -0.980785 -4.16334e-14
vn -0.204692 -0.978826 -4.16334e-14
vn -0.157862 -0.987461 -4.16334e-14
vn -0.256607 -0.966516 -4.16334e-14
vn -0.290285 -0.95694 -4.16334e-14
vn -0.34839 -0.93735 -4.16334e-14
vn -0.382683 -0.92388 -4.16334e-14
vn -0.429368 -0.90313 -4.16334e-14
vn -0.471397 -0.881921 -4.16334e-14
vn -0.505769 -0.862669 -4.16334e-14
vn -0.55557 -0.83147 -4.16334e-14
vn -0.582452 -0.812865 -4.16334e-14
vn -0.634393 -0.77301 -4.16334e-14
vn -0.660553 -0.745911 -0.0853581
vn -0.66413 -0.747618 -4.16334e-14
vn -0.696274 -0.717776 -4.16334e-14
vn -0.703975 -0.710198 -0.00622297
vn -0.707107 -0.707107 -4.16334e-14
vn -0.408248 -0.816497 -0.408248
vn -0.478917 -0.812153 -0.333236
vn -5.87131e-16 -1 -4.09156e-16
vn -0.0702429 -0.995054 -0.0702429
vn -0.0724026 -0.994744 -0.0724026
vn -0.14405 -0.97903 -0.14405
vn -0.14235 -0.979527 -0.14235
vn -0.214183 -0.953022 -0.214183
vn -0.212942 -0.953578 -0.212942
vn -0.282065 -0.916995 -0.282065
vn -0.281268 -0.917484 -0.281268
vn -0.214183 -0.953022 -0.214183
vn -0.282065 -0.916995 -0.282065
vn -0.346602 -0.871627 -0.346602
vn -0.346981 -0.871326 -0.346981
vn -0.408248 -0.816497 -0.408248
vn -5.87131e-16 -1 -4.09156e-16
vn -0.467113 -0.750741 -0.467113
vn -0.518594 -0.679794 -0.518594
vn -0.468349 -0.67607 -0.56884
vn -0.408672 -0.749958 -0.520145
vn -0.464408 -0.754089 -0.464408
vn -0.040878 -0.0707652 -0.996655
vn -0.14651 -0.0624825 -0.987234
vn -0.0980267 0 -0.995184
vn -0.144195 7.3204e-17 -0.989549
vn -0.394954 -0.546077 -0.73879
vn -0.323081 -0.621023 -0.714107
vn -0.370054 -0.646523 -0.667135
vn -0.436258 -0.5685 -0.697487
vn -0.418654 -0.664939 -0.618535
vn -0.478992 -0.584694 -0.654752
vn -0.520727 -0.676526 -0.520727
vn -0.566872 -0.597756 -0.566872
vn -0.52269 -0.594481 -0.611054
vn -0.250811 -0.0531954 -0.966573
vn -0.24884 6.23233e-17 -0.968545
vn -0.195088 0 -0.980786
vn -0.153431 -0.12428 -0.980313
vn -0.256704 -0.105808 -0.960681
vn -0.164882 -0.184717 -0.968862
vn -0.266452 -0.157261 -0.950932
vn -0.180737 -0.243129 -0.953007
vn -0.279951 -0.206992 -0.937434
vn -0.200823 -0.298878 -0.932921
vn -0.297051 -0.254454 -0.920334
vn -0.224919 -0.351352 -0.908825
vn -0.317566 -0.299129 -0.899819
vn -0.252762 -0.399977 -0.880982
vn -0.34127 -0.340526 -0.876115
vn -0.284046 -0.444219 -0.849698
vn -0.367904 -0.378192 -0.84948
vn -0.318429 -0.483595 -0.815316
vn -0.397176 -0.411715 -0.820208
vn -0.355533 -0.517672 -0.778211
vn -0.428766 -0.440727 -0.788618
vn -0.462327 -0.464911 -0.755057
vn -0.497492 -0.484 -0.719893
vn -0.533875 -0.497787 -0.68351
vn -0.568479 -0.594696 -0.568479
vn -0.608692 -0.508908 -0.608692
vn -0.571077 -0.50612 -0.646307
vn -0.352255 -0.0433023 -0.934902
vn -0.35065 5.07326e-17 -0.936506
vn -0.290271 0 -0.956944
vn -0.357052 -0.0861301 -0.930105
vn -0.364987 -0.128014 -0.92217
vn -0.375975 -0.168496 -0.911181
vn -0.389895 -0.207131 -0.897262
vn -0.406595 -0.243498 -0.880562
vn -0.42589 -0.277196 -0.861266
vn -0.447571 -0.307857 -0.839586
vn -0.4714 -0.335146 -0.815757
vn -0.497114 -0.358762 -0.790042
vn -0.524434 -0.378448 -0.762723
vn -0.553059 -0.393987 -0.734098
vn -0.582675 -0.40521 -0.704482
vn -0.609832 -0.506171 -0.609832
vn -0.643578 -0.414263 -0.643578
vn -0.612959 -0.411993 -0.674198
vn -0.449686 -0.0329158 -0.89258
vn -0.448466 3.85639e-17 -0.8938
vn -0.382662 0 -0.923889
vn -0.453332 -0.065471 -0.888934
vn -0.459364 -0.0973089 -0.882902
vn -0.467717 -0.128081 -0.874549
vn -0.478298 -0.157449 -0.863968
vn -0.490992 -0.185093 -0.851274
vn -0.505659 -0.210708 -0.836607
vn -0.52214 -0.234015 -0.820126
vn -0.540253 -0.254758 -0.802013
vn -0.5598 -0.27271 -0.782466
vn -0.580566 -0.287674 -0.7617
vn -0.602325 -0.299486 -0.739941
vn -0.624838 -0.308017 -0.717428
vn -0.644321 -0.411949 -0.644321
vn -0.671133 -0.314898 -0.671133
vn -0.647858 -0.313173 -0.694408
vn -0.541994 -0.0221544 -0.84009
vn -0.541173 2.5956e-17 -0.840911
vn -0.471371 0 -0.881935
vn -0.544448 -0.0440662 -0.837636
vn -0.548508 -0.0654951 -0.833576
vn -0.55413 -0.0862064 -0.827954
vn -0.561252 -0.105973 -0.820832
vn -0.569796 -0.124579 -0.812289
vn -0.579668 -0.14182 -0.802416
vn -0.59076 -0.157507 -0.791324
vn -0.602952 -0.171468 -0.779133
vn -0.616108 -0.183551 -0.765977
vn -0.630085 -0.193623 -0.751999
vn -0.64473 -0.201573 -0.737354
vn -0.659883 -0.207315 -0.722202
vn -0.671556 -0.313089 -0.671556
vn -0.691042 -0.211947 -0.691042
vn -0.675377 -0.210785 -0.706708
vn -0.628128 -0.0111407 -0.77803
vn -0.627715 1.30523e-17 -0.778443
vn -0.555547 0 -0.831485
vn -0.629362 -0.0221593 -0.776796
vn -0.631404 -0.0329351 -0.774754
vn -0.634231 -0.0433501 -0.771927
vn -0.637812 -0.0532902 -0.768346
vn -0.642109 -0.0626464 -0.76405
vn -0.647073 -0.0713162 -0.759085
vn -0.652651 -0.0792046 -0.753507
vn -0.658782 -0.0862253 -0.747377
vn -0.665397 -0.0923013 -0.740761
vn -0.672426 -0.097366 -0.733732
vn -0.679791 -0.101364 -0.726368
vn -0.68741 -0.104251 -0.718748
vn -0.691232 -0.210705 -0.691232
vn -0.703079 -0.10658 -0.703079
vn -0.695202 -0.105996 -0.710957
vn -0.707107 0 -0.707107
vn -0.634379 0 -0.773022
vn -0.703127 -0.105949 -0.703127
vn -0.0379069 8.32508e-17 -0.999281
vn -4.16334e-14 2.77556e-14 -1
vn -0.0355226 -0.0710451 -0.99684
vn -0.0466796 -0.0933592 -0.994538
vn -0.0688308 -0.137662 -0.988085
vn -0.0421288 -0.0842575 -0.995553
vn -0.0928493 -0.185699 -0.97821
vn -0.130067 -0.260135 -0.956772
vn -0.138005 -0.276009 -0.951196
vn -0.181652 -0.363304 -0.91379
vn -0.185877 -0.371755 -0.909532
vn -0.223315 -0.446631 -0.866401
vn -0.238602 -0.477205 -0.84578
vn -0.262539 -0.525078 -0.809547
vn -0.298894 -0.597788 -0.743849
vn -0.30361 -0.607221 -0.734237
vn -0.289642 -0.579284 -0.76193
vn -0.314796 -0.629592 -0.710294
vn -0.361447 -0.722894 -0.58888
vn -0.331984 -0.663968 -0.670025
vn -0.363662 -0.727323 -0.582024
vn -0.370791 -0.741582 -0.559079
vn -0.386831 -0.773663 -0.501804
vn -0.386961 -0.773923 -0.501303
vn -0.408248 -0.816497 -0.408248
vn -0.707107 0 -0.707107
vn -0.386961 -0.773923 -0.501303
vn -0.394091 -0.788181 -0.472718
vn -0.400323 -0.800645 -0.445768
vn -0.408248 -0.816497 -0.408248
vn -0.386961 -0.773923 -0.501303
vn -0.361447 -0.722894 -0.58888
vn -0.370791 -0.741582 -0.559079
vn -0.363662 -0.727323 -0.582024
vn -0.386831 -0.773663 -0.501804
vn -0.366366 -0.732732 -0.573481
vn -0.367366 -0.734732 -0.570272
vn -0.380353 -0.760706 -0.525983
vn -0.361447 -0.722894 -0.58888
vn -0.343872 -0.687744 -0.639343
vn -0.355289 -0.710577 -0.60733
vn -0.332393 -0.664785 -0.669011
vn -0.331984 -0.663968 -0.670025
vn -0.298894 -0.597788 -0.743849
vn -0.300071 -0.600142 -0.741476
vn -0.30361 -0.607221 -0.734237
vn -0.311013 -0.622026 -0.718578
vn -0.314796 -0.629592 -0.710294
vn -0.262539 -0.525078 -0.809547
vn -0.27712 -0.554239 -0.784872
vn -0.289642 -0.579284 -0.76193
vn -0.223315 -0.446631 -0.866401
vn -0.251123 -0.502245 -0.827458
vn -0.238602 -0.477205 -0.84578
vn -0.223315 -0.446631 -0.866401
vn -0.214365 -0.428729 -0.877632
vn -0.219535 -0.43907 -0.871218
vn -0.185877 -0.371755 -0.909532
vn -0.199145 -0.398289 -0.895381
vn -0.181652 -0.363304 -0.91379
vn -0.153599 -0.307198 -0.939168
vn -0.176266 -0.352532 -0.919049
vn -0.138005 -0.276009 -0.951196
vn -0.147055 -0.29411 -0.944391
vn -0.0992267 -0.198453 -0.975075
vn -0.110197 -0.220395 -0.969166
vn -0.130067 -0.260135 -0.956772
vn -0.0928493 -0.185699 -0.97821
vn -0.0466796 -0.0933592 -0.994538
vn -0.0476149 -0.0952299 -0.994316
vn -0.0688308 -0.137662 -0.988085
vn -0.0928493 -0.185699 -0.97821
vn -0.0626262 -0.125252 -0.990146
vn -2.63422e-14 -5.26845e-14 -1
vn -0.0421288 -0.0842575 -0.995553
vn -0.0355226 -0.0710451 -0.99684
vn -2.63422e-14 -5.26845e-14 -1
vn -0.408248 -0.816497 -0.408248
vn -0.00622297 -0.710198 -0.703975
vn -0.0853374 -0.745903 -0.660565
vn -0.0805093 -0.743916 -0.663406
vn -9.59519e-15 -0.707107 -0.707107
vn -0.160234 -0.773474 -0.61324
vn -0.0853581 -0.745911 -0.660553
vn -0.0902967 -0.747918 -0.657621
vn -0.169744 -0.77653 -0.606786
vn -0.238397 -0.795494 -0.557097
vn -0.169768 -0.776537 -0.606769
vn -0.17341 -0.77768 -0.60427
vn -0.252294 -0.79865 -0.546357
vn -0.314236 -0.80976 -0.495524
vn -0.252317 -0.798655 -0.546338
vn -0.254678 -0.799168 -0.54449
vn -0.332082 -0.812022 -0.47994
vn -0.332102 -0.812024 -0.479922
vn -0.387013 -0.816135 -0.429122
vn -0.333236 -0.812153 -0.478917
vn -0.408248 -0.816497 -0.408248
vn -0.0884342 -0.974466 -0.206388
vn -0.00517768 -0.988842 -0.148875
vn -0.0353359 -0.993493 -0.108271
vn -0.0724026 -0.994744 -0.0724026
vn -0.14235 -0.979527 -0.14235
vn -0.113968 -0.978258 -0.173269
vn -0.0702429 -0.995054 -0.0702429
vn -0.0676408 -0.772128 -0.631857
vn -0.156203 -0.796066 -0.584704
vn -0.169768 -0.776537 -0.606769
vn -0.17341 -0.77768 -0.60427
vn -0.0483411 -0.796072 -0.603268
vn -0.141546 -0.814251 -0.562991
vn -0.0326089 -0.819489 -0.572167
vn -0.129598 -0.832036 -0.539371
vn -0.0206166 -0.842122 -0.538893
vn -0.12049 -0.849224 -0.514101
vn -0.0124956 -0.863722 -0.503813
vn -0.114323 -0.865629 -0.487459
vn -0.00833484 -0.884054 -0.46731
vn -0.111163 -0.88107 -0.459737
vn -0.00817995 -0.902895 -0.429784
vn -0.111045 -0.895379 -0.431237
vn -0.0120326 -0.920037 -0.391647
vn -0.113971 -0.908398 -0.402273
vn -0.0198506 -0.935294 -0.353316
vn -0.119909 -0.919985 -0.373162
vn -0.0315483 -0.948497 -0.315211
vn -0.128793 -0.930012 -0.344223
vn -0.0469975 -0.959503 -0.277749
vn -0.140526 -0.938371 -0.315772
vn -0.066029 -0.968191 -0.241342
vn -0.154979 -0.944969 -0.288123
vn -0.171995 -0.949734 -0.261576
vn -0.14405 -0.97903 -0.14405
vn -0.212942 -0.953578 -0.212942
vn -0.191387 -0.952615 -0.236424
vn -0.243104 -0.811535 -0.531329
vn -0.252317 -0.798655 -0.546338
vn -0.254678 -0.799168 -0.54449
vn -0.233245 -0.823767 -0.516725
vn -0.225208 -0.83573 -0.500837
vn -0.219082 -0.847291 -0.483839
vn -0.214933 -0.858326 -0.465919
vn -0.212808 -0.868712 -0.447272
vn -0.212729 -0.878337 -0.428102
vn -0.214697 -0.887094 -0.40862
vn -0.218691 -0.894887 -0.389039
vn -0.224666 -0.901632 -0.369573
vn -0.232559 -0.907255 -0.350436
vn -0.242281 -0.911693 -0.331838
vn -0.253726 -0.914898 -0.313982
vn -0.214183 -0.953022 -0.214183
vn -0.281268 -0.917484 -0.281268
vn -0.26677 -0.916835 -0.297063
vn -0.327418 -0.81837 -0.472301
vn -0.332102 -0.812024 -0.479922
vn -0.333236 -0.812153 -0.478917
vn -0.322462 -0.824518 -0.46496
vn -0.318422 -0.830531 -0.456974
vn -0.315343 -0.836343 -0.448429
vn -0.313257 -0.84189 -0.439421
vn -0.312189 -0.847111 -0.430048
vn -0.312149 -0.851949 -0.420412
vn -0.313139 -0.856351 -0.410618
vn -0.315146 -0.860269 -0.400776
vn -0.31815 -0.863659 -0.390991
vn -0.322117 -0.866485 -0.381371
vn -0.327004 -0.868716 -0.372022
vn -0.332757 -0.870327 -0.363046
vn -0.282065 -0.916995 -0.282065
vn -0.346602 -0.871627 -0.346602
vn -0.339314 -0.871301 -0.354542
vn -0.346981 -0.871326 -0.346981
vn -0.0853581 -0.745911 -0.660553
vn 0 -0.717776 -0.696274
vn 0 -0.747618 -0.66413
vn -0.00622297 -0.710198 -0.703975
vn -0.0902967 -0.747918 -0.657621
vn 0 -0.77301 -0.634393
vn 0 -0.812865 -0.582452
vn 0 -0.83147 -0.55557
vn 0 -0.862669 -0.505769
vn 0 -0.881921 -0.471397
vn 0 -0.90313 -0.429368
vn 0 -0.92388 -0.382683
vn 0 -0.93735 -0.34839
vn 0 -0.95694 -0.290285
vn 0 -0.966516 -0.256607
vn 0 -0.980785 -0.19509
vn 0 -0.987461 -0.157862
vn 0 -0.978826 -0.204692
vn 0 -0.989473 -0.14472
vn 0 -0.995185 -0.0980171
vn 0 -0.996976 -0.0777099
vn -1.38168e-14 -1 1.37383e-14
vn 0 -0.707107 -0.707107
vn -0.408248 -0.816497 -0.408248
vn -1.22465e-16 -1 0
vn 0.206388 -0.974466 -0.0884342
vn 0.148875 -0.988842 -0.00517768
vn 0.108271 -0.993493 -0.0353359
vn 0.0724026 -0.994744 -0.0724026
vn 0.14235 -0.979527 -0.14235
vn 0.173269 -0.978258 -0.113968
vn 0.0702429 -0.995054 -0.0702429
vn 0.631857 -0.772128 -0.0676408
vn 0.584704 -0.796066 -0.156203
vn 0.606769 -0.776537 -0.169768
vn 0.60427 -0.77768 -0.17341
vn 0.603268 -0.796072 -0.0483411
vn 0.562991 -0.814251 -0.141546
vn 0.572167 -0.819489 -0.0326089
vn 0.539371 -0.832036 -0.129598
vn 0.538893 -0.842122 -0.0206166
vn 0.514101 -0.849224 -0.12049
vn 0.503813 -0.863722 -0.0124956
vn 0.487459 -0.865629 -0.114323
vn 0.46731 -0.884054 -0.00833484
vn 0.459737 -0.88107 -0.111163
vn 0.429784 -0.902895 -0.00817995
vn 0.431237 -0.895379 -0.111045
vn 0.391647 -0.920037 -0.0120326
vn 0.402273 -0.908398 -0.113971
vn 0.353316 -0.935294 -0.0198506
vn 0.373162 -0.919985 -0.119909
vn 0.315211 -0.948497 -0.0315483
vn 0.344223 -0.930012 -0.128793
vn 0.277749 -0.959503 -0.0469975
vn 0.315772 -0.938371 -0.140526
vn 0.241342 -0.968191 -0.066029
vn 0.288123 -0.944969 -0.154979
vn 0.261576 -0.949734 -0.171995
vn 0.14405 -0.97903 -0.14405
vn 0.212942 -0.953578 -0.212942
vn 0.236424 -0.952615 -0.191387
vn 0.531329 -0.811535 -0.243104
vn 0.546338 -0.798655 -0.252317
vn 0.54449 -0.799168 -0.254678
vn 0.516725 -0.823767 -0.233245
vn 0.500837 -0.83573 -0.225208
vn 0.483839 -0.847291 -0.219082
vn 0.465919 -0.858326 -0.214933
vn 0.447272 -0.868712 -0.212808
vn 0.428102 -0.878337 -0.212729
vn 0.40862 -0.887094 -0.214697
vn 0.389039 -0.894887 -0.218691
vn 0.369573 -0.901632 -0.224666
vn 0.350436 -0.907255 -0.232559
vn 0.331838 -0.911693 -0.242281
vn 0.313982 -0.914898 -0.253726
vn 0.214183 -0.953022 -0.214183
vn 0.281268 -0.917484 -0.281268
vn 0.297063 -0.916835 -0.26677
vn 0.472301 -0.81837 -0.327418
vn 0.479922 -0.812024 -0.332102
vn 0.478917 -0.812153 -0.333236
vn 0.46496 -0.824518 -0.322462
vn 0.456974 -0.830531 -0.318422
vn 0.448429 -0.836343 -0.315343
vn 0.439421 -0.84189 -0.313257
vn 0.430048 -0.847111 -0.312189
vn 0.420412 -0.851949 -0.312149
vn 0.410618 -0.856351 -0.313139
vn 0.400776 -0.860269 -0.315146
vn 0.390991 -0.863659 -0.31815
vn 0.381371 -0.866485 -0.322117
vn 0.372022 -0.868716 -0.327004
vn 0.363046 -0.870327 -0.332757
vn 0.282065 -0.916995 -0.282065
vn 0.346602 -0.871627 -0.346602
vn 0.354542 -0.871301 -0.339314
vn 0.346981 -0.871326 -0.346981
vn 0.660553 -0.745911 -0.0853581
vn 0.696274 -0.717776 2.08167e-14
vn 0.66413 -0.747618 2.08167e-14
vn 0.703975 -0.710198 -0.00622297
vn 0.657621 -0.747918 -0.0902967
vn 0.634393 -0.77301 2.08167e-14
vn 0.582452 -0.812865 2.08167e-14
vn 0.55557 -0.83147 2.08167e-14
vn 0.505769 -0.862669 2.08167e-14
vn 0.471397 -0.881921 2.08167e-14
vn 0.429368 -0.90313 2.08167e-14
vn 0.390002 -0.920814 2.08167e-14
vn 0.382683 -0.92388 2.08167e-14
vn 0.304635 -0.952469 2.08167e-14
vn 0.204692 -0.978826 2.08167e-14
vn 0.19509 -0.980785 2.08167e-14
vn 0.157862 -0.987461 2.08167e-14
vn 0.14472 -0.989473 2.08167e-14
vn 0.0980171 -0.995185 2.08167e-14
vn 0.0777099 -0.996976 2.08167e-14
vn 0 -1 2.08167e-14
vn 0.290285 -0.95694 2.08167e-14
vn 0.707107 -0.707107 2.08167e-14
vn 0.408248 -0.816497 -0.408248
vn -9.46665e-17 -0.77301 -0.634393
vn 0 -0.747618 -0.66413
vn 0 -0.717776 -0.696274
vn -8.65956e-17 -0.707107 -0.707107
vn -1.01826e-16 -0.83147 -0.55557
vn 0 -0.812865 -0.582452
vn -1.08004e-16 -0.881921 -0.471397
vn 0 -0.862669 -0.505769
vn -1.13143e-16 -0.92388 -0.382683
vn 0 -0.90313 -0.429368
vn -1.17191e-16 -0.95694 -0.290285
vn 0 -0.93735 -0.34839
vn -1.20112e-16 -0.980785 -0.19509
vn 0 -0.978826 -0.204692
vn 0 -0.966516 -0.256607
vn -1.21875e-16 -0.995185 -0.0980171
vn 0 -0.989473 -0.14472
vn 0 -0.987461 -0.157862
vn -1.22465e-16 -1 -1.22465e-16
vn 0 -0.996976 -0.0777099
vn 0.0724026 -0.994744 -0.0724026
vn 0.0702429 -0.995054 -0.0702429
vn -2.07524e-15 -1 1.95277e-15
vn 0.14235 -0.979527 -0.14235
vn 0.0724026 -0.994744 -0.0724026
vn 0.14405 -0.97903 -0.14405
vn 0.14235 -0.979527 -0.14235
vn 0.214183 -0.953022 -0.214183
vn 0.212942 -0.953578 -0.212942
vn 0.281268 -0.917484 -0.281268
vn 0.282065 -0.916995 -0.282065
vn 0.346602 -0.871627 -0.346602
vn 0.346981 -0.871326 -0.346981
vn 0.408248 -0.816497 -0.408248
vn 0.214183 -0.953022 -0.214183
vn 0.0724026 -0.994744 -0.0724026
vn 0.0353359 -0.993493 -0.108271
vn 0.113968 -0.978258 -0.173269
vn 0.14235 -0.979527 -0.14235
vn 0.00517768 -0.988842 -0.148875
vn 0.14405 -0.97903 -0.14405
vn 0.191387 -0.952615 -0.236424
vn 0.212942 -0.953578 -0.212942
vn 0.0884342 -0.974466 -0.206388
vn 0.171995 -0.949734 -0.261576
vn 0.066029 -0.968191 -0.241342
vn 0.154979 -0.944969 -0.288123
vn 0.0469975 -0.959503 -0.277749
vn 0.140526 -0.938371 -0.315772
vn 0.0315483 -0.948497 -0.315211
vn 0.128793 -0.930012 -0.344223
vn 0.0198506 -0.935294 -0.353316
vn 0.119909 -0.919985 -0.373162
vn 0.0120326 -0.920037 -0.391647
vn 0.113971 -0.908398 -0.402273
vn 0.00817995 -0.902895 -0.429784
vn 0.111045 -0.895379 -0.431237
vn 0.00833484 -0.884054 -0.46731
vn 0.111163 -0.88107 -0.459737
vn 0.0124956 -0.863722 -0.503813
vn 0.114323 -0.865629 -0.487459
vn 0.0206166 -0.842122 -0.538893
vn 0.12049 -0.849224 -0.514101
vn 0.0326089 -0.819489 -0.572167
vn 0.129598 -0.832036 -0.539371
vn 0.0483411 -0.796072 -0.603268
vn 0.141546 -0.814251 -0.562991
vn 0.0676408 -0.772128 -0.631857
vn 0.0902967 -0.747918 -0.657621
vn 0.169768 -0.776537 -0.606769
vn 0.156203 -0.796066 -0.584704
vn 0.214183 -0.953022 -0.214183
vn 0.26677 -0.916835 -0.297063
vn 0.281268 -0.917484 -0.281268
vn 0.253726 -0.914898 -0.313982
vn 0.242281 -0.911693 -0.331838
vn 0.232559 -0.907255 -0.350436
vn 0.224666 -0.901632 -0.369573
vn 0.218691 -0.894887 -0.389039
vn 0.214697 -0.887094 -0.40862
vn 0.212729 -0.878337 -0.428102
vn 0.212808 -0.868712 -0.447272
vn 0.214933 -0.858326 -0.465919
vn 0.219082 -0.847291 -0.483839
vn 0.225208 -0.83573 -0.500837
vn 0.233245 -0.823767 -0.516725
vn 0.17341 -0.77768 -0.60427
vn 0.252317 -0.798655 -0.546338
vn 0.243104 -0.811535 -0.531329
vn 0.282065 -0.916995 -0.282065
vn 0.339314 -0.871301 -0.354542
vn 0.346602 -0.871627 -0.346602
vn 0.332757 -0.870327 -0.363046
vn 0.327004 -0.868716 -0.372022
vn 0.322117 -0.866485 -0.381371
vn 0.31815 -0.863659 -0.390991
vn 0.315146 -0.860269 -0.400776
vn 0.313139 -0.856351 -0.410618
vn 0.312149 -0.851949 -0.420412
vn 0.312189 -0.847111 -0.430048
vn 0.313257 -0.84189 -0.439421
vn 0.315343 -0.836343 -0.448429
vn 0.318422 -0.830531 -0.456974
vn 0.322462 -0.824518 -0.46496
vn 0.254678 -0.799168 -0.54449
vn 0.332102 -0.812024 -0.479922
vn 0.327418 -0.81837 -0.472301
vn 0.408248 -0.816497 -0.408248
vn 0.346981 -0.871326 -0.346981
vn 0.0702429 -0.995054 -0.0702429
vn 0 -1 0
vn 0 -0.996976 -0.0777099
vn 0 -0.995185 -0.0980171
vn 0 -0.989473 -0.14472
vn 0 -0.980785 -0.19509
vn 0 -0.978826 -0.204692
vn 0 -0.987461 -0.157862
vn 0 -0.966516 -0.256607
vn 0 -0.95694 -0.290285
vn 0 -0.93735 -0.34839
vn 0 -0.92388 -0.382683
vn 0 -0.90313 -0.429368
vn 0 -0.881921 -0.471397
vn 0 -0.862669 -0.505769
vn 0 -0.83147 -0.55557
vn 0 -0.812865 -0.582452
vn 0 -0.77301 -0.634393
vn 0.0853581 -0.745911 -0.660553
vn 0 -0.747618 -0.66413
vn 0 -0.717776 -0.696274
vn 0.00622297 -0.710198 -0.703975
vn 0 -0.707107 -0.707107
vn 0.408248 -0.816497 -0.408248
vn 0.333236 -0.812153 -0.478917
vn 0.467113 -0.750741 -0.467113
vn 0.408672 -0.749958 -0.520145
vn 0.468349 -0.67607 -0.56884
vn 0.518594 -0.679794 -0.518594
vn 0.520727 -0.676526 -0.520727
vn 0.52269 -0.594481 -0.611054
vn 0.566872 -0.597756 -0.566872
vn 0.418654 -0.664939 -0.618535
vn 0.478992 -0.584694 -0.654752
vn 0.370054 -0.646523 -0.667135
vn 0.436258 -0.5685 -0.697487
vn 0.323081 -0.621023 -0.714107
vn 0.040878 -0.0707652 -0.996655
vn 0.0379069 -4.26398e-15 -0.999281
vn 0.0980267 -2.77556e-14 -0.995184
vn 0.14651 -0.0624825 -0.987234
vn 0.568479 -0.594696 -0.568479
vn 0.571077 -0.50612 -0.646307
vn 0.608692 -0.508908 -0.608692
vn 0.533875 -0.497787 -0.68351
vn 0.497492 -0.484 -0.719893
vn 0.394954 -0.546077 -0.73879
vn 0.462327 -0.464911 -0.755057
vn 0.355533 -0.517672 -0.778211
vn 0.428766 -0.440727 -0.788618
vn 0.318429 -0.483595 -0.815316
vn 0.397176 -0.411715 -0.820208
vn 0.284046 -0.444219 -0.849698
vn 0.367904 -0.378192 -0.84948
vn 0.252762 -0.399977 -0.880982
vn 0.34127 -0.340526 -0.876115
vn 0.224919 -0.351352 -0.908825
vn 0.317566 -0.299129 -0.899819
vn 0.200823 -0.298878 -0.932921
vn 0.297051 -0.254454 -0.920334
vn 0.180737 -0.243129 -0.953007
vn 0.279951 -0.206992 -0.937434
vn 0.164882 -0.184717 -0.968862
vn 0.266452 -0.157261 -0.950932
vn 0.153431 -0.12428 -0.980313
vn 0.256704 -0.105808 -0.960681
vn 0.250811 -0.0531954 -0.966573
vn 0.195088 -2.77556e-14 -0.980786
vn 0.144195 -4.21468e-15 -0.989549
vn 0.609832 -0.506171 -0.609832
vn 0.612959 -0.411993 -0.674198
vn 0.643578 -0.414263 -0.643578
vn 0.582675 -0.40521 -0.704482
vn 0.553059 -0.393987 -0.734098
vn 0.524434 -0.378448 -0.762723
vn 0.497114 -0.358762 -0.790042
vn 0.4714 -0.335146 -0.815757
vn 0.447571 -0.307857 -0.839586
vn 0.42589 -0.277196 -0.861266
vn 0.406595 -0.243498 -0.880562
vn 0.389895 -0.207131 -0.897262
vn 0.375975 -0.168496 -0.911181
vn 0.364987 -0.128014 -0.92217
vn 0.357052 -0.0861301 -0.930105
vn 0.352255 -0.0433023 -0.934902
vn 0.290271 -1.38778e-14 -0.956944
vn 0.24884 -3.49707e-15 -0.968545
vn 0.644321 -0.411949 -0.644321
vn 0.647858 -0.313173 -0.694408
vn 0.671133 -0.314898 -0.671133
vn 0.624838 -0.308017 -0.717428
vn 0.602325 -0.299486 -0.739941
vn 0.580566 -0.287674 -0.7617
vn 0.5598 -0.27271 -0.782466
vn 0.540253 -0.254758 -0.802013
vn 0.52214 -0.234015 -0.820126
vn 0.505659 -0.210708 -0.836607
vn 0.490992 -0.185093 -0.851274
vn 0.478298 -0.157449 -0.863968
vn 0.467717 -0.128081 -0.874549
vn 0.459364 -0.0973089 -0.882902
vn 0.453332 -0.065471 -0.888934
vn 0.449686 -0.0329158 -0.89258
vn 0.382662 -1.38778e-14 -0.923889
vn 0.35065 -3.34595e-15 -0.936506
vn 0.671556 -0.313089 -0.671556
vn 0.675377 -0.210785 -0.706708
vn 0.691042 -0.211947 -0.691042
vn 0.659883 -0.207315 -0.722202
vn 0.64473 -0.201573 -0.737354
vn 0.630085 -0.193623 -0.751999
vn 0.616108 -0.183551 -0.765977
vn 0.602952 -0.171468 -0.779133
vn 0.59076 -0.157507 -0.791324
vn 0.579668 -0.14182 -0.802416
vn 0.569796 -0.124579 -0.812289
vn 0.561252 -0.105973 -0.820832
vn 0.55413 -0.0862064 -0.827954
vn 0.548508 -0.0654951 -0.833576
vn 0.544448 -0.0440662 -0.837636
vn 0.541994 -0.0221544 -0.84009
vn 0.471371 -1.38778e-14 -0.881935
vn 0.448466 4.2031e-15 -0.8938
vn 0.691232 -0.210705 -0.691232
vn 0.695202 -0.105996 -0.710957
vn 0.703079 -0.10658 -0.703079
vn 0.68741 -0.104251 -0.718748
vn 0.679791 -0.101364 -0.726368
vn 0.672426 -0.097366 -0.733732
vn 0.665397 -0.0923013 -0.740761
vn 0.658782 -0.0862253 -0.747377
vn 0.652651 -0.0792046 -0.753507
vn 0.647073 -0.0713162 -0.759085
vn 0.642109 -0.0626464 -0.76405
vn 0.637812 -0.0532902 -0.768346
vn 0.634231 -0.0433501 -0.771927
vn 0.631404 -0.0329351 -0.774754
vn 0.629362 -0.0221593 -0.776796
vn 0.628128 -0.0111407 -0.77803
vn 0.555547 -1.38778e-14 -0.831485
vn 0.541173 -2.32518e-15 -0.840911
vn 0.707107 0 -0.707107
vn 0.703127 -0.105949 -0.703127
vn 0.627715 -2.08747e-15 -0.778443
vn 0.634379 0 -0.773022
vn 0.464408 -0.754089 -0.464408
vn 0.386961 -0.773923 -0.501303
vn 0.386831 -0.773663 -0.501804
vn 0.408248 -0.816497 -0.408248
vn 0.370791 -0.741582 -0.559079
vn 0.363662 -0.727323 -0.582024
vn 0.361447 -0.722894 -0.58888
vn 0.331984 -0.663968 -0.670025
vn 0.314796 -0.629592 -0.710294
vn 0.298894 -0.597788 -0.743849
vn 0.289642 -0.579284 -0.76193
vn 0.30361 -0.607221 -0.734237
vn 0.262539 -0.525078 -0.809547
vn 0.238602 -0.477205 -0.84578
vn 0.223315 -0.446631 -0.866401
vn 0.185877 -0.371755 -0.909532
vn 0.181652 -0.363304 -0.91379
vn 0.138005 -0.276009 -0.951196
vn 0.130067 -0.260135 -0.956772
vn 0.0928493 -0.185699 -0.97821
vn 0.0466796 -0.0933592 -0.994538
vn 0.0421288 -0.0842575 -0.995553
vn 0.0688308 -0.137662 -0.988085
vn 0.0355226 -0.0710451 -0.99684
vn 0 -1.38778e-14 -1
vn 0.707107 0 -0.707107
vn -8.65956e-17 -0.707107 -0.707107
vn 0 -0.195083 -0.980787
vn 3.05311e-15 -0.287465 -0.957791
vn -0.0492575 -0.28928 -0.955976
vn -0.0580401 -0.193761 -0.97933
vn -4.996e-16 -0.191623 -0.981469
vn -0.118257 -0.393671 -0.911613
vn -0.144725 -0.304496 -0.941455
vn -0.0979815 -0.294704 -0.950552
vn -0.0795564 -0.386383 -0.918901
vn 0 -0.290278 -0.956942
vn 4.71845e-16 -0.380506 -0.924779
vn -0.0399947 -0.381979 -0.923305
vn -0.335626 -0.785819 -0.519466
vn -0.254624 -0.77733 -0.57526
vn -0.252294 -0.79865 -0.546357
vn -0.238397 -0.795494 -0.557097
vn -0.353381 -0.760435 -0.544849
vn -0.367366 -0.734732 -0.570272
vn -0.278661 -0.73793 -0.614661
vn -0.145214 -0.497183 -0.855408
vn -0.19141 -0.41655 -0.888734
vn -0.155676 -0.403763 -0.901521
vn -0.118104 -0.487482 -0.865109
vn -0.0897159 -0.479826 -0.872765
vn -0.0603558 -0.474297 -0.878294
vn 0 -0.382679 -0.923882
vn -1.11022e-15 -0.469838 -0.882753
vn -0.0303422 -0.470955 -0.881635
vn -0.171141 -0.761266 -0.625448
vn -0.169744 -0.77653 -0.606786
vn -0.160234 -0.773474 -0.61324
vn -0.268094 -0.758073 -0.594518
vn -0.180194 -0.748322 -0.638392
vn -0.187297 -0.734783 -0.651931
vn -0.28621 -0.717119 -0.635471
vn -0.192371 -0.720796 -0.665918
vn -0.29066 -0.695866 -0.656724
vn -0.195362 -0.706511 -0.680203
vn -0.291963 -0.674402 -0.678189
vn -0.196237 -0.692084 -0.694629
vn -0.290104 -0.652958 -0.699633
vn -0.194988 -0.677671 -0.709043
vn -0.285103 -0.631767 -0.720824
vn -0.191627 -0.663428 -0.723286
vn -0.277016 -0.611057 -0.741533
vn -0.186191 -0.649509 -0.737205
vn -0.265928 -0.591055 -0.761536
vn -0.178738 -0.636064 -0.75065
vn -0.251961 -0.571975 -0.780615
vn -0.169351 -0.62324 -0.763474
vn -0.235265 -0.554025 -0.798565
vn -0.158129 -0.611175 -0.775538
vn -0.216022 -0.537399 -0.815191
vn -0.145195 -0.600001 -0.786713
vn -0.194439 -0.522277 -0.830313
vn -0.130689 -0.589837 -0.796877
vn -0.170751 -0.508823 -0.843767
vn -0.114767 -0.580794 -0.80592
vn -0.0976028 -0.57297 -0.813744
vn -0.0793816 -0.56645 -0.820264
vn -0.0603008 -0.561304 -0.82541
vn -0.040567 -0.557588 -0.829126
vn 0 -0.471393 -0.881923
vn 2.48412e-15 -0.55459 -0.832124
vn -0.0203939 -0.555342 -0.831372
vn -0.0859894 -0.737782 -0.66954
vn -0.0853374 -0.745903 -0.660565
vn -0.0805093 -0.743916 -0.663406
vn -0.0905384 -0.731278 -0.676044
vn -0.094107 -0.724476 -0.682846
vn -0.0966565 -0.717448 -0.689874
vn -0.0981593 -0.71027 -0.697052
vn -0.0985992 -0.703022 -0.7043
vn -0.0979714 -0.69578 -0.711542
vn -0.0962826 -0.688623 -0.718699
vn -0.0935513 -0.681629 -0.725692
vn -0.0898069 -0.674874 -0.732448
vn -0.08509 -0.668431 -0.738891
vn -0.0794517 -0.662369 -0.744953
vn -0.072953 -0.656754 -0.750568
vn -0.0656643 -0.651647 -0.755674
vn -0.0576646 -0.647104 -0.760218
vn -0.0490404 -0.643173 -0.764149
vn -0.0398852 -0.639897 -0.767425
vn -0.0302981 -0.637311 -0.770011
vn -0.0203828 -0.635444 -0.771878
vn 0 -0.555568 -0.831471
vn -2.19269e-15 -0.633938 -0.773384
vn -0.0102469 -0.634315 -0.773007
vn 0 -0.634392 -0.773011
vn -0.332082 -0.812022 -0.47994
vn -0.387013 -0.816135 -0.429122
vn -0.400323 -0.800645 -0.445768
vn -0.394091 -0.788181 -0.472718
vn -0.314236 -0.80976 -0.495524
vn -0.386961 -0.773923 -0.501303
vn -0.380353 -0.760706 -0.525983
vn -0.361447 -0.722894 -0.58888
vn -0.355289 -0.710577 -0.60733
vn -0.366366 -0.732732 -0.573481
vn -0.343872 -0.687744 -0.639343
vn -0.332393 -0.664785 -0.669011
vn -0.331984 -0.663968 -0.670025
vn -0.311013 -0.622026 -0.718578
vn -0.300071 -0.600142 -0.741476
vn -0.298894 -0.597788 -0.743849
vn -0.27712 -0.554239 -0.784872
vn -0.262539 -0.525078 -0.809547
vn -0.251123 -0.502245 -0.827458
vn -0.223315 -0.446631 -0.866401
vn -0.219535 -0.43907 -0.871218
vn -0.214365 -0.428729 -0.877632
vn -0.199145 -0.398289 -0.895381
vn -0.181652 -0.363304 -0.91379
vn -0.176266 -0.352532 -0.919049
vn -0.153599 -0.307198 -0.939168
vn -0.147055 -0.29411 -0.944391
vn -0.138005 -0.276009 -0.951196
vn -0.110197 -0.220395 -0.969166
vn -0.0992267 -0.198453 -0.975075
vn -0.0928493 -0.185699 -0.97821
vn -0.0626262 -0.125252 -0.990146
vn 0 -0.0980084 -0.995186
vn -0.0476149 -0.0952299 -0.994316
vn 1.72085e-15 -0.0939128 -0.99558
vn -0.0466796 -0.0933592 -0.994538
vn -8.65956e-17 -7.4988e-33 -1
vn -0.408248 -0.816497 -0.408248
vn 0 -0.707107 -0.707107
vn 0.0805093 -0.743916 -0.663406
vn 0.0853581 -0.745911 -0.660553
vn 0.00622297 -0.710198 -0.703975
vn 1.29833e-14 -0.707107 -0.707107
vn 0.0853374 -0.745903 -0.660565
vn 0.0902967 -0.747918 -0.657621
vn 0.160234 -0.773474 -0.61324
vn 0.169768 -0.776537 -0.606769
vn 0.17341 -0.77768 -0.60427
vn 0.169744 -0.77653 -0.606786
vn 0.238397 -0.795494 -0.557097
vn 0.252317 -0.798655 -0.546338
vn 0.254678 -0.799168 -0.54449
vn 0.252294 -0.79865 -0.546357
vn 0.314236 -0.80976 -0.495524
vn 0.332102 -0.812024 -0.479922
vn 0.332082 -0.812022 -0.47994
vn 0.333236 -0.812153 -0.478917
vn 0.387013 -0.816135 -0.429122
vn 0.408248 -0.816497 -0.408248
vn 1.29833e-14 -0.707107 -0.707107
vn 0 -0.0980084 -0.995186
vn 0 -0.0939128 -0.99558
vn 7.4988e-33 6.12323e-17 -1
vn 0 -0.195083 -0.980787
vn 0 -0.191623 -0.981469
vn 0 -0.0980084 -0.995186
vn 0 -0.290278 -0.956942
vn 0 -0.287465 -0.957791
vn 0 -0.195083 -0.980787
vn 0 -0.382679 -0.923882
vn 0 -0.380506 -0.924779
vn 0 -0.290278 -0.956942
vn 0 -0.471393 -0.881923
vn 0 -0.469838 -0.882753
vn 0 -0.382679 -0.923882
vn 0 -0.555568 -0.831471
vn 0 -0.55459 -0.832124
vn 0 -0.471393 -0.881923
vn 0 -0.634392 -0.773011
vn 0 -0.633938 -0.773384
vn 0 -0.555568 -0.831471
vn 0 -0.634392 -0.773011
vn -8.65956e-17 -0.707107 -0.707107
vn 0.386961 -0.773923 -0.501303
vn 0.408248 -0.816497 -0.408248
vn 0.400323 -0.800645 -0.445768
vn 0.394091 -0.788181 -0.472718
vn 0.408248 -0.816497 -0.408248
vn 0.361447 -0.722894 -0.58888
vn 0.363662 -0.727323 -0.582024
vn 0.370791 -0.741582 -0.559079
vn 0.367366 -0.734732 -0.570272
vn 0.366366 -0.732732 -0.573481
vn 0.386831 -0.773663 -0.501804
vn 0.380353 -0.760706 -0.525983
vn 0.386961 -0.773923 -0.501303
vn 0.331984 -0.663968 -0.670025
vn 0.343872 -0.687744 -0.639343
vn 0.332393 -0.664785 -0.669011
vn 0.355289 -0.710577 -0.60733
vn 0.300071 -0.600142 -0.741476
vn 0.298894 -0.597788 -0.743849
vn 0.30361 -0.607221 -0.734237
vn 0.311013 -0.622026 -0.718578
vn 0.314796 -0.629592 -0.710294
vn 0.331984 -0.663968 -0.670025
vn 0.262539 -0.525078 -0.809547
vn 0.289642 -0.579284 -0.76193
vn 0.27712 -0.554239 -0.784872
vn 0.298894 -0.597788 -0.743849
vn 0.223315 -0.446631 -0.866401
vn 0.238602 -0.477205 -0.84578
vn 0.251123 -0.502245 -0.827458
vn 0.262539 -0.525078 -0.809547
vn 0.181652 -0.363304 -0.91379
vn 0.185877 -0.371755 -0.909532
vn 0.219535 -0.43907 -0.871218
vn 0.214365 -0.428729 -0.877632
vn 0.199145 -0.398289 -0.895381
vn 0.138005 -0.276009 -0.951196
vn 0.176266 -0.352532 -0.919049
vn 0.153599 -0.307198 -0.939168
vn 0.147055 -0.29411 -0.944391
vn 0.0928493 -0.185699 -0.97821
vn 0.110197 -0.220395 -0.969166
vn 0.0992267 -0.198453 -0.975075
vn 0.130067 -0.260135 -0.956772
vn 0.138005 -0.276009 -0.951196
vn 0.0466796 -0.0933592 -0.994538
vn 0.0688308 -0.137662 -0.988085
vn 0.0626262 -0.125252 -0.990146
vn 0.0476149 -0.0952299 -0.994316
vn 0.0928493 -0.185699 -0.97821
vn 0.0466796 -0.0933592 -0.994538
vn 0.0355226 -0.0710451 -0.99684
vn 0.0421288 -0.0842575 -0.995553
vn -1.86413e-14 3.72825e-14 -1
vn -6.93889e-15 -0.195083 -0.980787
vn 0.0580401 -0.193761 -0.97933
vn 0.0492575 -0.28928 -0.955976
vn -6.79943e-15 -0.287465 -0.957791
vn -6.93889e-15 -0.290278 -0.956942
vn 0.0399947 -0.381979 -0.923305
vn -6.96429e-15 -0.380506 -0.924779
vn 0.0979815 -0.294704 -0.950552
vn 0.0795564 -0.386383 -0.918901
vn 0.144725 -0.304496 -0.941455
vn -6.93889e-15 -0.382679 -0.923882
vn 0.0303422 -0.470955 -0.881635
vn -7.06128e-15 -0.469838 -0.882753
vn 0.0603558 -0.474297 -0.878294
vn 0.118257 -0.393671 -0.911613
vn 0.0897159 -0.479826 -0.872765
vn 0.155676 -0.403763 -0.901521
vn 0.118104 -0.487482 -0.865109
vn 0.19141 -0.41655 -0.888734
vn 0.367366 -0.734732 -0.570272
vn 0.353381 -0.760435 -0.544849
vn 0.268094 -0.758073 -0.594518
vn 0.335626 -0.785819 -0.519466
vn 0.314236 -0.80976 -0.495524
vn 0.252294 -0.79865 -0.546357
vn 0.254624 -0.77733 -0.57526
vn -6.93889e-15 -0.471393 -0.881923
vn 0.0203939 -0.555342 -0.831372
vn -7.08945e-15 -0.55459 -0.832124
vn 0.040567 -0.557588 -0.829126
vn 0.0603008 -0.561304 -0.82541
vn 0.0793816 -0.56645 -0.820264
vn 0.145214 -0.497183 -0.855408
vn 0.0976028 -0.57297 -0.813744
vn 0.170751 -0.508823 -0.843767
vn 0.114767 -0.580794 -0.80592
vn 0.194439 -0.522277 -0.830313
vn 0.130689 -0.589837 -0.796877
vn 0.216022 -0.537399 -0.815191
vn 0.145195 -0.600001 -0.786713
vn 0.235265 -0.554025 -0.798565
vn 0.158129 -0.611175 -0.775538
vn 0.251961 -0.571975 -0.780615
vn 0.169351 -0.62324 -0.763474
vn 0.265928 -0.591055 -0.761536
vn 0.178738 -0.636064 -0.75065
vn 0.277016 -0.611057 -0.741533
vn 0.186191 -0.649509 -0.737205
vn 0.285103 -0.631767 -0.720824
vn 0.191627 -0.663428 -0.723286
vn 0.290104 -0.652958 -0.699633
vn 0.194988 -0.677671 -0.709043
vn 0.291963 -0.674402 -0.678189
vn 0.196237 -0.692084 -0.694629
vn 0.29066 -0.695866 -0.656724
vn 0.195362 -0.706511 -0.680203
vn 0.28621 -0.717119 -0.635471
vn 0.192371 -0.720796 -0.665918
vn 0.278661 -0.73793 -0.614661
vn 0.187297 -0.734783 -0.651931
vn 0.180194 -0.748322 -0.638392
vn 0.238397 -0.795494 -0.557097
vn 0.169744 -0.77653 -0.606786
vn 0.171141 -0.761266 -0.625448
vn -6.93889e-15 -0.555568 -0.831471
vn 0.0102469 -0.634315 -0.773007
vn -7.04852e-15 -0.633938 -0.773384
vn 0.0203828 -0.635444 -0.771878
vn 0.0302981 -0.637311 -0.770011
vn 0.0398852 -0.639897 -0.767425
vn 0.0490404 -0.643173 -0.764149
vn 0.0576646 -0.647104 -0.760218
vn 0.0656643 -0.651647 -0.755674
vn 0.072953 -0.656754 -0.750568
vn 0.0794517 -0.662369 -0.744953
vn 0.08509 -0.668431 -0.738891
vn 0.0898069 -0.674874 -0.732448
vn 0.0935513 -0.681629 -0.725692
vn 0.0962826 -0.688623 -0.718699
vn 0.0979714 -0.69578 -0.711542
vn 0.0985992 -0.703022 -0.7043
vn 0.0981593 -0.71027 -0.697052
vn 0.0966565 -0.717448 -0.689874
vn 0.094107 -0.724476 -0.682846
vn 0.0905384 -0.731278 -0.676044
vn 0.160234 -0.773474 -0.61324
vn 0.0853374 -0.745903 -0.660565
vn 0.0859894 -0.737782 -0.66954
vn -6.93889e-15 -0.707107 -0.707107
vn -6.93889e-15 -0.634392 -0.773011
vn -6.27314e-15 -0.0939128 -0.99558
vn 0 0 -1
vn 0.0466796 -0.0933592 -0.994538
vn -6.56829e-15 -0.191623 -0.981469
vn -6.93889e-15 -0.0980084 -0.995186
vn 0.0626262 -0.125252 -0.990146
vn 0.0476149 -0.0952299 -0.994316
vn 0.0928493 -0.185699 -0.97821
vn 0.110197 -0.220395 -0.969166
vn 0.0992267 -0.198453 -0.975075
vn 0.138005 -0.276009 -0.951196
vn 0.147055 -0.29411 -0.944391
vn 0.153599 -0.307198 -0.939168
vn 0.176266 -0.352532 -0.919049
vn 0.181652 -0.363304 -0.91379
vn 0.199145 -0.398289 -0.895381
vn 0.214365 -0.428729 -0.877632
vn 0.219535 -0.43907 -0.871218
vn 0.223315 -0.446631 -0.866401
vn 0.251123 -0.502245 -0.827458
vn 0.262539 -0.525078 -0.809547
vn 0.27712 -0.554239 -0.784872
vn 0.298894 -0.597788 -0.743849
vn 0.300071 -0.600142 -0.741476
vn 0.311013 -0.622026 -0.718578
vn 0.331984 -0.663968 -0.670025
vn 0.332393 -0.664785 -0.669011
vn 0.343872 -0.687744 -0.639343
vn 0.355289 -0.710577 -0.60733
vn 0.361447 -0.722894 -0.58888
vn 0.366366 -0.732732 -0.573481
vn 0.380353 -0.760706 -0.525983
vn 0.386961 -0.773923 -0.501303
vn 0.332082 -0.812022 -0.47994
vn 0.394091 -0.788181 -0.472718
vn 0.400323 -0.800645 -0.445768
vn 0.387013 -0.816135 -0.429122
vn 0.408248 -0.816497 -0.408248
vn -6.93889e-15 -0.707107 -0.707107
vn 0.0805093 -0.743916 -0.663406
vn 0 0 1
vn 0 -1 0
vn 1 1.22465e-16 0
vn 0.994522 -0.104528 0
vn 0.978148 -0.207912 0
vn 0.951057 -0.309017 0
vn 0.913545 -0.406737 0
vn 0.866025 -0.5 0
vn 0.809017 -0.587785 0
vn 0.743145 -0.669131 0
vn 0.669131 -0.743145 0
vn 0.587785 -0.809017 0
vn 0.5 -0.866025 0
vn 0.406737 -0.913545 0
vn 0.309017 -0.951057 0
vn 0.207912 -0.978148 0
vn 0.104528 -0.994522 0
vn 1.83697e-16 -1 0
vn 1 0 0
vn -6.12323e-17 1 0
vn 0.104528 0.994522 0
vn 0.207912 0.978148 0
vn 0.309017 0.951057 0
vn 0.406737 0.913545 0
vn 0.5 0.866025 0
vn 0.587785 0.809017 0
vn 0.669131 0.743145 0
vn 0.743145 0.669131 0
vn 0.809017 0.587785 0
vn 0.866025 0.5 0
vn 0.913545 0.406737 0
vn 0.951057 0.309017 0
vn 0.978148 0.207912 0
vn 0.994522 0.104528 0
vn 1 1.22465e-16 0
vn 0 1 0
vn -1 0 0
vn -0.994522 0.104528 0
vn -0.978148 0.207912 0
vn -0.951057 0.309017 0
vn -0.913545 0.406737 0
vn -0.866025 0.5 0
vn -0.809017 0.587785 0
vn -0.743145 0.669131 0
vn -0.669131 0.743145 0
vn -0.587785 0.809017 0
vn -0.5 0.866025 0
vn -0.406737 0.913545 0
vn -0.309017 0.951057 0
vn -0.207912 0.978148 0
vn -0.104528 0.994522 0
vn -6.12323e-17 1 0
vn 1.83697e-16 -1 0
vn -0.104528 -0.994522 0
vn -0.207912 -0.978148 0
vn -0.309017 -0.951057 0
vn -0.406737 -0.913545 0
vn -0.5 -0.866025 0
vn -0.587785 -0.809017 0
vn -0.669131 -0.743145 0
vn -0.743145 -0.669131 0
vn -0.809017 -0.587785 0
vn -0.866025 -0.5 0
vn -0.913545 -0.406737 0
vn -0.951057 -0.309017 0
vn -0.978148 -0.207912 0
vn -0.994522 -0.104528 0
vn -1 -2.44929e-16 0
vn 1.83697e-16 -1 0
vn -0.104528 -0.994522 0
vn -0.207912 -0.978148 0
vn -0.309017 -0.951057 0
vn -0.406737 -0.913545 0
vn -0.5 -0.866025 0
vn -0.587785 -0.809017 0
vn -0.669131 -0.743145 0
vn -0.743145 -0.669131 0
vn -0.809017 -0.587785 0
vn -0.866025 -0.5 0
vn -0.913545 -0.406737 0
vn -0.951057 -0.309017 0
vn -0.978148 -0.207912 0
vn -0.994522 -0.104528 0
vn -1 -2.44929e-16 0
vn 0 -1 0
vn 1 1.22465e-16 0
vn 0.994522 -0.104528 0
vn 0.978148 -0.207912 0
vn 0.951057 -0.309017 0
vn 0.913545 -0.406737 0
vn 0.866025 -0.5 0
vn 0.809017 -0.587785 0
vn 0.743145 -0.669131 0
vn 0.669131 -0.743145 0
vn 0.587785 -0.809017 0
vn 0.5 -0.866025 0
vn 0.406737 -0.913545 0
vn 0.309017 -0.951057 0
vn 0.207912 -0.978148 0
vn 0.104528 -0.994522 0
vn 1.83697e-16 -1 0
vn 1 0 0
vn -6.12323e-17 1 0
vn 0.104528 0.994522 0
vn 0.207912 0.978148 0
vn 0.309017 0.951057 0
vn 0.406737 0.913545 0
vn 0.5 0.866025 0
vn 0.587785 0.809017 0
vn 0.669131 0.743145 0
vn 0.743145 0.669131 0
vn 0.809017 0.587785 0
vn 0.866025 0.5 0
vn 0.913545 0.406737 0
vn 0.951057 0.309017 0
vn 0.978148 0.207912 0
vn 0.994522 0.104528 0
vn 1 1.22465e-16 0
vn 0 1 0
vn -1 0 0
vn -0.994522 0.104528 0
vn -0.978148 0.207912 0
vn -0.951057 0.309017 0
vn -0.913545 0.406737 0
vn -0.866025 0.5 0
vn -0.809017 0.587785 0
vn -0.743145 0.669131 0
vn -0.669131 0.743145 0
vn -0.587785 0.809017 0
vn -0.5 0.866025 0
vn -0.406737 0.913545 0
vn -0.309017 0.951057 0
vn -0.207912 0.978148 0
vn -0.104528 0.994522 0
vn -6.12323e-17 1 0
vn 0 -0.707107 0.707107
vn 0 0 1
vn -0.0739128 -0.703233 0.707107
vn -0.147016 -0.691655 0.707107
vn -0.218508 -0.672499 0.707107
vn -0.287606 -0.645974 0.707107
vn -0.353553 -0.612372 0.707107
vn -0.415627 -0.572061 0.707107
vn -0.473147 -0.525483 0.707107
vn -0.525483 -0.473147 0.707107
vn -0.572061 -0.415627 0.707107
vn -0.612372 -0.353553 0.707107
vn -0.645974 -0.287606 0.707107
vn -0.672499 -0.218508 0.707107
vn -0.691655 -0.147016 0.707107
vn -0.703233 -0.0739128 0.707107
vn -0.707107 -9.81308e-17 0.707107
vn 0.707107 8.65956e-17 0.707107
vn 0.703233 -0.0739128 0.707107
vn 0.691655 -0.147016 0.707107
vn 0.672499 -0.218508 0.707107
vn 0.645974 -0.287606 0.707107
vn 0.612372 -0.353553 0.707107
vn 0.572061 -0.415627 0.707107
vn 0.525483 -0.473147 0.707107
vn 0.473147 -0.525483 0.707107
vn 0.415627 -0.572061 0.707107
vn 0.353553 -0.612372 0.707107
vn 0.287606 -0.645974 0.707107
vn 0.218508 -0.672499 0.707107
vn 0.147016 -0.691655 0.707107
vn 0.0739128 -0.703233 0.707107
vn 9.81308e-17 -0.707107 0.707107
vn -0.707107 0 0.707107
vn 0.707107 0 0.707107
vn -0.703233 0.0739128 0.707107
vn -0.691655 0.147016 0.707107
vn -0.672499 0.218508 0.707107
vn -0.645974 0.287606 0.707107
vn -0.612372 0.353553 0.707107
vn -0.572061 0.415627 0.707107
vn -0.525483 0.473147 0.707107
vn -0.473147 0.525483 0.707107
vn -0.415627 0.572061 0.707107
vn -0.353553 0.612372 0.707107
vn -0.287606 0.645974 0.707107
vn -0.218508 0.672499 0.707107
vn -0.147016 0.691655 0.707107
vn -0.0739128 0.703233 0.707107
vn -9.81308e-17 0.707107 0.707107
vn 0.0739128 0.703233 0.707107
vn 0.147016 0.691655 0.707107
vn 0.218508 0.672499 0.707107
vn 0.287606 0.645974 0.707107
vn 0.353553 0.612372 0.707107
vn 0.415627 0.572061 0.707107
vn 0.473147 0.525483 0.707107
vn 0.525483 0.473147 0.707107
vn 0.572061 0.415627 0.707107
vn 0.612372 0.353553 0.707107
vn 0.645974 0.287606 0.707107
vn 0.672499 0.218508 0.707107
vn 0.691655 0.147016 0.707107
vn 0.703233 0.0739128 0.707107
vn 0.707107 9.81308e-17 0.707107
vn 0 0.707107 0.707107
vn 1.29893e-16 -0.707107 0.707107
vn -0.0739128 -0.703233 0.707107
vn -0.147016 -0.691655 0.707107
vn -0.218508 -0.672499 0.707107
vn -0.287606 -0.645974 0.707107
vn -0.353553 -0.612372 0.707107
vn -0.415627 -0.572061 0.707107
vn -0.473147 -0.525483 0.707107
vn -0.525483 -0.473147 0.707107
vn -0.572061 -0.415627 0.707107
vn -0.612372 -0.353553 0.707107
vn -0.645974 -0.287606 0.707107
vn -0.672499 -0.218508 0.707107
vn -0.691655 -0.147016 0.707107
vn -0.703233 -0.0739128 0.707107
vn -0.707107 -9.81308e-17 0.707107
vn 0 0 1
vn 0 -0.707107 0.707107
vn -0.707107 0 0.707107
vn 0.707107 8.65956e-17 0.707107
vn 0.703233 -0.0739128 0.707107
vn 0.691655 -0.147016 0.707107
vn 0.672499 -0.218508 0.707107
vn 0.645974 -0.287606 0.707107
vn 0.612372 -0.353553 0.707107
vn 0.572061 -0.415627 0.707107
vn 0.525483 -0.473147 0.707107
vn 0.473147 -0.525483 0.707107
vn 0.415627 -0.572061 0.707107
vn 0.353553 -0.612372 0.707107
vn 0.287606 -0.645974 0.707107
vn 0.218508 -0.672499 0.707107
vn 0.147016 -0.691655 0.707107
vn 0.0739128 -0.703233 0.707107
vn 9.81308e-17 -0.707107 0.707107
vn -0.707107 -1.25607e-15 0.707107
vn -0.703233 0.0739128 0.707107
vn -0.691655 0.147016 0.707107
vn -0.672499 0.218508 0.707107
vn -0.645974 0.287606 0.707107
vn -0.612372 0.353553 0.707107
vn -0.572061 0.415627 0.707107
vn -0.525483 0.473147 0.707107
vn -0.473147 0.525483 0.707107
vn -0.415627 0.572061 0.707107
vn -0.353553 0.612372 0.707107
vn -0.287606 0.645974 0.707107
vn -0.218508 0.672499 0.707107
vn -0.147016 0.691655 0.707107
vn -0.0739128 0.703233 0.707107
vn -4.97196e-16 0.707107 0.707107
vn 0.707107 0 0.707107
vn 0.0739128 0.703233 0.707107
vn 0.147016 0.691655 0.707107
vn 0.218508 0.672499 0.707107
vn 0.287606 0.645974 0.707107
vn 0.353553 0.612372 0.707107
vn 0.415627 0.572061 0.707107
vn 0.473147 0.525483 0.707107
vn 0.525483 0.473147 0.707107
vn 0.572061 0.415627 0.707107
vn 0.612372 0.353553 0.707107
vn 0.645974 0.287606 0.707107
vn 0.672499 0.218508 0.707107
vn 0.691655 0.147016 0.707107
vn 0.703233 0.0739128 0.707107
vn 0.707107 9.81308e-17 0.707107
usemtl 0.262745_0.282353_0.301961_0.000000_0.000000
f 59//1 1//1 2//1
f 2//1 3//1 59//1
f 3//1 4//1 59//1
f 4//1 5//1 59//1
f 5//1 6//1 59//1
f 6//1 7//1 59//1
f 7//1 8//1 59//1
f 8//1 9//1 59//1
f 9//1 10//1 59//1
f 10//1 11//1 59//1
f 11//1 12//1 59//1
f 12//1 13//1 59//1
f 13//1 14//1 59//1
f 14//1 15//1 59//1
f 15//1 16//1 59//1
f 16//1 17//1 59//1
f 17//1 18//1 59//1
f 18//1 19//1 59//1
f 19//1 20//1 59//1
f 20//1 21//1 59//1
f 21//1 22//1 59//1
f 22//1 23//1 59//1
f 23//1 24//1 59//1
f 24//1 25//1 59//1
f 25//1 26//1 59//1
f 26//1 27//1 59//1
f 27//1 28//1 59//1
f 28//1 29//1 59//1
f 29//1 30//1 59//1
f 30//1 31//1 59//1
f 31//1 32//1 59//1
f 32//1 33//1 59//1
f 33//1 34//1 59//1
f 34//1 35//1 59//1
f 35//1 36//1 59//1
f 36//1 37//1 59//1
f 37//1 38//1 59//1
f 38//1 39//1 59//1
f 39//1 40//1 59//1
f 40//1 41//1 59//1
f 41//1 42//1 59//1
f 42//1 43//1 59//1
f 43//1 44//1 59//1
f 44//1 45//1 59//1
f 45//1 46//1 59//1
f 46//1 47//1 59//1
f 47//1 48//1 59//1
f 48//1 49//1 59//1
f 49//1 50//1 59//1
f 50//1 51//1 59//1
f 51//1 52//1 59//1
f 52//1 53//1 59//1
f 53//1 54//1 59//1
f 54//1 55//1 59//1
f 55//1 56//1 59//1
f 56//1 57//1 59//1
f 57//1 58//1 59//1
f 58//1 1//1 59//1
f 58//2 60//2 61//3
f 1//3 61//3 62//4
f 2//4 62//4 63//5
f 3//5 63//5 64//6
f 4//6 64//6 65//7
f 5//7 65//7 66//8
f 6//8 66//8 67//9
f 7//9 67//9 68//10
f 8//10 68//10 69//11
f 9//11 69//11 70//12
f 10//12 70//12 71//13
f 11//13 71//13 72//14
f 12//14 72//14 73//15
f 13//15 73//15 74//16
f 14//16 74//16 75//17
f 15//17 75//17 76//18
f 16//18 76//18 77//19
f 17//19 77//19 78//20
f 18//20 78//20 79//21
f 19//21 79//21 80//22
f 20//22 80//22 81//23
f 21//23 81//23 82//24
f 22//24 82//24 83//25
f 23//25 83//25 84//26
f 24//26 84//26 85//27
f 25//27 85//27 86//28
f 26//28 86//28 87//29
f 27//29 87//29 88//30
f 28//30 88//30 89//31
f 29//31 89//31 90//32
f 30//32 90//32 91//33
f 31//33 91//33 92//34
f 32//34 92//34 93//35
f 33//35 93//35 94//36
f 34//36 94//36 95//37
f 35//37 95//37 96//38
f 36//38 96//38 97//39
f 37//39 97//39 98//40
f 38//40 98//40 99//41
f 39//41 99//41 100//42
f 40//42 100//42 101//43
f 41//43 101//43 102//44
f 42//44 102//44 103//45
f 43//45 103//45 104//46
f 44//46 104//46 105//47
f 45//47 105//47 106//48
f 46//48 106//48 107//49
f 47//49 107//49 108//50
f 48//50 108//50 109//51
f 49//51 109//51 110//52
f 50//52 110//52 111//53
f 51//53 111//53 112//54
f 52//54 112//54 113//55
f 53//55 113//55 114//56
f 54//56 114//56 115//57
f 55//57 115//57 116//58
f 56//58 116//58 117//59
f 57//59 117//59 60//2
f 60//2 58//2 57//59
f 117//59 57//59 56//58
f 116//58 56//58 55//57
f 115//57 55//57 54//56
f 114//56 54//56 53//55
f 113//55 53//55 52//54
f 112//54 52//54 51//53
f 111//53 51//53 50//52
f 110//52 50//52 49//51
f 109//51 49//51 48//50
f 108//50 48//50 47//49
f 107//49 47//49 46//48
f 106//48 46//48 45//47
f 105//47 45//47 44//46
f 104//46 44//46 43//45
f 103//45 43//45 42//44
f 102//44 42//44 41//43
f 101//43 41//43 40//42
f 100//42 40//42 39//41
f 99//41 39//41 38//40
f 98//40 38//40 37//39
f 97//39 37//39 36//38
f 96//38 36//38 35//37
f 95//37 35//37 34//36
f 94//36 34//36 33//35
f 93//35 33//35 32//34
f 92//34 32//34 31//33
f 91//33 31//33 30//32
f 90//32 30//32 29//31
f 89//31 29//31 28//30
f 88//30 28//30 27//29
f 87//29 27//29 26//28
f 86//28 26//28 25//27
f 85//27 25//27 24//26
f 84//26 24//26 23//25
f 83//25 23//25 22//24
f 82//24 22//24 21//23
f 81//23 21//23 20//22
f 80//22 20//22 19//21
f 79//21 19//21 18//20
f 78//20 18//20 17//19
f 77//19 17//19 16//18
f 76//18 16//18 15//17
f 75//17 15//17 14//16
f 74//16 14//16 13//15
f 73//15 13//15 12//14
f 72//14 12//14 11//13
f 71//13 11//13 10//12
f 70//12 10//12 9//11
f 69//11 9//11 8//10
f 68//10 8//10 7//9
f 67//9 7//9 6//8
f 66//8 6//8 5//7
f 65//7 5//7 4//6
f 64//6 4//6 3//5
f 63//5 3//5 2//4
f 62//4 2//4 1//3
f 61//3 1//3 58//2
f 67//60 66//60 118//60
f 119//60 120//60 88//60
f 120//60 121//60 89//60
f 118//60 122//60 67//60
f 89//60 88//60 120//60
f 123//60 90//60 89//60
f 124//60 91//60 90//60
f 125//60 92//60 91//60
f 126//60 94//60 93//60
f 127//60 62//60 61//60
f 128//60 63//60 62//60
f 129//60 65//60 64//60
f 66//60 65//60 130//60
f 122//60 131//60 67//60
f 89//60 121//60 123//60
f 91//60 124//60 125//60
f 93//60 132//60 126//60
f 95//60 94//60 133//60
f 96//60 134//60 135//60
f 96//60 95//60 136//60
f 97//60 96//60 137//60
f 138//60 139//60 104//60
f 111//60 140//60 141//60
f 62//60 127//60 128//60
f 142//60 64//60 63//60
f 64//60 142//60 129//60
f 131//60 143//60 67//60
f 144//60 72//60 71//60
f 144//60 145//60 75//60
f 145//60 80//60 79//60
f 82//60 146//60 147//60
f 148//60 149//60 85//60
f 90//60 123//60 124//60
f 132//60 93//60 92//60
f 133//60 136//60 95//60
f 136//60 134//60 96//60
f 138//60 98//60 97//60
f 104//60 103//60 138//60
f 111//60 150//60 140//60
f 151//60 61//60 60//60
f 63//60 128//60 142//60
f 130//60 118//60 66//60
f 68//60 67//60 143//60
f 144//60 70//60 69//60
f 144//60 73//60 72//60
f 145//60 76//60 75//60
f 145//60 78//60 77//60
f 145//60 81//60 80//60
f 82//60 152//60 146//60
f 83//60 147//60 153//60
f 84//60 153//60 148//60
f 92//60 125//60 132//60
f 135//60 137//60 96//60
f 138//60 99//60 98//60
f 139//60 105//60 104//60
f 110//60 139//60 154//60
f 111//60 154//60 150//60
f 155//60 156//60 114//60
f 61//60 151//60 127//60
f 143//60 144//60 68//60
f 71//60 70//60 144//60
f 75//60 74//60 144//60
f 79//60 78//60 145//60
f 81//60 145//60 157//60
f 82//60 157//60 152//60
f 85//60 84//60 148//60
f 126//60 133//60 94//60
f 138//60 100//60 99//60
f 139//60 106//60 105//60
f 139//60 108//60 107//60
f 139//60 110//60 109//60
f 141//60 112//60 111//60
f 112//60 141//60 158//60
f 113//60 158//60 155//60
f 156//60 159//60 115//60
f 159//60 160//60 116//60
f 129//60 130//60 65//60
f 74//60 73//60 144//60
f 157//60 82//60 81//60
f 153//60 84//60 83//60
f 137//60 138//60 97//60
f 138//60 102//60 101//60
f 107//60 106//60 139//60
f 154//60 111//60 110//60
f 114//60 113//60 155//60
f 116//60 115//60 159//60
f 160//60 161//60 117//60
f 161//60 162//60 60//60
f 69//60 68//60 144//60
f 147//60 83//60 82//60
f 149//60 163//60 86//60
f 163//60 119//60 87//60
f 101//60 100//60 138//60
f 109//60 108//60 139//60
f 115//60 114//60 156//60
f 60//60 117//60 161//60
f 77//60 76//60 145//60
f 87//60 86//60 163//60
f 103//60 102//60 138//60
f 117//60 116//60 160//60
f 86//60 85//60 149//60
f 158//60 113//60 112//60
f 88//60 87//60 119//60
f 60//60 162//60 151//60
f 148//61 153//62 164//62
f 153//62 147//63 165//63
f 147//63 146//64 166//64
f 146//64 152//65 167//65
f 152//65 157//66 168//66
f 168//66 167//65 152//65
f 167//65 166//64 146//64
f 166//64 165//63 147//63
f 165//63 164//62 153//62
f 164//62 169//67 148//61
f 170//68 126//68 132//69
f 171//69 132//69 125//70
f 172//70 125//70 124//71
f 173//71 124//71 123//72
f 174//72 123//72 121//73
f 175//73 121//73 120//74
f 176//74 120//74 119//75
f 177//75 119//75 163//76
f 178//76 163//76 149//77
f 179//77 149//77 148//78
f 148//78 169//78 179//77
f 149//77 179//77 178//76
f 163//76 178//76 177//75
f 119//75 177//75 176//74
f 120//74 176//74 175//73
f 121//73 175//73 174//72
f 123//72 174//72 173//71
f 124//71 173//71 172//70
f 125//70 172//70 171//69
f 132//69 171//69 170//68
f 137//79 135//80 180//80
f 135//80 134//81 181//81
f 134//81 136//82 182//82
f 136//82 133//83 183//83
f 133//83 126//84 170//84
f 170//84 183//83 133//83
f 183//83 182//82 136//82
f 182//82 181//81 134//81
f 181//81 180//80 135//80
f 180//80 184//85 137//79
f 169//86 185//86 186//87
f 179//87 186//87 187//88
f 178//88 187//88 188//89
f 177//89 188//89 189//90
f 176//90 189//90 190//91
f 175//91 190//91 191//92
f 174//92 191//92 192//93
f 173//93 192//93 193//94
f 172//94 193//94 194//95
f 171//95 194//95 195//96
f 195//96 170//96 171//95
f 194//95 171//95 172//94
f 193//94 172//94 173//93
f 192//93 173//93 174//92
f 191//92 174//92 175//91
f 190//91 175//91 176//90
f 189//90 176//90 177//89
f 188//89 177//89 178//88
f 187//88 178//88 179//87
f 186//87 179//87 169//86
f 143//97 131//98 196//98
f 131//98 122//99 197//99
f 122//99 118//100 198//100
f 118//100 130//101 199//101
f 130//101 129//102 200//102
f 200//102 199//101 130//101
f 199//101 198//100 118//100
f 198//100 197//99 122//99
f 197//99 196//98 131//98
f 196//98 201//103 143//97
f 200//102 129//102 142//104
f 202//104 142//104 128//105
f 203//105 128//105 127//106
f 204//106 127//106 151//107
f 205//107 151//107 162//108
f 206//108 162//108 161//109
f 207//109 161//109 160//110
f 208//110 160//110 159//111
f 209//111 159//111 156//112
f 210//112 156//112 155//113
f 155//113 211//113 210//112
f 156//112 210//112 209//111
f 159//111 209//111 208//110
f 160//110 208//110 207//109
f 161//109 207//109 206//108
f 162//108 206//108 205//107
f 151//107 205//107 204//106
f 127//106 204//106 203//105
f 128//105 203//105 202//104
f 142//104 202//104 200//102
f 155//113 158//112 212//112
f 158//112 141//114 213//114
f 141//114 140//115 214//115
f 140//115 150//116 215//116
f 150//116 154//117 216//117
f 216//117 215//116 150//116
f 215//116 214//115 140//115
f 214//115 213//114 141//114
f 213//114 212//112 158//112
f 212//112 211//118 155//113
f 211//119 217//119 218//120
f 210//120 218//120 219//121
f 209//121 219//121 220//122
f 208//122 220//122 221//123
f 207//123 221//123 222//124
f 206//124 222//124 223//125
f 205//125 223//125 224//126
f 204//126 224//126 225//127
f 203//127 225//127 226//128
f 202//128 226//128 227//129
f 227//129 200//129 202//128
f 226//128 202//128 203//127
f 225//127 203//127 204//126
f 224//126 204//126 205//125
f 223//125 205//125 206//124
f 222//124 206//124 207//123
f 221//123 207//123 208//122
f 220//122 208//122 209//121
f 219//121 209//121 210//120
f 218//120 210//120 211//119
f 199//128 200//129 227//129
f 198//130 199//128 228//131
f 197//132 198//130 229//133
f 196//134 197//132 230//135
f 201//136 196//134 231//137
f 231//137 232//136 201//136
f 230//135 231//137 196//134
f 229//133 230//135 197//132
f 228//131 229//133 198//130
f 227//129 228//131 199//128
f 144//138 143//138 201//138
f 201//138 233//138 144//138
f 215//139 216//140 234//140
f 214//141 215//139 235//142
f 213//143 214//141 236//144
f 212//145 213//143 237//146
f 211//147 212//145 238//148
f 238//148 217//147 211//147
f 237//146 238//148 212//145
f 236//144 237//146 213//143
f 235//142 236//144 214//141
f 234//140 235//142 215//139
f 217//149 239//149 240//150
f 218//150 240//150 241//151
f 219//151 241//151 242//152
f 220//152 242//152 243//153
f 221//153 243//153 244//154
f 222//154 244//154 245//155
f 223//155 245//155 246//156
f 224//156 246//156 247//157
f 225//157 247//157 248//158
f 226//158 248//158 249//159
f 249//159 227//159 226//158
f 248//158 226//158 225//157
f 247//157 225//157 224//156
f 246//156 224//156 223//155
f 245//155 223//155 222//154
f 244//154 222//154 221//153
f 243//153 221//153 220//152
f 242//152 220//152 219//151
f 241//151 219//151 218//150
f 240//150 218//150 217//149
f 249//159 250//158 228//158
f 250//158 251//160 229//160
f 251//160 252//161 230//161
f 252//161 253//162 231//162
f 253//162 254//163 232//163
f 232//163 231//162 253//162
f 231//162 230//161 252//161
f 230//161 229//160 251//160
f 229//160 228//158 250//158
f 228//158 227//164 249//159
f 255//163 256//163 232//163
f 232//163 254//163 255//163
f 257//163 258//165 235//165
f 258//165 259//166 236//166
f 259//166 260//167 237//167
f 260//167 261//168 238//168
f 261//168 239//169 217//169
f 217//169 238//168 261//168
f 238//168 237//167 260//167
f 237//167 236//166 259//166
f 236//166 235//165 258//165
f 235//165 234//170 257//163
f 262//170 257//170 234//170
f 234//170 263//170 262//170
f 264//171 216//171 154//171
f 154//171 139//171 264//171
f 265//172 233//172 256//172
f 201//172 232//172 256//172
f 256//172 233//172 201//172
f 256//172 266//172 265//172
f 144//173 233//173 267//173
f 267//173 268//173 144//173
f 144//174 268//174 269//174
f 269//174 145//174 144//174
f 270//175 168//175 157//175
f 157//175 145//175 270//175
f 167//176 168//177 271//177
f 166//178 167//176 272//179
f 165//180 166//178 273//181
f 164//182 165//180 274//183
f 169//184 164//182 275//185
f 275//185 185//184 169//184
f 274//183 275//185 164//182
f 273//181 274//183 165//180
f 272//179 273//181 166//178
f 271//177 272//179 167//176
f 276//186 277//187 272//187
f 277//187 278//188 273//188
f 278//188 279//189 274//189
f 279//189 280//190 275//190
f 280//190 281//191 185//191
f 185//191 275//190 280//190
f 275//190 274//189 279//189
f 274//189 273//188 278//188
f 273//188 272//187 277//187
f 272//187 271//192 276//186
f 282//192 283//192 276//192
f 276//192 271//192 282//192
f 185//191 281//191 284//193
f 186//193 284//193 285//194
f 187//194 285//194 286//195
f 188//195 286//195 287//196
f 189//196 287//196 288//197
f 190//197 288//197 289//198
f 191//198 289//198 290//199
f 192//199 290//199 291//200
f 193//200 291//200 292//201
f 194//201 292//201 293//202
f 293//202 195//202 194//201
f 292//201 194//201 193//200
f 291//200 193//200 192//199
f 290//199 192//199 191//198
f 289//198 191//198 190//197
f 288//197 190//197 189//196
f 287//196 189//196 188//195
f 286//195 188//195 187//194
f 285//194 187//194 186//193
f 284//193 186//193 185//191
f 183//203 170//204 195//204
f 182//205 183//203 294//206
f 181//207 182//205 295//208
f 180//209 181//207 296//210
f 184//211 180//209 297//212
f 297//212 298//211 184//211
f 296//210 297//212 180//209
f 295//208 296//210 181//207
f 294//206 295//208 182//205
f 195//204 294//206 183//203
f 293//213 299//214 294//214
f 299//214 300//215 295//215
f 300//215 301//216 296//216
f 301//216 302//217 297//217
f 302//217 303//218 298//218
f 298//218 297//217 302//217
f 297//217 296//216 301//216
f 296//216 295//215 300//215
f 295//215 294//214 299//214
f 294//214 195//219 293//213
f 304//218 298//218 303//218
f 303//218 305//218 304//218
f 138//220 137//220 184//220
f 184//220 306//220 138//220
f 138//221 307//221 308//221
f 308//221 139//221 138//221
f 138//222 306//222 309//222
f 309//222 307//222 138//222
f 310//223 306//223 304//223
f 184//223 298//223 304//223
f 304//223 306//223 184//223
f 304//223 311//223 310//223
f 310//224 312//224 309//224
f 309//224 306//224 310//224
f 313//225 314//226 315//226
f 316//227 313//225 317//228
f 318//229 316//227 319//230
f 311//231 318//229 320//232
f 320//232 310//231 311//231
f 319//230 320//232 318//229
f 317//228 319//230 316//227
f 315//226 317//228 313//225
f 321//233 322//234 317//234
f 322//234 323//235 319//235
f 323//235 324//236 320//236
f 324//236 312//237 310//237
f 310//237 320//236 324//236
f 320//236 319//235 323//235
f 319//235 317//234 322//234
f 317//234 315//238 321//233
f 314//239 325//239 326//239
f 326//239 315//239 314//239
f 139//240 308//240 327//240
f 327//240 264//240 139//240
f 216//241 264//241 263//241
f 328//241 329//241 263//241
f 263//241 264//241 328//241
f 263//241 234//241 216//241
f 330//242 331//242 332//242
f 333//242 334//242 335//242
f 332//242 336//242 330//242
f 335//242 337//242 333//242
f 338//242 339//242 340//242
f 338//242 341//242 342//242
f 334//242 333//242 343//242
f 337//242 330//242 333//242
f 338//242 344//242 345//242
f 342//242 339//242 338//242
f 338//242 346//242 347//242
f 336//242 333//242 330//242
f 338//242 348//242 349//242
f 338//242 350//242 344//242
f 338//242 351//242 341//242
f 347//242 352//242 338//242
f 305//242 353//242 354//242
f 349//242 334//242 338//242
f 340//242 350//242 338//242
f 338//242 355//242 356//242
f 338//242 357//242 346//242
f 305//242 358//242 353//242
f 305//242 262//242 359//242
f 305//242 338//242 325//242
f 345//242 348//242 338//242
f 352//242 355//242 338//242
f 357//242 338//242 305//242
f 359//242 358//242 305//242
f 305//242 313//242 316//242
f 325//242 314//242 305//242
f 262//242 329//242 360//242
f 356//242 351//242 338//242
f 354//242 361//242 305//242
f 305//242 318//242 311//242
f 314//242 313//242 305//242
f 360//242 362//242 262//242
f 305//242 361//242 357//242
f 316//242 318//242 305//242
f 262//242 263//242 329//242
f 311//242 304//242 305//242
f 343//242 338//242 334//242
f 362//242 359//242 262//242
f 357//243 363//243 364//244
f 346//244 364//244 365//245
f 347//245 365//245 366//246
f 352//246 366//246 367//247
f 355//247 367//247 368//248
f 356//248 368//248 369//249
f 351//249 369//249 370//250
f 341//250 370//250 371//251
f 342//251 371//251 372//252
f 339//252 372//252 373//253
f 340//253 373//253 374//254
f 350//254 374//254 375//255
f 344//255 375//255 376//256
f 345//256 376//256 377//257
f 348//257 377//257 378//258
f 349//258 378//258 379//259
f 334//259 379//259 380//260
f 335//260 380//260 381//261
f 337//261 381//261 382//262
f 330//262 382//262 383//263
f 331//263 383//263 384//264
f 332//264 384//264 385//265
f 336//265 385//265 386//266
f 333//266 386//266 387//267
f 343//267 387//267 388//268
f 338//268 388//268 326//269
f 326//269 325//269 338//268
f 388//268 338//268 343//267
f 387//267 343//267 333//266
f 386//266 333//266 336//265
f 385//265 336//265 332//264
f 384//264 332//264 331//263
f 383//263 331//263 330//262
f 382//262 330//262 337//261
f 381//261 337//261 335//260
f 380//260 335//260 334//259
f 379//259 334//259 349//258
f 378//258 349//258 348//257
f 377//257 348//257 345//256
f 376//256 345//256 344//255
f 375//255 344//255 350//254
f 374//254 350//254 340//253
f 373//253 340//253 339//252
f 372//252 339//252 342//251
f 371//251 342//251 341//250
f 370//250 341//250 351//249
f 369//249 351//249 356//248
f 368//248 356//248 355//247
f 367//247 355//247 352//246
f 366//246 352//246 347//245
f 365//245 347//245 346//244
f 364//244 346//244 357//243
f 389//270 321//270 315//270
f 315//270 326//270 389//270
f 357//271 361//271 390//271
f 390//271 363//271 357//271
f 363//272 391//272 392//273
f 364//273 392//273 393//274
f 365//274 393//274 394//275
f 366//275 394//275 395//276
f 367//276 395//276 396//277
f 368//277 396//277 397//278
f 369//278 397//278 398//279
f 370//279 398//279 399//280
f 371//280 399//280 400//281
f 372//281 400//281 401//282
f 373//282 401//282 402//283
f 374//283 402//283 403//284
f 375//284 403//284 404//285
f 376//285 404//285 405//286
f 377//286 405//286 406//287
f 378//287 406//287 407//288
f 379//288 407//288 408//289
f 380//289 408//289 409//290
f 381//290 409//290 410//291
f 382//291 410//291 411//292
f 383//292 411//292 412//293
f 384//293 412//293 413//294
f 385//294 413//294 414//295
f 386//295 414//295 415//296
f 387//296 415//296 416//297
f 388//297 416//297 389//298
f 389//298 326//298 388//297
f 416//297 388//297 387//296
f 415//296 387//296 386//295
f 414//295 386//295 385//294
f 413//294 385//294 384//293
f 412//293 384//293 383//292
f 411//292 383//292 382//291
f 410//291 382//291 381//290
f 409//290 381//290 380//289
f 408//289 380//289 379//288
f 407//288 379//288 378//287
f 406//287 378//287 377//286
f 405//286 377//286 376//285
f 404//285 376//285 375//284
f 403//284 375//284 374//283
f 402//283 374//283 373//282
f 401//282 373//282 372//281
f 400//281 372//281 371//280
f 399//280 371//280 370//279
f 398//279 370//279 369//278
f 397//278 369//278 368//277
f 396//277 368//277 367//276
f 395//276 367//276 366//275
f 394//275 366//275 365//274
f 393//274 365//274 364//273
f 392//273 364//273 363//272
f 329//299 328//299 417//300
f 360//300 417//300 418//301
f 362//301 418//301 419//302
f 359//302 419//302 420//303
f 358//303 420//303 421//304
f 353//304 421//304 422//305
f 354//305 422//305 390//306
f 390//306 361//306 354//305
f 422//305 354//305 353//304
f 421//304 353//304 358//303
f 420//303 358//303 359//302
f 419//302 359//302 362//301
f 418//301 362//301 360//300
f 417//300 360//300 329//299
f 328//307 264//307 327//307
f 327//307 423//307 328//307
f 328//307 423//307 424//308
f 417//308 424//308 425//309
f 418//309 425//309 426//310
f 419//310 426//310 427//311
f 420//311 427//311 428//312
f 421//312 428//312 429//313
f 422//313 429//313 430//314
f 430//314 390//314 422//313
f 429//313 422//313 421//312
f 428//312 421//312 420//311
f 427//311 420//311 419//310
f 426//310 419//310 418//309
f 425//309 418//309 417//308
f 424//308 417//308 328//307
f 390//314 430//314 391//314
f 391//314 363//314 390//314
f 265//315 431//315 267//315
f 267//315 233//315 265//315
f 432//316 433//316 434//317
f 435//317 434//317 436//318
f 437//318 436//318 438//319
f 439//319 438//319 440//320
f 441//320 440//320 442//321
f 443//321 442//321 444//322
f 445//322 444//322 265//323
f 265//323 266//323 445//322
f 444//322 445//322 443//321
f 442//321 443//321 441//320
f 440//320 441//320 439//319
f 438//319 439//319 437//318
f 436//318 437//318 435//317
f 434//317 435//317 432//316
f 145//324 269//324 446//324
f 446//324 270//324 145//324
f 168//325 270//325 282//325
f 447//325 448//325 282//325
f 282//325 270//325 447//325
f 282//325 271//325 168//325
f 433//326 449//326 450//327
f 434//327 450//327 451//328
f 436//328 451//328 452//329
f 438//329 452//329 453//330
f 440//330 453//330 454//331
f 442//331 454//331 455//332
f 444//332 455//332 431//333
f 431//333 265//333 444//332
f 455//332 444//332 442//331
f 454//331 442//331 440//330
f 453//330 440//330 438//329
f 452//329 438//329 436//328
f 451//328 436//328 434//327
f 450//327 434//327 433//326
f 432//334 456//334 457//334
f 457//334 433//334 432//334
f 458//335 459//335 460//335
f 461//335 462//335 463//335
f 461//335 464//335 465//335
f 458//335 466//335 459//335
f 458//335 461//335 467//335
f 465//335 462//335 461//335
f 461//335 458//335 468//335
f 469//335 470//335 471//335
f 467//335 466//335 458//335
f 468//335 464//335 461//335
f 472//335 473//335 474//335
f 472//335 475//335 476//335
f 471//335 477//335 469//335
f 463//335 478//335 461//335
f 476//335 473//335 472//335
f 283//335 439//335 441//335
f 477//335 479//335 469//335
f 469//335 472//335 480//335
f 474//335 458//335 472//335
f 472//335 469//335 481//335
f 283//335 437//335 439//335
f 283//335 432//335 435//335
f 480//335 470//335 469//335
f 481//335 475//335 472//335
f 283//335 482//335 483//335
f 283//335 484//335 485//335
f 283//335 282//335 448//335
f 435//335 437//335 283//335
f 456//335 432//335 283//335
f 460//335 472//335 458//335
f 283//335 486//335 482//335
f 448//335 484//335 283//335
f 283//335 469//335 456//335
f 479//335 487//335 469//335
f 255//335 443//335 445//335
f 485//335 486//335 283//335
f 487//335 456//335 469//335
f 255//335 441//335 443//335
f 441//335 255//335 283//335
f 445//335 266//335 255//335
f 266//335 256//335 255//335
f 483//335 469//335 283//335
f 483//336 488//336 489//337
f 469//337 489//337 490//338
f 481//338 490//338 491//339
f 475//339 491//339 492//340
f 476//340 492//340 493//341
f 473//341 493//341 494//342
f 474//342 494//342 495//343
f 458//343 495//343 496//344
f 468//344 496//344 497//345
f 464//345 497//345 498//346
f 465//346 498//346 499//347
f 462//347 499//347 500//348
f 463//348 500//348 501//349
f 478//349 501//349 502//350
f 461//350 502//350 503//351
f 467//351 503//351 504//352
f 466//352 504//352 505//353
f 459//353 505//353 506//354
f 460//354 506//354 507//355
f 472//355 507//355 508//356
f 480//356 508//356 509//357
f 470//357 509//357 510//358
f 471//358 510//358 511//359
f 477//359 511//359 512//360
f 479//360 512//360 513//361
f 487//361 513//361 457//362
f 457//362 456//362 487//361
f 513//361 487//361 479//360
f 512//360 479//360 477//359
f 511//359 477//359 471//358
f 510//358 471//358 470//357
f 509//357 470//357 480//356
f 508//356 480//356 472//355
f 507//355 472//355 460//354
f 506//354 460//354 459//353
f 505//353 459//353 466//352
f 504//352 466//352 467//351
f 503//351 467//351 461//350
f 502//350 461//350 478//349
f 501//349 478//349 463//348
f 500//348 463//348 462//347
f 499//347 462//347 465//346
f 498//346 465//346 464//345
f 497//345 464//345 468//344
f 496//344 468//344 458//343
f 495//343 458//343 474//342
f 494//342 474//342 473//341
f 493//341 473//341 476//340
f 492//340 476//340 475//339
f 491//339 475//339 481//338
f 490//338 481//338 469//337
f 489//337 469//337 483//336
f 514//363 449//363 433//363
f 433//363 457//363 514//363
f 484//364 448//365 447//365
f 485//366 484//364 515//367
f 486//368 485//366 516//369
f 482//370 486//368 517//371
f 517//371 518//370 482//370
f 516//369 517//371 486//368
f 515//367 516//369 485//366
f 447//365 515//367 484//364
f 447//372 270//372 446//372
f 446//372 519//372 447//372
f 482//373 518//373 488//373
f 488//373 483//373 482//373
f 519//372 520//374 515//374
f 520//374 521//375 516//375
f 521//375 522//376 517//376
f 522//376 523//377 518//377
f 518//377 517//376 522//376
f 517//376 516//375 521//375
f 516//375 515//374 520//374
f 515//374 447//378 519//372
f 488//377 524//377 525//379
f 489//379 525//379 526//380
f 490//380 526//380 527//381
f 491//381 527//381 528//382
f 492//382 528//382 529//383
f 493//383 529//383 530//384
f 494//384 530//384 531//385
f 495//385 531//385 532//386
f 496//386 532//386 533//387
f 497//387 533//387 534//388
f 498//388 534//388 535//389
f 499//389 535//389 536//390
f 500//390 536//390 537//391
f 501//391 537//391 538//392
f 502//392 538//392 539//393
f 503//393 539//393 540//394
f 504//394 540//394 541//395
f 505//395 541//395 542//396
f 506//396 542//396 543//397
f 507//397 543//397 544//398
f 508//398 544//398 545//399
f 509//399 545//399 546//400
f 510//400 546//400 547//401
f 511//401 547//401 548//402
f 512//402 548//402 549//403
f 513//403 549//403 514//404
f 514//404 457//404 513//403
f 549//403 513//403 512//402
f 548//402 512//402 511//401
f 547//401 511//401 510//400
f 546//400 510//400 509//399
f 545//399 509//399 508//398
f 544//398 508//398 507//397
f 543//397 507//397 506//396
f 542//396 506//396 505//395
f 541//395 505//395 504//394
f 540//394 504//394 503//393
f 539//393 503//393 502//392
f 538//392 502//392 501//391
f 537//391 501//391 500//390
f 536//390 500//390 499//389
f 535//389 499//389 498//388
f 534//388 498//388 497//387
f 533//387 497//387 496//386
f 532//386 496//386 495//385
f 531//385 495//385 494//384
f 530//384 494//384 493//383
f 529//383 493//383 492//382
f 528//382 492//382 491//381
f 527//381 491//381 490//380
f 526//380 490//380 489//379
f 525//379 489//379 488//377
f 523//405 524//405 488//405
f 488//405 518//405 523//405
f 446//406 269//406 550//406
f 550//406 551//406 446//406
f 529//406 552//406 553//406
f 529//406 528//406 554//406
f 269//406 555//406 550//406
f 531//406 530//406 553//406
f 554//406 552//406 529//406
f 556//406 557//406 523//406
f 524//406 523//406 557//406
f 269//406 558//406 555//406
f 269//406 268//406 559//406
f 531//406 560//406 561//406
f 553//406 530//406 529//406
f 519//406 446//406 562//406
f 563//406 564//406 520//406
f 564//406 565//406 521//406
f 565//406 556//406 522//406
f 524//406 566//406 567//406
f 557//406 566//406 524//406
f 446//406 568//406 569//406
f 269//406 570//406 558//406
f 559//406 571//406 269//406
f 268//406 267//406 572//406
f 543//406 542//406 573//406
f 542//406 541//406 574//406
f 538//406 537//406 575//406
f 537//406 536//406 576//406
f 535//406 577//406 576//406
f 534//406 578//406 577//406
f 533//406 579//406 578//406
f 532//406 561//406 579//406
f 553//406 560//406 531//406
f 527//406 580//406 554//406
f 520//406 519//406 563//406
f 522//406 521//406 565//406
f 523//406 522//406 556//406
f 446//406 581//406 582//406
f 569//406 583//406 446//406
f 269//406 584//406 570//406
f 268//406 585//406 559//406
f 268//406 586//406 587//406
f 572//406 588//406 268//406
f 545//406 544//406 589//406
f 544//406 543//406 590//406
f 574//406 573//406 542//406
f 541//406 540//406 591//406
f 540//406 539//406 592//406
f 539//406 538//406 593//406
f 576//406 575//406 537//406
f 577//406 535//406 534//406
f 579//406 533//406 532//406
f 554//406 528//406 527//406
f 446//406 594//406 562//406
f 567//406 525//406 524//406
f 446//406 595//406 581//406
f 551//406 568//406 446//406
f 269//406 596//406 597//406
f 571//406 598//406 269//406
f 268//406 599//406 600//406
f 268//406 601//406 586//406
f 267//406 602//406 572//406
f 431//406 603//406 604//406
f 548//406 547//406 605//406
f 547//406 546//406 606//406
f 546//406 545//406 607//406
f 590//406 589//406 544//406
f 591//406 574//406 541//406
f 593//406 592//406 539//406
f 576//406 536//406 535//406
f 561//406 532//406 531//406
f 521//406 520//406 564//406
f 583//406 595//406 446//406
f 598//406 596//406 269//406
f 587//406 599//406 268//406
f 267//406 608//406 602//406
f 604//406 267//406 431//406
f 606//406 605//406 547//406
f 589//406 607//406 545//406
f 592//406 591//406 540//406
f 578//406 534//406 533//406
f 526//406 609//406 580//406
f 525//406 567//406 609//406
f 582//406 594//406 446//406
f 600//406 585//406 268//406
f 588//406 610//406 268//406
f 604//406 611//406 267//406
f 549//406 548//406 612//406
f 607//406 606//406 546//406
f 575//406 593//406 538//406
f 609//406 526//406 525//406
f 597//406 584//406 269//406
f 267//406 613//406 608//406
f 267//406 614//406 615//406
f 611//406 616//406 267//406
f 449//406 514//406 617//406
f 514//406 549//406 618//406
f 605//406 612//406 548//406
f 580//406 527//406 526//406
f 610//406 601//406 268//406
f 616//406 614//406 267//406
f 451//406 619//406 620//406
f 450//406 621//406 619//406
f 449//406 622//406 621//406
f 618//406 617//406 514//406
f 573//406 590//406 543//406
f 615//406 613//406 267//406
f 455//406 623//406 603//406
f 454//406 624//406 623//406
f 452//406 620//406 625//406
f 619//406 451//406 450//406
f 617//406 622//406 449//406
f 562//406 563//406 519//406
f 623//406 455//406 454//406
f 453//406 625//406 624//406
f 620//406 452//406 451//406
f 612//406 618//406 549//406
f 624//406 454//406 453//406
f 621//406 450//406 449//406
f 625//406 453//406 452//406
f 603//406 431//406 455//406
f 622//407 626//407 627//408
f 621//408 627//408 628//409
f 619//409 628//409 629//410
f 620//410 629//410 630//411
f 625//411 630//411 631//412
f 624//412 631//412 632//413
f 623//413 632//413 633//414
f 633//414 603//414 623//413
f 632//413 623//413 624//412
f 631//412 624//412 625//411
f 630//411 625//411 620//410
f 629//410 620//410 619//409
f 628//409 619//409 621//408
f 627//408 621//408 622//407
f 626//415 622//415 617//415
f 617//415 634//415 626//415
f 566//416 635//416 636//417
f 567//417 636//417 637//418
f 609//418 637//418 638//419
f 580//419 638//419 639//420
f 554//420 639//420 640//421
f 552//421 640//421 641//422
f 553//422 641//422 642//423
f 560//423 642//423 643//424
f 561//424 643//424 644//425
f 579//425 644//425 645//426
f 578//426 645//426 646//427
f 577//427 646//427 647//428
f 576//428 647//428 648//429
f 575//429 648//429 649//430
f 593//430 649//430 650//431
f 592//431 650//431 651//432
f 591//432 651//432 652//433
f 574//433 652//433 653//434
f 573//434 653//434 654//435
f 590//435 654//435 655//436
f 589//436 655//436 656//437
f 607//437 656//437 657//438
f 606//438 657//438 658//439
f 605//439 658//439 659//440
f 612//440 659//440 660//441
f 618//441 660//441 634//442
f 634//442 617//442 618//441
f 660//441 618//441 612//440
f 659//440 612//440 605//439
f 658//439 605//439 606//438
f 657//438 606//438 607//437
f 656//437 607//437 589//436
f 655//436 589//436 590//435
f 654//435 590//435 573//434
f 653//434 573//434 574//433
f 652//433 574//433 591//432
f 651//432 591//432 592//431
f 650//431 592//431 593//430
f 649//430 593//430 575//429
f 648//429 575//429 576//428
f 647//428 576//428 577//427
f 646//427 577//427 578//426
f 645//426 578//426 579//425
f 644//425 579//425 561//424
f 643//424 561//424 560//423
f 642//423 560//423 553//422
f 641//422 553//422 552//421
f 640//421 552//421 554//420
f 639//420 554//420 580//419
f 638//419 580//419 609//418
f 637//418 609//418 567//417
f 636//417 567//417 566//416
f 557//443 661//443 635//443
f 635//443 566//443 557//443
f 564//444 563//445 662//445
f 565//446 564//444 663//447
f 556//448 565//446 664//449
f 557//450 556//448 665//451
f 665//451 661//450 557//450
f 664//449 665//451 556//448
f 663//447 664//449 565//446
f 662//445 663//447 564//444
f 550//452 666//452 667//452
f 667//452 551//452 550//452
f 572//453 668//453 669//453
f 669//453 588//453 572//453
f 611//454 604//455 670//456
f 604//455 671//455 670//456
f 616//457 611//454 672//458
f 611//454 673//459 672//458
f 616//457 674//460 675//461
f 675//461 614//462 616//457
f 614//462 676//463 677//464
f 677//464 615//465 614//462
f 615//465 678//466 679//467
f 679//467 613//468 615//465
f 613//468 680//469 681//470
f 681//470 608//471 613//468
f 608//471 682//472 683//473
f 683//473 602//474 608//471
f 602//474 684//475 668//476
f 668//476 572//476 602//474
f 683//473 684//475 602//474
f 681//470 682//472 608//471
f 679//467 680//469 613//468
f 677//464 678//466 615//465
f 675//461 676//463 614//462
f 672//458 674//460 616//457
f 670//456 673//459 611//454
f 588//476 669//476 685//477
f 610//478 685//477 686//479
f 686//479 601//480 610//478
f 601//480 687//481 688//482
f 688//482 586//483 601//480
f 587//484 586//483 689//485
f 586//483 690//486 689//485
f 599//487 587//484 691//488
f 587//484 692//489 691//488
f 600//490 599//487 693//491
f 599//487 694//492 693//491
f 600//490 695//493 696//494
f 696//494 585//495 600//490
f 585//495 697//496 698//497
f 698//497 559//498 585//495
f 698//497 699//498 559//498
f 696//494 697//496 585//495
f 693//491 695//493 600//490
f 691//488 694//492 599//487
f 689//485 692//489 587//484
f 688//482 690//486 586//483
f 686//479 687//481 601//480
f 685//477 610//478 588//476
f 669//499 668//499 700//500
f 701//501 702//501 703//502
f 704//502 703//502 705//503
f 705//503 700//500 704//502
f 706//504 707//504 708//505
f 709//505 708//505 702//501
f 702//501 701//501 709//505
f 706//504 710//506 711//506
f 712//507 713//507 711//506
f 711//506 710//506 712//507
f 713//507 712//507 714//508
f 715//509 716//509 717//508
f 717//508 714//508 715//509
f 718//510 719//511 720//511
f 718//510 721//510 716//509
f 716//509 715//509 718//510
f 722//512 723//512 724//513
f 725//513 724//513 720//511
f 720//511 719//511 725//513
f 722//512 726//514 727//514
f 726//514 728//515 729//515
f 729//515 727//514 726//514
f 730//516 731//517 732//517
f 729//515 728//515 732//517
f 732//517 731//517 729//515
f 732//517 733//516 730//516
f 727//514 723//512 722//512
f 724//513 725//513 722//512
f 720//511 721//510 718//510
f 714//508 717//508 713//507
f 711//506 707//504 706//504
f 708//505 709//505 706//504
f 703//502 704//502 701//501
f 700//500 705//503 669//499
f 734//518 735//518 736//519
f 737//519 736//519 738//520
f 739//520 738//520 740//521
f 741//521 740//521 742//522
f 743//522 742//522 744//523
f 745//523 744//523 746//524
f 747//524 746//524 748//525
f 749//525 748//525 626//526
f 626//526 634//526 749//525
f 748//525 749//525 747//524
f 746//524 747//524 745//523
f 744//523 745//523 743//522
f 742//522 743//522 741//521
f 740//521 741//521 739//520
f 738//520 739//520 737//519
f 736//519 737//519 734//518
f 749//525 634//526 660//527
f 783//528 660//527 659//529
f 784//530 659//529 658//531
f 785//532 658//531 657//533
f 786//534 657//533 656//535
f 787//536 656//535 655//537
f 788//538 655//537 654//539
f 789//540 654//539 653//541
f 790//542 653//541 652//543
f 791//544 652//543 651//545
f 792//546 651//545 650//547
f 793//548 650//547 649//549
f 794//550 649//549 648//551
f 795//552 648//551 647//553
f 796//554 647//553 646//555
f 797//556 646//555 645//557
f 798//558 645//557 644//559
f 799//560 644//559 643//561
f 800//562 643//561 642//563
f 801//564 642//563 641//565
f 802//566 641//565 640//567
f 803//568 640//567 639//569
f 804//570 639//569 638//571
f 805//572 638//571 637//573
f 806//574 637//573 636//575
f 807//576 636//575 635//577
f 747//578 749//525 783//528
f 808//579 783//528 784//530
f 809//580 784//530 785//532
f 810//581 785//532 786//534
f 811//582 786//534 787//536
f 812//583 787//536 788//538
f 813//584 788//538 789//540
f 814//585 789//540 790//542
f 815//586 790//542 791//544
f 816//587 791//544 792//546
f 817//588 792//546 793//548
f 818//589 793//548 794//550
f 819//590 794//550 795//552
f 820//591 795//552 796//554
f 821//592 796//554 797//556
f 822//593 797//556 798//558
f 823//594 798//558 799//560
f 824//595 799//560 800//562
f 825//596 800//562 801//564
f 826//597 801//564 802//566
f 827//598 802//566 803//568
f 828//599 803//568 804//570
f 829//600 804//570 805//572
f 830//601 805//572 806//574
f 831//602 806//574 807//576
f 832//603 807//576 750//604
f 745//605 747//578 808//579
f 833//606 808//579 809//580
f 834//607 809//580 810//581
f 835//608 810//581 811//582
f 836//609 811//582 812//583
f 837//610 812//583 813//584
f 838//611 813//584 814//585
f 839//612 814//585 815//586
f 840//613 815//586 816//587
f 841//614 816//587 817//588
f 842//615 817//588 818//589
f 843//616 818//589 819//590
f 844//617 819//590 820//591
f 845//618 820//591 821//592
f 846//619 821//592 822//593
f 847//620 822//593 823//594
f 848//621 823//594 824//595
f 849//622 824//595 825//596
f 850//623 825//596 826//597
f 851//624 826//597 827//598
f 852//625 827//598 828//599
f 853//626 828//599 829//600
f 854//627 829//600 830//601
f 855//628 830//601 831//602
f 856//629 831//602 832//603
f 857//630 832//603 751//631
f 743//632 745//605 833//606
f 858//633 833//606 834//607
f 859//634 834//607 835//608
f 860//635 835//608 836//609
f 861//636 836//609 837//610
f 862//637 837//610 838//611
f 863//638 838//611 839//612
f 864//639 839//612 840//613
f 865//640 840//613 841//614
f 866//641 841//614 842//615
f 867//642 842//615 843//616
f 868//643 843//616 844//617
f 869//644 844//617 845//618
f 870//645 845//618 846//619
f 871//646 846//619 847//620
f 872//647 847//620 848//621
f 873//648 848//621 849//622
f 874//649 849//622 850//623
f 875//650 850//623 851//624
f 876//651 851//624 852//625
f 877//652 852//625 853//626
f 878//653 853//626 854//627
f 879//654 854//627 855//628
f 880//655 855//628 856//629
f 881//656 856//629 857//630
f 882//657 857//630 752//658
f 741//659 743//632 858//633
f 883//660 858//633 859//634
f 884//661 859//634 860//635
f 885//662 860//635 861//636
f 886//663 861//636 862//637
f 887//664 862//637 863//638
f 888//665 863//638 864//639
f 889//666 864//639 865//640
f 890//667 865//640 866//641
f 891//668 866//641 867//642
f 892//669 867//642 868//643
f 893//670 868//643 869//644
f 894//671 869//644 870//645
f 895//672 870//645 871//646
f 896//673 871//646 872//647
f 897//674 872//647 873//648
f 898//675 873//648 874//649
f 899//676 874//649 875//650
f 900//677 875//650 876//651
f 901//678 876//651 877//652
f 902//679 877//652 878//653
f 903//680 878//653 879//654
f 904//681 879//654 880//655
f 905//682 880//655 881//656
f 906//683 881//656 882//657
f 907//684 882//657 753//685
f 739//686 741//659 883//660
f 908//687 883//660 884//661
f 909//688 884//661 885//662
f 910//689 885//662 886//663
f 911//690 886//663 887//664
f 912//691 887//664 888//665
f 913//692 888//665 889//666
f 914//693 889//666 890//667
f 915//694 890//667 891//668
f 916//695 891//668 892//669
f 917//696 892//669 893//670
f 918//697 893//670 894//671
f 919//698 894//671 895//672
f 920//699 895//672 896//673
f 921//700 896//673 897//674
f 922//701 897//674 898//675
f 923//702 898//675 899//676
f 924//703 899//676 900//677
f 925//704 900//677 901//678
f 926//705 901//678 902//679
f 927//706 902//679 903//680
f 928//707 903//680 904//681
f 929//708 904//681 905//682
f 930//709 905//682 906//683
f 931//710 906//683 907//684
f 932//711 907//684 754//712
f 737//713 739//686 908//687
f 933//714 908//687 909//688
f 934//715 909//688 910//689
f 935//716 910//689 911//690
f 936//717 911//690 912//691
f 937//718 912//691 913//692
f 938//719 913//692 914//693
f 939//720 914//693 915//694
f 940//721 915//694 916//695
f 941//722 916//695 917//696
f 942//723 917//696 918//697
f 943//724 918//697 919//698
f 944//725 919//698 920//699
f 945//726 920//699 921//700
f 946//727 921//700 922//701
f 947//728 922//701 923//702
f 948//729 923//702 924//703
f 949//730 924//703 925//704
f 950//731 925//704 926//705
f 951//732 926//705 927//706
f 952//733 927//706 928//707
f 953//734 928//707 929//708
f 954//735 929//708 930//709
f 955//736 930//709 931//710
f 956//737 931//710 932//711
f 957//738 932//711 755//739
f 734//740 737//713 933//714
f 756//741 933//714 934//715
f 757//742 934//715 935//716
f 758//743 935//716 936//717
f 759//744 936//717 937//718
f 760//745 937//718 938//719
f 761//746 938//719 939//720
f 762//747 939//720 940//721
f 763//748 940//721 941//722
f 764//749 941//722 942//723
f 765//750 942//723 943//724
f 766//751 943//724 944//725
f 767//752 944//725 945//726
f 768//753 945//726 946//727
f 769//754 946//727 947//728
f 770//755 947//728 948//729
f 771//756 948//729 949//730
f 772//757 949//730 950//731
f 773//758 950//731 951//732
f 774//759 951//732 952//733
f 775//760 952//733 953//734
f 776//761 953//734 954//735
f 777//762 954//735 955//736
f 778//763 955//736 956//737
f 779//764 956//737 957//738
f 780//765 957//738 781//766
f 781//766 782//767 780//765
f 957//738 780//765 779//764
f 956//737 779//764 778//763
f 955//736 778//763 777//762
f 954//735 777//762 776//761
f 953//734 776//761 775//760
f 952//733 775//760 774//759
f 951//732 774//759 773//758
f 950//731 773//758 772//757
f 949//730 772//757 771//756
f 948//729 771//756 770//755
f 947//728 770//755 769//754
f 946//727 769//754 768//753
f 945//726 768//753 767//752
f 944//725 767//752 766//751
f 943//724 766//751 765//750
f 942//723 765//750 764//749
f 941//722 764//749 763//748
f 940//721 763//748 762//747
f 939//720 762//747 761//746
f 938//719 761//746 760//745
f 937//718 760//745 759//744
f 936//717 759//744 758//743
f 935//716 758//743 757//742
f 934//715 757//742 756//741
f 933//714 756//741 734//740
f 755//739 781//766 957//738
f 932//711 957//738 956//737
f 931//710 956//737 955//736
f 930//709 955//736 954//735
f 929//708 954//735 953//734
f 928//707 953//734 952//733
f 927//706 952//733 951//732
f 926//705 951//732 950//731
f 925//704 950//731 949//730
f 924//703 949//730 948//729
f 923//702 948//729 947//728
f 922//701 947//728 946//727
f 921//700 946//727 945//726
f 920//699 945//726 944//725
f 919//698 944//725 943//724
f 918//697 943//724 942//723
f 917//696 942//723 941//722
f 916//695 941//722 940//721
f 915//694 940//721 939//720
f 914//693 939//720 938//719
f 913//692 938//719 937//718
f 912//691 937//718 936//717
f 911//690 936//717 935//716
f 910//689 935//716 934//715
f 909//688 934//715 933//714
f 908//687 933//714 737//713
f 754//712 755//739 932//711
f 907//684 932//711 931//710
f 906//683 931//710 930//709
f 905//682 930//709 929//708
f 904//681 929//708 928//707
f 903//680 928//707 927//706
f 902//679 927//706 926//705
f 901//678 926//705 925//704
f 900//677 925//704 924//703
f 899//676 924//703 923//702
f 898//675 923//702 922//701
f 897//674 922//701 921//700
f 896//673 921//700 920//699
f 895//672 920//699 919//698
f 894//671 919//698 918//697
f 893//670 918//697 917//696
f 892//669 917//696 916//695
f 891//668 916//695 915//694
f 890//667 915//694 914//693
f 889//666 914//693 913//692
f 888//665 913//692 912//691
f 887//664 912//691 911//690
f 886//663 911//690 910//689
f 885//662 910//689 909//688
f 884//661 909//688 908//687
f 883//660 908//687 739//686
f 753//685 754//712 907//684
f 882//657 907//684 906//683
f 881//656 906//683 905//682
f 880//655 905//682 904//681
f 879//654 904//681 903//680
f 878//653 903//680 902//679
f 877//652 902//679 901//678
f 876//651 901//678 900//677
f 875//650 900//677 899//676
f 874//649 899//676 898//675
f 873//648 898//675 897//674
f 872//647 897//674 896//673
f 871//646 896//673 895//672
f 870//645 895//672 894//671
f 869//644 894//671 893//670
f 868//643 893//670 892//669
f 867//642 892//669 891//668
f 866//641 891//668 890//667
f 865//640 890//667 889//666
f 864//639 889//666 888//665
f 863//638 888//665 887//664
f 862//637 887//664 886//663
f 861//636 886//663 885//662
f 860//635 885//662 884//661
f 859//634 884//661 883//660
f 858//633 883//660 741//659
f 752//658 753//685 882//657
f 857//630 882//657 881//656
f 856//629 881//656 880//655
f 855//628 880//655 879//654
f 854//627 879//654 878//653
f 853//626 878//653 877//652
f 852//625 877//652 876//651
f 851//624 876//651 875//650
f 850//623 875//650 874//649
f 849//622 874//649 873//648
f 848//621 873//648 872//647
f 847//620 872//647 871//646
f 846//619 871//646 870//645
f 845//618 870//645 869//644
f 844//617 869//644 868//643
f 843//616 868//643 867//642
f 842//615 867//642 866//641
f 841//614 866//641 865//640
f 840//613 865//640 864//639
f 839//612 864//639 863//638
f 838//611 863//638 862//637
f 837//610 862//637 861//636
f 836//609 861//636 860//635
f 835//608 860//635 859//634
f 834//607 859//634 858//633
f 833//606 858//633 743//632
f 751//631 752//658 857//630
f 832//603 857//630 856//629
f 831//602 856//629 855//628
f 830//601 855//628 854//627
f 829//600 854//627 853//626
f 828//599 853//626 852//625
f 827//598 852//625 851//624
f 826//597 851//624 850//623
f 825//596 850//623 849//622
f 824//595 849//622 848//621
f 823//594 848//621 847//620
f 822//593 847//620 846//619
f 821//592 846//619 845//618
f 820//591 845//618 844//617
f 819//590 844//617 843//616
f 818//589 843//616 842//615
f 817//588 842//615 841//614
f 816//587 841//614 840//613
f 815//586 840//613 839//612
f 814//585 839//612 838//611
f 813//584 838//611 837//610
f 812//583 837//610 836//609
f 811//582 836//609 835//608
f 810//581 835//608 834//607
f 809//580 834//607 833//606
f 808//579 833//606 745//605
f 750//604 751//631 832//603
f 807//576 832//603 831//602
f 806//574 831//602 830//601
f 805//572 830//601 829//600
f 804//570 829//600 828//599
f 803//568 828//599 827//598
f 802//566 827//598 826//597
f 801//564 826//597 825//596
f 800//562 825//596 824//595
f 799//560 824//595 823//594
f 798//558 823//594 822//593
f 797//556 822//593 821//592
f 796//554 821//592 820//591
f 795//552 820//591 819//590
f 794//550 819//590 818//589
f 793//548 818//589 817//588
f 792//546 817//588 816//587
f 791//544 816//587 815//586
f 790//542 815//586 814//585
f 789//540 814//585 813//584
f 788//538 813//584 812//583
f 787//536 812//583 811//582
f 786//534 811//582 810//581
f 785//532 810//581 809//580
f 784//530 809//580 808//579
f 783//528 808//579 747//578
f 635//577 750//604 807//576
f 636//575 807//576 806//574
f 637//573 806//574 805//572
f 638//571 805//572 804//570
f 639//569 804//570 803//568
f 640//567 803//568 802//566
f 641//565 802//566 801//564
f 642//563 801//564 800//562
f 643//561 800//562 799//560
f 644//559 799//560 798//558
f 645//557 798//558 797//556
f 646//555 797//556 796//554
f 647//553 796//554 795//552
f 648//551 795//552 794//550
f 649//549 794//550 793//548
f 650//547 793//548 792//546
f 651//545 792//546 791//544
f 652//543 791//544 790//542
f 653//541 790//542 789//540
f 654//539 789//540 788//538
f 655//537 788//538 787//536
f 656//535 787//536 786//534
f 657//533 786//534 785//532
f 658//531 785//532 784//530
f 659//529 784//530 783//528
f 660//527 783//528 749//525
f 958//767 782//767 781//766
f 959//766 781//766 755//768
f 960//768 755//768 754//769
f 961//769 754//769 753//770
f 962//770 753//770 752//771
f 963//771 752//771 751//772
f 964//772 751//772 750//773
f 965//773 750//773 635//774
f 635//774 661//774 965//773
f 750//773 965//773 964//772
f 751//772 964//772 963//771
f 752//771 963//771 962//770
f 753//770 962//770 961//769
f 754//769 961//769 960//768
f 755//768 960//768 959//766
f 781//766 959//766 958//767
f 782//775 966//775 967//776
f 780//776 967//776 968//777
f 779//777 968//777 969//778
f 778//778 969//778 970//779
f 777//779 970//779 971//780
f 776//780 971//780 972//781
f 775//781 972//781 973//782
f 774//782 973//782 974//783
f 773//783 974//783 975//784
f 772//784 975//784 976//785
f 771//785 976//785 977//786
f 770//786 977//786 978//787
f 769//787 978//787 979//788
f 768//788 979//788 980//789
f 767//789 980//789 981//790
f 766//790 981//790 982//791
f 765//791 982//791 983//792
f 764//792 983//792 984//793
f 763//793 984//793 985//794
f 762//794 985//794 986//795
f 761//795 986//795 987//796
f 760//796 987//796 988//797
f 759//797 988//797 989//798
f 758//798 989//798 990//799
f 757//799 990//799 991//800
f 756//800 991//800 992//801
f 992//801 734//801 756//800
f 991//800 756//800 757//799
f 990//799 757//799 758//798
f 989//798 758//798 759//797
f 988//797 759//797 760//796
f 987//796 760//796 761//795
f 986//795 761//795 762//794
f 985//794 762//794 763//793
f 984//793 763//793 764//792
f 983//792 764//792 765//791
f 982//791 765//791 766//790
f 981//790 766//790 767//789
f 980//789 767//789 768//788
f 979//788 768//788 769//787
f 978//787 769//787 770//786
f 977//786 770//786 771//785
f 976//785 771//785 772//784
f 975//784 772//784 773//783
f 974//783 773//783 774//782
f 973//782 774//782 775//781
f 972//781 775//781 776//780
f 971//780 776//780 777//779
f 970//779 777//779 778//778
f 969//778 778//778 779//777
f 968//777 779//777 780//776
f 967//776 780//776 782//775
f 598//802 571//803 993//804
f 571//803 994//803 993//804
f 596//805 598//802 995//806
f 598//802 996//807 995//806
f 596//805 997//808 998//809
f 998//809 597//810 596//805
f 597//810 999//811 1000//812
f 1000//812 584//813 597//810
f 584//813 1001//814 1002//815
f 1002//815 570//816 584//813
f 570//816 1003//817 1004//818
f 1004//818 558//819 570//816
f 558//819 1005//820 1006//821
f 1006//821 555//822 558//819
f 555//822 1007//823 666//824
f 666//824 550//824 555//822
f 1006//821 1007//823 555//822
f 1004//818 1005//820 558//819
f 1002//815 1003//817 570//816
f 1000//812 1001//814 584//813
f 998//809 999//811 597//810
f 995//806 997//808 596//805
f 993//804 996//807 598//802
f 551//824 667//824 1008//825
f 568//826 1008//825 1009//827
f 1009//827 569//828 568//826
f 569//828 1010//829 1011//830
f 1011//830 583//831 569//828
f 595//832 583//831 1012//833
f 583//831 1013//834 1012//833
f 581//835 595//832 1014//836
f 595//832 1015//837 1014//836
f 582//838 581//835 1016//839
f 581//835 1017//840 1016//839
f 582//838 1018//841 1019//842
f 1019//842 594//843 582//838
f 594//843 1020//844 1021//845
f 1021//845 562//846 594//843
f 1021//845 1022//846 562//846
f 1019//842 1020//844 594//843
f 1016//839 1018//841 582//838
f 1014//836 1017//840 581//835
f 1012//833 1015//837 595//832
f 1011//830 1013//834 583//831
f 1009//827 1010//829 569//828
f 1008//825 568//826 551//824
f 667//847 666//847 1023//848
f 1024//849 1025//850 1026//850
f 1024//849 1027//849 1028//851
f 1028//851 1023//848 1024//849
f 1029//852 1026//850 1025//850
f 1030//853 1029//852 1031//852
f 1031//852 1032//853 1030//853
f 1033//854 1034//855 1035//855
f 1030//853 1032//853 1033//854
f 1033//854 1036//854 1030//853
f 1037//856 1035//855 1034//855
f 1037//856 1038//856 1039//857
f 1039//857 1040//857 1037//856
f 1041//858 1042//859 1043//859
f 1043//859 1042//859 1040//857
f 1040//857 1039//857 1043//859
f 1044//858 1045//860 1046//860
f 1046//860 1045//860 1047//861
f 1047//861 1048//861 1046//860
f 1049//862 1050//863 1051//863
f 1051//863 1050//863 1048//861
f 1048//861 1047//861 1051//863
f 1052//864 1053//865 1054//865
f 1055//866 1052//864 1056//867
f 1056//867 1049//862 1055//866
f 1054//865 1056//867 1052//864
f 1051//863 1055//866 1049//862
f 1046//860 1041//858 1044//858
f 1043//859 1044//858 1041//858
f 1034//855 1038//856 1037//856
f 1035//855 1036//854 1033//854
f 1025//850 1031//852 1029//852
f 1026//850 1027//849 1024//849
f 1023//848 1028//851 667//847
f 728//868 726//869 1079//870
f 1080//871 732//872 728//868
f 1081//873 1082//874 673//875
f 1082//874 672//876 673//875
f 1083//877 1084//878 1085//879
f 1086//880 1085//879 1087//881
f 1088//882 1087//881 1079//870
f 722//883 725//884 1089//885
f 1079//870 726//869 722//883
f 1090//886 675//887 674//888
f 674//888 1082//874 1090//886
f 1090//886 1082//874 1091//889
f 1092//890 1091//889 1093//891
f 1094//892 1093//891 1095//893
f 1096//894 1095//893 1097//895
f 1098//896 1097//895 1099//897
f 1100//898 1099//897 1101//899
f 1102//900 1101//899 1103//901
f 1104//902 1103//901 1105//903
f 1106//904 1105//903 1107//905
f 1108//906 1107//905 1083//877
f 1109//907 1083//877 1086//880
f 1110//908 1086//880 1088//882
f 1111//909 1088//882 1089//885
f 719//910 718//911 1112//912
f 1089//885 725//884 719//910
f 1113//913 677//914 676//915
f 676//915 1090//886 1113//913
f 1113//913 1090//886 1092//890
f 1114//916 1092//890 1094//892
f 1115//917 1094//892 1096//894
f 1116//918 1096//894 1098//896
f 1117//919 1098//896 1100//898
f 1118//920 1100//898 1102//900
f 1119//921 1102//900 1104//902
f 1120//922 1104//902 1106//904
f 1121//923 1106//904 1108//906
f 1122//924 1108//906 1109//907
f 1123//925 1109//907 1110//908
f 1124//926 1110//908 1111//909
f 1125//927 1111//909 1112//912
f 715//928 714//929 1126//930
f 1112//912 718//911 715//928
f 1127//931 679//932 678//933
f 678//933 1113//913 1127//931
f 1127//931 1113//913 1114//916
f 1128//934 1114//916 1115//917
f 1129//935 1115//917 1116//918
f 1130//936 1116//918 1117//919
f 1131//937 1117//919 1118//920
f 1132//938 1118//920 1119//921
f 1133//939 1119//921 1120//922
f 1134//940 1120//922 1121//923
f 1135//941 1121//923 1122//924
f 1136//942 1122//924 1123//925
f 1137//943 1123//925 1124//926
f 1138//944 1124//926 1125//927
f 1139//945 1125//927 1126//930
f 712//946 710//947 1140//948
f 1126//930 714//929 712//946
f 1141//949 681//950 680//951
f 680//951 1127//931 1141//949
f 1141//949 1127//931 1128//934
f 1142//952 1128//934 1129//935
f 1143//953 1129//935 1130//936
f 1144//954 1130//936 1131//937
f 1145//955 1131//937 1132//938
f 1146//956 1132//938 1133//939
f 1147//957 1133//939 1134//940
f 1148//958 1134//940 1135//941
f 1149//959 1135//941 1136//942
f 1150//960 1136//942 1137//943
f 1151//961 1137//943 1138//944
f 1152//962 1138//944 1139//945
f 1153//963 1139//945 1140//948
f 706//964 709//965 1154//966
f 1140//948 710//947 706//964
f 1155//967 683//968 682//969
f 682//969 1141//949 1155//967
f 1155//967 1141//949 1142//952
f 1156//970 1142//952 1143//953
f 1157//971 1143//953 1144//954
f 1158//972 1144//954 1145//955
f 1159//973 1145//955 1146//956
f 1160//974 1146//956 1147//957
f 1161//975 1147//957 1148//958
f 1162//976 1148//958 1149//959
f 1163//977 1149//959 1150//960
f 1164//978 1150//960 1151//961
f 1165//979 1151//961 1152//962
f 1166//980 1152//962 1153//963
f 1167//981 1153//963 1154//966
f 701//982 704//983 1168//984
f 1154//966 709//965 701//982
f 1155//967 668//985 684//986
f 1168//984 704//983 700//987
f 670//988 671//989 1057//990
f 1082//874 1058//991 1059//992
f 1082//874 1081//873 1060//993
f 1060//993 1058//991 1082//874
f 1091//889 1059//992 1061//994
f 1062//995 1095//893 1093//891
f 1095//893 1062//995 1063//996
f 1064//997 1099//897 1097//895
f 1097//895 1063//996 1064//997
f 1065//998 1066//999 1101//899
f 1103//901 1101//899 1066//999
f 1105//903 1103//901 1067//1000
f 1107//905 1105//903 1068//1001
f 1083//877 1069//1002 1070//1003
f 1083//877 1107//905 1071//1004
f 1071//1004 1069//1002 1083//877
f 1085//879 1084//878 1072//1005
f 1073//1006 1087//881 1085//879
f 1085//879 1074//1007 1073//1006
f 1079//870 1087//881 1075//1008
f 1075//1008 1076//1009 1079//870
f 732//872 1080//871 1077//1010
f 1077//1010 1078//1011 732//872
f 1078//1011 733//1012 732//872
f 1077//1010 1080//871 1076//1009
f 1076//1009 1080//871 1079//870
f 1073//1006 1075//1008 1087//881
f 1072//1005 1074//1007 1085//879
f 1072//1005 1084//878 1070//1003
f 1070//1003 1084//878 1083//877
f 1068//1001 1071//1004 1107//905
f 1067//1000 1068//1001 1105//903
f 1066//999 1067//1000 1103//901
f 1101//899 1099//897 1065//998
f 1064//997 1065//998 1099//897
f 1063//996 1097//895 1095//893
f 1093//891 1061//994 1062//995
f 1061//994 1093//891 1091//889
f 1059//992 1091//889 1082//874
f 1060//993 1081//873 1057//990
f 1057//990 1081//873 670//988
f 700//987 668//1013 1168//984
f 668//1013 1167//981 1168//984
f 668//1013 1166//980 1167//981
f 668//1013 1165//979 1166//980
f 668//1013 1164//978 1165//979
f 668//1013 1163//977 1164//978
f 668//1013 1162//976 1163//977
f 668//1013 1161//975 1162//976
f 668//1013 1160//974 1161//975
f 668//1013 1159//973 1160//974
f 668//1013 1158//972 1159//973
f 668//1013 1157//971 1158//972
f 668//1013 1156//970 1157//971
f 668//1013 1155//967 1156//970
f 684//986 683//968 1155//967
f 1168//984 1154//966 701//982
f 1154//966 1168//984 1167//981
f 1153//963 1167//981 1166//980
f 1152//962 1166//980 1165//979
f 1151//961 1165//979 1164//978
f 1150//960 1164//978 1163//977
f 1149//959 1163//977 1162//976
f 1148//958 1162//976 1161//975
f 1147//957 1161//975 1160//974
f 1146//956 1160//974 1159//973
f 1145//955 1159//973 1158//972
f 1144//954 1158//972 1157//971
f 1143//953 1157//971 1156//970
f 1142//952 1156//970 1155//967
f 682//969 681//950 1141//949
f 1154//966 1140//948 706//964
f 1140//948 1154//966 1153//963
f 1139//945 1153//963 1152//962
f 1138//944 1152//962 1151//961
f 1137//943 1151//961 1150//960
f 1136//942 1150//960 1149//959
f 1135//941 1149//959 1148//958
f 1134//940 1148//958 1147//957
f 1133//939 1147//957 1146//956
f 1132//938 1146//956 1145//955
f 1131//937 1145//955 1144//954
f 1130//936 1144//954 1143//953
f 1129//935 1143//953 1142//952
f 1128//934 1142//952 1141//949
f 680//951 679//932 1127//931
f 1140//948 1126//930 712//946
f 1126//930 1140//948 1139//945
f 1125//927 1139//945 1138//944
f 1124//926 1138//944 1137//943
f 1123//925 1137//943 1136//942
f 1122//924 1136//942 1135//941
f 1121//923 1135//941 1134//940
f 1120//922 1134//940 1133//939
f 1119//921 1133//939 1132//938
f 1118//920 1132//938 1131//937
f 1117//919 1131//937 1130//936
f 1116//918 1130//936 1129//935
f 1115//917 1129//935 1128//934
f 1114//916 1128//934 1127//931
f 678//933 677//914 1113//913
f 1126//930 1112//912 715//928
f 1112//912 1126//930 1125//927
f 1111//909 1125//927 1124//926
f 1110//908 1124//926 1123//925
f 1109//907 1123//925 1122//924
f 1108//906 1122//924 1121//923
f 1106//904 1121//923 1120//922
f 1104//902 1120//922 1119//921
f 1102//900 1119//921 1118//920
f 1100//898 1118//920 1117//919
f 1098//896 1117//919 1116//918
f 1096//894 1116//918 1115//917
f 1094//892 1115//917 1114//916
f 1092//890 1114//916 1113//913
f 676//915 675//887 1090//886
f 1112//912 1089//885 719//910
f 1089//885 1112//912 1111//909
f 1088//882 1111//909 1110//908
f 1086//880 1110//908 1109//907
f 1083//877 1109//907 1108//906
f 1107//905 1108//906 1106//904
f 1105//903 1106//904 1104//902
f 1103//901 1104//902 1102//900
f 1101//899 1102//900 1100//898
f 1099//897 1100//898 1098//896
f 1097//895 1098//896 1096//894
f 1095//893 1096//894 1094//892
f 1093//891 1094//892 1092//890
f 1091//889 1092//890 1090//886
f 674//888 672//876 1082//874
f 1089//885 1079//870 722//883
f 1079//870 1089//885 1088//882
f 1087//881 1088//882 1086//880
f 1085//879 1086//880 1083//877
f 673//875 670//988 1081//873
f 1079//870 1080//871 728//868
f 603//1014 633//1014 1169//1014
f 1169//1014 604//1014 603//1014
f 1169//1014 671//1014 604//1014
f 1169//1014 1060//1015 1057//1016
f 1170//1017 1058//1017 1060//1015
f 1060//1015 1169//1014 1170//1017
f 1061//1018 1171//1019 1172//1020
f 1058//1017 1170//1017 1171//1019
f 1171//1019 1061//1018 1059//1021
f 1171//1019 1059//1021 1058//1017
f 1063//1022 1173//1023 1174//1024
f 1062//1025 1175//1026 1173//1023
f 1173//1023 1063//1022 1062//1025
f 1174//1024 1176//1027 1063//1022
f 1063//1022 1177//1028 1178//1029
f 1178//1029 1064//1030 1063//1022
f 1063//1022 1176//1027 1177//1028
f 1178//1029 1179//1031 1064//1030
f 1066//1032 1180//1033 1181//1034
f 1066//1032 1065//1035 1182//1036
f 1183//1037 1182//1036 1065//1035
f 1065//1035 1064//1030 1183//1037
f 1182//1036 1180//1033 1066//1032
f 1184//1038 1185//1039 1067//1040
f 1068//1041 1067//1040 1185//1039
f 1185//1039 1186//1041 1068//1041
f 1068//1041 1186//1041 1187//1042
f 1187//1042 1071//1043 1068//1041
f 1188//1044 1069//1044 1071//1043
f 1071//1043 1189//1045 1188//1044
f 1074//1046 1072//1047 1190//1048
f 1191//1049 1072//1047 1070//1050
f 1070//1050 1188//1044 1191//1049
f 1070//1050 1069//1044 1188//1044
f 1191//1049 1190//1048 1072//1047
f 1073//1051 1074//1046 1192//1052
f 1074//1046 1193//1053 1192//1052
f 1192//1052 1194//1054 1073//1051
f 1195//1055 1077//1056 1076//1057
f 1076//1057 1075//1058 1195//1055
f 1078//1059 1196//1060 1197//1061
f 1197//1061 1198//1062 1078//1059
f 1196//1060 1078//1059 1077//1056
f 1077//1056 1195//1055 1196//1060
f 1198//1062 1199//1063 1078//1059
f 1078//1059 1200//1064 1201//1065
f 1078//1059 1199//1063 1200//1064
f 1201//1065 733//1066 1078//1059
f 1201//1065 1202//1066 733//1066
f 1075//1058 1073//1051 1195//1055
f 1194//1054 1195//1055 1073//1051
f 1190//1048 1193//1053 1074//1046
f 1187//1042 1189//1045 1071//1043
f 1067//1040 1066//1032 1184//1038
f 1181//1034 1184//1038 1066//1032
f 1179//1031 1183//1037 1064//1030
f 1062//1025 1061//1018 1175//1026
f 1172//1020 1175//1026 1061//1018
f 1057//1016 671//1067 1169//1014
f 1203//1068 1204//1068 1205//1069
f 1206//1070 1205//1069 1207//1071
f 1207//1071 1208//1072 1206//1070
f 1208//1072 1209//1073 1210//1074
f 1210//1074 1211//1075 1208//1072
f 1211//1075 1212//1076 1213//1077
f 1213//1077 1214//1078 1211//1075
f 1214//1078 1215//1079 1216//1080
f 1216//1080 1217//1081 1214//1078
f 1217//1081 1218//1082 1219//1083
f 1219//1083 1220//1084 1217//1081
f 1220//1084 1221//1085 1222//1086
f 1222//1086 1223//1087 1220//1084
f 1223//1087 1224//1088 1225//1089
f 1225//1089 633//1090 1223//1087
f 1225//1089 1169//1090 633//1090
f 1222//1086 1224//1088 1223//1087
f 1219//1083 1221//1085 1220//1084
f 1216//1080 1218//1082 1217//1081
f 1213//1077 1215//1079 1214//1078
f 1210//1074 1212//1076 1211//1075
f 1207//1071 1209//1073 1208//1072
f 1205//1069 1206//1070 1203//1068
f 1223//1091 633//1090 632//1092
f 1232//1093 632//1092 631//1094
f 1233//1095 631//1094 630//1096
f 1234//1097 630//1096 629//1098
f 1235//1099 629//1098 628//1100
f 1236//1101 628//1100 627//1102
f 1237//1103 627//1102 626//1104
f 1220//1105 1223//1091 1232//1093
f 1238//1106 1232//1093 1233//1095
f 1239//1107 1233//1095 1234//1097
f 1240//1108 1234//1097 1235//1099
f 1241//1109 1235//1099 1236//1101
f 1242//1110 1236//1101 1237//1103
f 1243//1111 1237//1103 748//1112
f 1217//1113 1220//1105 1238//1106
f 1244//1114 1238//1106 1239//1107
f 1245//1115 1239//1107 1240//1108
f 1246//1116 1240//1108 1241//1109
f 1247//1117 1241//1109 1242//1110
f 1248//1118 1242//1110 1243//1111
f 1249//1119 1243//1111 746//1120
f 1214//1121 1217//1113 1244//1114
f 1250//1122 1244//1114 1245//1115
f 1251//1123 1245//1115 1246//1116
f 1252//1124 1246//1116 1247//1117
f 1253//1125 1247//1117 1248//1118
f 1254//1126 1248//1118 1249//1119
f 1255//1127 1249//1119 744//1128
f 1211//1129 1214//1121 1250//1122
f 1256//1130 1250//1122 1251//1123
f 1257//1131 1251//1123 1252//1124
f 1258//1132 1252//1124 1253//1125
f 1259//1133 1253//1125 1254//1126
f 1260//1134 1254//1126 1255//1127
f 1261//1135 1255//1127 742//1136
f 1208//1137 1211//1129 1256//1130
f 1262//1138 1256//1130 1257//1131
f 1263//1139 1257//1131 1258//1132
f 1264//1140 1258//1132 1259//1133
f 1265//1141 1259//1133 1260//1134
f 1266//1142 1260//1134 1261//1135
f 1267//1143 1261//1135 740//1144
f 1206//1145 1208//1137 1262//1138
f 1268//1146 1262//1138 1263//1139
f 1269//1147 1263//1139 1264//1140
f 1270//1148 1264//1140 1265//1141
f 1271//1149 1265//1141 1266//1142
f 1272//1150 1266//1142 1267//1143
f 1273//1151 1267//1143 738//1152
f 1203//1153 1206//1145 1268//1146
f 1226//1154 1268//1146 1269//1147
f 1227//1155 1269//1147 1270//1148
f 1228//1156 1270//1148 1271//1149
f 1229//1157 1271//1149 1272//1150
f 1230//1158 1272//1150 1273//1151
f 1231//1159 1273//1151 736//1160
f 736//1160 735//1161 1231//1159
f 1273//1151 1231//1159 1230//1158
f 1272//1150 1230//1158 1229//1157
f 1271//1149 1229//1157 1228//1156
f 1270//1148 1228//1156 1227//1155
f 1269//1147 1227//1155 1226//1154
f 1268//1146 1226//1154 1203//1153
f 738//1152 736//1160 1273//1151
f 1267//1143 1273//1151 1272//1150
f 1266//1142 1272//1150 1271//1149
f 1265//1141 1271//1149 1270//1148
f 1264//1140 1270//1148 1269//1147
f 1263//1139 1269//1147 1268//1146
f 1262//1138 1268//1146 1206//1145
f 740//1144 738//1152 1267//1143
f 1261//1135 1267//1143 1266//1142
f 1260//1134 1266//1142 1265//1141
f 1259//1133 1265//1141 1264//1140
f 1258//1132 1264//1140 1263//1139
f 1257//1131 1263//1139 1262//1138
f 1256//1130 1262//1138 1208//1137
f 742//1136 740//1144 1261//1135
f 1255//1127 1261//1135 1260//1134
f 1254//1126 1260//1134 1259//1133
f 1253//1125 1259//1133 1258//1132
f 1252//1124 1258//1132 1257//1131
f 1251//1123 1257//1131 1256//1130
f 1250//1122 1256//1130 1211//1129
f 744//1128 742//1136 1255//1127
f 1249//1119 1255//1127 1254//1126
f 1248//1118 1254//1126 1253//1125
f 1247//1117 1253//1125 1252//1124
f 1246//1116 1252//1124 1251//1123
f 1245//1115 1251//1123 1250//1122
f 1244//1114 1250//1122 1214//1121
f 746//1120 744//1128 1249//1119
f 1243//1111 1249//1119 1248//1118
f 1242//1110 1248//1118 1247//1117
f 1241//1109 1247//1117 1246//1116
f 1240//1108 1246//1116 1245//1115
f 1239//1107 1245//1115 1244//1114
f 1238//1106 1244//1114 1217//1113
f 748//1112 746//1120 1243//1111
f 1237//1103 1243//1111 1242//1110
f 1236//1101 1242//1110 1241//1109
f 1235//1099 1241//1109 1240//1108
f 1234//1097 1240//1108 1239//1107
f 1233//1095 1239//1107 1238//1106
f 1232//1093 1238//1106 1220//1105
f 626//1104 748//1112 1237//1103
f 627//1102 1237//1103 1236//1101
f 628//1100 1236//1101 1235//1099
f 629//1098 1235//1099 1234//1097
f 630//1096 1234//1097 1233//1095
f 631//1094 1233//1095 1232//1093
f 632//1092 1232//1093 1223//1091
f 1274//1161 735//1161 734//1161
f 734//1161 992//1161 1274//1161
f 735//1161 1274//1161 1275//1162
f 1231//1162 1275//1162 1276//1163
f 1230//1163 1276//1163 1277//1164
f 1229//1164 1277//1164 1278//1165
f 1228//1165 1278//1165 1279//1166
f 1227//1166 1279//1166 1280//1167
f 1226//1167 1280//1167 1281//1168
f 1281//1168 1203//1168 1226//1167
f 1280//1167 1226//1167 1227//1166
f 1279//1166 1227//1166 1228//1165
f 1278//1165 1228//1165 1229//1164
f 1277//1164 1229//1164 1230//1163
f 1276//1163 1230//1163 1231//1162
f 1275//1162 1231//1162 735//1161
f 1282//1169 1283//1169 1284//1170
f 1285//1170 1284//1170 1286//1171
f 1287//1171 1286//1171 1288//1172
f 1289//1172 1288//1172 1290//1173
f 1291//1173 1290//1173 1292//1174
f 1293//1174 1292//1174 1294//1175
f 1295//1175 1294//1175 1296//1176
f 1297//1176 1296//1176 1274//1177
f 1274//1177 992//1177 1297//1176
f 1296//1176 1297//1176 1295//1175
f 1294//1175 1295//1175 1293//1174
f 1292//1174 1293//1174 1291//1173
f 1290//1173 1291//1173 1289//1172
f 1288//1172 1289//1172 1287//1171
f 1286//1171 1287//1171 1285//1170
f 1284//1170 1285//1170 1282//1169
f 1298//1178 1281//1179 1280//1180
f 1312//1181 1280//1180 1279//1182
f 1313//1183 1279//1182 1278//1184
f 1314//1185 1278//1184 1277//1186
f 1315//1187 1277//1186 1276//1188
f 1316//1189 1276//1188 1275//1190
f 1317//1191 1275//1190 1274//1192
f 1299//1193 1298//1178 1312//1181
f 1318//1194 1312//1181 1313//1183
f 1319//1195 1313//1183 1314//1185
f 1320//1196 1314//1185 1315//1187
f 1321//1197 1315//1187 1316//1189
f 1322//1198 1316//1189 1317//1191
f 1323//1199 1317//1191 1296//1200
f 1300//1201 1299//1193 1318//1194
f 1324//1202 1318//1194 1319//1195
f 1325//1203 1319//1195 1320//1196
f 1326//1204 1320//1196 1321//1197
f 1327//1205 1321//1197 1322//1198
f 1328//1206 1322//1198 1323//1199
f 1329//1207 1323//1199 1294//1208
f 1301//1209 1300//1201 1324//1202
f 1330//1210 1324//1202 1325//1203
f 1331//1211 1325//1203 1326//1204
f 1332//1212 1326//1204 1327//1205
f 1333//1213 1327//1205 1328//1206
f 1334//1214 1328//1206 1329//1207
f 1335//1215 1329//1207 1292//1216
f 1302//1217 1301//1209 1330//1210
f 1336//1218 1330//1210 1331//1211
f 1337//1219 1331//1211 1332//1212
f 1338//1220 1332//1212 1333//1213
f 1339//1221 1333//1213 1334//1214
f 1340//1222 1334//1214 1335//1215
f 1341//1223 1335//1215 1290//1224
f 1303//1225 1302//1217 1336//1218
f 1342//1226 1336//1218 1337//1219
f 1343//1227 1337//1219 1338//1220
f 1344//1228 1338//1220 1339//1221
f 1345//1229 1339//1221 1340//1222
f 1346//1230 1340//1222 1341//1223
f 1347//1231 1341//1223 1288//1232
f 1304//1233 1303//1225 1342//1226
f 1348//1234 1342//1226 1343//1227
f 1349//1235 1343//1227 1344//1228
f 1350//1236 1344//1228 1345//1229
f 1351//1237 1345//1229 1346//1230
f 1352//1238 1346//1230 1347//1231
f 1353//1239 1347//1231 1286//1240
f 1305//1241 1304//1233 1348//1234
f 1306//1241 1348//1234 1349//1235
f 1307//1241 1349//1235 1350//1236
f 1308//1241 1350//1236 1351//1237
f 1309//1241 1351//1237 1352//1238
f 1310//1241 1352//1238 1353//1239
f 1311//1241 1353//1239 1284//1242
f 1284//1242 1283//1241 1311//1241
f 1353//1239 1311//1241 1310//1241
f 1352//1238 1310//1241 1309//1241
f 1351//1237 1309//1241 1308//1241
f 1350//1236 1308//1241 1307//1241
f 1349//1235 1307//1241 1306//1241
f 1348//1234 1306//1241 1305//1241
f 1286//1240 1284//1242 1353//1239
f 1347//1231 1353//1239 1352//1238
f 1346//1230 1352//1238 1351//1237
f 1345//1229 1351//1237 1350//1236
f 1344//1228 1350//1236 1349//1235
f 1343//1227 1349//1235 1348//1234
f 1342//1226 1348//1234 1304//1233
f 1288//1232 1286//1240 1347//1231
f 1341//1223 1347//1231 1346//1230
f 1340//1222 1346//1230 1345//1229
f 1339//1221 1345//1229 1344//1228
f 1338//1220 1344//1228 1343//1227
f 1337//1219 1343//1227 1342//1226
f 1336//1218 1342//1226 1303//1225
f 1290//1224 1288//1232 1341//1223
f 1335//1215 1341//1223 1340//1222
f 1334//1214 1340//1222 1339//1221
f 1333//1213 1339//1221 1338//1220
f 1332//1212 1338//1220 1337//1219
f 1331//1211 1337//1219 1336//1218
f 1330//1210 1336//1218 1302//1217
f 1292//1216 1290//1224 1335//1215
f 1329//1207 1335//1215 1334//1214
f 1328//1206 1334//1214 1333//1213
f 1327//1205 1333//1213 1332//1212
f 1326//1204 1332//1212 1331//1211
f 1325//1203 1331//1211 1330//1210
f 1324//1202 1330//1210 1301//1209
f 1294//1208 1292//1216 1329//1207
f 1323//1199 1329//1207 1328//1206
f 1322//1198 1328//1206 1327//1205
f 1321//1197 1327//1205 1326//1204
f 1320//1196 1326//1204 1325//1203
f 1319//1195 1325//1203 1324//1202
f 1318//1194 1324//1202 1300//1201
f 1296//1200 1294//1208 1323//1199
f 1317//1191 1323//1199 1322//1198
f 1316//1189 1322//1198 1321//1197
f 1315//1187 1321//1197 1320//1196
f 1314//1185 1320//1196 1319//1195
f 1313//1183 1319//1195 1318//1194
f 1312//1181 1318//1194 1299//1193
f 1274//1192 1296//1200 1317//1191
f 1275//1190 1317//1191 1316//1189
f 1276//1188 1316//1189 1315//1187
f 1277//1186 1315//1187 1314//1185
f 1278//1184 1314//1185 1313//1183
f 1279//1182 1313//1183 1312//1181
f 1280//1180 1312//1181 1298//1178
f 1203//1243 1281//1243 1354//1243
f 1354//1243 1204//1243 1203//1243
f 1221//1244 1219//1245 1364//1246
f 1365//1247 1222//1248 1221//1244
f 1366//1249 1367//1250 1368//1251
f 1369//1252 1368//1251 1364//1246
f 1218//1253 1216//1254 1370//1255
f 1364//1246 1219//1245 1218//1253
f 1371//1256 1372//1257 1355//1258
f 1372//1257 1356//1259 1355//1258
f 1372//1257 1371//1256 1373//1260
f 1373//1260 1197//1261 1374//1262
f 1375//1263 1376//1264 1377//1265
f 1378//1266 1377//1265 1366//1249
f 1379//1267 1366//1249 1369//1252
f 1380//1268 1369//1252 1370//1255
f 1215//1269 1213//1270 1381//1271
f 1370//1255 1216//1254 1215//1269
f 1372//1257 1382//1272 1357//1273
f 1382//1272 1358//1274 1357//1273
f 1382//1272 1372//1257 1383//1275
f 1384//1276 1383//1275 1374//1262
f 1385//1277 1374//1262 1386//1278
f 1387//1279 1386//1278 1388//1280
f 1389//1281 1388//1280 1390//1282
f 1391//1283 1390//1282 1392//1284
f 1393//1285 1392//1284 1394//1286
f 1395//1287 1394//1286 1396//1288
f 1397//1289 1396//1288 1398//1290
f 1399//1291 1398//1290 1400//1292
f 1401//1293 1400//1292 1402//1294
f 1403//1295 1402//1294 1404//1296
f 1405//1297 1404//1296 1406//1298
f 1407//1299 1406//1298 1408//1300
f 1409//1301 1408//1300 1375//1263
f 1410//1302 1375//1263 1378//1266
f 1411//1303 1378//1266 1379//1267
f 1412//1304 1379//1267 1380//1268
f 1413//1305 1380//1268 1381//1271
f 1212//1306 1210//1307 1414//1308
f 1381//1271 1213//1270 1212//1306
f 1382//1272 1415//1309 1359//1310
f 1415//1309 1360//1311 1359//1310
f 1415//1309 1382//1272 1384//1276
f 1416//1312 1384//1276 1385//1277
f 1417//1313 1385//1277 1387//1279
f 1418//1314 1387//1279 1389//1281
f 1419//1315 1389//1281 1391//1283
f 1420//1316 1391//1283 1393//1285
f 1421//1317 1393//1285 1395//1287
f 1422//1318 1395//1287 1397//1289
f 1423//1319 1397//1289 1399//1291
f 1424//1320 1399//1291 1401//1293
f 1425//1321 1401//1293 1403//1295
f 1426//1322 1403//1295 1405//1297
f 1427//1323 1405//1297 1407//1299
f 1428//1324 1407//1299 1409//1301
f 1429//1325 1409//1301 1410//1302
f 1430//1326 1410//1302 1411//1303
f 1431//1327 1411//1303 1412//1304
f 1432//1328 1412//1304 1413//1305
f 1433//1329 1413//1305 1414//1308
f 1209//1330 1207//1331 1434//1332
f 1414//1308 1210//1307 1209//1330
f 1434//1332 1207//1331 1205//1333
f 1361//1334 1362//1335 1201//1336
f 1201//1336 1200//1337 1361//1334
f 1371//1256 1363//1338 1361//1334
f 1371//1256 1199//1339 1198//1340
f 1371//1256 1200//1337 1199//1339
f 1374//1262 1195//1341 1194//1342
f 1374//1262 1196//1343 1195//1341
f 1374//1262 1197//1261 1196//1343
f 1386//1278 1194//1342 1192//1344
f 1388//1280 1192//1344 1193//1345
f 1390//1282 1193//1345 1190//1346
f 1392//1284 1190//1346 1191//1347
f 1191//1347 1188//1348 1396//1288
f 1398//1290 1396//1288 1188//1348
f 1400//1292 1398//1290 1189//1349
f 1187//1350 1186//1351 1402//1294
f 1404//1296 1402//1294 1186//1351
f 1185//1352 1184//1353 1406//1298
f 1408//1300 1406//1298 1184//1353
f 1375//1263 1408//1300 1181//1354
f 1181//1354 1180//1355 1375//1263
f 1377//1265 1376//1264 1182//1356
f 1182//1356 1183//1357 1377//1265
f 1366//1249 1377//1265 1179//1358
f 1179//1358 1178//1359 1366//1249
f 1368//1251 1367//1250 1177//1360
f 1177//1360 1176//1361 1368//1251
f 1364//1246 1368//1251 1174//1362
f 1174//1362 1365//1247 1364//1246
f 1365//1247 1173//1363 1175//1364
f 1222//1248 1365//1247 1172//1365
f 1172//1365 1224//1366 1222//1248
f 1171//1367 1225//1368 1224//1366
f 1225//1368 1171//1367 1170//1369
f 1170//1369 1169//1370 1225//1368
f 1172//1365 1171//1367 1224//1366
f 1175//1364 1172//1365 1365//1247
f 1174//1362 1173//1363 1365//1247
f 1176//1361 1174//1362 1368//1251
f 1177//1360 1367//1250 1178//1359
f 1178//1359 1367//1250 1366//1249
f 1183//1357 1179//1358 1377//1265
f 1182//1356 1376//1264 1180//1355
f 1180//1355 1376//1264 1375//1263
f 1184//1353 1181//1354 1408//1300
f 1406//1298 1404//1296 1185//1352
f 1186//1351 1185//1352 1404//1296
f 1402//1294 1400//1292 1187//1350
f 1189//1349 1187//1350 1400//1292
f 1188//1348 1189//1349 1398//1290
f 1396//1288 1394//1286 1191//1347
f 1191//1347 1394//1286 1392//1284
f 1190//1346 1392//1284 1390//1282
f 1193//1345 1390//1282 1388//1280
f 1192//1344 1388//1280 1386//1278
f 1194//1342 1386//1278 1374//1262
f 1197//1261 1373//1260 1198//1340
f 1198//1340 1373//1260 1371//1256
f 1200//1337 1371//1256 1361//1334
f 1201//1336 1362//1335 1202//1371
f 1205//1333 1204//1372 1434//1332
f 1204//1372 1433//1329 1434//1332
f 1204//1372 1432//1328 1433//1329
f 1204//1372 1431//1327 1432//1328
f 1204//1372 1430//1326 1431//1327
f 1204//1372 1429//1325 1430//1326
f 1204//1372 1428//1324 1429//1325
f 1204//1372 1427//1323 1428//1324
f 1204//1372 1426//1322 1427//1323
f 1204//1372 1425//1321 1426//1322
f 1204//1372 1424//1320 1425//1321
f 1204//1372 1423//1319 1424//1320
f 1204//1372 1422//1318 1423//1319
f 1204//1372 1421//1317 1422//1318
f 1204//1372 1420//1316 1421//1317
f 1204//1372 1419//1315 1420//1316
f 1204//1372 1418//1314 1419//1315
f 1204//1372 1417//1313 1418//1314
f 1204//1372 1416//1312 1417//1313
f 1204//1372 1415//1309 1416//1312
f 1204//1372 1360//1311 1415//1309
f 1434//1332 1414//1308 1209//1330
f 1414//1308 1434//1332 1433//1329
f 1413//1305 1433//1329 1432//1328
f 1412//1304 1432//1328 1431//1327
f 1411//1303 1431//1327 1430//1326
f 1410//1302 1430//1326 1429//1325
f 1409//1301 1429//1325 1428//1324
f 1407//1299 1428//1324 1427//1323
f 1405//1297 1427//1323 1426//1322
f 1403//1295 1426//1322 1425//1321
f 1401//1293 1425//1321 1424//1320
f 1399//1291 1424//1320 1423//1319
f 1397//1289 1423//1319 1422//1318
f 1395//1287 1422//1318 1421//1317
f 1393//1285 1421//1317 1420//1316
f 1391//1283 1420//1316 1419//1315
f 1389//1281 1419//1315 1418//1314
f 1387//1279 1418//1314 1417//1313
f 1385//1277 1417//1313 1416//1312
f 1384//1276 1416//1312 1415//1309
f 1359//1310 1358//1274 1382//1272
f 1414//1308 1381//1271 1212//1306
f 1381//1271 1414//1308 1413//1305
f 1380//1268 1413//1305 1412//1304
f 1379//1267 1412//1304 1411//1303
f 1378//1266 1411//1303 1410//1302
f 1375//1263 1410//1302 1409//1301
f 1408//1300 1409//1301 1407//1299
f 1406//1298 1407//1299 1405//1297
f 1404//1296 1405//1297 1403//1295
f 1402//1294 1403//1295 1401//1293
f 1400//1292 1401//1293 1399//1291
f 1398//1290 1399//1291 1397//1289
f 1396//1288 1397//1289 1395//1287
f 1394//1286 1395//1287 1393//1285
f 1392//1284 1393//1285 1391//1283
f 1390//1282 1391//1283 1389//1281
f 1388//1280 1389//1281 1387//1279
f 1386//1278 1387//1279 1385//1277
f 1374//1262 1385//1277 1384//1276
f 1383//1275 1384//1276 1382//1272
f 1357//1273 1356//1259 1372//1257
f 1381//1271 1370//1255 1215//1269
f 1370//1255 1381//1271 1380//1268
f 1369//1252 1380//1268 1379//1267
f 1366//1249 1379//1267 1378//1266
f 1377//1265 1378//1266 1375//1263
f 1374//1262 1383//1275 1373//1260
f 1373//1260 1383//1275 1372//1257
f 1355//1258 1363//1338 1371//1256
f 1370//1255 1364//1246 1218//1253
f 1364//1246 1370//1255 1369//1252
f 1368//1251 1369//1252 1366//1249
f 1364//1246 1365//1247 1221//1244
f 1305//1373 1435//1373 1436//1374
f 1436//1374 1304//1375 1305//1373
f 1303//1376 1437//1377 1438//1378
f 1304//1375 1439//1379 1437//1377
f 1437//1377 1303//1376 1304//1375
f 1302//1380 1440//1381 1441//1382
f 1303//1376 1442//1383 1440//1381
f 1440//1381 1302//1380 1303//1376
f 1302//1380 1443//1384 1444//1385
f 1444//1385 1301//1386 1302//1380
f 1301//1386 1445//1386 1446//1387
f 1446//1387 1300//1388 1301//1386
f 1300//1388 1447//1388 1448//1389
f 1448//1389 1299//1390 1300//1388
f 1299//1390 1449//1390 1450//1391
f 1450//1391 1298//1392 1299//1390
f 1281//1393 1451//1394 1452//1395
f 1298//1392 1453//1396 1451//1394
f 1451//1394 1281//1393 1298//1392
f 1452//1395 1354//1397 1281//1393
f 1450//1391 1453//1396 1298//1392
f 1448//1389 1449//1390 1299//1390
f 1446//1387 1447//1388 1300//1388
f 1444//1385 1445//1386 1301//1386
f 1441//1382 1443//1384 1302//1380
f 1438//1378 1442//1383 1303//1376
f 1436//1374 1439//1379 1304//1375
f 1362//1398 1454//1399 1455//1400
f 1455//1400 1202//1401 1362//1398
f 1455//1400 1456//1401 1202//1401
f 1363//1402 1457//1403 1458//1404
f 1458//1404 1361//1405 1363//1402
f 1458//1404 1454//1399 1361//1405
f 1356//1406 1459//1407 1460//1408
f 1460//1408 1355//1409 1356//1406
f 1356//1406 1357//1410 1459//1407
f 1358//1411 1461//1412 1462//1413
f 1462//1413 1357//1410 1358//1411
f 1358//1411 1359//1414 1461//1412
f 1463//1415 1359//1414 1360//1416
f 1360//1416 1354//1417 1463//1415
f 1360//1416 1204//1417 1354//1417
f 1463//1415 1461//1412 1359//1414
f 1462//1413 1459//1407 1357//1410
f 1460//1408 1457//1403 1355//1409
f 1363//1402 1355//1409 1457//1403
f 1362//1398 1361//1405 1454//1399
f 1297//1418 992//1419 991//1420
f 1497//1421 991//1420 990//1422
f 1498//1423 990//1422 989//1424
f 1499//1425 989//1424 988//1426
f 1500//1427 988//1426 987//1428
f 1501//1429 987//1428 986//1430
f 1502//1431 986//1430 985//1432
f 1503//1433 985//1432 984//1434
f 1504//1435 984//1434 983//1436
f 1505//1437 983//1436 982//1438
f 1506//1439 982//1438 981//1440
f 1507//1441 981//1440 980//1442
f 1508//1443 980//1442 979//1444
f 1509//1445 979//1444 978//1446
f 1510//1447 978//1446 977//1448
f 1511//1449 977//1448 976//1450
f 1512//1451 976//1450 975//1452
f 1513//1453 975//1452 974//1454
f 1514//1455 974//1454 973//1456
f 1515//1457 973//1456 972//1458
f 1516//1459 972//1458 971//1460
f 1517//1461 971//1460 970//1462
f 1518//1463 970//1462 969//1464
f 1519//1465 969//1464 968//1466
f 1520//1467 968//1466 967//1468
f 1521//1469 967//1468 966//1470
f 1295//1471 1297//1418 1497//1421
f 1522//1472 1497//1421 1498//1423
f 1523//1473 1498//1423 1499//1425
f 1524//1474 1499//1425 1500//1427
f 1525//1475 1500//1427 1501//1429
f 1526//1476 1501//1429 1502//1431
f 1527//1477 1502//1431 1503//1433
f 1528//1478 1503//1433 1504//1435
f 1529//1479 1504//1435 1505//1437
f 1530//1480 1505//1437 1506//1439
f 1531//1481 1506//1439 1507//1441
f 1532//1482 1507//1441 1508//1443
f 1533//1483 1508//1443 1509//1445
f 1534//1484 1509//1445 1510//1447
f 1535//1485 1510//1447 1511//1449
f 1536//1486 1511//1449 1512//1451
f 1537//1487 1512//1451 1513//1453
f 1538//1488 1513//1453 1514//1455
f 1539//1489 1514//1455 1515//1457
f 1540//1490 1515//1457 1516//1459
f 1541//1491 1516//1459 1517//1461
f 1542//1492 1517//1461 1518//1463
f 1543//1493 1518//1463 1519//1465
f 1544//1494 1519//1465 1520//1467
f 1545//1495 1520//1467 1521//1469
f 1546//1496 1521//1469 1464//1497
f 1293//1498 1295//1471 1522//1472
f 1547//1499 1522//1472 1523//1473
f 1548//1500 1523//1473 1524//1474
f 1549//1501 1524//1474 1525//1475
f 1550//1502 1525//1475 1526//1476
f 1551//1503 1526//1476 1527//1477
f 1552//1504 1527//1477 1528//1478
f 1553//1505 1528//1478 1529//1479
f 1554//1506 1529//1479 1530//1480
f 1555//1507 1530//1480 1531//1481
f 1556//1508 1531//1481 1532//1482
f 1557//1509 1532//1482 1533//1483
f 1558//1510 1533//1483 1534//1484
f 1559//1511 1534//1484 1535//1485
f 1560//1512 1535//1485 1536//1486
f 1561//1513 1536//1486 1537//1487
f 1562//1514 1537//1487 1538//1488
f 1563//1515 1538//1488 1539//1489
f 1564//1516 1539//1489 1540//1490
f 1565//1517 1540//1490 1541//1491
f 1566//1518 1541//1491 1542//1492
f 1567//1519 1542//1492 1543//1493
f 1568//1520 1543//1493 1544//1494
f 1569//1521 1544//1494 1545//1495
f 1570//1522 1545//1495 1546//1496
f 1571//1523 1546//1496 1465//1524
f 1291//1525 1293//1498 1547//1499
f 1572//1526 1547//1499 1548//1500
f 1573//1527 1548//1500 1549//1501
f 1574//1528 1549//1501 1550//1502
f 1575//1529 1550//1502 1551//1503
f 1576//1530 1551//1503 1552//1504
f 1577//1531 1552//1504 1553//1505
f 1578//1532 1553//1505 1554//1506
f 1579//1533 1554//1506 1555//1507
f 1580//1534 1555//1507 1556//1508
f 1581//1535 1556//1508 1557//1509
f 1582//1536 1557//1509 1558//1510
f 1583//1537 1558//1510 1559//1511
f 1584//1538 1559//1511 1560//1512
f 1585//1539 1560//1512 1561//1513
f 1586//1540 1561//1513 1562//1514
f 1587//1541 1562//1514 1563//1515
f 1588//1542 1563//1515 1564//1516
f 1589//1543 1564//1516 1565//1517
f 1590//1544 1565//1517 1566//1518
f 1591//1545 1566//1518 1567//1519
f 1592//1546 1567//1519 1568//1520
f 1593//1547 1568//1520 1569//1521
f 1594//1548 1569//1521 1570//1522
f 1595//1549 1570//1522 1571//1523
f 1596//1550 1571//1523 1466//1551
f 1289//1552 1291//1525 1572//1526
f 1597//1553 1572//1526 1573//1527
f 1598//1554 1573//1527 1574//1528
f 1599//1555 1574//1528 1575//1529
f 1600//1556 1575//1529 1576//1530
f 1601//1557 1576//1530 1577//1531
f 1602//1558 1577//1531 1578//1532
f 1603//1559 1578//1532 1579//1533
f 1604//1560 1579//1533 1580//1534
f 1605//1561 1580//1534 1581//1535
f 1606//1562 1581//1535 1582//1536
f 1607//1563 1582//1536 1583//1537
f 1608//1564 1583//1537 1584//1538
f 1609//1565 1584//1538 1585//1539
f 1610//1566 1585//1539 1586//1540
f 1611//1567 1586//1540 1587//1541
f 1612//1568 1587//1541 1588//1542
f 1613//1569 1588//1542 1589//1543
f 1614//1570 1589//1543 1590//1544
f 1615//1571 1590//1544 1591//1545
f 1616//1572 1591//1545 1592//1546
f 1617//1573 1592//1546 1593//1547
f 1618//1574 1593//1547 1594//1548
f 1619//1575 1594//1548 1595//1549
f 1620//1576 1595//1549 1596//1550
f 1621//1577 1596//1550 1467//1578
f 1287//1579 1289//1552 1597//1553
f 1622//1580 1597//1553 1598//1554
f 1623//1581 1598//1554 1599//1555
f 1624//1582 1599//1555 1600//1556
f 1625//1583 1600//1556 1601//1557
f 1626//1584 1601//1557 1602//1558
f 1627//1585 1602//1558 1603//1559
f 1628//1586 1603//1559 1604//1560
f 1629//1587 1604//1560 1605//1561
f 1630//1588 1605//1561 1606//1562
f 1631//1589 1606//1562 1607//1563
f 1632//1590 1607//1563 1608//1564
f 1633//1591 1608//1564 1609//1565
f 1634//1592 1609//1565 1610//1566
f 1635//1593 1610//1566 1611//1567
f 1636//1594 1611//1567 1612//1568
f 1637//1595 1612//1568 1613//1569
f 1638//1596 1613//1569 1614//1570
f 1639//1597 1614//1570 1615//1571
f 1640//1598 1615//1571 1616//1572
f 1641//1599 1616//1572 1617//1573
f 1642//1600 1617//1573 1618//1574
f 1643//1601 1618//1574 1619//1575
f 1644//1602 1619//1575 1620//1576
f 1645//1603 1620//1576 1621//1577
f 1646//1604 1621//1577 1468//1605
f 1285//1606 1287//1579 1622//1580
f 1647//1607 1622//1580 1623//1581
f 1648//1608 1623//1581 1624//1582
f 1649//1609 1624//1582 1625//1583
f 1650//1610 1625//1583 1626//1584
f 1651//1611 1626//1584 1627//1585
f 1652//1612 1627//1585 1628//1586
f 1653//1613 1628//1586 1629//1587
f 1654//1614 1629//1587 1630//1588
f 1655//1615 1630//1588 1631//1589
f 1656//1616 1631//1589 1632//1590
f 1657//1617 1632//1590 1633//1591
f 1658//1618 1633//1591 1634//1592
f 1659//1619 1634//1592 1635//1593
f 1660//1620 1635//1593 1636//1594
f 1661//1621 1636//1594 1637//1595
f 1662//1622 1637//1595 1638//1596
f 1663//1623 1638//1596 1639//1597
f 1664//1624 1639//1597 1640//1598
f 1665//1625 1640//1598 1641//1599
f 1666//1626 1641//1599 1642//1600
f 1667//1627 1642//1600 1643//1601
f 1668//1628 1643//1601 1644//1602
f 1669//1629 1644//1602 1645//1603
f 1670//1630 1645//1603 1646//1604
f 1671//1631 1646//1604 1469//1632
f 1282//1633 1285//1606 1647//1607
f 1470//1633 1647//1607 1648//1608
f 1471//1633 1648//1608 1649//1609
f 1472//1633 1649//1609 1650//1610
f 1473//1633 1650//1610 1651//1611
f 1474//1633 1651//1611 1652//1612
f 1475//1633 1652//1612 1653//1613
f 1476//1633 1653//1613 1654//1614
f 1477//1633 1654//1614 1655//1615
f 1478//1633 1655//1615 1656//1616
f 1479//1633 1656//1616 1657//1617
f 1480//1633 1657//1617 1658//1618
f 1481//1633 1658//1618 1659//1619
f 1482//1633 1659//1619 1660//1620
f 1483//1633 1660//1620 1661//1621
f 1484//1633 1661//1621 1662//1622
f 1485//1633 1662//1622 1663//1623
f 1486//1633 1663//1623 1664//1624
f 1487//1633 1664//1624 1665//1625
f 1488//1633 1665//1625 1666//1626
f 1489//1633 1666//1626 1667//1627
f 1490//1633 1667//1627 1668//1628
f 1491//1633 1668//1628 1669//1629
f 1492//1633 1669//1629 1670//1630
f 1493//1633 1670//1630 1671//1631
f 1494//1633 1671//1631 1495//1634
f 1495//1634 1496//1633 1494//1633
f 1671//1631 1494//1633 1493//1633
f 1670//1630 1493//1633 1492//1633
f 1669//1629 1492//1633 1491//1633
f 1668//1628 1491//1633 1490//1633
f 1667//1627 1490//1633 1489//1633
f 1666//1626 1489//1633 1488//1633
f 1665//1625 1488//1633 1487//1633
f 1664//1624 1487//1633 1486//1633
f 1663//1623 1486//1633 1485//1633
f 1662//1622 1485//1633 1484//1633
f 1661//1621 1484//1633 1483//1633
f 1660//1620 1483//1633 1482//1633
f 1659//1619 1482//1633 1481//1633
f 1658//1618 1481//1633 1480//1633
f 1657//1617 1480//1633 1479//1633
f 1656//1616 1479//1633 1478//1633
f 1655//1615 1478//1633 1477//1633
f 1654//1614 1477//1633 1476//1633
f 1653//1613 1476//1633 1475//1633
f 1652//1612 1475//1633 1474//1633
f 1651//1611 1474//1633 1473//1633
f 1650//1610 1473//1633 1472//1633
f 1649//1609 1472//1633 1471//1633
f 1648//1608 1471//1633 1470//1633
f 1647//1607 1470//1633 1282//1633
f 1469//1632 1495//1634 1671//1631
f 1646//1604 1671//1631 1670//1630
f 1645//1603 1670//1630 1669//1629
f 1644//1602 1669//1629 1668//1628
f 1643//1601 1668//1628 1667//1627
f 1642//1600 1667//1627 1666//1626
f 1641//1599 1666//1626 1665//1625
f 1640//1598 1665//1625 1664//1624
f 1639//1597 1664//1624 1663//1623
f 1638//1596 1663//1623 1662//1622
f 1637//1595 1662//1622 1661//1621
f 1636//1594 1661//1621 1660//1620
f 1635//1593 1660//1620 1659//1619
f 1634//1592 1659//1619 1658//1618
f 1633//1591 1658//1618 1657//1617
f 1632//1590 1657//1617 1656//1616
f 1631//1589 1656//1616 1655//1615
f 1630//1588 1655//1615 1654//1614
f 1629//1587 1654//1614 1653//1613
f 1628//1586 1653//1613 1652//1612
f 1627//1585 1652//1612 1651//1611
f 1626//1584 1651//1611 1650//1610
f 1625//1583 1650//1610 1649//1609
f 1624//1582 1649//1609 1648//1608
f 1623//1581 1648//1608 1647//1607
f 1622//1580 1647//1607 1285//1606
f 1468//1605 1469//1632 1646//1604
f 1621//1577 1646//1604 1645//1603
f 1620//1576 1645//1603 1644//1602
f 1619//1575 1644//1602 1643//1601
f 1618//1574 1643//1601 1642//1600
f 1617//1573 1642//1600 1641//1599
f 1616//1572 1641//1599 1640//1598
f 1615//1571 1640//1598 1639//1597
f 1614//1570 1639//1597 1638//1596
f 1613//1569 1638//1596 1637//1595
f 1612//1568 1637//1595 1636//1594
f 1611//1567 1636//1594 1635//1593
f 1610//1566 1635//1593 1634//1592
f 1609//1565 1634//1592 1633//1591
f 1608//1564 1633//1591 1632//1590
f 1607//1563 1632//1590 1631//1589
f 1606//1562 1631//1589 1630//1588
f 1605//1561 1630//1588 1629//1587
f 1604//1560 1629//1587 1628//1586
f 1603//1559 1628//1586 1627//1585
f 1602//1558 1627//1585 1626//1584
f 1601//1557 1626//1584 1625//1583
f 1600//1556 1625//1583 1624//1582
f 1599//1555 1624//1582 1623//1581
f 1598//1554 1623//1581 1622//1580
f 1597//1553 1622//1580 1287//1579
f 1467//1578 1468//1605 1621//1577
f 1596//1550 1621//1577 1620//1576
f 1595//1549 1620//1576 1619//1575
f 1594//1548 1619//1575 1618//1574
f 1593//1547 1618//1574 1617//1573
f 1592//1546 1617//1573 1616//1572
f 1591//1545 1616//1572 1615//1571
f 1590//1544 1615//1571 1614//1570
f 1589//1543 1614//1570 1613//1569
f 1588//1542 1613//1569 1612//1568
f 1587//1541 1612//1568 1611//1567
f 1586//1540 1611//1567 1610//1566
f 1585//1539 1610//1566 1609//1565
f 1584//1538 1609//1565 1608//1564
f 1583//1537 1608//1564 1607//1563
f 1582//1536 1607//1563 1606//1562
f 1581//1535 1606//1562 1605//1561
f 1580//1534 1605//1561 1604//1560
f 1579//1533 1604//1560 1603//1559
f 1578//1532 1603//1559 1602//1558
f 1577//1531 1602//1558 1601//1557
f 1576//1530 1601//1557 1600//1556
f 1575//1529 1600//1556 1599//1555
f 1574//1528 1599//1555 1598//1554
f 1573//1527 1598//1554 1597//1553
f 1572//1526 1597//1553 1289//1552
f 1466//1551 1467//1578 1596//1550
f 1571//1523 1596//1550 1595//1549
f 1570//1522 1595//1549 1594//1548
f 1569//1521 1594//1548 1593//1547
f 1568//1520 1593//1547 1592//1546
f 1567//1519 1592//1546 1591//1545
f 1566//1518 1591//1545 1590//1544
f 1565//1517 1590//1544 1589//1543
f 1564//1516 1589//1543 1588//1542
f 1563//1515 1588//1542 1587//1541
f 1562//1514 1587//1541 1586//1540
f 1561//1513 1586//1540 1585//1539
f 1560//1512 1585//1539 1584//1538
f 1559//1511 1584//1538 1583//1537
f 1558//1510 1583//1537 1582//1536
f 1557//1509 1582//1536 1581//1535
f 1556//1508 1581//1535 1580//1534
f 1555//1507 1580//1534 1579//1533
f 1554//1506 1579//1533 1578//1532
f 1553//1505 1578//1532 1577//1531
f 1552//1504 1577//1531 1576//1530
f 1551//1503 1576//1530 1575//1529
f 1550//1502 1575//1529 1574//1528
f 1549//1501 1574//1528 1573//1527
f 1548//1500 1573//1527 1572//1526
f 1547//1499 1572//1526 1291//1525
f 1465//1524 1466//1551 1571//1523
f 1546//1496 1571//1523 1570//1522
f 1545//1495 1570//1522 1569//1521
f 1544//1494 1569//1521 1568//1520
f 1543//1493 1568//1520 1567//1519
f 1542//1492 1567//1519 1566//1518
f 1541//1491 1566//1518 1565//1517
f 1540//1490 1565//1517 1564//1516
f 1539//1489 1564//1516 1563//1515
f 1538//1488 1563//1515 1562//1514
f 1537//1487 1562//1514 1561//1513
f 1536//1486 1561//1513 1560//1512
f 1535//1485 1560//1512 1559//1511
f 1534//1484 1559//1511 1558//1510
f 1533//1483 1558//1510 1557//1509
f 1532//1482 1557//1509 1556//1508
f 1531//1481 1556//1508 1555//1507
f 1530//1480 1555//1507 1554//1506
f 1529//1479 1554//1506 1553//1505
f 1528//1478 1553//1505 1552//1504
f 1527//1477 1552//1504 1551//1503
f 1526//1476 1551//1503 1550//1502
f 1525//1475 1550//1502 1549//1501
f 1524//1474 1549//1501 1548//1500
f 1523//1473 1548//1500 1547//1499
f 1522//1472 1547//1499 1293//1498
f 1464//1497 1465//1524 1546//1496
f 1521//1469 1546//1496 1545//1495
f 1520//1467 1545//1495 1544//1494
f 1519//1465 1544//1494 1543//1493
f 1518//1463 1543//1493 1542//1492
f 1517//1461 1542//1492 1541//1491
f 1516//1459 1541//1491 1540//1490
f 1515//1457 1540//1490 1539//1489
f 1514//1455 1539//1489 1538//1488
f 1513//1453 1538//1488 1537//1487
f 1512//1451 1537//1487 1536//1486
f 1511//1449 1536//1486 1535//1485
f 1510//1447 1535//1485 1534//1484
f 1509//1445 1534//1484 1533//1483
f 1508//1443 1533//1483 1532//1482
f 1507//1441 1532//1482 1531//1481
f 1506//1439 1531//1481 1530//1480
f 1505//1437 1530//1480 1529//1479
f 1504//1435 1529//1479 1528//1478
f 1503//1433 1528//1478 1527//1477
f 1502//1431 1527//1477 1526//1476
f 1501//1429 1526//1476 1525//1475
f 1500//1427 1525//1475 1524//1474
f 1499//1425 1524//1474 1523//1473
f 1498//1423 1523//1473 1522//1472
f 1497//1421 1522//1472 1295//1471
f 966//1470 1464//1497 1521//1469
f 967//1468 1521//1469 1520//1467
f 968//1466 1520//1467 1519//1465
f 969//1464 1519//1465 1518//1463
f 970//1462 1518//1463 1517//1461
f 971//1460 1517//1461 1516//1459
f 972//1458 1516//1459 1515//1457
f 973//1456 1515//1457 1514//1455
f 974//1454 1514//1455 1513//1453
f 975//1452 1513//1453 1512//1451
f 976//1450 1512//1451 1511//1449
f 977//1448 1511//1449 1510//1447
f 978//1446 1510//1447 1509//1445
f 979//1444 1509//1445 1508//1443
f 980//1442 1508//1443 1507//1441
f 981//1440 1507//1441 1506//1439
f 982//1438 1506//1439 1505//1437
f 983//1436 1505//1437 1504//1435
f 984//1434 1504//1435 1503//1433
f 985//1432 1503//1433 1502//1431
f 986//1430 1502//1431 1501//1429
f 987//1428 1501//1429 1500//1427
f 988//1426 1500//1427 1499//1425
f 989//1424 1499//1425 1498//1423
f 990//1422 1498//1423 1497//1421
f 991//1420 1497//1421 1297//1418
f 966//1635 782//1635 958//1635
f 958//1635 1672//1635 966//1635
f 1673//1636 1496//1636 1495//1637
f 1674//1637 1495//1637 1469//1638
f 1675//1638 1469//1638 1468//1639
f 1676//1639 1468//1639 1467//1640
f 1677//1640 1467//1640 1466//1641
f 1678//1641 1466//1641 1465//1642
f 1679//1642 1465//1642 1464//1643
f 1680//1643 1464//1643 966//1644
f 966//1644 1672//1644 1680//1643
f 1464//1643 1680//1643 1679//1642
f 1465//1642 1679//1642 1678//1641
f 1466//1641 1678//1641 1677//1640
f 1467//1640 1677//1640 1676//1639
f 1468//1639 1676//1639 1675//1638
f 1469//1638 1675//1638 1674//1637
f 1495//1637 1674//1637 1673//1636
f 1681//1645 1682//1646 1683//1646
f 1682//1646 1684//1647 1685//1647
f 1684//1647 1686//1648 1687//1648
f 1686//1648 1672//1649 958//1649
f 958//1649 1687//1648 1686//1648
f 1687//1648 1685//1647 1684//1647
f 1685//1647 1683//1646 1682//1646
f 1683//1646 1688//1650 1681//1645
f 1689//1651 1690//1652 1691//1652
f 1700//1653 1691//1652 1692//1652
f 1701//1654 1692//1652 1693//1655
f 1702//1656 1693//1655 1673//1655
f 1694//1657 1689//1651 1700//1653
f 1703//1658 1700//1653 1701//1654
f 1704//1659 1701//1654 1702//1656
f 1705//1660 1702//1656 1674//1661
f 1695//1662 1694//1657 1703//1658
f 1706//1663 1703//1658 1704//1659
f 1707//1664 1704//1659 1705//1660
f 1708//1665 1705//1660 1675//1666
f 1696//1667 1695//1662 1706//1663
f 1709//1668 1706//1663 1707//1664
f 1710//1669 1707//1664 1708//1665
f 1711//1670 1708//1665 1676//1671
f 1697//1672 1696//1667 1709//1668
f 1712//1673 1709//1668 1710//1669
f 1713//1674 1710//1669 1711//1670
f 1714//1675 1711//1670 1677//1676
f 1698//1677 1697//1672 1712//1673
f 1715//1678 1712//1673 1713//1674
f 1716//1679 1713//1674 1714//1675
f 1717//1680 1714//1675 1678//1681
f 1699//1682 1698//1677 1715//1678
f 1718//1683 1715//1678 1716//1679
f 1719//1684 1716//1679 1717//1680
f 1720//1685 1717//1680 1679//1686
f 1681//1687 1699//1682 1718//1683
f 1682//1688 1718//1683 1719//1684
f 1684//1689 1719//1684 1720//1685
f 1686//1690 1720//1685 1680//1691
f 1680//1691 1672//1692 1686//1690
f 1720//1685 1686//1690 1684//1689
f 1719//1684 1684//1689 1682//1688
f 1718//1683 1682//1688 1681//1687
f 1679//1686 1680//1691 1720//1685
f 1717//1680 1720//1685 1719//1684
f 1716//1679 1719//1684 1718//1683
f 1715//1678 1718//1683 1699//1682
f 1678//1681 1679//1686 1717//1680
f 1714//1675 1717//1680 1716//1679
f 1713//1674 1716//1679 1715//1678
f 1712//1673 1715//1678 1698//1677
f 1677//1676 1678//1681 1714//1675
f 1711//1670 1714//1675 1713//1674
f 1710//1669 1713//1674 1712//1673
f 1709//1668 1712//1673 1697//1672
f 1676//1671 1677//1676 1711//1670
f 1708//1665 1711//1670 1710//1669
f 1707//1664 1710//1669 1709//1668
f 1706//1663 1709//1668 1696//1667
f 1675//1666 1676//1671 1708//1665
f 1705//1660 1708//1665 1707//1664
f 1704//1659 1707//1664 1706//1663
f 1703//1658 1706//1663 1695//1662
f 1674//1661 1675//1666 1705//1660
f 1702//1656 1705//1660 1704//1659
f 1701//1654 1704//1659 1703//1658
f 1700//1653 1703//1658 1694//1657
f 1673//1655 1674//1661 1702//1656
f 1693//1655 1702//1656 1701//1654
f 1692//1652 1701//1654 1700//1653
f 1691//1652 1700//1653 1689//1651
f 1689//1693 1721//1693 1722//1694
f 1722//1694 1690//1695 1689//1693
f 1689//1693 1723//1696 1724//1697
f 1694//1698 1725//1698 1723//1696
f 1723//1696 1689//1693 1694//1698
f 1695//1699 1726//1699 1727//1700
f 1727//1700 1694//1698 1695//1699
f 1696//1701 1728//1701 1729//1702
f 1729//1702 1695//1699 1696//1701
f 1696//1701 1730//1703 1731//1704
f 1697//1705 1732//1705 1730//1703
f 1730//1703 1696//1701 1697//1705
f 1698//1706 1733//1706 1734//1707
f 1734//1707 1697//1705 1698//1706
f 1699//1708 1735//1708 1736//1709
f 1736//1709 1698//1706 1699//1708
f 1681//1710 1737//1710 1738//1711
f 1738//1711 1699//1708 1681//1710
f 1738//1711 1739//1712 1699//1708
f 1739//1712 1735//1708 1699//1708
f 1736//1709 1733//1706 1698//1706
f 1734//1707 1732//1705 1697//1705
f 1731//1704 1728//1701 1696//1701
f 1729//1702 1726//1699 1695//1699
f 1727//1700 1725//1698 1694//1698
f 1724//1697 1721//1693 1689//1693
f 1722//1694 1740//1713 1690//1695
f 965//1714 661//1715 665//1716
f 1748//1717 665//1716 664//1718
f 1749//1719 664//1718 663//1720
f 1750//1721 663//1720 662//1722
f 964//1723 965//1714 1748//1717
f 1751//1724 1748//1717 1749//1719
f 1752//1725 1749//1719 1750//1721
f 1753//1726 1750//1721 1741//1727
f 963//1728 964//1723 1751//1724
f 1754//1729 1751//1724 1752//1725
f 1755//1730 1752//1725 1753//1726
f 1756//1731 1753//1726 1742//1732
f 962//1733 963//1728 1754//1729
f 1757//1734 1754//1729 1755//1730
f 1758//1735 1755//1730 1756//1731
f 1759//1736 1756//1731 1743//1737
f 961//1738 962//1733 1757//1734
f 1760//1739 1757//1734 1758//1735
f 1761//1740 1758//1735 1759//1736
f 1762//1741 1759//1736 1744//1742
f 960//1743 961//1738 1760//1739
f 1763//1744 1760//1739 1761//1740
f 1764//1745 1761//1740 1762//1741
f 1765//1746 1762//1741 1745//1747
f 959//1748 960//1743 1763//1744
f 1766//1749 1763//1744 1764//1745
f 1767//1750 1764//1745 1765//1746
f 1768//1751 1765//1746 1746//1752
f 958//1753 959//1748 1766//1749
f 1687//1754 1766//1749 1767//1750
f 1685//1755 1767//1750 1768//1751
f 1683//1756 1768//1751 1747//1757
f 1747//1757 1688//1758 1683//1756
f 1768//1751 1683//1756 1685//1755
f 1767//1750 1685//1755 1687//1754
f 1766//1749 1687//1754 958//1753
f 1746//1752 1747//1757 1768//1751
f 1765//1746 1768//1751 1767//1750
f 1764//1745 1767//1750 1766//1749
f 1763//1744 1766//1749 959//1748
f 1745//1747 1746//1752 1765//1746
f 1762//1741 1765//1746 1764//1745
f 1761//1740 1764//1745 1763//1744
f 1760//1739 1763//1744 960//1743
f 1744//1742 1745//1747 1762//1741
f 1759//1736 1762//1741 1761//1740
f 1758//1735 1761//1740 1760//1739
f 1757//1734 1760//1739 961//1738
f 1743//1737 1744//1742 1759//1736
f 1756//1731 1759//1736 1758//1735
f 1755//1730 1758//1735 1757//1734
f 1754//1729 1757//1734 962//1733
f 1742//1732 1743//1737 1756//1731
f 1753//1726 1756//1731 1755//1730
f 1752//1725 1755//1730 1754//1729
f 1751//1724 1754//1729 963//1728
f 1741//1727 1742//1732 1753//1726
f 1750//1721 1753//1726 1752//1725
f 1749//1719 1752//1725 1751//1724
f 1748//1717 1751//1724 964//1723
f 662//1722 1741//1727 1750//1721
f 663//1720 1750//1721 1749//1719
f 664//1718 1749//1719 1748//1717
f 665//1716 1748//1717 965//1714
f 563//1759 562//1759 1769//1759
f 562//1759 1022//1759 1769//1759
f 1769//1759 662//1759 563//1759
f 1049//1760 1792//1761 1793//1762
f 1793//1762 1050//1763 1049//1760
f 1048//1764 1793//1762 1794//1765
f 1794//1765 1046//1766 1048//1764
f 1794//1765 1793//1762 1795//1767
f 1796//1768 1795//1767 1797//1769
f 1798//1770 1797//1769 1799//1771
f 1800//1772 1021//1773 1020//1774
f 1020//1774 1801//1775 1800//1772
f 1041//1776 1794//1765 1802//1777
f 1802//1777 1042//1778 1041//1776
f 1802//1777 1794//1765 1796//1768
f 1803//1779 1796//1768 1798//1770
f 1804//1780 1798//1770 1805//1781
f 1806//1782 1805//1781 1807//1783
f 1808//1784 1807//1783 1809//1785
f 1810//1786 1809//1785 1811//1787
f 1812//1788 1811//1787 1813//1789
f 1814//1790 1813//1789 1815//1791
f 1816//1792 1815//1791 1817//1793
f 1818//1794 1817//1793 1819//1795
f 1820//1796 1819//1795 1821//1797
f 1822//1798 1821//1797 1823//1799
f 1824//1800 1823//1799 1801//1775
f 1825//1801 1801//1775 1018//1802
f 1801//1775 1019//1803 1018//1802
f 1040//1804 1802//1777 1826//1805
f 1826//1805 1037//1806 1040//1804
f 1826//1805 1802//1777 1803//1779
f 1827//1807 1803//1779 1804//1780
f 1828//1808 1804//1780 1806//1782
f 1829//1809 1806//1782 1808//1784
f 1830//1810 1808//1784 1810//1786
f 1831//1811 1810//1786 1812//1788
f 1832//1812 1812//1788 1814//1790
f 1833//1813 1814//1790 1816//1792
f 1834//1814 1816//1792 1818//1794
f 1835//1815 1818//1794 1820//1796
f 1836//1816 1820//1796 1822//1798
f 1837//1817 1822//1798 1824//1800
f 1838//1818 1824//1800 1825//1801
f 1839//1819 1825//1801 1017//1820
f 1825//1801 1016//1821 1017//1820
f 1035//1822 1826//1805 1840//1823
f 1840//1823 1036//1824 1035//1822
f 1840//1823 1826//1805 1827//1807
f 1841//1825 1827//1807 1828//1808
f 1842//1826 1828//1808 1829//1809
f 1843//1827 1829//1809 1830//1810
f 1844//1828 1830//1810 1831//1811
f 1845//1829 1831//1811 1832//1812
f 1846//1830 1832//1812 1833//1813
f 1847//1831 1833//1813 1834//1814
f 1848//1832 1834//1814 1835//1815
f 1849//1833 1835//1815 1836//1816
f 1850//1834 1836//1816 1837//1817
f 1851//1835 1837//1817 1838//1818
f 1852//1836 1838//1818 1839//1819
f 1853//1837 1839//1819 1015//1838
f 1839//1819 1014//1839 1015//1838
f 1030//1840 1840//1823 1854//1841
f 1854//1841 1029//1842 1030//1840
f 1854//1841 1840//1823 1841//1825
f 1855//1843 1841//1825 1842//1826
f 1856//1844 1842//1826 1843//1827
f 1857//1845 1843//1827 1844//1828
f 1858//1846 1844//1828 1845//1829
f 1859//1847 1845//1829 1846//1830
f 1860//1848 1846//1830 1847//1831
f 1861//1849 1847//1831 1848//1832
f 1862//1850 1848//1832 1849//1833
f 1863//1851 1849//1833 1850//1834
f 1864//1852 1850//1834 1851//1835
f 1865//1853 1851//1835 1852//1836
f 1866//1854 1852//1836 1853//1837
f 1867//1855 1853//1837 1013//1856
f 1853//1837 1012//1857 1013//1856
f 1026//1858 1854//1841 1868//1859
f 1868//1859 1027//1860 1026//1858
f 1868//1859 1854//1841 1855//1843
f 1869//1861 1855//1843 1856//1844
f 1870//1862 1856//1844 1857//1845
f 1871//1863 1857//1845 1858//1846
f 1872//1864 1858//1846 1859//1847
f 1873//1865 1859//1847 1860//1848
f 1874//1866 1860//1848 1861//1849
f 1875//1867 1861//1849 1862//1850
f 1876//1868 1862//1850 1863//1851
f 1877//1869 1863//1851 1864//1852
f 1878//1870 1864//1852 1865//1853
f 1879//1871 1865//1853 1866//1854
f 1880//1872 1866//1854 1867//1855
f 1881//1873 1867//1855 1010//1874
f 1867//1855 1011//1875 1010//1874
f 1868//1859 667//1876 1028//1877
f 1881//1873 1009//1878 1008//1879
f 1056//1880 1770//1881 1771//1882
f 1056//1880 1054//1883 1770//1881
f 1793//1762 1772//1884 1773//1885
f 1793//1762 1792//1761 1772//1884
f 1774//1886 1775//1887 1797//1769
f 1795//1767 1773//1885 1774//1886
f 1797//1769 1775//1887 1776//1888
f 1805//1781 1777//1889 1778//1890
f 1805//1781 1799//1771 1779//1891
f 1779//1891 1777//1889 1805//1781
f 1807//1783 1778//1890 1780//1892
f 1809//1785 1780//1892 1781//1893
f 1811//1787 1781//1893 1782//1894
f 1783//1895 1815//1791 1813//1789
f 1784//1896 1785//1897 1817//1793
f 1815//1791 1783//1895 1784//1896
f 1819//1795 1817//1793 1785//1897
f 1786//1898 1787//1899 1821//1797
f 1823//1799 1821//1797 1787//1899
f 1801//1775 1788//1900 1789//1901
f 1801//1775 1823//1799 1790//1902
f 1790//1902 1788//1900 1801//1775
f 1021//1773 1800//1772 1791//1903
f 1791//1903 1022//1904 1021//1773
f 1791//1903 1800//1772 1789//1901
f 1789//1901 1800//1772 1801//1775
f 1787//1899 1790//1902 1823//1799
f 1821//1797 1819//1795 1786//1898
f 1785//1897 1786//1898 1819//1795
f 1817//1793 1815//1791 1784//1896
f 1813//1789 1782//1894 1783//1895
f 1782//1894 1813//1789 1811//1787
f 1781//1893 1811//1787 1809//1785
f 1780//1892 1809//1785 1807//1783
f 1778//1890 1807//1783 1805//1781
f 1779//1891 1799//1771 1776//1888
f 1776//1888 1799//1771 1797//1769
f 1797//1769 1795//1767 1774//1886
f 1773//1885 1795//1767 1793//1762
f 1772//1884 1792//1761 1771//1882
f 1771//1882 1792//1761 1056//1880
f 1008//1879 667//1905 1881//1873
f 667//1905 1880//1872 1881//1873
f 667//1905 1879//1871 1880//1872
f 667//1905 1878//1870 1879//1871
f 667//1905 1877//1869 1878//1870
f 667//1905 1876//1868 1877//1869
f 667//1905 1875//1867 1876//1868
f 667//1905 1874//1866 1875//1867
f 667//1905 1873//1865 1874//1866
f 667//1905 1872//1864 1873//1865
f 667//1905 1871//1863 1872//1864
f 667//1905 1870//1862 1871//1863
f 667//1905 1869//1861 1870//1862
f 667//1905 1868//1859 1869//1861
f 1028//1877 1027//1860 1868//1859
f 1010//1874 1009//1878 1881//1873
f 1867//1855 1881//1873 1880//1872
f 1866//1854 1880//1872 1879//1871
f 1865//1853 1879//1871 1878//1870
f 1864//1852 1878//1870 1877//1869
f 1863//1851 1877//1869 1876//1868
f 1862//1850 1876//1868 1875//1867
f 1861//1849 1875//1867 1874//1866
f 1860//1848 1874//1866 1873//1865
f 1859//1847 1873//1865 1872//1864
f 1858//1846 1872//1864 1871//1863
f 1857//1845 1871//1863 1870//1862
f 1856//1844 1870//1862 1869//1861
f 1855//1843 1869//1861 1868//1859
f 1026//1858 1029//1842 1854//1841
f 1013//1856 1011//1875 1867//1855
f 1853//1837 1867//1855 1866//1854
f 1852//1836 1866//1854 1865//1853
f 1851//1835 1865//1853 1864//1852
f 1850//1834 1864//1852 1863//1851
f 1849//1833 1863//1851 1862//1850
f 1848//1832 1862//1850 1861//1849
f 1847//1831 1861//1849 1860//1848
f 1846//1830 1860//1848 1859//1847
f 1845//1829 1859//1847 1858//1846
f 1844//1828 1858//1846 1857//1845
f 1843//1827 1857//1845 1856//1844
f 1842//1826 1856//1844 1855//1843
f 1841//1825 1855//1843 1854//1841
f 1030//1840 1036//1824 1840//1823
f 1015//1838 1012//1857 1853//1837
f 1839//1819 1853//1837 1852//1836
f 1838//1818 1852//1836 1851//1835
f 1837//1817 1851//1835 1850//1834
f 1836//1816 1850//1834 1849//1833
f 1835//1815 1849//1833 1848//1832
f 1834//1814 1848//1832 1847//1831
f 1833//1813 1847//1831 1846//1830
f 1832//1812 1846//1830 1845//1829
f 1831//1811 1845//1829 1844//1828
f 1830//1810 1844//1828 1843//1827
f 1829//1809 1843//1827 1842//1826
f 1828//1808 1842//1826 1841//1825
f 1827//1807 1841//1825 1840//1823
f 1035//1822 1037//1806 1826//1805
f 1017//1820 1014//1839 1839//1819
f 1825//1801 1839//1819 1838//1818
f 1824//1800 1838//1818 1837//1817
f 1822//1798 1837//1817 1836//1816
f 1820//1796 1836//1816 1835//1815
f 1818//1794 1835//1815 1834//1814
f 1816//1792 1834//1814 1833//1813
f 1814//1790 1833//1813 1832//1812
f 1812//1788 1832//1812 1831//1811
f 1810//1786 1831//1811 1830//1810
f 1808//1784 1830//1810 1829//1809
f 1806//1782 1829//1809 1828//1808
f 1804//1780 1828//1808 1827//1807
f 1803//1779 1827//1807 1826//1805
f 1040//1804 1042//1778 1802//1777
f 1018//1802 1016//1821 1825//1801
f 1801//1775 1825//1801 1824//1800
f 1823//1799 1824//1800 1822//1798
f 1821//1797 1822//1798 1820//1796
f 1819//1795 1820//1796 1818//1794
f 1817//1793 1818//1794 1816//1792
f 1815//1791 1816//1792 1814//1790
f 1813//1789 1814//1790 1812//1788
f 1811//1787 1812//1788 1810//1786
f 1809//1785 1810//1786 1808//1784
f 1807//1783 1808//1784 1806//1782
f 1805//1781 1806//1782 1804//1780
f 1798//1770 1804//1780 1803//1779
f 1796//1768 1803//1779 1802//1777
f 1041//1776 1046//1766 1794//1765
f 1020//1774 1019//1803 1801//1775
f 1799//1771 1805//1781 1798//1770
f 1797//1769 1798//1770 1796//1768
f 1795//1767 1796//1768 1794//1765
f 1048//1764 1050//1763 1793//1762
f 1049//1760 1056//1880 1792//1761
f 1688//1906 1882//1906 1737//1906
f 1737//1906 1681//1906 1688//1906
f 1882//1906 1688//1906 1747//1907
f 1746//1908 1883//1909 1884//1910
f 1884//1910 1747//1907 1746//1908
f 1745//1911 1885//1912 1886//1913
f 1886//1913 1746//1908 1745//1911
f 1744//1914 1887//1915 1888//1916
f 1888//1916 1745//1911 1744//1914
f 1743//1917 1889//1918 1890//1919
f 1890//1919 1744//1914 1743//1917
f 1742//1920 1891//1921 1892//1922
f 1892//1922 1743//1917 1742//1920
f 1741//1923 1893//1924 1894//1925
f 1894//1925 1742//1920 1741//1923
f 662//1926 1769//1926 1895//1927
f 1895//1927 1741//1923 662//1926
f 1895//1927 1893//1924 1741//1923
f 1894//1925 1891//1921 1742//1920
f 1892//1922 1889//1918 1743//1917
f 1890//1919 1887//1915 1744//1914
f 1888//1916 1885//1912 1745//1911
f 1886//1913 1883//1909 1746//1908
f 1884//1910 1896//1928 1747//1907
f 1747//1907 1896//1928 1882//1906
f 1897//1929 1898//1930 1899//1931
f 1899//1931 1900//1932 1897//1929
f 1897//1929 1901//1933 1898//1930
f 1902//1934 1903//1935 1904//1936
f 1904//1936 1901//1933 1902//1934
f 1904//1936 1898//1930 1901//1933
f 1905//1937 1906//1938 1907//1939
f 1907//1939 1908//1940 1905//1937
f 1907//1939 1903//1935 1908//1940
f 1909//1941 1910//1942 1911//1943
f 1911//1943 1912//1944 1909//1941
f 1909//1941 1913//1945 1910//1942
f 1914//1946 1913//1945 1915//1947
f 1915//1947 1882//1948 1914//1946
f 1914//1946 1910//1942 1913//1945
f 1915//1947 1737//1948 1882//1948
f 1911//1943 1906//1938 1912//1944
f 1905//1937 1912//1944 1906//1938
f 1902//1934 1908//1940 1903//1935
f 1899//1931 1916//1949 1900//1932
f 1917//1950 1791//1951 1789//1952
f 1769//1953 1022//1953 1791//1951
f 1791//1951 1917//1950 1769//1953
f 1788//1954 1790//1955 1918//1956
f 1918//1956 1919//1957 1788//1954
f 1920//1958 1918//1956 1790//1955
f 1790//1955 1787//1958 1920//1958
f 1787//1958 1921//1959 1922//1960
f 1786//1961 1923//1962 1921//1959
f 1921//1959 1787//1958 1786//1961
f 1786//1961 1785//1962 1923//1962
f 1785//1962 1924//1963 1925//1964
f 1784//1965 1926//1965 1927//1966
f 1927//1966 1785//1962 1784//1965
f 1927//1966 1924//1963 1785//1962
f 1926//1965 1784//1965 1783//1967
f 1782//1968 1928//1969 1929//1970
f 1929//1970 1783//1967 1782//1968
f 1782//1968 1930//1971 1931//1972
f 1931//1972 1928//1969 1782//1968
f 1780//1973 1932//1973 1933//1974
f 1930//1971 1782//1968 1781//1975
f 1781//1975 1933//1974 1930//1971
f 1780//1973 1778//1976 1934//1977
f 1935//1978 1936//1979 1778//1976
f 1778//1976 1777//1978 1935//1978
f 1936//1979 1934//1977 1778//1976
f 1937//1980 1779//1981 1776//1982
f 1935//1978 1777//1978 1779//1981
f 1779//1981 1938//1983 1939//1984
f 1779//1981 1937//1980 1938//1983
f 1779//1981 1939//1984 1935//1978
f 1774//1985 1940//1986 1941//1987
f 1941//1987 1775//1988 1774//1985
f 1774//1985 1942//1989 1940//1986
f 1773//1990 1943//1991 1944//1992
f 1944//1992 1774//1985 1773//1990
f 1944//1992 1942//1989 1774//1985
f 1772//1993 1771//1994 1945//1995
f 1946//1996 1945//1995 1771//1994
f 1771//1994 1770//1996 1946//1996
f 1945//1995 1943//1991 1772//1993
f 1770//1996 1054//1997 1947//1998
f 1054//1997 1916//1997 1947//1998
f 1947//1998 1948//1999 1770//1996
f 1948//1999 1946//1996 1770//1996
f 1773//1990 1772//1993 1943//1991
f 1941//1987 1937//1980 1775//1988
f 1776//1982 1775//1988 1937//1980
f 1934//1977 1932//1973 1780//1973
f 1933//1974 1781//1975 1780//1973
f 1783//1967 1929//1970 1926//1965
f 1925//1964 1923//1962 1785//1962
f 1922//1960 1920//1958 1787//1958
f 1919//1957 1917//1950 1788//1954
f 1789//1952 1788//1954 1917//1950
f 1891//2000 1949//2001 1950//2002
f 1950//2002 1892//2003 1891//2000
f 1889//2004 1950//2002 1951//2005
f 1951//2005 1890//2006 1889//2004
f 1951//2005 1950//2002 1952//2007
f 1953//2008 1952//2007 1954//2009
f 1887//2010 1951//2005 1955//2011
f 1955//2011 1888//2012 1887//2010
f 1955//2011 1951//2005 1953//2008
f 1956//2013 1953//2008 1957//2014
f 1958//2015 1957//2014 1959//2016
f 1960//2017 1959//2016 1961//2018
f 1943//2019 1962//2020 1963//2021
f 1963//2021 1962//2020 1964//2022
f 1964//2022 1904//2023 1903//2024
f 1903//2024 1965//2025 1964//2022
f 1885//2026 1955//2011 1966//2027
f 1966//2027 1886//2028 1885//2026
f 1966//2027 1955//2011 1956//2013
f 1967//2029 1956//2013 1958//2015
f 1968//2030 1958//2015 1960//2017
f 1969//2031 1960//2017 1970//2032
f 1971//2033 1970//2032 1972//2034
f 1973//2035 1972//2034 1974//2036
f 1975//2037 1974//2036 1976//2038
f 1977//2039 1976//2038 1978//2040
f 1979//2041 1978//2040 1980//2042
f 1981//2043 1980//2042 1982//2044
f 1983//2045 1982//2044 1984//2046
f 1985//2047 1984//2046 1986//2048
f 1987//2049 1986//2048 1988//2050
f 1989//2051 1988//2050 1990//2052
f 1991//2053 1990//2052 1992//2054
f 1993//2055 1992//2054 1994//2056
f 1995//2057 1994//2056 1996//2058
f 1997//2059 1996//2058 1963//2021
f 1998//2060 1963//2021 1965//2025
f 1965//2025 1907//2061 1906//2062
f 1906//2062 1999//2063 1965//2025
f 1883//2064 1966//2027 2000//2065
f 2000//2065 1884//2066 1883//2064
f 2000//2065 1966//2027 1967//2029
f 2001//2067 1967//2029 1968//2030
f 2002//2068 1968//2030 1969//2031
f 2003//2069 1969//2031 1971//2033
f 2004//2070 1971//2033 1973//2035
f 2005//2071 1973//2035 1975//2037
f 2006//2072 1975//2037 1977//2039
f 2007//2073 1977//2039 1979//2041
f 2008//2074 1979//2041 1981//2043
f 2009//2075 1981//2043 1983//2045
f 2010//2076 1983//2045 1985//2047
f 2011//2077 1985//2047 1987//2049
f 2012//2078 1987//2049 1989//2051
f 2013//2079 1989//2051 1991//2053
f 2014//2080 1991//2053 1993//2055
f 2015//2081 1993//2055 1995//2057
f 2016//2082 1995//2057 1997//2059
f 2017//2083 1997//2059 1998//2060
f 2018//2084 1998//2060 1999//2063
f 1999//2063 1911//2085 1910//2086
f 1910//2086 2019//2087 1999//2063
f 2000//2065 1882//2088 1896//2089
f 1895//2090 1769//2091 1917//2092
f 1894//2093 1893//2094 1918//2095
f 1893//2094 1919//2096 1918//2095
f 1918//2095 1949//2001 1894//2093
f 1949//2001 1918//2095 1920//2097
f 1950//2002 1949//2001 1921//2098
f 1949//2001 1922//2099 1921//2098
f 1952//2007 1923//2100 1925//2101
f 1952//2007 1921//2098 1923//2100
f 1957//2014 1924//2102 1927//2103
f 1957//2014 1954//2009 1924//2102
f 1959//2016 1926//2104 1929//2105
f 1959//2016 1927//2103 1926//2104
f 1970//2032 1928//2106 1931//2107
f 1970//2032 1961//2018 1928//2106
f 1972//2034 1931//2107 1930//2108
f 1933//2109 1976//2038 1974//2036
f 1976//2038 1933//2109 1932//2110
f 1934//2111 1980//2042 1978//2040
f 1980//2042 1934//2111 1936//2112
f 1982//2044 1936//2112 1935//2113
f 1939//2114 1986//2048 1984//2046
f 1988//2050 1986//2048 1939//2114
f 1990//2052 1988//2050 1938//2115
f 1992//2054 1990//2052 1937//2116
f 1994//2056 1992//2054 1941//2117
f 1996//2058 1994//2056 1940//2118
f 1940//2118 1942//2119 1996//2058
f 1942//2119 1944//2120 1996//2058
f 1964//2022 1962//2020 1945//2121
f 1945//2121 1946//2122 1964//2022
f 1898//2123 1948//2124 1947//2125
f 1898//2123 1964//2022 1948//2124
f 1947//2125 1899//2126 1898//2123
f 1916//2127 1899//2126 1947//2125
f 1898//2123 1904//2023 1964//2022
f 1946//2122 1948//2124 1964//2022
f 1945//2121 1962//2020 1943//2019
f 1944//2120 1943//2019 1996//2058
f 1941//2117 1940//2118 1994//2056
f 1937//2116 1941//2117 1992//2054
f 1938//2115 1937//2116 1990//2052
f 1939//2114 1938//2115 1988//2050
f 1984//2046 1935//2113 1939//2114
f 1935//2113 1984//2046 1982//2044
f 1936//2112 1982//2044 1980//2042
f 1978//2040 1932//2110 1934//2111
f 1932//2110 1978//2040 1976//2038
f 1974//2036 1930//2108 1933//2109
f 1930//2108 1974//2036 1972//2034
f 1931//2107 1972//2034 1970//2032
f 1928//2106 1961//2018 1929//2105
f 1929//2105 1961//2018 1959//2016
f 1927//2103 1959//2016 1957//2014
f 1924//2102 1954//2009 1925//2101
f 1925//2101 1954//2009 1952//2007
f 1921//2098 1952//2007 1950//2002
f 1920//2097 1922//2099 1949//2001
f 1893//2094 1895//2090 1919//2096
f 1917//2092 1919//2096 1895//2090
f 1882//2128 2019//2087 1914//2129
f 1882//2128 2018//2084 2019//2087
f 1882//2128 2017//2083 2018//2084
f 1882//2128 2016//2082 2017//2083
f 1882//2128 2015//2081 2016//2082
f 1882//2128 2014//2080 2015//2081
f 1882//2128 2013//2079 2014//2080
f 1882//2128 2012//2078 2013//2079
f 1882//2128 2011//2077 2012//2078
f 1882//2128 2010//2076 2011//2077
f 1882//2128 2009//2075 2010//2076
f 1882//2128 2008//2074 2009//2075
f 1882//2128 2007//2073 2008//2074
f 1882//2128 2006//2072 2007//2073
f 1882//2128 2005//2071 2006//2072
f 1882//2128 2004//2070 2005//2071
f 1882//2128 2003//2069 2004//2070
f 1882//2128 2002//2068 2003//2069
f 1882//2128 2001//2067 2002//2068
f 1882//2128 2000//2065 2001//2067
f 1896//2089 1884//2066 2000//2065
f 1910//2086 1914//2129 2019//2087
f 1999//2063 2019//2087 2018//2084
f 1998//2060 2018//2084 2017//2083
f 1997//2059 2017//2083 2016//2082
f 1995//2057 2016//2082 2015//2081
f 1993//2055 2015//2081 2014//2080
f 1991//2053 2014//2080 2013//2079
f 1989//2051 2013//2079 2012//2078
f 1987//2049 2012//2078 2011//2077
f 1985//2047 2011//2077 2010//2076
f 1983//2045 2010//2076 2009//2075
f 1981//2043 2009//2075 2008//2074
f 1979//2041 2008//2074 2007//2073
f 1977//2039 2007//2073 2006//2072
f 1975//2037 2006//2072 2005//2071
f 1973//2035 2005//2071 2004//2070
f 1971//2033 2004//2070 2003//2069
f 1969//2031 2003//2069 2002//2068
f 1968//2030 2002//2068 2001//2067
f 1967//2029 2001//2067 2000//2065
f 1883//2064 1886//2028 1966//2027
f 1906//2062 1911//2085 1999//2063
f 1965//2025 1999//2063 1998//2060
f 1963//2021 1998//2060 1997//2059
f 1996//2058 1997//2059 1995//2057
f 1994//2056 1995//2057 1993//2055
f 1992//2054 1993//2055 1991//2053
f 1990//2052 1991//2053 1989//2051
f 1988//2050 1989//2051 1987//2049
f 1986//2048 1987//2049 1985//2047
f 1984//2046 1985//2047 1983//2045
f 1982//2044 1983//2045 1981//2043
f 1980//2042 1981//2043 1979//2041
f 1978//2040 1979//2041 1977//2039
f 1976//2038 1977//2039 1975//2037
f 1974//2036 1975//2037 1973//2035
f 1972//2034 1973//2035 1971//2033
f 1970//2032 1971//2033 1969//2031
f 1960//2017 1969//2031 1968//2030
f 1958//2015 1968//2030 1967//2029
f 1956//2013 1967//2029 1966//2027
f 1885//2026 1888//2012 1955//2011
f 1903//2024 1907//2061 1965//2025
f 1964//2022 1965//2025 1963//2021
f 1963//2021 1996//2058 1943//2019
f 1961//2018 1970//2032 1960//2017
f 1959//2016 1960//2017 1958//2015
f 1957//2014 1958//2015 1956//2013
f 1953//2008 1956//2013 1955//2011
f 1887//2010 1890//2006 1951//2005
f 1954//2009 1957//2014 1953//2008
f 1952//2007 1953//2008 1951//2005
f 1889//2004 1892//2003 1950//2002
f 1891//2000 1894//2093 1949//2001
f 2030//2130 2031//2131 2032//2132
f 2020//2133 2021//2134 2033//2135
f 2032//2132 2022//2136 2020//2133
f 2034//2137 2035//2138 1459//2139
f 2035//2138 1460//2140 1459//2139
f 2035//2138 2034//2137 2036//2141
f 2037//2142 2036//2141 2038//2143
f 2039//2144 2038//2143 2040//2145
f 2041//2146 2040//2145 2042//2147
f 2043//2148 2042//2147 2044//2149
f 2045//2150 2044//2149 2046//2151
f 2047//2152 2046//2151 2048//2153
f 2049//2154 2048//2153 2050//2155
f 2051//2156 2050//2155 2052//2157
f 2053//2158 2052//2157 2054//2159
f 2055//2160 2054//2159 2056//2161
f 2057//2162 2056//2161 2030//2130
f 2058//2163 2030//2130 2033//2135
f 2023//2164 2024//2165 2059//2166
f 2033//2135 2021//2134 2023//2164
f 2035//2138 2060//2167 1457//2168
f 2060//2167 1458//2169 1457//2168
f 2060//2167 2035//2138 2037//2142
f 2061//2170 2037//2142 2039//2144
f 2062//2171 2039//2144 2041//2146
f 2063//2172 2041//2146 2043//2148
f 2064//2173 2043//2148 2045//2150
f 2065//2174 2045//2150 2047//2152
f 2066//2175 2047//2152 2049//2154
f 2067//2176 2049//2154 2051//2156
f 2068//2177 2051//2156 2053//2158
f 2069//2178 2053//2158 2055//2160
f 2070//2179 2055//2160 2057//2162
f 2071//2180 2057//2162 2058//2163
f 2072//2181 2058//2163 2059//2166
f 2025//2182 2026//2183 2073//2184
f 2059//2166 2024//2165 2025//2182
f 2060//2167 2074//2185 1454//2186
f 2074//2185 1455//2187 1454//2186
f 2074//2185 2060//2167 2061//2170
f 2075//2188 2061//2170 2062//2171
f 2076//2189 2062//2171 2063//2172
f 2077//2190 2063//2172 2064//2173
f 2078//2191 2064//2173 2065//2174
f 2079//2192 2065//2174 2066//2175
f 2080//2193 2066//2175 2067//2176
f 2081//2194 2067//2176 2068//2177
f 2082//2195 2068//2177 2069//2178
f 2083//2196 2069//2178 2070//2179
f 2084//2197 2070//2179 2071//2180
f 2085//2198 2071//2180 2072//2181
f 2086//2199 2072//2181 2073//2184
f 2027//2200 2028//2201 2087//2202
f 2073//2184 2026//2183 2027//2200
f 2087//2202 2028//2201 2029//2203
f 1461//2204 1452//2205 1451//2206
f 1461//2204 1463//2207 1452//2205
f 2034//2137 1462//2208 1461//2204
f 2034//2137 1451//2206 1453//2209
f 2036//2141 1453//2209 1450//2210
f 2038//2143 1450//2210 1449//2211
f 1448//2212 2042//2147 2040//2145
f 2042//2147 1448//2212 1447//2213
f 1446//2214 2046//2151 2044//2149
f 1446//2214 1445//2215 2048//2153
f 2050//2155 2048//2153 1445//2215
f 1444//2216 1443//2217 2052//2157
f 2054//2159 2052//2157 1443//2217
f 2056//2161 2054//2159 1441//2218
f 2030//2130 1442//2219 1438//2220
f 2030//2130 2056//2161 1440//2221
f 1440//2221 1442//2219 2030//2130
f 2032//2132 2031//2131 1437//2222
f 1437//2222 1439//2223 2032//2132
f 2022//2136 2032//2132 1436//2224
f 1436//2224 1435//2225 2022//2136
f 1439//2223 1436//2224 2032//2132
f 1437//2222 2031//2131 1438//2220
f 1438//2220 2031//2131 2030//2130
f 1441//2218 1440//2221 2056//2161
f 1443//2217 1441//2218 2054//2159
f 2052//2157 2050//2155 1444//2216
f 1445//2215 1444//2216 2050//2155
f 2048//2153 2046//2151 1446//2214
f 2044//2149 1447//2213 1446//2214
f 1447//2213 2044//2149 2042//2147
f 2040//2145 1449//2211 1448//2212
f 1449//2211 2040//2145 2038//2143
f 1450//2210 2038//2143 2036//2141
f 1453//2209 2036//2141 2034//2137
f 1451//2206 2034//2137 1461//2204
f 1452//2205 1463//2207 1354//2226
f 2029//2203 1456//2227 2087//2202
f 1456//2227 2086//2199 2087//2202
f 1456//2227 2085//2198 2086//2199
f 1456//2227 2084//2197 2085//2198
f 1456//2227 2083//2196 2084//2197
f 1456//2227 2082//2195 2083//2196
f 1456//2227 2081//2194 2082//2195
f 1456//2227 2080//2193 2081//2194
f 1456//2227 2079//2192 2080//2193
f 1456//2227 2078//2191 2079//2192
f 1456//2227 2077//2190 2078//2191
f 1456//2227 2076//2189 2077//2190
f 1456//2227 2075//2188 2076//2189
f 1456//2227 2074//2185 2075//2188
f 1456//2227 1455//2187 2074//2185
f 2087//2202 2073//2184 2027//2200
f 2073//2184 2087//2202 2086//2199
f 2072//2181 2086//2199 2085//2198
f 2071//2180 2085//2198 2084//2197
f 2070//2179 2084//2197 2083//2196
f 2069//2178 2083//2196 2082//2195
f 2068//2177 2082//2195 2081//2194
f 2067//2176 2081//2194 2080//2193
f 2066//2175 2080//2193 2079//2192
f 2065//2174 2079//2192 2078//2191
f 2064//2173 2078//2191 2077//2190
f 2063//2172 2077//2190 2076//2189
f 2062//2171 2076//2189 2075//2188
f 2061//2170 2075//2188 2074//2185
f 1454//2186 1458//2169 2060//2167
f 2073//2184 2059//2166 2025//2182
f 2059//2166 2073//2184 2072//2181
f 2058//2163 2072//2181 2071//2180
f 2057//2162 2071//2180 2070//2179
f 2055//2160 2070//2179 2069//2178
f 2053//2158 2069//2178 2068//2177
f 2051//2156 2068//2177 2067//2176
f 2049//2154 2067//2176 2066//2175
f 2047//2152 2066//2175 2065//2174
f 2045//2150 2065//2174 2064//2173
f 2043//2148 2064//2173 2063//2172
f 2041//2146 2063//2172 2062//2171
f 2039//2144 2062//2171 2061//2170
f 2037//2142 2061//2170 2060//2167
f 1457//2168 1460//2140 2035//2138
f 2059//2166 2033//2135 2023//2164
f 2033//2135 2059//2166 2058//2163
f 2030//2130 2058//2163 2057//2162
f 2056//2161 2057//2162 2055//2160
f 2054//2159 2055//2160 2053//2158
f 2052//2157 2053//2158 2051//2156
f 2050//2155 2051//2156 2049//2154
f 2048//2153 2049//2154 2047//2152
f 2046//2151 2047//2152 2045//2150
f 2044//2149 2045//2150 2043//2148
f 2042//2147 2043//2148 2041//2146
f 2040//2145 2041//2146 2039//2144
f 2038//2143 2039//2144 2037//2142
f 2036//2141 2037//2142 2035//2138
f 1459//2139 1462//2208 2034//2137
f 2033//2135 2032//2132 2020//2133
f 2032//2132 2033//2135 2030//2130
f 2088//2227 1456//2227 2029//2228
f 2029//2228 2028//2229 2089//2229
f 2090//2230 2089//2229 2028//2229
f 2028//2229 2027//2230 2090//2230
f 2027//2230 2026//2231 2091//2231
f 2092//2232 2091//2231 2026//2231
f 2026//2231 2025//2232 2092//2232
f 2093//2233 2024//2233 2023//2234
f 2092//2232 2025//2232 2024//2233
f 2024//2233 2093//2233 2092//2232
f 2094//2235 2095//2236 2021//2236
f 2021//2236 2095//2236 2096//2237
f 2096//2237 2023//2234 2021//2236
f 1435//2238 2097//2238 2098//2239
f 2094//2235 2020//2240 2022//2239
f 2022//2239 2098//2239 2094//2235
f 2098//2239 2022//2239 1435//2238
f 2021//2236 2020//2240 2094//2235
f 2023//2234 2096//2237 2093//2233
f 2091//2231 2090//2230 2027//2230
f 2089//2229 2099//2241 2029//2228
f 2029//2228 2099//2241 2088//2227
f 729//2242 2122//2243 2123//2244
f 2123//2244 727//2245 729//2242
f 723//2246 2123//2244 2124//2247
f 2124//2247 724//2248 723//2246
f 2124//2247 2123//2244 2125//2249
f 2126//2250 2125//2249 2127//2251
f 2128//2252 2127//2251 2129//2253
f 2130//2254 698//2255 697//2256
f 697//2256 2131//2257 2130//2254
f 720//2258 2124//2247 2132//2259
f 2132//2259 721//2260 720//2258
f 2132//2259 2124//2247 2126//2250
f 2133//2261 2126//2250 2128//2252
f 2134//2262 2128//2252 2135//2263
f 2136//2264 2135//2263 2137//2265
f 2138//2266 2137//2265 2139//2267
f 2140//2268 2139//2267 2141//2269
f 2142//2270 2141//2269 2143//2271
f 2144//2272 2143//2271 2145//2273
f 2146//2274 2145//2273 2147//2275
f 2148//2276 2147//2275 2149//2277
f 2150//2278 2149//2277 2151//2279
f 2152//2280 2151//2279 2153//2281
f 2154//2282 2153//2281 2131//2257
f 2155//2283 2131//2257 695//2284
f 2131//2257 696//2285 695//2284
f 716//2286 2132//2259 2156//2287
f 2156//2287 717//2288 716//2286
f 2156//2287 2132//2259 2133//2261
f 2157//2289 2133//2261 2134//2262
f 2158//2290 2134//2262 2136//2264
f 2159//2291 2136//2264 2138//2266
f 2160//2292 2138//2266 2140//2268
f 2161//2293 2140//2268 2142//2270
f 2162//2294 2142//2270 2144//2272
f 2163//2295 2144//2272 2146//2274
f 2164//2296 2146//2274 2148//2276
f 2165//2297 2148//2276 2150//2278
f 2166//2298 2150//2278 2152//2280
f 2167//2299 2152//2280 2154//2282
f 2168//2300 2154//2282 2155//2283
f 2169//2301 2155//2283 694//2302
f 2155//2283 693//2303 694//2302
f 713//2304 2156//2287 2170//2305
f 2170//2305 711//2306 713//2304
f 2170//2305 2156//2287 2157//2289
f 2171//2307 2157//2289 2158//2290
f 2172//2308 2158//2290 2159//2291
f 2173//2309 2159//2291 2160//2292
f 2174//2310 2160//2292 2161//2293
f 2175//2311 2161//2293 2162//2294
f 2176//2312 2162//2294 2163//2295
f 2177//2313 2163//2295 2164//2296
f 2178//2314 2164//2296 2165//2297
f 2179//2315 2165//2297 2166//2298
f 2180//2316 2166//2298 2167//2299
f 2181//2317 2167//2299 2168//2300
f 2182//2318 2168//2300 2169//2301
f 2183//2319 2169//2301 692//2320
f 2169//2301 691//2321 692//2320
f 707//2322 2170//2305 2184//2323
f 2184//2323 708//2324 707//2322
f 2184//2323 2170//2305 2171//2307
f 2185//2325 2171//2307 2172//2308
f 2186//2326 2172//2308 2173//2309
f 2187//2327 2173//2309 2174//2310
f 2188//2328 2174//2310 2175//2311
f 2189//2329 2175//2311 2176//2312
f 2190//2330 2176//2312 2177//2313
f 2191//2331 2177//2313 2178//2314
f 2192//2332 2178//2314 2179//2315
f 2193//2333 2179//2315 2180//2316
f 2194//2334 2180//2316 2181//2317
f 2195//2335 2181//2317 2182//2318
f 2196//2336 2182//2318 2183//2319
f 2197//2337 2183//2319 690//2338
f 2183//2319 689//2339 690//2338
f 702//2340 2184//2323 2198//2341
f 2198//2341 703//2342 702//2340
f 2198//2341 2184//2323 2185//2325
f 2199//2343 2185//2325 2186//2326
f 2200//2344 2186//2326 2187//2327
f 2201//2345 2187//2327 2188//2328
f 2202//2346 2188//2328 2189//2329
f 2203//2347 2189//2329 2190//2330
f 2204//2348 2190//2330 2191//2331
f 2205//2349 2191//2331 2192//2332
f 2206//2350 2192//2332 2193//2333
f 2207//2351 2193//2333 2194//2334
f 2208//2352 2194//2334 2195//2335
f 2209//2353 2195//2335 2196//2336
f 2210//2354 2196//2336 2197//2337
f 2211//2355 2197//2337 687//2356
f 2197//2337 688//2357 687//2356
f 2198//2341 669//2358 705//2359
f 2211//2355 686//2360 685//2361
f 731//2362 2100//2363 2101//2364
f 731//2362 730//2365 2100//2363
f 2123//2244 2102//2366 2103//2367
f 2123//2244 2122//2243 2102//2366
f 2104//2368 2105//2369 2127//2251
f 2125//2249 2103//2367 2104//2368
f 2127//2251 2105//2369 2106//2370
f 2135//2263 2107//2371 2108//2372
f 2135//2263 2129//2253 2109//2373
f 2109//2373 2107//2371 2135//2263
f 2137//2265 2108//2372 2110//2374
f 2139//2267 2110//2374 2111//2375
f 2141//2269 2111//2375 2112//2376
f 2113//2377 2145//2273 2143//2271
f 2114//2378 2115//2379 2147//2275
f 2145//2273 2113//2377 2114//2378
f 2149//2277 2147//2275 2115//2379
f 2116//2380 2117//2381 2151//2279
f 2153//2281 2151//2279 2117//2381
f 2131//2257 2118//2382 2119//2383
f 2131//2257 2153//2281 2120//2384
f 2120//2384 2118//2382 2131//2257
f 698//2255 2130//2254 2121//2385
f 2121//2385 699//2386 698//2255
f 2121//2385 2130//2254 2119//2383
f 2119//2383 2130//2254 2131//2257
f 2117//2381 2120//2384 2153//2281
f 2151//2279 2149//2277 2116//2380
f 2115//2379 2116//2380 2149//2277
f 2147//2275 2145//2273 2114//2378
f 2143//2271 2112//2376 2113//2377
f 2112//2376 2143//2271 2141//2269
f 2111//2375 2141//2269 2139//2267
f 2110//2374 2139//2267 2137//2265
f 2108//2372 2137//2265 2135//2263
f 2109//2373 2129//2253 2106//2370
f 2106//2370 2129//2253 2127//2251
f 2127//2251 2125//2249 2104//2368
f 2103//2367 2125//2249 2123//2244
f 2102//2366 2122//2243 2101//2364
f 2101//2364 2122//2243 731//2362
f 685//2361 669//2387 2211//2355
f 669//2387 2210//2354 2211//2355
f 669//2387 2209//2353 2210//2354
f 669//2387 2208//2352 2209//2353
f 669//2387 2207//2351 2208//2352
f 669//2387 2206//2350 2207//2351
f 669//2387 2205//2349 2206//2350
f 669//2387 2204//2348 2205//2349
f 669//2387 2203//2347 2204//2348
f 669//2387 2202//2346 2203//2347
f 669//2387 2201//2345 2202//2346
f 669//2387 2200//2344 2201//2345
f 669//2387 2199//2343 2200//2344
f 669//2387 2198//2341 2199//2343
f 705//2359 703//2342 2198//2341
f 687//2356 686//2360 2211//2355
f 2197//2337 2211//2355 2210//2354
f 2196//2336 2210//2354 2209//2353
f 2195//2335 2209//2353 2208//2352
f 2194//2334 2208//2352 2207//2351
f 2193//2333 2207//2351 2206//2350
f 2192//2332 2206//2350 2205//2349
f 2191//2331 2205//2349 2204//2348
f 2190//2330 2204//2348 2203//2347
f 2189//2329 2203//2347 2202//2346
f 2188//2328 2202//2346 2201//2345
f 2187//2327 2201//2345 2200//2344
f 2186//2326 2200//2344 2199//2343
f 2185//2325 2199//2343 2198//2341
f 702//2340 708//2324 2184//2323
f 690//2338 688//2357 2197//2337
f 2183//2319 2197//2337 2196//2336
f 2182//2318 2196//2336 2195//2335
f 2181//2317 2195//2335 2194//2334
f 2180//2316 2194//2334 2193//2333
f 2179//2315 2193//2333 2192//2332
f 2178//2314 2192//2332 2191//2331
f 2177//2313 2191//2331 2190//2330
f 2176//2312 2190//2330 2189//2329
f 2175//2311 2189//2329 2188//2328
f 2174//2310 2188//2328 2187//2327
f 2173//2309 2187//2327 2186//2326
f 2172//2308 2186//2326 2185//2325
f 2171//2307 2185//2325 2184//2323
f 707//2322 711//2306 2170//2305
f 692//2320 689//2339 2183//2319
f 2169//2301 2183//2319 2182//2318
f 2168//2300 2182//2318 2181//2317
f 2167//2299 2181//2317 2180//2316
f 2166//2298 2180//2316 2179//2315
f 2165//2297 2179//2315 2178//2314
f 2164//2296 2178//2314 2177//2313
f 2163//2295 2177//2313 2176//2312
f 2162//2294 2176//2312 2175//2311
f 2161//2293 2175//2311 2174//2310
f 2160//2292 2174//2310 2173//2309
f 2159//2291 2173//2309 2172//2308
f 2158//2290 2172//2308 2171//2307
f 2157//2289 2171//2307 2170//2305
f 713//2304 717//2288 2156//2287
f 694//2302 691//2321 2169//2301
f 2155//2283 2169//2301 2168//2300
f 2154//2282 2168//2300 2167//2299
f 2152//2280 2167//2299 2166//2298
f 2150//2278 2166//2298 2165//2297
f 2148//2276 2165//2297 2164//2296
f 2146//2274 2164//2296 2163//2295
f 2144//2272 2163//2295 2162//2294
f 2142//2270 2162//2294 2161//2293
f 2140//2268 2161//2293 2160//2292
f 2138//2266 2160//2292 2159//2291
f 2136//2264 2159//2291 2158//2290
f 2134//2262 2158//2290 2157//2289
f 2133//2261 2157//2289 2156//2287
f 716//2286 721//2260 2132//2259
f 695//2284 693//2303 2155//2283
f 2131//2257 2155//2283 2154//2282
f 2153//2281 2154//2282 2152//2280
f 2151//2279 2152//2280 2150//2278
f 2149//2277 2150//2278 2148//2276
f 2147//2275 2148//2276 2146//2274
f 2145//2273 2146//2274 2144//2272
f 2143//2271 2144//2272 2142//2270
f 2141//2269 2142//2270 2140//2268
f 2139//2267 2140//2268 2138//2266
f 2137//2265 2138//2266 2136//2264
f 2135//2263 2136//2264 2134//2262
f 2128//2252 2134//2262 2133//2261
f 2126//2250 2133//2261 2132//2259
f 720//2258 724//2248 2124//2247
f 697//2256 696//2285 2131//2257
f 2129//2253 2135//2263 2128//2252
f 2127//2251 2128//2252 2126//2250
f 2125//2249 2126//2250 2124//2247
f 723//2246 727//2245 2123//2244
f 729//2242 731//2362 2122//2243
f 1456//2388 2088//2388 2212//2388
f 1202//2388 2212//2388 730//2388
f 730//2388 733//2388 1202//2388
f 2212//2388 1202//2388 1456//2388
f 2213//2389 2121//2390 2119//2391
f 2214//2392 699//2392 2121//2390
f 2121//2390 2213//2389 2214//2392
f 2215//2393 2216//2394 2120//2395
f 2118//2396 2120//2395 2216//2394
f 2216//2394 2217//2397 2118//2396
f 2217//2397 2213//2389 2118//2396
f 2117//2398 2218//2399 2219//2400
f 2116//2401 2220//2402 2218//2399
f 2218//2399 2117//2398 2116//2401
f 2219//2400 2215//2393 2117//2398
f 2115//2402 2221//2403 2222//2404
f 2115//2402 2223//2405 2221//2403
f 2114//2406 2224//2406 2223//2405
f 2223//2405 2115//2402 2114//2406
f 2114//2406 2225//2407 2226//2408
f 2226//2408 2227//2409 2114//2406
f 2113//2410 2228//2411 2225//2407
f 2225//2407 2114//2406 2113//2410
f 2227//2409 2224//2406 2114//2406
f 2110//2412 2229//2412 2230//2413
f 2228//2411 2112//2414 2111//2415
f 2111//2415 2230//2413 2228//2411
f 2110//2412 2108//2416 2231//2417
f 2108//2416 2232//2418 2231//2417
f 2231//2417 2229//2412 2110//2412
f 2233//2419 2234//2420 2106//2421
f 2109//2422 2106//2421 2234//2420
f 2234//2420 2235//2423 2109//2422
f 2107//2424 2109//2422 2235//2423
f 2235//2423 2232//2418 2107//2424
f 2105//2425 2236//2426 2237//2427
f 2104//2428 2238//2429 2236//2426
f 2236//2426 2105//2425 2104//2428
f 2104//2428 2239//2428 2238//2429
f 2240//2430 2102//2431 2101//2432
f 2240//2430 2103//2433 2102//2431
f 2103//2433 2241//2434 2242//2435
f 2242//2435 2104//2428 2103//2433
f 2103//2433 2243//2436 2241//2434
f 2103//2433 2240//2430 2243//2436
f 2242//2435 2239//2428 2104//2428
f 2100//2437 730//2438 2244//2439
f 730//2438 2212//2438 2244//2439
f 2244//2439 2245//2440 2100//2437
f 2245//2440 2240//2430 2100//2437
f 2101//2432 2100//2437 2240//2430
f 2237//2427 2233//2419 2105//2425
f 2106//2421 2105//2425 2233//2419
f 2108//2416 2107//2424 2232//2418
f 2230//2413 2111//2415 2110//2412
f 2113//2410 2112//2414 2228//2411
f 2222//2404 2220//2402 2115//2402
f 2116//2401 2115//2402 2220//2402
f 2120//2395 2117//2398 2215//2393
f 2119//2391 2118//2396 2213//2389
f 2246//2441 2247//2442 2248//2443
f 2248//2443 2088//2444 2246//2441
f 2248//2443 2212//2444 2088//2444
f 2249//2445 2250//2446 2251//2447
f 2251//2447 2252//2448 2249//2445
f 2251//2447 2247//2442 2252//2448
f 2253//2449 2254//2450 2255//2451
f 2255//2451 2256//2452 2253//2449
f 2255//2451 2250//2446 2256//2452
f 2257//2453 2258//2454 2259//2455
f 2259//2455 2260//2456 2257//2453
f 2257//2453 2261//2457 2258//2454
f 2262//2458 2261//2457 2263//2459
f 2263//2459 2264//2460 2262//2458
f 2262//2458 2258//2454 2261//2457
f 2263//2459 2265//2460 2264//2460
f 2259//2455 2254//2450 2260//2456
f 2253//2449 2260//2456 2254//2450
f 2249//2445 2256//2452 2250//2446
f 2246//2441 2252//2448 2247//2442
f 2094//2461 2284//2462 2285//2463
f 2285//2463 2095//2464 2094//2461
f 2285//2463 2284//2462 2286//2465
f 2096//2466 2285//2463 2287//2467
f 2287//2467 2093//2468 2096//2466
f 2287//2467 2285//2463 2288//2469
f 2289//2470 2288//2469 2290//2471
f 2291//2472 2290//2471 2292//2473
f 2293//2474 2292//2473 2294//2475
f 2295//2476 2294//2475 2296//2477
f 2297//2478 2296//2477 2298//2479
f 2299//2480 2298//2479 2300//2481
f 2301//2482 2300//2481 2302//2483
f 2303//2484 2302//2483 2304//2485
f 2305//2486 2304//2485 2306//2487
f 2307//2488 2306//2487 2308//2489
f 2309//2490 2308//2489 2310//2491
f 2311//2492 2310//2491 2312//2493
f 2312//2493 2257//2494 2260//2495
f 2260//2495 2313//2496 2312//2493
f 2092//2497 2287//2467 2314//2498
f 2314//2498 2091//2499 2092//2497
f 2314//2498 2287//2467 2289//2470
f 2315//2500 2289//2470 2291//2472
f 2316//2501 2291//2472 2293//2474
f 2317//2502 2293//2474 2295//2476
f 2318//2503 2295//2476 2297//2478
f 2319//2504 2297//2478 2299//2480
f 2320//2505 2299//2480 2301//2482
f 2321//2506 2301//2482 2303//2484
f 2322//2507 2303//2484 2305//2486
f 2323//2508 2305//2486 2307//2488
f 2324//2509 2307//2488 2309//2490
f 2325//2510 2309//2490 2311//2492
f 2326//2511 2311//2492 2313//2496
f 2313//2496 2253//2512 2256//2513
f 2256//2513 2327//2514 2313//2496
f 2090//2515 2314//2498 2328//2516
f 2328//2516 2089//2517 2090//2515
f 2328//2516 2314//2498 2315//2500
f 2329//2518 2315//2500 2316//2501
f 2330//2519 2316//2501 2317//2502
f 2331//2520 2317//2502 2318//2503
f 2332//2521 2318//2503 2319//2504
f 2333//2522 2319//2504 2320//2505
f 2334//2523 2320//2505 2321//2506
f 2335//2524 2321//2506 2322//2507
f 2336//2525 2322//2507 2323//2508
f 2337//2526 2323//2508 2324//2509
f 2338//2527 2324//2509 2325//2510
f 2339//2528 2325//2510 2326//2511
f 2340//2529 2326//2511 2327//2514
f 2327//2514 2249//2530 2252//2531
f 2252//2531 2341//2532 2327//2514
f 2328//2516 2088//2533 2099//2534
f 2098//2535 2097//2536 2266//2537
f 2284//2462 2267//2538 2268//2539
f 2284//2462 2266//2537 2267//2538
f 2288//2469 2269//2540 2270//2541
f 2288//2469 2286//2465 2271//2542
f 2271//2542 2269//2540 2288//2469
f 2290//2471 2270//2541 2272//2543
f 2292//2473 2272//2543 2273//2544
f 2274//2545 2296//2477 2294//2475
f 2296//2477 2274//2545 2275//2546
f 2276//2547 2300//2481 2298//2479
f 2276//2547 2277//2548 2302//2483
f 2304//2485 2302//2483 2277//2548
f 2278//2549 2279//2550 2306//2487
f 2308//2489 2306//2487 2279//2550
f 2310//2491 2308//2489 2280//2551
f 2312//2493 2310//2491 2281//2552
f 2261//2553 2312//2493 2282//2554
f 2282//2554 2283//2555 2261//2553
f 2283//2555 2263//2556 2261//2553
f 2265//2557 2263//2556 2283//2555
f 2261//2553 2257//2494 2312//2493
f 2281//2552 2282//2554 2312//2493
f 2280//2551 2281//2552 2310//2491
f 2279//2550 2280//2551 2308//2489
f 2306//2487 2304//2485 2278//2549
f 2277//2548 2278//2549 2304//2485
f 2302//2483 2300//2481 2276//2547
f 2298//2479 2275//2546 2276//2547
f 2275//2546 2298//2479 2296//2477
f 2294//2475 2273//2544 2274//2545
f 2273//2544 2294//2475 2292//2473
f 2272//2543 2292//2473 2290//2471
f 2270//2541 2290//2471 2288//2469
f 2271//2542 2286//2465 2268//2539
f 2268//2539 2286//2465 2284//2462
f 2266//2537 2284//2462 2098//2535
f 2088//2558 2341//2532 2246//2559
f 2088//2558 2340//2529 2341//2532
f 2088//2558 2339//2528 2340//2529
f 2088//2558 2338//2527 2339//2528
f 2088//2558 2337//2526 2338//2527
f 2088//2558 2336//2525 2337//2526
f 2088//2558 2335//2524 2336//2525
f 2088//2558 2334//2523 2335//2524
f 2088//2558 2333//2522 2334//2523
f 2088//2558 2332//2521 2333//2522
f 2088//2558 2331//2520 2332//2521
f 2088//2558 2330//2519 2331//2520
f 2088//2558 2329//2518 2330//2519
f 2088//2558 2328//2516 2329//2518
f 2099//2534 2089//2517 2328//2516
f 2252//2531 2246//2559 2341//2532
f 2327//2514 2341//2532 2340//2529
f 2326//2511 2340//2529 2339//2528
f 2325//2510 2339//2528 2338//2527
f 2324//2509 2338//2527 2337//2526
f 2323//2508 2337//2526 2336//2525
f 2322//2507 2336//2525 2335//2524
f 2321//2506 2335//2524 2334//2523
f 2320//2505 2334//2523 2333//2522
f 2319//2504 2333//2522 2332//2521
f 2318//2503 2332//2521 2331//2520
f 2317//2502 2331//2520 2330//2519
f 2316//2501 2330//2519 2329//2518
f 2315//2500 2329//2518 2328//2516
f 2090//2515 2091//2499 2314//2498
f 2256//2513 2249//2530 2327//2514
f 2313//2496 2327//2514 2326//2511
f 2311//2492 2326//2511 2325//2510
f 2309//2490 2325//2510 2324//2509
f 2307//2488 2324//2509 2323//2508
f 2305//2486 2323//2508 2322//2507
f 2303//2484 2322//2507 2321//2506
f 2301//2482 2321//2506 2320//2505
f 2299//2480 2320//2505 2319//2504
f 2297//2478 2319//2504 2318//2503
f 2295//2476 2318//2503 2317//2502
f 2293//2474 2317//2502 2316//2501
f 2291//2472 2316//2501 2315//2500
f 2289//2470 2315//2500 2314//2498
f 2092//2497 2093//2468 2287//2467
f 2260//2495 2253//2512 2313//2496
f 2312//2493 2313//2496 2311//2492
f 2310//2491 2311//2492 2309//2490
f 2308//2489 2309//2490 2307//2488
f 2306//2487 2307//2488 2305//2486
f 2304//2485 2305//2486 2303//2484
f 2302//2483 2303//2484 2301//2482
f 2300//2481 2301//2482 2299//2480
f 2298//2479 2299//2480 2297//2478
f 2296//2477 2297//2478 2295//2476
f 2294//2475 2295//2476 2293//2474
f 2292//2473 2293//2474 2291//2472
f 2290//2471 2291//2472 2289//2470
f 2288//2469 2289//2470 2287//2467
f 2096//2466 2095//2464 2285//2463
f 2286//2465 2288//2469 2285//2463
f 2094//2461 2098//2535 2284//2462
f 1282//2560 1483//2560 1484//2560
f 1282//2560 1476//2560 1477//2560
f 1473//2560 1282//2560 1470//2560
f 1282//2560 1490//2560 1491//2560
f 1282//2560 1488//2560 1489//2560
f 1484//2560 1485//2560 1282//2560
f 1282//2560 1481//2560 1482//2560
f 1282//2560 1475//2560 1476//2560
f 1282//2560 1473//2560 1474//2560
f 1470//2560 1471//2560 1473//2560
f 1282//2560 1493//2560 1494//2560
f 1489//2560 1490//2560 1282//2560
f 1282//2560 1486//2560 1487//2560
f 1482//2560 1483//2560 1282//2560
f 1282//2560 1479//2560 1480//2560
f 1477//2560 1478//2560 1282//2560
f 1471//2560 1472//2560 1473//2560
f 1282//2560 1492//2560 1493//2560
f 1487//2560 1488//2560 1282//2560
f 1480//2560 1481//2560 1282//2560
f 1474//2560 1475//2560 1282//2560
f 1690//2560 1740//2560 2342//2560
f 1690//2560 1311//2560 1283//2560
f 1491//2560 1492//2560 1282//2560
f 1478//2560 1479//2560 1282//2560
f 2342//2560 2097//2560 1690//2560
f 1690//2560 1310//2560 1311//2560
f 1485//2560 1486//2560 1282//2560
f 1282//2560 1496//2560 1673//2560
f 1690//2560 1305//2560 1306//2560
f 2097//2560 1435//2560 1690//2560
f 1690//2560 1309//2560 1310//2560
f 1690//2560 1307//2560 1308//2560
f 1673//2560 1283//2560 1282//2560
f 1435//2560 1305//2560 1690//2560
f 1308//2560 1309//2560 1690//2560
f 1283//2560 1693//2560 1692//2560
f 1494//2560 1496//2560 1282//2560
f 1283//2560 1691//2560 1690//2560
f 1673//2560 1693//2560 1283//2560
f 1692//2560 1691//2560 1283//2560
f 1306//2560 1307//2560 1690//2560
f 2343//2561 2353//2562 2354//2563
f 2354//2563 2344//2564 2343//2561
f 2354//2563 2353//2562 2355//2565
f 2345//2566 2354//2563 2356//2567
f 2356//2567 2346//2568 2345//2566
f 2356//2567 2354//2563 2357//2569
f 2358//2570 2357//2569 2359//2571
f 2360//2572 2359//2571 2361//2573
f 2362//2574 2361//2573 2363//2575
f 2364//2576 2363//2575 2365//2577
f 2366//2578 2365//2577 2367//2579
f 2368//2580 2367//2579 2369//2581
f 2370//2582 2369//2581 2371//2583
f 2372//2584 2371//2583 2373//2585
f 2374//2586 2373//2585 2375//2587
f 2376//2588 2375//2587 2377//2589
f 2378//2590 2377//2589 2379//2591
f 2380//2592 2379//2591 2381//2593
f 2381//2593 1909//2594 1912//2595
f 1912//2595 2382//2596 2381//2593
f 2347//2597 2356//2567 2383//2598
f 2383//2598 2348//2599 2347//2597
f 2383//2598 2356//2567 2358//2570
f 2384//2600 2358//2570 2360//2572
f 2385//2601 2360//2572 2362//2574
f 2386//2602 2362//2574 2364//2576
f 2387//2603 2364//2576 2366//2578
f 2388//2604 2366//2578 2368//2580
f 2389//2605 2368//2580 2370//2582
f 2390//2606 2370//2582 2372//2584
f 2391//2607 2372//2584 2374//2586
f 2392//2608 2374//2586 2376//2588
f 2393//2609 2376//2588 2378//2590
f 2394//2610 2378//2590 2380//2592
f 2395//2611 2380//2592 2382//2596
f 2382//2596 1905//2612 1908//2613
f 1908//2613 2396//2614 2382//2596
f 2349//2615 2383//2598 2397//2616
f 2397//2616 2350//2617 2349//2615
f 2397//2616 2383//2598 2384//2600
f 2398//2618 2384//2600 2385//2601
f 2399//2619 2385//2601 2386//2602
f 2400//2620 2386//2602 2387//2603
f 2401//2621 2387//2603 2388//2604
f 2402//2622 2388//2604 2389//2605
f 2403//2623 2389//2605 2390//2606
f 2404//2624 2390//2606 2391//2607
f 2405//2625 2391//2607 2392//2608
f 2406//2626 2392//2608 2393//2609
f 2407//2627 2393//2609 2394//2610
f 2408//2628 2394//2610 2395//2611
f 2409//2629 2395//2611 2396//2614
f 2396//2614 1902//2630 1901//2631
f 1901//2631 2410//2632 2396//2614
f 2397//2616 1900//2633 2351//2634
f 2352//2635 1740//2636 1722//2637
f 2353//2562 1721//2638 1724//2639
f 2353//2562 1722//2637 1721//2638
f 2357//2569 1725//2640 1727//2641
f 2357//2569 2355//2565 1723//2642
f 1723//2642 1725//2640 2357//2569
f 1727//2641 1726//2643 2361//2573
f 2361//2573 1726//2643 1729//2644
f 1729//2644 1728//2645 2365//2577
f 2367//2579 2365//2577 1728//2645
f 2367//2579 1731//2646 1730//2647
f 1730//2647 1732//2648 2371//2583
f 2373//2585 2371//2583 1732//2648
f 1734//2649 1733//2650 2375//2587
f 2377//2589 2375//2587 1733//2650
f 2379//2591 2377//2589 1736//2651
f 2381//2593 2379//2591 1735//2652
f 1913//2653 2381//2593 1739//2654
f 1739//2654 1738//2655 1913//2653
f 1738//2655 1915//2656 1913//2653
f 1737//2657 1915//2656 1738//2655
f 1913//2653 1909//2594 2381//2593
f 1735//2652 1739//2654 2381//2593
f 1736//2651 1735//2652 2379//2591
f 1733//2650 1736//2651 2377//2589
f 2375//2587 2373//2585 1734//2649
f 1732//2648 1734//2649 2373//2585
f 2371//2583 2369//2581 1730//2647
f 1730//2647 2369//2581 2367//2579
f 1728//2645 1731//2646 2367//2579
f 2365//2577 2363//2575 1729//2644
f 1729//2644 2363//2575 2361//2573
f 2361//2573 2359//2571 1727//2641
f 1727//2641 2359//2571 2357//2569
f 1723//2642 2355//2565 1724//2639
f 1724//2639 2355//2565 2353//2562
f 1722//2637 2353//2562 2352//2635
f 1900//2658 2410//2632 1897//2659
f 1900//2658 2409//2629 2410//2632
f 1900//2658 2408//2628 2409//2629
f 1900//2658 2407//2627 2408//2628
f 1900//2658 2406//2626 2407//2627
f 1900//2658 2405//2625 2406//2626
f 1900//2658 2404//2624 2405//2625
f 1900//2658 2403//2623 2404//2624
f 1900//2658 2402//2622 2403//2623
f 1900//2658 2401//2621 2402//2622
f 1900//2658 2400//2620 2401//2621
f 1900//2658 2399//2619 2400//2620
f 1900//2658 2398//2618 2399//2619
f 1900//2658 2397//2616 2398//2618
f 2351//2634 2350//2617 2397//2616
f 1901//2631 1897//2659 2410//2632
f 2396//2614 2410//2632 2409//2629
f 2395//2611 2409//2629 2408//2628
f 2394//2610 2408//2628 2407//2627
f 2393//2609 2407//2627 2406//2626
f 2392//2608 2406//2626 2405//2625
f 2391//2607 2405//2625 2404//2624
f 2390//2606 2404//2624 2403//2623
f 2389//2605 2403//2623 2402//2622
f 2388//2604 2402//2622 2401//2621
f 2387//2603 2401//2621 2400//2620
f 2386//2602 2400//2620 2399//2619
f 2385//2601 2399//2619 2398//2618
f 2384//2600 2398//2618 2397//2616
f 2349//2615 2348//2599 2383//2598
f 1908//2613 1902//2630 2396//2614
f 2382//2596 2396//2614 2395//2611
f 2380//2592 2395//2611 2394//2610
f 2378//2590 2394//2610 2393//2609
f 2376//2588 2393//2609 2392//2608
f 2374//2586 2392//2608 2391//2607
f 2372//2584 2391//2607 2390//2606
f 2370//2582 2390//2606 2389//2605
f 2368//2580 2389//2605 2388//2604
f 2366//2578 2388//2604 2387//2603
f 2364//2576 2387//2603 2386//2602
f 2362//2574 2386//2602 2385//2601
f 2360//2572 2385//2601 2384//2600
f 2358//2570 2384//2600 2383//2598
f 2347//2597 2346//2568 2356//2567
f 1912//2595 1905//2612 2382//2596
f 2381//2593 2382//2596 2380//2592
f 2379//2591 2380//2592 2378//2590
f 2377//2589 2378//2590 2376//2588
f 2375//2587 2376//2588 2374//2586
f 2373//2585 2374//2586 2372//2584
f 2371//2583 2372//2584 2370//2582
f 2369//2581 2370//2582 2368//2580
f 2367//2579 2368//2580 2366//2578
f 2365//2577 2366//2578 2364//2576
f 2363//2575 2364//2576 2362//2574
f 2361//2573 2362//2574 2360//2572
f 2359//2571 2360//2572 2358//2570
f 2357//2569 2358//2570 2356//2567
f 2345//2566 2344//2564 2354//2563
f 2355//2565 2357//2569 2354//2563
f 2343//2561 2352//2635 2353//2562
f 2267//2660 2266//2661 2411//2661
f 2342//2662 2411//2661 2266//2661
f 2266//2661 2097//2662 2342//2662
f 2269//2663 2271//2664 2412//2664
f 2271//2664 2268//2665 2413//2665
f 2413//2665 2412//2664 2271//2664
f 2414//2666 2413//2665 2268//2665
f 2268//2665 2267//2660 2414//2666
f 2273//2667 2272//2668 2415//2668
f 2416//2669 2415//2668 2272//2668
f 2272//2668 2270//2669 2416//2669
f 2417//2670 2416//2669 2270//2669
f 2270//2669 2269//2663 2417//2670
f 2275//2671 2274//2672 2418//2672
f 2419//2673 2418//2672 2274//2672
f 2274//2672 2273//2667 2419//2673
f 2277//2674 2276//2675 2420//2675
f 2421//2676 2420//2675 2276//2675
f 2276//2675 2275//2671 2421//2676
f 2279//2677 2278//2678 2422//2678
f 2423//2679 2422//2678 2278//2678
f 2278//2678 2277//2674 2423//2679
f 2281//2680 2280//2681 2424//2681
f 2425//2682 2424//2681 2280//2681
f 2280//2681 2279//2677 2425//2682
f 2265//2683 2283//2684 2426//2684
f 2283//2684 2282//2685 2427//2685
f 2427//2685 2426//2684 2283//2684
f 2428//2686 2427//2685 2282//2685
f 2282//2685 2281//2680 2428//2686
f 2426//2684 2429//2687 2265//2683
f 2424//2681 2428//2686 2281//2680
f 2422//2678 2425//2682 2279//2677
f 2420//2675 2423//2679 2277//2674
f 2418//2672 2421//2676 2275//2671
f 2415//2668 2419//2673 2273//2667
f 2412//2664 2417//2670 2269//2663
f 2411//2661 2414//2666 2267//2660
f 1900//2688 2430//2688 2431//2689
f 2431//2689 2432//2690 2350//2690
f 2350//2690 2432//2690 2433//2691
f 2433//2691 2349//2691 2350//2690
f 2348//2692 2349//2691 2433//2691
f 2434//2693 2347//2693 2348//2692
f 2348//2692 2435//2692 2434//2693
f 2346//2694 2436//2694 2437//2695
f 2436//2694 2346//2694 2347//2693
f 2347//2693 2434//2693 2436//2694
f 2437//2695 2438//2696 2344//2696
f 2344//2696 2438//2696 2439//2697
f 2439//2697 2343//2697 2344//2696
f 2342//2698 1740//2698 2352//2699
f 2440//2699 2352//2699 2343//2697
f 2343//2697 2439//2697 2440//2699
f 2352//2699 2440//2699 2342//2698
f 2344//2696 2345//2700 2437//2695
f 2437//2695 2345//2700 2346//2694
f 2433//2691 2435//2692 2348//2692
f 2350//2690 2351//2701 2431//2689
f 2431//2689 2351//2701 1900//2688
f 2450//2702 2451//2703 2452//2704
f 2439//2705 2438//2706 2453//2707
f 2452//2704 2440//2708 2439//2705
f 2454//2709 2455//2710 2441//2711
f 2455//2710 2442//2712 2441//2711
f 2455//2710 2454//2709 2456//2713
f 2457//2714 2456//2713 2458//2715
f 2459//2716 2458//2715 2460//2717
f 2461//2718 2460//2717 2462//2719
f 2463//2720 2462//2719 2464//2721
f 2465//2722 2464//2721 2466//2723
f 2467//2724 2466//2723 2468//2725
f 2469//2726 2468//2725 2470//2727
f 2471//2728 2470//2727 2472//2729
f 2473//2730 2472//2729 2474//2731
f 2475//2732 2474//2731 2476//2733
f 2477//2734 2476//2733 2450//2702
f 2478//2735 2450//2702 2453//2707
f 2437//2736 2436//2737 2479//2738
f 2453//2707 2438//2706 2437//2736
f 2455//2710 2480//2739 2443//2740
f 2480//2739 2444//2741 2443//2740
f 2480//2739 2455//2710 2457//2714
f 2481//2742 2457//2714 2459//2716
f 2482//2743 2459//2716 2461//2718
f 2483//2744 2461//2718 2463//2720
f 2484//2745 2463//2720 2465//2722
f 2485//2746 2465//2722 2467//2724
f 2486//2747 2467//2724 2469//2726
f 2487//2748 2469//2726 2471//2728
f 2488//2749 2471//2728 2473//2730
f 2489//2750 2473//2730 2475//2732
f 2490//2751 2475//2732 2477//2734
f 2491//2752 2477//2734 2478//2735
f 2492//2753 2478//2735 2479//2738
f 2434//2754 2435//2755 2493//2756
f 2479//2738 2436//2737 2434//2754
f 2480//2739 2494//2757 2445//2758
f 2494//2757 2446//2759 2445//2758
f 2494//2757 2480//2739 2481//2742
f 2495//2760 2481//2742 2482//2743
f 2496//2761 2482//2743 2483//2744
f 2497//2762 2483//2744 2484//2745
f 2498//2763 2484//2745 2485//2746
f 2499//2764 2485//2746 2486//2747
f 2500//2765 2486//2747 2487//2748
f 2501//2766 2487//2748 2488//2749
f 2502//2767 2488//2749 2489//2750
f 2503//2768 2489//2750 2490//2751
f 2504//2769 2490//2751 2491//2752
f 2505//2770 2491//2752 2492//2753
f 2506//2771 2492//2753 2493//2756
f 2433//2772 2432//2773 2507//2774
f 2493//2756 2435//2755 2433//2772
f 2507//2774 2432//2773 2431//2775
f 2447//2776 2426//2777 2427//2778
f 2447//2776 2448//2779 2426//2777
f 2454//2709 2449//2780 2447//2776
f 2454//2709 2427//2778 2428//2781
f 2456//2713 2428//2781 2424//2782
f 2458//2715 2424//2782 2425//2783
f 2422//2784 2462//2719 2460//2717
f 2462//2719 2422//2784 2423//2785
f 2420//2786 2466//2723 2464//2721
f 2420//2786 2421//2787 2468//2725
f 2470//2727 2468//2725 2421//2787
f 2418//2788 2419//2789 2472//2729
f 2474//2731 2472//2729 2419//2789
f 2476//2733 2474//2731 2415//2790
f 2450//2702 2417//2791 2412//2792
f 2450//2702 2476//2733 2416//2793
f 2416//2793 2417//2791 2450//2702
f 2452//2704 2451//2703 2413//2794
f 2413//2794 2414//2795 2452//2704
f 2440//2708 2452//2704 2411//2796
f 2411//2796 2342//2797 2440//2708
f 2414//2795 2411//2796 2452//2704
f 2413//2794 2451//2703 2412//2792
f 2412//2792 2451//2703 2450//2702
f 2415//2790 2416//2793 2476//2733
f 2419//2789 2415//2790 2474//2731
f 2472//2729 2470//2727 2418//2788
f 2421//2787 2418//2788 2470//2727
f 2468//2725 2466//2723 2420//2786
f 2464//2721 2423//2785 2420//2786
f 2423//2785 2464//2721 2462//2719
f 2460//2717 2425//2783 2422//2784
f 2425//2783 2460//2717 2458//2715
f 2424//2782 2458//2715 2456//2713
f 2428//2781 2456//2713 2454//2709
f 2427//2778 2454//2709 2447//2776
f 2426//2777 2448//2779 2429//2798
f 2431//2775 2430//2799 2507//2774
f 2430//2799 2506//2771 2507//2774
f 2430//2799 2505//2770 2506//2771
f 2430//2799 2504//2769 2505//2770
f 2430//2799 2503//2768 2504//2769
f 2430//2799 2502//2767 2503//2768
f 2430//2799 2501//2766 2502//2767
f 2430//2799 2500//2765 2501//2766
f 2430//2799 2499//2764 2500//2765
f 2430//2799 2498//2763 2499//2764
f 2430//2799 2497//2762 2498//2763
f 2430//2799 2496//2761 2497//2762
f 2430//2799 2495//2760 2496//2761
f 2430//2799 2494//2757 2495//2760
f 2430//2799 2446//2759 2494//2757
f 2507//2774 2493//2756 2433//2772
f 2493//2756 2507//2774 2506//2771
f 2492//2753 2506//2771 2505//2770
f 2491//2752 2505//2770 2504//2769
f 2490//2751 2504//2769 2503//2768
f 2489//2750 2503//2768 2502//2767
f 2488//2749 2502//2767 2501//2766
f 2487//2748 2501//2766 2500//2765
f 2486//2747 2500//2765 2499//2764
f 2485//2746 2499//2764 2498//2763
f 2484//2745 2498//2763 2497//2762
f 2483//2744 2497//2762 2496//2761
f 2482//2743 2496//2761 2495//2760
f 2481//2742 2495//2760 2494//2757
f 2445//2758 2444//2741 2480//2739
f 2493//2756 2479//2738 2434//2754
f 2479//2738 2493//2756 2492//2753
f 2478//2735 2492//2753 2491//2752
f 2477//2734 2491//2752 2490//2751
f 2475//2732 2490//2751 2489//2750
f 2473//2730 2489//2750 2488//2749
f 2471//2728 2488//2749 2487//2748
f 2469//2726 2487//2748 2486//2747
f 2467//2724 2486//2747 2485//2746
f 2465//2722 2485//2746 2484//2745
f 2463//2720 2484//2745 2483//2744
f 2461//2718 2483//2744 2482//2743
f 2459//2716 2482//2743 2481//2742
f 2457//2714 2481//2742 2480//2739
f 2443//2740 2442//2712 2455//2710
f 2479//2738 2453//2707 2437//2736
f 2453//2707 2479//2738 2478//2735
f 2450//2702 2478//2735 2477//2734
f 2476//2733 2477//2734 2475//2732
f 2474//2731 2475//2732 2473//2730
f 2472//2729 2473//2730 2471//2728
f 2470//2727 2471//2728 2469//2726
f 2468//2725 2469//2726 2467//2724
f 2466//2723 2467//2724 2465//2722
f 2464//2721 2465//2722 2463//2720
f 2462//2719 2463//2720 2461//2718
f 2460//2717 2461//2718 2459//2716
f 2458//2715 2459//2716 2457//2714
f 2456//2713 2457//2714 2455//2710
f 2441//2711 2449//2780 2454//2709
f 2453//2707 2452//2704 2439//2705
f 2452//2704 2453//2707 2450//2702
f 1916//2799 1054//2799 1053//2799
f 2430//2799 1900//2799 1916//2799
f 1916//2799 2508//2799 2430//2799
f 1053//2799 2508//2799 1916//2799
f 1055//2800 1051//2801 2531//2802
f 2532//2803 1052//2804 1055//2800
f 2533//2805 2534//2806 996//2807
f 2534//2806 995//2808 996//2807
f 2535//2809 2536//2810 2537//2811
f 2538//2812 2537//2811 2539//2813
f 2540//2814 2539//2813 2531//2802
f 1047//2815 1045//2816 2541//2817
f 2531//2802 1051//2801 1047//2815
f 2542//2818 998//2819 997//2820
f 997//2820 2534//2806 2542//2818
f 2542//2818 2534//2806 2543//2821
f 2544//2822 2543//2821 2545//2823
f 2546//2824 2545//2823 2547//2825
f 2548//2826 2547//2825 2549//2827
f 2550//2828 2549//2827 2551//2829
f 2552//2830 2551//2829 2553//2831
f 2554//2832 2553//2831 2555//2833
f 2556//2834 2555//2833 2557//2835
f 2558//2836 2557//2835 2559//2837
f 2560//2838 2559//2837 2535//2809
f 2561//2839 2535//2809 2538//2812
f 2562//2840 2538//2812 2540//2814
f 2563//2841 2540//2814 2541//2817
f 1044//2842 1043//2843 2564//2844
f 2541//2817 1045//2816 1044//2842
f 2565//2845 1000//2846 999//2847
f 999//2847 2542//2818 2565//2845
f 2565//2845 2542//2818 2544//2822
f 2566//2848 2544//2822 2546//2824
f 2567//2849 2546//2824 2548//2826
f 2568//2850 2548//2826 2550//2828
f 2569//2851 2550//2828 2552//2830
f 2570//2852 2552//2830 2554//2832
f 2571//2853 2554//2832 2556//2834
f 2572//2854 2556//2834 2558//2836
f 2573//2855 2558//2836 2560//2838
f 2574//2856 2560//2838 2561//2839
f 2575//2857 2561//2839 2562//2840
f 2576//2858 2562//2840 2563//2841
f 2577//2859 2563//2841 2564//2844
f 1039//2860 1038//2861 2578//2862
f 2564//2844 1043//2843 1039//2860
f 2579//2863 1002//2864 1001//2865
f 1001//2865 2565//2845 2579//2863
f 2579//2863 2565//2845 2566//2848
f 2580//2866 2566//2848 2567//2849
f 2581//2867 2567//2849 2568//2850
f 2582//2868 2568//2850 2569//2851
f 2583//2869 2569//2851 2570//2852
f 2584//2870 2570//2852 2571//2853
f 2585//2871 2571//2853 2572//2854
f 2586//2872 2572//2854 2573//2855
f 2587//2873 2573//2855 2574//2856
f 2588//2874 2574//2856 2575//2857
f 2589//2875 2575//2857 2576//2858
f 2590//2876 2576//2858 2577//2859
f 2591//2877 2577//2859 2578//2862
f 1034//2878 1033//2879 2592//2880
f 2578//2862 1038//2861 1034//2878
f 2593//2881 1004//2882 1003//2883
f 1003//2883 2579//2863 2593//2881
f 2593//2881 2579//2863 2580//2866
f 2594//2884 2580//2866 2581//2867
f 2595//2885 2581//2867 2582//2868
f 2596//2886 2582//2868 2583//2869
f 2597//2887 2583//2869 2584//2870
f 2598//2888 2584//2870 2585//2871
f 2599//2889 2585//2871 2586//2872
f 2600//2890 2586//2872 2587//2873
f 2601//2891 2587//2873 2588//2874
f 2602//2892 2588//2874 2589//2875
f 2603//2893 2589//2875 2590//2876
f 2604//2894 2590//2876 2591//2877
f 2605//2895 2591//2877 2592//2880
f 1032//2896 1031//2897 2606//2898
f 2592//2880 1033//2879 1032//2896
f 2607//2899 1006//2900 1005//2901
f 1005//2901 2593//2881 2607//2899
f 2607//2899 2593//2881 2594//2884
f 2608//2902 2594//2884 2595//2885
f 2609//2903 2595//2885 2596//2886
f 2610//2904 2596//2886 2597//2887
f 2611//2905 2597//2887 2598//2888
f 2612//2906 2598//2888 2599//2889
f 2613//2907 2599//2889 2600//2890
f 2614//2908 2600//2890 2601//2891
f 2615//2909 2601//2891 2602//2892
f 2616//2910 2602//2892 2603//2893
f 2617//2911 2603//2893 2604//2894
f 2618//2912 2604//2894 2605//2895
f 2619//2913 2605//2895 2606//2898
f 1025//2914 1024//2915 2620//2916
f 2606//2898 1031//2897 1025//2914
f 2607//2899 666//2917 1007//2918
f 2620//2916 1024//2915 1023//2919
f 993//2920 994//2921 2509//2922
f 2534//2806 2510//2923 2511//2924
f 2534//2806 2533//2805 2512//2925
f 2512//2925 2510//2923 2534//2806
f 2543//2821 2511//2924 2513//2926
f 2514//2927 2547//2825 2545//2823
f 2547//2825 2514//2927 2515//2928
f 2516//2929 2551//2829 2549//2827
f 2549//2827 2515//2928 2516//2929
f 2517//2930 2518//2931 2553//2831
f 2555//2833 2553//2831 2518//2931
f 2557//2835 2555//2833 2519//2932
f 2559//2837 2557//2835 2520//2933
f 2535//2809 2521//2934 2522//2935
f 2535//2809 2559//2837 2523//2936
f 2523//2936 2521//2934 2535//2809
f 2537//2811 2536//2810 2524//2937
f 2525//2938 2539//2813 2537//2811
f 2537//2811 2526//2939 2525//2938
f 2531//2802 2539//2813 2527//2940
f 2527//2940 2528//2941 2531//2802
f 1052//2804 2532//2803 2529//2942
f 2529//2942 2530//2943 1052//2804
f 2530//2943 1053//2944 1052//2804
f 2529//2942 2532//2803 2528//2941
f 2528//2941 2532//2803 2531//2802
f 2525//2938 2527//2940 2539//2813
f 2524//2937 2526//2939 2537//2811
f 2524//2937 2536//2810 2522//2935
f 2522//2935 2536//2810 2535//2809
f 2520//2933 2523//2936 2559//2837
f 2519//2932 2520//2933 2557//2835
f 2518//2931 2519//2932 2555//2833
f 2553//2831 2551//2829 2517//2930
f 2516//2929 2517//2930 2551//2829
f 2515//2928 2549//2827 2547//2825
f 2545//2823 2513//2926 2514//2927
f 2513//2926 2545//2823 2543//2821
f 2511//2924 2543//2821 2534//2806
f 2512//2925 2533//2805 2509//2922
f 2509//2922 2533//2805 993//2920
f 1023//2919 666//2945 2620//2916
f 666//2945 2619//2913 2620//2916
f 666//2945 2618//2912 2619//2913
f 666//2945 2617//2911 2618//2912
f 666//2945 2616//2910 2617//2911
f 666//2945 2615//2909 2616//2910
f 666//2945 2614//2908 2615//2909
f 666//2945 2613//2907 2614//2908
f 666//2945 2612//2906 2613//2907
f 666//2945 2611//2905 2612//2906
f 666//2945 2610//2904 2611//2905
f 666//2945 2609//2903 2610//2904
f 666//2945 2608//2902 2609//2903
f 666//2945 2607//2899 2608//2902
f 1007//2918 1006//2900 2607//2899
f 2620//2916 2606//2898 1025//2914
f 2606//2898 2620//2916 2619//2913
f 2605//2895 2619//2913 2618//2912
f 2604//2894 2618//2912 2617//2911
f 2603//2893 2617//2911 2616//2910
f 2602//2892 2616//2910 2615//2909
f 2601//2891 2615//2909 2614//2908
f 2600//2890 2614//2908 2613//2907
f 2599//2889 2613//2907 2612//2906
f 2598//2888 2612//2906 2611//2905
f 2597//2887 2611//2905 2610//2904
f 2596//2886 2610//2904 2609//2903
f 2595//2885 2609//2903 2608//2902
f 2594//2884 2608//2902 2607//2899
f 1005//2901 1004//2882 2593//2881
f 2606//2898 2592//2880 1032//2896
f 2592//2880 2606//2898 2605//2895
f 2591//2877 2605//2895 2604//2894
f 2590//2876 2604//2894 2603//2893
f 2589//2875 2603//2893 2602//2892
f 2588//2874 2602//2892 2601//2891
f 2587//2873 2601//2891 2600//2890
f 2586//2872 2600//2890 2599//2889
f 2585//2871 2599//2889 2598//2888
f 2584//2870 2598//2888 2597//2887
f 2583//2869 2597//2887 2596//2886
f 2582//2868 2596//2886 2595//2885
f 2581//2867 2595//2885 2594//2884
f 2580//2866 2594//2884 2593//2881
f 1003//2883 1002//2864 2579//2863
f 2592//2880 2578//2862 1034//2878
f 2578//2862 2592//2880 2591//2877
f 2577//2859 2591//2877 2590//2876
f 2576//2858 2590//2876 2589//2875
f 2575//2857 2589//2875 2588//2874
f 2574//2856 2588//2874 2587//2873
f 2573//2855 2587//2873 2586//2872
f 2572//2854 2586//2872 2585//2871
f 2571//2853 2585//2871 2584//2870
f 2570//2852 2584//2870 2583//2869
f 2569//2851 2583//2869 2582//2868
f 2568//2850 2582//2868 2581//2867
f 2567//2849 2581//2867 2580//2866
f 2566//2848 2580//2866 2579//2863
f 1001//2865 1000//2846 2565//2845
f 2578//2862 2564//2844 1039//2860
f 2564//2844 2578//2862 2577//2859
f 2563//2841 2577//2859 2576//2858
f 2562//2840 2576//2858 2575//2857
f 2561//2839 2575//2857 2574//2856
f 2560//2838 2574//2856 2573//2855
f 2558//2836 2573//2855 2572//2854
f 2556//2834 2572//2854 2571//2853
f 2554//2832 2571//2853 2570//2852
f 2552//2830 2570//2852 2569//2851
f 2550//2828 2569//2851 2568//2850
f 2548//2826 2568//2850 2567//2849
f 2546//2824 2567//2849 2566//2848
f 2544//2822 2566//2848 2565//2845
f 999//2847 998//2819 2542//2818
f 2564//2844 2541//2817 1044//2842
f 2541//2817 2564//2844 2563//2841
f 2540//2814 2563//2841 2562//2840
f 2538//2812 2562//2840 2561//2839
f 2535//2809 2561//2839 2560//2838
f 2559//2837 2560//2838 2558//2836
f 2557//2835 2558//2836 2556//2834
f 2555//2833 2556//2834 2554//2832
f 2553//2831 2554//2832 2552//2830
f 2551//2829 2552//2830 2550//2828
f 2549//2827 2550//2828 2548//2826
f 2547//2825 2548//2826 2546//2824
f 2545//2823 2546//2824 2544//2822
f 2543//2821 2544//2822 2542//2818
f 997//2820 995//2808 2534//2806
f 2541//2817 2531//2802 1047//2815
f 2531//2802 2541//2817 2540//2814
f 2539//2813 2540//2814 2538//2812
f 2537//2811 2538//2812 2535//2809
f 996//2807 993//2920 2533//2805
f 2531//2802 2532//2803 1055//2800
f 559//2946 2214//2946 2621//2946
f 2621//2946 571//2946 559//2946
f 559//2946 699//2946 2214//2946
f 2621//2946 994//2946 571//2946
f 2264//2947 2265//2947 2429//2947
f 2429//2947 2622//2947 2264//2947
f 2623//2948 2637//2949 2638//2950
f 2638//2950 2624//2951 2623//2948
f 2625//2952 2638//2950 2639//2953
f 2639//2953 2626//2954 2625//2952
f 2639//2953 2638//2950 2640//2955
f 2641//2956 2640//2955 2642//2957
f 2627//2958 2639//2953 2643//2959
f 2643//2959 2628//2960 2627//2958
f 2643//2959 2639//2953 2641//2956
f 2644//2961 2641//2956 2645//2962
f 2646//2963 2645//2962 2647//2964
f 2648//2965 2647//2964 2649//2966
f 2241//2967 2650//2968 2651//2969
f 2651//2969 2650//2968 2652//2970
f 2652//2970 2251//2971 2250//2972
f 2250//2972 2653//2973 2652//2970
f 2629//2974 2643//2959 2654//2975
f 2654//2975 2630//2976 2629//2974
f 2654//2975 2643//2959 2644//2961
f 2655//2977 2644//2961 2646//2963
f 2656//2978 2646//2963 2648//2965
f 2657//2979 2648//2965 2658//2980
f 2659//2981 2658//2980 2660//2982
f 2661//2983 2660//2982 2662//2984
f 2663//2985 2662//2984 2664//2986
f 2665//2987 2664//2986 2666//2988
f 2667//2989 2666//2988 2668//2990
f 2669//2991 2668//2990 2670//2992
f 2671//2993 2670//2992 2672//2994
f 2673//2995 2672//2994 2674//2996
f 2675//2997 2674//2996 2676//2998
f 2677//2999 2676//2998 2678//3000
f 2679//3001 2678//3000 2680//3002
f 2681//3003 2680//3002 2682//3004
f 2683//3005 2682//3004 2684//3006
f 2685//3007 2684//3006 2651//2969
f 2686//3008 2651//2969 2653//2973
f 2653//2973 2255//3009 2254//3010
f 2254//3010 2687//3011 2653//2973
f 2631//3012 2654//2975 2688//3013
f 2688//3013 2632//3014 2631//3012
f 2688//3013 2654//2975 2655//2977
f 2689//3015 2655//2977 2656//2978
f 2690//3016 2656//2978 2657//2979
f 2691//3017 2657//2979 2659//2981
f 2692//3018 2659//2981 2661//2983
f 2693//3019 2661//2983 2663//2985
f 2694//3020 2663//2985 2665//2987
f 2695//3021 2665//2987 2667//2989
f 2696//3022 2667//2989 2669//2991
f 2697//3023 2669//2991 2671//2993
f 2698//3024 2671//2993 2673//2995
f 2699//3025 2673//2995 2675//2997
f 2700//3026 2675//2997 2677//2999
f 2701//3027 2677//2999 2679//3001
f 2702//3028 2679//3001 2681//3003
f 2703//3029 2681//3003 2683//3005
f 2704//3030 2683//3005 2685//3007
f 2705//3031 2685//3007 2686//3008
f 2706//3032 2686//3008 2687//3011
f 2687//3011 2259//3033 2258//3034
f 2258//3034 2707//3035 2687//3011
f 2688//3013 2264//3036 2633//3037
f 2634//3038 2214//3039 2213//3040
f 2635//3041 2636//3042 2216//3043
f 2636//3042 2217//3044 2216//3043
f 2216//3043 2637//2949 2635//3041
f 2637//2949 2216//3043 2215//3045
f 2638//2950 2637//2949 2218//3046
f 2637//2949 2219//3047 2218//3046
f 2640//2955 2220//3048 2222//3049
f 2640//2955 2218//3046 2220//3048
f 2645//2962 2221//3050 2223//3051
f 2645//2962 2642//2957 2221//3050
f 2647//2964 2224//3052 2227//3053
f 2647//2964 2223//3051 2224//3052
f 2658//2980 2226//3054 2225//3055
f 2658//2980 2649//2966 2226//3054
f 2660//2982 2225//3055 2228//3056
f 2230//3057 2664//2986 2662//2984
f 2664//2986 2230//3057 2229//3058
f 2231//3059 2668//2990 2666//2988
f 2231//3059 2232//3060 2670//2992
f 2672//2994 2670//2992 2232//3060
f 2235//3061 2234//3062 2674//2996
f 2234//3062 2233//3063 2676//2998
f 2678//3000 2676//2998 2233//3063
f 2680//3002 2678//3000 2237//3064
f 2682//3004 2680//3002 2236//3065
f 2684//3006 2682//3004 2238//3066
f 2238//3066 2239//3067 2684//3006
f 2239//3067 2242//3068 2684//3006
f 2652//2970 2650//2968 2243//3069
f 2243//3069 2240//3070 2652//2970
f 2247//3071 2245//3072 2244//3073
f 2247//3071 2652//2970 2245//3072
f 2244//3073 2248//3074 2247//3071
f 2212//3075 2248//3074 2244//3073
f 2247//3071 2251//2971 2652//2970
f 2240//3070 2245//3072 2652//2970
f 2243//3069 2650//2968 2241//2967
f 2242//3068 2241//2967 2684//3006
f 2236//3065 2238//3066 2682//3004
f 2237//3064 2236//3065 2680//3002
f 2233//3063 2237//3064 2678//3000
f 2676//2998 2674//2996 2234//3062
f 2674//2996 2672//2994 2235//3061
f 2232//3060 2235//3061 2672//2994
f 2670//2992 2668//2990 2231//3059
f 2666//2988 2229//3058 2231//3059
f 2229//3058 2666//2988 2664//2986
f 2662//2984 2228//3056 2230//3057
f 2228//3056 2662//2984 2660//2982
f 2225//3055 2660//2982 2658//2980
f 2226//3054 2649//2966 2227//3053
f 2227//3053 2649//2966 2647//2964
f 2223//3051 2647//2964 2645//2962
f 2221//3050 2642//2957 2222//3049
f 2222//3049 2642//2957 2640//2955
f 2218//3046 2640//2955 2638//2950
f 2215//3045 2219//3047 2637//2949
f 2636//3042 2634//3038 2217//3044
f 2213//3040 2217//3044 2634//3038
f 2264//3076 2707//3035 2262//3077
f 2264//3076 2706//3032 2707//3035
f 2264//3076 2705//3031 2706//3032
f 2264//3076 2704//3030 2705//3031
f 2264//3076 2703//3029 2704//3030
f 2264//3076 2702//3028 2703//3029
f 2264//3076 2701//3027 2702//3028
f 2264//3076 2700//3026 2701//3027
f 2264//3076 2699//3025 2700//3026
f 2264//3076 2698//3024 2699//3025
f 2264//3076 2697//3023 2698//3024
f 2264//3076 2696//3022 2697//3023
f 2264//3076 2695//3021 2696//3022
f 2264//3076 2694//3020 2695//3021
f 2264//3076 2693//3019 2694//3020
f 2264//3076 2692//3018 2693//3019
f 2264//3076 2691//3017 2692//3018
f 2264//3076 2690//3016 2691//3017
f 2264//3076 2689//3015 2690//3016
f 2264//3076 2688//3013 2689//3015
f 2633//3037 2632//3014 2688//3013
f 2258//3034 2262//3077 2707//3035
f 2687//3011 2707//3035 2706//3032
f 2686//3008 2706//3032 2705//3031
f 2685//3007 2705//3031 2704//3030
f 2683//3005 2704//3030 2703//3029
f 2681//3003 2703//3029 2702//3028
f 2679//3001 2702//3028 2701//3027
f 2677//2999 2701//3027 2700//3026
f 2675//2997 2700//3026 2699//3025
f 2673//2995 2699//3025 2698//3024
f 2671//2993 2698//3024 2697//3023
f 2669//2991 2697//3023 2696//3022
f 2667//2989 2696//3022 2695//3021
f 2665//2987 2695//3021 2694//3020
f 2663//2985 2694//3020 2693//3019
f 2661//2983 2693//3019 2692//3018
f 2659//2981 2692//3018 2691//3017
f 2657//2979 2691//3017 2690//3016
f 2656//2978 2690//3016 2689//3015
f 2655//2977 2689//3015 2688//3013
f 2631//3012 2630//2976 2654//2975
f 2254//3010 2259//3033 2687//3011
f 2653//2973 2687//3011 2686//3008
f 2651//2969 2686//3008 2685//3007
f 2684//3006 2685//3007 2683//3005
f 2682//3004 2683//3005 2681//3003
f 2680//3002 2681//3003 2679//3001
f 2678//3000 2679//3001 2677//2999
f 2676//2998 2677//2999 2675//2997
f 2674//2996 2675//2997 2673//2995
f 2672//2994 2673//2995 2671//2993
f 2670//2992 2671//2993 2669//2991
f 2668//2990 2669//2991 2667//2989
f 2666//2988 2667//2989 2665//2987
f 2664//2986 2665//2987 2663//2985
f 2662//2984 2663//2985 2661//2983
f 2660//2982 2661//2983 2659//2981
f 2658//2980 2659//2981 2657//2979
f 2648//2965 2657//2979 2656//2978
f 2646//2963 2656//2978 2655//2977
f 2644//2961 2655//2977 2654//2975
f 2629//2974 2628//2960 2643//2959
f 2250//2972 2255//3009 2653//2973
f 2652//2970 2653//2973 2651//2969
f 2651//2969 2684//3006 2241//2967
f 2649//2966 2658//2980 2648//2965
f 2647//2964 2648//2965 2646//2963
f 2645//2962 2646//2963 2644//2961
f 2641//2956 2644//2961 2643//2959
f 2627//2958 2626//2954 2639//2953
f 2642//2957 2645//2962 2641//2956
f 2640//2955 2641//2956 2639//2953
f 2625//2952 2624//2951 2638//2950
f 2623//2948 2635//3041 2637//2949
f 2708//3078 2445//3079 2446//3080
f 2446//3080 2508//3081 2708//3078
f 2446//3080 2430//3081 2508//3081
f 2709//3082 2443//3083 2444//3084
f 2444//3084 2710//3085 2709//3082
f 2709//3082 2711//3086 2443//3083
f 2712//3087 2441//3088 2442//3089
f 2442//3089 2711//3086 2712//3087
f 2712//3087 2713//3090 2441//3088
f 2714//3091 2447//3092 2449//3093
f 2449//3093 2713//3090 2714//3091
f 2449//3093 2441//3088 2713//3090
f 2448//3094 2715//3095 2716//3096
f 2716//3096 2429//3097 2448//3094
f 2716//3096 2622//3097 2429//3097
f 2448//3094 2447//3092 2715//3095
f 2714//3091 2715//3095 2447//3092
f 2442//3089 2443//3083 2711//3086
f 2444//3084 2445//3079 2710//3085
f 2708//3078 2710//3085 2445//3079
f 2264//3097 2622//3097 2717//3098
f 2718//3099 2631//3099 2632//3100
f 2633//3101 2717//3098 2719//3100
f 2719//3100 2632//3100 2633//3101
f 2720//3102 2629//3102 2630//3103
f 2631//3099 2718//3099 2721//3103
f 2721//3103 2630//3103 2631//3099
f 2722//3104 2627//3104 2628//3105
f 2629//3102 2720//3102 2723//3105
f 2723//3105 2628//3105 2629//3102
f 2724//3106 2625//3106 2626//3107
f 2627//3104 2722//3104 2725//3107
f 2725//3107 2626//3107 2627//3104
f 2726//3108 2623//3108 2624//3109
f 2625//3106 2724//3106 2727//3109
f 2727//3109 2624//3109 2625//3106
f 2728//3110 2636//3110 2635//3111
f 2623//3108 2726//3108 2729//3111
f 2729//3111 2635//3111 2623//3108
f 2621//3112 2214//3112 2634//3113
f 2636//3110 2728//3110 2730//3113
f 2730//3113 2634//3113 2636//3110
f 2634//3113 2730//3113 2621//3112
f 2635//3111 2729//3111 2728//3110
f 2624//3109 2727//3109 2726//3108
f 2626//3107 2725//3107 2724//3106
f 2628//3105 2723//3105 2722//3104
f 2630//3103 2721//3103 2720//3102
f 2632//3100 2719//3100 2718//3099
f 2717//3098 2633//3101 2264//3097
f 2621//3112 2512//3114 2509//3115
f 2731//3116 2510//3116 2512//3114
f 2512//3114 2621//3112 2731//3116
f 2513//3117 2732//3118 2733//3119
f 2510//3116 2731//3116 2732//3118
f 2732//3118 2513//3117 2511//3120
f 2732//3118 2511//3120 2510//3116
f 2515//3121 2734//3122 2735//3123
f 2514//3124 2736//3125 2734//3122
f 2734//3122 2515//3121 2514//3124
f 2514//3124 2513//3117 2736//3125
f 2515//3121 2737//3126 2738//3127
f 2738//3127 2516//3128 2515//3121
f 2515//3121 2739//3129 2737//3126
f 2738//3127 2740//3130 2516//3128
f 2518//3131 2517//3132 2741//3133
f 2741//3133 2742//3134 2518//3131
f 2742//3134 2743//3135 2518//3131
f 2744//3136 2741//3133 2517//3132
f 2517//3132 2516//3128 2744//3136
f 2745//3137 2746//3138 2519//3139
f 2746//3138 2520//3140 2519//3139
f 2519//3139 2518//3131 2745//3137
f 2747//3141 2521//3141 2523//3142
f 2520//3140 2748//3143 2749//3144
f 2749//3144 2523//3142 2520//3140
f 2526//3145 2750//3146 2751//3147
f 2521//3141 2747//3141 2750//3146
f 2750//3146 2524//3148 2522//3149
f 2750//3146 2526//3145 2524//3148
f 2750//3146 2522//3149 2521//3141
f 2525//3150 2752//3151 2753//3152
f 2525//3150 2754//3153 2752//3151
f 2526//3145 2755//3154 2754//3153
f 2754//3153 2525//3150 2526//3145
f 2756//3155 2530//3155 2529//3156
f 2529//3156 2757//3157 2758//3158
f 2527//3159 2759//3160 2757//3157
f 2757//3157 2529//3156 2528//3161
f 2757//3157 2528//3161 2527//3159
f 2758//3158 2760//3162 2529//3156
f 2527//3159 2525//3150 2759//3160
f 2530//3155 2761//3163 2762//3164
f 2762//3164 1053//3165 2530//3155
f 2530//3155 2756//3155 2761//3163
f 2762//3164 2508//3165 1053//3165
f 2529//3156 2760//3162 2756//3155
f 2753//3152 2759//3160 2525//3150
f 2751//3147 2755//3154 2526//3145
f 2523//3142 2749//3144 2747//3141
f 2746//3138 2748//3143 2520//3140
f 2743//3135 2745//3137 2518//3131
f 2740//3130 2744//3136 2516//3128
f 2735//3123 2739//3129 2515//3121
f 2733//3119 2736//3125 2513//3117
f 2509//3115 994//3166 2621//3112
f 2726//3167 2727//3168 2763//3169
f 2764//3170 2729//3171 2726//3167
f 2765//3172 2766//3173 2767//3174
f 2768//3175 2767//3174 2763//3169
f 2724//3176 2725//3177 2769//3178
f 2763//3169 2727//3168 2724//3176
f 2770//3179 2771//3180 2711//3181
f 2771//3180 2712//3182 2711//3181
f 2771//3180 2770//3179 2772//3183
f 2772//3183 2758//3184 2773//3185
f 2774//3186 2775//3187 2776//3188
f 2777//3189 2776//3188 2765//3172
f 2778//3190 2765//3172 2768//3175
f 2779//3191 2768//3175 2769//3178
f 2722//3192 2723//3193 2780//3194
f 2769//3178 2725//3177 2722//3192
f 2771//3180 2781//3195 2713//3196
f 2781//3195 2714//3197 2713//3196
f 2781//3195 2771//3180 2782//3198
f 2783//3199 2782//3198 2773//3185
f 2784//3200 2773//3185 2785//3201
f 2786//3202 2785//3201 2787//3203
f 2788//3204 2787//3203 2789//3205
f 2790//3206 2789//3205 2791//3207
f 2792//3208 2791//3207 2793//3209
f 2794//3210 2793//3209 2795//3211
f 2796//3212 2795//3211 2797//3213
f 2798//3214 2797//3213 2799//3215
f 2800//3216 2799//3215 2801//3217
f 2802//3218 2801//3217 2803//3219
f 2804//3220 2803//3219 2805//3221
f 2806//3222 2805//3221 2807//3223
f 2808//3224 2807//3223 2774//3186
f 2809//3225 2774//3186 2777//3189
f 2810//3226 2777//3189 2778//3190
f 2811//3227 2778//3190 2779//3191
f 2812//3228 2779//3191 2780//3194
f 2720//3229 2721//3230 2813//3231
f 2780//3194 2723//3193 2720//3229
f 2781//3195 2814//3232 2715//3233
f 2814//3232 2716//3234 2715//3233
f 2814//3232 2781//3195 2783//3199
f 2815//3235 2783//3199 2784//3200
f 2816//3236 2784//3200 2786//3202
f 2817//3237 2786//3202 2788//3204
f 2818//3238 2788//3204 2790//3206
f 2819//3239 2790//3206 2792//3208
f 2820//3240 2792//3208 2794//3210
f 2821//3241 2794//3210 2796//3212
f 2822//3242 2796//3212 2798//3214
f 2823//3243 2798//3214 2800//3216
f 2824//3244 2800//3216 2802//3218
f 2825//3245 2802//3218 2804//3220
f 2826//3246 2804//3220 2806//3222
f 2827//3247 2806//3222 2808//3224
f 2828//3248 2808//3224 2809//3225
f 2829//3249 2809//3225 2810//3226
f 2830//3250 2810//3226 2811//3227
f 2831//3251 2811//3227 2812//3228
f 2832//3252 2812//3228 2813//3231
f 2718//3253 2719//3254 2833//3255
f 2813//3231 2721//3230 2718//3253
f 2833//3255 2719//3254 2717//3256
f 2710//3257 2708//3258 2762//3259
f 2762//3259 2761//3260 2710//3257
f 2770//3179 2709//3261 2710//3257
f 2770//3179 2756//3262 2760//3263
f 2770//3179 2761//3260 2756//3262
f 2773//3185 2759//3264 2753//3265
f 2773//3185 2757//3266 2759//3264
f 2773//3185 2758//3184 2757//3266
f 2785//3201 2753//3265 2752//3267
f 2787//3203 2752//3267 2754//3268
f 2789//3205 2754//3268 2755//3269
f 2751//3270 2793//3209 2791//3207
f 2750//3271 2795//3211 2793//3209
f 2795//3211 2750//3271 2747//3272
f 2749//3273 2799//3215 2797//3213
f 2749//3273 2748//3274 2801//3217
f 2803//3219 2801//3217 2748//3274
f 2746//3275 2745//3276 2805//3221
f 2807//3223 2805//3221 2745//3276
f 2774//3186 2807//3223 2743//3277
f 2743//3277 2742//3278 2774//3186
f 2776//3188 2775//3187 2741//3279
f 2741//3279 2744//3280 2776//3188
f 2765//3172 2776//3188 2740//3281
f 2740//3281 2738//3282 2765//3172
f 2767//3174 2766//3173 2737//3283
f 2737//3283 2739//3284 2767//3174
f 2763//3169 2767//3174 2735//3285
f 2735//3285 2764//3170 2763//3169
f 2764//3170 2734//3286 2736//3287
f 2729//3171 2764//3170 2733//3288
f 2733//3288 2728//3289 2729//3171
f 2732//3290 2730//3291 2728//3289
f 2730//3291 2732//3290 2731//3292
f 2731//3292 2621//3293 2730//3291
f 2733//3288 2732//3290 2728//3289
f 2736//3287 2733//3288 2764//3170
f 2735//3285 2734//3286 2764//3170
f 2739//3284 2735//3285 2767//3174
f 2737//3283 2766//3173 2738//3282
f 2738//3282 2766//3173 2765//3172
f 2744//3280 2740//3281 2776//3188
f 2741//3279 2775//3187 2742//3278
f 2742//3278 2775//3187 2774//3186
f 2745//3276 2743//3277 2807//3223
f 2805//3221 2803//3219 2746//3275
f 2748//3274 2746//3275 2803//3219
f 2801//3217 2799//3215 2749//3273
f 2797//3213 2747//3272 2749//3273
f 2747//3272 2797//3213 2795//3211
f 2793//3209 2751//3270 2750//3271
f 2791//3207 2755//3269 2751//3270
f 2755//3269 2791//3207 2789//3205
f 2754//3268 2789//3205 2787//3203
f 2752//3267 2787//3203 2785//3201
f 2753//3265 2785//3201 2773//3185
f 2758//3184 2772//3183 2760//3263
f 2760//3263 2772//3183 2770//3179
f 2761//3260 2770//3179 2710//3257
f 2762//3259 2708//3258 2508//3294
f 2717//3256 2622//3295 2833//3255
f 2622//3295 2832//3252 2833//3255
f 2622//3295 2831//3251 2832//3252
f 2622//3295 2830//3250 2831//3251
f 2622//3295 2829//3249 2830//3250
f 2622//3295 2828//3248 2829//3249
f 2622//3295 2827//3247 2828//3248
f 2622//3295 2826//3246 2827//3247
f 2622//3295 2825//3245 2826//3246
f 2622//3295 2824//3244 2825//3245
f 2622//3295 2823//3243 2824//3244
f 2622//3295 2822//3242 2823//3243
f 2622//3295 2821//3241 2822//3242
f 2622//3295 2820//3240 2821//3241
f 2622//3295 2819//3239 2820//3240
f 2622//3295 2818//3238 2819//3239
f 2622//3295 2817//3237 2818//3238
f 2622//3295 2816//3236 2817//3237
f 2622//3295 2815//3235 2816//3236
f 2622//3295 2814//3232 2815//3235
f 2622//3295 2716//3234 2814//3232
f 2833//3255 2813//3231 2718//3253
f 2813//3231 2833//3255 2832//3252
f 2812//3228 2832//3252 2831//3251
f 2811//3227 2831//3251 2830//3250
f 2810//3226 2830//3250 2829//3249
f 2809//3225 2829//3249 2828//3248
f 2808//3224 2828//3248 2827//3247
f 2806//3222 2827//3247 2826//3246
f 2804//3220 2826//3246 2825//3245
f 2802//3218 2825//3245 2824//3244
f 2800//3216 2824//3244 2823//3243
f 2798//3214 2823//3243 2822//3242
f 2796//3212 2822//3242 2821//3241
f 2794//3210 2821//3241 2820//3240
f 2792//3208 2820//3240 2819//3239
f 2790//3206 2819//3239 2818//3238
f 2788//3204 2818//3238 2817//3237
f 2786//3202 2817//3237 2816//3236
f 2784//3200 2816//3236 2815//3235
f 2783//3199 2815//3235 2814//3232
f 2715//3233 2714//3197 2781//3195
f 2813//3231 2780//3194 2720//3229
f 2780//3194 2813//3231 2812//3228
f 2779//3191 2812//3228 2811//3227
f 2778//3190 2811//3227 2810//3226
f 2777//3189 2810//3226 2809//3225
f 2774//3186 2809//3225 2808//3224
f 2807//3223 2808//3224 2806//3222
f 2805//3221 2806//3222 2804//3220
f 2803//3219 2804//3220 2802//3218
f 2801//3217 2802//3218 2800//3216
f 2799//3215 2800//3216 2798//3214
f 2797//3213 2798//3214 2796//3212
f 2795//3211 2796//3212 2794//3210
f 2793//3209 2794//3210 2792//3208
f 2791//3207 2792//3208 2790//3206
f 2789//3205 2790//3206 2788//3204
f 2787//3203 2788//3204 2786//3202
f 2785//3201 2786//3202 2784//3200
f 2773//3185 2784//3200 2783//3199
f 2782//3198 2783//3199 2781//3195
f 2713//3196 2712//3182 2771//3180
f 2780//3194 2769//3178 2722//3192
f 2769//3178 2780//3194 2779//3191
f 2768//3175 2779//3191 2778//3190
f 2765//3172 2778//3190 2777//3189
f 2776//3188 2777//3189 2774//3186
f 2773//3185 2782//3198 2772//3183
f 2772//3183 2782//3198 2771//3180
f 2711//3181 2709//3261 2770//3179
f 2769//3178 2763//3169 2724//3176
f 2763//3169 2769//3178 2768//3175
f 2767//3174 2768//3175 2765//3172
f 2763//3169 2764//3170 2726//3167
f 307//3296 2834//3296 2835//3296
f 327//3296 308//3296 2836//3296
f 2835//3296 308//3296 307//3296
f 309//3296 2837//3296 2838//3296
f 423//3296 327//3296 2839//3296
f 2836//3296 2840//3296 327//3296
f 308//3296 2841//3296 2842//3296
f 307//3296 2843//3296 2834//3296
f 309//3296 2844//3296 2837//3296
f 2845//3296 312//3296 324//3296
f 312//3296 2845//3296 2846//3296
f 424//3296 423//3296 2847//3296
f 327//3296 2848//3296 2839//3296
f 308//3296 2849//3296 2836//3296
f 2842//3296 2850//3296 308//3296
f 308//3296 2851//3296 2852//3296
f 307//3296 2853//3296 2843//3296
f 307//3296 2854//3296 2855//3296
f 2838//3296 307//3296 309//3296
f 2846//3296 309//3296 312//3296
f 2839//3296 2847//3296 423//3296
f 327//3296 2856//3296 2857//3296
f 308//3296 2858//3296 2849//3296
f 2852//3296 2841//3296 308//3296
f 2855//3296 2853//3296 307//3296
f 2838//3296 2859//3296 307//3296
f 389//3296 2860//3296 2861//3296
f 2861//3296 2862//3296 322//3296
f 2863//3296 324//3296 323//3296
f 324//3296 2863//3296 2845//3296
f 327//3296 2864//3296 2848//3296
f 2840//3296 2856//3296 327//3296
f 2835//3296 2851//3296 308//3296
f 2859//3296 2865//3296 307//3296
f 309//3296 2866//3296 2867//3296
f 309//3296 2868//3296 2869//3296
f 322//3296 321//3296 2861//3296
f 416//3296 2870//3296 2860//3296
f 2871//3296 323//3296 322//3296
f 2846//3296 2868//3296 309//3296
f 327//3296 2872//3296 2864//3296
f 327//3296 2873//3296 2874//3296
f 2850//3296 2858//3296 308//3296
f 2865//3296 2875//3296 307//3296
f 309//3296 2876//3296 2866//3296
f 2869//3296 2877//3296 309//3296
f 2860//3296 389//3296 416//3296
f 323//3296 2871//3296 2863//3296
f 408//3296 2878//3296 2879//3296
f 408//3296 407//3296 2880//3296
f 391//3296 2881//3296 2882//3296
f 430//3296 2883//3296 2881//3296
f 2874//3296 2872//3296 327//3296
f 2875//3296 2854//3296 307//3296
f 2877//3296 2876//3296 309//3296
f 322//3296 2862//3296 2871//3296
f 412//3296 411//3296 2884//3296
f 411//3296 410//3296 2885//3296
f 410//3296 409//3296 2879//3296
f 2880//3296 2878//3296 408//3296
f 2881//3296 391//3296 430//3296
f 430//3296 429//3296 2886//3296
f 2857//3296 2873//3296 327//3296
f 2861//3296 321//3296 389//3296
f 414//3296 413//3296 2887//3296
f 413//3296 412//3296 2888//3296
f 2885//3296 2884//3296 411//3296
f 2879//3296 409//3296 408//3296
f 399//3296 2889//3296 2890//3296
f 398//3296 2891//3296 2889//3296
f 392//3296 2882//3296 2892//3296
f 2886//3296 2883//3296 430//3296
f 2867//3296 2844//3296 309//3296
f 416//3296 415//3296 2893//3296
f 2888//3296 2887//3296 413//3296
f 2879//3296 2885//3296 410//3296
f 406//3296 2894//3296 2880//3296
f 405//3296 2895//3296 2894//3296
f 404//3296 2896//3296 2895//3296
f 403//3296 2897//3296 2896//3296
f 402//3296 2898//3296 2897//3296
f 401//3296 2899//3296 2898//3296
f 400//3296 2890//3296 2899//3296
f 2889//3296 399//3296 398//3296
f 397//3296 2900//3296 2891//3296
f 396//3296 2901//3296 2900//3296
f 395//3296 2902//3296 2901//3296
f 394//3296 2903//3296 2902//3296
f 393//3296 2892//3296 2903//3296
f 2882//3296 392//3296 391//3296
f 2893//3296 2870//3296 416//3296
f 415//3296 414//3296 2904//3296
f 2884//3296 2888//3296 412//3296
f 2894//3296 406//3296 405//3296
f 2896//3296 404//3296 403//3296
f 2898//3296 402//3296 401//3296
f 2890//3296 400//3296 399//3296
f 2900//3296 397//3296 396//3296
f 2902//3296 395//3296 394//3296
f 2892//3296 393//3296 392//3296
f 427//3296 2905//3296 2906//3296
f 426//3296 2907//3296 2905//3296
f 424//3296 2908//3296 2909//3296
f 2904//3296 2893//3296 415//3296
f 2880//3296 407//3296 406//3296
f 2897//3296 403//3296 402//3296
f 2891//3296 398//3296 397//3296
f 2903//3296 394//3296 393//3296
f 428//3296 2906//3296 2886//3296
f 2905//3296 427//3296 426//3296
f 425//3296 2909//3296 2907//3296
f 2847//3296 2908//3296 424//3296
f 2895//3296 405//3296 404//3296
f 2901//3296 396//3296 395//3296
f 2906//3296 428//3296 427//3296
f 2909//3296 425//3296 424//3296
f 2899//3296 401//3296 400//3296
f 2907//3296 426//3296 425//3296
f 2886//3296 429//3296 428//3296
f 2887//3296 2904//3296 414//3296
f 2847//3297 2910//3297 2911//3298
f 2908//3298 2911//3298 2912//3299
f 2909//3299 2912//3299 2913//3300
f 2907//3300 2913//3300 2914//3301
f 2905//3301 2914//3301 2915//3302
f 2906//3302 2915//3302 2916//3303
f 2886//3303 2916//3303 2917//3304
f 2917//3304 2883//3304 2886//3303
f 2916//3303 2886//3303 2906//3302
f 2915//3302 2906//3302 2905//3301
f 2914//3301 2905//3301 2907//3300
f 2913//3300 2907//3300 2909//3299
f 2912//3299 2909//3299 2908//3298
f 2911//3298 2908//3298 2847//3297
f 2881//3304 2883//3304 2917//3304
f 2917//3304 2918//3304 2881//3304
f 2881//3304 2918//3304 2919//3305
f 2882//3305 2919//3305 2920//3306
f 2892//3306 2920//3306 2921//3307
f 2903//3307 2921//3307 2922//3308
f 2902//3308 2922//3308 2923//3309
f 2901//3309 2923//3309 2924//3310
f 2900//3310 2924//3310 2925//3311
f 2891//3311 2925//3311 2926//3312
f 2889//3312 2926//3312 2927//3313
f 2890//3313 2927//3313 2928//3314
f 2899//3314 2928//3314 2929//3315
f 2898//3315 2929//3315 2930//3316
f 2897//3316 2930//3316 2931//3317
f 2896//3317 2931//3317 2932//3318
f 2895//3318 2932//3318 2933//3319
f 2894//3319 2933//3319 2934//3320
f 2880//3320 2934//3320 2935//3321
f 2878//3321 2935//3321 2936//3322
f 2879//3322 2936//3322 2937//3323
f 2885//3323 2937//3323 2938//3324
f 2884//3324 2938//3324 2939//3325
f 2888//3325 2939//3325 2940//3326
f 2887//3326 2940//3326 2941//3327
f 2904//3327 2941//3327 2942//3328
f 2893//3328 2942//3328 2943//3329
f 2870//3329 2943//3329 2944//3330
f 2944//3330 2860//3330 2870//3329
f 2943//3329 2870//3329 2893//3328
f 2942//3328 2893//3328 2904//3327
f 2941//3327 2904//3327 2887//3326
f 2940//3326 2887//3326 2888//3325
f 2939//3325 2888//3325 2884//3324
f 2938//3324 2884//3324 2885//3323
f 2937//3323 2885//3323 2879//3322
f 2936//3322 2879//3322 2878//3321
f 2935//3321 2878//3321 2880//3320
f 2934//3320 2880//3320 2894//3319
f 2933//3319 2894//3319 2895//3318
f 2932//3318 2895//3318 2896//3317
f 2931//3317 2896//3317 2897//3316
f 2930//3316 2897//3316 2898//3315
f 2929//3315 2898//3315 2899//3314
f 2928//3314 2899//3314 2890//3313
f 2927//3313 2890//3313 2889//3312
f 2926//3312 2889//3312 2891//3311
f 2925//3311 2891//3311 2900//3310
f 2924//3310 2900//3310 2901//3309
f 2923//3309 2901//3309 2902//3308
f 2922//3308 2902//3308 2903//3307
f 2921//3307 2903//3307 2892//3306
f 2920//3306 2892//3306 2882//3305
f 2919//3305 2882//3305 2881//3304
f 2861//3330 2860//3330 2944//3330
f 2944//3330 2945//3330 2861//3330
f 2862//3331 2861//3330 2945//3330
f 2871//3332 2862//3331 2946//3331
f 2863//3333 2871//3332 2947//3332
f 2845//3334 2863//3333 2948//3333
f 2948//3333 2949//3334 2845//3334
f 2947//3332 2948//3333 2863//3333
f 2946//3331 2947//3332 2871//3332
f 2945//3330 2946//3331 2862//3331
f 2950//3335 2951//3335 2838//3335
f 2838//3335 2837//3335 2950//3335
f 2952//3336 2953//3336 2840//3336
f 2840//3336 2836//3336 2952//3336
f 2840//3336 2953//3336 2954//3337
f 2856//3338 2954//3337 2955//3339
f 2955//3339 2857//3340 2856//3338
f 2857//3340 2956//3341 2957//3342
f 2957//3342 2873//3343 2857//3340
f 2874//3344 2873//3343 2958//3345
f 2873//3343 2959//3346 2958//3345
f 2872//3347 2874//3344 2960//3348
f 2874//3344 2961//3349 2960//3348
f 2864//3350 2872//3347 2962//3351
f 2872//3347 2963//3352 2962//3351
f 2864//3350 2964//3353 2965//3354
f 2965//3354 2848//3355 2864//3350
f 2848//3355 2966//3356 2967//3357
f 2967//3357 2839//3358 2848//3355
f 2967//3357 2968//3358 2839//3358
f 2965//3354 2966//3356 2848//3355
f 2962//3351 2964//3353 2864//3350
f 2960//3348 2963//3352 2872//3347
f 2958//3345 2961//3349 2874//3344
f 2957//3342 2959//3346 2873//3343
f 2955//3339 2956//3341 2857//3340
f 2954//3337 2856//3338 2840//3336
f 2851//3359 2835//3360 2969//3361
f 2835//3360 2970//3360 2969//3361
f 2852//3362 2851//3359 2971//3363
f 2851//3359 2972//3364 2971//3363
f 2852//3362 2973//3365 2974//3366
f 2974//3366 2841//3367 2852//3362
f 2841//3367 2975//3368 2976//3369
f 2976//3369 2842//3370 2841//3367
f 2842//3370 2977//3371 2978//3372
f 2978//3372 2850//3373 2842//3370
f 2850//3373 2979//3374 2980//3375
f 2980//3375 2858//3376 2850//3373
f 2858//3376 2981//3377 2982//3378
f 2982//3378 2849//3379 2858//3376
f 2849//3379 2983//3380 2952//3381
f 2952//3381 2836//3381 2849//3379
f 2982//3378 2983//3380 2849//3379
f 2980//3375 2981//3377 2858//3376
f 2978//3372 2979//3374 2850//3373
f 2976//3369 2977//3371 2842//3370
f 2974//3366 2975//3368 2841//3367
f 2971//3363 2973//3365 2852//3362
f 2969//3361 2972//3364 2851//3359
f 2984//3382 2985//3382 2986//3383
f 2987//3383 2986//3383 2988//3384
f 2988//3384 2989//3384 2987//3383
f 2984//3382 2990//3385 2991//3385
f 2992//3386 2993//3386 2991//3385
f 2991//3385 2990//3385 2992//3386
f 2994//3387 2995//3388 2996//3388
f 2992//3386 2996//3388 2995//3388
f 2995//3388 2993//3386 2992//3386
f 2997//3389 2998//3390 2999//3390
f 2997//3389 3000//3389 2994//3387
f 2994//3387 3001//3391 2997//3389
f 3002//3392 2999//3390 2998//3390
f 3002//3392 3003//3392 3004//3393
f 3004//3393 3005//3393 3002//3392
f 3004//3393 3006//3394 3007//3394
f 3007//3394 3006//3394 3008//3395
f 3008//3395 3009//3395 3007//3394
f 3010//3396 3011//3396 3009//3395
f 3011//3396 3010//3396 3012//3397
f 3012//3397 3013//3397 3011//3396
f 3014//3398 3015//3399 3016//3399
f 3012//3397 3016//3399 3015//3399
f 3015//3399 3013//3397 3012//3397
f 3014//3398 3017//3398 2953//3400
f 2953//3400 2952//3400 3014//3398
f 3016//3399 3017//3398 3014//3398
f 3009//3395 3008//3395 3010//3396
f 3007//3394 3005//3393 3004//3393
f 2998//3390 3003//3392 3002//3392
f 2999//3390 3000//3389 2997//3389
f 2996//3388 3001//3391 2994//3387
f 2991//3385 2985//3382 2984//3382
f 2986//3383 2987//3383 2984//3382
f 2918//3401 2917//3401 3018//3402
f 3019//3402 3018//3402 3020//3403
f 3021//3403 3020//3403 3022//3404
f 3023//3404 3022//3404 3024//3405
f 3025//3405 3024//3405 3026//3406
f 3027//3406 3026//3406 3028//3407
f 3029//3407 3028//3407 3030//3408
f 3031//3408 3030//3408 3032//3409
f 3032//3409 3033//3409 3031//3408
f 3030//3408 3031//3408 3029//3407
f 3028//3407 3029//3407 3027//3406
f 3026//3406 3027//3406 3025//3405
f 3024//3405 3025//3405 3023//3404
f 3022//3404 3023//3404 3021//3403
f 3020//3403 3021//3403 3019//3402
f 3018//3402 3019//3402 2918//3401
f 3034//3410 2944//3411 2943//3412
f 3067//3413 2943//3412 2942//3414
f 3068//3415 2942//3414 2941//3416
f 3069//3417 2941//3416 2940//3418
f 3070//3419 2940//3418 2939//3420
f 3071//3421 2939//3420 2938//3422
f 3072//3423 2938//3422 2937//3424
f 3073//3425 2937//3424 2936//3426
f 3074//3427 2936//3426 2935//3428
f 3075//3429 2935//3428 2934//3430
f 3076//3431 2934//3430 2933//3432
f 3077//3433 2933//3432 2932//3434
f 3078//3435 2932//3434 2931//3436
f 3079//3437 2931//3436 2930//3438
f 3080//3439 2930//3438 2929//3440
f 3081//3441 2929//3440 2928//3442
f 3082//3443 2928//3442 2927//3444
f 3083//3445 2927//3444 2926//3446
f 3084//3447 2926//3446 2925//3448
f 3085//3449 2925//3448 2924//3450
f 3086//3451 2924//3450 2923//3452
f 3087//3453 2923//3452 2922//3454
f 3088//3455 2922//3454 2921//3456
f 3089//3457 2921//3456 2920//3458
f 3090//3459 2920//3458 2919//3460
f 3091//3461 2919//3460 2918//3462
f 3035//3463 3034//3410 3067//3413
f 3092//3464 3067//3413 3068//3415
f 3093//3465 3068//3415 3069//3417
f 3094//3466 3069//3417 3070//3419
f 3095//3467 3070//3419 3071//3421
f 3096//3468 3071//3421 3072//3423
f 3097//3469 3072//3423 3073//3425
f 3098//3470 3073//3425 3074//3427
f 3099//3471 3074//3427 3075//3429
f 3100//3472 3075//3429 3076//3431
f 3101//3473 3076//3431 3077//3433
f 3102//3474 3077//3433 3078//3435
f 3103//3475 3078//3435 3079//3437
f 3104//3476 3079//3437 3080//3439
f 3105//3477 3080//3439 3081//3441
f 3106//3478 3081//3441 3082//3443
f 3107//3479 3082//3443 3083//3445
f 3108//3480 3083//3445 3084//3447
f 3109//3481 3084//3447 3085//3449
f 3110//3482 3085//3449 3086//3451
f 3111//3483 3086//3451 3087//3453
f 3112//3484 3087//3453 3088//3455
f 3113//3485 3088//3455 3089//3457
f 3114//3486 3089//3457 3090//3459
f 3115//3487 3090//3459 3091//3461
f 3116//3488 3091//3461 3019//3489
f 3036//3490 3035//3463 3092//3464
f 3117//3491 3092//3464 3093//3465
f 3118//3492 3093//3465 3094//3466
f 3119//3493 3094//3466 3095//3467
f 3120//3494 3095//3467 3096//3468
f 3121//3495 3096//3468 3097//3469
f 3122//3496 3097//3469 3098//3470
f 3123//3497 3098//3470 3099//3471
f 3124//3498 3099//3471 3100//3472
f 3125//3499 3100//3472 3101//3473
f 3126//3500 3101//3473 3102//3474
f 3127//3501 3102//3474 3103//3475
f 3128//3502 3103//3475 3104//3476
f 3129//3503 3104//3476 3105//3477
f 3130//3504 3105//3477 3106//3478
f 3131//3505 3106//3478 3107//3479
f 3132//3506 3107//3479 3108//3480
f 3133//3507 3108//3480 3109//3481
f 3134//3508 3109//3481 3110//3482
f 3135//3509 3110//3482 3111//3483
f 3136//3510 3111//3483 3112//3484
f 3137//3511 3112//3484 3113//3485
f 3138//3512 3113//3485 3114//3486
f 3139//3513 3114//3486 3115//3487
f 3140//3514 3115//3487 3116//3488
f 3141//3515 3116//3488 3021//3516
f 3037//3517 3036//3490 3117//3491
f 3142//3518 3117//3491 3118//3492
f 3143//3519 3118//3492 3119//3493
f 3144//3520 3119//3493 3120//3494
f 3145//3521 3120//3494 3121//3495
f 3146//3522 3121//3495 3122//3496
f 3147//3523 3122//3496 3123//3497
f 3148//3524 3123//3497 3124//3498
f 3149//3525 3124//3498 3125//3499
f 3150//3526 3125//3499 3126//3500
f 3151//3527 3126//3500 3127//3501
f 3152//3528 3127//3501 3128//3502
f 3153//3529 3128//3502 3129//3503
f 3154//3530 3129//3503 3130//3504
f 3155//3531 3130//3504 3131//3505
f 3156//3532 3131//3505 3132//3506
f 3157//3533 3132//3506 3133//3507
f 3158//3534 3133//3507 3134//3508
f 3159//3535 3134//3508 3135//3509
f 3160//3536 3135//3509 3136//3510
f 3161//3537 3136//3510 3137//3511
f 3162//3538 3137//3511 3138//3512
f 3163//3539 3138//3512 3139//3513
f 3164//3540 3139//3513 3140//3514
f 3165//3541 3140//3514 3141//3515
f 3166//3542 3141//3515 3023//3543
f 3038//3544 3037//3517 3142//3518
f 3167//3545 3142//3518 3143//3519
f 3168//3546 3143//3519 3144//3520
f 3169//3547 3144//3520 3145//3521
f 3170//3548 3145//3521 3146//3522
f 3171//3549 3146//3522 3147//3523
f 3172//3550 3147//3523 3148//3524
f 3173//3551 3148//3524 3149//3525
f 3174//3552 3149//3525 3150//3526
f 3175//3553 3150//3526 3151//3527
f 3176//3554 3151//3527 3152//3528
f 3177//3555 3152//3528 3153//3529
f 3178//3556 3153//3529 3154//3530
f 3179//3557 3154//3530 3155//3531
f 3180//3558 3155//3531 3156//3532
f 3181//3559 3156//3532 3157//3533
f 3182//3560 3157//3533 3158//3534
f 3183//3561 3158//3534 3159//3535
f 3184//3562 3159//3535 3160//3536
f 3185//3563 3160//3536 3161//3537
f 3186//3564 3161//3537 3162//3538
f 3187//3565 3162//3538 3163//3539
f 3188//3566 3163//3539 3164//3540
f 3189//3567 3164//3540 3165//3541
f 3190//3568 3165//3541 3166//3542
f 3191//3569 3166//3542 3025//3570
f 3039//3571 3038//3544 3167//3545
f 3192//3572 3167//3545 3168//3546
f 3193//3573 3168//3546 3169//3547
f 3194//3574 3169//3547 3170//3548
f 3195//3575 3170//3548 3171//3549
f 3196//3576 3171//3549 3172//3550
f 3197//3577 3172//3550 3173//3551
f 3198//3578 3173//3551 3174//3552
f 3199//3579 3174//3552 3175//3553
f 3200//3580 3175//3553 3176//3554
f 3201//3581 3176//3554 3177//3555
f 3202//3582 3177//3555 3178//3556
f 3203//3583 3178//3556 3179//3557
f 3204//3584 3179//3557 3180//3558
f 3205//3585 3180//3558 3181//3559
f 3206//3586 3181//3559 3182//3560
f 3207//3587 3182//3560 3183//3561
f 3208//3588 3183//3561 3184//3562
f 3209//3589 3184//3562 3185//3563
f 3210//3590 3185//3563 3186//3564
f 3211//3591 3186//3564 3187//3565
f 3212//3592 3187//3565 3188//3566
f 3213//3593 3188//3566 3189//3567
f 3214//3594 3189//3567 3190//3568
f 3215//3595 3190//3568 3191//3569
f 3216//3596 3191//3569 3027//3597
f 3040//3598 3039//3571 3192//3572
f 3217//3599 3192//3572 3193//3573
f 3218//3600 3193//3573 3194//3574
f 3219//3601 3194//3574 3195//3575
f 3220//3602 3195//3575 3196//3576
f 3221//3603 3196//3576 3197//3577
f 3222//3604 3197//3577 3198//3578
f 3223//3605 3198//3578 3199//3579
f 3224//3606 3199//3579 3200//3580
f 3225//3607 3200//3580 3201//3581
f 3226//3608 3201//3581 3202//3582
f 3227//3609 3202//3582 3203//3583
f 3228//3610 3203//3583 3204//3584
f 3229//3611 3204//3584 3205//3585
f 3230//3612 3205//3585 3206//3586
f 3231//3613 3206//3586 3207//3587
f 3232//3614 3207//3587 3208//3588
f 3233//3615 3208//3588 3209//3589
f 3234//3616 3209//3589 3210//3590
f 3235//3617 3210//3590 3211//3591
f 3236//3618 3211//3591 3212//3592
f 3237//3619 3212//3592 3213//3593
f 3238//3620 3213//3593 3214//3594
f 3239//3621 3214//3594 3215//3595
f 3240//3622 3215//3595 3216//3596
f 3241//3623 3216//3596 3029//3624
f 3041//3625 3040//3598 3217//3599
f 3042//3626 3217//3599 3218//3600
f 3043//3627 3218//3600 3219//3601
f 3044//3628 3219//3601 3220//3602
f 3045//3629 3220//3602 3221//3603
f 3046//3630 3221//3603 3222//3604
f 3047//3631 3222//3604 3223//3605
f 3048//3632 3223//3605 3224//3606
f 3049//3633 3224//3606 3225//3607
f 3050//3634 3225//3607 3226//3608
f 3051//3635 3226//3608 3227//3609
f 3052//3636 3227//3609 3228//3610
f 3053//3637 3228//3610 3229//3611
f 3054//3638 3229//3611 3230//3612
f 3055//3639 3230//3612 3231//3613
f 3056//3640 3231//3613 3232//3614
f 3057//3641 3232//3614 3233//3615
f 3058//3642 3233//3615 3234//3616
f 3059//3643 3234//3616 3235//3617
f 3060//3644 3235//3617 3236//3618
f 3061//3645 3236//3618 3237//3619
f 3062//3646 3237//3619 3238//3620
f 3063//3647 3238//3620 3239//3621
f 3064//3648 3239//3621 3240//3622
f 3065//3649 3240//3622 3241//3623
f 3066//3650 3241//3623 3031//3651
f 3031//3651 3033//3652 3066//3650
f 3241//3623 3066//3650 3065//3649
f 3240//3622 3065//3649 3064//3648
f 3239//3621 3064//3648 3063//3647
f 3238//3620 3063//3647 3062//3646
f 3237//3619 3062//3646 3061//3645
f 3236//3618 3061//3645 3060//3644
f 3235//3617 3060//3644 3059//3643
f 3234//3616 3059//3643 3058//3642
f 3233//3615 3058//3642 3057//3641
f 3232//3614 3057//3641 3056//3640
f 3231//3613 3056//3640 3055//3639
f 3230//3612 3055//3639 3054//3638
f 3229//3611 3054//3638 3053//3637
f 3228//3610 3053//3637 3052//3636
f 3227//3609 3052//3636 3051//3635
f 3226//3608 3051//3635 3050//3634
f 3225//3607 3050//3634 3049//3633
f 3224//3606 3049//3633 3048//3632
f 3223//3605 3048//3632 3047//3631
f 3222//3604 3047//3631 3046//3630
f 3221//3603 3046//3630 3045//3629
f 3220//3602 3045//3629 3044//3628
f 3219//3601 3044//3628 3043//3627
f 3218//3600 3043//3627 3042//3626
f 3217//3599 3042//3626 3041//3625
f 3029//3624 3031//3651 3241//3623
f 3216//3596 3241//3623 3240//3622
f 3215//3595 3240//3622 3239//3621
f 3214//3594 3239//3621 3238//3620
f 3213//3593 3238//3620 3237//3619
f 3212//3592 3237//3619 3236//3618
f 3211//3591 3236//3618 3235//3617
f 3210//3590 3235//3617 3234//3616
f 3209//3589 3234//3616 3233//3615
f 3208//3588 3233//3615 3232//3614
f 3207//3587 3232//3614 3231//3613
f 3206//3586 3231//3613 3230//3612
f 3205//3585 3230//3612 3229//3611
f 3204//3584 3229//3611 3228//3610
f 3203//3583 3228//3610 3227//3609
f 3202//3582 3227//3609 3226//3608
f 3201//3581 3226//3608 3225//3607
f 3200//3580 3225//3607 3224//3606
f 3199//3579 3224//3606 3223//3605
f 3198//3578 3223//3605 3222//3604
f 3197//3577 3222//3604 3221//3603
f 3196//3576 3221//3603 3220//3602
f 3195//3575 3220//3602 3219//3601
f 3194//3574 3219//3601 3218//3600
f 3193//3573 3218//3600 3217//3599
f 3192//3572 3217//3599 3040//3598
f 3027//3597 3029//3624 3216//3596
f 3191//3569 3216//3596 3215//3595
f 3190//3568 3215//3595 3214//3594
f 3189//3567 3214//3594 3213//3593
f 3188//3566 3213//3593 3212//3592
f 3187//3565 3212//3592 3211//3591
f 3186//3564 3211//3591 3210//3590
f 3185//3563 3210//3590 3209//3589
f 3184//3562 3209//3589 3208//3588
f 3183//3561 3208//3588 3207//3587
f 3182//3560 3207//3587 3206//3586
f 3181//3559 3206//3586 3205//3585
f 3180//3558 3205//3585 3204//3584
f 3179//3557 3204//3584 3203//3583
f 3178//3556 3203//3583 3202//3582
f 3177//3555 3202//3582 3201//3581
f 3176//3554 3201//3581 3200//3580
f 3175//3553 3200//3580 3199//3579
f 3174//3552 3199//3579 3198//3578
f 3173//3551 3198//3578 3197//3577
f 3172//3550 3197//3577 3196//3576
f 3171//3549 3196//3576 3195//3575
f 3170//3548 3195//3575 3194//3574
f 3169//3547 3194//3574 3193//3573
f 3168//3546 3193//3573 3192//3572
f 3167//3545 3192//3572 3039//3571
f 3025//3570 3027//3597 3191//3569
f 3166//3542 3191//3569 3190//3568
f 3165//3541 3190//3568 3189//3567
f 3164//3540 3189//3567 3188//3566
f 3163//3539 3188//3566 3187//3565
f 3162//3538 3187//3565 3186//3564
f 3161//3537 3186//3564 3185//3563
f 3160//3536 3185//3563 3184//3562
f 3159//3535 3184//3562 3183//3561
f 3158//3534 3183//3561 3182//3560
f 3157//3533 3182//3560 3181//3559
f 3156//3532 3181//3559 3180//3558
f 3155//3531 3180//3558 3179//3557
f 3154//3530 3179//3557 3178//3556
f 3153//3529 3178//3556 3177//3555
f 3152//3528 3177//3555 3176//3554
f 3151//3527 3176//3554 3175//3553
f 3150//3526 3175//3553 3174//3552
f 3149//3525 3174//3552 3173//3551
f 3148//3524 3173//3551 3172//3550
f 3147//3523 3172//3550 3171//3549
f 3146//3522 3171//3549 3170//3548
f 3145//3521 3170//3548 3169//3547
f 3144//3520 3169//3547 3168//3546
f 3143//3519 3168//3546 3167//3545
f 3142//3518 3167//3545 3038//3544
f 3023//3543 3025//3570 3166//3542
f 3141//3515 3166//3542 3165//3541
f 3140//3514 3165//3541 3164//3540
f 3139//3513 3164//3540 3163//3539
f 3138//3512 3163//3539 3162//3538
f 3137//3511 3162//3538 3161//3537
f 3136//3510 3161//3537 3160//3536
f 3135//3509 3160//3536 3159//3535
f 3134//3508 3159//3535 3158//3534
f 3133//3507 3158//3534 3157//3533
f 3132//3506 3157//3533 3156//3532
f 3131//3505 3156//3532 3155//3531
f 3130//3504 3155//3531 3154//3530
f 3129//3503 3154//3530 3153//3529
f 3128//3502 3153//3529 3152//3528
f 3127//3501 3152//3528 3151//3527
f 3126//3500 3151//3527 3150//3526
f 3125//3499 3150//3526 3149//3525
f 3124//3498 3149//3525 3148//3524
f 3123//3497 3148//3524 3147//3523
f 3122//3496 3147//3523 3146//3522
f 3121//3495 3146//3522 3145//3521
f 3120//3494 3145//3521 3144//3520
f 3119//3493 3144//3520 3143//3519
f 3118//3492 3143//3519 3142//3518
f 3117//3491 3142//3518 3037//3517
f 3021//3516 3023//3543 3141//3515
f 3116//3488 3141//3515 3140//3514
f 3115//3487 3140//3514 3139//3513
f 3114//3486 3139//3513 3138//3512
f 3113//3485 3138//3512 3137//3511
f 3112//3484 3137//3511 3136//3510
f 3111//3483 3136//3510 3135//3509
f 3110//3482 3135//3509 3134//3508
f 3109//3481 3134//3508 3133//3507
f 3108//3480 3133//3507 3132//3506
f 3107//3479 3132//3506 3131//3505
f 3106//3478 3131//3505 3130//3504
f 3105//3477 3130//3504 3129//3503
f 3104//3476 3129//3503 3128//3502
f 3103//3475 3128//3502 3127//3501
f 3102//3474 3127//3501 3126//3500
f 3101//3473 3126//3500 3125//3499
f 3100//3472 3125//3499 3124//3498
f 3099//3471 3124//3498 3123//3497
f 3098//3470 3123//3497 3122//3496
f 3097//3469 3122//3496 3121//3495
f 3096//3468 3121//3495 3120//3494
f 3095//3467 3120//3494 3119//3493
f 3094//3466 3119//3493 3118//3492
f 3093//3465 3118//3492 3117//3491
f 3092//3464 3117//3491 3036//3490
f 3019//3489 3021//3516 3116//3488
f 3091//3461 3116//3488 3115//3487
f 3090//3459 3115//3487 3114//3486
f 3089//3457 3114//3486 3113//3485
f 3088//3455 3113//3485 3112//3484
f 3087//3453 3112//3484 3111//3483
f 3086//3451 3111//3483 3110//3482
f 3085//3449 3110//3482 3109//3481
f 3084//3447 3109//3481 3108//3480
f 3083//3445 3108//3480 3107//3479
f 3082//3443 3107//3479 3106//3478
f 3081//3441 3106//3478 3105//3477
f 3080//3439 3105//3477 3104//3476
f 3079//3437 3104//3476 3103//3475
f 3078//3435 3103//3475 3102//3474
f 3077//3433 3102//3474 3101//3473
f 3076//3431 3101//3473 3100//3472
f 3075//3429 3100//3472 3099//3471
f 3074//3427 3099//3471 3098//3470
f 3073//3425 3098//3470 3097//3469
f 3072//3423 3097//3469 3096//3468
f 3071//3421 3096//3468 3095//3467
f 3070//3419 3095//3467 3094//3466
f 3069//3417 3094//3466 3093//3465
f 3068//3415 3093//3465 3092//3464
f 3067//3413 3092//3464 3035//3463
f 2918//3462 3019//3489 3091//3461
f 2919//3460 3091//3461 3090//3459
f 2920//3458 3090//3459 3089//3457
f 2921//3456 3089//3457 3088//3455
f 2922//3454 3088//3455 3087//3453
f 2923//3452 3087//3453 3086//3451
f 2924//3450 3086//3451 3085//3449
f 2925//3448 3085//3449 3084//3447
f 2926//3446 3084//3447 3083//3445
f 2927//3444 3083//3445 3082//3443
f 2928//3442 3082//3443 3081//3441
f 2929//3440 3081//3441 3080//3439
f 2930//3438 3080//3439 3079//3437
f 2931//3436 3079//3437 3078//3435
f 2932//3434 3078//3435 3077//3433
f 2933//3432 3077//3433 3076//3431
f 2934//3430 3076//3431 3075//3429
f 2935//3428 3075//3429 3074//3427
f 2936//3426 3074//3427 3073//3425
f 2937//3424 3073//3425 3072//3423
f 2938//3422 3072//3423 3071//3421
f 2939//3420 3071//3421 3070//3419
f 2940//3418 3070//3419 3069//3417
f 2941//3416 3069//3417 3068//3415
f 2942//3414 3068//3415 3067//3413
f 2943//3412 3067//3413 3034//3410
f 2945//3653 2944//3653 3034//3654
f 3242//3654 3034//3654 3035//3655
f 3243//3655 3035//3655 3036//3656
f 3244//3656 3036//3656 3037//3657
f 3245//3657 3037//3657 3038//3658
f 3246//3658 3038//3658 3039//3659
f 3247//3659 3039//3659 3040//3660
f 3248//3660 3040//3660 3041//3661
f 3041//3661 3249//3661 3248//3660
f 3040//3660 3248//3660 3247//3659
f 3039//3659 3247//3659 3246//3658
f 3038//3658 3246//3658 3245//3657
f 3037//3657 3245//3657 3244//3656
f 3036//3656 3244//3656 3243//3655
f 3035//3655 3243//3655 3242//3654
f 3034//3654 3242//3654 2945//3653
f 3033//3662 3250//3662 3251//3663
f 3066//3663 3251//3663 3252//3664
f 3065//3664 3252//3664 3253//3665
f 3064//3665 3253//3665 3254//3666
f 3063//3666 3254//3666 3255//3667
f 3062//3667 3255//3667 3256//3668
f 3061//3668 3256//3668 3257//3669
f 3060//3669 3257//3669 3258//3670
f 3059//3670 3258//3670 3259//3671
f 3058//3671 3259//3671 3260//3672
f 3057//3672 3260//3672 3261//3673
f 3056//3673 3261//3673 3262//3674
f 3055//3674 3262//3674 3263//3675
f 3054//3675 3263//3675 3264//3676
f 3053//3676 3264//3676 3265//3677
f 3052//3677 3265//3677 3266//3678
f 3051//3678 3266//3678 3267//3679
f 3050//3679 3267//3679 3268//3680
f 3049//3680 3268//3680 3269//3681
f 3048//3681 3269//3681 3270//3682
f 3047//3682 3270//3682 3271//3683
f 3046//3683 3271//3683 3272//3684
f 3045//3684 3272//3684 3273//3685
f 3044//3685 3273//3685 3274//3686
f 3043//3686 3274//3686 3275//3687
f 3042//3687 3275//3687 3276//3688
f 3276//3688 3041//3688 3042//3687
f 3275//3687 3042//3687 3043//3686
f 3274//3686 3043//3686 3044//3685
f 3273//3685 3044//3685 3045//3684
f 3272//3684 3045//3684 3046//3683
f 3271//3683 3046//3683 3047//3682
f 3270//3682 3047//3682 3048//3681
f 3269//3681 3048//3681 3049//3680
f 3268//3680 3049//3680 3050//3679
f 3267//3679 3050//3679 3051//3678
f 3266//3678 3051//3678 3052//3677
f 3265//3677 3052//3677 3053//3676
f 3264//3676 3053//3676 3054//3675
f 3263//3675 3054//3675 3055//3674
f 3262//3674 3055//3674 3056//3673
f 3261//3673 3056//3673 3057//3672
f 3260//3672 3057//3672 3058//3671
f 3259//3671 3058//3671 3059//3670
f 3258//3670 3059//3670 3060//3669
f 3257//3669 3060//3669 3061//3668
f 3256//3668 3061//3668 3062//3667
f 3255//3667 3062//3667 3063//3666
f 3254//3666 3063//3666 3064//3665
f 3253//3665 3064//3665 3065//3664
f 3252//3664 3065//3664 3066//3663
f 3251//3663 3066//3663 3033//3662
f 2838//3689 2951//3689 3277//3690
f 2859//3691 3277//3690 3278//3692
f 3278//3692 2865//3693 2859//3691
f 2865//3693 3279//3694 3280//3695
f 3280//3695 2875//3696 2865//3693
f 2854//3697 2875//3696 3281//3698
f 2875//3696 3282//3699 3281//3698
f 2855//3700 2854//3697 3283//3701
f 2854//3697 3284//3702 3283//3701
f 2853//3703 2855//3700 3285//3704
f 2855//3700 3286//3705 3285//3704
f 2853//3703 3287//3706 3288//3707
f 3288//3707 2843//3708 2853//3703
f 2843//3708 3289//3709 3290//3710
f 3290//3710 2834//3711 2843//3708
f 3290//3710 3291//3711 2834//3711
f 3288//3707 3289//3709 2843//3708
f 3285//3704 3287//3706 2853//3703
f 3283//3701 3286//3705 2855//3700
f 3281//3698 3284//3702 2854//3697
f 3280//3695 3282//3699 2875//3696
f 3278//3692 3279//3694 2865//3693
f 3277//3690 2859//3691 2838//3689
f 2868//3712 2846//3713 3292//3714
f 2846//3713 3293//3713 3292//3714
f 2869//3715 2868//3712 3294//3716
f 2868//3712 3295//3717 3294//3716
f 2869//3715 3296//3718 3297//3719
f 3297//3719 2877//3720 2869//3715
f 2877//3720 3298//3721 3299//3722
f 3299//3722 2876//3723 2877//3720
f 2876//3723 3300//3724 3301//3725
f 3301//3725 2866//3726 2876//3723
f 2866//3726 3302//3727 3303//3728
f 3303//3728 2867//3729 2866//3726
f 2867//3729 3304//3730 3305//3731
f 3305//3731 2844//3732 2867//3729
f 2844//3732 3306//3733 2950//3734
f 2950//3734 2837//3734 2844//3732
f 3305//3731 3306//3733 2844//3732
f 3303//3728 3304//3730 2867//3729
f 3301//3725 3302//3727 2866//3726
f 3299//3722 3300//3724 2876//3723
f 3297//3719 3298//3721 2877//3720
f 3294//3716 3296//3718 2869//3715
f 3292//3714 3295//3717 2868//3712
f 3307//3735 3308//3735 3309//3736
f 3310//3736 3309//3736 3311//3737
f 3311//3737 3312//3737 3310//3736
f 3313//3738 3314//3739 3315//3739
f 3308//3735 3307//3735 3315//3739
f 3315//3739 3314//3739 3308//3735
f 3316//3740 3313//3738 3317//3741
f 3318//3742 3319//3742 3316//3740
f 3316//3740 3320//3743 3318//3742
f 3321//3744 3322//3745 3323//3745
f 3318//3742 3321//3744 3324//3744
f 3324//3744 3319//3742 3318//3742
f 3323//3745 3322//3745 3325//3746
f 3326//3746 3325//3746 3327//3747
f 3327//3747 3328//3747 3326//3746
f 3329//3748 3330//3749 3331//3749
f 3330//3749 3328//3747 3327//3747
f 3327//3747 3331//3749 3330//3749
f 3329//3748 3332//3748 3333//3750
f 3334//3750 3333//3750 3335//3751
f 3335//3751 3336//3751 3334//3750
f 3337//3752 3338//3753 3339//3753
f 3337//3752 3340//3752 3336//3751
f 3336//3751 3335//3751 3337//3752
f 3339//3753 3338//3753 2951//3754
f 2951//3754 2950//3754 3339//3753
f 3339//3753 3340//3752 3337//3752
f 3333//3750 3334//3750 3329//3748
f 3331//3749 3332//3748 3329//3748
f 3325//3746 3326//3746 3323//3745
f 3323//3745 3324//3744 3321//3744
f 3317//3741 3320//3743 3316//3740
f 3315//3739 3317//3741 3313//3738
f 3309//3736 3310//3736 3307//3735
f 2984//3755 3363//3756 3364//3757
f 3364//3757 2990//3758 2984//3755
f 2992//3759 3364//3757 3365//3760
f 3365//3760 2996//3761 2992//3759
f 3365//3760 3364//3757 3366//3762
f 3367//3763 3366//3762 3368//3764
f 3369//3765 3368//3764 3370//3766
f 3371//3767 2967//3768 2966//3769
f 2966//3769 3372//3770 3371//3767
f 3001//3771 3365//3760 3373//3772
f 3373//3772 2997//3773 3001//3771
f 3373//3772 3365//3760 3367//3763
f 3374//3774 3367//3763 3369//3765
f 3375//3775 3369//3765 3376//3776
f 3377//3777 3376//3776 3378//3778
f 3379//3779 3378//3778 3380//3780
f 3381//3781 3380//3780 3382//3782
f 3383//3783 3382//3782 3384//3784
f 3385//3785 3384//3784 3386//3786
f 3387//3787 3386//3786 3388//3788
f 3389//3789 3388//3788 3390//3790
f 3391//3791 3390//3790 3392//3792
f 3393//3793 3392//3792 3394//3794
f 3395//3795 3394//3794 3372//3770
f 3396//3796 3372//3770 2964//3797
f 3372//3770 2965//3798 2964//3797
f 2998//3799 3373//3772 3397//3800
f 3397//3800 3003//3801 2998//3799
f 3397//3800 3373//3772 3374//3774
f 3398//3802 3374//3774 3375//3775
f 3399//3803 3375//3775 3377//3777
f 3400//3804 3377//3777 3379//3779
f 3401//3805 3379//3779 3381//3781
f 3402//3806 3381//3781 3383//3783
f 3403//3807 3383//3783 3385//3785
f 3404//3808 3385//3785 3387//3787
f 3405//3809 3387//3787 3389//3789
f 3406//3810 3389//3789 3391//3791
f 3407//3811 3391//3791 3393//3793
f 3408//3812 3393//3793 3395//3795
f 3409//3813 3395//3795 3396//3796
f 3410//3814 3396//3796 2963//3815
f 3396//3796 2962//3816 2963//3815
f 3004//3817 3397//3800 3411//3818
f 3411//3818 3006//3819 3004//3817
f 3411//3818 3397//3800 3398//3802
f 3412//3820 3398//3802 3399//3803
f 3413//3821 3399//3803 3400//3804
f 3414//3822 3400//3804 3401//3805
f 3415//3823 3401//3805 3402//3806
f 3416//3824 3402//3806 3403//3807
f 3417//3825 3403//3807 3404//3808
f 3418//3826 3404//3808 3405//3809
f 3419//3827 3405//3809 3406//3810
f 3420//3828 3406//3810 3407//3811
f 3421//3829 3407//3811 3408//3812
f 3422//3830 3408//3812 3409//3813
f 3423//3831 3409//3813 3410//3814
f 3424//3832 3410//3814 2961//3833
f 3410//3814 2960//3834 2961//3833
f 3008//3835 3411//3818 3425//3836
f 3425//3836 3010//3837 3008//3835
f 3425//3836 3411//3818 3412//3820
f 3426//3838 3412//3820 3413//3821
f 3427//3839 3413//3821 3414//3822
f 3428//3840 3414//3822 3415//3823
f 3429//3841 3415//3823 3416//3824
f 3430//3842 3416//3824 3417//3825
f 3431//3843 3417//3825 3418//3826
f 3432//3844 3418//3826 3419//3827
f 3433//3845 3419//3827 3420//3828
f 3434//3846 3420//3828 3421//3829
f 3435//3847 3421//3829 3422//3830
f 3436//3848 3422//3830 3423//3831
f 3437//3849 3423//3831 3424//3832
f 3438//3850 3424//3832 2959//3851
f 3424//3832 2958//3852 2959//3851
f 3012//3853 3425//3836 3439//3854
f 3439//3854 3016//3855 3012//3853
f 3439//3854 3425//3836 3426//3838
f 3440//3856 3426//3838 3427//3839
f 3441//3857 3427//3839 3428//3840
f 3442//3858 3428//3840 3429//3841
f 3443//3859 3429//3841 3430//3842
f 3444//3860 3430//3842 3431//3843
f 3445//3861 3431//3843 3432//3844
f 3446//3862 3432//3844 3433//3845
f 3447//3863 3433//3845 3434//3846
f 3448//3864 3434//3846 3435//3847
f 3449//3865 3435//3847 3436//3848
f 3450//3866 3436//3848 3437//3849
f 3451//3867 3437//3849 3438//3850
f 3452//3868 3438//3850 2956//3869
f 3438//3850 2957//3870 2956//3869
f 3439//3854 2953//3871 3017//3872
f 3452//3868 2955//3873 2954//3874
f 2987//3875 3341//3876 3342//3877
f 2987//3875 2989//3878 3341//3876
f 3364//3757 3343//3879 3344//3880
f 3364//3757 3363//3756 3343//3879
f 3345//3881 3346//3882 3368//3764
f 3366//3762 3344//3880 3345//3881
f 3368//3764 3346//3882 3347//3883
f 3376//3776 3348//3884 3349//3885
f 3376//3776 3370//3766 3350//3886
f 3350//3886 3348//3884 3376//3776
f 3378//3778 3349//3885 3351//3887
f 3380//3780 3351//3887 3352//3888
f 3382//3782 3352//3888 3353//3889
f 3354//3890 3386//3786 3384//3784
f 3355//3891 3356//3892 3388//3788
f 3386//3786 3354//3890 3355//3891
f 3390//3790 3388//3788 3356//3892
f 3357//3893 3358//3894 3392//3792
f 3394//3794 3392//3792 3358//3894
f 3372//3770 3359//3895 3360//3896
f 3372//3770 3394//3794 3361//3897
f 3361//3897 3359//3895 3372//3770
f 2967//3768 3371//3767 3362//3898
f 3362//3898 2968//3899 2967//3768
f 3362//3898 3371//3767 3360//3896
f 3360//3896 3371//3767 3372//3770
f 3358//3894 3361//3897 3394//3794
f 3392//3792 3390//3790 3357//3893
f 3356//3892 3357//3893 3390//3790
f 3388//3788 3386//3786 3355//3891
f 3384//3784 3353//3889 3354//3890
f 3353//3889 3384//3784 3382//3782
f 3352//3888 3382//3782 3380//3780
f 3351//3887 3380//3780 3378//3778
f 3349//3885 3378//3778 3376//3776
f 3350//3886 3370//3766 3347//3883
f 3347//3883 3370//3766 3368//3764
f 3368//3764 3366//3762 3345//3881
f 3344//3880 3366//3762 3364//3757
f 3343//3879 3363//3756 3342//3877
f 3342//3877 3363//3756 2987//3875
f 2954//3874 2953//3900 3452//3868
f 2953//3900 3451//3867 3452//3868
f 2953//3900 3450//3866 3451//3867
f 2953//3900 3449//3865 3450//3866
f 2953//3900 3448//3864 3449//3865
f 2953//3900 3447//3863 3448//3864
f 2953//3900 3446//3862 3447//3863
f 2953//3900 3445//3861 3446//3862
f 2953//3900 3444//3860 3445//3861
f 2953//3900 3443//3859 3444//3860
f 2953//3900 3442//3858 3443//3859
f 2953//3900 3441//3857 3442//3858
f 2953//3900 3440//3856 3441//3857
f 2953//3900 3439//3854 3440//3856
f 3017//3872 3016//3855 3439//3854
f 2956//3869 2955//3873 3452//3868
f 3438//3850 3452//3868 3451//3867
f 3437//3849 3451//3867 3450//3866
f 3436//3848 3450//3866 3449//3865
f 3435//3847 3449//3865 3448//3864
f 3434//3846 3448//3864 3447//3863
f 3433//3845 3447//3863 3446//3862
f 3432//3844 3446//3862 3445//3861
f 3431//3843 3445//3861 3444//3860
f 3430//3842 3444//3860 3443//3859
f 3429//3841 3443//3859 3442//3858
f 3428//3840 3442//3858 3441//3857
f 3427//3839 3441//3857 3440//3856
f 3426//3838 3440//3856 3439//3854
f 3012//3853 3010//3837 3425//3836
f 2959//3851 2957//3870 3438//3850
f 3424//3832 3438//3850 3437//3849
f 3423//3831 3437//3849 3436//3848
f 3422//3830 3436//3848 3435//3847
f 3421//3829 3435//3847 3434//3846
f 3420//3828 3434//3846 3433//3845
f 3419//3827 3433//3845 3432//3844
f 3418//3826 3432//3844 3431//3843
f 3417//3825 3431//3843 3430//3842
f 3416//3824 3430//3842 3429//3841
f 3415//3823 3429//3841 3428//3840
f 3414//3822 3428//3840 3427//3839
f 3413//3821 3427//3839 3426//3838
f 3412//3820 3426//3838 3425//3836
f 3008//3835 3006//3819 3411//3818
f 2961//3833 2958//3852 3424//3832
f 3410//3814 3424//3832 3423//3831
f 3409//3813 3423//3831 3422//3830
f 3408//3812 3422//3830 3421//3829
f 3407//3811 3421//3829 3420//3828
f 3406//3810 3420//3828 3419//3827
f 3405//3809 3419//3827 3418//3826
f 3404//3808 3418//3826 3417//3825
f 3403//3807 3417//3825 3416//3824
f 3402//3806 3416//3824 3415//3823
f 3401//3805 3415//3823 3414//3822
f 3400//3804 3414//3822 3413//3821
f 3399//3803 3413//3821 3412//3820
f 3398//3802 3412//3820 3411//3818
f 3004//3817 3003//3801 3397//3800
f 2963//3815 2960//3834 3410//3814
f 3396//3796 3410//3814 3409//3813
f 3395//3795 3409//3813 3408//3812
f 3393//3793 3408//3812 3407//3811
f 3391//3791 3407//3811 3406//3810
f 3389//3789 3406//3810 3405//3809
f 3387//3787 3405//3809 3404//3808
f 3385//3785 3404//3808 3403//3807
f 3383//3783 3403//3807 3402//3806
f 3381//3781 3402//3806 3401//3805
f 3379//3779 3401//3805 3400//3804
f 3377//3777 3400//3804 3399//3803
f 3375//3775 3399//3803 3398//3802
f 3374//3774 3398//3802 3397//3800
f 2998//3799 2997//3773 3373//3772
f 2964//3797 2962//3816 3396//3796
f 3372//3770 3396//3796 3395//3795
f 3394//3794 3395//3795 3393//3793
f 3392//3792 3393//3793 3391//3791
f 3390//3790 3391//3791 3389//3789
f 3388//3788 3389//3789 3387//3787
f 3386//3786 3387//3787 3385//3785
f 3384//3784 3385//3785 3383//3783
f 3382//3782 3383//3783 3381//3781
f 3380//3780 3381//3781 3379//3779
f 3378//3778 3379//3779 3377//3777
f 3376//3776 3377//3777 3375//3775
f 3369//3765 3375//3775 3374//3774
f 3367//3763 3374//3774 3373//3772
f 3001//3771 2996//3761 3365//3760
f 2966//3769 2965//3798 3372//3770
f 3370//3766 3376//3776 3369//3765
f 3368//3764 3369//3765 3367//3763
f 3366//3762 3367//3763 3365//3760
f 2992//3759 2990//3758 3364//3757
f 2984//3755 2987//3875 3363//3756
f 2847//3899 2839//3899 3453//3899
f 2839//3899 2968//3899 3453//3899
f 3453//3899 2910//3899 2847//3899
f 3341//3901 2989//3902 3454//3903
f 3454//3903 3455//3904 3341//3901
f 2989//3902 3456//3905 3454//3903
f 3457//3906 3345//3906 3344//3907
f 3343//3908 3342//3909 3458//3910
f 3459//3911 3458//3910 3342//3909
f 3342//3909 3341//3901 3459//3911
f 3344//3907 3343//3908 3460//3912
f 3460//3912 3461//3913 3344//3907
f 3458//3910 3460//3912 3343//3908
f 3345//3906 3462//3914 3463//3915
f 3463//3915 3346//3916 3345//3906
f 3345//3906 3457//3906 3462//3914
f 3464//3917 3348//3917 3350//3918
f 3350//3918 3465//3919 3464//3917
f 3347//3920 3466//3921 3465//3919
f 3346//3916 3467//3922 3466//3921
f 3466//3921 3347//3920 3346//3916
f 3464//3917 3468//3923 3349//3924
f 3351//3925 3349//3924 3469//3926
f 3349//3924 3468//3923 3469//3926
f 3469//3926 3470//3925 3351//3925
f 3351//3925 3470//3925 3471//3927
f 3472//3928 3353//3928 3352//3929
f 3352//3929 3471//3927 3472//3928
f 3473//3930 3355//3930 3354//3931
f 3353//3928 3474//3932 3475//3933
f 3475//3933 3354//3931 3353//3928
f 3353//3928 3472//3928 3476//3934
f 3476//3934 3474//3932 3353//3928
f 3355//3930 3473//3930 3477//3935
f 3477//3935 3356//3936 3355//3930
f 3477//3935 3478//3937 3356//3936
f 3478//3937 3479//3938 3356//3936
f 3358//3939 3480//3940 3481//3941
f 3357//3942 3482//3943 3480//3940
f 3480//3940 3358//3939 3357//3942
f 3481//3941 3483//3944 3358//3939
f 3359//3945 3361//3946 3484//3947
f 3484//3947 3485//3948 3359//3945
f 3483//3944 3484//3947 3361//3946
f 3361//3946 3358//3939 3483//3944
f 3486//3949 3362//3950 3360//3951
f 3453//3952 2968//3952 3362//3950
f 3362//3950 3486//3949 3453//3952
f 3360//3951 3359//3945 3486//3949
f 3485//3948 3486//3949 3359//3945
f 3357//3942 3356//3936 3482//3943
f 3479//3938 3482//3943 3356//3936
f 3354//3931 3475//3933 3473//3930
f 3471//3927 3352//3929 3351//3925
f 3349//3924 3348//3917 3464//3917
f 3350//3918 3347//3920 3465//3919
f 3463//3915 3467//3922 3346//3916
f 3344//3907 3461//3913 3457//3906
f 3455//3904 3459//3911 3341//3901
f 2910//3952 3453//3952 3487//3953
f 3487//3953 3488//3954 2910//3952
f 3488//3954 3489//3955 3490//3956
f 3490//3956 3491//3957 3488//3954
f 3491//3957 3492//3958 3493//3959
f 3493//3959 3494//3960 3491//3957
f 3494//3960 3495//3961 3496//3962
f 3496//3962 3497//3963 3494//3960
f 3497//3963 3498//3964 3499//3965
f 3499//3965 3500//3966 3497//3963
f 3500//3966 3501//3967 3502//3968
f 3502//3968 3503//3969 3500//3966
f 3503//3969 3504//3970 3505//3971
f 3505//3971 3506//3972 3503//3969
f 3506//3972 3507//3973 3508//3974
f 3508//3974 3509//3974 3506//3972
f 3505//3971 3507//3973 3506//3972
f 3502//3968 3504//3970 3503//3969
f 3499//3965 3501//3967 3500//3966
f 3496//3962 3498//3964 3497//3963
f 3493//3959 3495//3961 3494//3960
f 3490//3956 3492//3958 3491//3957
f 3487//3953 3489//3955 3488//3954
f 3018//3975 2917//3976 2916//3977
f 3516//3978 2916//3977 2915//3979
f 3517//3980 2915//3979 2914//3981
f 3518//3982 2914//3981 2913//3983
f 3519//3984 2913//3983 2912//3985
f 3520//3986 2912//3985 2911//3987
f 3521//3988 2911//3987 2910//3989
f 3020//3990 3018//3975 3516//3978
f 3522//3991 3516//3978 3517//3980
f 3523//3992 3517//3980 3518//3982
f 3524//3993 3518//3982 3519//3984
f 3525//3994 3519//3984 3520//3986
f 3526//3995 3520//3986 3521//3988
f 3527//3996 3521//3988 3488//3997
f 3022//3998 3020//3990 3522//3991
f 3528//3999 3522//3991 3523//3992
f 3529//4000 3523//3992 3524//3993
f 3530//4001 3524//3993 3525//3994
f 3531//4002 3525//3994 3526//3995
f 3532//4003 3526//3995 3527//3996
f 3533//4004 3527//3996 3491//4005
f 3024//4006 3022//3998 3528//3999
f 3534//4007 3528//3999 3529//4000
f 3535//4008 3529//4000 3530//4001
f 3536//4009 3530//4001 3531//4002
f 3537//4010 3531//4002 3532//4003
f 3538//4011 3532//4003 3533//4004
f 3539//4012 3533//4004 3494//4013
f 3026//4014 3024//4006 3534//4007
f 3540//4015 3534//4007 3535//4008
f 3541//4016 3535//4008 3536//4009
f 3542//4017 3536//4009 3537//4010
f 3543//4018 3537//4010 3538//4011
f 3544//4019 3538//4011 3539//4012
f 3545//4020 3539//4012 3497//4021
f 3028//4022 3026//4014 3540//4015
f 3546//4023 3540//4015 3541//4016
f 3547//4024 3541//4016 3542//4017
f 3548//4025 3542//4017 3543//4018
f 3549//4026 3543//4018 3544//4019
f 3550//4027 3544//4019 3545//4020
f 3551//4028 3545//4020 3500//4029
f 3030//4030 3028//4022 3546//4023
f 3552//4031 3546//4023 3547//4024
f 3553//4032 3547//4024 3548//4025
f 3554//4033 3548//4025 3549//4026
f 3555//4034 3549//4026 3550//4027
f 3556//4035 3550//4027 3551//4028
f 3557//4036 3551//4028 3503//4037
f 3032//4038 3030//4030 3552//4031
f 3510//4039 3552//4031 3553//4032
f 3511//4040 3553//4032 3554//4033
f 3512//4041 3554//4033 3555//4034
f 3513//4042 3555//4034 3556//4035
f 3514//4043 3556//4035 3557//4036
f 3515//4044 3557//4036 3506//4045
f 3506//4045 3509//4046 3515//4044
f 3557//4036 3515//4044 3514//4043
f 3556//4035 3514//4043 3513//4042
f 3555//4034 3513//4042 3512//4041
f 3554//4033 3512//4041 3511//4040
f 3553//4032 3511//4040 3510//4039
f 3552//4031 3510//4039 3032//4038
f 3503//4037 3506//4045 3557//4036
f 3551//4028 3557//4036 3556//4035
f 3550//4027 3556//4035 3555//4034
f 3549//4026 3555//4034 3554//4033
f 3548//4025 3554//4033 3553//4032
f 3547//4024 3553//4032 3552//4031
f 3546//4023 3552//4031 3030//4030
f 3500//4029 3503//4037 3551//4028
f 3545//4020 3551//4028 3550//4027
f 3544//4019 3550//4027 3549//4026
f 3543//4018 3549//4026 3548//4025
f 3542//4017 3548//4025 3547//4024
f 3541//4016 3547//4024 3546//4023
f 3540//4015 3546//4023 3028//4022
f 3497//4021 3500//4029 3545//4020
f 3539//4012 3545//4020 3544//4019
f 3538//4011 3544//4019 3543//4018
f 3537//4010 3543//4018 3542//4017
f 3536//4009 3542//4017 3541//4016
f 3535//4008 3541//4016 3540//4015
f 3534//4007 3540//4015 3026//4014
f 3494//4013 3497//4021 3539//4012
f 3533//4004 3539//4012 3538//4011
f 3532//4003 3538//4011 3537//4010
f 3531//4002 3537//4010 3536//4009
f 3530//4001 3536//4009 3535//4008
f 3529//4000 3535//4008 3534//4007
f 3528//3999 3534//4007 3024//4006
f 3491//4005 3494//4013 3533//4004
f 3527//3996 3533//4004 3532//4003
f 3526//3995 3532//4003 3531//4002
f 3525//3994 3531//4002 3530//4001
f 3524//3993 3530//4001 3529//4000
f 3523//3992 3529//4000 3528//3999
f 3522//3991 3528//3999 3022//3998
f 3488//3997 3491//4005 3527//3996
f 3521//3988 3527//3996 3526//3995
f 3520//3986 3526//3995 3525//3994
f 3519//3984 3525//3994 3524//3993
f 3518//3982 3524//3993 3523//3992
f 3517//3980 3523//3992 3522//3991
f 3516//3978 3522//3991 3020//3990
f 2910//3989 3488//3997 3521//3988
f 2911//3987 3521//3988 3520//3986
f 2912//3985 3520//3986 3519//3984
f 2913//3983 3519//3984 3518//3982
f 2914//3981 3518//3982 3517//3980
f 2915//3979 3517//3980 3516//3978
f 2916//3977 3516//3978 3018//3975
f 3032//4047 3558//4047 3250//4047
f 3250//4047 3033//4047 3032//4047
f 3509//4046 3559//4046 3560//4048
f 3515//4048 3560//4048 3561//4049
f 3514//4049 3561//4049 3562//4050
f 3513//4050 3562//4050 3563//4051
f 3512//4051 3563//4051 3564//4052
f 3511//4052 3564//4052 3565//4053
f 3510//4053 3565//4053 3558//4054
f 3558//4054 3032//4054 3510//4053
f 3565//4053 3510//4053 3511//4052
f 3564//4052 3511//4052 3512//4051
f 3563//4051 3512//4051 3513//4050
f 3562//4050 3513//4050 3514//4049
f 3561//4049 3514//4049 3515//4048
f 3560//4048 3515//4048 3509//4046
f 3250//4054 3558//4054 3566//4055
f 3567//4055 3566//4055 3568//4056
f 3569//4056 3568//4056 3570//4057
f 3571//4057 3570//4057 3572//4058
f 3573//4058 3572//4058 3574//4059
f 3575//4059 3574//4059 3576//4060
f 3577//4060 3576//4060 3578//4061
f 3579//4061 3578//4061 3580//4062
f 3580//4062 3581//4062 3579//4061
f 3578//4061 3579//4061 3577//4060
f 3576//4060 3577//4060 3575//4059
f 3574//4059 3575//4059 3573//4058
f 3572//4058 3573//4058 3571//4057
f 3570//4057 3571//4057 3569//4056
f 3568//4056 3569//4056 3567//4055
f 3566//4055 3567//4055 3250//4054
f 3566//4063 3558//4064 3565//4065
f 3596//4066 3565//4065 3564//4067
f 3597//4068 3564//4067 3563//4069
f 3598//4070 3563//4069 3562//4071
f 3599//4072 3562//4071 3561//4073
f 3600//4074 3561//4073 3560//4075
f 3601//4076 3560//4075 3559//4077
f 3568//4078 3566//4063 3596//4066
f 3602//4079 3596//4066 3597//4068
f 3603//4080 3597//4068 3598//4070
f 3604//4081 3598//4070 3599//4072
f 3605//4082 3599//4072 3600//4074
f 3606//4083 3600//4074 3601//4076
f 3607//4084 3601//4076 3582//4085
f 3570//4086 3568//4078 3602//4079
f 3608//4087 3602//4079 3603//4080
f 3609//4088 3603//4080 3604//4081
f 3610//4089 3604//4081 3605//4082
f 3611//4090 3605//4082 3606//4083
f 3612//4091 3606//4083 3607//4084
f 3613//4092 3607//4084 3583//4093
f 3572//4094 3570//4086 3608//4087
f 3614//4095 3608//4087 3609//4088
f 3615//4096 3609//4088 3610//4089
f 3616//4097 3610//4089 3611//4090
f 3617//4098 3611//4090 3612//4091
f 3618//4099 3612//4091 3613//4092
f 3619//4100 3613//4092 3584//4101
f 3574//4102 3572//4094 3614//4095
f 3620//4103 3614//4095 3615//4096
f 3621//4104 3615//4096 3616//4097
f 3622//4105 3616//4097 3617//4098
f 3623//4106 3617//4098 3618//4099
f 3624//4107 3618//4099 3619//4100
f 3625//4108 3619//4100 3585//4109
f 3576//4110 3574//4102 3620//4103
f 3626//4111 3620//4103 3621//4104
f 3627//4112 3621//4104 3622//4105
f 3628//4113 3622//4105 3623//4106
f 3629//4114 3623//4106 3624//4107
f 3630//4115 3624//4107 3625//4108
f 3631//4116 3625//4108 3586//4117
f 3578//4118 3576//4110 3626//4111
f 3632//4119 3626//4111 3627//4112
f 3633//4120 3627//4112 3628//4113
f 3634//4121 3628//4113 3629//4114
f 3635//4122 3629//4114 3630//4115
f 3636//4123 3630//4115 3631//4116
f 3637//4124 3631//4116 3587//4125
f 3580//4126 3578//4118 3632//4119
f 3588//4126 3632//4119 3633//4120
f 3589//4126 3633//4120 3634//4121
f 3590//4126 3634//4121 3635//4122
f 3591//4126 3635//4122 3636//4123
f 3592//4126 3636//4123 3637//4124
f 3593//4126 3637//4124 3594//4127
f 3594//4127 3595//4126 3593//4126
f 3637//4124 3593//4126 3592//4126
f 3636//4123 3592//4126 3591//4126
f 3635//4122 3591//4126 3590//4126
f 3634//4121 3590//4126 3589//4126
f 3633//4120 3589//4126 3588//4126
f 3632//4119 3588//4126 3580//4126
f 3587//4125 3594//4127 3637//4124
f 3631//4116 3637//4124 3636//4123
f 3630//4115 3636//4123 3635//4122
f 3629//4114 3635//4122 3634//4121
f 3628//4113 3634//4121 3633//4120
f 3627//4112 3633//4120 3632//4119
f 3626//4111 3632//4119 3578//4118
f 3586//4117 3587//4125 3631//4116
f 3625//4108 3631//4116 3630//4115
f 3624//4107 3630//4115 3629//4114
f 3623//4106 3629//4114 3628//4113
f 3622//4105 3628//4113 3627//4112
f 3621//4104 3627//4112 3626//4111
f 3620//4103 3626//4111 3576//4110
f 3585//4109 3586//4117 3625//4108
f 3619//4100 3625//4108 3624//4107
f 3618//4099 3624//4107 3623//4106
f 3617//4098 3623//4106 3622//4105
f 3616//4097 3622//4105 3621//4104
f 3615//4096 3621//4104 3620//4103
f 3614//4095 3620//4103 3574//4102
f 3584//4101 3585//4109 3619//4100
f 3613//4092 3619//4100 3618//4099
f 3612//4091 3618//4099 3617//4098
f 3611//4090 3617//4098 3616//4097
f 3610//4089 3616//4097 3615//4096
f 3609//4088 3615//4096 3614//4095
f 3608//4087 3614//4095 3572//4094
f 3583//4093 3584//4101 3613//4092
f 3607//4084 3613//4092 3612//4091
f 3606//4083 3612//4091 3611//4090
f 3605//4082 3611//4090 3610//4089
f 3604//4081 3610//4089 3609//4088
f 3603//4080 3609//4088 3608//4087
f 3602//4079 3608//4087 3570//4086
f 3582//4085 3583//4093 3607//4084
f 3601//4076 3607//4084 3606//4083
f 3600//4074 3606//4083 3605//4082
f 3599//4072 3605//4082 3604//4081
f 3598//4070 3604//4081 3603//4080
f 3597//4068 3603//4080 3602//4079
f 3596//4066 3602//4079 3568//4078
f 3559//4077 3582//4085 3601//4076
f 3560//4075 3601//4076 3600//4074
f 3561//4073 3600//4074 3599//4072
f 3562//4071 3599//4072 3598//4070
f 3563//4069 3598//4070 3597//4068
f 3564//4067 3597//4068 3596//4066
f 3565//4065 3596//4066 3566//4063
f 3509//4128 3508//4128 3638//4128
f 3638//4128 3559//4128 3509//4128
f 3492//4129 3648//4130 3649//4131
f 3649//4131 3493//4132 3492//4129
f 3495//4133 3649//4131 3650//4134
f 3650//4134 3496//4135 3495//4133
f 3650//4134 3649//4131 3651//4136
f 3652//4137 3651//4136 3653//4138
f 3498//4139 3650//4134 3654//4140
f 3654//4140 3499//4141 3498//4139
f 3654//4140 3650//4134 3652//4137
f 3655//4142 3652//4137 3656//4143
f 3657//4144 3656//4143 3658//4145
f 3659//4146 3658//4145 3660//4147
f 3460//4148 3661//4149 3662//4150
f 3662//4150 3661//4149 3663//4151
f 3663//4151 3639//4152 3640//4153
f 3640//4153 3664//4154 3663//4151
f 3501//4155 3654//4140 3665//4156
f 3665//4156 3502//4157 3501//4155
f 3665//4156 3654//4140 3655//4142
f 3666//4158 3655//4142 3657//4144
f 3667//4159 3657//4144 3659//4146
f 3668//4160 3659//4146 3669//4161
f 3670//4162 3669//4161 3671//4163
f 3672//4164 3671//4163 3673//4165
f 3674//4166 3673//4165 3675//4167
f 3676//4168 3675//4167 3677//4169
f 3678//4170 3677//4169 3679//4171
f 3680//4172 3679//4171 3681//4173
f 3682//4174 3681//4173 3683//4175
f 3684//4176 3683//4175 3685//4177
f 3686//4178 3685//4177 3687//4179
f 3688//4180 3687//4179 3689//4181
f 3690//4182 3689//4181 3691//4183
f 3692//4184 3691//4183 3693//4185
f 3694//4186 3693//4185 3695//4187
f 3696//4188 3695//4187 3662//4150
f 3697//4189 3662//4150 3664//4154
f 3664//4154 3641//4190 3642//4191
f 3642//4191 3698//4192 3664//4154
f 3504//4193 3665//4156 3699//4194
f 3699//4194 3505//4195 3504//4193
f 3699//4194 3665//4156 3666//4158
f 3700//4196 3666//4158 3667//4159
f 3701//4197 3667//4159 3668//4160
f 3702//4198 3668//4160 3670//4162
f 3703//4199 3670//4162 3672//4164
f 3704//4200 3672//4164 3674//4166
f 3705//4201 3674//4166 3676//4168
f 3706//4202 3676//4168 3678//4170
f 3707//4203 3678//4170 3680//4172
f 3708//4204 3680//4172 3682//4174
f 3709//4205 3682//4174 3684//4176
f 3710//4206 3684//4176 3686//4178
f 3711//4207 3686//4178 3688//4180
f 3712//4208 3688//4180 3690//4182
f 3713//4209 3690//4182 3692//4184
f 3714//4210 3692//4184 3694//4186
f 3715//4211 3694//4186 3696//4188
f 3716//4212 3696//4188 3697//4189
f 3717//4213 3697//4189 3698//4192
f 3698//4192 3643//4214 3644//4215
f 3644//4215 3718//4216 3698//4192
f 3699//4194 3508//4217 3507//4218
f 3487//4219 3453//4220 3486//4221
f 3490//4222 3489//4223 3484//4224
f 3489//4223 3485//4225 3484//4224
f 3484//4224 3648//4130 3490//4222
f 3648//4130 3484//4224 3483//4226
f 3649//4131 3648//4130 3480//4227
f 3648//4130 3481//4228 3480//4227
f 3651//4136 3482//4229 3479//4230
f 3651//4136 3480//4227 3482//4229
f 3656//4143 3478//4231 3477//4232
f 3656//4143 3653//4138 3478//4231
f 3658//4145 3473//4233 3475//4234
f 3658//4145 3477//4232 3473//4233
f 3669//4161 3474//4235 3476//4236
f 3669//4161 3660//4147 3474//4235
f 3671//4163 3476//4236 3472//4237
f 3471//4238 3675//4167 3673//4165
f 3675//4167 3471//4238 3470//4239
f 3469//4240 3679//4171 3677//4169
f 3679//4171 3469//4240 3468//4241
f 3681//4173 3468//4241 3464//4242
f 3465//4243 3685//4177 3683//4175
f 3687//4179 3685//4177 3465//4243
f 3689//4181 3687//4179 3466//4244
f 3691//4183 3689//4181 3467//4245
f 3693//4185 3691//4183 3463//4246
f 3695//4187 3693//4185 3462//4247
f 3462//4247 3457//4248 3695//4187
f 3457//4248 3461//4249 3695//4187
f 3663//4151 3661//4149 3458//4250
f 3458//4250 3459//4251 3663//4151
f 3645//4252 3455//4253 3454//4254
f 3645//4252 3663//4151 3455//4253
f 3454//4254 3646//4255 3645//4252
f 3456//4256 3646//4255 3454//4254
f 3645//4252 3639//4152 3663//4151
f 3459//4251 3455//4253 3663//4151
f 3458//4250 3661//4149 3460//4148
f 3461//4249 3460//4148 3695//4187
f 3463//4246 3462//4247 3693//4185
f 3467//4245 3463//4246 3691//4183
f 3466//4244 3467//4245 3689//4181
f 3465//4243 3466//4244 3687//4179
f 3683//4175 3464//4242 3465//4243
f 3464//4242 3683//4175 3681//4173
f 3468//4241 3681//4173 3679//4171
f 3677//4169 3470//4239 3469//4240
f 3470//4239 3677//4169 3675//4167
f 3673//4165 3472//4237 3471//4238
f 3472//4237 3673//4165 3671//4163
f 3476//4236 3671//4163 3669//4161
f 3474//4235 3660//4147 3475//4234
f 3475//4234 3660//4147 3658//4145
f 3477//4232 3658//4145 3656//4143
f 3478//4231 3653//4138 3479//4230
f 3479//4230 3653//4138 3651//4136
f 3480//4227 3651//4136 3649//4131
f 3483//4226 3481//4228 3648//4130
f 3489//4223 3487//4219 3485//4225
f 3486//4221 3485//4225 3487//4219
f 3508//4257 3718//4216 3647//4258
f 3508//4257 3717//4213 3718//4216
f 3508//4257 3716//4212 3717//4213
f 3508//4257 3715//4211 3716//4212
f 3508//4257 3714//4210 3715//4211
f 3508//4257 3713//4209 3714//4210
f 3508//4257 3712//4208 3713//4209
f 3508//4257 3711//4207 3712//4208
f 3508//4257 3710//4206 3711//4207
f 3508//4257 3709//4205 3710//4206
f 3508//4257 3708//4204 3709//4205
f 3508//4257 3707//4203 3708//4204
f 3508//4257 3706//4202 3707//4203
f 3508//4257 3705//4201 3706//4202
f 3508//4257 3704//4200 3705//4201
f 3508//4257 3703//4199 3704//4200
f 3508//4257 3702//4198 3703//4199
f 3508//4257 3701//4197 3702//4198
f 3508//4257 3700//4196 3701//4197
f 3508//4257 3699//4194 3700//4196
f 3507//4218 3505//4195 3699//4194
f 3644//4215 3647//4258 3718//4216
f 3698//4192 3718//4216 3717//4213
f 3697//4189 3717//4213 3716//4212
f 3696//4188 3716//4212 3715//4211
f 3694//4186 3715//4211 3714//4210
f 3692//4184 3714//4210 3713//4209
f 3690//4182 3713//4209 3712//4208
f 3688//4180 3712//4208 3711//4207
f 3686//4178 3711//4207 3710//4206
f 3684//4176 3710//4206 3709//4205
f 3682//4174 3709//4205 3708//4204
f 3680//4172 3708//4204 3707//4203
f 3678//4170 3707//4203 3706//4202
f 3676//4168 3706//4202 3705//4201
f 3674//4166 3705//4201 3704//4200
f 3672//4164 3704//4200 3703//4199
f 3670//4162 3703//4199 3702//4198
f 3668//4160 3702//4198 3701//4197
f 3667//4159 3701//4197 3700//4196
f 3666//4158 3700//4196 3699//4194
f 3504//4193 3502//4157 3665//4156
f 3642//4191 3643//4214 3698//4192
f 3664//4154 3698//4192 3697//4189
f 3662//4150 3697//4189 3696//4188
f 3695//4187 3696//4188 3694//4186
f 3693//4185 3694//4186 3692//4184
f 3691//4183 3692//4184 3690//4182
f 3689//4181 3690//4182 3688//4180
f 3687//4179 3688//4180 3686//4178
f 3685//4177 3686//4178 3684//4176
f 3683//4175 3684//4176 3682//4174
f 3681//4173 3682//4174 3680//4172
f 3679//4171 3680//4172 3678//4170
f 3677//4169 3678//4170 3676//4168
f 3675//4167 3676//4168 3674//4166
f 3673//4165 3674//4166 3672//4164
f 3671//4163 3672//4164 3670//4162
f 3669//4161 3670//4162 3668//4160
f 3659//4146 3668//4160 3667//4159
f 3657//4144 3667//4159 3666//4158
f 3655//4142 3666//4158 3665//4156
f 3501//4155 3499//4141 3654//4140
f 3640//4153 3641//4190 3664//4154
f 3663//4151 3664//4154 3662//4150
f 3662//4150 3695//4187 3460//4148
f 3660//4147 3669//4161 3659//4146
f 3658//4145 3659//4146 3657//4144
f 3656//4143 3657//4144 3655//4142
f 3652//4137 3655//4142 3654//4140
f 3498//4139 3496//4135 3650//4134
f 3653//4138 3656//4143 3652//4137
f 3651//4136 3652//4137 3650//4134
f 3495//4133 3493//4132 3649//4131
f 3492//4129 3490//4222 3648//4130
f 3582//4259 3719//4260 3720//4261
f 3559//4262 3638//4262 3719//4260
f 3719//4260 3582//4259 3559//4262
f 3582//4259 3721//4263 3722//4264
f 3722//4264 3583//4265 3582//4259
f 3583//4265 3723//4265 3724//4266
f 3724//4266 3584//4267 3583//4265
f 3584//4267 3725//4267 3726//4268
f 3726//4268 3585//4269 3584//4267
f 3585//4269 3727//4269 3728//4270
f 3728//4270 3586//4271 3585//4269
f 3587//4272 3729//4273 3730//4274
f 3586//4271 3731//4275 3729//4273
f 3729//4273 3587//4272 3586//4271
f 3594//4276 3732//4277 3733//4278
f 3587//4272 3734//4279 3732//4277
f 3732//4277 3594//4276 3587//4272
f 3594//4276 3735//4280 3736//4281
f 3736//4281 3595//4282 3594//4276
f 3736//4281 3737//4282 3595//4282
f 3733//4278 3735//4280 3594//4276
f 3730//4274 3734//4279 3587//4272
f 3728//4270 3731//4275 3586//4271
f 3726//4268 3727//4269 3585//4269
f 3724//4266 3725//4267 3584//4267
f 3722//4264 3723//4265 3583//4265
f 3720//4261 3721//4263 3582//4259
f 3647//4283 3738//4284 3739//4285
f 3739//4285 3508//4286 3647//4283
f 3647//4283 3644//4287 3738//4284
f 3740//4288 3644//4287 3643//4289
f 3643//4289 3741//4290 3740//4288
f 3643//4289 3642//4291 3741//4290
f 3742//4292 3642//4291 3641//4293
f 3641//4293 3743//4294 3742//4292
f 3641//4293 3640//4295 3743//4294
f 3744//4296 3640//4295 3639//4297
f 3639//4297 3745//4298 3744//4296
f 3744//4296 3743//4294 3640//4295
f 3746//4299 3645//4300 3646//4301
f 3646//4301 3747//4302 3746//4299
f 3746//4299 3745//4298 3645//4300
f 3646//4301 3456//4302 3747//4302
f 3639//4297 3645//4300 3745//4298
f 3742//4292 3741//4290 3642//4291
f 3740//4288 3738//4284 3644//4287
f 3739//4285 3638//4303 3508//4286
f 3748//4304 3276//4305 3275//4306
f 3781//4307 3275//4306 3274//4308
f 3782//4309 3274//4308 3273//4310
f 3783//4311 3273//4310 3272//4312
f 3784//4313 3272//4312 3271//4314
f 3785//4315 3271//4314 3270//4316
f 3786//4317 3270//4316 3269//4318
f 3787//4319 3269//4318 3268//4320
f 3788//4321 3268//4320 3267//4322
f 3789//4323 3267//4322 3266//4324
f 3790//4325 3266//4324 3265//4326
f 3791//4327 3265//4326 3264//4328
f 3792//4329 3264//4328 3263//4330
f 3793//4331 3263//4330 3262//4332
f 3794//4333 3262//4332 3261//4334
f 3795//4335 3261//4334 3260//4336
f 3796//4337 3260//4336 3259//4338
f 3797//4339 3259//4338 3258//4340
f 3798//4341 3258//4340 3257//4342
f 3799//4343 3257//4342 3256//4344
f 3800//4345 3256//4344 3255//4346
f 3801//4347 3255//4346 3254//4348
f 3802//4349 3254//4348 3253//4350
f 3803//4351 3253//4350 3252//4352
f 3804//4353 3252//4352 3251//4354
f 3805//4355 3251//4354 3250//4356
f 3749//4357 3748//4304 3781//4307
f 3806//4358 3781//4307 3782//4309
f 3807//4359 3782//4309 3783//4311
f 3808//4360 3783//4311 3784//4313
f 3809//4361 3784//4313 3785//4315
f 3810//4362 3785//4315 3786//4317
f 3811//4363 3786//4317 3787//4319
f 3812//4364 3787//4319 3788//4321
f 3813//4365 3788//4321 3789//4323
f 3814//4366 3789//4323 3790//4325
f 3815//4367 3790//4325 3791//4327
f 3816//4368 3791//4327 3792//4329
f 3817//4369 3792//4329 3793//4331
f 3818//4370 3793//4331 3794//4333
f 3819//4371 3794//4333 3795//4335
f 3820//4372 3795//4335 3796//4337
f 3821//4373 3796//4337 3797//4339
f 3822//4374 3797//4339 3798//4341
f 3823//4375 3798//4341 3799//4343
f 3824//4376 3799//4343 3800//4345
f 3825//4377 3800//4345 3801//4347
f 3826//4378 3801//4347 3802//4349
f 3827//4379 3802//4349 3803//4351
f 3828//4380 3803//4351 3804//4353
f 3829//4381 3804//4353 3805//4355
f 3830//4382 3805//4355 3567//4383
f 3750//4384 3749//4357 3806//4358
f 3831//4385 3806//4358 3807//4359
f 3832//4386 3807//4359 3808//4360
f 3833//4387 3808//4360 3809//4361
f 3834//4388 3809//4361 3810//4362
f 3835//4389 3810//4362 3811//4363
f 3836//4390 3811//4363 3812//4364
f 3837//4391 3812//4364 3813//4365
f 3838//4392 3813//4365 3814//4366
f 3839//4393 3814//4366 3815//4367
f 3840//4394 3815//4367 3816//4368
f 3841//4395 3816//4368 3817//4369
f 3842//4396 3817//4369 3818//4370
f 3843//4397 3818//4370 3819//4371
f 3844//4398 3819//4371 3820//4372
f 3845//4399 3820//4372 3821//4373
f 3846//4400 3821//4373 3822//4374
f 3847//4401 3822//4374 3823//4375
f 3848//4402 3823//4375 3824//4376
f 3849//4403 3824//4376 3825//4377
f 3850//4404 3825//4377 3826//4378
f 3851//4405 3826//4378 3827//4379
f 3852//4406 3827//4379 3828//4380
f 3853//4407 3828//4380 3829//4381
f 3854//4408 3829//4381 3830//4382
f 3855//4409 3830//4382 3569//4410
f 3751//4411 3750//4384 3831//4385
f 3856//4412 3831//4385 3832//4386
f 3857//4413 3832//4386 3833//4387
f 3858//4414 3833//4387 3834//4388
f 3859//4415 3834//4388 3835//4389
f 3860//4416 3835//4389 3836//4390
f 3861//4417 3836//4390 3837//4391
f 3862//4418 3837//4391 3838//4392
f 3863//4419 3838//4392 3839//4393
f 3864//4420 3839//4393 3840//4394
f 3865//4421 3840//4394 3841//4395
f 3866//4422 3841//4395 3842//4396
f 3867//4423 3842//4396 3843//4397
f 3868//4424 3843//4397 3844//4398
f 3869//4425 3844//4398 3845//4399
f 3870//4426 3845//4399 3846//4400
f 3871//4427 3846//4400 3847//4401
f 3872//4428 3847//4401 3848//4402
f 3873//4429 3848//4402 3849//4403
f 3874//4430 3849//4403 3850//4404
f 3875//4431 3850//4404 3851//4405
f 3876//4432 3851//4405 3852//4406
f 3877//4433 3852//4406 3853//4407
f 3878//4434 3853//4407 3854//4408
f 3879//4435 3854//4408 3855//4409
f 3880//4436 3855//4409 3571//4437
f 3752//4438 3751//4411 3856//4412
f 3881//4439 3856//4412 3857//4413
f 3882//4440 3857//4413 3858//4414
f 3883//4441 3858//4414 3859//4415
f 3884//4442 3859//4415 3860//4416
f 3885//4443 3860//4416 3861//4417
f 3886//4444 3861//4417 3862//4418
f 3887//4445 3862//4418 3863//4419
f 3888//4446 3863//4419 3864//4420
f 3889//4447 3864//4420 3865//4421
f 3890//4448 3865//4421 3866//4422
f 3891//4449 3866//4422 3867//4423
f 3892//4450 3867//4423 3868//4424
f 3893//4451 3868//4424 3869//4425
f 3894//4452 3869//4425 3870//4426
f 3895//4453 3870//4426 3871//4427
f 3896//4454 3871//4427 3872//4428
f 3897//4455 3872//4428 3873//4429
f 3898//4456 3873//4429 3874//4430
f 3899//4457 3874//4430 3875//4431
f 3900//4458 3875//4431 3876//4432
f 3901//4459 3876//4432 3877//4433
f 3902//4460 3877//4433 3878//4434
f 3903//4461 3878//4434 3879//4435
f 3904//4462 3879//4435 3880//4436
f 3905//4463 3880//4436 3573//4464
f 3753//4465 3752//4438 3881//4439
f 3906//4466 3881//4439 3882//4440
f 3907//4467 3882//4440 3883//4441
f 3908//4468 3883//4441 3884//4442
f 3909//4469 3884//4442 3885//4443
f 3910//4470 3885//4443 3886//4444
f 3911//4471 3886//4444 3887//4445
f 3912//4472 3887//4445 3888//4446
f 3913//4473 3888//4446 3889//4447
f 3914//4474 3889//4447 3890//4448
f 3915//4475 3890//4448 3891//4449
f 3916//4476 3891//4449 3892//4450
f 3917//4477 3892//4450 3893//4451
f 3918//4478 3893//4451 3894//4452
f 3919//4479 3894//4452 3895//4453
f 3920//4480 3895//4453 3896//4454
f 3921//4481 3896//4454 3897//4455
f 3922//4482 3897//4455 3898//4456
f 3923//4483 3898//4456 3899//4457
f 3924//4484 3899//4457 3900//4458
f 3925//4485 3900//4458 3901//4459
f 3926//4486 3901//4459 3902//4460
f 3927//4487 3902//4460 3903//4461
f 3928//4488 3903//4461 3904//4462
f 3929//4489 3904//4462 3905//4463
f 3930//4490 3905//4463 3575//4491
f 3754//4492 3753//4465 3906//4466
f 3931//4493 3906//4466 3907//4467
f 3932//4494 3907//4467 3908//4468
f 3933//4495 3908//4468 3909//4469
f 3934//4496 3909//4469 3910//4470
f 3935//4497 3910//4470 3911//4471
f 3936//4498 3911//4471 3912//4472
f 3937//4499 3912//4472 3913//4473
f 3938//4500 3913//4473 3914//4474
f 3939//4501 3914//4474 3915//4475
f 3940//4502 3915//4475 3916//4476
f 3941//4503 3916//4476 3917//4477
f 3942//4504 3917//4477 3918//4478
f 3943//4505 3918//4478 3919//4479
f 3944//4506 3919//4479 3920//4480
f 3945//4507 3920//4480 3921//4481
f 3946//4508 3921//4481 3922//4482
f 3947//4509 3922//4482 3923//4483
f 3948//4510 3923//4483 3924//4484
f 3949//4511 3924//4484 3925//4485
f 3950//4512 3925//4485 3926//4486
f 3951//4513 3926//4486 3927//4487
f 3952//4514 3927//4487 3928//4488
f 3953//4515 3928//4488 3929//4489
f 3954//4516 3929//4489 3930//4490
f 3955//4517 3930//4490 3577//4518
f 3755//4519 3754//4492 3931//4493
f 3756//4519 3931//4493 3932//4494
f 3757//4519 3932//4494 3933//4495
f 3758//4519 3933//4495 3934//4496
f 3759//4519 3934//4496 3935//4497
f 3760//4519 3935//4497 3936//4498
f 3761//4519 3936//4498 3937//4499
f 3762//4519 3937//4499 3938//4500
f 3763//4519 3938//4500 3939//4501
f 3764//4519 3939//4501 3940//4502
f 3765//4519 3940//4502 3941//4503
f 3766//4519 3941//4503 3942//4504
f 3767//4519 3942//4504 3943//4505
f 3768//4519 3943//4505 3944//4506
f 3769//4519 3944//4506 3945//4507
f 3770//4519 3945//4507 3946//4508
f 3771//4519 3946//4508 3947//4509
f 3772//4519 3947//4509 3948//4510
f 3773//4519 3948//4510 3949//4511
f 3774//4519 3949//4511 3950//4512
f 3775//4519 3950//4512 3951//4513
f 3776//4519 3951//4513 3952//4514
f 3777//4519 3952//4514 3953//4515
f 3778//4519 3953//4515 3954//4516
f 3779//4519 3954//4516 3955//4517
f 3780//4519 3955//4517 3579//4520
f 3579//4520 3581//4519 3780//4519
f 3955//4517 3780//4519 3779//4519
f 3954//4516 3779//4519 3778//4519
f 3953//4515 3778//4519 3777//4519
f 3952//4514 3777//4519 3776//4519
f 3951//4513 3776//4519 3775//4519
f 3950//4512 3775//4519 3774//4519
f 3949//4511 3774//4519 3773//4519
f 3948//4510 3773//4519 3772//4519
f 3947//4509 3772//4519 3771//4519
f 3946//4508 3771//4519 3770//4519
f 3945//4507 3770//4519 3769//4519
f 3944//4506 3769//4519 3768//4519
f 3943//4505 3768//4519 3767//4519
f 3942//4504 3767//4519 3766//4519
f 3941//4503 3766//4519 3765//4519
f 3940//4502 3765//4519 3764//4519
f 3939//4501 3764//4519 3763//4519
f 3938//4500 3763//4519 3762//4519
f 3937//4499 3762//4519 3761//4519
f 3936//4498 3761//4519 3760//4519
f 3935//4497 3760//4519 3759//4519
f 3934//4496 3759//4519 3758//4519
f 3933//4495 3758//4519 3757//4519
f 3932//4494 3757//4519 3756//4519
f 3931//4493 3756//4519 3755//4519
f 3577//4518 3579//4520 3955//4517
f 3930//4490 3955//4517 3954//4516
f 3929//4489 3954//4516 3953//4515
f 3928//4488 3953//4515 3952//4514
f 3927//4487 3952//4514 3951//4513
f 3926//4486 3951//4513 3950//4512
f 3925//4485 3950//4512 3949//4511
f 3924//4484 3949//4511 3948//4510
f 3923//4483 3948//4510 3947//4509
f 3922//4482 3947//4509 3946//4508
f 3921//4481 3946//4508 3945//4507
f 3920//4480 3945//4507 3944//4506
f 3919//4479 3944//4506 3943//4505
f 3918//4478 3943//4505 3942//4504
f 3917//4477 3942//4504 3941//4503
f 3916//4476 3941//4503 3940//4502
f 3915//4475 3940//4502 3939//4501
f 3914//4474 3939//4501 3938//4500
f 3913//4473 3938//4500 3937//4499
f 3912//4472 3937//4499 3936//4498
f 3911//4471 3936//4498 3935//4497
f 3910//4470 3935//4497 3934//4496
f 3909//4469 3934//4496 3933//4495
f 3908//4468 3933//4495 3932//4494
f 3907//4467 3932//4494 3931//4493
f 3906//4466 3931//4493 3754//4492
f 3575//4491 3577//4518 3930//4490
f 3905//4463 3930//4490 3929//4489
f 3904//4462 3929//4489 3928//4488
f 3903//4461 3928//4488 3927//4487
f 3902//4460 3927//4487 3926//4486
f 3901//4459 3926//4486 3925//4485
f 3900//4458 3925//4485 3924//4484
f 3899//4457 3924//4484 3923//4483
f 3898//4456 3923//4483 3922//4482
f 3897//4455 3922//4482 3921//4481
f 3896//4454 3921//4481 3920//4480
f 3895//4453 3920//4480 3919//4479
f 3894//4452 3919//4479 3918//4478
f 3893//4451 3918//4478 3917//4477
f 3892//4450 3917//4477 3916//4476
f 3891//4449 3916//4476 3915//4475
f 3890//4448 3915//4475 3914//4474
f 3889//4447 3914//4474 3913//4473
f 3888//4446 3913//4473 3912//4472
f 3887//4445 3912//4472 3911//4471
f 3886//4444 3911//4471 3910//4470
f 3885//4443 3910//4470 3909//4469
f 3884//4442 3909//4469 3908//4468
f 3883//4441 3908//4468 3907//4467
f 3882//4440 3907//4467 3906//4466
f 3881//4439 3906//4466 3753//4465
f 3573//4464 3575//4491 3905//4463
f 3880//4436 3905//4463 3904//4462
f 3879//4435 3904//4462 3903//4461
f 3878//4434 3903//4461 3902//4460
f 3877//4433 3902//4460 3901//4459
f 3876//4432 3901//4459 3900//4458
f 3875//4431 3900//4458 3899//4457
f 3874//4430 3899//4457 3898//4456
f 3873//4429 3898//4456 3897//4455
f 3872//4428 3897//4455 3896//4454
f 3871//4427 3896//4454 3895//4453
f 3870//4426 3895//4453 3894//4452
f 3869//4425 3894//4452 3893//4451
f 3868//4424 3893//4451 3892//4450
f 3867//4423 3892//4450 3891//4449
f 3866//4422 3891//4449 3890//4448
f 3865//4421 3890//4448 3889//4447
f 3864//4420 3889//4447 3888//4446
f 3863//4419 3888//4446 3887//4445
f 3862//4418 3887//4445 3886//4444
f 3861//4417 3886//4444 3885//4443
f 3860//4416 3885//4443 3884//4442
f 3859//4415 3884//4442 3883//4441
f 3858//4414 3883//4441 3882//4440
f 3857//4413 3882//4440 3881//4439
f 3856//4412 3881//4439 3752//4438
f 3571//4437 3573//4464 3880//4436
f 3855//4409 3880//4436 3879//4435
f 3854//4408 3879//4435 3878//4434
f 3853//4407 3878//4434 3877//4433
f 3852//4406 3877//4433 3876//4432
f 3851//4405 3876//4432 3875//4431
f 3850//4404 3875//4431 3874//4430
f 3849//4403 3874//4430 3873//4429
f 3848//4402 3873//4429 3872//4428
f 3847//4401 3872//4428 3871//4427
f 3846//4400 3871//4427 3870//4426
f 3845//4399 3870//4426 3869//4425
f 3844//4398 3869//4425 3868//4424
f 3843//4397 3868//4424 3867//4423
f 3842//4396 3867//4423 3866//4422
f 3841//4395 3866//4422 3865//4421
f 3840//4394 3865//4421 3864//4420
f 3839//4393 3864//4420 3863//4419
f 3838//4392 3863//4419 3862//4418
f 3837//4391 3862//4418 3861//4417
f 3836//4390 3861//4417 3860//4416
f 3835//4389 3860//4416 3859//4415
f 3834//4388 3859//4415 3858//4414
f 3833//4387 3858//4414 3857//4413
f 3832//4386 3857//4413 3856//4412
f 3831//4385 3856//4412 3751//4411
f 3569//4410 3571//4437 3855//4409
f 3830//4382 3855//4409 3854//4408
f 3829//4381 3854//4408 3853//4407
f 3828//4380 3853//4407 3852//4406
f 3827//4379 3852//4406 3851//4405
f 3826//4378 3851//4405 3850//4404
f 3825//4377 3850//4404 3849//4403
f 3824//4376 3849//4403 3848//4402
f 3823//4375 3848//4402 3847//4401
f 3822//4374 3847//4401 3846//4400
f 3821//4373 3846//4400 3845//4399
f 3820//4372 3845//4399 3844//4398
f 3819//4371 3844//4398 3843//4397
f 3818//4370 3843//4397 3842//4396
f 3817//4369 3842//4396 3841//4395
f 3816//4368 3841//4395 3840//4394
f 3815//4367 3840//4394 3839//4393
f 3814//4366 3839//4393 3838//4392
f 3813//4365 3838//4392 3837//4391
f 3812//4364 3837//4391 3836//4390
f 3811//4363 3836//4390 3835//4389
f 3810//4362 3835//4389 3834//4388
f 3809//4361 3834//4388 3833//4387
f 3808//4360 3833//4387 3832//4386
f 3807//4359 3832//4386 3831//4385
f 3806//4358 3831//4385 3750//4384
f 3567//4383 3569//4410 3830//4382
f 3805//4355 3830//4382 3829//4381
f 3804//4353 3829//4381 3828//4380
f 3803//4351 3828//4380 3827//4379
f 3802//4349 3827//4379 3826//4378
f 3801//4347 3826//4378 3825//4377
f 3800//4345 3825//4377 3824//4376
f 3799//4343 3824//4376 3823//4375
f 3798//4341 3823//4375 3822//4374
f 3797//4339 3822//4374 3821//4373
f 3796//4337 3821//4373 3820//4372
f 3795//4335 3820//4372 3819//4371
f 3794//4333 3819//4371 3818//4370
f 3793//4331 3818//4370 3817//4369
f 3792//4329 3817//4369 3816//4368
f 3791//4327 3816//4368 3815//4367
f 3790//4325 3815//4367 3814//4366
f 3789//4323 3814//4366 3813//4365
f 3788//4321 3813//4365 3812//4364
f 3787//4319 3812//4364 3811//4363
f 3786//4317 3811//4363 3810//4362
f 3785//4315 3810//4362 3809//4361
f 3784//4313 3809//4361 3808//4360
f 3783//4311 3808//4360 3807//4359
f 3782//4309 3807//4359 3806//4358
f 3781//4307 3806//4358 3749//4357
f 3250//4356 3567//4383 3805//4355
f 3251//4354 3805//4355 3804//4353
f 3252//4352 3804//4353 3803//4351
f 3253//4350 3803//4351 3802//4349
f 3254//4348 3802//4349 3801//4347
f 3255//4346 3801//4347 3800//4345
f 3256//4344 3800//4345 3799//4343
f 3257//4342 3799//4343 3798//4341
f 3258//4340 3798//4341 3797//4339
f 3259//4338 3797//4339 3796//4337
f 3260//4336 3796//4337 3795//4335
f 3261//4334 3795//4335 3794//4333
f 3262//4332 3794//4333 3793//4331
f 3263//4330 3793//4331 3792//4329
f 3264//4328 3792//4329 3791//4327
f 3265//4326 3791//4327 3790//4325
f 3266//4324 3790//4325 3789//4323
f 3267//4322 3789//4323 3788//4321
f 3268//4320 3788//4321 3787//4319
f 3269//4318 3787//4319 3786//4317
f 3270//4316 3786//4317 3785//4315
f 3271//4314 3785//4315 3784//4313
f 3272//4312 3784//4313 3783//4311
f 3273//4310 3783//4311 3782//4309
f 3274//4308 3782//4309 3781//4307
f 3275//4306 3781//4307 3748//4304
f 3249//4521 3041//4521 3276//4521
f 3276//4521 3956//4521 3249//4521
f 3956//4521 3276//4521 3748//4522
f 3957//4522 3748//4522 3749//4523
f 3958//4523 3749//4523 3750//4524
f 3959//4524 3750//4524 3751//4525
f 3960//4525 3751//4525 3752//4526
f 3961//4526 3752//4526 3753//4527
f 3962//4527 3753//4527 3754//4528
f 3963//4528 3754//4528 3755//4529
f 3755//4529 3964//4529 3963//4528
f 3754//4528 3963//4528 3962//4527
f 3753//4527 3962//4527 3961//4526
f 3752//4526 3961//4526 3960//4525
f 3751//4525 3960//4525 3959//4524
f 3750//4524 3959//4524 3958//4523
f 3749//4523 3958//4523 3957//4522
f 3748//4522 3957//4522 3956//4521
f 3956//4530 3965//4531 3966//4531
f 3965//4531 3967//4532 3968//4532
f 3967//4532 3969//4533 3970//4533
f 3969//4533 3971//4534 3972//4534
f 3972//4534 3970//4533 3969//4533
f 3970//4533 3968//4532 3967//4532
f 3968//4532 3966//4531 3965//4531
f 3966//4531 3249//4535 3956//4530
f 3963//4536 3964//4537 3973//4537
f 3984//4538 3973//4537 3974//4537
f 3985//4539 3974//4537 3975//4540
f 3986//4541 3975//4540 3976//4540
f 3962//4542 3963//4536 3984//4538
f 3987//4543 3984//4538 3985//4539
f 3988//4544 3985//4539 3986//4541
f 3989//4545 3986//4541 3977//4546
f 3961//4547 3962//4542 3987//4543
f 3990//4548 3987//4543 3988//4544
f 3991//4549 3988//4544 3989//4545
f 3992//4550 3989//4545 3978//4551
f 3960//4552 3961//4547 3990//4548
f 3993//4553 3990//4548 3991//4549
f 3994//4554 3991//4549 3992//4550
f 3995//4555 3992//4550 3979//4556
f 3959//4557 3960//4552 3993//4553
f 3996//4558 3993//4553 3994//4554
f 3997//4559 3994//4554 3995//4555
f 3998//4560 3995//4555 3980//4561
f 3958//4562 3959//4557 3996//4558
f 3999//4563 3996//4558 3997//4559
f 4000//4564 3997//4559 3998//4560
f 4001//4565 3998//4560 3981//4566
f 3957//4567 3958//4562 3999//4563
f 4002//4568 3999//4563 4000//4564
f 4003//4569 4000//4564 4001//4565
f 4004//4570 4001//4565 3982//4571
f 3956//4572 3957//4567 4002//4568
f 3965//4573 4002//4568 4003//4569
f 3967//4574 4003//4569 4004//4570
f 3969//4575 4004//4570 3983//4576
f 3983//4576 3971//4577 3969//4575
f 4004//4570 3969//4575 3967//4574
f 4003//4569 3967//4574 3965//4573
f 4002//4568 3965//4573 3956//4572
f 3982//4571 3983//4576 4004//4570
f 4001//4565 4004//4570 4003//4569
f 4000//4564 4003//4569 4002//4568
f 3999//4563 4002//4568 3957//4567
f 3981//4566 3982//4571 4001//4565
f 3998//4560 4001//4565 4000//4564
f 3997//4559 4000//4564 3999//4563
f 3996//4558 3999//4563 3958//4562
f 3980//4561 3981//4566 3998//4560
f 3995//4555 3998//4560 3997//4559
f 3994//4554 3997//4559 3996//4558
f 3993//4553 3996//4558 3959//4557
f 3979//4556 3980//4561 3995//4555
f 3992//4550 3995//4555 3994//4554
f 3991//4549 3994//4554 3993//4553
f 3990//4548 3993//4553 3960//4552
f 3978//4551 3979//4556 3992//4550
f 3989//4545 3992//4550 3991//4549
f 3988//4544 3991//4549 3990//4548
f 3987//4543 3990//4548 3961//4547
f 3977//4546 3978//4551 3989//4545
f 3986//4541 3989//4545 3988//4544
f 3985//4539 3988//4544 3987//4543
f 3984//4538 3987//4543 3962//4542
f 3976//4540 3977//4546 3986//4541
f 3975//4540 3986//4541 3985//4539
f 3974//4537 3985//4539 3984//4538
f 3973//4537 3984//4538 3963//4536
f 3971//4577 4005//4578 4006//4579
f 3983//4580 4007//4580 4005//4578
f 4005//4578 3971//4577 3983//4580
f 3982//4581 4008//4581 4009//4582
f 4009//4582 3983//4580 3982//4581
f 3981//4583 4010//4583 4011//4584
f 4011//4584 3982//4581 3981//4583
f 3981//4583 4012//4585 4013//4586
f 3980//4587 4014//4587 4012//4585
f 4012//4585 3981//4583 3980//4587
f 3979//4588 4015//4588 4016//4589
f 4016//4589 3980//4587 3979//4588
f 3978//4590 4017//4590 4018//4591
f 4018//4591 3979//4588 3978//4590
f 3978//4590 4019//4592 4020//4593
f 3977//4594 4021//4594 4019//4592
f 4019//4592 3978//4590 3977//4594
f 3976//4595 4022//4595 4023//4596
f 4023//4596 3977//4594 3976//4595
f 4023//4596 4021//4594 3977//4594
f 4020//4593 4017//4590 3978//4590
f 4018//4591 4015//4588 3979//4588
f 4016//4589 4014//4587 3980//4587
f 4013//4586 4010//4583 3981//4583
f 4011//4584 4008//4581 3982//4581
f 4009//4582 4007//4580 3983//4580
f 4006//4579 4024//4597 3971//4577
f 4025//4598 2949//4599 2948//4600
f 4032//4601 2948//4600 2947//4602
f 4033//4603 2947//4602 2946//4604
f 4034//4605 2946//4604 2945//4606
f 4026//4607 4025//4598 4032//4601
f 4035//4608 4032//4601 4033//4603
f 4036//4609 4033//4603 4034//4605
f 4037//4610 4034//4605 3242//4611
f 4027//4612 4026//4607 4035//4608
f 4038//4613 4035//4608 4036//4609
f 4039//4614 4036//4609 4037//4610
f 4040//4615 4037//4610 3243//4616
f 4028//4617 4027//4612 4038//4613
f 4041//4618 4038//4613 4039//4614
f 4042//4619 4039//4614 4040//4615
f 4043//4620 4040//4615 3244//4621
f 4029//4622 4028//4617 4041//4618
f 4044//4623 4041//4618 4042//4619
f 4045//4624 4042//4619 4043//4620
f 4046//4625 4043//4620 3245//4626
f 4030//4627 4029//4622 4044//4623
f 4047//4628 4044//4623 4045//4624
f 4048//4629 4045//4624 4046//4625
f 4049//4630 4046//4625 3246//4631
f 4031//4632 4030//4627 4047//4628
f 4050//4633 4047//4628 4048//4629
f 4051//4634 4048//4629 4049//4630
f 4052//4635 4049//4630 3247//4636
f 3972//4637 4031//4632 4050//4633
f 3970//4638 4050//4633 4051//4634
f 3968//4639 4051//4634 4052//4635
f 3966//4640 4052//4635 3248//4641
f 3248//4641 3249//4642 3966//4640
f 4052//4635 3966//4640 3968//4639
f 4051//4634 3968//4639 3970//4638
f 4050//4633 3970//4638 3972//4637
f 3247//4636 3248//4641 4052//4635
f 4049//4630 4052//4635 4051//4634
f 4048//4629 4051//4634 4050//4633
f 4047//4628 4050//4633 4031//4632
f 3246//4631 3247//4636 4049//4630
f 4046//4625 4049//4630 4048//4629
f 4045//4624 4048//4629 4047//4628
f 4044//4623 4047//4628 4030//4627
f 3245//4626 3246//4631 4046//4625
f 4043//4620 4046//4625 4045//4624
f 4042//4619 4045//4624 4044//4623
f 4041//4618 4044//4623 4029//4622
f 3244//4621 3245//4626 4043//4620
f 4040//4615 4043//4620 4042//4619
f 4039//4614 4042//4619 4041//4618
f 4038//4613 4041//4618 4028//4617
f 3243//4616 3244//4621 4040//4615
f 4037//4610 4040//4615 4039//4614
f 4036//4609 4039//4614 4038//4613
f 4035//4608 4038//4613 4027//4612
f 3242//4611 3243//4616 4037//4610
f 4034//4605 4037//4610 4036//4609
f 4033//4603 4036//4609 4035//4608
f 4032//4601 4035//4608 4026//4607
f 2945//4606 3242//4611 4034//4605
f 2946//4604 4034//4605 4033//4603
f 2947//4602 4033//4603 4032//4601
f 2948//4600 4032//4601 4025//4598
f 2845//4643 2949//4643 4053//4643
f 4053//4643 2846//4643 2845//4643
f 4053//4643 3293//4643 2846//4643
f 3308//4644 3314//4645 4076//4646
f 4077//4647 3309//4648 3308//4644
f 4078//4649 4079//4650 3295//4651
f 4079//4650 3294//4652 3295//4651
f 4080//4653 4081//4654 4082//4655
f 4083//4656 4082//4655 4084//4657
f 4085//4658 4084//4657 4076//4646
f 3313//4659 3316//4660 4086//4661
f 4076//4646 3314//4645 3313//4659
f 4087//4662 3297//4663 3296//4664
f 3296//4664 4079//4650 4087//4662
f 4087//4662 4079//4650 4088//4665
f 4089//4666 4088//4665 4090//4667
f 4091//4668 4090//4667 4092//4669
f 4093//4670 4092//4669 4094//4671
f 4095//4672 4094//4671 4096//4673
f 4097//4674 4096//4673 4098//4675
f 4099//4676 4098//4675 4100//4677
f 4101//4678 4100//4677 4102//4679
f 4103//4680 4102//4679 4104//4681
f 4105//4682 4104//4681 4080//4653
f 4106//4683 4080//4653 4083//4656
f 4107//4684 4083//4656 4085//4658
f 4108//4685 4085//4658 4086//4661
f 3319//4686 3324//4687 4109//4688
f 4086//4661 3316//4660 3319//4686
f 4110//4689 3299//4690 3298//4691
f 3298//4691 4087//4662 4110//4689
f 4110//4689 4087//4662 4089//4666
f 4111//4692 4089//4666 4091//4668
f 4112//4693 4091//4668 4093//4670
f 4113//4694 4093//4670 4095//4672
f 4114//4695 4095//4672 4097//4674
f 4115//4696 4097//4674 4099//4676
f 4116//4697 4099//4676 4101//4678
f 4117//4698 4101//4678 4103//4680
f 4118//4699 4103//4680 4105//4682
f 4119//4700 4105//4682 4106//4683
f 4120//4701 4106//4683 4107//4684
f 4121//4702 4107//4684 4108//4685
f 4122//4703 4108//4685 4109//4688
f 3323//4704 3326//4705 4123//4706
f 4109//4688 3324//4687 3323//4704
f 4124//4707 3301//4708 3300//4709
f 3300//4709 4110//4689 4124//4707
f 4124//4707 4110//4689 4111//4692
f 4125//4710 4111//4692 4112//4693
f 4126//4711 4112//4693 4113//4694
f 4127//4712 4113//4694 4114//4695
f 4128//4713 4114//4695 4115//4696
f 4129//4714 4115//4696 4116//4697
f 4130//4715 4116//4697 4117//4698
f 4131//4716 4117//4698 4118//4699
f 4132//4717 4118//4699 4119//4700
f 4133//4718 4119//4700 4120//4701
f 4134//4719 4120//4701 4121//4702
f 4135//4720 4121//4702 4122//4703
f 4136//4721 4122//4703 4123//4706
f 3328//4722 3330//4723 4137//4724
f 4123//4706 3326//4705 3328//4722
f 4138//4725 3303//4726 3302//4727
f 3302//4727 4124//4707 4138//4725
f 4138//4725 4124//4707 4125//4710
f 4139//4728 4125//4710 4126//4711
f 4140//4729 4126//4711 4127//4712
f 4141//4730 4127//4712 4128//4713
f 4142//4731 4128//4713 4129//4714
f 4143//4732 4129//4714 4130//4715
f 4144//4733 4130//4715 4131//4716
f 4145//4734 4131//4716 4132//4717
f 4146//4735 4132//4717 4133//4718
f 4147//4736 4133//4718 4134//4719
f 4148//4737 4134//4719 4135//4720
f 4149//4738 4135//4720 4136//4721
f 4150//4739 4136//4721 4137//4724
f 3329//4740 3334//4741 4151//4742
f 4137//4724 3330//4723 3329//4740
f 4152//4743 3305//4744 3304//4745
f 3304//4745 4138//4725 4152//4743
f 4152//4743 4138//4725 4139//4728
f 4153//4746 4139//4728 4140//4729
f 4154//4747 4140//4729 4141//4730
f 4155//4748 4141//4730 4142//4731
f 4156//4749 4142//4731 4143//4732
f 4157//4750 4143//4732 4144//4733
f 4158//4751 4144//4733 4145//4734
f 4159//4752 4145//4734 4146//4735
f 4160//4753 4146//4735 4147//4736
f 4161//4754 4147//4736 4148//4737
f 4162//4755 4148//4737 4149//4738
f 4163//4756 4149//4738 4150//4739
f 4164//4757 4150//4739 4151//4742
f 3336//4758 3340//4759 4165//4760
f 4151//4742 3334//4741 3336//4758
f 4152//4743 2950//4761 3306//4762
f 4165//4760 3340//4759 3339//4763
f 3292//4764 3293//4765 4054//4766
f 4079//4650 4055//4767 4056//4768
f 4079//4650 4078//4649 4057//4769
f 4057//4769 4055//4767 4079//4650
f 4088//4665 4056//4768 4058//4770
f 4059//4771 4092//4669 4090//4667
f 4092//4669 4059//4771 4060//4772
f 4061//4773 4096//4673 4094//4671
f 4094//4671 4060//4772 4061//4773
f 4062//4774 4063//4775 4098//4675
f 4100//4677 4098//4675 4063//4775
f 4102//4679 4100//4677 4064//4776
f 4104//4681 4102//4679 4065//4777
f 4080//4653 4066//4778 4067//4779
f 4080//4653 4104//4681 4068//4780
f 4068//4780 4066//4778 4080//4653
f 4082//4655 4081//4654 4069//4781
f 4070//4782 4084//4657 4082//4655
f 4082//4655 4071//4783 4070//4782
f 4076//4646 4084//4657 4072//4784
f 4072//4784 4073//4785 4076//4646
f 3309//4648 4077//4647 4074//4786
f 4074//4786 4075//4787 3309//4648
f 4075//4787 3311//4788 3309//4648
f 4074//4786 4077//4647 4073//4785
f 4073//4785 4077//4647 4076//4646
f 4070//4782 4072//4784 4084//4657
f 4069//4781 4071//4783 4082//4655
f 4069//4781 4081//4654 4067//4779
f 4067//4779 4081//4654 4080//4653
f 4065//4777 4068//4780 4104//4681
f 4064//4776 4065//4777 4102//4679
f 4063//4775 4064//4776 4100//4677
f 4098//4675 4096//4673 4062//4774
f 4061//4773 4062//4774 4096//4673
f 4060//4772 4094//4671 4092//4669
f 4090//4667 4058//4770 4059//4771
f 4058//4770 4090//4667 4088//4665
f 4056//4768 4088//4665 4079//4650
f 4057//4769 4078//4649 4054//4766
f 4054//4766 4078//4649 3292//4764
f 3339//4763 2950//4789 4165//4760
f 2950//4789 4164//4757 4165//4760
f 2950//4789 4163//4756 4164//4757
f 2950//4789 4162//4755 4163//4756
f 2950//4789 4161//4754 4162//4755
f 2950//4789 4160//4753 4161//4754
f 2950//4789 4159//4752 4160//4753
f 2950//4789 4158//4751 4159//4752
f 2950//4789 4157//4750 4158//4751
f 2950//4789 4156//4749 4157//4750
f 2950//4789 4155//4748 4156//4749
f 2950//4789 4154//4747 4155//4748
f 2950//4789 4153//4746 4154//4747
f 2950//4789 4152//4743 4153//4746
f 3306//4762 3305//4744 4152//4743
f 4165//4760 4151//4742 3336//4758
f 4151//4742 4165//4760 4164//4757
f 4150//4739 4164//4757 4163//4756
f 4149//4738 4163//4756 4162//4755
f 4148//4737 4162//4755 4161//4754
f 4147//4736 4161//4754 4160//4753
f 4146//4735 4160//4753 4159//4752
f 4145//4734 4159//4752 4158//4751
f 4144//4733 4158//4751 4157//4750
f 4143//4732 4157//4750 4156//4749
f 4142//4731 4156//4749 4155//4748
f 4141//4730 4155//4748 4154//4747
f 4140//4729 4154//4747 4153//4746
f 4139//4728 4153//4746 4152//4743
f 3304//4745 3303//4726 4138//4725
f 4151//4742 4137//4724 3329//4740
f 4137//4724 4151//4742 4150//4739
f 4136//4721 4150//4739 4149//4738
f 4135//4720 4149//4738 4148//4737
f 4134//4719 4148//4737 4147//4736
f 4133//4718 4147//4736 4146//4735
f 4132//4717 4146//4735 4145//4734
f 4131//4716 4145//4734 4144//4733
f 4130//4715 4144//4733 4143//4732
f 4129//4714 4143//4732 4142//4731
f 4128//4713 4142//4731 4141//4730
f 4127//4712 4141//4730 4140//4729
f 4126//4711 4140//4729 4139//4728
f 4125//4710 4139//4728 4138//4725
f 3302//4727 3301//4708 4124//4707
f 4137//4724 4123//4706 3328//4722
f 4123//4706 4137//4724 4136//4721
f 4122//4703 4136//4721 4135//4720
f 4121//4702 4135//4720 4134//4719
f 4120//4701 4134//4719 4133//4718
f 4119//4700 4133//4718 4132//4717
f 4118//4699 4132//4717 4131//4716
f 4117//4698 4131//4716 4130//4715
f 4116//4697 4130//4715 4129//4714
f 4115//4696 4129//4714 4128//4713
f 4114//4695 4128//4713 4127//4712
f 4113//4694 4127//4712 4126//4711
f 4112//4693 4126//4711 4125//4710
f 4111//4692 4125//4710 4124//4707
f 3300//4709 3299//4690 4110//4689
f 4123//4706 4109//4688 3323//4704
f 4109//4688 4123//4706 4122//4703
f 4108//4685 4122//4703 4121//4702
f 4107//4684 4121//4702 4120//4701
f 4106//4683 4120//4701 4119//4700
f 4105//4682 4119//4700 4118//4699
f 4103//4680 4118//4699 4117//4698
f 4101//4678 4117//4698 4116//4697
f 4099//4676 4116//4697 4115//4696
f 4097//4674 4115//4696 4114//4695
f 4095//4672 4114//4695 4113//4694
f 4093//4670 4113//4694 4112//4693
f 4091//4668 4112//4693 4111//4692
f 4089//4666 4111//4692 4110//4689
f 3298//4691 3297//4663 4087//4662
f 4109//4688 4086//4661 3319//4686
f 4086//4661 4109//4688 4108//4685
f 4085//4658 4108//4685 4107//4684
f 4083//4656 4107//4684 4106//4683
f 4080//4653 4106//4683 4105//4682
f 4104//4681 4105//4682 4103//4680
f 4102//4679 4103//4680 4101//4678
f 4100//4677 4101//4678 4099//4676
f 4098//4675 4099//4676 4097//4674
f 4096//4673 4097//4674 4095//4672
f 4094//4671 4095//4672 4093//4670
f 4092//4669 4093//4670 4091//4668
f 4090//4667 4091//4668 4089//4666
f 4088//4665 4089//4666 4087//4662
f 3296//4664 3294//4652 4079//4650
f 4086//4661 4076//4646 3313//4659
f 4076//4646 4086//4661 4085//4658
f 4084//4657 4085//4658 4083//4656
f 4082//4655 4083//4656 4080//4653
f 3295//4651 3292//4764 4078//4649
f 4076//4646 4077//4647 3308//4644
f 3972//4790 3971//4790 4024//4790
f 4024//4790 4166//4790 3972//4790
f 4025//4791 4167//4792 4168//4793
f 4168//4793 2949//4794 4025//4791
f 4026//4795 4169//4796 4170//4797
f 4170//4797 4025//4791 4026//4795
f 4027//4798 4171//4799 4172//4800
f 4172//4800 4026//4795 4027//4798
f 4028//4801 4173//4802 4174//4803
f 4174//4803 4027//4798 4028//4801
f 4029//4804 4175//4805 4176//4806
f 4176//4806 4028//4801 4029//4804
f 4030//4807 4177//4808 4178//4809
f 4178//4809 4029//4804 4030//4807
f 4031//4810 4179//4811 4180//4812
f 4180//4812 4030//4807 4031//4810
f 4179//4811 4031//4810 3972//4813
f 3972//4813 4166//4813 4179//4811
f 4180//4812 4177//4808 4030//4807
f 4178//4809 4175//4805 4029//4804
f 4176//4806 4173//4802 4028//4801
f 4174//4803 4171//4799 4027//4798
f 4172//4800 4169//4796 4026//4795
f 4170//4797 4167//4792 4025//4791
f 4168//4793 4053//4814 2949//4794
f 4181//4815 4182//4816 4183//4817
f 4183//4817 4024//4818 4181//4815
f 4183//4817 4166//4818 4024//4818
f 4184//4819 4185//4820 4186//4821
f 4186//4821 4187//4822 4184//4819
f 4184//4819 4182//4816 4185//4820
f 4188//4823 4189//4824 4190//4825
f 4190//4825 4191//4826 4188//4823
f 4188//4823 4187//4822 4189//4824
f 4192//4827 4193//4828 4194//4829
f 4194//4829 4195//4830 4192//4827
f 4194//4829 4196//4831 4195//4830
f 4197//4832 4196//4831 4198//4833
f 4198//4833 4199//4834 4197//4832
f 4198//4833 4200//4834 4199//4834
f 4197//4832 4195//4830 4196//4831
f 4192//4827 4191//4826 4193//4828
f 4190//4825 4193//4828 4191//4826
f 4186//4821 4189//4824 4187//4822
f 4181//4815 4185//4820 4182//4816
f 4075//4835 4201//4836 4202//4837
f 4202//4837 3311//4838 4075//4835
f 4075//4835 4203//4839 4201//4836
f 4203//4839 4075//4835 4074//4840
f 4073//4841 4204//4842 4205//4843
f 4072//4844 4206//4845 4204//4842
f 4204//4842 4073//4841 4072//4844
f 4205//4843 4074//4840 4073//4841
f 4207//4846 4206//4845 4072//4844
f 4072//4844 4070//4846 4207//4846
f 4070//4846 4071//4847 4208//4848
f 4071//4847 4209//4847 4208//4848
f 4208//4848 4210//4849 4070//4846
f 4071//4847 4069//4850 4211//4851
f 4212//4852 4069//4850 4067//4853
f 4067//4853 4213//4854 4212//4852
f 4212//4852 4211//4851 4069//4850
f 4211//4851 4209//4847 4071//4847
f 4213//4854 4066//4854 4068//4855
f 4068//4855 4214//4856 4215//4857
f 4065//4858 4216//4858 4214//4856
f 4214//4856 4068//4855 4065//4858
f 4217//4859 4218//4860 4064//4861
f 4065//4858 4064//4861 4218//4860
f 4218//4860 4216//4858 4065//4858
f 4063//4862 4219//4863 4220//4864
f 4063//4862 4062//4865 4221//4866
f 4222//4867 4221//4866 4062//4865
f 4062//4865 4061//4867 4222//4867
f 4221//4866 4219//4863 4063//4862
f 4061//4867 4060//4868 4223//4869
f 4223//4869 4224//4870 4061//4867
f 4060//4868 4225//4871 4226//4872
f 4226//4872 4223//4869 4060//4868
f 4060//4868 4227//4873 4228//4874
f 4059//4875 4229//4876 4227//4873
f 4227//4873 4060//4868 4059//4875
f 4059//4875 4058//4876 4229//4876
f 4229//4876 4058//4876 4056//4877
f 4055//4878 4230//4878 4231//4879
f 4231//4879 4056//4877 4055//4878
f 4231//4879 4232//4880 4056//4877
f 4053//4881 4230//4878 4054//4882
f 4230//4878 4055//4878 4057//4883
f 4057//4883 4054//4882 4230//4878
f 4054//4882 3293//4884 4053//4881
f 4056//4877 4232//4880 4229//4876
f 4228//4874 4225//4871 4060//4868
f 4224//4870 4222//4867 4061//4867
f 4220//4864 4217//4859 4063//4862
f 4064//4861 4063//4862 4217//4859
f 4068//4855 4215//4857 4213//4854
f 4067//4853 4066//4854 4213//4854
f 4210//4849 4207//4846 4070//4846
f 4074//4840 4205//4843 4203//4839
f 4202//4837 4199//4885 3311//4838
f 4169//4886 4172//4887 4233//4888
f 4234//4889 4170//4890 4169//4886
f 4235//4891 4236//4892 4237//4893
f 4238//4894 4237//4893 4233//4888
f 4171//4895 4174//4896 4239//4897
f 4233//4888 4172//4887 4171//4895
f 4240//4898 4241//4899 4191//4900
f 4241//4899 4188//4901 4191//4900
f 4241//4899 4240//4898 4242//4902
f 4242//4902 4204//4903 4243//4904
f 4244//4905 4245//4906 4246//4907
f 4247//4908 4246//4907 4235//4891
f 4248//4909 4235//4891 4238//4894
f 4249//4910 4238//4894 4239//4897
f 4173//4911 4176//4912 4250//4913
f 4239//4897 4174//4896 4173//4911
f 4241//4899 4251//4914 4187//4915
f 4251//4914 4184//4916 4187//4915
f 4251//4914 4241//4899 4252//4917
f 4253//4918 4252//4917 4243//4904
f 4254//4919 4243//4904 4255//4920
f 4256//4921 4255//4920 4257//4922
f 4258//4923 4257//4922 4259//4924
f 4260//4925 4259//4924 4261//4926
f 4262//4927 4261//4926 4263//4928
f 4264//4929 4263//4928 4265//4930
f 4266//4931 4265//4930 4267//4932
f 4268//4933 4267//4932 4269//4934
f 4270//4935 4269//4934 4271//4936
f 4272//4937 4271//4936 4273//4938
f 4274//4939 4273//4938 4275//4940
f 4276//4941 4275//4940 4277//4942
f 4278//4943 4277//4942 4244//4905
f 4279//4944 4244//4905 4247//4908
f 4280//4945 4247//4908 4248//4909
f 4281//4946 4248//4909 4249//4910
f 4282//4947 4249//4910 4250//4913
f 4175//4948 4178//4949 4283//4950
f 4250//4913 4176//4912 4175//4948
f 4251//4914 4284//4951 4182//4952
f 4284//4951 4183//4953 4182//4952
f 4284//4951 4251//4914 4253//4918
f 4285//4954 4253//4918 4254//4919
f 4286//4955 4254//4919 4256//4921
f 4287//4956 4256//4921 4258//4923
f 4288//4957 4258//4923 4260//4925
f 4289//4958 4260//4925 4262//4927
f 4290//4959 4262//4927 4264//4929
f 4291//4960 4264//4929 4266//4931
f 4292//4961 4266//4931 4268//4933
f 4293//4962 4268//4933 4270//4935
f 4294//4963 4270//4935 4272//4937
f 4295//4964 4272//4937 4274//4939
f 4296//4965 4274//4939 4276//4941
f 4297//4966 4276//4941 4278//4943
f 4298//4967 4278//4943 4279//4944
f 4299//4968 4279//4944 4280//4945
f 4300//4969 4280//4945 4281//4946
f 4301//4970 4281//4946 4282//4947
f 4302//4971 4282//4947 4283//4950
f 4177//4972 4180//4973 4303//4974
f 4283//4950 4178//4949 4177//4972
f 4303//4974 4180//4973 4179//4975
f 4195//4976 4197//4977 4202//4978
f 4202//4978 4201//4979 4195//4976
f 4240//4898 4192//4980 4195//4976
f 4240//4898 4203//4981 4205//4982
f 4240//4898 4201//4979 4203//4981
f 4243//4904 4207//4983 4210//4984
f 4243//4904 4206//4985 4207//4983
f 4243//4904 4204//4903 4206//4985
f 4255//4920 4210//4984 4208//4986
f 4257//4922 4208//4986 4209//4987
f 4259//4924 4209//4987 4211//4988
f 4261//4926 4211//4988 4212//4989
f 4212//4989 4213//4990 4265//4930
f 4267//4932 4265//4930 4213//4990
f 4269//4934 4267//4932 4215//4991
f 4214//4992 4216//4993 4271//4936
f 4273//4938 4271//4936 4216//4993
f 4218//4994 4217//4995 4275//4940
f 4277//4942 4275//4940 4217//4995
f 4244//4905 4277//4942 4220//4996
f 4220//4996 4219//4997 4244//4905
f 4246//4907 4245//4906 4221//4998
f 4221//4998 4222//4999 4246//4907
f 4235//4891 4246//4907 4224//5000
f 4224//5000 4223//5001 4235//4891
f 4237//4893 4236//4892 4226//5002
f 4226//5002 4225//5003 4237//4893
f 4233//4888 4237//4893 4228//5004
f 4228//5004 4234//4889 4233//4888
f 4234//4889 4227//5005 4229//5006
f 4170//4890 4234//4889 4232//5007
f 4232//5007 4167//5008 4170//4890
f 4231//5009 4168//5010 4167//5008
f 4168//5010 4231//5009 4230//5011
f 4230//5011 4053//5012 4168//5010
f 4232//5007 4231//5009 4167//5008
f 4229//5006 4232//5007 4234//4889
f 4228//5004 4227//5005 4234//4889
f 4225//5003 4228//5004 4237//4893
f 4226//5002 4236//4892 4223//5001
f 4223//5001 4236//4892 4235//4891
f 4222//4999 4224//5000 4246//4907
f 4221//4998 4245//4906 4219//4997
f 4219//4997 4245//4906 4244//4905
f 4217//4995 4220//4996 4277//4942
f 4275//4940 4273//4938 4218//4994
f 4216//4993 4218//4994 4273//4938
f 4271//4936 4269//4934 4214//4992
f 4215//4991 4214//4992 4269//4934
f 4213//4990 4215//4991 4267//4932
f 4265//4930 4263//4928 4212//4989
f 4212//4989 4263//4928 4261//4926
f 4211//4988 4261//4926 4259//4924
f 4209//4987 4259//4924 4257//4922
f 4208//4986 4257//4922 4255//4920
f 4210//4984 4255//4920 4243//4904
f 4204//4903 4242//4902 4205//4982
f 4205//4982 4242//4902 4240//4898
f 4201//4979 4240//4898 4195//4976
f 4202//4978 4197//4977 4199//5013
f 4179//4975 4166//5014 4303//4974
f 4166//5014 4302//4971 4303//4974
f 4166//5014 4301//4970 4302//4971
f 4166//5014 4300//4969 4301//4970
f 4166//5014 4299//4968 4300//4969
f 4166//5014 4298//4967 4299//4968
f 4166//5014 4297//4966 4298//4967
f 4166//5014 4296//4965 4297//4966
f 4166//5014 4295//4964 4296//4965
f 4166//5014 4294//4963 4295//4964
f 4166//5014 4293//4962 4294//4963
f 4166//5014 4292//4961 4293//4962
f 4166//5014 4291//4960 4292//4961
f 4166//5014 4290//4959 4291//4960
f 4166//5014 4289//4958 4290//4959
f 4166//5014 4288//4957 4289//4958
f 4166//5014 4287//4956 4288//4957
f 4166//5014 4286//4955 4287//4956
f 4166//5014 4285//4954 4286//4955
f 4166//5014 4284//4951 4285//4954
f 4166//5014 4183//4953 4284//4951
f 4303//4974 4283//4950 4177//4972
f 4283//4950 4303//4974 4302//4971
f 4282//4947 4302//4971 4301//4970
f 4281//4946 4301//4970 4300//4969
f 4280//4945 4300//4969 4299//4968
f 4279//4944 4299//4968 4298//4967
f 4278//4943 4298//4967 4297//4966
f 4276//4941 4297//4966 4296//4965
f 4274//4939 4296//4965 4295//4964
f 4272//4937 4295//4964 4294//4963
f 4270//4935 4294//4963 4293//4962
f 4268//4933 4293//4962 4292//4961
f 4266//4931 4292//4961 4291//4960
f 4264//4929 4291//4960 4290//4959
f 4262//4927 4290//4959 4289//4958
f 4260//4925 4289//4958 4288//4957
f 4258//4923 4288//4957 4287//4956
f 4256//4921 4287//4956 4286//4955
f 4254//4919 4286//4955 4285//4954
f 4253//4918 4285//4954 4284//4951
f 4182//4952 4184//4916 4251//4914
f 4283//4950 4250//4913 4175//4948
f 4250//4913 4283//4950 4282//4947
f 4249//4910 4282//4947 4281//4946
f 4248//4909 4281//4946 4280//4945
f 4247//4908 4280//4945 4279//4944
f 4244//4905 4279//4944 4278//4943
f 4277//4942 4278//4943 4276//4941
f 4275//4940 4276//4941 4274//4939
f 4273//4938 4274//4939 4272//4937
f 4271//4936 4272//4937 4270//4935
f 4269//4934 4270//4935 4268//4933
f 4267//4932 4268//4933 4266//4931
f 4265//4930 4266//4931 4264//4929
f 4263//4928 4264//4929 4262//4927
f 4261//4926 4262//4927 4260//4925
f 4259//4924 4260//4925 4258//4923
f 4257//4922 4258//4923 4256//4921
f 4255//4920 4256//4921 4254//4919
f 4243//4904 4254//4919 4253//4918
f 4252//4917 4253//4918 4251//4914
f 4187//4915 4188//4901 4241//4899
f 4250//4913 4239//4897 4173//4911
f 4239//4897 4250//4913 4249//4910
f 4238//4894 4249//4910 4248//4909
f 4235//4891 4248//4909 4247//4908
f 4246//4907 4247//4908 4244//4905
f 4243//4904 4252//4917 4242//4902
f 4242//4902 4252//4917 4241//4899
f 4191//4900 4192//4980 4240//4898
f 4239//4897 4233//4888 4171//4895
f 4233//4888 4239//4897 4238//4894
f 4237//4893 4238//4894 4235//4891
f 4233//4888 4234//4889 4169//4886
f 4304//5015 4314//5016 4315//5017
f 4315//5017 4305//5018 4304//5015
f 4315//5017 4314//5016 4316//5019
f 4306//5020 4315//5017 4317//5021
f 4317//5021 4307//5022 4306//5020
f 4317//5021 4315//5017 4318//5023
f 4319//5024 4318//5023 4320//5025
f 4321//5026 4320//5025 4322//5027
f 4323//5028 4322//5027 4324//5029
f 4325//5030 4324//5029 4326//5031
f 4327//5032 4326//5031 4328//5033
f 4329//5034 4328//5033 4330//5035
f 4331//5036 4330//5035 4332//5037
f 4333//5038 4332//5037 4334//5039
f 4335//5040 4334//5039 4336//5041
f 4337//5042 4336//5041 4338//5043
f 4339//5044 4338//5043 4340//5045
f 4341//5046 4340//5045 4342//5047
f 4342//5047 3740//5048 3741//5049
f 3741//5049 4343//5050 4342//5047
f 4308//5051 4317//5021 4344//5052
f 4344//5052 4309//5053 4308//5051
f 4344//5052 4317//5021 4319//5024
f 4345//5054 4319//5024 4321//5026
f 4346//5055 4321//5026 4323//5028
f 4347//5056 4323//5028 4325//5030
f 4348//5057 4325//5030 4327//5032
f 4349//5058 4327//5032 4329//5034
f 4350//5059 4329//5034 4331//5036
f 4351//5060 4331//5036 4333//5038
f 4352//5061 4333//5038 4335//5040
f 4353//5062 4335//5040 4337//5042
f 4354//5063 4337//5042 4339//5044
f 4355//5064 4339//5044 4341//5046
f 4356//5065 4341//5046 4343//5050
f 4343//5050 3742//5066 3743//5067
f 3743//5067 4357//5068 4343//5050
f 4310//5069 4344//5052 4358//5070
f 4358//5070 4311//5071 4310//5069
f 4358//5070 4344//5052 4345//5054
f 4359//5072 4345//5054 4346//5055
f 4360//5073 4346//5055 4347//5056
f 4361//5074 4347//5056 4348//5057
f 4362//5075 4348//5057 4349//5058
f 4363//5076 4349//5058 4350//5059
f 4364//5077 4350//5059 4351//5060
f 4365//5078 4351//5060 4352//5061
f 4366//5079 4352//5061 4353//5062
f 4367//5080 4353//5062 4354//5063
f 4368//5081 4354//5063 4355//5064
f 4369//5082 4355//5064 4356//5065
f 4370//5083 4356//5065 4357//5068
f 4357//5068 3744//5084 3745//5085
f 3745//5085 4371//5086 4357//5068
f 4358//5070 3747//5087 4312//5088
f 4313//5089 3737//5090 3736//5091
f 4314//5016 3735//5092 3733//5093
f 4314//5016 3736//5091 3735//5092
f 4318//5023 3734//5094 3730//5095
f 4318//5023 4316//5019 3732//5096
f 3732//5096 3734//5094 4318//5023
f 4320//5025 3730//5095 3729//5097
f 4322//5027 3729//5097 3731//5098
f 3728//5099 4326//5031 4324//5029
f 4326//5031 3728//5099 3727//5100
f 3726//5101 4330//5035 4328//5033
f 3726//5101 3725//5102 4332//5037
f 4334//5039 4332//5037 3725//5102
f 3724//5103 3723//5104 4336//5041
f 4338//5043 4336//5041 3723//5104
f 4340//5045 4338//5043 3722//5105
f 4342//5047 4340//5045 3721//5106
f 3738//5107 4342//5047 3720//5108
f 3720//5108 3719//5109 3738//5107
f 3719//5109 3739//5110 3738//5107
f 3638//5111 3739//5110 3719//5109
f 3738//5107 3740//5048 4342//5047
f 3721//5106 3720//5108 4342//5047
f 3722//5105 3721//5106 4340//5045
f 3723//5104 3722//5105 4338//5043
f 4336//5041 4334//5039 3724//5103
f 3725//5102 3724//5103 4334//5039
f 4332//5037 4330//5035 3726//5101
f 4328//5033 3727//5100 3726//5101
f 3727//5100 4328//5033 4326//5031
f 4324//5029 3731//5098 3728//5099
f 3731//5098 4324//5029 4322//5027
f 3729//5097 4322//5027 4320//5025
f 3730//5095 4320//5025 4318//5023
f 3732//5096 4316//5019 3733//5093
f 3733//5093 4316//5019 4314//5016
f 3736//5091 4314//5016 4313//5089
f 3747//5112 4371//5086 3746//5113
f 3747//5112 4370//5083 4371//5086
f 3747//5112 4369//5082 4370//5083
f 3747//5112 4368//5081 4369//5082
f 3747//5112 4367//5080 4368//5081
f 3747//5112 4366//5079 4367//5080
f 3747//5112 4365//5078 4366//5079
f 3747//5112 4364//5077 4365//5078
f 3747//5112 4363//5076 4364//5077
f 3747//5112 4362//5075 4363//5076
f 3747//5112 4361//5074 4362//5075
f 3747//5112 4360//5073 4361//5074
f 3747//5112 4359//5072 4360//5073
f 3747//5112 4358//5070 4359//5072
f 4312//5088 4311//5071 4358//5070
f 3745//5085 3746//5113 4371//5086
f 4357//5068 4371//5086 4370//5083
f 4356//5065 4370//5083 4369//5082
f 4355//5064 4369//5082 4368//5081
f 4354//5063 4368//5081 4367//5080
f 4353//5062 4367//5080 4366//5079
f 4352//5061 4366//5079 4365//5078
f 4351//5060 4365//5078 4364//5077
f 4350//5059 4364//5077 4363//5076
f 4349//5058 4363//5076 4362//5075
f 4348//5057 4362//5075 4361//5074
f 4347//5056 4361//5074 4360//5073
f 4346//5055 4360//5073 4359//5072
f 4345//5054 4359//5072 4358//5070
f 4310//5069 4309//5053 4344//5052
f 3743//5067 3744//5084 4357//5068
f 4343//5050 4357//5068 4356//5065
f 4341//5046 4356//5065 4355//5064
f 4339//5044 4355//5064 4354//5063
f 4337//5042 4354//5063 4353//5062
f 4335//5040 4353//5062 4352//5061
f 4333//5038 4352//5061 4351//5060
f 4331//5036 4351//5060 4350//5059
f 4329//5034 4350//5059 4349//5058
f 4327//5032 4349//5058 4348//5057
f 4325//5030 4348//5057 4347//5056
f 4323//5028 4347//5056 4346//5055
f 4321//5026 4346//5055 4345//5054
f 4319//5024 4345//5054 4344//5052
f 4308//5051 4307//5022 4317//5021
f 3741//5049 3742//5066 4343//5050
f 4342//5047 4343//5050 4341//5046
f 4340//5045 4341//5046 4339//5044
f 4338//5043 4339//5044 4337//5042
f 4336//5041 4337//5042 4335//5040
f 4334//5039 4335//5040 4333//5038
f 4332//5037 4333//5038 4331//5036
f 4330//5035 4331//5036 4329//5034
f 4328//5033 4329//5034 4327//5032
f 4326//5031 4327//5032 4325//5030
f 4324//5029 4325//5030 4323//5028
f 4322//5027 4323//5028 4321//5026
f 4320//5025 4321//5026 4319//5024
f 4318//5023 4319//5024 4317//5021
f 4306//5020 4305//5018 4315//5017
f 4316//5019 4318//5023 4315//5017
f 4304//5015 4313//5089 4314//5016
f 3737//5114 4313//5115 4372//5115
f 4372//5115 4313//5115 4304//5116
f 4304//5116 4373//5116 4372//5115
f 4306//5117 4374//5117 4375//5118
f 4373//5116 4304//5116 4305//5118
f 4305//5118 4375//5118 4373//5116
f 4376//5119 4377//5120 4307//5120
f 4377//5120 4374//5117 4306//5117
f 4306//5117 4307//5120 4377//5120
f 4378//5121 4379//5122 4309//5122
f 4309//5122 4379//5122 4376//5119
f 4376//5119 4308//5123 4309//5122
f 4378//5121 4310//5124 4311//5125
f 4380//5125 4311//5125 4312//5126
f 4312//5126 4381//5126 4380//5125
f 4381//5126 4312//5126 3747//5127
f 3747//5127 4382//5127 4381//5126
f 4311//5125 4380//5125 4378//5121
f 4309//5122 4310//5124 4378//5121
f 4307//5120 4308//5123 4376//5119
f 4375//5118 4305//5118 4306//5117
f 4372//5115 4383//5128 3737//5114
f 2985//5129 2991//5130 4406//5131
f 4407//5132 2986//5133 2985//5129
f 4408//5134 4409//5135 2972//5136
f 4409//5135 2971//5137 2972//5136
f 4410//5138 4411//5139 4412//5140
f 4413//5141 4412//5140 4414//5142
f 4415//5143 4414//5142 4406//5131
f 2993//5144 2995//5145 4416//5146
f 4406//5131 2991//5130 2993//5144
f 4417//5147 2974//5148 2973//5149
f 2973//5149 4409//5135 4417//5147
f 4417//5147 4409//5135 4418//5150
f 4419//5151 4418//5150 4420//5152
f 4421//5153 4420//5152 4422//5154
f 4423//5155 4422//5154 4424//5156
f 4425//5157 4424//5156 4426//5158
f 4427//5159 4426//5158 4428//5160
f 4429//5161 4428//5160 4430//5162
f 4431//5163 4430//5162 4432//5164
f 4433//5165 4432//5164 4434//5166
f 4435//5167 4434//5166 4410//5138
f 4436//5168 4410//5138 4413//5141
f 4437//5169 4413//5141 4415//5143
f 4438//5170 4415//5143 4416//5146
f 2994//5171 3000//5172 4439//5173
f 4416//5146 2995//5145 2994//5171
f 4440//5174 2976//5175 2975//5176
f 2975//5176 4417//5147 4440//5174
f 4440//5174 4417//5147 4419//5151
f 4441//5177 4419//5151 4421//5153
f 4442//5178 4421//5153 4423//5155
f 4443//5179 4423//5155 4425//5157
f 4444//5180 4425//5157 4427//5159
f 4445//5181 4427//5159 4429//5161
f 4446//5182 4429//5161 4431//5163
f 4447//5183 4431//5163 4433//5165
f 4448//5184 4433//5165 4435//5167
f 4449//5185 4435//5167 4436//5168
f 4450//5186 4436//5168 4437//5169
f 4451//5187 4437//5169 4438//5170
f 4452//5188 4438//5170 4439//5173
f 2999//5189 3002//5190 4453//5191
f 4439//5173 3000//5172 2999//5189
f 4454//5192 2978//5193 2977//5194
f 2977//5194 4440//5174 4454//5192
f 4454//5192 4440//5174 4441//5177
f 4455//5195 4441//5177 4442//5178
f 4456//5196 4442//5178 4443//5179
f 4457//5197 4443//5179 4444//5180
f 4458//5198 4444//5180 4445//5181
f 4459//5199 4445//5181 4446//5182
f 4460//5200 4446//5182 4447//5183
f 4461//5201 4447//5183 4448//5184
f 4462//5202 4448//5184 4449//5185
f 4463//5203 4449//5185 4450//5186
f 4464//5204 4450//5186 4451//5187
f 4465//5205 4451//5187 4452//5188
f 4466//5206 4452//5188 4453//5191
f 3005//5207 3007//5208 4467//5209
f 4453//5191 3002//5190 3005//5207
f 4468//5210 2980//5211 2979//5212
f 2979//5212 4454//5192 4468//5210
f 4468//5210 4454//5192 4455//5195
f 4469//5213 4455//5195 4456//5196
f 4470//5214 4456//5196 4457//5197
f 4471//5215 4457//5197 4458//5198
f 4472//5216 4458//5198 4459//5199
f 4473//5217 4459//5199 4460//5200
f 4474//5218 4460//5200 4461//5201
f 4475//5219 4461//5201 4462//5202
f 4476//5220 4462//5202 4463//5203
f 4477//5221 4463//5203 4464//5204
f 4478//5222 4464//5204 4465//5205
f 4479//5223 4465//5205 4466//5206
f 4480//5224 4466//5206 4467//5209
f 3009//5225 3011//5226 4481//5227
f 4467//5209 3007//5208 3009//5225
f 4482//5228 2982//5229 2981//5230
f 2981//5230 4468//5210 4482//5228
f 4482//5228 4468//5210 4469//5213
f 4483//5231 4469//5213 4470//5214
f 4484//5232 4470//5214 4471//5215
f 4485//5233 4471//5215 4472//5216
f 4486//5234 4472//5216 4473//5217
f 4487//5235 4473//5217 4474//5218
f 4488//5236 4474//5218 4475//5219
f 4489//5237 4475//5219 4476//5220
f 4490//5238 4476//5220 4477//5221
f 4491//5239 4477//5221 4478//5222
f 4492//5240 4478//5222 4479//5223
f 4493//5241 4479//5223 4480//5224
f 4494//5242 4480//5224 4481//5227
f 3013//5243 3015//5244 4495//5245
f 4481//5227 3011//5226 3013//5243
f 4482//5228 2952//5246 2983//5247
f 4495//5245 3015//5244 3014//5248
f 2969//5249 2970//5250 4384//5251
f 4409//5135 4385//5252 4386//5253
f 4409//5135 4408//5134 4387//5254
f 4387//5254 4385//5252 4409//5135
f 4418//5150 4386//5253 4388//5255
f 4389//5256 4422//5154 4420//5152
f 4422//5154 4389//5256 4390//5257
f 4391//5258 4426//5158 4424//5156
f 4424//5156 4390//5257 4391//5258
f 4392//5259 4393//5260 4428//5160
f 4430//5162 4428//5160 4393//5260
f 4432//5164 4430//5162 4394//5261
f 4434//5166 4432//5164 4395//5262
f 4410//5138 4396//5263 4397//5264
f 4410//5138 4434//5166 4398//5265
f 4398//5265 4396//5263 4410//5138
f 4412//5140 4411//5139 4399//5266
f 4400//5267 4414//5142 4412//5140
f 4412//5140 4401//5268 4400//5267
f 4406//5131 4414//5142 4402//5269
f 4402//5269 4403//5270 4406//5131
f 2986//5133 4407//5132 4404//5271
f 4404//5271 4405//5272 2986//5133
f 4405//5272 2988//5273 2986//5133
f 4404//5271 4407//5132 4403//5270
f 4403//5270 4407//5132 4406//5131
f 4400//5267 4402//5269 4414//5142
f 4399//5266 4401//5268 4412//5140
f 4399//5266 4411//5139 4397//5264
f 4397//5264 4411//5139 4410//5138
f 4395//5262 4398//5265 4434//5166
f 4394//5261 4395//5262 4432//5164
f 4393//5260 4394//5261 4430//5162
f 4428//5160 4426//5158 4392//5259
f 4391//5258 4392//5259 4426//5158
f 4390//5257 4424//5156 4422//5154
f 4420//5152 4388//5255 4389//5256
f 4388//5255 4420//5152 4418//5150
f 4386//5253 4418//5150 4409//5135
f 4387//5254 4408//5134 4384//5251
f 4384//5251 4408//5134 2969//5249
f 3014//5248 2952//5274 4495//5245
f 2952//5274 4494//5242 4495//5245
f 2952//5274 4493//5241 4494//5242
f 2952//5274 4492//5240 4493//5241
f 2952//5274 4491//5239 4492//5240
f 2952//5274 4490//5238 4491//5239
f 2952//5274 4489//5237 4490//5238
f 2952//5274 4488//5236 4489//5237
f 2952//5274 4487//5235 4488//5236
f 2952//5274 4486//5234 4487//5235
f 2952//5274 4485//5233 4486//5234
f 2952//5274 4484//5232 4485//5233
f 2952//5274 4483//5231 4484//5232
f 2952//5274 4482//5228 4483//5231
f 2983//5247 2982//5229 4482//5228
f 4495//5245 4481//5227 3013//5243
f 4481//5227 4495//5245 4494//5242
f 4480//5224 4494//5242 4493//5241
f 4479//5223 4493//5241 4492//5240
f 4478//5222 4492//5240 4491//5239
f 4477//5221 4491//5239 4490//5238
f 4476//5220 4490//5238 4489//5237
f 4475//5219 4489//5237 4488//5236
f 4474//5218 4488//5236 4487//5235
f 4473//5217 4487//5235 4486//5234
f 4472//5216 4486//5234 4485//5233
f 4471//5215 4485//5233 4484//5232
f 4470//5214 4484//5232 4483//5231
f 4469//5213 4483//5231 4482//5228
f 2981//5230 2980//5211 4468//5210
f 4481//5227 4467//5209 3009//5225
f 4467//5209 4481//5227 4480//5224
f 4466//5206 4480//5224 4479//5223
f 4465//5205 4479//5223 4478//5222
f 4464//5204 4478//5222 4477//5221
f 4463//5203 4477//5221 4476//5220
f 4462//5202 4476//5220 4475//5219
f 4461//5201 4475//5219 4474//5218
f 4460//5200 4474//5218 4473//5217
f 4459//5199 4473//5217 4472//5216
f 4458//5198 4472//5216 4471//5215
f 4457//5197 4471//5215 4470//5214
f 4456//5196 4470//5214 4469//5213
f 4455//5195 4469//5213 4468//5210
f 2979//5212 2978//5193 4454//5192
f 4467//5209 4453//5191 3005//5207
f 4453//5191 4467//5209 4466//5206
f 4452//5188 4466//5206 4465//5205
f 4451//5187 4465//5205 4464//5204
f 4450//5186 4464//5204 4463//5203
f 4449//5185 4463//5203 4462//5202
f 4448//5184 4462//5202 4461//5201
f 4447//5183 4461//5201 4460//5200
f 4446//5182 4460//5200 4459//5199
f 4445//5181 4459//5199 4458//5198
f 4444//5180 4458//5198 4457//5197
f 4443//5179 4457//5197 4456//5196
f 4442//5178 4456//5196 4455//5195
f 4441//5177 4455//5195 4454//5192
f 2977//5194 2976//5175 4440//5174
f 4453//5191 4439//5173 2999//5189
f 4439//5173 4453//5191 4452//5188
f 4438//5170 4452//5188 4451//5187
f 4437//5169 4451//5187 4450//5186
f 4436//5168 4450//5186 4449//5185
f 4435//5167 4449//5185 4448//5184
f 4433//5165 4448//5184 4447//5183
f 4431//5163 4447//5183 4446//5182
f 4429//5161 4446//5182 4445//5181
f 4427//5159 4445//5181 4444//5180
f 4425//5157 4444//5180 4443//5179
f 4423//5155 4443//5179 4442//5178
f 4421//5153 4442//5178 4441//5177
f 4419//5151 4441//5177 4440//5174
f 2975//5176 2974//5148 4417//5147
f 4439//5173 4416//5146 2994//5171
f 4416//5146 4439//5173 4438//5170
f 4415//5143 4438//5170 4437//5169
f 4413//5141 4437//5169 4436//5168
f 4410//5138 4436//5168 4435//5167
f 4434//5166 4435//5167 4433//5165
f 4432//5164 4433//5165 4431//5163
f 4430//5162 4431//5163 4429//5161
f 4428//5160 4429//5161 4427//5159
f 4426//5158 4427//5159 4425//5157
f 4424//5156 4425//5157 4423//5155
f 4422//5154 4423//5155 4421//5153
f 4420//5152 4421//5153 4419//5151
f 4418//5150 4419//5151 4417//5147
f 2973//5149 2971//5137 4409//5135
f 4416//5146 4406//5131 2993//5144
f 4406//5131 4416//5146 4415//5143
f 4414//5142 4415//5143 4413//5141
f 4412//5140 4413//5141 4410//5138
f 2972//5136 2969//5249 4408//5134
f 4406//5131 4407//5132 2985//5129
f 3456//5273 2989//5273 2988//5273
f 4496//5273 4382//5273 3747//5273
f 3747//5273 3456//5273 4496//5273
f 2988//5273 4496//5273 3456//5273
f 4405//5275 4497//5276 4498//5277
f 4498//5277 2988//5278 4405//5275
f 4405//5275 4499//5279 4497//5276
f 4500//5280 4403//5281 4402//5282
f 4500//5280 4404//5283 4403//5281
f 4405//5275 4501//5284 4502//5285
f 4502//5285 4503//5286 4405//5275
f 4501//5284 4405//5275 4404//5283
f 4404//5283 4500//5280 4501//5284
f 4503//5286 4499//5279 4405//5275
f 4400//5287 4504//5288 4505//5289
f 4400//5287 4506//5290 4504//5288
f 4401//5291 4507//5291 4506//5290
f 4506//5290 4400//5287 4401//5291
f 4396//5292 4508//5292 4509//5293
f 4397//5294 4509//5293 4510//5295
f 4510//5295 4399//5296 4397//5294
f 4507//5291 4401//5291 4399//5296
f 4399//5296 4510//5295 4507//5291
f 4395//5297 4511//5297 4512//5298
f 4512//5298 4398//5299 4395//5297
f 4508//5292 4396//5292 4398//5299
f 4513//5300 4514//5301 4394//5302
f 4395//5297 4394//5302 4514//5301
f 4514//5301 4511//5297 4395//5297
f 4393//5303 4515//5304 4516//5305
f 4393//5303 4392//5306 4517//5307
f 4517//5307 4515//5304 4393//5303
f 4392//5306 4518//5308 4517//5307
f 4516//5305 4513//5300 4393//5303
f 4391//5308 4519//5309 4520//5310
f 4390//5311 4521//5312 4519//5309
f 4519//5309 4391//5308 4390//5311
f 4390//5311 4522//5311 4521//5312
f 4390//5311 4523//5313 4524//5314
f 4389//5315 4525//5316 4523//5313
f 4523//5313 4390//5311 4389//5315
f 4524//5314 4522//5311 4390//5311
f 4385//5317 4526//5317 4527//5318
f 4527//5318 4386//5319 4385//5317
f 4525//5316 4388//5320 4386//5319
f 4386//5319 4528//5321 4525//5316
f 4529//5322 4387//5323 4384//5324
f 4526//5317 4385//5317 4387//5323
f 4387//5323 4529//5322 4526//5317
f 4384//5324 2970//5325 4529//5322
f 4527//5318 4528//5321 4386//5319
f 4389//5315 4388//5320 4525//5316
f 4520//5310 4518//5308 4391//5308
f 4392//5306 4391//5308 4518//5308
f 4394//5302 4393//5303 4513//5300
f 4512//5298 4508//5292 4398//5299
f 4509//5293 4397//5294 4396//5292
f 4505//5289 4500//5280 4400//5287
f 4402//5282 4400//5287 4500//5280
f 4498//5277 4496//5326 2988//5278
f 4530//5327 4531//5328 4532//5329
f 4532//5329 4533//5330 4530//5327
f 4532//5329 4534//5330 4533//5330
f 4535//5331 4536//5332 4537//5333
f 4537//5333 4538//5334 4535//5331
f 4535//5331 4531//5328 4536//5332
f 4539//5335 4540//5336 4541//5337
f 4541//5337 4542//5338 4539//5335
f 4539//5335 4538//5334 4540//5336
f 4543//5339 4544//5340 4545//5341
f 4545//5341 4546//5342 4543//5339
f 4545//5341 4547//5343 4546//5342
f 4548//5344 4547//5343 4549//5345
f 4549//5345 4496//5346 4548//5344
f 4548//5344 4546//5342 4547//5343
f 4549//5345 4382//5346 4496//5346
f 4543//5339 4542//5338 4544//5340
f 4541//5337 4544//5340 4542//5338
f 4537//5333 4540//5336 4538//5334
f 4530//5327 4536//5332 4531//5328
f 4568//5347 4569//5348 4570//5349
f 4373//5350 4375//5351 4571//5352
f 4570//5349 4372//5353 4373//5350
f 4572//5354 4573//5355 4540//5356
f 4573//5355 4541//5357 4540//5356
f 4573//5355 4572//5354 4574//5358
f 4575//5359 4574//5358 4576//5360
f 4577//5361 4576//5360 4578//5362
f 4579//5363 4578//5362 4580//5364
f 4581//5365 4580//5364 4582//5366
f 4583//5367 4582//5366 4584//5368
f 4585//5369 4584//5368 4586//5370
f 4587//5371 4586//5370 4588//5372
f 4589//5373 4588//5372 4590//5374
f 4591//5375 4590//5374 4592//5376
f 4593//5377 4592//5376 4594//5378
f 4595//5379 4594//5378 4568//5347
f 4596//5380 4568//5347 4571//5352
f 4374//5381 4377//5382 4597//5383
f 4571//5352 4375//5351 4374//5381
f 4573//5355 4598//5384 4544//5385
f 4598//5384 4545//5386 4544//5385
f 4598//5384 4573//5355 4575//5359
f 4599//5387 4575//5359 4577//5361
f 4600//5388 4577//5361 4579//5363
f 4601//5389 4579//5363 4581//5365
f 4602//5390 4581//5365 4583//5367
f 4603//5391 4583//5367 4585//5369
f 4604//5392 4585//5369 4587//5371
f 4605//5393 4587//5371 4589//5373
f 4606//5394 4589//5373 4591//5375
f 4607//5395 4591//5375 4593//5377
f 4608//5396 4593//5377 4595//5379
f 4609//5397 4595//5379 4596//5380
f 4610//5398 4596//5380 4597//5383
f 4376//5399 4379//5400 4611//5401
f 4597//5383 4377//5382 4376//5399
f 4598//5384 4612//5402 4547//5403
f 4612//5402 4549//5404 4547//5403
f 4612//5402 4598//5384 4599//5387
f 4613//5405 4599//5387 4600//5388
f 4614//5406 4600//5388 4601//5389
f 4615//5407 4601//5389 4602//5390
f 4616//5408 4602//5390 4603//5391
f 4617//5409 4603//5391 4604//5392
f 4618//5410 4604//5392 4605//5393
f 4619//5411 4605//5393 4606//5394
f 4620//5412 4606//5394 4607//5395
f 4621//5413 4607//5395 4608//5396
f 4622//5414 4608//5396 4609//5397
f 4623//5415 4609//5397 4610//5398
f 4624//5416 4610//5398 4611//5401
f 4378//5417 4380//5418 4625//5419
f 4611//5401 4379//5400 4378//5417
f 4625//5419 4380//5418 4381//5420
f 4536//5421 4550//5422 4551//5423
f 4536//5421 4530//5424 4550//5422
f 4572//5354 4537//5425 4536//5421
f 4572//5354 4551//5423 4552//5426
f 4574//5358 4552//5426 4553//5427
f 4576//5360 4553//5427 4554//5428
f 4555//5429 4580//5364 4578//5362
f 4580//5364 4555//5429 4556//5430
f 4557//5431 4584//5368 4582//5366
f 4557//5431 4558//5432 4586//5370
f 4588//5372 4586//5370 4558//5432
f 4559//5433 4560//5434 4590//5374
f 4592//5376 4590//5374 4560//5434
f 4594//5378 4592//5376 4561//5435
f 4568//5347 4562//5436 4563//5437
f 4568//5347 4594//5378 4564//5438
f 4564//5438 4562//5436 4568//5347
f 4570//5349 4569//5348 4565//5439
f 4565//5439 4566//5440 4570//5349
f 4372//5353 4570//5349 4567//5441
f 4567//5441 4383//5442 4372//5353
f 4566//5440 4567//5441 4570//5349
f 4565//5439 4569//5348 4563//5437
f 4563//5437 4569//5348 4568//5347
f 4561//5435 4564//5438 4594//5378
f 4560//5434 4561//5435 4592//5376
f 4590//5374 4588//5372 4559//5433
f 4558//5432 4559//5433 4588//5372
f 4586//5370 4584//5368 4557//5431
f 4582//5366 4556//5430 4557//5431
f 4556//5430 4582//5366 4580//5364
f 4578//5362 4554//5428 4555//5429
f 4554//5428 4578//5362 4576//5360
f 4553//5427 4576//5360 4574//5358
f 4552//5426 4574//5358 4572//5354
f 4551//5423 4572//5354 4536//5421
f 4550//5422 4530//5424 4533//5443
f 4381//5420 4382//5444 4625//5419
f 4382//5444 4624//5416 4625//5419
f 4382//5444 4623//5415 4624//5416
f 4382//5444 4622//5414 4623//5415
f 4382//5444 4621//5413 4622//5414
f 4382//5444 4620//5412 4621//5413
f 4382//5444 4619//5411 4620//5412
f 4382//5444 4618//5410 4619//5411
f 4382//5444 4617//5409 4618//5410
f 4382//5444 4616//5408 4617//5409
f 4382//5444 4615//5407 4616//5408
f 4382//5444 4614//5406 4615//5407
f 4382//5444 4613//5405 4614//5406
f 4382//5444 4612//5402 4613//5405
f 4382//5444 4549//5404 4612//5402
f 4625//5419 4611//5401 4378//5417
f 4611//5401 4625//5419 4624//5416
f 4610//5398 4624//5416 4623//5415
f 4609//5397 4623//5415 4622//5414
f 4608//5396 4622//5414 4621//5413
f 4607//5395 4621//5413 4620//5412
f 4606//5394 4620//5412 4619//5411
f 4605//5393 4619//5411 4618//5410
f 4604//5392 4618//5410 4617//5409
f 4603//5391 4617//5409 4616//5408
f 4602//5390 4616//5408 4615//5407
f 4601//5389 4615//5407 4614//5406
f 4600//5388 4614//5406 4613//5405
f 4599//5387 4613//5405 4612//5402
f 4547//5403 4545//5386 4598//5384
f 4611//5401 4597//5383 4376//5399
f 4597//5383 4611//5401 4610//5398
f 4596//5380 4610//5398 4609//5397
f 4595//5379 4609//5397 4608//5396
f 4593//5377 4608//5396 4607//5395
f 4591//5375 4607//5395 4606//5394
f 4589//5373 4606//5394 4605//5393
f 4587//5371 4605//5393 4604//5392
f 4585//5369 4604//5392 4603//5391
f 4583//5367 4603//5391 4602//5390
f 4581//5365 4602//5390 4601//5389
f 4579//5363 4601//5389 4600//5388
f 4577//5361 4600//5388 4599//5387
f 4575//5359 4599//5387 4598//5384
f 4544//5385 4541//5357 4573//5355
f 4597//5383 4571//5352 4374//5381
f 4571//5352 4597//5383 4596//5380
f 4568//5347 4596//5380 4595//5379
f 4594//5378 4595//5379 4593//5377
f 4592//5376 4593//5377 4591//5375
f 4590//5374 4591//5375 4589//5373
f 4588//5372 4589//5373 4587//5371
f 4586//5370 4587//5371 4585//5369
f 4584//5368 4585//5369 4583//5367
f 4582//5366 4583//5367 4581//5365
f 4580//5364 4581//5365 4579//5363
f 4578//5362 4579//5363 4577//5361
f 4576//5360 4577//5361 4575//5359
f 4574//5358 4575//5359 4573//5355
f 4540//5356 4537//5425 4572//5354
f 4571//5352 4570//5349 4373//5350
f 4570//5349 4571//5352 4568//5347
f 3755//5445 3776//5445 3777//5445
f 3755//5445 3772//5445 3773//5445
f 3755//5445 3779//5445 3780//5445
f 3755//5445 3775//5445 3776//5445
f 3773//5445 3774//5445 3755//5445
f 3760//5445 3767//5445 3768//5445
f 3760//5445 3765//5445 3766//5445
f 3760//5445 3763//5445 3764//5445
f 3760//5445 3761//5445 3762//5445
f 3769//5445 3755//5445 3756//5445
f 3976//5445 3737//5445 4383//5445
f 3755//5445 3778//5445 3779//5445
f 3774//5445 3775//5445 3755//5445
f 3755//5445 3770//5445 3771//5445
f 3766//5445 3767//5445 3760//5445
f 3762//5445 3763//5445 3760//5445
f 3769//5445 3758//5445 3759//5445
f 3756//5445 3757//5445 3769//5445
f 3976//5445 3589//5445 3590//5445
f 3976//5445 3975//5445 3580//5445
f 3976//5445 3595//5445 3737//5445
f 3777//5445 3778//5445 3755//5445
f 3755//5445 3769//5445 3770//5445
f 3764//5445 3765//5445 3760//5445
f 3757//5445 3758//5445 3769//5445
f 3590//5445 3591//5445 3976//5445
f 3580//5445 3588//5445 3976//5445
f 4383//5445 4626//5445 3976//5445
f 3976//5445 3592//5445 3593//5445
f 3771//5445 3772//5445 3755//5445
f 3759//5445 3760//5445 3769//5445
f 3588//5445 3589//5445 3976//5445
f 3593//5445 3595//5445 3976//5445
f 3581//5445 3580//5445 3964//5445
f 3768//5445 3769//5445 3760//5445
f 4626//5445 4022//5445 3976//5445
f 3780//5445 3581//5445 3755//5445
f 3591//5445 3592//5445 3976//5445
f 3580//5445 3973//5445 3964//5445
f 3975//5445 3974//5445 3580//5445
f 3974//5445 3973//5445 3580//5445
f 3964//5445 3755//5445 3581//5445
f 4637//5446 4638//5447 4639//5448
f 4627//5449 4628//5450 4640//5451
f 4639//5448 4629//5452 4627//5449
f 4641//5453 4642//5454 4189//5455
f 4642//5454 4190//5456 4189//5455
f 4642//5454 4641//5453 4643//5457
f 4644//5458 4643//5457 4645//5459
f 4646//5460 4645//5459 4647//5461
f 4648//5462 4647//5461 4649//5463
f 4650//5464 4649//5463 4651//5465
f 4652//5466 4651//5465 4653//5467
f 4654//5468 4653//5467 4655//5469
f 4656//5470 4655//5469 4657//5471
f 4658//5472 4657//5471 4659//5473
f 4660//5474 4659//5473 4661//5475
f 4662//5476 4661//5475 4663//5477
f 4664//5478 4663//5477 4637//5446
f 4665//5479 4637//5446 4640//5451
f 4630//5480 4631//5481 4666//5482
f 4640//5451 4628//5450 4630//5480
f 4642//5454 4667//5483 4193//5484
f 4667//5483 4194//5485 4193//5484
f 4667//5483 4642//5454 4644//5458
f 4668//5486 4644//5458 4646//5460
f 4669//5487 4646//5460 4648//5462
f 4670//5488 4648//5462 4650//5464
f 4671//5489 4650//5464 4652//5466
f 4672//5490 4652//5466 4654//5468
f 4673//5491 4654//5468 4656//5470
f 4674//5492 4656//5470 4658//5472
f 4675//5493 4658//5472 4660//5474
f 4676//5494 4660//5474 4662//5476
f 4677//5495 4662//5476 4664//5478
f 4678//5496 4664//5478 4665//5479
f 4679//5497 4665//5479 4666//5482
f 4632//5498 4633//5499 4680//5500
f 4666//5482 4631//5481 4632//5498
f 4667//5483 4681//5501 4196//5502
f 4681//5501 4198//5503 4196//5502
f 4681//5501 4667//5483 4668//5486
f 4682//5504 4668//5486 4669//5487
f 4683//5505 4669//5487 4670//5488
f 4684//5506 4670//5488 4671//5489
f 4685//5507 4671//5489 4672//5490
f 4686//5508 4672//5490 4673//5491
f 4687//5509 4673//5491 4674//5492
f 4688//5510 4674//5492 4675//5493
f 4689//5511 4675//5493 4676//5494
f 4690//5512 4676//5494 4677//5495
f 4691//5513 4677//5495 4678//5496
f 4692//5514 4678//5496 4679//5497
f 4693//5515 4679//5497 4680//5500
f 4634//5516 4635//5517 4694//5518
f 4680//5500 4633//5499 4634//5516
f 4694//5518 4635//5517 4636//5519
f 4185//5520 4006//5521 4005//5522
f 4185//5520 4181//5523 4006//5521
f 4641//5453 4186//5524 4185//5520
f 4641//5453 4005//5522 4007//5525
f 4643//5457 4007//5525 4009//5526
f 4645//5459 4009//5526 4008//5527
f 4011//5528 4649//5463 4647//5461
f 4649//5463 4011//5528 4010//5529
f 4013//5530 4653//5467 4651//5465
f 4655//5469 4653//5467 4013//5530
f 4655//5469 4012//5531 4014//5532
f 4016//5533 4659//5473 4657//5471
f 4661//5475 4659//5473 4016//5533
f 4018//5534 4663//5477 4661//5475
f 4637//5446 4017//5535 4020//5536
f 4637//5446 4663//5477 4018//5534
f 4018//5534 4017//5535 4637//5446
f 4639//5448 4638//5447 4019//5537
f 4019//5537 4021//5538 4639//5448
f 4629//5452 4639//5448 4023//5539
f 4023//5539 4022//5540 4629//5452
f 4021//5538 4023//5539 4639//5448
f 4019//5537 4638//5447 4020//5536
f 4020//5536 4638//5447 4637//5446
f 4661//5475 4015//5541 4018//5534
f 4016//5533 4015//5541 4661//5475
f 4657//5471 4014//5532 4016//5533
f 4014//5532 4657//5471 4655//5469
f 4013//5530 4012//5531 4655//5469
f 4651//5465 4010//5529 4013//5530
f 4010//5529 4651//5465 4649//5463
f 4647//5461 4008//5527 4011//5528
f 4008//5527 4647//5461 4645//5459
f 4009//5526 4645//5459 4643//5457
f 4007//5525 4643//5457 4641//5453
f 4005//5522 4641//5453 4185//5520
f 4006//5521 4181//5523 4024//5542
f 4636//5519 4200//5543 4694//5518
f 4200//5543 4693//5515 4694//5518
f 4200//5543 4692//5514 4693//5515
f 4200//5543 4691//5513 4692//5514
f 4200//5543 4690//5512 4691//5513
f 4200//5543 4689//5511 4690//5512
f 4200//5543 4688//5510 4689//5511
f 4200//5543 4687//5509 4688//5510
f 4200//5543 4686//5508 4687//5509
f 4200//5543 4685//5507 4686//5508
f 4200//5543 4684//5506 4685//5507
f 4200//5543 4683//5505 4684//5506
f 4200//5543 4682//5504 4683//5505
f 4200//5543 4681//5501 4682//5504
f 4200//5543 4198//5503 4681//5501
f 4694//5518 4680//5500 4634//5516
f 4680//5500 4694//5518 4693//5515
f 4679//5497 4693//5515 4692//5514
f 4678//5496 4692//5514 4691//5513
f 4677//5495 4691//5513 4690//5512
f 4676//5494 4690//5512 4689//5511
f 4675//5493 4689//5511 4688//5510
f 4674//5492 4688//5510 4687//5509
f 4673//5491 4687//5509 4686//5508
f 4672//5490 4686//5508 4685//5507
f 4671//5489 4685//5507 4684//5506
f 4670//5488 4684//5506 4683//5505
f 4669//5487 4683//5505 4682//5504
f 4668//5486 4682//5504 4681//5501
f 4196//5502 4194//5485 4667//5483
f 4680//5500 4666//5482 4632//5498
f 4666//5482 4680//5500 4679//5497
f 4665//5479 4679//5497 4678//5496
f 4664//5478 4678//5496 4677//5495
f 4662//5476 4677//5495 4676//5494
f 4660//5474 4676//5494 4675//5493
f 4658//5472 4675//5493 4674//5492
f 4656//5470 4674//5492 4673//5491
f 4654//5468 4673//5491 4672//5490
f 4652//5466 4672//5490 4671//5489
f 4650//5464 4671//5489 4670//5488
f 4648//5462 4670//5488 4669//5487
f 4646//5460 4669//5487 4668//5486
f 4644//5458 4668//5486 4667//5483
f 4193//5484 4190//5456 4642//5454
f 4666//5482 4640//5451 4630//5480
f 4640//5451 4666//5482 4665//5479
f 4637//5446 4665//5479 4664//5478
f 4663//5477 4664//5478 4662//5476
f 4661//5475 4662//5476 4660//5474
f 4659//5473 4660//5474 4658//5472
f 4657//5471 4658//5472 4656//5470
f 4655//5469 4656//5470 4654//5468
f 4653//5467 4654//5468 4652//5466
f 4651//5465 4652//5466 4650//5464
f 4649//5463 4650//5464 4648//5462
f 4647//5461 4648//5462 4646//5460
f 4645//5459 4646//5460 4644//5458
f 4643//5457 4644//5458 4642//5454
f 4189//5455 4186//5524 4641//5453
f 4640//5451 4639//5448 4627//5449
f 4639//5448 4640//5451 4637//5446
f 4695//5544 4552//5544 4551//5545
f 4550//5546 4696//5546 4697//5545
f 4697//5545 4551//5545 4550//5546
f 4533//5547 4698//5547 4696//5546
f 4696//5546 4550//5546 4533//5547
f 4699//5548 4554//5548 4553//5549
f 4552//5544 4695//5544 4700//5549
f 4700//5549 4553//5549 4552//5544
f 4701//5550 4556//5550 4555//5551
f 4554//5548 4699//5548 4702//5551
f 4702//5551 4555//5551 4554//5548
f 4703//5552 4558//5552 4557//5553
f 4556//5550 4701//5550 4704//5553
f 4704//5553 4557//5553 4556//5550
f 4705//5554 4560//5554 4559//5555
f 4558//5552 4703//5552 4706//5555
f 4706//5555 4559//5555 4558//5552
f 4707//5556 4562//5556 4564//5557
f 4708//5557 4564//5557 4561//5558
f 4561//5558 4709//5558 4708//5557
f 4560//5554 4705//5554 4709//5558
f 4709//5558 4561//5558 4560//5554
f 4710//5559 4566//5559 4565//5560
f 4565//5560 4563//5561 4711//5561
f 4711//5561 4712//5560 4565//5560
f 4707//5556 4711//5561 4563//5561
f 4563//5561 4562//5556 4707//5556
f 4383//5562 4567//5563 4713//5563
f 4710//5559 4713//5563 4567//5563
f 4567//5563 4566//5559 4710//5559
f 4713//5563 4626//5562 4383//5562
f 4565//5560 4712//5560 4710//5559
f 4564//5557 4708//5557 4707//5556
f 4559//5555 4706//5555 4705//5554
f 4557//5553 4704//5553 4703//5552
f 4555//5551 4702//5551 4701//5550
f 4553//5549 4700//5549 4699//5548
f 4551//5545 4697//5545 4695//5544
f 4627//5564 4629//5565 4714//5565
f 4626//5566 4714//5565 4629//5565
f 4629//5565 4022//5566 4626//5566
f 4628//5567 4627//5564 4715//5568
f 4716//5569 4630//5569 4628//5567
f 4628//5567 4717//5570 4716//5569
f 4632//5571 4631//5572 4718//5572
f 4716//5569 4718//5572 4631//5572
f 4631//5572 4630//5569 4716//5569
f 4719//5573 4633//5573 4632//5571
f 4633//5573 4719//5573 4720//5574
f 4720//5574 4634//5574 4633//5573
f 4721//5575 4722//5576 4636//5576
f 4635//5575 4634//5574 4720//5574
f 4720//5574 4721//5575 4635//5575
f 4636//5576 4722//5576 4723//5577
f 4723//5577 4200//5577 4636//5576
f 4636//5576 4635//5575 4721//5575
f 4632//5571 4724//5578 4719//5573
f 4718//5572 4724//5578 4632//5571
f 4715//5568 4717//5570 4628//5567
f 4714//5565 4715//5568 4627//5564
f 4715//5579 4734//5580 4735//5581
f 4735//5581 4717//5582 4715//5579
f 4735//5581 4734//5580 4736//5583
f 4716//5584 4735//5581 4737//5585
f 4737//5585 4718//5586 4716//5584
f 4737//5585 4735//5581 4738//5587
f 4739//5588 4738//5587 4740//5589
f 4741//5590 4740//5589 4742//5591
f 4743//5592 4742//5591 4744//5593
f 4745//5594 4744//5593 4746//5595
f 4747//5596 4746//5595 4748//5597
f 4749//5598 4748//5597 4750//5599
f 4751//5600 4750//5599 4752//5601
f 4753//5602 4752//5601 4754//5603
f 4755//5604 4754//5603 4756//5605
f 4757//5606 4756//5605 4758//5607
f 4759//5608 4758//5607 4760//5609
f 4761//5610 4760//5609 4762//5611
f 4762//5611 4725//5612 4726//5613
f 4726//5613 4763//5614 4762//5611
f 4724//5615 4737//5585 4764//5616
f 4764//5616 4719//5617 4724//5615
f 4764//5616 4737//5585 4739//5588
f 4765//5618 4739//5588 4741//5590
f 4766//5619 4741//5590 4743//5592
f 4767//5620 4743//5592 4745//5594
f 4768//5621 4745//5594 4747//5596
f 4769//5622 4747//5596 4749//5598
f 4770//5623 4749//5598 4751//5600
f 4771//5624 4751//5600 4753//5602
f 4772//5625 4753//5602 4755//5604
f 4773//5626 4755//5604 4757//5606
f 4774//5627 4757//5606 4759//5608
f 4775//5628 4759//5608 4761//5610
f 4776//5629 4761//5610 4763//5614
f 4763//5614 4727//5630 4728//5631
f 4728//5631 4777//5632 4763//5614
f 4720//5633 4764//5616 4778//5634
f 4778//5634 4721//5635 4720//5633
f 4778//5634 4764//5616 4765//5618
f 4779//5636 4765//5618 4766//5619
f 4780//5637 4766//5619 4767//5620
f 4781//5638 4767//5620 4768//5621
f 4782//5639 4768//5621 4769//5622
f 4783//5640 4769//5622 4770//5623
f 4784//5641 4770//5623 4771//5624
f 4785//5642 4771//5624 4772//5625
f 4786//5643 4772//5625 4773//5626
f 4787//5644 4773//5626 4774//5627
f 4788//5645 4774//5627 4775//5628
f 4789//5646 4775//5628 4776//5629
f 4790//5647 4776//5629 4777//5632
f 4777//5632 4729//5648 4730//5649
f 4730//5649 4791//5650 4777//5632
f 4778//5634 4723//5651 4722//5652
f 4714//5653 4626//5654 4713//5655
f 4734//5580 4710//5656 4712//5657
f 4734//5580 4713//5655 4710//5656
f 4738//5587 4707//5658 4708//5659
f 4738//5587 4736//5583 4711//5660
f 4711//5660 4707//5658 4738//5587
f 4740//5589 4708//5659 4709//5661
f 4742//5591 4709//5661 4705//5662
f 4706//5663 4746//5595 4744//5593
f 4746//5595 4706//5663 4703//5664
f 4704//5665 4750//5599 4748//5597
f 4704//5665 4701//5666 4752//5601
f 4754//5603 4752//5601 4701//5666
f 4702//5667 4699//5668 4756//5605
f 4758//5607 4756//5605 4699//5668
f 4760//5609 4758//5607 4700//5669
f 4762//5611 4760//5609 4695//5670
f 4731//5671 4762//5611 4697//5672
f 4697//5672 4696//5673 4731//5671
f 4696//5673 4732//5674 4731//5671
f 4698//5675 4732//5674 4696//5673
f 4731//5671 4725//5612 4762//5611
f 4695//5670 4697//5672 4762//5611
f 4700//5669 4695//5670 4760//5609
f 4699//5668 4700//5669 4758//5607
f 4756//5605 4754//5603 4702//5667
f 4701//5666 4702//5667 4754//5603
f 4752//5601 4750//5599 4704//5665
f 4748//5597 4703//5664 4704//5665
f 4703//5664 4748//5597 4746//5595
f 4744//5593 4705//5662 4706//5663
f 4705//5662 4744//5593 4742//5591
f 4709//5661 4742//5591 4740//5589
f 4708//5659 4740//5589 4738//5587
f 4711//5660 4736//5583 4712//5657
f 4712//5657 4736//5583 4734//5580
f 4713//5655 4734//5580 4714//5653
f 4723//5676 4791//5650 4733//5677
f 4723//5676 4790//5647 4791//5650
f 4723//5676 4789//5646 4790//5647
f 4723//5676 4788//5645 4789//5646
f 4723//5676 4787//5644 4788//5645
f 4723//5676 4786//5643 4787//5644
f 4723//5676 4785//5642 4786//5643
f 4723//5676 4784//5641 4785//5642
f 4723//5676 4783//5640 4784//5641
f 4723//5676 4782//5639 4783//5640
f 4723//5676 4781//5638 4782//5639
f 4723//5676 4780//5637 4781//5638
f 4723//5676 4779//5636 4780//5637
f 4723//5676 4778//5634 4779//5636
f 4722//5652 4721//5635 4778//5634
f 4730//5649 4733//5677 4791//5650
f 4777//5632 4791//5650 4790//5647
f 4776//5629 4790//5647 4789//5646
f 4775//5628 4789//5646 4788//5645
f 4774//5627 4788//5645 4787//5644
f 4773//5626 4787//5644 4786//5643
f 4772//5625 4786//5643 4785//5642
f 4771//5624 4785//5642 4784//5641
f 4770//5623 4784//5641 4783//5640
f 4769//5622 4783//5640 4782//5639
f 4768//5621 4782//5639 4781//5638
f 4767//5620 4781//5638 4780//5637
f 4766//5619 4780//5637 4779//5636
f 4765//5618 4779//5636 4778//5634
f 4720//5633 4719//5617 4764//5616
f 4728//5631 4729//5648 4777//5632
f 4763//5614 4777//5632 4776//5629
f 4761//5610 4776//5629 4775//5628
f 4759//5608 4775//5628 4774//5627
f 4757//5606 4774//5627 4773//5626
f 4755//5604 4773//5626 4772//5625
f 4753//5602 4772//5625 4771//5624
f 4751//5600 4771//5624 4770//5623
f 4749//5598 4770//5623 4769//5622
f 4747//5596 4769//5622 4768//5621
f 4745//5594 4768//5621 4767//5620
f 4743//5592 4767//5620 4766//5619
f 4741//5590 4766//5619 4765//5618
f 4739//5588 4765//5618 4764//5616
f 4724//5615 4718//5586 4737//5585
f 4726//5613 4727//5630 4763//5614
f 4762//5611 4763//5614 4761//5610
f 4760//5609 4761//5610 4759//5608
f 4758//5607 4759//5608 4757//5606
f 4756//5605 4757//5606 4755//5604
f 4754//5603 4755//5604 4753//5602
f 4752//5601 4753//5602 4751//5600
f 4750//5599 4751//5600 4749//5598
f 4748//5597 4749//5598 4747//5596
f 4746//5595 4747//5596 4745//5594
f 4744//5593 4745//5594 4743//5592
f 4742//5591 4743//5592 4741//5590
f 4740//5589 4741//5590 4739//5588
f 4738//5587 4739//5588 4737//5585
f 4716//5584 4717//5582 4735//5581
f 4736//5583 4738//5587 4735//5581
f 4715//5579 4714//5653 4734//5580
f 4723//5676 4792//5676 4199//5676
f 4199//5676 4792//5676 3312//5676
f 3312//5676 3311//5676 4199//5676
f 4199//5676 4200//5676 4723//5676
f 3307//5678 4815//5679 4816//5680
f 4816//5680 3315//5681 3307//5678
f 3317//5682 4816//5680 4817//5683
f 4817//5683 3320//5684 3317//5682
f 4817//5683 4816//5680 4818//5685
f 4819//5686 4818//5685 4820//5687
f 4821//5688 4820//5687 4822//5689
f 4823//5690 3290//5691 3289//5692
f 3289//5692 4824//5693 4823//5690
f 3318//5694 4817//5683 4825//5695
f 4825//5695 3321//5696 3318//5694
f 4825//5695 4817//5683 4819//5686
f 4826//5697 4819//5686 4821//5688
f 4827//5698 4821//5688 4828//5699
f 4829//5700 4828//5699 4830//5701
f 4831//5702 4830//5701 4832//5703
f 4833//5704 4832//5703 4834//5705
f 4835//5706 4834//5705 4836//5707
f 4837//5708 4836//5707 4838//5709
f 4839//5710 4838//5709 4840//5711
f 4841//5712 4840//5711 4842//5713
f 4843//5714 4842//5713 4844//5715
f 4845//5716 4844//5715 4846//5717
f 4847//5718 4846//5717 4824//5693
f 4848//5719 4824//5693 3287//5720
f 4824//5693 3288//5721 3287//5720
f 3322//5722 4825//5695 4849//5723
f 4849//5723 3325//5724 3322//5722
f 4849//5723 4825//5695 4826//5697
f 4850//5725 4826//5697 4827//5698
f 4851//5726 4827//5698 4829//5700
f 4852//5727 4829//5700 4831//5702
f 4853//5728 4831//5702 4833//5704
f 4854//5729 4833//5704 4835//5706
f 4855//5730 4835//5706 4837//5708
f 4856//5731 4837//5708 4839//5710
f 4857//5732 4839//5710 4841//5712
f 4858//5733 4841//5712 4843//5714
f 4859//5734 4843//5714 4845//5716
f 4860//5735 4845//5716 4847//5718
f 4861//5736 4847//5718 4848//5719
f 4862//5737 4848//5719 3286//5738
f 4848//5719 3285//5739 3286//5738
f 3327//5740 4849//5723 4863//5741
f 4863//5741 3331//5742 3327//5740
f 4863//5741 4849//5723 4850//5725
f 4864//5743 4850//5725 4851//5726
f 4865//5744 4851//5726 4852//5727
f 4866//5745 4852//5727 4853//5728
f 4867//5746 4853//5728 4854//5729
f 4868//5747 4854//5729 4855//5730
f 4869//5748 4855//5730 4856//5731
f 4870//5749 4856//5731 4857//5732
f 4871//5750 4857//5732 4858//5733
f 4872//5751 4858//5733 4859//5734
f 4873//5752 4859//5734 4860//5735
f 4874//5753 4860//5735 4861//5736
f 4875//5754 4861//5736 4862//5737
f 4876//5755 4862//5737 3284//5756
f 4862//5737 3283//5757 3284//5756
f 3332//5758 4863//5741 4877//5759
f 4877//5759 3333//5760 3332//5758
f 4877//5759 4863//5741 4864//5743
f 4878//5761 4864//5743 4865//5744
f 4879//5762 4865//5744 4866//5745
f 4880//5763 4866//5745 4867//5746
f 4881//5764 4867//5746 4868//5747
f 4882//5765 4868//5747 4869//5748
f 4883//5766 4869//5748 4870//5749
f 4884//5767 4870//5749 4871//5750
f 4885//5768 4871//5750 4872//5751
f 4886//5769 4872//5751 4873//5752
f 4887//5770 4873//5752 4874//5753
f 4888//5771 4874//5753 4875//5754
f 4889//5772 4875//5754 4876//5755
f 4890//5773 4876//5755 3282//5774
f 4876//5755 3281//5775 3282//5774
f 3335//5776 4877//5759 4891//5777
f 4891//5777 3337//5778 3335//5776
f 4891//5777 4877//5759 4878//5761
f 4892//5779 4878//5761 4879//5762
f 4893//5780 4879//5762 4880//5763
f 4894//5781 4880//5763 4881//5764
f 4895//5782 4881//5764 4882//5765
f 4896//5783 4882//5765 4883//5766
f 4897//5784 4883//5766 4884//5767
f 4898//5785 4884//5767 4885//5768
f 4899//5786 4885//5768 4886//5769
f 4900//5787 4886//5769 4887//5770
f 4901//5788 4887//5770 4888//5771
f 4902//5789 4888//5771 4889//5772
f 4903//5790 4889//5772 4890//5773
f 4904//5791 4890//5773 3279//5792
f 4890//5773 3280//5793 3279//5792
f 4891//5777 2951//5794 3338//5795
f 4904//5791 3278//5796 3277//5797
f 3310//5798 4793//5799 4794//5800
f 3310//5798 3312//5801 4793//5799
f 4816//5680 4795//5802 4796//5803
f 4816//5680 4815//5679 4795//5802
f 4797//5804 4798//5805 4820//5687
f 4818//5685 4796//5803 4797//5804
f 4820//5687 4798//5805 4799//5806
f 4828//5699 4800//5807 4801//5808
f 4828//5699 4822//5689 4802//5809
f 4802//5809 4800//5807 4828//5699
f 4830//5701 4801//5808 4803//5810
f 4832//5703 4803//5810 4804//5811
f 4834//5705 4804//5811 4805//5812
f 4806//5813 4838//5709 4836//5707
f 4807//5814 4808//5815 4840//5711
f 4838//5709 4806//5813 4807//5814
f 4842//5713 4840//5711 4808//5815
f 4809//5816 4810//5817 4844//5715
f 4846//5717 4844//5715 4810//5817
f 4824//5693 4811//5818 4812//5819
f 4824//5693 4846//5717 4813//5820
f 4813//5820 4811//5818 4824//5693
f 3290//5691 4823//5690 4814//5821
f 4814//5821 3291//5822 3290//5691
f 4814//5821 4823//5690 4812//5819
f 4812//5819 4823//5690 4824//5693
f 4810//5817 4813//5820 4846//5717
f 4844//5715 4842//5713 4809//5816
f 4808//5815 4809//5816 4842//5713
f 4840//5711 4838//5709 4807//5814
f 4836//5707 4805//5812 4806//5813
f 4805//5812 4836//5707 4834//5705
f 4804//5811 4834//5705 4832//5703
f 4803//5810 4832//5703 4830//5701
f 4801//5808 4830//5701 4828//5699
f 4802//5809 4822//5689 4799//5806
f 4799//5806 4822//5689 4820//5687
f 4820//5687 4818//5685 4797//5804
f 4796//5803 4818//5685 4816//5680
f 4795//5802 4815//5679 4794//5800
f 4794//5800 4815//5679 3310//5798
f 3277//5797 2951//5823 4904//5791
f 2951//5823 4903//5790 4904//5791
f 2951//5823 4902//5789 4903//5790
f 2951//5823 4901//5788 4902//5789
f 2951//5823 4900//5787 4901//5788
f 2951//5823 4899//5786 4900//5787
f 2951//5823 4898//5785 4899//5786
f 2951//5823 4897//5784 4898//5785
f 2951//5823 4896//5783 4897//5784
f 2951//5823 4895//5782 4896//5783
f 2951//5823 4894//5781 4895//5782
f 2951//5823 4893//5780 4894//5781
f 2951//5823 4892//5779 4893//5780
f 2951//5823 4891//5777 4892//5779
f 3338//5795 3337//5778 4891//5777
f 3279//5792 3278//5796 4904//5791
f 4890//5773 4904//5791 4903//5790
f 4889//5772 4903//5790 4902//5789
f 4888//5771 4902//5789 4901//5788
f 4887//5770 4901//5788 4900//5787
f 4886//5769 4900//5787 4899//5786
f 4885//5768 4899//5786 4898//5785
f 4884//5767 4898//5785 4897//5784
f 4883//5766 4897//5784 4896//5783
f 4882//5765 4896//5783 4895//5782
f 4881//5764 4895//5782 4894//5781
f 4880//5763 4894//5781 4893//5780
f 4879//5762 4893//5780 4892//5779
f 4878//5761 4892//5779 4891//5777
f 3335//5776 3333//5760 4877//5759
f 3282//5774 3280//5793 4890//5773
f 4876//5755 4890//5773 4889//5772
f 4875//5754 4889//5772 4888//5771
f 4874//5753 4888//5771 4887//5770
f 4873//5752 4887//5770 4886//5769
f 4872//5751 4886//5769 4885//5768
f 4871//5750 4885//5768 4884//5767
f 4870//5749 4884//5767 4883//5766
f 4869//5748 4883//5766 4882//5765
f 4868//5747 4882//5765 4881//5764
f 4867//5746 4881//5764 4880//5763
f 4866//5745 4880//5763 4879//5762
f 4865//5744 4879//5762 4878//5761
f 4864//5743 4878//5761 4877//5759
f 3332//5758 3331//5742 4863//5741
f 3284//5756 3281//5775 4876//5755
f 4862//5737 4876//5755 4875//5754
f 4861//5736 4875//5754 4874//5753
f 4860//5735 4874//5753 4873//5752
f 4859//5734 4873//5752 4872//5751
f 4858//5733 4872//5751 4871//5750
f 4857//5732 4871//5750 4870//5749
f 4856//5731 4870//5749 4869//5748
f 4855//5730 4869//5748 4868//5747
f 4854//5729 4868//5747 4867//5746
f 4853//5728 4867//5746 4866//5745
f 4852//5727 4866//5745 4865//5744
f 4851//5726 4865//5744 4864//5743
f 4850//5725 4864//5743 4863//5741
f 3327//5740 3325//5724 4849//5723
f 3286//5738 3283//5757 4862//5737
f 4848//5719 4862//5737 4861//5736
f 4847//5718 4861//5736 4860//5735
f 4845//5716 4860//5735 4859//5734
f 4843//5714 4859//5734 4858//5733
f 4841//5712 4858//5733 4857//5732
f 4839//5710 4857//5732 4856//5731
f 4837//5708 4856//5731 4855//5730
f 4835//5706 4855//5730 4854//5729
f 4833//5704 4854//5729 4853//5728
f 4831//5702 4853//5728 4852//5727
f 4829//5700 4852//5727 4851//5726
f 4827//5698 4851//5726 4850//5725
f 4826//5697 4850//5725 4849//5723
f 3322//5722 3321//5696 4825//5695
f 3287//5720 3285//5739 4848//5719
f 4824//5693 4848//5719 4847//5718
f 4846//5717 4847//5718 4845//5716
f 4844//5715 4845//5716 4843//5714
f 4842//5713 4843//5714 4841//5712
f 4840//5711 4841//5712 4839//5710
f 4838//5709 4839//5710 4837//5708
f 4836//5707 4837//5708 4835//5706
f 4834//5705 4835//5706 4833//5704
f 4832//5703 4833//5704 4831//5702
f 4830//5701 4831//5702 4829//5700
f 4828//5699 4829//5700 4827//5698
f 4821//5688 4827//5698 4826//5697
f 4819//5686 4826//5697 4825//5695
f 3318//5694 3320//5684 4817//5683
f 3289//5692 3288//5721 4824//5693
f 4822//5689 4828//5699 4821//5688
f 4820//5687 4821//5688 4819//5686
f 4818//5685 4819//5686 4817//5683
f 3317//5682 3315//5681 4816//5680
f 3307//5678 3310//5798 4815//5679
f 2835//5822 2834//5822 4905//5822
f 4905//5822 4529//5822 2835//5822
f 2834//5822 3291//5822 4905//5822
f 4529//5822 2970//5822 2835//5822
f 4534//5824 4906//5824 4698//5824
f 4698//5824 4533//5824 4534//5824
f 4907//5825 4908//5826 4921//5827
f 4922//5828 4909//5829 4907//5825
f 4923//5830 4924//5831 4925//5832
f 4926//5833 4925//5832 4921//5827
f 4910//5834 4911//5835 4927//5836
f 4921//5827 4908//5826 4910//5834
f 4928//5837 4929//5838 4542//5839
f 4929//5838 4539//5840 4542//5839
f 4929//5838 4928//5837 4930//5841
f 4930//5841 4502//5842 4931//5843
f 4932//5844 4933//5845 4934//5846
f 4935//5847 4934//5846 4923//5830
f 4936//5848 4923//5830 4926//5833
f 4937//5849 4926//5833 4927//5836
f 4912//5850 4913//5851 4938//5852
f 4927//5836 4911//5835 4912//5850
f 4929//5838 4939//5853 4538//5854
f 4939//5853 4535//5855 4538//5854
f 4939//5853 4929//5838 4940//5856
f 4941//5857 4940//5856 4931//5843
f 4942//5858 4931//5843 4943//5859
f 4944//5860 4943//5859 4945//5861
f 4946//5862 4945//5861 4947//5863
f 4948//5864 4947//5863 4949//5865
f 4950//5866 4949//5865 4951//5867
f 4952//5868 4951//5867 4953//5869
f 4954//5870 4953//5869 4955//5871
f 4956//5872 4955//5871 4957//5873
f 4958//5874 4957//5873 4959//5875
f 4960//5876 4959//5875 4961//5877
f 4962//5878 4961//5877 4963//5879
f 4964//5880 4963//5879 4965//5881
f 4966//5882 4965//5881 4932//5844
f 4967//5883 4932//5844 4935//5847
f 4968//5884 4935//5847 4936//5848
f 4969//5885 4936//5848 4937//5849
f 4970//5886 4937//5849 4938//5852
f 4914//5887 4915//5888 4971//5889
f 4938//5852 4913//5851 4914//5887
f 4939//5853 4972//5890 4531//5891
f 4972//5890 4532//5892 4531//5891
f 4972//5890 4939//5853 4941//5857
f 4973//5893 4941//5857 4942//5858
f 4974//5894 4942//5858 4944//5860
f 4975//5895 4944//5860 4946//5862
f 4976//5896 4946//5862 4948//5864
f 4977//5897 4948//5864 4950//5866
f 4978//5898 4950//5866 4952//5868
f 4979//5899 4952//5868 4954//5870
f 4980//5900 4954//5870 4956//5872
f 4981//5901 4956//5872 4958//5874
f 4982//5902 4958//5874 4960//5876
f 4983//5903 4960//5876 4962//5878
f 4984//5904 4962//5878 4964//5880
f 4985//5905 4964//5880 4966//5882
f 4986//5906 4966//5882 4967//5883
f 4987//5907 4967//5883 4968//5884
f 4988//5908 4968//5884 4969//5885
f 4989//5909 4969//5885 4970//5886
f 4990//5910 4970//5886 4971//5889
f 4916//5911 4917//5912 4991//5913
f 4971//5889 4915//5888 4916//5911
f 4991//5913 4917//5912 4918//5914
f 4546//5915 4548//5916 4498//5917
f 4498//5917 4497//5918 4546//5915
f 4928//5837 4543//5919 4546//5915
f 4928//5837 4499//5920 4503//5921
f 4928//5837 4497//5918 4499//5920
f 4931//5843 4500//5922 4505//5923
f 4931//5843 4501//5924 4500//5922
f 4931//5843 4502//5842 4501//5924
f 4943//5859 4505//5923 4504//5925
f 4945//5861 4504//5925 4506//5926
f 4947//5863 4506//5926 4507//5927
f 4510//5928 4951//5867 4949//5865
f 4509//5929 4953//5869 4951//5867
f 4953//5869 4509//5929 4508//5930
f 4512//5931 4957//5873 4955//5871
f 4512//5931 4511//5932 4959//5875
f 4961//5877 4959//5875 4511//5932
f 4514//5933 4513//5934 4963//5879
f 4965//5881 4963//5879 4513//5934
f 4932//5844 4965//5881 4516//5935
f 4516//5935 4515//5936 4932//5844
f 4934//5846 4933//5845 4517//5937
f 4517//5937 4518//5938 4934//5846
f 4923//5830 4934//5846 4520//5939
f 4520//5939 4519//5940 4923//5830
f 4925//5832 4924//5831 4521//5941
f 4521//5941 4522//5942 4925//5832
f 4921//5827 4925//5832 4524//5943
f 4524//5943 4922//5828 4921//5827
f 4922//5828 4523//5944 4525//5945
f 4909//5829 4922//5828 4528//5946
f 4528//5946 4919//5947 4909//5829
f 4527//5948 4920//5949 4919//5947
f 4920//5949 4527//5948 4526//5950
f 4526//5950 4529//5951 4920//5949
f 4528//5946 4527//5948 4919//5947
f 4525//5945 4528//5946 4922//5828
f 4524//5943 4523//5944 4922//5828
f 4522//5942 4524//5943 4925//5832
f 4521//5941 4924//5831 4519//5940
f 4519//5940 4924//5831 4923//5830
f 4518//5938 4520//5939 4934//5846
f 4517//5937 4933//5845 4515//5936
f 4515//5936 4933//5845 4932//5844
f 4513//5934 4516//5935 4965//5881
f 4963//5879 4961//5877 4514//5933
f 4511//5932 4514//5933 4961//5877
f 4959//5875 4957//5873 4512//5931
f 4955//5871 4508//5930 4512//5931
f 4508//5930 4955//5871 4953//5869
f 4951//5867 4510//5928 4509//5929
f 4949//5865 4507//5927 4510//5928
f 4507//5927 4949//5865 4947//5863
f 4506//5926 4947//5863 4945//5861
f 4504//5925 4945//5861 4943//5859
f 4505//5923 4943//5859 4931//5843
f 4502//5842 4930//5841 4503//5921
f 4503//5921 4930//5841 4928//5837
f 4497//5918 4928//5837 4546//5915
f 4498//5917 4548//5916 4496//5952
f 4918//5914 4534//5953 4991//5913
f 4534//5953 4990//5910 4991//5913
f 4534//5953 4989//5909 4990//5910
f 4534//5953 4988//5908 4989//5909
f 4534//5953 4987//5907 4988//5908
f 4534//5953 4986//5906 4987//5907
f 4534//5953 4985//5905 4986//5906
f 4534//5953 4984//5904 4985//5905
f 4534//5953 4983//5903 4984//5904
f 4534//5953 4982//5902 4983//5903
f 4534//5953 4981//5901 4982//5902
f 4534//5953 4980//5900 4981//5901
f 4534//5953 4979//5899 4980//5900
f 4534//5953 4978//5898 4979//5899
f 4534//5953 4977//5897 4978//5898
f 4534//5953 4976//5896 4977//5897
f 4534//5953 4975//5895 4976//5896
f 4534//5953 4974//5894 4975//5895
f 4534//5953 4973//5893 4974//5894
f 4534//5953 4972//5890 4973//5893
f 4534//5953 4532//5892 4972//5890
f 4991//5913 4971//5889 4916//5911
f 4971//5889 4991//5913 4990//5910
f 4970//5886 4990//5910 4989//5909
f 4969//5885 4989//5909 4988//5908
f 4968//5884 4988//5908 4987//5907
f 4967//5883 4987//5907 4986//5906
f 4966//5882 4986//5906 4985//5905
f 4964//5880 4985//5905 4984//5904
f 4962//5878 4984//5904 4983//5903
f 4960//5876 4983//5903 4982//5902
f 4958//5874 4982//5902 4981//5901
f 4956//5872 4981//5901 4980//5900
f 4954//5870 4980//5900 4979//5899
f 4952//5868 4979//5899 4978//5898
f 4950//5866 4978//5898 4977//5897
f 4948//5864 4977//5897 4976//5896
f 4946//5862 4976//5896 4975//5895
f 4944//5860 4975//5895 4974//5894
f 4942//5858 4974//5894 4973//5893
f 4941//5857 4973//5893 4972//5890
f 4531//5891 4535//5855 4939//5853
f 4971//5889 4938//5852 4914//5887
f 4938//5852 4971//5889 4970//5886
f 4937//5849 4970//5886 4969//5885
f 4936//5848 4969//5885 4968//5884
f 4935//5847 4968//5884 4967//5883
f 4932//5844 4967//5883 4966//5882
f 4965//5881 4966//5882 4964//5880
f 4963//5879 4964//5880 4962//5878
f 4961//5877 4962//5878 4960//5876
f 4959//5875 4960//5876 4958//5874
f 4957//5873 4958//5874 4956//5872
f 4955//5871 4956//5872 4954//5870
f 4953//5869 4954//5870 4952//5868
f 4951//5867 4952//5868 4950//5866
f 4949//5865 4950//5866 4948//5864
f 4947//5863 4948//5864 4946//5862
f 4945//5861 4946//5862 4944//5860
f 4943//5859 4944//5860 4942//5858
f 4931//5843 4942//5858 4941//5857
f 4940//5856 4941//5857 4939//5853
f 4538//5854 4539//5840 4929//5838
f 4938//5852 4927//5836 4912//5850
f 4927//5836 4938//5852 4937//5849
f 4926//5833 4937//5849 4936//5848
f 4923//5830 4936//5848 4935//5847
f 4934//5846 4935//5847 4932//5844
f 4931//5843 4940//5856 4930//5841
f 4930//5841 4940//5856 4929//5838
f 4542//5839 4543//5919 4928//5837
f 4927//5836 4921//5827 4910//5834
f 4921//5827 4927//5836 4926//5833
f 4925//5832 4926//5833 4923//5830
f 4921//5827 4922//5828 4907//5825
f 4992//5954 4731//5955 4732//5956
f 4732//5956 4906//5957 4992//5954
f 4992//5954 4993//5958 4731//5955
f 4725//5959 4993//5958 4994//5960
f 4994//5960 4726//5961 4725//5959
f 4725//5959 4731//5955 4993//5958
f 4727//5962 4995//5963 4996//5964
f 4996//5964 4728//5965 4727//5962
f 4727//5962 4726//5961 4995//5963
f 4729//5966 4997//5967 4998//5968
f 4998//5968 4730//5969 4729//5966
f 4998//5968 4999//5970 4730//5969
f 4733//5971 4999//5970 5000//5972
f 5000//5972 4723//5973 4733//5971
f 4733//5971 4730//5969 4999//5970
f 5000//5972 4792//5973 4723//5973
f 4729//5966 4728//5965 4997//5967
f 4996//5964 4997//5967 4728//5965
f 4994//5960 4995//5963 4726//5961
f 4732//5956 4698//5974 4906//5957
f 4919//5975 4920//5976 5001//5976
f 4905//5977 5001//5976 4920//5976
f 4920//5976 4529//5977 4905//5977
f 4907//5978 4909//5979 5002//5979
f 5003//5980 5002//5979 4909//5979
f 4909//5979 4919//5975 5003//5980
f 4910//5981 4908//5982 5004//5982
f 5005//5983 5004//5982 4908//5982
f 4908//5982 4907//5978 5005//5983
f 4912//5984 4911//5985 5006//5985
f 5007//5986 5006//5985 4911//5985
f 4911//5985 4910//5981 5007//5986
f 4914//5987 4913//5988 5008//5988
f 5009//5989 5008//5988 4913//5988
f 4913//5988 4912//5984 5009//5989
f 4916//5990 4915//5991 5010//5991
f 5011//5992 5010//5991 4915//5991
f 4915//5991 4914//5987 5011//5992
f 4918//5993 4917//5994 5012//5994
f 5013//5995 5012//5994 4917//5994
f 4917//5994 4916//5990 5013//5995
f 4918//5993 5014//5996 4906//5997
f 4906//5997 4534//5997 4918//5993
f 5012//5994 5014//5996 4918//5993
f 5010//5991 5013//5995 4916//5990
f 5008//5988 5011//5992 4914//5987
f 5006//5985 5009//5989 4912//5984
f 5004//5982 5007//5986 4910//5981
f 5002//5979 5005//5983 4907//5978
f 5001//5976 5003//5980 4919//5975
f 4793//5998 3312//5999 5015//6000
f 5015//6000 5016//6001 4793//5998
f 3312//5999 4792//6002 5015//6000
f 5017//6003 4797//6003 4796//6004
f 4796//6004 4795//6005 5018//6006
f 5018//6006 5019//6007 4796//6004
f 4795//6005 4794//6008 5020//6009
f 4794//6008 5021//6010 5020//6009
f 5020//6009 5018//6006 4795//6005
f 4794//6008 4793//5998 5021//6010
f 4798//6011 5022//6012 5023//6013
f 4797//6003 5024//6014 5022//6012
f 5022//6012 4798//6011 4797//6003
f 4797//6003 5017//6003 5024//6014
f 5025//6015 4800//6016 4802//6017
f 4802//6017 5026//6018 5025//6015
f 4802//6017 4799//6019 5026//6018
f 5027//6020 5026//6018 4799//6019
f 4799//6019 4798//6011 5027//6020
f 4803//6021 4801//6022 5028//6023
f 5029//6024 5028//6023 4801//6022
f 4801//6022 4800//6016 5029//6024
f 5030//6025 4805//6025 4804//6026
f 4804//6026 5031//6027 5030//6025
f 4803//6021 5032//6028 5031//6027
f 5033//6029 4807//6029 4806//6030
f 4806//6030 5034//6031 5035//6032
f 4805//6025 5030//6025 5034//6031
f 5034//6031 4806//6030 4805//6025
f 5035//6032 5036//6033 4806//6030
f 4808//6034 5037//6035 5038//6036
f 5038//6036 5039//6037 4808//6034
f 4807//6029 5033//6029 5037//6035
f 5037//6035 4808//6034 4807//6029
f 4810//6038 5040//6039 5041//6040
f 4809//6041 5042//6042 5040//6039
f 5040//6039 4810//6038 4809//6041
f 4809//6041 4808//6034 5042//6042
f 4811//6043 4813//6044 5043//6045
f 5043//6045 5044//6046 4811//6043
f 5045//6047 5043//6045 4813//6044
f 4813//6044 4810//6038 5045//6047
f 5046//6048 4814//6049 4812//6050
f 4905//6051 3291//6051 4814//6049
f 4814//6049 5046//6048 4905//6051
f 4812//6050 4811//6043 5046//6048
f 5044//6046 5046//6048 4811//6043
f 5041//6040 5045//6047 4810//6038
f 5039//6037 5042//6042 4808//6034
f 4806//6030 5036//6033 5033//6029
f 4804//6026 4803//6021 5031//6027
f 5028//6023 5032//6028 4803//6021
f 5025//6015 5029//6024 4800//6016
f 5023//6013 5027//6020 4798//6011
f 4796//6004 5019//6007 5017//6003
f 5016//6001 5021//6010 4793//5998
f 5005//6052 5047//6053 5048//6054
f 5048//6054 5004//6055 5005//6052
f 5007//6056 5048//6054 5049//6057
f 5049//6057 5006//6058 5007//6056
f 5049//6057 5048//6054 5050//6059
f 5051//6060 5050//6059 5052//6061
f 5009//6062 5049//6057 5053//6063
f 5053//6063 5008//6064 5009//6062
f 5053//6063 5049//6057 5051//6060
f 5054//6065 5051//6060 5055//6066
f 5056//6067 5055//6066 5057//6068
f 5058//6069 5057//6068 5059//6070
f 5018//6071 5060//6072 5061//6073
f 5061//6073 5060//6072 5062//6074
f 5062//6074 4998//6075 4997//6076
f 4997//6076 5063//6077 5062//6074
f 5011//6078 5053//6063 5064//6079
f 5064//6079 5010//6080 5011//6078
f 5064//6079 5053//6063 5054//6065
f 5065//6081 5054//6065 5056//6067
f 5066//6082 5056//6067 5058//6069
f 5067//6083 5058//6069 5068//6084
f 5069//6085 5068//6084 5070//6086
f 5071//6087 5070//6086 5072//6088
f 5073//6089 5072//6088 5074//6090
f 5075//6091 5074//6090 5076//6092
f 5077//6093 5076//6092 5078//6094
f 5079//6095 5078//6094 5080//6096
f 5081//6097 5080//6096 5082//6098
f 5083//6099 5082//6098 5084//6100
f 5085//6101 5084//6100 5086//6102
f 5087//6103 5086//6102 5088//6104
f 5089//6105 5088//6104 5090//6106
f 5091//6107 5090//6106 5092//6108
f 5093//6109 5092//6108 5094//6110
f 5095//6111 5094//6110 5061//6073
f 5096//6112 5061//6073 5063//6077
f 5063//6077 4996//6113 4995//6114
f 4995//6114 5097//6115 5063//6077
f 5013//6116 5064//6079 5098//6117
f 5098//6117 5012//6118 5013//6116
f 5098//6117 5064//6079 5065//6081
f 5099//6119 5065//6081 5066//6082
f 5100//6120 5066//6082 5067//6083
f 5101//6121 5067//6083 5069//6085
f 5102//6122 5069//6085 5071//6087
f 5103//6123 5071//6087 5073//6089
f 5104//6124 5073//6089 5075//6091
f 5105//6125 5075//6091 5077//6093
f 5106//6126 5077//6093 5079//6095
f 5107//6127 5079//6095 5081//6097
f 5108//6128 5081//6097 5083//6099
f 5109//6129 5083//6099 5085//6101
f 5110//6130 5085//6101 5087//6103
f 5111//6131 5087//6103 5089//6105
f 5112//6132 5089//6105 5091//6107
f 5113//6133 5091//6107 5093//6109
f 5114//6134 5093//6109 5095//6111
f 5115//6135 5095//6111 5096//6112
f 5116//6136 5096//6112 5097//6115
f 5097//6115 4994//6137 4993//6138
f 4993//6138 5117//6139 5097//6115
f 5098//6117 4906//6140 5014//6141
f 5001//6142 4905//6143 5046//6144
f 5002//6145 5003//6146 5043//6147
f 5003//6146 5044//6148 5043//6147
f 5043//6147 5047//6053 5002//6145
f 5047//6053 5043//6147 5045//6149
f 5048//6054 5047//6053 5040//6150
f 5047//6053 5041//6151 5040//6150
f 5050//6059 5042//6152 5039//6153
f 5050//6059 5040//6150 5042//6152
f 5055//6066 5038//6154 5037//6155
f 5055//6066 5052//6061 5038//6154
f 5057//6068 5033//6156 5036//6157
f 5057//6068 5037//6155 5033//6156
f 5068//6084 5035//6158 5034//6159
f 5068//6084 5059//6070 5035//6158
f 5070//6086 5034//6159 5030//6160
f 5031//6161 5074//6090 5072//6088
f 5074//6090 5031//6161 5032//6162
f 5028//6163 5078//6094 5076//6092
f 5028//6163 5029//6164 5080//6096
f 5082//6098 5080//6096 5029//6164
f 5025//6165 5026//6166 5084//6100
f 5026//6166 5027//6167 5086//6102
f 5088//6104 5086//6102 5027//6167
f 5090//6106 5088//6104 5023//6168
f 5092//6108 5090//6106 5022//6169
f 5094//6110 5092//6108 5024//6170
f 5024//6170 5017//6171 5094//6110
f 5017//6171 5019//6172 5094//6110
f 5062//6074 5060//6072 5020//6173
f 5020//6173 5021//6174 5062//6074
f 4999//6175 5016//6176 5015//6177
f 4999//6175 5062//6074 5016//6176
f 5015//6177 5000//6178 4999//6175
f 4792//6179 5000//6178 5015//6177
f 4999//6175 4998//6075 5062//6074
f 5021//6174 5016//6176 5062//6074
f 5020//6173 5060//6072 5018//6071
f 5019//6172 5018//6071 5094//6110
f 5022//6169 5024//6170 5092//6108
f 5023//6168 5022//6169 5090//6106
f 5027//6167 5023//6168 5088//6104
f 5086//6102 5084//6100 5026//6166
f 5084//6100 5082//6098 5025//6165
f 5029//6164 5025//6165 5082//6098
f 5080//6096 5078//6094 5028//6163
f 5076//6092 5032//6162 5028//6163
f 5032//6162 5076//6092 5074//6090
f 5072//6088 5030//6160 5031//6161
f 5030//6160 5072//6088 5070//6086
f 5034//6159 5070//6086 5068//6084
f 5035//6158 5059//6070 5036//6157
f 5036//6157 5059//6070 5057//6068
f 5037//6155 5057//6068 5055//6066
f 5038//6154 5052//6061 5039//6153
f 5039//6153 5052//6061 5050//6059
f 5040//6150 5050//6059 5048//6054
f 5045//6149 5041//6151 5047//6053
f 5003//6146 5001//6142 5044//6148
f 5046//6144 5044//6148 5001//6142
f 4906//6180 5117//6139 4992//6181
f 4906//6180 5116//6136 5117//6139
f 4906//6180 5115//6135 5116//6136
f 4906//6180 5114//6134 5115//6135
f 4906//6180 5113//6133 5114//6134
f 4906//6180 5112//6132 5113//6133
f 4906//6180 5111//6131 5112//6132
f 4906//6180 5110//6130 5111//6131
f 4906//6180 5109//6129 5110//6130
f 4906//6180 5108//6128 5109//6129
f 4906//6180 5107//6127 5108//6128
f 4906//6180 5106//6126 5107//6127
f 4906//6180 5105//6125 5106//6126
f 4906//6180 5104//6124 5105//6125
f 4906//6180 5103//6123 5104//6124
f 4906//6180 5102//6122 5103//6123
f 4906//6180 5101//6121 5102//6122
f 4906//6180 5100//6120 5101//6121
f 4906//6180 5099//6119 5100//6120
f 4906//6180 5098//6117 5099//6119
f 5014//6141 5012//6118 5098//6117
f 4993//6138 4992//6181 5117//6139
f 5097//6115 5117//6139 5116//6136
f 5096//6112 5116//6136 5115//6135
f 5095//6111 5115//6135 5114//6134
f 5093//6109 5114//6134 5113//6133
f 5091//6107 5113//6133 5112//6132
f 5089//6105 5112//6132 5111//6131
f 5087//6103 5111//6131 5110//6130
f 5085//6101 5110//6130 5109//6129
f 5083//6099 5109//6129 5108//6128
f 5081//6097 5108//6128 5107//6127
f 5079//6095 5107//6127 5106//6126
f 5077//6093 5106//6126 5105//6125
f 5075//6091 5105//6125 5104//6124
f 5073//6089 5104//6124 5103//6123
f 5071//6087 5103//6123 5102//6122
f 5069//6085 5102//6122 5101//6121
f 5067//6083 5101//6121 5100//6120
f 5066//6082 5100//6120 5099//6119
f 5065//6081 5099//6119 5098//6117
f 5013//6116 5010//6080 5064//6079
f 4995//6114 4994//6137 5097//6115
f 5063//6077 5097//6115 5096//6112
f 5061//6073 5096//6112 5095//6111
f 5094//6110 5095//6111 5093//6109
f 5092//6108 5093//6109 5091//6107
f 5090//6106 5091//6107 5089//6105
f 5088//6104 5089//6105 5087//6103
f 5086//6102 5087//6103 5085//6101
f 5084//6100 5085//6101 5083//6099
f 5082//6098 5083//6099 5081//6097
f 5080//6096 5081//6097 5079//6095
f 5078//6094 5079//6095 5077//6093
f 5076//6092 5077//6093 5075//6091
f 5074//6090 5075//6091 5073//6089
f 5072//6088 5073//6089 5071//6087
f 5070//6086 5071//6087 5069//6085
f 5068//6084 5069//6085 5067//6083
f 5058//6069 5067//6083 5066//6082
f 5056//6067 5066//6082 5065//6081
f 5054//6065 5065//6081 5064//6079
f 5011//6078 5008//6064 5053//6063
f 4997//6076 4996//6113 5063//6077
f 5062//6074 5063//6077 5061//6073
f 5061//6073 5094//6110 5018//6071
f 5059//6070 5068//6084 5058//6069
f 5057//6068 5058//6069 5056//6067
f 5055//6066 5056//6067 5054//6065
f 5051//6060 5054//6065 5053//6063
f 5009//6062 5006//6058 5049//6057
f 5052//6061 5055//6066 5051//6060
f 5050//6059 5051//6060 5049//6057
f 5007//6056 5004//6055 5048//6054
f 5005//6052 5002//6145 5047//6053
f 255//6182 5118//6182 5119//6182
f 255//6182 5120//6182 5121//6182
f 255//6182 5122//6182 5123//6182
f 5124//6182 5125//6182 240//6182
f 257//6182 5126//6182 5127//6182
f 257//6182 5128//6182 5129//6182
f 257//6182 262//6182 5130//6182
f 5119//6182 5131//6182 255//6182
f 5121//6182 5132//6182 255//6182
f 5123//6182 5133//6182 255//6182
f 5134//6182 5135//6182 252//6182
f 5136//6182 249//6182 248//6182
f 5136//6182 5134//6182 250//6182
f 5124//6182 259//6182 258//6182
f 240//6182 239//6182 5124//6182
f 5137//6182 5138//6182 5139//6182
f 5127//6182 5140//6182 257//6182
f 5130//6182 5128//6182 257//6182
f 262//6182 5141//6182 5142//6182
f 5143//6182 285//6182 284//6182
f 5144//6182 281//6182 280//6182
f 5132//6182 5118//6182 255//6182
f 5133//6182 5145//6182 255//6182
f 254//6182 5146//6182 5122//6182
f 254//6182 5147//6182 5148//6182
f 5149//6182 5150//6182 254//6182
f 252//6182 251//6182 5134//6182
f 250//6182 249//6182 5136//6182
f 5125//6182 5151//6182 242//6182
f 5124//6182 260//6182 259//6182
f 239//6182 261//6182 5124//6182
f 5137//6182 5152//6182 5138//6182
f 5137//6182 5153//6182 5154//6182
f 5137//6182 5155//6182 5156//6182
f 5157//6182 5158//6182 5159//6182
f 257//6182 5160//6182 5161//6182
f 5140//6182 5162//6182 257//6182
f 5142//6182 5130//6182 262//6182
f 262//6182 5163//6182 5164//6182
f 262//6182 5165//6182 5166//6182
f 5143//6182 286//6182 285//6182
f 5144//6182 284//6182 281//6182
f 5167//6182 280//6182 279//6182
f 5168//6182 279//6182 278//6182
f 5145//6182 5120//6182 255//6182
f 5148//6182 5146//6182 254//6182
f 254//6182 5169//6182 5170//6182
f 254//6182 253//6182 5149//6182
f 5135//6182 5171//6182 253//6182
f 248//6182 247//6182 5136//6182
f 5172//6182 5136//6182 247//6182
f 5151//6182 5172//6182 244//6182
f 242//6182 241//6182 5125//6182
f 261//6182 260//6182 5124//6182
f 5154//6182 5152//6182 5137//6182
f 5156//6182 5173//6182 5137//6182
f 5137//6182 5174//6182 5175//6182
f 5159//6182 5137//6182 5157//6182
f 257//6182 5176//6182 5160//6182
f 257//6182 5177//6182 5178//6182
f 5129//6182 5126//6182 257//6182
f 262//6182 5179//6182 5180//6182
f 262//6182 5181//6182 5163//6182
f 262//6182 5182//6182 5165//6182
f 280//6182 5167//6182 5144//6182
f 278//6182 5183//6182 5168//6182
f 5122//6182 255//6182 254//6182
f 254//6182 5184//6182 5169//6182
f 253//6182 5171//6182 5149//6182
f 251//6182 250//6182 5134//6182
f 247//6182 246//6182 5172//6182
f 244//6182 243//6182 5151//6182
f 258//6182 257//6182 5124//6182
f 5173//6182 5153//6182 5137//6182
f 5137//6182 5185//6182 5186//6182
f 5175//6182 5187//6182 5137//6182
f 5157//6182 5188//6182 5158//6182
f 5124//6182 5189//6182 5190//6182
f 5178//6182 5176//6182 257//6182
f 5180//6182 5141//6182 262//6182
f 5166//6182 5181//6182 262//6182
f 262//6182 5191//6182 5192//6182
f 5193//6182 288//6182 287//6182
f 279//6182 5168//6182 5167//6182
f 5183//6182 278//6182 277//6182
f 5194//6182 277//6182 276//6182
f 276//6182 5195//6182 5196//6182
f 5170//6182 5147//6182 254//6182
f 253//6182 252//6182 5135//6182
f 246//6182 245//6182 5172//6182
f 241//6182 240//6182 5125//6182
f 5186//6182 5155//6182 5137//6182
f 5187//6182 5197//6182 5137//6182
f 5159//6182 5198//6182 5137//6182
f 5190//6182 5199//6182 5124//6182
f 5124//6182 5161//6182 5200//6182
f 5162//6182 5177//6182 257//6182
f 5192//6182 5182//6182 262//6182
f 5201//6182 299//6182 293//6182
f 5202//6182 292//6182 291//6182
f 5203//6182 290//6182 289//6182
f 5193//6182 289//6182 288//6182
f 5204//6182 287//6182 286//6182
f 277//6182 5194//6182 5183//6182
f 5196//6182 5205//6182 276//6182
f 283//6182 5206//6182 5195//6182
f 5150//6182 5184//6182 254//6182
f 243//6182 242//6182 5151//6182
f 5197//6182 5185//6182 5137//6182
f 5188//6182 5124//6182 5158//6182
f 5200//6182 5189//6182 5124//6182
f 5164//6182 5179//6182 262//6182
f 5207//6182 303//6182 5208//6182
f 5208//6182 303//6182 302//6182
f 5201//6182 300//6182 299//6182
f 5201//6182 302//6182 301//6182
f 5202//6182 293//6182 292//6182
f 5203//6182 291//6182 290//6182
f 286//6182 5143//6182 5204//6182
f 276//6182 5205//6182 5194//6182
f 305//6182 303//6182 5209//6182
f 283//6182 5210//6182 5206//6182
f 283//6182 5211//6182 5212//6182
f 283//6182 5213//6182 5214//6182
f 255//6182 5215//6182 5216//6182
f 245//6182 244//6182 5172//6182
f 5198//6182 5174//6182 5137//6182
f 5161//6182 5124//6182 257//6182
f 302//6182 5201//6182 5208//6182
f 301//6182 300//6182 5201//6182
f 289//6182 5193//6182 5203//6182
f 284//6182 5144//6182 5143//6182
f 305//6182 5217//6182 5218//6182
f 303//6182 5207//6182 5209//6182
f 5212//6182 5210//6182 283//6182
f 5214//6182 5219//6182 283//6182
f 5131//6182 5215//6182 255//6182
f 5199//6182 5158//6182 5124//6182
f 293//6182 5202//6182 5201//6182
f 287//6182 5204//6182 5193//6182
f 5218//6182 262//6182 305//6182
f 305//6182 5220//6182 5221//6182
f 305//6182 5222//6182 5223//6182
f 5209//6182 5224//6182 305//6182
f 5219//6182 5211//6182 283//6182
f 255//6182 5225//6182 5226//6182
f 5139//6182 5207//6182 5137//6182
f 291//6182 5203//6182 5202//6182
f 5218//6182 5227//6182 262//6182
f 305//6182 5228//6182 5229//6182
f 305//6182 5230//6182 5220//6182
f 5224//6182 5222//6182 305//6182
f 283//6182 5231//6182 5213//6182
f 283//6182 5232//6182 5233//6182
f 255//6182 5234//6182 5225//6182
f 5208//6182 5137//6182 5207//6182
f 5227//6182 5235//6182 262//6182
f 305//6182 5236//6182 5237//6182
f 305//6182 5238//6182 5228//6182
f 5223//6182 5230//6182 305//6182
f 5233//6182 5231//6182 283//6182
f 283//6182 5239//6182 5240//6182
f 283//6182 5241//6182 5242//6182
f 5226//6182 283//6182 255//6182
f 5216//6182 5243//6182 255//6182
f 5237//6182 5217//6182 305//6182
f 305//6182 5244//6182 5245//6182
f 5221//6182 5238//6182 305//6182
f 5240//6182 5232//6182 283//6182
f 5226//6182 5241//6182 283//6182
f 5235//6182 5191//6182 262//6182
f 5229//6182 5244//6182 305//6182
f 5242//6182 5239//6182 283//6182
f 5245//6182 5236//6182 305//6182
f 5243//6182 5234//6182 255//6182
f 5195//6182 276//6182 283//6182
f 5188//6183 5157//6183 5246//6183
f 5246//6183 5247//6183 5188//6183
f 5196//6184 5248//6184 5249//6185
f 5205//6185 5249//6185 5250//6186
f 5194//6186 5250//6186 5251//6187
f 5183//6187 5251//6187 5252//6188
f 5168//6188 5252//6188 5253//6189
f 5167//6189 5253//6189 5254//6190
f 5144//6190 5254//6190 5255//6191
f 5143//6191 5255//6191 5256//6192
f 5204//6192 5256//6192 5257//6193
f 5193//6193 5257//6193 5258//6194
f 5203//6194 5258//6194 5259//6195
f 5202//6195 5259//6195 5260//6196
f 5201//6196 5260//6196 5261//6197
f 5208//6197 5261//6197 5262//6198
f 5137//6198 5262//6198 5246//6199
f 5246//6199 5157//6199 5137//6198
f 5262//6198 5137//6198 5208//6197
f 5261//6197 5208//6197 5201//6196
f 5260//6196 5201//6196 5202//6195
f 5259//6195 5202//6195 5203//6194
f 5258//6194 5203//6194 5193//6193
f 5257//6193 5193//6193 5204//6192
f 5256//6192 5204//6192 5143//6191
f 5255//6191 5143//6191 5144//6190
f 5254//6190 5144//6190 5167//6189
f 5253//6189 5167//6189 5168//6188
f 5252//6188 5168//6188 5183//6187
f 5251//6187 5183//6187 5194//6186
f 5250//6186 5194//6186 5205//6185
f 5249//6185 5205//6185 5196//6184
f 5196//6200 5195//6200 5263//6200
f 5263//6200 5248//6200 5196//6200
f 5226//6201 5264//6201 5265//6202
f 5241//6202 5265//6202 5266//6203
f 5242//6203 5266//6203 5267//6204
f 5239//6204 5267//6204 5268//6205
f 5240//6205 5268//6205 5269//6206
f 5232//6206 5269//6206 5270//6207
f 5233//6207 5270//6207 5271//6208
f 5231//6208 5271//6208 5272//6209
f 5213//6209 5272//6209 5273//6210
f 5214//6210 5273//6210 5274//6211
f 5219//6211 5274//6211 5275//6212
f 5211//6212 5275//6212 5276//6213
f 5212//6213 5276//6213 5277//6214
f 5210//6214 5277//6214 5278//6215
f 5206//6215 5278//6215 5263//6216
f 5263//6216 5195//6216 5206//6215
f 5278//6215 5206//6215 5210//6214
f 5277//6214 5210//6214 5212//6213
f 5276//6213 5212//6213 5211//6212
f 5275//6212 5211//6212 5219//6211
f 5274//6211 5219//6211 5214//6210
f 5273//6210 5214//6210 5213//6209
f 5272//6209 5213//6209 5231//6208
f 5271//6208 5231//6208 5233//6207
f 5270//6207 5233//6207 5232//6206
f 5269//6206 5232//6206 5240//6205
f 5268//6205 5240//6205 5239//6204
f 5267//6204 5239//6204 5242//6203
f 5266//6203 5242//6203 5241//6202
f 5265//6202 5241//6202 5226//6201
f 5226//6217 5225//6217 5279//6217
f 5279//6217 5264//6217 5226//6217
f 5146//6218 5280//6218 5281//6219
f 5122//6219 5281//6219 5282//6220
f 5123//6220 5282//6220 5283//6221
f 5133//6221 5283//6221 5284//6222
f 5145//6222 5284//6222 5285//6223
f 5120//6223 5285//6223 5286//6224
f 5121//6224 5286//6224 5287//6225
f 5132//6225 5287//6225 5288//6226
f 5118//6226 5288//6226 5289//6227
f 5119//6227 5289//6227 5290//6228
f 5131//6228 5290//6228 5291//6229
f 5215//6229 5291//6229 5292//6230
f 5216//6230 5292//6230 5293//6231
f 5243//6231 5293//6231 5294//6232
f 5234//6232 5294//6232 5279//6233
f 5279//6233 5225//6233 5234//6232
f 5294//6232 5234//6232 5243//6231
f 5293//6231 5243//6231 5216//6230
f 5292//6230 5216//6230 5215//6229
f 5291//6229 5215//6229 5131//6228
f 5290//6228 5131//6228 5119//6227
f 5289//6227 5119//6227 5118//6226
f 5288//6226 5118//6226 5132//6225
f 5287//6225 5132//6225 5121//6224
f 5286//6224 5121//6224 5120//6223
f 5285//6223 5120//6223 5145//6222
f 5284//6222 5145//6222 5133//6221
f 5283//6221 5133//6221 5123//6220
f 5282//6220 5123//6220 5122//6219
f 5281//6219 5122//6219 5146//6218
f 5188//6234 5247//6234 5295//6235
f 5124//6235 5295//6235 5296//6236
f 5125//6236 5296//6236 5297//6237
f 5151//6237 5297//6237 5298//6238
f 5172//6238 5298//6238 5299//6239
f 5136//6239 5299//6239 5300//6240
f 5134//6240 5300//6240 5301//6241
f 5135//6241 5301//6241 5302//6242
f 5171//6242 5302//6242 5303//6243
f 5149//6243 5303//6243 5304//6244
f 5150//6244 5304//6244 5305//6245
f 5184//6245 5305//6245 5306//6246
f 5169//6246 5306//6246 5307//6247
f 5170//6247 5307//6247 5308//6248
f 5147//6248 5308//6248 5309//6249
f 5309//6249 5148//6249 5147//6248
f 5308//6248 5147//6248 5170//6247
f 5307//6247 5170//6247 5169//6246
f 5306//6246 5169//6246 5184//6245
f 5305//6245 5184//6245 5150//6244
f 5304//6244 5150//6244 5149//6243
f 5303//6243 5149//6243 5171//6242
f 5302//6242 5171//6242 5135//6241
f 5301//6241 5135//6241 5134//6240
f 5300//6240 5134//6240 5136//6239
f 5299//6239 5136//6239 5172//6238
f 5298//6238 5172//6238 5151//6237
f 5297//6237 5151//6237 5125//6236
f 5296//6236 5125//6236 5124//6235
f 5295//6235 5124//6235 5188//6234
f 5146//6249 5148//6249 5309//6249
f 5309//6249 5280//6249 5146//6249
f 5129//6249 5128//6249 5310//6249
f 5310//6249 5311//6249 5129//6249
f 5227//6250 5312//6250 5313//6251
f 5235//6251 5313//6251 5314//6252
f 5191//6252 5314//6252 5315//6253
f 5192//6253 5315//6253 5316//6254
f 5182//6254 5316//6254 5317//6255
f 5165//6255 5317//6255 5318//6256
f 5166//6256 5318//6256 5319//6257
f 5181//6257 5319//6257 5320//6258
f 5163//6258 5320//6258 5321//6259
f 5164//6259 5321//6259 5322//6260
f 5179//6260 5322//6260 5323//6261
f 5180//6261 5323//6261 5324//6262
f 5141//6262 5324//6262 5325//6263
f 5142//6263 5325//6263 5326//6264
f 5130//6264 5326//6264 5310//6265
f 5310//6265 5128//6265 5130//6264
f 5326//6264 5130//6264 5142//6263
f 5325//6263 5142//6263 5141//6262
f 5324//6262 5141//6262 5180//6261
f 5323//6261 5180//6261 5179//6260
f 5322//6260 5179//6260 5164//6259
f 5321//6259 5164//6259 5163//6258
f 5320//6258 5163//6258 5181//6257
f 5319//6257 5181//6257 5166//6256
f 5318//6256 5166//6256 5165//6255
f 5317//6255 5165//6255 5182//6254
f 5316//6254 5182//6254 5192//6253
f 5315//6253 5192//6253 5191//6252
f 5314//6252 5191//6252 5235//6251
f 5313//6251 5235//6251 5227//6250
f 5227//6266 5218//6266 5327//6266
f 5327//6266 5312//6266 5227//6266
f 5209//6267 5328//6267 5329//6268
f 5224//6268 5329//6268 5330//6269
f 5222//6269 5330//6269 5331//6270
f 5223//6270 5331//6270 5332//6271
f 5230//6271 5332//6271 5333//6272
f 5220//6272 5333//6272 5334//6273
f 5221//6273 5334//6273 5335//6274
f 5238//6274 5335//6274 5336//6275
f 5228//6275 5336//6275 5337//6276
f 5229//6276 5337//6276 5338//6277
f 5244//6277 5338//6277 5339//6278
f 5245//6278 5339//6278 5340//6279
f 5236//6279 5340//6279 5341//6280
f 5237//6280 5341//6280 5342//6281
f 5217//6281 5342//6281 5327//6282
f 5327//6282 5218//6282 5217//6281
f 5342//6281 5217//6281 5237//6280
f 5341//6280 5237//6280 5236//6279
f 5340//6279 5236//6279 5245//6278
f 5339//6278 5245//6278 5244//6277
f 5338//6277 5244//6277 5229//6276
f 5337//6276 5229//6276 5228//6275
f 5336//6275 5228//6275 5238//6274
f 5335//6274 5238//6274 5221//6273
f 5334//6273 5221//6273 5220//6272
f 5333//6272 5220//6272 5230//6271
f 5332//6271 5230//6271 5223//6270
f 5331//6270 5223//6270 5222//6269
f 5330//6269 5222//6269 5224//6268
f 5329//6268 5224//6268 5209//6267
f 5209//6283 5207//6283 5343//6283
f 5343//6283 5328//6283 5209//6283
f 5198//6284 5344//6284 5345//6285
f 5174//6285 5345//6285 5346//6286
f 5175//6286 5346//6286 5347//6287
f 5187//6287 5347//6287 5348//6288
f 5197//6288 5348//6288 5349//6289
f 5185//6289 5349//6289 5350//6290
f 5186//6290 5350//6290 5351//6291
f 5155//6291 5351//6291 5352//6292
f 5156//6292 5352//6292 5353//6293
f 5173//6293 5353//6293 5354//6294
f 5153//6294 5354//6294 5355//6295
f 5154//6295 5355//6295 5356//6296
f 5152//6296 5356//6296 5357//6297
f 5138//6297 5357//6297 5358//6298
f 5139//6298 5358//6298 5343//6299
f 5343//6299 5207//6299 5139//6298
f 5358//6298 5139//6298 5138//6297
f 5357//6297 5138//6297 5152//6296
f 5356//6296 5152//6296 5154//6295
f 5355//6295 5154//6295 5153//6294
f 5354//6294 5153//6294 5173//6293
f 5353//6293 5173//6293 5156//6292
f 5352//6292 5156//6292 5155//6291
f 5351//6291 5155//6291 5186//6290
f 5350//6290 5186//6290 5185//6289
f 5349//6289 5185//6289 5197//6288
f 5348//6288 5197//6288 5187//6287
f 5347//6287 5187//6287 5175//6286
f 5346//6286 5175//6286 5174//6285
f 5345//6285 5174//6285 5198//6284
f 5198//6300 5159//6300 5359//6300
f 5359//6300 5344//6300 5198//6300
f 5129//6301 5311//6301 5360//6302
f 5126//6302 5360//6302 5361//6303
f 5127//6303 5361//6303 5362//6304
f 5140//6304 5362//6304 5363//6305
f 5162//6305 5363//6305 5364//6306
f 5177//6306 5364//6306 5365//6307
f 5178//6307 5365//6307 5366//6308
f 5176//6308 5366//6308 5367//6309
f 5160//6309 5367//6309 5368//6310
f 5161//6310 5368//6310 5369//6311
f 5200//6311 5369//6311 5370//6312
f 5189//6312 5370//6312 5371//6313
f 5190//6313 5371//6313 5372//6314
f 5199//6314 5372//6314 5373//6315
f 5158//6315 5373//6315 5359//6316
f 5359//6316 5159//6316 5158//6315
f 5373//6315 5158//6315 5199//6314
f 5372//6314 5199//6314 5190//6313
f 5371//6313 5190//6313 5189//6312
f 5370//6312 5189//6312 5200//6311
f 5369//6311 5200//6311 5161//6310
f 5368//6310 5161//6310 5160//6309
f 5367//6309 5160//6309 5176//6308
f 5366//6308 5176//6308 5178//6307
f 5365//6307 5178//6307 5177//6306
f 5364//6306 5177//6306 5162//6305
f 5363//6305 5162//6305 5140//6304
f 5362//6304 5140//6304 5127//6303
f 5361//6303 5127//6303 5126//6302
f 5360//6302 5126//6302 5129//6301
f 5247//6317 5246//6317 5374//6317
f 5374//6317 5375//6317 5247//6317
f 5376//6318 5377//6318 5378//6318
f 5379//6318 5380//6318 5381//6318
f 5382//6318 5383//6318 5384//6318
f 5385//6318 5386//6318 5387//6318
f 5378//6318 5388//6318 5376//6318
f 5389//6318 5382//6318 5390//6318
f 5381//6318 5391//6318 5379//6318
f 5382//6318 5389//6318 5383//6318
f 5392//6318 5393//6318 5394//6318
f 5393//6318 5392//6318 5395//6318
f 5387//6318 5396//6318 5385//6318
f 5386//6318 5385//6318 5377//6318
f 5375//6318 5397//6318 5398//6318
f 5389//6318 5399//6318 5400//6318
f 5390//6318 5401//6318 5389//6318
f 5384//6318 5380//6318 5382//6318
f 5395//6318 5402//6318 5393//6318
f 5403//6318 5404//6318 5405//6318
f 5403//6318 5406//6318 5407//6318
f 5403//6318 5408//6318 5409//6318
f 5403//6318 5410//6318 5411//6318
f 5376//6318 5386//6318 5377//6318
f 5375//6318 5412//6318 5397//6318
f 5413//6318 5414//6318 5415//6318
f 5389//6318 5416//6318 5399//6318
f 5379//6318 5382//6318 5380//6318
f 5405//6318 5392//6318 5403//6318
f 5407//6318 5417//6318 5403//6318
f 5411//6318 5408//6318 5403//6318
f 5398//6318 5385//6318 5375//6318
f 5375//6318 5418//6318 5419//6318
f 5413//6318 5420//6318 5414//6318
f 5413//6318 5421//6318 5422//6318
f 5413//6318 5423//6318 5424//6318
f 5425//6318 5426//6318 5427//6318
f 5423//6318 5413//6318 5428//6318
f 5389//6318 5429//6318 5430//6318
f 5401//6318 5416//6318 5389//6318
f 5417//6318 5404//6318 5403//6318
f 5403//6318 5374//6318 5410//6318
f 5419//6318 5412//6318 5375//6318
f 5375//6318 5431//6318 5432//6318
f 5413//6318 5433//6318 5420//6318
f 5413//6318 5434//6318 5435//6318
f 5424//6318 5421//6318 5413//6318
f 5428//6318 5425//6318 5423//6318
f 5436//6318 5389//6318 5437//6318
f 5400//6318 5429//6318 5389//6318
f 5409//6318 5406//6318 5403//6318
f 5436//6318 5375//6318 5374//6318
f 5432//6318 5418//6318 5375//6318
f 5435//6318 5433//6318 5413//6318
f 5427//6318 5423//6318 5425//6318
f 5430//6318 5437//6318 5389//6318
f 5374//6318 5403//6318 5436//6318
f 5375//6318 5436//6318 5431//6318
f 5422//6318 5434//6318 5413//6318
f 5436//6318 5403//6318 5389//6318
f 5396//6318 5375//6318 5385//6318
f 5437//6318 5413//6318 5436//6318
f 5415//6318 5436//6318 5413//6318
f 5394//6318 5403//6318 5392//6318
f 5247//6317 5375//6317 5396//6319
f 5295//6319 5396//6319 5387//6320
f 5296//6320 5387//6320 5386//6321
f 5297//6321 5386//6321 5376//6322
f 5298//6322 5376//6322 5388//6323
f 5299//6323 5388//6323 5378//6324
f 5300//6324 5378//6324 5377//6325
f 5301//6325 5377//6325 5385//6326
f 5302//6326 5385//6326 5398//6327
f 5303//6327 5398//6327 5397//6328
f 5304//6328 5397//6328 5412//6329
f 5305//6329 5412//6329 5419//6330
f 5306//6330 5419//6330 5418//6331
f 5307//6331 5418//6331 5432//6332
f 5308//6332 5432//6332 5431//6333
f 5431//6333 5309//6333 5308//6332
f 5432//6332 5308//6332 5307//6331
f 5418//6331 5307//6331 5306//6330
f 5419//6330 5306//6330 5305//6329
f 5412//6329 5305//6329 5304//6328
f 5397//6328 5304//6328 5303//6327
f 5398//6327 5303//6327 5302//6326
f 5385//6326 5302//6326 5301//6325
f 5377//6325 5301//6325 5300//6324
f 5378//6324 5300//6324 5299//6323
f 5388//6323 5299//6323 5298//6322
f 5376//6322 5298//6322 5297//6321
f 5386//6321 5297//6321 5296//6320
f 5387//6320 5296//6320 5295//6319
f 5396//6319 5295//6319 5247//6317
f 5248//6334 5403//6334 5394//6335
f 5249//6335 5394//6335 5393//6336
f 5250//6336 5393//6336 5402//6337
f 5251//6337 5402//6337 5395//6338
f 5252//6338 5395//6338 5392//6339
f 5253//6339 5392//6339 5405//6340
f 5254//6340 5405//6340 5404//6341
f 5255//6341 5404//6341 5417//6342
f 5256//6342 5417//6342 5407//6343
f 5257//6343 5407//6343 5406//6344
f 5258//6344 5406//6344 5409//6345
f 5259//6345 5409//6345 5408//6346
f 5260//6346 5408//6346 5411//6347
f 5261//6347 5411//6347 5410//6348
f 5262//6348 5410//6348 5374//6349
f 5374//6349 5246//6349 5262//6348
f 5410//6348 5262//6348 5261//6347
f 5411//6347 5261//6347 5260//6346
f 5408//6346 5260//6346 5259//6345
f 5409//6345 5259//6345 5258//6344
f 5406//6344 5258//6344 5257//6343
f 5407//6343 5257//6343 5256//6342
f 5417//6342 5256//6342 5255//6341
f 5404//6341 5255//6341 5254//6340
f 5405//6340 5254//6340 5253//6339
f 5392//6339 5253//6339 5252//6338
f 5395//6338 5252//6338 5251//6337
f 5402//6337 5251//6337 5250//6336
f 5393//6336 5250//6336 5249//6335
f 5394//6335 5249//6335 5248//6334
f 5309//6350 5431//6350 5436//6350
f 5436//6350 5280//6350 5309//6350
f 5389//6351 5403//6351 5248//6351
f 5248//6351 5263//6351 5389//6351
f 5280//6350 5436//6350 5415//6352
f 5281//6352 5415//6352 5414//6353
f 5282//6353 5414//6353 5420//6354
f 5283//6354 5420//6354 5433//6355
f 5284//6355 5433//6355 5435//6356
f 5285//6356 5435//6356 5434//6357
f 5286//6357 5434//6357 5422//6358
f 5287//6358 5422//6358 5421//6359
f 5288//6359 5421//6359 5424//6360
f 5289//6360 5424//6360 5423//6361
f 5290//6361 5423//6361 5427//6362
f 5291//6362 5427//6362 5426//6363
f 5292//6363 5426//6363 5425//6364
f 5293//6364 5425//6364 5428//6365
f 5294//6365 5428//6365 5413//6366
f 5413//6366 5279//6366 5294//6365
f 5428//6365 5294//6365 5293//6364
f 5425//6364 5293//6364 5292//6363
f 5426//6363 5292//6363 5291//6362
f 5427//6362 5291//6362 5290//6361
f 5423//6361 5290//6361 5289//6360
f 5424//6360 5289//6360 5288//6359
f 5421//6359 5288//6359 5287//6358
f 5422//6358 5287//6358 5286//6357
f 5434//6357 5286//6357 5285//6356
f 5435//6356 5285//6356 5284//6355
f 5433//6355 5284//6355 5283//6354
f 5420//6354 5283//6354 5282//6353
f 5414//6353 5282//6353 5281//6352
f 5415//6352 5281//6352 5280//6350
f 5264//6366 5437//6366 5430//6367
f 5265//6367 5430//6367 5429//6368
f 5266//6368 5429//6368 5400//6369
f 5267//6369 5400//6369 5399//6370
f 5268//6370 5399//6370 5416//6371
f 5269//6371 5416//6371 5401//6372
f 5270//6372 5401//6372 5390//6373
f 5271//6373 5390//6373 5382//6374
f 5272//6374 5382//6374 5379//6375
f 5273//6375 5379//6375 5391//6376
f 5274//6376 5391//6376 5381//6377
f 5275//6377 5381//6377 5380//6378
f 5276//6378 5380//6378 5384//6379
f 5277//6379 5384//6379 5383//6380
f 5278//6380 5383//6380 5389//6381
f 5389//6381 5263//6381 5278//6380
f 5383//6380 5278//6380 5277//6379
f 5384//6379 5277//6379 5276//6378
f 5380//6378 5276//6378 5275//6377
f 5381//6377 5275//6377 5274//6376
f 5391//6376 5274//6376 5273//6375
f 5379//6375 5273//6375 5272//6374
f 5382//6374 5272//6374 5271//6373
f 5390//6373 5271//6373 5270//6372
f 5401//6372 5270//6372 5269//6371
f 5416//6371 5269//6371 5268//6370
f 5399//6370 5268//6370 5267//6369
f 5400//6369 5267//6369 5266//6368
f 5429//6368 5266//6368 5265//6367
f 5430//6367 5265//6367 5264//6366
f 5264//6382 5279//6382 5413//6382
f 5413//6382 5437//6382 5264//6382
f 5312//6383 5438//6383 5439//6384
f 5313//6384 5439//6384 5440//6385
f 5314//6385 5440//6385 5441//6386
f 5315//6386 5441//6386 5442//6387
f 5316//6387 5442//6387 5443//6388
f 5317//6388 5443//6388 5444//6389
f 5318//6389 5444//6389 5445//6390
f 5319//6390 5445//6390 5446//6391
f 5320//6391 5446//6391 5447//6392
f 5321//6392 5447//6392 5448//6393
f 5322//6393 5448//6393 5449//6394
f 5323//6394 5449//6394 5450//6395
f 5324//6395 5450//6395 5451//6396
f 5325//6396 5451//6396 5452//6397
f 5326//6397 5452//6397 5453//6398
f 5453//6398 5310//6398 5326//6397
f 5452//6397 5326//6397 5325//6396
f 5451//6396 5325//6396 5324//6395
f 5450//6395 5324//6395 5323//6394
f 5449//6394 5323//6394 5322//6393
f 5448//6393 5322//6393 5321//6392
f 5447//6392 5321//6392 5320//6391
f 5446//6391 5320//6391 5319//6390
f 5445//6390 5319//6390 5318//6389
f 5444//6389 5318//6389 5317//6388
f 5443//6388 5317//6388 5316//6387
f 5442//6387 5316//6387 5315//6386
f 5441//6386 5315//6386 5314//6385
f 5440//6385 5314//6385 5313//6384
f 5439//6384 5313//6384 5312//6383
f 5450//6399 5447//6399 5446//6399
f 5450//6399 5449//6399 5448//6399
f 5454//6399 5455//6399 5456//6399
f 5448//6399 5447//6399 5450//6399
f 5445//6399 5452//6399 5451//6399
f 5457//6399 5458//6399 5459//6399
f 5454//6399 5460//6399 5455//6399
f 5458//6399 5457//6399 5461//6399
f 5453//6399 5441//6399 5440//6399
f 5452//6399 5445//6399 5444//6399
f 5451//6399 5450//6399 5445//6399
f 5462//6399 5463//6399 5464//6399
f 5462//6399 5465//6399 5466//6399
f 5459//6399 5467//6399 5457//6399
f 5461//6399 5454//6399 5458//6399
f 5468//6399 5469//6399 5470//6399
f 5471//6399 5472//6399 5473//6399
f 5453//6399 5442//6399 5441//6399
f 5446//6399 5445//6399 5450//6399
f 5466//6399 5463//6399 5462//6399
f 5456//6399 5458//6399 5454//6399
f 5468//6399 5474//6399 5475//6399
f 5468//6399 5476//6399 5477//6399
f 5468//6399 5478//6399 5479//6399
f 5468//6399 5480//6399 5469//6399
f 5480//6399 5468//6399 5481//6399
f 5472//6399 5471//6399 5482//6399
f 5473//6399 5483//6399 5471//6399
f 5484//6399 5485//6399 5486//6399
f 5484//6399 5487//6399 5488//6399
f 5453//6399 5443//6399 5442//6399
f 5443//6399 5453//6399 5452//6399
f 5464//6399 5489//6399 5462//6399
f 5465//6399 5462//6399 5457//6399
f 5475//6399 5490//6399 5468//6399
f 5468//6399 5491//6399 5492//6399
f 5479//6399 5476//6399 5468//6399
f 5481//6399 5493//6399 5480//6399
f 5483//6399 5494//6399 5471//6399
f 5488//6399 5485//6399 5484//6399
f 5444//6399 5443//6399 5452//6399
f 5467//6399 5465//6399 5457//6399
f 5492//6399 5474//6399 5468//6399
f 5470//6399 5478//6399 5468//6399
f 5486//6399 5472//6399 5484//6399
f 5484//6399 5495//6399 5496//6399
f 5484//6399 5497//6399 5498//6399
f 5499//6399 5453//6399 5438//6399
f 5440//6399 5439//6399 5453//6399
f 5489//6399 5500//6399 5462//6399
f 5477//6399 5491//6399 5468//6399
f 5499//6399 5497//6399 5484//6399
f 5496//6399 5487//6399 5484//6399
f 5498//6399 5501//6399 5484//6399
f 5439//6399 5438//6399 5453//6399
f 5453//6399 5499//6399 5462//6399
f 5484//6399 5468//6399 5499//6399
f 5501//6399 5495//6399 5484//6399
f 5500//6399 5453//6399 5462//6399
f 5482//6399 5484//6399 5472//6399
f 5490//6399 5499//6399 5468//6399
f 5438//6399 5497//6399 5499//6399
f 5497//6400 5438//6400 5312//6400
f 5312//6400 5327//6400 5497//6400
f 5310//6401 5453//6401 5500//6401
f 5500//6401 5311//6401 5310//6401
f 5328//6402 5484//6402 5482//6403
f 5329//6403 5482//6403 5471//6404
f 5330//6404 5471//6404 5494//6405
f 5331//6405 5494//6405 5483//6406
f 5332//6406 5483//6406 5473//6407
f 5333//6407 5473//6407 5472//6408
f 5334//6408 5472//6408 5486//6409
f 5335//6409 5486//6409 5485//6410
f 5336//6410 5485//6410 5488//6411
f 5337//6411 5488//6411 5487//6412
f 5338//6412 5487//6412 5496//6413
f 5339//6413 5496//6413 5495//6414
f 5340//6414 5495//6414 5501//6415
f 5341//6415 5501//6415 5498//6416
f 5342//6416 5498//6416 5497//6417
f 5497//6417 5327//6417 5342//6416
f 5498//6416 5342//6416 5341//6415
f 5501//6415 5341//6415 5340//6414
f 5495//6414 5340//6414 5339//6413
f 5496//6413 5339//6413 5338//6412
f 5487//6412 5338//6412 5337//6411
f 5488//6411 5337//6411 5336//6410
f 5485//6410 5336//6410 5335//6409
f 5486//6409 5335//6409 5334//6408
f 5472//6408 5334//6408 5333//6407
f 5473//6407 5333//6407 5332//6406
f 5483//6406 5332//6406 5331//6405
f 5494//6405 5331//6405 5330//6404
f 5471//6404 5330//6404 5329//6403
f 5482//6403 5329//6403 5328//6402
f 5311//6418 5500//6418 5489//6419
f 5360//6419 5489//6419 5464//6420
f 5361//6420 5464//6420 5463//6421
f 5362//6421 5463//6421 5466//6422
f 5363//6422 5466//6422 5465//6423
f 5364//6423 5465//6423 5467//6424
f 5365//6424 5467//6424 5459//6425
f 5366//6425 5459//6425 5458//6426
f 5367//6426 5458//6426 5456//6427
f 5368//6427 5456//6427 5455//6428
f 5369//6428 5455//6428 5460//6429
f 5370//6429 5460//6429 5454//6430
f 5371//6430 5454//6430 5461//6431
f 5372//6431 5461//6431 5457//6432
f 5373//6432 5457//6432 5462//6433
f 5462//6433 5359//6433 5373//6432
f 5457//6432 5373//6432 5372//6431
f 5461//6431 5372//6431 5371//6430
f 5454//6430 5371//6430 5370//6429
f 5460//6429 5370//6429 5369//6428
f 5455//6428 5369//6428 5368//6427
f 5456//6427 5368//6427 5367//6426
f 5458//6426 5367//6426 5366//6425
f 5459//6425 5366//6425 5365//6424
f 5467//6424 5365//6424 5364//6423
f 5465//6423 5364//6423 5363//6422
f 5466//6422 5363//6422 5362//6421
f 5463//6421 5362//6421 5361//6420
f 5464//6420 5361//6420 5360//6419
f 5489//6419 5360//6419 5311//6418
f 5468//6434 5484//6434 5328//6434
f 5328//6434 5343//6434 5468//6434
f 5344//6433 5359//6433 5462//6433
f 5462//6433 5499//6433 5344//6433
f 5344//6433 5499//6433 5490//6435
f 5345//6435 5490//6435 5475//6436
f 5346//6436 5475//6436 5474//6437
f 5347//6437 5474//6437 5492//6438
f 5348//6438 5492//6438 5491//6439
f 5349//6439 5491//6439 5477//6440
f 5350//6440 5477//6440 5476//6441
f 5351//6441 5476//6441 5479//6442
f 5352//6442 5479//6442 5478//6443
f 5353//6443 5478//6443 5470//6444
f 5354//6444 5470//6444 5469//6445
f 5355//6445 5469//6445 5480//6446
f 5356//6446 5480//6446 5493//6447
f 5357//6447 5493//6447 5481//6448
f 5358//6448 5481//6448 5468//6449
f 5468//6449 5343//6449 5358//6448
f 5481//6448 5358//6448 5357//6447
f 5493//6447 5357//6447 5356//6446
f 5480//6446 5356//6446 5355//6445
f 5469//6445 5355//6445 5354//6444
f 5470//6444 5354//6444 5353//6443
f 5478//6443 5353//6443 5352//6442
f 5479//6442 5352//6442 5351//6441
f 5476//6441 5351//6441 5350//6440
f 5477//6440 5350//6440 5349//6439
f 5491//6439 5349//6439 5348//6438
f 5492//6438 5348//6438 5347//6437
f 5474//6437 5347//6437 5346//6436
f 5475//6436 5346//6436 5345//6435
f 5490//6435 5345//6435 5344//6433
