# OBJ generated by ONSHAPE BY PTC INC, 1.220 Units = meters
mtllib link_6.mtl
g Dummy Link 6
v 0.005 0.00216238 0.0198828
v 0.005 0.00429941 0.0195324
v 0.005 0.00638603 0.0189531
v 0.005 0.00839778 0.0181515
v 0.005 0.0103111 0.0171371
v 0.005 0.0121035 0.0159219
v 0.005 0.013754 0.0145199
v 0.005 0.0152432 0.0129477
v 0.005 0.0165538 0.0112237
v 0.005 0.0176702 0.00936817
v 0.005 0.0185795 0.00740276
v 0.005 0.019271 0.00535057
v 0.005 0.0197365 0.00323564
v 0.005 0.0199707 0.00108278
v 0.005 0.0199707 -0.00108278
v 0.005 0.0197365 -0.00323564
v 0.005 0.019271 -0.00535057
v 0.005 0.0185795 -0.00740276
v 0.005 0.0176702 -0.00936817
v 0.005 0.0165538 -0.0112237
v 0.005 0.0152432 -0.0129477
v 0.005 0.013754 -0.0145199
v 0.005 0.0121035 -0.0159219
v 0.005 0.0103111 -0.0171371
v 0.005 0.00839778 -0.0181515
v 0.005 0.00638603 -0.0189531
v 0.005 0.00429941 -0.0195324
v 0.005 0.00216238 -0.0198828
v 0.005 1.47851e-17 -0.02
v 0.005 -0.00216238 -0.0198828
v 0.005 -0.00429941 -0.0195324
v 0.005 -0.00638603 -0.0189531
v 0.005 -0.00839778 -0.0181515
v 0.005 -0.0103111 -0.0171371
v 0.005 -0.0121035 -0.0159219
v 0.005 -0.013754 -0.0145199
v 0.005 -0.0152432 -0.0129477
v 0.005 -0.0165538 -0.0112237
v 0.005 -0.0176702 -0.00936817
v 0.005 -0.0185795 -0.00740276
v 0.005 -0.019271 -0.00535057
v 0.005 -0.0197365 -0.00323564
v 0.005 -0.0199707 -0.00108278
v 0.005 -0.0199707 0.00108278
v 0.005 -0.0197365 0.00323564
v 0.005 -0.019271 0.00535057
v 0.005 -0.0185795 0.00740276
v 0.005 -0.0176702 0.00936817
v 0.005 -0.0165538 0.0112237
v 0.005 -0.0152432 0.0129477
v 0.005 -0.013754 0.0145199
v 0.005 -0.0121035 0.0159219
v 0.005 -0.0103111 0.0171371
v 0.005 -0.00839778 0.0181515
v 0.005 -0.00638603 0.0189531
v 0.005 -0.00429941 0.0195324
v 0.005 -0.00216238 0.0198828
v 0.005 1.23358e-17 0.02
v 0.005 1.23358e-17 -3.5851e-18
v -2.95638e-18 -0.00216238 0.0198828
v -2.97381e-18 7.43722e-18 0.02
v -2.90429e-18 -0.00429941 0.0195324
v -2.81814e-18 -0.00638603 0.0189531
v -2.69896e-18 -0.00839778 0.0181515
v -2.54813e-18 -0.0103111 0.0171371
v -2.36743e-18 -0.0121035 0.0159219
v -2.15897e-18 -0.013754 0.0145199
v -1.9252e-18 -0.0152432 0.0129477
v -1.66886e-18 -0.0165538 0.0112237
v -1.39296e-18 -0.0176702 0.00936817
v -1.10072e-18 -0.0185795 0.00740276
v -7.95579e-19 -0.019271 0.00535057
v -4.81109e-19 -0.0197365 0.00323564
v -1.60999e-19 -0.0199707 0.00108278
v 1.60999e-19 -0.0199707 -0.00108278
v 4.81109e-19 -0.0197365 -0.00323564
v 7.95579e-19 -0.019271 -0.00535057
v 1.10072e-18 -0.0185795 -0.00740276
v 1.39296e-18 -0.0176702 -0.00936817
v 1.66886e-18 -0.0165538 -0.0112237
v 1.9252e-18 -0.0152432 -0.0129477
v 2.15897e-18 -0.013754 -0.0145199
v 2.36743e-18 -0.0121035 -0.0159219
v 2.54813e-18 -0.0103111 -0.0171371
v 2.69896e-18 -0.00839778 -0.0181515
v 2.81814e-18 -0.00638603 -0.0189531
v 2.90429e-18 -0.00429941 -0.0195324
v 2.95638e-18 -0.00216238 -0.0198828
v 2.97381e-18 1.47851e-17 -0.02
v 2.95638e-18 0.00216238 -0.0198828
v 2.90429e-18 0.00429941 -0.0195324
v 2.81814e-18 0.00638603 -0.0189531
v 2.69896e-18 0.00839778 -0.0181515
v 2.54813e-18 0.0103111 -0.0171371
v 2.36743e-18 0.0121035 -0.0159219
v 2.15897e-18 0.013754 -0.0145199
v 1.9252e-18 0.0152432 -0.0129477
v 1.66886e-18 0.0165538 -0.0112237
v 1.39296e-18 0.0176702 -0.00936817
v 1.10072e-18 0.0185795 -0.00740276
v 7.95579e-19 0.019271 -0.00535057
v 4.81109e-19 0.0197365 -0.00323564
v 1.60999e-19 0.0199707 -0.00108278
v -1.60999e-19 0.0199707 0.00108278
v -4.81109e-19 0.0197365 0.00323564
v -7.95579e-19 0.019271 0.00535057
v -1.10072e-18 0.0185795 0.00740276
v -1.39296e-18 0.0176702 0.00936817
v -1.66886e-18 0.0165538 0.0112237
v -1.9252e-18 0.0152432 0.0129477
v -2.15897e-18 0.013754 0.0145199
v -2.36743e-18 0.0121035 0.0159219
v -2.54813e-18 0.0103111 0.0171371
v -2.69896e-18 0.00839778 0.0181515
v -2.81814e-18 0.00638603 0.0189531
v -2.90429e-18 0.00429941 0.0195324
v -2.95638e-18 0.00216238 0.0198828
v -4.46691e-17 -0.017886 0.0202157
v -4.46691e-17 -0.0177546 0.0203006
v 4.79217e-17 0.0176152 0.0203713
v 4.79217e-17 0.0177546 0.0203006
v -4.46691e-17 -0.0176152 0.0203713
v -4.46691e-17 -0.0174691 0.0204272
v -3.03577e-18 -0.0180078 0.0201176
v 4.79217e-17 0.0174691 0.0204272
v 1.22303e-17 -0.012523 -0.0239202
v 1.20107e-17 -0.0150099 -0.0224433
v 1.17528e-17 -0.0173246 -0.0207089
v -3.03577e-18 0.0170074 0.0205
v 4.79217e-17 0.017886 0.0202157
v 6.68178e-18 0.0234425 0.0133959
v 7.06607e-18 0.024741 0.0108113
v 7.88539e-18 0.0264745 0.0053011
v 8.31101e-18 0.0268896 0.00243866
v 1.22303e-17 0.012523 -0.0239202
v 1.24091e-17 0.00989234 -0.0251225
v 1.14596e-17 -0.0194404 -0.0187368
v -4.46691e-17 -0.0171635 0.0204918
v -3.03577e-18 -0.0170074 0.0205
v -4.46691e-17 -0.017318 0.0204675
v 4.79217e-17 0.017318 0.0204675
v 4.79217e-17 0.0171635 0.0204918
v 6.32034e-18 0.021875 0.0158267
v 8.74079e-18 0.0269962 -0.00045176
v 1.11344e-17 0.0213332 -0.0165497
v 1.14596e-17 0.0194404 -0.0187368
v 1.20107e-17 0.0150099 -0.0224433
v 1.26825e-17 0.00144619 -0.0269612
v 1.26825e-17 -0.00144619 -0.0269612
v 1.26365e-17 -0.00432199 -0.0266518
v 1.2545e-17 -0.00714818 -0.0260366
v 1.11344e-17 -0.0213332 -0.0165497
v 1.00059e-17 -0.02547 -0.00895992
v 9.59311e-18 -0.0262823 -0.00618395
v 9.1698e-18 -0.026793 -0.003337
v 8.31101e-18 -0.0268896 0.00243866
v 7.88539e-18 -0.0264745 0.0053011
v 7.46882e-18 -0.0257555 0.00810271
v 6.68178e-18 -0.0234425 0.0133959
v 6.32034e-18 -0.021875 0.0158267
v 5.9859e-18 -0.0200565 0.0180759
v 5.9859e-18 0.0200565 0.0180759
v 7.46882e-18 0.0257555 0.00810271
v 9.1698e-18 0.026793 -0.003337
v 1.04033e-17 0.0243654 -0.0116331
v 1.0781e-17 0.0229812 -0.0141727
v 1.17528e-17 0.0173246 -0.0207089
v 1.2545e-17 0.00714818 -0.0260366
v 1.26365e-17 0.00432199 -0.0266518
v 1.24091e-17 -0.00989234 -0.0251225
v 1.0781e-17 -0.0229812 -0.0141727
v 1.04033e-17 -0.0243654 -0.0116331
v 8.74079e-18 -0.0269962 -0.00045176
v 7.06607e-18 -0.024741 0.0108113
v -3.03577e-18 0.0180078 0.0201176
v 9.59311e-18 0.0262823 -0.00618395
v 1.00059e-17 0.02547 -0.00895992
v 0.0015 -0.0170074 0.022
v 0.0015 0.0170074 0.022
v 0.0015 -0.0190082 0.0212353
v 0.0015 -0.0211707 0.0190801
v 0.0015 -0.0230903 0.016706
v 0.0015 -0.0247449 0.0141401
v 0.0015 -0.0261155 0.011412
v 0.0015 -0.0271864 0.00855286
v 0.0015 -0.0279453 0.00559561
v 0.0015 -0.0283835 0.00257415
v 0.0015 -0.028496 -0.000476858
v 0.0015 -0.0282815 -0.00352239
v 0.0015 -0.0277424 -0.0065275
v 0.0015 -0.026885 -0.0094577
v 0.0015 -0.025719 -0.0122794
v 0.0015 -0.0242579 -0.0149601
v 0.0015 -0.0225184 -0.0174692
v 0.0015 -0.0205205 -0.0197778
v 0.0015 -0.0182871 -0.0218594
v 0.0015 -0.0158438 -0.0236902
v 0.0015 -0.0132187 -0.0252491
v 0.0015 -0.0104419 -0.0265182
v 0.0015 -0.0075453 -0.0274831
v 0.0015 -0.0045621 -0.0281325
v 0.0015 -0.00152654 -0.0284591
v 0.0015 0.00152654 -0.0284591
v 0.0015 0.0045621 -0.0281325
v 0.0015 0.0075453 -0.0274831
v 0.0015 0.0104419 -0.0265182
v 0.0015 0.0132187 -0.0252491
v 0.0015 0.0158438 -0.0236902
v 0.0015 0.0182871 -0.0218594
v 0.0015 0.0205205 -0.0197778
v 0.0015 0.0225184 -0.0174692
v 0.0015 0.0242579 -0.0149601
v 0.0015 0.025719 -0.0122794
v 0.0015 0.026885 -0.0094577
v 0.0015 0.0277424 -0.0065275
v 0.0015 0.0282815 -0.00352239
v 0.0015 0.028496 -0.000476858
v 0.0015 0.0283835 0.00257415
v 0.0015 0.0279453 0.00559561
v 0.0015 0.0271864 0.00855286
v 0.0015 0.0261155 0.011412
v 0.0015 0.0247449 0.0141401
v 0.0015 0.0230903 0.016706
v 0.0015 0.0211707 0.0190801
v 0.0015 0.0190082 0.0212353
v 0.0015 -0.0173197 0.0219837
v 0.0015 -0.0176286 0.021935
v 0.0015 -0.0179308 0.0218543
v 0.0015 -0.018223 0.0217427
v 0.0015 -0.0185019 0.0216012
v 0.0015 -0.0187646 0.0214315
v 0.0015 0.0187646 0.0214315
v 0.0015 0.0185019 0.0216012
v 0.0015 0.018223 0.0217427
v 0.0015 0.0179308 0.0218543
v 0.0015 0.0176286 0.021935
v 0.0015 0.0173197 0.0219837
v 0.006 -0.0170074 0.022
v 0.006 0.0170074 0.022
v 0.006 0.0173197 0.0219837
v 0.006 0.0173446 0.021981
v 0.006 0.0176286 0.021935
v 0.006 0.0179308 0.0218543
v 0.006 0.018223 0.0217427
v 0.006 0.0185019 0.0216012
v 0.006 0.0187646 0.0214315
v 0.006 0.0190082 0.0212353
v 0.006 -0.0190082 0.0212353
v 0.006 -0.0187646 0.0214315
v 0.006 -0.0185019 0.0216012
v 0.006 -0.018223 0.0217427
v 0.006 -0.0179308 0.0218543
v 0.006 -0.0176286 0.021935
v 0.006 -0.0173446 0.021981
v 0.006 -0.0173197 0.0219837
v 0.006 0.0211707 0.0190801
v 0.006 0.0230903 0.016706
v 0.006 0.0247449 0.0141401
v 0.006 0.0261155 0.011412
v 0.006 0.0271864 0.00855286
v 0.006 0.0279453 0.00559561
v 0.006 0.0283835 0.00257415
v 0.006 0.028496 -0.000476858
v 0.006 0.0282815 -0.00352239
v 0.006 0.0277424 -0.0065275
v 0.006 0.026885 -0.0094577
v 0.006 0.025719 -0.0122794
v 0.006 0.0242579 -0.0149601
v 0.006 0.0225184 -0.0174692
v 0.006 0.0205205 -0.0197778
v 0.006 0.0182871 -0.0218594
v 0.006 0.0158438 -0.0236902
v 0.006 0.0132187 -0.0252491
v 0.006 0.0104419 -0.0265182
v 0.006 0.0075453 -0.0274831
v 0.006 0.0045621 -0.0281325
v 0.006 0.00152654 -0.0284591
v 0.006 -0.00152654 -0.0284591
v 0.006 -0.0045621 -0.0281325
v 0.006 -0.0075453 -0.0274831
v 0.006 -0.0104419 -0.0265182
v 0.006 -0.0132187 -0.0252491
v 0.006 -0.0158438 -0.0236902
v 0.006 -0.0182871 -0.0218594
v 0.006 -0.0205205 -0.0197778
v 0.006 -0.0225184 -0.0174692
v 0.006 -0.0242579 -0.0149601
v 0.006 -0.025719 -0.0122794
v 0.006 -0.026885 -0.0094577
v 0.006 -0.0277424 -0.0065275
v 0.006 -0.0282815 -0.00352239
v 0.006 -0.028496 -0.000476858
v 0.006 -0.0283835 0.00257415
v 0.006 -0.0279453 0.00559561
v 0.006 -0.0271864 0.00855286
v 0.006 -0.0261155 0.011412
v 0.006 -0.0247449 0.0141401
v 0.006 -0.0230903 0.016706
v 0.006 -0.0211707 0.0190801
v 0.006 -0.0260113 -0.0103639
v 0.006 -0.0269794 -0.00749079
v 0.006 -0.0247383 -0.0131154
v 0.006 -0.0192556 0.0203279
v 0.006 -0.0231753 -0.0157132
v 0.006 -0.0169449 -0.0222906
v 0.006 -0.0192556 -0.0203279
v 0.006 -0.0144355 -0.023992
v 0.006 0.00302733 -0.0278359
v 0.006 -0.0276311 -0.0045299
v 0.006 -0.0279589 -0.00151589
v 0.006 -0.0213405 -0.0181268
v 0.006 -0.00894044 -0.0265343
v 0.006 -0.0117569 -0.0254121
v 0.006 -0.00601917 -0.0273454
v 0.006 -0.00302733 -0.0278359
v 0.006 7.19229e-18 -0.028
v 0.006 0.00601917 -0.0273454
v 0.006 0.00894044 -0.0265343
v 0.006 -0.0213405 0.0181268
v 0.006 -0.0231753 0.0157132
v 0.006 -0.0247383 0.0131154
v 0.006 0.0192556 0.0203279
v 0.006 -0.0279589 0.00151589
v 0.006 -0.0276311 0.0045299
v 0.006 0.0117569 -0.0254121
v 0.006 0.0144355 -0.023992
v 0.006 0.0169449 -0.0222906
v 0.006 0.0192556 -0.0203279
v 0.006 -0.0260113 0.0103639
v 0.006 -0.0269794 0.00749079
v 0.006 0.0247383 -0.0131154
v 0.006 0.0260113 -0.0103639
v 0.006 0.0279589 0.00151589
v 0.006 0.0269794 -0.00749079
v 0.006 0.028 -5.85058e-18
v 0.006 0.0276311 0.0045299
v 0.006 0.0213405 -0.0181268
v 0.006 0.0231753 -0.0157132
v 0.006 0.0276311 -0.0045299
v 0.006 0.0279589 -0.00151589
v 0.006 0.0260113 0.0103639
v 0.006 0.0247383 0.0131154
v 0.006 0.0213405 0.0181268
v 0.006 0.0269794 0.00749079
v 0.006 0.0231753 0.0157132
v 0.006 -0.00302733 0.0278359
v 0.006 1.40503e-17 0.028
v 0.006 -0.0144355 0.023992
v 0.006 -0.0117569 0.0254121
v 0.006 0.00601917 0.0273454
v 0.006 0.00894044 0.0265343
v 0.006 0.00302733 0.0278359
v 0.006 -0.00894044 0.0265343
v 0.006 -0.0169449 0.0222906
v 0.006 0.0144355 0.023992
v 0.006 0.0117569 0.0254121
v 0.006 -0.00601917 0.0273454
v 0.006 0.0169449 0.0222906
v 0.0065 0.0285 -5.85058e-18
v 0.0065 0.0284582 0.00154296
v 0.0065 0.0281246 0.00461079
v 0.0065 0.0274612 0.00762456
v 0.0065 0.0264758 0.0105489
v 0.0065 0.0251801 0.0133496
v 0.0065 0.0235891 0.0159938
v 0.0065 0.0217216 0.0184505
v 0.0065 0.0195994 0.0206909
v 0.0065 0.0172475 0.0226887
v 0.0065 0.0146933 0.0244204
v 0.0065 0.0119668 0.0258659
v 0.0065 0.00910009 0.0270081
v 0.0065 0.00612666 0.0278337
v 0.0065 0.00308139 0.0283329
v 0.0065 1.40809e-17 0.0285
v 0.0065 -0.00308139 0.0283329
v 0.0065 -0.00612666 0.0278337
v 0.0065 -0.00910009 0.0270081
v 0.0065 -0.0119668 0.0258659
v 0.0065 -0.0146933 0.0244204
v 0.0065 -0.0195994 0.0206909
v 0.0065 -0.0172475 0.0226887
v 0.0065 -0.0217216 0.0184505
v 0.0065 -0.0235891 0.0159938
v 0.0065 -0.0251801 0.0133496
v 0.0065 -0.0264758 0.0105489
v 0.0065 -0.0274612 0.00762456
v 0.0065 -0.0281246 0.00461079
v 0.0065 -0.0285 -2.36033e-18
v 0.0065 -0.0284582 -0.00154296
v 0.0065 -0.0281246 -0.00461079
v 0.0065 -0.0274612 -0.00762456
v 0.0065 -0.0264758 -0.0105489
v 0.0065 -0.0251801 -0.0133496
v 0.0065 -0.0235891 -0.0159938
v 0.0065 -0.0217216 -0.0184505
v 0.0065 -0.0195994 -0.0206909
v 0.0065 -0.0172475 -0.0226887
v 0.0065 -0.0146933 -0.0244204
v 0.0065 -0.0119668 -0.0258659
v 0.0065 -0.00910009 -0.0270081
v 0.0065 -0.00612666 -0.0278337
v 0.0065 -0.00308139 -0.0283329
v 0.0065 7.10045e-18 -0.0285
v 0.0065 0.00308139 -0.0283329
v 0.0065 0.00612666 -0.0278337
v 0.0065 0.00910009 -0.0270081
v 0.0065 0.0119668 -0.0258659
v 0.0065 0.0146933 -0.0244204
v 0.0065 0.0172475 -0.0226887
v 0.0065 0.0195994 -0.0206909
v 0.0065 0.0217216 -0.0184505
v 0.0065 0.0235891 -0.0159938
v 0.0065 0.0251801 -0.0133496
v 0.0065 0.0264758 -0.0105489
v 0.0065 0.0274612 -0.00762456
v 0.0065 0.0281246 -0.00461079
v 0.0065 0.0284582 -0.00154296
v 0.0065 -0.0284582 0.00154296
v 0.0505 1.05907e-17 0.0285
v 0.0505 0.00308139 0.0283329
v 0.0505 0.00612666 0.0278337
v 0.0505 0.00910009 0.0270081
v 0.0505 0.0119668 0.0258659
v 0.0505 0.0146933 0.0244204
v 0.0505 0.0172475 0.0226887
v 0.0505 0.0195994 0.0206909
v 0.0505 0.0217216 0.0184505
v 0.0505 0.0235891 0.0159938
v 0.0505 0.0251801 0.0133496
v 0.0505 0.0264758 0.0105489
v 0.0505 0.0274612 0.00762456
v 0.0505 0.0281246 0.00461079
v 0.0505 0.0284582 0.00154296
v 0.0505 0.0284582 -0.00154296
v 0.0505 0.0281246 -0.00461079
v 0.0505 0.0274612 -0.00762456
v 0.0505 0.0264758 -0.0105489
v 0.0505 0.0251801 -0.0133496
v 0.0505 0.0235891 -0.0159938
v 0.0505 0.0217216 -0.0184505
v 0.0505 0.0195994 -0.0206909
v 0.0505 0.0172475 -0.0226887
v 0.0505 0.0146933 -0.0244204
v 0.0505 0.0119668 -0.0258659
v 0.0505 0.00910009 -0.0270081
v 0.0505 0.00612666 -0.0278337
v 0.0505 0.00308139 -0.0283329
v 0.0505 1.75712e-17 -0.0285
v 0.0505 -0.00308139 -0.0283329
v 0.0505 -0.00612666 -0.0278337
v 0.0505 -0.00910009 -0.0270081
v 0.0505 -0.0119668 -0.0258659
v 0.0505 -0.0146933 -0.0244204
v 0.0505 -0.0172475 -0.0226887
v 0.0505 -0.0195994 -0.0206909
v 0.0505 -0.0217216 -0.0184505
v 0.0505 -0.0235891 -0.0159938
v 0.0505 -0.0251801 -0.0133496
v 0.0505 -0.0264758 -0.0105489
v 0.0505 -0.0274612 -0.00762456
v 0.0505 -0.0281246 -0.00461079
v 0.0505 -0.0284582 -0.00154296
v 0.0505 -0.0285 -5.85058e-18
v 0.0505 -0.0284582 0.00154296
v 0.0505 -0.0281246 0.00461079
v 0.0505 -0.0274612 0.00762456
v 0.0505 -0.0264758 0.0105489
v 0.0505 -0.0251801 0.0133496
v 0.0505 -0.0235891 0.0159938
v 0.0505 -0.0217216 0.0184505
v 0.0505 -0.0195994 0.0206909
v 0.0505 -0.0172475 0.0226887
v 0.0505 -0.0146933 0.0244204
v 0.0505 -0.0119668 0.0258659
v 0.0505 -0.00910009 0.0270081
v 0.0505 -0.00612666 0.0278337
v 0.0505 -0.00308139 0.0283329
v 0.051 -0.028 -1.27086e-17
v 0.051 -0.0279589 0.00151589
v 0.051 -0.0276311 0.0045299
v 0.051 -0.0269794 0.00749079
v 0.051 -0.0260113 0.0103639
v 0.051 -0.0247383 0.0131154
v 0.051 -0.0245 0.0135554
v 0.051 -0.0231753 0.0157132
v 0.051 -0.0213405 0.0181268
v 0.051 -0.0192556 0.0203279
v 0.051 -0.0169449 0.0222906
v 0.051 -0.0144355 0.023992
v 0.051 -0.0135554 0.0245
v 0.051 -0.0117569 0.0254121
v 0.051 -0.00894044 0.0265343
v 0.051 -0.00601917 0.0273454
v 0.051 -0.00302733 0.0278359
v 0.051 1.06213e-17 0.028
v 0.051 0.00302733 0.0278359
v 0.051 0.00601917 0.0273454
v 0.051 0.00894044 0.0265343
v 0.051 0.0117569 0.0254121
v 0.051 0.0135554 0.0245
v 0.051 0.0144355 0.023992
v 0.051 0.0169449 0.0222906
v 0.051 0.0192556 0.0203279
v 0.051 0.0213405 0.0181268
v 0.051 0.0231753 0.0157132
v 0.051 0.0245 0.0135554
v 0.051 0.0247383 0.0131154
v 0.051 0.0260113 0.0103639
v 0.051 0.0269794 0.00749079
v 0.051 0.0276311 0.0045299
v 0.051 0.0279589 0.00151589
v 0.051 0.0279589 -0.00151589
v 0.051 0.0276311 -0.0045299
v 0.051 0.0269794 -0.00749079
v 0.051 0.0260113 -0.0103639
v 0.051 0.0247383 -0.0131154
v 0.051 0.0245 -0.0135554
v 0.051 0.0231753 -0.0157132
v 0.051 0.0213405 -0.0181268
v 0.051 0.0192556 -0.0203279
v 0.051 0.0169449 -0.0222906
v 0.051 0.0144355 -0.023992
v 0.051 0.0135554 -0.0245
v 0.051 0.0117569 -0.0254121
v 0.051 0.00894044 -0.0265343
v 0.051 0.00601917 -0.0273454
v 0.051 0.00302733 -0.0278359
v 0.051 1.74793e-17 -0.028
v 0.051 -0.00302733 -0.0278359
v 0.051 -0.00601917 -0.0273454
v 0.051 -0.00894044 -0.0265343
v 0.051 -0.0117569 -0.0254121
v 0.051 -0.0135554 -0.0245
v 0.051 -0.0144355 -0.023992
v 0.051 -0.0169449 -0.0222906
v 0.051 -0.0192556 -0.0203279
v 0.051 -0.0213405 -0.0181268
v 0.051 -0.0231753 -0.0157132
v 0.051 -0.0245 -0.0135554
v 0.051 -0.0247383 -0.0131154
v 0.051 -0.0260113 -0.0103639
v 0.051 -0.0269794 -0.00749079
v 0.051 -0.0276311 -0.0045299
v 0.051 -0.0279589 -0.00151589
v 0.051 -0.0145602 -0.0245
v 0.051 -0.0169259 -0.0229295
v 0.051 -0.0229295 -0.0169259
v 0.051 -0.0245 -0.0145602
v 0.051 -0.0191236 -0.0211314
v 0.051 -0.0211314 -0.0191236
v 0.057 -0.0145602 -0.0245
v 0.057 -0.0169259 -0.0229295
v 0.057 -0.0191236 -0.0211314
v 0.057 -0.0211314 -0.0191236
v 0.057 -0.0229295 -0.0169259
v 0.057 -0.0245 -0.0145602
v 0.057 -0.0231753 -0.0157132
v 0.057 -0.0213405 -0.0181268
v 0.057 -0.0192556 -0.0203279
v 0.057 -0.0169449 -0.0222906
v 0.057 -0.0144355 -0.023992
v 0.057 -0.0135554 -0.0245
v 0.057 -0.0245 -0.0135554
v 0.051 0.0245 -0.0145602
v 0.051 0.0229295 -0.0169259
v 0.051 0.0211314 -0.0191236
v 0.051 0.0169259 -0.0229295
v 0.051 0.0191236 -0.0211314
v 0.051 0.0145602 -0.0245
v 0.057 0.0245 -0.0145602
v 0.057 0.0229295 -0.0169259
v 0.057 0.0211314 -0.0191236
v 0.057 0.0191236 -0.0211314
v 0.057 0.0169259 -0.0229295
v 0.057 0.0145602 -0.0245
v 0.057 0.0144355 -0.023992
v 0.057 0.0231753 -0.0157132
v 0.057 0.0213405 -0.0181268
v 0.057 0.0245 -0.0135554
v 0.057 0.0169449 -0.0222906
v 0.057 0.0192556 -0.0203279
v 0.057 0.0135554 -0.0245
v 0.057 -0.00302733 -0.0278359
v 0.057 0.00601917 -0.0273454
v 0.057 0.00302733 -0.0278359
v 0.057 0.0117569 -0.0254121
v 0.057 -0.00601917 -0.0273454
v 0.057 0.00894044 -0.0265343
v 0.057 -0.00894044 -0.0265343
v 0.057 7.19229e-18 -0.028
v 0.057 -0.0117569 -0.0254121
v 0.051 0.0169259 0.0229295
v 0.051 0.0191236 0.0211314
v 0.051 0.0211314 0.0191236
v 0.051 0.0229295 0.0169259
v 0.051 0.0245 0.0145602
v 0.051 0.0145602 0.0245
v 0.057 0.0145602 0.0245
v 0.057 0.0169259 0.0229295
v 0.057 0.0191236 0.0211314
v 0.057 0.0211314 0.0191236
v 0.057 0.0229295 0.0169259
v 0.057 0.0245 0.0145602
v 0.057 0.0231753 0.0157132
v 0.057 0.0213405 0.0181268
v 0.057 0.0144355 0.023992
v 0.057 0.0169449 0.0222906
v 0.057 0.0192556 0.0203279
v 0.057 0.0135554 0.0245
v 0.057 0.0245 0.0135554
v 0.057 0.0269794 0.00749079
v 0.057 0.0276311 0.0045299
v 0.057 0.0276311 -0.0045299
v 0.057 0.0269794 -0.00749079
v 0.057 0.0260113 -0.0103639
v 0.057 0.0260113 0.0103639
v 0.057 0.0247383 -0.0131154
v 0.057 0.0279589 -0.00151589
v 0.057 0.0247383 0.0131154
v 0.057 0.028 -5.85058e-18
v 0.057 0.0279589 0.00151589
v 0.051 -0.0245 0.0145602
v 0.051 -0.0229295 0.0169259
v 0.051 -0.0211314 0.0191236
v 0.051 -0.0169259 0.0229295
v 0.051 -0.0191236 0.0211314
v 0.051 -0.0145602 0.0245
v 0.057 -0.0245 0.0145602
v 0.057 -0.0229295 0.0169259
v 0.057 -0.0211314 0.0191236
v 0.057 -0.0191236 0.0211314
v 0.057 -0.0169259 0.0229295
v 0.057 -0.0145602 0.0245
v 0.057 -0.0144355 0.023992
v 0.057 -0.0169449 0.0222906
v 0.057 -0.0192556 0.0203279
v 0.057 -0.0231753 0.0157132
v 0.057 -0.0213405 0.0181268
v 0.057 -0.0245 0.0135554
v 0.057 -0.0135554 0.0245
v 0.057 -0.0279589 0.00151589
v 0.057 -0.0276311 0.0045299
v 0.057 -0.0269794 0.00749079
v 0.057 -0.0260113 0.0103639
v 0.057 -0.0276311 -0.0045299
v 0.057 -0.0279589 -0.00151589
v 0.057 -0.0247383 0.0131154
v 0.057 -0.0260113 -0.0103639
v 0.057 -0.0269794 -0.00749079
v 0.057 -0.0247383 -0.0131154
v 0.057 0.0117569 0.0254121
v 0.057 0.00302733 0.0278359
v 0.057 0.00601917 0.0273454
v 0.057 -0.00302733 0.0278359
v 0.057 1.40503e-17 0.028
v 0.057 -0.00894044 0.0265343
v 0.057 -0.00601917 0.0273454
v 0.057 -0.0117569 0.0254121
v 0.057 0.00894044 0.0265343
v 0.0575 0.0285 -5.85058e-18
v 0.0575 0.0284582 0.00154296
v 0.0575 0.0281246 0.00461079
v 0.0575 0.0274612 0.00762456
v 0.0575 0.0264758 0.0105489
v 0.0575 0.0235891 0.0159938
v 0.0575 0.0251801 0.0133496
v 0.0575 0.0217216 0.0184505
v 0.0575 0.0195994 0.0206909
v 0.0575 0.0172475 0.0226887
v 0.0575 0.0119668 0.0258659
v 0.0575 0.0146933 0.0244204
v 0.0575 0.00910009 0.0270081
v 0.0575 0.00612666 0.0278337
v 0.0575 0.00308139 0.0283329
v 0.0575 1.40809e-17 0.0285
v 0.0575 -0.00308139 0.0283329
v 0.0575 -0.00612666 0.0278337
v 0.0575 -0.00910009 0.0270081
v 0.0575 -0.0119668 0.0258659
v 0.0575 -0.0146933 0.0244204
v 0.0575 -0.0172475 0.0226887
v 0.0575 -0.0195994 0.0206909
v 0.0575 -0.0217216 0.0184505
v 0.0575 -0.0235891 0.0159938
v 0.0575 -0.0251801 0.0133496
v 0.0575 -0.0264758 0.0105489
v 0.0575 -0.0274612 0.00762456
v 0.0575 -0.0281246 0.00461079
v 0.0575 -0.0285 -2.36033e-18
v 0.0575 -0.0284582 -0.00154296
v 0.0575 -0.0281246 -0.00461079
v 0.0575 -0.0274612 -0.00762456
v 0.0575 -0.0264758 -0.0105489
v 0.0575 -0.0235891 -0.0159938
v 0.0575 -0.0251801 -0.0133496
v 0.0575 -0.0217216 -0.0184505
v 0.0575 -0.0195994 -0.0206909
v 0.0575 -0.0172475 -0.0226887
v 0.0575 -0.0119668 -0.0258659
v 0.0575 -0.0146933 -0.0244204
v 0.0575 -0.00910009 -0.0270081
v 0.0575 -0.00612666 -0.0278337
v 0.0575 -0.00308139 -0.0283329
v 0.0575 7.10045e-18 -0.0285
v 0.0575 0.00308139 -0.0283329
v 0.0575 0.00612666 -0.0278337
v 0.0575 0.00910009 -0.0270081
v 0.0575 0.0119668 -0.0258659
v 0.0575 0.0146933 -0.0244204
v 0.0575 0.0172475 -0.0226887
v 0.0575 0.0195994 -0.0206909
v 0.0575 0.0217216 -0.0184505
v 0.0575 0.0235891 -0.0159938
v 0.0575 0.0251801 -0.0133496
v 0.0575 0.0264758 -0.0105489
v 0.0575 0.0274612 -0.00762456
v 0.0575 0.0281246 -0.00461079
v 0.0575 0.0284582 -0.00154296
v 0.0575 -0.0284582 0.00154296
v 0.102 5.11068e-18 0.0285
v 0.102 0.00308139 0.0283329
v 0.102 0.00612666 0.0278337
v 0.102 0.00910009 0.0270081
v 0.102 0.0119668 0.0258659
v 0.102 0.0146933 0.0244204
v 0.102 0.0172475 0.0226887
v 0.102 0.0195994 0.0206909
v 0.102 0.0217216 0.0184505
v 0.102 0.0235891 0.0159938
v 0.102 0.0251801 0.0133496
v 0.102 0.0264758 0.0105489
v 0.102 0.0274612 0.00762456
v 0.102 0.0281246 0.00461079
v 0.102 0.0284582 0.00154296
v 0.102 0.0284582 -0.00154296
v 0.102 0.0281246 -0.00461079
v 0.102 0.0274612 -0.00762456
v 0.102 0.0264758 -0.0105489
v 0.102 0.0251801 -0.0133496
v 0.102 0.0235891 -0.0159938
v 0.102 0.0217216 -0.0184505
v 0.102 0.0195994 -0.0206909
v 0.102 0.0172475 -0.0226887
v 0.102 0.0146933 -0.0244204
v 0.102 0.0119668 -0.0258659
v 0.102 0.00910009 -0.0270081
v 0.102 0.00612666 -0.0278337
v 0.102 0.00308139 -0.0283329
v 0.102 2.25619e-17 -0.0285
v 0.102 -0.00308139 -0.0283329
v 0.102 -0.00612666 -0.0278337
v 0.102 -0.00910009 -0.0270081
v 0.102 -0.0119668 -0.0258659
v 0.102 -0.0146933 -0.0244204
v 0.102 -0.0172475 -0.0226887
v 0.102 -0.0195994 -0.0206909
v 0.102 -0.0217216 -0.0184505
v 0.102 -0.0235891 -0.0159938
v 0.102 -0.0251801 -0.0133496
v 0.102 -0.0264758 -0.0105489
v 0.102 -0.0274612 -0.00762456
v 0.102 -0.0281246 -0.00461079
v 0.102 -0.0284582 -0.00154296
v 0.102 -0.0284582 0.00154296
v 0.102 -0.0281246 0.00461079
v 0.102 -0.0274612 0.00762456
v 0.102 -0.0264758 0.0105489
v 0.102 -0.0251801 0.0133496
v 0.102 -0.0235891 0.0159938
v 0.102 -0.0217216 0.0184505
v 0.102 -0.0195994 0.0206909
v 0.102 -0.0172475 0.0226887
v 0.102 -0.0146933 0.0244204
v 0.102 -0.0119668 0.0258659
v 0.102 -0.00910009 0.0270081
v 0.102 -0.00612666 0.0278337
v 0.102 -0.00308139 0.0283329
v 0.102 0.0335278 0.035
v 0.102 0.0378538 0.0338921
v 0.102 0.0386222 0.0334194
v 0.102 0.0353208 0.0348196
v 0.102 0.0361948 0.0345958
v 0.102 0.0344288 0.0349548
v 0.102 0.0415613 0.0300573
v 0.102 0.0419272 0.0292327
v 0.102 -0.0370419 -0.0342856
v 0.102 -0.0378538 -0.0338921
v 0.102 0.0370419 0.0342856
v 0.102 0.0411148 0.0308412
v 0.102 0.0344288 -0.0349548
v 0.102 0.0335278 -0.035
v 0.102 -0.0361948 -0.0345958
v 0.102 -0.0335278 -0.035
v 0.102 0.040592 0.0315765
v 0.102 0.0393394 0.0328721
v 0.102 0.0399982 0.0322557
v 0.102 0.0474228 0.0148361
v 0.102 0.0476318 0.0139421
v 0.102 0.0471327 0.0157073
v 0.102 0.0478 0.0121154
v 0.102 0.0478 -0.0121154
v 0.102 0.0353208 -0.0348196
v 0.102 -0.0353208 -0.0348196
v 0.102 -0.0344288 -0.0349548
v 0.102 -0.0415613 -0.0300573
v 0.102 -0.0419272 -0.0292327
v 0.102 0.040592 -0.0315765
v 0.102 0.0399982 -0.0322557
v 0.102 0.0419272 -0.0292327
v 0.102 0.0361948 -0.0345958
v 0.102 0.0378538 -0.0338921
v 0.102 0.0370419 -0.0342856
v 0.102 -0.0411148 -0.0308412
v 0.102 -0.0476318 -0.0139421
v 0.102 -0.0477578 -0.0130326
v 0.102 -0.0471327 -0.0157073
v 0.102 -0.0474228 -0.0148361
v 0.102 -0.0476318 0.0139421
v 0.102 -0.0474228 0.0148361
v 0.102 -0.0477578 0.0130326
v 0.102 -0.0386222 0.0334194
v 0.102 -0.0378538 0.0338921
v 0.102 0.0477578 0.0130326
v 0.102 0.0476318 -0.0139421
v 0.102 0.0474228 -0.0148361
v 0.102 0.0477578 -0.0130326
v 0.102 0.0411148 -0.0308412
v 0.102 0.0415613 -0.0300573
v 0.102 0.0393394 -0.0328721
v 0.102 0.0386222 -0.0334194
v 0.102 -0.0386222 -0.0334194
v 0.102 -0.040592 -0.0315765
v 0.102 -0.0393394 -0.0328721
v 0.102 -0.0399982 -0.0322557
v 0.102 -0.0478 -0.0121154
v 0.102 -0.0478 0.0121154
v 0.102 -0.0471327 0.0157073
v 0.102 -0.0419272 0.0292327
v 0.102 -0.0344288 0.0349548
v 0.102 -0.0335278 0.035
v 0.102 -0.0361948 0.0345958
v 0.102 -0.0353208 0.0348196
v 0.102 -0.0370419 0.0342856
v 0.102 0.0471327 -0.0157073
v 0.102 -0.0415613 0.0300573
v 0.102 -0.0393394 0.0328721
v 0.102 -0.040592 0.0315765
v 0.102 -0.0399982 0.0322557
v 0.102 -0.0411148 0.0308412
v 0.119 0.0471327 0.0157073
v 0.119 0.0474228 0.0148361
v 0.119 0.0476318 0.0139421
v 0.119 0.0477578 0.0130326
v 0.119 0.0478 0.0121154
v 0.119 0.0478 -0.0121154
v 0.119 0.0477578 -0.0130326
v 0.119 0.0476318 -0.0139421
v 0.119 0.0474228 -0.0148361
v 0.119 0.0471327 -0.0157073
v 0.1215 0.0335278 -0.035
v 0.1215 -0.0335278 -0.035
v 0.121511 -0.0339789 -0.0349887
v 0.121545 -0.0344288 -0.0349548
v 0.121602 -0.0348765 -0.0348984
v 0.12168 -0.0353208 -0.0348196
v 0.121781 -0.0357606 -0.0347186
v 0.122041 -0.0366018 -0.0344587
v 0.122198 -0.0370018 -0.0343025
v 0.121904 -0.0361948 -0.0345958
v 0.122213 -0.0370411 -0.0342837
v 0.122508 -0.0377937 -0.0339247
v 0.12253 -0.0378538 -0.0338921
v 0.122771 -0.0385615 -0.0334606
v 0.12279 -0.0386222 -0.0334194
v 0.122987 -0.0392938 -0.0329104
v 0.123 -0.0393394 -0.0328721
v 0.12316 -0.0399787 -0.0322739
v 0.123165 -0.0399982 -0.0322557
v 0.123291 -0.040592 -0.0315765
v 0.123294 -0.040607 -0.0315553
v 0.123384 -0.0411148 -0.0308412
v 0.123391 -0.0411651 -0.0307528
v 0.123448 -0.0415613 -0.0300573
v 0.123458 -0.0416442 -0.0298704
v 0.123493 -0.0419272 -0.0292327
v 0.119 -0.0471327 -0.0157073
v 0.119 -0.0474228 -0.0148361
v 0.119 -0.0476318 -0.0139421
v 0.119 -0.0477578 -0.0130326
v 0.119 -0.0478 -0.0121154
v 0.119 -0.0478 0.0121154
v 0.119 -0.0477578 0.0130326
v 0.119 -0.0476318 0.0139421
v 0.119 -0.0474228 0.0148361
v 0.119 -0.0471327 0.0157073
v 0.1215 -0.0335278 0.035
v 0.1215 0.0335278 0.035
v 0.121511 0.0339789 0.0349887
v 0.121545 0.0344288 0.0349548
v 0.121602 0.0348765 0.0348984
v 0.12168 0.0353208 0.0348196
v 0.121781 0.0357606 0.0347186
v 0.122041 0.0366018 0.0344587
v 0.122198 0.0370018 0.0343025
v 0.121904 0.0361948 0.0345958
v 0.122213 0.0370411 0.0342837
v 0.122508 0.0377937 0.0339247
v 0.12253 0.0378538 0.0338921
v 0.122771 0.0385615 0.0334606
v 0.12279 0.0386222 0.0334194
v 0.122987 0.0392938 0.0329104
v 0.123 0.0393394 0.0328721
v 0.12316 0.0399787 0.0322739
v 0.123165 0.0399982 0.0322557
v 0.123291 0.040592 0.0315765
v 0.123294 0.040607 0.0315553
v 0.123384 0.0411148 0.0308412
v 0.123391 0.0411651 0.0307528
v 0.123448 0.0415613 0.0300573
v 0.123458 0.0416442 0.0298704
v 0.123493 0.0419272 0.0292327
v 0.1235 0.0419272 -0.0292327
v 0.119 0.0420709 -0.0288592
v 0.123491 0.0420709 -0.0288592
v 0.1235 0.0415613 -0.0300573
v 0.1235 0.0411148 -0.0308412
v 0.1235 0.040592 -0.0315765
v 0.123477 0.0401198 -0.0321274
v 0.123456 0.0399956 -0.0322531
v 0.123485 0.0402368 -0.0319934
v 0.1235 0.0404878 -0.031706
v 0.123454 0.0399806 -0.0322683
v 0.123411 0.0397329 -0.032519
v 0.123335 0.03945 -0.0327723
v 0.123026 0.038635 -0.0334072
v 0.123019 0.0386205 -0.0334169
v 0.123144 0.0389067 -0.0332109
v 0.123077 0.0387367 -0.0333394
v 0.123302 0.039328 -0.0328816
v 0.123249 0.03917 -0.0330118
v 0.123305 0.0393391 -0.0328717
v 0.122746 0.0380966 -0.0337541
v 0.122608 0.0378538 -0.0338921
v 0.122893 0.0383642 -0.0335878
v 0.122861 0.0382996 -0.0336308
v 0.122401 0.0374528 -0.034099
v 0.122214 0.0370419 -0.0342856
v 0.122049 0.0366222 -0.0344513
v 0.121904 0.0361948 -0.0345958
v 0.121781 0.0357606 -0.0347186
v 0.12168 0.0353208 -0.0348196
v 0.121602 0.0348765 -0.0348984
v 0.121545 0.0344288 -0.0349548
v 0.121511 0.0339789 -0.0349887
v 0.124439 0.0372832 -0.0320614
v 0.1265 -0.0340476 -0.03
v 0.124652 0.037168 -0.0318483
v 0.125702 0.0365361 -0.030798
v 0.126114 0.0362483 -0.0303859
v 0.1265 0.0359481 -0.03
v 0.124439 -0.0372832 0.0320614
v 0.121511 -0.0339789 0.0349887
v 0.121545 -0.0344288 0.0349548
v 0.121602 -0.0348765 0.0348984
v 0.12168 -0.0353208 0.0348196
v 0.121781 -0.0357606 0.0347186
v 0.121904 -0.0361948 0.0345958
v 0.122049 -0.0366222 0.0344513
v 0.1265 0.0340476 0.03
v 0.122214 -0.0370419 0.0342856
v 0.122401 -0.0374528 0.034099
v 0.124652 -0.037168 0.0318483
v 0.125702 -0.0365361 0.030798
v 0.122608 -0.0378538 0.0338921
v 0.126114 -0.0362483 0.0303859
v 0.122746 -0.0380966 0.0337541
v 0.1265 -0.0359481 0.03
v 0.1235 -0.0419272 0.0292327
v 0.1235 -0.0415613 0.0300573
v 0.1235 -0.0411148 0.0308412
v 0.1235 -0.040592 0.0315765
v 0.123477 -0.0401198 0.0321274
v 0.123456 -0.0399956 0.0322531
v 0.123485 -0.0402368 0.0319934
v 0.1235 -0.0404878 0.031706
v 0.123454 -0.0399806 0.0322683
v 0.123411 -0.0397329 0.032519
v 0.123335 -0.03945 0.0327723
v 0.123026 -0.038635 0.0334072
v 0.123019 -0.0386205 0.0334169
v 0.123144 -0.0389067 0.0332109
v 0.123077 -0.0387367 0.0333394
v 0.123302 -0.039328 0.0328816
v 0.123249 -0.03917 0.0330118
v 0.123305 -0.0393391 0.0328717
v 0.122893 -0.0383642 0.0335878
v 0.122861 -0.0382996 0.0336308
v 0.119 -0.0420938 0.0287997
v 0.123488 -0.0420938 0.0287997
v 0.1265 0.039563 0.0268356
v 0.1265 0.0397883 0.0263908
v 0.1235 0.0420468 0.0289219
v 0.1265 0.0390344 0.0276481
v 0.1265 0.0393115 0.0272551
v 0.1265 0.0384068 0.0283507
v 0.1265 0.0387326 0.0280136
v 0.1265 0.0380579 0.0286584
v 0.1265 0.0376867 0.028936
v 0.1265 0.0372944 0.0291827
v 0.1265 0.0368819 0.0293978
v 0.1265 0.0364503 0.0295808
v 0.1265 0.0360007 0.0297312
v 0.1265 0.0355344 0.0298485
v 0.1265 0.0350526 0.0299326
v 0.1265 0.0345566 0.0299831
v 0.1265 0.0399869 0.0259219
v 0.1265 -0.039563 -0.0268356
v 0.1265 -0.0397883 -0.0263908
v 0.1235 -0.0420468 -0.0289219
v 0.1265 -0.0390344 -0.0276481
v 0.1265 -0.0393115 -0.0272551
v 0.1265 -0.0384068 -0.0283507
v 0.1265 -0.0387326 -0.0280136
v 0.1265 -0.0380579 -0.0286584
v 0.1265 -0.0376867 -0.028936
v 0.1265 -0.0372944 -0.0291827
v 0.1265 -0.0368819 -0.0293978
v 0.1265 -0.0364503 -0.0295808
v 0.1265 -0.0360007 -0.0297312
v 0.1265 -0.0355344 -0.0298485
v 0.1265 -0.0350526 -0.0299326
v 0.1265 -0.0345566 -0.0299831
v 0.1265 -0.0399869 -0.0259219
v 0.124439 -0.0402169 0.030499
v 0.124636 -0.040157 0.0302305
v 0.124652 -0.0401521 0.0302088
v 0.125272 -0.039942 0.0292773
v 0.125702 -0.0397962 0.0286307
v 0.125834 -0.0397406 0.0283979
v 0.126114 -0.0396229 0.0279052
v 0.1265 -0.0392394 0.0277831
v 0.1265 -0.039218 0.0278332
v 0.126214 -0.0395694 0.0277343
v 0.126161 -0.0396004 0.0278153
v 0.126202 -0.0395811 0.0277382
v 0.1265 -0.0392894 0.0276393
v 0.1265 -0.0390921 0.0281279
v 0.1265 -0.0389498 0.0283853
v 0.1265 -0.0388563 0.0285394
v 0.1265 -0.0386602 0.0288043
v 0.1265 -0.0389143 0.0284495
v 0.1265 -0.0384414 0.0290452
v 0.1265 -0.0381988 0.0292628
v 0.1265 -0.0379851 0.0294209
v 0.1265 -0.0382816 0.0291885
v 0.1265 -0.0378942 0.0294761
v 0.1265 -0.0377214 0.029581
v 0.1265 -0.0374384 0.029717
v 0.1265 -0.0371336 0.0298286
v 0.1265 -0.037473 0.0297004
v 0.1265 -0.0367105 0.0299329
v 0.1265 -0.0370551 0.0298521
v 0.1265 -0.0365087 0.0299603
v 0.1265 -0.0363429 0.0299828
v 0.123685 -0.0404343 0.0314677
v 0.12474 -0.0398671 0.0304536
v 0.124522 -0.0399344 0.0307331
v 0.124586 -0.0396368 0.0309548
v 0.124628 -0.0393259 0.0311627
v 0.124807 -0.039566 0.0306856
v 0.124649 -0.0390035 0.0313557
v 0.124851 -0.0392506 0.0309036
v 0.124649 -0.0386713 0.0315326
v 0.124874 -0.0389228 0.031106
v 0.124628 -0.0383312 0.0316925
v 0.124874 -0.0385846 0.0312919
v 0.124586 -0.0379852 0.0318344
v 0.124851 -0.0382379 0.03146
v 0.124522 -0.0376352 0.0319576
v 0.124807 -0.0378848 0.0316093
v 0.125822 -0.039503 0.0289457
v 0.125913 -0.0391862 0.0292473
v 0.125974 -0.0388482 0.0295331
v 0.126005 -0.0384918 0.0298007
v 0.126005 -0.0381197 0.030048
v 0.125974 -0.037735 0.0302731
v 0.12474 -0.0375275 0.031739
v 0.125913 -0.0373407 0.0304742
v 0.125822 -0.03694 0.0306497
v 0.126254 -0.0393312 0.0282597
v 0.12636 -0.0390111 0.0286012
v 0.126432 -0.0386655 0.0289266
v 0.126468 -0.0382976 0.0292328
v 0.126468 -0.0379109 0.0295171
v 0.126432 -0.0375089 0.0297769
v 0.12636 -0.0370952 0.0300096
v 0.126254 -0.0366737 0.0302133
v 0.124439 0.0402169 -0.030499
v 0.124636 0.040157 -0.0302305
v 0.124652 0.0401521 -0.0302088
v 0.125272 0.039942 -0.0292773
v 0.125702 0.0397962 -0.0286307
v 0.125834 0.0397406 -0.0283979
v 0.126114 0.0396229 -0.0279052
v 0.1265 0.0392394 -0.0277831
v 0.1265 0.039218 -0.0278332
v 0.126214 0.0395694 -0.0277343
v 0.126161 0.0396004 -0.0278153
v 0.126202 0.0395811 -0.0277382
v 0.1265 0.0392894 -0.0276393
v 0.1265 0.0390921 -0.0281279
v 0.1265 0.0389498 -0.0283853
v 0.1265 0.0388563 -0.0285394
v 0.1265 0.0386602 -0.0288043
v 0.1265 0.0389143 -0.0284495
v 0.1265 0.0384414 -0.0290452
v 0.1265 0.0381988 -0.0292628
v 0.1265 0.0379851 -0.0294209
v 0.1265 0.0382816 -0.0291885
v 0.1265 0.0378942 -0.0294761
v 0.1265 0.0377214 -0.029581
v 0.1265 0.0374384 -0.029717
v 0.1265 0.0371336 -0.0298286
v 0.1265 0.037473 -0.0297004
v 0.1265 0.0367105 -0.0299329
v 0.1265 0.0370551 -0.0298521
v 0.1265 0.0365087 -0.0299603
v 0.1265 0.0363429 -0.0299828
v 0.123685 0.0404343 -0.0314677
v 0.12474 0.0398671 -0.0304536
v 0.124522 0.0399344 -0.0307331
v 0.124586 0.0396368 -0.0309548
v 0.124628 0.0393259 -0.0311627
v 0.124807 0.039566 -0.0306856
v 0.124649 0.0390035 -0.0313557
v 0.124851 0.0392506 -0.0309036
v 0.124649 0.0386713 -0.0315326
v 0.124874 0.0389228 -0.031106
v 0.124628 0.0383312 -0.0316925
v 0.124874 0.0385846 -0.0312919
v 0.124586 0.0379852 -0.0318344
v 0.124851 0.0382379 -0.03146
v 0.124522 0.0376352 -0.0319576
v 0.124807 0.0378848 -0.0316093
v 0.125822 0.039503 -0.0289457
v 0.125913 0.0391862 -0.0292473
v 0.125974 0.0388482 -0.0295331
v 0.126005 0.0384918 -0.0298007
v 0.126005 0.0381197 -0.030048
v 0.125974 0.037735 -0.0302731
v 0.12474 0.0375275 -0.031739
v 0.125913 0.0373407 -0.0304742
v 0.125822 0.03694 -0.0306497
v 0.126254 0.0393312 -0.0282597
v 0.12636 0.0390111 -0.0286012
v 0.126432 0.0386655 -0.0289266
v 0.126468 0.0382976 -0.0292328
v 0.126468 0.0379109 -0.0295171
v 0.126432 0.0375089 -0.0297769
v 0.12636 0.0370952 -0.0300096
v 0.126254 0.0366737 -0.0302133
v 0.119 -0.0418792 0.027
v 0.123974 -0.0419745 0.0271603
v 0.12396 -0.041986 0.0271795
v 0.124089 -0.0418792 0.027
v 0.119 -0.041986 0.0271795
v 0.123845 -0.0420735 0.0273692
v 0.119 -0.0420735 0.0273692
v 0.123794 -0.0421095 0.0274666
v 0.123746 -0.0421407 0.027567
v 0.119 -0.0421407 0.027567
v 0.123702 -0.0421663 0.0276674
v 0.123662 -0.0421869 0.0277707
v 0.119 -0.0421869 0.0277707
v 0.123624 -0.0422027 0.0278804
v 0.123594 -0.0422117 0.0279782
v 0.119 -0.0422117 0.0279782
v 0.123566 -0.0422159 0.0280822
v 0.123542 -0.0422146 0.028187
v 0.119 -0.0422146 0.028187
v 0.123523 -0.042208 0.0282907
v 0.123507 -0.0421958 0.0283951
v 0.119 -0.0421958 0.0283951
v 0.123491 -0.0421598 0.0285799
v 0.123489 -0.0421554 0.0286
v 0.123497 -0.0421803 0.0284879
v 0.119 -0.0421554 0.0286
v 0.123486 -0.0421273 0.0287005
v 0.119 0.0418707 -0.027
v 0.123985 0.0419636 -0.0271588
v 0.123965 0.0419796 -0.0271862
v 0.124097 0.0418707 -0.027
v 0.119 0.0419796 -0.0271862
v 0.123848 0.0420683 -0.0273828
v 0.119 0.0420683 -0.0273828
v 0.123796 0.0421045 -0.0274837
v 0.123747 0.0421357 -0.0275876
v 0.119 0.0421357 -0.0275876
v 0.123703 0.0421611 -0.0276915
v 0.123663 0.0421792 -0.0277988
v 0.119 0.0421813 -0.0277985
v 0.123634 0.0421925 -0.0278782
v 0.123593 0.0422044 -0.0280129
v 0.119 0.0422044 -0.0280129
v 0.123565 0.0422074 -0.0281204
v 0.123541 0.0422048 -0.0282286
v 0.119 0.0422048 -0.0282286
v 0.123522 0.0421965 -0.0283355
v 0.123507 0.0421824 -0.0284431
v 0.119 0.0421824 -0.0284431
v 0.123494 0.0421563 -0.0285789
v 0.12349 0.0421377 -0.0286541
v 0.119 0.0421377 -0.0286541
v 0.123489 0.042107 -0.0287574
v 0.1265 0.0422297 0.0200944
v 0.1235 0.0465988 0.0170944
v 0.119 0.0466893 0.0168592
v 0.123495 0.0466893 0.0168592
v 0.119 0.0467225 0.0167568
v 0.123494 0.0467074 0.0168082
v 0.119 0.0467445 0.0166515
v 0.123495 0.0467225 0.0167568
v 0.123498 0.046735 0.0167044
v 0.119 0.0467551 0.0165443
v 0.123503 0.0467445 0.0166515
v 0.123515 0.046754 0.0165644
v 0.119 0.0467541 0.0164367
v 0.123519 0.0467551 0.0165443
v 0.123529 0.046756 0.0164903
v 0.119 0.0467415 0.0163298
v 0.123541 0.0467541 0.0164367
v 0.123554 0.0467492 0.016383
v 0.119 0.0467175 0.0162249
v 0.123569 0.0467415 0.0163298
v 0.123585 0.0467308 0.0162768
v 0.119 0.0466824 0.0161232
v 0.123602 0.0467175 0.0162249
v 0.123627 0.0466938 0.0161563
v 0.119 0.0466365 0.0160258
v 0.123639 0.0466824 0.0161232
v 0.119 0.0465804 0.015934
v 0.123679 0.0466365 0.0160258
v 0.119 0.0465148 0.0158486
v 0.123723 0.0465804 0.015934
v 0.119 0.0464404 0.0157709
v 0.123769 0.0465148 0.0158486
v 0.123784 0.046492 0.0158247
v 0.119 0.0463581 0.0157015
v 0.123817 0.0464404 0.0157709
v 0.119 0.0462688 0.0156415
v 0.123867 0.0463581 0.0157015
v 0.119 0.0461736 0.0155913
v 0.123919 0.0462688 0.0156415
v 0.119 0.0460735 0.0155517
v 0.123973 0.0461736 0.0155913
v 0.12399 0.046142 0.0155788
v 0.119 0.0459698 0.0155231
v 0.124028 0.0460735 0.0155517
v 0.119 0.0458635 0.0155058
v 0.124085 0.0459698 0.0155231
v 0.119 0.0457561 0.0155
v 0.124143 0.0458635 0.0155058
v 0.124202 0.0457561 0.0155
v 0.12575 0.0406823 0.0155
v 0.12572 0.0412989 0.0155
v 0.1265 0.0401624 0.0162804
v 0.1265 0.0398821 0.0162576
v 0.1265 0.0406843 0.0163713
v 0.1265 0.04043 0.0163183
v 0.125629 0.0419532 0.0155
v 0.1265 0.0411501 0.0165216
v 0.1265 0.0409245 0.0164391
v 0.125478 0.042638 0.0155
v 0.1265 0.041555 0.0167299
v 0.1265 0.0413605 0.0166187
v 0.12527 0.0433462 0.0155
v 0.1265 0.0418944 0.0169938
v 0.1265 0.0417331 0.0168551
v 0.125006 0.0440699 0.0155
v 0.1265 0.0421648 0.0173105
v 0.1265 0.0420384 0.0171457
v 0.12469 0.0448015 0.0155
v 0.1265 0.0422732 0.0174876
v 0.124316 0.0455323 0.0155
v 0.1265 0.0423632 0.0176766
v 0.1265 0.0424348 0.017877
v 0.1265 0.0424876 0.0180882
v 0.1265 0.0425216 0.0183096
v 0.1265 0.0425365 0.0185408
v 0.1265 0.0425325 0.018781
v 0.1265 0.0425095 0.0190296
v 0.1265 0.0424676 0.0192859
v 0.1265 0.0424069 0.0195493
v 0.1265 0.0423275 0.019819
v 0.1265 0.03959 0.01625
v 0.119 0.016 0.0155
v 0.12575 0.016 0.0155
v 0.1265 -0.0422297 -0.0200944
v 0.1235 -0.0465988 -0.0170944
v 0.119 -0.0466893 -0.0168592
v 0.123495 -0.0466893 -0.0168592
v 0.119 -0.0467225 -0.0167568
v 0.123494 -0.0467074 -0.0168082
v 0.119 -0.0467445 -0.0166515
v 0.123495 -0.0467225 -0.0167568
v 0.123498 -0.046735 -0.0167044
v 0.119 -0.0467551 -0.0165443
v 0.123503 -0.0467445 -0.0166515
v 0.123515 -0.046754 -0.0165644
v 0.119 -0.0467541 -0.0164367
v 0.123519 -0.0467551 -0.0165443
v 0.123529 -0.046756 -0.0164903
v 0.119 -0.0467415 -0.0163298
v 0.123541 -0.0467541 -0.0164367
v 0.123554 -0.0467492 -0.016383
v 0.119 -0.0467175 -0.0162249
v 0.123569 -0.0467415 -0.0163298
v 0.123585 -0.0467308 -0.0162768
v 0.119 -0.0466824 -0.0161232
v 0.123602 -0.0467175 -0.0162249
v 0.123627 -0.0466938 -0.0161563
v 0.119 -0.0466365 -0.0160258
v 0.123639 -0.0466824 -0.0161232
v 0.119 -0.0465804 -0.015934
v 0.123679 -0.0466365 -0.0160258
v 0.119 -0.0465148 -0.0158486
v 0.123723 -0.0465804 -0.015934
v 0.119 -0.0464404 -0.0157709
v 0.123769 -0.0465148 -0.0158486
v 0.123784 -0.046492 -0.0158247
v 0.119 -0.0463581 -0.0157015
v 0.123817 -0.0464404 -0.0157709
v 0.119 -0.0462688 -0.0156415
v 0.123867 -0.0463581 -0.0157015
v 0.119 -0.0461736 -0.0155913
v 0.123919 -0.0462688 -0.0156415
v 0.119 -0.0460735 -0.0155517
v 0.123973 -0.0461736 -0.0155913
v 0.12399 -0.046142 -0.0155788
v 0.119 -0.0459698 -0.0155231
v 0.124028 -0.0460735 -0.0155517
v 0.119 -0.0458635 -0.0155058
v 0.124085 -0.0459698 -0.0155231
v 0.119 -0.0457561 -0.0155
v 0.124143 -0.0458635 -0.0155058
v 0.124202 -0.0457561 -0.0155
v 0.12575 -0.0406823 -0.0155
v 0.12572 -0.0412989 -0.0155
v 0.1265 -0.0401624 -0.0162804
v 0.1265 -0.0398821 -0.0162576
v 0.1265 -0.0406843 -0.0163713
v 0.1265 -0.04043 -0.0163183
v 0.125629 -0.0419532 -0.0155
v 0.1265 -0.0411501 -0.0165216
v 0.1265 -0.0409245 -0.0164391
v 0.125478 -0.042638 -0.0155
v 0.1265 -0.041555 -0.0167299
v 0.1265 -0.0413605 -0.0166187
v 0.12527 -0.0433462 -0.0155
v 0.1265 -0.0418944 -0.0169938
v 0.1265 -0.0417331 -0.0168551
v 0.125006 -0.0440699 -0.0155
v 0.1265 -0.0421648 -0.0173105
v 0.1265 -0.0420384 -0.0171457
v 0.12469 -0.0448015 -0.0155
v 0.1265 -0.0422732 -0.0174876
v 0.124316 -0.0455323 -0.0155
v 0.1265 -0.0423632 -0.0176766
v 0.1265 -0.0424348 -0.017877
v 0.1265 -0.0424876 -0.0180882
v 0.1265 -0.0425216 -0.0183096
v 0.1265 -0.0425365 -0.0185408
v 0.1265 -0.0425325 -0.018781
v 0.1265 -0.0425095 -0.0190296
v 0.1265 -0.0424676 -0.0192859
v 0.1265 -0.0424069 -0.0195493
v 0.1265 -0.0423275 -0.019819
v 0.1265 -0.03959 -0.01625
v 0.119 -0.016 -0.0155
v 0.12575 -0.016 -0.0155
v 0.1265 -0.016 -0.01625
v 0.119 -0.0156342 -0.0154808
v 0.119 -0.0152723 -0.0154235
v 0.12575 -0.0156342 -0.0154808
v 0.119 -0.0149184 -0.0153287
v 0.12575 -0.0152723 -0.0154235
v 0.119 -0.0145764 -0.0151974
v 0.12575 -0.0149184 -0.0153287
v 0.119 -0.01425 -0.0150311
v 0.12575 -0.0145764 -0.0151974
v 0.119 -0.0139428 -0.0148316
v 0.12575 -0.01425 -0.0150311
v 0.119 -0.013658 -0.014601
v 0.12575 -0.0139428 -0.0148316
v 0.119 -0.013399 -0.014342
v 0.12575 -0.013658 -0.014601
v 0.119 -0.0131684 -0.0140572
v 0.12575 -0.013399 -0.014342
v 0.119 -0.0129689 -0.01375
v 0.12575 -0.0131684 -0.0140572
v 0.119 -0.0128026 -0.0134236
v 0.12575 -0.0129689 -0.01375
v 0.119 -0.0126713 -0.0130816
v 0.12575 -0.0128026 -0.0134236
v 0.119 -0.0125765 -0.0127277
v 0.12575 -0.0126713 -0.0130816
v 0.119 -0.0125192 -0.0123658
v 0.12575 -0.0125765 -0.0127277
v 0.119 -0.0125 -0.012
v 0.12575 -0.0125192 -0.0123658
v 0.12575 -0.0125 -0.012
v 0.1265 -0.0155558 -0.0162267
v 0.1265 -0.0151164 -0.0161571
v 0.1265 -0.0146867 -0.016042
v 0.1265 -0.0142714 -0.0158826
v 0.1265 -0.013875 -0.0156806
v 0.1265 -0.0135019 -0.0154383
v 0.1265 -0.0131562 -0.0151584
v 0.1265 -0.0128416 -0.0148438
v 0.1265 -0.0125617 -0.0144981
v 0.1265 -0.0123194 -0.014125
v 0.1265 -0.0121174 -0.0137286
v 0.1265 -0.011958 -0.0133133
v 0.1265 -0.0118429 -0.0128836
v 0.1265 -0.0117733 -0.0124442
v 0.1265 -0.01175 -0.012
v 0.12575 -0.0125 0.012
v 0.119 -0.0125 0.012
v 0.1265 -0.01175 0.012
v 0.119 -0.0125192 0.0123658
v 0.119 -0.0125765 0.0127277
v 0.12575 -0.0125192 0.0123658
v 0.119 -0.0126713 0.0130816
v 0.12575 -0.0125765 0.0127277
v 0.119 -0.0128026 0.0134236
v 0.12575 -0.0126713 0.0130816
v 0.119 -0.0129689 0.01375
v 0.12575 -0.0128026 0.0134236
v 0.119 -0.0131684 0.0140572
v 0.12575 -0.0129689 0.01375
v 0.119 -0.013399 0.014342
v 0.12575 -0.0131684 0.0140572
v 0.119 -0.013658 0.014601
v 0.12575 -0.013399 0.014342
v 0.119 -0.0139428 0.0148316
v 0.12575 -0.013658 0.014601
v 0.119 -0.01425 0.0150311
v 0.12575 -0.0139428 0.0148316
v 0.119 -0.0145764 0.0151974
v 0.12575 -0.01425 0.0150311
v 0.119 -0.0149184 0.0153287
v 0.12575 -0.0145764 0.0151974
v 0.119 -0.0152723 0.0154235
v 0.12575 -0.0149184 0.0153287
v 0.119 -0.0156342 0.0154808
v 0.12575 -0.0152723 0.0154235
v 0.119 -0.016 0.0155
v 0.12575 -0.0156342 0.0154808
v 0.12575 -0.016 0.0155
v 0.1265 -0.0117733 0.0124442
v 0.1265 -0.0118429 0.0128836
v 0.1265 -0.011958 0.0133133
v 0.1265 -0.0121174 0.0137286
v 0.1265 -0.0123194 0.014125
v 0.1265 -0.0125617 0.0144981
v 0.1265 -0.0128416 0.0148438
v 0.1265 -0.0131562 0.0151584
v 0.1265 -0.0135019 0.0154383
v 0.1265 -0.013875 0.0156806
v 0.1265 -0.0142714 0.0158826
v 0.1265 -0.0146867 0.016042
v 0.1265 -0.0151164 0.0161571
v 0.1265 -0.0155558 0.0162267
v 0.1265 -0.016 0.01625
v 0.119 -0.0272693 0.0155
v 0.12575 -0.0272693 0.0155
v 0.1265 -0.0272693 0.01625
v 0.12575 -0.0275691 0.015515
v 0.119 -0.0275691 0.015515
v 0.12575 -0.0278659 0.0155599
v 0.119 -0.0278659 0.0155599
v 0.12575 -0.0281567 0.0156342
v 0.119 -0.0281567 0.0156342
v 0.12575 -0.0284386 0.0157372
v 0.119 -0.0284386 0.0157372
v 0.12575 -0.0287088 0.0158679
v 0.119 -0.0287088 0.0158679
v 0.12575 -0.0289646 0.0160249
v 0.119 -0.0289646 0.0160249
v 0.12575 -0.0292035 0.0162067
v 0.119 -0.0292035 0.0162067
v 0.125792 -0.0400886 0.0273982
v 0.125204 -0.0407413 0.0269532
v 0.12483 -0.0411694 0.0262985
v 0.12497 -0.0410223 0.0261744
v 0.125045 -0.0409219 0.0260898
v 0.125257 -0.0406426 0.0258542
v 0.125409 -0.0403853 0.0256372
v 0.12546 -0.0402977 0.0255633
v 0.125552 -0.0400993 0.025396
v 0.12556 -0.0400825 0.0253819
v 0.12567 -0.0397652 0.0251142
v 0.125724 -0.0394989 0.0248897
v 0.125733 -0.0394544 0.0248521
v 0.12575 -0.0391919 0.0246307
v 0.125792 -0.0391458 0.0246466
v 0.1265 -0.0386006 0.0251376
v 0.1265 -0.0386567 0.0252025
v 0.1265 -0.0383416 0.0248947
v 0.1265 -0.0387985 0.0253664
v 0.1265 -0.0389124 0.0255287
v 0.1265 -0.0389629 0.0256007
v 0.1265 -0.0391001 0.0258471
v 0.1265 -0.0391631 0.0259861
v 0.1265 -0.0391127 0.0258748
v 0.1265 -0.0392494 0.0262245
v 0.1265 -0.039312 0.0264715
v 0.1265 -0.0393505 0.0267284
v 0.1265 -0.0393582 0.0268236
v 0.1265 -0.0393372 0.0266395
v 0.1265 -0.0393619 0.0270888
v 0.1265 -0.0393395 0.0273603
v 0.1265 -0.0393122 0.0275122
v 0.125813 -0.040063 0.0274154
v 0.124605 -0.0414072 0.0264991
v 0.125882 -0.0400477 0.0270397
v 0.125947 -0.0399832 0.0266792
v 0.125986 -0.0398956 0.0263198
v 0.126 -0.0397858 0.0259646
v 0.125986 -0.0396547 0.0256168
v 0.125947 -0.0395035 0.0252792
v 0.125882 -0.0393333 0.0249549
v 0.1265 -0.0274942 0.0162613
v 0.1265 -0.0277168 0.0162949
v 0.1265 -0.0279349 0.0163507
v 0.1265 -0.0281463 0.0164279
v 0.1265 -0.028349 0.0165259
v 0.1265 -0.0285408 0.0166437
v 0.1265 -0.0287199 0.01678
v 0.1265 0.016 0.01625
v 0.119 0.0156342 0.0154808
v 0.119 0.0152723 0.0154235
v 0.12575 0.0156342 0.0154808
v 0.119 0.0149184 0.0153287
v 0.12575 0.0152723 0.0154235
v 0.119 0.0145764 0.0151974
v 0.12575 0.0149184 0.0153287
v 0.119 0.01425 0.0150311
v 0.12575 0.0145764 0.0151974
v 0.119 0.0139428 0.0148316
v 0.12575 0.01425 0.0150311
v 0.119 0.013658 0.014601
v 0.12575 0.0139428 0.0148316
v 0.119 0.013399 0.014342
v 0.12575 0.013658 0.014601
v 0.119 0.0131684 0.0140572
v 0.12575 0.013399 0.014342
v 0.119 0.0129689 0.01375
v 0.12575 0.0131684 0.0140572
v 0.119 0.0128026 0.0134236
v 0.12575 0.0129689 0.01375
v 0.119 0.0126713 0.0130816
v 0.12575 0.0128026 0.0134236
v 0.119 0.0125765 0.0127277
v 0.12575 0.0126713 0.0130816
v 0.119 0.0125192 0.0123658
v 0.12575 0.0125765 0.0127277
v 0.119 0.0125 0.012
v 0.12575 0.0125192 0.0123658
v 0.12575 0.0125 0.012
v 0.1265 0.0155558 0.0162267
v 0.1265 0.0151164 0.0161571
v 0.1265 0.0146867 0.016042
v 0.1265 0.0142714 0.0158826
v 0.1265 0.013875 0.0156806
v 0.1265 0.0135019 0.0154383
v 0.1265 0.0131562 0.0151584
v 0.1265 0.0128416 0.0148438
v 0.1265 0.0125617 0.0144981
v 0.1265 0.0123194 0.014125
v 0.1265 0.0121174 0.0137286
v 0.1265 0.011958 0.0133133
v 0.1265 0.0118429 0.0128836
v 0.1265 0.0117733 0.0124442
v 0.1265 0.01175 0.012
v 0.119 0.0125 -0.012
v 0.12575 0.0125 -0.012
v 0.1265 0.01175 -0.012
v 0.119 0.0125192 -0.0123658
v 0.119 0.0125765 -0.0127277
v 0.12575 0.0125192 -0.0123658
v 0.119 0.0126713 -0.0130816
v 0.12575 0.0125765 -0.0127277
v 0.119 0.0128026 -0.0134236
v 0.12575 0.0126713 -0.0130816
v 0.119 0.0129689 -0.01375
v 0.12575 0.0128026 -0.0134236
v 0.119 0.0131684 -0.0140572
v 0.12575 0.0129689 -0.01375
v 0.119 0.013399 -0.014342
v 0.12575 0.0131684 -0.0140572
v 0.119 0.013658 -0.014601
v 0.12575 0.013399 -0.014342
v 0.119 0.0139428 -0.0148316
v 0.12575 0.013658 -0.014601
v 0.119 0.01425 -0.0150311
v 0.12575 0.0139428 -0.0148316
v 0.119 0.0145764 -0.0151974
v 0.12575 0.01425 -0.0150311
v 0.119 0.0149184 -0.0153287
v 0.12575 0.0145764 -0.0151974
v 0.119 0.0152723 -0.0154235
v 0.12575 0.0149184 -0.0153287
v 0.119 0.0156342 -0.0154808
v 0.12575 0.0152723 -0.0154235
v 0.119 0.016 -0.0155
v 0.12575 0.0156342 -0.0154808
v 0.12575 0.016 -0.0155
v 0.1265 0.0117733 -0.0124442
v 0.1265 0.0118429 -0.0128836
v 0.1265 0.011958 -0.0133133
v 0.1265 0.0121174 -0.0137286
v 0.1265 0.0123194 -0.014125
v 0.1265 0.0125617 -0.0144981
v 0.1265 0.0128416 -0.0148438
v 0.1265 0.0131562 -0.0151584
v 0.1265 0.0135019 -0.0154383
v 0.1265 0.013875 -0.0156806
v 0.1265 0.0142714 -0.0158826
v 0.1265 0.0146867 -0.016042
v 0.1265 0.0151164 -0.0161571
v 0.1265 0.0155558 -0.0162267
v 0.1265 0.016 -0.01625
v 0.119 0.0272693 -0.0155
v 0.12575 0.0272693 -0.0155
v 0.1265 0.0272693 -0.01625
v 0.1265 0.0287199 -0.01678
v 0.1265 0.0279349 -0.0163507
v 0.1265 0.0277168 -0.0162949
v 0.1265 0.0285408 -0.0166437
v 0.1265 0.0274942 -0.0162613
v 0.1265 0.028349 -0.0165259
v 0.1265 0.0393122 -0.0275122
v 0.1265 0.0393372 -0.0266395
v 0.1265 0.039312 -0.0264715
v 0.1265 0.0391127 -0.0258748
v 0.1265 0.0281463 -0.0164279
v 0.1265 0.0383416 -0.0248947
v 0.1265 0.0386567 -0.0252025
v 0.1265 0.0386006 -0.0251376
v 0.1265 0.0392494 -0.0262245
v 0.1265 0.0393582 -0.0268236
v 0.1265 0.0393505 -0.0267284
v 0.1265 0.0393395 -0.0273603
v 0.1265 0.0391631 -0.0259861
v 0.1265 0.0393619 -0.0270888
v 0.1265 0.0389124 -0.0255287
v 0.1265 0.0387985 -0.0253664
v 0.1265 0.0391001 -0.0258471
v 0.1265 0.0389629 -0.0256007
v 0.12575 0.0275691 -0.015515
v 0.12575 0.0278659 -0.0155599
v 0.12575 0.0281567 -0.0156342
v 0.12575 0.0284386 -0.0157372
v 0.12575 0.0287088 -0.0158679
v 0.12575 0.0289646 -0.0160249
v 0.12575 0.0292035 -0.0162067
v 0.12483 0.0411695 -0.0262986
v 0.125204 0.0407413 -0.0269532
v 0.125792 0.0400886 -0.0273982
v 0.124605 0.0414072 -0.0264991
v 0.124658 0.0413562 -0.0264561
v 0.125002 0.0409833 -0.0261415
v 0.125047 0.0409225 -0.0260903
v 0.125241 0.0406603 -0.0258692
v 0.125283 0.040603 -0.0258208
v 0.125408 0.0403851 -0.0256371
v 0.125479 0.0402601 -0.0255316
v 0.125552 0.0400993 -0.025396
v 0.125562 0.0400784 -0.0253784
v 0.12567 0.0397629 -0.0251123
v 0.125724 0.0394989 -0.0248897
v 0.125733 0.0394542 -0.024852
v 0.12575 0.0391919 -0.0246307
v 0.125792 0.0391458 -0.0246466
v 0.125813 0.040063 -0.0274154
v 0.125882 0.0400477 -0.0270397
v 0.125947 0.0399832 -0.0266792
v 0.125986 0.0398956 -0.0263198
v 0.126 0.0397858 -0.0259646
v 0.125986 0.0396547 -0.0256168
v 0.125947 0.0395035 -0.0252792
v 0.125882 0.0393333 -0.0249549
v 0.119 0.0275691 -0.015515
v 0.119 0.0278659 -0.0155599
v 0.119 0.0281567 -0.0156342
v 0.119 0.0284386 -0.0157372
v 0.119 0.0287088 -0.0158679
v 0.119 0.0289646 -0.0160249
v 0.119 0.0292035 -0.0162067
v 0.119 -0.0301441 0.017
v 0.119 0.0222 0.027
v 0.119 0.0222 0.017
v 0.1245 0.0222 0.027
v 0.1245 -0.041465 0.027
v 0.1245 -0.0301441 0.017
v 0.1245 0.0222 0.017
v 0.1245 -0.0415065 0.0265828
v 0.124501 -0.0415054 0.0265819
v 0.1245 -0.0415054 0.0265819
v 0.119 0.0301441 -0.017
v 0.119 -0.0222 -0.027
v 0.119 -0.0222 -0.017
v 0.1245 -0.0222 -0.027
v 0.1245 0.041465 -0.027
v 0.1245 0.0301441 -0.017
v 0.1245 -0.0222 -0.017
v 0.124501 0.0415054 -0.0265819
v 0.1245 0.0415065 -0.0265829
v 0.1245 0.0415054 -0.0265819
vn -1 0 -1.48691e-16
vn 1.47819e-16 0.108119 -0.994138
vn 1.48691e-16 2.44929e-16 -1
vn 1.45214e-16 0.21497 -0.976621
vn 1.47819e-16 0.108119 -0.994138
vn 1.40907e-16 0.319302 -0.947653
vn 1.45214e-16 0.21497 -0.976621
vn 1.34948e-16 0.419889 -0.907575
vn 1.40907e-16 0.319302 -0.947653
vn 1.27407e-16 0.515554 -0.856857
vn 1.34948e-16 0.419889 -0.907575
vn 1.18372e-16 0.605174 -0.796093
vn 1.27407e-16 0.515554 -0.856857
vn 1.07949e-16 0.687699 -0.725995
vn 1.18372e-16 0.605174 -0.796093
vn 9.62602e-17 0.762162 -0.647386
vn 1.07949e-16 0.687699 -0.725995
vn 8.34432e-17 0.827689 -0.561187
vn 9.62602e-17 0.762162 -0.647386
vn 6.96479e-17 0.883512 -0.468408
vn 8.34432e-17 0.827689 -0.561187
vn 5.50361e-17 0.928977 -0.370138
vn 6.96479e-17 0.883512 -0.468408
vn 3.97789e-17 0.96355 -0.267528
vn 5.50361e-17 0.928977 -0.370138
vn 2.40555e-17 0.986827 -0.161782
vn 3.97789e-17 0.96355 -0.267528
vn 8.04995e-18 0.998533 -0.0541389
vn 2.40555e-17 0.986827 -0.161782
vn -8.04995e-18 0.998533 0.0541389
vn 8.04995e-18 0.998533 -0.0541389
vn -2.40555e-17 0.986827 0.161782
vn -8.04995e-18 0.998533 0.0541389
vn -3.97789e-17 0.96355 0.267528
vn -2.40555e-17 0.986827 0.161782
vn -5.50361e-17 0.928977 0.370138
vn -3.97789e-17 0.96355 0.267528
vn -6.96479e-17 0.883512 0.468408
vn -5.50361e-17 0.928977 0.370138
vn -8.34432e-17 0.827689 0.561187
vn -6.96479e-17 0.883512 0.468408
vn -9.62602e-17 0.762162 0.647386
vn -8.34432e-17 0.827689 0.561187
vn -1.07949e-16 0.687699 0.725995
vn -9.62602e-17 0.762162 0.647386
vn -1.18372e-16 0.605174 0.796093
vn -1.07949e-16 0.687699 0.725995
vn -1.27407e-16 0.515554 0.856857
vn -1.18372e-16 0.605174 0.796093
vn -1.34948e-16 0.419889 0.907575
vn -1.27407e-16 0.515554 0.856857
vn -1.40907e-16 0.319302 0.947653
vn -1.34948e-16 0.419889 0.907575
vn -1.45214e-16 0.21497 0.976621
vn -1.40907e-16 0.319302 0.947653
vn -1.47819e-16 0.108119 0.994138
vn -1.45214e-16 0.21497 0.976621
vn -1.48691e-16 -1.22465e-16 1
vn -1.47819e-16 0.108119 0.994138
vn -1.47819e-16 -0.108119 0.994138
vn -1.48691e-16 -1.22465e-16 1
vn -1.45214e-16 -0.21497 0.976621
vn -1.47819e-16 -0.108119 0.994138
vn -1.40907e-16 -0.319302 0.947653
vn -1.45214e-16 -0.21497 0.976621
vn -1.34948e-16 -0.419889 0.907575
vn -1.40907e-16 -0.319302 0.947653
vn -1.27407e-16 -0.515554 0.856857
vn -1.34948e-16 -0.419889 0.907575
vn -1.18372e-16 -0.605174 0.796093
vn -1.27407e-16 -0.515554 0.856857
vn -1.07949e-16 -0.687699 0.725995
vn -1.18372e-16 -0.605174 0.796093
vn -9.62602e-17 -0.762162 0.647386
vn -1.07949e-16 -0.687699 0.725995
vn -8.34432e-17 -0.827689 0.561187
vn -9.62602e-17 -0.762162 0.647386
vn -6.96479e-17 -0.883512 0.468408
vn -8.34432e-17 -0.827689 0.561187
vn -5.50361e-17 -0.928977 0.370138
vn -6.96479e-17 -0.883512 0.468408
vn -3.97789e-17 -0.96355 0.267528
vn -5.50361e-17 -0.928977 0.370138
vn -2.40555e-17 -0.986827 0.161782
vn -3.97789e-17 -0.96355 0.267528
vn -8.04995e-18 -0.998533 0.0541389
vn -2.40555e-17 -0.986827 0.161782
vn 8.04995e-18 -0.998533 -0.0541389
vn -8.04995e-18 -0.998533 0.0541389
vn 2.40555e-17 -0.986827 -0.161782
vn 8.04995e-18 -0.998533 -0.0541389
vn 3.97789e-17 -0.96355 -0.267528
vn 2.40555e-17 -0.986827 -0.161782
vn 5.50361e-17 -0.928977 -0.370138
vn 3.97789e-17 -0.96355 -0.267528
vn 6.96479e-17 -0.883512 -0.468408
vn 5.50361e-17 -0.928977 -0.370138
vn 8.34432e-17 -0.827689 -0.561187
vn 6.96479e-17 -0.883512 -0.468408
vn 9.62602e-17 -0.762162 -0.647386
vn 8.34432e-17 -0.827689 -0.561187
vn 1.07949e-16 -0.687699 -0.725995
vn 9.62602e-17 -0.762162 -0.647386
vn 1.18372e-16 -0.605174 -0.796093
vn 1.07949e-16 -0.687699 -0.725995
vn 1.27407e-16 -0.515554 -0.856857
vn 1.18372e-16 -0.605174 -0.796093
vn 1.34948e-16 -0.419889 -0.907575
vn 1.27407e-16 -0.515554 -0.856857
vn 1.40907e-16 -0.319302 -0.947653
vn 1.34948e-16 -0.419889 -0.907575
vn 1.45214e-16 -0.21497 -0.976621
vn 1.40907e-16 -0.319302 -0.947653
vn 1.47819e-16 -0.108119 -0.994138
vn 1.45214e-16 -0.21497 -0.976621
vn -1 0 -1.48691e-16
vn -0.707107 0 0.707107
vn -0.707107 -0.471608 0.526864
vn -0.707107 -0.525262 0.473392
vn -0.707107 -0.572887 0.414488
vn -0.707107 -0.613939 0.350826
vn -0.707107 -0.647945 0.283139
vn -0.707107 -0.674515 0.212203
vn -0.707107 -0.693344 0.138831
vn -0.707107 -0.704217 0.0638665
vn -0.707107 -0.707008 -0.0118312
vn -0.707107 -0.701685 -0.0873932
vn -0.707107 -0.688311 -0.161952
vn -0.707107 -0.667037 -0.234653
vn -0.707107 -0.638108 -0.30466
vn -0.707107 -0.601857 -0.371172
vn -0.707107 -0.558698 -0.433424
vn -0.707107 -0.509129 -0.490702
vn -0.707107 -0.453716 -0.542348
vn -0.707107 -0.393097 -0.587771
vn -0.707107 -0.327966 -0.626449
vn -0.707107 -0.259072 -0.657937
vn -0.707107 -0.187205 -0.681876
vn -0.707107 -0.113189 -0.697989
vn -0.707107 -0.0378746 -0.706092
vn -0.707107 0.0378746 -0.706092
vn -0.707107 0.113189 -0.697989
vn -0.707107 0.187205 -0.681876
vn -0.707107 0.259072 -0.657937
vn -0.707107 0.327966 -0.626449
vn -0.707107 0.393097 -0.587771
vn -0.707107 0.453716 -0.542348
vn -0.707107 0.509129 -0.490702
vn -0.707107 0.558698 -0.433424
vn -0.707107 0.601857 -0.371172
vn -0.707107 0.638108 -0.30466
vn -0.707107 0.667037 -0.234653
vn -0.707107 0.688311 -0.161952
vn -0.707107 0.701685 -0.0873932
vn -0.707107 0.707008 -0.0118312
vn -0.707107 0.704217 0.0638665
vn -0.707107 0.693344 0.138831
vn -0.707107 0.674515 0.212203
vn -0.707107 0.647945 0.283139
vn -0.707107 0.613939 0.350826
vn -0.707107 0.572887 0.414488
vn -0.707107 0.525262 0.473392
vn -0.707107 0.471608 0.526864
vn -0.707107 -8.5546e-16 0.707107
vn -0.707107 -0.073619 0.703264
vn -0.707107 -0.146438 0.691777
vn -0.707107 -0.217665 0.672772
vn -0.707107 -0.286527 0.646454
vn -0.707107 -0.352274 0.613109
vn -0.707107 -0.414192 0.573101
vn -0.707107 -0.471608 0.526864
vn -0.707107 0.471608 0.526864
vn -0.707107 0.414192 0.573101
vn -0.707107 0.352274 0.613109
vn -0.707107 0.286527 0.646454
vn -0.707107 0.217665 0.672772
vn -0.707107 0.146438 0.691777
vn -0.707107 0.073619 0.703264
vn -0.707107 1.66533e-15 0.707107
vn -1.48691e-16 0 1
vn -1.47883e-16 0.104113 0.994565
vn -1.45467e-16 0.207095 0.978321
vn -1.47748e-16 0.11243 0.99366
vn -1.41471e-16 0.307825 0.951443
vn -1.35936e-16 0.40521 0.914224
vn -1.28925e-16 0.49819 0.867068
vn -1.20512e-16 0.585756 0.810488
vn -1.10789e-16 0.666955 0.745098
vn -1.10789e-16 -0.666955 0.745098
vn -1.20512e-16 -0.585756 0.810488
vn -1.28925e-16 -0.49819 0.867068
vn -1.35936e-16 -0.40521 0.914224
vn -1.41471e-16 -0.307825 0.951443
vn -1.45467e-16 -0.207095 0.978321
vn -1.47748e-16 -0.11243 0.99366
vn -1.47883e-16 -0.104113 0.994565
vn -1.48691e-16 -2.44929e-16 1
vn -1.10789e-16 0.666955 0.745098
vn -9.9545e-17 0.742832 0.669477
vn -8.71585e-17 0.810185 0.586174
vn -7.37719e-17 0.868241 0.496144
vn -5.95386e-17 0.916332 0.400419
vn -4.46221e-17 0.953908 0.3001
vn -2.91935e-17 0.980536 0.196337
vn -1.34299e-17 0.995913 0.0903209
vn 2.48787e-18 0.99986 -0.0167318
vn 1.83771e-17 0.992333 -0.123593
vn 3.40554e-17 0.973418 -0.229035
vn 4.93428e-17 0.943332 -0.331849
vn 6.40641e-17 0.902421 -0.430855
vn 7.80501e-17 0.851154 -0.524916
vn 9.11404e-17 0.790119 -0.612954
vn 1.03185e-16 0.720016 -0.693957
vn 1.14045e-16 0.641651 -0.766997
vn 1.23597e-16 0.555923 -0.831234
vn 1.3173e-16 0.463814 -0.885933
vn 1.38351e-16 0.366383 -0.930464
vn 1.43385e-16 0.264747 -0.964318
vn 1.46773e-16 0.160074 -0.987105
vn 1.48477e-16 0.0535628 -0.998564
vn 1.48477e-16 -0.0535628 -0.998564
vn 1.46773e-16 -0.160074 -0.987105
vn 1.43385e-16 -0.264747 -0.964318
vn 1.38351e-16 -0.366383 -0.930464
vn 1.3173e-16 -0.463814 -0.885933
vn 1.23597e-16 -0.555923 -0.831234
vn 1.14045e-16 -0.641651 -0.766997
vn 1.03185e-16 -0.720016 -0.693957
vn 9.11404e-17 -0.790119 -0.612954
vn 7.80501e-17 -0.851154 -0.524916
vn 6.40641e-17 -0.902421 -0.430855
vn 4.93428e-17 -0.943332 -0.331849
vn 3.40554e-17 -0.973418 -0.229035
vn 1.83771e-17 -0.992333 -0.123593
vn 2.48787e-18 -0.99986 -0.0167318
vn -1.34299e-17 -0.995913 0.0903209
vn -2.91935e-17 -0.980536 0.196337
vn -4.46221e-17 -0.953908 0.3001
vn -5.95386e-17 -0.916332 0.400419
vn -7.37719e-17 -0.868241 0.496144
vn -8.71585e-17 -0.810185 0.586174
vn -9.9545e-17 -0.742832 0.669477
vn -1.10789e-16 -0.666955 0.745098
vn 1 -2.56791e-31 0
vn -1 2.67651e-31 -1.48691e-16
vn -0.707107 0.707107 0
vn -0.707107 0.70607 0.038282
vn -0.707107 0.697792 0.114397
vn -0.707107 0.681333 0.189171
vn -0.707107 0.656886 0.261727
vn -0.707107 0.624737 0.331215
vn -0.707107 0.585265 0.396819
vn -0.707107 0.53893 0.457771
vn -0.707107 0.486277 0.513356
vn -0.707107 0.438018 0.555104
vn -0.707107 0.427923 0.562923
vn -0.707107 0.364552 0.60589
vn -0.707107 0.296906 0.641753
vn -0.707107 0.22578 0.670092
vn -0.707107 0.152007 0.690575
vn -0.707107 0.0764517 0.702962
vn -0.707107 4.32978e-17 0.707107
vn -0.707107 -0.0764517 0.702962
vn -0.707107 -0.152007 0.690575
vn -0.707107 -0.22578 0.670092
vn -0.707107 -0.296906 0.641753
vn -0.707107 -0.364552 0.60589
vn -0.707107 -0.427923 0.562923
vn -0.707107 -0.486277 0.513356
vn -0.707107 -0.438018 0.555104
vn -0.707107 -0.53893 0.457771
vn -0.707107 -0.585265 0.396819
vn -0.707107 -0.624737 0.331215
vn -0.707107 -0.656886 0.261727
vn -0.707107 -0.681333 0.189171
vn -0.707107 -0.697792 0.114397
vn -0.707107 -0.70607 0.038282
vn -0.707107 -0.70607 -0.038282
vn -0.707107 -0.707107 8.65956e-17
vn -0.707107 -0.697792 -0.114397
vn -0.707107 -0.681333 -0.189171
vn -0.707107 -0.656886 -0.261727
vn -0.707107 -0.624737 -0.331215
vn -0.707107 -0.585265 -0.396819
vn -0.707107 -0.53893 -0.457771
vn -0.707107 -0.486277 -0.513356
vn -0.707107 -0.427923 -0.562923
vn -0.707107 -0.364552 -0.60589
vn -0.707107 -0.296906 -0.641753
vn -0.707107 -0.22578 -0.670092
vn -0.707107 -0.152007 -0.690575
vn -0.707107 -0.0764517 -0.702962
vn -0.707107 -1.29893e-16 -0.707107
vn -0.707107 0.0764517 -0.702962
vn -0.707107 0.152007 -0.690575
vn -0.707107 0.22578 -0.670092
vn -0.707107 0.296906 -0.641753
vn -0.707107 0.364552 -0.60589
vn -0.707107 0.427923 -0.562923
vn -0.707107 0.486277 -0.513356
vn -0.707107 0.53893 -0.457771
vn -0.707107 0.585265 -0.396819
vn -0.707107 0.624737 -0.331215
vn -0.707107 0.656886 -0.261727
vn -0.707107 0.681333 -0.189171
vn -0.707107 0.697792 -0.114397
vn -0.707107 0.70607 -0.038282
vn -0.707107 -0.70607 0.038282
vn -1.48691e-16 5.33085e-63 1
vn -1.47819e-16 0.108119 0.994138
vn -1.45214e-16 0.21497 0.976621
vn -1.40907e-16 0.319302 0.947653
vn -1.34948e-16 0.419889 0.907575
vn -1.27407e-16 0.515554 0.856857
vn -1.18372e-16 0.605174 0.796093
vn -1.07949e-16 0.687699 0.725995
vn -9.62602e-17 0.762162 0.647386
vn -8.34432e-17 0.827689 0.561187
vn -6.96479e-17 0.883512 0.468408
vn -5.50361e-17 0.928977 0.370138
vn -3.97789e-17 0.96355 0.267528
vn -2.40555e-17 0.986827 0.161782
vn -8.04995e-18 0.998533 0.0541389
vn 8.04995e-18 0.998533 -0.0541389
vn 0 1 6.12323e-17
vn 2.40555e-17 0.986827 -0.161782
vn 3.97789e-17 0.96355 -0.267528
vn 5.50361e-17 0.928977 -0.370138
vn 6.96479e-17 0.883512 -0.468408
vn 8.34432e-17 0.827689 -0.561187
vn 9.62602e-17 0.762162 -0.647386
vn 1.07949e-16 0.687699 -0.725995
vn 1.18372e-16 0.605174 -0.796093
vn 1.27407e-16 0.515554 -0.856857
vn 1.34948e-16 0.419889 -0.907575
vn 1.40907e-16 0.319302 -0.947653
vn 1.45214e-16 0.21497 -0.976621
vn 1.47819e-16 0.108119 -0.994138
vn 1.48691e-16 1.22465e-16 -1
vn 1.47819e-16 -0.108119 -0.994138
vn 1.45214e-16 -0.21497 -0.976621
vn 1.40907e-16 -0.319302 -0.947653
vn 1.34948e-16 -0.419889 -0.907575
vn 1.27407e-16 -0.515554 -0.856857
vn 1.18372e-16 -0.605174 -0.796093
vn 1.07949e-16 -0.687699 -0.725995
vn 9.62602e-17 -0.762162 -0.647386
vn 8.34432e-17 -0.827689 -0.561187
vn 6.96479e-17 -0.883512 -0.468408
vn 5.50361e-17 -0.928977 -0.370138
vn 3.97789e-17 -0.96355 -0.267528
vn 2.40555e-17 -0.986827 -0.161782
vn 8.04995e-18 -0.998533 -0.0541389
vn -8.04995e-18 -0.998533 0.0541389
vn 0 -1 -1.83697e-16
vn 8.04995e-18 -0.998533 -0.0541389
vn -8.04995e-18 -0.998533 0.0541389
vn -2.40555e-17 -0.986827 0.161782
vn -3.97789e-17 -0.96355 0.267528
vn -5.50361e-17 -0.928977 0.370138
vn -6.96479e-17 -0.883512 0.468408
vn -8.34432e-17 -0.827689 0.561187
vn -9.62602e-17 -0.762162 0.647386
vn -1.07949e-16 -0.687699 0.725995
vn -1.18372e-16 -0.605174 0.796093
vn -1.27407e-16 -0.515554 0.856857
vn -1.34948e-16 -0.419889 0.907575
vn -1.40907e-16 -0.319302 0.947653
vn -1.45214e-16 -0.21497 0.976621
vn -1.47819e-16 -0.108119 0.994138
vn -8.04995e-18 0.998533 0.0541389
vn 0.707107 -0.707107 0
vn 0.707107 -0.70607 0.038282
vn 0.707107 -0.697792 0.114397
vn 0.707107 -0.681333 0.189171
vn 0.707107 -0.656886 0.261727
vn 0.707107 -0.624737 0.331215
vn 0.707107 -0.585265 0.396819
vn 0.707107 -0.618718 0.342327
vn 0.707107 -0.53893 0.457771
vn 0.707107 -0.486277 0.513356
vn 0.707107 -0.427923 0.562923
vn 0.707107 -0.364552 0.60589
vn 0.707107 -0.296906 0.641753
vn 0.707107 -0.342327 0.618718
vn 0.707107 -0.22578 0.670092
vn 0.707107 -0.152007 0.690575
vn 0.707107 -0.0764517 0.702962
vn 0.707107 -4.32978e-17 0.707107
vn 0.707107 0.0764517 0.702962
vn 0.707107 0.152007 0.690575
vn 0.707107 0.22578 0.670092
vn 0.707107 0.296906 0.641753
vn 0.707107 0.342327 0.618718
vn 0.707107 0.364552 0.60589
vn 0.707107 0.427923 0.562923
vn 0.707107 0.486277 0.513356
vn 0.707107 0.53893 0.457771
vn 0.707107 0.585265 0.396819
vn 0.707107 0.618718 0.342327
vn 0.707107 0.624737 0.331215
vn 0.707107 0.656886 0.261727
vn 0.707107 0.681333 0.189171
vn 0.707107 0.697792 0.114397
vn 0.707107 0.70607 0.038282
vn 0.707107 0.70607 -0.038282
vn 0.707107 0.697792 -0.114397
vn 0.707107 0.681333 -0.189171
vn 0.707107 0.656886 -0.261727
vn 0.707107 0.624737 -0.331215
vn 0.707107 0.585265 -0.396819
vn 0.707107 0.618718 -0.342327
vn 0.707107 0.53893 -0.457771
vn 0.707107 0.486277 -0.513356
vn 0.707107 0.427923 -0.562923
vn 0.707107 0.364552 -0.60589
vn 0.707107 0.296906 -0.641753
vn 0.707107 0.342327 -0.618718
vn 0.707107 0.22578 -0.670092
vn 0.707107 0.152007 -0.690575
vn 0.707107 0.0764517 -0.702962
vn 0.707107 1.29893e-16 -0.707107
vn 0.707107 -0.0764517 -0.702962
vn 0.707107 -0.152007 -0.690575
vn 0.707107 -0.22578 -0.670092
vn 0.707107 -0.296906 -0.641753
vn 0.707107 -0.342327 -0.618718
vn 0.707107 -0.364552 -0.60589
vn 0.707107 -0.427923 -0.562923
vn 0.707107 -0.486277 -0.513356
vn 0.707107 -0.53893 -0.457771
vn 0.707107 -0.585265 -0.396819
vn 0.707107 -0.618718 -0.342327
vn 0.707107 -0.624737 -0.331215
vn 0.707107 -0.656886 -0.261727
vn 0.707107 -0.681333 -0.189171
vn 0.707107 -0.697792 -0.114397
vn 0.707107 -0.70607 -0.038282
vn 1 0 0
vn -1 2.56791e-31 0
vn 1.27822e-16 -0.510885 -0.859649
vn 1.19628e-16 -0.593892 -0.804545
vn 1.10247e-16 -0.671003 -0.741454
vn 9.97719e-17 -0.741454 -0.671003
vn 8.83061e-17 -0.804545 -0.593892
vn 7.59638e-17 -0.859649 -0.510885
vn 1 -2.56791e-31 0
vn -1 2.56791e-31 0
vn 7.59638e-17 0.859649 -0.510885
vn 8.83061e-17 0.804545 -0.593892
vn 9.97719e-17 0.741454 -0.671003
vn 1.10247e-16 0.671003 -0.741454
vn 1.19628e-16 0.593892 -0.804545
vn 1.27822e-16 0.510885 -0.859649
vn 1 -2.56791e-31 0
vn 0 0 -1
vn -1 0 0
vn 1 0 0
vn -1.27822e-16 0.510885 0.859649
vn -1.19628e-16 0.593892 0.804545
vn -1.10247e-16 0.671003 0.741454
vn -9.97719e-17 0.741454 0.671003
vn -8.83061e-17 0.804545 0.593892
vn -7.59638e-17 0.859649 0.510885
vn 1 -2.56791e-31 0
vn 0 1 0
vn -1 0 0
vn -7.59638e-17 -0.859649 0.510885
vn -8.83061e-17 -0.804545 0.593892
vn -9.97719e-17 -0.741454 0.671003
vn -1.10247e-16 -0.671003 0.741454
vn -1.19628e-16 -0.593892 0.804545
vn -1.27822e-16 -0.510885 0.859649
vn 1 -2.56791e-31 0
vn 0 -1 0
vn -1 0 0
vn 0 0 1
vn -0.707107 0.707107 0
vn -0.707107 0.70607 0.038282
vn -0.707107 0.697792 0.114397
vn -0.707107 0.681333 0.189171
vn -0.707107 0.656886 0.261727
vn -0.707107 0.624737 0.331215
vn -0.707107 0.585265 0.396819
vn -0.707107 0.618718 0.342327
vn -0.707107 0.53893 0.457771
vn -0.707107 0.486277 0.513356
vn -0.707107 0.427923 0.562923
vn -0.707107 0.364552 0.60589
vn -0.707107 0.296906 0.641753
vn -0.707107 0.342327 0.618718
vn -0.707107 0.22578 0.670092
vn -0.707107 0.152007 0.690575
vn -0.707107 0.0764517 0.702962
vn -0.707107 4.32978e-17 0.707107
vn -0.707107 -0.0764517 0.702962
vn -0.707107 -0.152007 0.690575
vn -0.707107 -0.22578 0.670092
vn -0.707107 -0.296906 0.641753
vn -0.707107 -0.342327 0.618718
vn -0.707107 -0.364552 0.60589
vn -0.707107 -0.427923 0.562923
vn -0.707107 -0.486277 0.513356
vn -0.707107 -0.53893 0.457771
vn -0.707107 -0.585265 0.396819
vn -0.707107 -0.618718 0.342327
vn -0.707107 -0.624737 0.331215
vn -0.707107 -0.656886 0.261727
vn -0.707107 -0.681333 0.189171
vn -0.707107 -0.697792 0.114397
vn -0.707107 -0.70607 0.038282
vn -0.707107 -0.70607 -0.038282
vn -0.707107 -0.707107 8.65956e-17
vn -0.707107 -0.697792 -0.114397
vn -0.707107 -0.681333 -0.189171
vn -0.707107 -0.656886 -0.261727
vn -0.707107 -0.624737 -0.331215
vn -0.707107 -0.585265 -0.396819
vn -0.707107 -0.618718 -0.342327
vn -0.707107 -0.53893 -0.457771
vn -0.707107 -0.486277 -0.513356
vn -0.707107 -0.427923 -0.562923
vn -0.707107 -0.364552 -0.60589
vn -0.707107 -0.296906 -0.641753
vn -0.707107 -0.342327 -0.618718
vn -0.707107 -0.22578 -0.670092
vn -0.707107 -0.152007 -0.690575
vn -0.707107 -0.0764517 -0.702962
vn -0.707107 -1.29893e-16 -0.707107
vn -0.707107 0.0764517 -0.702962
vn -0.707107 0.152007 -0.690575
vn -0.707107 0.22578 -0.670092
vn -0.707107 0.296906 -0.641753
vn -0.707107 0.342327 -0.618718
vn -0.707107 0.364552 -0.60589
vn -0.707107 0.427923 -0.562923
vn -0.707107 0.486277 -0.513356
vn -0.707107 0.53893 -0.457771
vn -0.707107 0.585265 -0.396819
vn -0.707107 0.618718 -0.342327
vn -0.707107 0.624737 -0.331215
vn -0.707107 0.656886 -0.261727
vn -0.707107 0.681333 -0.189171
vn -0.707107 0.697792 -0.114397
vn -0.707107 0.70607 -0.038282
vn -0.707107 -0.70607 0.038282
vn -1.48691e-16 5.33085e-63 1
vn -1.47819e-16 0.108119 0.994138
vn -1.45214e-16 0.21497 0.976621
vn -1.40907e-16 0.319302 0.947653
vn -1.34948e-16 0.419889 0.907575
vn -1.27407e-16 0.515554 0.856857
vn -1.18372e-16 0.605174 0.796093
vn -1.07949e-16 0.687699 0.725995
vn -9.62602e-17 0.762162 0.647386
vn -8.34432e-17 0.827689 0.561187
vn -6.96479e-17 0.883512 0.468408
vn -5.50361e-17 0.928977 0.370138
vn -3.97789e-17 0.96355 0.267528
vn -2.40555e-17 0.986827 0.161782
vn -8.04995e-18 0.998533 0.0541389
vn 8.04995e-18 0.998533 -0.0541389
vn 0 1 -1.60812e-16
vn 2.40555e-17 0.986827 -0.161782
vn 3.97789e-17 0.96355 -0.267528
vn 5.50361e-17 0.928977 -0.370138
vn 6.96479e-17 0.883512 -0.468408
vn 8.34432e-17 0.827689 -0.561187
vn 9.62602e-17 0.762162 -0.647386
vn 1.07949e-16 0.687699 -0.725995
vn 1.18372e-16 0.605174 -0.796093
vn 1.27407e-16 0.515554 -0.856857
vn 1.34948e-16 0.419889 -0.907575
vn 1.40907e-16 0.319302 -0.947653
vn 1.45214e-16 0.21497 -0.976621
vn 1.47819e-16 0.108119 -0.994138
vn 1.48691e-16 1.22465e-16 -1
vn 1.47819e-16 -0.108119 -0.994138
vn 1.45214e-16 -0.21497 -0.976621
vn 1.40907e-16 -0.319302 -0.947653
vn 1.34948e-16 -0.419889 -0.907575
vn 1.27407e-16 -0.515554 -0.856857
vn 1.18372e-16 -0.605174 -0.796093
vn 1.07949e-16 -0.687699 -0.725995
vn 9.62602e-17 -0.762162 -0.647386
vn 8.34432e-17 -0.827689 -0.561187
vn 6.96479e-17 -0.883512 -0.468408
vn 5.50361e-17 -0.928977 -0.370138
vn 3.97789e-17 -0.96355 -0.267528
vn 2.40555e-17 -0.986827 -0.161782
vn 8.04995e-18 -0.998533 -0.0541389
vn -8.04995e-18 -0.998533 0.0541389
vn 0 -1 -1.83697e-16
vn -2.40555e-17 -0.986827 0.161782
vn -3.97789e-17 -0.96355 0.267528
vn -5.50361e-17 -0.928977 0.370138
vn -6.96479e-17 -0.883512 0.468408
vn -8.34432e-17 -0.827689 0.561187
vn -9.62602e-17 -0.762162 0.647386
vn -1.07949e-16 -0.687699 0.725995
vn -1.18372e-16 -0.605174 0.796093
vn -1.27407e-16 -0.515554 0.856857
vn -1.34948e-16 -0.419889 0.907575
vn -1.40907e-16 -0.319302 0.947653
vn -1.45214e-16 -0.21497 0.976621
vn -1.47819e-16 -0.108119 0.994138
vn 8.04995e-18 -0.998533 -0.0541389
vn -8.04995e-18 0.998533 0.0541389
vn -1 5.55112e-17 2.22045e-16
vn 1.31562e-16 0.933266 0.359185
vn 1.13829e-16 0.962277 0.272072
vn 9.51372e-17 0.983175 0.182666
vn 7.5643e-17 0.995785 0.0917196
vn 5.55112e-17 1 6.12323e-17
vn 3.49113e-17 0.995785 -0.0917196
vn 1.40172e-17 0.983175 -0.182666
vn -6.9951e-18 0.962277 -0.272072
vn -2.79484e-17 0.933266 -0.359185
vn -2.22045e-16 1.05876e-15 -1
vn -2.26487e-16 -0.100115 -0.994976
vn -2.40934e-16 -0.0501207 -0.998743
vn -2.28653e-16 -0.199225 -0.979954
vn -2.40934e-16 -0.100115 -0.994976
vn -2.40934e-16 -0.149859 -0.988707
vn -2.28521e-16 -0.296333 -0.955085
vn -2.40934e-16 -0.199225 -0.979954
vn -1.92747e-16 -0.248091 -0.968737
vn -2.26093e-16 -0.390462 -0.920619
vn -1.92747e-16 -0.341558 -0.939861
vn -1.92747e-16 -0.386007 -0.922496
vn -1.92747e-16 -0.296333 -0.955085
vn -2.21394e-16 -0.480669 -0.876902
vn -1.92747e-16 -0.390454 -0.920623
vn -2.40934e-16 -0.473998 -0.880526
vn -2.1447e-16 -0.566045 -0.824374
vn -2.40934e-16 -0.480669 -0.876902
vn -2.40934e-16 -0.559306 -0.828961
vn -2.0539e-16 -0.645734 -0.763562
vn -2.40934e-16 -0.566045 -0.824374
vn -1.92747e-16 -0.640665 -0.76782
vn -1.94247e-16 -0.718934 -0.695078
vn -1.92747e-16 -0.645734 -0.763562
vn -1.92747e-16 -0.716877 -0.697199
vn -1.81152e-16 -0.78491 -0.619609
vn -1.92747e-16 -0.718934 -0.695078
vn -1.66237e-16 -0.842999 -0.537915
vn -9.63735e-17 -0.78491 -0.619609
vn -9.63735e-17 -0.786693 -0.617345
vn -1.49651e-16 -0.892617 -0.450815
vn -9.63735e-17 -0.842999 -0.537915
vn -9.63735e-17 -0.849022 -0.528357
vn -1.31562e-16 -0.933266 -0.359185
vn -1.92747e-16 -0.892617 -0.450815
vn -1.92747e-16 -0.902626 -0.430426
vn -1.31562e-16 -0.933266 -0.359185
vn -1.13829e-16 -0.962277 -0.272072
vn -9.51372e-17 -0.983175 -0.182666
vn -7.5643e-17 -0.995785 -0.0917196
vn -5.55112e-17 -1 -1.83697e-16
vn -3.49113e-17 -0.995785 0.0917196
vn -1.40172e-17 -0.983175 0.182666
vn 6.9951e-18 -0.962277 0.272072
vn 2.79484e-17 -0.933266 0.359185
vn 2.22045e-16 2.51525e-48 1
vn 2.26487e-16 0.100115 0.994976
vn 2.40934e-16 0.0501207 0.998743
vn 2.28653e-16 0.199225 0.979954
vn 2.40934e-16 0.100115 0.994976
vn 2.40934e-16 0.149859 0.988707
vn 2.28521e-16 0.296333 0.955085
vn 2.40934e-16 0.199225 0.979954
vn 1.92747e-16 0.248091 0.968737
vn 2.26093e-16 0.390462 0.920619
vn 1.92747e-16 0.341558 0.939861
vn 1.92747e-16 0.386007 0.922496
vn 1.92747e-16 0.296333 0.955085
vn 2.21394e-16 0.480669 0.876902
vn 1.92747e-16 0.390454 0.920623
vn 2.40934e-16 0.473998 0.880526
vn 2.1447e-16 0.566045 0.824374
vn 2.40934e-16 0.480669 0.876902
vn 2.40934e-16 0.559306 0.828961
vn 2.0539e-16 0.645734 0.763562
vn 2.40934e-16 0.566045 0.824374
vn 1.92747e-16 0.640665 0.76782
vn 1.94247e-16 0.718934 0.695078
vn 1.92747e-16 0.645734 0.763562
vn 1.92747e-16 0.716877 0.697199
vn 1.81152e-16 0.78491 0.619609
vn 1.92747e-16 0.718934 0.695078
vn 1.66237e-16 0.842999 0.537915
vn 9.63735e-17 0.78491 0.619609
vn 9.63735e-17 0.786693 0.617345
vn 1.49651e-16 0.892617 0.450815
vn 9.63735e-17 0.842999 0.537915
vn 9.63735e-17 0.849022 0.528357
vn 1.31562e-16 0.933266 0.359185
vn 1.92747e-16 0.892617 0.450815
vn 1.92747e-16 0.902626 0.430426
vn 1.31562e-16 0.933266 0.359185
vn -2.79484e-17 0.933266 -0.359185
vn -5.05508e-17 0.892617 -0.450815
vn -7.26452e-17 0.842999 -0.537915
vn -9.40097e-17 0.78491 -0.619609
vn -1.92747e-16 0.732454 -0.680817
vn -1.92747e-16 0.718937 -0.695075
vn -1.92747e-16 0.745758 -0.666217
vn -9.63735e-17 0.773334 -0.633999
vn -1.33699e-16 0.645734 -0.763562
vn -1.92747e-16 0.717292 -0.696773
vn -1.92747e-16 0.689455 -0.724328
vn -1.92747e-16 0.658281 -0.752772
vn -1.14429e-16 0.718934 -0.695078
vn -1.92747e-16 0.56764 -0.823277
vn -1.92747e-16 0.566049 -0.824372
vn -1.92747e-16 0.597919 -0.801556
vn -1.92747e-16 0.578767 -0.815493
vn -1.92747e-16 0.644473 -0.764627
vn -1.92747e-16 0.626913 -0.779089
vn -1.92747e-16 0.645733 -0.763563
vn -1.51626e-16 0.566045 -0.824374
vn -1.4456e-16 0.507648 -0.861565
vn -1.4456e-16 0.480669 -0.876902
vn -1.4456e-16 0.537497 -0.843266
vn -1.4456e-16 0.530206 -0.847869
vn -1.68029e-16 0.480669 -0.876902
vn -1.4456e-16 0.436114 -0.899892
vn -1.92747e-16 0.390462 -0.920619
vn -1.92747e-16 0.34383 -0.939032
vn -1.92747e-16 0.296333 -0.955085
vn -1.92747e-16 0.248091 -0.968737
vn -2.40934e-16 0.199225 -0.979954
vn -2.40934e-16 0.149859 -0.988707
vn -2.40934e-16 0.100115 -0.994976
vn -2.40934e-16 0.0501207 -0.998743
vn -2.22045e-16 1.22465e-16 -1
vn 0.707107 7.09403e-16 -0.707107
vn 0.707107 -3.92523e-17 0.707107
vn 2.79484e-17 -0.933266 0.359185
vn 5.05508e-17 -0.892617 0.450815
vn 7.26452e-17 -0.842999 0.537915
vn 9.40097e-17 -0.78491 0.619609
vn 1.92747e-16 -0.732454 0.680817
vn 1.92747e-16 -0.718937 0.695075
vn 1.92747e-16 -0.745758 0.666217
vn 9.63735e-17 -0.773334 0.633999
vn 1.33699e-16 -0.645734 0.763562
vn 1.92747e-16 -0.717292 0.696773
vn 1.92747e-16 -0.689455 0.724328
vn 1.92747e-16 -0.658281 0.752772
vn 1.14429e-16 -0.718934 0.695078
vn 1.92747e-16 -0.56764 0.823277
vn 1.92747e-16 -0.566049 0.824372
vn 1.92747e-16 -0.597919 0.801556
vn 1.92747e-16 -0.578767 0.815493
vn 1.92747e-16 -0.644473 0.764627
vn 1.92747e-16 -0.626913 0.779089
vn 1.92747e-16 -0.645733 0.763563
vn 1.51626e-16 -0.566045 0.824374
vn 1.4456e-16 -0.507648 0.861565
vn 1.4456e-16 -0.480669 0.876902
vn 1.4456e-16 -0.537497 0.843266
vn 1.4456e-16 -0.530206 0.847869
vn 1.68029e-16 -0.480669 0.876902
vn 1.4456e-16 -0.436114 0.899892
vn 1.92747e-16 -0.390462 0.920619
vn 1.92747e-16 -0.34383 0.939032
vn 1.92747e-16 -0.296333 0.955085
vn 1.92747e-16 -0.248091 0.968737
vn 2.40934e-16 -0.199225 0.979954
vn 2.40934e-16 -0.149859 0.988707
vn 2.40934e-16 -0.100115 0.994976
vn 2.40934e-16 -0.0501207 0.998743
vn 2.22045e-16 -2.37579e-48 1
vn 2.79484e-17 -0.933266 0.359185
vn 0.735102 0.593599 0.327515
vn 0.722061 0.62759 0.291134
vn 0.707107 0.659919 0.253982
vn 0.716927 0.639356 0.277922
vn 0.735105 0.593588 0.327526
vn 0.755312 0.520993 0.397579
vn 0.746195 0.558035 0.363028
vn 0.739753 0.579625 0.341761
vn 0.755315 0.520983 0.397589
vn 0.767525 0.442871 0.463434
vn 0.762429 0.482571 0.431077
vn 0.756925 0.513274 0.404492
vn 0.767525 0.442867 0.463437
vn 0.770588 0.401997 0.494562
vn 0.77161 0.360059 0.524381
vn 0.76774 0.440722 0.465124
vn 0.771607 0.362474 0.522719
vn 0.77161 0.360064 0.524377
vn 0.770588 0.317167 0.55281
vn 0.767525 0.273434 0.579775
vn 0.768033 0.279103 0.576391
vn 0.762429 0.228977 0.605204
vn 0.756599 0.191235 0.62529
vn 0.755312 0.183914 0.62903
vn 0.736935 0.0995263 0.668597
vn 0.746195 0.138364 0.65119
vn 0.735102 0.0924465 0.671624
vn 0.708671 0.00458175 0.705525
vn 0.722061 0.0462846 0.69028
vn 0.707107 5.05961e-16 0.707107
vn 0.707107 0.659919 0.253982
vn 0.735102 -0.593599 -0.327515
vn 0.722061 -0.62759 -0.291134
vn 0.707107 -0.659919 -0.253982
vn 0.716927 -0.639356 -0.277922
vn 0.735105 -0.593588 -0.327526
vn 0.755312 -0.520993 -0.397579
vn 0.746195 -0.558035 -0.363028
vn 0.739753 -0.579625 -0.341761
vn 0.755315 -0.520983 -0.397589
vn 0.767525 -0.442871 -0.463434
vn 0.762429 -0.482571 -0.431077
vn 0.756925 -0.513274 -0.404492
vn 0.767525 -0.442867 -0.463437
vn 0.770588 -0.401997 -0.494562
vn 0.77161 -0.360059 -0.524381
vn 0.76774 -0.440722 -0.465124
vn 0.771607 -0.362474 -0.522719
vn 0.77161 -0.360064 -0.524377
vn 0.770588 -0.317167 -0.55281
vn 0.767525 -0.273434 -0.579775
vn 0.768033 -0.279103 -0.576391
vn 0.762429 -0.228977 -0.605204
vn 0.756599 -0.191235 -0.62529
vn 0.755312 -0.183914 -0.62903
vn 0.736935 -0.0995263 -0.668597
vn 0.746195 -0.138364 -0.65119
vn 0.735102 -0.0924465 -0.671624
vn 0.708671 -0.00458175 -0.705525
vn 0.722061 -0.0462846 -0.69028
vn 0.707107 -8.91455e-16 -0.707107
vn 0.707107 -0.659919 -0.253982
vn 0.724751 -0.53983 0.428158
vn 0.723849 -0.530237 0.441465
vn 0.707107 -0.586743 0.39463
vn 0.707103 -0.596083 0.380383
vn 0.736489 -0.470727 0.485798
vn 0.744956 -0.40855 0.527378
vn 0.738077 -0.479609 0.474571
vn 0.749201 -0.344057 0.56597
vn 0.747005 -0.416531 0.518155
vn 0.749201 -0.277615 0.601354
vn 0.751483 -0.350971 0.558653
vn 0.744956 -0.209599 0.633331
vn 0.751483 -0.283319 0.595822
vn 0.736489 -0.140396 0.661719
vn 0.747005 -0.21398 0.629441
vn 0.723849 -0.0703976 0.686358
vn 0.738077 -0.143366 0.659309
vn 0.707107 0 0.707107
vn 0.707107 -0.596834 0.379195
vn 0.706539 -0.630613 0.321139
vn 0.731138 -0.593389 0.33664
vn 0.749331 -0.530024 0.39696
vn 0.761541 -0.462427 0.45411
vn 0.767671 -0.391137 0.507634
vn 0.767671 -0.316725 0.557106
vn 0.761541 -0.239783 0.602128
vn 0.724751 -0.071897 0.685249
vn 0.749331 -0.160927 0.642343
vn 0.731138 -0.0807861 0.67743
vn 0.707107 0 0.707107
vn 0.707107 -0.652016 0.273632
vn 0.706989 -0.659846 0.2545
vn 0.735121 -0.616566 0.281859
vn 0.75636 -0.552544 0.350163
vn 0.77063 -0.48343 0.415241
vn 0.777798 -0.409861 0.476492
vn 0.777798 -0.332516 0.533352
vn 0.77063 -0.252106 0.585297
vn 0.75636 -0.169372 0.631848
vn 0.707107 0 0.707107
vn 0.707107 -0.674905 0.210957
vn 0.735826 -0.635083 0.23501
vn 0.738012 -0.62946 0.243144
vn 0.708047 -0.678451 0.195892
vn 0.7071 -0.677492 0.202519
vn 0.707107 -0.679642 0.19516
vn 0.729748 -0.649913 0.212324
vn 0.749595 -0.594884 0.290208
vn 0.759039 -0.559644 0.332653
vn 0.763981 -0.53674 0.358109
vn 0.771522 -0.491832 0.403554
vn 0.761078 -0.550531 0.343039
vn 0.776638 -0.444264 0.446612
vn 0.779173 -0.393863 0.487607
vn 0.779169 -0.351138 0.519228
vn 0.778666 -0.411276 0.473847
vn 0.778664 -0.333714 0.531335
vn 0.776708 -0.300222 0.553707
vn 0.771425 -0.247551 0.586193
vn 0.763011 -0.192923 0.616924
vn 0.772243 -0.254036 0.582329
vn 0.747099 -0.120498 0.653699
vn 0.735121 -0.0850782 0.672576
vn 0.760419 -0.179191 0.624222
vn 0.738039 -0.0877217 0.669032
vn 0.729574 -0.0607436 0.681199
vn 0.716523 -0.0465581 0.696008
vn 0.719197 -0.0613968 0.692089
vn 0.707107 0 0.707107
vn 0.728207 -0.12008 0.674756
vn 0.728635 -0.12335 0.673703
vn 0.731439 -0.146503 0.665983
vn 0.735254 -0.185584 0.651889
vn 0.738808 -0.245398 0.627648
vn 0.739571 -0.284025 0.610216
vn 0.739384 -0.309696 0.597829
vn 0.739559 -0.281456 0.61142
vn 0.736364 -0.373887 0.563894
vn 0.730355 -0.431103 0.529841
vn 0.725628 -0.462414 0.509547
vn 0.720565 -0.489871 0.490727
vn 0.729891 -0.434514 0.52769
vn 0.706999 -0.554653 0.438763
vn 0.707107 -0.54683 0.448305
vn 0.707107 3.15902e-15 0.707107
vn 0.724751 0.53983 -0.428158
vn 0.723849 0.530237 -0.441465
vn 0.707107 0.586743 -0.39463
vn 0.707103 0.596083 -0.380383
vn 0.736489 0.470727 -0.485798
vn 0.744956 0.40855 -0.527378
vn 0.738077 0.479609 -0.474571
vn 0.749201 0.344057 -0.56597
vn 0.747005 0.416531 -0.518155
vn 0.749201 0.277615 -0.601354
vn 0.751483 0.350971 -0.558653
vn 0.744956 0.209599 -0.633331
vn 0.751483 0.283319 -0.595822
vn 0.736489 0.140396 -0.661719
vn 0.747005 0.21398 -0.629441
vn 0.723849 0.0703976 -0.686358
vn 0.738077 0.143366 -0.659309
vn 0.707107 1.38778e-15 -0.707107
vn 0.707107 0.596834 -0.379195
vn 0.706539 0.630613 -0.321139
vn 0.731138 0.593389 -0.33664
vn 0.749331 0.530024 -0.39696
vn 0.761541 0.462427 -0.45411
vn 0.767671 0.391137 -0.507634
vn 0.767671 0.316725 -0.557106
vn 0.761541 0.239783 -0.602128
vn 0.724751 0.071897 -0.685249
vn 0.749331 0.160927 -0.642343
vn 0.731138 0.0807861 -0.67743
vn 0.707107 1.38778e-15 -0.707107
vn 0.707107 0.652016 -0.273632
vn 0.706989 0.659846 -0.2545
vn 0.735121 0.616566 -0.281859
vn 0.75636 0.552544 -0.350163
vn 0.77063 0.48343 -0.415241
vn 0.777798 0.409861 -0.476492
vn 0.777798 0.332516 -0.533352
vn 0.77063 0.252106 -0.585297
vn 0.75636 0.169372 -0.631848
vn 0.707107 1.38778e-15 -0.707107
vn 0.707107 0.674905 -0.210957
vn 0.735826 0.635083 -0.23501
vn 0.738012 0.62946 -0.243144
vn 0.708047 0.678451 -0.195892
vn 0.7071 0.677492 -0.202519
vn 0.707107 0.679642 -0.19516
vn 0.729748 0.649913 -0.212324
vn 0.749595 0.594884 -0.290208
vn 0.759039 0.559644 -0.332653
vn 0.763981 0.53674 -0.358109
vn 0.771522 0.491832 -0.403554
vn 0.761078 0.550531 -0.343039
vn 0.776638 0.444264 -0.446612
vn 0.779173 0.393863 -0.487607
vn 0.779169 0.351138 -0.519228
vn 0.778666 0.411276 -0.473847
vn 0.778664 0.333714 -0.531335
vn 0.776708 0.300222 -0.553707
vn 0.771425 0.247551 -0.586193
vn 0.763011 0.192923 -0.616924
vn 0.772243 0.254036 -0.582329
vn 0.747099 0.120498 -0.653699
vn 0.735121 0.0850782 -0.672576
vn 0.760419 0.179191 -0.624222
vn 0.738039 0.0877217 -0.669032
vn 0.729574 0.0607436 -0.681199
vn 0.716523 0.0465581 -0.696008
vn 0.719197 0.0613968 -0.692089
vn 0.707107 1.38778e-15 -0.707107
vn 0.728207 0.12008 -0.674756
vn 0.728635 0.12335 -0.673703
vn 0.731439 0.146503 -0.665983
vn 0.735254 0.185584 -0.651889
vn 0.738808 0.245398 -0.627648
vn 0.739571 0.284025 -0.610216
vn 0.739384 0.309696 -0.597829
vn 0.739559 0.281456 -0.61142
vn 0.736364 0.373887 -0.563894
vn 0.730355 0.431103 -0.529841
vn 0.725628 0.462414 -0.509547
vn 0.720565 0.489871 -0.490727
vn 0.729891 0.434514 -0.52769
vn 0.706999 0.554653 -0.438763
vn 0.707107 0.54683 -0.448305
vn 0.707107 2.74697e-15 -0.707107
vn -1.69486e-16 -0.831583 -0.5554
vn 0 -0.879697 -0.475535
vn 0 -0.88497 -0.465648
vn -2.16799e-16 -0.831583 -0.5554
vn 0 -0.928706 -0.370817
vn 0 -0.946695 -0.32213
vn 0 -0.962313 -0.271943
vn 0 -0.975096 -0.221785
vn 0 -0.985426 -0.170103
vn 0 -0.993331 -0.115301
vn 0 -0.997793 -0.0664081
vn 0 -0.999896 -0.0144062
vn 0 -0.999277 0.0380112
vn 0 -0.995959 0.0898049
vn 0 -0.989864 0.142016
vn 0 -0.972123 0.234471
vn 0 -0.969656 0.244472
vn 0 -0.982091 0.18841
vn 2.43235e-17 -0.938874 0.344262
vn 4.56923e-19 -0.969656 0.244472
vn 0 -0.955594 0.294688
vn 2.43235e-17 -0.938874 0.344262
vn 1.68421e-16 0.835393 0.549653
vn 0 0.881416 0.472341
vn 0 0.888621 0.458642
vn 2.11999e-16 0.835393 0.549653
vn 0 0.931971 0.362533
vn 0 0.949688 0.313199
vn 0 0.964961 0.262393
vn 0 0.977354 0.211611
vn 0 0.987225 0.15933
vn 9.01818e-17 0.987224 0.159337
vn 0 0.992728 0.12038
vn 0 0.998513 0.054509
vn 0 0.999998 0.00197093
vn 0 0.998702 -0.0509246
vn 0 0.994663 -0.103179
vn 0 0.98779 -0.155792
vn 0 0.975012 -0.222151
vn 0 0.965897 -0.258928
vn 0 0.950927 -0.309414
vn -2.79484e-17 0.933266 -0.359185
vn 0.707107 0.659919 0.253982
vn 1.31562e-16 0.933266 0.359185
vn 1.10672e-16 0.966463 0.256807
vn 0 0.951307 0.308246
vn 0 0.933266 0.359185
vn 8.85005e-17 0.988464 0.151455
vn 0 0.966463 0.256807
vn 0 0.978891 0.204385
vn 6.53038e-17 0.999016 0.0443482
vn 0 0.988464 0.151455
vn 0 0.997922 0.0644282
vn 4.13507e-17 0.997996 -0.0632722
vn 0 0.999016 0.0443482
vn 0 0.999953 -0.00973258
vn 1.69185e-17 0.985416 -0.17016
vn 0 0.997996 -0.0632722
vn 0 0.993136 -0.116968
vn -7.70954e-18 0.961422 -0.275076
vn 0 0.985416 -0.17016
vn 0 0.974782 -0.223161
vn -3.22483e-17 0.926292 -0.376807
vn 0 0.961422 -0.275076
vn 0 0.938934 -0.344096
vn -5.64136e-17 0.880432 -0.474172
vn 0 0.926292 -0.376807
vn -7.99254e-17 0.824374 -0.566045
vn 0 0.880432 -0.474172
vn -1.02511e-16 0.758767 -0.651362
vn 0 0.824374 -0.566045
vn -1.2391e-16 0.684371 -0.729134
vn 0 0.758767 -0.651362
vn 0 0.736807 -0.676103
vn -1.43873e-16 0.602048 -0.79846
vn 0 0.684371 -0.729134
vn -1.6217e-16 0.512751 -0.858537
vn 0 0.602048 -0.79846
vn -1.78589e-16 0.417515 -0.90867
vn 0 0.512751 -0.858537
vn -1.92938e-16 0.317443 -0.948277
vn 0 0.417515 -0.90867
vn 0 0.386456 -0.922308
vn -2.05053e-16 0.213694 -0.976901
vn 0 0.317443 -0.948277
vn -2.14793e-16 0.107469 -0.994208
vn -4.33681e-16 0.213694 -0.976901
vn -2.22045e-16 -9.71331e-14 -1
vn -4.33681e-16 0.107469 -0.994208
vn 0.707107 -2.60209e-14 -0.707107
vn 0.755828 0.0721265 -0.650785
vn 0.732452 0.0361118 -0.67986
vn 0.796426 0.143478 -0.587469
vn 0.777172 0.107947 -0.61996
vn 0.828464 0.213287 -0.517838
vn 0.813539 0.178622 -0.553398
vn 0.851597 0.280804 -0.442642
vn 0.841161 0.247378 -0.480887
vn 0.865577 0.345302 -0.362688
vn 0.859743 0.313474 -0.403207
vn 0.870254 0.406089 -0.278836
vn 0.869084 0.376202 -0.321194
vn 0.869084 0.434885 -0.235728
vn 0.865573 0.462535 -0.191949
vn 0.865577 0.462512 -0.191987
vn 0.859743 0.488895 -0.147729
vn 0.860212 0.487146 -0.150745
vn 0.857575 0.496443 -0.134568
vn 0.854291 0.50656 -0.116549
vn 0.862278 0.478826 -0.164929
vn 0.851597 0.513963 -0.103074
vn 0.851597 0.513963 -0.103074
vn 0.841161 0.53765 -0.0581421
vn 0.8399 0.54012 -0.0532831
vn 0.833449 0.551791 -0.029834
vn 0.850287 0.517329 -0.0968631
vn 0.845505 0.528574 -0.0757032
vn 0.828464 0.559891 -0.0130533
vn 0.828464 0.55989 -0.0130537
vn 0.813539 0.580626 0.0320698
vn 0.809172 0.585911 0.0441339
vn 0.799639 0.596495 0.0690807
vn 0.818041 0.574842 0.0191436
vn 0.826153 0.563419 -0.00560416
vn 0.796426 0.5998 0.0771067
vn 0.796426 0.5998 0.0771071
vn 0.755828 0.633263 0.166439
vn 0.777172 0.617361 0.121937
vn 0.768442 0.624257 0.14071
vn 0.763129 0.62818 0.151737
vn 0.773793 0.620101 0.129306
vn 0.779102 0.615755 0.117667
vn 0.784392 0.611188 0.105727
vn 0.789563 0.606475 0.093691
vn 0.757796 0.631926 0.162525
vn 0.755828 0.633263 0.166439
vn 0.728369 0.649656 0.217773
vn 0.707107 0.659919 0.253982
vn 0.737505 0.644635 0.201325
vn 0.732844 0.647247 0.20979
vn 0.742378 0.641789 0.192307
vn 0.7474 0.638725 0.182822
vn 0.707107 0.659919 0.253982
vn 0.732452 0.647461 0.210494
vn 0.707107 3.90313e-15 -0.707107
vn -2.22045e-16 0 -1
vn 0.707107 -0.659919 -0.253982
vn -1.31562e-16 -0.933266 -0.359185
vn -1.10672e-16 -0.966463 -0.256807
vn 0 -0.951307 -0.308246
vn 0 -0.933266 -0.359185
vn -8.85005e-17 -0.988464 -0.151455
vn 0 -0.966463 -0.256807
vn 0 -0.978891 -0.204385
vn -6.53038e-17 -0.999016 -0.0443482
vn 0 -0.988464 -0.151455
vn 0 -0.997922 -0.0644282
vn -4.13507e-17 -0.997996 0.0632722
vn 0 -0.999016 -0.0443482
vn 0 -0.999953 0.00973258
vn -1.69185e-17 -0.985416 0.17016
vn 0 -0.997996 0.0632722
vn 0 -0.993136 0.116968
vn 7.70954e-18 -0.961422 0.275076
vn 0 -0.985416 0.17016
vn 0 -0.974782 0.223161
vn 3.22483e-17 -0.926292 0.376807
vn 0 -0.961422 0.275076
vn 0 -0.938934 0.344096
vn 5.64136e-17 -0.880432 0.474172
vn 0 -0.926292 0.376807
vn 7.99254e-17 -0.824374 0.566045
vn 0 -0.880432 0.474172
vn 1.02511e-16 -0.758767 0.651362
vn 0 -0.824374 0.566045
vn 1.2391e-16 -0.684371 0.729134
vn 0 -0.758767 0.651362
vn 0 -0.736807 0.676103
vn 1.43873e-16 -0.602048 0.79846
vn 0 -0.684371 0.729134
vn 1.6217e-16 -0.512751 0.858537
vn 0 -0.602048 0.79846
vn 1.78589e-16 -0.417515 0.90867
vn 0 -0.512751 0.858537
vn 1.92938e-16 -0.317443 0.948277
vn 0 -0.417515 0.90867
vn 0 -0.386456 0.922308
vn 2.05053e-16 -0.213694 0.976901
vn 0 -0.317443 0.948277
vn 2.14793e-16 -0.107469 0.994208
vn 4.33681e-16 -0.213694 0.976901
vn 2.22045e-16 4.14995e-14 1
vn 4.33681e-16 -0.107469 0.994208
vn 0.707107 3.42608e-14 0.707107
vn 0.755828 -0.0721265 0.650785
vn 0.732452 -0.0361118 0.67986
vn 0.796426 -0.143478 0.587469
vn 0.777172 -0.107947 0.61996
vn 0.828464 -0.213287 0.517838
vn 0.813539 -0.178622 0.553398
vn 0.851597 -0.280804 0.442642
vn 0.841161 -0.247378 0.480887
vn 0.865577 -0.345302 0.362688
vn 0.859743 -0.313474 0.403207
vn 0.870254 -0.406089 0.278836
vn 0.869084 -0.376202 0.321194
vn 0.869084 -0.434885 0.235728
vn 0.865573 -0.462535 0.191949
vn 0.865577 -0.462512 0.191987
vn 0.859743 -0.488895 0.147729
vn 0.860212 -0.487146 0.150745
vn 0.857575 -0.496443 0.134568
vn 0.854291 -0.50656 0.116549
vn 0.862278 -0.478826 0.164929
vn 0.851597 -0.513963 0.103074
vn 0.851597 -0.513963 0.103074
vn 0.841161 -0.53765 0.0581421
vn 0.8399 -0.54012 0.0532831
vn 0.833449 -0.551791 0.029834
vn 0.850287 -0.517329 0.0968631
vn 0.845505 -0.528574 0.0757032
vn 0.828464 -0.559891 0.0130533
vn 0.828464 -0.55989 0.0130537
vn 0.813539 -0.580626 -0.0320698
vn 0.809172 -0.585911 -0.0441339
vn 0.799639 -0.596495 -0.0690807
vn 0.818041 -0.574842 -0.0191436
vn 0.826153 -0.563419 0.00560416
vn 0.796426 -0.5998 -0.0771067
vn 0.796426 -0.5998 -0.0771071
vn 0.755828 -0.633263 -0.166439
vn 0.777172 -0.617361 -0.121937
vn 0.768442 -0.624257 -0.14071
vn 0.763129 -0.62818 -0.151737
vn 0.773793 -0.620101 -0.129306
vn 0.779102 -0.615755 -0.117667
vn 0.784392 -0.611188 -0.105727
vn 0.789563 -0.606475 -0.093691
vn 0.757796 -0.631926 -0.162525
vn 0.755828 -0.633263 -0.166439
vn 0.728369 -0.649656 -0.217773
vn 0.707107 -0.659919 -0.253982
vn 0.737505 -0.644635 -0.201325
vn 0.732844 -0.647247 -0.20979
vn 0.742378 -0.641789 -0.192307
vn 0.7474 -0.638725 -0.182822
vn 0.707107 -0.659919 -0.253982
vn 0.732452 -0.647461 -0.210494
vn 0.707107 6.23416e-15 0.707107
vn 2.22045e-16 -2.10846e-16 1
vn 2.15026e-16 -0.104528 0.994522
vn 2.05651e-16 -0.207912 0.978148
vn 1.94023e-16 -0.309017 0.951057
vn 1.80269e-16 -0.406737 0.913545
vn 1.64541e-16 -0.5 0.866025
vn 1.47009e-16 -0.587785 0.809017
vn 1.27867e-16 -0.669131 0.743145
vn 1.07324e-16 -0.743145 0.669131
vn 8.56051e-17 -0.809017 0.587785
vn 6.29482e-17 -0.866025 0.5
vn 3.96017e-17 -0.913545 0.406737
vn 1.58213e-17 -0.951057 0.309017
vn -8.13243e-18 -0.978148 0.207912
vn -3.19971e-17 -0.994522 0.104528
vn -5.55112e-17 -1 -2.83277e-16
vn 0.707107 0 0.707107
vn 0.707107 -0.0739128 0.703233
vn 0.707107 -0.147016 0.691655
vn 0.707107 -0.218508 0.672499
vn 0.707107 -0.287606 0.645974
vn 0.707107 -0.353553 0.612372
vn 0.707107 -0.415627 0.572061
vn 0.707107 -0.473147 0.525483
vn 0.707107 -0.525483 0.473147
vn 0.707107 -0.572061 0.415627
vn 0.707107 -0.612372 0.353553
vn 0.707107 -0.645974 0.287606
vn 0.707107 -0.672499 0.218508
vn 0.707107 -0.691655 0.147016
vn 0.707107 -0.703233 0.0739128
vn 0.707107 -0.707107 9.81308e-17
vn 0.707107 0 0.707107
vn -5.55112e-17 -1 -3.74631e-16
vn 0.707107 -0.707107 -4.21914e-16
vn -7.8417e-17 -0.994522 -0.104528
vn -5.55112e-17 -1 -2.83277e-16
vn -1.00464e-16 -0.978148 -0.207912
vn -7.8417e-17 -0.994522 -0.104528
vn -1.2141e-16 -0.951057 -0.309017
vn -1.00464e-16 -0.978148 -0.207912
vn -1.41026e-16 -0.913545 -0.406737
vn -1.2141e-16 -0.951057 -0.309017
vn -1.59096e-16 -0.866025 -0.5
vn -1.41026e-16 -0.913545 -0.406737
vn -1.75424e-16 -0.809017 -0.587785
vn -1.59096e-16 -0.866025 -0.5
vn -1.8983e-16 -0.743145 -0.669131
vn -1.75424e-16 -0.809017 -0.587785
vn -2.02156e-16 -0.669131 -0.743145
vn -1.8983e-16 -0.743145 -0.669131
vn -2.12266e-16 -0.587785 -0.809017
vn -2.02156e-16 -0.669131 -0.743145
vn -2.20052e-16 -0.5 -0.866025
vn -2.12266e-16 -0.587785 -0.809017
vn -2.25426e-16 -0.406737 -0.913545
vn -2.20052e-16 -0.5 -0.866025
vn -2.28331e-16 -0.309017 -0.951057
vn -2.25426e-16 -0.406737 -0.913545
vn -2.28734e-16 -0.207912 -0.978148
vn -2.28331e-16 -0.309017 -0.951057
vn -2.26631e-16 -0.104528 -0.994522
vn -2.28734e-16 -0.207912 -0.978148
vn -2.22045e-16 0 -1
vn -2.26631e-16 -0.104528 -0.994522
vn 0.707107 -0.707107 4.32978e-17
vn 0.707107 -0.703233 -0.0739128
vn 0.707107 -0.691655 -0.147016
vn 0.707107 -0.672499 -0.218508
vn 0.707107 -0.645974 -0.287606
vn 0.707107 -0.612372 -0.353553
vn 0.707107 -0.572061 -0.415627
vn 0.707107 -0.525483 -0.473147
vn 0.707107 -0.473147 -0.525483
vn 0.707107 -0.415627 -0.572061
vn 0.707107 -0.353553 -0.612372
vn 0.707107 -0.287606 -0.645974
vn 0.707107 -0.218508 -0.672499
vn 0.707107 -0.147016 -0.691655
vn 0.707107 -0.0739128 -0.703233
vn 0.707107 -9.81308e-17 -0.707107
vn 0.707107 -0.707107 4.32978e-17
vn -2.22045e-16 4.61799e-16 -1
vn 0.707107 2.87289e-16 -0.707107
vn -2.2648e-16 -0.099924 -0.994995
vn -2.28649e-16 -0.198848 -0.98003
vn -2.28529e-16 -0.295781 -0.955256
vn -2.26121e-16 -0.389754 -0.920919
vn -2.2145e-16 -0.479825 -0.877364
vn -2.14562e-16 -0.565093 -0.825027
vn -2.05526e-16 -0.644705 -0.764432
vn 0.729687 -0.681338 0.0577569
vn 0.707107 -0.691576 0.147387
vn 0.706753 -0.70126 0.0934589
vn 0.72458 -0.688824 -0.0224907
vn 0.733412 -0.676704 -0.0646481
vn 0.738243 -0.668223 -0.0920638
vn 0.745957 -0.665207 -0.032373
vn 0.748027 -0.641808 -0.168933
vn 0.755775 -0.643324 -0.122223
vn 0.751883 -0.615 -0.237587
vn 0.759057 -0.615877 -0.211016
vn 0.752129 -0.605147 -0.260958
vn 0.750623 -0.581993 -0.312807
vn 0.755775 -0.583103 -0.297984
vn 0.750368 -0.57996 -0.317165
vn 0.741707 -0.539535 -0.398463
vn 0.745957 -0.545287 -0.382375
vn 0.728745 -0.502462 -0.465255
vn 0.729687 -0.502755 -0.463459
vn 0.726072 -0.49599 -0.47625
vn 0.707107 -0.455875 -0.540535
vn 0.729587 -0.494383 -0.472534
vn 0.734358 -0.503614 -0.455073
vn 0.707107 -0.455875 -0.540535
vn 0.744867 -0.526149 -0.410294
vn 0.752854 -0.546139 -0.367345
vn 0.755791 -0.55465 -0.348056
vn 0.76302 -0.580646 -0.283992
vn 0.765431 -0.593629 -0.248436
vn 0.763591 -0.583299 -0.27693
vn 0.767108 -0.613276 -0.188249
vn 0.765915 -0.630289 -0.126927
vn 0.761855 -0.644571 -0.0640741
vn 0.759678 -0.649006 -0.0410009
vn 0.763609 -0.639943 -0.0858714
vn 0.751838 -0.658959 0.0226352
vn 0.741266 -0.665552 0.0869804
vn 0.707987 -0.679224 0.193414
vn 0.707107 -0.679642 0.19516
vn 0.734355 -0.6676 0.122608
vn 0.727898 -0.668551 0.152325
vn 0.707093 -0.691092 0.149705
vn 0.707107 -0.705693 0.0446991
vn 0.707107 8.65956e-17 -0.707107
vn 0.707107 -0.0706569 -0.703568
vn 0.707107 -0.140607 -0.692986
vn 0.707107 -0.209149 -0.675468
vn 0.707107 -0.275597 -0.651188
vn 0.707107 -0.339287 -0.62039
vn 0.707107 -0.399581 -0.583382
vn 0.707107 -0.455875 -0.540535
vn 0.707107 -3.92523e-17 -0.707107
vn -2.15026e-16 0.104528 -0.994522
vn -2.22045e-16 2.44929e-16 -1
vn -2.05651e-16 0.207912 -0.978148
vn -2.15026e-16 0.104528 -0.994522
vn -1.94023e-16 0.309017 -0.951057
vn -2.05651e-16 0.207912 -0.978148
vn -1.80269e-16 0.406737 -0.913545
vn -1.94023e-16 0.309017 -0.951057
vn -1.64541e-16 0.5 -0.866025
vn -1.80269e-16 0.406737 -0.913545
vn -1.47009e-16 0.587785 -0.809017
vn -1.64541e-16 0.5 -0.866025
vn -1.27867e-16 0.669131 -0.743145
vn -1.47009e-16 0.587785 -0.809017
vn -1.07324e-16 0.743145 -0.669131
vn -1.27867e-16 0.669131 -0.743145
vn -8.56051e-17 0.809017 -0.587785
vn -1.07324e-16 0.743145 -0.669131
vn -6.29482e-17 0.866025 -0.5
vn -8.56051e-17 0.809017 -0.587785
vn -3.96017e-17 0.913545 -0.406737
vn -6.29482e-17 0.866025 -0.5
vn -1.58213e-17 0.951057 -0.309017
vn -3.96017e-17 0.913545 -0.406737
vn 8.13243e-18 0.978148 -0.207912
vn -1.58213e-17 0.951057 -0.309017
vn 3.19971e-17 0.994522 -0.104528
vn 8.13243e-18 0.978148 -0.207912
vn 5.55112e-17 1 1.83697e-16
vn 3.19971e-17 0.994522 -0.104528
vn 0.707107 -8.65956e-17 -0.707107
vn 0.707107 0.0739128 -0.703233
vn 0.707107 0.147016 -0.691655
vn 0.707107 0.218508 -0.672499
vn 0.707107 0.287606 -0.645974
vn 0.707107 0.353553 -0.612372
vn 0.707107 0.415627 -0.572061
vn 0.707107 0.473147 -0.525483
vn 0.707107 0.525483 -0.473147
vn 0.707107 0.572061 -0.415627
vn 0.707107 0.612372 -0.353553
vn 0.707107 0.645974 -0.287606
vn 0.707107 0.672499 -0.218508
vn 0.707107 0.691655 -0.147016
vn 0.707107 0.703233 -0.0739128
vn 0.707107 0.707107 -9.81308e-17
vn 0.707107 -8.65956e-17 -0.707107
vn 5.55112e-17 1 3.74631e-16
vn 0.707107 0.707107 1.07895e-16
vn 7.8417e-17 0.994522 0.104528
vn 5.55112e-17 1 1.83697e-16
vn 1.00464e-16 0.978148 0.207912
vn 7.8417e-17 0.994522 0.104528
vn 1.2141e-16 0.951057 0.309017
vn 1.00464e-16 0.978148 0.207912
vn 1.41026e-16 0.913545 0.406737
vn 1.2141e-16 0.951057 0.309017
vn 1.59096e-16 0.866025 0.5
vn 1.41026e-16 0.913545 0.406737
vn 1.75424e-16 0.809017 0.587785
vn 1.59096e-16 0.866025 0.5
vn 1.8983e-16 0.743145 0.669131
vn 1.75424e-16 0.809017 0.587785
vn 2.02156e-16 0.669131 0.743145
vn 1.8983e-16 0.743145 0.669131
vn 2.12266e-16 0.587785 0.809017
vn 2.02156e-16 0.669131 0.743145
vn 2.20052e-16 0.5 0.866025
vn 2.12266e-16 0.587785 0.809017
vn 2.25426e-16 0.406737 0.913545
vn 2.20052e-16 0.5 0.866025
vn 2.28331e-16 0.309017 0.951057
vn 2.25426e-16 0.406737 0.913545
vn 2.28734e-16 0.207912 0.978148
vn 2.28331e-16 0.309017 0.951057
vn 2.26631e-16 0.104528 0.994522
vn 2.28734e-16 0.207912 0.978148
vn 2.22045e-16 -1.22465e-16 1
vn 2.26631e-16 0.104528 0.994522
vn 0.707107 0.707107 -1.29893e-16
vn 0.707107 0.703233 0.0739128
vn 0.707107 0.691655 0.147016
vn 0.707107 0.672499 0.218508
vn 0.707107 0.645974 0.287606
vn 0.707107 0.612372 0.353553
vn 0.707107 0.572061 0.415627
vn 0.707107 0.525483 0.473147
vn 0.707107 0.473147 0.525483
vn 0.707107 0.415627 0.572061
vn 0.707107 0.353553 0.612372
vn 0.707107 0.287606 0.645974
vn 0.707107 0.218508 0.672499
vn 0.707107 0.147016 0.691655
vn 0.707107 0.0739128 0.703233
vn 0.707107 9.81308e-17 0.707107
vn 0.707107 0.707107 -1.29893e-16
vn 2.22045e-16 -3.07866e-16 1
vn 0.707107 -2.56946e-16 0.707107
vn 1 -5.55112e-17 -2.22045e-16
vn 0.707107 0.0706569 0.703568
vn 0.707107 0.140607 0.692986
vn 0.707107 0.209149 0.675468
vn 0.707107 0.275597 0.651188
vn 0.707107 0.339287 0.62039
vn 0.707107 0.399581 0.583382
vn 0.707107 0.455875 0.540535
vn 0.724579 0.688824 0.0224922
vn 0.729687 0.681338 -0.0577569
vn 0.706753 0.70126 -0.0934589
vn 0.707107 0.691576 -0.147387
vn 0.707107 0.705693 -0.0446991
vn 0.711296 0.702253 -0.0299804
vn 0.735416 0.673395 0.075516
vn 0.738244 0.668223 0.092052
vn 0.745957 0.665207 0.032373
vn 0.747548 0.643683 0.163844
vn 0.755775 0.643324 0.122223
vn 0.748935 0.637834 0.179625
vn 0.75188 0.615 0.237595
vn 0.759057 0.615877 0.211016
vn 0.75206 0.600878 0.270836
vn 0.750623 0.581993 0.312807
vn 0.755775 0.583103 0.297984
vn 0.750302 0.579457 0.31824
vn 0.74162 0.539234 0.399031
vn 0.745957 0.545287 0.382375
vn 0.728745 0.502462 0.465255
vn 0.729687 0.502755 0.463459
vn 0.726063 0.49597 0.476283
vn 0.707107 0.455875 0.540535
vn 0.729587 0.494383 0.472534
vn 0.734358 0.503614 0.455073
vn 0.707107 0.455875 0.540535
vn 0.744867 0.526149 0.410294
vn 0.752854 0.546139 0.367345
vn 0.755791 0.55465 0.348056
vn 0.76302 0.580646 0.283992
vn 0.765431 0.593629 0.248436
vn 0.763591 0.583299 0.27693
vn 0.767108 0.613276 0.188249
vn 0.765915 0.630289 0.126927
vn 0.761855 0.644571 0.0640741
vn 0.759678 0.649006 0.0410009
vn 0.763609 0.639943 0.0858714
vn 0.751838 0.658959 -0.0226352
vn 0.741266 0.665552 -0.0869804
vn 0.707987 0.679224 -0.193414
vn 0.707107 0.679642 -0.19516
vn 0.734355 0.6676 -0.122608
vn 0.727898 0.668551 -0.152325
vn 0.707093 0.691092 -0.149705
vn 2.22045e-16 -1.78184e-48 1
vn 2.2648e-16 0.099924 0.994995
vn 2.28649e-16 0.198848 0.98003
vn 2.28529e-16 0.295781 0.955256
vn 2.26121e-16 0.389754 0.920919
vn 2.2145e-16 0.479825 0.877364
vn 2.14562e-16 0.565093 0.825027
vn 2.05526e-16 0.644705 0.764432
vn 0.707107 0.455875 0.540535
vn 1 -5.55112e-17 -2.22045e-16
vn 9.77468e-48 1.14546e-15 -1
vn -9.77468e-48 -1.14546e-15 1
vn -5.55112e-17 -1 -1.14546e-15
vn 0.707107 -0.59609 0.380363
vn 0.707107 -0.586743 0.39463
vn 0.707107 -0.554402 0.438906
vn 0.707107 -0.596075 0.380387
vn 0.707107 -0.631176 0.318774
vn 0.707107 -0.596834 0.379195
vn 0.707107 -0.629677 0.321724
vn 0.707107 -0.659919 0.253982
vn 0.707107 -0.652016 0.273632
vn 0.707107 -0.659678 0.254609
vn 0.707107 -0.674905 0.210957
vn 0.707107 -0.674625 0.211852
vn 0.707107 -0.677031 0.204032
vn 0.707107 -0.67212 0.219671
vn 0.707107 -0.677495 0.202487
vn 0.707107 -0.677483 0.202525
vn 0.707107 -0.689445 0.157053
vn 0.707107 -0.691059 0.149792
vn 0.707107 -0.691084 0.149675
vn 0.707107 -0.681567 0.188326
vn 0.707107 -0.683701 0.180424
vn 0.707107 -0.685709 0.172637
vn 0.707107 -0.687635 0.164798
vn 0.707107 -0.679572 0.195401
vn 0.707107 -0.70033 0.0976643
vn 0.707107 -0.700529 0.0962257
vn 0.707107 -0.701014 0.0926277
vn 0.707107 -0.691576 0.147387
vn 0.707107 -0.698201 0.111869
vn 0.707107 -0.697001 0.119119
vn 0.707107 -0.69277 0.141667
vn 0.707107 -0.694292 0.134008
vn 0.707107 -0.695686 0.126572
vn 0.707107 -0.701561 0.0883883
vn 0.707107 -0.705228 0.0515148
vn 0.707107 -0.705233 0.0514372
vn 0.707107 -0.702092 0.0840685
vn 0.707107 -0.705693 0.0446991
vn 0.707107 -0.679642 0.19516
vn 0.707107 -0.555015 0.43813
vn 0.707107 -0.54683 0.448305
vn -2.05526e-16 -0.644705 -0.764432
vn -1 5.55112e-17 7.70372e-32
vn -2.0545e-16 -0.64528 -0.763946
vn -2.05526e-16 -0.644705 -0.764432
vn 1 -5.55112e-17 -2.22045e-16
vn 0 -2.51525e-48 1
vn 0 2.51525e-48 -1
vn 5.55112e-17 1 2.51525e-48
vn 0.707107 0.59609 -0.380363
vn 0.707107 0.586743 -0.39463
vn 0.707107 0.554402 -0.438906
vn 0.707107 0.596075 -0.380387
vn 0.707107 0.631176 -0.318774
vn 0.707107 0.596834 -0.379195
vn 0.707107 0.629677 -0.321724
vn 0.707107 0.659919 -0.253982
vn 0.707107 0.652016 -0.273632
vn 0.707107 0.659678 -0.254609
vn 0.707107 0.674905 -0.210957
vn 0.707107 0.67055 -0.224417
vn 0.707107 0.673192 -0.216363
vn 0.707107 0.67573 -0.208301
vn 0.707107 0.677495 -0.202487
vn 0.707107 0.677483 -0.202525
vn 0.707107 0.688814 -0.159799
vn 0.707107 0.691059 -0.149792
vn 0.707107 0.691084 -0.149675
vn 0.707107 0.686907 -0.167807
vn 0.707107 0.680513 -0.1921
vn 0.707107 0.682762 -0.183946
vn 0.707107 0.684878 -0.175903
vn 0.707107 0.700244 -0.0982766
vn 0.707107 0.700528 -0.0962316
vn 0.707107 0.701014 -0.0926277
vn 0.707107 0.691576 -0.147387
vn 0.707107 0.698017 -0.113016
vn 0.707107 0.696758 -0.120534
vn 0.707107 0.692301 -0.143944
vn 0.707107 0.693913 -0.135958
vn 0.707107 0.695378 -0.128254
vn 0.707107 0.701561 -0.0883883
vn 0.707107 0.705233 -0.0514372
vn 0.707107 0.705693 -0.0446991
vn 0.707107 0.705228 -0.0515174
vn 0.707107 0.702081 -0.0841529
vn 0.707107 0.679642 -0.19516
vn 0.707107 0.555015 -0.43813
vn 0.707107 0.54683 -0.448305
vn 2.05526e-16 0.644705 0.764432
vn -1 5.55112e-17 0
vn 2.03817e-16 0.657371 0.753567
vn 2.03894e-16 0.656809 0.754057
usemtl 0.262745_0.282353_0.301961_0.000000_0.000000
f 59//1 1//1 2//1
f 2//1 3//1 59//1
f 3//1 4//1 59//1
f 4//1 5//1 59//1
f 5//1 6//1 59//1
f 6//1 7//1 59//1
f 7//1 8//1 59//1
f 8//1 9//1 59//1
f 9//1 10//1 59//1
f 10//1 11//1 59//1
f 11//1 12//1 59//1
f 12//1 13//1 59//1
f 13//1 14//1 59//1
f 14//1 15//1 59//1
f 15//1 16//1 59//1
f 16//1 17//1 59//1
f 17//1 18//1 59//1
f 18//1 19//1 59//1
f 19//1 20//1 59//1
f 20//1 21//1 59//1
f 21//1 22//1 59//1
f 22//1 23//1 59//1
f 23//1 24//1 59//1
f 24//1 25//1 59//1
f 25//1 26//1 59//1
f 26//1 27//1 59//1
f 27//1 28//1 59//1
f 28//1 29//1 59//1
f 29//1 30//1 59//1
f 30//1 31//1 59//1
f 31//1 32//1 59//1
f 32//1 33//1 59//1
f 33//1 34//1 59//1
f 34//1 35//1 59//1
f 35//1 36//1 59//1
f 36//1 37//1 59//1
f 37//1 38//1 59//1
f 38//1 39//1 59//1
f 39//1 40//1 59//1
f 40//1 41//1 59//1
f 41//1 42//1 59//1
f 42//1 43//1 59//1
f 43//1 44//1 59//1
f 44//1 45//1 59//1
f 45//1 46//1 59//1
f 46//1 47//1 59//1
f 47//1 48//1 59//1
f 48//1 49//1 59//1
f 49//1 50//1 59//1
f 50//1 51//1 59//1
f 51//1 52//1 59//1
f 52//1 53//1 59//1
f 53//1 54//1 59//1
f 54//1 55//1 59//1
f 55//1 56//1 59//1
f 56//1 57//1 59//1
f 57//1 58//1 59//1
f 58//1 1//1 59//1
f 60//2 61//3 58//3
f 62//4 60//2 57//5
f 63//6 62//4 56//7
f 64//8 63//6 55//9
f 65//10 64//8 54//11
f 66//12 65//10 53//13
f 67//14 66//12 52//15
f 68//16 67//14 51//17
f 69//18 68//16 50//19
f 70//20 69//18 49//21
f 71//22 70//20 48//23
f 72//24 71//22 47//25
f 73//26 72//24 46//27
f 74//28 73//26 45//29
f 75//30 74//28 44//31
f 76//32 75//30 43//33
f 77//34 76//32 42//35
f 78//36 77//34 41//37
f 79//38 78//36 40//39
f 80//40 79//38 39//41
f 81//42 80//40 38//43
f 82//44 81//42 37//45
f 83//46 82//44 36//47
f 84//48 83//46 35//49
f 85//50 84//48 34//51
f 86//52 85//50 33//53
f 87//54 86//52 32//55
f 88//56 87//54 31//57
f 89//58 88//56 30//59
f 90//60 89//58 29//61
f 91//62 90//60 28//63
f 92//64 91//62 27//65
f 93//66 92//64 26//67
f 94//68 93//66 25//69
f 95//70 94//68 24//71
f 96//72 95//70 23//73
f 97//74 96//72 22//75
f 98//76 97//74 21//77
f 99//78 98//76 20//79
f 100//80 99//78 19//81
f 101//82 100//80 18//83
f 102//84 101//82 17//85
f 103//86 102//84 16//87
f 104//88 103//86 15//89
f 105//90 104//88 14//91
f 106//92 105//90 13//93
f 107//94 106//92 12//95
f 108//96 107//94 11//97
f 109//98 108//96 10//99
f 110//100 109//98 9//101
f 111//102 110//100 8//103
f 112//104 111//102 7//105
f 113//106 112//104 6//107
f 114//108 113//106 5//109
f 115//110 114//108 4//111
f 116//112 115//110 3//113
f 117//114 116//112 2//115
f 61//3 117//114 1//114
f 1//114 58//3 61//3
f 2//115 1//114 117//114
f 3//113 2//115 116//112
f 4//111 3//113 115//110
f 5//109 4//111 114//108
f 6//107 5//109 113//106
f 7//105 6//107 112//104
f 8//103 7//105 111//102
f 9//101 8//103 110//100
f 10//99 9//101 109//98
f 11//97 10//99 108//96
f 12//95 11//97 107//94
f 13//93 12//95 106//92
f 14//91 13//93 105//90
f 15//89 14//91 104//88
f 16//87 15//89 103//86
f 17//85 16//87 102//84
f 18//83 17//85 101//82
f 19//81 18//83 100//80
f 20//79 19//81 99//78
f 21//77 20//79 98//76
f 22//75 21//77 97//74
f 23//73 22//75 96//72
f 24//71 23//73 95//70
f 25//69 24//71 94//68
f 26//67 25//69 93//66
f 27//65 26//67 92//64
f 28//63 27//65 91//62
f 29//61 28//63 90//60
f 30//59 29//61 89//58
f 31//57 30//59 88//56
f 32//55 31//57 87//54
f 33//53 32//55 86//52
f 34//51 33//53 85//50
f 35//49 34//51 84//48
f 36//47 35//49 83//46
f 37//45 36//47 82//44
f 38//43 37//45 81//42
f 39//41 38//43 80//40
f 40//39 39//41 79//38
f 41//37 40//39 78//36
f 42//35 41//37 77//34
f 43//33 42//35 76//32
f 44//31 43//33 75//30
f 45//29 44//31 74//28
f 46//27 45//29 73//26
f 47//25 46//27 72//24
f 48//23 47//25 71//22
f 49//21 48//23 70//20
f 50//19 49//21 69//18
f 51//17 50//19 68//16
f 52//15 51//17 67//14
f 53//13 52//15 66//12
f 54//11 53//13 65//10
f 55//9 54//11 64//8
f 56//7 55//9 63//6
f 57//5 56//7 62//4
f 58//3 57//5 60//2
f 67//116 118//116 119//116
f 111//116 120//116 121//116
f 67//116 122//116 123//116
f 67//116 124//116 118//116
f 111//116 125//116 120//116
f 126//116 127//116 84//116
f 127//116 128//116 83//116
f 119//116 122//116 67//116
f 129//116 117//116 61//116
f 121//116 130//116 111//116
f 111//116 112//116 129//116
f 131//116 108//116 109//116
f 132//116 107//116 108//116
f 133//116 105//116 106//116
f 134//116 104//116 105//116
f 135//116 93//116 94//116
f 136//116 92//116 93//116
f 83//116 84//116 127//116
f 128//116 137//116 82//116
f 67//116 138//116 139//116
f 123//116 140//116 67//116
f 129//116 116//116 117//116
f 129//116 113//116 114//116
f 111//116 141//116 125//116
f 129//116 142//116 111//116
f 143//116 109//116 110//116
f 108//116 131//116 132//116
f 105//116 133//116 134//116
f 144//116 103//116 104//116
f 145//116 97//116 98//116
f 146//116 96//116 97//116
f 147//116 94//116 95//116
f 93//116 135//116 136//116
f 148//116 89//116 90//116
f 149//116 150//116 88//116
f 150//116 151//116 87//116
f 82//116 83//116 128//116
f 137//116 152//116 81//116
f 153//116 154//116 77//116
f 154//116 155//116 76//116
f 156//116 157//116 73//116
f 157//116 158//116 72//116
f 159//116 160//116 69//116
f 160//116 161//116 68//116
f 161//116 124//116 67//116
f 140//116 138//116 67//116
f 129//116 115//116 116//116
f 129//116 112//116 113//116
f 142//116 141//116 111//116
f 162//116 110//116 111//116
f 109//116 143//116 131//116
f 163//116 106//116 107//116
f 104//116 134//116 144//116
f 164//116 102//116 103//116
f 165//116 99//116 100//116
f 166//116 98//116 99//116
f 97//116 145//116 146//116
f 167//116 95//116 96//116
f 94//116 147//116 135//116
f 168//116 91//116 92//116
f 169//116 90//116 91//116
f 90//116 169//116 148//116
f 87//116 88//116 150//116
f 151//116 170//116 86//116
f 81//116 82//116 137//116
f 152//116 171//116 80//116
f 171//116 172//116 79//116
f 172//116 153//116 78//116
f 76//116 77//116 154//116
f 155//116 173//116 75//116
f 72//116 73//116 157//116
f 158//116 174//116 71//116
f 68//116 69//116 160//116
f 139//116 66//116 67//116
f 114//116 115//116 129//116
f 111//116 175//116 162//116
f 107//116 132//116 163//116
f 103//116 144//116 164//116
f 99//116 165//116 166//116
f 96//116 146//116 167//116
f 92//116 136//116 168//116
f 148//116 149//116 89//116
f 86//116 87//116 151//116
f 170//116 126//116 85//116
f 80//116 81//116 152//116
f 78//116 79//116 172//116
f 75//116 76//116 155//116
f 173//116 156//116 74//116
f 71//116 72//116 158//116
f 174//116 159//116 70//116
f 67//116 68//116 161//116
f 139//116 63//116 64//116
f 130//116 175//116 111//116
f 106//116 163//116 133//116
f 176//116 101//116 102//116
f 177//116 100//116 101//116
f 98//116 166//116 145//116
f 91//116 168//116 169//116
f 85//116 86//116 170//116
f 79//116 80//116 171//116
f 74//116 75//116 173//116
f 70//116 71//116 174//116
f 139//116 65//116 66//116
f 139//116 62//116 63//116
f 110//116 162//116 143//116
f 101//116 176//116 177//116
f 95//116 167//116 147//116
f 84//116 85//116 126//116
f 73//116 74//116 156//116
f 64//116 65//116 139//116
f 102//116 164//116 176//116
f 88//116 89//116 149//116
f 69//116 70//116 159//116
f 139//116 61//116 60//116
f 100//116 177//116 165//116
f 60//116 62//116 139//116
f 77//116 78//116 153//116
f 61//116 139//116 129//116
f 129//117 139//117 178//117
f 178//117 179//117 129//117
f 180//118 124//118 161//119
f 181//119 161//119 160//120
f 182//120 160//120 159//121
f 183//121 159//121 174//122
f 184//122 174//122 158//123
f 185//123 158//123 157//124
f 186//124 157//124 156//125
f 187//125 156//125 173//126
f 188//126 173//126 155//127
f 189//127 155//127 154//128
f 190//128 154//128 153//129
f 191//129 153//129 172//130
f 192//130 172//130 171//131
f 193//131 171//131 152//132
f 194//132 152//132 137//133
f 195//133 137//133 128//134
f 196//134 128//134 127//135
f 197//135 127//135 126//136
f 198//136 126//136 170//137
f 199//137 170//137 151//138
f 200//138 151//138 150//139
f 201//139 150//139 149//140
f 202//140 149//140 148//141
f 203//141 148//141 169//142
f 204//142 169//142 168//143
f 205//143 168//143 136//144
f 206//144 136//144 135//145
f 207//145 135//145 147//146
f 208//146 147//146 167//147
f 209//147 167//147 146//148
f 210//148 146//148 145//149
f 211//149 145//149 166//150
f 212//150 166//150 165//151
f 213//151 165//151 177//152
f 214//152 177//152 176//153
f 215//153 176//153 164//154
f 216//154 164//154 144//155
f 217//155 144//155 134//156
f 218//156 134//156 133//157
f 219//157 133//157 163//158
f 220//158 163//158 132//159
f 221//159 132//159 131//160
f 222//160 131//160 143//161
f 223//161 143//161 162//162
f 224//162 162//162 175//163
f 175//163 225//163 224//162
f 162//162 224//162 223//161
f 143//161 223//161 222//160
f 131//160 222//160 221//159
f 132//159 221//159 220//158
f 163//158 220//158 219//157
f 133//157 219//157 218//156
f 134//156 218//156 217//155
f 144//155 217//155 216//154
f 164//154 216//154 215//153
f 176//153 215//153 214//152
f 177//152 214//152 213//151
f 165//151 213//151 212//150
f 166//150 212//150 211//149
f 145//149 211//149 210//148
f 146//148 210//148 209//147
f 167//147 209//147 208//146
f 147//146 208//146 207//145
f 135//145 207//145 206//144
f 136//144 206//144 205//143
f 168//143 205//143 204//142
f 169//142 204//142 203//141
f 148//141 203//141 202//140
f 149//140 202//140 201//139
f 150//139 201//139 200//138
f 151//138 200//138 199//137
f 170//137 199//137 198//136
f 126//136 198//136 197//135
f 127//135 197//135 196//134
f 128//134 196//134 195//133
f 137//133 195//133 194//132
f 152//132 194//132 193//131
f 171//131 193//131 192//130
f 172//130 192//130 191//129
f 153//129 191//129 190//128
f 154//128 190//128 189//127
f 155//127 189//127 188//126
f 173//126 188//126 187//125
f 156//125 187//125 186//124
f 157//124 186//124 185//123
f 158//123 185//123 184//122
f 174//122 184//122 183//121
f 159//121 183//121 182//120
f 160//120 182//120 181//119
f 161//119 181//119 180//118
f 178//164 139//164 138//165
f 226//165 138//165 140//166
f 227//166 140//166 123//167
f 228//167 123//167 122//168
f 229//168 122//168 119//169
f 230//169 119//169 118//170
f 231//170 118//170 124//171
f 124//171 180//171 231//170
f 118//170 231//170 230//169
f 119//169 230//169 229//168
f 122//168 229//168 228//167
f 123//167 228//167 227//166
f 140//166 227//166 226//165
f 138//165 226//165 178//164
f 225//172 175//172 130//173
f 232//173 130//173 121//174
f 233//174 121//174 120//175
f 234//175 120//175 125//176
f 235//176 125//176 141//177
f 236//177 141//177 142//178
f 237//178 142//178 129//179
f 129//179 179//179 237//178
f 142//178 237//178 236//177
f 141//177 236//177 235//176
f 125//176 235//176 234//175
f 120//175 234//175 233//174
f 121//174 233//174 232//173
f 130//173 232//173 225//172
f 238//180 239//180 179//180
f 179//180 178//180 238//180
f 179//180 239//180 240//181
f 236//182 237//181 241//183
f 237//181 240//181 241//183
f 236//182 242//182 243//184
f 235//184 243//184 244//185
f 234//185 244//185 245//186
f 233//186 245//186 246//187
f 232//187 246//187 247//188
f 247//188 225//188 232//187
f 246//187 232//187 233//186
f 245//186 233//186 234//185
f 244//185 234//185 235//184
f 243//184 235//184 236//182
f 241//183 242//182 236//182
f 240//181 237//181 179//180
f 180//189 248//189 249//190
f 231//190 249//190 250//191
f 230//191 250//191 251//192
f 229//192 251//192 252//193
f 228//193 252//193 253//194
f 227//194 253//194 254//195
f 254//195 226//196 227//194
f 226//196 255//196 238//197
f 238//197 178//197 226//196
f 254//195 255//196 226//196
f 253//194 227//194 228//193
f 252//193 228//193 229//192
f 251//192 229//192 230//191
f 250//191 230//191 231//190
f 249//190 231//190 180//189
f 225//198 247//198 256//199
f 224//199 256//199 257//200
f 223//200 257//200 258//201
f 222//201 258//201 259//202
f 221//202 259//202 260//203
f 220//203 260//203 261//204
f 219//204 261//204 262//205
f 218//205 262//205 263//206
f 217//206 263//206 264//207
f 216//207 264//207 265//208
f 215//208 265//208 266//209
f 214//209 266//209 267//210
f 213//210 267//210 268//211
f 212//211 268//211 269//212
f 211//212 269//212 270//213
f 210//213 270//213 271//214
f 209//214 271//214 272//215
f 208//215 272//215 273//216
f 207//216 273//216 274//217
f 206//217 274//217 275//218
f 205//218 275//218 276//219
f 204//219 276//219 277//220
f 203//220 277//220 278//221
f 202//221 278//221 279//222
f 201//222 279//222 280//223
f 200//223 280//223 281//224
f 199//224 281//224 282//225
f 198//225 282//225 283//226
f 197//226 283//226 284//227
f 196//227 284//227 285//228
f 195//228 285//228 286//229
f 194//229 286//229 287//230
f 193//230 287//230 288//231
f 192//231 288//231 289//232
f 191//232 289//232 290//233
f 190//233 290//233 291//234
f 189//234 291//234 292//235
f 188//235 292//235 293//236
f 187//236 293//236 294//237
f 186//237 294//237 295//238
f 185//238 295//238 296//239
f 184//239 296//239 297//240
f 183//240 297//240 298//241
f 182//241 298//241 299//242
f 181//242 299//242 248//243
f 248//243 180//243 181//242
f 299//242 181//242 182//241
f 298//241 182//241 183//240
f 297//240 183//240 184//239
f 296//239 184//239 185//238
f 295//238 185//238 186//237
f 294//237 186//237 187//236
f 293//236 187//236 188//235
f 292//235 188//235 189//234
f 291//234 189//234 190//233
f 290//233 190//233 191//232
f 289//232 191//232 192//231
f 288//231 192//231 193//230
f 287//230 193//230 194//229
f 286//229 194//229 195//228
f 285//228 195//228 196//227
f 284//227 196//227 197//226
f 283//226 197//226 198//225
f 282//225 198//225 199//224
f 281//224 199//224 200//223
f 280//223 200//223 201//222
f 279//222 201//222 202//221
f 278//221 202//221 203//220
f 277//220 203//220 204//219
f 276//219 204//219 205//218
f 275//218 205//218 206//217
f 274//217 206//217 207//216
f 273//216 207//216 208//215
f 272//215 208//215 209//214
f 271//214 209//214 210//213
f 270//213 210//213 211//212
f 269//212 211//212 212//211
f 268//211 212//211 213//210
f 267//210 213//210 214//209
f 266//209 214//209 215//208
f 265//208 215//208 216//207
f 264//207 216//207 217//206
f 263//206 217//206 218//205
f 262//205 218//205 219//204
f 261//204 219//204 220//203
f 260//203 220//203 221//202
f 259//202 221//202 222//201
f 258//201 222//201 223//200
f 257//200 223//200 224//199
f 256//199 224//199 225//198
f 289//244 300//244 301//244
f 288//244 302//244 300//244
f 303//244 252//244 251//244
f 300//244 289//244 288//244
f 287//244 304//244 302//244
f 284//244 305//244 306//244
f 283//244 307//244 305//244
f 277//244 276//244 308//244
f 303//244 250//244 249//244
f 303//244 253//244 252//244
f 291//244 309//244 310//244
f 290//244 301//244 309//244
f 302//244 288//244 287//244
f 286//244 311//244 304//244
f 285//244 306//244 311//244
f 305//244 284//244 283//244
f 281//244 312//244 313//244
f 280//244 314//244 312//244
f 279//244 315//244 314//244
f 278//244 316//244 315//244
f 316//244 278//244 277//244
f 276//244 275//244 317//244
f 251//244 250//244 303//244
f 309//244 291//244 290//244
f 304//244 287//244 286//244
f 306//244 285//244 284//244
f 282//244 313//244 307//244
f 312//244 281//244 280//244
f 315//244 279//244 278//244
f 317//244 308//244 276//244
f 275//244 274//244 318//244
f 303//244 254//244 253//244
f 299//244 319//244 303//244
f 298//244 320//244 319//244
f 297//244 321//244 320//244
f 301//244 290//244 289//244
f 307//244 283//244 282//244
f 314//244 280//244 279//244
f 318//244 317//244 275//244
f 322//244 245//244 244//244
f 303//244 248//244 299//244
f 320//244 298//244 297//244
f 293//244 323//244 324//244
f 292//244 310//244 323//244
f 311//244 286//244 285//244
f 308//244 316//244 277//244
f 274//244 273//244 325//244
f 273//244 272//244 326//244
f 272//244 271//244 327//244
f 271//244 270//244 328//244
f 244//244 243//244 322//244
f 322//244 247//244 246//244
f 319//244 299//244 298//244
f 296//244 329//244 321//244
f 295//244 330//244 329//244
f 294//244 324//244 330//244
f 323//244 293//244 292//244
f 313//244 282//244 281//244
f 326//244 325//244 273//244
f 328//244 327//244 271//244
f 268//244 267//244 331//244
f 267//244 266//244 332//244
f 263//244 262//244 333//244
f 246//244 245//244 322//244
f 321//244 297//244 296//244
f 330//244 295//244 294//244
f 310//244 292//244 291//244
f 327//244 326//244 272//244
f 332//244 331//244 267//244
f 266//244 265//244 334//244
f 333//244 335//244 263//244
f 262//244 261//244 336//244
f 256//244 247//244 322//244
f 243//244 242//244 322//244
f 329//244 296//244 295//244
f 325//244 318//244 274//244
f 270//244 269//244 337//244
f 269//244 268//244 338//244
f 334//244 332//244 266//244
f 265//244 264//244 339//244
f 264//244 263//244 340//244
f 336//244 333//244 262//244
f 260//244 259//244 341//244
f 259//244 258//244 342//244
f 257//244 256//244 343//244
f 242//244 241//244 322//244
f 324//244 294//244 293//244
f 338//244 337//244 269//244
f 339//244 334//244 265//244
f 335//244 340//244 263//244
f 261//244 260//244 344//244
f 342//244 341//244 259//244
f 258//244 257//244 345//244
f 322//244 343//244 256//244
f 337//244 328//244 270//244
f 340//244 339//244 264//244
f 341//244 344//244 260//244
f 343//244 345//244 257//244
f 331//244 338//244 268//244
f 345//244 342//244 258//244
f 344//244 336//244 261//244
f 249//244 248//244 303//244
f 238//245 346//245 347//245
f 346//245 348//245 349//245
f 238//245 350//245 351//245
f 347//245 352//245 238//245
f 349//245 353//245 346//245
f 238//245 354//245 348//245
f 239//245 238//245 355//245
f 352//245 350//245 238//245
f 348//245 346//245 238//245
f 238//245 356//245 355//245
f 353//245 357//245 346//245
f 351//245 356//245 238//245
f 358//245 240//245 239//245
f 355//245 358//245 239//245
f 358//245 241//245 240//245
f 238//245 255//245 354//245
f 255//245 254//245 354//245
f 359//246 335//246 333//247
f 360//247 333//247 336//248
f 361//248 336//248 344//249
f 362//249 344//249 341//250
f 363//250 341//250 342//251
f 364//251 342//251 345//252
f 365//252 345//252 343//253
f 366//253 343//253 322//254
f 367//254 322//254 241//255
f 241//255 368//256 367//254
f 368//256 358//256 355//257
f 369//257 355//257 356//258
f 370//258 356//258 351//259
f 371//259 351//259 350//260
f 372//260 350//260 352//261
f 373//261 352//261 347//262
f 374//262 347//262 346//263
f 375//263 346//263 357//264
f 376//264 357//264 353//265
f 377//265 353//265 349//266
f 378//266 349//266 348//267
f 379//267 348//267 354//268
f 380//269 381//268 254//270
f 381//268 354//268 254//270
f 380//269 303//269 319//271
f 382//271 319//271 320//272
f 383//272 320//272 321//273
f 384//273 321//273 329//274
f 385//274 329//274 330//275
f 386//275 330//275 324//276
f 387//276 324//276 323//277
f 323//277 310//278 388//279
f 310//278 389//278 388//279
f 389//278 310//278 309//280
f 390//280 309//280 301//281
f 391//281 301//281 300//282
f 392//282 300//282 302//283
f 393//283 302//283 304//284
f 394//284 304//284 311//285
f 395//285 311//285 306//286
f 396//286 306//286 305//287
f 397//287 305//287 307//288
f 398//288 307//288 313//289
f 399//289 313//289 312//290
f 400//290 312//290 314//291
f 401//291 314//291 315//292
f 402//292 315//292 316//293
f 403//293 316//293 308//294
f 404//294 308//294 317//295
f 405//295 317//295 318//296
f 406//296 318//296 325//297
f 407//297 325//297 326//298
f 408//298 326//298 327//299
f 409//299 327//299 328//300
f 410//300 328//300 337//301
f 411//301 337//301 338//302
f 412//302 338//302 331//303
f 413//303 331//303 332//304
f 414//304 332//304 334//305
f 415//305 334//305 339//306
f 416//306 339//306 340//307
f 417//307 340//307 335//246
f 335//246 359//246 417//307
f 340//307 417//307 416//306
f 339//306 416//306 415//305
f 334//305 415//305 414//304
f 332//304 414//304 413//303
f 331//303 413//303 412//302
f 338//302 412//302 411//301
f 337//301 411//301 410//300
f 328//300 410//300 409//299
f 327//299 409//299 408//298
f 326//298 408//298 407//297
f 325//297 407//297 406//296
f 318//296 406//296 405//295
f 317//295 405//295 404//294
f 308//294 404//294 403//293
f 316//293 403//293 402//292
f 315//292 402//292 401//291
f 314//291 401//291 400//290
f 312//290 400//290 399//289
f 313//289 399//289 398//288
f 307//288 398//288 397//287
f 305//287 397//287 396//286
f 306//286 396//286 395//285
f 311//285 395//285 394//284
f 304//284 394//284 393//283
f 302//283 393//283 392//282
f 300//282 392//282 391//281
f 301//281 391//281 390//280
f 309//280 390//280 389//278
f 388//279 418//308 323//277
f 323//277 418//308 387//276
f 324//276 387//276 386//275
f 330//275 386//275 385//274
f 329//274 385//274 384//273
f 321//273 384//273 383//272
f 320//272 383//272 382//271
f 319//271 382//271 380//269
f 254//270 303//269 380//269
f 354//268 381//268 379//267
f 348//267 379//267 378//266
f 349//266 378//266 377//265
f 353//265 377//265 376//264
f 357//264 376//264 375//263
f 346//263 375//263 374//262
f 347//262 374//262 373//261
f 352//261 373//261 372//260
f 350//260 372//260 371//259
f 351//259 371//259 370//258
f 356//258 370//258 369//257
f 355//257 369//257 368//256
f 241//255 358//256 368//256
f 322//254 367//254 366//253
f 343//253 366//253 365//252
f 345//252 365//252 364//251
f 342//251 364//251 363//250
f 341//250 363//250 362//249
f 344//249 362//249 361//248
f 336//248 361//248 360//247
f 333//247 360//247 359//246
f 374//309 419//309 420//310
f 373//310 420//310 421//311
f 372//311 421//311 422//312
f 371//312 422//312 423//313
f 370//313 423//313 424//314
f 369//314 424//314 425//315
f 368//315 425//315 426//316
f 367//316 426//316 427//317
f 366//317 427//317 428//318
f 365//318 428//318 429//319
f 364//319 429//319 430//320
f 363//320 430//320 431//321
f 362//321 431//321 432//322
f 361//322 432//322 433//323
f 433//323 434//324 359//325
f 434//324 417//324 359//325
f 417//324 434//324 435//326
f 416//326 435//326 436//327
f 415//327 436//327 437//328
f 414//328 437//328 438//329
f 413//329 438//329 439//330
f 412//330 439//330 440//331
f 411//331 440//331 441//332
f 410//332 441//332 442//333
f 409//333 442//333 443//334
f 408//334 443//334 444//335
f 407//335 444//335 445//336
f 406//336 445//336 446//337
f 405//337 446//337 447//338
f 404//338 447//338 448//339
f 403//339 448//339 449//340
f 402//340 449//340 450//341
f 401//341 450//341 451//342
f 400//342 451//342 452//343
f 399//343 452//343 453//344
f 398//344 453//344 454//345
f 397//345 454//345 455//346
f 396//346 455//346 456//347
f 395//347 456//347 457//348
f 394//348 457//348 458//349
f 393//349 458//349 459//350
f 392//350 459//350 460//351
f 391//351 460//351 461//352
f 390//352 461//352 462//353
f 418//354 388//355 463//355
f 389//356 462//353 463//355
f 463//355 388//355 389//356
f 418//354 464//357 465//358
f 387//358 465//358 466//359
f 386//359 466//359 467//360
f 385//360 467//360 468//361
f 384//361 468//361 469//362
f 383//362 469//362 470//363
f 382//363 470//363 471//364
f 380//364 471//364 472//365
f 381//365 472//365 473//366
f 379//366 473//366 474//367
f 378//367 474//367 475//368
f 377//368 475//368 476//369
f 376//369 476//369 477//370
f 375//370 477//370 419//309
f 419//309 374//309 375//370
f 477//370 375//370 376//369
f 476//369 376//369 377//368
f 475//368 377//368 378//367
f 474//367 378//367 379//366
f 473//366 379//366 381//365
f 472//365 381//365 380//364
f 471//364 380//364 382//363
f 470//363 382//363 383//362
f 469//362 383//362 384//361
f 468//361 384//361 385//360
f 467//360 385//360 386//359
f 466//359 386//359 387//358
f 465//358 387//358 418//354
f 463//355 464//357 418//354
f 462//353 389//356 390//352
f 461//352 390//352 391//351
f 460//351 391//351 392//350
f 459//350 392//350 393//349
f 458//349 393//349 394//348
f 457//348 394//348 395//347
f 456//347 395//347 396//346
f 455//346 396//346 397//345
f 454//345 397//345 398//344
f 453//344 398//344 399//343
f 452//343 399//343 400//342
f 451//342 400//342 401//341
f 450//341 401//341 402//340
f 449//340 402//340 403//339
f 448//339 403//339 404//338
f 447//338 404//338 405//337
f 446//337 405//337 406//336
f 445//336 406//336 407//335
f 444//335 407//335 408//334
f 443//334 408//334 409//333
f 442//333 409//333 410//332
f 441//332 410//332 411//331
f 440//331 411//331 412//330
f 439//330 412//330 413//329
f 438//329 413//329 414//328
f 437//328 414//328 415//327
f 436//327 415//327 416//326
f 435//326 416//326 417//324
f 359//325 360//371 433//323
f 433//323 360//371 361//322
f 432//322 361//322 362//321
f 431//321 362//321 363//320
f 430//320 363//320 364//319
f 429//319 364//319 365//318
f 428//318 365//318 366//317
f 427//317 366//317 367//316
f 426//316 367//316 368//315
f 425//315 368//315 369//314
f 424//314 369//314 370//313
f 423//313 370//313 371//312
f 422//312 371//312 372//311
f 421//311 372//311 373//310
f 420//310 373//310 374//309
f 463//372 478//372 479//373
f 464//373 479//373 480//374
f 465//374 480//374 481//375
f 466//375 481//375 482//376
f 467//376 482//376 483//377
f 469//378 468//377 484//379
f 468//377 483//377 484//379
f 469//378 485//378 486//380
f 470//380 486//380 487//381
f 471//381 487//381 488//382
f 472//382 488//382 489//383
f 474//384 473//383 490//385
f 473//383 489//383 490//385
f 474//384 491//384 492//386
f 475//386 492//386 493//387
f 476//387 493//387 494//388
f 477//388 494//388 495//389
f 419//389 495//389 496//390
f 420//390 496//390 497//391
f 421//391 497//391 498//392
f 422//392 498//392 499//393
f 423//393 499//393 500//394
f 500//394 424//395 423//393
f 424//395 501//395 502//396
f 425//396 502//396 503//397
f 426//397 503//397 504//398
f 427//398 504//398 505//399
f 428//399 505//399 506//400
f 506//400 429//401 428//399
f 429//401 507//401 508//402
f 430//402 508//402 509//403
f 431//403 509//403 510//404
f 432//404 510//404 511//405
f 433//405 511//405 512//406
f 434//406 512//406 513//407
f 435//407 513//407 514//408
f 436//408 514//408 515//409
f 437//409 515//409 516//410
f 439//411 438//410 517//412
f 438//410 516//410 517//412
f 439//411 518//411 519//413
f 440//413 519//413 520//414
f 441//414 520//414 521//415
f 442//415 521//415 522//416
f 444//417 443//416 523//418
f 443//416 522//416 523//418
f 444//417 524//417 525//419
f 445//419 525//419 526//420
f 446//420 526//420 527//421
f 447//421 527//421 528//422
f 448//422 528//422 529//423
f 449//423 529//423 530//424
f 450//424 530//424 531//425
f 451//425 531//425 532//426
f 452//426 532//426 533//427
f 533//427 453//428 452//426
f 453//428 534//428 535//429
f 454//429 535//429 536//430
f 455//430 536//430 537//431
f 456//431 537//431 538//432
f 457//432 538//432 539//433
f 539//433 458//434 457//432
f 458//434 540//434 541//435
f 459//435 541//435 542//436
f 460//436 542//436 543//437
f 461//437 543//437 544//438
f 462//438 544//438 478//372
f 478//372 463//372 462//438
f 544//438 462//438 461//437
f 543//437 461//437 460//436
f 542//436 460//436 459//435
f 541//435 459//435 458//434
f 539//433 540//434 458//434
f 538//432 457//432 456//431
f 537//431 456//431 455//430
f 536//430 455//430 454//429
f 535//429 454//429 453//428
f 533//427 534//428 453//428
f 532//426 452//426 451//425
f 531//425 451//425 450//424
f 530//424 450//424 449//423
f 529//423 449//423 448//422
f 528//422 448//422 447//421
f 527//421 447//421 446//420
f 526//420 446//420 445//419
f 525//419 445//419 444//417
f 523//418 524//417 444//417
f 522//416 443//416 442//415
f 521//415 442//415 441//414
f 520//414 441//414 440//413
f 519//413 440//413 439//411
f 517//412 518//411 439//411
f 516//410 438//410 437//409
f 515//409 437//409 436//408
f 514//408 436//408 435//407
f 513//407 435//407 434//406
f 512//406 434//406 433//405
f 511//405 433//405 432//404
f 510//404 432//404 431//403
f 509//403 431//403 430//402
f 508//402 430//402 429//401
f 506//400 507//401 429//401
f 505//399 428//399 427//398
f 504//398 427//398 426//397
f 503//397 426//397 425//396
f 502//396 425//396 424//395
f 500//394 501//395 424//395
f 499//393 423//393 422//392
f 498//392 422//392 421//391
f 497//391 421//391 420//390
f 496//390 420//390 419//389
f 495//389 419//389 477//388
f 494//388 477//388 476//387
f 493//387 476//387 475//386
f 492//386 475//386 474//384
f 490//385 491//384 474//384
f 489//383 473//383 472//382
f 488//382 472//382 471//381
f 487//381 471//381 470//380
f 486//380 470//380 469//378
f 484//379 485//378 469//378
f 483//377 468//377 467//376
f 482//376 467//376 466//375
f 481//375 466//375 465//374
f 480//374 465//374 464//373
f 479//373 464//373 463//372
f 484//439 542//439 541//439
f 484//439 543//439 542//439
f 479//439 482//439 481//439
f 484//439 544//439 543//439
f 479//439 483//439 482//439
f 484//439 478//439 544//439
f 481//439 480//439 479//439
f 541//439 540//439 484//439
f 478//439 484//439 483//439
f 479//439 478//439 483//439
f 540//439 539//439 484//439
f 530//439 527//439 526//439
f 526//439 525//439 530//439
f 530//439 529//439 528//439
f 528//439 527//439 530//439
f 524//439 532//439 531//439
f 531//439 530//439 524//439
f 525//439 524//439 530//439
f 523//439 533//439 532//439
f 524//439 523//439 532//439
f 534//440 545//440 546//440
f 547//440 538//440 537//440
f 548//440 539//440 538//440
f 546//440 535//440 534//440
f 535//440 546//440 549//440
f 536//440 549//440 550//440
f 538//440 547//440 548//440
f 549//440 536//440 535//440
f 537//440 550//440 547//440
f 550//440 537//440 536//440
f 534//440 533//440 545//440
f 545//441 551//441 552//442
f 546//442 552//442 553//443
f 549//443 553//443 554//444
f 550//444 554//444 555//445
f 547//445 555//445 556//446
f 556//446 548//446 547//445
f 555//445 547//445 550//444
f 554//444 550//444 549//443
f 553//443 549//443 546//442
f 552//442 546//442 545//441
f 556//447 555//447 557//447
f 555//447 554//447 558//447
f 558//447 557//447 555//447
f 559//447 558//447 554//447
f 554//447 553//447 559//447
f 560//447 559//447 553//447
f 561//447 560//447 552//447
f 553//447 552//447 560//447
f 551//447 562//447 561//447
f 552//447 551//447 561//447
f 557//447 563//447 556//447
f 507//447 511//447 510//447
f 510//447 509//447 507//447
f 507//447 513//447 512//447
f 507//447 516//447 515//447
f 512//447 511//447 507//447
f 515//447 514//447 507//447
f 514//447 513//447 507//447
f 507//447 517//447 516//447
f 509//447 508//447 507//447
f 507//447 506//447 517//447
f 564//448 565//448 518//448
f 565//448 566//448 519//448
f 522//448 521//448 567//448
f 519//448 518//448 565//448
f 520//448 519//448 566//448
f 521//448 520//448 568//448
f 569//448 523//448 522//448
f 566//448 568//448 520//448
f 567//448 569//448 522//448
f 568//448 567//448 521//448
f 518//448 517//448 564//448
f 564//449 570//449 571//450
f 565//450 571//450 572//451
f 566//451 572//451 573//452
f 568//452 573//452 574//453
f 567//453 574//453 575//454
f 575//454 569//454 567//453
f 574//453 567//453 568//452
f 573//452 568//452 566//451
f 572//451 566//451 565//450
f 571//450 565//450 564//449
f 576//455 575//455 574//455
f 571//455 577//455 578//455
f 570//455 579//455 577//455
f 574//455 580//455 576//455
f 580//455 574//455 573//455
f 581//455 573//455 572//455
f 577//455 571//455 570//455
f 573//455 581//455 580//455
f 578//455 572//455 571//455
f 572//455 578//455 581//455
f 576//455 582//455 575//455
f 533//456 562//456 551//456
f 582//456 562//456 533//456
f 533//456 523//456 582//456
f 582//456 523//456 569//456
f 569//456 575//456 582//456
f 551//456 545//456 533//456
f 583//457 584//457 585//457
f 586//457 583//457 587//457
f 583//457 588//457 584//457
f 587//457 589//457 586//457
f 583//457 586//457 588//457
f 585//457 590//457 583//457
f 591//457 582//457 586//457
f 589//457 591//457 586//457
f 591//457 562//457 582//457
f 499//458 493//458 492//458
f 499//458 496//458 495//458
f 496//458 499//458 498//458
f 499//458 494//458 493//458
f 498//458 497//458 496//458
f 495//458 494//458 499//458
f 491//458 500//458 499//458
f 492//458 491//458 499//458
f 491//458 490//458 500//458
f 502//457 592//457 593//457
f 503//457 593//457 594//457
f 595//457 505//457 504//457
f 596//457 506//457 505//457
f 501//457 597//457 592//457
f 594//457 504//457 503//457
f 505//457 595//457 596//457
f 592//457 502//457 501//457
f 504//457 594//457 595//457
f 593//457 503//457 502//457
f 501//457 500//457 597//457
f 597//459 598//459 599//460
f 592//460 599//460 600//461
f 593//461 600//461 601//462
f 594//462 601//462 602//463
f 595//463 602//463 603//464
f 603//464 596//464 595//463
f 602//463 595//463 594//462
f 601//462 594//462 593//461
f 600//461 593//461 592//460
f 599//460 592//460 597//459
f 603//465 602//465 604//465
f 602//465 601//465 605//465
f 606//465 607//465 599//465
f 605//465 604//465 602//465
f 608//465 605//465 601//465
f 607//465 608//465 600//465
f 598//465 609//465 606//465
f 601//465 600//465 608//465
f 599//465 598//465 606//465
f 600//465 599//465 607//465
f 604//465 610//465 603//465
f 517//466 579//466 570//466
f 610//466 579//466 517//466
f 517//466 506//466 610//466
f 506//466 596//466 603//466
f 603//466 610//466 506//466
f 570//466 564//466 517//466
f 579//467 611//467 612//467
f 613//467 614//467 615//467
f 579//467 616//467 611//467
f 617//467 618//467 613//467
f 579//467 619//467 616//467
f 617//467 620//467 618//467
f 612//467 621//467 579//467
f 615//467 617//467 613//467
f 579//467 610//467 619//467
f 621//467 620//467 579//467
f 617//467 579//467 620//467
f 622//467 623//467 485//467
f 623//467 624//467 486//467
f 489//467 488//467 625//467
f 486//467 485//467 623//467
f 487//467 486//467 624//467
f 488//467 487//467 626//467
f 627//467 490//467 489//467
f 624//467 626//467 487//467
f 625//467 627//467 489//467
f 626//467 625//467 488//467
f 485//467 484//467 622//467
f 622//468 628//468 629//469
f 623//469 629//469 630//470
f 624//470 630//470 631//471
f 626//471 631//471 632//472
f 625//472 632//472 633//473
f 633//473 627//473 625//472
f 632//472 625//472 626//471
f 631//471 626//471 624//470
f 630//470 624//470 623//469
f 629//469 623//469 622//468
f 634//474 633//474 632//474
f 632//474 635//474 634//474
f 635//474 632//474 631//474
f 631//474 636//474 635//474
f 636//474 631//474 630//474
f 629//474 637//474 638//474
f 628//474 639//474 637//474
f 630//474 638//474 636//474
f 637//474 629//474 628//474
f 638//474 630//474 629//474
f 634//474 640//474 633//474
f 639//475 628//475 622//475
f 484//475 539//475 563//475
f 563//475 639//475 484//475
f 556//475 563//475 539//475
f 539//475 548//475 556//475
f 622//475 484//475 639//475
f 641//476 642//476 643//476
f 644//476 645//476 646//476
f 646//476 641//476 644//476
f 647//476 648//476 649//476
f 643//476 644//476 641//476
f 647//476 650//476 648//476
f 649//476 645//476 647//476
f 644//476 647//476 645//476
f 639//476 563//476 650//476
f 647//476 639//476 650//476
f 609//477 598//477 597//477
f 640//477 609//477 500//477
f 500//477 490//477 640//477
f 633//477 640//477 490//477
f 490//477 627//477 633//477
f 597//477 500//477 609//477
f 651//476 652//476 653//476
f 651//476 654//476 655//476
f 651//476 656//476 657//476
f 655//476 652//476 651//476
f 651//476 658//476 656//476
f 657//476 654//476 651//476
f 653//476 659//476 651//476
f 609//476 640//476 658//476
f 651//476 609//476 658//476
f 660//478 620//478 621//479
f 661//479 621//479 612//480
f 662//480 612//480 611//481
f 663//481 611//481 616//482
f 664//482 616//482 619//483
f 665//484 666//483 610//485
f 666//483 619//483 610//485
f 665//484 604//484 605//486
f 667//486 605//486 608//487
f 668//487 608//487 607//488
f 669//488 607//488 606//489
f 670//490 671//489 609//491
f 671//489 606//489 609//491
f 670//490 651//490 659//492
f 672//492 659//492 653//493
f 673//493 653//493 652//494
f 674//494 652//494 655//495
f 675//495 655//495 654//496
f 676//496 654//496 657//497
f 677//497 657//497 656//498
f 678//498 656//498 658//499
f 679//499 658//499 640//500
f 640//500 680//501 679//499
f 680//501 634//501 635//502
f 681//502 635//502 636//503
f 682//503 636//503 638//504
f 683//504 638//504 637//505
f 684//505 637//505 639//506
f 639//506 685//507 684//505
f 685//507 647//507 644//508
f 686//508 644//508 643//509
f 687//509 643//509 642//510
f 688//510 642//510 641//511
f 641//511 646//512 689//513
f 646//512 690//512 689//513
f 690//512 646//512 645//514
f 691//514 645//514 649//515
f 692//515 649//515 648//516
f 693//516 648//516 650//517
f 694//518 695//517 563//519
f 695//517 650//517 563//519
f 694//518 557//518 558//520
f 696//520 558//520 559//521
f 697//521 559//521 560//522
f 698//522 560//522 561//523
f 699//524 700//523 562//525
f 700//523 561//523 562//525
f 699//524 591//524 589//526
f 701//526 589//526 587//527
f 702//527 587//527 583//528
f 703//528 583//528 590//529
f 704//529 590//529 585//530
f 705//530 585//530 584//531
f 706//531 584//531 588//532
f 707//532 588//532 586//533
f 708//533 586//533 582//534
f 582//534 709//535 708//533
f 709//535 576//535 580//536
f 710//536 580//536 581//537
f 711//537 581//537 578//538
f 712//538 578//538 577//539
f 713//539 577//539 579//540
f 579//540 714//541 713//539
f 714//541 617//541 615//542
f 715//542 615//542 614//543
f 716//543 614//543 613//544
f 717//544 613//544 618//545
f 718//545 618//545 620//478
f 620//478 660//478 718//545
f 618//545 718//545 717//544
f 613//544 717//544 716//543
f 614//543 716//543 715//542
f 615//542 715//542 714//541
f 579//540 617//541 714//541
f 577//539 713//539 712//538
f 578//538 712//538 711//537
f 581//537 711//537 710//536
f 580//536 710//536 709//535
f 582//534 576//535 709//535
f 586//533 708//533 707//532
f 588//532 707//532 706//531
f 584//531 706//531 705//530
f 585//530 705//530 704//529
f 590//529 704//529 703//528
f 583//528 703//528 702//527
f 587//527 702//527 701//526
f 589//526 701//526 699//524
f 562//525 591//524 699//524
f 561//523 700//523 698//522
f 560//522 698//522 697//521
f 559//521 697//521 696//520
f 558//520 696//520 694//518
f 563//519 557//518 694//518
f 650//517 695//517 693//516
f 648//516 693//516 692//515
f 649//515 692//515 691//514
f 645//514 691//514 690//512
f 689//513 719//546 641//511
f 641//511 719//546 688//510
f 642//510 688//510 687//509
f 643//509 687//509 686//508
f 644//508 686//508 685//507
f 639//506 647//507 685//507
f 637//505 684//505 683//504
f 638//504 683//504 682//503
f 636//503 682//503 681//502
f 635//502 681//502 680//501
f 640//500 634//501 680//501
f 658//499 679//499 678//498
f 656//498 678//498 677//497
f 657//497 677//497 676//496
f 654//496 676//496 675//495
f 655//495 675//495 674//494
f 652//494 674//494 673//493
f 653//493 673//493 672//492
f 659//492 672//492 670//490
f 609//491 651//490 670//490
f 606//489 671//489 669//488
f 607//488 669//488 668//487
f 608//487 668//487 667//486
f 605//486 667//486 665//484
f 610//485 604//484 665//484
f 619//483 666//483 664//482
f 616//482 664//482 663//481
f 611//481 663//481 662//480
f 612//480 662//480 661//479
f 621//479 661//479 660//478
f 675//547 720//547 721//548
f 674//548 721//548 722//549
f 673//549 722//549 723//550
f 672//550 723//550 724//551
f 670//551 724//551 725//552
f 671//552 725//552 726//553
f 669//553 726//553 727//554
f 668//554 727//554 728//555
f 667//555 728//555 729//556
f 665//556 729//556 730//557
f 666//557 730//557 731//558
f 664//558 731//558 732//559
f 663//559 732//559 733//560
f 662//560 733//560 734//561
f 734//561 735//562 660//563
f 735//562 718//562 660//563
f 718//562 735//562 736//564
f 717//564 736//564 737//565
f 716//565 737//565 738//566
f 715//566 738//566 739//567
f 714//567 739//567 740//568
f 713//568 740//568 741//569
f 712//569 741//569 742//570
f 711//570 742//570 743//571
f 710//571 743//571 744//572
f 709//572 744//572 745//573
f 708//573 745//573 746//574
f 707//574 746//574 747//575
f 706//575 747//575 748//576
f 705//576 748//576 749//577
f 704//577 749//577 750//578
f 703//578 750//578 751//579
f 702//579 751//579 752//580
f 701//580 752//580 753//581
f 699//581 753//581 754//582
f 700//582 754//582 755//583
f 698//583 755//583 756//584
f 697//584 756//584 757//585
f 696//585 757//585 758//586
f 694//586 758//586 759//587
f 695//587 759//587 760//588
f 693//588 760//588 761//589
f 692//589 761//589 762//590
f 691//590 762//590 763//591
f 764//592 719//592 689//593
f 689//593 763//591 764//592
f 719//592 764//592 765//594
f 688//594 765//594 766//595
f 687//595 766//595 767//596
f 686//596 767//596 768//597
f 685//597 768//597 769//598
f 684//598 769//598 770//599
f 683//599 770//599 771//600
f 682//600 771//600 772//601
f 681//601 772//601 773//602
f 680//602 773//602 774//603
f 679//603 774//603 775//604
f 678//604 775//604 776//605
f 677//605 776//605 777//606
f 676//606 777//606 720//547
f 720//547 675//547 676//606
f 777//606 676//606 677//605
f 776//605 677//605 678//604
f 775//604 678//604 679//603
f 774//603 679//603 680//602
f 773//602 680//602 681//601
f 772//601 681//601 682//600
f 771//600 682//600 683//599
f 770//599 683//599 684//598
f 769//598 684//598 685//597
f 768//597 685//597 686//596
f 767//596 686//596 687//595
f 766//595 687//595 688//594
f 765//594 688//594 719//592
f 689//593 690//607 763//591
f 763//591 690//607 691//590
f 762//590 691//590 692//589
f 761//589 692//589 693//588
f 760//588 693//588 695//587
f 759//587 695//587 694//586
f 758//586 694//586 696//585
f 757//585 696//585 697//584
f 756//584 697//584 698//583
f 755//583 698//583 700//582
f 754//582 700//582 699//581
f 753//581 699//581 701//580
f 752//580 701//580 702//579
f 751//579 702//579 703//578
f 750//578 703//578 704//577
f 749//577 704//577 705//576
f 748//576 705//576 706//575
f 747//575 706//575 707//574
f 746//574 707//574 708//573
f 745//573 708//573 709//572
f 744//572 709//572 710//571
f 743//571 710//571 711//570
f 742//570 711//570 712//569
f 741//569 712//569 713//568
f 740//568 713//568 714//567
f 739//567 714//567 715//566
f 738//566 715//566 716//565
f 737//565 716//565 717//564
f 736//564 717//564 718//562
f 660//563 661//608 734//561
f 734//561 661//608 662//560
f 733//560 662//560 663//559
f 732//559 663//559 664//558
f 731//558 664//558 666//557
f 730//557 666//557 665//556
f 729//556 665//556 667//555
f 728//555 667//555 668//554
f 727//554 668//554 669//553
f 726//553 669//553 671//552
f 725//552 671//552 670//551
f 724//551 670//551 672//550
f 723//550 672//550 673//549
f 722//549 673//549 674//548
f 721//548 674//548 675//547
f 728//609 727//609 778//609
f 728//609 779//609 780//609
f 728//609 781//609 782//609
f 778//609 783//609 728//609
f 728//609 784//609 785//609
f 757//609 786//609 787//609
f 728//609 788//609 779//609
f 783//609 781//609 728//609
f 728//609 789//609 784//609
f 741//609 790//609 791//609
f 757//609 792//609 786//609
f 757//609 756//609 793//609
f 782//609 788//609 728//609
f 728//609 794//609 789//609
f 728//609 795//609 796//609
f 732//609 797//609 798//609
f 732//609 731//609 799//609
f 800//609 801//609 735//609
f 741//609 802//609 790//609
f 757//609 803//609 792//609
f 793//609 804//609 757//609
f 757//609 805//609 806//609
f 778//609 726//609 725//609
f 780//609 795//609 728//609
f 796//609 794//609 728//609
f 799//609 731//609 730//609
f 799//609 797//609 732//609
f 801//609 736//609 735//609
f 741//609 807//609 808//609
f 741//609 740//609 809//609
f 741//609 810//609 802//609
f 741//609 811//609 812//609
f 804//609 803//609 757//609
f 757//609 813//609 805//609
f 760//609 814//609 815//609
f 760//609 816//609 817//609
f 767//609 818//609 819//609
f 767//609 766//609 820//609
f 770//609 821//609 822//609
f 778//609 723//609 722//609
f 725//609 724//609 778//609
f 785//609 729//609 728//609
f 798//609 823//609 732//609
f 732//609 823//609 800//609
f 735//609 734//609 800//609
f 738//609 824//609 825//609
f 738//609 737//609 826//609
f 741//609 827//609 807//609
f 809//609 828//609 741//609
f 812//609 810//609 741//609
f 741//609 829//609 830//609
f 793//609 750//609 749//609
f 793//609 752//609 751//609
f 787//609 831//609 757//609
f 757//609 832//609 813//609
f 757//609 833//609 834//609
f 816//609 760//609 759//609
f 817//609 814//609 760//609
f 761//609 815//609 835//609
f 836//609 764//609 763//609
f 766//609 765//609 836//609
f 820//609 818//609 767//609
f 837//609 838//609 768//609
f 770//609 769//609 838//609
f 770//609 839//609 840//609
f 770//609 841//609 842//609
f 822//609 843//609 770//609
f 722//609 721//609 778//609
f 727//609 726//609 778//609
f 730//609 785//609 799//609
f 734//609 733//609 800//609
f 737//609 736//609 801//609
f 826//609 824//609 738//609
f 844//609 809//609 739//609
f 828//609 827//609 741//609
f 830//609 811//609 741//609
f 791//609 745//609 744//609
f 791//609 747//609 746//609
f 791//609 749//609 748//609
f 751//609 750//609 793//609
f 831//609 833//609 757//609
f 834//609 832//609 757//609
f 759//609 806//609 816//609
f 835//609 762//609 761//609
f 763//609 835//609 836//609
f 819//609 837//609 767//609
f 838//609 769//609 768//609
f 838//609 845//609 770//609
f 842//609 839//609 770//609
f 770//609 846//609 821//609
f 724//609 723//609 778//609
f 800//609 733//609 732//609
f 825//609 844//609 738//609
f 809//609 740//609 739//609
f 791//609 742//609 741//609
f 746//609 745//609 791//609
f 749//609 791//609 793//609
f 806//609 758//609 757//609
f 815//609 761//609 760//609
f 836//609 765//609 764//609
f 768//609 767//609 837//609
f 770//609 847//609 848//609
f 845//609 849//609 770//609
f 843//609 841//609 770//609
f 840//609 778//609 720//609
f 730//609 729//609 785//609
f 739//609 738//609 844//609
f 791//609 743//609 742//609
f 748//609 747//609 791//609
f 759//609 758//609 806//609
f 836//609 820//609 766//609
f 849//609 847//609 770//609
f 840//609 772//609 771//609
f 840//609 776//609 775//609
f 720//609 777//609 840//609
f 801//609 826//609 737//609
f 744//609 743//609 791//609
f 793//609 755//609 754//609
f 763//609 762//609 835//609
f 840//609 771//609 770//609
f 840//609 774//609 773//609
f 777//609 776//609 840//609
f 808//609 829//609 741//609
f 754//609 753//609 793//609
f 848//609 846//609 770//609
f 775//609 774//609 840//609
f 753//609 752//609 793//609
f 773//609 772//609 840//609
f 756//609 755//609 793//609
f 721//609 720//609 778//609
f 799//610 850//610 851//611
f 797//611 851//611 852//612
f 798//612 852//612 853//613
f 823//613 853//613 854//614
f 854//614 800//614 823//613
f 853//613 823//613 798//612
f 852//612 798//612 797//611
f 851//611 797//611 799//610
f 854//614 855//614 801//614
f 801//614 800//614 854//614
f 801//614 855//614 856//615
f 826//615 856//615 857//616
f 824//616 857//616 858//617
f 825//617 858//617 859//618
f 859//618 844//618 825//617
f 858//617 825//617 824//616
f 857//616 824//616 826//615
f 856//615 826//615 801//614
f 793//619 791//619 860//619
f 860//619 861//619 793//619
f 804//620 793//619 861//619
f 861//619 862//621 804//620
f 803//622 804//620 863//623
f 863//623 864//624 803//622
f 792//625 803//622 865//626
f 865//626 866//627 792//625
f 786//628 867//629 868//630
f 786//628 792//625 869//631
f 869//631 867//629 786//628
f 787//632 786//628 870//633
f 870//633 871//634 787//632
f 831//635 787//632 872//636
f 872//636 873//637 831//635
f 833//638 831//635 874//639
f 874//639 875//640 833//638
f 834//641 833//638 876//642
f 876//642 877//643 834//641
f 832//644 834//641 878//645
f 813//646 832//644 879//647
f 879//647 880//648 813//646
f 805//649 813//646 881//650
f 881//650 882//651 805//649
f 806//652 805//649 883//653
f 883//653 884//654 806//652
f 884//654 885//655 806//652
f 882//651 883//653 805//649
f 880//648 881//650 813//646
f 878//645 879//647 832//644
f 877//643 878//645 834//641
f 875//640 876//642 833//638
f 873//637 874//639 831//635
f 871//634 872//636 787//632
f 868//630 870//633 786//628
f 866//627 869//631 792//625
f 864//624 865//626 803//622
f 862//621 863//623 804//620
f 816//655 886//655 887//656
f 817//656 887//656 888//657
f 814//657 888//657 889//658
f 815//658 889//658 890//659
f 890//659 835//659 815//658
f 889//658 815//658 814//657
f 888//657 814//657 817//656
f 887//656 817//656 816//655
f 835//659 890//659 891//659
f 891//659 836//659 835//659
f 836//659 891//659 892//660
f 820//660 892//660 893//661
f 818//661 893//661 894//662
f 819//662 894//662 895//663
f 895//663 837//663 819//662
f 894//662 819//662 818//661
f 893//661 818//661 820//660
f 892//660 820//660 836//659
f 778//664 840//664 896//664
f 896//664 897//664 778//664
f 783//665 778//664 897//664
f 897//664 898//666 783//665
f 781//667 783//665 899//668
f 899//668 900//669 781//667
f 782//670 781//667 901//671
f 901//671 902//672 782//670
f 788//673 903//674 904//675
f 788//673 782//670 905//676
f 905//676 903//674 788//673
f 779//677 788//673 906//678
f 906//678 907//679 779//677
f 780//680 779//677 908//681
f 908//681 909//682 780//680
f 795//683 780//680 910//684
f 910//684 911//685 795//683
f 796//686 795//683 912//687
f 912//687 913//688 796//686
f 794//689 796//686 914//690
f 789//691 794//689 915//692
f 915//692 916//693 789//691
f 784//694 789//691 917//695
f 917//695 918//696 784//694
f 785//697 784//694 919//698
f 919//698 920//699 785//697
f 920//699 921//700 785//697
f 918//696 919//698 784//694
f 916//693 917//695 789//691
f 914//690 915//692 794//689
f 913//688 914//690 796//686
f 911//685 912//687 795//683
f 909//682 910//684 780//680
f 907//679 908//681 779//677
f 904//675 906//678 788//673
f 902//672 905//676 782//670
f 900//669 901//671 781//667
f 898//666 899//668 783//665
f 922//701 809//701 923//701
f 844//701 859//701 923//701
f 923//701 809//701 844//701
f 923//701 924//701 922//701
f 809//701 922//701 925//702
f 828//702 925//702 926//703
f 827//703 926//703 927//704
f 807//704 928//705 929//706
f 807//704 930//707 928//705
f 807//704 927//704 931//708
f 931//708 930//707 807//704
f 829//709 932//710 933//711
f 933//711 934//712 829//709
f 808//713 929//706 932//710
f 932//710 829//709 808//713
f 829//709 935//714 936//715
f 829//709 937//716 938//717
f 829//709 939//718 940//719
f 829//709 941//720 939//718
f 940//719 937//716 829//709
f 938//717 935//714 829//709
f 830//721 942//722 943//723
f 830//721 944//724 945//725
f 945//725 942//722 830//721
f 830//721 936//715 944//724
f 811//726 946//727 947//728
f 811//726 943//723 946//727
f 812//728 948//729 949//730
f 812//728 947//728 948//729
f 810//730 950//731 951//732
f 810//730 949//730 950//731
f 802//732 952//733 953//734
f 802//732 951//732 952//733
f 790//734 954//735 860//736
f 790//734 953//734 954//735
f 860//736 791//736 790//734
f 953//734 790//734 802//732
f 951//732 802//732 810//730
f 949//730 810//730 812//728
f 947//728 812//728 811//726
f 943//723 811//726 830//721
f 936//715 830//721 829//709
f 934//712 941//720 829//709
f 929//706 808//713 807//704
f 927//704 807//704 827//703
f 926//703 827//703 828//702
f 925//702 828//702 809//701
f 955//737 860//737 954//737
f 954//737 953//737 955//737
f 953//737 952//737 955//737
f 952//737 951//737 955//737
f 951//737 950//737 955//737
f 956//737 863//737 862//737
f 950//737 949//737 955//737
f 956//737 864//737 863//737
f 949//737 948//737 955//737
f 956//737 865//737 864//737
f 948//737 947//737 955//737
f 956//737 866//737 865//737
f 947//737 946//737 955//737
f 956//737 869//737 866//737
f 860//737 957//737 958//737
f 946//737 943//737 955//737
f 956//737 867//737 869//737
f 958//737 959//737 860//737
f 943//737 942//737 955//737
f 956//737 861//737 860//737
f 956//737 868//737 867//737
f 955//737 957//737 860//737
f 862//737 861//737 956//737
f 860//737 960//737 956//737
f 959//737 960//737 860//737
f 961//738 896//738 962//738
f 962//738 963//738 961//738
f 963//738 964//738 961//738
f 964//738 965//738 961//738
f 965//738 966//738 961//738
f 966//738 967//738 961//738
f 967//738 968//738 961//738
f 969//738 899//738 898//738
f 968//738 970//738 961//738
f 969//738 900//738 899//738
f 970//738 971//738 961//738
f 969//738 901//738 900//738
f 896//738 972//738 973//738
f 971//738 974//738 961//738
f 969//738 902//738 901//738
f 973//738 975//738 896//738
f 974//738 976//738 961//738
f 969//738 905//738 902//738
f 961//738 972//738 896//738
f 969//738 897//738 896//738
f 969//738 903//738 905//738
f 896//738 977//738 969//738
f 969//738 904//738 903//738
f 898//738 897//738 969//738
f 975//738 977//738 896//738
f 838//739 978//739 979//740
f 845//740 979//740 980//741
f 849//741 980//741 981//742
f 847//742 982//743 983//744
f 847//742 984//745 982//743
f 847//742 981//742 985//746
f 985//746 984//745 847//742
f 846//747 986//748 987//749
f 987//749 988//750 846//747
f 848//751 983//744 986//748
f 986//748 846//747 848//751
f 846//747 989//752 990//753
f 846//747 991//754 992//755
f 846//747 993//756 994//757
f 846//747 995//758 993//756
f 994//757 991//754 846//747
f 992//755 989//752 846//747
f 821//759 976//760 974//761
f 821//759 996//762 997//763
f 997//763 976//760 821//759
f 821//759 990//753 996//762
f 822//764 971//765 970//766
f 822//764 974//761 971//765
f 843//766 968//767 967//768
f 843//766 970//766 968//767
f 841//768 966//769 965//770
f 841//768 967//768 966//769
f 842//770 964//771 963//772
f 842//770 965//770 964//771
f 839//772 962//773 896//774
f 839//772 963//772 962//773
f 896//774 840//774 839//772
f 963//772 839//772 842//770
f 965//770 842//770 841//768
f 967//768 841//768 843//766
f 970//766 843//766 822//764
f 974//761 822//764 821//759
f 990//753 821//759 846//747
f 988//750 995//758 846//747
f 983//744 848//751 847//742
f 981//742 847//742 849//741
f 980//741 849//741 845//740
f 979//740 845//740 838//739
f 978//775 838//775 998//775
f 837//775 895//775 998//775
f 998//775 838//775 837//775
f 998//775 999//775 978//775
f 1000//776 1001//777 1002//778
f 1002//778 921//779 1000//776
f 921//779 920//780 1000//776
f 1003//781 1004//782 920//780
f 920//780 919//783 1003//781
f 919//783 918//784 1003//781
f 1005//785 1006//786 918//784
f 918//784 917//787 1005//785
f 917//787 916//788 1005//785
f 1007//789 1005//785 916//788
f 1008//790 1007//789 915//791
f 915//791 914//792 1008//790
f 914//792 913//793 1008//790
f 1009//794 1008//790 913//793
f 1010//795 1009//794 912//796
f 912//796 911//795 1010//795
f 1011//797 1010//795 911//795
f 911//795 910//798 1011//797
f 909//799 1012//799 1011//797
f 908//800 1013//801 1012//799
f 1012//799 909//799 908//800
f 907//802 1014//802 1013//801
f 906//803 1015//804 1014//802
f 1014//802 907//802 906//803
f 904//805 969//805 1015//804
f 906//803 904//805 1015//804
f 908//800 907//802 1013//801
f 910//798 909//799 1011//797
f 913//793 912//796 1009//794
f 916//788 915//791 1007//789
f 1006//786 1003//781 918//784
f 1004//782 1000//776 920//780
f 1001//777 1016//806 1002//778
f 1017//807 1018//808 1019//809
f 1019//809 885//810 1017//807
f 885//810 884//811 1017//807
f 1020//812 1021//813 884//811
f 884//811 883//814 1020//812
f 883//814 882//815 1020//812
f 1022//816 1023//817 882//815
f 882//815 881//818 1022//816
f 881//818 880//819 1022//816
f 1024//820 1022//816 880//819
f 1025//821 1024//820 879//822
f 879//822 878//823 1025//821
f 878//823 877//824 1025//821
f 1026//825 1025//821 877//824
f 1027//826 1026//825 876//827
f 876//827 875//826 1027//826
f 1028//828 1027//826 875//826
f 875//826 874//829 1028//828
f 873//830 1029//830 1028//828
f 872//831 1030//832 1029//830
f 1029//830 873//830 872//831
f 871//833 1031//833 1030//832
f 870//834 1032//835 1031//833
f 1031//833 871//833 870//834
f 868//836 956//836 1032//835
f 870//834 868//836 1032//835
f 872//831 871//833 1030//832
f 874//829 873//830 1028//828
f 877//824 876//827 1026//825
f 880//819 879//822 1024//820
f 1023//817 1020//812 882//815
f 1021//813 1017//807 884//811
f 1018//808 1033//837 1019//809
f 1066//838 1067//839 1034//840
f 1034//840 1035//841 1066//838
f 1068//842 1067//839 1066//838
f 1069//843 1068//842 1070//844
f 1071//845 1069//843 1072//846
f 1073//847 1071//845 1074//848
f 1075//849 1073//847 1076//850
f 1077//851 1075//849 1078//852
f 1079//853 1077//851 1080//854
f 972//855 961//855 1079//853
f 1066//838 1036//856 1037//857
f 1037//857 1081//858 1066//838
f 1070//844 1066//838 1081//858
f 1072//846 1070//844 1082//859
f 1074//848 1072//846 1083//860
f 1076//850 1074//848 1084//861
f 1078//852 1076//850 1085//862
f 1080//854 1078//852 1086//863
f 1087//864 1080//854 1088//865
f 1087//864 1089//866 973//867
f 1081//858 1038//868 1039//869
f 1039//869 1090//870 1081//858
f 1082//859 1081//858 1090//870
f 1083//860 1082//859 1091//871
f 1084//861 1083//860 1092//872
f 1085//862 1084//861 1093//873
f 1086//863 1085//862 1094//874
f 1088//865 1086//863 1095//875
f 1089//866 1088//865 1096//876
f 975//877 973//867 1089//866
f 1040//878 1041//879 1042//880
f 1041//879 1040//878 1043//881
f 1043//881 1040//878 1044//882
f 1044//882 1045//883 1043//881
f 1043//881 1046//884 1041//879
f 1090//870 1047//885 1048//886
f 1090//870 1042//880 1047//885
f 1091//871 1049//887 1050//888
f 1091//871 1051//889 1049//887
f 1091//871 1048//886 1051//889
f 1093//873 1092//872 1052//890
f 1092//872 1050//888 1052//890
f 1093//873 1053//891 1054//892
f 1054//892 1094//874 1093//873
f 1093//873 1055//893 1053//891
f 1094//874 1056//894 1057//895
f 1057//895 1095//875 1094//874
f 1095//875 1058//896 1059//897
f 1059//897 1096//876 1095//875
f 1095//875 1060//898 1058//896
f 1061//899 1097//900 1096//876
f 1096//876 1062//901 1061//899
f 975//877 1097//900 1063//902
f 1063//902 1064//903 975//877
f 961//855 997//904 996//905
f 961//855 976//906 997//904
f 1079//853 990//907 989//908
f 1079//853 996//905 990//907
f 1077//851 992//909 991//910
f 1077//851 989//908 992//909
f 1075//849 991//910 994//911
f 1073//847 995//912 988//913
f 1073//847 993//914 995//912
f 1073//847 994//911 993//914
f 1071//845 988//913 987//915
f 1069//843 987//915 986//916
f 1068//842 982//917 984//918
f 1068//842 986//916 983//919
f 983//919 982//917 1068//842
f 1067//839 984//918 1065//920
f 984//918 985//921 1065//920
f 1065//920 1034//840 1067//839
f 984//918 1067//839 1068//842
f 986//916 1068//842 1069//843
f 987//915 1069//843 1071//845
f 988//913 1071//845 1073//847
f 994//911 1073//847 1075//849
f 991//910 1075//849 1077//851
f 989//908 1077//851 1079//853
f 996//905 1079//853 961//855
f 1064//903 977//922 975//877
f 1061//899 1063//902 1097//900
f 1059//897 1062//901 1096//876
f 1057//895 1060//898 1095//875
f 1054//892 1056//894 1094//874
f 1052//890 1055//893 1093//873
f 1050//888 1092//872 1091//871
f 1048//886 1091//871 1090//870
f 1042//880 1090//870 1040//878
f 1089//866 1097//900 975//877
f 1096//876 1097//900 1089//866
f 1095//875 1096//876 1088//865
f 1094//874 1095//875 1086//863
f 1093//873 1094//874 1085//862
f 1092//872 1093//873 1084//861
f 1091//871 1092//872 1083//860
f 1090//870 1091//871 1082//859
f 1039//869 1040//878 1090//870
f 973//867 972//855 1087//864
f 1088//865 1089//866 1087//864
f 1086//863 1088//865 1080//854
f 1085//862 1086//863 1078//852
f 1084//861 1085//862 1076//850
f 1083//860 1084//861 1074//848
f 1082//859 1083//860 1072//846
f 1081//858 1082//859 1070//844
f 1037//857 1038//868 1081//858
f 1079//853 1087//864 972//855
f 1080//854 1087//864 1079//853
f 1078//852 1080//854 1077//851
f 1076//850 1078//852 1075//849
f 1074//848 1076//850 1073//847
f 1072//846 1074//848 1071//845
f 1070//844 1072//846 1069//843
f 1066//838 1070//844 1068//842
f 1035//841 1036//856 1066//838
f 1130//923 1131//924 1098//925
f 1098//925 1099//926 1130//923
f 1132//927 1131//924 1130//923
f 1133//928 1132//927 1134//929
f 1135//930 1133//928 1136//931
f 1137//932 1135//930 1138//933
f 1139//934 1137//932 1140//935
f 1141//936 1139//934 1142//937
f 1143//938 1141//936 1144//939
f 957//940 955//940 1143//938
f 1130//923 1100//941 1101//942
f 1101//942 1145//943 1130//923
f 1134//929 1130//923 1145//943
f 1136//931 1134//929 1146//944
f 1138//933 1136//931 1147//945
f 1140//935 1138//933 1148//946
f 1142//937 1140//935 1149//947
f 1144//939 1142//937 1150//948
f 1151//949 1144//939 1152//950
f 1151//949 1153//951 958//952
f 1145//943 1102//953 1103//954
f 1103//954 1154//955 1145//943
f 1146//944 1145//943 1154//955
f 1147//945 1146//944 1155//956
f 1148//946 1147//945 1156//957
f 1149//947 1148//946 1157//958
f 1150//948 1149//947 1158//959
f 1152//950 1150//948 1159//960
f 1153//951 1152//950 1160//961
f 959//962 958//952 1153//951
f 1104//963 1105//964 1106//965
f 1105//964 1104//963 1107//966
f 1107//966 1104//963 1108//967
f 1108//967 1109//968 1107//966
f 1107//966 1110//969 1105//964
f 1154//955 1111//970 1112//971
f 1154//955 1106//965 1111//970
f 1155//956 1113//972 1114//973
f 1155//956 1115//974 1113//972
f 1155//956 1112//971 1115//974
f 1157//958 1156//957 1116//975
f 1156//957 1114//973 1116//975
f 1157//958 1117//976 1118//977
f 1118//977 1158//959 1157//958
f 1157//958 1119//978 1117//976
f 1158//959 1120//979 1121//980
f 1121//980 1159//960 1158//959
f 1159//960 1122//981 1123//982
f 1123//982 1160//961 1159//960
f 1159//960 1124//983 1122//981
f 1125//984 1161//985 1160//961
f 1160//961 1126//986 1125//984
f 959//962 1161//985 1127//987
f 1127//987 1128//988 959//962
f 955//940 945//989 944//990
f 955//940 942//991 945//989
f 1143//938 936//992 935//993
f 1143//938 944//990 936//992
f 1141//936 938//994 937//995
f 1141//936 935//993 938//994
f 1139//934 937//995 940//996
f 1137//932 941//997 934//998
f 1137//932 939//999 941//997
f 1137//932 940//996 939//999
f 1135//930 934//998 933//1000
f 1133//928 933//1000 932//1001
f 1132//927 928//1002 930//1003
f 1132//927 932//1001 929//1004
f 929//1004 928//1002 1132//927
f 1131//924 930//1003 1129//1005
f 930//1003 931//1006 1129//1005
f 1129//1005 1098//925 1131//924
f 930//1003 1131//924 1132//927
f 932//1001 1132//927 1133//928
f 933//1000 1133//928 1135//930
f 934//998 1135//930 1137//932
f 940//996 1137//932 1139//934
f 937//995 1139//934 1141//936
f 935//993 1141//936 1143//938
f 944//990 1143//938 955//940
f 1128//988 960//1007 959//962
f 1125//984 1127//987 1161//985
f 1123//982 1126//986 1160//961
f 1121//980 1124//983 1159//960
f 1118//977 1120//979 1158//959
f 1116//975 1119//978 1157//958
f 1114//973 1156//957 1155//956
f 1112//971 1155//956 1154//955
f 1106//965 1154//955 1104//963
f 1153//951 1161//985 959//962
f 1160//961 1161//985 1153//951
f 1159//960 1160//961 1152//950
f 1158//959 1159//960 1150//948
f 1157//958 1158//959 1149//947
f 1156//957 1157//958 1148//946
f 1155//956 1156//957 1147//945
f 1154//955 1155//956 1146//944
f 1103//954 1104//963 1154//955
f 958//952 957//940 1151//949
f 1152//950 1153//951 1151//949
f 1150//948 1152//950 1144//939
f 1149//947 1150//948 1142//937
f 1148//946 1149//947 1140//935
f 1147//945 1148//946 1138//933
f 1146//944 1147//945 1136//931
f 1145//943 1146//944 1134//929
f 1101//942 1102//953 1145//943
f 1143//938 1151//949 957//940
f 1144//939 1151//949 1143//938
f 1142//937 1144//939 1141//936
f 1140//935 1142//937 1139//934
f 1138//933 1140//935 1137//932
f 1136//931 1138//933 1135//930
f 1134//929 1136//931 1133//928
f 1130//923 1134//929 1132//927
f 1099//926 1100//941 1130//923
f 1162//1008 1163//1009 1164//1010
f 1162//1008 1165//1011 1163//1009
f 1166//1010 1164//1010 1167//1012
f 1168//1012 1169//1013 1170//1014
f 1168//1012 1167//1012 1169//1013
f 1171//1014 1172//1015 1173//1016
f 1171//1014 1170//1014 1172//1015
f 1174//1016 1175//1017 1176//1018
f 1174//1016 1173//1016 1175//1017
f 1177//1018 1178//1019 1179//1020
f 1177//1018 1176//1018 1178//1019
f 1180//1020 1181//1021 1182//1022
f 1180//1020 1179//1020 1181//1021
f 1183//1022 1184//1023 1185//1024
f 1183//1022 1186//1025 1184//1023
f 1183//1022 1182//1022 1186//1025
f 998//1026 1187//1027 1188//1028
f 1187//1027 1185//1024 1188//1028
f 1188//1028 999//1029 998//1026
f 1185//1024 1187//1027 1183//1022
f 1182//1022 1183//1022 1180//1020
f 1179//1020 1180//1020 1177//1018
f 1176//1018 1177//1018 1174//1016
f 1173//1016 1174//1016 1171//1014
f 1170//1014 1171//1014 1168//1012
f 1167//1012 1168//1012 1166//1010
f 1164//1010 1166//1010 1162//1008
f 1189//1030 1190//1031 1191//1032
f 1189//1030 1192//1033 1190//1031
f 1193//1032 1191//1032 1194//1034
f 1195//1034 1196//1035 1197//1036
f 1195//1034 1194//1034 1196//1035
f 1198//1036 1199//1037 1200//1038
f 1198//1036 1197//1036 1199//1037
f 1201//1039 1202//1040 1203//1041
f 1201//1039 1200//1038 1202//1040
f 1204//1041 1205//1042 1206//1043
f 1204//1041 1203//1041 1205//1042
f 1207//1043 1208//1044 1209//1045
f 1207//1043 1206//1043 1208//1044
f 1210//1045 1211//1046 1212//1047
f 1210//1045 1209//1045 1211//1046
f 1213//1047 1212//1047 1214//1048
f 1214//1048 923//1049 1213//1047
f 1214//1048 924//1049 923//1049
f 1212//1047 1213//1047 1210//1045
f 1209//1045 1210//1045 1207//1043
f 1206//1043 1207//1043 1204//1041
f 1203//1041 1204//1041 1201//1039
f 1200//1038 1201//1039 1198//1036
f 1197//1036 1198//1036 1195//1034
f 1194//1034 1195//1034 1193//1032
f 1191//1032 1193//1032 1189//1030
f 1002//1050 1016//1050 1215//1050
f 1215//1050 1216//1050 1002//1050
f 1002//1051 1216//1051 1217//1051
f 1217//1051 785//1051 1002//1051
f 799//1051 785//1051 1217//1051
f 785//1051 921//1051 1002//1051
f 1216//1051 1218//1051 1217//1051
f 1217//1051 850//1051 799//1051
f 1219//1052 1217//1051 1220//1053
f 1217//1051 1218//1054 1220//1053
f 1221//1055 1219//1052 1222//1056
f 1222//1056 1223//1057 1221//1055
f 1224//1058 1221//1055 1225//1059
f 1225//1059 1226//1060 1224//1058
f 1227//1061 1224//1058 1228//1062
f 1228//1062 1229//1063 1227//1061
f 1230//1064 1227//1061 1231//1065
f 1231//1065 1232//1066 1230//1064
f 1233//1067 1230//1064 1234//1068
f 1234//1068 1235//1069 1233//1067
f 1236//1070 1233//1067 1237//1071
f 1237//1071 1238//1072 1236//1070
f 1239//1073 1236//1070 1240//1074
f 1241//1075 1239//1073 1242//1076
f 1243//1077 1241//1075 1244//1078
f 1245//1079 1243//1077 1246//1080
f 1246//1080 1247//1081 1245//1079
f 1248//1082 1245//1079 1249//1083
f 1250//1084 1248//1082 1251//1085
f 1252//1086 1250//1084 1253//1087
f 1254//1088 1252//1086 1255//1089
f 1255//1089 1256//1090 1254//1088
f 1257//1091 1254//1088 1258//1092
f 1259//1093 1257//1091 1260//1094
f 1261//1095 1259//1093 1262//1096
f 1262//1096 1263//1095 1261//1095
f 1260//1094 1262//1096 1259//1093
f 1258//1092 1260//1094 1257//1091
f 1256//1090 1258//1092 1254//1088
f 1253//1087 1255//1089 1252//1086
f 1251//1085 1253//1087 1250//1084
f 1249//1083 1251//1085 1248//1082
f 1247//1081 1249//1083 1245//1079
f 1244//1078 1246//1080 1243//1077
f 1242//1076 1244//1078 1241//1075
f 1240//1074 1242//1076 1239//1073
f 1238//1072 1240//1074 1236//1070
f 1235//1069 1237//1071 1233//1067
f 1232//1066 1234//1068 1230//1064
f 1229//1063 1231//1065 1227//1061
f 1226//1060 1228//1062 1224//1058
f 1223//1057 1225//1059 1221//1055
f 1220//1053 1222//1056 1219//1052
f 1264//1097 1265//1098 1266//1098
f 1266//1098 1267//1099 1264//1097
f 1268//1100 1269//1101 1265//1098
f 1265//1098 1270//1100 1268//1100
f 1271//1102 1272//1103 1270//1100
f 1270//1100 1273//1102 1271//1102
f 1274//1104 1275//1105 1273//1102
f 1273//1102 1276//1104 1274//1104
f 1277//1106 1278//1107 1276//1104
f 1276//1104 1279//1106 1277//1106
f 1280//1108 1281//1109 1279//1106
f 1279//1106 1282//1108 1280//1108
f 1283//1110 1280//1108 1282//1108
f 1284//1111 1285//1112 1283//1110
f 1286//1113 1262//1114 1260//1115
f 1260//1115 1258//1116 1286//1113
f 1286//1113 1263//1117 1262//1114
f 1286//1113 1285//1112 1284//1111
f 1284//1111 1263//1117 1286//1113
f 1256//1118 1287//1119 1286//1113
f 1288//1120 1251//1121 1249//1122
f 1288//1120 1287//1119 1256//1118
f 1256//1118 1255//1123 1288//1120
f 1255//1123 1253//1124 1288//1120
f 1253//1124 1251//1121 1288//1120
f 1247//1125 1289//1126 1288//1120
f 1290//1127 1242//1128 1240//1129
f 1290//1127 1244//1130 1242//1128
f 1290//1127 1246//1131 1244//1130
f 1246//1131 1290//1127 1289//1126
f 1289//1126 1247//1125 1246//1131
f 1238//1132 1291//1133 1290//1127
f 1226//1134 1292//1135 1291//1133
f 1291//1133 1231//1136 1229//1137
f 1291//1133 1232//1138 1231//1136
f 1291//1133 1234//1139 1232//1138
f 1291//1133 1235//1140 1234//1139
f 1291//1133 1238//1132 1237//1141
f 1237//1141 1235//1140 1291//1133
f 1229//1137 1228//1142 1291//1133
f 1226//1134 1293//1143 1292//1135
f 1293//1143 1218//1144 1216//1145
f 1293//1143 1222//1146 1220//1147
f 1293//1143 1223//1148 1222//1146
f 1293//1143 1226//1134 1225//1149
f 1225//1149 1223//1148 1293//1143
f 1220//1147 1218//1144 1293//1143
f 1216//1145 1215//1150 1294//1151
f 1216//1145 1294//1151 1293//1143
f 1291//1133 1228//1142 1226//1134
f 1240//1129 1238//1132 1290//1127
f 1249//1122 1247//1125 1288//1120
f 1258//1116 1256//1118 1286//1113
f 1282//1108 1284//1111 1283//1110
f 1281//1109 1277//1106 1279//1106
f 1278//1107 1274//1104 1276//1104
f 1275//1105 1271//1102 1273//1102
f 1272//1103 1268//1100 1270//1100
f 1269//1101 1266//1098 1265//1098
f 1267//1099 1295//1152 1264//1097
f 1261//1153 1270//1153 1265//1153
f 1261//1153 1273//1153 1270//1153
f 1261//1153 1276//1153 1273//1153
f 1261//1153 1279//1153 1276//1153
f 1261//1153 1284//1153 1282//1153
f 1296//1153 1261//1153 1264//1153
f 1282//1153 1279//1153 1261//1153
f 1265//1153 1264//1153 1261//1153
f 1261//1153 1263//1153 1284//1153
f 1264//1153 1297//1153 1296//1153
f 1019//1154 1033//1154 1298//1154
f 1298//1154 1299//1154 1019//1154
f 1019//1155 1299//1155 1300//1155
f 1300//1155 806//1155 1019//1155
f 816//1155 806//1155 1300//1155
f 806//1155 885//1155 1019//1155
f 1299//1155 1301//1155 1300//1155
f 1300//1155 886//1155 816//1155
f 1302//1156 1300//1155 1303//1157
f 1300//1155 1301//1158 1303//1157
f 1304//1159 1302//1156 1305//1160
f 1305//1160 1306//1161 1304//1159
f 1307//1162 1304//1159 1308//1163
f 1308//1163 1309//1164 1307//1162
f 1310//1165 1307//1162 1311//1166
f 1311//1166 1312//1167 1310//1165
f 1313//1168 1310//1165 1314//1169
f 1314//1169 1315//1170 1313//1168
f 1316//1171 1313//1168 1317//1172
f 1317//1172 1318//1173 1316//1171
f 1319//1174 1316//1171 1320//1175
f 1320//1175 1321//1176 1319//1174
f 1322//1177 1319//1174 1323//1178
f 1324//1179 1322//1177 1325//1180
f 1326//1181 1324//1179 1327//1182
f 1328//1183 1326//1181 1329//1184
f 1329//1184 1330//1185 1328//1183
f 1331//1186 1328//1183 1332//1187
f 1333//1188 1331//1186 1334//1189
f 1335//1190 1333//1188 1336//1191
f 1337//1192 1335//1190 1338//1193
f 1338//1193 1339//1194 1337//1192
f 1340//1195 1337//1192 1341//1196
f 1342//1197 1340//1195 1343//1198
f 1344//1199 1342//1197 1345//1200
f 1345//1200 1346//1199 1344//1199
f 1343//1198 1345//1200 1342//1197
f 1341//1196 1343//1198 1340//1195
f 1339//1194 1341//1196 1337//1192
f 1336//1191 1338//1193 1335//1190
f 1334//1189 1336//1191 1333//1188
f 1332//1187 1334//1189 1331//1186
f 1330//1185 1332//1187 1328//1183
f 1327//1182 1329//1184 1326//1181
f 1325//1180 1327//1182 1324//1179
f 1323//1178 1325//1180 1322//1177
f 1321//1176 1323//1178 1319//1174
f 1318//1173 1320//1175 1316//1171
f 1315//1170 1317//1172 1313//1168
f 1312//1167 1314//1169 1310//1165
f 1309//1164 1311//1166 1307//1162
f 1306//1161 1308//1163 1304//1159
f 1303//1157 1305//1160 1302//1156
f 1347//1201 1348//1202 1349//1202
f 1349//1202 1350//1203 1347//1201
f 1351//1204 1352//1205 1348//1202
f 1348//1202 1353//1204 1351//1204
f 1354//1206 1355//1207 1353//1204
f 1353//1204 1356//1206 1354//1206
f 1357//1208 1358//1209 1356//1206
f 1356//1206 1359//1208 1357//1208
f 1360//1210 1361//1211 1359//1208
f 1359//1208 1362//1210 1360//1210
f 1363//1212 1364//1213 1362//1210
f 1362//1210 1365//1212 1363//1212
f 1366//1214 1363//1212 1365//1212
f 1367//1215 1368//1216 1366//1214
f 1369//1217 1345//1218 1343//1219
f 1343//1219 1341//1220 1369//1217
f 1369//1217 1346//1221 1345//1218
f 1369//1217 1368//1216 1367//1215
f 1367//1215 1346//1221 1369//1217
f 1339//1222 1370//1223 1369//1217
f 1371//1224 1334//1225 1332//1226
f 1371//1224 1370//1223 1339//1222
f 1339//1222 1338//1227 1371//1224
f 1338//1227 1336//1228 1371//1224
f 1336//1228 1334//1225 1371//1224
f 1330//1229 1372//1230 1371//1224
f 1373//1231 1325//1232 1323//1233
f 1373//1231 1327//1234 1325//1232
f 1373//1231 1329//1235 1327//1234
f 1329//1235 1373//1231 1372//1230
f 1372//1230 1330//1229 1329//1235
f 1321//1236 1374//1237 1373//1231
f 1309//1238 1375//1239 1374//1237
f 1374//1237 1314//1240 1312//1241
f 1374//1237 1315//1242 1314//1240
f 1374//1237 1317//1243 1315//1242
f 1374//1237 1318//1244 1317//1243
f 1374//1237 1321//1236 1320//1245
f 1320//1245 1318//1244 1374//1237
f 1312//1241 1311//1246 1374//1237
f 1309//1238 1376//1247 1375//1239
f 1376//1247 1301//1248 1299//1249
f 1376//1247 1305//1250 1303//1251
f 1376//1247 1306//1252 1305//1250
f 1376//1247 1309//1238 1308//1253
f 1308//1253 1306//1252 1376//1247
f 1303//1251 1301//1248 1376//1247
f 1299//1249 1298//1254 1377//1255
f 1299//1249 1377//1255 1376//1247
f 1374//1237 1311//1246 1309//1238
f 1323//1233 1321//1236 1373//1231
f 1332//1226 1330//1229 1371//1224
f 1341//1220 1339//1222 1369//1217
f 1365//1212 1367//1215 1366//1214
f 1364//1213 1360//1210 1362//1210
f 1361//1211 1357//1208 1359//1208
f 1358//1209 1354//1206 1356//1206
f 1355//1207 1351//1204 1353//1204
f 1352//1205 1349//1202 1348//1202
f 1350//1203 1378//1256 1347//1201
f 1344//1257 1353//1257 1348//1257
f 1344//1257 1356//1257 1353//1257
f 1344//1257 1359//1257 1356//1257
f 1344//1257 1362//1257 1359//1257
f 1344//1257 1367//1257 1365//1257
f 1379//1257 1344//1257 1347//1257
f 1365//1257 1362//1257 1344//1257
f 1348//1257 1347//1257 1344//1257
f 1344//1257 1346//1257 1367//1257
f 1347//1257 1380//1257 1379//1257
f 1380//1256 1347//1256 1378//1256
f 1378//1256 1381//1256 1380//1256
f 1382//1258 1379//1257 1380//1257
f 1383//1259 1382//1258 1384//1258
f 1385//1260 1383//1259 1386//1259
f 1387//1261 1385//1260 1388//1260
f 1389//1262 1387//1261 1390//1261
f 1391//1263 1389//1262 1392//1262
f 1393//1264 1391//1263 1394//1263
f 1395//1265 1393//1264 1396//1264
f 1397//1266 1395//1265 1398//1265
f 1399//1267 1397//1266 1400//1266
f 1401//1268 1399//1267 1402//1267
f 1403//1269 1401//1268 1404//1268
f 1405//1270 1403//1269 1406//1269
f 1407//1271 1405//1270 1408//1270
f 1409//1272 1407//1271 1410//1271
f 1410//1271 1411//1272 1409//1272
f 1408//1270 1410//1271 1407//1271
f 1406//1269 1408//1270 1405//1270
f 1404//1268 1406//1269 1403//1269
f 1402//1267 1404//1268 1401//1268
f 1400//1266 1402//1267 1399//1267
f 1398//1265 1400//1266 1397//1266
f 1396//1264 1398//1265 1395//1265
f 1394//1263 1396//1264 1393//1264
f 1392//1262 1394//1263 1391//1263
f 1390//1261 1392//1262 1389//1262
f 1388//1260 1390//1261 1387//1261
f 1386//1259 1388//1260 1385//1260
f 1384//1258 1386//1259 1383//1259
f 1380//1257 1384//1258 1382//1258
f 1381//1273 1412//1274 1384//1274
f 1412//1274 1413//1275 1386//1275
f 1413//1275 1414//1276 1388//1276
f 1414//1276 1415//1277 1390//1277
f 1415//1277 1416//1278 1392//1278
f 1416//1278 1417//1279 1394//1279
f 1417//1279 1418//1280 1396//1280
f 1418//1280 1419//1281 1398//1281
f 1419//1281 1420//1282 1400//1282
f 1420//1282 1421//1283 1402//1283
f 1421//1283 1422//1284 1404//1284
f 1422//1284 1423//1285 1406//1285
f 1423//1285 1424//1286 1408//1286
f 1424//1286 1425//1287 1410//1287
f 1425//1287 1426//1288 1411//1288
f 1411//1288 1410//1287 1425//1287
f 1410//1287 1408//1286 1424//1286
f 1408//1286 1406//1285 1423//1285
f 1406//1285 1404//1284 1422//1284
f 1404//1284 1402//1283 1421//1283
f 1402//1283 1400//1282 1420//1282
f 1400//1282 1398//1281 1419//1281
f 1398//1281 1396//1280 1418//1280
f 1396//1280 1394//1279 1417//1279
f 1394//1279 1392//1278 1416//1278
f 1392//1278 1390//1277 1415//1277
f 1390//1277 1388//1276 1414//1276
f 1388//1276 1386//1275 1413//1275
f 1386//1275 1384//1274 1412//1274
f 1384//1274 1380//1289 1381//1273
f 1409//1290 1411//1290 1427//1290
f 1427//1290 1428//1290 1409//1290
f 1411//1291 1426//1291 1429//1291
f 1429//1291 1427//1291 1411//1291
f 1430//1292 1428//1293 1427//1293
f 1431//1294 1430//1292 1432//1295
f 1433//1296 1431//1294 1434//1297
f 1435//1298 1433//1296 1436//1299
f 1437//1300 1435//1298 1438//1301
f 1439//1302 1437//1300 1440//1303
f 1441//1304 1439//1302 1442//1305
f 1443//1306 1441//1304 1444//1307
f 1445//1308 1443//1306 1446//1309
f 1447//1310 1445//1308 1448//1311
f 1449//1312 1447//1310 1450//1313
f 1451//1314 1449//1312 1452//1315
f 1453//1316 1451//1314 1454//1317
f 1455//1318 1453//1316 1456//1319
f 1457//1320 1455//1318 1458//1321
f 1458//1321 1459//1320 1457//1320
f 1456//1319 1458//1321 1455//1318
f 1454//1317 1456//1319 1453//1316
f 1452//1315 1454//1317 1451//1314
f 1450//1313 1452//1315 1449//1312
f 1448//1311 1450//1313 1447//1310
f 1446//1309 1448//1311 1445//1308
f 1444//1307 1446//1309 1443//1306
f 1442//1305 1444//1307 1441//1304
f 1440//1303 1442//1305 1439//1302
f 1438//1301 1440//1303 1437//1300
f 1436//1299 1438//1301 1435//1298
f 1434//1297 1436//1299 1433//1296
f 1432//1295 1434//1297 1431//1294
f 1427//1293 1432//1295 1430//1292
f 1429//1322 1460//1323 1432//1323
f 1460//1323 1461//1324 1434//1324
f 1461//1324 1462//1325 1436//1325
f 1462//1325 1463//1326 1438//1326
f 1463//1326 1464//1327 1440//1327
f 1464//1327 1465//1328 1442//1328
f 1465//1328 1466//1329 1444//1329
f 1466//1329 1467//1330 1446//1330
f 1467//1330 1468//1331 1448//1331
f 1468//1331 1469//1332 1450//1332
f 1469//1332 1470//1333 1452//1333
f 1470//1333 1471//1334 1454//1334
f 1471//1334 1472//1335 1456//1335
f 1472//1335 1473//1336 1458//1336
f 1473//1336 1474//1337 1459//1337
f 1459//1337 1458//1336 1473//1336
f 1458//1336 1456//1335 1472//1335
f 1456//1335 1454//1334 1471//1334
f 1454//1334 1452//1333 1470//1333
f 1452//1333 1450//1332 1469//1332
f 1450//1332 1448//1331 1468//1331
f 1448//1331 1446//1330 1467//1330
f 1446//1330 1444//1329 1466//1329
f 1444//1329 1442//1328 1465//1328
f 1442//1328 1440//1327 1464//1327
f 1440//1327 1438//1326 1463//1326
f 1438//1326 1436//1325 1462//1325
f 1436//1325 1434//1324 1461//1324
f 1434//1324 1432//1323 1460//1323
f 1432//1323 1427//1338 1429//1322
f 1475//1339 1457//1339 1459//1339
f 1459//1339 1476//1339 1475//1339
f 1459//1340 1474//1340 1477//1340
f 1477//1340 1476//1340 1459//1340
f 1475//1339 1476//1339 1478//1341
f 1479//1341 1478//1341 1480//1342
f 1481//1342 1480//1342 1482//1343
f 1483//1343 1482//1343 1484//1344
f 1485//1344 1484//1344 1486//1345
f 1487//1345 1486//1345 1488//1346
f 1489//1346 1488//1346 1490//1347
f 1490//1347 1491//1347 1489//1346
f 1488//1346 1489//1346 1487//1345
f 1486//1345 1487//1345 1485//1344
f 1484//1344 1485//1344 1483//1343
f 1482//1343 1483//1343 1481//1342
f 1480//1342 1481//1342 1479//1341
f 1478//1341 1479//1341 1475//1339
f 1526//1348 1492//1349 1493//1350
f 1493//1350 1494//1351 1526//1348
f 1526//1348 1495//1352 1496//1353
f 1526//1348 1494//1351 1495//1352
f 1527//1354 1496//1353 1497//1355
f 1528//1356 1497//1355 1498//1357
f 1529//1358 1499//1359 1500//1360
f 1529//1358 1498//1357 1499//1359
f 1530//1361 1501//1362 1502//1363
f 1530//1361 1500//1360 1501//1362
f 1531//1364 1502//1363 1503//1365
f 1532//1366 1504//1367 1505//1368
f 1532//1366 1503//1365 1504//1367
f 1506//1368 1507//1369 1508//1370
f 1506//1368 1509//1371 1507//1369
f 1532//1366 1510//1372 1511//1373
f 1532//1366 1508//1370 1510//1372
f 1531//1364 1512//1374 1513//1375
f 1513//1375 1530//1361 1531//1364
f 1531//1364 1511//1373 1512//1374
f 1529//1358 1530//1361 1514//1376
f 1530//1361 1515//1377 1514//1376
f 1528//1356 1529//1358 1516//1378
f 1516//1378 1517//1379 1528//1356
f 1527//1354 1518//1380 1519//1381
f 1527//1354 1528//1356 1520//1382
f 1520//1382 1518//1380 1527//1354
f 1526//1348 1527//1354 1521//1383
f 1521//1383 1522//1384 1526//1348
f 1526//1348 1043//1385 1045//1386
f 1043//1385 1526//1348 1523//1387
f 1523//1387 1046//1388 1043//1385
f 1045//1386 1524//1389 1526//1348
f 1524//1389 1492//1349 1526//1348
f 1522//1384 1523//1387 1526//1348
f 1519//1381 1521//1383 1527//1354
f 1517//1379 1520//1382 1528//1356
f 1514//1376 1516//1378 1529//1358
f 1513//1375 1515//1377 1530//1361
f 1511//1373 1531//1364 1532//1366
f 1508//1370 1532//1366 1506//1368
f 1505//1368 1506//1368 1532//1366
f 1503//1365 1532//1366 1531//1364
f 1502//1363 1531//1364 1530//1361
f 1500//1360 1530//1361 1529//1358
f 1498//1357 1529//1358 1528//1356
f 1497//1355 1528//1356 1527//1354
f 1496//1353 1527//1354 1526//1348
f 1493//1350 1525//1390 1494//1351
f 1476//1391 1477//1391 1533//1392
f 1478//1392 1533//1392 1534//1393
f 1480//1393 1534//1393 1535//1394
f 1482//1394 1535//1394 1536//1395
f 1484//1395 1536//1395 1537//1396
f 1486//1396 1537//1396 1538//1397
f 1488//1397 1538//1397 1539//1398
f 1539//1398 1490//1398 1488//1397
f 1538//1397 1488//1397 1486//1396
f 1537//1396 1486//1396 1484//1395
f 1536//1395 1484//1395 1482//1394
f 1535//1394 1482//1394 1480//1393
f 1534//1393 1480//1393 1478//1392
f 1533//1392 1478//1392 1476//1391
f 1490//1398 1539//1398 1509//1398
f 1509//1398 1506//1398 1490//1398
f 1506//1398 1505//1398 1490//1398
f 1297//1399 1264//1399 1295//1399
f 1295//1399 1540//1399 1297//1399
f 1541//1400 1296//1401 1297//1401
f 1542//1402 1541//1400 1543//1403
f 1544//1404 1542//1402 1545//1405
f 1546//1406 1544//1404 1547//1407
f 1548//1408 1546//1406 1549//1409
f 1550//1410 1548//1408 1551//1411
f 1552//1412 1550//1410 1553//1413
f 1554//1414 1552//1412 1555//1415
f 1556//1416 1554//1414 1557//1417
f 1558//1418 1556//1416 1559//1419
f 1560//1420 1558//1418 1561//1421
f 1562//1422 1560//1420 1563//1423
f 1564//1424 1562//1422 1565//1425
f 1566//1426 1564//1424 1567//1427
f 1568//1428 1566//1426 1569//1429
f 1569//1429 1570//1428 1568//1428
f 1567//1427 1569//1429 1566//1426
f 1565//1425 1567//1427 1564//1424
f 1563//1423 1565//1425 1562//1422
f 1561//1421 1563//1423 1560//1420
f 1559//1419 1561//1421 1558//1418
f 1557//1417 1559//1419 1556//1416
f 1555//1415 1557//1417 1554//1414
f 1553//1413 1555//1415 1552//1412
f 1551//1411 1553//1413 1550//1410
f 1549//1409 1551//1411 1548//1408
f 1547//1407 1549//1409 1546//1406
f 1545//1405 1547//1407 1544//1404
f 1543//1403 1545//1405 1542//1402
f 1297//1401 1543//1403 1541//1400
f 1540//1430 1571//1431 1543//1431
f 1571//1431 1572//1432 1545//1432
f 1572//1432 1573//1433 1547//1433
f 1573//1433 1574//1434 1549//1434
f 1574//1434 1575//1435 1551//1435
f 1575//1435 1576//1436 1553//1436
f 1576//1436 1577//1437 1555//1437
f 1577//1437 1578//1438 1557//1438
f 1578//1438 1579//1439 1559//1439
f 1579//1439 1580//1440 1561//1440
f 1580//1440 1581//1441 1563//1441
f 1581//1441 1582//1442 1565//1442
f 1582//1442 1583//1443 1567//1443
f 1583//1443 1584//1444 1569//1444
f 1584//1444 1585//1445 1570//1445
f 1570//1445 1569//1444 1584//1444
f 1569//1444 1567//1443 1583//1443
f 1567//1443 1565//1442 1582//1442
f 1565//1442 1563//1441 1581//1441
f 1563//1441 1561//1440 1580//1440
f 1561//1440 1559//1439 1579//1439
f 1559//1439 1557//1438 1578//1438
f 1557//1438 1555//1437 1577//1437
f 1555//1437 1553//1436 1576//1436
f 1553//1436 1551//1435 1575//1435
f 1551//1435 1549//1434 1574//1434
f 1549//1434 1547//1433 1573//1433
f 1547//1433 1545//1432 1572//1432
f 1545//1432 1543//1431 1571//1431
f 1543//1431 1297//1446 1540//1430
f 1586//1447 1568//1447 1570//1447
f 1570//1447 1587//1447 1586//1447
f 1570//1448 1585//1448 1588//1448
f 1588//1448 1587//1448 1570//1448
f 1589//1449 1586//1450 1587//1450
f 1590//1451 1589//1449 1591//1452
f 1592//1453 1590//1451 1593//1454
f 1594//1455 1592//1453 1595//1456
f 1596//1457 1594//1455 1597//1458
f 1598//1459 1596//1457 1599//1460
f 1600//1461 1598//1459 1601//1462
f 1602//1463 1600//1461 1603//1464
f 1604//1465 1602//1463 1605//1466
f 1606//1467 1604//1465 1607//1468
f 1608//1469 1606//1467 1609//1470
f 1610//1471 1608//1469 1611//1472
f 1612//1473 1610//1471 1613//1474
f 1614//1475 1612//1473 1615//1476
f 1616//1477 1614//1475 1617//1478
f 1617//1478 1618//1477 1616//1477
f 1615//1476 1617//1478 1614//1475
f 1613//1474 1615//1476 1612//1473
f 1611//1472 1613//1474 1610//1471
f 1609//1470 1611//1472 1608//1469
f 1607//1468 1609//1470 1606//1467
f 1605//1466 1607//1468 1604//1465
f 1603//1464 1605//1466 1602//1463
f 1601//1462 1603//1464 1600//1461
f 1599//1460 1601//1462 1598//1459
f 1597//1458 1599//1460 1596//1457
f 1595//1456 1597//1458 1594//1455
f 1593//1454 1595//1456 1592//1453
f 1591//1452 1593//1454 1590//1451
f 1587//1450 1591//1452 1589//1449
f 1588//1479 1619//1480 1591//1480
f 1619//1480 1620//1481 1593//1481
f 1620//1481 1621//1482 1595//1482
f 1621//1482 1622//1483 1597//1483
f 1622//1483 1623//1484 1599//1484
f 1623//1484 1624//1485 1601//1485
f 1624//1485 1625//1486 1603//1486
f 1625//1486 1626//1487 1605//1487
f 1626//1487 1627//1488 1607//1488
f 1627//1488 1628//1489 1609//1489
f 1628//1489 1629//1490 1611//1490
f 1629//1490 1630//1491 1613//1491
f 1630//1491 1631//1492 1615//1492
f 1631//1492 1632//1493 1617//1493
f 1632//1493 1633//1494 1618//1494
f 1618//1494 1617//1493 1632//1493
f 1617//1493 1615//1492 1631//1492
f 1615//1492 1613//1491 1630//1491
f 1613//1491 1611//1490 1629//1490
f 1611//1490 1609//1489 1628//1489
f 1609//1489 1607//1488 1627//1488
f 1607//1488 1605//1487 1626//1487
f 1605//1487 1603//1486 1625//1486
f 1603//1486 1601//1485 1624//1485
f 1601//1485 1599//1484 1623//1484
f 1599//1484 1597//1483 1622//1483
f 1597//1483 1595//1482 1621//1482
f 1595//1482 1593//1481 1620//1481
f 1593//1481 1591//1480 1619//1480
f 1591//1480 1587//1495 1588//1479
f 1634//1496 1616//1496 1618//1496
f 1618//1496 1635//1496 1634//1496
f 1633//1497 1636//1497 1635//1497
f 1635//1497 1618//1497 1633//1497
f 1283//1498 1277//1498 1281//1498
f 1281//1498 1280//1498 1283//1498
f 1366//1498 1360//1498 1364//1498
f 1283//1498 1285//1498 1277//1498
f 1364//1498 1363//1498 1366//1498
f 1286//1498 1278//1498 1277//1498
f 1366//1498 1368//1498 1360//1498
f 1286//1498 1274//1498 1278//1498
f 1369//1498 1361//1498 1360//1498
f 1285//1498 1286//1498 1277//1498
f 1369//1498 1357//1498 1361//1498
f 1286//1498 1287//1498 1274//1498
f 1368//1498 1369//1498 1360//1498
f 1288//1498 1275//1498 1274//1498
f 1369//1498 1370//1498 1357//1498
f 1288//1498 1271//1498 1275//1498
f 1371//1498 1358//1498 1357//1498
f 1287//1498 1288//1498 1274//1498
f 1371//1498 1354//1498 1358//1498
f 1288//1498 1289//1498 1271//1498
f 1295//1498 1007//1498 1008//1498
f 1370//1498 1371//1498 1357//1498
f 1290//1498 1272//1498 1271//1498
f 1295//1498 1005//1498 1007//1498
f 1371//1498 1372//1498 1354//1498
f 1378//1498 1024//1498 1025//1498
f 1290//1498 1268//1498 1272//1498
f 1008//1498 1009//1498 1295//1498
f 1588//1498 1585//1498 1429//1498
f 1373//1498 1355//1498 1354//1498
f 1025//1498 1026//1498 1378//1498
f 1289//1498 1290//1498 1271//1498
f 1295//1498 1006//1498 1005//1498
f 1585//1498 1460//1498 1429//1498
f 1372//1498 1373//1498 1354//1498
f 1378//1498 1022//1498 1024//1498
f 1290//1498 1291//1498 1268//1498
f 1009//1498 1010//1498 1295//1498
f 1426//1498 1619//1498 1588//1498
f 1374//1498 1351//1498 1355//1498
f 1378//1498 1023//1498 1022//1498
f 1292//1498 1269//1498 1268//1498
f 1010//1498 1011//1498 1295//1498
f 1429//1498 1426//1498 1588//1498
f 1374//1498 1352//1498 1351//1498
f 1026//1498 1027//1498 1378//1498
f 1291//1498 1292//1498 1268//1498
f 1295//1498 1003//1498 1006//1498
f 1585//1498 1584//1498 1460//1498
f 1637//1498 1638//1498 1639//1498
f 1638//1498 1637//1498 1640//1498
f 1373//1498 1374//1498 1355//1498
f 1027//1498 1028//1498 1378//1498
f 1293//1498 1266//1498 1269//1498
f 1011//1498 1012//1498 1295//1498
f 1426//1498 1425//1498 1619//1498
f 1639//1498 1641//1498 1637//1498
f 1640//1498 1642//1498 1638//1498
f 1643//1498 1644//1498 1645//1498
f 1646//1498 1119//1498 1116//1498
f 1374//1498 1375//1498 1352//1498
f 1378//1498 1020//1498 1023//1498
f 1292//1498 1293//1498 1269//1498
f 1295//1498 1004//1498 1003//1498
f 1425//1498 1424//1498 1619//1498
f 1423//1498 1630//1498 1629//1498
f 1642//1498 1647//1498 1638//1498
f 1120//1498 1648//1498 1637//1498
f 1120//1498 1649//1498 1650//1498
f 1645//1498 1651//1498 1643//1498
f 1643//1498 1652//1498 1653//1498
f 1652//1498 1643//1498 1654//1498
f 1646//1498 1113//1498 1115//1498
f 1116//1498 1114//1498 1646//1498
f 1646//1498 1118//1498 1117//1498
f 1376//1498 1349//1498 1352//1498
f 1378//1498 1021//1498 1020//1498
f 1294//1498 1267//1498 1266//1498
f 1295//1498 1000//1498 1004//1498
f 1424//1498 1423//1498 1619//1498
f 1423//1498 1621//1498 1620//1498
f 1423//1498 1624//1498 1623//1498
f 1629//1498 1628//1498 1423//1498
f 1120//1498 1631//1498 1630//1498
f 1641//1498 1636//1498 1637//1498
f 1650//1498 1648//1498 1120//1498
f 1651//1498 1655//1498 1643//1498
f 1654//1498 1656//1498 1652//1498
f 1646//1498 1105//1498 1110//1498
f 1114//1498 1113//1498 1646//1498
f 1646//1498 1120//1498 1118//1498
f 1375//1498 1376//1498 1352//1498
f 1028//1498 1029//1498 1378//1498
f 1295//1498 1016//1498 1001//1498
f 1294//1498 1295//1498 1267//1498
f 1012//1498 1013//1498 1295//1498
f 1620//1498 1619//1498 1423//1498
f 1623//1498 1622//1498 1423//1498
f 1423//1498 1626//1498 1625//1498
f 1630//1498 1423//1498 1120//1498
f 1637//1498 1633//1498 1120//1498
f 1120//1498 1657//1498 1658//1498
f 1120//1498 1659//1498 1660//1498
f 1653//1498 1644//1498 1643//1498
f 1646//1498 1106//1498 1105//1498
f 1646//1498 1112//1498 1111//1498
f 1117//1498 1119//1498 1646//1498
f 977//1498 1537//1498 1536//1498
f 1377//1498 1350//1498 1349//1498
f 1029//1498 1030//1498 1378//1498
f 1295//1498 1215//1498 1016//1498
f 1293//1498 1294//1498 1266//1498
f 1295//1498 1015//1498 969//1498
f 1013//1498 1014//1498 1295//1498
f 1423//1498 1127//1498 1125//1498
f 1461//1498 1583//1498 1582//1498
f 1583//1498 1461//1498 1460//1498
f 1625//1498 1624//1498 1423//1498
f 1628//1498 1627//1498 1423//1498
f 1658//1498 1649//1498 1120//1498
f 1120//1498 1646//1498 1659//1498
f 1110//1498 1643//1498 1646//1498
f 1115//1498 1112//1498 1646//1498
f 977//1498 1535//1498 1534//1498
f 977//1498 1538//1498 1537//1498
f 1042//1498 1063//1498 1061//1498
f 1378//1498 1033//1498 1018//1498
f 1377//1498 1378//1498 1350//1498
f 1378//1498 1017//1498 1021//1498
f 1294//1498 1215//1498 1295//1498
f 1014//1498 1015//1498 1295//1498
f 1423//1498 1123//1498 1122//1498
f 1125//1498 1126//1498 1423//1498
f 1461//1498 1579//1498 1578//1498
f 1461//1498 1581//1498 1580//1498
f 1584//1498 1583//1498 1460//1498
f 1627//1498 1626//1498 1423//1498
f 1577//1498 1463//1498 1462//1498
f 1577//1498 1467//1498 1466//1498
f 1660//1498 1657//1498 1120//1498
f 1111//1498 1106//1498 1646//1498
f 1534//1498 1533//1498 977//1498
f 977//1498 1539//1498 1538//1498
f 977//1498 1508//1498 1507//1498
f 977//1498 1520//1498 1517//1498
f 977//1498 1522//1498 1521//1498
f 1055//1498 1049//1498 1051//1498
f 1055//1498 1052//1498 1050//1498
f 1048//1498 1054//1498 1053//1498
f 1042//1498 1059//1498 1058//1498
f 1061//1498 1062//1498 1042//1498
f 1378//1498 1298//1498 1033//1498
f 1376//1498 1377//1498 1349//1498
f 1378//1498 1032//1498 956//1498
f 1030//1498 1031//1498 1378//1498
f 960//1498 1418//1498 1417//1498
f 969//1498 1540//1498 1295//1498
f 1423//1498 1124//1498 1121//1498
f 1126//1498 1123//1498 1423//1498
f 1423//1498 1422//1498 960//1498
f 1580//1498 1579//1498 1461//1498
f 1622//1498 1621//1498 1423//1498
f 1577//1498 1464//1498 1463//1498
f 1466//1498 1465//1498 1577//1498
f 1655//1498 1646//1498 1643//1498
f 1536//1498 1535//1498 977//1498
f 1507//1498 1509//1498 977//1498
f 1517//1498 1516//1498 977//1498
f 977//1498 1519//1498 1518//1498
f 977//1498 1523//1498 1522//1498
f 1050//1498 1049//1498 1055//1498
f 1048//1498 1056//1498 1054//1498
f 1042//1498 1060//1498 1057//1498
f 1062//1498 1059//1498 1042//1498
f 1377//1498 1298//1498 1378//1498
f 1031//1498 1032//1498 1378//1498
f 1417//1498 1416//1498 960//1498
f 969//1498 1571//1498 1540//1498
f 1467//1498 1574//1498 1573//1498
f 1122//1498 1124//1498 1423//1498
f 960//1498 1128//1498 1423//1498
f 1582//1498 1581//1498 1461//1498
f 1465//1498 1464//1498 1577//1498
f 1636//1498 1633//1498 1637//1498
f 1509//1498 1539//1498 977//1498
f 1516//1498 1514//1498 977//1498
f 1521//1498 1519//1498 977//1498
f 977//1498 1041//1498 1046//1498
f 1056//1498 1048//1498 1047//1498
f 1053//1498 1055//1498 1048//1498
f 1058//1498 1060//1498 1042//1498
f 1042//1498 977//1498 1064//1498
f 956//1498 1381//1498 1378//1498
f 960//1498 1419//1498 1418//1498
f 960//1498 1421//1498 1420//1498
f 969//1498 1572//1498 1571//1498
f 1467//1498 1575//1498 1574//1498
f 1467//1498 1577//1498 1576//1498
f 1128//1498 1127//1498 1423//1498
f 1462//1498 1461//1498 1577//1498
f 1633//1498 1632//1498 1120//1498
f 1533//1498 1477//1498 977//1498
f 977//1498 1511//1498 1510//1498
f 977//1498 1513//1498 1512//1498
f 1518//1498 1520//1498 977//1498
f 977//1498 1042//1498 1041//1498
f 1051//1498 1048//1498 1055//1498
f 1064//1498 1063//1498 1042//1498
f 956//1498 1412//1498 1381//1498
f 956//1498 960//1498 1413//1498
f 960//1498 1415//1498 1414//1498
f 1420//1498 1419//1498 960//1498
f 969//1498 1573//1498 1572//1498
f 1576//1498 1575//1498 1467//1498
f 1121//1498 1120//1498 1423//1498
f 1632//1498 1631//1498 1120//1498
f 1510//1498 1508//1498 977//1498
f 977//1498 1515//1498 1513//1498
f 1046//1498 1523//1498 977//1498
f 1057//1498 1056//1498 1042//1498
f 1413//1498 1412//1498 956//1498
f 1416//1498 1415//1498 960//1498
f 1573//1498 969//1498 1467//1498
f 1578//1498 1577//1498 1461//1498
f 969//1498 1472//1498 1471//1498
f 1512//1498 1511//1498 977//1498
f 1047//1498 1042//1498 1056//1498
f 1414//1498 1413//1498 960//1498
f 1422//1498 1421//1498 960//1498
f 969//1498 1469//1498 1468//1498
f 1471//1498 1470//1498 969//1498
f 1514//1498 1515//1498 977//1498
f 1001//1498 1000//1498 1295//1498
f 1470//1498 1469//1498 969//1498
f 977//1498 1473//1498 1472//1498
f 1477//1498 1474//1498 977//1498
f 1468//1498 1467//1498 969//1498
f 1474//1498 1473//1498 977//1498
f 1472//1498 969//1498 977//1498
f 1018//1498 1017//1498 1378//1498
f 1635//1497 1636//1497 1641//1499
f 1661//1499 1641//1499 1639//1500
f 1662//1500 1639//1500 1638//1501
f 1663//1501 1638//1501 1647//1502
f 1664//1502 1647//1502 1642//1503
f 1665//1503 1642//1503 1640//1504
f 1666//1504 1640//1504 1637//1505
f 1637//1505 1667//1505 1666//1504
f 1640//1504 1666//1504 1665//1503
f 1642//1503 1665//1503 1664//1502
f 1647//1502 1664//1502 1663//1501
f 1638//1501 1663//1501 1662//1500
f 1639//1500 1662//1500 1661//1499
f 1641//1499 1661//1499 1635//1497
f 1668//1506 1687//1507 1669//1508
f 1687//1507 1670//1509 1669//1508
f 1669//1508 1671//1510 1672//1511
f 1687//1507 1673//1512 1674//1513
f 1687//1507 1668//1506 1673//1512
f 1688//1514 1674//1513 1675//1515
f 1689//1516 1676//1517 1677//1518
f 1689//1516 1675//1515 1676//1517
f 1690//1519 1678//1520 1679//1521
f 1690//1519 1677//1518 1678//1520
f 1691//1522 1680//1523 1681//1524
f 1691//1522 1679//1521 1680//1523
f 1692//1525 1681//1524 1682//1526
f 1693//1527 1683//1528 1684//1529
f 1693//1527 1682//1526 1683//1528
f 1685//1529 1650//1530 1649//1531
f 1685//1529 1648//1532 1650//1530
f 1693//1527 1658//1533 1657//1534
f 1693//1527 1649//1531 1658//1533
f 1692//1525 1660//1535 1659//1536
f 1659//1536 1691//1522 1692//1525
f 1692//1525 1657//1534 1660//1535
f 1690//1519 1691//1522 1655//1537
f 1691//1522 1646//1538 1655//1537
f 1689//1516 1690//1519 1651//1539
f 1651//1539 1645//1540 1689//1516
f 1688//1514 1653//1541 1652//1542
f 1688//1514 1689//1516 1644//1543
f 1644//1543 1653//1541 1688//1514
f 1687//1507 1688//1514 1656//1544
f 1656//1544 1654//1545 1687//1507
f 1687//1507 1107//1546 1109//1547
f 1107//1546 1687//1507 1643//1548
f 1643//1548 1110//1549 1107//1546
f 1109//1547 1686//1550 1687//1507
f 1686//1550 1670//1509 1687//1507
f 1654//1545 1643//1548 1687//1507
f 1652//1542 1656//1544 1688//1514
f 1645//1540 1644//1543 1689//1516
f 1655//1537 1651//1539 1690//1519
f 1659//1536 1646//1538 1691//1522
f 1657//1534 1692//1525 1693//1527
f 1649//1531 1693//1527 1685//1529
f 1684//1529 1685//1529 1693//1527
f 1682//1526 1693//1527 1692//1525
f 1681//1524 1692//1525 1691//1522
f 1679//1521 1691//1522 1690//1519
f 1677//1518 1690//1519 1689//1516
f 1675//1515 1689//1516 1688//1514
f 1674//1513 1688//1514 1687//1507
f 1669//1508 1672//1511 1668//1506
f 1634//1551 1635//1551 1661//1552
f 1694//1552 1661//1552 1662//1553
f 1695//1553 1662//1553 1663//1554
f 1696//1554 1663//1554 1664//1555
f 1697//1555 1664//1555 1665//1556
f 1698//1556 1665//1556 1666//1557
f 1699//1557 1666//1557 1667//1558
f 1667//1558 1700//1558 1699//1557
f 1666//1557 1699//1557 1698//1556
f 1665//1556 1698//1556 1697//1555
f 1664//1555 1697//1555 1696//1554
f 1663//1554 1696//1554 1695//1553
f 1662//1553 1695//1553 1694//1552
f 1661//1552 1694//1552 1634//1551
f 1667//1559 1637//1559 1648//1559
f 1648//1559 1685//1559 1667//1559
f 1685//1559 1684//1559 1667//1559
f 1428//1560 1439//1560 1441//1560
f 1430//1560 1435//1560 1437//1560
f 1435//1560 1430//1560 1431//1560
f 1428//1560 1445//1560 1447//1560
f 1441//1560 1443//1560 1428//1560
f 1431//1560 1433//1560 1435//1560
f 1443//1560 1445//1560 1428//1560
f 1439//1560 1428//1560 1430//1560
f 1428//1560 1449//1560 1451//1560
f 1437//1560 1439//1560 1430//1560
f 1397//1560 1382//1560 1383//1560
f 1428//1560 1453//1560 1455//1560
f 1447//1560 1449//1560 1428//1560
f 1379//1560 1405//1560 1407//1560
f 1379//1560 1399//1560 1401//1560
f 1397//1560 1391//1560 1393//1560
f 1397//1560 1387//1560 1389//1560
f 1397//1560 1379//1560 1382//1560
f 1451//1560 1453//1560 1428//1560
f 1379//1560 1403//1560 1405//1560
f 1379//1560 1397//1560 1399//1560
f 1389//1560 1391//1560 1397//1560
f 1383//1560 1385//1560 1397//1560
f 1455//1560 1457//1560 1428//1560
f 1475//1560 1379//1560 1409//1560
f 1401//1560 1403//1560 1379//1560
f 1385//1560 1387//1560 1397//1560
f 1409//1560 1428//1560 1475//1560
f 1393//1560 1395//1560 1397//1560
f 1379//1560 1475//1560 1479//1560
f 1407//1560 1409//1560 1379//1560
f 1701//1560 892//1560 891//1560
f 1701//1560 1162//1560 895//1560
f 1344//1560 1479//1560 1481//1560
f 1457//1560 1475//1560 1428//1560
f 1701//1560 893//1560 892//1560
f 895//1560 894//1560 1701//1560
f 1479//1560 1344//1560 1379//1560
f 894//1560 893//1560 1701//1560
f 1487//1560 1342//1560 1344//1560
f 1481//1560 1483//1560 1344//1560
f 1340//1560 891//1560 890//1560
f 1342//1560 1491//1560 1701//1560
f 1483//1560 1485//1560 1344//1560
f 890//1560 1337//1560 1340//1560
f 1342//1560 1489//1560 1491//1560
f 1344//1560 1485//1560 1487//1560
f 890//1560 1335//1560 1337//1560
f 1335//1560 890//1560 889//1560
f 1487//1560 1489//1560 1342//1560
f 889//1560 1333//1560 1335//1560
f 1331//1560 888//1560 887//1560
f 1340//1560 1342//1560 891//1560
f 1333//1560 889//1560 888//1560
f 887//1560 1326//1560 1328//1560
f 1326//1560 887//1560 886//1560
f 888//1560 1331//1560 1333//1560
f 886//1560 1324//1560 1326//1560
f 895//1560 1171//1560 1174//1560
f 887//1560 1328//1560 1331//1560
f 886//1560 1319//1560 1322//1560
f 1174//1560 1177//1560 895//1560
f 1322//1560 1324//1560 886//1560
f 895//1560 1183//1560 1187//1560
f 1177//1560 1180//1560 895//1560
f 895//1560 1166//1560 1168//1560
f 886//1560 1316//1560 1319//1560
f 886//1560 1310//1560 1313//1560
f 886//1560 1304//1560 1307//1560
f 886//1560 1300//1560 1302//1560
f 1180//1560 1183//1560 895//1560
f 895//1560 1162//1560 1166//1560
f 1313//1560 1316//1560 886//1560
f 1302//1560 1304//1560 886//1560
f 1168//1560 1171//1560 895//1560
f 1307//1560 1310//1560 886//1560
f 1702//1560 1162//1560 1701//1560
f 891//1560 1342//1560 1701//1560
f 1187//1560 998//1560 895//1560
f 1701//1560 1703//1560 1702//1560
f 1702//1561 1704//1561 1705//1561
f 1705//1561 1162//1561 1702//1561
f 1705//1561 1165//1561 1162//1561
f 1703//1562 1701//1562 1706//1562
f 1706//1562 1707//1562 1703//1562
f 1704//1563 1702//1563 1703//1563
f 1703//1563 1707//1563 1704//1563
f 980//1564 1034//1565 1065//1566
f 980//1564 1035//1567 1034//1565
f 979//1568 1036//1569 1035//1567
f 979//1568 1037//1570 1036//1569
f 978//1571 1038//1572 1037//1570
f 978//1571 1039//1573 1038//1572
f 1040//1574 1188//1575 1185//1576
f 1040//1574 999//1577 1188//1575
f 999//1577 1040//1574 1039//1573
f 1039//1573 978//1571 999//1577
f 1184//1578 1044//1579 1040//1574
f 1176//1580 1175//1581 1524//1582
f 1524//1582 1044//1579 1176//1580
f 1044//1579 1182//1583 1181//1584
f 1181//1584 1179//1585 1044//1579
f 1179//1585 1178//1586 1044//1579
f 1044//1579 1184//1578 1186//1587
f 1186//1587 1182//1583 1044//1579
f 1178//1586 1176//1580 1044//1579
f 1164//1588 1163//1589 1493//1590
f 1492//1591 1167//1592 1164//1588
f 1492//1591 1169//1593 1167//1592
f 1492//1591 1175//1581 1173//1594
f 1173//1594 1172//1595 1492//1591
f 1172//1595 1170//1596 1492//1591
f 1170//1596 1169//1593 1492//1591
f 1493//1590 1492//1591 1164//1588
f 1705//1597 1708//1598 1709//1599
f 1709//1599 1493//1590 1705//1597
f 1163//1589 1165//1600 1705//1597
f 1705//1597 1493//1590 1163//1589
f 1709//1599 1525//1601 1493//1590
f 1492//1591 1524//1582 1175//1581
f 1524//1582 1045//1602 1044//1579
f 1185//1576 1184//1578 1040//1574
f 1037//1570 979//1568 978//1571
f 1035//1567 980//1564 979//1568
f 1065//1566 981//1603 980//1564
f 981//1603 1065//1566 985//1604
f 1710//1605 1706//1605 1525//1605
f 1706//1605 1494//1605 1525//1605
f 1706//1605 1496//1605 1495//1605
f 1706//1605 1498//1605 1497//1605
f 1706//1605 1500//1605 1499//1605
f 1706//1605 1503//1605 1502//1605
f 1706//1605 1505//1605 1504//1605
f 1495//1605 1494//1605 1706//1605
f 1499//1605 1498//1605 1706//1605
f 1502//1605 1501//1605 1706//1605
f 1706//1605 1490//1605 1505//1605
f 1497//1605 1496//1605 1706//1605
f 1504//1605 1503//1605 1706//1605
f 1491//1605 1490//1605 1706//1605
f 1501//1605 1500//1605 1706//1605
f 1525//1605 1709//1605 1710//1605
f 1706//1605 1701//1605 1491//1605
f 1705//1606 1704//1606 1706//1606
f 1704//1606 1707//1606 1706//1606
f 1706//1606 1710//1606 1705//1606
f 1710//1606 1708//1606 1705//1606
f 1708//1607 1710//1608 1709//1608
f 1604//1609 1610//1609 1612//1609
f 1604//1609 1606//1609 1608//1609
f 1614//1609 1598//1609 1600//1609
f 1614//1609 1594//1609 1596//1609
f 1614//1609 1590//1609 1592//1609
f 1711//1609 1189//1609 859//1609
f 1608//1609 1610//1609 1604//1609
f 1600//1609 1602//1609 1614//1609
f 1592//1609 1594//1609 1614//1609
f 1614//1609 1586//1609 1589//1609
f 1560//1609 1259//1609 1261//1609
f 859//1609 858//1609 1711//1609
f 1602//1609 1604//1609 1614//1609
f 1589//1609 1590//1609 1614//1609
f 1261//1609 1558//1609 1560//1609
f 1711//1609 856//1609 855//1609
f 858//1609 857//1609 1711//1609
f 1596//1609 1598//1609 1614//1609
f 1261//1609 1556//1609 1558//1609
f 857//1609 856//1609 1711//1609
f 1612//1609 1614//1609 1604//1609
f 1261//1609 1554//1609 1556//1609
f 1257//1609 1700//1609 1711//1609
f 1259//1609 1694//1609 1695//1609
f 1614//1609 1616//1609 1586//1609
f 1634//1609 1564//1609 1566//1609
f 1634//1609 1560//1609 1562//1609
f 1261//1609 1552//1609 1554//1609
f 1257//1609 1699//1609 1700//1609
f 1699//1609 1257//1609 1259//1609
f 1695//1609 1696//1609 1259//1609
f 1634//1609 1568//1609 1586//1609
f 1562//1609 1564//1609 1634//1609
f 1544//1609 1296//1609 1541//1609
f 1261//1609 1544//1609 1546//1609
f 1261//1609 1550//1609 1552//1609
f 1259//1609 1698//1609 1699//1609
f 1696//1609 1697//1609 1259//1609
f 1259//1609 1560//1609 1634//1609
f 1566//1609 1568//1609 1634//1609
f 1544//1609 1261//1609 1296//1609
f 1261//1609 1548//1609 1550//1609
f 1697//1609 1698//1609 1259//1609
f 1616//1609 1634//1609 1586//1609
f 1250//1609 853//1609 852//1609
f 1248//1609 852//1609 851//1609
f 1243//1609 851//1609 850//1609
f 850//1609 1230//1609 1233//1609
f 1546//1609 1548//1609 1261//1609
f 1634//1609 1694//1609 1259//1609
f 1257//1609 855//1609 854//1609
f 851//1609 1245//1609 1248//1609
f 850//1609 1241//1609 1243//1609
f 850//1609 1227//1609 1230//1609
f 850//1609 1217//1609 1219//1609
f 859//1609 1204//1609 1207//1609
f 859//1609 1195//1609 1198//1609
f 859//1609 1189//1609 1193//1609
f 855//1609 1257//1609 1711//1609
f 854//1609 1252//1609 1254//1609
f 1243//1609 1245//1609 851//1609
f 850//1609 1236//1609 1239//1609
f 850//1609 1224//1609 1227//1609
f 1219//1609 1221//1609 850//1609
f 859//1609 1201//1609 1204//1609
f 1193//1609 1195//1609 859//1609
f 854//1609 1254//1609 1257//1609
f 1252//1609 854//1609 853//1609
f 1239//1609 1241//1609 850//1609
f 1221//1609 1224//1609 850//1609
f 859//1609 1210//1609 1213//1609
f 1198//1609 1201//1609 859//1609
f 853//1609 1250//1609 1252//1609
f 1233//1609 1236//1609 850//1609
f 1207//1609 1210//1609 859//1609
f 852//1609 1248//1609 1250//1609
f 1712//1609 1189//1609 1711//1609
f 1541//1609 1542//1609 1544//1609
f 1213//1609 923//1609 859//1609
f 1711//1609 1713//1609 1712//1609
f 1712//1610 1714//1610 1715//1610
f 1715//1610 1189//1610 1712//1610
f 1715//1610 1192//1610 1189//1610
f 1713//1611 1711//1611 1716//1611
f 1716//1611 1717//1611 1713//1611
f 1717//1612 1714//1612 1712//1612
f 1712//1612 1713//1612 1717//1612
f 926//1613 1098//1614 1129//1615
f 926//1613 1099//1616 1098//1614
f 925//1617 1100//1618 1099//1616
f 925//1617 1101//1619 1100//1618
f 922//1620 1102//1621 1101//1619
f 922//1620 1103//1622 1102//1621
f 1104//1623 924//1624 1214//1625
f 1214//1625 1212//1626 1104//1623
f 924//1624 1104//1623 1103//1622
f 1103//1622 922//1620 924//1624
f 1211//1627 1108//1628 1104//1623
f 1203//1629 1202//1630 1686//1631
f 1686//1631 1108//1628 1203//1629
f 1108//1628 1205//1632 1203//1629
f 1108//1628 1211//1627 1209//1633
f 1209//1633 1208//1634 1108//1628
f 1208//1634 1206//1635 1108//1628
f 1206//1635 1205//1632 1108//1628
f 1191//1636 1190//1637 1669//1638
f 1670//1639 1194//1640 1191//1636
f 1670//1639 1196//1641 1194//1640
f 1670//1639 1200//1642 1199//1643
f 1199//1643 1197//1644 1670//1639
f 1197//1644 1196//1641 1670//1639
f 1669//1638 1670//1639 1191//1636
f 1686//1631 1202//1630 1200//1642
f 1715//1645 1718//1646 1671//1647
f 1715//1645 1719//1648 1718//1646
f 1190//1637 1192//1649 1715//1645
f 1715//1645 1669//1638 1190//1637
f 1671//1647 1669//1638 1715//1645
f 1670//1639 1686//1631 1200//1642
f 1686//1631 1109//1650 1108//1628
f 1212//1626 1211//1627 1104//1623
f 1101//1619 925//1617 922//1620
f 1099//1616 926//1613 925//1617
f 1129//1615 927//1651 926//1613
f 927//1651 1129//1615 931//1652
f 1716//1653 1677//1653 1676//1653
f 1676//1653 1675//1653 1716//1653
f 1716//1653 1679//1653 1678//1653
f 1720//1653 1716//1653 1671//1653
f 1716//1653 1668//1653 1672//1653
f 1716//1653 1674//1653 1673//1653
f 1678//1653 1677//1653 1716//1653
f 1716//1653 1682//1653 1681//1653
f 1716//1653 1684//1653 1683//1653
f 1672//1653 1671//1653 1716//1653
f 1675//1653 1674//1653 1716//1653
f 1681//1653 1680//1653 1716//1653
f 1716//1653 1667//1653 1684//1653
f 1673//1653 1668//1653 1716//1653
f 1683//1653 1682//1653 1716//1653
f 1700//1653 1667//1653 1716//1653
f 1680//1653 1679//1653 1716//1653
f 1671//1653 1718//1653 1720//1653
f 1716//1653 1711//1653 1700//1653
f 1715//1654 1714//1654 1716//1654
f 1714//1654 1717//1654 1716//1654
f 1716//1654 1720//1654 1715//1654
f 1720//1654 1719//1654 1715//1654
f 1719//1655 1720//1656 1718//1656
