# split from link_2.obj by material (color_5)
v 0.00216238 0.029375 0.0198828
v 0.00429941 0.029375 0.0195324
v 0.00638603 0.029375 0.0189531
v 0.00839778 0.029375 0.0181515
v 0.0103111 0.029375 0.0171371
v 0.0121035 0.029375 0.0159219
v 0.013754 0.029375 0.0145199
v 0.0152432 0.029375 0.0129477
v 0.0165538 0.029375 0.0112237
v 0.0176702 0.029375 0.00936817
v 0.0185795 0.029375 0.00740276
v 0.019271 0.029375 0.00535057
v 0.0197365 0.029375 0.00323564
v 0.0199707 0.029375 0.00108278
v 0.0199707 0.029375 -0.00108278
v 0.0197365 0.029375 -0.00323564
v 0.019271 0.029375 -0.00535057
v 0.0185795 0.029375 -0.00740276
v 0.0176702 0.029375 -0.00936817
v 0.0165538 0.029375 -0.0112237
v 0.0152432 0.029375 -0.0129477
v 0.013754 0.029375 -0.0145199
v 0.0121035 0.029375 -0.0159219
v 0.0103111 0.029375 -0.0171371
v 0.00839778 0.029375 -0.0181515
v 0.00638603 0.029375 -0.0189531
v 0.00429941 0.029375 -0.0195324
v 0.00216238 0.029375 -0.0198828
v 0 0.029375 -0.02
v -0.00216238 0.029375 -0.0198828
v -0.00429941 0.029375 -0.0195324
v -0.00638603 0.029375 -0.0189531
v -0.00839778 0.029375 -0.0181515
v -0.0103111 0.029375 -0.0171371
v -0.0121035 0.029375 -0.0159219
v -0.013754 0.029375 -0.0145199
v -0.0152432 0.029375 -0.0129477
v -0.0165538 0.029375 -0.0112237
v -0.0176702 0.029375 -0.00936817
v -0.0185795 0.029375 -0.00740276
v -0.019271 0.029375 -0.00535057
v -0.0197365 0.029375 -0.00323564
v -0.0199707 0.029375 -0.00108278
v -0.0199707 0.029375 0.00108278
v -0.0197365 0.029375 0.00323564
v -0.019271 0.029375 0.00535057
v -0.0185795 0.029375 0.00740276
v -0.0176702 0.029375 0.00936817
v -0.0165538 0.029375 0.0112237
v -0.0152432 0.029375 0.0129477
v -0.013754 0.029375 0.0145199
v -0.0121035 0.029375 0.0159219
v -0.0103111 0.029375 0.0171371
v -0.00839778 0.029375 0.0181515
v -0.00638603 0.029375 0.0189531
v -0.00429941 0.029375 0.0195324
v -0.00216238 0.029375 0.0198828
v 7.34788e-18 0.029375 0.02
v 0 0.029375 -4.84737e-18
v 0 0.035375 -0.02
v -0.00216238 0.035375 -0.0198828
v -0.00429941 0.035375 -0.0195324
v -0.00638603 0.035375 -0.0189531
v -0.00839778 0.035375 -0.0181515
v -0.0103111 0.035375 -0.0171371
v -0.0121035 0.035375 -0.0159219
v -0.013754 0.035375 -0.0145199
v -0.0152432 0.035375 -0.0129477
v -0.0165538 0.035375 -0.0112237
v -0.0176702 0.035375 -0.00936817
v -0.0185795 0.035375 -0.00740276
v -0.019271 0.035375 -0.00535057
v -0.0197365 0.035375 -0.00323564
v -0.0199707 0.035375 -0.00108278
v -0.0199707 0.035375 0.00108278
v -0.0197365 0.035375 0.00323564
v -0.019271 0.035375 0.00535057
v -0.0185795 0.035375 0.00740276
v -0.0176702 0.035375 0.00936817
v -0.0165538 0.035375 0.0112237
v -0.0152432 0.035375 0.0129477
v -0.013754 0.035375 0.0145199
v -0.0121035 0.035375 0.0159219
v -0.0103111 0.035375 0.0171371
v -0.00839778 0.035375 0.0181515
v -0.00638603 0.035375 0.0189531
v -0.00429941 0.035375 0.0195324
v -0.00216238 0.035375 0.0198828
v 2.44929e-18 0.035375 0.02
v 0.00216238 0.035375 0.0198828
v 0.00429941 0.035375 0.0195324
v 0.00638603 0.035375 0.0189531
v 0.00839778 0.035375 0.0181515
v 0.0103111 0.035375 0.0171371
v 0.0121035 0.035375 0.0159219
v 0.013754 0.035375 0.0145199
v 0.0152432 0.035375 0.0129477
v 0.0165538 0.035375 0.0112237
v 0.0176702 0.035375 0.00936817
v 0.0185795 0.035375 0.00740276
v 0.019271 0.035375 0.00535057
v 0.0197365 0.035375 0.00323564
v 0.0199707 0.035375 0.00108278
v 0.0199707 0.035375 -0.00108278
v 0.0197365 0.035375 -0.00323564
v 0.019271 0.035375 -0.00535057
v 0.0185795 0.035375 -0.00740276
v 0.0176702 0.035375 -0.00936817
v 0.0165538 0.035375 -0.0112237
v 0.0152432 0.035375 -0.0129477
v 0.013754 0.035375 -0.0145199
v 0.0121035 0.035375 -0.0159219
v 0.0103111 0.035375 -0.0171371
v 0.00839778 0.035375 -0.0181515
v 0.00638603 0.035375 -0.0189531
v 0.00429941 0.035375 -0.0195324
v 0.00216238 0.035375 -0.0198828
v 0.0269604 0.035375 0.00146175
v 0.0269604 0.035375 -0.00146175
v 0.0266443 0.035375 -0.00436811
v 0.0238548 0.035375 -0.012647
v 0.0223476 0.035375 -0.0151521
v 0.0185679 0.035375 -0.0196019
v 0.0163397 0.035375 -0.0214945
v 0.0260158 0.035375 -0.00722327
v 0.0205784 0.035375 -0.0174794
v 0.01392 0.035375 -0.0231351
v 0.0250824 0.035375 -0.00999373
v 0.011337 0.035375 -0.0245045
v 0.00862114 0.035375 -0.0255866
v -0.0353787 0.035375 -0.027
v -0.0365 0.035375 -0.0258787
v -0.0365 0.035375 0.0258787
v -0.0353787 0.035375 0.027
v 0.0058042 0.035375 -0.0263688
v 0.00291921 0.035375 -0.0268417
v 0 0.035375 -0.027
v 0.00291921 0.035375 0.0268417
v 0.0058042 0.035375 0.0263688
v 0.011337 0.035375 0.0245045
v 0.01392 0.035375 0.0231351
v 0.0185679 0.035375 0.0196019
v 0.0205784 0.035375 0.0174794
v 0.0260158 0.035375 0.00722327
v 0.0266443 0.035375 0.00436811
v 0.00862114 0.035375 0.0255866
v 0.0163397 0.035375 0.0214945
v 0.0223476 0.035375 0.0151521
v 0.0238548 0.035375 0.012647
v 0.0250824 0.035375 0.00999373
v 0 0.035375 0.027
v -0.038 0.033875 0.0265
v -0.036 0.033875 0.0285
v 0 0.033875 0.0285
v -0.038 0.033875 -0.0265
v -0.038 -0.033875 0.0265
v -0.036 -0.033875 0.0285
v 0 0.033875 -0.0285
v 0.00308139 0.033875 -0.0283329
v 0.00612666 0.033875 -0.0278337
v 0.00910009 0.033875 -0.0270081
v 0.0119668 0.033875 -0.0258659
v 0.0146933 0.033875 -0.0244204
v 0.0172475 0.033875 -0.0226887
v 0.0195994 0.033875 -0.0206909
v 0.0217216 0.033875 -0.0184505
v 0.0235891 0.033875 -0.0159938
v 0.0251801 0.033875 -0.0133496
v 0.0264758 0.033875 -0.0105489
v 0.0274612 0.033875 -0.00762456
v 0.0281246 0.033875 -0.00461079
v 0.0284582 0.033875 -0.00154296
v 0.0284582 0.033875 0.00154296
v 0.0281246 0.033875 0.00461079
v 0.0274612 0.033875 0.00762456
v 0.0264758 0.033875 0.0105489
v 0.0251801 0.033875 0.0133496
v 0.0235891 0.033875 0.0159938
v 0.0217216 0.033875 0.0184505
v 0.0195994 0.033875 0.0206909
v 0.0172475 0.033875 0.0226887
v 0.0146933 0.033875 0.0244204
v 0.0119668 0.033875 0.0258659
v 0.00910009 0.033875 0.0270081
v 0.00612666 0.033875 0.0278337
v 0.00308139 0.033875 0.0283329
v -0.036 0.033875 -0.0285
v -0.036 -0.033875 -0.0285
v -0.038 -0.033875 -0.0265
v 0 0.029375 -0.0285
v 0.00308139 0.029375 -0.0283329
v 0.00612666 0.029375 -0.0278337
v 0.00910009 0.029375 -0.0270081
v 0.0119668 0.029375 -0.0258659
v 0.0146933 0.029375 -0.0244204
v 0.0172475 0.029375 -0.0226887
v 0.0195994 0.029375 -0.0206909
v 0.0217216 0.029375 -0.0184505
v 0.0235891 0.029375 -0.0159938
v 0.0251801 0.029375 -0.0133496
v 0.0264758 0.029375 -0.0105489
v 0.0274612 0.029375 -0.00762456
v 0.0281246 0.029375 -0.00461079
v 0.0284582 0.029375 -0.00154296
v 0.0284582 0.029375 0.00154296
v 0.0281246 0.029375 0.00461079
v 0.0274612 0.029375 0.00762456
v 0.0264758 0.029375 0.0105489
v 0.0251801 0.029375 0.0133496
v 0.0235891 0.029375 0.0159938
v 0.0217216 0.029375 0.0184505
v 0.0195994 0.029375 0.0206909
v 0.0172475 0.029375 0.0226887
v 0.0146933 0.029375 0.0244204
v 0.0119668 0.029375 0.0258659
v 0.00910009 0.029375 0.0270081
v 0.00612666 0.029375 0.0278337
v 0.00308139 0.029375 0.0283329
v 0 0.029375 0.0285
v -0.0353787 -0.035375 -0.027
v -0.0365 -0.035375 -0.0258787
v -0.0365 -0.035375 0.0258787
v 0 -0.033875 -0.0285
v 0 -0.035375 -0.027
v -0.0353787 -0.035375 0.027
v 0 -0.033875 0.0285
v 0 -0.035375 0.027
v 0.0185679 -0.035375 -0.0196019
v 0.013754 -0.035375 -0.0145199
v 0.0121035 -0.035375 -0.0159219
v 0.0205784 -0.035375 -0.0174794
v 0.0152432 -0.035375 -0.0129477
v 0.01392 -0.035375 0.0231351
v 0.0103111 -0.035375 0.0171371
v 0.0121035 -0.035375 0.0159219
v 0.011337 -0.035375 0.0245045
v 0.00839778 -0.035375 0.0181515
v 0.0223476 -0.035375 -0.0151521
v 0.0165538 -0.035375 -0.0112237
v 0.0250824 -0.035375 -0.00999373
v 0.0185795 -0.035375 -0.00740276
v 0.0176702 -0.035375 -0.00936817
v 0.0260158 -0.035375 -0.00722327
v 0.019271 -0.035375 -0.00535057
v 0.0223476 -0.035375 0.0151521
v 0.0205784 -0.035375 0.0174794
v 0.0152432 -0.035375 0.0129477
v 0.0185679 -0.035375 0.0196019
v 0.013754 -0.035375 0.0145199
v 0.00862114 -0.035375 0.0255866
v 0.00638603 -0.035375 0.0189531
v -0.0199707 -0.035375 -0.00108278
v -0.0199707 -0.035375 0.00108278
v 0.0163397 -0.035375 -0.0214945
v 0.0103111 -0.035375 -0.0171371
v 0.0266443 -0.035375 -0.00436811
v 0.0197365 -0.035375 -0.00323564
v 0.0238548 -0.035375 0.012647
v 0.0176702 -0.035375 0.00936817
v 0.0185795 -0.035375 0.00740276
v 0.0165538 -0.035375 0.0112237
v 0.0163397 -0.035375 0.0214945
v 0.0058042 -0.035375 0.0263688
v 0.00429941 -0.035375 0.0195324
v 0.00291921 -0.035375 0.0268417
v 0.00216238 -0.035375 0.0198828
v -2.44929e-18 -0.035375 0.02
v -0.019271 -0.035375 -0.00535057
v -0.0197365 -0.035375 -0.00323564
v -0.0165538 -0.035375 -0.0112237
v 0.011337 -0.035375 -0.0245045
v 0.00839778 -0.035375 -0.0181515
v 0.00638603 -0.035375 -0.0189531
v 0.01392 -0.035375 -0.0231351
v 0.0238548 -0.035375 -0.012647
v 0.0269604 -0.035375 -0.00146175
v 0.0199707 -0.035375 -0.00108278
v -0.00429941 -0.035375 0.0195324
v -0.00216238 -0.035375 0.0198828
v -0.00638603 -0.035375 0.0189531
v -0.0103111 -0.035375 0.0171371
v -0.00839778 -0.035375 0.0181515
v -0.0176702 -0.035375 -0.00936817
v -0.013754 -0.035375 -0.0145199
v -0.0152432 -0.035375 -0.0129477
v -0.00429941 -0.035375 -0.0195324
v -0.00638603 -0.035375 -0.0189531
v 4.89859e-18 -0.035375 -0.02
v -0.00216238 -0.035375 -0.0198828
v 0.00862114 -0.035375 -0.0255866
v 0.00429941 -0.035375 -0.0195324
v 0.0269604 -0.035375 0.00146175
v 0.0199707 -0.035375 0.00108278
v 0.0266443 -0.035375 0.00436811
v 0.0197365 -0.035375 0.00323564
v 0.0260158 -0.035375 0.00722327
v 0.019271 -0.035375 0.00535057
v 0.0250824 -0.035375 0.00999373
v -0.0121035 -0.035375 0.0159219
v -0.0165538 -0.035375 0.0112237
v -0.0152432 -0.035375 0.0129477
v -0.0185795 -0.035375 0.00740276
v -0.0176702 -0.035375 0.00936817
v -0.0185795 -0.035375 -0.00740276
v -0.00839778 -0.035375 -0.0181515
v -0.013754 -0.035375 0.0145199
v -0.0197365 -0.035375 0.00323564
v -0.019271 -0.035375 0.00535057
v -0.0103111 -0.035375 -0.0171371
v -0.0121035 -0.035375 -0.0159219
v 0.00291921 -0.035375 -0.0268417
v 0.00216238 -0.035375 -0.0198828
v 0.0058042 -0.035375 -0.0263688
v 0.00308139 -0.033875 0.0283329
v 0.00612666 -0.033875 0.0278337
v 0.00910009 -0.033875 0.0270081
v 0.0119668 -0.033875 0.0258659
v 0.0146933 -0.033875 0.0244204
v 0.0172475 -0.033875 0.0226887
v 0.0195994 -0.033875 0.0206909
v 0.0217216 -0.033875 0.0184505
v 0.0235891 -0.033875 0.0159938
v 0.0251801 -0.033875 0.0133496
v 0.0264758 -0.033875 0.0105489
v 0.0274612 -0.033875 0.00762456
v 0.0281246 -0.033875 0.00461079
v 0.0284582 -0.033875 0.00154296
v 0.0284582 -0.033875 -0.00154296
v 0.0281246 -0.033875 -0.00461079
v 0.0274612 -0.033875 -0.00762456
v 0.0264758 -0.033875 -0.0105489
v 0.0251801 -0.033875 -0.0133496
v 0.0235891 -0.033875 -0.0159938
v 0.0217216 -0.033875 -0.0184505
v 0.0195994 -0.033875 -0.0206909
v 0.0172475 -0.033875 -0.0226887
v 0.0146933 -0.033875 -0.0244204
v 0.0119668 -0.033875 -0.0258659
v 0.00910009 -0.033875 -0.0270081
v 0.00612666 -0.033875 -0.0278337
v 0.00308139 -0.033875 -0.0283329
v 0 -0.029375 0.0285
v 0.00308139 -0.029375 0.0283329
v 0.00612666 -0.029375 0.0278337
v 0.00910009 -0.029375 0.0270081
v 0.0119668 -0.029375 0.0258659
v 0.0146933 -0.029375 0.0244204
v 0.0172475 -0.029375 0.0226887
v 0.0195994 -0.029375 0.0206909
v 0.0217216 -0.029375 0.0184505
v 0.0235891 -0.029375 0.0159938
v 0.0251801 -0.029375 0.0133496
v 0.0264758 -0.029375 0.0105489
v 0.0274612 -0.029375 0.00762456
v 0.0281246 -0.029375 0.00461079
v 0.0284582 -0.029375 0.00154296
v 0.0284582 -0.029375 -0.00154296
v 0.0281246 -0.029375 -0.00461079
v 0.0274612 -0.029375 -0.00762456
v 0.0264758 -0.029375 -0.0105489
v 0.0251801 -0.029375 -0.0133496
v 0.0235891 -0.029375 -0.0159938
v 0.0217216 -0.029375 -0.0184505
v 0.0195994 -0.029375 -0.0206909
v 0.0172475 -0.029375 -0.0226887
v 0.0146933 -0.029375 -0.0244204
v 0.0119668 -0.029375 -0.0258659
v 0.00910009 -0.029375 -0.0270081
v 0.00612666 -0.029375 -0.0278337
v 0.00308139 -0.029375 -0.0283329
v 0 -0.029375 -0.0285
v -0.0160857 -0.029375 -0.0285
v -0.0160857 0.029375 -0.0285
v -0.0158698 0.029375 -0.0284883
v -0.0158698 -0.029375 -0.0284883
v -0.0156564 0.029375 -0.0284534
v -0.0156564 -0.029375 -0.0284534
v -0.015448 0.029375 -0.0283956
v -0.015448 -0.029375 -0.0283956
v -0.0152471 0.029375 -0.0283157
v -0.0152471 -0.029375 -0.0283157
v -0.015056 0.029375 -0.0282146
v -0.015056 -0.029375 -0.0282146
v -0.0148769 0.029375 -0.0280934
v -0.0148769 -0.029375 -0.0280934
v -0.014712 0.029375 -0.0279536
v -0.014712 -0.029375 -0.0279536
v -0.0145631 0.029375 -0.0277968
v -0.0145631 -0.029375 -0.0277968
v -0.014432 0.029375 -0.0276248
v -0.014432 -0.029375 -0.0276248
v -0.0143202 0.029375 -0.0274397
v -0.0143202 -0.029375 -0.0274397
v -0.0142291 0.029375 -0.0272436
v -0.0142291 -0.029375 -0.0272436
v -0.0141597 0.029375 -0.0270388
v -0.0141597 -0.029375 -0.0270388
v -0.0141127 0.029375 -0.0268277
v -0.0141127 -0.029375 -0.0268277
v -0.0140889 0.029375 -0.0266128
v -0.0140889 -0.029375 -0.0266128
v -0.0140884 0.029375 -0.0263966
v -0.0140884 -0.029375 -0.0263966
v -0.0141112 0.029375 -0.0261816
v -0.0141112 -0.029375 -0.0261816
v -0.0141571 0.029375 -0.0259703
v -0.0141571 -0.029375 -0.0259703
v -0.0142256 0.029375 -0.0257652
v -0.0142256 -0.029375 -0.0257652
v -0.0143158 0.029375 -0.0255686
v -0.0143158 -0.029375 -0.0255686
v -0.0144267 0.029375 -0.025383
v -0.0144267 -0.029375 -0.025383
v -0.014557 0.029375 -0.0252104
v -0.014557 -0.029375 -0.0252104
v -0.0147051 0.029375 -0.0250529
v -0.0147051 -0.029375 -0.0250529
v -0.0148694 0.029375 -0.0249124
v -0.0148694 -0.029375 -0.0249124
v -0.0150479 0.029375 -0.0247903
v -0.0150479 -0.029375 -0.0247903
v 0.00216238 -0.029375 -0.0198828
v 4.89859e-18 -0.029375 -0.02
v 0.00429941 -0.029375 -0.0195324
v 0.00638603 -0.029375 -0.0189531
v 0.00839778 -0.029375 -0.0181515
v 0.0103111 -0.029375 -0.0171371
v 0.0121035 -0.029375 -0.0159219
v 0.013754 -0.029375 -0.0145199
v 0.0152432 -0.029375 -0.0129477
v 0.0165538 -0.029375 -0.0112237
v 0.0176702 -0.029375 -0.00936817
v 0.0185795 -0.029375 -0.00740276
v 0.019271 -0.029375 -0.00535057
v 0.0197365 -0.029375 -0.00323564
v 0.0199707 -0.029375 -0.00108278
v 0.0199707 -0.029375 0.00108278
v 0.0197365 -0.029375 0.00323564
v 0.019271 -0.029375 0.00535057
v 0.0185795 -0.029375 0.00740276
v 0.0176702 -0.029375 0.00936817
v 0.0165538 -0.029375 0.0112237
v 0.0152432 -0.029375 0.0129477
v 0.013754 -0.029375 0.0145199
v 0.0121035 -0.029375 0.0159219
v 0.0103111 -0.029375 0.0171371
v 0.00839778 -0.029375 0.0181515
v 0.00638603 -0.029375 0.0189531
v 0.00429941 -0.029375 0.0195324
v 0.00216238 -0.029375 0.0198828
v -7.34788e-18 -0.029375 0.02
v -0.00216238 -0.029375 0.0198828
v -0.00429941 -0.029375 0.0195324
v -0.00638603 -0.029375 0.0189531
v -0.00839778 -0.029375 0.0181515
v -0.0103111 -0.029375 0.0171371
v -0.0121035 -0.029375 0.0159219
v -0.013754 -0.029375 0.0145199
v -0.0152432 -0.029375 0.0129477
v -0.0165538 -0.029375 0.0112237
v -0.0176702 -0.029375 0.00936817
v -0.0185795 -0.029375 0.00740276
v -0.019271 -0.029375 0.00535057
v -0.0197365 -0.029375 0.00323564
v -0.0199707 -0.029375 0.00108278
v -0.0199707 -0.029375 -0.00108278
v -0.0197365 -0.029375 -0.00323564
v -0.019271 -0.029375 -0.00535057
v -0.0185795 -0.029375 -0.00740276
v -0.0176702 -0.029375 -0.00936817
v -0.0165538 -0.029375 -0.0112237
v -0.0152432 -0.029375 -0.0129477
v -0.013754 -0.029375 -0.0145199
v -0.0121035 -0.029375 -0.0159219
v -0.0103111 -0.029375 -0.0171371
v -0.00839778 -0.029375 -0.0181515
v -0.00638603 -0.029375 -0.0189531
v -0.00429941 -0.029375 -0.0195324
v -0.00216238 -0.029375 -0.0198828
v 0 -0.029375 -4.84737e-18
v 0.0161653 -0.029375 0.0228623
v 0.018549 -0.029375 0.0209747
v 0.0207139 -0.029375 0.0188397
v 0.0256557 -0.029375 0.0112153
v 0.0267206 -0.029375 0.00836731
v 0.0226346 -0.029375 0.0164826
v 0.0242884 -0.029375 0.0139311
v -0.0130169 -0.029375 -0.0247903
v -0.00823809 -0.029375 -0.0267607
v 0.00799382 -0.029375 0.0268347
v 0.0108564 -0.029375 0.0258097
v 0.0151221 -0.029375 -0.0235653
v 0.0124777 -0.029375 -0.0250661
v -0.0110912 -0.029375 -0.0257096
v 0.013591 -0.029375 0.0244803
v 0.0274703 -0.029375 0.00542063
v 0.0278961 -0.029375 0.00241002
v 0.0279929 -0.029375 -0.000629002
v 0.0175881 -0.029375 -0.0217867
v 0.00968615 -0.029375 -0.0262712
v 0.00678041 -0.029375 -0.0271666
v 0.00379471 -0.029375 -0.0277417
v 0.000764269 -0.029375 -0.0279896
v 0.00503697 -0.029375 0.0275432
v 0.0277597 -0.029375 -0.00366061
v 0.0271991 -0.029375 -0.00664905
v 0.0263177 -0.029375 -0.00955908
v 0.0251261 -0.029375 -0.0123564
v 0.0218714 -0.029375 -0.0174826
v 0.0198468 -0.029375 -0.0197511
v -0.00101936 -0.029375 0.0279814
v -0.00404742 -0.029375 0.0277059
v 0.00202072 -0.029375 0.027927
v 0.0236381 -0.029375 -0.015008
v -0.00227519 -0.029375 -0.0279074
v -0.00528781 -0.029375 -0.0274962
v -0.014 -0.029375 0.0285
v -0.00992521 -0.029375 0.0261819
v -0.0117898 -0.029375 0.0253969
v -0.00702775 -0.029375 0.0271037
v -0.014 -0.029375 0.0253969
v -0.00227519 0.029375 -0.0279074
v 0.00678041 0.029375 -0.0271666
v 0.00379471 0.029375 -0.0277417
v 0.00968615 0.029375 -0.0262712
v -0.00823809 0.029375 -0.0267607
v -0.0130169 0.029375 -0.0247903
v -0.00528781 0.029375 -0.0274962
v 0.000764269 0.029375 -0.0279896
v -0.0110912 0.029375 -0.0257096
v 0.0151221 0.029375 -0.0235653
v 0.0124777 0.029375 -0.0250661
v 0.0175881 0.029375 -0.0217867
v 0.0198468 0.029375 -0.0197511
v 0.0218714 0.029375 -0.0174826
v 0.0236381 0.029375 -0.015008
v 0.0251261 0.029375 -0.0123564
v 0.0263177 0.029375 -0.00955908
v 0.0267206 0.029375 0.00836731
v 0.0274703 0.029375 0.00542063
v 0.0256557 0.029375 0.0112153
v 0.0242884 0.029375 0.0139311
v 0.0161653 0.029375 0.0228623
v 0.018549 0.029375 0.0209747
v 0.013591 0.029375 0.0244803
v -0.014 0.029375 0.0285
v -0.014 0.029375 0.0253969
v -0.0117898 0.029375 0.0253969
v 0.0271991 0.029375 -0.00664905
v 0.0226346 0.029375 0.0164826
v 0.0207139 0.029375 0.0188397
v 0.00799382 0.029375 0.0268347
v 0.0108564 0.029375 0.0258097
v 0.00503697 0.029375 0.0275432
v -0.00101936 0.029375 0.0279814
v 0.00202072 0.029375 0.027927
v -0.00404742 0.029375 0.0277059
v -0.00992521 0.029375 0.0261819
v 0.0277597 0.029375 -0.00366061
v 0.0279929 0.029375 -0.000629002
v -0.00702775 0.029375 0.0271037
v 0.0278961 0.029375 0.00241002
v -0.0129325 -0.028875 0.0253969
v -0.0129325 0.028875 0.0253969
v -0.0140602 0.028875 -0.0247903
v -0.0140602 -0.028875 -0.0247903
v -0.0101024 -0.028875 0.0266494
v -0.0101024 0.028875 0.0266494
v -0.00715325 -0.028875 0.0275877
v -0.00715325 0.028875 0.0275877
v -0.0041197 -0.028875 0.0282007
v -0.0041197 0.028875 0.0282007
v -0.00103757 -0.028875 0.0284811
v -0.00103757 0.028875 0.0284811
v 0.0020568 -0.028875 0.0284257
v 0.0020568 0.028875 0.0284257
v 0.00512691 -0.028875 0.0280351
v 0.00512691 0.028875 0.0280351
v 0.00813657 -0.028875 0.0273138
v 0.00813657 0.028875 0.0273138
v 0.0110503 -0.028875 0.0262705
v 0.0110503 0.028875 0.0262705
v 0.0138337 -0.028875 0.0249175
v 0.0138337 0.028875 0.0249175
v 0.0164539 -0.028875 0.0232705
v 0.0164539 0.028875 0.0232705
v 0.0188802 -0.028875 0.0213492
v 0.0188802 0.028875 0.0213492
v 0.0210838 -0.028875 0.0191761
v 0.0210838 0.028875 0.0191761
v 0.0230388 -0.028875 0.0167769
v 0.0230388 0.028875 0.0167769
v 0.0247221 -0.028875 0.0141799
v 0.0247221 0.028875 0.0141799
v 0.0261139 -0.028875 0.0114156
v 0.0261139 0.028875 0.0114156
v 0.0271977 -0.028875 0.00851673
v 0.0271977 0.028875 0.00851673
v 0.0279608 -0.028875 0.00551742
v 0.0279608 0.028875 0.00551742
v 0.0283942 -0.028875 0.00245306
v 0.0283942 0.028875 0.00245306
v 0.0284928 -0.028875 -0.000640234
v 0.0284928 0.028875 -0.000640234
v 0.0282554 -0.028875 -0.00372598
v 0.0282554 0.028875 -0.00372598
v 0.0276848 -0.028875 -0.00676778
v 0.0276848 0.028875 -0.00676778
v 0.0267877 -0.028875 -0.00972978
v 0.0267877 0.028875 -0.00972978
v 0.0255748 -0.028875 -0.012577
v 0.0255748 0.028875 -0.012577
v 0.0240602 -0.028875 -0.015276
v 0.0240602 0.028875 -0.015276
v 0.022262 -0.028875 -0.0177948
v 0.022262 0.028875 -0.0177948
v 0.0202012 -0.028875 -0.0201038
v 0.0202012 0.028875 -0.0201038
v 0.0179022 -0.028875 -0.0221757
v 0.0179022 0.028875 -0.0221757
v 0.0153921 -0.028875 -0.0239861
v 0.0153921 0.028875 -0.0239861
v 0.0127005 -0.028875 -0.0255137
v 0.0127005 0.028875 -0.0255137
v 0.00985912 -0.028875 -0.0267404
v 0.00985912 0.028875 -0.0267404
v 0.00690149 -0.028875 -0.0276518
v 0.00690149 0.028875 -0.0276518
v 0.00386248 -0.028875 -0.0282371
v 0.00386248 0.028875 -0.0282371
v 0.000777917 -0.028875 -0.0284894
v 0.000777917 0.028875 -0.0284894
v -0.00231582 -0.028875 -0.0284058
v -0.00231582 0.028875 -0.0284058
v -0.00538224 -0.028875 -0.0279872
v -0.00538224 0.028875 -0.0279872
v -0.0083852 -0.028875 -0.0272385
v -0.0083852 0.028875 -0.0272385
v -0.0112893 -0.028875 -0.0261687
v -0.0112893 0.028875 -0.0261687
v -0.014 0.03125 0.031
v -0.014 -0.03125 0.031
v -0.014 -0.03125 0.0285
v -0.014 0.03125 0.0285
v -0.0145 -0.03175 0.031
v -0.0145 -0.03175 0.0285
v -0.0144477 -0.0317473 0.0285
v -0.0144477 -0.0317473 0.031
v -0.014396 -0.0317391 0.0285
v -0.014396 -0.0317391 0.031
v -0.0143455 -0.0317255 0.0285
v -0.0143455 -0.0317255 0.031
v -0.0142966 -0.0317068 0.0285
v -0.0142966 -0.0317068 0.031
v -0.01425 -0.031683 0.0285
v -0.01425 -0.031683 0.031
v -0.0142061 -0.0316545 0.0285
v -0.0142061 -0.0316545 0.031
v -0.0141654 -0.0316216 0.0285
v -0.0141654 -0.0316216 0.031
v -0.0141284 -0.0315846 0.0285
v -0.0141284 -0.0315846 0.031
v -0.0140955 -0.0315439 0.0285
v -0.0140955 -0.0315439 0.031
v -0.014067 -0.0315 0.0285
v -0.014067 -0.0315 0.031
v -0.0140432 -0.0314534 0.0285
v -0.0140432 -0.0314534 0.031
v -0.0140245 -0.0314045 0.0285
v -0.0140245 -0.0314045 0.031
v -0.0140109 -0.031354 0.0285
v -0.0140109 -0.031354 0.031
v -0.0140027 -0.0313023 0.0285
v -0.0140027 -0.0313023 0.031
v -0.0140027 -0.03125 0.0310523
v -0.0140109 -0.03125 0.031104
v -0.0140245 -0.03125 0.0311545
v -0.0140432 -0.03125 0.0312034
v -0.014067 -0.03125 0.03125
v -0.0140955 -0.03125 0.0312939
v -0.0141284 -0.03125 0.0313346
v -0.0141654 -0.03125 0.0313716
v -0.0142061 -0.03125 0.0314045
v -0.01425 -0.03125 0.031433
v -0.0142966 -0.03125 0.0314568
v -0.0143455 -0.03125 0.0314755
v -0.014396 -0.03125 0.0314891
v -0.0144477 -0.03125 0.0314973
v -0.0145 -0.03125 0.0315
v -0.0145 -0.0313023 0.0314973
v -0.0145 -0.031354 0.0314891
v -0.0145 -0.0314045 0.0314755
v -0.0145 -0.0314534 0.0314568
v -0.0145 -0.0315 0.031433
v -0.0145 -0.0315439 0.0314045
v -0.0145 -0.0315846 0.0313716
v -0.0145 -0.0316216 0.0313346
v -0.0145 -0.0316545 0.0312939
v -0.0145 -0.031683 0.03125
v -0.0145 -0.0317068 0.0312034
v -0.0145 -0.0317255 0.0311545
v -0.0145 -0.0317391 0.031104
v -0.0145 -0.0317473 0.0310523
v -0.0140055 -0.0313023 0.031052
v -0.0140136 -0.0313023 0.0311034
v -0.0140271 -0.0313023 0.0311537
v -0.0140457 -0.0313023 0.0312023
v -0.0140694 -0.0313023 0.0312486
v -0.0140977 -0.0313023 0.0312923
v -0.0141305 -0.0313023 0.0313327
v -0.0141673 -0.0313023 0.0313695
v -0.0142077 -0.0313023 0.0314023
v -0.0142514 -0.0313023 0.0314306
v -0.0142977 -0.0313023 0.0314543
v -0.0143463 -0.0313023 0.0314729
v -0.0143966 -0.0313023 0.0314864
v -0.014448 -0.0313023 0.0314945
v -0.0140136 -0.031354 0.0310511
v -0.0140216 -0.031354 0.0311017
v -0.0140349 -0.031354 0.0311511
v -0.0140532 -0.031354 0.0311989
v -0.0140764 -0.031354 0.0312445
v -0.0141043 -0.031354 0.0312875
v -0.0141365 -0.031354 0.0313273
v -0.0141727 -0.031354 0.0313635
v -0.0142125 -0.031354 0.0313957
v -0.0142555 -0.031354 0.0314236
v -0.0143011 -0.031354 0.0314468
v -0.0143489 -0.031354 0.0314651
v -0.0143983 -0.031354 0.0314784
v -0.0144489 -0.031354 0.0314864
v -0.0140271 -0.0314045 0.0310497
v -0.0140349 -0.0314045 0.0310989
v -0.0140477 -0.0314045 0.0311469
v -0.0140656 -0.0314045 0.0311934
v -0.0140882 -0.0314045 0.0312378
v -0.0141153 -0.0314045 0.0312795
v -0.0141466 -0.0314045 0.0313182
v -0.0141818 -0.0314045 0.0313534
v -0.0142205 -0.0314045 0.0313847
v -0.0142622 -0.0314045 0.0314118
v -0.0143066 -0.0314045 0.0314344
v -0.0143531 -0.0314045 0.0314523
v -0.0144011 -0.0314045 0.0314651
v -0.0144503 -0.0314045 0.0314729
v -0.0140457 -0.0314534 0.0310477
v -0.0140532 -0.0314534 0.031095
v -0.0140656 -0.0314534 0.0311412
v -0.0140827 -0.0314534 0.0311858
v -0.0141044 -0.0314534 0.0312284
v -0.0141305 -0.0314534 0.0312685
v -0.0141606 -0.0314534 0.0313056
v -0.0141944 -0.0314534 0.0313394
v -0.0142315 -0.0314534 0.0313695
v -0.0142716 -0.0314534 0.0313956
v -0.0143142 -0.0314534 0.0314173
v -0.0143588 -0.0314534 0.0314344
v -0.014405 -0.0314534 0.0314468
v -0.0144523 -0.0314534 0.0314543
v -0.0140694 -0.0315 0.0310453
v -0.0140764 -0.0315 0.03109
v -0.0140882 -0.0315 0.0311338
v -0.0141044 -0.0315 0.0311761
v -0.014125 -0.0315 0.0312165
v -0.0141497 -0.0315 0.0312545
v -0.0141782 -0.0315 0.0312897
v -0.0142103 -0.0315 0.0313218
v -0.0142455 -0.0315 0.0313503
v -0.0142835 -0.0315 0.031375
v -0.0143239 -0.0315 0.0313956
v -0.0143662 -0.0315 0.0314118
v -0.01441 -0.0315 0.0314236
v -0.0144547 -0.0315 0.0314306
v -0.0140977 -0.0315439 0.0310423
v -0.0141043 -0.0315439 0.0310841
v -0.0141153 -0.0315439 0.031125
v -0.0141305 -0.0315439 0.0311645
v -0.0141497 -0.0315439 0.0312023
v -0.0141727 -0.0315439 0.0312378
v -0.0141994 -0.0315439 0.0312707
v -0.0142293 -0.0315439 0.0313006
v -0.0142622 -0.0315439 0.0313273
v -0.0142977 -0.0315439 0.0313503
v -0.0143355 -0.0315439 0.0313695
v -0.014375 -0.0315439 0.0313847
v -0.0144159 -0.0315439 0.0313957
v -0.0144577 -0.0315439 0.0314023
v -0.0141305 -0.0315846 0.0310388
v -0.0141365 -0.0315846 0.0310773
v -0.0141466 -0.0315846 0.0311148
v -0.0141606 -0.0315846 0.0311511
v -0.0141782 -0.0315846 0.0311858
v -0.0141994 -0.0315846 0.0312184
v -0.0142239 -0.0315846 0.0312486
v -0.0142514 -0.0315846 0.0312761
v -0.0142816 -0.0315846 0.0313006
v -0.0143142 -0.0315846 0.0313218
v -0.0143489 -0.0315846 0.0313394
v -0.0143852 -0.0315846 0.0313534
v -0.0144227 -0.0315846 0.0313635
v -0.0144612 -0.0315846 0.0313695
v -0.0141673 -0.0316216 0.031035
v -0.0141727 -0.0316216 0.0310696
v -0.0141818 -0.0316216 0.0311034
v -0.0141944 -0.0316216 0.0311361
v -0.0142103 -0.0316216 0.0311673
v -0.0142293 -0.0316216 0.0311967
v -0.0142514 -0.0316216 0.0312239
v -0.0142761 -0.0316216 0.0312486
v -0.0143033 -0.0316216 0.0312707
v -0.0143327 -0.0316216 0.0312897
v -0.0143639 -0.0316216 0.0313056
v -0.0143966 -0.0316216 0.0313182
v -0.0144304 -0.0316216 0.0313273
v -0.014465 -0.0316216 0.0313327
v -0.0142077 -0.0316545 0.0310307
v -0.0142125 -0.0316545 0.0310611
v -0.0142205 -0.0316545 0.0310908
v -0.0142315 -0.0316545 0.0311195
v -0.0142455 -0.0316545 0.0311469
v -0.0142622 -0.0316545 0.0311727
v -0.0142816 -0.0316545 0.0311967
v -0.0143033 -0.0316545 0.0312184
v -0.0143273 -0.0316545 0.0312378
v -0.0143531 -0.0316545 0.0312545
v -0.0143805 -0.0316545 0.0312685
v -0.0144092 -0.0316545 0.0312795
v -0.0144389 -0.0316545 0.0312875
v -0.0144693 -0.0316545 0.0312923
v -0.0142514 -0.031683 0.0310261
v -0.0142555 -0.031683 0.031052
v -0.0142622 -0.031683 0.0310773
v -0.0142716 -0.031683 0.0311017
v -0.0142835 -0.031683 0.031125
v -0.0142977 -0.031683 0.0311469
v -0.0143142 -0.031683 0.0311673
v -0.0143327 -0.031683 0.0311858
v -0.0143531 -0.031683 0.0312023
v -0.014375 -0.031683 0.0312165
v -0.0143983 -0.031683 0.0312284
v -0.0144227 -0.031683 0.0312378
v -0.014448 -0.031683 0.0312445
v -0.0144739 -0.031683 0.0312486
v -0.0142977 -0.0317068 0.0310213
v -0.0143011 -0.0317068 0.0310423
v -0.0143066 -0.0317068 0.0310628
v -0.0143142 -0.0317068 0.0310827
v -0.0143239 -0.0317068 0.0311017
v -0.0143355 -0.0317068 0.0311195
v -0.0143489 -0.0317068 0.0311361
v -0.0143639 -0.0317068 0.0311511
v -0.0143805 -0.0317068 0.0311645
v -0.0143983 -0.0317068 0.0311761
v -0.0144173 -0.0317068 0.0311858
v -0.0144372 -0.0317068 0.0311934
v -0.0144577 -0.0317068 0.0311989
v -0.0144787 -0.0317068 0.0312023
v -0.0143463 -0.0317255 0.0310162
v -0.0143489 -0.0317255 0.0310321
v -0.0143531 -0.0317255 0.0310477
v -0.0143588 -0.0317255 0.0310628
v -0.0143662 -0.0317255 0.0310773
v -0.014375 -0.0317255 0.0310908
v -0.0143852 -0.0317255 0.0311034
v -0.0143966 -0.0317255 0.0311148
v -0.0144092 -0.0317255 0.031125
v -0.0144227 -0.0317255 0.0311338
v -0.0144372 -0.0317255 0.0311412
v -0.0144523 -0.0317255 0.0311469
v -0.0144679 -0.0317255 0.0311511
v -0.0144838 -0.0317255 0.0311537
v -0.0143966 -0.0317391 0.0310109
v -0.0143983 -0.0317391 0.0310216
v -0.0144011 -0.0317391 0.0310321
v -0.014405 -0.0317391 0.0310423
v -0.01441 -0.0317391 0.031052
v -0.0144159 -0.0317391 0.0310611
v -0.0144227 -0.0317391 0.0310696
v -0.0144304 -0.0317391 0.0310773
v -0.0144389 -0.0317391 0.0310841
v -0.014448 -0.0317391 0.03109
v -0.0144577 -0.0317391 0.031095
v -0.0144679 -0.0317391 0.0310989
v -0.0144784 -0.0317391 0.0311017
v -0.0144891 -0.0317391 0.0311034
v -0.014448 -0.0317473 0.0310055
v -0.0144489 -0.0317473 0.0310109
v -0.0144503 -0.0317473 0.0310162
v -0.0144523 -0.0317473 0.0310213
v -0.0144547 -0.0317473 0.0310261
v -0.0144577 -0.0317473 0.0310307
v -0.0144612 -0.0317473 0.031035
v -0.014465 -0.0317473 0.0310388
v -0.0144693 -0.0317473 0.0310423
v -0.0144739 -0.0317473 0.0310453
v -0.0144787 -0.0317473 0.0310477
v -0.0144838 -0.0317473 0.0310497
v -0.0144891 -0.0317473 0.0310511
v -0.0144945 -0.0317473 0.031052
v -0.0295 -0.03175 0.031
v -0.0295 -0.03175 0.0285
v -0.03 -0.03125 0.031
v -0.03 -0.03125 0.0285
v -0.0299973 -0.0313023 0.0285
v -0.0299973 -0.0313023 0.031
v -0.0299891 -0.031354 0.0285
v -0.0299891 -0.031354 0.031
v -0.0299755 -0.0314045 0.0285
v -0.0299755 -0.0314045 0.031
v -0.0299568 -0.0314534 0.0285
v -0.0299568 -0.0314534 0.031
v -0.029933 -0.0315 0.0285
v -0.029933 -0.0315 0.031
v -0.0299045 -0.0315439 0.0285
v -0.0299045 -0.0315439 0.031
v -0.0298716 -0.0315846 0.0285
v -0.0298716 -0.0315846 0.031
v -0.0298346 -0.0316216 0.0285
v -0.0298346 -0.0316216 0.031
v -0.0297939 -0.0316545 0.0285
v -0.0297939 -0.0316545 0.031
v -0.02975 -0.031683 0.0285
v -0.02975 -0.031683 0.031
v -0.0297034 -0.0317068 0.0285
v -0.0297034 -0.0317068 0.031
v -0.0296545 -0.0317255 0.0285
v -0.0296545 -0.0317255 0.031
v -0.029604 -0.0317391 0.0285
v -0.029604 -0.0317391 0.031
v -0.0295523 -0.0317473 0.0285
v -0.0295523 -0.0317473 0.031
v -0.0295 -0.0317473 0.0310523
v -0.0295 -0.0317391 0.031104
v -0.0295 -0.0317255 0.0311545
v -0.0295 -0.0317068 0.0312034
v -0.0295 -0.031683 0.03125
v -0.0295 -0.0316545 0.0312939
v -0.0295 -0.0316216 0.0313346
v -0.0295 -0.0315846 0.0313716
v -0.0295 -0.0315439 0.0314045
v -0.0295 -0.0315 0.031433
v -0.0295 -0.0314534 0.0314568
v -0.0295 -0.0314045 0.0314755
v -0.0295 -0.031354 0.0314891
v -0.0295 -0.0313023 0.0314973
v -0.0295 -0.03125 0.0315
v -0.0140027 0.03125 0.0310523
v -0.0140109 0.03125 0.031104
v -0.0140245 0.03125 0.0311545
v -0.0140432 0.03125 0.0312034
v -0.014067 0.03125 0.03125
v -0.0140955 0.03125 0.0312939
v -0.0141284 0.03125 0.0313346
v -0.0141654 0.03125 0.0313716
v -0.0142061 0.03125 0.0314045
v -0.01425 0.03125 0.031433
v -0.0142966 0.03125 0.0314568
v -0.0143455 0.03125 0.0314755
v -0.014396 0.03125 0.0314891
v -0.0144477 0.03125 0.0314973
v -0.0145 0.03125 0.0315
v -0.0145 0.03175 0.0285
v -0.0145 0.03175 0.031
v -0.0144477 0.0317473 0.031
v -0.0144477 0.0317473 0.0285
v -0.014396 0.0317391 0.031
v -0.014396 0.0317391 0.0285
v -0.0143455 0.0317255 0.031
v -0.0143455 0.0317255 0.0285
v -0.0142966 0.0317068 0.031
v -0.0142966 0.0317068 0.0285
v -0.01425 0.031683 0.031
v -0.01425 0.031683 0.0285
v -0.0142061 0.0316545 0.031
v -0.0142061 0.0316545 0.0285
v -0.0141654 0.0316216 0.031
v -0.0141654 0.0316216 0.0285
v -0.0141284 0.0315846 0.031
v -0.0141284 0.0315846 0.0285
v -0.0140955 0.0315439 0.031
v -0.0140955 0.0315439 0.0285
v -0.014067 0.0315 0.031
v -0.014067 0.0315 0.0285
v -0.0140432 0.0314534 0.031
v -0.0140432 0.0314534 0.0285
v -0.0140245 0.0314045 0.031
v -0.0140245 0.0314045 0.0285
v -0.0140109 0.031354 0.031
v -0.0140109 0.031354 0.0285
v -0.0140027 0.0313023 0.031
v -0.0140027 0.0313023 0.0285
v -0.0295523 -0.03125 0.0314973
v -0.029604 -0.03125 0.0314891
v -0.0296545 -0.03125 0.0314755
v -0.0297034 -0.03125 0.0314568
v -0.02975 -0.03125 0.031433
v -0.0297939 -0.03125 0.0314045
v -0.0298346 -0.03125 0.0313716
v -0.0298716 -0.03125 0.0313346
v -0.0299045 -0.03125 0.0312939
v -0.029933 -0.03125 0.03125
v -0.0299568 -0.03125 0.0312034
v -0.0299755 -0.03125 0.0311545
v -0.0299891 -0.03125 0.031104
v -0.0299973 -0.03125 0.0310523
v -0.0295523 -0.0317445 0.031052
v -0.0295523 -0.0317364 0.0311034
v -0.0295523 -0.0317229 0.0311537
v -0.0295523 -0.0317043 0.0312023
v -0.0295523 -0.0316806 0.0312486
v -0.0295523 -0.0316523 0.0312923
v -0.0295523 -0.0316195 0.0313327
v -0.0295523 -0.0315827 0.0313695
v -0.0295523 -0.0315423 0.0314023
v -0.0295523 -0.0314986 0.0314306
v -0.0295523 -0.0314523 0.0314543
v -0.0295523 -0.0314037 0.0314729
v -0.0295523 -0.0313534 0.0314864
v -0.0295523 -0.031302 0.0314945
v -0.029604 -0.0317364 0.0310511
v -0.029604 -0.0317284 0.0311017
v -0.029604 -0.0317151 0.0311511
v -0.029604 -0.0316968 0.0311989
v -0.029604 -0.0316736 0.0312445
v -0.029604 -0.0316457 0.0312875
v -0.029604 -0.0316135 0.0313273
v -0.029604 -0.0315773 0.0313635
v -0.029604 -0.0315375 0.0313957
v -0.029604 -0.0314945 0.0314236
v -0.029604 -0.0314489 0.0314468
v -0.029604 -0.0314011 0.0314651
v -0.029604 -0.0313517 0.0314784
v -0.029604 -0.0313011 0.0314864
v -0.0296545 -0.0317229 0.0310497
v -0.0296545 -0.0317151 0.0310989
v -0.0296545 -0.0317023 0.0311469
v -0.0296545 -0.0316844 0.0311934
v -0.0296545 -0.0316618 0.0312378
v -0.0296545 -0.0316347 0.0312795
v -0.0296545 -0.0316034 0.0313182
v -0.0296545 -0.0315682 0.0313534
v -0.0296545 -0.0315295 0.0313847
v -0.0296545 -0.0314878 0.0314118
v -0.0296545 -0.0314434 0.0314344
v -0.0296545 -0.0313969 0.0314523
v -0.0296545 -0.0313489 0.0314651
v -0.0296545 -0.0312997 0.0314729
v -0.0297034 -0.0317043 0.0310477
v -0.0297034 -0.0316968 0.031095
v -0.0297034 -0.0316844 0.0311412
v -0.0297034 -0.0316673 0.0311858
v -0.0297034 -0.0316456 0.0312284
v -0.0297034 -0.0316195 0.0312685
v -0.0297034 -0.0315894 0.0313056
v -0.0297034 -0.0315556 0.0313394
v -0.0297034 -0.0315185 0.0313695
v -0.0297034 -0.0314784 0.0313956
v -0.0297034 -0.0314358 0.0314173
v -0.0297034 -0.0313912 0.0314344
v -0.0297034 -0.031345 0.0314468
v -0.0297034 -0.0312977 0.0314543
v -0.02975 -0.0316806 0.0310453
v -0.02975 -0.0316736 0.03109
v -0.02975 -0.0316618 0.0311338
v -0.02975 -0.0316456 0.0311761
v -0.02975 -0.031625 0.0312165
v -0.02975 -0.0316003 0.0312545
v -0.02975 -0.0315718 0.0312897
v -0.02975 -0.0315397 0.0313218
v -0.02975 -0.0315045 0.0313503
v -0.02975 -0.0314665 0.031375
v -0.02975 -0.0314261 0.0313956
v -0.02975 -0.0313838 0.0314118
v -0.02975 -0.03134 0.0314236
v -0.02975 -0.0312953 0.0314306
v -0.0297939 -0.0316523 0.0310423
v -0.0297939 -0.0316457 0.0310841
v -0.0297939 -0.0316347 0.031125
v -0.0297939 -0.0316195 0.0311645
v -0.0297939 -0.0316003 0.0312023
v -0.0297939 -0.0315773 0.0312378
v -0.0297939 -0.0315506 0.0312707
v -0.0297939 -0.0315207 0.0313006
v -0.0297939 -0.0314878 0.0313273
v -0.0297939 -0.0314523 0.0313503
v -0.0297939 -0.0314145 0.0313695
v -0.0297939 -0.031375 0.0313847
v -0.0297939 -0.0313341 0.0313957
v -0.0297939 -0.0312923 0.0314023
v -0.0298346 -0.0316195 0.0310388
v -0.0298346 -0.0316135 0.0310773
v -0.0298346 -0.0316034 0.0311148
v -0.0298346 -0.0315894 0.0311511
v -0.0298346 -0.0315718 0.0311858
v -0.0298346 -0.0315506 0.0312184
v -0.0298346 -0.0315261 0.0312486
v -0.0298346 -0.0314986 0.0312761
v -0.0298346 -0.0314684 0.0313006
v -0.0298346 -0.0314358 0.0313218
v -0.0298346 -0.0314011 0.0313394
v -0.0298346 -0.0313648 0.0313534
v -0.0298346 -0.0313273 0.0313635
v -0.0298346 -0.0312888 0.0313695
v -0.0298716 -0.0315827 0.031035
v -0.0298716 -0.0315773 0.0310696
v -0.0298716 -0.0315682 0.0311034
v -0.0298716 -0.0315556 0.0311361
v -0.0298716 -0.0315397 0.0311673
v -0.0298716 -0.0315207 0.0311967
v -0.0298716 -0.0314986 0.0312239
v -0.0298716 -0.0314739 0.0312486
v -0.0298716 -0.0314467 0.0312707
v -0.0298716 -0.0314173 0.0312897
v -0.0298716 -0.0313861 0.0313056
v -0.0298716 -0.0313534 0.0313182
v -0.0298716 -0.0313196 0.0313273
v -0.0298716 -0.031285 0.0313327
v -0.0299045 -0.0315423 0.0310307
v -0.0299045 -0.0315375 0.0310611
v -0.0299045 -0.0315295 0.0310908
v -0.0299045 -0.0315185 0.0311195
v -0.0299045 -0.0315045 0.0311469
v -0.0299045 -0.0314878 0.0311727
v -0.0299045 -0.0314684 0.0311967
v -0.0299045 -0.0314467 0.0312184
v -0.0299045 -0.0314227 0.0312378
v -0.0299045 -0.0313969 0.0312545
v -0.0299045 -0.0313695 0.0312685
v -0.0299045 -0.0313408 0.0312795
v -0.0299045 -0.0313111 0.0312875
v -0.0299045 -0.0312807 0.0312923
v -0.029933 -0.0314986 0.0310261
v -0.029933 -0.0314945 0.031052
v -0.029933 -0.0314878 0.0310773
v -0.029933 -0.0314784 0.0311017
v -0.029933 -0.0314665 0.031125
v -0.029933 -0.0314523 0.0311469
v -0.029933 -0.0314358 0.0311673
v -0.029933 -0.0314173 0.0311858
v -0.029933 -0.0313969 0.0312023
v -0.029933 -0.031375 0.0312165
v -0.029933 -0.0313517 0.0312284
v -0.029933 -0.0313273 0.0312378
v -0.029933 -0.031302 0.0312445
v -0.029933 -0.0312761 0.0312486
v -0.0299568 -0.0314523 0.0310213
v -0.0299568 -0.0314489 0.0310423
v -0.0299568 -0.0314434 0.0310628
v -0.0299568 -0.0314358 0.0310827
v -0.0299568 -0.0314261 0.0311017
v -0.0299568 -0.0314145 0.0311195
v -0.0299568 -0.0314011 0.0311361
v -0.0299568 -0.0313861 0.0311511
v -0.0299568 -0.0313695 0.0311645
v -0.0299568 -0.0313517 0.0311761
v -0.0299568 -0.0313327 0.0311858
v -0.0299568 -0.0313128 0.0311934
v -0.0299568 -0.0312923 0.0311989
v -0.0299568 -0.0312713 0.0312023
v -0.0299755 -0.0314037 0.0310162
v -0.0299755 -0.0314011 0.0310321
v -0.0299755 -0.0313969 0.0310477
v -0.0299755 -0.0313912 0.0310628
v -0.0299755 -0.0313838 0.0310773
v -0.0299755 -0.031375 0.0310908
v -0.0299755 -0.0313648 0.0311034
v -0.0299755 -0.0313534 0.0311148
v -0.0299755 -0.0313408 0.031125
v -0.0299755 -0.0313273 0.0311338
v -0.0299755 -0.0313128 0.0311412
v -0.0299755 -0.0312977 0.0311469
v -0.0299755 -0.0312821 0.0311511
v -0.0299755 -0.0312662 0.0311537
v -0.0299891 -0.0313534 0.0310109
v -0.0299891 -0.0313517 0.0310216
v -0.0299891 -0.0313489 0.0310321
v -0.0299891 -0.031345 0.0310423
v -0.0299891 -0.03134 0.031052
v -0.0299891 -0.0313341 0.0310611
v -0.0299891 -0.0313273 0.0310696
v -0.0299891 -0.0313196 0.0310773
v -0.0299891 -0.0313111 0.0310841
v -0.0299891 -0.031302 0.03109
v -0.0299891 -0.0312923 0.031095
v -0.0299891 -0.0312821 0.0310989
v -0.0299891 -0.0312716 0.0311017
v -0.0299891 -0.0312609 0.0311034
v -0.0299973 -0.031302 0.0310055
v -0.0299973 -0.0313011 0.0310109
v -0.0299973 -0.0312997 0.0310162
v -0.0299973 -0.0312977 0.0310213
v -0.0299973 -0.0312953 0.0310261
v -0.0299973 -0.0312923 0.0310307
v -0.0299973 -0.0312888 0.031035
v -0.0299973 -0.031285 0.0310388
v -0.0299973 -0.0312807 0.0310423
v -0.0299973 -0.0312761 0.0310453
v -0.0299973 -0.0312713 0.0310477
v -0.0299973 -0.0312662 0.0310497
v -0.0299973 -0.0312609 0.0310511
v -0.0299973 -0.0312555 0.031052
v -0.03 -0.0222205 0.031
v -0.03 -0.016298 0.0298371
v -0.03 -0.00817638 0.0288348
v -0.03 9.05556e-18 0.0285
v -0.0295267 -0.0243076 0.0314993
v -0.0295397 -0.0243042 0.0314984
v -0.0295 -0.0243105 0.0315
v -0.0295068 -0.0243103 0.0315
v -0.0295135 -0.0243098 0.0314998
v -0.0295794 -0.0242851 0.0314937
v -0.0295921 -0.0242764 0.0314915
v -0.0295661 -0.024293 0.0314956
v -0.0295523 -0.0242996 0.0314973
v -0.029604 -0.0242669 0.0314891
v -0.0296177 -0.0242544 0.031486
v -0.0296306 -0.0242411 0.0314826
v -0.0296545 -0.0242126 0.0314755
v -0.0296803 -0.0241759 0.0314664
v -0.0297034 -0.0241374 0.0314568
v -0.02975 -0.0240416 0.031433
v -0.0297939 -0.0239263 0.0314045
v -0.0298327 -0.0237834 0.0313695
v -0.0298716 -0.0236406 0.0313346
v -0.0299 -0.0234587 0.0312908
v -0.0299284 -0.0232766 0.0312471
v -0.0299568 -0.0230947 0.0312034
v -0.0299676 -0.0228762 0.0311525
v -0.0299784 -0.0226576 0.0311017
v -0.0299892 -0.022439 0.0310508
v -0.0145 0.0317473 0.0310523
v -0.0145 0.0317391 0.031104
v -0.0145 0.0317255 0.0311545
v -0.0145 0.0317068 0.0312034
v -0.0145 0.031683 0.03125
v -0.0145 0.0316545 0.0312939
v -0.0145 0.0316216 0.0313346
v -0.0145 0.0315846 0.0313716
v -0.0145 0.0315439 0.0314045
v -0.0145 0.0315 0.031433
v -0.0145 0.0314534 0.0314568
v -0.0145 0.0314045 0.0314755
v -0.0145 0.031354 0.0314891
v -0.0145 0.0313023 0.0314973
v -0.0140055 0.031302 0.0310523
v -0.0140136 0.0313534 0.0310523
v -0.0140271 0.0314037 0.0310523
v -0.0140457 0.0314523 0.0310523
v -0.0140694 0.0314986 0.0310523
v -0.0140977 0.0315423 0.0310523
v -0.0141305 0.0315827 0.0310523
v -0.0141673 0.0316195 0.0310523
v -0.0142077 0.0316523 0.0310523
v -0.0142514 0.0316806 0.0310523
v -0.0142977 0.0317043 0.0310523
v -0.0143463 0.0317229 0.0310523
v -0.0143966 0.0317364 0.0310523
v -0.014448 0.0317445 0.0310523
v -0.0140136 0.0313011 0.031104
v -0.0140216 0.0313517 0.031104
v -0.0140349 0.0314011 0.031104
v -0.0140532 0.0314489 0.031104
v -0.0140764 0.0314945 0.031104
v -0.0141043 0.0315375 0.031104
v -0.0141365 0.0315773 0.031104
v -0.0141727 0.0316135 0.031104
v -0.0142125 0.0316457 0.031104
v -0.0142555 0.0316736 0.031104
v -0.0143011 0.0316968 0.031104
v -0.0143489 0.0317151 0.031104
v -0.0143983 0.0317284 0.031104
v -0.0144489 0.0317364 0.031104
v -0.0140271 0.0312997 0.0311545
v -0.0140349 0.0313489 0.0311545
v -0.0140477 0.0313969 0.0311545
v -0.0140656 0.0314434 0.0311545
v -0.0140882 0.0314878 0.0311545
v -0.0141153 0.0315295 0.0311545
v -0.0141466 0.0315682 0.0311545
v -0.0141818 0.0316034 0.0311545
v -0.0142205 0.0316347 0.0311545
v -0.0142622 0.0316618 0.0311545
v -0.0143066 0.0316844 0.0311545
v -0.0143531 0.0317023 0.0311545
v -0.0144011 0.0317151 0.0311545
v -0.0144503 0.0317229 0.0311545
v -0.0140457 0.0312977 0.0312034
v -0.0140532 0.031345 0.0312034
v -0.0140656 0.0313912 0.0312034
v -0.0140827 0.0314358 0.0312034
v -0.0141044 0.0314784 0.0312034
v -0.0141305 0.0315185 0.0312034
v -0.0141606 0.0315556 0.0312034
v -0.0141944 0.0315894 0.0312034
v -0.0142315 0.0316195 0.0312034
v -0.0142716 0.0316456 0.0312034
v -0.0143142 0.0316673 0.0312034
v -0.0143588 0.0316844 0.0312034
v -0.014405 0.0316968 0.0312034
v -0.0144523 0.0317043 0.0312034
v -0.0140694 0.0312953 0.03125
v -0.0140764 0.03134 0.03125
v -0.0140882 0.0313838 0.03125
v -0.0141044 0.0314261 0.03125
v -0.014125 0.0314665 0.03125
v -0.0141497 0.0315045 0.03125
v -0.0141782 0.0315397 0.03125
v -0.0142103 0.0315718 0.03125
v -0.0142455 0.0316003 0.03125
v -0.0142835 0.031625 0.03125
v -0.0143239 0.0316456 0.03125
v -0.0143662 0.0316618 0.03125
v -0.01441 0.0316736 0.03125
v -0.0144547 0.0316806 0.03125
v -0.0140977 0.0312923 0.0312939
v -0.0141043 0.0313341 0.0312939
v -0.0141153 0.031375 0.0312939
v -0.0141305 0.0314145 0.0312939
v -0.0141497 0.0314523 0.0312939
v -0.0141727 0.0314878 0.0312939
v -0.0141994 0.0315207 0.0312939
v -0.0142293 0.0315506 0.0312939
v -0.0142622 0.0315773 0.0312939
v -0.0142977 0.0316003 0.0312939
v -0.0143355 0.0316195 0.0312939
v -0.014375 0.0316347 0.0312939
v -0.0144159 0.0316457 0.0312939
v -0.0144577 0.0316523 0.0312939
v -0.0141305 0.0312888 0.0313346
v -0.0141365 0.0313273 0.0313346
v -0.0141466 0.0313648 0.0313346
v -0.0141606 0.0314011 0.0313346
v -0.0141782 0.0314358 0.0313346
v -0.0141994 0.0314684 0.0313346
v -0.0142239 0.0314986 0.0313346
v -0.0142514 0.0315261 0.0313346
v -0.0142816 0.0315506 0.0313346
v -0.0143142 0.0315718 0.0313346
v -0.0143489 0.0315894 0.0313346
v -0.0143852 0.0316034 0.0313346
v -0.0144227 0.0316135 0.0313346
v -0.0144612 0.0316195 0.0313346
v -0.0141673 0.031285 0.0313716
v -0.0141727 0.0313196 0.0313716
v -0.0141818 0.0313534 0.0313716
v -0.0141944 0.0313861 0.0313716
v -0.0142103 0.0314173 0.0313716
v -0.0142293 0.0314467 0.0313716
v -0.0142514 0.0314739 0.0313716
v -0.0142761 0.0314986 0.0313716
v -0.0143033 0.0315207 0.0313716
v -0.0143327 0.0315397 0.0313716
v -0.0143639 0.0315556 0.0313716
v -0.0143966 0.0315682 0.0313716
v -0.0144304 0.0315773 0.0313716
v -0.014465 0.0315827 0.0313716
v -0.0142077 0.0312807 0.0314045
v -0.0142125 0.0313111 0.0314045
v -0.0142205 0.0313408 0.0314045
v -0.0142315 0.0313695 0.0314045
v -0.0142455 0.0313969 0.0314045
v -0.0142622 0.0314227 0.0314045
v -0.0142816 0.0314467 0.0314045
v -0.0143033 0.0314684 0.0314045
v -0.0143273 0.0314878 0.0314045
v -0.0143531 0.0315045 0.0314045
v -0.0143805 0.0315185 0.0314045
v -0.0144092 0.0315295 0.0314045
v -0.0144389 0.0315375 0.0314045
v -0.0144693 0.0315423 0.0314045
v -0.0142514 0.0312761 0.031433
v -0.0142555 0.031302 0.031433
v -0.0142622 0.0313273 0.031433
v -0.0142716 0.0313517 0.031433
v -0.0142835 0.031375 0.031433
v -0.0142977 0.0313969 0.031433
v -0.0143142 0.0314173 0.031433
v -0.0143327 0.0314358 0.031433
v -0.0143531 0.0314523 0.031433
v -0.014375 0.0314665 0.031433
v -0.0143983 0.0314784 0.031433
v -0.0144227 0.0314878 0.031433
v -0.014448 0.0314945 0.031433
v -0.0144739 0.0314986 0.031433
v -0.0142977 0.0312713 0.0314568
v -0.0143011 0.0312923 0.0314568
v -0.0143066 0.0313128 0.0314568
v -0.0143142 0.0313327 0.0314568
v -0.0143239 0.0313517 0.0314568
v -0.0143355 0.0313695 0.0314568
v -0.0143489 0.0313861 0.0314568
v -0.0143639 0.0314011 0.0314568
v -0.0143805 0.0314145 0.0314568
v -0.0143983 0.0314261 0.0314568
v -0.0144173 0.0314358 0.0314568
v -0.0144372 0.0314434 0.0314568
v -0.0144577 0.0314489 0.0314568
v -0.0144787 0.0314523 0.0314568
v -0.0143463 0.0312662 0.0314755
v -0.0143489 0.0312821 0.0314755
v -0.0143531 0.0312977 0.0314755
v -0.0143588 0.0313128 0.0314755
v -0.0143662 0.0313273 0.0314755
v -0.014375 0.0313408 0.0314755
v -0.0143852 0.0313534 0.0314755
v -0.0143966 0.0313648 0.0314755
v -0.0144092 0.031375 0.0314755
v -0.0144227 0.0313838 0.0314755
v -0.0144372 0.0313912 0.0314755
v -0.0144523 0.0313969 0.0314755
v -0.0144679 0.0314011 0.0314755
v -0.0144838 0.0314037 0.0314755
v -0.0143966 0.0312609 0.0314891
v -0.0143983 0.0312716 0.0314891
v -0.0144011 0.0312821 0.0314891
v -0.014405 0.0312923 0.0314891
v -0.01441 0.031302 0.0314891
v -0.0144159 0.0313111 0.0314891
v -0.0144227 0.0313196 0.0314891
v -0.0144304 0.0313273 0.0314891
v -0.0144389 0.0313341 0.0314891
v -0.014448 0.03134 0.0314891
v -0.0144577 0.031345 0.0314891
v -0.0144679 0.0313489 0.0314891
v -0.0144784 0.0313517 0.0314891
v -0.0144891 0.0313534 0.0314891
v -0.014448 0.0312555 0.0314973
v -0.0144489 0.0312609 0.0314973
v -0.0144503 0.0312662 0.0314973
v -0.0144523 0.0312713 0.0314973
v -0.0144547 0.0312761 0.0314973
v -0.0144577 0.0312807 0.0314973
v -0.0144612 0.031285 0.0314973
v -0.014465 0.0312888 0.0314973
v -0.0144693 0.0312923 0.0314973
v -0.0144739 0.0312953 0.0314973
v -0.0144787 0.0312977 0.0314973
v -0.0144838 0.0312997 0.0314973
v -0.0144891 0.0313011 0.0314973
v -0.0144945 0.031302 0.0314973
v -0.0295 0.03175 0.0285
v -0.0295 0.03175 0.031
v -0.0295523 0.0317473 0.0285
v -0.029604 0.0317391 0.0285
v -0.0299568 0.0314534 0.0285
v -0.029933 0.0315 0.0285
v -0.0297034 0.0317068 0.0285
v -0.0296545 0.0317255 0.0285
v -0.0298716 0.0315846 0.0285
v -0.0298346 0.0316216 0.0285
v -0.0299045 0.0315439 0.0285
v -0.0299891 0.031354 0.0285
v -0.0299755 0.0314045 0.0285
v -0.03 0.03125 0.0285
v -0.0297939 0.0316545 0.0285
v -0.02975 0.031683 0.0285
v -0.0299973 0.0313023 0.0285
v -0.03 0.016298 0.0298371
v -0.03 0.0222205 0.031
v -0.03 0.00817638 0.0288348
v -0.03 0.03125 0.031
v -0.020127 0 0.0315
v -0.0201896 -0.00603584 0.0315
v -0.0201447 0.00357948 0.0315
v -0.0202436 0.00779322 0.0315
v -0.0202023 0.0060372 0.0315
v -0.0203997 -0.0118502 0.0315
v -0.0204116 -0.0121163 0.0315
v -0.0202274 -0.008 0.0315
v -0.0202399 -0.00827927 0.0315
v -0.0201983 -0.00688319 0.0315
v -0.0202923 0.00987229 0.0315
v -0.0204295 0.0125091 0.0315
v -0.0204091 0.0121158 0.0315
v -0.0204285 -0.0124928 0.0315
v -0.0203982 0.0119078 0.0315
v -0.0204938 -0.0134296 0.0315
v -0.0205994 -0.0144924 0.0315
v -0.0208126 -0.0166387 0.0315
v -0.0208225 -0.0167133 0.0315
v -0.0227872 -0.023524 0.0315
v -0.0229291 -0.0237027 0.0315
v -0.0223636 -0.0228279 0.0315
v -0.0224133 -0.0229171 0.0315
v -0.0208742 -0.0171004 0.0315
v -0.021082 -0.0182931 0.0315
v -0.0207578 0.0161954 0.0315
v -0.0206019 0.0144449 0.0315
v -0.0210912 0.0184079 0.0315
v -0.0210738 0.0182928 0.0315
v -0.0225779 -0.0232121 0.0315
v -0.0220836 -0.0222137 0.0315
v -0.0210953 -0.0183693 0.0315
v -0.0208276 0.0166585 0.0315
v -0.0232224 -0.0239947 0.0315
v -0.0233244 -0.024073 0.0315
v -0.0230778 -0.0238634 0.0315
v -0.0231897 -0.023965 0.0315
v -0.0217537 -0.0212936 0.0315
v -0.0220481 -0.0221148 0.0315
v -0.0211578 0.0188501 0.0315
v -0.021384 -0.0198815 0.0315
v -0.0217043 -0.0211048 0.0315
v -0.0216233 0.0208585 0.0315
v -0.0213881 0.0198436 0.0315
v -0.0213088 -0.0195944 0.0315
v -0.0234358 -0.0241454 0.0315
v -0.0236083 0.0242313 0.0315
v -0.0235927 0.024224 0.0315
v -0.0236513 -0.0242478 0.0315
v -0.0236997 -0.024264 0.0315
v -0.0235445 -0.0242032 0.0315
v -0.0235927 -0.0242234 0.0315
v -0.0219919 0.0219811 0.0315
v -0.0217042 0.021105 0.0315
v -0.0236862 0.0242597 0.0315
v -0.022838 0.0235909 0.0315
v -0.0227953 0.0235305 0.0315
v -0.0233701 0.0241044 0.0315
v -0.0232302 0.0240011 0.0315
v -0.0237907 0.0242879 0.0315
v -0.0223451 0.0227915 0.0315
v -0.0220485 0.022111 0.0315
v -0.0226403 0.0233113 0.0315
v -0.0224137 0.0229123 0.0315
v -0.0230293 0.0238139 0.0315
v -0.0231958 0.0239723 0.0315
v -0.0234941 0.024178 0.0315
v -0.0237974 -0.0242894 0.0315
v -0.0238937 -0.0243047 0.0315
v -0.024 -0.0243105 0.0315
v -0.0295 0.03125 0.0315
v -0.023895 0.0243048 0.0315
v -0.0295 0.0243105 0.0315
v -0.024 0.0243105 0.0315
v -0.024 -0.0123937 0.029271
v -0.024 -0.0162911 0.0298813
v -0.024 -0.00620881 0.0286929
v -0.024 -0.00817249 0.0288765
v -0.024 -2.31069e-17 0.0285
v -0.024 0.00620881 0.0286929
v -0.024 0.00817249 0.0288765
v -0.024 0.0123937 0.029271
v -0.024 0.0185307 0.0302319
v -0.0299892 0.022439 0.0310508
v -0.024 0.0162911 0.0298813
v -0.0299284 0.0232766 0.0312471
v -0.0299568 0.0230947 0.0312034
v -0.0299 0.0234587 0.0312908
v -0.0299676 0.0228762 0.0311525
v -0.0299784 0.0226576 0.0311017
v -0.0298327 0.0237834 0.0313695
v -0.0298716 0.0236406 0.0313346
v -0.0296804 0.0241758 0.0314663
v -0.0297034 0.0241374 0.0314568
v -0.0296307 0.024241 0.0314826
v -0.0296545 0.0242126 0.0314755
v -0.0296178 0.0242543 0.0314859
v -0.0295135 0.0243098 0.0314998
v -0.0295267 0.0243076 0.0314993
v -0.0295396 0.0243042 0.0314984
v -0.0295523 0.0242996 0.0314973
v -0.0295662 0.0242929 0.0314956
v -0.0295068 0.0243103 0.0315
v -0.0295794 0.0242852 0.0314937
v -0.029592 0.0242764 0.0314915
v -0.029604 0.0242669 0.0314891
v -0.02975 0.0240416 0.031433
v -0.0297939 0.0239263 0.0314045
v -0.024 -0.0185307 0.0302319
v -0.0296664 0.0240471 0.0314344
v -0.0296664 -0.0240471 0.0314344
v -0.0235927 0.0123911 0.0292916
v -0.0235927 0.0185268 0.0302524
v -0.0235927 0.00620752 0.0287137
v -0.0235927 -3.46945e-17 0.0285208
v -0.0235927 -0.00620752 0.0287137
v -0.0235927 -0.0123911 0.0292916
v -0.0235927 -0.0185268 0.0302524
v -0.0231896 0.0123834 0.0293533
v -0.0231896 0.00620366 0.0287757
v -0.0231896 -3.81639e-17 0.0285829
v -0.0231896 -0.00620366 0.0287757
v -0.0231896 -0.0123834 0.0293533
v -0.0231896 -0.0185153 0.0303134
v -0.0231896 0.0185153 0.0303134
v -0.022795 0.0123706 0.0294554
v -0.022795 0.00619727 0.0288784
v -0.022795 -4.16334e-17 0.0286858
v -0.022795 -0.00619727 0.0288784
v -0.022795 -0.0123706 0.0294554
v -0.022795 -0.0184963 0.0304145
v -0.022795 0.0184963 0.0304145
v -0.0224129 0.012353 0.0295968
v -0.0224129 0.00618843 0.0290206
v -0.0224129 -3.81639e-17 0.0288283
v -0.0224129 -0.00618843 0.0290206
v -0.0224129 -0.012353 0.0295968
v -0.0224129 -0.0184699 0.0305546
v -0.0224129 0.0184699 0.0305546
v -0.0220473 0.0123306 0.0297761
v -0.0220473 0.00617721 0.029201
v -0.0220473 -4.51028e-17 0.029009
v -0.0220473 -0.00617721 0.029201
v -0.0220473 -0.0123306 0.0297761
v -0.0220473 -0.0184364 0.0307322
v -0.0220473 0.0184364 0.0307322
v -0.0217019 0.0123037 0.0299914
v -0.0217019 0.00616373 0.0294176
v -0.0217019 -4.16334e-17 0.029226
v -0.0217019 -0.00616373 0.0294176
v -0.0217019 -0.0123037 0.0299914
v -0.0217019 -0.0183962 0.0309454
v -0.0217019 0.0183962 0.0309454
v -0.0213805 0.0122726 0.0302405
v -0.0213805 0.00614815 0.0296681
v -0.0213805 -3.81639e-17 0.029477
v -0.0213805 -0.00614815 0.0296681
v -0.0213805 -0.0122726 0.0302405
v -0.0213805 -0.0183496 0.0311921
v -0.0213805 0.0183496 0.0311921
v -0.0210863 0.0122376 0.0305208
v -0.0210863 0.00613061 0.02995
v -0.0210863 -4.16334e-17 0.0297595
v -0.0210863 -0.00613061 0.02995
v -0.0210863 -0.0122376 0.0305208
v -0.0211009 -0.0182956 0.0314808
v -0.0208224 0.00611131 0.0302603
v -0.0208224 -3.81639e-17 0.0300704
v -0.0208224 -0.00611131 0.0302603
v -0.0208224 -0.012199 0.0308293
v -0.0208224 0.012199 0.0308293
v -0.0205915 0.00609043 0.0305959
v -0.0205915 -3.81639e-17 0.0304066
v -0.0205915 -0.00609043 0.0305959
v -0.0205915 -0.0121574 0.0311629
v -0.0203961 -3.81639e-17 0.0307646
v -0.0203961 -0.00606821 0.0309531
v -0.0203961 0.00606821 0.0309531
v -0.0202381 -4.16334e-17 0.0311405
v -0.0202381 -0.00604487 0.0313284
v -0.0202381 0.00604487 0.0313284
v -0.0205915 0.0121574 0.0311629
v -0.0210957 0.0182965 0.0314779
v -0.0299973 0.03125 0.0310523
v -0.0299891 0.03125 0.031104
v -0.0299755 0.03125 0.0311545
v -0.0299568 0.03125 0.0312034
v -0.029933 0.03125 0.03125
v -0.0299045 0.03125 0.0312939
v -0.0298716 0.03125 0.0313346
v -0.0298346 0.03125 0.0313716
v -0.0297939 0.03125 0.0314045
v -0.02975 0.03125 0.031433
v -0.0297034 0.03125 0.0314568
v -0.0296545 0.03125 0.0314755
v -0.029604 0.03125 0.0314891
v -0.0295523 0.03125 0.0314973
v -0.0299973 0.0313023 0.031
v -0.0299891 0.031354 0.031
v -0.0299755 0.0314045 0.031
v -0.0299568 0.0314534 0.031
v -0.029933 0.0315 0.031
v -0.0299045 0.0315439 0.031
v -0.0298716 0.0315846 0.031
v -0.0298346 0.0316216 0.031
v -0.0297939 0.0316545 0.031
v -0.02975 0.031683 0.031
v -0.0297034 0.0317068 0.031
v -0.0296545 0.0317255 0.031
v -0.029604 0.0317391 0.031
v -0.0295523 0.0317473 0.031
v -0.0295 0.0317473 0.0310523
v -0.0295 0.0317391 0.031104
v -0.0295 0.0317255 0.0311545
v -0.0295 0.0317068 0.0312034
v -0.0295 0.031683 0.03125
v -0.0295 0.0316545 0.0312939
v -0.0295 0.0316216 0.0313346
v -0.0295 0.0315846 0.0313716
v -0.0295 0.0315439 0.0314045
v -0.0295 0.0315 0.031433
v -0.0295 0.0314534 0.0314568
v -0.0295 0.0314045 0.0314755
v -0.0295 0.031354 0.0314891
v -0.0295 0.0313023 0.0314973
v -0.0295523 0.031302 0.0314945
v -0.0295523 0.0313534 0.0314864
v -0.0295523 0.0314037 0.0314729
v -0.0295523 0.0314523 0.0314543
v -0.0295523 0.0314986 0.0314306
v -0.0295523 0.0315423 0.0314023
v -0.0295523 0.0315827 0.0313695
v -0.0295523 0.0316195 0.0313327
v -0.0295523 0.0316523 0.0312923
v -0.0295523 0.0316806 0.0312486
v -0.0295523 0.0317043 0.0312023
v -0.0295523 0.0317229 0.0311537
v -0.0295523 0.0317364 0.0311034
v -0.0295523 0.0317445 0.031052
v -0.029604 0.0313011 0.0314864
v -0.029604 0.0313517 0.0314784
v -0.029604 0.0314011 0.0314651
v -0.029604 0.0314489 0.0314468
v -0.029604 0.0314945 0.0314236
v -0.029604 0.0315375 0.0313957
v -0.029604 0.0315773 0.0313635
v -0.029604 0.0316135 0.0313273
v -0.029604 0.0316457 0.0312875
v -0.029604 0.0316736 0.0312445
v -0.029604 0.0316968 0.0311989
v -0.029604 0.0317151 0.0311511
v -0.029604 0.0317284 0.0311017
v -0.029604 0.0317364 0.0310511
v -0.0296545 0.0312997 0.0314729
v -0.0296545 0.0313489 0.0314651
v -0.0296545 0.0313969 0.0314523
v -0.0296545 0.0314434 0.0314344
v -0.0296545 0.0314878 0.0314118
v -0.0296545 0.0315295 0.0313847
v -0.0296545 0.0315682 0.0313534
v -0.0296545 0.0316034 0.0313182
v -0.0296545 0.0316347 0.0312795
v -0.0296545 0.0316618 0.0312378
v -0.0296545 0.0316844 0.0311934
v -0.0296545 0.0317023 0.0311469
v -0.0296545 0.0317151 0.0310989
v -0.0296545 0.0317229 0.0310497
v -0.0297034 0.0312977 0.0314543
v -0.0297034 0.031345 0.0314468
v -0.0297034 0.0313912 0.0314344
v -0.0297034 0.0314358 0.0314173
v -0.0297034 0.0314784 0.0313956
v -0.0297034 0.0315185 0.0313695
v -0.0297034 0.0315556 0.0313394
v -0.0297034 0.0315894 0.0313056
v -0.0297034 0.0316195 0.0312685
v -0.0297034 0.0316456 0.0312284
v -0.0297034 0.0316673 0.0311858
v -0.0297034 0.0316844 0.0311412
v -0.0297034 0.0316968 0.031095
v -0.0297034 0.0317043 0.0310477
v -0.02975 0.0312953 0.0314306
v -0.02975 0.03134 0.0314236
v -0.02975 0.0313838 0.0314118
v -0.02975 0.0314261 0.0313956
v -0.02975 0.0314665 0.031375
v -0.02975 0.0315045 0.0313503
v -0.02975 0.0315397 0.0313218
v -0.02975 0.0315718 0.0312897
v -0.02975 0.0316003 0.0312545
v -0.02975 0.031625 0.0312165
v -0.02975 0.0316456 0.0311761
v -0.02975 0.0316618 0.0311338
v -0.02975 0.0316736 0.03109
v -0.02975 0.0316806 0.0310453
v -0.0297939 0.0312923 0.0314023
v -0.0297939 0.0313341 0.0313957
v -0.0297939 0.031375 0.0313847
v -0.0297939 0.0314145 0.0313695
v -0.0297939 0.0314523 0.0313503
v -0.0297939 0.0314878 0.0313273
v -0.0297939 0.0315207 0.0313006
v -0.0297939 0.0315506 0.0312707
v -0.0297939 0.0315773 0.0312378
v -0.0297939 0.0316003 0.0312023
v -0.0297939 0.0316195 0.0311645
v -0.0297939 0.0316347 0.031125
v -0.0297939 0.0316457 0.0310841
v -0.0297939 0.0316523 0.0310423
v -0.0298346 0.0312888 0.0313695
v -0.0298346 0.0313273 0.0313635
v -0.0298346 0.0313648 0.0313534
v -0.0298346 0.0314011 0.0313394
v -0.0298346 0.0314358 0.0313218
v -0.0298346 0.0314684 0.0313006
v -0.0298346 0.0314986 0.0312761
v -0.0298346 0.0315261 0.0312486
v -0.0298346 0.0315506 0.0312184
v -0.0298346 0.0315718 0.0311858
v -0.0298346 0.0315894 0.0311511
v -0.0298346 0.0316034 0.0311148
v -0.0298346 0.0316135 0.0310773
v -0.0298346 0.0316195 0.0310388
v -0.0298716 0.031285 0.0313327
v -0.0298716 0.0313196 0.0313273
v -0.0298716 0.0313534 0.0313182
v -0.0298716 0.0313861 0.0313056
v -0.0298716 0.0314173 0.0312897
v -0.0298716 0.0314467 0.0312707
v -0.0298716 0.0314739 0.0312486
v -0.0298716 0.0314986 0.0312239
v -0.0298716 0.0315207 0.0311967
v -0.0298716 0.0315397 0.0311673
v -0.0298716 0.0315556 0.0311361
v -0.0298716 0.0315682 0.0311034
v -0.0298716 0.0315773 0.0310696
v -0.0298716 0.0315827 0.031035
v -0.0299045 0.0312807 0.0312923
v -0.0299045 0.0313111 0.0312875
v -0.0299045 0.0313408 0.0312795
v -0.0299045 0.0313695 0.0312685
v -0.0299045 0.0313969 0.0312545
v -0.0299045 0.0314227 0.0312378
v -0.0299045 0.0314467 0.0312184
v -0.0299045 0.0314684 0.0311967
v -0.0299045 0.0314878 0.0311727
v -0.0299045 0.0315045 0.0311469
v -0.0299045 0.0315185 0.0311195
v -0.0299045 0.0315295 0.0310908
v -0.0299045 0.0315375 0.0310611
v -0.0299045 0.0315423 0.0310307
v -0.029933 0.0312761 0.0312486
v -0.029933 0.031302 0.0312445
v -0.029933 0.0313273 0.0312378
v -0.029933 0.0313517 0.0312284
v -0.029933 0.031375 0.0312165
v -0.029933 0.0313969 0.0312023
v -0.029933 0.0314173 0.0311858
v -0.029933 0.0314358 0.0311673
v -0.029933 0.0314523 0.0311469
v -0.029933 0.0314665 0.031125
v -0.029933 0.0314784 0.0311017
v -0.029933 0.0314878 0.0310773
v -0.029933 0.0314945 0.031052
v -0.029933 0.0314986 0.0310261
v -0.0299568 0.0312713 0.0312023
v -0.0299568 0.0312923 0.0311989
v -0.0299568 0.0313128 0.0311934
v -0.0299568 0.0313327 0.0311858
v -0.0299568 0.0313517 0.0311761
v -0.0299568 0.0313695 0.0311645
v -0.0299568 0.0313861 0.0311511
v -0.0299568 0.0314011 0.0311361
v -0.0299568 0.0314145 0.0311195
v -0.0299568 0.0314261 0.0311017
v -0.0299568 0.0314358 0.0310827
v -0.0299568 0.0314434 0.0310628
v -0.0299568 0.0314489 0.0310423
v -0.0299568 0.0314523 0.0310213
v -0.0299755 0.0312662 0.0311537
v -0.0299755 0.0312821 0.0311511
v -0.0299755 0.0312977 0.0311469
v -0.0299755 0.0313128 0.0311412
v -0.0299755 0.0313273 0.0311338
v -0.0299755 0.0313408 0.031125
v -0.0299755 0.0313534 0.0311148
v -0.0299755 0.0313648 0.0311034
v -0.0299755 0.031375 0.0310908
v -0.0299755 0.0313838 0.0310773
v -0.0299755 0.0313912 0.0310628
v -0.0299755 0.0313969 0.0310477
v -0.0299755 0.0314011 0.0310321
v -0.0299755 0.0314037 0.0310162
v -0.0299891 0.0312609 0.0311034
v -0.0299891 0.0312716 0.0311017
v -0.0299891 0.0312821 0.0310989
v -0.0299891 0.0312923 0.031095
v -0.0299891 0.031302 0.03109
v -0.0299891 0.0313111 0.0310841
v -0.0299891 0.0313196 0.0310773
v -0.0299891 0.0313273 0.0310696
v -0.0299891 0.0313341 0.0310611
v -0.0299891 0.03134 0.031052
v -0.0299891 0.031345 0.0310423
v -0.0299891 0.0313489 0.0310321
v -0.0299891 0.0313517 0.0310216
v -0.0299891 0.0313534 0.0310109
v -0.0299973 0.0312555 0.031052
v -0.0299973 0.0312609 0.0310511
v -0.0299973 0.0312662 0.0310497
v -0.0299973 0.0312713 0.0310477
v -0.0299973 0.0312761 0.0310453
v -0.0299973 0.0312807 0.0310423
v -0.0299973 0.031285 0.0310388
v -0.0299973 0.0312888 0.031035
v -0.0299973 0.0312923 0.0310307
v -0.0299973 0.0312953 0.0310261
v -0.0299973 0.0312977 0.0310213
v -0.0299973 0.0312997 0.0310162
v -0.0299973 0.0313011 0.0310109
v -0.0299973 0.031302 0.0310055
v -0.038 0.0185 -0.026
v -0.038 0.0187695 -0.0259861
v -0.038 -0.0189114 -0.0259788
v -0.038 -0.0187695 -0.0259861
v -0.038 0.0190195 -0.0259619
v -0.038 0.0192531 -0.0259256
v -0.038 -0.0185 -0.026
v -0.038 0.0189114 -0.0259788
v -0.038 -0.0193184 -0.0259154
v -0.038 -0.0192531 -0.0259256
v -0.038 0.0193184 -0.0259154
v -0.038 0.0194708 -0.0258752
v -0.038 -0.0190195 -0.0259619
v -0.038 0.0196778 -0.0258207
v -0.038 -0.0197168 -0.0258104
v -0.038 -0.0196778 -0.0258207
v -0.038 0.0197168 -0.0258104
v -0.038 0.0198727 -0.0257516
v -0.038 -0.0194708 -0.0258752
v -0.038 0.0204707 -0.0254808
v -0.038 0.0206037 -0.0253962
v -0.038 0.0201023 -0.0256651
v -0.038 0.0202446 -0.0255939
v -0.038 0.0200626 -0.02568
v -0.038 -0.0201023 -0.0256651
v -0.038 -0.0200626 -0.02568
v -0.038 0.0207846 -0.0252811
v -0.038 0.0204263 -0.0255031
v -0.038 -0.0198727 -0.0257516
v -0.038 -0.0204707 -0.0254808
v -0.038 -0.0204263 -0.0255031
v -0.038 -0.0208183 -0.0252597
v -0.038 -0.0207846 -0.0252811
v -0.038 -0.0202446 -0.0255939
v -0.038 -0.0206037 -0.0253962
v -0.038 0.0214362 -0.0247164
v -0.038 0.0215132 -0.0246241
v -0.038 0.02945 -0.0140667
v -0.038 0.0296692 -0.0137393
v -0.038 0.0217 -0.0244
v -0.038 0.0211412 -0.025004
v -0.038 0.0211478 -0.0249976
v -0.038 0.0208183 -0.0252597
v -0.038 0.0209627 -0.0251453
v -0.038 -0.0217 -0.0244
v -0.038 -0.0215132 -0.0246241
v -0.038 0.0300447 -0.0129316
v -0.038 0.0300624 -0.0128673
v -0.038 0.0299611 -0.0131439
v -0.038 0.0300158 -0.013005
v -0.038 0.0298875 -0.0133305
v -0.038 0.0299044 -0.0132876
v -0.038 0.0213285 -0.0248214
v -0.038 -0.0211412 -0.025004
v -0.038 -0.0209627 -0.0251453
v -0.038 -0.0213285 -0.0248214
v -0.038 -0.0211478 -0.0249976
v -0.038 -0.02945 -0.0140667
v -0.038 -0.0296885 -0.0137103
v -0.038 -0.0296692 -0.0137393
v -0.038 -0.0300447 -0.0129316
v -0.038 -0.0300158 -0.013005
v -0.038 -0.0190195 0.0259619
v -0.038 -0.0192531 0.0259256
v -0.038 -0.0185 0.026
v -0.038 -0.0187695 0.0259861
v -0.038 0.0185 0.026
v -0.038 0.0193184 0.0259154
v -0.038 0.0192531 0.0259256
v -0.038 0.0301383 -0.0125909
v -0.038 0.0296885 -0.0137103
v -0.038 0.0297555 -0.0135825
v -0.038 -0.0214362 -0.0247164
v -0.038 -0.0299611 -0.0131439
v -0.038 -0.0301583 -0.0125181
v -0.038 -0.0301383 -0.0125909
v -0.038 -0.0193184 0.0259154
v -0.038 -0.0194708 0.0258752
v -0.038 -0.0189114 0.0259788
v -0.038 0.0189114 0.0259788
v -0.038 0.0187695 0.0259861
v -0.038 0.0190195 0.0259619
v -0.038 0.0197168 0.0258104
v -0.038 0.0196778 0.0258207
v -0.038 0.0298342 -0.0134324
v -0.038 -0.0298342 -0.0134324
v -0.038 -0.0297555 -0.0135825
v -0.038 -0.0299044 -0.0132876
v -0.038 -0.0300624 -0.0128673
v -0.038 -0.0204707 0.0254808
v -0.038 -0.0206037 0.0253962
v -0.038 -0.0201023 0.0256651
v -0.038 -0.0202446 0.0255939
v -0.038 -0.0197168 0.0258104
v -0.038 -0.0198727 0.0257516
v -0.038 -0.0196778 0.0258207
v -0.038 0.0194708 0.0258752
v -0.038 0.0201023 0.0256651
v -0.038 0.0200626 0.02568
v -0.038 0.0204707 0.0254808
v -0.038 0.0204263 0.0255031
v -0.038 0.0208183 0.0252597
v -0.038 0.0207846 0.0252811
v -0.038 -0.0298875 -0.0133305
v -0.038 -0.0214362 0.0247164
v -0.038 -0.0215132 0.0246241
v -0.038 -0.0207846 0.0252811
v -0.038 -0.0204263 0.0255031
v -0.038 -0.0200626 0.02568
v -0.038 0.0198727 0.0257516
v -0.038 0.0202446 0.0255939
v -0.038 0.0206037 0.0253962
v -0.038 0.0217 0.0244
v -0.038 0.0215132 0.0246241
v -0.038 0.0300447 0.0129316
v -0.038 0.0300158 0.013005
v -0.038 -0.0300447 0.0129316
v -0.038 -0.0300624 0.0128673
v -0.038 -0.0299611 0.0131439
v -0.038 -0.0300158 0.013005
v -0.038 -0.0298875 0.0133305
v -0.038 -0.0299044 0.0132876
v -0.038 -0.02945 0.0140667
v -0.038 -0.0296692 0.0137393
v -0.038 -0.0217 0.0244
v -0.038 -0.0211412 0.025004
v -0.038 -0.0211478 0.0249976
v -0.038 0.0213285 0.0248214
v -0.038 0.0211478 0.0249976
v -0.038 0.02945 0.0140667
v -0.038 0.0296885 0.0137103
v -0.038 0.0296692 0.0137393
v -0.038 0.0299611 0.0131439
v -0.038 0.0301583 0.0125181
v -0.038 0.0301383 0.0125909
v -0.038 0.03025 0.0116667
v -0.038 0.030232 0.0120018
v -0.038 0.03025 -0.0116667
v -0.038 0.0301583 -0.0125181
v -0.038 0.0301928 -0.0123058
v -0.038 -0.0301383 0.0125909
v -0.038 -0.0296885 0.0137103
v -0.038 -0.0297555 0.0135825
v -0.038 -0.0213285 0.0248214
v -0.038 -0.0208183 0.0252597
v -0.038 -0.0209627 0.0251453
v -0.038 0.0211412 0.025004
v -0.038 0.0209627 0.0251453
v -0.038 0.0214362 0.0247164
v -0.038 0.0298342 0.0134324
v -0.038 0.0297555 0.0135825
v -0.038 0.0299044 0.0132876
v -0.038 0.0300624 0.0128673
v -0.038 0.030227 -0.0120948
v -0.038 0.030232 -0.0120018
v -0.038 -0.030227 -0.0120948
v -0.038 -0.0301928 -0.0123058
v -0.038 -0.03025 0.0116667
v -0.038 -0.030227 0.0120948
v -0.038 -0.030232 0.0120018
v -0.038 -0.0298342 0.0134324
v -0.038 0.0298875 0.0133305
v -0.038 -0.03025 -0.0116667
v -0.038 -0.030232 -0.0120018
v -0.038 -0.0301583 0.0125181
v -0.038 -0.0301928 0.0123058
v -0.038 0.030227 0.0120948
v -0.038 0.0301928 0.0123058
v -0.0793793 -0.0237172 0.0159632
v -0.0787794 -0.0240186 0.0155835
v -0.078595 -0.0241113 0.0154668
v -0.0784732 -0.0241725 0.0153897
v -0.0781642 -0.0243277 0.0151941
v -0.0779362 -0.0244423 0.0150498
v -0.0778391 -0.0244786 0.0149883
v -0.0774734 -0.0246154 0.014757
v -0.0771071 -0.0247524 0.0145252
v -0.0769666 -0.024805 0.0144363
v -0.0764663 -0.0249921 0.0141198
v -0.0759894 -0.025115 0.0138177
v -0.0767411 -0.0248894 0.0142936
v -0.0752482 -0.0253058 0.0133483
v -0.0752308 -0.0253103 0.0133373
v -0.0747826 -0.0254257 0.0130535
v -0.0744892 -0.025474 0.0128677
v -0.073769 -0.0255926 0.0124119
v -0.0855231 -0.0143528 0.0240045
v -0.0855252 -0.0146452 0.0239893
v -0.0855252 -0.0146416 0.0239899
v -0.0855276 -0.0150188 0.0239328
v -0.085529 -0.0152291 0.0239009
v -0.085529 -0.0152313 0.0239006
v -0.085532 -0.0157239 0.0237763
v -0.0855323 -0.0157751 0.0237634
v -0.0855324 -0.0157968 0.0237558
v -0.0855346 -0.0161941 0.0236162
v -0.085534 -0.0160778 0.023657
v -0.0855351 -0.0162701 0.0235895
v -0.0855375 -0.0167729 0.0233597
v -0.0855358 -0.0164283 0.0235172
v -0.0855374 -0.0167413 0.0233741
v -0.0855375 -0.0167791 0.0233569
v -0.0855394 -0.0172853 0.0230641
v -0.0855387 -0.0170995 0.0231716
v -0.0855397 -0.0174128 0.022972
v -0.0855405 -0.017708 0.0227586
v -0.0855408 -0.0177971 0.0226942
v -0.085541 -0.0179154 0.0225883
v -0.0855406 -0.0177309 0.022742
v -0.0855415 -0.0182312 0.0223057
v -0.0855415 -0.0182538 0.0222855
v -0.0855416 -0.018346 0.0221846
v -0.0855416 -0.0184508 0.0220699
v -0.0855417 -0.0186512 0.0218506
v -0.0855417 -0.0186546 0.0218464
v -0.0855416 -0.0187343 0.0217453
v -0.0855415 -0.0188277 0.0216267
v -0.0855411 -0.0179783 0.022532
v -0.0855298 -0.0153685 0.023866
v -0.0855254 -0.0146792 0.0239842
v -0.0855208 -0.0140449 0.02402
v -0.0619136 -0.0194657 0.0238357
v -0.0619136 -0.0196814 0.0236443
v -0.0619136 -0.0192389 0.024015
v -0.073769 -0.0255926 -0.0124119
v -0.074496 -0.0254534 -0.0128721
v -0.0752359 -0.0253117 -0.0133406
v -0.0754467 -0.0252713 -0.0134741
v -0.0755708 -0.0252475 -0.0135526
v -0.0759847 -0.0251177 -0.0138147
v -0.0767404 -0.0248808 -0.0142933
v -0.0770559 -0.0247818 -0.0144931
v -0.0771196 -0.0247619 -0.0145335
v -0.0772359 -0.0247254 -0.0146071
v -0.0774723 -0.0246208 -0.0147567
v -0.0778129 -0.0244702 -0.0149721
v -0.0781524 -0.02432 -0.0151867
v -0.0785825 -0.0241298 -0.0154588
v -0.0788005 -0.0240333 -0.0155966
v -0.0784897 -0.0241708 -0.0154001
v -0.0788205 -0.0240224 -0.0156093
v -0.0793793 -0.0237172 -0.0159632
v -0.0855416 -0.0186483 -0.0218411
v -0.0855416 -0.0184542 -0.0220731
v -0.0855416 -0.0184417 -0.022088
v -0.0855417 -0.0184194 -0.0221146
v -0.0855414 -0.0182272 -0.0223017
v -0.0855412 -0.0179993 -0.0225235
v -0.0855405 -0.0177057 -0.022756
v -0.0855402 -0.0175629 -0.0228691
v -0.08554 -0.0175004 -0.0229186
v -0.0855398 -0.0174141 -0.0229733
v -0.0855391 -0.0172139 -0.0231003
v -0.0855387 -0.0170999 -0.0231726
v -0.0855383 -0.0169809 -0.023248
v -0.0855374 -0.0167698 -0.0233535
v -0.0855371 -0.0166924 -0.0233921
v -0.085536 -0.0164401 -0.0235181
v -0.0855359 -0.0164304 -0.0235218
v -0.0855344 -0.0161531 -0.0236277
v -0.085534 -0.0160775 -0.0236566
v -0.085533 -0.0159038 -0.0237229
v -0.085532 -0.0157229 -0.0237726
v -0.0855312 -0.0155961 -0.0238075
v -0.0855299 -0.0153694 -0.0238699
v -0.0855297 -0.0153496 -0.0238753
v -0.0855276 -0.0150186 -0.0239327
v -0.0855261 -0.0147795 -0.0239742
v -0.0855261 -0.0147751 -0.0239749
v -0.0855254 -0.0146792 -0.023982
v -0.0855231 -0.0143527 -0.0240061
v -0.085522 -0.0141949 -0.0240178
v -0.0855219 -0.0141902 -0.0240181
v -0.0855208 -0.0140449 -0.02402
v -0.0855415 -0.0188277 -0.0216267
v -0.0619136 -0.0196814 -0.0236443
v -0.0619136 -0.0194657 -0.0238357
v -0.0619136 -0.0192389 -0.024015
v -0.073769 0.0255926 0.0124119
v -0.074496 0.0254534 0.0128721
v -0.0752359 0.0253117 0.0133406
v -0.0752495 0.025309 0.0133492
v -0.0755708 0.0252475 0.0135526
v -0.0759847 0.0251177 0.0138147
v -0.0767404 0.0248808 0.0142933
v -0.0769682 0.0248093 0.0144376
v -0.0771196 0.0247619 0.0145335
v -0.0772359 0.0247254 0.0146071
v -0.0774723 0.0246208 0.0147567
v -0.0778129 0.0244702 0.0149721
v -0.0781524 0.02432 0.0151867
v -0.0785994 0.0241223 0.0154695
v -0.0788005 0.0240333 0.0155967
v -0.0784897 0.0241708 0.0154001
v -0.0788205 0.0240224 0.0156093
v -0.0793793 0.0237172 0.0159632
v -0.0855415 0.0188277 0.0216267
v -0.0855416 0.0187309 0.0217424
v -0.0855416 0.0184542 0.0220731
v -0.0855417 0.0184194 0.0221146
v -0.0855416 0.0183469 0.0221852
v -0.0855414 0.0182272 0.0223017
v -0.0855412 0.0179993 0.0225235
v -0.085541 0.0179165 0.0225891
v -0.0855406 0.0177278 0.0227385
v -0.08554 0.0175004 0.0229186
v -0.0855405 0.0177057 0.022756
v -0.0855398 0.0174141 0.0229733
v -0.0855392 0.0172501 0.0230773
v -0.0855387 0.0170999 0.0231726
v -0.0855383 0.0169809 0.0232481
v -0.0855374 0.0167698 0.0233535
v -0.0855373 0.0167387 0.023369
v -0.085536 0.0164403 0.0235181
v -0.0855359 0.0164304 0.0235218
v -0.0855346 0.0161927 0.0236126
v -0.085533 0.0159039 0.0237228
v -0.0855324 0.015796 0.0237525
v -0.085534 0.0160775 0.0236566
v -0.085532 0.0157229 0.0237726
v -0.0855299 0.0153694 0.0238699
v -0.0855298 0.0153497 0.0238753
v -0.085529 0.0152283 0.0238964
v -0.0855276 0.0150186 0.0239327
v -0.0855261 0.0147752 0.0239749
v -0.0855254 0.0146792 0.023982
v -0.0855252 0.0146449 0.0239845
v -0.0855231 0.0143527 0.0240061
v -0.0855219 0.0141903 0.0240181
v -0.0855208 0.0140449 0.02402
v -0.0855416 0.0186483 0.0218411
v -0.0619136 0.0194657 0.0238357
v -0.0619136 0.0192389 0.024015
v -0.0619136 0.0196814 0.0236443
v -0.0793793 0.0237172 -0.0159632
v -0.0787794 0.0240186 -0.0155835
v -0.0785783 0.0241197 -0.0154562
v -0.0784732 0.0241725 -0.0153897
v -0.0781642 0.0243277 -0.0151941
v -0.0779361 0.0244423 -0.0150497
v -0.0778391 0.0244786 -0.0149883
v -0.0774734 0.0246154 -0.014757
v -0.0771071 0.0247524 -0.0145252
v -0.0770532 0.0247726 -0.0144911
v -0.0764662 0.0249922 -0.0141197
v -0.0759894 0.025115 -0.0138177
v -0.0767411 0.0248894 -0.0142936
v -0.0754435 0.0252555 -0.013472
v -0.0752308 0.0253103 -0.0133373
v -0.0747824 0.0254257 -0.0130533
v -0.0744892 0.025474 -0.0128677
v -0.073769 0.0255926 -0.0124119
v -0.0855219 0.0141946 -0.0240124
v -0.0855208 0.0140449 -0.02402
v -0.0855254 0.0146792 -0.0239842
v -0.0855231 0.0143528 -0.0240044
v -0.0855252 0.0146416 -0.0239899
v -0.0855261 0.0147787 -0.0239691
v -0.085529 0.0152314 -0.0239006
v -0.0855298 0.0153599 -0.0238682
v -0.0855276 0.0150188 -0.0239328
v -0.0855312 0.0155965 -0.0238085
v -0.0855298 0.0153685 -0.023866
v -0.0855323 0.0157753 -0.0237634
v -0.085532 0.0157239 -0.0237763
v -0.0855344 0.0161542 -0.0236302
v -0.085534 0.0160778 -0.023657
v -0.0855351 0.0162703 -0.0235894
v -0.0855375 0.0167729 -0.0233597
v -0.0855358 0.0164283 -0.0235172
v -0.0855371 0.0166943 -0.0233956
v -0.0855375 0.0167798 -0.0233565
v -0.0855391 0.0172164 -0.023104
v -0.0855387 0.0170995 -0.0231716
v -0.0855394 0.0172859 -0.0230637
v -0.0855397 0.0174128 -0.022972
v -0.0855401 0.0175604 -0.0228653
v -0.0855405 0.017708 -0.0227586
v -0.0855408 0.0177976 -0.0226937
v -0.0855411 0.0179783 -0.022532
v -0.0855411 0.0180164 -0.0224979
v -0.0855415 0.0182544 -0.0222849
v -0.0855416 0.0184377 -0.0220843
v -0.0855415 0.0182312 -0.0223057
v -0.0855416 0.0184508 -0.0220699
v -0.0855417 0.0186517 -0.0218501
v -0.0855417 0.0186546 -0.0218464
v -0.0855415 0.0188277 -0.0216267
v -0.0619136 0.0196814 -0.0236443
v -0.0619136 0.0194657 -0.0238357
v -0.0619136 0.0192389 -0.024015
v -0.0859975 -0.0184687 -0.0213575
v -0.086 -0.0184291 -0.0213278
v -0.085997 -0.0184715 -0.0213596
v -0.0859902 -0.0185079 -0.0213869
v -0.0859885 -0.0185134 -0.021391
v -0.085978 -0.0185463 -0.0214157
v -0.0859744 -0.0185543 -0.0214217
v -0.0859612 -0.0185836 -0.0214437
v -0.0859551 -0.0185939 -0.0214514
v -0.0859398 -0.0186194 -0.0214705
v -0.0859306 -0.0186315 -0.0214796
v -0.0859141 -0.0186533 -0.0214959
v -0.0859013 -0.0186669 -0.0215061
v -0.0858843 -0.018685 -0.0215197
v -0.0858675 -0.0186996 -0.0215307
v -0.0858507 -0.0187142 -0.0215416
v -0.0858296 -0.0187293 -0.0215529
v -0.0858137 -0.0187406 -0.0215614
v -0.0857879 -0.0187556 -0.0215726
v -0.0857736 -0.0187639 -0.0215789
v -0.085743 -0.0187782 -0.0215896
v -0.0857308 -0.0187839 -0.0215939
v -0.0856954 -0.0187969 -0.0216036
v -0.0856858 -0.0188004 -0.0216063
v -0.0856456 -0.0188115 -0.0216146
v -0.0856389 -0.0188133 -0.021616
v -0.0855941 -0.0188218 -0.0216223
v -0.0855907 -0.0188225 -0.0216228
v -0.086 -0.0180765 -0.0217517
v -0.086 -0.0176902 -0.0221317
v -0.086 -0.0172717 -0.0224692
v -0.086 -0.0169535 -0.0226845
v -0.086 -0.0164747 -0.022952
v -0.086 -0.0159794 -0.0231674
v -0.086 -0.0154683 -0.0233322
v -0.086 -0.0152512 -0.0233859
v -0.086 -0.0147181 -0.0234789
v -0.086 -0.0141824 -0.0235187
v -0.086 -0.0140449 -0.0235204
v -0.0859974 -0.0140449 -0.0235713
v -0.0859896 -0.0140449 -0.0236216
v -0.0859768 -0.0140449 -0.0236709
v -0.085959 -0.0140449 -0.0237187
v -0.0859364 -0.0140449 -0.0237644
v -0.0859093 -0.0140449 -0.0238075
v -0.085878 -0.0140449 -0.0238477
v -0.0858427 -0.0140449 -0.0238845
v -0.0858039 -0.0140449 -0.0239174
v -0.0857619 -0.0140449 -0.0239463
v -0.0857172 -0.0140449 -0.0239707
v -0.0856703 -0.0140449 -0.0239905
v -0.0856215 -0.0140449 -0.0240054
v -0.0855715 -0.0140449 -0.0240153
v -0.0859975 -0.0181129 -0.0217852
v -0.0859902 -0.0181489 -0.0218184
v -0.085978 -0.0181843 -0.0218509
v -0.0859612 -0.0182186 -0.0218825
v -0.0859398 -0.0182515 -0.0219128
v -0.0859141 -0.0182826 -0.0219415
v -0.0858843 -0.0183118 -0.0219683
v -0.0858508 -0.0183386 -0.021993
v -0.0858138 -0.0183628 -0.0220153
v -0.0857737 -0.0183843 -0.0220351
v -0.0857309 -0.0184027 -0.0220521
v -0.0856859 -0.0184179 -0.0220661
v -0.085639 -0.0184298 -0.022077
v -0.0855908 -0.0184382 -0.0220847
v -0.0859975 -0.0177231 -0.0221686
v -0.0859902 -0.0177557 -0.0222053
v -0.085978 -0.0177877 -0.0222412
v -0.0859611 -0.0178187 -0.022276
v -0.0859397 -0.0178485 -0.0223094
v -0.085914 -0.0178767 -0.022341
v -0.0858842 -0.0179031 -0.0223706
v -0.0858506 -0.0179273 -0.0223978
v -0.0858136 -0.0179493 -0.0224224
v -0.0857735 -0.0179686 -0.0224442
v -0.0857306 -0.0179853 -0.0224629
v -0.0856856 -0.017999 -0.0224783
v -0.0856387 -0.0180098 -0.0224903
v -0.0855904 -0.0180173 -0.0224988
v -0.0859975 -0.0173009 -0.0225093
v -0.0859902 -0.0173298 -0.022549
v -0.085978 -0.0173582 -0.0225879
v -0.085961 -0.0173857 -0.0226256
v -0.0859396 -0.017412 -0.0226618
v -0.0859138 -0.017437 -0.0226961
v -0.0858839 -0.0174604 -0.0227281
v -0.0858502 -0.0174819 -0.0227576
v -0.0858131 -0.0175013 -0.0227843
v -0.0857729 -0.0175185 -0.0228078
v -0.08573 -0.0175332 -0.022828
v -0.0856848 -0.0175453 -0.0228447
v -0.0856378 -0.0175548 -0.0228577
v -0.0855895 -0.0175614 -0.0228668
v -0.0859975 -0.0169798 -0.0227266
v -0.0859901 -0.0170059 -0.0227682
v -0.0859779 -0.0170315 -0.0228091
v -0.0859609 -0.0170563 -0.0228487
v -0.0859394 -0.0170801 -0.0228867
v -0.0859135 -0.0171027 -0.0229227
v -0.0858836 -0.0171237 -0.0229563
v -0.0858498 -0.0171431 -0.0229872
v -0.0858126 -0.0171606 -0.0230152
v -0.0857723 -0.0171761 -0.0230399
v -0.0857293 -0.0171893 -0.023061
v -0.085684 -0.0172003 -0.0230785
v -0.085637 -0.0172088 -0.023092
v -0.0855885 -0.0172147 -0.0231015
v -0.0859975 -0.0164968 -0.0229967
v -0.0859901 -0.0165186 -0.0230408
v -0.0859778 -0.0165401 -0.0230841
v -0.0859607 -0.0165609 -0.0231261
v -0.0859391 -0.0165808 -0.0231664
v -0.0859131 -0.0165996 -0.0232045
v -0.085883 -0.0166173 -0.0232401
v -0.0858491 -0.0166335 -0.0232729
v -0.0858117 -0.0166481 -0.0233025
v -0.0857712 -0.016661 -0.0233285
v -0.085728 -0.0166721 -0.0233509
v -0.0856825 -0.0166811 -0.0233692
v -0.0856353 -0.0166882 -0.0233834
v -0.0855867 -0.0166931 -0.0233934
v -0.0859975 -0.0159971 -0.0232142
v -0.08599 -0.0160145 -0.0232604
v -0.0859776 -0.0160317 -0.0233058
v -0.0859605 -0.0160482 -0.0233498
v -0.0859387 -0.0160642 -0.0233919
v -0.0859125 -0.0160792 -0.0234318
v -0.0858822 -0.0160933 -0.023469
v -0.0858481 -0.0161062 -0.0235032
v -0.0858105 -0.0161178 -0.0235341
v -0.0857697 -0.0161281 -0.0235613
v -0.0857263 -0.0161369 -0.0235845
v -0.0856806 -0.0161441 -0.0236036
v -0.0856331 -0.0161496 -0.0236183
v -0.0855843 -0.0161535 -0.0236285
v -0.0859975 -0.0154813 -0.0233807
v -0.0859899 -0.0154942 -0.0234286
v -0.0859774 -0.0155069 -0.0234756
v -0.0859601 -0.0155191 -0.0235211
v -0.0859382 -0.0155309 -0.0235648
v -0.0859118 -0.015542 -0.0236061
v -0.0858813 -0.0155523 -0.0236446
v -0.0858469 -0.0155618 -0.02368
v -0.085809 -0.0155704 -0.0237118
v -0.085768 -0.015578 -0.0237398
v -0.0857243 -0.0155844 -0.0237637
v -0.0856783 -0.0155897 -0.0237833
v -0.0856305 -0.0155937 -0.0237983
v -0.0855814 -0.0155965 -0.0238086
v -0.0859975 -0.0152622 -0.0234349
v -0.0859899 -0.0152732 -0.0234835
v -0.0859774 -0.0152839 -0.023531
v -0.08596 -0.0152943 -0.0235771
v -0.0859379 -0.0153043 -0.0236213
v -0.0859115 -0.0153137 -0.023663
v -0.0858808 -0.0153225 -0.023702
v -0.0858463 -0.0153306 -0.0237377
v -0.0858083 -0.0153378 -0.0237699
v -0.0857672 -0.0153442 -0.0237982
v -0.0857233 -0.0153497 -0.0238223
v -0.0856772 -0.0153541 -0.023842
v -0.0856293 -0.0153575 -0.023857
v -0.0855801 -0.0153598 -0.0238673
v -0.0859974 -0.0147243 -0.023529
v -0.0859898 -0.0147305 -0.0235786
v -0.0859771 -0.0147365 -0.0236272
v -0.0859596 -0.0147423 -0.0236743
v -0.0859373 -0.0147479 -0.0237194
v -0.0859106 -0.0147532 -0.023762
v -0.0858797 -0.0147581 -0.0238017
v -0.0858448 -0.0147626 -0.0238382
v -0.0858065 -0.0147667 -0.0238709
v -0.085765 -0.0147703 -0.0238996
v -0.0857208 -0.0147733 -0.0239241
v -0.0856743 -0.0147757 -0.0239439
v -0.0856261 -0.0147776 -0.023959
v -0.0855766 -0.0147789 -0.0239692
v -0.0859974 -0.0141836 -0.0235695
v -0.0859897 -0.0141849 -0.0236197
v -0.0859769 -0.0141861 -0.0236689
v -0.0859591 -0.0141873 -0.0237166
v -0.0859366 -0.0141885 -0.0237622
v -0.0859096 -0.0141896 -0.0238053
v -0.0858784 -0.0141906 -0.0238454
v -0.0858432 -0.0141915 -0.0238822
v -0.0858045 -0.0141923 -0.0239152
v -0.0857626 -0.014193 -0.023944
v -0.085718 -0.0141937 -0.0239685
v -0.0856711 -0.0141942 -0.0239883
v -0.0856225 -0.0141945 -0.0240033
v -0.0855726 -0.0141948 -0.0240132
v -0.086 -0.0117321 -0.0235204
v -0.0859974 -0.0117321 -0.0235713
v -0.0859896 -0.0117321 -0.0236216
v -0.0859768 -0.0117321 -0.0236709
v -0.085959 -0.0117321 -0.0237187
v -0.0859364 -0.0117321 -0.0237644
v -0.0859093 -0.0117321 -0.0238075
v -0.085878 -0.0117321 -0.0238477
v -0.0858427 -0.0117321 -0.0238845
v -0.0858039 -0.0117321 -0.0239174
v -0.0857619 -0.0117321 -0.0239463
v -0.0857172 -0.0117321 -0.0239707
v -0.0856703 -0.0117321 -0.0239905
v -0.0856215 -0.0117321 -0.0240054
v -0.0855715 -0.0117321 -0.0240153
v -0.0855208 -0.0117321 -0.02402
v -0.0859985 -0.0189572 -0.0206888
v -0.0859968 -0.0189683 -0.0206972
v -0.0859939 -0.0189883 -0.0207122
v -0.0859884 -0.0190102 -0.0207286
v -0.0859747 -0.0190512 -0.0207594
v -0.0859757 -0.0190491 -0.0207578
v -0.0859863 -0.019019 -0.0207352
v -0.0859622 -0.0190785 -0.0207799
v -0.0859552 -0.0190907 -0.020789
v -0.0859308 -0.0191284 -0.0208173
v -0.0859458 -0.019107 -0.0208012
v -0.0859268 -0.0191343 -0.0208217
v -0.0859051 -0.0191604 -0.0208412
v -0.0859016 -0.0191639 -0.0208439
v -0.0858677 -0.0191965 -0.0208684
v -0.0858809 -0.019185 -0.0208597
v -0.0858298 -0.0192263 -0.0208907
v -0.0858544 -0.019208 -0.020877
v -0.0857951 -0.0192488 -0.0209076
v -0.0858257 -0.0192293 -0.020893
v -0.0857881 -0.0192525 -0.0209104
v -0.0857431 -0.0192751 -0.0209273
v -0.0857626 -0.0192663 -0.0209207
v -0.0856956 -0.0192939 -0.0209414
v -0.0857285 -0.0192817 -0.0209322
v -0.0856563 -0.0193058 -0.0209503
v -0.085693 -0.0192949 -0.0209421
v -0.0856456 -0.0193083 -0.0209522
v -0.0855941 -0.0193184 -0.0209598
v -0.0856187 -0.0193144 -0.0209568
v -0.0855415 -0.0193245 -0.0209643
v -0.0855804 -0.0193207 -0.0209615
v -0.086 -0.0189259 -0.0206654
v -0.0842965 -0.00952231 -0.0240683
v -0.0842708 -0.00956699 -0.024072
v -0.0844992 -0.009716 -0.0240625
v -0.0843216 -0.00947812 -0.0240593
v -0.084346 -0.00943487 -0.0240451
v -0.0843693 -0.00939303 -0.0240258
v -0.0843914 -0.00935304 -0.0240017
v -0.084412 -0.00931534 -0.023973
v -0.0844308 -0.00928032 -0.0239401
v -0.0844477 -0.00924836 -0.0239032
v -0.0844625 -0.0092198 -0.0238628
v -0.0844751 -0.00919495 -0.0238193
v -0.0844852 -0.00917406 -0.0237732
v -0.0844928 -0.00915736 -0.0237249
v -0.0844979 -0.00914504 -0.023675
v -0.0845003 -0.00913721 -0.023624
v -0.084763 -0.00930558 -0.0235634
v -0.084774 -0.00931278 -0.023563
v -0.0847099 -0.00988895 -0.0240538
v -0.0850066 -0.00950364 -0.0235549
v -0.0850269 -0.00952033 -0.0235542
v -0.0849005 -0.0100838 -0.0240458
v -0.0852281 -0.00972598 -0.0235472
v -0.0852556 -0.00975414 -0.0235462
v -0.0850687 -0.0102982 -0.0240388
v -0.0854252 -0.00997018 -0.0235404
v -0.0854575 -0.0100114 -0.0235392
v -0.0852126 -0.0105296 -0.0240328
v -0.0855957 -0.0102336 -0.0235344
v -0.0856302 -0.0102891 -0.0235332
v -0.0853304 -0.0107752 -0.0240279
v -0.0857377 -0.0105132 -0.0235295
v -0.0857716 -0.0105838 -0.0235283
v -0.0854208 -0.0110321 -0.0240241
v -0.0858498 -0.0108062 -0.0235256
v -0.08588 -0.0108922 -0.0235246
v -0.0854827 -0.0112974 -0.0240216
v -0.0859307 -0.0111092 -0.0235228
v -0.0859543 -0.0112104 -0.023522
v -0.0855154 -0.0115677 -0.0240202
v -0.0859795 -0.011419 -0.0235211
v -0.0859935 -0.0115349 -0.0235206
v -0.0845 -0.00913397 -0.0235725
v -0.0845592 -0.00963343 -0.0240494
v -0.084588 -0.00959325 -0.0240351
v -0.0846157 -0.00955437 -0.0240157
v -0.084642 -0.0095172 -0.0239916
v -0.0846665 -0.00948215 -0.0239629
v -0.084689 -0.00944957 -0.0239299
v -0.0847093 -0.00941983 -0.0238931
v -0.0847271 -0.00939323 -0.0238527
v -0.0847423 -0.00937006 -0.0238093
v -0.0847547 -0.00935055 -0.0237632
v -0.0847641 -0.00933493 -0.023715
v -0.0847705 -0.00932336 -0.0236653
v -0.0847738 -0.00931595 -0.0236144
v -0.0845294 -0.00967449 -0.0240586
v -0.0847444 -0.00985109 -0.0240497
v -0.0847784 -0.00981364 -0.0240404
v -0.0848114 -0.00977697 -0.0240259
v -0.0848431 -0.00974149 -0.0240065
v -0.0848731 -0.00970757 -0.0239822
v -0.0849013 -0.00967557 -0.0239535
v -0.0849272 -0.00964582 -0.0239205
v -0.0849505 -0.00961864 -0.0238837
v -0.0849711 -0.00959432 -0.0238434
v -0.0849888 -0.00957311 -0.0238
v -0.0850032 -0.00955523 -0.023754
v -0.0850144 -0.00954089 -0.0237059
v -0.0850221 -0.00953022 -0.0236563
v -0.0850263 -0.00952335 -0.0236055
v -0.0849389 -0.01005 -0.0240416
v -0.0849766 -0.0100166 -0.0240321
v -0.0850133 -0.00998384 -0.0240176
v -0.0850486 -0.00995216 -0.0239981
v -0.0850822 -0.00992187 -0.0239738
v -0.0851136 -0.00989329 -0.023945
v -0.0851425 -0.0098667 -0.023912
v -0.0851687 -0.00984241 -0.0238752
v -0.0851918 -0.00982065 -0.0238349
v -0.0852116 -0.00980167 -0.0237916
v -0.085228 -0.00978565 -0.0237457
v -0.0852407 -0.00977277 -0.0236977
v -0.0852496 -0.00976316 -0.0236481
v -0.0852546 -0.00975693 -0.0235975
v -0.0851105 -0.0102688 -0.0240344
v -0.0851515 -0.0102398 -0.0240249
v -0.0851915 -0.0102114 -0.0240102
v -0.08523 -0.0101839 -0.0239907
v -0.0852666 -0.0101575 -0.0239663
v -0.0853009 -0.0101327 -0.0239375
v -0.0853325 -0.0101096 -0.0239046
v -0.0853611 -0.0100885 -0.0238678
v -0.0853865 -0.0100695 -0.0238275
v -0.0854083 -0.010053 -0.0237842
v -0.0854263 -0.010039 -0.0237384
v -0.0854404 -0.0100278 -0.0236905
v -0.0854503 -0.0100194 -0.0236409
v -0.0854561 -0.0100139 -0.0235904
v -0.0852572 -0.010505 -0.0240283
v -0.0853011 -0.0104807 -0.0240187
v -0.0853439 -0.0104569 -0.024004
v -0.0853851 -0.0104338 -0.0239843
v -0.0854243 -0.0104118 -0.02396
v -0.085461 -0.010391 -0.0239311
v -0.0854949 -0.0103716 -0.0238982
v -0.0855257 -0.0103539 -0.0238614
v -0.0855529 -0.010338 -0.0238211
v -0.0855764 -0.0103241 -0.0237779
v -0.0855959 -0.0103124 -0.0237321
v -0.0856111 -0.0103029 -0.0236842
v -0.085622 -0.0102959 -0.0236348
v -0.0856284 -0.0102912 -0.0235843
v -0.0853774 -0.0107557 -0.0240233
v -0.0854236 -0.0107363 -0.0240136
v -0.0854687 -0.0107174 -0.0239988
v -0.0855121 -0.0106991 -0.0239791
v -0.0855534 -0.0106816 -0.0239547
v -0.0855921 -0.010665 -0.0239259
v -0.0856279 -0.0106496 -0.0238929
v -0.0856604 -0.0106355 -0.0238561
v -0.0856892 -0.0106229 -0.0238159
v -0.0857141 -0.0106118 -0.0237727
v -0.0857347 -0.0106025 -0.023727
v -0.085751 -0.0105949 -0.0236792
v -0.0857626 -0.0105893 -0.0236298
v -0.0857695 -0.0105856 -0.0235793
v -0.0854696 -0.0110179 -0.0240195
v -0.0855176 -0.0110037 -0.0240097
v -0.0855644 -0.0109899 -0.0239949
v -0.0856095 -0.0109765 -0.0239751
v -0.0856524 -0.0109637 -0.0239507
v -0.0856927 -0.0109516 -0.0239219
v -0.0857299 -0.0109404 -0.0238889
v -0.0857637 -0.01093 -0.0238521
v -0.0857938 -0.0109208 -0.0238119
v -0.0858197 -0.0109127 -0.0237688
v -0.0858412 -0.0109059 -0.023723
v -0.0858582 -0.0109004 -0.0236753
v -0.0858704 -0.0108962 -0.0236259
v -0.0858777 -0.0108935 -0.0235755
v -0.0855327 -0.0112885 -0.0240169
v -0.085582 -0.0112797 -0.024007
v -0.0856299 -0.0112712 -0.0239922
v -0.0856762 -0.0112629 -0.0239724
v -0.0857202 -0.0112549 -0.023948
v -0.0857615 -0.0112474 -0.0239191
v -0.0857998 -0.0112404 -0.0238861
v -0.0858345 -0.011234 -0.0238494
v -0.0858653 -0.0112283 -0.0238092
v -0.085892 -0.0112232 -0.023766
v -0.0859141 -0.011219 -0.0237203
v -0.0859316 -0.0112155 -0.0236726
v -0.0859442 -0.011213 -0.0236233
v -0.0859518 -0.0112113 -0.0235729
v -0.085566 -0.0115644 -0.0240155
v -0.0856159 -0.0115611 -0.0240056
v -0.0856645 -0.0115578 -0.0239908
v -0.0857114 -0.0115547 -0.023971
v -0.085756 -0.0115517 -0.0239465
v -0.0857979 -0.0115489 -0.0239177
v -0.0858366 -0.0115462 -0.0238847
v -0.0858718 -0.0115438 -0.0238479
v -0.0859031 -0.0115416 -0.0238078
v -0.0859301 -0.0115397 -0.0237646
v -0.0859526 -0.0115381 -0.0237189
v -0.0859704 -0.0115368 -0.0236712
v -0.0859832 -0.0115358 -0.0236219
v -0.0859909 -0.0115352 -0.0235715
v -0.0845 -0.00913397 -0.022
v -0.0847634 -0.009305 -0.022
v -0.0850074 -0.00950262 -0.022
v -0.0852294 -0.00972466 -0.022
v -0.0854271 -0.0099687 -0.022
v -0.0857406 -0.0105118 -0.022
v -0.0855981 -0.0102321 -0.022
v -0.0858532 -0.010805 -0.022
v -0.0859344 -0.0111083 -0.022
v -0.0859836 -0.0114185 -0.022
v -0.086 -0.0117321 -0.022
v -0.0835 -0.00855662 -0.022
v -0.0835 -0.00855662 -0.0236141
v -0.0835003 -0.00855986 -0.0236657
v -0.0834979 -0.00856769 -0.0237167
v -0.0834928 -0.00858001 -0.0237666
v -0.0834852 -0.00859671 -0.0238148
v -0.0834751 -0.0086176 -0.023861
v -0.0834625 -0.00864245 -0.0239045
v -0.0834477 -0.00867101 -0.0239449
v -0.0834308 -0.00870297 -0.0239817
v -0.083412 -0.00873799 -0.0240147
v -0.0833914 -0.00877569 -0.0240434
v -0.0833693 -0.00881568 -0.0240675
v -0.083346 -0.00885752 -0.0240867
v -0.0833216 -0.00890077 -0.024101
v -0.0832965 -0.00894496 -0.02411
v -0.0832708 -0.00898964 -0.0241137
v -0.082 -0.00595855 -0.022
v -0.082 -0.00595855 -0.0236871
v -0.0820065 -0.00615571 -0.0236868
v -0.0820164 -0.00627213 -0.022
v -0.0820205 -0.00627164 -0.0236861
v -0.0820457 -0.00648016 -0.0236848
v -0.0820656 -0.00658228 -0.022
v -0.0820693 -0.0065814 -0.0236837
v -0.08212 -0.00679844 -0.0236812
v -0.0821468 -0.0068856 -0.022
v -0.0821502 -0.00688441 -0.0236798
v -0.0822284 -0.00710679 -0.023676
v -0.0822594 -0.00717876 -0.022
v -0.0822623 -0.00717735 -0.0236743
v -0.0823698 -0.00740154 -0.0236691
v -0.0824019 -0.00745855 -0.022
v -0.0824043 -0.00745704 -0.0236674
v -0.0825425 -0.0076792 -0.0236607
v -0.0825729 -0.0077219 -0.022
v -0.0825748 -0.00772042 -0.0236591
v -0.0827444 -0.00793646 -0.0236509
v -0.0827706 -0.00796594 -0.022
v -0.0827719 -0.00796462 -0.0236495
v -0.0829731 -0.00817027 -0.0236398
v -0.0829926 -0.00818798 -0.022
v -0.0829934 -0.00818696 -0.0236388
v -0.083226 -0.00837781 -0.0236275
v -0.0832366 -0.0083856 -0.022
v -0.083237 -0.00838502 -0.0236269
v -0.0829511 -0.00878103 -0.024127
v -0.0826561 -0.00853889 -0.0241393
v -0.0823893 -0.00826612 -0.0241504
v -0.0821537 -0.00796597 -0.0241603
v -0.0819523 -0.00764204 -0.0241687
v -0.0817873 -0.00729816 -0.0241755
v -0.0816608 -0.00693843 -0.0241808
v -0.0815741 -0.0065671 -0.0241844
v -0.0819974 -0.00595855 -0.0237379
v -0.0819896 -0.00595855 -0.0237883
v -0.0819768 -0.00595855 -0.0238376
v -0.081959 -0.00595855 -0.0238853
v -0.0819364 -0.00595855 -0.023931
v -0.0819093 -0.00595855 -0.0239742
v -0.081878 -0.00595855 -0.0240143
v -0.0818427 -0.00595855 -0.0240511
v -0.0818039 -0.00595855 -0.0240841
v -0.0817619 -0.00595855 -0.024113
v -0.0817172 -0.00595855 -0.0241374
v -0.0816703 -0.00595855 -0.0241572
v -0.0816215 -0.00595855 -0.0241721
v -0.0815284 -0.00618857 -0.0241863
v -0.0815715 -0.00595855 -0.0241819
v -0.0815208 -0.00595855 -0.0241866
v -0.0832258 -0.00838098 -0.0236789
v -0.0832225 -0.00838838 -0.0237298
v -0.0832161 -0.00839996 -0.0237795
v -0.0832066 -0.00841558 -0.0238277
v -0.0831942 -0.00843509 -0.0238738
v -0.0831791 -0.00845826 -0.0239172
v -0.0831612 -0.00848486 -0.0239576
v -0.083141 -0.0085146 -0.0239944
v -0.0831184 -0.00854718 -0.0240274
v -0.0830939 -0.00858223 -0.0240561
v -0.0830677 -0.0086194 -0.0240802
v -0.08304 -0.00865828 -0.0240996
v -0.0830111 -0.00869846 -0.0241139
v -0.0829814 -0.00873952 -0.0241231
v -0.0829725 -0.00817328 -0.0236911
v -0.0829683 -0.00818015 -0.0237418
v -0.0829606 -0.00819082 -0.0237915
v -0.0829494 -0.00820517 -0.0238396
v -0.082935 -0.00822304 -0.0238856
v -0.0829174 -0.00824425 -0.0239289
v -0.0828967 -0.00826857 -0.0239693
v -0.0828734 -0.00829575 -0.0240061
v -0.0828475 -0.0083255 -0.0240391
v -0.0828193 -0.00835751 -0.0240678
v -0.0827893 -0.00839143 -0.024092
v -0.0827576 -0.00842691 -0.0241115
v -0.0827246 -0.00846357 -0.0241259
v -0.0826906 -0.00850103 -0.0241352
v -0.0827433 -0.00793925 -0.0237021
v -0.0827383 -0.00794549 -0.0237528
v -0.0827294 -0.00795509 -0.0238024
v -0.0827167 -0.00796797 -0.0238504
v -0.0827004 -0.00798399 -0.0238963
v -0.0826805 -0.00800298 -0.0239396
v -0.0826574 -0.00802473 -0.0239799
v -0.0826312 -0.00804903 -0.0240167
v -0.0826023 -0.00807561 -0.0240496
v -0.0825709 -0.0081042 -0.0240784
v -0.0825374 -0.00813449 -0.0241027
v -0.0825021 -0.00816616 -0.0241222
v -0.0824653 -0.00819889 -0.0241368
v -0.0824276 -0.00823232 -0.0241462
v -0.082541 -0.0076817 -0.0237118
v -0.0825353 -0.00768719 -0.0237624
v -0.0825254 -0.0076956 -0.0238119
v -0.0825113 -0.00770684 -0.0238598
v -0.0824933 -0.0077208 -0.0239057
v -0.0824715 -0.00773733 -0.023949
v -0.0824461 -0.00775626 -0.0239892
v -0.0824175 -0.00777739 -0.024026
v -0.0823858 -0.0078005 -0.024059
v -0.0823516 -0.00782534 -0.0240878
v -0.082315 -0.00785165 -0.0241121
v -0.0822765 -0.00787917 -0.0241317
v -0.0822365 -0.00790759 -0.0241463
v -0.0821954 -0.00793663 -0.0241559
v -0.082368 -0.00740369 -0.0237201
v -0.0823617 -0.00740834 -0.0237706
v -0.0823508 -0.00741543 -0.0238201
v -0.0823356 -0.00742488 -0.023868
v -0.0823161 -0.00743661 -0.0239138
v -0.0822926 -0.00745049 -0.023957
v -0.0822654 -0.00746636 -0.0239972
v -0.0822346 -0.00748408 -0.024034
v -0.0822007 -0.00750344 -0.024067
v -0.0821639 -0.00752425 -0.0240958
v -0.0821248 -0.0075463 -0.0241202
v -0.0820836 -0.00756934 -0.0241398
v -0.0820408 -0.00759315 -0.0241545
v -0.0819969 -0.00761747 -0.0241642
v -0.0822263 -0.00710854 -0.0237269
v -0.0822195 -0.00711226 -0.0237774
v -0.0822078 -0.00711793 -0.0238268
v -0.0821916 -0.00712547 -0.0238746
v -0.082171 -0.00713482 -0.0239204
v -0.0821461 -0.00714586 -0.0239636
v -0.0821173 -0.0071585 -0.0240038
v -0.0820848 -0.00717259 -0.0240405
v -0.082049 -0.00718799 -0.0240735
v -0.0820103 -0.00720454 -0.0241024
v -0.081969 -0.00722206 -0.0241268
v -0.0819256 -0.00724038 -0.0241465
v -0.0818805 -0.00725931 -0.0241612
v -0.0818343 -0.00727863 -0.024171
v -0.0821176 -0.00679974 -0.0237322
v -0.0821103 -0.00680249 -0.0237826
v -0.0820981 -0.00680664 -0.0238319
v -0.0820812 -0.00681217 -0.0238797
v -0.0820596 -0.00681901 -0.0239254
v -0.0820337 -0.0068271 -0.0239686
v -0.0820037 -0.00683634 -0.0240088
v -0.0819699 -0.00684664 -0.0240456
v -0.0819326 -0.0068579 -0.0240786
v -0.0818924 -0.00687 -0.0241074
v -0.0818494 -0.00688281 -0.0241318
v -0.0818044 -0.0068962 -0.0241515
v -0.0817576 -0.00691003 -0.0241664
v -0.0817095 -0.00692416 -0.0241762
v -0.0820432 -0.00648098 -0.0237357
v -0.0820356 -0.00648269 -0.0237861
v -0.082023 -0.00648527 -0.0238354
v -0.0820055 -0.00648871 -0.0238832
v -0.0819834 -0.00649296 -0.0239289
v -0.0819567 -0.00649799 -0.0239721
v -0.0819259 -0.00650373 -0.0240122
v -0.0818912 -0.00651013 -0.024049
v -0.0818529 -0.00651712 -0.024082
v -0.0818116 -0.00652463 -0.0241109
v -0.0817676 -0.00653258 -0.0241353
v -0.0817213 -0.00654089 -0.024155
v -0.0816733 -0.00654947 -0.0241699
v -0.0816241 -0.00655824 -0.0241797
v -0.0820039 -0.00615602 -0.0237376
v -0.0819962 -0.00615667 -0.023788
v -0.0819834 -0.00615765 -0.0238373
v -0.0819656 -0.00615895 -0.023885
v -0.0819431 -0.00616056 -0.0239307
v -0.0819161 -0.00616245 -0.0239739
v -0.0818848 -0.00616462 -0.024014
v -0.0818496 -0.00616704 -0.0240508
v -0.0818109 -0.00616968 -0.0240838
v -0.081769 -0.00617252 -0.0241127
v -0.0817244 -0.00617553 -0.0241371
v -0.0816775 -0.00617867 -0.0241569
v -0.0816289 -0.00618191 -0.0241718
v -0.081579 -0.00618522 -0.0241816
v -0.082 0.00595855 -0.022
v -0.082 0.00595855 -0.0236871
v -0.0819974 0.00595855 -0.0237379
v -0.0819896 0.00595855 -0.0237883
v -0.0819768 0.00595855 -0.0238376
v -0.081959 0.00595855 -0.0238853
v -0.0819364 0.00595855 -0.023931
v -0.0819093 0.00595855 -0.0239742
v -0.081878 0.00595855 -0.0240143
v -0.0818427 0.00595855 -0.0240511
v -0.0818039 0.00595855 -0.0240841
v -0.0817619 0.00595855 -0.024113
v -0.0817172 0.00595855 -0.0241374
v -0.0816703 0.00595855 -0.0241572
v -0.0816215 0.00595855 -0.0241721
v -0.0815715 0.00595855 -0.0241819
v -0.0815208 0.00595855 -0.0241866
v -0.0832366 0.0083856 -0.022
v -0.0835 0.00855662 -0.022
v -0.0835 0.00855662 -0.0236141
v -0.0833323 0.00845229 -0.0236223
v -0.0829926 0.00818798 -0.022
v -0.0832391 0.00838232 -0.0236268
v -0.0830707 0.00825586 -0.023635
v -0.0827706 0.00796594 -0.022
v -0.0829952 0.00818517 -0.0236387
v -0.082832 0.00803215 -0.0236466
v -0.0825729 0.0077219 -0.022
v -0.0827733 0.00796362 -0.0236495
v -0.0826192 0.00778384 -0.023657
v -0.0824019 0.00745855 -0.022
v -0.0825756 0.00772009 -0.0236591
v -0.0824347 0.00751388 -0.0236659
v -0.0822594 0.00717876 -0.022
v -0.0824044 0.00745722 -0.0236674
v -0.0822807 0.0072255 -0.0236734
v -0.0821468 0.0068856 -0.022
v -0.0822616 0.00717788 -0.0236744
v -0.082159 0.00692212 -0.0236793
v -0.0820656 0.00658228 -0.022
v -0.0821486 0.0068851 -0.0236798
v -0.082071 0.00660733 -0.0236836
v -0.0820164 0.00627213 -0.022
v -0.0820668 0.00658207 -0.0236838
v -0.0820178 0.00628487 -0.0236862
v -0.0820171 0.0062721 -0.0236862
v -0.0815416 0.00633926 -0.0241858
v -0.0816036 0.00671546 -0.0241832
v -0.0817063 0.00708271 -0.0241789
v -0.0818482 0.00743666 -0.024173
v -0.0820279 0.0077731 -0.0241655
v -0.0822432 0.00808805 -0.0241565
v -0.0824915 0.00837775 -0.0241462
v -0.0827699 0.00863874 -0.0241346
v -0.0830752 0.00886791 -0.0241219
v -0.0835003 0.00855986 -0.0236657
v -0.0834979 0.00856769 -0.0237167
v -0.0834928 0.00858001 -0.0237666
v -0.0834852 0.00859671 -0.0238148
v -0.0834751 0.0086176 -0.023861
v -0.0834625 0.00864245 -0.0239045
v -0.0834477 0.00867101 -0.0239449
v -0.0834308 0.00870297 -0.0239817
v -0.083412 0.00873799 -0.0240147
v -0.0833914 0.00877569 -0.0240434
v -0.0833693 0.00881568 -0.0240675
v -0.083346 0.00885752 -0.0240867
v -0.0833216 0.00890077 -0.024101
v -0.0832965 0.00894496 -0.02411
v -0.0832708 0.00898964 -0.0241137
v -0.0820152 0.00628538 -0.0237371
v -0.0820076 0.00628645 -0.0237875
v -0.0819948 0.00628807 -0.0238368
v -0.0819771 0.00629022 -0.0238845
v -0.0819547 0.00629288 -0.0239302
v -0.0819278 0.00629603 -0.0239734
v -0.0818967 0.00629962 -0.0240135
v -0.0818616 0.00630362 -0.0240503
v -0.081823 0.00630799 -0.0240833
v -0.0817813 0.00631269 -0.0241121
v -0.0817368 0.00631767 -0.0241366
v -0.0816902 0.00632286 -0.0241563
v -0.0816417 0.00632823 -0.0241712
v -0.081592 0.00633372 -0.0241811
v -0.0820686 0.00660834 -0.0237345
v -0.0820611 0.00661046 -0.0237849
v -0.0820486 0.00661368 -0.0238342
v -0.0820313 0.00661795 -0.023882
v -0.0820093 0.00662324 -0.0239277
v -0.0819829 0.00662949 -0.0239709
v -0.0819524 0.00663663 -0.0240111
v -0.081918 0.00664459 -0.0240478
v -0.0818801 0.00665328 -0.0240808
v -0.0818391 0.00666263 -0.0241097
v -0.0817955 0.00667252 -0.0241341
v -0.0817496 0.00668286 -0.0241538
v -0.081702 0.00669353 -0.0241687
v -0.0821567 0.0069236 -0.0237303
v -0.0821496 0.00692674 -0.0237807
v -0.0821376 0.0069315 -0.0238301
v -0.0821209 0.00693784 -0.0238779
v -0.0820996 0.00694568 -0.0239236
v -0.0820741 0.00695496 -0.0239668
v -0.0820445 0.00696556 -0.024007
v -0.0820112 0.00697739 -0.0240438
v -0.0819745 0.00699031 -0.0240767
v -0.0819347 0.00700419 -0.0241056
v -0.0818924 0.00701889 -0.02413
v -0.0818479 0.00703425 -0.0241497
v -0.0816532 0.00670444 -0.0241785
v -0.0818017 0.00705012 -0.0241645
v -0.0822787 0.00722742 -0.0237244
v -0.082272 0.00723151 -0.0237749
v -0.0822606 0.00723775 -0.0238243
v -0.0822448 0.00724607 -0.0238722
v -0.0822246 0.00725638 -0.0239179
v -0.0822002 0.00726856 -0.0239611
v -0.082172 0.0072825 -0.0240013
v -0.0821401 0.00729805 -0.0240381
v -0.082105 0.00731505 -0.0240711
v -0.082067 0.00733331 -0.0240999
v -0.0820265 0.00735266 -0.0241243
v -0.0819839 0.00737288 -0.024144
v -0.0817544 0.00706633 -0.0241743
v -0.0819397 0.00739377 -0.0241588
v -0.082433 0.00751618 -0.023717
v -0.0824269 0.00752117 -0.0237675
v -0.0824164 0.0075288 -0.023817
v -0.0824016 0.00753898 -0.0238649
v -0.0823826 0.00755161 -0.0239107
v -0.0823598 0.00756656 -0.023954
v -0.0823332 0.00758367 -0.0239942
v -0.0823033 0.00760277 -0.024031
v -0.0822702 0.00762364 -0.024064
v -0.0822344 0.00764609 -0.0240928
v -0.0821962 0.00766986 -0.0241171
v -0.082156 0.00769471 -0.0241368
v -0.0818943 0.0074151 -0.0241685
v -0.0821143 0.00772038 -0.0241515
v -0.0826179 0.00778646 -0.0237081
v -0.0826124 0.00779225 -0.0237587
v -0.0826029 0.00780115 -0.0238083
v -0.0825894 0.00781307 -0.0238562
v -0.082572 0.00782786 -0.0239021
v -0.0825509 0.0078454 -0.0239454
v -0.0825264 0.00786548 -0.0239857
v -0.0824987 0.00788789 -0.0240225
v -0.0824681 0.00791241 -0.0240554
v -0.0824349 0.00793877 -0.0240842
v -0.0823995 0.0079667 -0.0241085
v -0.0823622 0.00799591 -0.0241281
v -0.0820715 0.0077466 -0.0241611
v -0.0823234 0.00802608 -0.0241427
v -0.0828311 0.00803504 -0.0236979
v -0.0828264 0.00804154 -0.0237486
v -0.082818 0.00805158 -0.0237982
v -0.0828059 0.00806506 -0.0238462
v -0.0827903 0.00808184 -0.0238922
v -0.0827713 0.00810174 -0.0239355
v -0.0827491 0.00812455 -0.0239758
v -0.082724 0.00815002 -0.0240126
v -0.0826962 0.0081779 -0.0240456
v -0.0826661 0.00820788 -0.0240744
v -0.0826339 0.00823966 -0.0240986
v -0.0826 0.00827288 -0.0241181
v -0.0822836 0.0080569 -0.0241522
v -0.0825647 0.00830722 -0.0241326
v -0.0830702 0.00825894 -0.0236864
v -0.0830664 0.00826604 -0.0237372
v -0.0830592 0.00827709 -0.0237869
v -0.0830487 0.00829196 -0.023835
v -0.083035 0.00831051 -0.023881
v -0.0830183 0.00833253 -0.0239244
v -0.0829988 0.00835779 -0.0239647
v -0.0829766 0.00838603 -0.0240016
v -0.082952 0.00841694 -0.0240346
v -0.0829253 0.0084502 -0.0240633
v -0.0828967 0.00848546 -0.0240875
v -0.0828665 0.00852233 -0.0241069
v -0.0825284 0.0083423 -0.024142
v -0.0828351 0.00856045 -0.0241213
v -0.0833323 0.00845549 -0.0236738
v -0.0833293 0.00846308 -0.0237247
v -0.0833235 0.00847497 -0.0237745
v -0.0833147 0.00849104 -0.0238227
v -0.0833032 0.00851113 -0.0238688
v -0.0832891 0.008535 -0.0239123
v -0.0832724 0.00856242 -0.0239526
v -0.0832534 0.00859308 -0.0239895
v -0.0832323 0.00862667 -0.0240225
v -0.0832094 0.00866283 -0.0240511
v -0.0831847 0.00870117 -0.0240753
v -0.0831587 0.00874127 -0.0240946
v -0.0828028 0.00859939 -0.0241306
v -0.0831316 0.00878273 -0.0241089
v -0.0831036 0.00882509 -0.024118
v -0.0845 0.00913397 -0.022
v -0.0845 0.00913397 -0.0235725
v -0.0842708 0.00956699 -0.024072
v -0.0842965 0.00952231 -0.0240683
v -0.0843216 0.00947812 -0.0240593
v -0.084346 0.00943487 -0.0240451
v -0.0843693 0.00939303 -0.0240258
v -0.0843914 0.00935304 -0.0240017
v -0.084412 0.00931534 -0.023973
v -0.0844308 0.00928032 -0.0239401
v -0.0844477 0.00924836 -0.0239032
v -0.0844625 0.0092198 -0.0238628
v -0.0844751 0.00919495 -0.0238193
v -0.0844852 0.00917406 -0.0237732
v -0.0844928 0.00915736 -0.0237249
v -0.0844979 0.00914504 -0.023675
v -0.0845003 0.00913721 -0.023624
v -0.0854617 0.0111914 -0.0240224
v -0.085506 0.0114601 -0.0240206
v -0.0853884 0.0109291 -0.0240255
v -0.0852869 0.0106763 -0.0240297
v -0.0851586 0.0104359 -0.0240351
v -0.0850048 0.010211 -0.0240415
v -0.0848275 0.0100041 -0.0240489
v -0.0855208 0.0117321 -0.02402
v -0.0846286 0.00981763 -0.0240571
v -0.0844106 0.00965393 -0.0240662
v -0.0855715 0.0117321 -0.0240153
v -0.0856215 0.0117321 -0.0240054
v -0.0856703 0.0117321 -0.0239905
v -0.0857172 0.0117321 -0.0239707
v -0.0857619 0.0117321 -0.0239463
v -0.0858039 0.0117321 -0.0239174
v -0.0858427 0.0117321 -0.0238845
v -0.085878 0.0117321 -0.0238477
v -0.0859093 0.0117321 -0.0238075
v -0.0859364 0.0117321 -0.0237644
v -0.085959 0.0117321 -0.0237187
v -0.0859768 0.0117321 -0.0236709
v -0.0859896 0.0117321 -0.0236216
v -0.0859974 0.0117321 -0.0235713
v -0.0859829 0.0114185 -0.023521
v -0.0859822 0.0114057 -0.023521
v -0.0859332 0.0111085 -0.0235227
v -0.085929 0.0110833 -0.0235229
v -0.0858514 0.0108055 -0.0235256
v -0.085841 0.0107685 -0.0235259
v -0.0857384 0.0105127 -0.0235295
v -0.0857193 0.0104651 -0.0235301
v -0.0855956 0.0102334 -0.0235344
v -0.0855653 0.0101767 -0.0235355
v -0.0854244 0.00997051 -0.0235404
v -0.0853808 0.00990676 -0.0235419
v -0.0852267 0.00972698 -0.0235472
v -0.085168 0.00965845 -0.0235493
v -0.0850048 0.00950543 -0.023555
v -0.0849293 0.00943474 -0.0235576
v -0.0847609 0.00930827 -0.0235634
v -0.0846677 0.00923831 -0.0235667
v -0.086 0.0117321 -0.0235204
v -0.0855564 0.0114546 -0.0240159
v -0.0856061 0.0114491 -0.024006
v -0.0856546 0.0114437 -0.0239912
v -0.0857012 0.0114385 -0.0239714
v -0.0857457 0.0114336 -0.023947
v -0.0857874 0.0114289 -0.0239181
v -0.085826 0.0114245 -0.0238851
v -0.0858611 0.0114205 -0.0238483
v -0.0858922 0.0114169 -0.0238082
v -0.0859191 0.0114137 -0.023765
v -0.0859415 0.0114111 -0.0237193
v -0.0859592 0.0114089 -0.0236716
v -0.085972 0.0114073 -0.0236223
v -0.0859796 0.0114062 -0.0235719
v -0.0855112 0.0111804 -0.0240178
v -0.08556 0.0111695 -0.024008
v -0.0856076 0.0111588 -0.0239931
v -0.0856535 0.0111485 -0.0239734
v -0.0856971 0.0111386 -0.0239489
v -0.0857381 0.0111292 -0.0239201
v -0.085776 0.0111205 -0.0238871
v -0.0858104 0.0111126 -0.0238503
v -0.0858409 0.0111054 -0.0238101
v -0.0858673 0.0110992 -0.023767
v -0.0858893 0.0110939 -0.0237213
v -0.0859066 0.0110896 -0.0236735
v -0.0859191 0.0110864 -0.0236242
v -0.0859266 0.0110843 -0.0235738
v -0.0854365 0.0109127 -0.0240209
v -0.0854838 0.0108965 -0.0240111
v -0.08553 0.0108806 -0.0239963
v -0.0855745 0.0108653 -0.0239766
v -0.0856168 0.0108506 -0.0239522
v -0.0856566 0.0108367 -0.0239233
v -0.0856933 0.0108238 -0.0238903
v -0.0857266 0.0108119 -0.0238536
v -0.0857562 0.0108013 -0.0238134
v -0.0857817 0.0107921 -0.0237702
v -0.085803 0.0107842 -0.0237245
v -0.0858197 0.0107779 -0.0236767
v -0.0858316 0.0107731 -0.0236273
v -0.0858388 0.01077 -0.0235769
v -0.085333 0.0106547 -0.0240252
v -0.0853784 0.0106334 -0.0240155
v -0.0854226 0.0106125 -0.0240007
v -0.0854652 0.0105923 -0.023981
v -0.0855057 0.0105729 -0.0239567
v -0.0855437 0.0105546 -0.0239278
v -0.0855788 0.0105377 -0.0238949
v -0.0856107 0.0105221 -0.0238581
v -0.0856389 0.0105082 -0.0238179
v -0.0856633 0.010496 -0.0237746
v -0.0856835 0.0104857 -0.0237289
v -0.0856993 0.0104774 -0.023681
v -0.0857107 0.0104711 -0.0236316
v -0.0857174 0.010467 -0.0235811
v -0.0852021 0.0104094 -0.0240306
v -0.085245 0.0103832 -0.024021
v -0.0852867 0.0103575 -0.0240063
v -0.0853269 0.0103327 -0.0239867
v -0.0853651 0.0103089 -0.0239623
v -0.0854009 0.0102865 -0.0239335
v -0.0854339 0.0102656 -0.0239006
v -0.0854639 0.0102465 -0.0238638
v -0.0854904 0.0102294 -0.0238235
v -0.0855133 0.0102144 -0.0237803
v -0.0855322 0.0102018 -0.0237345
v -0.085547 0.0101916 -0.0236866
v -0.0855575 0.010184 -0.0236371
v -0.0855637 0.010179 -0.0235866
v -0.0850453 0.0101798 -0.0240372
v -0.0850851 0.010149 -0.0240276
v -0.0851238 0.0101188 -0.024013
v -0.0851611 0.0100896 -0.0239935
v -0.0851965 0.0100617 -0.0239692
v -0.0852297 0.0100353 -0.0239404
v -0.0852603 0.0100108 -0.0239074
v -0.085288 0.0099884 -0.0238706
v -0.0853125 0.00996832 -0.0238303
v -0.0853336 0.00995079 -0.023787
v -0.085351 0.00993599 -0.0237412
v -0.0853645 0.00992408 -0.0236932
v -0.0853741 0.00991518 -0.0236437
v -0.0853795 0.00990939 -0.0235931
v -0.0848644 0.0099686 -0.0240447
v -0.0849006 0.00993352 -0.0240353
v -0.0849359 0.00989919 -0.0240208
v -0.0849699 0.00986596 -0.0240013
v -0.0850021 0.00983418 -0.023977
v -0.0850322 0.0098042 -0.0239483
v -0.08506 0.00977633 -0.0239153
v -0.0850851 0.00975085 -0.0238785
v -0.0851073 0.00972804 -0.0238382
v -0.0851263 0.00970814 -0.0237948
v -0.0851419 0.00969137 -0.0237489
v -0.085154 0.00967788 -0.0237009
v -0.0851624 0.00966784 -0.0236512
v -0.0851671 0.00966134 -0.0236005
v -0.0846615 0.00977827 -0.0240531
v -0.0846938 0.00973933 -0.0240439
v -0.0847252 0.00970122 -0.0240294
v -0.0847554 0.00966434 -0.02401
v -0.084784 0.00962908 -0.0239858
v -0.0848107 0.00959582 -0.0239571
v -0.0848353 0.00956491 -0.0239241
v -0.0848575 0.00953667 -0.0238873
v -0.084877 0.00951141 -0.023847
v -0.0848937 0.00948939 -0.0238036
v -0.0849074 0.00947084 -0.0237576
v -0.0849178 0.00945597 -0.0237095
v -0.0849251 0.00944492 -0.0236597
v -0.0849289 0.00943782 -0.0236089
v -0.084439 0.00961112 -0.0240624
v -0.084467 0.00956875 -0.0240533
v -0.0844941 0.0095273 -0.024039
v -0.0845201 0.00948719 -0.0240196
v -0.0845448 0.00944885 -0.0239955
v -0.0845678 0.00941269 -0.0239668
v -0.0845889 0.00937911 -0.0239339
v -0.0846078 0.00934844 -0.023897
v -0.0846245 0.00932102 -0.0238566
v -0.0846386 0.00929715 -0.0238132
v -0.0846501 0.00927707 -0.0237671
v -0.0846589 0.00926099 -0.0237189
v -0.0846648 0.0092491 -0.023669
v -0.0846677 0.00924151 -0.0236181
v -0.0859836 0.0114185 -0.022
v -0.086 0.0117321 -0.022
v -0.0859344 0.0111083 -0.022
v -0.0858532 0.010805 -0.022
v -0.0857406 0.0105118 -0.022
v -0.0855981 0.0102321 -0.022
v -0.0854271 0.0099687 -0.022
v -0.0852294 0.00972466 -0.022
v -0.0850074 0.00950262 -0.022
v -0.0847634 0.009305 -0.022
v -0.0855715 0.0140449 -0.0240153
v -0.0856215 0.0140449 -0.0240054
v -0.0856703 0.0140449 -0.0239905
v -0.0857172 0.0140449 -0.0239707
v -0.0857619 0.0140449 -0.0239463
v -0.0858039 0.0140449 -0.0239174
v -0.0858427 0.0140449 -0.0238845
v -0.085878 0.0140449 -0.0238477
v -0.0859093 0.0140449 -0.0238075
v -0.0859364 0.0140449 -0.0237644
v -0.085959 0.0140449 -0.0237187
v -0.0859768 0.0140449 -0.0236709
v -0.0859896 0.0140449 -0.0236216
v -0.0859974 0.0140449 -0.0235713
v -0.086 0.0140449 -0.0235204
v -0.0855907 0.0188225 -0.0216228
v -0.0856389 0.0188133 -0.021616
v -0.0855941 0.0188218 -0.0216223
v -0.0856858 0.0188004 -0.0216063
v -0.0856456 0.0188115 -0.0216146
v -0.0857308 0.0187839 -0.0215939
v -0.0856954 0.0187969 -0.0216036
v -0.0857736 0.0187639 -0.0215789
v -0.085743 0.0187782 -0.0215896
v -0.0858137 0.0187406 -0.0215614
v -0.0857879 0.0187556 -0.0215726
v -0.0858507 0.0187142 -0.0215416
v -0.0858296 0.0187293 -0.0215529
v -0.0858843 0.018685 -0.0215197
v -0.0858675 0.0186996 -0.0215307
v -0.0859141 0.0186533 -0.0214959
v -0.0859013 0.0186669 -0.0215061
v -0.0859398 0.0186194 -0.0214705
v -0.0859306 0.0186315 -0.0214796
v -0.0859612 0.0185836 -0.0214437
v -0.0859551 0.0185939 -0.0214514
v -0.085978 0.0185463 -0.0214157
v -0.0859744 0.0185543 -0.0214217
v -0.0859902 0.0185079 -0.0213869
v -0.0859885 0.0185134 -0.021391
v -0.0859975 0.0184687 -0.0213575
v -0.085997 0.0184715 -0.0213596
v -0.086 0.0180765 -0.0217517
v -0.086 0.0184291 -0.0213278
v -0.086 0.0176902 -0.0221317
v -0.086 0.0172717 -0.0224692
v -0.086 0.0169535 -0.0226845
v -0.086 0.0164747 -0.022952
v -0.086 0.0159794 -0.0231674
v -0.086 0.0154683 -0.0233322
v -0.086 0.0152512 -0.0233859
v -0.086 0.0147181 -0.0234789
v -0.086 0.0141824 -0.0235187
v -0.0855908 0.0184382 -0.0220847
v -0.085639 0.0184298 -0.022077
v -0.0856859 0.0184179 -0.0220661
v -0.0857309 0.0184027 -0.0220521
v -0.0857737 0.0183843 -0.0220351
v -0.0858138 0.0183628 -0.0220153
v -0.0858508 0.0183386 -0.021993
v -0.0858843 0.0183118 -0.0219683
v -0.0859141 0.0182826 -0.0219415
v -0.0859398 0.0182515 -0.0219128
v -0.0859612 0.0182186 -0.0218825
v -0.085978 0.0181843 -0.0218509
v -0.0859902 0.0181489 -0.0218184
v -0.0859975 0.0181129 -0.0217852
v -0.0855904 0.0180173 -0.0224988
v -0.0856387 0.0180098 -0.0224903
v -0.0856856 0.017999 -0.0224783
v -0.0857306 0.0179853 -0.0224629
v -0.0857735 0.0179686 -0.0224442
v -0.0858136 0.0179493 -0.0224224
v -0.0858506 0.0179273 -0.0223978
v -0.0858842 0.0179031 -0.0223706
v -0.085914 0.0178767 -0.022341
v -0.0859397 0.0178485 -0.0223094
v -0.0859611 0.0178187 -0.022276
v -0.085978 0.0177877 -0.0222412
v -0.0859902 0.0177557 -0.0222053
v -0.0859975 0.0177231 -0.0221686
v -0.0855895 0.0175614 -0.0228668
v -0.0856378 0.0175548 -0.0228577
v -0.0856848 0.0175453 -0.0228447
v -0.08573 0.0175332 -0.022828
v -0.0857729 0.0175185 -0.0228078
v -0.0858131 0.0175013 -0.0227843
v -0.0858502 0.0174819 -0.0227576
v -0.0858839 0.0174604 -0.0227281
v -0.0859138 0.017437 -0.0226961
v -0.0859396 0.017412 -0.0226618
v -0.085961 0.0173857 -0.0226256
v -0.085978 0.0173582 -0.0225879
v -0.0859902 0.0173298 -0.022549
v -0.0859975 0.0173009 -0.0225093
v -0.0855885 0.0172147 -0.0231015
v -0.085637 0.0172088 -0.023092
v -0.085684 0.0172003 -0.0230785
v -0.0857293 0.0171893 -0.023061
v -0.0857723 0.0171761 -0.0230399
v -0.0858126 0.0171606 -0.0230152
v -0.0858498 0.0171431 -0.0229872
v -0.0858836 0.0171237 -0.0229563
v -0.0859135 0.0171027 -0.0229227
v -0.0859394 0.0170801 -0.0228867
v -0.0859609 0.0170563 -0.0228487
v -0.0859779 0.0170315 -0.0228091
v -0.0859901 0.0170059 -0.0227682
v -0.0859975 0.0169798 -0.0227266
v -0.0855867 0.0166931 -0.0233934
v -0.0856353 0.0166882 -0.0233834
v -0.0856825 0.0166811 -0.0233692
v -0.085728 0.0166721 -0.0233509
v -0.0857712 0.016661 -0.0233285
v -0.0858117 0.0166481 -0.0233025
v -0.0858491 0.0166335 -0.0232729
v -0.085883 0.0166173 -0.0232401
v -0.0859131 0.0165996 -0.0232045
v -0.0859391 0.0165808 -0.0231664
v -0.0859607 0.0165609 -0.0231261
v -0.0859778 0.0165401 -0.0230841
v -0.0859901 0.0165186 -0.0230408
v -0.0859975 0.0164968 -0.0229967
v -0.0855843 0.0161535 -0.0236285
v -0.0856331 0.0161496 -0.0236183
v -0.0856806 0.0161441 -0.0236036
v -0.0857263 0.0161369 -0.0235845
v -0.0857697 0.0161281 -0.0235613
v -0.0858105 0.0161178 -0.0235341
v -0.0858481 0.0161062 -0.0235032
v -0.0858822 0.0160933 -0.023469
v -0.0859125 0.0160792 -0.0234318
v -0.0859387 0.0160642 -0.0233919
v -0.0859605 0.0160482 -0.0233498
v -0.0859776 0.0160317 -0.0233058
v -0.08599 0.0160145 -0.0232604
v -0.0859975 0.0159971 -0.0232142
v -0.0855814 0.0155965 -0.0238086
v -0.0856305 0.0155937 -0.0237983
v -0.0856783 0.0155897 -0.0237833
v -0.0857243 0.0155844 -0.0237637
v -0.085768 0.015578 -0.0237398
v -0.085809 0.0155704 -0.0237118
v -0.0858469 0.0155618 -0.02368
v -0.0858813 0.0155523 -0.0236446
v -0.0859118 0.015542 -0.0236061
v -0.0859382 0.0155309 -0.0235648
v -0.0859601 0.0155191 -0.0235211
v -0.0859774 0.0155069 -0.0234756
v -0.0859899 0.0154942 -0.0234286
v -0.0859975 0.0154813 -0.0233807
v -0.0855801 0.0153598 -0.0238673
v -0.0856293 0.0153575 -0.023857
v -0.0856772 0.0153541 -0.023842
v -0.0857233 0.0153497 -0.0238223
v -0.0857672 0.0153442 -0.0237982
v -0.0858083 0.0153378 -0.0237699
v -0.0858463 0.0153306 -0.0237377
v -0.0858808 0.0153225 -0.023702
v -0.0859115 0.0153137 -0.023663
v -0.0859379 0.0153043 -0.0236213
v -0.08596 0.0152943 -0.0235771
v -0.0859774 0.0152839 -0.023531
v -0.0859899 0.0152732 -0.0234835
v -0.0859975 0.0152622 -0.0234349
v -0.0855766 0.0147789 -0.0239692
v -0.0856261 0.0147776 -0.023959
v -0.0856743 0.0147757 -0.0239439
v -0.0857208 0.0147733 -0.0239241
v -0.085765 0.0147703 -0.0238996
v -0.0858065 0.0147667 -0.0238709
v -0.0858448 0.0147626 -0.0238382
v -0.0858797 0.0147581 -0.0238017
v -0.0859106 0.0147532 -0.023762
v -0.0859373 0.0147479 -0.0237194
v -0.0859596 0.0147423 -0.0236743
v -0.0859771 0.0147365 -0.0236272
v -0.0859898 0.0147305 -0.0235786
v -0.0859974 0.0147243 -0.023529
v -0.0855726 0.0141948 -0.0240132
v -0.0856225 0.0141945 -0.0240033
v -0.0856711 0.0141942 -0.0239883
v -0.085718 0.0141937 -0.0239685
v -0.0857626 0.014193 -0.023944
v -0.0858045 0.0141923 -0.0239152
v -0.0858432 0.0141915 -0.0238822
v -0.0858784 0.0141906 -0.0238454
v -0.0859096 0.0141896 -0.0238053
v -0.0859366 0.0141885 -0.0237622
v -0.0859591 0.0141873 -0.0237166
v -0.0859769 0.0141861 -0.0236689
v -0.0859897 0.0141849 -0.0236197
v -0.0859974 0.0141836 -0.0235695
v -0.0855804 0.0193207 -0.0209615
v -0.0855941 0.0193184 -0.0209598
v -0.0856187 0.0193144 -0.0209568
v -0.0856456 0.0193083 -0.0209522
v -0.085693 0.0192949 -0.0209421
v -0.0856563 0.0193058 -0.0209503
v -0.0856956 0.0192939 -0.0209414
v -0.0857285 0.0192817 -0.0209322
v -0.0857431 0.0192751 -0.0209273
v -0.0857626 0.0192663 -0.0209207
v -0.0857881 0.0192525 -0.0209104
v -0.0857951 0.0192488 -0.0209076
v -0.0858257 0.0192293 -0.020893
v -0.0858298 0.0192263 -0.0208907
v -0.0858677 0.0191965 -0.0208684
v -0.0858544 0.019208 -0.020877
v -0.0858809 0.019185 -0.0208597
v -0.0859016 0.0191639 -0.0208439
v -0.0859268 0.0191343 -0.0208217
v -0.0859051 0.0191604 -0.0208412
v -0.0859308 0.0191284 -0.0208173
v -0.0859552 0.0190907 -0.020789
v -0.0859458 0.019107 -0.0208012
v -0.0859747 0.0190512 -0.0207594
v -0.0859622 0.0190785 -0.0207799
v -0.0859863 0.019019 -0.0207352
v -0.0859884 0.0190102 -0.0207286
v -0.0859757 0.0190491 -0.0207578
v -0.0859968 0.0189683 -0.0206972
v -0.0859939 0.0189883 -0.0207122
v -0.086 0.0189259 -0.0206654
v -0.0859985 0.0189572 -0.0206888
v -0.0855415 0.0193245 -0.0209643
v -0.086 -0.0148184 -0.0219154
v -0.086 -0.0144114 -0.0219788
v -0.086 -0.0152168 -0.0218104
v -0.086 -0.0156023 -0.0216651
v -0.086 -0.0159707 -0.0214808
v -0.086 -0.0169826 -0.0206654
v -0.086 -0.014 -0.022
v -0.086 -0.0163183 -0.0212597
v -0.086 -0.0166412 -0.021004
v -0.086 -0.0169362 -0.0207164
v -0.0855357 -0.019453 -0.0207938
v -0.0859818 -0.0191233 -0.020352
v -0.085972 -0.0191837 -0.0202568
v -0.0855182 -0.0195823 -0.0206238
v -0.0854892 -0.0197114 -0.0204557
v -0.0859372 -0.0193128 -0.020055
v -0.0854491 -0.0198393 -0.0202907
v -0.085889 -0.0194407 -0.0198571
v -0.085934 -0.0193214 -0.0200418
v -0.0853983 -0.019965 -0.0201302
v -0.0858516 -0.0195179 -0.0197388
v -0.0858281 -0.0195664 -0.0196644
v -0.0853375 -0.0200876 -0.0199752
v -0.0857552 -0.019689 -0.0194783
v -0.0852676 -0.0202064 -0.0198266
v -0.0856713 -0.0198077 -0.0193
v -0.0857398 -0.0197108 -0.0194456
v -0.0851895 -0.0203205 -0.0196852
v -0.0855972 -0.019898 -0.0191659
v -0.0855776 -0.0199219 -0.0191304
v -0.0851041 -0.0204296 -0.0195516
v -0.0854751 -0.020031 -0.0189701
v -0.0850124 -0.0205332 -0.0194263
v -0.0853651 -0.0201345 -0.0188197
v -0.0854259 -0.0200773 -0.0189029
v -0.0849153 -0.0206309 -0.0193094
v -0.0852486 -0.0202323 -0.0186795
v -0.0848138 -0.0207227 -0.0192011
v -0.0851267 -0.0203241 -0.0185495
v -0.0852289 -0.0202471 -0.0186585
v -0.0847087 -0.0208085 -0.0191014
v -0.0850072 -0.0204053 -0.0184361
v -0.0850006 -0.0204099 -0.0184298
v -0.0846006 -0.0208882 -0.0190101
v -0.0848709 -0.0204896 -0.0183203
v -0.0844904 -0.020962 -0.018927
v -0.0847629 -0.0205498 -0.0182389
v -0.0847387 -0.0205634 -0.0182206
v -0.0842915 -0.0210785 -0.0187993
v -0.0843246 -0.0210996 -0.0187616
v -0.0843568 -0.0211157 -0.0187209
v -0.0843877 -0.0211267 -0.0186775
v -0.084417 -0.0211324 -0.0186321
v -0.0844443 -0.0211327 -0.0185851
v -0.0844694 -0.0211277 -0.018537
v -0.0844918 -0.0211174 -0.0184886
v -0.0845114 -0.0211019 -0.0184403
v -0.0845278 -0.0210814 -0.0183927
v -0.084541 -0.0210562 -0.0183464
v -0.0845508 -0.0210265 -0.0183019
v -0.084557 -0.0209927 -0.0182597
v -0.0845595 -0.0209553 -0.0182204
v -0.0845584 -0.0209145 -0.0181844
v -0.0845537 -0.020871 -0.0181521
v -0.0845454 -0.0208252 -0.018124
v -0.0845335 -0.0207778 -0.0181003
v -0.0845184 -0.0207291 -0.0180813
v -0.0845 -0.0206799 -0.0180673
v -0.085993 -0.0190544 -0.0204608
v -0.0855756 -0.0194503 -0.0207891
v -0.0856149 -0.0194451 -0.0207825
v -0.0856534 -0.0194374 -0.020774
v -0.0856909 -0.0194272 -0.0207637
v -0.0857272 -0.0194146 -0.0207517
v -0.0857619 -0.0193996 -0.020738
v -0.0857949 -0.0193824 -0.0207227
v -0.085826 -0.0193631 -0.020706
v -0.0858549 -0.0193418 -0.0206879
v -0.0858815 -0.0193187 -0.0206685
v -0.0859055 -0.0192938 -0.020648
v -0.0859269 -0.0192674 -0.0206266
v -0.0859455 -0.0192396 -0.0206043
v -0.0859612 -0.0192106 -0.0205812
v -0.0859739 -0.0191806 -0.0205576
v -0.0859835 -0.0191497 -0.0205336
v -0.0859899 -0.0191183 -0.0205094
v -0.0859931 -0.0190864 -0.0204851
v -0.085559 -0.0195809 -0.0206172
v -0.0855991 -0.0195768 -0.0206085
v -0.0856385 -0.01957 -0.0205979
v -0.0856767 -0.0195606 -0.0205855
v -0.0857136 -0.0195486 -0.0205712
v -0.0857489 -0.0195342 -0.0205553
v -0.0857823 -0.0195173 -0.0205378
v -0.0858136 -0.0194981 -0.0205189
v -0.0858426 -0.0194768 -0.0204986
v -0.0858691 -0.0194535 -0.0204772
v -0.0858929 -0.0194284 -0.0204547
v -0.0859139 -0.0194016 -0.0204313
v -0.085932 -0.0193733 -0.0204072
v -0.0859469 -0.0193437 -0.0203826
v -0.0859586 -0.0193131 -0.0203575
v -0.085967 -0.0192815 -0.0203322
v -0.0859721 -0.0192493 -0.0203069
v -0.0859737 -0.0192166 -0.0202817
v -0.0855307 -0.0197114 -0.020447
v -0.0855716 -0.0197084 -0.0204363
v -0.0856116 -0.0197027 -0.0204235
v -0.0856504 -0.0196941 -0.0204088
v -0.0856878 -0.0196828 -0.0203923
v -0.0857234 -0.0196688 -0.0203741
v -0.0857571 -0.0196522 -0.0203544
v -0.0857885 -0.0196333 -0.0203332
v -0.0858175 -0.019612 -0.0203107
v -0.0858439 -0.0195886 -0.0202872
v -0.0858673 -0.0195632 -0.0202627
v -0.0858878 -0.019536 -0.0202375
v -0.0859051 -0.0195071 -0.0202116
v -0.0859191 -0.0194769 -0.0201854
v -0.0859298 -0.0194456 -0.020159
v -0.0859369 -0.0194132 -0.0201325
v -0.0859406 -0.0193801 -0.0201063
v -0.0859407 -0.0193466 -0.0200804
v -0.0854912 -0.0198406 -0.02028
v -0.0855326 -0.0198389 -0.0202671
v -0.0855731 -0.0198342 -0.020252
v -0.0856124 -0.0198265 -0.0202351
v -0.0856501 -0.0198159 -0.0202162
v -0.085686 -0.0198025 -0.0201957
v -0.0857198 -0.0197863 -0.0201737
v -0.0857512 -0.0197675 -0.0201503
v -0.08578 -0.0197463 -0.0201256
v -0.085806 -0.0197227 -0.0201
v -0.085829 -0.019697 -0.0200735
v -0.0858488 -0.0196694 -0.0200465
v -0.0858653 -0.01964 -0.020019
v -0.0858783 -0.0196092 -0.0199913
v -0.0858878 -0.019577 -0.0199636
v -0.0858936 -0.0195439 -0.0199361
v -0.0858958 -0.0195099 -0.0199091
v -0.0858943 -0.0194754 -0.0198827
v -0.0854408 -0.0199678 -0.0201173
v -0.0854826 -0.0199674 -0.0201021
v -0.0855235 -0.0199637 -0.0200848
v -0.085563 -0.019957 -0.0200655
v -0.0856009 -0.0199471 -0.0200444
v -0.0856369 -0.0199343 -0.0200215
v -0.0856706 -0.0199185 -0.0199971
v -0.0857019 -0.0198999 -0.0199714
v -0.0857304 -0.0198787 -0.0199446
v -0.085756 -0.019855 -0.0199169
v -0.0857784 -0.019829 -0.0198886
v -0.0857974 -0.0198009 -0.0198597
v -0.085813 -0.019771 -0.0198307
v -0.0858249 -0.0197394 -0.0198016
v -0.0858331 -0.0197065 -0.0197728
v -0.0858376 -0.0196725 -0.0197445
v -0.0858382 -0.0196376 -0.0197168
v -0.085835 -0.0196021 -0.01969
v -0.0853803 -0.0200919 -0.0199601
v -0.0854224 -0.0200928 -0.0199427
v -0.0854634 -0.0200903 -0.019923
v -0.0855031 -0.0200845 -0.0199013
v -0.085541 -0.0200755 -0.0198778
v -0.0855769 -0.0200632 -0.0198526
v -0.0856104 -0.0200478 -0.0198259
v -0.0856414 -0.0200294 -0.0197979
v -0.0856695 -0.0200082 -0.019769
v -0.0856944 -0.0199844 -0.0197393
v -0.0857161 -0.0199581 -0.019709
v -0.0857343 -0.0199296 -0.0196785
v -0.0857489 -0.019899 -0.019648
v -0.0857596 -0.0198668 -0.0196177
v -0.0857666 -0.019833 -0.0195879
v -0.0857696 -0.0197981 -0.0195588
v -0.0857687 -0.0197622 -0.0195307
v -0.0857639 -0.0197258 -0.0195038
v -0.0853105 -0.0202121 -0.0198093
v -0.0853526 -0.0202144 -0.0197896
v -0.0853936 -0.0202131 -0.0197676
v -0.0854332 -0.0202084 -0.0197435
v -0.085471 -0.0202001 -0.0197176
v -0.0855066 -0.0201884 -0.01969
v -0.0855399 -0.0201735 -0.019661
v -0.0855704 -0.0201553 -0.0196308
v -0.0855979 -0.0201342 -0.0195998
v -0.0856222 -0.0201102 -0.0195681
v -0.085643 -0.0200836 -0.0195361
v -0.0856603 -0.0200546 -0.019504
v -0.0856737 -0.0200234 -0.0194721
v -0.0856833 -0.0199904 -0.0194406
v -0.0856889 -0.0199558 -0.01941
v -0.0856905 -0.01992 -0.0193803
v -0.0856881 -0.0198831 -0.019352
v -0.0856817 -0.0198456 -0.0193251
v -0.0852322 -0.0203279 -0.0196657
v -0.0852742 -0.0203315 -0.0196437
v -0.0853151 -0.0203315 -0.0196193
v -0.0853544 -0.0203277 -0.0195929
v -0.0853918 -0.0203203 -0.0195645
v -0.0854271 -0.0203093 -0.0195346
v -0.0854598 -0.0202948 -0.0195033
v -0.0854897 -0.0202769 -0.019471
v -0.0855166 -0.0202558 -0.0194378
v -0.0855401 -0.0202317 -0.0194043
v -0.08556 -0.0202047 -0.0193705
v -0.0855762 -0.0201753 -0.0193369
v -0.0855885 -0.0201435 -0.0193038
v -0.0855969 -0.0201097 -0.0192714
v -0.0856012 -0.0200742 -0.01924
v -0.0856014 -0.0200374 -0.01921
v -0.0855975 -0.0199995 -0.0191815
v -0.0855895 -0.0199609 -0.0191549
v -0.0851465 -0.0204385 -0.0195299
v -0.0851882 -0.0204436 -0.0195056
v -0.0852286 -0.0204448 -0.0194789
v -0.0852675 -0.0204421 -0.01945
v -0.0853045 -0.0204356 -0.0194193
v -0.0853392 -0.0204252 -0.019387
v -0.0853713 -0.0204112 -0.0193535
v -0.0854004 -0.0203935 -0.019319
v -0.0854264 -0.0203725 -0.0192839
v -0.085449 -0.0203482 -0.0192485
v -0.085468 -0.020321 -0.0192132
v -0.0854831 -0.020291 -0.0191782
v -0.0854943 -0.0202586 -0.0191439
v -0.0855014 -0.020224 -0.0191106
v -0.0855044 -0.0201876 -0.0190787
v -0.0855032 -0.0201498 -0.0190484
v -0.0854979 -0.0201108 -0.0190201
v -0.0854885 -0.0200711 -0.0189939
v -0.0850543 -0.0205437 -0.0194023
v -0.0850954 -0.0205502 -0.0193757
v -0.0851353 -0.0205527 -0.0193467
v -0.0851735 -0.0205511 -0.0193155
v -0.0852098 -0.0205454 -0.0192824
v -0.0852438 -0.0205358 -0.0192479
v -0.0852751 -0.0205222 -0.0192122
v -0.0853034 -0.0205048 -0.0191756
v -0.0853285 -0.0204838 -0.0191386
v -0.0853501 -0.0204594 -0.0191014
v -0.085368 -0.0204318 -0.0190646
v -0.085382 -0.0204013 -0.0190283
v -0.085392 -0.0203683 -0.018993
v -0.0853979 -0.0203329 -0.018959
v -0.0853996 -0.0202956 -0.0189267
v -0.0853971 -0.0202567 -0.0188963
v -0.0853905 -0.0202167 -0.0188681
v -0.0853798 -0.0201758 -0.0188425
v -0.0849565 -0.0206431 -0.0192833
v -0.0849969 -0.0206511 -0.0192544
v -0.085036 -0.0206548 -0.019223
v -0.0850734 -0.0206543 -0.0191895
v -0.0851089 -0.0206496 -0.0191542
v -0.0851419 -0.0206406 -0.0191174
v -0.0851723 -0.0206274 -0.0190796
v -0.0851996 -0.0206103 -0.019041
v -0.0852237 -0.0205894 -0.0190021
v -0.0852442 -0.0205649 -0.0189634
v -0.085261 -0.020537 -0.0189251
v -0.0852738 -0.020506 -0.0188876
v -0.0852826 -0.0204723 -0.0188514
v -0.0852873 -0.0204361 -0.0188168
v -0.0852878 -0.0203979 -0.0187842
v -0.0852841 -0.020358 -0.0187539
v -0.0852763 -0.0203168 -0.0187261
v -0.0852644 -0.0202748 -0.0187012
v -0.0848541 -0.0207365 -0.0191728
v -0.0848935 -0.0207459 -0.0191417
v -0.0849316 -0.020751 -0.0191081
v -0.084968 -0.0207516 -0.0190723
v -0.0850025 -0.0207477 -0.0190348
v -0.0850345 -0.0207394 -0.0189958
v -0.0850638 -0.0207268 -0.0189559
v -0.08509 -0.02071 -0.0189154
v -0.0851129 -0.0206891 -0.0188748
v -0.0851323 -0.0206644 -0.0188345
v -0.0851479 -0.0206362 -0.0187949
v -0.0851596 -0.0206047 -0.0187564
v -0.0851672 -0.0205703 -0.0187194
v -0.0851708 -0.0205333 -0.0186843
v -0.0851701 -0.0204942 -0.0186515
v -0.0851653 -0.0204532 -0.0186214
v -0.0851564 -0.0204109 -0.0185941
v -0.0851435 -0.0203678 -0.0185701
v -0.0847478 -0.0208238 -0.019071
v -0.084786 -0.0208347 -0.0190377
v -0.084823 -0.0208411 -0.0190019
v -0.0848583 -0.0208428 -0.0189639
v -0.0848915 -0.0208398 -0.0189242
v -0.0849223 -0.0208322 -0.0188832
v -0.0849504 -0.0208201 -0.0188413
v -0.0849754 -0.0208035 -0.018799
v -0.0849971 -0.0207827 -0.0187567
v -0.0850153 -0.0207579 -0.0187149
v -0.0850297 -0.0207294 -0.0186741
v -0.0850402 -0.0206974 -0.0186347
v -0.0850467 -0.0206623 -0.018597
v -0.0850491 -0.0206245 -0.0185616
v -0.0850474 -0.0205844 -0.0185287
v -0.0850416 -0.0205425 -0.0184988
v -0.0850318 -0.0204991 -0.0184722
v -0.0850181 -0.0204547 -0.0184491
v -0.0846384 -0.0209051 -0.0189776
v -0.0846753 -0.0209175 -0.0189422
v -0.0847109 -0.0209251 -0.0189043
v -0.0847448 -0.0209278 -0.0188642
v -0.0847767 -0.0209258 -0.0188224
v -0.0848062 -0.0209189 -0.0187794
v -0.0848329 -0.0209072 -0.0187357
v -0.0848566 -0.020891 -0.0186916
v -0.0848771 -0.0208703 -0.0186478
v -0.0848939 -0.0208453 -0.0186047
v -0.0849071 -0.0208165 -0.0185627
v -0.0849165 -0.020784 -0.0185224
v -0.0849219 -0.0207483 -0.0184842
v -0.0849232 -0.0207097 -0.0184485
v -0.0849206 -0.0206687 -0.0184157
v -0.0849139 -0.0206257 -0.0183862
v -0.0849034 -0.0205811 -0.0183602
v -0.084889 -0.0205356 -0.0183382
v -0.0845267 -0.0209805 -0.0188926
v -0.084562 -0.0209942 -0.0188552
v -0.0845961 -0.021003 -0.0188152
v -0.0846285 -0.0210069 -0.0187731
v -0.0846589 -0.0210057 -0.0187293
v -0.0846868 -0.0209995 -0.0186844
v -0.0847121 -0.0209883 -0.0186389
v -0.0847344 -0.0209723 -0.0185932
v -0.0847535 -0.0209517 -0.0185479
v -0.0847691 -0.0209267 -0.0185036
v -0.084781 -0.0208975 -0.0184606
v -0.0847892 -0.0208646 -0.0184196
v -0.0847935 -0.0208282 -0.0183809
v -0.0847939 -0.0207888 -0.018345
v -0.0847904 -0.0207469 -0.0183123
v -0.084783 -0.0207029 -0.0182833
v -0.0847719 -0.0206572 -0.0182581
v -0.084757 -0.0206106 -0.0182371
v -0.0795878 -0.0233186 -0.0152312
v -0.0796061 -0.0233679 -0.0152453
v -0.0796213 -0.0234165 -0.0152642
v -0.0796332 -0.023464 -0.0152879
v -0.0796415 -0.0235098 -0.0153161
v -0.0796462 -0.0235533 -0.0153483
v -0.0796473 -0.023594 -0.0153843
v -0.0796448 -0.0236315 -0.0154236
v -0.0796386 -0.0236652 -0.0154658
v -0.0796288 -0.0236949 -0.0155103
v -0.0796156 -0.0237202 -0.0155566
v -0.0795991 -0.0237406 -0.0156042
v -0.0795796 -0.0237561 -0.0156525
v -0.0795571 -0.0237664 -0.015701
v -0.0795321 -0.0237715 -0.015749
v -0.0795048 -0.0237711 -0.015796
v -0.0794755 -0.0237654 -0.0158415
v -0.0794446 -0.0237545 -0.0158848
v -0.0794124 -0.0237383 -0.0159256
v -0.0845 -0.0189495 -0.0180673
v -0.0846339 -0.018888 -0.0181494
v -0.0847634 -0.0188213 -0.0182383
v -0.0850074 -0.018673 -0.0184359
v -0.0852294 -0.0185065 -0.018658
v -0.0854271 -0.0183235 -0.018902
v -0.0855981 -0.018126 -0.0191654
v -0.0857406 -0.0179161 -0.0194452
v -0.0858532 -0.0176963 -0.0197383
v -0.0859344 -0.0174688 -0.0200416
v -0.0859811 -0.0172359 -0.0203522
v -0.0859882 -0.0172 -0.0204
v -0.0859972 -0.0170942 -0.0205349
v -0.0739575 -0.0251361 -0.0119824
v -0.0739545 -0.0250968 -0.0119788
v -0.073958 -0.0251501 -0.0119847
v -0.073959 -0.0251752 -0.0119887
v -0.0739589 -0.0252028 -0.0119951
v -0.0739589 -0.0252138 -0.0119976
v -0.0739571 -0.0252517 -0.0120092
v -0.0739569 -0.0252543 -0.0120102
v -0.0739538 -0.0252886 -0.0120232
v -0.0739517 -0.0253039 -0.0120303
v -0.0739489 -0.0253243 -0.0120397
v -0.0739425 -0.0253585 -0.0120586
v -0.0739439 -0.0253512 -0.0120545
v -0.0739346 -0.0253912 -0.0120796
v -0.0739333 -0.0253955 -0.0120829
v -0.0739252 -0.0254219 -0.0121028
v -0.0739199 -0.0254363 -0.0121153
v -0.0739145 -0.0254507 -0.0121279
v -0.0739024 -0.0254772 -0.0121547
v -0.0739042 -0.0254734 -0.0121509
v -0.0738891 -0.0255013 -0.0121832
v -0.0738747 -0.0255229 -0.0122132
v -0.073886 -0.0255059 -0.0121896
v -0.0738591 -0.0255418 -0.0122443
v -0.0738658 -0.0255337 -0.012231
v -0.0738426 -0.0255579 -0.0122766
v -0.0738438 -0.0255567 -0.0122743
v -0.0738252 -0.0255711 -0.0123096
v -0.0738071 -0.0255813 -0.0123433
v -0.0738201 -0.025574 -0.0123193
v -0.0737883 -0.0255885 -0.0123775
v -0.073795 -0.0255859 -0.0123653
v -0.0756364 -0.0247905 -0.0129499
v -0.0772528 -0.0243273 -0.0138831
v -0.0787893 -0.0237155 -0.0147702
v -0.075643 -0.0248335 -0.0129559
v -0.0756476 -0.0248761 -0.0129653
v -0.0756502 -0.0249181 -0.0129778
v -0.0756508 -0.0249591 -0.0129935
v -0.0756493 -0.0249988 -0.0130121
v -0.0756458 -0.0250369 -0.0130336
v -0.0756403 -0.0250731 -0.0130579
v -0.0756328 -0.0251071 -0.0130846
v -0.0756235 -0.0251387 -0.0131136
v -0.0756123 -0.0251676 -0.0131447
v -0.0755993 -0.0251936 -0.0131776
v -0.0755848 -0.0252165 -0.0132121
v -0.0755687 -0.0252361 -0.013248
v -0.0755512 -0.0252523 -0.0132848
v -0.0755324 -0.0252649 -0.0133225
v -0.0755125 -0.0252738 -0.0133606
v -0.0754916 -0.025279 -0.0133988
v -0.07547 -0.0252805 -0.013437
v -0.0772634 -0.0243733 -0.0138919
v -0.0772716 -0.0244189 -0.0139046
v -0.0772773 -0.0244637 -0.0139212
v -0.0772805 -0.0245072 -0.0139413
v -0.0772812 -0.024549 -0.0139649
v -0.0772792 -0.0245888 -0.0139918
v -0.0772747 -0.0246262 -0.0140217
v -0.0772677 -0.0246608 -0.0140543
v -0.0772582 -0.0246923 -0.0140893
v -0.0772464 -0.0247205 -0.0141264
v -0.0772323 -0.024745 -0.0141652
v -0.0772162 -0.0247657 -0.0142055
v -0.077198 -0.0247823 -0.0142467
v -0.077178 -0.0247947 -0.0142887
v -0.0771564 -0.0248028 -0.0143308
v -0.0771334 -0.0248065 -0.0143729
v -0.0771092 -0.0248058 -0.0144144
v -0.077084 -0.0248007 -0.014455
v -0.0788046 -0.0237638 -0.0147822
v -0.078817 -0.0238117 -0.0147987
v -0.0788264 -0.0238585 -0.0148197
v -0.0788327 -0.0239037 -0.0148448
v -0.0788358 -0.0239469 -0.0148738
v -0.0788357 -0.0239875 -0.0149064
v -0.0788324 -0.0240253 -0.0149422
v -0.0788258 -0.0240596 -0.0149809
v -0.0788162 -0.0240902 -0.0150219
v -0.0788036 -0.0241168 -0.015065
v -0.0787881 -0.0241389 -0.0151095
v -0.0787698 -0.0241565 -0.0151551
v -0.0787491 -0.0241693 -0.0152011
v -0.0787261 -0.0241772 -0.0152472
v -0.0787011 -0.02418 -0.0152929
v -0.0786743 -0.0241778 -0.0153375
v -0.078646 -0.0241706 -0.0153807
v -0.0786166 -0.0241584 -0.015422
v -0.0675 -0.0259372 -0.00825235
v -0.0675038 -0.0259905 -0.00825786
v -0.0675046 -0.0260433 -0.00826832
v -0.0675025 -0.0260948 -0.0082836
v -0.0674974 -0.0261445 -0.00830352
v -0.0674896 -0.0261918 -0.00832786
v -0.0674789 -0.0262361 -0.00835633
v -0.0674656 -0.026277 -0.00838861
v -0.0674498 -0.0263139 -0.00842432
v -0.0674317 -0.0263465 -0.00846305
v -0.0674114 -0.0263744 -0.00850434
v -0.0673894 -0.0263972 -0.00854774
v -0.0673657 -0.0264147 -0.00859272
v -0.0673406 -0.0264267 -0.00863877
v -0.0673146 -0.026433 -0.00868537
v -0.086 0.0169362 -0.0207164
v -0.086 0.0169826 -0.0206654
v -0.086 0.0166412 -0.021004
v -0.086 0.0163183 -0.0212597
v -0.086 0.0159707 -0.0214808
v -0.086 0.0156023 -0.0216651
v -0.086 0.014 -0.022
v -0.086 0.0144114 -0.0219788
v -0.086 0.0152168 -0.0218104
v -0.086 0.0148184 -0.0219154
v -0.0843246 0.0210996 -0.0187616
v -0.0842915 0.0210785 -0.0187993
v -0.0843568 0.0211157 -0.0187209
v -0.0843877 0.0211267 -0.0186775
v -0.084417 0.0211324 -0.0186321
v -0.0844443 0.0211327 -0.0185851
v -0.0844694 0.0211277 -0.018537
v -0.0844918 0.0211174 -0.0184886
v -0.0845114 0.0211019 -0.0184403
v -0.0845278 0.0210814 -0.0183927
v -0.084541 0.0210562 -0.0183464
v -0.0845508 0.0210265 -0.0183019
v -0.084557 0.0209927 -0.0182597
v -0.0845595 0.0209553 -0.0182204
v -0.0845584 0.0209145 -0.0181844
v -0.0845537 0.020871 -0.0181521
v -0.0845454 0.0208252 -0.018124
v -0.0845335 0.0207778 -0.0181003
v -0.0845184 0.0207291 -0.0180813
v -0.0846386 0.0206147 -0.0181524
v -0.084407 0.0210133 -0.0188702
v -0.0847631 0.02055 -0.0182386
v -0.0847757 0.0205434 -0.0182473
v -0.0845212 0.0209421 -0.0189493
v -0.0849105 0.0204661 -0.0183524
v -0.0846336 0.0208647 -0.0190369
v -0.0850067 0.020405 -0.0184367
v -0.0850424 0.0203824 -0.018468
v -0.0847435 0.020781 -0.0191332
v -0.0851702 0.0202924 -0.0185941
v -0.08485 0.0206911 -0.0192383
v -0.085293 0.0201963 -0.0187309
v -0.0852284 0.0202469 -0.0186589
v -0.0849524 0.0205949 -0.0193523
v -0.0854096 0.020094 -0.0188783
v -0.0850496 0.0204927 -0.0194751
v -0.0855189 0.0199861 -0.0190359
v -0.0854264 0.0200775 -0.0189025
v -0.0851406 0.0203847 -0.0196065
v -0.0855971 0.019898 -0.019166
v -0.0856196 0.0198727 -0.0192032
v -0.0852245 0.0202714 -0.0197459
v -0.0857105 0.0197547 -0.0193795
v -0.0853002 0.0201533 -0.0198928
v -0.0857905 0.0196325 -0.0195639
v -0.0857392 0.0197108 -0.0194458
v -0.0853669 0.0200311 -0.0200464
v -0.0858527 0.019518 -0.0197385
v -0.0858585 0.0195071 -0.0197551
v -0.0854236 0.0199057 -0.0202057
v -0.0859139 0.0193794 -0.0199517
v -0.0854698 0.019778 -0.0203696
v -0.0859558 0.0192503 -0.0201524
v -0.0859327 0.0193213 -0.020042
v -0.0855047 0.019649 -0.0205369
v -0.0855281 0.0195196 -0.0207061
v -0.0859834 0.0191233 -0.0203518
v -0.0859839 0.019121 -0.0203554
v -0.0845 0.0206799 -0.0180673
v -0.084442 0.0210329 -0.0188344
v -0.0844761 0.0210476 -0.0187955
v -0.0845089 0.0210574 -0.0187541
v -0.08454 0.021062 -0.0187105
v -0.0845692 0.0210615 -0.0186653
v -0.084596 0.0210558 -0.0186191
v -0.0846201 0.021045 -0.0185723
v -0.0846412 0.0210292 -0.0185254
v -0.0846592 0.0210087 -0.0184791
v -0.0846738 0.0209835 -0.0184339
v -0.0846849 0.0209542 -0.0183903
v -0.0846922 0.0209209 -0.0183487
v -0.0846957 0.020884 -0.0183097
v -0.0846955 0.020844 -0.0182738
v -0.0846914 0.0208014 -0.0182413
v -0.0846836 0.0207567 -0.0182126
v -0.0846721 0.0207103 -0.018188
v -0.084657 0.0206627 -0.0181679
v -0.0845579 0.0209601 -0.0189154
v -0.0845937 0.0209735 -0.0188786
v -0.0846283 0.020982 -0.0188391
v -0.0846611 0.0209855 -0.0187976
v -0.0846919 0.0209841 -0.0187544
v -0.0847203 0.0209777 -0.01871
v -0.084746 0.0209664 -0.0186649
v -0.0847687 0.0209503 -0.0186197
v -0.0847881 0.0209297 -0.0185748
v -0.0848041 0.0209047 -0.0185308
v -0.0848164 0.0208756 -0.0184881
v -0.0848249 0.0208428 -0.0184472
v -0.0848295 0.0208066 -0.0184087
v -0.0848302 0.0207674 -0.0183728
v -0.0848269 0.0207257 -0.0183401
v -0.0848197 0.020682 -0.0183109
v -0.0848087 0.0206367 -0.0182855
v -0.0847939 0.0205903 -0.0182642
v -0.0846718 0.0208811 -0.019005
v -0.0847092 0.020893 -0.0189703
v -0.0847452 0.0209002 -0.018933
v -0.0847796 0.0209027 -0.0188935
v -0.0848119 0.0209003 -0.0188524
v -0.0848418 0.0208932 -0.0188099
v -0.0848689 0.0208814 -0.0187667
v -0.084893 0.0208651 -0.0187232
v -0.0849139 0.0208444 -0.0186799
v -0.0849311 0.0208195 -0.0186371
v -0.0849447 0.0207907 -0.0185955
v -0.0849544 0.0207584 -0.0185555
v -0.0849601 0.0207229 -0.0185174
v -0.0849618 0.0206845 -0.0184818
v -0.0849594 0.0206438 -0.0184489
v -0.084953 0.0206011 -0.0184193
v -0.0849427 0.0205569 -0.0183931
v -0.0849284 0.0205117 -0.0183708
v -0.084783 0.0207958 -0.0191034
v -0.0848217 0.0208063 -0.0190709
v -0.084859 0.0208122 -0.0190357
v -0.0848947 0.0208135 -0.0189985
v -0.0849284 0.0208103 -0.0189595
v -0.0849596 0.0208024 -0.0189191
v -0.0849881 0.0207901 -0.0188779
v -0.0850135 0.0207735 -0.0188362
v -0.0850356 0.0207527 -0.0187944
v -0.0850542 0.0207279 -0.0187531
v -0.085069 0.0206995 -0.0187127
v -0.0850799 0.0206677 -0.0186735
v -0.0850868 0.0206328 -0.0186361
v -0.0850895 0.0205953 -0.0186008
v -0.0850882 0.0205555 -0.0185679
v -0.0850827 0.0205139 -0.0185379
v -0.0850732 0.0204708 -0.0185111
v -0.0850597 0.0204268 -0.0184877
v -0.0848906 0.0207043 -0.0192108
v -0.0849304 0.0207132 -0.0191804
v -0.0849689 0.0207178 -0.0191476
v -0.0850057 0.020718 -0.0191126
v -0.0850405 0.0207138 -0.0190758
v -0.0850729 0.0207053 -0.0190376
v -0.0851026 0.0206925 -0.0189984
v -0.0851292 0.0206755 -0.0189586
v -0.0851526 0.0206547 -0.0189186
v -0.0851724 0.02063 -0.0188788
v -0.0851884 0.0206019 -0.0188397
v -0.0852005 0.0205706 -0.0188015
v -0.0852085 0.0205364 -0.0187648
v -0.0852125 0.0204998 -0.0187299
v -0.0852122 0.0204609 -0.0186972
v -0.0852078 0.0204203 -0.0186669
v -0.0851993 0.0203785 -0.0186395
v -0.0851867 0.0203357 -0.0186151
v -0.0849939 0.0206064 -0.019327
v -0.0850345 0.0206139 -0.0192989
v -0.0850739 0.0206172 -0.0192684
v -0.0851117 0.0206162 -0.0192358
v -0.0851475 0.0206111 -0.0192013
v -0.0851809 0.0206019 -0.0191654
v -0.0852116 0.0205886 -0.0191283
v -0.0852394 0.0205714 -0.0190905
v -0.0852638 0.0205504 -0.0190523
v -0.0852847 0.0205259 -0.0190142
v -0.0853019 0.0204982 -0.0189764
v -0.0853152 0.0204674 -0.0189394
v -0.0853245 0.0204339 -0.0189035
v -0.0853296 0.020398 -0.0188691
v -0.0853306 0.0203601 -0.0188366
v -0.0853273 0.0203206 -0.0188062
v -0.0853199 0.0202799 -0.0187783
v -0.0853085 0.0202383 -0.0187531
v -0.0850917 0.0205026 -0.0194521
v -0.085133 0.0205085 -0.0194263
v -0.0851732 0.0205105 -0.0193982
v -0.0852117 0.0205085 -0.0193679
v -0.0852483 0.0205024 -0.0193358
v -0.0852825 0.0204925 -0.0193022
v -0.0853142 0.0204787 -0.0192673
v -0.0853429 0.0204612 -0.0192316
v -0.0853683 0.0204402 -0.0191953
v -0.0853903 0.0204159 -0.0191589
v -0.0854086 0.0203884 -0.0191226
v -0.0854231 0.0203581 -0.0190868
v -0.0854336 0.0203253 -0.0190519
v -0.0854399 0.0202903 -0.0190182
v -0.0854422 0.0202533 -0.018986
v -0.0854402 0.0202149 -0.0189556
v -0.0854341 0.0201753 -0.0189274
v -0.0854239 0.0201348 -0.0189015
v -0.0851832 0.0203929 -0.0195857
v -0.085225 0.0203974 -0.0195623
v -0.0852656 0.0203981 -0.0195366
v -0.0853047 0.020395 -0.0195087
v -0.0853419 0.0203881 -0.019479
v -0.0853769 0.0203774 -0.0194477
v -0.0854092 0.0203632 -0.0194151
v -0.0854388 0.0203454 -0.0193815
v -0.0854651 0.0203244 -0.0193472
v -0.0854881 0.0203001 -0.0193126
v -0.0855075 0.020273 -0.0192779
v -0.085523 0.0202433 -0.0192435
v -0.0855347 0.0202111 -0.0192096
v -0.0855423 0.0201769 -0.0191767
v -0.0855459 0.0201409 -0.019145
v -0.0855453 0.0201034 -0.0191148
v -0.0855405 0.0200649 -0.0190864
v -0.0855317 0.0200257 -0.01906
v -0.0852673 0.020278 -0.0197274
v -0.0853094 0.0202811 -0.0197064
v -0.0853503 0.0202805 -0.019683
v -0.0853898 0.0202763 -0.0196576
v -0.0854274 0.0202685 -0.0196303
v -0.0854629 0.0202572 -0.0196014
v -0.0854958 0.0202425 -0.0195711
v -0.085526 0.0202245 -0.0195397
v -0.0855532 0.0202033 -0.0195075
v -0.085577 0.0201793 -0.0194747
v -0.0855974 0.0201525 -0.0194417
v -0.085614 0.0201232 -0.0194088
v -0.0856269 0.0200917 -0.0193761
v -0.0856358 0.0200583 -0.0193442
v -0.0856406 0.0200232 -0.0193131
v -0.0856414 0.0199868 -0.0192832
v -0.0856382 0.0199493 -0.0192548
v -0.0856309 0.0199112 -0.019228
v -0.0853431 0.0201584 -0.0198765
v -0.0853852 0.02016 -0.0198579
v -0.0854263 0.0201582 -0.0198369
v -0.0854659 0.0201529 -0.019814
v -0.0855038 0.0201443 -0.0197891
v -0.0855396 0.0201324 -0.0197626
v -0.085573 0.0201172 -0.0197346
v -0.0856037 0.020099 -0.0197054
v -0.0856315 0.0200778 -0.0196753
v -0.0856561 0.0200539 -0.0196445
v -0.0856773 0.0200274 -0.0196133
v -0.085695 0.0199986 -0.0195819
v -0.085709 0.0199678 -0.0195506
v -0.0857191 0.0199351 -0.0195197
v -0.0857253 0.0199009 -0.0194894
v -0.0857276 0.0198654 -0.01946
v -0.0857258 0.019829 -0.0194317
v -0.0857201 0.019792 -0.0194048
v -0.0854096 0.0200347 -0.0200324
v -0.0854516 0.0200349 -0.020016
v -0.0854926 0.0200319 -0.0199975
v -0.0855322 0.0200257 -0.0199769
v -0.0855701 0.0200163 -0.0199544
v -0.0856061 0.0200037 -0.0199303
v -0.0856397 0.0199881 -0.0199047
v -0.0856709 0.0199696 -0.0198778
v -0.0856992 0.0199484 -0.0198499
v -0.0857244 0.0199247 -0.0198211
v -0.0857464 0.0198985 -0.0197917
v -0.085765 0.0198702 -0.0197619
v -0.0857801 0.01984 -0.0197321
v -0.0857914 0.019808 -0.0197024
v -0.0857989 0.0197747 -0.019673
v -0.0858026 0.0197401 -0.0196442
v -0.0858024 0.0197048 -0.0196163
v -0.0857984 0.0196688 -0.0195894
v -0.085466 0.0199078 -0.0201939
v -0.0855077 0.0199067 -0.0201798
v -0.0855484 0.0199026 -0.0201636
v -0.0855878 0.0198954 -0.0201454
v -0.0856257 0.0198852 -0.0201253
v -0.0856616 0.019872 -0.0201036
v -0.0856954 0.0198561 -0.0200803
v -0.0857267 0.0198374 -0.0200557
v -0.0857554 0.0198161 -0.0200299
v -0.0857812 0.0197925 -0.0200032
v -0.0858039 0.0197667 -0.0199757
v -0.0858233 0.0197388 -0.0199477
v -0.0858393 0.0197091 -0.0199194
v -0.0858518 0.0196779 -0.019891
v -0.0858606 0.0196454 -0.0198627
v -0.0858657 0.0196118 -0.0198347
v -0.0858671 0.0195773 -0.0198073
v -0.0858647 0.0195424 -0.0197807
v -0.0855116 0.0197786 -0.0203599
v -0.0855528 0.0197763 -0.020348
v -0.0855931 0.0197711 -0.0203341
v -0.0856321 0.019763 -0.0203182
v -0.0856697 0.019752 -0.0203005
v -0.0857055 0.0197383 -0.0202811
v -0.0857392 0.019722 -0.0202602
v -0.0857707 0.0197031 -0.0202378
v -0.0857996 0.0196818 -0.0202143
v -0.0858258 0.0196583 -0.0201896
v -0.085849 0.0196328 -0.0201641
v -0.0858692 0.0196054 -0.0201379
v -0.085886 0.0195763 -0.0201112
v -0.0858996 0.0195457 -0.0200842
v -0.0859096 0.019514 -0.0200571
v -0.0859161 0.0194812 -0.0200301
v -0.085919 0.0194477 -0.0200034
v -0.0859182 0.0194137 -0.0199772
v -0.0855458 0.0196482 -0.0205292
v -0.0855864 0.0196447 -0.0205194
v -0.0856261 0.0196385 -0.0205077
v -0.0856647 0.0196295 -0.0204941
v -0.0857018 0.0196178 -0.0204787
v -0.0857373 0.0196036 -0.0204617
v -0.0857708 0.0195869 -0.020443
v -0.0858022 0.0195678 -0.0204229
v -0.0858312 0.0195466 -0.0204015
v -0.0858577 0.0195232 -0.020379
v -0.0858814 0.0194979 -0.0203555
v -0.0859021 0.0194709 -0.0203311
v -0.0859198 0.0194424 -0.0203061
v -0.0859342 0.0194125 -0.0202807
v -0.0859454 0.0193814 -0.0202549
v -0.0859532 0.0193495 -0.020229
v -0.0859575 0.0193168 -0.0202031
v -0.0859584 0.0192837 -0.0201776
v -0.0855685 0.0195176 -0.0207004
v -0.0856083 0.019513 -0.0206927
v -0.0856472 0.0195057 -0.0206831
v -0.0856851 0.0194959 -0.0206717
v -0.0857217 0.0194836 -0.0206586
v -0.0857567 0.0194689 -0.0206437
v -0.08579 0.0194519 -0.0206273
v -0.0858212 0.0194326 -0.0206095
v -0.0858501 0.0194113 -0.0205903
v -0.0858767 0.0193881 -0.0205698
v -0.0859007 0.0193631 -0.0205483
v -0.0859219 0.0193365 -0.0205258
v -0.0859402 0.0193084 -0.0205026
v -0.0859555 0.0192791 -0.0204787
v -0.0859677 0.0192488 -0.0204544
v -0.0859767 0.0192176 -0.0204297
v -0.0859824 0.0191857 -0.0204049
v -0.0859848 0.0191535 -0.0203801
v -0.0794124 0.0237383 -0.0159256
v -0.0794446 0.0237545 -0.0158848
v -0.0794755 0.0237654 -0.0158415
v -0.0795048 0.0237711 -0.015796
v -0.0795321 0.0237715 -0.015749
v -0.0795571 0.0237664 -0.015701
v -0.0795796 0.0237561 -0.0156525
v -0.0795991 0.0237406 -0.0156042
v -0.0796156 0.0237202 -0.0155566
v -0.0796288 0.0236949 -0.0155103
v -0.0796386 0.0236652 -0.0154658
v -0.0796448 0.0236315 -0.0154236
v -0.0796473 0.023594 -0.0153843
v -0.0796462 0.0235533 -0.0153483
v -0.0796415 0.0235098 -0.0153161
v -0.0796332 0.023464 -0.0152879
v -0.0796213 0.0234165 -0.0152642
v -0.0796061 0.0233679 -0.0152453
v -0.0795878 0.0233186 -0.0152312
v -0.0859882 0.0172 -0.0204
v -0.0859811 0.0172359 -0.0203522
v -0.0859972 0.0170942 -0.0205349
v -0.0859344 0.0174688 -0.0200416
v -0.0858532 0.0176963 -0.0197383
v -0.0857406 0.0179161 -0.0194452
v -0.0855981 0.018126 -0.0191654
v -0.0854271 0.0183235 -0.018902
v -0.0852294 0.0185065 -0.018658
v -0.0850074 0.018673 -0.0184359
v -0.0847634 0.0188213 -0.0182383
v -0.0845 0.0189495 -0.0180673
v -0.0846339 0.018888 -0.0181494
v -0.0737883 0.0255885 -0.0123775
v -0.0738071 0.0255813 -0.0123433
v -0.073795 0.0255859 -0.0123653
v -0.0738252 0.0255711 -0.0123096
v -0.0738201 0.025574 -0.0123193
v -0.0738426 0.0255579 -0.0122766
v -0.0738591 0.0255418 -0.0122443
v -0.0738438 0.0255567 -0.0122743
v -0.0738747 0.0255229 -0.0122132
v -0.0738658 0.0255337 -0.012231
v -0.073886 0.0255059 -0.0121896
v -0.0738891 0.0255013 -0.0121832
v -0.0739042 0.0254734 -0.0121509
v -0.0739145 0.0254507 -0.0121279
v -0.0739199 0.0254363 -0.0121153
v -0.0739252 0.0254219 -0.0121028
v -0.0739333 0.0253955 -0.0120829
v -0.0739346 0.0253912 -0.0120796
v -0.0739439 0.0253512 -0.0120545
v -0.0739489 0.0253243 -0.0120397
v -0.0739517 0.0253039 -0.0120303
v -0.0739538 0.0252886 -0.0120232
v -0.0739569 0.0252543 -0.0120102
v -0.0739571 0.0252517 -0.0120092
v -0.0739589 0.0252028 -0.0119951
v -0.073959 0.0251752 -0.0119887
v -0.073958 0.0251501 -0.0119847
v -0.0739575 0.0251361 -0.0119824
v -0.0756364 0.0247905 -0.0129499
v -0.0739545 0.0250968 -0.0119788
v -0.0772528 0.0243273 -0.0138831
v -0.0787893 0.0237155 -0.0147702
v -0.0739589 0.0252138 -0.0119976
v -0.0739425 0.0253585 -0.0120586
v -0.0739024 0.0254772 -0.0121547
v -0.0754689 0.0252663 -0.0134327
v -0.0754916 0.025279 -0.0133988
v -0.0755125 0.0252738 -0.0133606
v -0.0755324 0.0252649 -0.0133225
v -0.0755512 0.0252523 -0.0132848
v -0.0755687 0.0252361 -0.013248
v -0.0755848 0.0252165 -0.0132121
v -0.0755993 0.0251936 -0.0131776
v -0.0756123 0.0251676 -0.0131447
v -0.0756235 0.0251387 -0.0131136
v -0.0756328 0.0251071 -0.0130846
v -0.0756403 0.0250731 -0.0130579
v -0.0756458 0.0250369 -0.0130336
v -0.0756493 0.0249988 -0.0130121
v -0.0756508 0.0249591 -0.0129935
v -0.0756502 0.0249181 -0.0129778
v -0.0756476 0.0248761 -0.0129653
v -0.075643 0.0248335 -0.0129559
v -0.077084 0.0248007 -0.014455
v -0.0771092 0.0248058 -0.0144144
v -0.0771334 0.0248065 -0.0143729
v -0.0771564 0.0248028 -0.0143308
v -0.077178 0.0247947 -0.0142887
v -0.077198 0.0247823 -0.0142467
v -0.0772162 0.0247657 -0.0142055
v -0.0772323 0.024745 -0.0141652
v -0.0772464 0.0247205 -0.0141264
v -0.0772582 0.0246923 -0.0140893
v -0.0772677 0.0246608 -0.0140543
v -0.0772747 0.0246262 -0.0140217
v -0.0772792 0.0245888 -0.0139918
v -0.0772812 0.024549 -0.0139649
v -0.0772805 0.0245072 -0.0139413
v -0.0772773 0.0244637 -0.0139212
v -0.0772716 0.0244189 -0.0139046
v -0.0772634 0.0243733 -0.0138919
v -0.0786151 0.0241462 -0.0154144
v -0.078646 0.0241706 -0.0153807
v -0.0786743 0.0241778 -0.0153375
v -0.0787011 0.02418 -0.0152929
v -0.0787261 0.0241772 -0.0152472
v -0.0787491 0.0241693 -0.0152011
v -0.0787698 0.0241565 -0.0151551
v -0.0787881 0.0241389 -0.0151095
v -0.0788036 0.0241168 -0.015065
v -0.0788162 0.0240902 -0.0150219
v -0.0788258 0.0240596 -0.0149809
v -0.0788324 0.0240253 -0.0149422
v -0.0788357 0.0239875 -0.0149064
v -0.0788358 0.0239469 -0.0148738
v -0.0788327 0.0239037 -0.0148448
v -0.0788264 0.0238585 -0.0148197
v -0.078817 0.0238117 -0.0147987
v -0.0788046 0.0237638 -0.0147822
v -0.0673146 0.026433 -0.00868537
v -0.0673406 0.0264267 -0.00863877
v -0.0673657 0.0264147 -0.00859272
v -0.0673894 0.0263972 -0.00854774
v -0.0674114 0.0263744 -0.00850434
v -0.0674317 0.0263465 -0.00846305
v -0.0674498 0.0263139 -0.00842432
v -0.0674656 0.026277 -0.00838861
v -0.0674789 0.0262361 -0.00835633
v -0.0674896 0.0261918 -0.00832786
v -0.0674974 0.0261445 -0.00830352
v -0.0675025 0.0260948 -0.0082836
v -0.0675046 0.0260433 -0.00826832
v -0.0675038 0.0259905 -0.00825786
v -0.0675 0.0259372 -0.00825235
v -0.178 0.0169362 -0.0207164
v -0.178 0.0169826 -0.0206654
v -0.178003 0.0170942 -0.0205349
v -0.178 0.0166412 -0.021004
v -0.178 0.0163183 -0.0212597
v -0.178 0.0159707 -0.0214808
v -0.178 0.0156023 -0.0216651
v -0.178 0.0152168 -0.0218104
v -0.178 0.0148184 -0.0219154
v -0.178 0.0144114 -0.0219788
v -0.178 0.014 -0.022
v -0.178012 0.0172 -0.0204
v -0.178066 0.0174688 -0.0200416
v -0.178147 0.0176963 -0.0197383
v -0.178019 0.0172359 -0.0203522
v -0.178259 0.0179161 -0.0194452
v -0.178402 0.018126 -0.0191654
v -0.178573 0.0183235 -0.018902
v -0.178993 0.018673 -0.0184359
v -0.0793027 0.0212 -0.0150667
v -0.179366 0.018888 -0.0181494
v -0.1795 0.0189495 -0.0180673
v -0.178771 0.0185065 -0.018658
v -0.179237 0.0188213 -0.0182383
v -0.184697 0.0212 -0.0150667
v -0.179237 0.0205498 -0.0182389
v -0.179261 0.0205634 -0.0182206
v -0.1795 0.0206799 -0.0180673
v -0.178993 0.0204053 -0.0184361
v -0.178999 0.0204099 -0.0184298
v -0.179129 0.0204896 -0.0183203
v -0.178771 0.0202471 -0.0186585
v -0.178873 0.0203241 -0.0185495
v -0.178574 0.0200773 -0.0189029
v -0.178635 0.0201345 -0.0188197
v -0.178751 0.0202323 -0.0186795
v -0.178403 0.019898 -0.0191659
v -0.178422 0.0199219 -0.0191304
v -0.178525 0.020031 -0.0189701
v -0.17826 0.0197108 -0.0194456
v -0.178329 0.0198077 -0.0193
v -0.178148 0.0195179 -0.0197388
v -0.178172 0.0195664 -0.0196644
v -0.178245 0.019689 -0.0194783
v -0.178066 0.0193214 -0.0200418
v -0.178111 0.0194407 -0.0198571
v -0.178018 0.0191233 -0.020352
v -0.178028 0.0191837 -0.0202568
v -0.178063 0.0193128 -0.020055
v -0.178 0.0189259 -0.0206654
v -0.178007 0.0190544 -0.0204608
v -0.188854 0.022 -0.0126667
v -0.0751458 0.022 -0.0126667
v -0.0758832 0.0219542 -0.0130924
v -0.188117 0.0219542 -0.0130924
v -0.0766205 0.0219083 -0.0135181
v -0.187379 0.0219083 -0.0135181
v -0.0773367 0.0217947 -0.0139316
v -0.186663 0.0217947 -0.0139316
v -0.0780277 0.0216375 -0.0143305
v -0.0786856 0.0214385 -0.0147103
v -0.185314 0.0214385 -0.0147103
v -0.185972 0.0216375 -0.0143305
v -0.0675 0.022 -0.00825235
v -0.066 0.022 -0.00565428
v -0.066 0.0261651 -0.00565428
v -0.066007 0.026164 -0.00585966
v -0.0660164 0.022 -0.00596786
v -0.0660467 0.026158 -0.00618164
v -0.0660692 0.0261545 -0.00627716
v -0.0660225 0.0261616 -0.00602117
v -0.0660174 0.0261624 -0.00596777
v -0.0660656 0.022 -0.00627801
v -0.066121 0.0261467 -0.00649767
v -0.0661501 0.0261422 -0.00658018
v -0.0661468 0.022 -0.00658133
v -0.0662291 0.0261302 -0.00680412
v -0.0662622 0.0261252 -0.00687311
v -0.0662594 0.022 -0.00687449
v -0.0663699 0.0261089 -0.00709745
v -0.0664043 0.0261036 -0.00715278
v -0.0664019 0.022 -0.00715428
v -0.066542 0.0260827 -0.00737422
v -0.0665749 0.0260777 -0.00741613
v -0.0665729 0.022 -0.00741763
v -0.0667434 0.0260521 -0.0076311
v -0.066772 0.0260478 -0.00766031
v -0.0667706 0.022 -0.00766167
v -0.066972 0.0260174 -0.00786499
v -0.0669935 0.0260141 -0.00788264
v -0.0669926 0.022 -0.00788371
v -0.0672252 0.0259789 -0.00807295
v -0.0672371 0.0259771 -0.00808071
v -0.0672366 0.022 -0.00808133
v -0.0669939 0.0264747 -0.00847606
v -0.0666986 0.0265132 -0.00823344
v -0.0664319 0.0265479 -0.00796058
v -0.0661969 0.0265785 -0.00766087
v -0.0659961 0.0266047 -0.00733798
v -0.0658318 0.0266261 -0.00699576
v -0.0657057 0.0266425 -0.00663824
v -0.0656191 0.0266538 -0.00626953
v -0.0655908 0.0266574 -0.00608232
v -0.0659974 0.0262164 -0.00565428
v -0.0659894 0.0262673 -0.00565428
v -0.0659763 0.026317 -0.00565428
v -0.0659582 0.0263652 -0.00565428
v -0.0659352 0.0264112 -0.00565428
v -0.0659076 0.0264546 -0.00565428
v -0.0658757 0.026495 -0.00565428
v -0.0658398 0.0265319 -0.00565428
v -0.0658003 0.0265648 -0.00565428
v -0.0657576 0.0265936 -0.00565428
v -0.0657122 0.0266178 -0.00565428
v -0.0656646 0.0266372 -0.00565428
v -0.0655728 0.0266598 -0.00589389
v -0.0656152 0.0266516 -0.00565428
v -0.0655646 0.0266609 -0.00565428
v -0.067228 0.0260319 -0.00807854
v -0.0672274 0.0260843 -0.00808864
v -0.0672234 0.0261355 -0.00810316
v -0.067216 0.0261849 -0.00812193
v -0.0672054 0.0262319 -0.00814472
v -0.0671917 0.0262761 -0.00817129
v -0.067175 0.0263169 -0.00820132
v -0.0671554 0.0263538 -0.00823448
v -0.0671334 0.0263865 -0.00827039
v -0.0671089 0.0264145 -0.00830865
v -0.0670825 0.0264376 -0.0083488
v -0.0670543 0.0264554 -0.00839041
v -0.0670246 0.0264679 -0.00843299
v -0.0669738 0.02607 -0.00787047
v -0.0669718 0.0261221 -0.00788002
v -0.0669661 0.026173 -0.00789354
v -0.0669566 0.0262221 -0.00791086
v -0.0669435 0.0262689 -0.00793181
v -0.0669269 0.0263129 -0.00795614
v -0.066907 0.0263536 -0.00798358
v -0.0668841 0.0263905 -0.00801382
v -0.0668583 0.0264233 -0.00804653
v -0.0668301 0.0264515 -0.00808133
v -0.0667996 0.0264748 -0.00811784
v -0.0667673 0.026493 -0.00815564
v -0.0667335 0.0265058 -0.00819432
v -0.0667443 0.0261045 -0.00763631
v -0.066741 0.0261562 -0.0076451
v -0.0667336 0.0262068 -0.00765738
v -0.0667221 0.0262557 -0.00767301
v -0.0667067 0.0263023 -0.00769183
v -0.0666875 0.0263462 -0.00771363
v -0.0666648 0.0263868 -0.00773815
v -0.0666388 0.0264237 -0.00776514
v -0.0666098 0.0264565 -0.0077943
v -0.0665781 0.0264849 -0.00782529
v -0.0665441 0.0265084 -0.00785778
v -0.0665081 0.0265269 -0.0078914
v -0.0664706 0.0265401 -0.0079258
v -0.066542 0.0261348 -0.00737897
v -0.0665375 0.0261863 -0.0073868
v -0.0665286 0.0262367 -0.00739764
v -0.0665153 0.0262854 -0.00741135
v -0.0664979 0.0263318 -0.00742779
v -0.0664764 0.0263756 -0.00744678
v -0.0664512 0.0264161 -0.00746811
v -0.0664225 0.026453 -0.00749156
v -0.0663906 0.0264859 -0.00751685
v -0.0663559 0.0265143 -0.00754372
v -0.0663188 0.026538 -0.00757186
v -0.0662796 0.0265568 -0.00760099
v -0.0662388 0.0265703 -0.00763076
v -0.0663691 0.0261607 -0.0071016
v -0.0663636 0.026212 -0.00710831
v -0.0663534 0.0262622 -0.0071175
v -0.0663386 0.0263107 -0.00712909
v -0.0663194 0.026357 -0.00714293
v -0.066296 0.0264007 -0.00715889
v -0.0662686 0.0264411 -0.00717678
v -0.0662376 0.026478 -0.00719642
v -0.0662033 0.0265109 -0.00721759
v -0.0661661 0.0265395 -0.00724007
v -0.0661263 0.0265633 -0.0072636
v -0.0660844 0.0265823 -0.00728794
v -0.0660409 0.0265961 -0.00731283
v -0.0662276 0.0261819 -0.00680753
v -0.0662212 0.026233 -0.00681296
v -0.0662099 0.0262831 -0.00682036
v -0.0661938 0.0263314 -0.00682964
v -0.0661732 0.0263776 -0.0068407
v -0.0661482 0.0264212 -0.00685342
v -0.0661191 0.0264616 -0.00686768
v -0.0660862 0.0264985 -0.0068833
v -0.06605 0.0265314 -0.00690014
v -0.0660106 0.0265601 -0.006918
v -0.0659687 0.0265841 -0.0069367
v -0.0659246 0.0266032 -0.00695603
v -0.0658788 0.0266172 -0.00697579
v -0.066119 0.0261982 -0.00650023
v -0.0661118 0.0262492 -0.00650426
v -0.0660997 0.0262991 -0.00650972
v -0.0660827 0.0263474 -0.00651656
v -0.0660609 0.0263935 -0.00652469
v -0.0660347 0.026437 -0.00653403
v -0.0660043 0.0264774 -0.00654448
v -0.06597 0.0265142 -0.00655593
v -0.0659322 0.0265472 -0.00656826
v -0.0658913 0.0265759 -0.00658134
v -0.0658477 0.0266 -0.00659502
v -0.0658019 0.0266192 -0.00660917
v -0.0657544 0.0266335 -0.00662362
v -0.0660443 0.0262094 -0.00618326
v -0.0660367 0.0262603 -0.0061858
v -0.066024 0.0263101 -0.00618924
v -0.0660063 0.0263583 -0.00619352
v -0.0659837 0.0264044 -0.00619861
v -0.0659567 0.0264478 -0.00620445
v -0.0659253 0.0264882 -0.00621099
v -0.0658901 0.0265251 -0.00621815
v -0.0658512 0.026558 -0.00622585
v -0.0658092 0.0265867 -0.00623402
v -0.0657645 0.0266109 -0.00624256
v -0.0657176 0.0266303 -0.00625139
v -0.0656689 0.0266446 -0.00626041
v -0.06602 0.026213 -0.00602231
v -0.0660122 0.0262639 -0.00602408
v -0.0659993 0.0263137 -0.00602647
v -0.0659814 0.0263619 -0.00602946
v -0.0659586 0.0264079 -0.006033
v -0.0659313 0.0264513 -0.00603707
v -0.0658996 0.0264917 -0.00604161
v -0.065864 0.0265286 -0.00604659
v -0.0658248 0.0265615 -0.00605195
v -0.0657825 0.0265903 -0.00605763
v -0.0657374 0.0266145 -0.00606357
v -0.0656901 0.0266338 -0.00606971
v -0.0656411 0.0266482 -0.00607598
v -0.0660044 0.0262154 -0.0058603
v -0.0659966 0.0262662 -0.00586129
v -0.0659835 0.026316 -0.00586263
v -0.0659654 0.0263641 -0.0058643
v -0.0659425 0.0264102 -0.00586629
v -0.065915 0.0264536 -0.00586857
v -0.0658832 0.026494 -0.00587111
v -0.0658474 0.0265308 -0.0058739
v -0.065808 0.0265638 -0.00587689
v -0.0657654 0.0265925 -0.00588007
v -0.0657201 0.0266167 -0.0058834
v -0.0656726 0.0266361 -0.00588683
v -0.0656233 0.0266505 -0.00589034
v -0.066 0.022 0.00565428
v -0.066 0.0261651 0.00565428
v -0.0655646 0.0266609 0.00565428
v -0.0656152 0.0266516 0.00565428
v -0.0656646 0.0266372 0.00565428
v -0.0657122 0.0266178 0.00565428
v -0.0657576 0.0265936 0.00565428
v -0.0658003 0.0265648 0.00565428
v -0.0658398 0.0265319 0.00565428
v -0.0658757 0.026495 0.00565428
v -0.0659076 0.0264546 0.00565428
v -0.0659352 0.0264112 0.00565428
v -0.0659582 0.0263652 0.00565428
v -0.0659763 0.026317 0.00565428
v -0.0659894 0.0262673 0.00565428
v -0.0659974 0.0262164 0.00565428
v -0.0672705 0.0264387 0.00865952
v -0.0673146 0.026433 0.00868537
v -0.0669531 0.0264801 0.00844562
v -0.0666613 0.0265181 0.00819878
v -0.0655697 0.0266602 0.00584349
v -0.0663987 0.0265523 0.00792214
v -0.065585 0.0266582 0.00603219
v -0.0661681 0.0265823 0.00761913
v -0.0659721 0.0266078 0.00729344
v -0.0658128 0.0266285 0.00694895
v -0.0656106 0.0266549 0.00621982
v -0.0656919 0.0266443 0.0065897
v -0.0660044 0.0261644 0.00581646
v -0.0660167 0.0261625 0.00596784
v -0.0660175 0.0261624 0.0059782
v -0.0660698 0.0261545 0.00627708
v -0.0660394 0.0261591 0.00613903
v -0.0661508 0.0261421 0.00657998
v -0.0661091 0.0261485 0.00645606
v -0.0662631 0.0261251 0.00687276
v -0.0662128 0.0261327 0.006764
v -0.0664053 0.0261035 0.00715225
v -0.0663493 0.026112 0.00705928
v -0.0665759 0.0260776 0.00741539
v -0.0665173 0.0260865 0.00733844
v -0.066773 0.0260476 0.00765932
v -0.066715 0.0260564 0.00759816
v -0.0669946 0.026014 0.00788138
v -0.0669401 0.0260222 0.00783528
v -0.0672381 0.025977 0.00807917
v -0.0671901 0.0259843 0.00804685
v -0.0675038 0.0259905 0.00825786
v -0.0674623 0.0259429 0.0082302
v -0.0675046 0.0260433 0.00826832
v -0.0675025 0.0260948 0.0082836
v -0.0674974 0.0261445 0.00830352
v -0.0674896 0.0261918 0.00832786
v -0.0674789 0.0262361 0.00835633
v -0.0674656 0.026277 0.00838861
v -0.0674498 0.0263139 0.00842432
v -0.0674317 0.0263465 0.00846305
v -0.0674114 0.0263744 0.00850434
v -0.0673894 0.0263972 0.00854774
v -0.0673657 0.0264147 0.00859272
v -0.0673406 0.0264267 0.00863877
v -0.0675 0.0259372 0.00825235
v -0.0660018 0.0262158 0.00581697
v -0.0659939 0.0262666 0.00581775
v -0.0659808 0.0263164 0.00581881
v -0.0659627 0.0263645 0.00582013
v -0.0659398 0.0264106 0.0058217
v -0.0659122 0.026454 0.0058235
v -0.0658803 0.0264944 0.00582551
v -0.0658445 0.0265312 0.00582771
v -0.0658051 0.0265642 0.00583007
v -0.0657625 0.0265929 0.00583258
v -0.0657171 0.0266171 0.00583521
v -0.0656695 0.0266365 0.00583792
v -0.0656202 0.0266509 0.00584069
v -0.066015 0.0262138 0.0059792
v -0.0660072 0.0262647 0.00598077
v -0.0659942 0.0263144 0.00598288
v -0.0659762 0.0263626 0.00598552
v -0.0659534 0.0264086 0.00598864
v -0.065926 0.0264521 0.00599224
v -0.0658943 0.0264924 0.00599625
v -0.0658587 0.0265293 0.00600064
v -0.0658194 0.0265623 0.00600537
v -0.065777 0.026591 0.00601039
v -0.0657319 0.0266152 0.00601563
v -0.0656845 0.0266346 0.00602105
v -0.066037 0.0262105 0.00614052
v -0.0660293 0.0262614 0.00614286
v -0.0660165 0.0263112 0.00614602
v -0.0659988 0.0263594 0.00614996
v -0.0659762 0.0264054 0.00615464
v -0.065949 0.0264489 0.00616001
v -0.0659176 0.0264892 0.00616602
v -0.0658822 0.0265261 0.00617259
v -0.0658433 0.0265591 0.00617967
v -0.0658012 0.0265878 0.00618718
v -0.0657564 0.026612 0.00619503
v -0.0656354 0.026649 0.00602659
v -0.0657093 0.0266313 0.00620315
v -0.066107 0.0262 0.0064585
v -0.0660998 0.026251 0.00646234
v -0.0660876 0.0263008 0.00646754
v -0.0660705 0.0263491 0.00647404
v -0.0660486 0.0263952 0.00648177
v -0.0660222 0.0264387 0.00649065
v -0.0659917 0.0264791 0.00650059
v -0.0659572 0.026516 0.00651147
v -0.0659192 0.0265489 0.00652319
v -0.0658782 0.0265776 0.00653562
v -0.0658344 0.0266017 0.00654863
v -0.0656605 0.0266457 0.00621144
v -0.0657884 0.026621 0.00656207
v -0.0662112 0.0261844 0.0067673
v -0.0662047 0.0262355 0.00677255
v -0.0661933 0.0262855 0.0067797
v -0.066177 0.0263338 0.00678866
v -0.0661562 0.02638 0.00679933
v -0.0661311 0.0264236 0.00681162
v -0.0661018 0.026464 0.00682537
v -0.0660687 0.0265009 0.00684045
v -0.0660322 0.0265338 0.0068567
v -0.0659926 0.0265624 0.00687393
v -0.0659505 0.0265865 0.00689197
v -0.0657408 0.0266352 0.00657581
v -0.0659061 0.0266056 0.00691062
v -0.0663484 0.0261638 0.00706334
v -0.0663428 0.0262151 0.00706988
v -0.0663324 0.0262652 0.00707885
v -0.0663174 0.0263137 0.00709013
v -0.066298 0.02636 0.00710361
v -0.0662744 0.0264037 0.00711915
v -0.0662468 0.0264441 0.00713657
v -0.0662155 0.026481 0.00715569
v -0.0661809 0.0265139 0.00717629
v -0.0661434 0.0265425 0.00719816
v -0.0661033 0.0265664 0.00722107
v -0.0658601 0.0266197 0.00692968
v -0.0660611 0.0265853 0.00724475
v -0.0665172 0.0261385 0.00734312
v -0.0665126 0.02619 0.00735082
v -0.0665035 0.0262403 0.00736144
v -0.06649 0.026289 0.00737488
v -0.0664723 0.0263354 0.00739099
v -0.0664506 0.0263792 0.00740959
v -0.0664251 0.0264197 0.00743048
v -0.066396 0.0264566 0.00745343
v -0.0663638 0.0264895 0.00747818
v -0.0663288 0.0265179 0.00750448
v -0.0662912 0.0265416 0.00753203
v -0.0660172 0.0265992 0.00726897
v -0.0662517 0.0265604 0.00756053
v -0.0667157 0.0261087 0.00760331
v -0.0667123 0.0261605 0.00761198
v -0.0667046 0.026211 0.00762409
v -0.0666929 0.0262599 0.00763948
v -0.0666772 0.0263065 0.007658
v -0.0666577 0.0263504 0.00767943
v -0.0666347 0.026391 0.00770355
v -0.0666083 0.0264279 0.00773008
v -0.0665789 0.0264607 0.00775874
v -0.0665467 0.026489 0.0077892
v -0.0665123 0.0265126 0.00782113
v -0.0662105 0.026574 0.00758967
v -0.0664758 0.0265311 0.00785417
v -0.0669418 0.0260748 0.00784073
v -0.0669396 0.0261268 0.0078502
v -0.0669336 0.0261777 0.00786356
v -0.0669238 0.0262268 0.00788068
v -0.0669104 0.0262736 0.00790136
v -0.0668935 0.0263176 0.00792537
v -0.0668732 0.0263583 0.00795243
v -0.0668498 0.0263952 0.00798226
v -0.0668236 0.0264279 0.00801451
v -0.0667949 0.0264561 0.00804883
v -0.0667639 0.0264795 0.00808482
v -0.0664378 0.0265444 0.00788797
v -0.0667311 0.0264977 0.00812209
v -0.0671928 0.0260372 0.00805243
v -0.067192 0.0260895 0.00806248
v -0.0671878 0.0261406 0.00807688
v -0.0671802 0.02619 0.00809547
v -0.0671692 0.026237 0.00811803
v -0.0671551 0.0262812 0.00814432
v -0.0671379 0.0263219 0.00817403
v -0.0671179 0.0263589 0.00820682
v -0.0670953 0.0263916 0.00824233
v -0.0670704 0.0264196 0.00828014
v -0.0670433 0.0264427 0.00831984
v -0.0666968 0.0265106 0.00816022
v -0.0670146 0.0264606 0.00836096
v -0.0674659 0.0259962 0.00823573
v -0.0674665 0.0260489 0.00824615
v -0.0674642 0.0261004 0.00826134
v -0.0674588 0.02615 0.00828113
v -0.0674506 0.0261973 0.00830528
v -0.0674395 0.0262416 0.00833352
v -0.0674257 0.0262825 0.00836552
v -0.0674094 0.0263194 0.00840091
v -0.0673907 0.026352 0.00843929
v -0.0673699 0.0263799 0.00848021
v -0.0673472 0.0264028 0.00852319
v -0.0669844 0.0264731 0.00840305
v -0.0673229 0.0264203 0.00856775
v -0.0672973 0.0264323 0.00861337
v -0.0672366 0.022 0.00808133
v -0.0675 0.022 0.00825235
v -0.0669926 0.022 0.00788371
v -0.0667706 0.022 0.00766167
v -0.0665729 0.022 0.00741763
v -0.0664019 0.022 0.00715428
v -0.0662594 0.022 0.00687449
v -0.0661468 0.022 0.00658133
v -0.0660656 0.022 0.00627801
v -0.0660164 0.022 0.00596786
v -0.073795 0.0255859 0.0123653
v -0.0737883 0.0255885 0.0123775
v -0.0738201 0.025574 0.0123193
v -0.0738071 0.0255813 0.0123433
v -0.0738438 0.0255567 0.0122743
v -0.0738426 0.0255579 0.0122766
v -0.0738252 0.0255711 0.0123096
v -0.0738658 0.0255337 0.012231
v -0.0738591 0.0255418 0.0122443
v -0.073886 0.0255059 0.0121896
v -0.0738747 0.0255229 0.0122132
v -0.0739024 0.0254772 0.0121547
v -0.0738891 0.0255013 0.0121832
v -0.0739042 0.0254734 0.0121509
v -0.0739199 0.0254363 0.0121153
v -0.0739145 0.0254507 0.0121279
v -0.0739333 0.0253955 0.0120829
v -0.0739252 0.0254219 0.0121028
v -0.0739425 0.0253585 0.0120586
v -0.0739346 0.0253912 0.0120796
v -0.0739439 0.0253512 0.0120545
v -0.0739517 0.0253039 0.0120303
v -0.0739489 0.0253243 0.0120397
v -0.0739569 0.0252543 0.0120102
v -0.0739538 0.0252886 0.0120232
v -0.0739589 0.0252028 0.0119951
v -0.0739589 0.0252138 0.0119976
v -0.0739571 0.0252517 0.0120092
v -0.073958 0.0251501 0.0119847
v -0.073959 0.0251752 0.0119887
v -0.0739545 0.0250968 0.0119788
v -0.0739575 0.0251361 0.0119824
v -0.0794124 0.0237383 0.0159256
v -0.0794446 0.0237545 0.0158848
v -0.0794755 0.0237654 0.0158415
v -0.0795048 0.0237711 0.015796
v -0.0795321 0.0237715 0.015749
v -0.0795571 0.0237664 0.015701
v -0.0795796 0.0237561 0.0156525
v -0.0795991 0.0237406 0.0156042
v -0.0796156 0.0237202 0.0155566
v -0.0796288 0.0236949 0.0155103
v -0.0796386 0.0236652 0.0154658
v -0.0796448 0.0236315 0.0154236
v -0.0796473 0.023594 0.0153843
v -0.0796462 0.0235533 0.0153483
v -0.0796415 0.0235098 0.0153161
v -0.0796332 0.023464 0.0152879
v -0.0796213 0.0234165 0.0152642
v -0.0796061 0.0233679 0.0152453
v -0.078806 0.0237078 0.0147799
v -0.0795878 0.0233186 0.0152312
v -0.0771655 0.0243567 0.0138327
v -0.0754399 0.0248353 0.0128365
v -0.0786333 0.0241502 0.0154325
v -0.0786628 0.0241625 0.0153913
v -0.0786911 0.0241698 0.0153481
v -0.0787179 0.0241721 0.0153034
v -0.078743 0.0241693 0.0152578
v -0.0787661 0.0241615 0.0152116
v -0.0787868 0.0241488 0.0151655
v -0.0788051 0.0241312 0.0151199
v -0.0788206 0.0241091 0.0150753
v -0.0788333 0.0240826 0.0150322
v -0.0788429 0.024052 0.014991
v -0.0788494 0.0240176 0.0149523
v -0.0788527 0.0239799 0.0149164
v -0.0788528 0.0239392 0.0148838
v -0.0788497 0.023896 0.0148547
v -0.0788434 0.0238508 0.0148295
v -0.0788339 0.023804 0.0148085
v -0.0788214 0.0237561 0.0147919
v -0.0769969 0.0248315 0.0144
v -0.0770219 0.0248362 0.0143595
v -0.0770459 0.0248366 0.0143181
v -0.0770687 0.0248326 0.0142763
v -0.0770901 0.0248242 0.0142343
v -0.0771099 0.0248116 0.0141927
v -0.077128 0.0247948 0.0141517
v -0.0771441 0.0247739 0.0141118
v -0.0771581 0.0247493 0.0140732
v -0.0771698 0.0247211 0.0140365
v -0.0771793 0.0246895 0.0140018
v -0.0771863 0.0246549 0.0139695
v -0.0771909 0.0246176 0.01394
v -0.0771929 0.0245779 0.0139134
v -0.0771924 0.0245361 0.0138901
v -0.0771894 0.0244927 0.0138702
v -0.0771839 0.0244481 0.0138539
v -0.0771759 0.0244026 0.0138414
v -0.0752727 0.0253151 0.0133109
v -0.0752949 0.0253241 0.0132755
v -0.0753154 0.0253182 0.0132377
v -0.075335 0.0253087 0.0132001
v -0.0753535 0.0252957 0.0131631
v -0.0753707 0.0252791 0.0131269
v -0.0753866 0.0252592 0.0130917
v -0.075401 0.0252361 0.0130579
v -0.0754138 0.02521 0.0130257
v -0.0754249 0.0251811 0.0129953
v -0.0754343 0.0251496 0.012967
v -0.0754418 0.0251157 0.0129409
v -0.0754474 0.0250797 0.0129174
v -0.0754511 0.0250418 0.0128965
v -0.0754528 0.0250024 0.0128784
v -0.0754525 0.0249618 0.0128632
v -0.0754502 0.0249201 0.0128511
v -0.075446 0.0248779 0.0128422
v -0.0842915 0.0210785 0.0187993
v -0.0843246 0.0210996 0.0187616
v -0.0843568 0.0211157 0.0187209
v -0.0843877 0.0211267 0.0186775
v -0.084417 0.0211324 0.0186321
v -0.0844443 0.0211327 0.0185851
v -0.0844694 0.0211277 0.018537
v -0.0844918 0.0211174 0.0184886
v -0.0845114 0.0211019 0.0184403
v -0.0845278 0.0210814 0.0183927
v -0.084541 0.0210562 0.0183464
v -0.0845508 0.0210265 0.0183019
v -0.084557 0.0209927 0.0182597
v -0.0845595 0.0209553 0.0182204
v -0.0845584 0.0209145 0.0181844
v -0.0845537 0.020871 0.0181521
v -0.0845454 0.0208252 0.018124
v -0.0845335 0.0207778 0.0181003
v -0.0845184 0.0207291 0.0180813
v -0.0845 0.0206799 0.0180673
v -0.178 -0.0144114 -0.0219788
v -0.178 -0.014 -0.022
v -0.178 -0.0148184 -0.0219154
v -0.178 -0.0152168 -0.0218104
v -0.178 -0.0156023 -0.0216651
v -0.178 -0.0159707 -0.0214808
v -0.178 -0.0163183 -0.0212597
v -0.178 -0.0166412 -0.021004
v -0.178 -0.0169362 -0.0207164
v -0.178003 -0.0170942 -0.0205349
v -0.178 -0.0169826 -0.0206654
v -0.178012 -0.0172 -0.0204
v -0.178993 -0.018673 -0.0184359
v -0.178771 -0.0185065 -0.018658
v -0.178402 -0.018126 -0.0191654
v -0.178259 -0.0179161 -0.0194452
v -0.178066 -0.0174688 -0.0200416
v -0.178019 -0.0172359 -0.0203522
v -0.178147 -0.0176963 -0.0197383
v -0.178573 -0.0183235 -0.018902
v -0.0793027 -0.0212 -0.0150667
v -0.184697 -0.0212 -0.0150667
v -0.1795 -0.0189495 -0.0180673
v -0.179366 -0.018888 -0.0181494
v -0.179237 -0.0188213 -0.0182383
v -0.178016 -0.019121 -0.0203554
v -0.178017 -0.0191233 -0.0203518
v -0.178 -0.0189259 -0.0206654
v -0.178067 -0.0193213 -0.020042
v -0.178044 -0.0192503 -0.0201524
v -0.178086 -0.0193794 -0.0199517
v -0.178147 -0.019518 -0.0197385
v -0.178141 -0.0195071 -0.0197551
v -0.17821 -0.0196325 -0.0195639
v -0.178261 -0.0197108 -0.0194458
v -0.17829 -0.0197547 -0.0193795
v -0.17838 -0.0198727 -0.0192032
v -0.178403 -0.019898 -0.019166
v -0.178481 -0.0199861 -0.0190359
v -0.178574 -0.0200775 -0.0189025
v -0.17859 -0.020094 -0.0188783
v -0.178707 -0.0201963 -0.0187309
v -0.178772 -0.0202469 -0.0186589
v -0.17883 -0.0202924 -0.0185941
v -0.178958 -0.0203824 -0.018468
v -0.178993 -0.020405 -0.0184367
v -0.179089 -0.0204661 -0.0183524
v -0.179224 -0.0205434 -0.0182473
v -0.179237 -0.02055 -0.0182386
v -0.179361 -0.0206147 -0.0181524
v -0.1795 -0.0206799 -0.0180673
v -0.0786856 -0.0214385 -0.0147103
v -0.185314 -0.0214385 -0.0147103
v -0.0780277 -0.0216375 -0.0143305
v -0.185972 -0.0216375 -0.0143305
v -0.0773367 -0.0217947 -0.0139316
v -0.186663 -0.0217947 -0.0139316
v -0.0766205 -0.0219083 -0.0135181
v -0.187379 -0.0219083 -0.0135181
v -0.0758832 -0.0219542 -0.0130924
v -0.188117 -0.0219542 -0.0130924
v -0.0751458 -0.022 -0.0126667
v -0.188854 -0.022 -0.0126667
v -0.0675 -0.022 -0.00825235
v -0.0672366 -0.022 -0.00808133
v -0.0674623 -0.0259429 -0.0082302
v -0.0669926 -0.022 -0.00788371
v -0.0672381 -0.025977 -0.00807917
v -0.0671901 -0.0259843 -0.00804685
v -0.0667706 -0.022 -0.00766167
v -0.0669946 -0.026014 -0.00788138
v -0.0669401 -0.0260222 -0.00783528
v -0.0665729 -0.022 -0.00741763
v -0.066773 -0.0260476 -0.00765932
v -0.066715 -0.0260564 -0.00759816
v -0.0664019 -0.022 -0.00715428
v -0.0665759 -0.0260776 -0.00741539
v -0.0665173 -0.0260865 -0.00733844
v -0.0662594 -0.022 -0.00687449
v -0.0664053 -0.0261035 -0.00715225
v -0.0663493 -0.026112 -0.00705928
v -0.0661468 -0.022 -0.00658133
v -0.0662631 -0.0261251 -0.00687276
v -0.0662128 -0.0261327 -0.006764
v -0.0660656 -0.022 -0.00627801
v -0.0661508 -0.0261421 -0.00657998
v -0.0661091 -0.0261485 -0.00645606
v -0.0660164 -0.022 -0.00596786
v -0.0660698 -0.0261545 -0.00627708
v -0.0660394 -0.0261591 -0.00613903
v -0.0660175 -0.0261624 -0.0059782
v -0.0660167 -0.0261625 -0.00596784
v -0.0660044 -0.0261644 -0.00581646
v -0.066 -0.022 -0.00565428
v -0.066 -0.0261651 -0.00565428
v -0.0659974 -0.0262164 -0.00565428
v -0.0659894 -0.0262673 -0.00565428
v -0.0659763 -0.026317 -0.00565428
v -0.0659582 -0.0263652 -0.00565428
v -0.0659352 -0.0264112 -0.00565428
v -0.0659076 -0.0264546 -0.00565428
v -0.0658757 -0.026495 -0.00565428
v -0.0658398 -0.0265319 -0.00565428
v -0.0658003 -0.0265648 -0.00565428
v -0.0657576 -0.0265936 -0.00565428
v -0.0657122 -0.0266178 -0.00565428
v -0.0656646 -0.0266372 -0.00565428
v -0.0656152 -0.0266516 -0.00565428
v -0.0655697 -0.0266602 -0.00584349
v -0.0655646 -0.0266609 -0.00565428
v -0.065585 -0.0266582 -0.00603219
v -0.0656106 -0.0266549 -0.00621982
v -0.0656919 -0.0266443 -0.0065897
v -0.0658128 -0.0266285 -0.00694895
v -0.0659721 -0.0266078 -0.00729344
v -0.0661681 -0.0265823 -0.00761913
v -0.0663987 -0.0265523 -0.00792214
v -0.0666613 -0.0265181 -0.00819878
v -0.0669531 -0.0264801 -0.00844562
v -0.0672705 -0.0264387 -0.00865952
v -0.0660018 -0.0262158 -0.00581697
v -0.0659939 -0.0262666 -0.00581775
v -0.0659808 -0.0263164 -0.00581881
v -0.0659627 -0.0263645 -0.00582013
v -0.0659398 -0.0264106 -0.0058217
v -0.0659122 -0.026454 -0.0058235
v -0.0658803 -0.0264944 -0.00582551
v -0.0658445 -0.0265312 -0.00582771
v -0.0658051 -0.0265642 -0.00583007
v -0.0657625 -0.0265929 -0.00583258
v -0.0657171 -0.0266171 -0.00583521
v -0.0656695 -0.0266365 -0.00583792
v -0.0656202 -0.0266509 -0.00584069
v -0.066015 -0.0262138 -0.0059792
v -0.0660072 -0.0262647 -0.00598077
v -0.0659942 -0.0263144 -0.00598288
v -0.0659762 -0.0263626 -0.00598552
v -0.0659534 -0.0264086 -0.00598864
v -0.065926 -0.0264521 -0.00599224
v -0.0658943 -0.0264924 -0.00599625
v -0.0658587 -0.0265293 -0.00600064
v -0.0658194 -0.0265623 -0.00600537
v -0.065777 -0.026591 -0.00601039
v -0.0657319 -0.0266152 -0.00601563
v -0.0656845 -0.0266346 -0.00602105
v -0.066037 -0.0262105 -0.00614052
v -0.0660293 -0.0262614 -0.00614286
v -0.0660165 -0.0263112 -0.00614602
v -0.0659988 -0.0263594 -0.00614996
v -0.0659762 -0.0264054 -0.00615464
v -0.065949 -0.0264489 -0.00616001
v -0.0659176 -0.0264892 -0.00616602
v -0.0658822 -0.0265261 -0.00617259
v -0.0658433 -0.0265591 -0.00617967
v -0.0658012 -0.0265878 -0.00618718
v -0.0657564 -0.026612 -0.00619503
v -0.0656354 -0.026649 -0.00602659
v -0.0657093 -0.0266313 -0.00620315
v -0.066107 -0.0262 -0.0064585
v -0.0660998 -0.026251 -0.00646234
v -0.0660876 -0.0263008 -0.00646754
v -0.0660705 -0.0263491 -0.00647404
v -0.0660486 -0.0263952 -0.00648177
v -0.0660222 -0.0264387 -0.00649065
v -0.0659917 -0.0264791 -0.00650059
v -0.0659572 -0.026516 -0.00651147
v -0.0659192 -0.0265489 -0.00652319
v -0.0658782 -0.0265776 -0.00653562
v -0.0658344 -0.0266017 -0.00654863
v -0.0656605 -0.0266457 -0.00621144
v -0.0657884 -0.026621 -0.00656207
v -0.0662112 -0.0261844 -0.0067673
v -0.0662047 -0.0262355 -0.00677255
v -0.0661933 -0.0262855 -0.0067797
v -0.066177 -0.0263338 -0.00678866
v -0.0661562 -0.02638 -0.00679933
v -0.0661311 -0.0264236 -0.00681162
v -0.0661018 -0.026464 -0.00682537
v -0.0660687 -0.0265009 -0.00684045
v -0.0660322 -0.0265338 -0.0068567
v -0.0659926 -0.0265624 -0.00687393
v -0.0659505 -0.0265865 -0.00689197
v -0.0657408 -0.0266352 -0.00657581
v -0.0659061 -0.0266056 -0.00691062
v -0.0663484 -0.0261638 -0.00706334
v -0.0663428 -0.0262151 -0.00706988
v -0.0663324 -0.0262652 -0.00707885
v -0.0663174 -0.0263137 -0.00709013
v -0.066298 -0.02636 -0.00710361
v -0.0662744 -0.0264037 -0.00711915
v -0.0662468 -0.0264441 -0.00713657
v -0.0662155 -0.026481 -0.00715569
v -0.0661809 -0.0265139 -0.00717629
v -0.0661434 -0.0265425 -0.00719816
v -0.0661033 -0.0265664 -0.00722107
v -0.0658601 -0.0266197 -0.00692968
v -0.0660611 -0.0265853 -0.00724475
v -0.0665172 -0.0261385 -0.00734312
v -0.0665126 -0.02619 -0.00735082
v -0.0665035 -0.0262403 -0.00736144
v -0.06649 -0.026289 -0.00737488
v -0.0664723 -0.0263354 -0.00739099
v -0.0664506 -0.0263792 -0.00740959
v -0.0664251 -0.0264197 -0.00743048
v -0.066396 -0.0264566 -0.00745343
v -0.0663638 -0.0264895 -0.00747818
v -0.0663288 -0.0265179 -0.00750448
v -0.0662912 -0.0265416 -0.00753203
v -0.0660172 -0.0265992 -0.00726897
v -0.0662517 -0.0265604 -0.00756053
v -0.0667157 -0.0261087 -0.00760331
v -0.0667123 -0.0261605 -0.00761198
v -0.0667046 -0.026211 -0.00762409
v -0.0666929 -0.0262599 -0.00763948
v -0.0666772 -0.0263065 -0.007658
v -0.0666577 -0.0263504 -0.00767943
v -0.0666347 -0.026391 -0.00770355
v -0.0666083 -0.0264279 -0.00773008
v -0.0665789 -0.0264607 -0.00775874
v -0.0665467 -0.026489 -0.0077892
v -0.0665123 -0.0265126 -0.00782113
v -0.0662105 -0.026574 -0.00758967
v -0.0664758 -0.0265311 -0.00785417
v -0.0669418 -0.0260748 -0.00784073
v -0.0669396 -0.0261268 -0.0078502
v -0.0669336 -0.0261777 -0.00786356
v -0.0669238 -0.0262268 -0.00788068
v -0.0669104 -0.0262736 -0.00790136
v -0.0668935 -0.0263176 -0.00792537
v -0.0668732 -0.0263583 -0.00795243
v -0.0668498 -0.0263952 -0.00798226
v -0.0668236 -0.0264279 -0.00801451
v -0.0667949 -0.0264561 -0.00804883
v -0.0667639 -0.0264795 -0.00808482
v -0.0664378 -0.0265444 -0.00788797
v -0.0667311 -0.0264977 -0.00812209
v -0.0671928 -0.0260372 -0.00805243
v -0.067192 -0.0260895 -0.00806248
v -0.0671878 -0.0261406 -0.00807688
v -0.0671802 -0.02619 -0.00809547
v -0.0671692 -0.026237 -0.00811803
v -0.0671551 -0.0262812 -0.00814432
v -0.0671379 -0.0263219 -0.00817403
v -0.0671179 -0.0263589 -0.00820682
v -0.0670953 -0.0263916 -0.00824233
v -0.0670704 -0.0264196 -0.00828014
v -0.0670433 -0.0264427 -0.00831984
v -0.0666968 -0.0265106 -0.00816022
v -0.0670146 -0.0264606 -0.00836096
v -0.0674659 -0.0259962 -0.00823573
v -0.0674665 -0.0260489 -0.00824615
v -0.0674642 -0.0261004 -0.00826134
v -0.0674588 -0.02615 -0.00828113
v -0.0674506 -0.0261973 -0.00830528
v -0.0674395 -0.0262416 -0.00833352
v -0.0674257 -0.0262825 -0.00836552
v -0.0674094 -0.0263194 -0.00840091
v -0.0673907 -0.026352 -0.00843929
v -0.0673699 -0.0263799 -0.00848021
v -0.0673472 -0.0264028 -0.00852319
v -0.0669844 -0.0264731 -0.00840305
v -0.0673229 -0.0264203 -0.00856775
v -0.0672973 -0.0264323 -0.00861337
v -0.066 -0.022 0.00565428
v -0.066 -0.0261651 0.00565428
v -0.0659974 -0.0262164 0.00565428
v -0.0659894 -0.0262673 0.00565428
v -0.0659763 -0.026317 0.00565428
v -0.0659582 -0.0263652 0.00565428
v -0.0659352 -0.0264112 0.00565428
v -0.0659076 -0.0264546 0.00565428
v -0.0658757 -0.026495 0.00565428
v -0.0658398 -0.0265319 0.00565428
v -0.0658003 -0.0265648 0.00565428
v -0.0657576 -0.0265936 0.00565428
v -0.0657122 -0.0266178 0.00565428
v -0.0656646 -0.0266372 0.00565428
v -0.0656152 -0.0266516 0.00565428
v -0.0655646 -0.0266609 0.00565428
v -0.0673146 -0.026433 0.00868537
v -0.0655728 -0.0266598 0.00589389
v -0.0669939 -0.0264747 0.00847606
v -0.0666986 -0.0265132 0.00823344
v -0.0656191 -0.0266538 0.00626953
v -0.0655908 -0.0266574 0.00608232
v -0.0664319 -0.0265479 0.00796058
v -0.0661969 -0.0265785 0.00766087
v -0.0657057 -0.0266425 0.00663824
v -0.0659961 -0.0266047 0.00733798
v -0.0658318 -0.0266261 0.00699576
v -0.0675038 -0.0259905 0.00825786
v -0.0675 -0.0259372 0.00825235
v -0.0672371 -0.0259771 0.00808071
v -0.0675046 -0.0260433 0.00826832
v -0.0675025 -0.0260948 0.0082836
v -0.0674974 -0.0261445 0.00830352
v -0.0674896 -0.0261918 0.00832786
v -0.0674789 -0.0262361 0.00835633
v -0.0674656 -0.026277 0.00838861
v -0.0674498 -0.0263139 0.00842432
v -0.0674317 -0.0263465 0.00846305
v -0.0674114 -0.0263744 0.00850434
v -0.0673894 -0.0263972 0.00854774
v -0.0673657 -0.0264147 0.00859272
v -0.0673406 -0.0264267 0.00863877
v -0.0672252 -0.0259789 0.00807295
v -0.0669935 -0.0260141 0.00788264
v -0.066972 -0.0260174 0.00786499
v -0.066772 -0.0260478 0.00766031
v -0.0667434 -0.0260521 0.0076311
v -0.0665749 -0.0260777 0.00741613
v -0.066542 -0.0260827 0.00737422
v -0.0664043 -0.0261036 0.00715278
v -0.0663699 -0.0261089 0.00709745
v -0.0662622 -0.0261252 0.00687311
v -0.0662291 -0.0261302 0.00680412
v -0.0661501 -0.0261422 0.00658018
v -0.066121 -0.0261467 0.00649767
v -0.0660692 -0.0261545 0.00627716
v -0.0660467 -0.026158 0.00618164
v -0.0660225 -0.0261616 0.00602117
v -0.0660174 -0.0261624 0.00596777
v -0.066007 -0.026164 0.00585966
v -0.067228 -0.0260319 0.00807854
v -0.0672274 -0.0260843 0.00808864
v -0.0672234 -0.0261355 0.00810316
v -0.067216 -0.0261849 0.00812193
v -0.0672054 -0.0262319 0.00814472
v -0.0671917 -0.0262761 0.00817129
v -0.067175 -0.0263169 0.00820132
v -0.0671554 -0.0263538 0.00823448
v -0.0671334 -0.0263865 0.00827039
v -0.0671089 -0.0264145 0.00830865
v -0.0670825 -0.0264376 0.0083488
v -0.0670543 -0.0264554 0.00839041
v -0.0670246 -0.0264679 0.00843299
v -0.0669738 -0.02607 0.00787047
v -0.0669718 -0.0261221 0.00788002
v -0.0669661 -0.026173 0.00789354
v -0.0669566 -0.0262221 0.00791086
v -0.0669435 -0.0262689 0.00793181
v -0.0669269 -0.0263129 0.00795614
v -0.066907 -0.0263536 0.00798358
v -0.0668841 -0.0263905 0.00801382
v -0.0668583 -0.0264233 0.00804653
v -0.0668301 -0.0264515 0.00808133
v -0.0667996 -0.0264748 0.00811784
v -0.0667673 -0.026493 0.00815564
v -0.0667335 -0.0265058 0.00819432
v -0.0667443 -0.0261045 0.00763631
v -0.066741 -0.0261562 0.0076451
v -0.0667336 -0.0262068 0.00765738
v -0.0667221 -0.0262557 0.00767301
v -0.0667067 -0.0263023 0.00769183
v -0.0666875 -0.0263462 0.00771363
v -0.0666648 -0.0263868 0.00773815
v -0.0666388 -0.0264237 0.00776514
v -0.0666098 -0.0264565 0.0077943
v -0.0665781 -0.0264849 0.00782529
v -0.0665441 -0.0265084 0.00785778
v -0.0665081 -0.0265269 0.0078914
v -0.0664706 -0.0265401 0.0079258
v -0.066542 -0.0261348 0.00737897
v -0.0665375 -0.0261863 0.0073868
v -0.0665286 -0.0262367 0.00739764
v -0.0665153 -0.0262854 0.00741135
v -0.0664979 -0.0263318 0.00742779
v -0.0664764 -0.0263756 0.00744678
v -0.0664512 -0.0264161 0.00746811
v -0.0664225 -0.026453 0.00749156
v -0.0663906 -0.0264859 0.00751685
v -0.0663559 -0.0265143 0.00754372
v -0.0663188 -0.026538 0.00757186
v -0.0662796 -0.0265568 0.00760099
v -0.0662388 -0.0265703 0.00763076
v -0.0663691 -0.0261607 0.0071016
v -0.0663636 -0.026212 0.00710831
v -0.0663534 -0.0262622 0.0071175
v -0.0663386 -0.0263107 0.00712909
v -0.0663194 -0.026357 0.00714293
v -0.066296 -0.0264007 0.00715889
v -0.0662686 -0.0264411 0.00717678
v -0.0662376 -0.026478 0.00719642
v -0.0662033 -0.0265109 0.00721759
v -0.0661661 -0.0265395 0.00724007
v -0.0661263 -0.0265633 0.0072636
v -0.0660844 -0.0265823 0.00728794
v -0.0660409 -0.0265961 0.00731283
v -0.0662276 -0.0261819 0.00680753
v -0.0662212 -0.026233 0.00681296
v -0.0662099 -0.0262831 0.00682036
v -0.0661938 -0.0263314 0.00682964
v -0.0661732 -0.0263776 0.0068407
v -0.0661482 -0.0264212 0.00685342
v -0.0661191 -0.0264616 0.00686768
v -0.0660862 -0.0264985 0.0068833
v -0.06605 -0.0265314 0.00690014
v -0.0660106 -0.0265601 0.006918
v -0.0659687 -0.0265841 0.0069367
v -0.0659246 -0.0266032 0.00695603
v -0.0658788 -0.0266172 0.00697579
v -0.066119 -0.0261982 0.00650023
v -0.0661118 -0.0262492 0.00650426
v -0.0660997 -0.0262991 0.00650972
v -0.0660827 -0.0263474 0.00651656
v -0.0660609 -0.0263935 0.00652469
v -0.0660347 -0.026437 0.00653403
v -0.0660043 -0.0264774 0.00654448
v -0.06597 -0.0265142 0.00655593
v -0.0659322 -0.0265472 0.00656826
v -0.0658913 -0.0265759 0.00658134
v -0.0658477 -0.0266 0.00659502
v -0.0658019 -0.0266192 0.00660917
v -0.0657544 -0.0266335 0.00662362
v -0.0660443 -0.0262094 0.00618326
v -0.0660367 -0.0262603 0.0061858
v -0.066024 -0.0263101 0.00618924
v -0.0660063 -0.0263583 0.00619352
v -0.0659837 -0.0264044 0.00619861
v -0.0659567 -0.0264478 0.00620445
v -0.0659253 -0.0264882 0.00621099
v -0.0658901 -0.0265251 0.00621815
v -0.0658512 -0.026558 0.00622585
v -0.0658092 -0.0265867 0.00623402
v -0.0657645 -0.0266109 0.00624256
v -0.0657176 -0.0266303 0.00625139
v -0.0656689 -0.0266446 0.00626041
v -0.06602 -0.026213 0.00602231
v -0.0660122 -0.0262639 0.00602408
v -0.0659993 -0.0263137 0.00602647
v -0.0659814 -0.0263619 0.00602946
v -0.0659586 -0.0264079 0.006033
v -0.0659313 -0.0264513 0.00603707
v -0.0658996 -0.0264917 0.00604161
v -0.065864 -0.0265286 0.00604659
v -0.0658248 -0.0265615 0.00605195
v -0.0657825 -0.0265903 0.00605763
v -0.0657374 -0.0266145 0.00606357
v -0.0656901 -0.0266338 0.00606971
v -0.0656411 -0.0266482 0.00607598
v -0.0660044 -0.0262154 0.0058603
v -0.0659966 -0.0262662 0.00586129
v -0.0659835 -0.026316 0.00586263
v -0.0659654 -0.0263641 0.0058643
v -0.0659425 -0.0264102 0.00586629
v -0.065915 -0.0264536 0.00586857
v -0.0658832 -0.026494 0.00587111
v -0.0658474 -0.0265308 0.0058739
v -0.065808 -0.0265638 0.00587689
v -0.0657654 -0.0265925 0.00588007
v -0.0657201 -0.0266167 0.0058834
v -0.0656726 -0.0266361 0.00588683
v -0.0656233 -0.0266505 0.00589034
v -0.0660164 -0.022 0.00596786
v -0.0660656 -0.022 0.00627801
v -0.0661468 -0.022 0.00658133
v -0.0662594 -0.022 0.00687449
v -0.0664019 -0.022 0.00715428
v -0.0665729 -0.022 0.00741763
v -0.0667706 -0.022 0.00766167
v -0.0669926 -0.022 0.00788371
v -0.0672366 -0.022 0.00808133
v -0.0675 -0.022 0.00825235
v -0.073958 -0.0251501 0.0119847
v -0.0739575 -0.0251361 0.0119824
v -0.0739589 -0.0252028 0.0119951
v -0.073959 -0.0251752 0.0119887
v -0.0739569 -0.0252543 0.0120102
v -0.0739571 -0.0252517 0.0120092
v -0.0739589 -0.0252138 0.0119976
v -0.0739517 -0.0253039 0.0120303
v -0.0739538 -0.0252886 0.0120232
v -0.0739439 -0.0253512 0.0120545
v -0.0739489 -0.0253243 0.0120397
v -0.0739346 -0.0253912 0.0120796
v -0.0739425 -0.0253585 0.0120586
v -0.0739333 -0.0253955 0.0120829
v -0.0739199 -0.0254363 0.0121153
v -0.0739252 -0.0254219 0.0121028
v -0.0739042 -0.0254734 0.0121509
v -0.0739145 -0.0254507 0.0121279
v -0.0738891 -0.0255013 0.0121832
v -0.0739024 -0.0254772 0.0121547
v -0.073886 -0.0255059 0.0121896
v -0.0738658 -0.0255337 0.012231
v -0.0738747 -0.0255229 0.0122132
v -0.0738438 -0.0255567 0.0122743
v -0.0738591 -0.0255418 0.0122443
v -0.0738201 -0.025574 0.0123193
v -0.0738252 -0.0255711 0.0123096
v -0.0738426 -0.0255579 0.0122766
v -0.073795 -0.0255859 0.0123653
v -0.0738071 -0.0255813 0.0123433
v -0.0737883 -0.0255885 0.0123775
v -0.0739545 -0.0250968 0.0119788
v -0.0796061 -0.0233679 0.0152453
v -0.0795878 -0.0233186 0.0152312
v -0.0796213 -0.0234165 0.0152642
v -0.0796332 -0.023464 0.0152879
v -0.0796415 -0.0235098 0.0153161
v -0.0796462 -0.0235533 0.0153483
v -0.0796473 -0.023594 0.0153843
v -0.0796448 -0.0236315 0.0154236
v -0.0796386 -0.0236652 0.0154658
v -0.0796288 -0.0236949 0.0155103
v -0.0796156 -0.0237202 0.0155566
v -0.0795991 -0.0237406 0.0156042
v -0.0795796 -0.0237561 0.0156525
v -0.0795571 -0.0237664 0.015701
v -0.0795321 -0.0237715 0.015749
v -0.0795048 -0.0237711 0.015796
v -0.0794755 -0.0237654 0.0158415
v -0.0794446 -0.0237545 0.0158848
v -0.0794124 -0.0237383 0.0159256
v -0.078806 -0.0237078 0.0147799
v -0.0771655 -0.0243567 0.0138327
v -0.0754399 -0.0248353 0.0128365
v -0.0788214 -0.0237561 0.0147919
v -0.0788339 -0.023804 0.0148085
v -0.0788434 -0.0238508 0.0148295
v -0.0788497 -0.023896 0.0148547
v -0.0788528 -0.0239392 0.0148838
v -0.0788527 -0.0239799 0.0149164
v -0.0788494 -0.0240176 0.0149523
v -0.0788429 -0.024052 0.014991
v -0.0788333 -0.0240826 0.0150322
v -0.0788206 -0.0241091 0.0150753
v -0.0788051 -0.0241312 0.0151199
v -0.0787868 -0.0241488 0.0151655
v -0.0787661 -0.0241615 0.0152116
v -0.078743 -0.0241693 0.0152578
v -0.0787179 -0.0241721 0.0153034
v -0.0786911 -0.0241698 0.0153481
v -0.0786628 -0.0241625 0.0153913
v -0.0786318 -0.0241379 0.0154249
v -0.0771759 -0.0244026 0.0138414
v -0.0771839 -0.0244481 0.0138539
v -0.0771894 -0.0244927 0.0138702
v -0.0771924 -0.0245361 0.0138901
v -0.0771929 -0.0245779 0.0139134
v -0.0771909 -0.0246176 0.01394
v -0.0771863 -0.0246549 0.0139695
v -0.0771793 -0.0246895 0.0140018
v -0.0771698 -0.0247211 0.0140365
v -0.0771581 -0.0247493 0.0140732
v -0.0771441 -0.0247739 0.0141118
v -0.077128 -0.0247948 0.0141517
v -0.0771099 -0.0248116 0.0141927
v -0.0770901 -0.0248242 0.0142343
v -0.0770687 -0.0248326 0.0142763
v -0.0770459 -0.0248366 0.0143181
v -0.0770219 -0.0248362 0.0143595
v -0.0769969 -0.0248315 0.0144
v -0.075446 -0.0248779 0.0128422
v -0.0754502 -0.0249201 0.0128511
v -0.0754525 -0.0249618 0.0128632
v -0.0754528 -0.0250024 0.0128784
v -0.0754511 -0.0250418 0.0128965
v -0.0754474 -0.0250797 0.0129174
v -0.0754418 -0.0251157 0.0129409
v -0.0754343 -0.0251496 0.012967
v -0.0754249 -0.0251811 0.0129953
v -0.0754138 -0.02521 0.0130257
v -0.075401 -0.0252361 0.0130579
v -0.0753866 -0.0252592 0.0130917
v -0.0753707 -0.0252791 0.0131269
v -0.0753535 -0.0252957 0.0131631
v -0.075335 -0.0253087 0.0132001
v -0.0753154 -0.0253182 0.0132377
v -0.0752949 -0.0253241 0.0132755
v -0.0752724 -0.0253137 0.01331
v -0.0845 -0.0206799 0.0180673
v -0.0845184 -0.0207291 0.0180813
v -0.0845335 -0.0207778 0.0181003
v -0.0845454 -0.0208252 0.018124
v -0.0845537 -0.020871 0.0181521
v -0.0845584 -0.0209145 0.0181844
v -0.0845595 -0.0209553 0.0182204
v -0.084557 -0.0209927 0.0182597
v -0.0845508 -0.0210265 0.0183019
v -0.084541 -0.0210562 0.0183464
v -0.0845278 -0.0210814 0.0183927
v -0.0845114 -0.0211019 0.0184403
v -0.0844918 -0.0211174 0.0184886
v -0.0844694 -0.0211277 0.018537
v -0.0844443 -0.0211327 0.0185851
v -0.084417 -0.0211324 0.0186321
v -0.0843877 -0.0211267 0.0186775
v -0.0843568 -0.0211157 0.0187209
v -0.0843246 -0.0210996 0.0187616
v -0.0842915 -0.0210785 0.0187993
v -0.0846386 -0.0206147 0.0181524
v -0.084407 -0.0210133 0.0188702
v -0.0847631 -0.02055 0.0182386
v -0.0847757 -0.0205434 0.0182473
v -0.0845212 -0.0209421 0.0189493
v -0.0849105 -0.0204661 0.0183524
v -0.0846336 -0.0208647 0.0190369
v -0.0850067 -0.020405 0.0184367
v -0.0850424 -0.0203824 0.018468
v -0.0847435 -0.020781 0.0191332
v -0.0851702 -0.0202924 0.0185941
v -0.08485 -0.0206911 0.0192383
v -0.085293 -0.0201963 0.0187309
v -0.0852284 -0.0202469 0.0186589
v -0.0849524 -0.0205949 0.0193523
v -0.0854096 -0.020094 0.0188783
v -0.0850496 -0.0204927 0.0194751
v -0.0855189 -0.0199861 0.0190359
v -0.0854264 -0.0200775 0.0189025
v -0.0851406 -0.0203847 0.0196065
v -0.0855971 -0.019898 0.019166
v -0.0856196 -0.0198727 0.0192032
v -0.0852245 -0.0202714 0.0197459
v -0.0857105 -0.0197547 0.0193795
v -0.0853002 -0.0201533 0.0198928
v -0.0857905 -0.0196325 0.0195639
v -0.0857392 -0.0197108 0.0194458
v -0.0853669 -0.0200311 0.0200464
v -0.0858527 -0.019518 0.0197385
v -0.0858585 -0.0195071 0.0197551
v -0.0854236 -0.0199057 0.0202057
v -0.0859139 -0.0193794 0.0199517
v -0.0854698 -0.019778 0.0203696
v -0.0859558 -0.0192503 0.0201524
v -0.0859327 -0.0193213 0.020042
v -0.0855047 -0.019649 0.0205369
v -0.0855281 -0.0195196 0.0207061
v -0.0859834 -0.0191233 0.0203518
v -0.0859839 -0.019121 0.0203554
v -0.0855415 -0.0193245 0.0209643
v -0.0855941 -0.0193184 0.0209598
v -0.0855804 -0.0193207 0.0209615
v -0.0856456 -0.0193083 0.0209522
v -0.0856187 -0.0193144 0.0209568
v -0.085693 -0.0192949 0.0209421
v -0.0857285 -0.0192817 0.0209322
v -0.0856956 -0.0192939 0.0209414
v -0.0857431 -0.0192751 0.0209273
v -0.0857881 -0.0192525 0.0209104
v -0.0857626 -0.0192663 0.0209207
v -0.0858257 -0.0192293 0.020893
v -0.0858544 -0.019208 0.020877
v -0.0858298 -0.0192263 0.0208907
v -0.0858677 -0.0191965 0.0208684
v -0.0859016 -0.0191639 0.0208439
v -0.0858809 -0.019185 0.0208597
v -0.0859268 -0.0191343 0.0208217
v -0.0859458 -0.019107 0.0208012
v -0.0859308 -0.0191284 0.0208173
v -0.0859552 -0.0190907 0.020789
v -0.0859622 -0.0190785 0.0207799
v -0.0859747 -0.0190512 0.0207594
v -0.0859863 -0.019019 0.0207352
v -0.0859884 -0.0190102 0.0207286
v -0.0859939 -0.0189883 0.0207122
v -0.0859968 -0.0189683 0.0206972
v -0.0859985 -0.0189572 0.0206888
v -0.086 -0.0189259 0.0206654
v -0.0859757 -0.0190491 0.0207578
v -0.0859051 -0.0191604 0.0208412
v -0.0857951 -0.0192488 0.0209076
v -0.0856563 -0.0193058 0.0209503
v -0.084442 -0.0210329 0.0188344
v -0.0844761 -0.0210476 0.0187955
v -0.0845089 -0.0210574 0.0187541
v -0.08454 -0.021062 0.0187105
v -0.0845692 -0.0210615 0.0186653
v -0.084596 -0.0210558 0.0186191
v -0.0846201 -0.021045 0.0185723
v -0.0846412 -0.0210292 0.0185254
v -0.0846592 -0.0210087 0.0184791
v -0.0846738 -0.0209835 0.0184339
v -0.0846849 -0.0209542 0.0183903
v -0.0846922 -0.0209209 0.0183487
v -0.0846957 -0.020884 0.0183097
v -0.0846955 -0.020844 0.0182738
v -0.0846914 -0.0208014 0.0182413
v -0.0846836 -0.0207567 0.0182126
v -0.0846721 -0.0207103 0.018188
v -0.084657 -0.0206627 0.0181679
v -0.0845579 -0.0209601 0.0189154
v -0.0845937 -0.0209735 0.0188786
v -0.0846283 -0.020982 0.0188391
v -0.0846611 -0.0209855 0.0187976
v -0.0846919 -0.0209841 0.0187544
v -0.0847203 -0.0209777 0.01871
v -0.084746 -0.0209664 0.0186649
v -0.0847687 -0.0209503 0.0186197
v -0.0847881 -0.0209297 0.0185748
v -0.0848041 -0.0209047 0.0185308
v -0.0848164 -0.0208756 0.0184881
v -0.0848249 -0.0208428 0.0184472
v -0.0848295 -0.0208066 0.0184087
v -0.0848302 -0.0207674 0.0183728
v -0.0848269 -0.0207257 0.0183401
v -0.0848197 -0.020682 0.0183109
v -0.0848087 -0.0206367 0.0182855
v -0.0847939 -0.0205903 0.0182642
v -0.0846718 -0.0208811 0.019005
v -0.0847092 -0.020893 0.0189703
v -0.0847452 -0.0209002 0.018933
v -0.0847796 -0.0209027 0.0188935
v -0.0848119 -0.0209003 0.0188524
v -0.0848418 -0.0208932 0.0188099
v -0.0848689 -0.0208814 0.0187667
v -0.084893 -0.0208651 0.0187232
v -0.0849139 -0.0208444 0.0186799
v -0.0849311 -0.0208195 0.0186371
v -0.0849447 -0.0207907 0.0185955
v -0.0849544 -0.0207584 0.0185555
v -0.0849601 -0.0207229 0.0185174
v -0.0849618 -0.0206845 0.0184818
v -0.0849594 -0.0206438 0.0184489
v -0.084953 -0.0206011 0.0184193
v -0.0849427 -0.0205569 0.0183931
v -0.0849284 -0.0205117 0.0183708
v -0.084783 -0.0207958 0.0191034
v -0.0848217 -0.0208063 0.0190709
v -0.084859 -0.0208122 0.0190357
v -0.0848947 -0.0208135 0.0189985
v -0.0849284 -0.0208103 0.0189595
v -0.0849596 -0.0208024 0.0189191
v -0.0849881 -0.0207901 0.0188779
v -0.0850135 -0.0207735 0.0188362
v -0.0850356 -0.0207527 0.0187944
v -0.0850542 -0.0207279 0.0187531
v -0.085069 -0.0206995 0.0187127
v -0.0850799 -0.0206677 0.0186735
v -0.0850868 -0.0206328 0.0186361
v -0.0850895 -0.0205953 0.0186008
v -0.0850882 -0.0205555 0.0185679
v -0.0850827 -0.0205139 0.0185379
v -0.0850732 -0.0204708 0.0185111
v -0.0850597 -0.0204268 0.0184877
v -0.0848906 -0.0207043 0.0192108
v -0.0849304 -0.0207132 0.0191804
v -0.0849689 -0.0207178 0.0191476
v -0.0850057 -0.020718 0.0191126
v -0.0850405 -0.0207138 0.0190758
v -0.0850729 -0.0207053 0.0190376
v -0.0851026 -0.0206925 0.0189984
v -0.0851292 -0.0206755 0.0189586
v -0.0851526 -0.0206547 0.0189186
v -0.0851724 -0.02063 0.0188788
v -0.0851884 -0.0206019 0.0188397
v -0.0852005 -0.0205706 0.0188015
v -0.0852085 -0.0205364 0.0187648
v -0.0852125 -0.0204998 0.0187299
v -0.0852122 -0.0204609 0.0186972
v -0.0852078 -0.0204203 0.0186669
v -0.0851993 -0.0203785 0.0186395
v -0.0851867 -0.0203357 0.0186151
v -0.0849939 -0.0206064 0.019327
v -0.0850345 -0.0206139 0.0192989
v -0.0850739 -0.0206172 0.0192684
v -0.0851117 -0.0206162 0.0192358
v -0.0851475 -0.0206111 0.0192013
v -0.0851809 -0.0206019 0.0191654
v -0.0852116 -0.0205886 0.0191283
v -0.0852394 -0.0205714 0.0190905
v -0.0852638 -0.0205504 0.0190523
v -0.0852847 -0.0205259 0.0190142
v -0.0853019 -0.0204982 0.0189764
v -0.0853152 -0.0204674 0.0189394
v -0.0853245 -0.0204339 0.0189035
v -0.0853296 -0.020398 0.0188691
v -0.0853306 -0.0203601 0.0188366
v -0.0853273 -0.0203206 0.0188062
v -0.0853199 -0.0202799 0.0187783
v -0.0853085 -0.0202383 0.0187531
v -0.0850917 -0.0205026 0.0194521
v -0.085133 -0.0205085 0.0194263
v -0.0851732 -0.0205105 0.0193982
v -0.0852117 -0.0205085 0.0193679
v -0.0852483 -0.0205024 0.0193358
v -0.0852825 -0.0204925 0.0193022
v -0.0853142 -0.0204787 0.0192673
v -0.0853429 -0.0204612 0.0192316
v -0.0853683 -0.0204402 0.0191953
v -0.0853903 -0.0204159 0.0191589
v -0.0854086 -0.0203884 0.0191226
v -0.0854231 -0.0203581 0.0190868
v -0.0854336 -0.0203253 0.0190519
v -0.0854399 -0.0202903 0.0190182
v -0.0854422 -0.0202533 0.018986
v -0.0854402 -0.0202149 0.0189556
v -0.0854341 -0.0201753 0.0189274
v -0.0854239 -0.0201348 0.0189015
v -0.0851832 -0.0203929 0.0195857
v -0.085225 -0.0203974 0.0195623
v -0.0852656 -0.0203981 0.0195366
v -0.0853047 -0.020395 0.0195087
v -0.0853419 -0.0203881 0.019479
v -0.0853769 -0.0203774 0.0194477
v -0.0854092 -0.0203632 0.0194151
v -0.0854388 -0.0203454 0.0193815
v -0.0854651 -0.0203244 0.0193472
v -0.0854881 -0.0203001 0.0193126
v -0.0855075 -0.020273 0.0192779
v -0.085523 -0.0202433 0.0192435
v -0.0855347 -0.0202111 0.0192096
v -0.0855423 -0.0201769 0.0191767
v -0.0855459 -0.0201409 0.019145
v -0.0855453 -0.0201034 0.0191148
v -0.0855405 -0.0200649 0.0190864
v -0.0855317 -0.0200257 0.01906
v -0.0852673 -0.020278 0.0197274
v -0.0853094 -0.0202811 0.0197064
v -0.0853503 -0.0202805 0.019683
v -0.0853898 -0.0202763 0.0196576
v -0.0854274 -0.0202685 0.0196303
v -0.0854629 -0.0202572 0.0196014
v -0.0854958 -0.0202425 0.0195711
v -0.085526 -0.0202245 0.0195397
v -0.0855532 -0.0202033 0.0195075
v -0.085577 -0.0201793 0.0194747
v -0.0855974 -0.0201525 0.0194417
v -0.085614 -0.0201232 0.0194088
v -0.0856269 -0.0200917 0.0193761
v -0.0856358 -0.0200583 0.0193442
v -0.0856406 -0.0200232 0.0193131
v -0.0856414 -0.0199868 0.0192832
v -0.0856382 -0.0199493 0.0192548
v -0.0856309 -0.0199112 0.019228
v -0.0853431 -0.0201584 0.0198765
v -0.0853852 -0.02016 0.0198579
v -0.0854263 -0.0201582 0.0198369
v -0.0854659 -0.0201529 0.019814
v -0.0855038 -0.0201443 0.0197891
v -0.0855396 -0.0201324 0.0197626
v -0.085573 -0.0201172 0.0197346
v -0.0856037 -0.020099 0.0197054
v -0.0856315 -0.0200778 0.0196753
v -0.0856561 -0.0200539 0.0196445
v -0.0856773 -0.0200274 0.0196133
v -0.085695 -0.0199986 0.0195819
v -0.085709 -0.0199678 0.0195506
v -0.0857191 -0.0199351 0.0195197
v -0.0857253 -0.0199009 0.0194894
v -0.0857276 -0.0198654 0.01946
v -0.0857258 -0.019829 0.0194317
v -0.0857201 -0.019792 0.0194048
v -0.0854096 -0.0200347 0.0200324
v -0.0854516 -0.0200349 0.020016
v -0.0854926 -0.0200319 0.0199975
v -0.0855322 -0.0200257 0.0199769
v -0.0855701 -0.0200163 0.0199544
v -0.0856061 -0.0200037 0.0199303
v -0.0856397 -0.0199881 0.0199047
v -0.0856709 -0.0199696 0.0198778
v -0.0856992 -0.0199484 0.0198499
v -0.0857244 -0.0199247 0.0198211
v -0.0857464 -0.0198985 0.0197917
v -0.085765 -0.0198702 0.0197619
v -0.0857801 -0.01984 0.0197321
v -0.0857914 -0.019808 0.0197024
v -0.0857989 -0.0197747 0.019673
v -0.0858026 -0.0197401 0.0196442
v -0.0858024 -0.0197048 0.0196163
v -0.0857984 -0.0196688 0.0195894
v -0.085466 -0.0199078 0.0201939
v -0.0855077 -0.0199067 0.0201798
v -0.0855484 -0.0199026 0.0201636
v -0.0855878 -0.0198954 0.0201454
v -0.0856257 -0.0198852 0.0201253
v -0.0856616 -0.019872 0.0201036
v -0.0856954 -0.0198561 0.0200803
v -0.0857267 -0.0198374 0.0200557
v -0.0857554 -0.0198161 0.0200299
v -0.0857812 -0.0197925 0.0200032
v -0.0858039 -0.0197667 0.0199757
v -0.0858233 -0.0197388 0.0199477
v -0.0858393 -0.0197091 0.0199194
v -0.0858518 -0.0196779 0.019891
v -0.0858606 -0.0196454 0.0198627
v -0.0858657 -0.0196118 0.0198347
v -0.0858671 -0.0195773 0.0198073
v -0.0858647 -0.0195424 0.0197807
v -0.0855116 -0.0197786 0.0203599
v -0.0855528 -0.0197763 0.020348
v -0.0855931 -0.0197711 0.0203341
v -0.0856321 -0.019763 0.0203182
v -0.0856697 -0.019752 0.0203005
v -0.0857055 -0.0197383 0.0202811
v -0.0857392 -0.019722 0.0202602
v -0.0857707 -0.0197031 0.0202378
v -0.0857996 -0.0196818 0.0202143
v -0.0858258 -0.0196583 0.0201896
v -0.085849 -0.0196328 0.0201641
v -0.0858692 -0.0196054 0.0201379
v -0.085886 -0.0195763 0.0201112
v -0.0858996 -0.0195457 0.0200842
v -0.0859096 -0.019514 0.0200571
v -0.0859161 -0.0194812 0.0200301
v -0.085919 -0.0194477 0.0200034
v -0.0859182 -0.0194137 0.0199772
v -0.0855458 -0.0196482 0.0205292
v -0.0855864 -0.0196447 0.0205194
v -0.0856261 -0.0196385 0.0205077
v -0.0856647 -0.0196295 0.0204941
v -0.0857018 -0.0196178 0.0204787
v -0.0857373 -0.0196036 0.0204617
v -0.0857708 -0.0195869 0.020443
v -0.0858022 -0.0195678 0.0204229
v -0.0858312 -0.0195466 0.0204015
v -0.0858577 -0.0195232 0.020379
v -0.0858814 -0.0194979 0.0203555
v -0.0859021 -0.0194709 0.0203311
v -0.0859198 -0.0194424 0.0203061
v -0.0859342 -0.0194125 0.0202807
v -0.0859454 -0.0193814 0.0202549
v -0.0859532 -0.0193495 0.020229
v -0.0859575 -0.0193168 0.0202031
v -0.0859584 -0.0192837 0.0201776
v -0.0855685 -0.0195176 0.0207004
v -0.0856083 -0.019513 0.0206927
v -0.0856472 -0.0195057 0.0206831
v -0.0856851 -0.0194959 0.0206717
v -0.0857217 -0.0194836 0.0206586
v -0.0857567 -0.0194689 0.0206437
v -0.08579 -0.0194519 0.0206273
v -0.0858212 -0.0194326 0.0206095
v -0.0858501 -0.0194113 0.0205903
v -0.0858767 -0.0193881 0.0205698
v -0.0859007 -0.0193631 0.0205483
v -0.0859219 -0.0193365 0.0205258
v -0.0859402 -0.0193084 0.0205026
v -0.0859555 -0.0192791 0.0204787
v -0.0859677 -0.0192488 0.0204544
v -0.0859767 -0.0192176 0.0204297
v -0.0859824 -0.0191857 0.0204049
v -0.0859848 -0.0191535 0.0203801
v -0.085997 -0.0184715 0.0213596
v -0.0859975 -0.0184687 0.0213575
v -0.086 -0.0184291 0.0213278
v -0.0859885 -0.0185134 0.021391
v -0.0859902 -0.0185079 0.0213869
v -0.085978 -0.0185463 0.0214157
v -0.0859744 -0.0185543 0.0214217
v -0.0859551 -0.0185939 0.0214514
v -0.0859612 -0.0185836 0.0214437
v -0.0859306 -0.0186315 0.0214796
v -0.0859398 -0.0186194 0.0214705
v -0.0859141 -0.0186533 0.0214959
v -0.0859013 -0.0186669 0.0215061
v -0.0858843 -0.018685 0.0215197
v -0.0858675 -0.0186996 0.0215307
v -0.0858296 -0.0187293 0.0215529
v -0.0858507 -0.0187142 0.0215416
v -0.0857879 -0.0187556 0.0215726
v -0.0858137 -0.0187406 0.0215614
v -0.0857736 -0.0187639 0.0215789
v -0.085743 -0.0187782 0.0215896
v -0.0856954 -0.0187969 0.0216036
v -0.0857308 -0.0187839 0.0215939
v -0.0856456 -0.0188115 0.0216146
v -0.0856858 -0.0188004 0.0216063
v -0.0855941 -0.0188218 0.0216223
v -0.0856389 -0.0188133 0.021616
v -0.0855907 -0.0188225 0.0216228
v -0.0859974 -0.0140449 0.0235713
v -0.086 -0.0140449 0.0235204
v -0.0859896 -0.0140449 0.0236216
v -0.0859768 -0.0140449 0.0236709
v -0.085959 -0.0140449 0.0237187
v -0.0859364 -0.0140449 0.0237644
v -0.0859093 -0.0140449 0.0238075
v -0.085878 -0.0140449 0.0238477
v -0.0858427 -0.0140449 0.0238845
v -0.0858039 -0.0140449 0.0239174
v -0.0857619 -0.0140449 0.0239463
v -0.0857172 -0.0140449 0.0239707
v -0.0856703 -0.0140449 0.0239905
v -0.0856215 -0.0140449 0.0240054
v -0.0855715 -0.0140449 0.0240153
v -0.086 -0.0145951 0.0234927
v -0.086 -0.0151303 0.0234118
v -0.086 -0.0156509 0.0232797
v -0.086 -0.0160157 0.0231536
v -0.086 -0.0165171 0.0229308
v -0.086 -0.0169867 0.0226635
v -0.086 -0.0174256 0.0223529
v -0.086 -0.0175965 0.0222133
v -0.086 -0.017991 0.0218424
v -0.086 -0.0183447 0.0214374
v -0.0859974 -0.0146002 0.023543
v -0.0859898 -0.0146052 0.0235928
v -0.0859771 -0.0146101 0.0236416
v -0.0859595 -0.0146149 0.0236889
v -0.0859372 -0.0146195 0.0237341
v -0.0859104 -0.0146238 0.0237769
v -0.0858794 -0.0146278 0.0238167
v -0.0858445 -0.0146315 0.0238533
v -0.085806 -0.0146348 0.0238861
v -0.0857645 -0.0146377 0.0239149
v -0.0857202 -0.0146402 0.0239393
v -0.0856736 -0.0146422 0.0239592
v -0.0856253 -0.0146437 0.0239743
v -0.0855757 -0.0146447 0.0239844
v -0.0859975 -0.0151402 0.0234611
v -0.0859899 -0.0151501 0.0235099
v -0.0859773 -0.0151598 0.0235578
v -0.0859599 -0.0151691 0.0236041
v -0.0859378 -0.0151781 0.0236485
v -0.0859113 -0.0151866 0.0236905
v -0.0858806 -0.0151945 0.0237296
v -0.085846 -0.0152018 0.0237656
v -0.0858079 -0.0152083 0.0237979
v -0.0857667 -0.0152141 0.0238263
v -0.0857228 -0.0152189 0.0238505
v -0.0856766 -0.0152229 0.0238703
v -0.0856286 -0.015226 0.0238854
v -0.0855793 -0.0152281 0.0238957
v -0.0859975 -0.0156655 0.0233276
v -0.08599 -0.0156801 0.023375
v -0.0859775 -0.0156943 0.0234214
v -0.0859602 -0.0157081 0.0234665
v -0.0859384 -0.0157214 0.0235096
v -0.0859121 -0.0157339 0.0235504
v -0.0858816 -0.0157456 0.0235886
v -0.0858473 -0.0157563 0.0236236
v -0.0858095 -0.015766 0.0236551
v -0.0857686 -0.0157745 0.0236829
v -0.085725 -0.0157818 0.0237066
v -0.0856792 -0.0157877 0.023726
v -0.0856315 -0.0157923 0.0237409
v -0.0855825 -0.0157954 0.0237512
v -0.0859975 -0.0160336 0.0232002
v -0.08599 -0.0160514 0.0232463
v -0.0859776 -0.0160689 0.0232916
v -0.0859605 -0.0160858 0.0233354
v -0.0859387 -0.016102 0.0233774
v -0.0859125 -0.0161173 0.0234172
v -0.0858823 -0.0161316 0.0234543
v -0.0858481 -0.0161448 0.0234884
v -0.0858105 -0.0161566 0.0235192
v -0.0857698 -0.0161671 0.0235463
v -0.0857264 -0.016176 0.0235695
v -0.0856808 -0.0161834 0.0235886
v -0.0856333 -0.016189 0.0236032
v -0.0855845 -0.016193 0.0236134
v -0.0859975 -0.0165395 0.0229752
v -0.0859901 -0.0165618 0.0230192
v -0.0859778 -0.0165836 0.0230623
v -0.0859607 -0.0166047 0.0231041
v -0.0859391 -0.016625 0.0231442
v -0.0859131 -0.0166442 0.0231822
v -0.085883 -0.0166621 0.0232176
v -0.0858491 -0.0166786 0.0232502
v -0.0858118 -0.0166935 0.0232797
v -0.0857713 -0.0167066 0.0233056
v -0.0857281 -0.0167179 0.0233279
v -0.0856827 -0.0167271 0.0233462
v -0.0856354 -0.0167343 0.0233603
v -0.0855868 -0.0167393 0.0233702
v -0.0859975 -0.0170134 0.0227054
v -0.0859901 -0.0170398 0.0227469
v -0.0859779 -0.0170656 0.0227875
v -0.0859609 -0.0170907 0.0228269
v -0.0859394 -0.0171148 0.0228647
v -0.0859136 -0.0171376 0.0229006
v -0.0858836 -0.0171589 0.022934
v -0.0858499 -0.0171785 0.0229648
v -0.0858127 -0.0171962 0.0229927
v -0.0857724 -0.0172118 0.0230172
v -0.0857294 -0.0172253 0.0230383
v -0.0856841 -0.0172363 0.0230557
v -0.0856371 -0.0172449 0.0230691
v -0.0855886 -0.0172509 0.0230786
v -0.0859975 -0.0174562 0.0223919
v -0.0859902 -0.0174864 0.0224305
v -0.085978 -0.0175161 0.0224684
v -0.0859611 -0.0175449 0.0225051
v -0.0859396 -0.0175725 0.0225403
v -0.0859139 -0.0175987 0.0225737
v -0.085884 -0.0176231 0.0226049
v -0.0858504 -0.0176457 0.0226336
v -0.0858133 -0.017666 0.0226596
v -0.0857731 -0.017684 0.0226825
v -0.0857303 -0.0176994 0.0227022
v -0.0856851 -0.0177122 0.0227184
v -0.0856382 -0.0177221 0.0227311
v -0.0855899 -0.0177291 0.02274
v -0.0859975 -0.0176286 0.022251
v -0.0859902 -0.0176604 0.0222884
v -0.085978 -0.0176915 0.022325
v -0.0859611 -0.0177217 0.0223605
v -0.0859397 -0.0177507 0.0223946
v -0.085914 -0.0177782 0.0224268
v -0.0858841 -0.0178039 0.022457
v -0.0858505 -0.0178275 0.0224848
v -0.0858135 -0.0178489 0.0225099
v -0.0857734 -0.0178678 0.0225321
v -0.0857305 -0.017884 0.0225512
v -0.0856854 -0.0178974 0.0225669
v -0.0856385 -0.0179078 0.0225792
v -0.0855902 -0.0179152 0.0225878
v -0.0859975 -0.0180267 0.0218767
v -0.0859902 -0.0180619 0.0219107
v -0.085978 -0.0180965 0.0219441
v -0.0859612 -0.0181301 0.0219764
v -0.0859398 -0.0181623 0.0220074
v -0.0859141 -0.0181928 0.0220368
v -0.0858843 -0.0182213 0.0220643
v -0.0858508 -0.0182476 0.0220896
v -0.0858138 -0.0182713 0.0221125
v -0.0857737 -0.0182923 0.0221327
v -0.0857309 -0.0183104 0.0221501
v -0.0856859 -0.0183252 0.0221645
v -0.085639 -0.0183369 0.0221757
v -0.0855908 -0.0183451 0.0221836
v -0.0859975 -0.0183835 0.0214681
v -0.0859902 -0.018422 0.0214985
v -0.085978 -0.0184597 0.0215283
v -0.0859612 -0.0184962 0.0215572
v -0.0859398 -0.0185313 0.0215849
v -0.0859141 -0.0185645 0.0216112
v -0.0858843 -0.0185956 0.0216357
v -0.0858507 -0.0186242 0.0216584
v -0.0858137 -0.0186501 0.0216788
v -0.0857737 -0.018673 0.0216969
v -0.0857309 -0.0186926 0.0217124
v -0.0856859 -0.0187088 0.0217252
v -0.085639 -0.0187215 0.0217352
v -0.0855908 -0.0187304 0.0217423
v -0.086 -0.0117321 0.0235204
v -0.0859974 -0.0117321 0.0235713
v -0.0859896 -0.0117321 0.0236216
v -0.0859768 -0.0117321 0.0236709
v -0.085959 -0.0117321 0.0237187
v -0.0859364 -0.0117321 0.0237644
v -0.0859093 -0.0117321 0.0238075
v -0.085878 -0.0117321 0.0238477
v -0.0858427 -0.0117321 0.0238845
v -0.0858039 -0.0117321 0.0239174
v -0.0857619 -0.0117321 0.0239463
v -0.0857172 -0.0117321 0.0239707
v -0.0856703 -0.0117321 0.0239905
v -0.0856215 -0.0117321 0.0240054
v -0.0855715 -0.0117321 0.0240153
v -0.0855208 -0.0117321 0.02402
v -0.0780277 -0.0216375 0.0143305
v -0.0773367 -0.0217947 0.0139316
v -0.0766205 -0.0219083 0.0135181
v -0.0758832 -0.0219542 0.0130924
v -0.0786856 -0.0214385 0.0147103
v -0.0793027 -0.0212 0.0150667
v -0.0751458 -0.022 0.0126667
v -0.0845 -0.0189495 0.0180673
v -0.0859882 -0.0172 0.0204
v -0.0859811 -0.0172359 0.0203522
v -0.0859972 -0.0170942 0.0205349
v -0.086 -0.0169826 0.0206654
v -0.0859344 -0.0174688 0.0200416
v -0.0858532 -0.0176963 0.0197383
v -0.0857406 -0.0179161 0.0194452
v -0.0855981 -0.018126 0.0191654
v -0.0854271 -0.0183235 0.018902
v -0.0852294 -0.0185065 0.018658
v -0.0850074 -0.018673 0.0184359
v -0.0847634 -0.0188213 0.0182383
v -0.0846339 -0.018888 0.0181494
v -0.188854 -0.022 0.0126667
v -0.188117 -0.0219542 0.0130924
v -0.187379 -0.0219083 0.0135181
v -0.186663 -0.0217947 0.0139316
v -0.185972 -0.0216375 0.0143305
v -0.184697 -0.0212 0.0150667
v -0.185314 -0.0214385 0.0147103
v -0.178066 -0.0174688 0.0200416
v -0.178147 -0.0176963 0.0197383
v -0.178019 -0.0172359 0.0203522
v -0.178259 -0.0179161 0.0194452
v -0.178012 -0.0172 0.0204
v -0.178402 -0.018126 0.0191654
v -0.178573 -0.0183235 0.018902
v -0.178993 -0.018673 0.0184359
v -0.179366 -0.018888 0.0181494
v -0.1795 -0.0189495 0.0180673
v -0.178771 -0.0185065 0.018658
v -0.179237 -0.0188213 0.0182383
v -0.086 -0.0169362 0.0207164
v -0.086 -0.0166412 0.021004
v -0.086 -0.0159707 0.0214808
v -0.086 -0.014 0.022
v -0.086 -0.0144114 0.0219788
v -0.086 -0.0117321 0.022
v -0.086 -0.0163183 0.0212597
v -0.086 -0.0156023 0.0216651
v -0.086 -0.0152168 0.0218104
v -0.086 -0.0148184 0.0219154
v -0.178 -0.0169362 0.0207164
v -0.178 -0.0169826 0.0206654
v -0.178003 -0.0170942 0.0205349
v -0.178 -0.0166412 0.021004
v -0.178 -0.0163183 0.0212597
v -0.178 -0.0159707 0.0214808
v -0.178 -0.0156023 0.0216651
v -0.178 -0.0152168 0.0218104
v -0.178 -0.0148184 0.0219154
v -0.178 -0.0144114 0.0219788
v -0.178 -0.014 0.022
v -0.179237 -0.0205498 0.0182389
v -0.179261 -0.0205634 0.0182206
v -0.1795 -0.0206799 0.0180673
v -0.178993 -0.0204053 0.0184361
v -0.178999 -0.0204099 0.0184298
v -0.179129 -0.0204896 0.0183203
v -0.178771 -0.0202471 0.0186585
v -0.178873 -0.0203241 0.0185495
v -0.178574 -0.0200773 0.0189029
v -0.178635 -0.0201345 0.0188197
v -0.178751 -0.0202323 0.0186795
v -0.178403 -0.019898 0.0191659
v -0.178422 -0.0199219 0.0191304
v -0.178525 -0.020031 0.0189701
v -0.17826 -0.0197108 0.0194456
v -0.178329 -0.0198077 0.0193
v -0.178148 -0.0195179 0.0197388
v -0.178172 -0.0195664 0.0196644
v -0.178245 -0.019689 0.0194783
v -0.178066 -0.0193214 0.0200418
v -0.178111 -0.0194407 0.0198571
v -0.178018 -0.0191233 0.020352
v -0.178028 -0.0191837 0.0202568
v -0.178063 -0.0193128 0.020055
v -0.178 -0.0189259 0.0206654
v -0.178007 -0.0190544 0.0204608
v -0.0859836 -0.0114185 0.022
v -0.0859344 -0.0111083 0.022
v -0.0859822 -0.0114057 0.023521
v -0.0859829 -0.0114185 0.023521
v -0.0858532 -0.010805 0.022
v -0.085929 -0.0110833 0.0235229
v -0.0859332 -0.0111085 0.0235227
v -0.0857406 -0.0105118 0.022
v -0.085841 -0.0107685 0.0235259
v -0.0858514 -0.0108055 0.0235256
v -0.0855981 -0.0102321 0.022
v -0.0857193 -0.0104651 0.0235301
v -0.0857384 -0.0105127 0.0235295
v -0.0854271 -0.0099687 0.022
v -0.0855653 -0.0101767 0.0235355
v -0.0855956 -0.0102334 0.0235344
v -0.0852294 -0.00972466 0.022
v -0.0853808 -0.00990676 0.0235419
v -0.0854244 -0.00997051 0.0235404
v -0.0850074 -0.00950262 0.022
v -0.085168 -0.00965845 0.0235493
v -0.0852267 -0.00972698 0.0235472
v -0.0847634 -0.009305 0.022
v -0.0849293 -0.00943474 0.0235576
v -0.0850048 -0.00950543 0.023555
v -0.0847609 -0.00930827 0.0235634
v -0.0846677 -0.00923831 0.0235667
v -0.0845 -0.00913397 0.022
v -0.0845 -0.00913397 0.0235725
v -0.085506 -0.0114601 0.0240206
v -0.0854617 -0.0111914 0.0240224
v -0.0853884 -0.0109291 0.0240255
v -0.0852869 -0.0106763 0.0240297
v -0.0851586 -0.0104359 0.0240351
v -0.0850048 -0.010211 0.0240415
v -0.0848275 -0.0100041 0.0240489
v -0.0846286 -0.00981763 0.0240571
v -0.0842965 -0.00952231 0.0240683
v -0.0844106 -0.00965393 0.0240662
v -0.0843216 -0.00947812 0.0240593
v -0.084346 -0.00943487 0.0240451
v -0.0843693 -0.00939303 0.0240258
v -0.0843914 -0.00935304 0.0240017
v -0.084412 -0.00931534 0.023973
v -0.0844308 -0.00928032 0.0239401
v -0.0844477 -0.00924836 0.0239032
v -0.0844625 -0.0092198 0.0238628
v -0.0844751 -0.00919495 0.0238193
v -0.0844852 -0.00917406 0.0237732
v -0.0844928 -0.00915736 0.0237249
v -0.0844979 -0.00914504 0.023675
v -0.0845003 -0.00913721 0.023624
v -0.0842708 -0.00956699 0.024072
v -0.0855564 -0.0114546 0.0240159
v -0.0856061 -0.0114491 0.024006
v -0.0856546 -0.0114437 0.0239912
v -0.0857012 -0.0114385 0.0239714
v -0.0857457 -0.0114336 0.023947
v -0.0857874 -0.0114289 0.0239181
v -0.085826 -0.0114245 0.0238851
v -0.0858611 -0.0114205 0.0238483
v -0.0858922 -0.0114169 0.0238082
v -0.0859191 -0.0114137 0.023765
v -0.0859415 -0.0114111 0.0237193
v -0.0859592 -0.0114089 0.0236716
v -0.085972 -0.0114073 0.0236223
v -0.0859796 -0.0114062 0.0235719
v -0.0855112 -0.0111804 0.0240178
v -0.08556 -0.0111695 0.024008
v -0.0856076 -0.0111588 0.0239931
v -0.0856535 -0.0111485 0.0239734
v -0.0856971 -0.0111386 0.0239489
v -0.0857381 -0.0111292 0.0239201
v -0.085776 -0.0111205 0.0238871
v -0.0858104 -0.0111126 0.0238503
v -0.0858409 -0.0111054 0.0238101
v -0.0858673 -0.0110992 0.023767
v -0.0858893 -0.0110939 0.0237213
v -0.0859066 -0.0110896 0.0236735
v -0.0859191 -0.0110864 0.0236242
v -0.0859266 -0.0110843 0.0235738
v -0.0854365 -0.0109127 0.0240209
v -0.0854838 -0.0108965 0.0240111
v -0.08553 -0.0108806 0.0239963
v -0.0855745 -0.0108653 0.0239766
v -0.0856168 -0.0108506 0.0239522
v -0.0856566 -0.0108367 0.0239233
v -0.0856933 -0.0108238 0.0238903
v -0.0857266 -0.0108119 0.0238536
v -0.0857562 -0.0108013 0.0238134
v -0.0857817 -0.0107921 0.0237702
v -0.085803 -0.0107842 0.0237245
v -0.0858197 -0.0107779 0.0236767
v -0.0858316 -0.0107731 0.0236273
v -0.0858388 -0.01077 0.0235769
v -0.085333 -0.0106547 0.0240252
v -0.0853784 -0.0106334 0.0240155
v -0.0854226 -0.0106125 0.0240007
v -0.0854652 -0.0105923 0.023981
v -0.0855057 -0.0105729 0.0239567
v -0.0855437 -0.0105546 0.0239278
v -0.0855788 -0.0105377 0.0238949
v -0.0856107 -0.0105221 0.0238581
v -0.0856389 -0.0105082 0.0238179
v -0.0856633 -0.010496 0.0237746
v -0.0856835 -0.0104857 0.0237289
v -0.0856993 -0.0104774 0.023681
v -0.0857107 -0.0104711 0.0236316
v -0.0857174 -0.010467 0.0235811
v -0.0852021 -0.0104094 0.0240306
v -0.085245 -0.0103832 0.024021
v -0.0852867 -0.0103575 0.0240063
v -0.0853269 -0.0103327 0.0239867
v -0.0853651 -0.0103089 0.0239623
v -0.0854009 -0.0102865 0.0239335
v -0.0854339 -0.0102656 0.0239006
v -0.0854639 -0.0102465 0.0238638
v -0.0854904 -0.0102294 0.0238235
v -0.0855133 -0.0102144 0.0237803
v -0.0855322 -0.0102018 0.0237345
v -0.085547 -0.0101916 0.0236866
v -0.0855575 -0.010184 0.0236371
v -0.0855637 -0.010179 0.0235866
v -0.0850453 -0.0101798 0.0240372
v -0.0850851 -0.010149 0.0240276
v -0.0851238 -0.0101188 0.024013
v -0.0851611 -0.0100896 0.0239935
v -0.0851965 -0.0100617 0.0239692
v -0.0852297 -0.0100353 0.0239404
v -0.0852603 -0.0100108 0.0239074
v -0.085288 -0.0099884 0.0238706
v -0.0853125 -0.00996832 0.0238303
v -0.0853336 -0.00995079 0.023787
v -0.085351 -0.00993599 0.0237412
v -0.0853645 -0.00992408 0.0236932
v -0.0853741 -0.00991518 0.0236437
v -0.0853795 -0.00990939 0.0235931
v -0.0848644 -0.0099686 0.0240447
v -0.0849006 -0.00993352 0.0240353
v -0.0849359 -0.00989919 0.0240208
v -0.0849699 -0.00986596 0.0240013
v -0.0850021 -0.00983418 0.023977
v -0.0850322 -0.0098042 0.0239483
v -0.08506 -0.00977633 0.0239153
v -0.0850851 -0.00975085 0.0238785
v -0.0851073 -0.00972804 0.0238382
v -0.0851263 -0.00970814 0.0237948
v -0.0851419 -0.00969137 0.0237489
v -0.085154 -0.00967788 0.0237009
v -0.0851624 -0.00966784 0.0236512
v -0.0851671 -0.00966134 0.0236005
v -0.0846615 -0.00977827 0.0240531
v -0.0846938 -0.00973933 0.0240439
v -0.0847252 -0.00970122 0.0240294
v -0.0847554 -0.00966434 0.02401
v -0.084784 -0.00962908 0.0239858
v -0.0848107 -0.00959582 0.0239571
v -0.0848353 -0.00956491 0.0239241
v -0.0848575 -0.00953667 0.0238873
v -0.084877 -0.00951141 0.023847
v -0.0848937 -0.00948939 0.0238036
v -0.0849074 -0.00947084 0.0237576
v -0.0849178 -0.00945597 0.0237095
v -0.0849251 -0.00944492 0.0236597
v -0.0849289 -0.00943782 0.0236089
v -0.084439 -0.00961112 0.0240624
v -0.084467 -0.00956875 0.0240533
v -0.0844941 -0.0095273 0.024039
v -0.0845201 -0.00948719 0.0240196
v -0.0845448 -0.00944885 0.0239955
v -0.0845678 -0.00941269 0.0239668
v -0.0845889 -0.00937911 0.0239339
v -0.0846078 -0.00934844 0.023897
v -0.0846245 -0.00932102 0.0238566
v -0.0846386 -0.00929715 0.0238132
v -0.0846501 -0.00927707 0.0237671
v -0.0846589 -0.00926099 0.0237189
v -0.0846648 -0.0092491 0.023669
v -0.0846677 -0.00924151 0.0236181
v -0.0835 -0.00855662 0.022
v -0.0835 -0.00855662 0.0236141
v -0.0835003 -0.00855986 0.0236657
v -0.0834979 -0.00856769 0.0237167
v -0.0834928 -0.00858001 0.0237666
v -0.0834852 -0.00859671 0.0238148
v -0.0834751 -0.0086176 0.023861
v -0.0834625 -0.00864245 0.0239045
v -0.0834477 -0.00867101 0.0239449
v -0.0834308 -0.00870297 0.0239817
v -0.083412 -0.00873799 0.0240147
v -0.0833914 -0.00877569 0.0240434
v -0.0833693 -0.00881568 0.0240675
v -0.083346 -0.00885752 0.0240867
v -0.0833216 -0.00890077 0.024101
v -0.0832965 -0.00894496 0.02411
v -0.0832708 -0.00898964 0.0241137
v -0.0832366 -0.0083856 0.022
v -0.0833323 -0.00845229 0.0236223
v -0.0829926 -0.00818798 0.022
v -0.0832391 -0.00838232 0.0236268
v -0.0830707 -0.00825586 0.023635
v -0.0827706 -0.00796594 0.022
v -0.0829952 -0.00818517 0.0236387
v -0.082832 -0.00803215 0.0236466
v -0.0825729 -0.0077219 0.022
v -0.0827733 -0.00796362 0.0236495
v -0.0826192 -0.00778384 0.023657
v -0.0824019 -0.00745855 0.022
v -0.0825756 -0.00772009 0.0236591
v -0.0824347 -0.00751388 0.0236659
v -0.0822594 -0.00717876 0.022
v -0.0824044 -0.00745722 0.0236674
v -0.0822807 -0.0072255 0.0236734
v -0.0821468 -0.0068856 0.022
v -0.0822616 -0.00717788 0.0236744
v -0.082159 -0.00692212 0.0236793
v -0.0820656 -0.00658228 0.022
v -0.0821486 -0.0068851 0.0236798
v -0.082071 -0.00660733 0.0236836
v -0.0820164 -0.00627213 0.022
v -0.0820668 -0.00658207 0.0236838
v -0.0820178 -0.00628487 0.0236862
v -0.082 -0.00595855 0.022
v -0.0820171 -0.0062721 0.0236862
v -0.082 -0.00595855 0.0236871
v -0.0819974 -0.00595855 0.0237379
v -0.0819896 -0.00595855 0.0237883
v -0.0819768 -0.00595855 0.0238376
v -0.081959 -0.00595855 0.0238853
v -0.0819364 -0.00595855 0.023931
v -0.0819093 -0.00595855 0.0239742
v -0.081878 -0.00595855 0.0240143
v -0.0818427 -0.00595855 0.0240511
v -0.0818039 -0.00595855 0.0240841
v -0.0817619 -0.00595855 0.024113
v -0.0817172 -0.00595855 0.0241374
v -0.0816703 -0.00595855 0.0241572
v -0.0816215 -0.00595855 0.0241721
v -0.0815715 -0.00595855 0.0241819
v -0.0815416 -0.00633926 0.0241858
v -0.0815208 -0.00595855 0.0241866
v -0.0816036 -0.00671546 0.0241832
v -0.0817063 -0.00708271 0.0241789
v -0.0818482 -0.00743666 0.024173
v -0.0820279 -0.0077731 0.0241655
v -0.0822432 -0.00808805 0.0241565
v -0.0824915 -0.00837775 0.0241462
v -0.0827699 -0.00863874 0.0241346
v -0.0830752 -0.00886791 0.0241219
v -0.0820152 -0.00628538 0.0237371
v -0.0820076 -0.00628645 0.0237875
v -0.0819948 -0.00628807 0.0238368
v -0.0819771 -0.00629022 0.0238845
v -0.0819547 -0.00629288 0.0239302
v -0.0819278 -0.00629603 0.0239734
v -0.0818967 -0.00629962 0.0240135
v -0.0818616 -0.00630362 0.0240503
v -0.081823 -0.00630799 0.0240833
v -0.0817813 -0.00631269 0.0241121
v -0.0817368 -0.00631767 0.0241366
v -0.0816902 -0.00632286 0.0241563
v -0.0816417 -0.00632823 0.0241712
v -0.081592 -0.00633372 0.0241811
v -0.0820686 -0.00660834 0.0237345
v -0.0820611 -0.00661046 0.0237849
v -0.0820486 -0.00661368 0.0238342
v -0.0820313 -0.00661795 0.023882
v -0.0820093 -0.00662324 0.0239277
v -0.0819829 -0.00662949 0.0239709
v -0.0819524 -0.00663663 0.0240111
v -0.081918 -0.00664459 0.0240478
v -0.0818801 -0.00665328 0.0240808
v -0.0818391 -0.00666263 0.0241097
v -0.0817955 -0.00667252 0.0241341
v -0.0817496 -0.00668286 0.0241538
v -0.081702 -0.00669353 0.0241687
v -0.0821567 -0.0069236 0.0237303
v -0.0821496 -0.00692674 0.0237807
v -0.0821376 -0.0069315 0.0238301
v -0.0821209 -0.00693784 0.0238779
v -0.0820996 -0.00694568 0.0239236
v -0.0820741 -0.00695496 0.0239668
v -0.0820445 -0.00696556 0.024007
v -0.0820112 -0.00697739 0.0240438
v -0.0819745 -0.00699031 0.0240767
v -0.0819347 -0.00700419 0.0241056
v -0.0818924 -0.00701889 0.02413
v -0.0818479 -0.00703425 0.0241497
v -0.0816532 -0.00670444 0.0241785
v -0.0818017 -0.00705012 0.0241645
v -0.0822787 -0.00722742 0.0237244
v -0.082272 -0.00723151 0.0237749
v -0.0822606 -0.00723775 0.0238243
v -0.0822448 -0.00724607 0.0238722
v -0.0822246 -0.00725638 0.0239179
v -0.0822002 -0.00726856 0.0239611
v -0.082172 -0.0072825 0.0240013
v -0.0821401 -0.00729805 0.0240381
v -0.082105 -0.00731505 0.0240711
v -0.082067 -0.00733331 0.0240999
v -0.0820265 -0.00735266 0.0241243
v -0.0819839 -0.00737288 0.024144
v -0.0817544 -0.00706633 0.0241743
v -0.0819397 -0.00739377 0.0241588
v -0.082433 -0.00751618 0.023717
v -0.0824269 -0.00752117 0.0237675
v -0.0824164 -0.0075288 0.023817
v -0.0824016 -0.00753898 0.0238649
v -0.0823826 -0.00755161 0.0239107
v -0.0823598 -0.00756656 0.023954
v -0.0823332 -0.00758367 0.0239942
v -0.0823033 -0.00760277 0.024031
v -0.0822702 -0.00762364 0.024064
v -0.0822344 -0.00764609 0.0240928
v -0.0821962 -0.00766986 0.0241171
v -0.082156 -0.00769471 0.0241368
v -0.0818943 -0.0074151 0.0241685
v -0.0821143 -0.00772038 0.0241515
v -0.0826179 -0.00778646 0.0237081
v -0.0826124 -0.00779225 0.0237587
v -0.0826029 -0.00780115 0.0238083
v -0.0825894 -0.00781307 0.0238562
v -0.082572 -0.00782786 0.0239021
v -0.0825509 -0.0078454 0.0239454
v -0.0825264 -0.00786548 0.0239857
v -0.0824987 -0.00788789 0.0240225
v -0.0824681 -0.00791241 0.0240554
v -0.0824349 -0.00793877 0.0240842
v -0.0823995 -0.0079667 0.0241085
v -0.0823622 -0.00799591 0.0241281
v -0.0820715 -0.0077466 0.0241611
v -0.0823234 -0.00802608 0.0241427
v -0.0828311 -0.00803504 0.0236979
v -0.0828264 -0.00804154 0.0237486
v -0.082818 -0.00805158 0.0237982
v -0.0828059 -0.00806506 0.0238462
v -0.0827903 -0.00808184 0.0238922
v -0.0827713 -0.00810174 0.0239355
v -0.0827491 -0.00812455 0.0239758
v -0.082724 -0.00815002 0.0240126
v -0.0826962 -0.0081779 0.0240456
v -0.0826661 -0.00820788 0.0240744
v -0.0826339 -0.00823966 0.0240986
v -0.0826 -0.00827288 0.0241181
v -0.0822836 -0.0080569 0.0241522
v -0.0825647 -0.00830722 0.0241326
v -0.0830702 -0.00825894 0.0236864
v -0.0830664 -0.00826604 0.0237372
v -0.0830592 -0.00827709 0.0237869
v -0.0830487 -0.00829196 0.023835
v -0.083035 -0.00831051 0.023881
v -0.0830183 -0.00833253 0.0239244
v -0.0829988 -0.00835779 0.0239647
v -0.0829766 -0.00838603 0.0240016
v -0.082952 -0.00841694 0.0240346
v -0.0829253 -0.0084502 0.0240633
v -0.0828967 -0.00848546 0.0240875
v -0.0828665 -0.00852233 0.0241069
v -0.0825284 -0.0083423 0.024142
v -0.0828351 -0.00856045 0.0241213
v -0.0833323 -0.00845549 0.0236738
v -0.0833293 -0.00846308 0.0237247
v -0.0833235 -0.00847497 0.0237745
v -0.0833147 -0.00849104 0.0238227
v -0.0833032 -0.00851113 0.0238688
v -0.0832891 -0.008535 0.0239123
v -0.0832724 -0.00856242 0.0239526
v -0.0832534 -0.00859308 0.0239895
v -0.0832323 -0.00862667 0.0240225
v -0.0832094 -0.00866283 0.0240511
v -0.0831847 -0.00870117 0.0240753
v -0.0831587 -0.00874127 0.0240946
v -0.0828028 -0.00859939 0.0241306
v -0.0831316 -0.00878273 0.0241089
v -0.0831036 -0.00882509 0.024118
v -0.082 0.00595855 0.022
v -0.082 0.00595855 0.0236871
v -0.0819974 0.00595855 0.0237379
v -0.0819896 0.00595855 0.0237883
v -0.0819768 0.00595855 0.0238376
v -0.081959 0.00595855 0.0238853
v -0.0819364 0.00595855 0.023931
v -0.0819093 0.00595855 0.0239742
v -0.081878 0.00595855 0.0240143
v -0.0818427 0.00595855 0.0240511
v -0.0818039 0.00595855 0.0240841
v -0.0817619 0.00595855 0.024113
v -0.0817172 0.00595855 0.0241374
v -0.0816703 0.00595855 0.0241572
v -0.0816215 0.00595855 0.0241721
v -0.0815715 0.00595855 0.0241819
v -0.0815208 0.00595855 0.0241866
v -0.0820065 0.00615571 0.0236868
v -0.0820164 0.00627213 0.022
v -0.0820205 0.00627164 0.0236861
v -0.0820457 0.00648016 0.0236848
v -0.0820656 0.00658228 0.022
v -0.0820693 0.0065814 0.0236837
v -0.08212 0.00679844 0.0236812
v -0.0821468 0.0068856 0.022
v -0.0821502 0.00688441 0.0236798
v -0.0822284 0.00710679 0.023676
v -0.0822594 0.00717876 0.022
v -0.0822623 0.00717735 0.0236743
v -0.0823698 0.00740154 0.0236691
v -0.0824019 0.00745855 0.022
v -0.0824043 0.00745704 0.0236674
v -0.0825425 0.0076792 0.0236607
v -0.0825729 0.0077219 0.022
v -0.0825748 0.00772042 0.0236591
v -0.0827444 0.00793646 0.0236509
v -0.0827706 0.00796594 0.022
v -0.0827719 0.00796462 0.0236495
v -0.0829731 0.00817027 0.0236398
v -0.0829926 0.00818798 0.022
v -0.0829934 0.00818696 0.0236388
v -0.083226 0.00837781 0.0236275
v -0.0832366 0.0083856 0.022
v -0.083237 0.00838502 0.0236269
v -0.0835 0.00855662 0.0236141
v -0.0835 0.00855662 0.022
v -0.0835003 0.00855986 0.0236657
v -0.0834979 0.00856769 0.0237167
v -0.0834928 0.00858001 0.0237666
v -0.0834852 0.00859671 0.0238148
v -0.0834751 0.0086176 0.023861
v -0.0834625 0.00864245 0.0239045
v -0.0834477 0.00867101 0.0239449
v -0.0834308 0.00870297 0.0239817
v -0.083412 0.00873799 0.0240147
v -0.0833914 0.00877569 0.0240434
v -0.0833693 0.00881568 0.0240675
v -0.083346 0.00885752 0.0240867
v -0.0833216 0.00890077 0.024101
v -0.0832965 0.00894496 0.02411
v -0.0832708 0.00898964 0.0241137
v -0.0829511 0.00878103 0.024127
v -0.0826561 0.00853889 0.0241393
v -0.0823893 0.00826612 0.0241504
v -0.0821537 0.00796597 0.0241603
v -0.0819523 0.00764204 0.0241687
v -0.0817873 0.00729816 0.0241755
v -0.0816608 0.00693843 0.0241808
v -0.0815741 0.0065671 0.0241844
v -0.0815284 0.00618857 0.0241863
v -0.0832258 0.00838098 0.0236789
v -0.0832225 0.00838838 0.0237298
v -0.0832161 0.00839996 0.0237795
v -0.0832066 0.00841558 0.0238277
v -0.0831942 0.00843509 0.0238738
v -0.0831791 0.00845826 0.0239172
v -0.0831612 0.00848486 0.0239576
v -0.083141 0.0085146 0.0239944
v -0.0831184 0.00854718 0.0240274
v -0.0830939 0.00858223 0.0240561
v -0.0830677 0.0086194 0.0240802
v -0.08304 0.00865828 0.0240996
v -0.0830111 0.00869846 0.0241139
v -0.0829814 0.00873952 0.0241231
v -0.0829725 0.00817328 0.0236911
v -0.0829683 0.00818015 0.0237418
v -0.0829606 0.00819082 0.0237915
v -0.0829494 0.00820517 0.0238396
v -0.082935 0.00822304 0.0238856
v -0.0829174 0.00824425 0.0239289
v -0.0828967 0.00826857 0.0239693
v -0.0828734 0.00829575 0.0240061
v -0.0828475 0.0083255 0.0240391
v -0.0828193 0.00835751 0.0240678
v -0.0827893 0.00839143 0.024092
v -0.0827576 0.00842691 0.0241115
v -0.0827246 0.00846357 0.0241259
v -0.0826906 0.00850103 0.0241352
v -0.0827433 0.00793925 0.0237021
v -0.0827383 0.00794549 0.0237528
v -0.0827294 0.00795509 0.0238024
v -0.0827167 0.00796797 0.0238504
v -0.0827004 0.00798399 0.0238963
v -0.0826805 0.00800298 0.0239396
v -0.0826574 0.00802473 0.0239799
v -0.0826312 0.00804903 0.0240167
v -0.0826023 0.00807561 0.0240496
v -0.0825709 0.0081042 0.0240784
v -0.0825374 0.00813449 0.0241027
v -0.0825021 0.00816616 0.0241222
v -0.0824653 0.00819889 0.0241368
v -0.0824276 0.00823232 0.0241462
v -0.082541 0.0076817 0.0237118
v -0.0825353 0.00768719 0.0237624
v -0.0825254 0.0076956 0.0238119
v -0.0825113 0.00770684 0.0238598
v -0.0824933 0.0077208 0.0239057
v -0.0824715 0.00773733 0.023949
v -0.0824461 0.00775626 0.0239892
v -0.0824175 0.00777739 0.024026
v -0.0823858 0.0078005 0.024059
v -0.0823516 0.00782534 0.0240878
v -0.082315 0.00785165 0.0241121
v -0.0822765 0.00787917 0.0241317
v -0.0822365 0.00790759 0.0241463
v -0.0821954 0.00793663 0.0241559
v -0.082368 0.00740369 0.0237201
v -0.0823617 0.00740834 0.0237706
v -0.0823508 0.00741543 0.0238201
v -0.0823356 0.00742488 0.023868
v -0.0823161 0.00743661 0.0239138
v -0.0822926 0.00745049 0.023957
v -0.0822654 0.00746636 0.0239972
v -0.0822346 0.00748408 0.024034
v -0.0822007 0.00750344 0.024067
v -0.0821639 0.00752425 0.0240958
v -0.0821248 0.0075463 0.0241202
v -0.0820836 0.00756934 0.0241398
v -0.0820408 0.00759315 0.0241545
v -0.0819969 0.00761747 0.0241642
v -0.0822263 0.00710854 0.0237269
v -0.0822195 0.00711226 0.0237774
v -0.0822078 0.00711793 0.0238268
v -0.0821916 0.00712547 0.0238746
v -0.082171 0.00713482 0.0239204
v -0.0821461 0.00714586 0.0239636
v -0.0821173 0.0071585 0.0240038
v -0.0820848 0.00717259 0.0240405
v -0.082049 0.00718799 0.0240735
v -0.0820103 0.00720454 0.0241024
v -0.081969 0.00722206 0.0241268
v -0.0819256 0.00724038 0.0241465
v -0.0818805 0.00725931 0.0241612
v -0.0818343 0.00727863 0.024171
v -0.0821176 0.00679974 0.0237322
v -0.0821103 0.00680249 0.0237826
v -0.0820981 0.00680664 0.0238319
v -0.0820812 0.00681217 0.0238797
v -0.0820596 0.00681901 0.0239254
v -0.0820337 0.0068271 0.0239686
v -0.0820037 0.00683634 0.0240088
v -0.0819699 0.00684664 0.0240456
v -0.0819326 0.0068579 0.0240786
v -0.0818924 0.00687 0.0241074
v -0.0818494 0.00688281 0.0241318
v -0.0818044 0.0068962 0.0241515
v -0.0817576 0.00691003 0.0241664
v -0.0817095 0.00692416 0.0241762
v -0.0820432 0.00648098 0.0237357
v -0.0820356 0.00648269 0.0237861
v -0.082023 0.00648527 0.0238354
v -0.0820055 0.00648871 0.0238832
v -0.0819834 0.00649296 0.0239289
v -0.0819567 0.00649799 0.0239721
v -0.0819259 0.00650373 0.0240122
v -0.0818912 0.00651013 0.024049
v -0.0818529 0.00651712 0.024082
v -0.0818116 0.00652463 0.0241109
v -0.0817676 0.00653258 0.0241353
v -0.0817213 0.00654089 0.024155
v -0.0816733 0.00654947 0.0241699
v -0.0816241 0.00655824 0.0241797
v -0.0820039 0.00615602 0.0237376
v -0.0819962 0.00615667 0.023788
v -0.0819834 0.00615765 0.0238373
v -0.0819656 0.00615895 0.023885
v -0.0819431 0.00616056 0.0239307
v -0.0819161 0.00616245 0.0239739
v -0.0818848 0.00616462 0.024014
v -0.0818496 0.00616704 0.0240508
v -0.0818109 0.00616968 0.0240838
v -0.081769 0.00617252 0.0241127
v -0.0817244 0.00617553 0.0241371
v -0.0816775 0.00617867 0.0241569
v -0.0816289 0.00618191 0.0241718
v -0.081579 0.00618522 0.0241816
v -0.0845 0.00913397 0.0235725
v -0.0845 0.00913397 0.022
v -0.0842708 0.00956699 0.024072
v -0.0842965 0.00952231 0.0240683
v -0.0843216 0.00947812 0.0240593
v -0.084346 0.00943487 0.0240451
v -0.0843693 0.00939303 0.0240258
v -0.0843914 0.00935304 0.0240017
v -0.084412 0.00931534 0.023973
v -0.0844308 0.00928032 0.0239401
v -0.0844477 0.00924836 0.0239032
v -0.0844625 0.0092198 0.0238628
v -0.0844751 0.00919495 0.0238193
v -0.0844852 0.00917406 0.0237732
v -0.0844928 0.00915736 0.0237249
v -0.0844979 0.00914504 0.023675
v -0.0845003 0.00913721 0.023624
v -0.0855154 0.0115677 0.0240202
v -0.0854827 0.0112974 0.0240216
v -0.0854208 0.0110321 0.0240241
v -0.0853304 0.0107752 0.0240279
v -0.0852126 0.0105296 0.0240328
v -0.0850687 0.0102982 0.0240388
v -0.0849005 0.0100838 0.0240458
v -0.0847099 0.00988895 0.0240538
v -0.0844992 0.009716 0.0240625
v -0.0855208 0.0117321 0.02402
v -0.084763 0.00930558 0.0235634
v -0.084774 0.00931278 0.023563
v -0.0850066 0.00950364 0.0235549
v -0.0850269 0.00952033 0.0235542
v -0.0852281 0.00972598 0.0235472
v -0.0852556 0.00975414 0.0235462
v -0.0854252 0.00997018 0.0235404
v -0.0854575 0.0100114 0.0235392
v -0.0855957 0.0102336 0.0235344
v -0.0856302 0.0102891 0.0235332
v -0.0857377 0.0105132 0.0235295
v -0.0857716 0.0105838 0.0235283
v -0.0858498 0.0108062 0.0235256
v -0.08588 0.0108922 0.0235246
v -0.0859307 0.0111092 0.0235228
v -0.0859543 0.0112104 0.023522
v -0.0859795 0.011419 0.0235211
v -0.0859935 0.0115349 0.0235206
v -0.0856215 0.0117321 0.0240054
v -0.0856703 0.0117321 0.0239905
v -0.0857172 0.0117321 0.0239707
v -0.0857619 0.0117321 0.0239463
v -0.0858039 0.0117321 0.0239174
v -0.0858427 0.0117321 0.0238845
v -0.085878 0.0117321 0.0238477
v -0.0859093 0.0117321 0.0238075
v -0.0859364 0.0117321 0.0237644
v -0.085959 0.0117321 0.0237187
v -0.0859768 0.0117321 0.0236709
v -0.0859896 0.0117321 0.0236216
v -0.0859974 0.0117321 0.0235713
v -0.086 0.0117321 0.0235204
v -0.0855715 0.0117321 0.0240153
v -0.0845592 0.00963343 0.0240494
v -0.084588 0.00959325 0.0240351
v -0.0846157 0.00955437 0.0240157
v -0.084642 0.0095172 0.0239916
v -0.0846665 0.00948215 0.0239629
v -0.084689 0.00944957 0.0239299
v -0.0847093 0.00941983 0.0238931
v -0.0847271 0.00939323 0.0238527
v -0.0847423 0.00937006 0.0238093
v -0.0847547 0.00935055 0.0237632
v -0.0847641 0.00933493 0.023715
v -0.0847705 0.00932336 0.0236653
v -0.0847738 0.00931595 0.0236144
v -0.0845294 0.00967449 0.0240586
v -0.0847444 0.00985109 0.0240497
v -0.0847784 0.00981364 0.0240404
v -0.0848114 0.00977697 0.0240259
v -0.0848431 0.00974149 0.0240065
v -0.0848731 0.00970757 0.0239822
v -0.0849013 0.00967557 0.0239535
v -0.0849272 0.00964582 0.0239205
v -0.0849505 0.00961864 0.0238837
v -0.0849711 0.00959432 0.0238434
v -0.0849888 0.00957311 0.0238
v -0.0850032 0.00955523 0.023754
v -0.0850144 0.00954089 0.0237059
v -0.0850221 0.00953022 0.0236563
v -0.0850263 0.00952335 0.0236055
v -0.0849389 0.01005 0.0240416
v -0.0849766 0.0100166 0.0240321
v -0.0850133 0.00998384 0.0240176
v -0.0850486 0.00995216 0.0239981
v -0.0850822 0.00992187 0.0239738
v -0.0851136 0.00989329 0.023945
v -0.0851425 0.0098667 0.023912
v -0.0851687 0.00984241 0.0238752
v -0.0851918 0.00982065 0.0238349
v -0.0852116 0.00980167 0.0237916
v -0.085228 0.00978565 0.0237457
v -0.0852407 0.00977277 0.0236977
v -0.0852496 0.00976316 0.0236481
v -0.0852546 0.00975693 0.0235975
v -0.0851105 0.0102688 0.0240344
v -0.0851515 0.0102398 0.0240249
v -0.0851915 0.0102114 0.0240102
v -0.08523 0.0101839 0.0239907
v -0.0852666 0.0101575 0.0239663
v -0.0853009 0.0101327 0.0239375
v -0.0853325 0.0101096 0.0239046
v -0.0853611 0.0100885 0.0238678
v -0.0853865 0.0100695 0.0238275
v -0.0854083 0.010053 0.0237842
v -0.0854263 0.010039 0.0237384
v -0.0854404 0.0100278 0.0236905
v -0.0854503 0.0100194 0.0236409
v -0.0854561 0.0100139 0.0235904
v -0.0852572 0.010505 0.0240283
v -0.0853011 0.0104807 0.0240187
v -0.0853439 0.0104569 0.024004
v -0.0853851 0.0104338 0.0239843
v -0.0854243 0.0104118 0.02396
v -0.085461 0.010391 0.0239311
v -0.0854949 0.0103716 0.0238982
v -0.0855257 0.0103539 0.0238614
v -0.0855529 0.010338 0.0238211
v -0.0855764 0.0103241 0.0237779
v -0.0855959 0.0103124 0.0237321
v -0.0856111 0.0103029 0.0236842
v -0.085622 0.0102959 0.0236348
v -0.0856284 0.0102912 0.0235843
v -0.0853774 0.0107557 0.0240233
v -0.0854236 0.0107363 0.0240136
v -0.0854687 0.0107174 0.0239988
v -0.0855121 0.0106991 0.0239791
v -0.0855534 0.0106816 0.0239547
v -0.0855921 0.010665 0.0239259
v -0.0856279 0.0106496 0.0238929
v -0.0856604 0.0106355 0.0238561
v -0.0856892 0.0106229 0.0238159
v -0.0857141 0.0106118 0.0237727
v -0.0857347 0.0106025 0.023727
v -0.085751 0.0105949 0.0236792
v -0.0857626 0.0105893 0.0236298
v -0.0857695 0.0105856 0.0235793
v -0.0854696 0.0110179 0.0240195
v -0.0855176 0.0110037 0.0240097
v -0.0855644 0.0109899 0.0239949
v -0.0856095 0.0109765 0.0239751
v -0.0856524 0.0109637 0.0239507
v -0.0856927 0.0109516 0.0239219
v -0.0857299 0.0109404 0.0238889
v -0.0857637 0.01093 0.0238521
v -0.0857938 0.0109208 0.0238119
v -0.0858197 0.0109127 0.0237688
v -0.0858412 0.0109059 0.023723
v -0.0858582 0.0109004 0.0236753
v -0.0858704 0.0108962 0.0236259
v -0.0858777 0.0108935 0.0235755
v -0.0855327 0.0112885 0.0240169
v -0.085582 0.0112797 0.024007
v -0.0856299 0.0112712 0.0239922
v -0.0856762 0.0112629 0.0239724
v -0.0857202 0.0112549 0.023948
v -0.0857615 0.0112474 0.0239191
v -0.0857998 0.0112404 0.0238861
v -0.0858345 0.011234 0.0238494
v -0.0858653 0.0112283 0.0238092
v -0.085892 0.0112232 0.023766
v -0.0859141 0.011219 0.0237203
v -0.0859316 0.0112155 0.0236726
v -0.0859442 0.011213 0.0236233
v -0.0859518 0.0112113 0.0235729
v -0.085566 0.0115644 0.0240155
v -0.0856159 0.0115611 0.0240056
v -0.0856645 0.0115578 0.0239908
v -0.0857114 0.0115547 0.023971
v -0.085756 0.0115517 0.0239465
v -0.0857979 0.0115489 0.0239177
v -0.0858366 0.0115462 0.0238847
v -0.0858718 0.0115438 0.0238479
v -0.0859031 0.0115416 0.0238078
v -0.0859301 0.0115397 0.0237646
v -0.0859526 0.0115381 0.0237189
v -0.0859704 0.0115368 0.0236712
v -0.0859832 0.0115358 0.0236219
v -0.0859909 0.0115352 0.0235715
v -0.0847634 0.009305 0.022
v -0.0850074 0.00950262 0.022
v -0.0852294 0.00972466 0.022
v -0.0854271 0.0099687 0.022
v -0.0857406 0.0105118 0.022
v -0.0855981 0.0102321 0.022
v -0.0858532 0.010805 0.022
v -0.0859344 0.0111083 0.022
v -0.0859836 0.0114185 0.022
v -0.086 0.0117321 0.022
v -0.0855715 0.0140449 0.0240153
v -0.0856215 0.0140449 0.0240054
v -0.0856703 0.0140449 0.0239905
v -0.0857172 0.0140449 0.0239707
v -0.0857619 0.0140449 0.0239463
v -0.0858039 0.0140449 0.0239174
v -0.0858427 0.0140449 0.0238845
v -0.085878 0.0140449 0.0238477
v -0.0859093 0.0140449 0.0238075
v -0.0859364 0.0140449 0.0237644
v -0.085959 0.0140449 0.0237187
v -0.0859768 0.0140449 0.0236709
v -0.0859896 0.0140449 0.0236216
v -0.0859974 0.0140449 0.0235713
v -0.086 0.0140449 0.0235204
v -0.086 0.0145951 0.0234927
v -0.086 0.0151303 0.0234118
v -0.086 0.0156509 0.0232797
v -0.086 0.0160157 0.0231536
v -0.086 0.0165171 0.0229308
v -0.086 0.0169867 0.0226635
v -0.086 0.0174256 0.0223529
v -0.086 0.0175965 0.0222133
v -0.086 0.017991 0.0218424
v -0.086 0.0183447 0.0214374
v -0.0855907 0.0188225 0.0216228
v -0.0855941 0.0188218 0.0216223
v -0.0856456 0.0188115 0.0216146
v -0.0856389 0.0188133 0.021616
v -0.0856954 0.0187969 0.0216036
v -0.0856858 0.0188004 0.0216063
v -0.085743 0.0187782 0.0215896
v -0.0857308 0.0187839 0.0215939
v -0.0857879 0.0187556 0.0215726
v -0.0857736 0.0187639 0.0215789
v -0.0858296 0.0187293 0.0215529
v -0.0858137 0.0187406 0.0215614
v -0.0858675 0.0186996 0.0215307
v -0.0858507 0.0187142 0.0215416
v -0.0858843 0.018685 0.0215197
v -0.0859013 0.0186669 0.0215061
v -0.0859141 0.0186533 0.0214959
v -0.0859306 0.0186315 0.0214796
v -0.0859398 0.0186194 0.0214705
v -0.0859551 0.0185939 0.0214514
v -0.0859612 0.0185836 0.0214437
v -0.0859744 0.0185543 0.0214217
v -0.085978 0.0185463 0.0214157
v -0.0859885 0.0185134 0.021391
v -0.0859902 0.0185079 0.0213869
v -0.085997 0.0184715 0.0213596
v -0.0859975 0.0184687 0.0213575
v -0.086 0.0184291 0.0213278
v -0.0855757 0.0146447 0.0239844
v -0.0856253 0.0146437 0.0239743
v -0.0856736 0.0146422 0.0239592
v -0.0857202 0.0146402 0.0239393
v -0.0857645 0.0146377 0.0239149
v -0.085806 0.0146348 0.0238861
v -0.0858445 0.0146315 0.0238533
v -0.0858794 0.0146278 0.0238167
v -0.0859104 0.0146238 0.0237769
v -0.0859372 0.0146195 0.0237341
v -0.0859595 0.0146149 0.0236889
v -0.0859771 0.0146101 0.0236416
v -0.0859898 0.0146052 0.0235928
v -0.0859974 0.0146002 0.023543
v -0.0855793 0.0152281 0.0238957
v -0.0856286 0.015226 0.0238854
v -0.0856766 0.0152229 0.0238703
v -0.0857228 0.0152189 0.0238505
v -0.0857667 0.0152141 0.0238263
v -0.0858079 0.0152083 0.0237979
v -0.085846 0.0152018 0.0237656
v -0.0858806 0.0151945 0.0237296
v -0.0859113 0.0151866 0.0236905
v -0.0859378 0.0151781 0.0236485
v -0.0859599 0.0151691 0.0236041
v -0.0859773 0.0151598 0.0235578
v -0.0859899 0.0151501 0.0235099
v -0.0859975 0.0151402 0.0234611
v -0.0855825 0.0157954 0.0237512
v -0.0856315 0.0157923 0.0237409
v -0.0856792 0.0157877 0.023726
v -0.085725 0.0157818 0.0237066
v -0.0857686 0.0157745 0.0236829
v -0.0858095 0.015766 0.0236551
v -0.0858473 0.0157563 0.0236236
v -0.0858816 0.0157456 0.0235886
v -0.0859121 0.0157339 0.0235504
v -0.0859384 0.0157214 0.0235096
v -0.0859602 0.0157081 0.0234665
v -0.0859775 0.0156943 0.0234214
v -0.08599 0.0156801 0.023375
v -0.0859975 0.0156655 0.0233276
v -0.0855845 0.016193 0.0236134
v -0.0856333 0.016189 0.0236032
v -0.0856808 0.0161834 0.0235886
v -0.0857264 0.016176 0.0235695
v -0.0857698 0.0161671 0.0235463
v -0.0858105 0.0161566 0.0235192
v -0.0858481 0.0161448 0.0234884
v -0.0858823 0.0161316 0.0234543
v -0.0859125 0.0161173 0.0234172
v -0.0859387 0.016102 0.0233774
v -0.0859605 0.0160858 0.0233354
v -0.0859776 0.0160689 0.0232916
v -0.08599 0.0160514 0.0232463
v -0.0859975 0.0160336 0.0232002
v -0.0855868 0.0167393 0.0233702
v -0.0856354 0.0167343 0.0233603
v -0.0856827 0.0167271 0.0233462
v -0.0857281 0.0167179 0.0233279
v -0.0857713 0.0167066 0.0233056
v -0.0858118 0.0166935 0.0232797
v -0.0858491 0.0166786 0.0232502
v -0.085883 0.0166621 0.0232176
v -0.0859131 0.0166442 0.0231822
v -0.0859391 0.016625 0.0231442
v -0.0859607 0.0166047 0.0231041
v -0.0859778 0.0165836 0.0230623
v -0.0859901 0.0165618 0.0230192
v -0.0859975 0.0165395 0.0229752
v -0.0855886 0.0172509 0.0230786
v -0.0856371 0.0172449 0.0230691
v -0.0856841 0.0172363 0.0230557
v -0.0857294 0.0172253 0.0230383
v -0.0857724 0.0172118 0.0230172
v -0.0858127 0.0171962 0.0229927
v -0.0858499 0.0171785 0.0229648
v -0.0858836 0.0171589 0.022934
v -0.0859136 0.0171376 0.0229006
v -0.0859394 0.0171148 0.0228647
v -0.0859609 0.0170907 0.0228269
v -0.0859779 0.0170656 0.0227875
v -0.0859901 0.0170398 0.0227469
v -0.0859975 0.0170134 0.0227054
v -0.0855893 0.0177246 0.0227343
v -0.0856382 0.0177221 0.0227311
v -0.0856851 0.0177122 0.0227184
v -0.0857303 0.0176994 0.0227022
v -0.0857731 0.017684 0.0226825
v -0.0858133 0.017666 0.0226596
v -0.0858504 0.0176457 0.0226336
v -0.085884 0.0176231 0.0226049
v -0.0859139 0.0175987 0.0225737
v -0.0859396 0.0175725 0.0225403
v -0.0859611 0.0175449 0.0225051
v -0.085978 0.0175161 0.0224684
v -0.0859902 0.0174864 0.0224305
v -0.0859975 0.0174562 0.0223919
v -0.0855896 0.0179112 0.022583
v -0.0856385 0.0179078 0.0225792
v -0.0856854 0.0178974 0.0225669
v -0.0857305 0.017884 0.0225512
v -0.0857734 0.0178678 0.0225321
v -0.0858135 0.0178489 0.0225099
v -0.0858505 0.0178275 0.0224848
v -0.0858841 0.0178039 0.022457
v -0.085914 0.0177782 0.0224268
v -0.0859397 0.0177507 0.0223946
v -0.0859611 0.0177217 0.0223605
v -0.085978 0.0176915 0.022325
v -0.0859902 0.0176604 0.0222884
v -0.0859975 0.0176286 0.022251
v -0.0855908 0.0183451 0.0221836
v -0.085639 0.0183369 0.0221757
v -0.0856859 0.0183252 0.0221645
v -0.0857309 0.0183104 0.0221501
v -0.0857737 0.0182923 0.0221327
v -0.0858138 0.0182713 0.0221125
v -0.0858508 0.0182476 0.0220896
v -0.0858843 0.0182213 0.0220643
v -0.0859141 0.0181928 0.0220368
v -0.0859398 0.0181623 0.0220074
v -0.0859612 0.0181301 0.0219764
v -0.085978 0.0180965 0.0219441
v -0.0859902 0.0180619 0.0219107
v -0.0859975 0.0180267 0.0218767
v -0.0855908 0.0187304 0.0217423
v -0.085639 0.0187215 0.0217352
v -0.0856859 0.0187088 0.0217252
v -0.0857309 0.0186926 0.0217124
v -0.0857737 0.018673 0.0216969
v -0.0858137 0.0186501 0.0216788
v -0.0858507 0.0186242 0.0216584
v -0.0858843 0.0185956 0.0216357
v -0.0859141 0.0185645 0.0216112
v -0.0859398 0.0185313 0.0215849
v -0.0859612 0.0184962 0.0215572
v -0.085978 0.0184597 0.0215283
v -0.0859902 0.018422 0.0214985
v -0.0859975 0.0183835 0.0214681
v -0.0855941 0.0193184 0.0209598
v -0.0855415 0.0193245 0.0209643
v -0.0855804 0.0193207 0.0209615
v -0.0856187 0.0193144 0.0209568
v -0.0856456 0.0193083 0.0209522
v -0.0856563 0.0193058 0.0209503
v -0.085693 0.0192949 0.0209421
v -0.0856956 0.0192939 0.0209414
v -0.0857285 0.0192817 0.0209322
v -0.0857431 0.0192751 0.0209273
v -0.0857881 0.0192525 0.0209104
v -0.0857626 0.0192663 0.0209207
v -0.0857951 0.0192488 0.0209076
v -0.0858257 0.0192293 0.020893
v -0.0858298 0.0192263 0.0208907
v -0.0858544 0.019208 0.020877
v -0.0858677 0.0191965 0.0208684
v -0.0859016 0.0191639 0.0208439
v -0.0858809 0.019185 0.0208597
v -0.0859051 0.0191604 0.0208412
v -0.0859268 0.0191343 0.0208217
v -0.0859308 0.0191284 0.0208173
v -0.0859458 0.019107 0.0208012
v -0.0859552 0.0190907 0.020789
v -0.0859622 0.0190785 0.0207799
v -0.0859757 0.0190491 0.0207578
v -0.0859863 0.019019 0.0207352
v -0.0859747 0.0190512 0.0207594
v -0.0859939 0.0189883 0.0207122
v -0.0859884 0.0190102 0.0207286
v -0.0859968 0.0189683 0.0206972
v -0.0859985 0.0189572 0.0206888
v -0.086 0.0189259 0.0206654
v -0.0855357 0.019453 0.0207938
v -0.0859818 0.0191233 0.020352
v -0.085972 0.0191837 0.0202568
v -0.0855182 0.0195823 0.0206238
v -0.0854892 0.0197114 0.0204557
v -0.0859372 0.0193128 0.020055
v -0.0854491 0.0198393 0.0202907
v -0.085889 0.0194407 0.0198571
v -0.085934 0.0193214 0.0200418
v -0.0853983 0.019965 0.0201302
v -0.0858516 0.0195179 0.0197388
v -0.0858281 0.0195664 0.0196644
v -0.0853375 0.0200876 0.0199752
v -0.0857552 0.019689 0.0194783
v -0.0852676 0.0202064 0.0198266
v -0.0856713 0.0198077 0.0193
v -0.0857398 0.0197108 0.0194456
v -0.0851895 0.0203205 0.0196852
v -0.0855972 0.019898 0.0191659
v -0.0855776 0.0199219 0.0191304
v -0.0851041 0.0204296 0.0195516
v -0.0854751 0.020031 0.0189701
v -0.0850124 0.0205332 0.0194263
v -0.0853651 0.0201345 0.0188197
v -0.0854259 0.0200773 0.0189029
v -0.0849153 0.0206309 0.0193094
v -0.0852486 0.0202323 0.0186795
v -0.0848138 0.0207227 0.0192011
v -0.0851267 0.0203241 0.0185495
v -0.0852289 0.0202471 0.0186585
v -0.0847087 0.0208085 0.0191014
v -0.0850072 0.0204053 0.0184361
v -0.0850006 0.0204099 0.0184298
v -0.0846006 0.0208882 0.0190101
v -0.0848709 0.0204896 0.0183203
v -0.0844904 0.020962 0.018927
v -0.0847629 0.0205498 0.0182389
v -0.0847387 0.0205634 0.0182206
v -0.085993 0.0190544 0.0204608
v -0.0855756 0.0194503 0.0207891
v -0.0856149 0.0194451 0.0207825
v -0.0856534 0.0194374 0.020774
v -0.0856909 0.0194272 0.0207637
v -0.0857272 0.0194146 0.0207517
v -0.0857619 0.0193996 0.020738
v -0.0857949 0.0193824 0.0207227
v -0.085826 0.0193631 0.020706
v -0.0858549 0.0193418 0.0206879
v -0.0858815 0.0193187 0.0206685
v -0.0859055 0.0192938 0.020648
v -0.0859269 0.0192674 0.0206266
v -0.0859455 0.0192396 0.0206043
v -0.0859612 0.0192106 0.0205812
v -0.0859739 0.0191806 0.0205576
v -0.0859835 0.0191497 0.0205336
v -0.0859899 0.0191183 0.0205094
v -0.0859931 0.0190864 0.0204851
v -0.085559 0.0195809 0.0206172
v -0.0855991 0.0195768 0.0206085
v -0.0856385 0.01957 0.0205979
v -0.0856767 0.0195606 0.0205855
v -0.0857136 0.0195486 0.0205712
v -0.0857489 0.0195342 0.0205553
v -0.0857823 0.0195173 0.0205378
v -0.0858136 0.0194981 0.0205189
v -0.0858426 0.0194768 0.0204986
v -0.0858691 0.0194535 0.0204772
v -0.0858929 0.0194284 0.0204547
v -0.0859139 0.0194016 0.0204313
v -0.085932 0.0193733 0.0204072
v -0.0859469 0.0193437 0.0203826
v -0.0859586 0.0193131 0.0203575
v -0.085967 0.0192815 0.0203322
v -0.0859721 0.0192493 0.0203069
v -0.0859737 0.0192166 0.0202817
v -0.0855307 0.0197114 0.020447
v -0.0855716 0.0197084 0.0204363
v -0.0856116 0.0197027 0.0204235
v -0.0856504 0.0196941 0.0204088
v -0.0856878 0.0196828 0.0203923
v -0.0857234 0.0196688 0.0203741
v -0.0857571 0.0196522 0.0203544
v -0.0857885 0.0196333 0.0203332
v -0.0858175 0.019612 0.0203107
v -0.0858439 0.0195886 0.0202872
v -0.0858673 0.0195632 0.0202627
v -0.0858878 0.019536 0.0202375
v -0.0859051 0.0195071 0.0202116
v -0.0859191 0.0194769 0.0201854
v -0.0859298 0.0194456 0.020159
v -0.0859369 0.0194132 0.0201325
v -0.0859406 0.0193801 0.0201063
v -0.0859407 0.0193466 0.0200804
v -0.0854912 0.0198406 0.02028
v -0.0855326 0.0198389 0.0202671
v -0.0855731 0.0198342 0.020252
v -0.0856124 0.0198265 0.0202351
v -0.0856501 0.0198159 0.0202162
v -0.085686 0.0198025 0.0201957
v -0.0857198 0.0197863 0.0201737
v -0.0857512 0.0197675 0.0201503
v -0.08578 0.0197463 0.0201256
v -0.085806 0.0197227 0.0201
v -0.085829 0.019697 0.0200735
v -0.0858488 0.0196694 0.0200465
v -0.0858653 0.01964 0.020019
v -0.0858783 0.0196092 0.0199913
v -0.0858878 0.019577 0.0199636
v -0.0858936 0.0195439 0.0199361
v -0.0858958 0.0195099 0.0199091
v -0.0858943 0.0194754 0.0198827
v -0.0854408 0.0199678 0.0201173
v -0.0854826 0.0199674 0.0201021
v -0.0855235 0.0199637 0.0200848
v -0.085563 0.019957 0.0200655
v -0.0856009 0.0199471 0.0200444
v -0.0856369 0.0199343 0.0200215
v -0.0856706 0.0199185 0.0199971
v -0.0857019 0.0198999 0.0199714
v -0.0857304 0.0198787 0.0199446
v -0.085756 0.019855 0.0199169
v -0.0857784 0.019829 0.0198886
v -0.0857974 0.0198009 0.0198597
v -0.085813 0.019771 0.0198307
v -0.0858249 0.0197394 0.0198016
v -0.0858331 0.0197065 0.0197728
v -0.0858376 0.0196725 0.0197445
v -0.0858382 0.0196376 0.0197168
v -0.085835 0.0196021 0.01969
v -0.0853803 0.0200919 0.0199601
v -0.0854224 0.0200928 0.0199427
v -0.0854634 0.0200903 0.019923
v -0.0855031 0.0200845 0.0199013
v -0.085541 0.0200755 0.0198778
v -0.0855769 0.0200632 0.0198526
v -0.0856104 0.0200478 0.0198259
v -0.0856414 0.0200294 0.0197979
v -0.0856695 0.0200082 0.019769
v -0.0856944 0.0199844 0.0197393
v -0.0857161 0.0199581 0.019709
v -0.0857343 0.0199296 0.0196785
v -0.0857489 0.019899 0.019648
v -0.0857596 0.0198668 0.0196177
v -0.0857666 0.019833 0.0195879
v -0.0857696 0.0197981 0.0195588
v -0.0857687 0.0197622 0.0195307
v -0.0857639 0.0197258 0.0195038
v -0.0853105 0.0202121 0.0198093
v -0.0853526 0.0202144 0.0197896
v -0.0853936 0.0202131 0.0197676
v -0.0854332 0.0202084 0.0197435
v -0.085471 0.0202001 0.0197176
v -0.0855066 0.0201884 0.01969
v -0.0855399 0.0201735 0.019661
v -0.0855704 0.0201553 0.0196308
v -0.0855979 0.0201342 0.0195998
v -0.0856222 0.0201102 0.0195681
v -0.085643 0.0200836 0.0195361
v -0.0856603 0.0200546 0.019504
v -0.0856737 0.0200234 0.0194721
v -0.0856833 0.0199904 0.0194406
v -0.0856889 0.0199558 0.01941
v -0.0856905 0.01992 0.0193803
v -0.0856881 0.0198831 0.019352
v -0.0856817 0.0198456 0.0193251
v -0.0852322 0.0203279 0.0196657
v -0.0852742 0.0203315 0.0196437
v -0.0853151 0.0203315 0.0196193
v -0.0853544 0.0203277 0.0195929
v -0.0853918 0.0203203 0.0195645
v -0.0854271 0.0203093 0.0195346
v -0.0854598 0.0202948 0.0195033
v -0.0854897 0.0202769 0.019471
v -0.0855166 0.0202558 0.0194378
v -0.0855401 0.0202317 0.0194043
v -0.08556 0.0202047 0.0193705
v -0.0855762 0.0201753 0.0193369
v -0.0855885 0.0201435 0.0193038
v -0.0855969 0.0201097 0.0192714
v -0.0856012 0.0200742 0.01924
v -0.0856014 0.0200374 0.01921
v -0.0855975 0.0199995 0.0191815
v -0.0855895 0.0199609 0.0191549
v -0.0851465 0.0204385 0.0195299
v -0.0851882 0.0204436 0.0195056
v -0.0852286 0.0204448 0.0194789
v -0.0852675 0.0204421 0.01945
v -0.0853045 0.0204356 0.0194193
v -0.0853392 0.0204252 0.019387
v -0.0853713 0.0204112 0.0193535
v -0.0854004 0.0203935 0.019319
v -0.0854264 0.0203725 0.0192839
v -0.085449 0.0203482 0.0192485
v -0.085468 0.020321 0.0192132
v -0.0854831 0.020291 0.0191782
v -0.0854943 0.0202586 0.0191439
v -0.0855014 0.020224 0.0191106
v -0.0855044 0.0201876 0.0190787
v -0.0855032 0.0201498 0.0190484
v -0.0854979 0.0201108 0.0190201
v -0.0854885 0.0200711 0.0189939
v -0.0850543 0.0205437 0.0194023
v -0.0850954 0.0205502 0.0193757
v -0.0851353 0.0205527 0.0193467
v -0.0851735 0.0205511 0.0193155
v -0.0852098 0.0205454 0.0192824
v -0.0852438 0.0205358 0.0192479
v -0.0852751 0.0205222 0.0192122
v -0.0853034 0.0205048 0.0191756
v -0.0853285 0.0204838 0.0191386
v -0.0853501 0.0204594 0.0191014
v -0.085368 0.0204318 0.0190646
v -0.085382 0.0204013 0.0190283
v -0.085392 0.0203683 0.018993
v -0.0853979 0.0203329 0.018959
v -0.0853996 0.0202956 0.0189267
v -0.0853971 0.0202567 0.0188963
v -0.0853905 0.0202167 0.0188681
v -0.0853798 0.0201758 0.0188425
v -0.0849565 0.0206431 0.0192833
v -0.0849969 0.0206511 0.0192544
v -0.085036 0.0206548 0.019223
v -0.0850734 0.0206543 0.0191895
v -0.0851089 0.0206496 0.0191542
v -0.0851419 0.0206406 0.0191174
v -0.0851723 0.0206274 0.0190796
v -0.0851996 0.0206103 0.019041
v -0.0852237 0.0205894 0.0190021
v -0.0852442 0.0205649 0.0189634
v -0.085261 0.020537 0.0189251
v -0.0852738 0.020506 0.0188876
v -0.0852826 0.0204723 0.0188514
v -0.0852873 0.0204361 0.0188168
v -0.0852878 0.0203979 0.0187842
v -0.0852841 0.020358 0.0187539
v -0.0852763 0.0203168 0.0187261
v -0.0852644 0.0202748 0.0187012
v -0.0848541 0.0207365 0.0191728
v -0.0848935 0.0207459 0.0191417
v -0.0849316 0.020751 0.0191081
v -0.084968 0.0207516 0.0190723
v -0.0850025 0.0207477 0.0190348
v -0.0850345 0.0207394 0.0189958
v -0.0850638 0.0207268 0.0189559
v -0.08509 0.02071 0.0189154
v -0.0851129 0.0206891 0.0188748
v -0.0851323 0.0206644 0.0188345
v -0.0851479 0.0206362 0.0187949
v -0.0851596 0.0206047 0.0187564
v -0.0851672 0.0205703 0.0187194
v -0.0851708 0.0205333 0.0186843
v -0.0851701 0.0204942 0.0186515
v -0.0851653 0.0204532 0.0186214
v -0.0851564 0.0204109 0.0185941
v -0.0851435 0.0203678 0.0185701
v -0.0847478 0.0208238 0.019071
v -0.084786 0.0208347 0.0190377
v -0.084823 0.0208411 0.0190019
v -0.0848583 0.0208428 0.0189639
v -0.0848915 0.0208398 0.0189242
v -0.0849223 0.0208322 0.0188832
v -0.0849504 0.0208201 0.0188413
v -0.0849754 0.0208035 0.018799
v -0.0849971 0.0207827 0.0187567
v -0.0850153 0.0207579 0.0187149
v -0.0850297 0.0207294 0.0186741
v -0.0850402 0.0206974 0.0186347
v -0.0850467 0.0206623 0.018597
v -0.0850491 0.0206245 0.0185616
v -0.0850474 0.0205844 0.0185287
v -0.0850416 0.0205425 0.0184988
v -0.0850318 0.0204991 0.0184722
v -0.0850181 0.0204547 0.0184491
v -0.0846384 0.0209051 0.0189776
v -0.0846753 0.0209175 0.0189422
v -0.0847109 0.0209251 0.0189043
v -0.0847448 0.0209278 0.0188642
v -0.0847767 0.0209258 0.0188224
v -0.0848062 0.0209189 0.0187794
v -0.0848329 0.0209072 0.0187357
v -0.0848566 0.020891 0.0186916
v -0.0848771 0.0208703 0.0186478
v -0.0848939 0.0208453 0.0186047
v -0.0849071 0.0208165 0.0185627
v -0.0849165 0.020784 0.0185224
v -0.0849219 0.0207483 0.0184842
v -0.0849232 0.0207097 0.0184485
v -0.0849206 0.0206687 0.0184157
v -0.0849139 0.0206257 0.0183862
v -0.0849034 0.0205811 0.0183602
v -0.084889 0.0205356 0.0183382
v -0.0845267 0.0209805 0.0188926
v -0.084562 0.0209942 0.0188552
v -0.0845961 0.021003 0.0188152
v -0.0846285 0.0210069 0.0187731
v -0.0846589 0.0210057 0.0187293
v -0.0846868 0.0209995 0.0186844
v -0.0847121 0.0209883 0.0186389
v -0.0847344 0.0209723 0.0185932
v -0.0847535 0.0209517 0.0185479
v -0.0847691 0.0209267 0.0185036
v -0.084781 0.0208975 0.0184606
v -0.0847892 0.0208646 0.0184196
v -0.0847935 0.0208282 0.0183809
v -0.0847939 0.0207888 0.018345
v -0.0847904 0.0207469 0.0183123
v -0.084783 0.0207029 0.0182833
v -0.0847719 0.0206572 0.0182581
v -0.084757 0.0206106 0.0182371
v -0.086 0.0169826 0.0206654
v -0.086 0.0163183 0.0212597
v -0.086 0.0159707 0.0214808
v -0.086 0.0169362 0.0207164
v -0.086 0.014 0.022
v -0.086 0.0144114 0.0219788
v -0.086 0.0166412 0.021004
v -0.086 0.0148184 0.0219154
v -0.086 0.0156023 0.0216651
v -0.086 0.0152168 0.0218104
v -0.0845 0.0189495 0.0180673
v -0.0846339 0.018888 0.0181494
v -0.0847634 0.0188213 0.0182383
v -0.0850074 0.018673 0.0184359
v -0.0852294 0.0185065 0.018658
v -0.0854271 0.0183235 0.018902
v -0.0855981 0.018126 0.0191654
v -0.0857406 0.0179161 0.0194452
v -0.0858532 0.0176963 0.0197383
v -0.0859344 0.0174688 0.0200416
v -0.0859811 0.0172359 0.0203522
v -0.0859882 0.0172 0.0204
v -0.0859972 0.0170942 0.0205349
v -0.0773367 0.0217947 0.0139316
v -0.0793027 0.0212 0.0150667
v -0.0780277 0.0216375 0.0143305
v -0.0786856 0.0214385 0.0147103
v -0.0766205 0.0219083 0.0135181
v -0.0758832 0.0219542 0.0130924
v -0.0751458 0.022 0.0126667
v -0.185314 0.0214385 0.0147103
v -0.184697 0.0212 0.0150667
v -0.185972 0.0216375 0.0143305
v -0.186663 0.0217947 0.0139316
v -0.187379 0.0219083 0.0135181
v -0.188117 0.0219542 0.0130924
v -0.188854 0.022 0.0126667
v -0.178993 0.018673 0.0184359
v -0.178771 0.0185065 0.018658
v -0.178402 0.018126 0.0191654
v -0.178259 0.0179161 0.0194452
v -0.178066 0.0174688 0.0200416
v -0.178019 0.0172359 0.0203522
v -0.178147 0.0176963 0.0197383
v -0.178573 0.0183235 0.018902
v -0.1795 0.0189495 0.0180673
v -0.178012 0.0172 0.0204
v -0.179366 0.018888 0.0181494
v -0.179237 0.0188213 0.0182383
v -0.178 0.014 0.022
v -0.178 0.0144114 0.0219788
v -0.178 0.0148184 0.0219154
v -0.178 0.0152168 0.0218104
v -0.178 0.0156023 0.0216651
v -0.178 0.0159707 0.0214808
v -0.178 0.0163183 0.0212597
v -0.178 0.0166412 0.021004
v -0.178003 0.0170942 0.0205349
v -0.178 0.0169826 0.0206654
v -0.178 0.0169362 0.0207164
v -0.178016 0.019121 0.0203554
v -0.178017 0.0191233 0.0203518
v -0.178 0.0189259 0.0206654
v -0.178067 0.0193213 0.020042
v -0.178044 0.0192503 0.0201524
v -0.178086 0.0193794 0.0199517
v -0.178147 0.019518 0.0197385
v -0.178141 0.0195071 0.0197551
v -0.17821 0.0196325 0.0195639
v -0.178261 0.0197108 0.0194458
v -0.17829 0.0197547 0.0193795
v -0.17838 0.0198727 0.0192032
v -0.178403 0.019898 0.019166
v -0.178481 0.0199861 0.0190359
v -0.178574 0.0200775 0.0189025
v -0.17859 0.020094 0.0188783
v -0.178707 0.0201963 0.0187309
v -0.178772 0.0202469 0.0186589
v -0.17883 0.0202924 0.0185941
v -0.178958 0.0203824 0.018468
v -0.178993 0.020405 0.0184367
v -0.179089 0.0204661 0.0183524
v -0.179224 0.0205434 0.0182473
v -0.179237 0.02055 0.0182386
v -0.179361 0.0206147 0.0181524
v -0.1795 0.0206799 0.0180673
v -0.1965 -0.022 -0.00825235
v -0.1965 -0.022 0.00825235
v -0.197229 -0.022 -0.00766167
v -0.197007 -0.022 -0.00788371
v -0.197741 -0.022 -0.00687449
v -0.197598 -0.022 -0.00715428
v -0.198 -0.022 -0.00565428
v -0.197984 -0.022 -0.00596786
v -0.196763 -0.022 -0.00808133
v -0.197427 -0.022 -0.00741763
v -0.197934 -0.022 -0.00627801
v -0.197934 -0.022 0.00627801
v -0.197984 -0.022 0.00596786
v -0.197427 -0.022 0.00741763
v -0.197598 -0.022 0.00715428
v -0.196763 -0.022 0.00808133
v -0.197007 -0.022 0.00788371
v -0.197853 -0.022 -0.00658133
v -0.197853 -0.022 0.00658133
v -0.197229 -0.022 0.00766167
v -0.197741 -0.022 0.00687449
v -0.198 -0.022 0.00565428
v -0.198 -0.0261651 0.00565428
v -0.198 -0.0261651 -0.00565428
v -0.197993 -0.026164 -0.00585966
v -0.197953 -0.026158 -0.00618164
v -0.197931 -0.0261545 -0.00627716
v -0.197977 -0.0261616 -0.00602117
v -0.197983 -0.0261624 -0.00596777
v -0.197879 -0.0261467 -0.00649767
v -0.19785 -0.0261422 -0.00658018
v -0.197771 -0.0261302 -0.00680412
v -0.197738 -0.0261252 -0.00687311
v -0.19763 -0.0261089 -0.00709745
v -0.197596 -0.0261036 -0.00715278
v -0.197458 -0.0260827 -0.00737422
v -0.197425 -0.0260777 -0.00741613
v -0.197257 -0.0260521 -0.0076311
v -0.197228 -0.0260478 -0.00766031
v -0.197028 -0.0260174 -0.00786499
v -0.197007 -0.0260141 -0.00788264
v -0.196775 -0.0259789 -0.00807295
v -0.196763 -0.0259771 -0.00808071
v -0.1965 -0.0259372 -0.00825235
v -0.1965 -0.0259372 0.00825235
v -0.196538 -0.0259429 0.0082302
v -0.196762 -0.025977 0.00807917
v -0.19681 -0.0259843 0.00804685
v -0.197005 -0.026014 0.00788138
v -0.19706 -0.0260222 0.00783528
v -0.197227 -0.0260476 0.00765932
v -0.197285 -0.0260564 0.00759816
v -0.197424 -0.0260776 0.00741539
v -0.197483 -0.0260865 0.00733844
v -0.197595 -0.0261035 0.00715225
v -0.197651 -0.026112 0.00705928
v -0.197737 -0.0261251 0.00687276
v -0.197787 -0.0261327 0.006764
v -0.197849 -0.0261421 0.00657998
v -0.197891 -0.0261485 0.00645606
v -0.19793 -0.0261545 0.00627708
v -0.197961 -0.0261591 0.00613903
v -0.197982 -0.0261624 0.0059782
v -0.197983 -0.0261625 0.00596784
v -0.197996 -0.0261644 0.00581646
v -0.198435 -0.0266609 0.00565428
v -0.198435 -0.0266609 -0.00565428
v -0.198385 -0.0266516 -0.00565428
v -0.198385 -0.0266516 0.00565428
v -0.198335 -0.0266372 -0.00565428
v -0.198335 -0.0266372 0.00565428
v -0.198288 -0.0266178 -0.00565428
v -0.198288 -0.0266178 0.00565428
v -0.198242 -0.0265936 -0.00565428
v -0.198242 -0.0265936 0.00565428
v -0.1982 -0.0265648 -0.00565428
v -0.1982 -0.0265648 0.00565428
v -0.19816 -0.0265319 -0.00565428
v -0.19816 -0.0265319 0.00565428
v -0.198124 -0.026495 -0.00565428
v -0.198124 -0.026495 0.00565428
v -0.198092 -0.0264546 -0.00565428
v -0.198092 -0.0264546 0.00565428
v -0.198065 -0.0264112 -0.00565428
v -0.198065 -0.0264112 0.00565428
v -0.198042 -0.0263652 -0.00565428
v -0.198042 -0.0263652 0.00565428
v -0.198024 -0.026317 -0.00565428
v -0.198024 -0.026317 0.00565428
v -0.198011 -0.0262673 -0.00565428
v -0.198011 -0.0262673 0.00565428
v -0.198003 -0.0262164 -0.00565428
v -0.198003 -0.0262164 0.00565428
v -0.19843 -0.0266602 0.00584349
v -0.198415 -0.0266582 0.00603219
v -0.198389 -0.0266549 0.00621982
v -0.198308 -0.0266443 0.0065897
v -0.198187 -0.0266285 0.00694895
v -0.198028 -0.0266078 0.00729344
v -0.197832 -0.0265823 0.00761913
v -0.197601 -0.0265523 0.00792214
v -0.197339 -0.0265181 0.00819878
v -0.197047 -0.0264801 0.00844562
v -0.196729 -0.0264387 0.00865952
v -0.196496 -0.0259905 0.00825786
v -0.196495 -0.0260433 0.00826832
v -0.196498 -0.0260948 0.0082836
v -0.196503 -0.0261445 0.00830352
v -0.19651 -0.0261918 0.00832786
v -0.196521 -0.0262361 0.00835633
v -0.196534 -0.026277 0.00838861
v -0.19655 -0.0263139 0.00842432
v -0.196568 -0.0263465 0.00846305
v -0.196589 -0.0263744 0.00850434
v -0.196611 -0.0263972 0.00854774
v -0.196634 -0.0264147 0.00859272
v -0.196659 -0.0264267 0.00863877
v -0.196685 -0.026433 0.00868537
v -0.197998 -0.0262158 0.00581697
v -0.198006 -0.0262666 0.00581775
v -0.198019 -0.0263164 0.00581881
v -0.198037 -0.0263645 0.00582013
v -0.19806 -0.0264106 0.0058217
v -0.198088 -0.026454 0.0058235
v -0.19812 -0.0264944 0.00582551
v -0.198155 -0.0265312 0.00582771
v -0.198195 -0.0265642 0.00583007
v -0.198238 -0.0265929 0.00583258
v -0.198283 -0.0266171 0.00583521
v -0.19833 -0.0266365 0.00583792
v -0.19838 -0.0266509 0.00584069
v -0.197985 -0.0262138 0.0059792
v -0.197993 -0.0262647 0.00598077
v -0.198006 -0.0263144 0.00598288
v -0.198024 -0.0263626 0.00598552
v -0.198047 -0.0264086 0.00598864
v -0.198074 -0.0264521 0.00599224
v -0.198106 -0.0264924 0.00599625
v -0.198141 -0.0265293 0.00600064
v -0.198181 -0.0265623 0.00600537
v -0.198223 -0.026591 0.00601039
v -0.198268 -0.0266152 0.00601563
v -0.198316 -0.0266346 0.00602105
v -0.197963 -0.0262105 0.00614052
v -0.197971 -0.0262614 0.00614286
v -0.197983 -0.0263112 0.00614602
v -0.198001 -0.0263594 0.00614996
v -0.198024 -0.0264054 0.00615464
v -0.198051 -0.0264489 0.00616001
v -0.198082 -0.0264892 0.00616602
v -0.198118 -0.0265261 0.00617259
v -0.198157 -0.0265591 0.00617967
v -0.198199 -0.0265878 0.00618718
v -0.198244 -0.026612 0.00619503
v -0.198365 -0.026649 0.00602659
v -0.198291 -0.0266313 0.00620315
v -0.197893 -0.0262 0.0064585
v -0.1979 -0.026251 0.00646234
v -0.197912 -0.0263008 0.00646754
v -0.19793 -0.0263491 0.00647404
v -0.197951 -0.0263952 0.00648177
v -0.197978 -0.0264387 0.00649065
v -0.198008 -0.0264791 0.00650059
v -0.198043 -0.026516 0.00651147
v -0.198081 -0.0265489 0.00652319
v -0.198122 -0.0265776 0.00653562
v -0.198166 -0.0266017 0.00654863
v -0.198339 -0.0266457 0.00621144
v -0.198212 -0.026621 0.00656207
v -0.197789 -0.0261844 0.0067673
v -0.197795 -0.0262355 0.00677255
v -0.197807 -0.0262855 0.0067797
v -0.197823 -0.0263338 0.00678866
v -0.197844 -0.02638 0.00679933
v -0.197869 -0.0264236 0.00681162
v -0.197898 -0.026464 0.00682537
v -0.197931 -0.0265009 0.00684045
v -0.197968 -0.0265338 0.0068567
v -0.198007 -0.0265624 0.00687393
v -0.19805 -0.0265865 0.00689197
v -0.198259 -0.0266352 0.00657581
v -0.198094 -0.0266056 0.00691062
v -0.197652 -0.0261638 0.00706334
v -0.197657 -0.0262151 0.00706988
v -0.197668 -0.0262652 0.00707885
v -0.197683 -0.0263137 0.00709013
v -0.197702 -0.02636 0.00710361
v -0.197726 -0.0264037 0.00711915
v -0.197753 -0.0264441 0.00713657
v -0.197784 -0.026481 0.00715569
v -0.197819 -0.0265139 0.00717629
v -0.197857 -0.0265425 0.00719816
v -0.197897 -0.0265664 0.00722107
v -0.19814 -0.0266197 0.00692968
v -0.197939 -0.0265853 0.00724475
v -0.197483 -0.0261385 0.00734312
v -0.197487 -0.02619 0.00735082
v -0.197497 -0.0262403 0.00736144
v -0.19751 -0.026289 0.00737488
v -0.197528 -0.0263354 0.00739099
v -0.197549 -0.0263792 0.00740959
v -0.197575 -0.0264197 0.00743048
v -0.197604 -0.0264566 0.00745343
v -0.197636 -0.0264895 0.00747818
v -0.197671 -0.0265179 0.00750448
v -0.197709 -0.0265416 0.00753203
v -0.197983 -0.0265992 0.00726897
v -0.197748 -0.0265604 0.00756053
v -0.197284 -0.0261087 0.00760331
v -0.197288 -0.0261605 0.00761198
v -0.197295 -0.026211 0.00762409
v -0.197307 -0.0262599 0.00763948
v -0.197323 -0.0263065 0.007658
v -0.197342 -0.0263504 0.00767943
v -0.197365 -0.026391 0.00770355
v -0.197392 -0.0264279 0.00773008
v -0.197421 -0.0264607 0.00775874
v -0.197453 -0.026489 0.0077892
v -0.197488 -0.0265126 0.00782113
v -0.19779 -0.026574 0.00758967
v -0.197524 -0.0265311 0.00785417
v -0.197058 -0.0260748 0.00784073
v -0.19706 -0.0261268 0.0078502
v -0.197066 -0.0261777 0.00786356
v -0.197076 -0.0262268 0.00788068
v -0.19709 -0.0262736 0.00790136
v -0.197107 -0.0263176 0.00792537
v -0.197127 -0.0263583 0.00795243
v -0.19715 -0.0263952 0.00798226
v -0.197176 -0.0264279 0.00801451
v -0.197205 -0.0264561 0.00804883
v -0.197236 -0.0264795 0.00808482
v -0.197562 -0.0265444 0.00788797
v -0.197269 -0.0264977 0.00812209
v -0.196807 -0.0260372 0.00805243
v -0.196808 -0.0260895 0.00806248
v -0.196812 -0.0261406 0.00807688
v -0.19682 -0.02619 0.00809547
v -0.196831 -0.026237 0.00811803
v -0.196845 -0.0262812 0.00814432
v -0.196862 -0.0263219 0.00817403
v -0.196882 -0.0263589 0.00820682
v -0.196905 -0.0263916 0.00824233
v -0.19693 -0.0264196 0.00828014
v -0.196957 -0.0264427 0.00831984
v -0.197303 -0.0265106 0.00816022
v -0.196985 -0.0264606 0.00836096
v -0.196534 -0.0259962 0.00823573
v -0.196533 -0.0260489 0.00824615
v -0.196536 -0.0261004 0.00826134
v -0.196541 -0.02615 0.00828113
v -0.196549 -0.0261973 0.00830528
v -0.196561 -0.0262416 0.00833352
v -0.196574 -0.0262825 0.00836552
v -0.196591 -0.0263194 0.00840091
v -0.196609 -0.026352 0.00843929
v -0.19663 -0.0263799 0.00848021
v -0.196653 -0.0264028 0.00852319
v -0.197016 -0.0264731 0.00840305
v -0.196677 -0.0264203 0.00856775
v -0.196703 -0.0264323 0.00861337
v -0.190205 -0.0255859 0.0123653
v -0.190212 -0.0255885 0.0123775
v -0.19018 -0.025574 0.0123193
v -0.190193 -0.0255813 0.0123433
v -0.190157 -0.0255579 0.0122766
v -0.190175 -0.0255711 0.0123096
v -0.190156 -0.0255567 0.0122743
v -0.190134 -0.0255337 0.012231
v -0.190141 -0.0255418 0.0122443
v -0.190114 -0.0255059 0.0121896
v -0.190125 -0.0255229 0.0122132
v -0.190098 -0.0254772 0.0121547
v -0.190111 -0.0255013 0.0121832
v -0.190096 -0.0254734 0.0121509
v -0.19008 -0.0254363 0.0121153
v -0.190085 -0.0254507 0.0121279
v -0.190067 -0.0253955 0.0120829
v -0.190075 -0.0254219 0.0121028
v -0.190056 -0.0253512 0.0120545
v -0.190057 -0.0253585 0.0120586
v -0.190065 -0.0253912 0.0120796
v -0.190048 -0.0253039 0.0120303
v -0.190051 -0.0253243 0.0120397
v -0.190043 -0.0252543 0.0120102
v -0.190046 -0.0252886 0.0120232
v -0.190041 -0.0252138 0.0119976
v -0.190043 -0.0252517 0.0120092
v -0.190041 -0.0252028 0.0119951
v -0.190042 -0.0251501 0.0119847
v -0.190041 -0.0251752 0.0119887
v -0.190046 -0.0250968 0.0119788
v -0.190042 -0.0251361 0.0119824
v -0.190231 -0.0255926 0.0124119
v -0.185194 -0.0237078 0.0147799
v -0.186835 -0.0243567 0.0138327
v -0.18856 -0.0248353 0.0128365
v -0.184412 -0.0233186 0.0152312
v -0.179708 -0.0210785 0.0187993
v -0.184621 -0.0237172 0.0159632
v -0.184588 -0.0237383 0.0159256
v -0.179675 -0.0210996 0.0187616
v -0.184555 -0.0237545 0.0158848
v -0.179643 -0.0211157 0.0187209
v -0.184525 -0.0237654 0.0158415
v -0.179612 -0.0211267 0.0186775
v -0.184495 -0.0237711 0.015796
v -0.179583 -0.0211324 0.0186321
v -0.184468 -0.0237715 0.015749
v -0.179556 -0.0211327 0.0185851
v -0.184443 -0.0237664 0.015701
v -0.179531 -0.0211277 0.018537
v -0.18442 -0.0237561 0.0156525
v -0.179508 -0.0211174 0.0184886
v -0.184401 -0.0237406 0.0156042
v -0.179489 -0.0211019 0.0184403
v -0.184384 -0.0237202 0.0155566
v -0.179472 -0.0210814 0.0183927
v -0.184371 -0.0236949 0.0155103
v -0.179459 -0.0210562 0.0183464
v -0.184361 -0.0236652 0.0154658
v -0.179449 -0.0210265 0.0183019
v -0.184355 -0.0236315 0.0154236
v -0.179443 -0.0209927 0.0182597
v -0.184353 -0.023594 0.0153843
v -0.17944 -0.0209553 0.0182204
v -0.184354 -0.0235533 0.0153483
v -0.179442 -0.0209145 0.0181844
v -0.184359 -0.0235098 0.0153161
v -0.179446 -0.020871 0.0181521
v -0.184367 -0.023464 0.0152879
v -0.179455 -0.0208252 0.018124
v -0.184379 -0.0234165 0.0152642
v -0.179466 -0.0207778 0.0181003
v -0.184394 -0.0233679 0.0152453
v -0.179482 -0.0207291 0.0180813
v -0.17842 -0.0193207 0.0209615
v -0.178458 -0.0193245 0.0209643
v -0.178381 -0.0193144 0.0209568
v -0.178406 -0.0193184 0.0209598
v -0.178354 -0.0193083 0.0209522
v -0.178344 -0.0193058 0.0209503
v -0.178307 -0.0192949 0.0209421
v -0.178271 -0.0192817 0.0209322
v -0.178304 -0.0192939 0.0209414
v -0.178237 -0.0192663 0.0209207
v -0.178257 -0.0192751 0.0209273
v -0.178212 -0.0192525 0.0209104
v -0.178205 -0.0192488 0.0209076
v -0.178174 -0.0192293 0.020893
v -0.178146 -0.019208 0.020877
v -0.17817 -0.0192263 0.0208907
v -0.178119 -0.019185 0.0208597
v -0.178132 -0.0191965 0.0208684
v -0.178098 -0.0191639 0.0208439
v -0.178095 -0.0191604 0.0208412
v -0.178073 -0.0191343 0.0208217
v -0.178054 -0.019107 0.0208012
v -0.178069 -0.0191284 0.0208173
v -0.178038 -0.0190785 0.0207799
v -0.178045 -0.0190907 0.020789
v -0.178025 -0.0190512 0.0207594
v -0.178024 -0.0190491 0.0207578
v -0.178014 -0.019019 0.0207352
v -0.178006 -0.0189883 0.0207122
v -0.178012 -0.0190102 0.0207286
v -0.178002 -0.0189572 0.0206888
v -0.178003 -0.0189683 0.0206972
v -0.178464 -0.019453 0.0207938
v -0.178482 -0.0195823 0.0206238
v -0.178511 -0.0197114 0.0204557
v -0.178551 -0.0198393 0.0202907
v -0.178602 -0.019965 0.0201302
v -0.178663 -0.0200876 0.0199752
v -0.178732 -0.0202064 0.0198266
v -0.178811 -0.0203205 0.0196852
v -0.178896 -0.0204296 0.0195516
v -0.178988 -0.0205332 0.0194263
v -0.179085 -0.0206309 0.0193094
v -0.179186 -0.0207227 0.0192011
v -0.179291 -0.0208085 0.0191014
v -0.179399 -0.0208882 0.0190101
v -0.17951 -0.020962 0.018927
v -0.178424 -0.0194503 0.0207891
v -0.178385 -0.0194451 0.0207825
v -0.178347 -0.0194374 0.020774
v -0.178309 -0.0194272 0.0207637
v -0.178273 -0.0194146 0.0207517
v -0.178238 -0.0193996 0.020738
v -0.178205 -0.0193824 0.0207227
v -0.178174 -0.0193631 0.020706
v -0.178145 -0.0193418 0.0206879
v -0.178119 -0.0193187 0.0206685
v -0.178094 -0.0192938 0.020648
v -0.178073 -0.0192674 0.0206266
v -0.178054 -0.0192396 0.0206043
v -0.178039 -0.0192106 0.0205812
v -0.178026 -0.0191806 0.0205576
v -0.178017 -0.0191497 0.0205336
v -0.17801 -0.0191183 0.0205094
v -0.178007 -0.0190864 0.0204851
v -0.178441 -0.0195809 0.0206172
v -0.178401 -0.0195768 0.0206085
v -0.178362 -0.01957 0.0205979
v -0.178323 -0.0195606 0.0205855
v -0.178286 -0.0195486 0.0205712
v -0.178251 -0.0195342 0.0205553
v -0.178218 -0.0195173 0.0205378
v -0.178186 -0.0194981 0.0205189
v -0.178157 -0.0194768 0.0204986
v -0.178131 -0.0194535 0.0204772
v -0.178107 -0.0194284 0.0204547
v -0.178086 -0.0194016 0.0204313
v -0.178068 -0.0193733 0.0204072
v -0.178053 -0.0193437 0.0203826
v -0.178041 -0.0193131 0.0203575
v -0.178033 -0.0192815 0.0203322
v -0.178028 -0.0192493 0.0203069
v -0.178026 -0.0192166 0.0202817
v -0.178469 -0.0197114 0.020447
v -0.178428 -0.0197084 0.0204363
v -0.178388 -0.0197027 0.0204235
v -0.17835 -0.0196941 0.0204088
v -0.178312 -0.0196828 0.0203923
v -0.178277 -0.0196688 0.0203741
v -0.178243 -0.0196522 0.0203544
v -0.178211 -0.0196333 0.0203332
v -0.178182 -0.019612 0.0203107
v -0.178156 -0.0195886 0.0202872
v -0.178133 -0.0195632 0.0202627
v -0.178112 -0.019536 0.0202375
v -0.178095 -0.0195071 0.0202116
v -0.178081 -0.0194769 0.0201854
v -0.17807 -0.0194456 0.020159
v -0.178063 -0.0194132 0.0201325
v -0.178059 -0.0193801 0.0201063
v -0.178059 -0.0193466 0.0200804
v -0.178509 -0.0198406 0.02028
v -0.178467 -0.0198389 0.0202671
v -0.178427 -0.0198342 0.020252
v -0.178388 -0.0198265 0.0202351
v -0.17835 -0.0198159 0.0202162
v -0.178314 -0.0198025 0.0201957
v -0.17828 -0.0197863 0.0201737
v -0.178249 -0.0197675 0.0201503
v -0.17822 -0.0197463 0.0201256
v -0.178194 -0.0197227 0.0201
v -0.178171 -0.019697 0.0200735
v -0.178151 -0.0196694 0.0200465
v -0.178135 -0.01964 0.020019
v -0.178122 -0.0196092 0.0199913
v -0.178112 -0.019577 0.0199636
v -0.178106 -0.0195439 0.0199361
v -0.178104 -0.0195099 0.0199091
v -0.178106 -0.0194754 0.0198827
v -0.178559 -0.0199678 0.0201173
v -0.178517 -0.0199674 0.0201021
v -0.178477 -0.0199637 0.0200848
v -0.178437 -0.019957 0.0200655
v -0.178399 -0.0199471 0.0200444
v -0.178363 -0.0199343 0.0200215
v -0.178329 -0.0199185 0.0199971
v -0.178298 -0.0198999 0.0199714
v -0.17827 -0.0198787 0.0199446
v -0.178244 -0.019855 0.0199169
v -0.178222 -0.019829 0.0198886
v -0.178203 -0.0198009 0.0198597
v -0.178187 -0.019771 0.0198307
v -0.178175 -0.0197394 0.0198016
v -0.178167 -0.0197065 0.0197728
v -0.178162 -0.0196725 0.0197445
v -0.178162 -0.0196376 0.0197168
v -0.178165 -0.0196021 0.01969
v -0.17862 -0.0200919 0.0199601
v -0.178578 -0.0200928 0.0199427
v -0.178537 -0.0200903 0.019923
v -0.178497 -0.0200845 0.0199013
v -0.178459 -0.0200755 0.0198778
v -0.178423 -0.0200632 0.0198526
v -0.17839 -0.0200478 0.0198259
v -0.178359 -0.0200294 0.0197979
v -0.178331 -0.0200082 0.019769
v -0.178306 -0.0199844 0.0197393
v -0.178284 -0.0199581 0.019709
v -0.178266 -0.0199296 0.0196785
v -0.178251 -0.019899 0.019648
v -0.17824 -0.0198668 0.0196177
v -0.178233 -0.019833 0.0195879
v -0.17823 -0.0197981 0.0195588
v -0.178231 -0.0197622 0.0195307
v -0.178236 -0.0197258 0.0195038
v -0.17869 -0.0202121 0.0198093
v -0.178647 -0.0202144 0.0197896
v -0.178606 -0.0202131 0.0197676
v -0.178567 -0.0202084 0.0197435
v -0.178529 -0.0202001 0.0197176
v -0.178493 -0.0201884 0.01969
v -0.17846 -0.0201735 0.019661
v -0.17843 -0.0201553 0.0196308
v -0.178402 -0.0201342 0.0195998
v -0.178378 -0.0201102 0.0195681
v -0.178357 -0.0200836 0.0195361
v -0.17834 -0.0200546 0.019504
v -0.178326 -0.0200234 0.0194721
v -0.178317 -0.0199904 0.0194406
v -0.178311 -0.0199558 0.01941
v -0.178309 -0.01992 0.0193803
v -0.178312 -0.0198831 0.019352
v -0.178318 -0.0198456 0.0193251
v -0.178768 -0.0203279 0.0196657
v -0.178726 -0.0203315 0.0196437
v -0.178685 -0.0203315 0.0196193
v -0.178646 -0.0203277 0.0195929
v -0.178608 -0.0203203 0.0195645
v -0.178573 -0.0203093 0.0195346
v -0.17854 -0.0202948 0.0195033
v -0.17851 -0.0202769 0.019471
v -0.178483 -0.0202558 0.0194378
v -0.17846 -0.0202317 0.0194043
v -0.17844 -0.0202047 0.0193705
v -0.178424 -0.0201753 0.0193369
v -0.178411 -0.0201435 0.0193038
v -0.178403 -0.0201097 0.0192714
v -0.178399 -0.0200742 0.01924
v -0.178399 -0.0200374 0.01921
v -0.178403 -0.0199995 0.0191815
v -0.17841 -0.0199609 0.0191549
v -0.178853 -0.0204385 0.0195299
v -0.178812 -0.0204436 0.0195056
v -0.178771 -0.0204448 0.0194789
v -0.178732 -0.0204421 0.01945
v -0.178696 -0.0204356 0.0194193
v -0.178661 -0.0204252 0.019387
v -0.178629 -0.0204112 0.0193535
v -0.1786 -0.0203935 0.019319
v -0.178574 -0.0203725 0.0192839
v -0.178551 -0.0203482 0.0192485
v -0.178532 -0.020321 0.0192132
v -0.178517 -0.020291 0.0191782
v -0.178506 -0.0202586 0.0191439
v -0.178499 -0.020224 0.0191106
v -0.178496 -0.0201876 0.0190787
v -0.178497 -0.0201498 0.0190484
v -0.178502 -0.0201108 0.0190201
v -0.178511 -0.0200711 0.0189939
v -0.178946 -0.0205437 0.0194023
v -0.178905 -0.0205502 0.0193757
v -0.178865 -0.0205527 0.0193467
v -0.178826 -0.0205511 0.0193155
v -0.17879 -0.0205454 0.0192824
v -0.178756 -0.0205358 0.0192479
v -0.178725 -0.0205222 0.0192122
v -0.178697 -0.0205048 0.0191756
v -0.178672 -0.0204838 0.0191386
v -0.17865 -0.0204594 0.0191014
v -0.178632 -0.0204318 0.0190646
v -0.178618 -0.0204013 0.0190283
v -0.178608 -0.0203683 0.018993
v -0.178602 -0.0203329 0.018959
v -0.1786 -0.0202956 0.0189267
v -0.178603 -0.0202567 0.0188963
v -0.17861 -0.0202167 0.0188681
v -0.17862 -0.0201758 0.0188425
v -0.179043 -0.0206431 0.0192833
v -0.179003 -0.0206511 0.0192544
v -0.178964 -0.0206548 0.019223
v -0.178927 -0.0206543 0.0191895
v -0.178891 -0.0206496 0.0191542
v -0.178858 -0.0206406 0.0191174
v -0.178828 -0.0206274 0.0190796
v -0.1788 -0.0206103 0.019041
v -0.178776 -0.0205894 0.0190021
v -0.178756 -0.0205649 0.0189634
v -0.178739 -0.020537 0.0189251
v -0.178726 -0.020506 0.0188876
v -0.178717 -0.0204723 0.0188514
v -0.178713 -0.0204361 0.0188168
v -0.178712 -0.0203979 0.0187842
v -0.178716 -0.020358 0.0187539
v -0.178724 -0.0203168 0.0187261
v -0.178736 -0.0202748 0.0187012
v -0.179146 -0.0207365 0.0191728
v -0.179107 -0.0207459 0.0191417
v -0.179068 -0.020751 0.0191081
v -0.179032 -0.0207516 0.0190723
v -0.178998 -0.0207477 0.0190348
v -0.178966 -0.0207394 0.0189958
v -0.178936 -0.0207268 0.0189559
v -0.17891 -0.02071 0.0189154
v -0.178887 -0.0206891 0.0188748
v -0.178868 -0.0206644 0.0188345
v -0.178852 -0.0206362 0.0187949
v -0.17884 -0.0206047 0.0187564
v -0.178833 -0.0205703 0.0187194
v -0.178829 -0.0205333 0.0186843
v -0.17883 -0.0204942 0.0186515
v -0.178835 -0.0204532 0.0186214
v -0.178844 -0.0204109 0.0185941
v -0.178856 -0.0203678 0.0185701
v -0.179252 -0.0208238 0.019071
v -0.179214 -0.0208347 0.0190377
v -0.179177 -0.0208411 0.0190019
v -0.179142 -0.0208428 0.0189639
v -0.179109 -0.0208398 0.0189242
v -0.179078 -0.0208322 0.0188832
v -0.17905 -0.0208201 0.0188413
v -0.179025 -0.0208035 0.018799
v -0.179003 -0.0207827 0.0187567
v -0.178985 -0.0207579 0.0187149
v -0.17897 -0.0207294 0.0186741
v -0.17896 -0.0206974 0.0186347
v -0.178953 -0.0206623 0.018597
v -0.178951 -0.0206245 0.0185616
v -0.178953 -0.0205844 0.0185287
v -0.178958 -0.0205425 0.0184988
v -0.178968 -0.0204991 0.0184722
v -0.178982 -0.0204547 0.0184491
v -0.179362 -0.0209051 0.0189776
v -0.179325 -0.0209175 0.0189422
v -0.179289 -0.0209251 0.0189043
v -0.179255 -0.0209278 0.0188642
v -0.179223 -0.0209258 0.0188224
v -0.179194 -0.0209189 0.0187794
v -0.179167 -0.0209072 0.0187357
v -0.179143 -0.020891 0.0186916
v -0.179123 -0.0208703 0.0186478
v -0.179106 -0.0208453 0.0186047
v -0.179093 -0.0208165 0.0185627
v -0.179084 -0.020784 0.0185224
v -0.179078 -0.0207483 0.0184842
v -0.179077 -0.0207097 0.0184485
v -0.179079 -0.0206687 0.0184157
v -0.179086 -0.0206257 0.0183862
v -0.179097 -0.0205811 0.0183602
v -0.179111 -0.0205356 0.0183382
v -0.179473 -0.0209805 0.0188926
v -0.179438 -0.0209942 0.0188552
v -0.179404 -0.021003 0.0188152
v -0.179372 -0.0210069 0.0187731
v -0.179341 -0.0210057 0.0187293
v -0.179313 -0.0209995 0.0186844
v -0.179288 -0.0209883 0.0186389
v -0.179266 -0.0209723 0.0185932
v -0.179247 -0.0209517 0.0185479
v -0.179231 -0.0209267 0.0185036
v -0.179219 -0.0208975 0.0184606
v -0.179211 -0.0208646 0.0184196
v -0.179206 -0.0208282 0.0183809
v -0.179206 -0.0207888 0.018345
v -0.17921 -0.0207469 0.0183123
v -0.179217 -0.0207029 0.0182833
v -0.179228 -0.0206572 0.0182581
v -0.179243 -0.0206106 0.0182371
v -0.178406 -0.0188218 0.0216223
v -0.178409 -0.0188225 0.0216228
v -0.178458 -0.0188277 0.0216267
v -0.178354 -0.0188115 0.0216146
v -0.178361 -0.0188133 0.021616
v -0.178314 -0.0188004 0.0216063
v -0.178305 -0.0187969 0.0216036
v -0.178257 -0.0187782 0.0215896
v -0.178269 -0.0187839 0.0215939
v -0.178212 -0.0187556 0.0215726
v -0.178226 -0.0187639 0.0215789
v -0.178186 -0.0187406 0.0215614
v -0.17817 -0.0187293 0.0215529
v -0.178133 -0.0186996 0.0215307
v -0.178149 -0.0187142 0.0215416
v -0.178099 -0.0186669 0.0215061
v -0.178116 -0.018685 0.0215197
v -0.178069 -0.0186315 0.0214796
v -0.178086 -0.0186533 0.0214959
v -0.178045 -0.0185939 0.0214514
v -0.17806 -0.0186194 0.0214705
v -0.178039 -0.0185836 0.0214437
v -0.178026 -0.0185543 0.0214217
v -0.178012 -0.0185134 0.021391
v -0.178022 -0.0185463 0.0214157
v -0.178003 -0.0184715 0.0213596
v -0.17801 -0.0185079 0.0213869
v -0.178 -0.0184291 0.0213278
v -0.178002 -0.0184687 0.0213575
v -0.185179 -0.0240224 0.0156093
v -0.185199 -0.0240333 0.0155967
v -0.18688 -0.0247619 0.0145335
v -0.186528 -0.0246208 0.0147567
v -0.186764 -0.0247254 0.0146071
v -0.186187 -0.0244702 0.0149721
v -0.185848 -0.02432 0.0151867
v -0.18551 -0.0241708 0.0154001
v -0.185401 -0.0241223 0.0154695
v -0.18726 -0.0248808 0.0142933
v -0.188015 -0.0251177 0.0138147
v -0.188429 -0.0252475 0.0135526
v -0.187032 -0.0248093 0.0144376
v -0.189504 -0.0254534 0.0128721
v -0.188764 -0.0253117 0.0133406
v -0.18875 -0.025309 0.0133492
v -0.185367 -0.0241502 0.0154325
v -0.185337 -0.0241625 0.0153913
v -0.185309 -0.0241698 0.0153481
v -0.185282 -0.0241721 0.0153034
v -0.185257 -0.0241693 0.0152578
v -0.185234 -0.0241615 0.0152116
v -0.185213 -0.0241488 0.0151655
v -0.185195 -0.0241312 0.0151199
v -0.185179 -0.0241091 0.0150753
v -0.185167 -0.0240826 0.0150322
v -0.185157 -0.024052 0.014991
v -0.185151 -0.0240176 0.0149523
v -0.185147 -0.0239799 0.0149164
v -0.185147 -0.0239392 0.0148838
v -0.18515 -0.023896 0.0148547
v -0.185157 -0.0238508 0.0148295
v -0.185166 -0.023804 0.0148085
v -0.185179 -0.0237561 0.0147919
v -0.187003 -0.0248315 0.0144
v -0.186978 -0.0248362 0.0143595
v -0.186954 -0.0248366 0.0143181
v -0.186931 -0.0248326 0.0142763
v -0.18691 -0.0248242 0.0142343
v -0.18689 -0.0248116 0.0141927
v -0.186872 -0.0247948 0.0141517
v -0.186856 -0.0247739 0.0141118
v -0.186842 -0.0247493 0.0140732
v -0.18683 -0.0247211 0.0140365
v -0.186821 -0.0246895 0.0140018
v -0.186814 -0.0246549 0.0139695
v -0.186809 -0.0246176 0.01394
v -0.186807 -0.0245779 0.0139134
v -0.186808 -0.0245361 0.0138901
v -0.186811 -0.0244927 0.0138702
v -0.186816 -0.0244481 0.0138539
v -0.186824 -0.0244026 0.0138414
v -0.188727 -0.0253151 0.0133109
v -0.188705 -0.0253241 0.0132755
v -0.188685 -0.0253182 0.0132377
v -0.188665 -0.0253087 0.0132001
v -0.188647 -0.0252957 0.0131631
v -0.188629 -0.0252791 0.0131269
v -0.188613 -0.0252592 0.0130917
v -0.188599 -0.0252361 0.0130579
v -0.188586 -0.02521 0.0130257
v -0.188575 -0.0251811 0.0129953
v -0.188566 -0.0251496 0.012967
v -0.188558 -0.0251157 0.0129409
v -0.188553 -0.0250797 0.0129174
v -0.188549 -0.0250418 0.0128965
v -0.188547 -0.0250024 0.0128784
v -0.188547 -0.0249618 0.0128632
v -0.18855 -0.0249201 0.0128511
v -0.188554 -0.0248779 0.0128422
v -0.226 -0.030232 0.0120018
v -0.226 -0.03025 0.0116667
v -0.226 -0.0301928 0.0123058
v -0.226 -0.030227 0.0120948
v -0.226 -0.0301383 0.0125909
v -0.226 -0.0301583 0.0125181
v -0.226 -0.0300624 0.0128673
v -0.226 -0.0300158 0.013005
v -0.226 -0.0300447 0.0129316
v -0.226 -0.0299611 0.0131439
v -0.226 -0.0299044 0.0132876
v -0.226 -0.0298342 0.0134324
v -0.226 -0.0298875 0.0133305
v -0.226 -0.0297555 0.0135825
v -0.226 -0.0296692 0.0137393
v -0.226 -0.0296885 0.0137103
v -0.226 -0.02945 0.0140667
v -0.196496 -0.0259905 -0.00825786
v -0.196495 -0.0260433 -0.00826832
v -0.196498 -0.0260948 -0.0082836
v -0.196503 -0.0261445 -0.00830352
v -0.19651 -0.0261918 -0.00832786
v -0.196521 -0.0262361 -0.00835633
v -0.196534 -0.026277 -0.00838861
v -0.19655 -0.0263139 -0.00842432
v -0.196568 -0.0263465 -0.00846305
v -0.196589 -0.0263744 -0.00850434
v -0.196611 -0.0263972 -0.00854774
v -0.196634 -0.0264147 -0.00859272
v -0.196659 -0.0264267 -0.00863877
v -0.196685 -0.026433 -0.00868537
v -0.197006 -0.0264747 -0.00847606
v -0.197301 -0.0265132 -0.00823344
v -0.197568 -0.0265479 -0.00796058
v -0.197803 -0.0265785 -0.00766087
v -0.198004 -0.0266047 -0.00733798
v -0.198168 -0.0266261 -0.00699576
v -0.198294 -0.0266425 -0.00663824
v -0.198381 -0.0266538 -0.00626953
v -0.198409 -0.0266574 -0.00608232
v -0.198427 -0.0266598 -0.00589389
v -0.196772 -0.0260319 -0.00807854
v -0.196773 -0.0260843 -0.00808864
v -0.196777 -0.0261355 -0.00810316
v -0.196784 -0.0261849 -0.00812193
v -0.196795 -0.0262319 -0.00814472
v -0.196808 -0.0262761 -0.00817129
v -0.196825 -0.0263169 -0.00820132
v -0.196845 -0.0263538 -0.00823448
v -0.196867 -0.0263865 -0.00827039
v -0.196891 -0.0264145 -0.00830865
v -0.196918 -0.0264376 -0.0083488
v -0.196946 -0.0264554 -0.00839041
v -0.196975 -0.0264679 -0.00843299
v -0.197026 -0.02607 -0.00787047
v -0.197028 -0.0261221 -0.00788002
v -0.197034 -0.026173 -0.00789354
v -0.197043 -0.0262221 -0.00791086
v -0.197057 -0.0262689 -0.00793181
v -0.197073 -0.0263129 -0.00795614
v -0.197093 -0.0263536 -0.00798358
v -0.197116 -0.0263905 -0.00801382
v -0.197142 -0.0264233 -0.00804653
v -0.19717 -0.0264515 -0.00808133
v -0.1972 -0.0264748 -0.00811784
v -0.197233 -0.026493 -0.00815564
v -0.197267 -0.0265058 -0.00819432
v -0.197256 -0.0261045 -0.00763631
v -0.197259 -0.0261562 -0.0076451
v -0.197266 -0.0262068 -0.00765738
v -0.197278 -0.0262557 -0.00767301
v -0.197293 -0.0263023 -0.00769183
v -0.197312 -0.0263462 -0.00771363
v -0.197335 -0.0263868 -0.00773815
v -0.197361 -0.0264237 -0.00776514
v -0.19739 -0.0264565 -0.0077943
v -0.197422 -0.0264849 -0.00782529
v -0.197456 -0.0265084 -0.00785778
v -0.197492 -0.0265269 -0.0078914
v -0.197529 -0.0265401 -0.0079258
v -0.197458 -0.0261348 -0.00737897
v -0.197463 -0.0261863 -0.0073868
v -0.197471 -0.0262367 -0.00739764
v -0.197485 -0.0262854 -0.00741135
v -0.197502 -0.0263318 -0.00742779
v -0.197524 -0.0263756 -0.00744678
v -0.197549 -0.0264161 -0.00746811
v -0.197577 -0.026453 -0.00749156
v -0.197609 -0.0264859 -0.00751685
v -0.197644 -0.0265143 -0.00754372
v -0.197681 -0.026538 -0.00757186
v -0.19772 -0.0265568 -0.00760099
v -0.197761 -0.0265703 -0.00763076
v -0.197631 -0.0261607 -0.0071016
v -0.197636 -0.026212 -0.00710831
v -0.197647 -0.0262622 -0.0071175
v -0.197661 -0.0263107 -0.00712909
v -0.197681 -0.026357 -0.00714293
v -0.197704 -0.0264007 -0.00715889
v -0.197731 -0.0264411 -0.00717678
v -0.197762 -0.026478 -0.00719642
v -0.197797 -0.0265109 -0.00721759
v -0.197834 -0.0265395 -0.00724007
v -0.197874 -0.0265633 -0.0072636
v -0.197916 -0.0265823 -0.00728794
v -0.197959 -0.0265961 -0.00731283
v -0.197772 -0.0261819 -0.00680753
v -0.197779 -0.026233 -0.00681296
v -0.19779 -0.0262831 -0.00682036
v -0.197806 -0.0263314 -0.00682964
v -0.197827 -0.0263776 -0.0068407
v -0.197852 -0.0264212 -0.00685342
v -0.197881 -0.0264616 -0.00686768
v -0.197914 -0.0264985 -0.0068833
v -0.19795 -0.0265314 -0.00690014
v -0.197989 -0.0265601 -0.006918
v -0.198031 -0.0265841 -0.0069367
v -0.198075 -0.0266032 -0.00695603
v -0.198121 -0.0266172 -0.00697579
v -0.197881 -0.0261982 -0.00650023
v -0.197888 -0.0262492 -0.00650426
v -0.1979 -0.0262991 -0.00650972
v -0.197917 -0.0263474 -0.00651656
v -0.197939 -0.0263935 -0.00652469
v -0.197965 -0.026437 -0.00653403
v -0.197996 -0.0264774 -0.00654448
v -0.19803 -0.0265142 -0.00655593
v -0.198068 -0.0265472 -0.00656826
v -0.198109 -0.0265759 -0.00658134
v -0.198152 -0.0266 -0.00659502
v -0.198198 -0.0266192 -0.00660917
v -0.198246 -0.0266335 -0.00662362
v -0.197956 -0.0262094 -0.00618326
v -0.197963 -0.0262603 -0.0061858
v -0.197976 -0.0263101 -0.00618924
v -0.197994 -0.0263583 -0.00619352
v -0.198016 -0.0264044 -0.00619861
v -0.198043 -0.0264478 -0.00620445
v -0.198075 -0.0264882 -0.00621099
v -0.19811 -0.0265251 -0.00621815
v -0.198149 -0.026558 -0.00622585
v -0.198191 -0.0265867 -0.00623402
v -0.198235 -0.0266109 -0.00624256
v -0.198282 -0.0266303 -0.00625139
v -0.198331 -0.0266446 -0.00626041
v -0.19798 -0.026213 -0.00602231
v -0.197988 -0.0262639 -0.00602408
v -0.198001 -0.0263137 -0.00602647
v -0.198019 -0.0263619 -0.00602946
v -0.198041 -0.0264079 -0.006033
v -0.198069 -0.0264513 -0.00603707
v -0.1981 -0.0264917 -0.00604161
v -0.198136 -0.0265286 -0.00604659
v -0.198175 -0.0265615 -0.00605195
v -0.198218 -0.0265903 -0.00605763
v -0.198263 -0.0266145 -0.00606357
v -0.19831 -0.0266338 -0.00606971
v -0.198359 -0.0266482 -0.00607598
v -0.197996 -0.0262154 -0.0058603
v -0.198003 -0.0262662 -0.00586129
v -0.198016 -0.026316 -0.00586263
v -0.198035 -0.0263641 -0.0058643
v -0.198057 -0.0264102 -0.00586629
v -0.198085 -0.0264536 -0.00586857
v -0.198117 -0.026494 -0.00587111
v -0.198153 -0.0265308 -0.0058739
v -0.198192 -0.0265638 -0.00587689
v -0.198235 -0.0265925 -0.00588007
v -0.19828 -0.0266167 -0.0058834
v -0.198327 -0.0266361 -0.00588683
v -0.198377 -0.0266505 -0.00589034
v -0.226 -0.03025 -0.0116667
v -0.190231 -0.0255926 -0.0124119
v -0.190212 -0.0255885 -0.0123775
v -0.190205 -0.0255859 -0.0123653
v -0.190193 -0.0255813 -0.0123433
v -0.19018 -0.025574 -0.0123193
v -0.190175 -0.0255711 -0.0123096
v -0.190157 -0.0255579 -0.0122766
v -0.190156 -0.0255567 -0.0122743
v -0.190141 -0.0255418 -0.0122443
v -0.190134 -0.0255337 -0.012231
v -0.190125 -0.0255229 -0.0122132
v -0.190111 -0.0255013 -0.0121832
v -0.190098 -0.0254772 -0.0121547
v -0.190114 -0.0255059 -0.0121896
v -0.190096 -0.0254734 -0.0121509
v -0.190085 -0.0254507 -0.0121279
v -0.19008 -0.0254363 -0.0121153
v -0.190075 -0.0254219 -0.0121028
v -0.190067 -0.0253955 -0.0120829
v -0.190065 -0.0253912 -0.0120796
v -0.190057 -0.0253585 -0.0120586
v -0.190056 -0.0253512 -0.0120545
v -0.190051 -0.0253243 -0.0120397
v -0.190048 -0.0253039 -0.0120303
v -0.190046 -0.0252886 -0.0120232
v -0.190043 -0.0252543 -0.0120102
v -0.190043 -0.0252517 -0.0120092
v -0.190041 -0.0252138 -0.0119976
v -0.190041 -0.0252028 -0.0119951
v -0.190041 -0.0251752 -0.0119887
v -0.190042 -0.0251501 -0.0119847
v -0.190042 -0.0251361 -0.0119824
v -0.190046 -0.0250968 -0.0119788
v -0.185211 -0.0237155 -0.0147702
v -0.188364 -0.0247905 -0.0129499
v -0.186747 -0.0243273 -0.0138831
v -0.184412 -0.0233186 -0.0152312
v -0.189511 -0.025474 -0.0128677
v -0.189218 -0.0254257 -0.0130533
v -0.188769 -0.0253103 -0.0133373
v -0.188556 -0.0252555 -0.013472
v -0.188011 -0.025115 -0.0138177
v -0.187534 -0.0249922 -0.0141197
v -0.187259 -0.0248894 -0.0142936
v -0.186947 -0.0247726 -0.0144911
v -0.185836 -0.0243277 -0.0151941
v -0.185527 -0.0241725 -0.0153897
v -0.186161 -0.0244786 -0.0149883
v -0.186064 -0.0244423 -0.0150497
v -0.186527 -0.0246154 -0.014757
v -0.186893 -0.0247524 -0.0145252
v -0.184588 -0.0237383 -0.0159256
v -0.185221 -0.0240186 -0.0155835
v -0.185422 -0.0241197 -0.0154562
v -0.184555 -0.0237545 -0.0158848
v -0.184525 -0.0237654 -0.0158415
v -0.184495 -0.0237711 -0.015796
v -0.184468 -0.0237715 -0.015749
v -0.184443 -0.0237664 -0.015701
v -0.18442 -0.0237561 -0.0156525
v -0.184401 -0.0237406 -0.0156042
v -0.184384 -0.0237202 -0.0155566
v -0.184371 -0.0236949 -0.0155103
v -0.184361 -0.0236652 -0.0154658
v -0.184355 -0.0236315 -0.0154236
v -0.184353 -0.023594 -0.0153843
v -0.184354 -0.0235533 -0.0153483
v -0.184359 -0.0235098 -0.0153161
v -0.184367 -0.023464 -0.0152879
v -0.184379 -0.0234165 -0.0152642
v -0.184394 -0.0233679 -0.0152453
v -0.184621 -0.0237172 -0.0159632
v -0.188531 -0.0252663 -0.0134327
v -0.188508 -0.025279 -0.0133988
v -0.188487 -0.0252738 -0.0133606
v -0.188468 -0.0252649 -0.0133225
v -0.188449 -0.0252523 -0.0132848
v -0.188431 -0.0252361 -0.013248
v -0.188415 -0.0252165 -0.0132121
v -0.188401 -0.0251936 -0.0131776
v -0.188388 -0.0251676 -0.0131447
v -0.188377 -0.0251387 -0.0131136
v -0.188367 -0.0251071 -0.0130846
v -0.18836 -0.0250731 -0.0130579
v -0.188354 -0.0250369 -0.0130336
v -0.188351 -0.0249988 -0.0130121
v -0.188349 -0.0249591 -0.0129935
v -0.18835 -0.0249181 -0.0129778
v -0.188352 -0.0248761 -0.0129653
v -0.188357 -0.0248335 -0.0129559
v -0.186916 -0.0248007 -0.014455
v -0.186891 -0.0248058 -0.0144144
v -0.186867 -0.0248065 -0.0143729
v -0.186844 -0.0248028 -0.0143308
v -0.186822 -0.0247947 -0.0142887
v -0.186802 -0.0247823 -0.0142467
v -0.186784 -0.0247657 -0.0142055
v -0.186768 -0.024745 -0.0141652
v -0.186754 -0.0247205 -0.0141264
v -0.186742 -0.0246923 -0.0140893
v -0.186732 -0.0246608 -0.0140543
v -0.186725 -0.0246262 -0.0140217
v -0.186721 -0.0245888 -0.0139918
v -0.186719 -0.024549 -0.0139649
v -0.186719 -0.0245072 -0.0139413
v -0.186723 -0.0244637 -0.0139212
v -0.186728 -0.0244189 -0.0139046
v -0.186737 -0.0243733 -0.0138919
v -0.185385 -0.0241462 -0.0154144
v -0.185354 -0.0241706 -0.0153807
v -0.185326 -0.0241778 -0.0153375
v -0.185299 -0.02418 -0.0152929
v -0.185274 -0.0241772 -0.0152472
v -0.185251 -0.0241693 -0.0152011
v -0.18523 -0.0241565 -0.0151551
v -0.185212 -0.0241389 -0.0151095
v -0.185196 -0.0241168 -0.015065
v -0.185184 -0.0240902 -0.0150219
v -0.185174 -0.0240596 -0.0149809
v -0.185168 -0.0240253 -0.0149422
v -0.185164 -0.0239875 -0.0149064
v -0.185164 -0.0239469 -0.0148738
v -0.185167 -0.0239037 -0.0148448
v -0.185174 -0.0238585 -0.0148197
v -0.185183 -0.0238117 -0.0147987
v -0.185195 -0.0237638 -0.0147822
v -0.226 -0.02945 -0.0140667
v -0.226 -0.0296692 -0.0137393
v -0.226 -0.0297555 -0.0135825
v -0.226 -0.0296885 -0.0137103
v -0.226 -0.0298342 -0.0134324
v -0.226 -0.0299044 -0.0132876
v -0.226 -0.0298875 -0.0133305
v -0.226 -0.0299611 -0.0131439
v -0.226 -0.0300158 -0.013005
v -0.226 -0.0300624 -0.0128673
v -0.226 -0.0300447 -0.0129316
v -0.226 -0.0301383 -0.0125909
v -0.226 -0.0301928 -0.0123058
v -0.226 -0.0301583 -0.0125181
v -0.226 -0.030232 -0.0120018
v -0.226 -0.030227 -0.0120948
v -0.179708 -0.0210785 -0.0187993
v -0.179675 -0.0210996 -0.0187616
v -0.179643 -0.0211157 -0.0187209
v -0.179612 -0.0211267 -0.0186775
v -0.179583 -0.0211324 -0.0186321
v -0.179556 -0.0211327 -0.0185851
v -0.179531 -0.0211277 -0.018537
v -0.179508 -0.0211174 -0.0184886
v -0.179489 -0.0211019 -0.0184403
v -0.179472 -0.0210814 -0.0183927
v -0.179459 -0.0210562 -0.0183464
v -0.179449 -0.0210265 -0.0183019
v -0.179443 -0.0209927 -0.0182597
v -0.17944 -0.0209553 -0.0182204
v -0.179442 -0.0209145 -0.0181844
v -0.179446 -0.020871 -0.0181521
v -0.179455 -0.0208252 -0.018124
v -0.179466 -0.0207778 -0.0181003
v -0.179482 -0.0207291 -0.0180813
v -0.179593 -0.0210133 -0.0188702
v -0.179479 -0.0209421 -0.0189493
v -0.179366 -0.0208647 -0.0190369
v -0.179256 -0.020781 -0.0191332
v -0.17915 -0.0206911 -0.0192383
v -0.179048 -0.0205949 -0.0193523
v -0.17895 -0.0204927 -0.0194751
v -0.178859 -0.0203847 -0.0196065
v -0.178776 -0.0202714 -0.0197459
v -0.1787 -0.0201533 -0.0198928
v -0.178633 -0.0200311 -0.0200464
v -0.178576 -0.0199057 -0.0202057
v -0.17853 -0.019778 -0.0203696
v -0.178495 -0.019649 -0.0205369
v -0.178472 -0.0195196 -0.0207061
v -0.178458 -0.0193245 -0.0209643
v -0.178406 -0.0193184 -0.0209598
v -0.17842 -0.0193207 -0.0209615
v -0.178354 -0.0193083 -0.0209522
v -0.178381 -0.0193144 -0.0209568
v -0.178307 -0.0192949 -0.0209421
v -0.178271 -0.0192817 -0.0209322
v -0.178304 -0.0192939 -0.0209414
v -0.178257 -0.0192751 -0.0209273
v -0.178212 -0.0192525 -0.0209104
v -0.178237 -0.0192663 -0.0209207
v -0.178174 -0.0192293 -0.020893
v -0.178146 -0.019208 -0.020877
v -0.17817 -0.0192263 -0.0208907
v -0.178132 -0.0191965 -0.0208684
v -0.178098 -0.0191639 -0.0208439
v -0.178119 -0.019185 -0.0208597
v -0.178073 -0.0191343 -0.0208217
v -0.178054 -0.019107 -0.0208012
v -0.178069 -0.0191284 -0.0208173
v -0.178045 -0.0190907 -0.020789
v -0.178038 -0.0190785 -0.0207799
v -0.178025 -0.0190512 -0.0207594
v -0.178014 -0.019019 -0.0207352
v -0.178012 -0.0190102 -0.0207286
v -0.178006 -0.0189883 -0.0207122
v -0.178003 -0.0189683 -0.0206972
v -0.178002 -0.0189572 -0.0206888
v -0.178024 -0.0190491 -0.0207578
v -0.178095 -0.0191604 -0.0208412
v -0.178205 -0.0192488 -0.0209076
v -0.178344 -0.0193058 -0.0209503
v -0.179558 -0.0210329 -0.0188344
v -0.179524 -0.0210476 -0.0187955
v -0.179491 -0.0210574 -0.0187541
v -0.17946 -0.021062 -0.0187105
v -0.179431 -0.0210615 -0.0186653
v -0.179404 -0.0210558 -0.0186191
v -0.17938 -0.021045 -0.0185723
v -0.179359 -0.0210292 -0.0185254
v -0.179341 -0.0210087 -0.0184791
v -0.179326 -0.0209835 -0.0184339
v -0.179315 -0.0209542 -0.0183903
v -0.179308 -0.0209209 -0.0183487
v -0.179304 -0.020884 -0.0183097
v -0.179305 -0.020844 -0.0182738
v -0.179309 -0.0208014 -0.0182413
v -0.179316 -0.0207567 -0.0182126
v -0.179328 -0.0207103 -0.018188
v -0.179343 -0.0206627 -0.0181679
v -0.179442 -0.0209601 -0.0189154
v -0.179406 -0.0209735 -0.0188786
v -0.179372 -0.020982 -0.0188391
v -0.179339 -0.0209855 -0.0187976
v -0.179308 -0.0209841 -0.0187544
v -0.17928 -0.0209777 -0.01871
v -0.179254 -0.0209664 -0.0186649
v -0.179231 -0.0209503 -0.0186197
v -0.179212 -0.0209297 -0.0185748
v -0.179196 -0.0209047 -0.0185308
v -0.179184 -0.0208756 -0.0184881
v -0.179175 -0.0208428 -0.0184472
v -0.17917 -0.0208066 -0.0184087
v -0.17917 -0.0207674 -0.0183728
v -0.179173 -0.0207257 -0.0183401
v -0.17918 -0.020682 -0.0183109
v -0.179191 -0.0206367 -0.0182855
v -0.179206 -0.0205903 -0.0182642
v -0.179328 -0.0208811 -0.019005
v -0.179291 -0.020893 -0.0189703
v -0.179255 -0.0209002 -0.018933
v -0.17922 -0.0209027 -0.0188935
v -0.179188 -0.0209003 -0.0188524
v -0.179158 -0.0208932 -0.0188099
v -0.179131 -0.0208814 -0.0187667
v -0.179107 -0.0208651 -0.0187232
v -0.179086 -0.0208444 -0.0186799
v -0.179069 -0.0208195 -0.0186371
v -0.179055 -0.0207907 -0.0185955
v -0.179046 -0.0207584 -0.0185555
v -0.17904 -0.0207229 -0.0185174
v -0.179038 -0.0206845 -0.0184818
v -0.179041 -0.0206438 -0.0184489
v -0.179047 -0.0206011 -0.0184193
v -0.179057 -0.0205569 -0.0183931
v -0.179072 -0.0205117 -0.0183708
v -0.179217 -0.0207958 -0.0191034
v -0.179178 -0.0208063 -0.0190709
v -0.179141 -0.0208122 -0.0190357
v -0.179105 -0.0208135 -0.0189985
v -0.179072 -0.0208103 -0.0189595
v -0.17904 -0.0208024 -0.0189191
v -0.179012 -0.0207901 -0.0188779
v -0.178986 -0.0207735 -0.0188362
v -0.178964 -0.0207527 -0.0187944
v -0.178946 -0.0207279 -0.0187531
v -0.178931 -0.0206995 -0.0187127
v -0.17892 -0.0206677 -0.0186735
v -0.178913 -0.0206328 -0.0186361
v -0.17891 -0.0205953 -0.0186008
v -0.178912 -0.0205555 -0.0185679
v -0.178917 -0.0205139 -0.0185379
v -0.178927 -0.0204708 -0.0185111
v -0.17894 -0.0204268 -0.0184877
v -0.179109 -0.0207043 -0.0192108
v -0.17907 -0.0207132 -0.0191804
v -0.179031 -0.0207178 -0.0191476
v -0.178994 -0.020718 -0.0191126
v -0.178959 -0.0207138 -0.0190758
v -0.178927 -0.0207053 -0.0190376
v -0.178897 -0.0206925 -0.0189984
v -0.178871 -0.0206755 -0.0189586
v -0.178847 -0.0206547 -0.0189186
v -0.178828 -0.02063 -0.0188788
v -0.178812 -0.0206019 -0.0188397
v -0.1788 -0.0205706 -0.0188015
v -0.178791 -0.0205364 -0.0187648
v -0.178788 -0.0204998 -0.0187299
v -0.178788 -0.0204609 -0.0186972
v -0.178792 -0.0204203 -0.0186669
v -0.178801 -0.0203785 -0.0186395
v -0.178813 -0.0203357 -0.0186151
v -0.179006 -0.0206064 -0.019327
v -0.178966 -0.0206139 -0.0192989
v -0.178926 -0.0206172 -0.0192684
v -0.178888 -0.0206162 -0.0192358
v -0.178853 -0.0206111 -0.0192013
v -0.178819 -0.0206019 -0.0191654
v -0.178788 -0.0205886 -0.0191283
v -0.178761 -0.0205714 -0.0190905
v -0.178736 -0.0205504 -0.0190523
v -0.178715 -0.0205259 -0.0190142
v -0.178698 -0.0204982 -0.0189764
v -0.178685 -0.0204674 -0.0189394
v -0.178676 -0.0204339 -0.0189035
v -0.17867 -0.020398 -0.0188691
v -0.178669 -0.0203601 -0.0188366
v -0.178673 -0.0203206 -0.0188062
v -0.17868 -0.0202799 -0.0187783
v -0.178692 -0.0202383 -0.0187531
v -0.178908 -0.0205026 -0.0194521
v -0.178867 -0.0205085 -0.0194263
v -0.178827 -0.0205105 -0.0193982
v -0.178788 -0.0205085 -0.0193679
v -0.178752 -0.0205024 -0.0193358
v -0.178717 -0.0204925 -0.0193022
v -0.178686 -0.0204787 -0.0192673
v -0.178657 -0.0204612 -0.0192316
v -0.178632 -0.0204402 -0.0191953
v -0.17861 -0.0204159 -0.0191589
v -0.178591 -0.0203884 -0.0191226
v -0.178577 -0.0203581 -0.0190868
v -0.178566 -0.0203253 -0.0190519
v -0.17856 -0.0202903 -0.0190182
v -0.178558 -0.0202533 -0.018986
v -0.17856 -0.0202149 -0.0189556
v -0.178566 -0.0201753 -0.0189274
v -0.178576 -0.0201348 -0.0189015
v -0.178817 -0.0203929 -0.0195857
v -0.178775 -0.0203974 -0.0195623
v -0.178734 -0.0203981 -0.0195366
v -0.178695 -0.020395 -0.0195087
v -0.178658 -0.0203881 -0.019479
v -0.178623 -0.0203774 -0.0194477
v -0.178591 -0.0203632 -0.0194151
v -0.178561 -0.0203454 -0.0193815
v -0.178535 -0.0203244 -0.0193472
v -0.178512 -0.0203001 -0.0193126
v -0.178493 -0.020273 -0.0192779
v -0.178477 -0.0202433 -0.0192435
v -0.178465 -0.0202111 -0.0192096
v -0.178458 -0.0201769 -0.0191767
v -0.178454 -0.0201409 -0.019145
v -0.178455 -0.0201034 -0.0191148
v -0.178459 -0.0200649 -0.0190864
v -0.178468 -0.0200257 -0.01906
v -0.178733 -0.020278 -0.0197274
v -0.178691 -0.0202811 -0.0197064
v -0.17865 -0.0202805 -0.019683
v -0.17861 -0.0202763 -0.0196576
v -0.178573 -0.0202685 -0.0196303
v -0.178537 -0.0202572 -0.0196014
v -0.178504 -0.0202425 -0.0195711
v -0.178474 -0.0202245 -0.0195397
v -0.178447 -0.0202033 -0.0195075
v -0.178423 -0.0201793 -0.0194747
v -0.178403 -0.0201525 -0.0194417
v -0.178386 -0.0201232 -0.0194088
v -0.178373 -0.0200917 -0.0193761
v -0.178364 -0.0200583 -0.0193442
v -0.178359 -0.0200232 -0.0193131
v -0.178359 -0.0199868 -0.0192832
v -0.178362 -0.0199493 -0.0192548
v -0.178369 -0.0199112 -0.019228
v -0.178657 -0.0201584 -0.0198765
v -0.178615 -0.02016 -0.0198579
v -0.178574 -0.0201582 -0.0198369
v -0.178534 -0.0201529 -0.019814
v -0.178496 -0.0201443 -0.0197891
v -0.17846 -0.0201324 -0.0197626
v -0.178427 -0.0201172 -0.0197346
v -0.178396 -0.020099 -0.0197054
v -0.178369 -0.0200778 -0.0196753
v -0.178344 -0.0200539 -0.0196445
v -0.178323 -0.0200274 -0.0196133
v -0.178305 -0.0199986 -0.0195819
v -0.178291 -0.0199678 -0.0195506
v -0.178281 -0.0199351 -0.0195197
v -0.178275 -0.0199009 -0.0194894
v -0.178272 -0.0198654 -0.01946
v -0.178274 -0.019829 -0.0194317
v -0.17828 -0.019792 -0.0194048
v -0.17859 -0.0200347 -0.0200324
v -0.178548 -0.0200349 -0.020016
v -0.178507 -0.0200319 -0.0199975
v -0.178468 -0.0200257 -0.0199769
v -0.17843 -0.0200163 -0.0199544
v -0.178394 -0.0200037 -0.0199303
v -0.17836 -0.0199881 -0.0199047
v -0.178329 -0.0199696 -0.0198778
v -0.178301 -0.0199484 -0.0198499
v -0.178276 -0.0199247 -0.0198211
v -0.178254 -0.0198985 -0.0197917
v -0.178235 -0.0198702 -0.0197619
v -0.17822 -0.01984 -0.0197321
v -0.178209 -0.019808 -0.0197024
v -0.178201 -0.0197747 -0.019673
v -0.178197 -0.0197401 -0.0196442
v -0.178198 -0.0197048 -0.0196163
v -0.178202 -0.0196688 -0.0195894
v -0.178534 -0.0199078 -0.0201939
v -0.178492 -0.0199067 -0.0201798
v -0.178452 -0.0199026 -0.0201636
v -0.178412 -0.0198954 -0.0201454
v -0.178374 -0.0198852 -0.0201253
v -0.178338 -0.019872 -0.0201036
v -0.178305 -0.0198561 -0.0200803
v -0.178273 -0.0198374 -0.0200557
v -0.178245 -0.0198161 -0.0200299
v -0.178219 -0.0197925 -0.0200032
v -0.178196 -0.0197667 -0.0199757
v -0.178177 -0.0197388 -0.0199477
v -0.178161 -0.0197091 -0.0199194
v -0.178148 -0.0196779 -0.019891
v -0.178139 -0.0196454 -0.0198627
v -0.178134 -0.0196118 -0.0198347
v -0.178133 -0.0195773 -0.0198073
v -0.178135 -0.0195424 -0.0197807
v -0.178488 -0.0197786 -0.0203599
v -0.178447 -0.0197763 -0.020348
v -0.178407 -0.0197711 -0.0203341
v -0.178368 -0.019763 -0.0203182
v -0.17833 -0.019752 -0.0203005
v -0.178295 -0.0197383 -0.0202811
v -0.178261 -0.019722 -0.0202602
v -0.178229 -0.0197031 -0.0202378
v -0.1782 -0.0196818 -0.0202143
v -0.178174 -0.0196583 -0.0201896
v -0.178151 -0.0196328 -0.0201641
v -0.178131 -0.0196054 -0.0201379
v -0.178114 -0.0195763 -0.0201112
v -0.1781 -0.0195457 -0.0200842
v -0.17809 -0.019514 -0.0200571
v -0.178084 -0.0194812 -0.0200301
v -0.178081 -0.0194477 -0.0200034
v -0.178082 -0.0194137 -0.0199772
v -0.178454 -0.0196482 -0.0205292
v -0.178414 -0.0196447 -0.0205194
v -0.178374 -0.0196385 -0.0205077
v -0.178335 -0.0196295 -0.0204941
v -0.178298 -0.0196178 -0.0204787
v -0.178263 -0.0196036 -0.0204617
v -0.178229 -0.0195869 -0.020443
v -0.178198 -0.0195678 -0.0204229
v -0.178169 -0.0195466 -0.0204015
v -0.178142 -0.0195232 -0.020379
v -0.178119 -0.0194979 -0.0203555
v -0.178098 -0.0194709 -0.0203311
v -0.17808 -0.0194424 -0.0203061
v -0.178066 -0.0194125 -0.0202807
v -0.178055 -0.0193814 -0.0202549
v -0.178047 -0.0193495 -0.020229
v -0.178042 -0.0193168 -0.0202031
v -0.178042 -0.0192837 -0.0201776
v -0.178432 -0.0195176 -0.0207004
v -0.178392 -0.019513 -0.0206927
v -0.178353 -0.0195057 -0.0206831
v -0.178315 -0.0194959 -0.0206717
v -0.178278 -0.0194836 -0.0206586
v -0.178243 -0.0194689 -0.0206437
v -0.17821 -0.0194519 -0.0206273
v -0.178179 -0.0194326 -0.0206095
v -0.17815 -0.0194113 -0.0205903
v -0.178123 -0.0193881 -0.0205698
v -0.178099 -0.0193631 -0.0205483
v -0.178078 -0.0193365 -0.0205258
v -0.17806 -0.0193084 -0.0205026
v -0.178044 -0.0192791 -0.0204787
v -0.178032 -0.0192488 -0.0204544
v -0.178023 -0.0192176 -0.0204297
v -0.178018 -0.0191857 -0.0204049
v -0.178015 -0.0191535 -0.0203801
v -0.178458 -0.0188277 -0.0216267
v -0.178409 -0.0188225 -0.0216228
v -0.178406 -0.0188218 -0.0216223
v -0.178361 -0.0188133 -0.021616
v -0.178354 -0.0188115 -0.0216146
v -0.178305 -0.0187969 -0.0216036
v -0.178314 -0.0188004 -0.0216063
v -0.178269 -0.0187839 -0.0215939
v -0.178257 -0.0187782 -0.0215896
v -0.178226 -0.0187639 -0.0215789
v -0.17817 -0.0187293 -0.0215529
v -0.178212 -0.0187556 -0.0215726
v -0.178186 -0.0187406 -0.0215614
v -0.178149 -0.0187142 -0.0215416
v -0.178133 -0.0186996 -0.0215307
v -0.178116 -0.018685 -0.0215197
v -0.178086 -0.0186533 -0.0214959
v -0.178069 -0.0186315 -0.0214796
v -0.178099 -0.0186669 -0.0215061
v -0.17806 -0.0186194 -0.0214705
v -0.178045 -0.0185939 -0.0214514
v -0.178026 -0.0185543 -0.0214217
v -0.178039 -0.0185836 -0.0214437
v -0.178022 -0.0185463 -0.0214157
v -0.178012 -0.0185134 -0.021391
v -0.17801 -0.0185079 -0.0213869
v -0.178003 -0.0184715 -0.0213596
v -0.178002 -0.0184687 -0.0213575
v -0.178 -0.0184291 -0.0213278
v -0.178 -0.0169867 0.0226635
v -0.178 -0.017991 0.0218424
v -0.178 -0.0183447 0.0214374
v -0.178 -0.0117321 0.0235204
v -0.178 -0.0140449 0.0235204
v -0.178 -0.0145951 0.0234927
v -0.178 -0.0165171 0.0229308
v -0.178 -0.0151303 0.0234118
v -0.178 -0.0156509 0.0232797
v -0.178 -0.0160157 0.0231536
v -0.178 -0.0174256 0.0223529
v -0.178 -0.0175965 0.0222133
v -0.178 -0.0117321 0.022
v -0.178428 -0.0140449 0.0240153
v -0.178478 -0.0141903 0.0240181
v -0.178477 -0.0143527 0.0240061
v -0.178479 -0.0140449 0.02402
v -0.178378 -0.0140449 0.0240054
v -0.17833 -0.0140449 0.0239905
v -0.178283 -0.0140449 0.0239707
v -0.178238 -0.0140449 0.0239463
v -0.178196 -0.0140449 0.0239174
v -0.178157 -0.0140449 0.0238845
v -0.178122 -0.0140449 0.0238477
v -0.178091 -0.0140449 0.0238075
v -0.178064 -0.0140449 0.0237644
v -0.178041 -0.0140449 0.0237187
v -0.178023 -0.0140449 0.0236709
v -0.17801 -0.0140449 0.0236216
v -0.178003 -0.0140449 0.0235713
v -0.178474 -0.0147752 0.0239749
v -0.178472 -0.0150186 0.0239327
v -0.178475 -0.0146792 0.023982
v -0.178475 -0.0146449 0.0239845
v -0.17847 -0.0153694 0.0238699
v -0.178468 -0.0157229 0.0237726
v -0.178471 -0.0152283 0.0238964
v -0.17847 -0.0153497 0.0238753
v -0.178467 -0.0159039 0.0237228
v -0.178466 -0.0160775 0.0236566
v -0.178468 -0.015796 0.0237525
v -0.178464 -0.0164403 0.0235181
v -0.178464 -0.0164304 0.0235218
v -0.178465 -0.0161927 0.0236126
v -0.178463 -0.0167698 0.0233535
v -0.178462 -0.0169809 0.0232481
v -0.178461 -0.0170999 0.0231726
v -0.178463 -0.0167387 0.023369
v -0.17846 -0.0174141 0.0229733
v -0.17846 -0.0175004 0.0229186
v -0.178459 -0.0177057 0.022756
v -0.178461 -0.0172501 0.0230773
v -0.178459 -0.0177278 0.0227385
v -0.178459 -0.0179165 0.0225891
v -0.178459 -0.0179993 0.0225235
v -0.178459 -0.0182272 0.0223017
v -0.178458 -0.0184542 0.0220731
v -0.178458 -0.0183469 0.0221852
v -0.178458 -0.0184194 0.0221146
v -0.178458 -0.0186483 0.0218411
v -0.178458 -0.0187309 0.0217424
v -0.178424 -0.0146447 0.0239844
v -0.178375 -0.0146437 0.0239743
v -0.178326 -0.0146422 0.0239592
v -0.17828 -0.0146402 0.0239393
v -0.178236 -0.0146377 0.0239149
v -0.178194 -0.0146348 0.0238861
v -0.178156 -0.0146315 0.0238533
v -0.178121 -0.0146278 0.0238167
v -0.17809 -0.0146238 0.0237769
v -0.178063 -0.0146195 0.0237341
v -0.178041 -0.0146149 0.0236889
v -0.178023 -0.0146101 0.0236416
v -0.17801 -0.0146052 0.0235928
v -0.178003 -0.0146002 0.023543
v -0.178421 -0.0152281 0.0238957
v -0.178371 -0.015226 0.0238854
v -0.178323 -0.0152229 0.0238703
v -0.178277 -0.0152189 0.0238505
v -0.178233 -0.0152141 0.0238263
v -0.178192 -0.0152083 0.0237979
v -0.178154 -0.0152018 0.0237656
v -0.178119 -0.0151945 0.0237296
v -0.178089 -0.0151866 0.0236905
v -0.178062 -0.0151781 0.0236485
v -0.17804 -0.0151691 0.0236041
v -0.178023 -0.0151598 0.0235578
v -0.17801 -0.0151501 0.0235099
v -0.178003 -0.0151402 0.0234611
v -0.178418 -0.0157954 0.0237512
v -0.178369 -0.0157923 0.0237409
v -0.178321 -0.0157877 0.023726
v -0.178275 -0.0157818 0.0237066
v -0.178231 -0.0157745 0.0236829
v -0.17819 -0.015766 0.0236551
v -0.178153 -0.0157563 0.0236236
v -0.178118 -0.0157456 0.0235886
v -0.178088 -0.0157339 0.0235504
v -0.178062 -0.0157214 0.0235096
v -0.17804 -0.0157081 0.0234665
v -0.178022 -0.0156943 0.0234214
v -0.17801 -0.0156801 0.023375
v -0.178003 -0.0156655 0.0233276
v -0.178416 -0.016193 0.0236134
v -0.178367 -0.016189 0.0236032
v -0.178319 -0.0161834 0.0235886
v -0.178274 -0.016176 0.0235695
v -0.17823 -0.0161671 0.0235463
v -0.178189 -0.0161566 0.0235192
v -0.178152 -0.0161448 0.0234884
v -0.178118 -0.0161316 0.0234543
v -0.178087 -0.0161173 0.0234172
v -0.178061 -0.016102 0.0233774
v -0.17804 -0.0160858 0.0233354
v -0.178022 -0.0160689 0.0232916
v -0.17801 -0.0160514 0.0232463
v -0.178003 -0.0160336 0.0232002
v -0.178413 -0.0167393 0.0233702
v -0.178365 -0.0167343 0.0233603
v -0.178317 -0.0167271 0.0233462
v -0.178272 -0.0167179 0.0233279
v -0.178229 -0.0167066 0.0233056
v -0.178188 -0.0166935 0.0232797
v -0.178151 -0.0166786 0.0232502
v -0.178117 -0.0166621 0.0232176
v -0.178087 -0.0166442 0.0231822
v -0.178061 -0.016625 0.0231442
v -0.178039 -0.0166047 0.0231041
v -0.178022 -0.0165836 0.0230623
v -0.17801 -0.0165618 0.0230192
v -0.178002 -0.0165395 0.0229752
v -0.178411 -0.0172509 0.0230786
v -0.178363 -0.0172449 0.0230691
v -0.178316 -0.0172363 0.0230557
v -0.178271 -0.0172253 0.0230383
v -0.178228 -0.0172118 0.0230172
v -0.178187 -0.0171962 0.0229927
v -0.17815 -0.0171785 0.0229648
v -0.178116 -0.0171589 0.022934
v -0.178086 -0.0171376 0.0229006
v -0.178061 -0.0171148 0.0228647
v -0.178039 -0.0170907 0.0228269
v -0.178022 -0.0170656 0.0227875
v -0.17801 -0.0170398 0.0227469
v -0.178002 -0.0170134 0.0227054
v -0.178411 -0.0177246 0.0227343
v -0.178362 -0.0177221 0.0227311
v -0.178315 -0.0177122 0.0227184
v -0.17827 -0.0176994 0.0227022
v -0.178227 -0.017684 0.0226825
v -0.178187 -0.017666 0.0226596
v -0.17815 -0.0176457 0.0226336
v -0.178116 -0.0176231 0.0226049
v -0.178086 -0.0175987 0.0225737
v -0.17806 -0.0175725 0.0225403
v -0.178039 -0.0175449 0.0225051
v -0.178022 -0.0175161 0.0224684
v -0.17801 -0.0174864 0.0224305
v -0.178002 -0.0174562 0.0223919
v -0.17841 -0.0179112 0.022583
v -0.178361 -0.0179078 0.0225792
v -0.178315 -0.0178974 0.0225669
v -0.178269 -0.017884 0.0225512
v -0.178227 -0.0178678 0.0225321
v -0.178187 -0.0178489 0.0225099
v -0.178149 -0.0178275 0.0224848
v -0.178116 -0.0178039 0.022457
v -0.178086 -0.0177782 0.0224268
v -0.17806 -0.0177507 0.0223946
v -0.178039 -0.0177217 0.0223605
v -0.178022 -0.0176915 0.022325
v -0.17801 -0.0176604 0.0222884
v -0.178002 -0.0176286 0.022251
v -0.178409 -0.0183451 0.0221836
v -0.178361 -0.0183369 0.0221757
v -0.178314 -0.0183252 0.0221645
v -0.178269 -0.0183104 0.0221501
v -0.178226 -0.0182923 0.0221327
v -0.178186 -0.0182713 0.0221125
v -0.178149 -0.0182476 0.0220896
v -0.178116 -0.0182213 0.0220643
v -0.178086 -0.0181928 0.0220368
v -0.17806 -0.0181623 0.0220074
v -0.178039 -0.0181301 0.0219764
v -0.178022 -0.0180965 0.0219441
v -0.17801 -0.0180619 0.0219107
v -0.178002 -0.0180267 0.0218767
v -0.178409 -0.0187304 0.0217423
v -0.178361 -0.0187215 0.0217352
v -0.178314 -0.0187088 0.0217252
v -0.178269 -0.0186926 0.0217124
v -0.178226 -0.018673 0.0216969
v -0.178186 -0.0186501 0.0216788
v -0.178149 -0.0186242 0.0216584
v -0.178116 -0.0185956 0.0216357
v -0.178086 -0.0185645 0.0216112
v -0.17806 -0.0185313 0.0215849
v -0.178039 -0.0184962 0.0215572
v -0.178022 -0.0184597 0.0215283
v -0.17801 -0.018422 0.0214985
v -0.178002 -0.0183835 0.0214681
v -0.226 -0.0207846 0.0252811
v -0.226 -0.0208183 0.0252597
v -0.226 -0.0209627 0.0251453
v -0.226 -0.0211412 0.025004
v -0.226 -0.0217 0.0244
v -0.226 -0.0215132 0.0246241
v -0.226 -0.0214362 0.0247164
v -0.226 -0.0213285 0.0248214
v -0.226 -0.0211478 0.0249976
v -0.226 -0.0206037 0.0253962
v -0.226 -0.0204263 0.0255031
v -0.226 -0.0204707 0.0254808
v -0.226 -0.0202446 0.0255939
v -0.226 -0.0200626 0.02568
v -0.226 -0.0201023 0.0256651
v -0.226 -0.0198727 0.0257516
v -0.226 -0.0196778 0.0258207
v -0.226 -0.0197168 0.0258104
v -0.226 -0.0194708 0.0258752
v -0.226 -0.0192531 0.0259256
v -0.226 -0.0193184 0.0259154
v -0.226 -0.0190195 0.0259619
v -0.226 -0.0187695 0.0259861
v -0.226 -0.0189114 0.0259788
v -0.226 -0.0185 0.026
v -0.202086 -0.0194657 0.0238357
v -0.202086 -0.0192389 0.024015
v -0.202086 -0.0196814 0.0236443
v -0.178479 -0.0117321 0.02402
v -0.178428 -0.0117321 0.0240153
v -0.178378 -0.0117321 0.0240054
v -0.17833 -0.0117321 0.0239905
v -0.178283 -0.0117321 0.0239707
v -0.178238 -0.0117321 0.0239463
v -0.178196 -0.0117321 0.0239174
v -0.178157 -0.0117321 0.0238845
v -0.178122 -0.0117321 0.0238477
v -0.178091 -0.0117321 0.0238075
v -0.178064 -0.0117321 0.0237644
v -0.178041 -0.0117321 0.0237187
v -0.178023 -0.0117321 0.0236709
v -0.17801 -0.0117321 0.0236216
v -0.178003 -0.0117321 0.0235713
v -0.1795 -0.00913397 0.022
v -0.1795 -0.00913397 0.0235725
v -0.179237 -0.00930558 0.0235634
v -0.179237 -0.009305 0.022
v -0.179226 -0.00931278 0.023563
v -0.178993 -0.00950364 0.0235549
v -0.178993 -0.00950262 0.022
v -0.178973 -0.00952033 0.0235542
v -0.178772 -0.00972598 0.0235472
v -0.178771 -0.00972466 0.022
v -0.178744 -0.00975414 0.0235462
v -0.178575 -0.00997018 0.0235404
v -0.178573 -0.0099687 0.022
v -0.178542 -0.0100114 0.0235392
v -0.178404 -0.0102336 0.0235344
v -0.178259 -0.0105118 0.022
v -0.178402 -0.0102321 0.022
v -0.17837 -0.0102891 0.0235332
v -0.178147 -0.010805 0.022
v -0.178228 -0.0105838 0.0235283
v -0.178262 -0.0105132 0.0235295
v -0.178066 -0.0111083 0.022
v -0.17812 -0.0108922 0.0235246
v -0.17815 -0.0108062 0.0235256
v -0.178016 -0.0114185 0.022
v -0.178046 -0.0112104 0.023522
v -0.178069 -0.0111092 0.0235228
v -0.178006 -0.0115349 0.0235206
v -0.17802 -0.011419 0.0235211
v -0.179704 -0.00952231 0.0240683
v -0.179729 -0.00956699 0.024072
v -0.179501 -0.009716 0.0240625
v -0.179678 -0.00947812 0.0240593
v -0.179654 -0.00943487 0.0240451
v -0.179631 -0.00939303 0.0240258
v -0.179609 -0.00935304 0.0240017
v -0.179588 -0.00931534 0.023973
v -0.179569 -0.00928032 0.0239401
v -0.179552 -0.00924836 0.0239032
v -0.179537 -0.0092198 0.0238628
v -0.179525 -0.00919495 0.0238193
v -0.179515 -0.00917406 0.0237732
v -0.179507 -0.00915736 0.0237249
v -0.179502 -0.00914504 0.023675
v -0.1795 -0.00913721 0.023624
v -0.17929 -0.00988895 0.0240538
v -0.179099 -0.0100838 0.0240458
v -0.178931 -0.0102982 0.0240388
v -0.178787 -0.0105296 0.0240328
v -0.17867 -0.0107752 0.0240279
v -0.178579 -0.0110321 0.0240241
v -0.178517 -0.0112974 0.0240216
v -0.178485 -0.0115677 0.0240202
v -0.179441 -0.00963343 0.0240494
v -0.179412 -0.00959325 0.0240351
v -0.179384 -0.00955437 0.0240157
v -0.179358 -0.0095172 0.0239916
v -0.179334 -0.00948215 0.0239629
v -0.179311 -0.00944957 0.0239299
v -0.179291 -0.00941983 0.0238931
v -0.179273 -0.00939323 0.0238527
v -0.179258 -0.00937006 0.0238093
v -0.179245 -0.00935055 0.0237632
v -0.179236 -0.00933493 0.023715
v -0.179229 -0.00932336 0.0236653
v -0.179226 -0.00931595 0.0236144
v -0.179471 -0.00967449 0.0240586
v -0.179256 -0.00985109 0.0240497
v -0.179222 -0.00981364 0.0240404
v -0.179189 -0.00977697 0.0240259
v -0.179157 -0.00974149 0.0240065
v -0.179127 -0.00970757 0.0239822
v -0.179099 -0.00967557 0.0239535
v -0.179073 -0.00964582 0.0239205
v -0.179049 -0.00961864 0.0238837
v -0.179029 -0.00959432 0.0238434
v -0.179011 -0.00957311 0.0238
v -0.178997 -0.00955523 0.023754
v -0.178986 -0.00954089 0.0237059
v -0.178978 -0.00953022 0.0236563
v -0.178974 -0.00952335 0.0236055
v -0.179061 -0.01005 0.0240416
v -0.179023 -0.0100166 0.0240321
v -0.178987 -0.00998384 0.0240176
v -0.178951 -0.00995216 0.0239981
v -0.178918 -0.00992187 0.0239738
v -0.178886 -0.00989329 0.023945
v -0.178858 -0.0098667 0.023912
v -0.178831 -0.00984241 0.0238752
v -0.178808 -0.00982065 0.0238349
v -0.178788 -0.00980167 0.0237916
v -0.178772 -0.00978565 0.0237457
v -0.178759 -0.00977277 0.0236977
v -0.17875 -0.00976316 0.0236481
v -0.178745 -0.00975693 0.0235975
v -0.17889 -0.0102688 0.0240344
v -0.178848 -0.0102398 0.0240249
v -0.178808 -0.0102114 0.0240102
v -0.17877 -0.0101839 0.0239907
v -0.178733 -0.0101575 0.0239663
v -0.178699 -0.0101327 0.0239375
v -0.178668 -0.0101096 0.0239046
v -0.178639 -0.0100885 0.0238678
v -0.178614 -0.0100695 0.0238275
v -0.178592 -0.010053 0.0237842
v -0.178574 -0.010039 0.0237384
v -0.17856 -0.0100278 0.0236905
v -0.17855 -0.0100194 0.0236409
v -0.178544 -0.0100139 0.0235904
v -0.178743 -0.010505 0.0240283
v -0.178699 -0.0104807 0.0240187
v -0.178656 -0.0104569 0.024004
v -0.178615 -0.0104338 0.0239843
v -0.178576 -0.0104118 0.02396
v -0.178539 -0.010391 0.0239311
v -0.178505 -0.0103716 0.0238982
v -0.178474 -0.0103539 0.0238614
v -0.178447 -0.010338 0.0238211
v -0.178424 -0.0103241 0.0237779
v -0.178404 -0.0103124 0.0237321
v -0.178389 -0.0103029 0.0236842
v -0.178378 -0.0102959 0.0236348
v -0.178372 -0.0102912 0.0235843
v -0.178623 -0.0107557 0.0240233
v -0.178576 -0.0107363 0.0240136
v -0.178531 -0.0107174 0.0239988
v -0.178488 -0.0106991 0.0239791
v -0.178447 -0.0106816 0.0239547
v -0.178408 -0.010665 0.0239259
v -0.178372 -0.0106496 0.0238929
v -0.17834 -0.0106355 0.0238561
v -0.178311 -0.0106229 0.0238159
v -0.178286 -0.0106118 0.0237727
v -0.178265 -0.0106025 0.023727
v -0.178249 -0.0105949 0.0236792
v -0.178237 -0.0105893 0.0236298
v -0.178231 -0.0105856 0.0235793
v -0.17853 -0.0110179 0.0240195
v -0.178482 -0.0110037 0.0240097
v -0.178436 -0.0109899 0.0239949
v -0.17839 -0.0109765 0.0239751
v -0.178348 -0.0109637 0.0239507
v -0.178307 -0.0109516 0.0239219
v -0.17827 -0.0109404 0.0238889
v -0.178236 -0.01093 0.0238521
v -0.178206 -0.0109208 0.0238119
v -0.17818 -0.0109127 0.0237688
v -0.178159 -0.0109059 0.023723
v -0.178142 -0.0109004 0.0236753
v -0.17813 -0.0108962 0.0236259
v -0.178122 -0.0108935 0.0235755
v -0.178467 -0.0112885 0.0240169
v -0.178418 -0.0112797 0.024007
v -0.17837 -0.0112712 0.0239922
v -0.178324 -0.0112629 0.0239724
v -0.17828 -0.0112549 0.023948
v -0.178238 -0.0112474 0.0239191
v -0.1782 -0.0112404 0.0238861
v -0.178166 -0.011234 0.0238494
v -0.178135 -0.0112283 0.0238092
v -0.178108 -0.0112232 0.023766
v -0.178086 -0.011219 0.0237203
v -0.178068 -0.0112155 0.0236726
v -0.178056 -0.011213 0.0236233
v -0.178048 -0.0112113 0.0235729
v -0.178434 -0.0115644 0.0240155
v -0.178384 -0.0115611 0.0240056
v -0.178335 -0.0115578 0.0239908
v -0.178289 -0.0115547 0.023971
v -0.178244 -0.0115517 0.0239465
v -0.178202 -0.0115489 0.0239177
v -0.178163 -0.0115462 0.0238847
v -0.178128 -0.0115438 0.0238479
v -0.178097 -0.0115416 0.0238078
v -0.17807 -0.0115397 0.0237646
v -0.178047 -0.0115381 0.0237189
v -0.17803 -0.0115368 0.0236712
v -0.178017 -0.0115358 0.0236219
v -0.178009 -0.0115352 0.0235715
v -0.1805 -0.00855662 0.022
v -0.1805 -0.00855662 0.0236141
v -0.180729 -0.00898964 0.0241137
v -0.180704 -0.00894496 0.02411
v -0.180678 -0.00890077 0.024101
v -0.180654 -0.00885752 0.0240867
v -0.180631 -0.00881568 0.0240675
v -0.180609 -0.00877569 0.0240434
v -0.180588 -0.00873799 0.0240147
v -0.180569 -0.00870297 0.0239817
v -0.180552 -0.00867101 0.0239449
v -0.180537 -0.00864245 0.0239045
v -0.180525 -0.0086176 0.023861
v -0.180515 -0.00859671 0.0238148
v -0.180507 -0.00858001 0.0237666
v -0.180502 -0.00856769 0.0237167
v -0.1805 -0.00855986 0.0236657
v -0.182 -0.00595855 0.022
v -0.182 -0.00595855 0.0236871
v -0.181994 -0.00615571 0.0236868
v -0.181984 -0.00627213 0.022
v -0.18198 -0.00627164 0.0236861
v -0.181954 -0.00648016 0.0236848
v -0.181934 -0.00658228 0.022
v -0.181931 -0.0065814 0.0236837
v -0.18188 -0.00679844 0.0236812
v -0.181853 -0.0068856 0.022
v -0.18185 -0.00688441 0.0236798
v -0.181772 -0.00710679 0.023676
v -0.181741 -0.00717876 0.022
v -0.181738 -0.00717735 0.0236743
v -0.18163 -0.00740154 0.0236691
v -0.181598 -0.00745855 0.022
v -0.181596 -0.00745704 0.0236674
v -0.181458 -0.0076792 0.0236607
v -0.181427 -0.0077219 0.022
v -0.181425 -0.00772042 0.0236591
v -0.181256 -0.00793646 0.0236509
v -0.181229 -0.00796594 0.022
v -0.181228 -0.00796462 0.0236495
v -0.181027 -0.00817027 0.0236398
v -0.181007 -0.00818798 0.022
v -0.181007 -0.00818696 0.0236388
v -0.180774 -0.00837781 0.0236275
v -0.180763 -0.0083856 0.022
v -0.180763 -0.00838502 0.0236269
v -0.181049 -0.00878103 0.024127
v -0.181344 -0.00853889 0.0241393
v -0.181611 -0.00826612 0.0241504
v -0.181846 -0.00796597 0.0241603
v -0.182048 -0.00764204 0.0241687
v -0.182213 -0.00729816 0.0241755
v -0.182339 -0.00693843 0.0241808
v -0.182426 -0.0065671 0.0241844
v -0.182003 -0.00595855 0.0237379
v -0.18201 -0.00595855 0.0237883
v -0.182023 -0.00595855 0.0238376
v -0.182041 -0.00595855 0.0238853
v -0.182064 -0.00595855 0.023931
v -0.182091 -0.00595855 0.0239742
v -0.182122 -0.00595855 0.0240143
v -0.182157 -0.00595855 0.0240511
v -0.182196 -0.00595855 0.0240841
v -0.182238 -0.00595855 0.024113
v -0.182283 -0.00595855 0.0241374
v -0.18233 -0.00595855 0.0241572
v -0.182378 -0.00595855 0.0241721
v -0.182472 -0.00618857 0.0241863
v -0.182428 -0.00595855 0.0241819
v -0.182479 -0.00595855 0.0241866
v -0.180774 -0.00838098 0.0236789
v -0.180778 -0.00838838 0.0237298
v -0.180784 -0.00839996 0.0237795
v -0.180793 -0.00841558 0.0238277
v -0.180806 -0.00843509 0.0238738
v -0.180821 -0.00845826 0.0239172
v -0.180839 -0.00848486 0.0239576
v -0.180859 -0.0085146 0.0239944
v -0.180882 -0.00854718 0.0240274
v -0.180906 -0.00858223 0.0240561
v -0.180932 -0.0086194 0.0240802
v -0.18096 -0.00865828 0.0240996
v -0.180989 -0.00869846 0.0241139
v -0.181019 -0.00873952 0.0241231
v -0.181028 -0.00817328 0.0236911
v -0.181032 -0.00818015 0.0237418
v -0.181039 -0.00819082 0.0237915
v -0.181051 -0.00820517 0.0238396
v -0.181065 -0.00822304 0.0238856
v -0.181083 -0.00824425 0.0239289
v -0.181103 -0.00826857 0.0239693
v -0.181127 -0.00829575 0.0240061
v -0.181153 -0.0083255 0.0240391
v -0.181181 -0.00835751 0.0240678
v -0.181211 -0.00839143 0.024092
v -0.181242 -0.00842691 0.0241115
v -0.181275 -0.00846357 0.0241259
v -0.181309 -0.00850103 0.0241352
v -0.181257 -0.00793925 0.0237021
v -0.181262 -0.00794549 0.0237528
v -0.181271 -0.00795509 0.0238024
v -0.181283 -0.00796797 0.0238504
v -0.1813 -0.00798399 0.0238963
v -0.181319 -0.00800298 0.0239396
v -0.181343 -0.00802473 0.0239799
v -0.181369 -0.00804903 0.0240167
v -0.181398 -0.00807561 0.0240496
v -0.181429 -0.0081042 0.0240784
v -0.181463 -0.00813449 0.0241027
v -0.181498 -0.00816616 0.0241222
v -0.181535 -0.00819889 0.0241368
v -0.181572 -0.00823232 0.0241462
v -0.181459 -0.0076817 0.0237118
v -0.181465 -0.00768719 0.0237624
v -0.181475 -0.0076956 0.0238119
v -0.181489 -0.00770684 0.0238598
v -0.181507 -0.0077208 0.0239057
v -0.181529 -0.00773733 0.023949
v -0.181554 -0.00775626 0.0239892
v -0.181583 -0.00777739 0.024026
v -0.181614 -0.0078005 0.024059
v -0.181648 -0.00782534 0.0240878
v -0.181685 -0.00785165 0.0241121
v -0.181723 -0.00787917 0.0241317
v -0.181763 -0.00790759 0.0241463
v -0.181805 -0.00793663 0.0241559
v -0.181632 -0.00740369 0.0237201
v -0.181638 -0.00740834 0.0237706
v -0.181649 -0.00741543 0.0238201
v -0.181664 -0.00742488 0.023868
v -0.181684 -0.00743661 0.0239138
v -0.181707 -0.00745049 0.023957
v -0.181735 -0.00746636 0.0239972
v -0.181765 -0.00748408 0.024034
v -0.181799 -0.00750344 0.024067
v -0.181836 -0.00752425 0.0240958
v -0.181875 -0.0075463 0.0241202
v -0.181916 -0.00756934 0.0241398
v -0.181959 -0.00759315 0.0241545
v -0.182003 -0.00761747 0.0241642
v -0.181774 -0.00710854 0.0237269
v -0.181781 -0.00711226 0.0237774
v -0.181792 -0.00711793 0.0238268
v -0.181808 -0.00712547 0.0238746
v -0.181829 -0.00713482 0.0239204
v -0.181854 -0.00714586 0.0239636
v -0.181883 -0.0071585 0.0240038
v -0.181915 -0.00717259 0.0240405
v -0.181951 -0.00718799 0.0240735
v -0.18199 -0.00720454 0.0241024
v -0.182031 -0.00722206 0.0241268
v -0.182074 -0.00724038 0.0241465
v -0.182119 -0.00725931 0.0241612
v -0.182166 -0.00727863 0.024171
v -0.181882 -0.00679974 0.0237322
v -0.18189 -0.00680249 0.0237826
v -0.181902 -0.00680664 0.0238319
v -0.181919 -0.00681217 0.0238797
v -0.18194 -0.00681901 0.0239254
v -0.181966 -0.0068271 0.0239686
v -0.181996 -0.00683634 0.0240088
v -0.18203 -0.00684664 0.0240456
v -0.182067 -0.0068579 0.0240786
v -0.182108 -0.00687 0.0241074
v -0.182151 -0.00688281 0.0241318
v -0.182196 -0.0068962 0.0241515
v -0.182242 -0.00691003 0.0241664
v -0.18229 -0.00692416 0.0241762
v -0.181957 -0.00648098 0.0237357
v -0.181964 -0.00648269 0.0237861
v -0.181977 -0.00648527 0.0238354
v -0.181994 -0.00648871 0.0238832
v -0.182017 -0.00649296 0.0239289
v -0.182043 -0.00649799 0.0239721
v -0.182074 -0.00650373 0.0240122
v -0.182109 -0.00651013 0.024049
v -0.182147 -0.00651712 0.024082
v -0.182188 -0.00652463 0.0241109
v -0.182232 -0.00653258 0.0241353
v -0.182279 -0.00654089 0.024155
v -0.182327 -0.00654947 0.0241699
v -0.182376 -0.00655824 0.0241797
v -0.181996 -0.00615602 0.0237376
v -0.182004 -0.00615667 0.023788
v -0.182017 -0.00615765 0.0238373
v -0.182034 -0.00615895 0.023885
v -0.182057 -0.00616056 0.0239307
v -0.182084 -0.00616245 0.0239739
v -0.182115 -0.00616462 0.024014
v -0.18215 -0.00616704 0.0240508
v -0.182189 -0.00616968 0.0240838
v -0.182231 -0.00617252 0.0241127
v -0.182276 -0.00617553 0.0241371
v -0.182322 -0.00617867 0.0241569
v -0.182371 -0.00618191 0.0241718
v -0.182421 -0.00618522 0.0241816
v -0.182 0.00595855 0.022
v -0.182 0.00595855 0.0236871
v -0.182479 0.00595855 0.0241866
v -0.182428 0.00595855 0.0241819
v -0.182378 0.00595855 0.0241721
v -0.18233 0.00595855 0.0241572
v -0.182283 0.00595855 0.0241374
v -0.182238 0.00595855 0.024113
v -0.182196 0.00595855 0.0240841
v -0.182157 0.00595855 0.0240511
v -0.182122 0.00595855 0.0240143
v -0.182091 0.00595855 0.0239742
v -0.182064 0.00595855 0.023931
v -0.182041 0.00595855 0.0238853
v -0.182023 0.00595855 0.0238376
v -0.18201 0.00595855 0.0237883
v -0.182003 0.00595855 0.0237379
v -0.180763 0.0083856 0.022
v -0.1805 0.00855662 0.022
v -0.1805 0.00855662 0.0236141
v -0.180668 0.00845229 0.0236223
v -0.181007 0.00818798 0.022
v -0.180761 0.00838232 0.0236268
v -0.180929 0.00825586 0.023635
v -0.181229 0.00796594 0.022
v -0.181005 0.00818517 0.0236387
v -0.181168 0.00803215 0.0236466
v -0.181427 0.0077219 0.022
v -0.181227 0.00796362 0.0236495
v -0.181381 0.00778384 0.023657
v -0.181598 0.00745855 0.022
v -0.181424 0.00772009 0.0236591
v -0.181565 0.00751388 0.0236659
v -0.181741 0.00717876 0.022
v -0.181596 0.00745722 0.0236674
v -0.181719 0.0072255 0.0236734
v -0.181853 0.0068856 0.022
v -0.181738 0.00717788 0.0236744
v -0.181841 0.00692212 0.0236793
v -0.181934 0.00658228 0.022
v -0.181851 0.0068851 0.0236798
v -0.181929 0.00660733 0.0236836
v -0.181984 0.00627213 0.022
v -0.181933 0.00658207 0.0236838
v -0.181982 0.00628487 0.0236862
v -0.181983 0.0062721 0.0236862
v -0.1795 0.00913397 0.022
v -0.178573 0.0099687 0.022
v -0.178771 0.00972466 0.022
v -0.178402 0.0102321 0.022
v -0.178259 0.0105118 0.022
v -0.179237 0.009305 0.022
v -0.178993 0.00950262 0.022
v -0.178016 0.0114185 0.022
v -0.178066 0.0111083 0.022
v -0.178147 0.010805 0.022
v -0.178 0.0117321 0.022
v -0.1795 0.00913397 0.0235725
v -0.182458 0.00633926 0.0241858
v -0.182396 0.00671546 0.0241832
v -0.182294 0.00708271 0.0241789
v -0.182152 0.00743666 0.024173
v -0.181972 0.0077731 0.0241655
v -0.181757 0.00808805 0.0241565
v -0.181509 0.00837775 0.0241462
v -0.18123 0.00863874 0.0241346
v -0.180925 0.00886791 0.0241219
v -0.1805 0.00855986 0.0236657
v -0.180502 0.00856769 0.0237167
v -0.180507 0.00858001 0.0237666
v -0.180515 0.00859671 0.0238148
v -0.180525 0.0086176 0.023861
v -0.180537 0.00864245 0.0239045
v -0.180552 0.00867101 0.0239449
v -0.180569 0.00870297 0.0239817
v -0.180588 0.00873799 0.0240147
v -0.180609 0.00877569 0.0240434
v -0.180631 0.00881568 0.0240675
v -0.180654 0.00885752 0.0240867
v -0.180678 0.00890077 0.024101
v -0.180704 0.00894496 0.02411
v -0.180729 0.00898964 0.0241137
v -0.181985 0.00628538 0.0237371
v -0.181992 0.00628645 0.0237875
v -0.182005 0.00628807 0.0238368
v -0.182023 0.00629022 0.0238845
v -0.182045 0.00629288 0.0239302
v -0.182072 0.00629603 0.0239734
v -0.182103 0.00629962 0.0240135
v -0.182138 0.00630362 0.0240503
v -0.182177 0.00630799 0.0240833
v -0.182219 0.00631269 0.0241121
v -0.182263 0.00631767 0.0241366
v -0.18231 0.00632286 0.0241563
v -0.182358 0.00632823 0.0241712
v -0.182408 0.00633372 0.0241811
v -0.181931 0.00660834 0.0237345
v -0.181939 0.00661046 0.0237849
v -0.181951 0.00661368 0.0238342
v -0.181969 0.00661795 0.023882
v -0.181991 0.00662324 0.0239277
v -0.182017 0.00662949 0.0239709
v -0.182048 0.00663663 0.0240111
v -0.182082 0.00664459 0.0240478
v -0.18212 0.00665328 0.0240808
v -0.182161 0.00666263 0.0241097
v -0.182205 0.00667252 0.0241341
v -0.18225 0.00668286 0.0241538
v -0.182298 0.00669353 0.0241687
v -0.181843 0.0069236 0.0237303
v -0.18185 0.00692674 0.0237807
v -0.181862 0.0069315 0.0238301
v -0.181879 0.00693784 0.0238779
v -0.1819 0.00694568 0.0239236
v -0.181926 0.00695496 0.0239668
v -0.181955 0.00696556 0.024007
v -0.181989 0.00697739 0.0240438
v -0.182026 0.00699031 0.0240767
v -0.182065 0.00700419 0.0241056
v -0.182108 0.00701889 0.02413
v -0.182152 0.00703425 0.0241497
v -0.182347 0.00670444 0.0241785
v -0.182198 0.00705012 0.0241645
v -0.181721 0.00722742 0.0237244
v -0.181728 0.00723151 0.0237749
v -0.181739 0.00723775 0.0238243
v -0.181755 0.00724607 0.0238722
v -0.181775 0.00725638 0.0239179
v -0.1818 0.00726856 0.0239611
v -0.181828 0.0072825 0.0240013
v -0.18186 0.00729805 0.0240381
v -0.181895 0.00731505 0.0240711
v -0.181933 0.00733331 0.0240999
v -0.181973 0.00735266 0.0241243
v -0.182016 0.00737288 0.024144
v -0.182246 0.00706633 0.0241743
v -0.18206 0.00739377 0.0241588
v -0.181567 0.00751618 0.023717
v -0.181573 0.00752117 0.0237675
v -0.181584 0.0075288 0.023817
v -0.181598 0.00753898 0.0238649
v -0.181617 0.00755161 0.0239107
v -0.18164 0.00756656 0.023954
v -0.181667 0.00758367 0.0239942
v -0.181697 0.00760277 0.024031
v -0.18173 0.00762364 0.024064
v -0.181766 0.00764609 0.0240928
v -0.181804 0.00766986 0.0241171
v -0.181844 0.00769471 0.0241368
v -0.182106 0.0074151 0.0241685
v -0.181886 0.00772038 0.0241515
v -0.181382 0.00778646 0.0237081
v -0.181388 0.00779225 0.0237587
v -0.181397 0.00780115 0.0238083
v -0.181411 0.00781307 0.0238562
v -0.181428 0.00782786 0.0239021
v -0.181449 0.0078454 0.0239454
v -0.181474 0.00786548 0.0239857
v -0.181501 0.00788789 0.0240225
v -0.181532 0.00791241 0.0240554
v -0.181565 0.00793877 0.0240842
v -0.181601 0.0079667 0.0241085
v -0.181638 0.00799591 0.0241281
v -0.181929 0.0077466 0.0241611
v -0.181677 0.00802608 0.0241427
v -0.181169 0.00803504 0.0236979
v -0.181174 0.00804154 0.0237486
v -0.181182 0.00805158 0.0237982
v -0.181194 0.00806506 0.0238462
v -0.18121 0.00808184 0.0238922
v -0.181229 0.00810174 0.0239355
v -0.181251 0.00812455 0.0239758
v -0.181276 0.00815002 0.0240126
v -0.181304 0.0081779 0.0240456
v -0.181334 0.00820788 0.0240744
v -0.181366 0.00823966 0.0240986
v -0.1814 0.00827288 0.0241181
v -0.181716 0.0080569 0.0241522
v -0.181435 0.00830722 0.0241326
v -0.18093 0.00825894 0.0236864
v -0.180934 0.00826604 0.0237372
v -0.180941 0.00827709 0.0237869
v -0.180951 0.00829196 0.023835
v -0.180965 0.00831051 0.023881
v -0.180982 0.00833253 0.0239244
v -0.181001 0.00835779 0.0239647
v -0.181023 0.00838603 0.0240016
v -0.181048 0.00841694 0.0240346
v -0.181075 0.0084502 0.0240633
v -0.181103 0.00848546 0.0240875
v -0.181133 0.00852233 0.0241069
v -0.181472 0.0083423 0.024142
v -0.181165 0.00856045 0.0241213
v -0.180668 0.00845549 0.0236738
v -0.180671 0.00846308 0.0237247
v -0.180677 0.00847497 0.0237745
v -0.180685 0.00849104 0.0238227
v -0.180697 0.00851113 0.0238688
v -0.180711 0.008535 0.0239123
v -0.180728 0.00856242 0.0239526
v -0.180747 0.00859308 0.0239895
v -0.180768 0.00862667 0.0240225
v -0.180791 0.00866283 0.0240511
v -0.180815 0.00870117 0.0240753
v -0.180841 0.00874127 0.0240946
v -0.181197 0.00859939 0.0241306
v -0.180868 0.00878273 0.0241089
v -0.180896 0.00882509 0.024118
v -0.178 0.0117321 0.0235204
v -0.178018 0.0114057 0.023521
v -0.178017 0.0114185 0.023521
v -0.178071 0.0110833 0.0235229
v -0.178067 0.0111085 0.0235227
v -0.178159 0.0107685 0.0235259
v -0.178149 0.0108055 0.0235256
v -0.178281 0.0104651 0.0235301
v -0.178262 0.0105127 0.0235295
v -0.178435 0.0101767 0.0235355
v -0.178404 0.0102334 0.0235344
v -0.178619 0.00990676 0.0235419
v -0.178576 0.00997051 0.0235404
v -0.178832 0.00965845 0.0235493
v -0.178773 0.00972698 0.0235472
v -0.179071 0.00943474 0.0235576
v -0.178995 0.00950543 0.023555
v -0.179239 0.00930827 0.0235634
v -0.179332 0.00923831 0.0235667
v -0.1795 0.00913721 0.023624
v -0.179502 0.00914504 0.023675
v -0.179507 0.00915736 0.0237249
v -0.179515 0.00917406 0.0237732
v -0.179525 0.00919495 0.0238193
v -0.179537 0.0092198 0.0238628
v -0.179552 0.00924836 0.0239032
v -0.179569 0.00928032 0.0239401
v -0.179588 0.00931534 0.023973
v -0.179609 0.00935304 0.0240017
v -0.179631 0.00939303 0.0240258
v -0.179654 0.00943487 0.0240451
v -0.179678 0.00947812 0.0240593
v -0.179704 0.00952231 0.0240683
v -0.179729 0.00956699 0.024072
v -0.178428 0.0117321 0.0240153
v -0.178479 0.0117321 0.02402
v -0.178378 0.0117321 0.0240054
v -0.17833 0.0117321 0.0239905
v -0.178283 0.0117321 0.0239707
v -0.178238 0.0117321 0.0239463
v -0.178196 0.0117321 0.0239174
v -0.178157 0.0117321 0.0238845
v -0.178122 0.0117321 0.0238477
v -0.178091 0.0117321 0.0238075
v -0.178064 0.0117321 0.0237644
v -0.178041 0.0117321 0.0237187
v -0.178023 0.0117321 0.0236709
v -0.17801 0.0117321 0.0236216
v -0.178003 0.0117321 0.0235713
v -0.178494 0.0114601 0.0240206
v -0.178538 0.0111914 0.0240224
v -0.178612 0.0109291 0.0240255
v -0.178713 0.0106763 0.0240297
v -0.178841 0.0104359 0.0240351
v -0.178995 0.010211 0.0240415
v -0.179173 0.0100041 0.0240489
v -0.179371 0.00981763 0.0240571
v -0.179589 0.00965393 0.0240662
v -0.178444 0.0114546 0.0240159
v -0.178394 0.0114491 0.024006
v -0.178345 0.0114437 0.0239912
v -0.178299 0.0114385 0.0239714
v -0.178254 0.0114336 0.023947
v -0.178213 0.0114289 0.0239181
v -0.178174 0.0114245 0.0238851
v -0.178139 0.0114205 0.0238483
v -0.178108 0.0114169 0.0238082
v -0.178081 0.0114137 0.023765
v -0.178058 0.0114111 0.0237193
v -0.178041 0.0114089 0.0236716
v -0.178028 0.0114073 0.0236223
v -0.17802 0.0114062 0.0235719
v -0.178489 0.0111804 0.0240178
v -0.17844 0.0111695 0.024008
v -0.178392 0.0111588 0.0239931
v -0.178347 0.0111485 0.0239734
v -0.178303 0.0111386 0.0239489
v -0.178262 0.0111292 0.0239201
v -0.178224 0.0111205 0.0238871
v -0.17819 0.0111126 0.0238503
v -0.178159 0.0111054 0.0238101
v -0.178133 0.0110992 0.023767
v -0.178111 0.0110939 0.0237213
v -0.178093 0.0110896 0.0236735
v -0.178081 0.0110864 0.0236242
v -0.178073 0.0110843 0.0235738
v -0.178564 0.0109127 0.0240209
v -0.178516 0.0108965 0.0240111
v -0.17847 0.0108806 0.0239963
v -0.178426 0.0108653 0.0239766
v -0.178383 0.0108506 0.0239522
v -0.178343 0.0108367 0.0239233
v -0.178307 0.0108238 0.0238903
v -0.178273 0.0108119 0.0238536
v -0.178244 0.0108013 0.0238134
v -0.178218 0.0107921 0.0237702
v -0.178197 0.0107842 0.0237245
v -0.17818 0.0107779 0.0236767
v -0.178168 0.0107731 0.0236273
v -0.178161 0.01077 0.0235769
v -0.178667 0.0106547 0.0240252
v -0.178622 0.0106334 0.0240155
v -0.178577 0.0106125 0.0240007
v -0.178535 0.0105923 0.023981
v -0.178494 0.0105729 0.0239567
v -0.178456 0.0105546 0.0239278
v -0.178421 0.0105377 0.0238949
v -0.178389 0.0105221 0.0238581
v -0.178361 0.0105082 0.0238179
v -0.178337 0.010496 0.0237746
v -0.178317 0.0104857 0.0237289
v -0.178301 0.0104774 0.023681
v -0.178289 0.0104711 0.0236316
v -0.178283 0.010467 0.0235811
v -0.178798 0.0104094 0.0240306
v -0.178755 0.0103832 0.024021
v -0.178713 0.0103575 0.0240063
v -0.178673 0.0103327 0.0239867
v -0.178635 0.0103089 0.0239623
v -0.178599 0.0102865 0.0239335
v -0.178566 0.0102656 0.0239006
v -0.178536 0.0102465 0.0238638
v -0.17851 0.0102294 0.0238235
v -0.178487 0.0102144 0.0237803
v -0.178468 0.0102018 0.0237345
v -0.178453 0.0101916 0.0236866
v -0.178442 0.010184 0.0236371
v -0.178436 0.010179 0.0235866
v -0.178955 0.0101798 0.0240372
v -0.178915 0.010149 0.0240276
v -0.178876 0.0101188 0.024013
v -0.178839 0.0100896 0.0239935
v -0.178803 0.0100617 0.0239692
v -0.17877 0.0100353 0.0239404
v -0.17874 0.0100108 0.0239074
v -0.178712 0.0099884 0.0238706
v -0.178687 0.00996832 0.0238303
v -0.178666 0.00995079 0.023787
v -0.178649 0.00993599 0.0237412
v -0.178635 0.00992408 0.0236932
v -0.178626 0.00991518 0.0236437
v -0.17862 0.00990939 0.0235931
v -0.179136 0.0099686 0.0240447
v -0.179099 0.00993352 0.0240353
v -0.179064 0.00989919 0.0240208
v -0.17903 0.00986596 0.0240013
v -0.178998 0.00983418 0.023977
v -0.178968 0.0098042 0.0239483
v -0.17894 0.00977633 0.0239153
v -0.178915 0.00975085 0.0238785
v -0.178893 0.00972804 0.0238382
v -0.178874 0.00970814 0.0237948
v -0.178858 0.00969137 0.0237489
v -0.178846 0.00967788 0.0237009
v -0.178838 0.00966784 0.0236512
v -0.178833 0.00966134 0.0236005
v -0.179339 0.00977827 0.0240531
v -0.179306 0.00973933 0.0240439
v -0.179275 0.00970122 0.0240294
v -0.179245 0.00966434 0.02401
v -0.179216 0.00962908 0.0239858
v -0.179189 0.00959582 0.0239571
v -0.179165 0.00956491 0.0239241
v -0.179143 0.00953667 0.0238873
v -0.179123 0.00951141 0.023847
v -0.179106 0.00948939 0.0238036
v -0.179093 0.00947084 0.0237576
v -0.179082 0.00945597 0.0237095
v -0.179075 0.00944492 0.0236597
v -0.179071 0.00943782 0.0236089
v -0.179561 0.00961112 0.0240624
v -0.179533 0.00956875 0.0240533
v -0.179506 0.0095273 0.024039
v -0.17948 0.00948719 0.0240196
v -0.179455 0.00944885 0.0239955
v -0.179432 0.00941269 0.0239668
v -0.179411 0.00937911 0.0239339
v -0.179392 0.00934844 0.023897
v -0.179376 0.00932102 0.0238566
v -0.179361 0.00929715 0.0238132
v -0.17935 0.00927707 0.0237671
v -0.179341 0.00926099 0.0237189
v -0.179335 0.0092491 0.023669
v -0.179332 0.00924151 0.0236181
v -0.226 0.0185 0.026
v -0.178479 0.0140449 0.02402
v -0.178 0.0140449 0.0235204
v -0.178003 0.0140449 0.0235713
v -0.17801 0.0140449 0.0236216
v -0.178023 0.0140449 0.0236709
v -0.178041 0.0140449 0.0237187
v -0.178064 0.0140449 0.0237644
v -0.178091 0.0140449 0.0238075
v -0.178122 0.0140449 0.0238477
v -0.178157 0.0140449 0.0238845
v -0.178196 0.0140449 0.0239174
v -0.178238 0.0140449 0.0239463
v -0.178283 0.0140449 0.0239707
v -0.17833 0.0140449 0.0239905
v -0.178378 0.0140449 0.0240054
v -0.178428 0.0140449 0.0240153
v -0.178 0.017991 0.0218424
v -0.178 0.0184291 0.0213278
v -0.178 0.0183447 0.0214374
v -0.178 0.0175965 0.0222133
v -0.178 0.0174256 0.0223529
v -0.178 0.0169867 0.0226635
v -0.178 0.0165171 0.0229308
v -0.178 0.0160157 0.0231536
v -0.178 0.0156509 0.0232797
v -0.178 0.0151303 0.0234118
v -0.178 0.0145951 0.0234927
v -0.178477 0.0143528 0.0240045
v -0.178475 0.0146452 0.0239893
v -0.178475 0.0146416 0.0239899
v -0.178472 0.0150188 0.0239328
v -0.178471 0.0152291 0.0239009
v -0.178475 0.0146792 0.0239842
v -0.17847 0.0153685 0.023866
v -0.178471 0.0152313 0.0239006
v -0.178468 0.0157239 0.0237763
v -0.178468 0.0157968 0.0237558
v -0.178468 0.0157751 0.0237634
v -0.178466 0.0160778 0.023657
v -0.178465 0.0161941 0.0236162
v -0.178464 0.0164283 0.0235172
v -0.178465 0.0162701 0.0235895
v -0.178463 0.0167413 0.0233741
v -0.178461 0.0170995 0.0231716
v -0.178462 0.0167791 0.0233569
v -0.178462 0.0167729 0.0233597
v -0.178461 0.0172853 0.0230641
v -0.178459 0.017708 0.0227586
v -0.17846 0.0174128 0.022972
v -0.178459 0.0177309 0.022742
v -0.178459 0.0179154 0.0225883
v -0.178459 0.0177971 0.0226942
v -0.178459 0.0182312 0.0223057
v -0.178458 0.018346 0.0221846
v -0.178458 0.0182538 0.0222855
v -0.178459 0.0179783 0.022532
v -0.178458 0.0186512 0.0218506
v -0.178458 0.0184508 0.0220699
v -0.178458 0.0186546 0.0218464
v -0.178458 0.0187343 0.0217453
v -0.178003 0.0184715 0.0213596
v -0.178002 0.0184687 0.0213575
v -0.178012 0.0185134 0.021391
v -0.17801 0.0185079 0.0213869
v -0.178026 0.0185543 0.0214217
v -0.178022 0.0185463 0.0214157
v -0.178045 0.0185939 0.0214514
v -0.178039 0.0185836 0.0214437
v -0.178069 0.0186315 0.0214796
v -0.17806 0.0186194 0.0214705
v -0.178099 0.0186669 0.0215061
v -0.178086 0.0186533 0.0214959
v -0.178116 0.018685 0.0215197
v -0.178133 0.0186996 0.0215307
v -0.178149 0.0187142 0.0215416
v -0.17817 0.0187293 0.0215529
v -0.178186 0.0187406 0.0215614
v -0.178212 0.0187556 0.0215726
v -0.178226 0.0187639 0.0215789
v -0.178257 0.0187782 0.0215896
v -0.178269 0.0187839 0.0215939
v -0.178305 0.0187969 0.0216036
v -0.178314 0.0188004 0.0216063
v -0.178354 0.0188115 0.0216146
v -0.178361 0.0188133 0.021616
v -0.178406 0.0188218 0.0216223
v -0.178409 0.0188225 0.0216228
v -0.178458 0.0188277 0.0216267
v -0.178003 0.0146002 0.023543
v -0.17801 0.0146052 0.0235928
v -0.178023 0.0146101 0.0236416
v -0.178041 0.0146149 0.0236889
v -0.178063 0.0146195 0.0237341
v -0.17809 0.0146238 0.0237769
v -0.178121 0.0146278 0.0238167
v -0.178156 0.0146315 0.0238533
v -0.178194 0.0146348 0.0238861
v -0.178236 0.0146377 0.0239149
v -0.17828 0.0146402 0.0239393
v -0.178326 0.0146422 0.0239592
v -0.178375 0.0146437 0.0239743
v -0.178424 0.0146447 0.0239844
v -0.178003 0.0151402 0.0234611
v -0.17801 0.0151501 0.0235099
v -0.178023 0.0151598 0.0235578
v -0.17804 0.0151691 0.0236041
v -0.178062 0.0151781 0.0236485
v -0.178089 0.0151866 0.0236905
v -0.178119 0.0151945 0.0237296
v -0.178154 0.0152018 0.0237656
v -0.178192 0.0152083 0.0237979
v -0.178233 0.0152141 0.0238263
v -0.178277 0.0152189 0.0238505
v -0.178323 0.0152229 0.0238703
v -0.178371 0.015226 0.0238854
v -0.178421 0.0152281 0.0238957
v -0.178003 0.0156655 0.0233276
v -0.17801 0.0156801 0.023375
v -0.178022 0.0156943 0.0234214
v -0.17804 0.0157081 0.0234665
v -0.178062 0.0157214 0.0235096
v -0.178088 0.0157339 0.0235504
v -0.178118 0.0157456 0.0235886
v -0.178153 0.0157563 0.0236236
v -0.17819 0.015766 0.0236551
v -0.178231 0.0157745 0.0236829
v -0.178275 0.0157818 0.0237066
v -0.178321 0.0157877 0.023726
v -0.178369 0.0157923 0.0237409
v -0.178418 0.0157954 0.0237512
v -0.178003 0.0160336 0.0232002
v -0.17801 0.0160514 0.0232463
v -0.178022 0.0160689 0.0232916
v -0.17804 0.0160858 0.0233354
v -0.178061 0.016102 0.0233774
v -0.178087 0.0161173 0.0234172
v -0.178118 0.0161316 0.0234543
v -0.178152 0.0161448 0.0234884
v -0.178189 0.0161566 0.0235192
v -0.17823 0.0161671 0.0235463
v -0.178274 0.016176 0.0235695
v -0.178319 0.0161834 0.0235886
v -0.178367 0.016189 0.0236032
v -0.178416 0.016193 0.0236134
v -0.178002 0.0165395 0.0229752
v -0.17801 0.0165618 0.0230192
v -0.178022 0.0165836 0.0230623
v -0.178039 0.0166047 0.0231041
v -0.178061 0.016625 0.0231442
v -0.178087 0.0166442 0.0231822
v -0.178117 0.0166621 0.0232176
v -0.178151 0.0166786 0.0232502
v -0.178188 0.0166935 0.0232797
v -0.178229 0.0167066 0.0233056
v -0.178272 0.0167179 0.0233279
v -0.178317 0.0167271 0.0233462
v -0.178365 0.0167343 0.0233603
v -0.178413 0.0167393 0.0233702
v -0.178002 0.0170134 0.0227054
v -0.17801 0.0170398 0.0227469
v -0.178022 0.0170656 0.0227875
v -0.178039 0.0170907 0.0228269
v -0.178061 0.0171148 0.0228647
v -0.178086 0.0171376 0.0229006
v -0.178116 0.0171589 0.022934
v -0.17815 0.0171785 0.0229648
v -0.178187 0.0171962 0.0229927
v -0.178228 0.0172118 0.0230172
v -0.178271 0.0172253 0.0230383
v -0.178316 0.0172363 0.0230557
v -0.178363 0.0172449 0.0230691
v -0.178411 0.0172509 0.0230786
v -0.178002 0.0174562 0.0223919
v -0.17801 0.0174864 0.0224305
v -0.178022 0.0175161 0.0224684
v -0.178039 0.0175449 0.0225051
v -0.17806 0.0175725 0.0225403
v -0.178086 0.0175987 0.0225737
v -0.178116 0.0176231 0.0226049
v -0.17815 0.0176457 0.0226336
v -0.178187 0.017666 0.0226596
v -0.178227 0.017684 0.0226825
v -0.17827 0.0176994 0.0227022
v -0.178315 0.0177122 0.0227184
v -0.178362 0.0177221 0.0227311
v -0.17841 0.0177291 0.02274
v -0.178002 0.0176286 0.022251
v -0.17801 0.0176604 0.0222884
v -0.178022 0.0176915 0.022325
v -0.178039 0.0177217 0.0223605
v -0.17806 0.0177507 0.0223946
v -0.178086 0.0177782 0.0224268
v -0.178116 0.0178039 0.022457
v -0.178149 0.0178275 0.0224848
v -0.178187 0.0178489 0.0225099
v -0.178227 0.0178678 0.0225321
v -0.178269 0.017884 0.0225512
v -0.178315 0.0178974 0.0225669
v -0.178361 0.0179078 0.0225792
v -0.17841 0.0179152 0.0225878
v -0.178002 0.0180267 0.0218767
v -0.17801 0.0180619 0.0219107
v -0.178022 0.0180965 0.0219441
v -0.178039 0.0181301 0.0219764
v -0.17806 0.0181623 0.0220074
v -0.178086 0.0181928 0.0220368
v -0.178116 0.0182213 0.0220643
v -0.178149 0.0182476 0.0220896
v -0.178186 0.0182713 0.0221125
v -0.178226 0.0182923 0.0221327
v -0.178269 0.0183104 0.0221501
v -0.178314 0.0183252 0.0221645
v -0.178361 0.0183369 0.0221757
v -0.178409 0.0183451 0.0221836
v -0.178002 0.0183835 0.0214681
v -0.17801 0.018422 0.0214985
v -0.178022 0.0184597 0.0215283
v -0.178039 0.0184962 0.0215572
v -0.17806 0.0185313 0.0215849
v -0.178086 0.0185645 0.0216112
v -0.178116 0.0185956 0.0216357
v -0.178149 0.0186242 0.0216584
v -0.178186 0.0186501 0.0216788
v -0.178226 0.018673 0.0216969
v -0.178269 0.0186926 0.0217124
v -0.178314 0.0187088 0.0217252
v -0.178361 0.0187215 0.0217352
v -0.178409 0.0187304 0.0217423
v -0.226 0.0208183 0.0252597
v -0.226 0.0207846 0.0252811
v -0.226 0.0209627 0.0251453
v -0.226 0.0211412 0.025004
v -0.226 0.0211478 0.0249976
v -0.226 0.0187695 0.0259861
v -0.226 0.0189114 0.0259788
v -0.226 0.0190195 0.0259619
v -0.226 0.0192531 0.0259256
v -0.226 0.0193184 0.0259154
v -0.226 0.0194708 0.0258752
v -0.226 0.0196778 0.0258207
v -0.226 0.0198727 0.0257516
v -0.226 0.0197168 0.0258104
v -0.226 0.0200626 0.02568
v -0.226 0.0201023 0.0256651
v -0.226 0.0202446 0.0255939
v -0.226 0.0204263 0.0255031
v -0.226 0.0204707 0.0254808
v -0.226 0.0206037 0.0253962
v -0.226 0.0213285 0.0248214
v -0.226 0.0215132 0.0246241
v -0.226 0.0214362 0.0247164
v -0.226 0.0217 0.0244
v -0.202086 0.0194657 0.0238357
v -0.202086 0.0196814 0.0236443
v -0.202086 0.0192389 0.024015
v -0.178003 0.0189683 0.0206972
v -0.178002 0.0189572 0.0206888
v -0.178012 0.0190102 0.0207286
v -0.178006 0.0189883 0.0207122
v -0.178014 0.019019 0.0207352
v -0.178024 0.0190491 0.0207578
v -0.178045 0.0190907 0.020789
v -0.178025 0.0190512 0.0207594
v -0.178038 0.0190785 0.0207799
v -0.178054 0.019107 0.0208012
v -0.178069 0.0191284 0.0208173
v -0.178073 0.0191343 0.0208217
v -0.178095 0.0191604 0.0208412
v -0.178098 0.0191639 0.0208439
v -0.178119 0.019185 0.0208597
v -0.17817 0.0192263 0.0208907
v -0.178132 0.0191965 0.0208684
v -0.178146 0.019208 0.020877
v -0.178205 0.0192488 0.0209076
v -0.178174 0.0192293 0.020893
v -0.178212 0.0192525 0.0209104
v -0.178237 0.0192663 0.0209207
v -0.178257 0.0192751 0.0209273
v -0.178271 0.0192817 0.0209322
v -0.178307 0.0192949 0.0209421
v -0.178344 0.0193058 0.0209503
v -0.178304 0.0192939 0.0209414
v -0.178381 0.0193144 0.0209568
v -0.178354 0.0193083 0.0209522
v -0.17842 0.0193207 0.0209615
v -0.178406 0.0193184 0.0209598
v -0.178458 0.0193245 0.0209643
v -0.179675 0.0210996 0.0187616
v -0.179708 0.0210785 0.0187993
v -0.179643 0.0211157 0.0187209
v -0.179612 0.0211267 0.0186775
v -0.179583 0.0211324 0.0186321
v -0.179556 0.0211327 0.0185851
v -0.179531 0.0211277 0.018537
v -0.179508 0.0211174 0.0184886
v -0.179489 0.0211019 0.0184403
v -0.179472 0.0210814 0.0183927
v -0.179459 0.0210562 0.0183464
v -0.179449 0.0210265 0.0183019
v -0.179443 0.0209927 0.0182597
v -0.17944 0.0209553 0.0182204
v -0.179442 0.0209145 0.0181844
v -0.179446 0.020871 0.0181521
v -0.179455 0.0208252 0.018124
v -0.179466 0.0207778 0.0181003
v -0.179482 0.0207291 0.0180813
v -0.179593 0.0210133 0.0188702
v -0.179479 0.0209421 0.0189493
v -0.179366 0.0208647 0.0190369
v -0.179256 0.020781 0.0191332
v -0.17915 0.0206911 0.0192383
v -0.179048 0.0205949 0.0193523
v -0.17895 0.0204927 0.0194751
v -0.178859 0.0203847 0.0196065
v -0.178776 0.0202714 0.0197459
v -0.1787 0.0201533 0.0198928
v -0.178633 0.0200311 0.0200464
v -0.178576 0.0199057 0.0202057
v -0.17853 0.019778 0.0203696
v -0.178495 0.019649 0.0205369
v -0.178472 0.0195196 0.0207061
v -0.179558 0.0210329 0.0188344
v -0.179524 0.0210476 0.0187955
v -0.179491 0.0210574 0.0187541
v -0.17946 0.021062 0.0187105
v -0.179431 0.0210615 0.0186653
v -0.179404 0.0210558 0.0186191
v -0.17938 0.021045 0.0185723
v -0.179359 0.0210292 0.0185254
v -0.179341 0.0210087 0.0184791
v -0.179326 0.0209835 0.0184339
v -0.179315 0.0209542 0.0183903
v -0.179308 0.0209209 0.0183487
v -0.179304 0.020884 0.0183097
v -0.179305 0.020844 0.0182738
v -0.179309 0.0208014 0.0182413
v -0.179316 0.0207567 0.0182126
v -0.179328 0.0207103 0.018188
v -0.179343 0.0206627 0.0181679
v -0.179442 0.0209601 0.0189154
v -0.179406 0.0209735 0.0188786
v -0.179372 0.020982 0.0188391
v -0.179339 0.0209855 0.0187976
v -0.179308 0.0209841 0.0187544
v -0.17928 0.0209777 0.01871
v -0.179254 0.0209664 0.0186649
v -0.179231 0.0209503 0.0186197
v -0.179212 0.0209297 0.0185748
v -0.179196 0.0209047 0.0185308
v -0.179184 0.0208756 0.0184881
v -0.179175 0.0208428 0.0184472
v -0.17917 0.0208066 0.0184087
v -0.17917 0.0207674 0.0183728
v -0.179173 0.0207257 0.0183401
v -0.17918 0.020682 0.0183109
v -0.179191 0.0206367 0.0182855
v -0.179206 0.0205903 0.0182642
v -0.179328 0.0208811 0.019005
v -0.179291 0.020893 0.0189703
v -0.179255 0.0209002 0.018933
v -0.17922 0.0209027 0.0188935
v -0.179188 0.0209003 0.0188524
v -0.179158 0.0208932 0.0188099
v -0.179131 0.0208814 0.0187667
v -0.179107 0.0208651 0.0187232
v -0.179086 0.0208444 0.0186799
v -0.179069 0.0208195 0.0186371
v -0.179055 0.0207907 0.0185955
v -0.179046 0.0207584 0.0185555
v -0.17904 0.0207229 0.0185174
v -0.179038 0.0206845 0.0184818
v -0.179041 0.0206438 0.0184489
v -0.179047 0.0206011 0.0184193
v -0.179057 0.0205569 0.0183931
v -0.179072 0.0205117 0.0183708
v -0.179217 0.0207958 0.0191034
v -0.179178 0.0208063 0.0190709
v -0.179141 0.0208122 0.0190357
v -0.179105 0.0208135 0.0189985
v -0.179072 0.0208103 0.0189595
v -0.17904 0.0208024 0.0189191
v -0.179012 0.0207901 0.0188779
v -0.178986 0.0207735 0.0188362
v -0.178964 0.0207527 0.0187944
v -0.178946 0.0207279 0.0187531
v -0.178931 0.0206995 0.0187127
v -0.17892 0.0206677 0.0186735
v -0.178913 0.0206328 0.0186361
v -0.17891 0.0205953 0.0186008
v -0.178912 0.0205555 0.0185679
v -0.178917 0.0205139 0.0185379
v -0.178927 0.0204708 0.0185111
v -0.17894 0.0204268 0.0184877
v -0.179109 0.0207043 0.0192108
v -0.17907 0.0207132 0.0191804
v -0.179031 0.0207178 0.0191476
v -0.178994 0.020718 0.0191126
v -0.178959 0.0207138 0.0190758
v -0.178927 0.0207053 0.0190376
v -0.178897 0.0206925 0.0189984
v -0.178871 0.0206755 0.0189586
v -0.178847 0.0206547 0.0189186
v -0.178828 0.02063 0.0188788
v -0.178812 0.0206019 0.0188397
v -0.1788 0.0205706 0.0188015
v -0.178791 0.0205364 0.0187648
v -0.178788 0.0204998 0.0187299
v -0.178788 0.0204609 0.0186972
v -0.178792 0.0204203 0.0186669
v -0.178801 0.0203785 0.0186395
v -0.178813 0.0203357 0.0186151
v -0.179006 0.0206064 0.019327
v -0.178966 0.0206139 0.0192989
v -0.178926 0.0206172 0.0192684
v -0.178888 0.0206162 0.0192358
v -0.178853 0.0206111 0.0192013
v -0.178819 0.0206019 0.0191654
v -0.178788 0.0205886 0.0191283
v -0.178761 0.0205714 0.0190905
v -0.178736 0.0205504 0.0190523
v -0.178715 0.0205259 0.0190142
v -0.178698 0.0204982 0.0189764
v -0.178685 0.0204674 0.0189394
v -0.178676 0.0204339 0.0189035
v -0.17867 0.020398 0.0188691
v -0.178669 0.0203601 0.0188366
v -0.178673 0.0203206 0.0188062
v -0.17868 0.0202799 0.0187783
v -0.178692 0.0202383 0.0187531
v -0.178908 0.0205026 0.0194521
v -0.178867 0.0205085 0.0194263
v -0.178827 0.0205105 0.0193982
v -0.178788 0.0205085 0.0193679
v -0.178752 0.0205024 0.0193358
v -0.178717 0.0204925 0.0193022
v -0.178686 0.0204787 0.0192673
v -0.178657 0.0204612 0.0192316
v -0.178632 0.0204402 0.0191953
v -0.17861 0.0204159 0.0191589
v -0.178591 0.0203884 0.0191226
v -0.178577 0.0203581 0.0190868
v -0.178566 0.0203253 0.0190519
v -0.17856 0.0202903 0.0190182
v -0.178558 0.0202533 0.018986
v -0.17856 0.0202149 0.0189556
v -0.178566 0.0201753 0.0189274
v -0.178576 0.0201348 0.0189015
v -0.178817 0.0203929 0.0195857
v -0.178775 0.0203974 0.0195623
v -0.178734 0.0203981 0.0195366
v -0.178695 0.020395 0.0195087
v -0.178658 0.0203881 0.019479
v -0.178623 0.0203774 0.0194477
v -0.178591 0.0203632 0.0194151
v -0.178561 0.0203454 0.0193815
v -0.178535 0.0203244 0.0193472
v -0.178512 0.0203001 0.0193126
v -0.178493 0.020273 0.0192779
v -0.178477 0.0202433 0.0192435
v -0.178465 0.0202111 0.0192096
v -0.178458 0.0201769 0.0191767
v -0.178454 0.0201409 0.019145
v -0.178455 0.0201034 0.0191148
v -0.178459 0.0200649 0.0190864
v -0.178468 0.0200257 0.01906
v -0.178733 0.020278 0.0197274
v -0.178691 0.0202811 0.0197064
v -0.17865 0.0202805 0.019683
v -0.17861 0.0202763 0.0196576
v -0.178573 0.0202685 0.0196303
v -0.178537 0.0202572 0.0196014
v -0.178504 0.0202425 0.0195711
v -0.178474 0.0202245 0.0195397
v -0.178447 0.0202033 0.0195075
v -0.178423 0.0201793 0.0194747
v -0.178403 0.0201525 0.0194417
v -0.178386 0.0201232 0.0194088
v -0.178373 0.0200917 0.0193761
v -0.178364 0.0200583 0.0193442
v -0.178359 0.0200232 0.0193131
v -0.178359 0.0199868 0.0192832
v -0.178362 0.0199493 0.0192548
v -0.178369 0.0199112 0.019228
v -0.178657 0.0201584 0.0198765
v -0.178615 0.02016 0.0198579
v -0.178574 0.0201582 0.0198369
v -0.178534 0.0201529 0.019814
v -0.178496 0.0201443 0.0197891
v -0.17846 0.0201324 0.0197626
v -0.178427 0.0201172 0.0197346
v -0.178396 0.020099 0.0197054
v -0.178369 0.0200778 0.0196753
v -0.178344 0.0200539 0.0196445
v -0.178323 0.0200274 0.0196133
v -0.178305 0.0199986 0.0195819
v -0.178291 0.0199678 0.0195506
v -0.178281 0.0199351 0.0195197
v -0.178275 0.0199009 0.0194894
v -0.178272 0.0198654 0.01946
v -0.178274 0.019829 0.0194317
v -0.17828 0.019792 0.0194048
v -0.17859 0.0200347 0.0200324
v -0.178548 0.0200349 0.020016
v -0.178507 0.0200319 0.0199975
v -0.178468 0.0200257 0.0199769
v -0.17843 0.0200163 0.0199544
v -0.178394 0.0200037 0.0199303
v -0.17836 0.0199881 0.0199047
v -0.178329 0.0199696 0.0198778
v -0.178301 0.0199484 0.0198499
v -0.178276 0.0199247 0.0198211
v -0.178254 0.0198985 0.0197917
v -0.178235 0.0198702 0.0197619
v -0.17822 0.01984 0.0197321
v -0.178209 0.019808 0.0197024
v -0.178201 0.0197747 0.019673
v -0.178197 0.0197401 0.0196442
v -0.178198 0.0197048 0.0196163
v -0.178202 0.0196688 0.0195894
v -0.178534 0.0199078 0.0201939
v -0.178492 0.0199067 0.0201798
v -0.178452 0.0199026 0.0201636
v -0.178412 0.0198954 0.0201454
v -0.178374 0.0198852 0.0201253
v -0.178338 0.019872 0.0201036
v -0.178305 0.0198561 0.0200803
v -0.178273 0.0198374 0.0200557
v -0.178245 0.0198161 0.0200299
v -0.178219 0.0197925 0.0200032
v -0.178196 0.0197667 0.0199757
v -0.178177 0.0197388 0.0199477
v -0.178161 0.0197091 0.0199194
v -0.178148 0.0196779 0.019891
v -0.178139 0.0196454 0.0198627
v -0.178134 0.0196118 0.0198347
v -0.178133 0.0195773 0.0198073
v -0.178135 0.0195424 0.0197807
v -0.178488 0.0197786 0.0203599
v -0.178447 0.0197763 0.020348
v -0.178407 0.0197711 0.0203341
v -0.178368 0.019763 0.0203182
v -0.17833 0.019752 0.0203005
v -0.178295 0.0197383 0.0202811
v -0.178261 0.019722 0.0202602
v -0.178229 0.0197031 0.0202378
v -0.1782 0.0196818 0.0202143
v -0.178174 0.0196583 0.0201896
v -0.178151 0.0196328 0.0201641
v -0.178131 0.0196054 0.0201379
v -0.178114 0.0195763 0.0201112
v -0.1781 0.0195457 0.0200842
v -0.17809 0.019514 0.0200571
v -0.178084 0.0194812 0.0200301
v -0.178081 0.0194477 0.0200034
v -0.178082 0.0194137 0.0199772
v -0.178454 0.0196482 0.0205292
v -0.178414 0.0196447 0.0205194
v -0.178374 0.0196385 0.0205077
v -0.178335 0.0196295 0.0204941
v -0.178298 0.0196178 0.0204787
v -0.178263 0.0196036 0.0204617
v -0.178229 0.0195869 0.020443
v -0.178198 0.0195678 0.0204229
v -0.178169 0.0195466 0.0204015
v -0.178142 0.0195232 0.020379
v -0.178119 0.0194979 0.0203555
v -0.178098 0.0194709 0.0203311
v -0.17808 0.0194424 0.0203061
v -0.178066 0.0194125 0.0202807
v -0.178055 0.0193814 0.0202549
v -0.178047 0.0193495 0.020229
v -0.178042 0.0193168 0.0202031
v -0.178042 0.0192837 0.0201776
v -0.178432 0.0195176 0.0207004
v -0.178392 0.019513 0.0206927
v -0.178353 0.0195057 0.0206831
v -0.178315 0.0194959 0.0206717
v -0.178278 0.0194836 0.0206586
v -0.178243 0.0194689 0.0206437
v -0.17821 0.0194519 0.0206273
v -0.178179 0.0194326 0.0206095
v -0.17815 0.0194113 0.0205903
v -0.178123 0.0193881 0.0205698
v -0.178099 0.0193631 0.0205483
v -0.178078 0.0193365 0.0205258
v -0.17806 0.0193084 0.0205026
v -0.178044 0.0192791 0.0204787
v -0.178032 0.0192488 0.0204544
v -0.178023 0.0192176 0.0204297
v -0.178018 0.0191857 0.0204049
v -0.178015 0.0191535 0.0203801
v -0.184412 0.0233186 0.0152312
v -0.184394 0.0233679 0.0152453
v -0.184379 0.0234165 0.0152642
v -0.184367 0.023464 0.0152879
v -0.184359 0.0235098 0.0153161
v -0.184354 0.0235533 0.0153483
v -0.184353 0.023594 0.0153843
v -0.184355 0.0236315 0.0154236
v -0.184361 0.0236652 0.0154658
v -0.184371 0.0236949 0.0155103
v -0.184384 0.0237202 0.0155566
v -0.184401 0.0237406 0.0156042
v -0.18442 0.0237561 0.0156525
v -0.184443 0.0237664 0.015701
v -0.184468 0.0237715 0.015749
v -0.184495 0.0237711 0.015796
v -0.184525 0.0237654 0.0158415
v -0.184555 0.0237545 0.0158848
v -0.184588 0.0237383 0.0159256
v -0.184621 0.0237172 0.0159632
v -0.185194 0.0237078 0.0147799
v -0.1965 0.022 0.00825235
v -0.1965 0.0259372 0.00825235
v -0.190046 0.0250968 0.0119788
v -0.186835 0.0243567 0.0138327
v -0.18856 0.0248353 0.0128365
v -0.185221 0.0240186 0.0155835
v -0.185405 0.0241113 0.0154668
v -0.185836 0.0243277 0.0151941
v -0.185527 0.0241725 0.0153897
v -0.186161 0.0244786 0.0149883
v -0.186064 0.0244423 0.0150498
v -0.186527 0.0246154 0.014757
v -0.186893 0.0247524 0.0145252
v -0.187033 0.024805 0.0144363
v -0.188752 0.0253058 0.0133483
v -0.188011 0.025115 0.0138177
v -0.187534 0.0249921 0.0141198
v -0.187259 0.0248894 0.0142936
v -0.190042 0.0251501 0.0119847
v -0.190042 0.0251361 0.0119824
v -0.190041 0.0252028 0.0119951
v -0.190041 0.0251752 0.0119887
v -0.190043 0.0252517 0.0120092
v -0.190043 0.0252543 0.0120102
v -0.190048 0.0253039 0.0120303
v -0.190046 0.0252886 0.0120232
v -0.190056 0.0253512 0.0120545
v -0.190051 0.0253243 0.0120397
v -0.190065 0.0253912 0.0120796
v -0.190067 0.0253955 0.0120829
v -0.19008 0.0254363 0.0121153
v -0.190075 0.0254219 0.0121028
v -0.190096 0.0254734 0.0121509
v -0.190085 0.0254507 0.0121279
v -0.190111 0.0255013 0.0121832
v -0.190114 0.0255059 0.0121896
v -0.190141 0.0255418 0.0122443
v -0.190125 0.0255229 0.0122132
v -0.190134 0.0255337 0.012231
v -0.190157 0.0255579 0.0122766
v -0.190156 0.0255567 0.0122743
v -0.190175 0.0255711 0.0123096
v -0.190193 0.0255813 0.0123433
v -0.19018 0.025574 0.0123193
v -0.190205 0.0255859 0.0123653
v -0.189511 0.025474 0.0128677
v -0.189217 0.0254257 0.0130535
v -0.188769 0.0253103 0.0133373
v -0.190212 0.0255885 0.0123775
v -0.190231 0.0255926 0.0124119
v -0.190098 0.0254772 0.0121547
v -0.190057 0.0253585 0.0120586
v -0.190041 0.0252138 0.0119976
v -0.185179 0.0237561 0.0147919
v -0.185166 0.023804 0.0148085
v -0.185157 0.0238508 0.0148295
v -0.18515 0.023896 0.0148547
v -0.185147 0.0239392 0.0148838
v -0.185147 0.0239799 0.0149164
v -0.185151 0.0240176 0.0149523
v -0.185157 0.024052 0.014991
v -0.185167 0.0240826 0.0150322
v -0.185179 0.0241091 0.0150753
v -0.185195 0.0241312 0.0151199
v -0.185213 0.0241488 0.0151655
v -0.185234 0.0241615 0.0152116
v -0.185257 0.0241693 0.0152578
v -0.185282 0.0241721 0.0153034
v -0.185309 0.0241698 0.0153481
v -0.185337 0.0241625 0.0153913
v -0.185368 0.0241379 0.0154249
v -0.186824 0.0244026 0.0138414
v -0.186816 0.0244481 0.0138539
v -0.186811 0.0244927 0.0138702
v -0.186808 0.0245361 0.0138901
v -0.186807 0.0245779 0.0139134
v -0.186809 0.0246176 0.01394
v -0.186814 0.0246549 0.0139695
v -0.186821 0.0246895 0.0140018
v -0.18683 0.0247211 0.0140365
v -0.186842 0.0247493 0.0140732
v -0.186856 0.0247739 0.0141118
v -0.186872 0.0247948 0.0141517
v -0.18689 0.0248116 0.0141927
v -0.18691 0.0248242 0.0142343
v -0.186931 0.0248326 0.0142763
v -0.186954 0.0248366 0.0143181
v -0.186978 0.0248362 0.0143595
v -0.187003 0.0248315 0.0144
v -0.188554 0.0248779 0.0128422
v -0.18855 0.0249201 0.0128511
v -0.188547 0.0249618 0.0128632
v -0.188547 0.0250024 0.0128784
v -0.188549 0.0250418 0.0128965
v -0.188553 0.0250797 0.0129174
v -0.188558 0.0251157 0.0129409
v -0.188566 0.0251496 0.012967
v -0.188575 0.0251811 0.0129953
v -0.188586 0.02521 0.0130257
v -0.188599 0.0252361 0.0130579
v -0.188613 0.0252592 0.0130917
v -0.188629 0.0252791 0.0131269
v -0.188647 0.0252957 0.0131631
v -0.188665 0.0253087 0.0132001
v -0.188685 0.0253182 0.0132377
v -0.188705 0.0253241 0.0132755
v -0.188728 0.0253137 0.01331
v -0.226 0.02945 0.0140667
v -0.226 0.0296692 0.0137393
v -0.226 0.0297555 0.0135825
v -0.226 0.0296885 0.0137103
v -0.226 0.0298342 0.0134324
v -0.226 0.0299044 0.0132876
v -0.226 0.0298875 0.0133305
v -0.226 0.0299611 0.0131439
v -0.226 0.0300158 0.013005
v -0.226 0.0300624 0.0128673
v -0.226 0.0300447 0.0129316
v -0.226 0.0301383 0.0125909
v -0.226 0.0301928 0.0123058
v -0.226 0.0301583 0.0125181
v -0.226 0.030232 0.0120018
v -0.226 0.030227 0.0120948
v -0.226 0.03025 0.0116667
v -0.196496 0.0259905 0.00825786
v -0.196495 0.0260433 0.00826832
v -0.196498 0.0260948 0.0082836
v -0.196503 0.0261445 0.00830352
v -0.19651 0.0261918 0.00832786
v -0.196521 0.0262361 0.00835633
v -0.196534 0.026277 0.00838861
v -0.19655 0.0263139 0.00842432
v -0.196568 0.0263465 0.00846305
v -0.196589 0.0263744 0.00850434
v -0.196611 0.0263972 0.00854774
v -0.196634 0.0264147 0.00859272
v -0.196659 0.0264267 0.00863877
v -0.196685 0.026433 0.00868537
v -0.198 0.022 0.00565428
v -0.198 0.0261651 0.00565428
v -0.197993 0.026164 0.00585966
v -0.197984 0.022 0.00596786
v -0.197953 0.026158 0.00618164
v -0.197931 0.0261545 0.00627716
v -0.197977 0.0261616 0.00602117
v -0.197983 0.0261624 0.00596777
v -0.197934 0.022 0.00627801
v -0.197879 0.0261467 0.00649767
v -0.19785 0.0261422 0.00658018
v -0.197853 0.022 0.00658133
v -0.197771 0.0261302 0.00680412
v -0.197738 0.0261252 0.00687311
v -0.197741 0.022 0.00687449
v -0.19763 0.0261089 0.00709745
v -0.197596 0.0261036 0.00715278
v -0.197598 0.022 0.00715428
v -0.197458 0.0260827 0.00737422
v -0.197425 0.0260777 0.00741613
v -0.197427 0.022 0.00741763
v -0.197257 0.0260521 0.0076311
v -0.197228 0.0260478 0.00766031
v -0.197229 0.022 0.00766167
v -0.197028 0.0260174 0.00786499
v -0.197007 0.0260141 0.00788264
v -0.197007 0.022 0.00788371
v -0.196775 0.0259789 0.00807295
v -0.196763 0.0259771 0.00808071
v -0.196763 0.022 0.00808133
v -0.197934 0.022 -0.00627801
v -0.197984 0.022 -0.00596786
v -0.197427 0.022 -0.00741763
v -0.197598 0.022 -0.00715428
v -0.196763 0.022 -0.00808133
v -0.197007 0.022 -0.00788371
v -0.198 0.022 -0.00565428
v -0.197853 0.022 -0.00658133
v -0.197229 0.022 -0.00766167
v -0.1965 0.022 -0.00825235
v -0.197741 0.022 -0.00687449
v -0.198 0.0261651 -0.00565428
v -0.197006 0.0264747 0.00847606
v -0.197301 0.0265132 0.00823344
v -0.197568 0.0265479 0.00796058
v -0.197803 0.0265785 0.00766087
v -0.198004 0.0266047 0.00733798
v -0.198168 0.0266261 0.00699576
v -0.198294 0.0266425 0.00663824
v -0.198381 0.0266538 0.00626953
v -0.198409 0.0266574 0.00608232
v -0.198003 0.0262164 0.00565428
v -0.198011 0.0262673 0.00565428
v -0.198024 0.026317 0.00565428
v -0.198042 0.0263652 0.00565428
v -0.198065 0.0264112 0.00565428
v -0.198092 0.0264546 0.00565428
v -0.198124 0.026495 0.00565428
v -0.19816 0.0265319 0.00565428
v -0.1982 0.0265648 0.00565428
v -0.198242 0.0265936 0.00565428
v -0.198288 0.0266178 0.00565428
v -0.198335 0.0266372 0.00565428
v -0.198427 0.0266598 0.00589389
v -0.198385 0.0266516 0.00565428
v -0.198435 0.0266609 0.00565428
v -0.196772 0.0260319 0.00807854
v -0.196773 0.0260843 0.00808864
v -0.196777 0.0261355 0.00810316
v -0.196784 0.0261849 0.00812193
v -0.196795 0.0262319 0.00814472
v -0.196808 0.0262761 0.00817129
v -0.196825 0.0263169 0.00820132
v -0.196845 0.0263538 0.00823448
v -0.196867 0.0263865 0.00827039
v -0.196891 0.0264145 0.00830865
v -0.196918 0.0264376 0.0083488
v -0.196946 0.0264554 0.00839041
v -0.196975 0.0264679 0.00843299
v -0.197026 0.02607 0.00787047
v -0.197028 0.0261221 0.00788002
v -0.197034 0.026173 0.00789354
v -0.197043 0.0262221 0.00791086
v -0.197057 0.0262689 0.00793181
v -0.197073 0.0263129 0.00795614
v -0.197093 0.0263536 0.00798358
v -0.197116 0.0263905 0.00801382
v -0.197142 0.0264233 0.00804653
v -0.19717 0.0264515 0.00808133
v -0.1972 0.0264748 0.00811784
v -0.197233 0.026493 0.00815564
v -0.197267 0.0265058 0.00819432
v -0.197256 0.0261045 0.00763631
v -0.197259 0.0261562 0.0076451
v -0.197266 0.0262068 0.00765738
v -0.197278 0.0262557 0.00767301
v -0.197293 0.0263023 0.00769183
v -0.197312 0.0263462 0.00771363
v -0.197335 0.0263868 0.00773815
v -0.197361 0.0264237 0.00776514
v -0.19739 0.0264565 0.0077943
v -0.197422 0.0264849 0.00782529
v -0.197456 0.0265084 0.00785778
v -0.197492 0.0265269 0.0078914
v -0.197529 0.0265401 0.0079258
v -0.197458 0.0261348 0.00737897
v -0.197463 0.0261863 0.0073868
v -0.197471 0.0262367 0.00739764
v -0.197485 0.0262854 0.00741135
v -0.197502 0.0263318 0.00742779
v -0.197524 0.0263756 0.00744678
v -0.197549 0.0264161 0.00746811
v -0.197577 0.026453 0.00749156
v -0.197609 0.0264859 0.00751685
v -0.197644 0.0265143 0.00754372
v -0.197681 0.026538 0.00757186
v -0.19772 0.0265568 0.00760099
v -0.197761 0.0265703 0.00763076
v -0.197631 0.0261607 0.0071016
v -0.197636 0.026212 0.00710831
v -0.197647 0.0262622 0.0071175
v -0.197661 0.0263107 0.00712909
v -0.197681 0.026357 0.00714293
v -0.197704 0.0264007 0.00715889
v -0.197731 0.0264411 0.00717678
v -0.197762 0.026478 0.00719642
v -0.197797 0.0265109 0.00721759
v -0.197834 0.0265395 0.00724007
v -0.197874 0.0265633 0.0072636
v -0.197916 0.0265823 0.00728794
v -0.197959 0.0265961 0.00731283
v -0.197772 0.0261819 0.00680753
v -0.197779 0.026233 0.00681296
v -0.19779 0.0262831 0.00682036
v -0.197806 0.0263314 0.00682964
v -0.197827 0.0263776 0.0068407
v -0.197852 0.0264212 0.00685342
v -0.197881 0.0264616 0.00686768
v -0.197914 0.0264985 0.0068833
v -0.19795 0.0265314 0.00690014
v -0.197989 0.0265601 0.006918
v -0.198031 0.0265841 0.0069367
v -0.198075 0.0266032 0.00695603
v -0.198121 0.0266172 0.00697579
v -0.197881 0.0261982 0.00650023
v -0.197888 0.0262492 0.00650426
v -0.1979 0.0262991 0.00650972
v -0.197917 0.0263474 0.00651656
v -0.197939 0.0263935 0.00652469
v -0.197965 0.026437 0.00653403
v -0.197996 0.0264774 0.00654448
v -0.19803 0.0265142 0.00655593
v -0.198068 0.0265472 0.00656826
v -0.198109 0.0265759 0.00658134
v -0.198152 0.0266 0.00659502
v -0.198198 0.0266192 0.00660917
v -0.198246 0.0266335 0.00662362
v -0.197956 0.0262094 0.00618326
v -0.197963 0.0262603 0.0061858
v -0.197976 0.0263101 0.00618924
v -0.197994 0.0263583 0.00619352
v -0.198016 0.0264044 0.00619861
v -0.198043 0.0264478 0.00620445
v -0.198075 0.0264882 0.00621099
v -0.19811 0.0265251 0.00621815
v -0.198149 0.026558 0.00622585
v -0.198191 0.0265867 0.00623402
v -0.198235 0.0266109 0.00624256
v -0.198282 0.0266303 0.00625139
v -0.198331 0.0266446 0.00626041
v -0.19798 0.026213 0.00602231
v -0.197988 0.0262639 0.00602408
v -0.198001 0.0263137 0.00602647
v -0.198019 0.0263619 0.00602946
v -0.198041 0.0264079 0.006033
v -0.198069 0.0264513 0.00603707
v -0.1981 0.0264917 0.00604161
v -0.198136 0.0265286 0.00604659
v -0.198175 0.0265615 0.00605195
v -0.198218 0.0265903 0.00605763
v -0.198263 0.0266145 0.00606357
v -0.19831 0.0266338 0.00606971
v -0.198359 0.0266482 0.00607598
v -0.197996 0.0262154 0.0058603
v -0.198003 0.0262662 0.00586129
v -0.198016 0.026316 0.00586263
v -0.198035 0.0263641 0.0058643
v -0.198057 0.0264102 0.00586629
v -0.198085 0.0264536 0.00586857
v -0.198117 0.026494 0.00587111
v -0.198153 0.0265308 0.0058739
v -0.198192 0.0265638 0.00587689
v -0.198235 0.0265925 0.00588007
v -0.19828 0.0266167 0.0058834
v -0.198327 0.0266361 0.00588683
v -0.198377 0.0266505 0.00589034
v -0.1965 0.0259372 -0.00825235
v -0.196538 0.0259429 -0.0082302
v -0.196762 0.025977 -0.00807917
v -0.19681 0.0259843 -0.00804685
v -0.197005 0.026014 -0.00788138
v -0.19706 0.0260222 -0.00783528
v -0.197227 0.0260476 -0.00765932
v -0.197285 0.0260564 -0.00759816
v -0.197424 0.0260776 -0.00741539
v -0.197483 0.0260865 -0.00733844
v -0.197595 0.0261035 -0.00715225
v -0.197651 0.026112 -0.00705928
v -0.197737 0.0261251 -0.00687276
v -0.197787 0.0261327 -0.006764
v -0.197849 0.0261421 -0.00657998
v -0.197891 0.0261485 -0.00645606
v -0.19793 0.0261545 -0.00627708
v -0.197961 0.0261591 -0.00613903
v -0.197982 0.0261624 -0.0059782
v -0.197983 0.0261625 -0.00596784
v -0.197996 0.0261644 -0.00581646
v -0.198003 0.0262164 -0.00565428
v -0.198011 0.0262673 -0.00565428
v -0.198024 0.026317 -0.00565428
v -0.198042 0.0263652 -0.00565428
v -0.198065 0.0264112 -0.00565428
v -0.198092 0.0264546 -0.00565428
v -0.198124 0.026495 -0.00565428
v -0.19816 0.0265319 -0.00565428
v -0.1982 0.0265648 -0.00565428
v -0.198242 0.0265936 -0.00565428
v -0.198288 0.0266178 -0.00565428
v -0.198335 0.0266372 -0.00565428
v -0.198385 0.0266516 -0.00565428
v -0.198435 0.0266609 -0.00565428
v -0.19843 0.0266602 -0.00584349
v -0.198415 0.0266582 -0.00603219
v -0.198389 0.0266549 -0.00621982
v -0.198308 0.0266443 -0.0065897
v -0.198187 0.0266285 -0.00694895
v -0.198028 0.0266078 -0.00729344
v -0.197832 0.0265823 -0.00761913
v -0.197601 0.0265523 -0.00792214
v -0.197339 0.0265181 -0.00819878
v -0.197047 0.0264801 -0.00844562
v -0.196729 0.0264387 -0.00865952
v -0.196496 0.0259905 -0.00825786
v -0.196495 0.0260433 -0.00826832
v -0.196498 0.0260948 -0.0082836
v -0.196503 0.0261445 -0.00830352
v -0.19651 0.0261918 -0.00832786
v -0.196521 0.0262361 -0.00835633
v -0.196534 0.026277 -0.00838861
v -0.19655 0.0263139 -0.00842432
v -0.196568 0.0263465 -0.00846305
v -0.196589 0.0263744 -0.00850434
v -0.196611 0.0263972 -0.00854774
v -0.196634 0.0264147 -0.00859272
v -0.196659 0.0264267 -0.00863877
v -0.196685 0.026433 -0.00868537
v -0.197998 0.0262158 -0.00581697
v -0.198006 0.0262666 -0.00581775
v -0.198019 0.0263164 -0.00581881
v -0.198037 0.0263645 -0.00582013
v -0.19806 0.0264106 -0.0058217
v -0.198088 0.026454 -0.0058235
v -0.19812 0.0264944 -0.00582551
v -0.198155 0.0265312 -0.00582771
v -0.198195 0.0265642 -0.00583007
v -0.198238 0.0265929 -0.00583258
v -0.198283 0.0266171 -0.00583521
v -0.19833 0.0266365 -0.00583792
v -0.19838 0.0266509 -0.00584069
v -0.197985 0.0262138 -0.0059792
v -0.197993 0.0262647 -0.00598077
v -0.198006 0.0263144 -0.00598288
v -0.198024 0.0263626 -0.00598552
v -0.198047 0.0264086 -0.00598864
v -0.198074 0.0264521 -0.00599224
v -0.198106 0.0264924 -0.00599625
v -0.198141 0.0265293 -0.00600064
v -0.198181 0.0265623 -0.00600537
v -0.198223 0.026591 -0.00601039
v -0.198268 0.0266152 -0.00601563
v -0.198316 0.0266346 -0.00602105
v -0.197963 0.0262105 -0.00614052
v -0.197971 0.0262614 -0.00614286
v -0.197983 0.0263112 -0.00614602
v -0.198001 0.0263594 -0.00614996
v -0.198024 0.0264054 -0.00615464
v -0.198051 0.0264489 -0.00616001
v -0.198082 0.0264892 -0.00616602
v -0.198118 0.0265261 -0.00617259
v -0.198157 0.0265591 -0.00617967
v -0.198199 0.0265878 -0.00618718
v -0.198244 0.026612 -0.00619503
v -0.198365 0.026649 -0.00602659
v -0.198291 0.0266313 -0.00620315
v -0.197893 0.0262 -0.0064585
v -0.1979 0.026251 -0.00646234
v -0.197912 0.0263008 -0.00646754
v -0.19793 0.0263491 -0.00647404
v -0.197951 0.0263952 -0.00648177
v -0.197978 0.0264387 -0.00649065
v -0.198008 0.0264791 -0.00650059
v -0.198043 0.026516 -0.00651147
v -0.198081 0.0265489 -0.00652319
v -0.198122 0.0265776 -0.00653562
v -0.198166 0.0266017 -0.00654863
v -0.198339 0.0266457 -0.00621144
v -0.198212 0.026621 -0.00656207
v -0.197789 0.0261844 -0.0067673
v -0.197795 0.0262355 -0.00677255
v -0.197807 0.0262855 -0.0067797
v -0.197823 0.0263338 -0.00678866
v -0.197844 0.02638 -0.00679933
v -0.197869 0.0264236 -0.00681162
v -0.197898 0.026464 -0.00682537
v -0.197931 0.0265009 -0.00684045
v -0.197968 0.0265338 -0.0068567
v -0.198007 0.0265624 -0.00687393
v -0.19805 0.0265865 -0.00689197
v -0.198259 0.0266352 -0.00657581
v -0.198094 0.0266056 -0.00691062
v -0.197652 0.0261638 -0.00706334
v -0.197657 0.0262151 -0.00706988
v -0.197668 0.0262652 -0.00707885
v -0.197683 0.0263137 -0.00709013
v -0.197702 0.02636 -0.00710361
v -0.197726 0.0264037 -0.00711915
v -0.197753 0.0264441 -0.00713657
v -0.197784 0.026481 -0.00715569
v -0.197819 0.0265139 -0.00717629
v -0.197857 0.0265425 -0.00719816
v -0.197897 0.0265664 -0.00722107
v -0.19814 0.0266197 -0.00692968
v -0.197939 0.0265853 -0.00724475
v -0.197483 0.0261385 -0.00734312
v -0.197487 0.02619 -0.00735082
v -0.197497 0.0262403 -0.00736144
v -0.19751 0.026289 -0.00737488
v -0.197528 0.0263354 -0.00739099
v -0.197549 0.0263792 -0.00740959
v -0.197575 0.0264197 -0.00743048
v -0.197604 0.0264566 -0.00745343
v -0.197636 0.0264895 -0.00747818
v -0.197671 0.0265179 -0.00750448
v -0.197709 0.0265416 -0.00753203
v -0.197983 0.0265992 -0.00726897
v -0.197748 0.0265604 -0.00756053
v -0.197284 0.0261087 -0.00760331
v -0.197288 0.0261605 -0.00761198
v -0.197295 0.026211 -0.00762409
v -0.197307 0.0262599 -0.00763948
v -0.197323 0.0263065 -0.007658
v -0.197342 0.0263504 -0.00767943
v -0.197365 0.026391 -0.00770355
v -0.197392 0.0264279 -0.00773008
v -0.197421 0.0264607 -0.00775874
v -0.197453 0.026489 -0.0077892
v -0.197488 0.0265126 -0.00782113
v -0.19779 0.026574 -0.00758967
v -0.197524 0.0265311 -0.00785417
v -0.197058 0.0260748 -0.00784073
v -0.19706 0.0261268 -0.0078502
v -0.197066 0.0261777 -0.00786356
v -0.197076 0.0262268 -0.00788068
v -0.19709 0.0262736 -0.00790136
v -0.197107 0.0263176 -0.00792537
v -0.197127 0.0263583 -0.00795243
v -0.19715 0.0263952 -0.00798226
v -0.197176 0.0264279 -0.00801451
v -0.197205 0.0264561 -0.00804883
v -0.197236 0.0264795 -0.00808482
v -0.197562 0.0265444 -0.00788797
v -0.197269 0.0264977 -0.00812209
v -0.196807 0.0260372 -0.00805243
v -0.196808 0.0260895 -0.00806248
v -0.196812 0.0261406 -0.00807688
v -0.19682 0.02619 -0.00809547
v -0.196831 0.026237 -0.00811803
v -0.196845 0.0262812 -0.00814432
v -0.196862 0.0263219 -0.00817403
v -0.196882 0.0263589 -0.00820682
v -0.196905 0.0263916 -0.00824233
v -0.19693 0.0264196 -0.00828014
v -0.196957 0.0264427 -0.00831984
v -0.197303 0.0265106 -0.00816022
v -0.196985 0.0264606 -0.00836096
v -0.196534 0.0259962 -0.00823573
v -0.196533 0.0260489 -0.00824615
v -0.196536 0.0261004 -0.00826134
v -0.196541 0.02615 -0.00828113
v -0.196549 0.0261973 -0.00830528
v -0.196561 0.0262416 -0.00833352
v -0.196574 0.0262825 -0.00836552
v -0.196591 0.0263194 -0.00840091
v -0.196609 0.026352 -0.00843929
v -0.19663 0.0263799 -0.00848021
v -0.196653 0.0264028 -0.00852319
v -0.197016 0.0264731 -0.00840305
v -0.196677 0.0264203 -0.00856775
v -0.196703 0.0264323 -0.00861337
v -0.226 0.03025 -0.0116667
v -0.190231 0.0255926 -0.0124119
v -0.190046 0.0250968 -0.0119788
v -0.190042 0.0251361 -0.0119824
v -0.190042 0.0251501 -0.0119847
v -0.190041 0.0251752 -0.0119887
v -0.190041 0.0252138 -0.0119976
v -0.190043 0.0252517 -0.0120092
v -0.190041 0.0252028 -0.0119951
v -0.190043 0.0252543 -0.0120102
v -0.190046 0.0252886 -0.0120232
v -0.190048 0.0253039 -0.0120303
v -0.190051 0.0253243 -0.0120397
v -0.190057 0.0253585 -0.0120586
v -0.190065 0.0253912 -0.0120796
v -0.190056 0.0253512 -0.0120545
v -0.190067 0.0253955 -0.0120829
v -0.190075 0.0254219 -0.0121028
v -0.19008 0.0254363 -0.0121153
v -0.190085 0.0254507 -0.0121279
v -0.190096 0.0254734 -0.0121509
v -0.190098 0.0254772 -0.0121547
v -0.190111 0.0255013 -0.0121832
v -0.190114 0.0255059 -0.0121896
v -0.190125 0.0255229 -0.0122132
v -0.190134 0.0255337 -0.012231
v -0.190141 0.0255418 -0.0122443
v -0.190157 0.0255579 -0.0122766
v -0.190175 0.0255711 -0.0123096
v -0.190156 0.0255567 -0.0122743
v -0.19018 0.025574 -0.0123193
v -0.190193 0.0255813 -0.0123433
v -0.190205 0.0255859 -0.0123653
v -0.190212 0.0255885 -0.0123775
v -0.185211 0.0237155 -0.0147702
v -0.186747 0.0243273 -0.0138831
v -0.188364 0.0247905 -0.0129499
v -0.184412 0.0233186 -0.0152312
v -0.188764 0.0253117 -0.0133406
v -0.189504 0.0254534 -0.0128721
v -0.188553 0.0252713 -0.0134741
v -0.18726 0.0248808 -0.0142933
v -0.188015 0.0251177 -0.0138147
v -0.188429 0.0252475 -0.0135526
v -0.186944 0.0247818 -0.0144931
v -0.186764 0.0247254 -0.0146071
v -0.18688 0.0247619 -0.0145335
v -0.186187 0.0244702 -0.0149721
v -0.185848 0.02432 -0.0151867
v -0.186528 0.0246208 -0.0147567
v -0.18551 0.0241708 -0.0154001
v -0.185418 0.0241298 -0.0154588
v -0.184394 0.0233679 -0.0152453
v -0.184379 0.0234165 -0.0152642
v -0.184367 0.023464 -0.0152879
v -0.184359 0.0235098 -0.0153161
v -0.184354 0.0235533 -0.0153483
v -0.184353 0.023594 -0.0153843
v -0.184355 0.0236315 -0.0154236
v -0.184361 0.0236652 -0.0154658
v -0.184371 0.0236949 -0.0155103
v -0.184384 0.0237202 -0.0155566
v -0.184401 0.0237406 -0.0156042
v -0.18442 0.0237561 -0.0156525
v -0.184443 0.0237664 -0.015701
v -0.184468 0.0237715 -0.015749
v -0.184495 0.0237711 -0.015796
v -0.184525 0.0237654 -0.0158415
v -0.184555 0.0237545 -0.0158848
v -0.184588 0.0237383 -0.0159256
v -0.1852 0.0240333 -0.0155966
v -0.184621 0.0237172 -0.0159632
v -0.185179 0.0240224 -0.0156093
v -0.188357 0.0248335 -0.0129559
v -0.188352 0.0248761 -0.0129653
v -0.18835 0.0249181 -0.0129778
v -0.188349 0.0249591 -0.0129935
v -0.188351 0.0249988 -0.0130121
v -0.188354 0.0250369 -0.0130336
v -0.18836 0.0250731 -0.0130579
v -0.188367 0.0251071 -0.0130846
v -0.188377 0.0251387 -0.0131136
v -0.188388 0.0251676 -0.0131447
v -0.188401 0.0251936 -0.0131776
v -0.188415 0.0252165 -0.0132121
v -0.188431 0.0252361 -0.013248
v -0.188449 0.0252523 -0.0132848
v -0.188468 0.0252649 -0.0133225
v -0.188487 0.0252738 -0.0133606
v -0.188508 0.025279 -0.0133988
v -0.18853 0.0252805 -0.013437
v -0.186737 0.0243733 -0.0138919
v -0.186728 0.0244189 -0.0139046
v -0.186723 0.0244637 -0.0139212
v -0.186719 0.0245072 -0.0139413
v -0.186719 0.024549 -0.0139649
v -0.186721 0.0245888 -0.0139918
v -0.186725 0.0246262 -0.0140217
v -0.186732 0.0246608 -0.0140543
v -0.186742 0.0246923 -0.0140893
v -0.186754 0.0247205 -0.0141264
v -0.186768 0.024745 -0.0141652
v -0.186784 0.0247657 -0.0142055
v -0.186802 0.0247823 -0.0142467
v -0.186822 0.0247947 -0.0142887
v -0.186844 0.0248028 -0.0143308
v -0.186867 0.0248065 -0.0143729
v -0.186891 0.0248058 -0.0144144
v -0.186916 0.0248007 -0.014455
v -0.185195 0.0237638 -0.0147822
v -0.185183 0.0238117 -0.0147987
v -0.185174 0.0238585 -0.0148197
v -0.185167 0.0239037 -0.0148448
v -0.185164 0.0239469 -0.0148738
v -0.185164 0.0239875 -0.0149064
v -0.185168 0.0240253 -0.0149422
v -0.185174 0.0240596 -0.0149809
v -0.185184 0.0240902 -0.0150219
v -0.185196 0.0241168 -0.015065
v -0.185212 0.0241389 -0.0151095
v -0.18523 0.0241565 -0.0151551
v -0.185251 0.0241693 -0.0152011
v -0.185274 0.0241772 -0.0152472
v -0.185299 0.02418 -0.0152929
v -0.185326 0.0241778 -0.0153375
v -0.185354 0.0241706 -0.0153807
v -0.185383 0.0241584 -0.015422
v -0.226 0.030232 -0.0120018
v -0.226 0.0301928 -0.0123058
v -0.226 0.030227 -0.0120948
v -0.226 0.0301383 -0.0125909
v -0.226 0.0301583 -0.0125181
v -0.226 0.0300624 -0.0128673
v -0.226 0.0300158 -0.013005
v -0.226 0.0300447 -0.0129316
v -0.226 0.0299611 -0.0131439
v -0.226 0.0299044 -0.0132876
v -0.226 0.0298342 -0.0134324
v -0.226 0.0298875 -0.0133305
v -0.226 0.0297555 -0.0135825
v -0.226 0.0296692 -0.0137393
v -0.226 0.0296885 -0.0137103
v -0.226 0.02945 -0.0140667
v -0.179482 0.0207291 -0.0180813
v -0.179466 0.0207778 -0.0181003
v -0.179455 0.0208252 -0.018124
v -0.179446 0.020871 -0.0181521
v -0.179442 0.0209145 -0.0181844
v -0.17944 0.0209553 -0.0182204
v -0.179443 0.0209927 -0.0182597
v -0.179449 0.0210265 -0.0183019
v -0.179459 0.0210562 -0.0183464
v -0.179472 0.0210814 -0.0183927
v -0.179489 0.0211019 -0.0184403
v -0.179508 0.0211174 -0.0184886
v -0.179531 0.0211277 -0.018537
v -0.179556 0.0211327 -0.0185851
v -0.179583 0.0211324 -0.0186321
v -0.179612 0.0211267 -0.0186775
v -0.179643 0.0211157 -0.0187209
v -0.179675 0.0210996 -0.0187616
v -0.179708 0.0210785 -0.0187993
v -0.17842 0.0193207 -0.0209615
v -0.178458 0.0193245 -0.0209643
v -0.178381 0.0193144 -0.0209568
v -0.178406 0.0193184 -0.0209598
v -0.178354 0.0193083 -0.0209522
v -0.178344 0.0193058 -0.0209503
v -0.178307 0.0192949 -0.0209421
v -0.178271 0.0192817 -0.0209322
v -0.178304 0.0192939 -0.0209414
v -0.178237 0.0192663 -0.0209207
v -0.178257 0.0192751 -0.0209273
v -0.178212 0.0192525 -0.0209104
v -0.178205 0.0192488 -0.0209076
v -0.178174 0.0192293 -0.020893
v -0.178146 0.019208 -0.020877
v -0.17817 0.0192263 -0.0208907
v -0.178119 0.019185 -0.0208597
v -0.178132 0.0191965 -0.0208684
v -0.178098 0.0191639 -0.0208439
v -0.178095 0.0191604 -0.0208412
v -0.178073 0.0191343 -0.0208217
v -0.178054 0.019107 -0.0208012
v -0.178069 0.0191284 -0.0208173
v -0.178038 0.0190785 -0.0207799
v -0.178045 0.0190907 -0.020789
v -0.178025 0.0190512 -0.0207594
v -0.178024 0.0190491 -0.0207578
v -0.178014 0.019019 -0.0207352
v -0.178006 0.0189883 -0.0207122
v -0.178012 0.0190102 -0.0207286
v -0.178002 0.0189572 -0.0206888
v -0.178003 0.0189683 -0.0206972
v -0.178464 0.019453 -0.0207938
v -0.178482 0.0195823 -0.0206238
v -0.178511 0.0197114 -0.0204557
v -0.178551 0.0198393 -0.0202907
v -0.178602 0.019965 -0.0201302
v -0.178663 0.0200876 -0.0199752
v -0.178732 0.0202064 -0.0198266
v -0.178811 0.0203205 -0.0196852
v -0.178896 0.0204296 -0.0195516
v -0.178988 0.0205332 -0.0194263
v -0.179085 0.0206309 -0.0193094
v -0.179186 0.0207227 -0.0192011
v -0.179291 0.0208085 -0.0191014
v -0.179399 0.0208882 -0.0190101
v -0.17951 0.020962 -0.018927
v -0.178424 0.0194503 -0.0207891
v -0.178385 0.0194451 -0.0207825
v -0.178347 0.0194374 -0.020774
v -0.178309 0.0194272 -0.0207637
v -0.178273 0.0194146 -0.0207517
v -0.178238 0.0193996 -0.020738
v -0.178205 0.0193824 -0.0207227
v -0.178174 0.0193631 -0.020706
v -0.178145 0.0193418 -0.0206879
v -0.178119 0.0193187 -0.0206685
v -0.178094 0.0192938 -0.020648
v -0.178073 0.0192674 -0.0206266
v -0.178054 0.0192396 -0.0206043
v -0.178039 0.0192106 -0.0205812
v -0.178026 0.0191806 -0.0205576
v -0.178017 0.0191497 -0.0205336
v -0.17801 0.0191183 -0.0205094
v -0.178007 0.0190864 -0.0204851
v -0.178441 0.0195809 -0.0206172
v -0.178401 0.0195768 -0.0206085
v -0.178362 0.01957 -0.0205979
v -0.178323 0.0195606 -0.0205855
v -0.178286 0.0195486 -0.0205712
v -0.178251 0.0195342 -0.0205553
v -0.178218 0.0195173 -0.0205378
v -0.178186 0.0194981 -0.0205189
v -0.178157 0.0194768 -0.0204986
v -0.178131 0.0194535 -0.0204772
v -0.178107 0.0194284 -0.0204547
v -0.178086 0.0194016 -0.0204313
v -0.178068 0.0193733 -0.0204072
v -0.178053 0.0193437 -0.0203826
v -0.178041 0.0193131 -0.0203575
v -0.178033 0.0192815 -0.0203322
v -0.178028 0.0192493 -0.0203069
v -0.178026 0.0192166 -0.0202817
v -0.178469 0.0197114 -0.020447
v -0.178428 0.0197084 -0.0204363
v -0.178388 0.0197027 -0.0204235
v -0.17835 0.0196941 -0.0204088
v -0.178312 0.0196828 -0.0203923
v -0.178277 0.0196688 -0.0203741
v -0.178243 0.0196522 -0.0203544
v -0.178211 0.0196333 -0.0203332
v -0.178182 0.019612 -0.0203107
v -0.178156 0.0195886 -0.0202872
v -0.178133 0.0195632 -0.0202627
v -0.178112 0.019536 -0.0202375
v -0.178095 0.0195071 -0.0202116
v -0.178081 0.0194769 -0.0201854
v -0.17807 0.0194456 -0.020159
v -0.178063 0.0194132 -0.0201325
v -0.178059 0.0193801 -0.0201063
v -0.178059 0.0193466 -0.0200804
v -0.178509 0.0198406 -0.02028
v -0.178467 0.0198389 -0.0202671
v -0.178427 0.0198342 -0.020252
v -0.178388 0.0198265 -0.0202351
v -0.17835 0.0198159 -0.0202162
v -0.178314 0.0198025 -0.0201957
v -0.17828 0.0197863 -0.0201737
v -0.178249 0.0197675 -0.0201503
v -0.17822 0.0197463 -0.0201256
v -0.178194 0.0197227 -0.0201
v -0.178171 0.019697 -0.0200735
v -0.178151 0.0196694 -0.0200465
v -0.178135 0.01964 -0.020019
v -0.178122 0.0196092 -0.0199913
v -0.178112 0.019577 -0.0199636
v -0.178106 0.0195439 -0.0199361
v -0.178104 0.0195099 -0.0199091
v -0.178106 0.0194754 -0.0198827
v -0.178559 0.0199678 -0.0201173
v -0.178517 0.0199674 -0.0201021
v -0.178477 0.0199637 -0.0200848
v -0.178437 0.019957 -0.0200655
v -0.178399 0.0199471 -0.0200444
v -0.178363 0.0199343 -0.0200215
v -0.178329 0.0199185 -0.0199971
v -0.178298 0.0198999 -0.0199714
v -0.17827 0.0198787 -0.0199446
v -0.178244 0.019855 -0.0199169
v -0.178222 0.019829 -0.0198886
v -0.178203 0.0198009 -0.0198597
v -0.178187 0.019771 -0.0198307
v -0.178175 0.0197394 -0.0198016
v -0.178167 0.0197065 -0.0197728
v -0.178162 0.0196725 -0.0197445
v -0.178162 0.0196376 -0.0197168
v -0.178165 0.0196021 -0.01969
v -0.17862 0.0200919 -0.0199601
v -0.178578 0.0200928 -0.0199427
v -0.178537 0.0200903 -0.019923
v -0.178497 0.0200845 -0.0199013
v -0.178459 0.0200755 -0.0198778
v -0.178423 0.0200632 -0.0198526
v -0.17839 0.0200478 -0.0198259
v -0.178359 0.0200294 -0.0197979
v -0.178331 0.0200082 -0.019769
v -0.178306 0.0199844 -0.0197393
v -0.178284 0.0199581 -0.019709
v -0.178266 0.0199296 -0.0196785
v -0.178251 0.019899 -0.019648
v -0.17824 0.0198668 -0.0196177
v -0.178233 0.019833 -0.0195879
v -0.17823 0.0197981 -0.0195588
v -0.178231 0.0197622 -0.0195307
v -0.178236 0.0197258 -0.0195038
v -0.17869 0.0202121 -0.0198093
v -0.178647 0.0202144 -0.0197896
v -0.178606 0.0202131 -0.0197676
v -0.178567 0.0202084 -0.0197435
v -0.178529 0.0202001 -0.0197176
v -0.178493 0.0201884 -0.01969
v -0.17846 0.0201735 -0.019661
v -0.17843 0.0201553 -0.0196308
v -0.178402 0.0201342 -0.0195998
v -0.178378 0.0201102 -0.0195681
v -0.178357 0.0200836 -0.0195361
v -0.17834 0.0200546 -0.019504
v -0.178326 0.0200234 -0.0194721
v -0.178317 0.0199904 -0.0194406
v -0.178311 0.0199558 -0.01941
v -0.178309 0.01992 -0.0193803
v -0.178312 0.0198831 -0.019352
v -0.178318 0.0198456 -0.0193251
v -0.178768 0.0203279 -0.0196657
v -0.178726 0.0203315 -0.0196437
v -0.178685 0.0203315 -0.0196193
v -0.178646 0.0203277 -0.0195929
v -0.178608 0.0203203 -0.0195645
v -0.178573 0.0203093 -0.0195346
v -0.17854 0.0202948 -0.0195033
v -0.17851 0.0202769 -0.019471
v -0.178483 0.0202558 -0.0194378
v -0.17846 0.0202317 -0.0194043
v -0.17844 0.0202047 -0.0193705
v -0.178424 0.0201753 -0.0193369
v -0.178411 0.0201435 -0.0193038
v -0.178403 0.0201097 -0.0192714
v -0.178399 0.0200742 -0.01924
v -0.178399 0.0200374 -0.01921
v -0.178403 0.0199995 -0.0191815
v -0.17841 0.0199609 -0.0191549
v -0.178853 0.0204385 -0.0195299
v -0.178812 0.0204436 -0.0195056
v -0.178771 0.0204448 -0.0194789
v -0.178732 0.0204421 -0.01945
v -0.178696 0.0204356 -0.0194193
v -0.178661 0.0204252 -0.019387
v -0.178629 0.0204112 -0.0193535
v -0.1786 0.0203935 -0.019319
v -0.178574 0.0203725 -0.0192839
v -0.178551 0.0203482 -0.0192485
v -0.178532 0.020321 -0.0192132
v -0.178517 0.020291 -0.0191782
v -0.178506 0.0202586 -0.0191439
v -0.178499 0.020224 -0.0191106
v -0.178496 0.0201876 -0.0190787
v -0.178497 0.0201498 -0.0190484
v -0.178502 0.0201108 -0.0190201
v -0.178511 0.0200711 -0.0189939
v -0.178946 0.0205437 -0.0194023
v -0.178905 0.0205502 -0.0193757
v -0.178865 0.0205527 -0.0193467
v -0.178826 0.0205511 -0.0193155
v -0.17879 0.0205454 -0.0192824
v -0.178756 0.0205358 -0.0192479
v -0.178725 0.0205222 -0.0192122
v -0.178697 0.0205048 -0.0191756
v -0.178672 0.0204838 -0.0191386
v -0.17865 0.0204594 -0.0191014
v -0.178632 0.0204318 -0.0190646
v -0.178618 0.0204013 -0.0190283
v -0.178608 0.0203683 -0.018993
v -0.178602 0.0203329 -0.018959
v -0.1786 0.0202956 -0.0189267
v -0.178603 0.0202567 -0.0188963
v -0.17861 0.0202167 -0.0188681
v -0.17862 0.0201758 -0.0188425
v -0.179043 0.0206431 -0.0192833
v -0.179003 0.0206511 -0.0192544
v -0.178964 0.0206548 -0.019223
v -0.178927 0.0206543 -0.0191895
v -0.178891 0.0206496 -0.0191542
v -0.178858 0.0206406 -0.0191174
v -0.178828 0.0206274 -0.0190796
v -0.1788 0.0206103 -0.019041
v -0.178776 0.0205894 -0.0190021
v -0.178756 0.0205649 -0.0189634
v -0.178739 0.020537 -0.0189251
v -0.178726 0.020506 -0.0188876
v -0.178717 0.0204723 -0.0188514
v -0.178713 0.0204361 -0.0188168
v -0.178712 0.0203979 -0.0187842
v -0.178716 0.020358 -0.0187539
v -0.178724 0.0203168 -0.0187261
v -0.178736 0.0202748 -0.0187012
v -0.179146 0.0207365 -0.0191728
v -0.179107 0.0207459 -0.0191417
v -0.179068 0.020751 -0.0191081
v -0.179032 0.0207516 -0.0190723
v -0.178998 0.0207477 -0.0190348
v -0.178966 0.0207394 -0.0189958
v -0.178936 0.0207268 -0.0189559
v -0.17891 0.02071 -0.0189154
v -0.178887 0.0206891 -0.0188748
v -0.178868 0.0206644 -0.0188345
v -0.178852 0.0206362 -0.0187949
v -0.17884 0.0206047 -0.0187564
v -0.178833 0.0205703 -0.0187194
v -0.178829 0.0205333 -0.0186843
v -0.17883 0.0204942 -0.0186515
v -0.178835 0.0204532 -0.0186214
v -0.178844 0.0204109 -0.0185941
v -0.178856 0.0203678 -0.0185701
v -0.179252 0.0208238 -0.019071
v -0.179214 0.0208347 -0.0190377
v -0.179177 0.0208411 -0.0190019
v -0.179142 0.0208428 -0.0189639
v -0.179109 0.0208398 -0.0189242
v -0.179078 0.0208322 -0.0188832
v -0.17905 0.0208201 -0.0188413
v -0.179025 0.0208035 -0.018799
v -0.179003 0.0207827 -0.0187567
v -0.178985 0.0207579 -0.0187149
v -0.17897 0.0207294 -0.0186741
v -0.17896 0.0206974 -0.0186347
v -0.178953 0.0206623 -0.018597
v -0.178951 0.0206245 -0.0185616
v -0.178953 0.0205844 -0.0185287
v -0.178958 0.0205425 -0.0184988
v -0.178968 0.0204991 -0.0184722
v -0.178982 0.0204547 -0.0184491
v -0.179362 0.0209051 -0.0189776
v -0.179325 0.0209175 -0.0189422
v -0.179289 0.0209251 -0.0189043
v -0.179255 0.0209278 -0.0188642
v -0.179223 0.0209258 -0.0188224
v -0.179194 0.0209189 -0.0187794
v -0.179167 0.0209072 -0.0187357
v -0.179143 0.020891 -0.0186916
v -0.179123 0.0208703 -0.0186478
v -0.179106 0.0208453 -0.0186047
v -0.179093 0.0208165 -0.0185627
v -0.179084 0.020784 -0.0185224
v -0.179078 0.0207483 -0.0184842
v -0.179077 0.0207097 -0.0184485
v -0.179079 0.0206687 -0.0184157
v -0.179086 0.0206257 -0.0183862
v -0.179097 0.0205811 -0.0183602
v -0.179111 0.0205356 -0.0183382
v -0.179473 0.0209805 -0.0188926
v -0.179438 0.0209942 -0.0188552
v -0.179404 0.021003 -0.0188152
v -0.179372 0.0210069 -0.0187731
v -0.179341 0.0210057 -0.0187293
v -0.179313 0.0209995 -0.0186844
v -0.179288 0.0209883 -0.0186389
v -0.179266 0.0209723 -0.0185932
v -0.179247 0.0209517 -0.0185479
v -0.179231 0.0209267 -0.0185036
v -0.179219 0.0208975 -0.0184606
v -0.179211 0.0208646 -0.0184196
v -0.179206 0.0208282 -0.0183809
v -0.179206 0.0207888 -0.018345
v -0.17921 0.0207469 -0.0183123
v -0.179217 0.0207029 -0.0182833
v -0.179228 0.0206572 -0.0182581
v -0.179243 0.0206106 -0.0182371
v -0.178 0.0184291 -0.0213278
v -0.178002 0.0184687 -0.0213575
v -0.178003 0.0184715 -0.0213596
v -0.17801 0.0185079 -0.0213869
v -0.178026 0.0185543 -0.0214217
v -0.178022 0.0185463 -0.0214157
v -0.178012 0.0185134 -0.021391
v -0.178039 0.0185836 -0.0214437
v -0.178045 0.0185939 -0.0214514
v -0.17806 0.0186194 -0.0214705
v -0.178069 0.0186315 -0.0214796
v -0.178086 0.0186533 -0.0214959
v -0.178099 0.0186669 -0.0215061
v -0.178116 0.018685 -0.0215197
v -0.178133 0.0186996 -0.0215307
v -0.178149 0.0187142 -0.0215416
v -0.178186 0.0187406 -0.0215614
v -0.17817 0.0187293 -0.0215529
v -0.178212 0.0187556 -0.0215726
v -0.178257 0.0187782 -0.0215896
v -0.178226 0.0187639 -0.0215789
v -0.178269 0.0187839 -0.0215939
v -0.178305 0.0187969 -0.0216036
v -0.178314 0.0188004 -0.0216063
v -0.178354 0.0188115 -0.0216146
v -0.178361 0.0188133 -0.021616
v -0.178406 0.0188218 -0.0216223
v -0.178409 0.0188225 -0.0216228
v -0.178458 0.0188277 -0.0216267
v -0.178 -0.0180765 -0.0217517
v -0.178 -0.0154683 -0.0233322
v -0.178 -0.0147181 -0.0234789
v -0.178 -0.0176902 -0.0221317
v -0.178 -0.0172717 -0.0224692
v -0.178 -0.0169535 -0.0226845
v -0.178 -0.0164747 -0.022952
v -0.178 -0.0159794 -0.0231674
v -0.178 -0.0152512 -0.0233859
v -0.178 -0.0141824 -0.0235187
v -0.178 -0.0117321 -0.0235204
v -0.178 -0.0117321 -0.022
v -0.178 -0.0140449 -0.0235204
v -0.178458 -0.0186517 -0.0218501
v -0.178458 -0.0186546 -0.0218464
v -0.178458 -0.0184508 -0.0220699
v -0.178459 -0.0182312 -0.0223057
v -0.178458 -0.0184377 -0.0220843
v -0.178458 -0.0182544 -0.0222849
v -0.178459 -0.0179783 -0.022532
v -0.178459 -0.0177976 -0.0226937
v -0.178459 -0.017708 -0.0227586
v -0.178459 -0.0180164 -0.0224979
v -0.17846 -0.0174128 -0.022972
v -0.178461 -0.0172859 -0.0230637
v -0.17846 -0.0175604 -0.0228653
v -0.178461 -0.0170995 -0.0231716
v -0.178462 -0.0167798 -0.0233565
v -0.178462 -0.0167729 -0.0233597
v -0.178461 -0.0172164 -0.023104
v -0.178464 -0.0164283 -0.0235172
v -0.178465 -0.0162703 -0.0235894
v -0.178463 -0.0166943 -0.0233956
v -0.178466 -0.0160778 -0.023657
v -0.178468 -0.0157753 -0.0237634
v -0.178468 -0.0157239 -0.0237763
v -0.178466 -0.0161542 -0.0236302
v -0.178469 -0.0155965 -0.0238085
v -0.17847 -0.0153685 -0.023866
v -0.178471 -0.0152314 -0.0239006
v -0.178472 -0.0150188 -0.0239328
v -0.17847 -0.0153599 -0.0238682
v -0.178475 -0.0146416 -0.0239899
v -0.178477 -0.0143528 -0.0240044
v -0.178475 -0.0146792 -0.0239842
v -0.178474 -0.0147787 -0.0239691
v -0.178428 -0.0140449 -0.0240153
v -0.178478 -0.0141946 -0.0240124
v -0.178378 -0.0140449 -0.0240054
v -0.17833 -0.0140449 -0.0239905
v -0.178283 -0.0140449 -0.0239707
v -0.178238 -0.0140449 -0.0239463
v -0.178196 -0.0140449 -0.0239174
v -0.178157 -0.0140449 -0.0238845
v -0.178122 -0.0140449 -0.0238477
v -0.178091 -0.0140449 -0.0238075
v -0.178064 -0.0140449 -0.0237644
v -0.178041 -0.0140449 -0.0237187
v -0.178023 -0.0140449 -0.0236709
v -0.17801 -0.0140449 -0.0236216
v -0.178003 -0.0140449 -0.0235713
v -0.178479 -0.0140449 -0.02402
v -0.178409 -0.0184382 -0.0220847
v -0.178361 -0.0184298 -0.022077
v -0.178314 -0.0184179 -0.0220661
v -0.178269 -0.0184027 -0.0220521
v -0.178226 -0.0183843 -0.0220351
v -0.178186 -0.0183628 -0.0220153
v -0.178149 -0.0183386 -0.021993
v -0.178116 -0.0183118 -0.0219683
v -0.178086 -0.0182826 -0.0219415
v -0.17806 -0.0182515 -0.0219128
v -0.178039 -0.0182186 -0.0218825
v -0.178022 -0.0181843 -0.0218509
v -0.17801 -0.0181489 -0.0218184
v -0.178002 -0.0181129 -0.0217852
v -0.17841 -0.0180173 -0.0224988
v -0.178361 -0.0180098 -0.0224903
v -0.178314 -0.017999 -0.0224783
v -0.178269 -0.0179853 -0.0224629
v -0.178227 -0.0179686 -0.0224442
v -0.178186 -0.0179493 -0.0224224
v -0.178149 -0.0179273 -0.0223978
v -0.178116 -0.0179031 -0.0223706
v -0.178086 -0.0178767 -0.022341
v -0.17806 -0.0178485 -0.0223094
v -0.178039 -0.0178187 -0.022276
v -0.178022 -0.0177877 -0.0222412
v -0.17801 -0.0177557 -0.0222053
v -0.178002 -0.0177231 -0.0221686
v -0.178411 -0.0175614 -0.0228668
v -0.178362 -0.0175548 -0.0228577
v -0.178315 -0.0175453 -0.0228447
v -0.17827 -0.0175332 -0.022828
v -0.178227 -0.0175185 -0.0228078
v -0.178187 -0.0175013 -0.0227843
v -0.17815 -0.0174819 -0.0227576
v -0.178116 -0.0174604 -0.0227281
v -0.178086 -0.017437 -0.0226961
v -0.17806 -0.017412 -0.0226618
v -0.178039 -0.0173857 -0.0226256
v -0.178022 -0.0173582 -0.0225879
v -0.17801 -0.0173298 -0.022549
v -0.178002 -0.0173009 -0.0225093
v -0.178411 -0.0172147 -0.0231015
v -0.178363 -0.0172088 -0.023092
v -0.178316 -0.0172003 -0.0230785
v -0.178271 -0.0171893 -0.023061
v -0.178228 -0.0171761 -0.0230399
v -0.178187 -0.0171606 -0.0230152
v -0.17815 -0.0171431 -0.0229872
v -0.178116 -0.0171237 -0.0229563
v -0.178086 -0.0171027 -0.0229227
v -0.178061 -0.0170801 -0.0228867
v -0.178039 -0.0170563 -0.0228487
v -0.178022 -0.0170315 -0.0228091
v -0.17801 -0.0170059 -0.0227682
v -0.178002 -0.0169798 -0.0227266
v -0.178413 -0.0166931 -0.0233934
v -0.178365 -0.0166882 -0.0233834
v -0.178317 -0.0166811 -0.0233692
v -0.178272 -0.0166721 -0.0233509
v -0.178229 -0.016661 -0.0233285
v -0.178188 -0.0166481 -0.0233025
v -0.178151 -0.0166335 -0.0232729
v -0.178117 -0.0166173 -0.0232401
v -0.178087 -0.0165996 -0.0232045
v -0.178061 -0.0165808 -0.0231664
v -0.178039 -0.0165609 -0.0231261
v -0.178022 -0.0165401 -0.0230841
v -0.17801 -0.0165186 -0.0230408
v -0.178002 -0.0164968 -0.0229967
v -0.178416 -0.0161535 -0.0236285
v -0.178367 -0.0161496 -0.0236183
v -0.178319 -0.0161441 -0.0236036
v -0.178274 -0.0161369 -0.0235845
v -0.17823 -0.0161281 -0.0235613
v -0.17819 -0.0161178 -0.0235341
v -0.178152 -0.0161062 -0.0235032
v -0.178118 -0.0160933 -0.023469
v -0.178088 -0.0160792 -0.0234318
v -0.178061 -0.0160642 -0.0233919
v -0.17804 -0.0160482 -0.0233498
v -0.178022 -0.0160317 -0.0233058
v -0.17801 -0.0160145 -0.0232604
v -0.178003 -0.0159971 -0.0232142
v -0.178419 -0.0155965 -0.0238086
v -0.178369 -0.0155937 -0.0237983
v -0.178322 -0.0155897 -0.0237833
v -0.178276 -0.0155844 -0.0237637
v -0.178232 -0.015578 -0.0237398
v -0.178191 -0.0155704 -0.0237118
v -0.178153 -0.0155618 -0.02368
v -0.178119 -0.0155523 -0.0236446
v -0.178088 -0.015542 -0.0236061
v -0.178062 -0.0155309 -0.0235648
v -0.17804 -0.0155191 -0.0235211
v -0.178023 -0.0155069 -0.0234756
v -0.17801 -0.0154942 -0.0234286
v -0.178003 -0.0154813 -0.0233807
v -0.17842 -0.0153598 -0.0238673
v -0.178371 -0.0153575 -0.023857
v -0.178323 -0.0153541 -0.023842
v -0.178277 -0.0153497 -0.0238223
v -0.178233 -0.0153442 -0.0237982
v -0.178192 -0.0153378 -0.0237699
v -0.178154 -0.0153306 -0.0237377
v -0.178119 -0.0153225 -0.023702
v -0.178089 -0.0153137 -0.023663
v -0.178062 -0.0153043 -0.0236213
v -0.17804 -0.0152943 -0.0235771
v -0.178023 -0.0152839 -0.023531
v -0.17801 -0.0152732 -0.0234835
v -0.178003 -0.0152622 -0.0234349
v -0.178423 -0.0147789 -0.0239692
v -0.178374 -0.0147776 -0.023959
v -0.178326 -0.0147757 -0.0239439
v -0.178279 -0.0147733 -0.0239241
v -0.178235 -0.0147703 -0.0238996
v -0.178194 -0.0147667 -0.0238709
v -0.178155 -0.0147626 -0.0238382
v -0.17812 -0.0147581 -0.0238017
v -0.178089 -0.0147532 -0.023762
v -0.178063 -0.0147479 -0.0237194
v -0.17804 -0.0147423 -0.0236743
v -0.178023 -0.0147365 -0.0236272
v -0.17801 -0.0147305 -0.0235786
v -0.178003 -0.0147243 -0.023529
v -0.178427 -0.0141948 -0.0240132
v -0.178377 -0.0141945 -0.0240033
v -0.178329 -0.0141942 -0.0239883
v -0.178282 -0.0141937 -0.0239685
v -0.178237 -0.014193 -0.023944
v -0.178196 -0.0141923 -0.0239152
v -0.178157 -0.0141915 -0.0238822
v -0.178122 -0.0141906 -0.0238454
v -0.17809 -0.0141896 -0.0238053
v -0.178063 -0.0141885 -0.0237622
v -0.178041 -0.0141873 -0.0237166
v -0.178023 -0.0141861 -0.0236689
v -0.17801 -0.0141849 -0.0236197
v -0.178003 -0.0141836 -0.0235695
v -0.226 -0.0211412 -0.025004
v -0.226 -0.0209627 -0.0251453
v -0.226 -0.0211478 -0.0249976
v -0.226 -0.0208183 -0.0252597
v -0.226 -0.0207846 -0.0252811
v -0.226 -0.0187695 -0.0259861
v -0.226 -0.0185 -0.026
v -0.226 -0.0189114 -0.0259788
v -0.226 -0.0190195 -0.0259619
v -0.226 -0.0192531 -0.0259256
v -0.226 -0.0194708 -0.0258752
v -0.226 -0.0193184 -0.0259154
v -0.226 -0.0196778 -0.0258207
v -0.226 -0.0197168 -0.0258104
v -0.226 -0.0198727 -0.0257516
v -0.226 -0.0200626 -0.02568
v -0.226 -0.0201023 -0.0256651
v -0.226 -0.0202446 -0.0255939
v -0.226 -0.0204263 -0.0255031
v -0.226 -0.0204707 -0.0254808
v -0.226 -0.0206037 -0.0253962
v -0.226 -0.0213285 -0.0248214
v -0.226 -0.0215132 -0.0246241
v -0.226 -0.0214362 -0.0247164
v -0.226 -0.0217 -0.0244
v -0.202086 -0.0196814 -0.0236443
v -0.202086 -0.0194657 -0.0238357
v -0.202086 -0.0192389 -0.024015
v -0.178479 -0.0117321 -0.02402
v -0.178428 -0.0117321 -0.0240153
v -0.178378 -0.0117321 -0.0240054
v -0.17833 -0.0117321 -0.0239905
v -0.178283 -0.0117321 -0.0239707
v -0.178238 -0.0117321 -0.0239463
v -0.178196 -0.0117321 -0.0239174
v -0.178157 -0.0117321 -0.0238845
v -0.178122 -0.0117321 -0.0238477
v -0.178091 -0.0117321 -0.0238075
v -0.178064 -0.0117321 -0.0237644
v -0.178041 -0.0117321 -0.0237187
v -0.178023 -0.0117321 -0.0236709
v -0.17801 -0.0117321 -0.0236216
v -0.178003 -0.0117321 -0.0235713
v -0.178016 -0.0114185 -0.022
v -0.178066 -0.0111083 -0.022
v -0.178018 -0.0114057 -0.023521
v -0.178017 -0.0114185 -0.023521
v -0.178147 -0.010805 -0.022
v -0.178071 -0.0110833 -0.0235229
v -0.178067 -0.0111085 -0.0235227
v -0.178259 -0.0105118 -0.022
v -0.178159 -0.0107685 -0.0235259
v -0.178149 -0.0108055 -0.0235256
v -0.178402 -0.0102321 -0.022
v -0.178281 -0.0104651 -0.0235301
v -0.178262 -0.0105127 -0.0235295
v -0.178573 -0.0099687 -0.022
v -0.178435 -0.0101767 -0.0235355
v -0.178404 -0.0102334 -0.0235344
v -0.178771 -0.00972466 -0.022
v -0.178619 -0.00990676 -0.0235419
v -0.178576 -0.00997051 -0.0235404
v -0.178993 -0.00950262 -0.022
v -0.178832 -0.00965845 -0.0235493
v -0.178773 -0.00972698 -0.0235472
v -0.179237 -0.009305 -0.022
v -0.179071 -0.00943474 -0.0235576
v -0.178995 -0.00950543 -0.023555
v -0.179239 -0.00930827 -0.0235634
v -0.179332 -0.00923831 -0.0235667
v -0.1795 -0.00913397 -0.022
v -0.1795 -0.00913397 -0.0235725
v -0.178494 -0.0114601 -0.0240206
v -0.178538 -0.0111914 -0.0240224
v -0.178612 -0.0109291 -0.0240255
v -0.178713 -0.0106763 -0.0240297
v -0.178841 -0.0104359 -0.0240351
v -0.178995 -0.010211 -0.0240415
v -0.179173 -0.0100041 -0.0240489
v -0.179371 -0.00981763 -0.0240571
v -0.179704 -0.00952231 -0.0240683
v -0.179589 -0.00965393 -0.0240662
v -0.179678 -0.00947812 -0.0240593
v -0.179654 -0.00943487 -0.0240451
v -0.179631 -0.00939303 -0.0240258
v -0.179609 -0.00935304 -0.0240017
v -0.179588 -0.00931534 -0.023973
v -0.179569 -0.00928032 -0.0239401
v -0.179552 -0.00924836 -0.0239032
v -0.179537 -0.0092198 -0.0238628
v -0.179525 -0.00919495 -0.0238193
v -0.179515 -0.00917406 -0.0237732
v -0.179507 -0.00915736 -0.0237249
v -0.179502 -0.00914504 -0.023675
v -0.1795 -0.00913721 -0.023624
v -0.179729 -0.00956699 -0.024072
v -0.178444 -0.0114546 -0.0240159
v -0.178394 -0.0114491 -0.024006
v -0.178345 -0.0114437 -0.0239912
v -0.178299 -0.0114385 -0.0239714
v -0.178254 -0.0114336 -0.023947
v -0.178213 -0.0114289 -0.0239181
v -0.178174 -0.0114245 -0.0238851
v -0.178139 -0.0114205 -0.0238483
v -0.178108 -0.0114169 -0.0238082
v -0.178081 -0.0114137 -0.023765
v -0.178058 -0.0114111 -0.0237193
v -0.178041 -0.0114089 -0.0236716
v -0.178028 -0.0114073 -0.0236223
v -0.17802 -0.0114062 -0.0235719
v -0.178489 -0.0111804 -0.0240178
v -0.17844 -0.0111695 -0.024008
v -0.178392 -0.0111588 -0.0239931
v -0.178347 -0.0111485 -0.0239734
v -0.178303 -0.0111386 -0.0239489
v -0.178262 -0.0111292 -0.0239201
v -0.178224 -0.0111205 -0.0238871
v -0.17819 -0.0111126 -0.0238503
v -0.178159 -0.0111054 -0.0238101
v -0.178133 -0.0110992 -0.023767
v -0.178111 -0.0110939 -0.0237213
v -0.178093 -0.0110896 -0.0236735
v -0.178081 -0.0110864 -0.0236242
v -0.178073 -0.0110843 -0.0235738
v -0.178564 -0.0109127 -0.0240209
v -0.178516 -0.0108965 -0.0240111
v -0.17847 -0.0108806 -0.0239963
v -0.178426 -0.0108653 -0.0239766
v -0.178383 -0.0108506 -0.0239522
v -0.178343 -0.0108367 -0.0239233
v -0.178307 -0.0108238 -0.0238903
v -0.178273 -0.0108119 -0.0238536
v -0.178244 -0.0108013 -0.0238134
v -0.178218 -0.0107921 -0.0237702
v -0.178197 -0.0107842 -0.0237245
v -0.17818 -0.0107779 -0.0236767
v -0.178168 -0.0107731 -0.0236273
v -0.178161 -0.01077 -0.0235769
v -0.178667 -0.0106547 -0.0240252
v -0.178622 -0.0106334 -0.0240155
v -0.178577 -0.0106125 -0.0240007
v -0.178535 -0.0105923 -0.023981
v -0.178494 -0.0105729 -0.0239567
v -0.178456 -0.0105546 -0.0239278
v -0.178421 -0.0105377 -0.0238949
v -0.178389 -0.0105221 -0.0238581
v -0.178361 -0.0105082 -0.0238179
v -0.178337 -0.010496 -0.0237746
v -0.178317 -0.0104857 -0.0237289
v -0.178301 -0.0104774 -0.023681
v -0.178289 -0.0104711 -0.0236316
v -0.178283 -0.010467 -0.0235811
v -0.178798 -0.0104094 -0.0240306
v -0.178755 -0.0103832 -0.024021
v -0.178713 -0.0103575 -0.0240063
v -0.178673 -0.0103327 -0.0239867
v -0.178635 -0.0103089 -0.0239623
v -0.178599 -0.0102865 -0.0239335
v -0.178566 -0.0102656 -0.0239006
v -0.178536 -0.0102465 -0.0238638
v -0.17851 -0.0102294 -0.0238235
v -0.178487 -0.0102144 -0.0237803
v -0.178468 -0.0102018 -0.0237345
v -0.178453 -0.0101916 -0.0236866
v -0.178442 -0.010184 -0.0236371
v -0.178436 -0.010179 -0.0235866
v -0.178955 -0.0101798 -0.0240372
v -0.178915 -0.010149 -0.0240276
v -0.178876 -0.0101188 -0.024013
v -0.178839 -0.0100896 -0.0239935
v -0.178803 -0.0100617 -0.0239692
v -0.17877 -0.0100353 -0.0239404
v -0.17874 -0.0100108 -0.0239074
v -0.178712 -0.0099884 -0.0238706
v -0.178687 -0.00996832 -0.0238303
v -0.178666 -0.00995079 -0.023787
v -0.178649 -0.00993599 -0.0237412
v -0.178635 -0.00992408 -0.0236932
v -0.178626 -0.00991518 -0.0236437
v -0.17862 -0.00990939 -0.0235931
v -0.179136 -0.0099686 -0.0240447
v -0.179099 -0.00993352 -0.0240353
v -0.179064 -0.00989919 -0.0240208
v -0.17903 -0.00986596 -0.0240013
v -0.178998 -0.00983418 -0.023977
v -0.178968 -0.0098042 -0.0239483
v -0.17894 -0.00977633 -0.0239153
v -0.178915 -0.00975085 -0.0238785
v -0.178893 -0.00972804 -0.0238382
v -0.178874 -0.00970814 -0.0237948
v -0.178858 -0.00969137 -0.0237489
v -0.178846 -0.00967788 -0.0237009
v -0.178838 -0.00966784 -0.0236512
v -0.178833 -0.00966134 -0.0236005
v -0.179339 -0.00977827 -0.0240531
v -0.179306 -0.00973933 -0.0240439
v -0.179275 -0.00970122 -0.0240294
v -0.179245 -0.00966434 -0.02401
v -0.179216 -0.00962908 -0.0239858
v -0.179189 -0.00959582 -0.0239571
v -0.179165 -0.00956491 -0.0239241
v -0.179143 -0.00953667 -0.0238873
v -0.179123 -0.00951141 -0.023847
v -0.179106 -0.00948939 -0.0238036
v -0.179093 -0.00947084 -0.0237576
v -0.179082 -0.00945597 -0.0237095
v -0.179075 -0.00944492 -0.0236597
v -0.179071 -0.00943782 -0.0236089
v -0.179561 -0.00961112 -0.0240624
v -0.179533 -0.00956875 -0.0240533
v -0.179506 -0.0095273 -0.024039
v -0.17948 -0.00948719 -0.0240196
v -0.179455 -0.00944885 -0.0239955
v -0.179432 -0.00941269 -0.0239668
v -0.179411 -0.00937911 -0.0239339
v -0.179392 -0.00934844 -0.023897
v -0.179376 -0.00932102 -0.0238566
v -0.179361 -0.00929715 -0.0238132
v -0.17935 -0.00927707 -0.0237671
v -0.179341 -0.00926099 -0.0237189
v -0.179335 -0.0092491 -0.023669
v -0.179332 -0.00924151 -0.0236181
v -0.1805 -0.00855662 -0.022
v -0.1805 -0.00855662 -0.0236141
v -0.180729 -0.00898964 -0.0241137
v -0.180704 -0.00894496 -0.02411
v -0.180678 -0.00890077 -0.024101
v -0.180654 -0.00885752 -0.0240867
v -0.180631 -0.00881568 -0.0240675
v -0.180609 -0.00877569 -0.0240434
v -0.180588 -0.00873799 -0.0240147
v -0.180569 -0.00870297 -0.0239817
v -0.180552 -0.00867101 -0.0239449
v -0.180537 -0.00864245 -0.0239045
v -0.180525 -0.0086176 -0.023861
v -0.180515 -0.00859671 -0.0238148
v -0.180507 -0.00858001 -0.0237666
v -0.180502 -0.00856769 -0.0237167
v -0.1805 -0.00855986 -0.0236657
v -0.180763 -0.0083856 -0.022
v -0.180668 -0.00845229 -0.0236223
v -0.181007 -0.00818798 -0.022
v -0.180761 -0.00838232 -0.0236268
v -0.180929 -0.00825586 -0.023635
v -0.181229 -0.00796594 -0.022
v -0.181005 -0.00818517 -0.0236387
v -0.181168 -0.00803215 -0.0236466
v -0.181427 -0.0077219 -0.022
v -0.181227 -0.00796362 -0.0236495
v -0.181381 -0.00778384 -0.023657
v -0.181598 -0.00745855 -0.022
v -0.181424 -0.00772009 -0.0236591
v -0.181565 -0.00751388 -0.0236659
v -0.181741 -0.00717876 -0.022
v -0.181596 -0.00745722 -0.0236674
v -0.181719 -0.0072255 -0.0236734
v -0.181853 -0.0068856 -0.022
v -0.181738 -0.00717788 -0.0236744
v -0.181841 -0.00692212 -0.0236793
v -0.181934 -0.00658228 -0.022
v -0.181851 -0.0068851 -0.0236798
v -0.181929 -0.00660733 -0.0236836
v -0.181984 -0.00627213 -0.022
v -0.181933 -0.00658207 -0.0236838
v -0.181982 -0.00628487 -0.0236862
v -0.182 -0.00595855 -0.022
v -0.181983 -0.0062721 -0.0236862
v -0.182 -0.00595855 -0.0236871
v -0.182003 -0.00595855 -0.0237379
v -0.18201 -0.00595855 -0.0237883
v -0.182023 -0.00595855 -0.0238376
v -0.182041 -0.00595855 -0.0238853
v -0.182064 -0.00595855 -0.023931
v -0.182091 -0.00595855 -0.0239742
v -0.182122 -0.00595855 -0.0240143
v -0.182157 -0.00595855 -0.0240511
v -0.182196 -0.00595855 -0.0240841
v -0.182238 -0.00595855 -0.024113
v -0.182283 -0.00595855 -0.0241374
v -0.18233 -0.00595855 -0.0241572
v -0.182378 -0.00595855 -0.0241721
v -0.182428 -0.00595855 -0.0241819
v -0.182458 -0.00633926 -0.0241858
v -0.182479 -0.00595855 -0.0241866
v -0.182396 -0.00671546 -0.0241832
v -0.182294 -0.00708271 -0.0241789
v -0.182152 -0.00743666 -0.024173
v -0.181972 -0.0077731 -0.0241655
v -0.181757 -0.00808805 -0.0241565
v -0.181509 -0.00837775 -0.0241462
v -0.18123 -0.00863874 -0.0241346
v -0.180925 -0.00886791 -0.0241219
v -0.181985 -0.00628538 -0.0237371
v -0.181992 -0.00628645 -0.0237875
v -0.182005 -0.00628807 -0.0238368
v -0.182023 -0.00629022 -0.0238845
v -0.182045 -0.00629288 -0.0239302
v -0.182072 -0.00629603 -0.0239734
v -0.182103 -0.00629962 -0.0240135
v -0.182138 -0.00630362 -0.0240503
v -0.182177 -0.00630799 -0.0240833
v -0.182219 -0.00631269 -0.0241121
v -0.182263 -0.00631767 -0.0241366
v -0.18231 -0.00632286 -0.0241563
v -0.182358 -0.00632823 -0.0241712
v -0.182408 -0.00633372 -0.0241811
v -0.181931 -0.00660834 -0.0237345
v -0.181939 -0.00661046 -0.0237849
v -0.181951 -0.00661368 -0.0238342
v -0.181969 -0.00661795 -0.023882
v -0.181991 -0.00662324 -0.0239277
v -0.182017 -0.00662949 -0.0239709
v -0.182048 -0.00663663 -0.0240111
v -0.182082 -0.00664459 -0.0240478
v -0.18212 -0.00665328 -0.0240808
v -0.182161 -0.00666263 -0.0241097
v -0.182205 -0.00667252 -0.0241341
v -0.18225 -0.00668286 -0.0241538
v -0.182298 -0.00669353 -0.0241687
v -0.181843 -0.0069236 -0.0237303
v -0.18185 -0.00692674 -0.0237807
v -0.181862 -0.0069315 -0.0238301
v -0.181879 -0.00693784 -0.0238779
v -0.1819 -0.00694568 -0.0239236
v -0.181926 -0.00695496 -0.0239668
v -0.181955 -0.00696556 -0.024007
v -0.181989 -0.00697739 -0.0240438
v -0.182026 -0.00699031 -0.0240767
v -0.182065 -0.00700419 -0.0241056
v -0.182108 -0.00701889 -0.02413
v -0.182152 -0.00703425 -0.0241497
v -0.182347 -0.00670444 -0.0241785
v -0.182198 -0.00705012 -0.0241645
v -0.181721 -0.00722742 -0.0237244
v -0.181728 -0.00723151 -0.0237749
v -0.181739 -0.00723775 -0.0238243
v -0.181755 -0.00724607 -0.0238722
v -0.181775 -0.00725638 -0.0239179
v -0.1818 -0.00726856 -0.0239611
v -0.181828 -0.0072825 -0.0240013
v -0.18186 -0.00729805 -0.0240381
v -0.181895 -0.00731505 -0.0240711
v -0.181933 -0.00733331 -0.0240999
v -0.181973 -0.00735266 -0.0241243
v -0.182016 -0.00737288 -0.024144
v -0.182246 -0.00706633 -0.0241743
v -0.18206 -0.00739377 -0.0241588
v -0.181567 -0.00751618 -0.023717
v -0.181573 -0.00752117 -0.0237675
v -0.181584 -0.0075288 -0.023817
v -0.181598 -0.00753898 -0.0238649
v -0.181617 -0.00755161 -0.0239107
v -0.18164 -0.00756656 -0.023954
v -0.181667 -0.00758367 -0.0239942
v -0.181697 -0.00760277 -0.024031
v -0.18173 -0.00762364 -0.024064
v -0.181766 -0.00764609 -0.0240928
v -0.181804 -0.00766986 -0.0241171
v -0.181844 -0.00769471 -0.0241368
v -0.182106 -0.0074151 -0.0241685
v -0.181886 -0.00772038 -0.0241515
v -0.181382 -0.00778646 -0.0237081
v -0.181388 -0.00779225 -0.0237587
v -0.181397 -0.00780115 -0.0238083
v -0.181411 -0.00781307 -0.0238562
v -0.181428 -0.00782786 -0.0239021
v -0.181449 -0.0078454 -0.0239454
v -0.181474 -0.00786548 -0.0239857
v -0.181501 -0.00788789 -0.0240225
v -0.181532 -0.00791241 -0.0240554
v -0.181565 -0.00793877 -0.0240842
v -0.181601 -0.0079667 -0.0241085
v -0.181638 -0.00799591 -0.0241281
v -0.181929 -0.0077466 -0.0241611
v -0.181677 -0.00802608 -0.0241427
v -0.181169 -0.00803504 -0.0236979
v -0.181174 -0.00804154 -0.0237486
v -0.181182 -0.00805158 -0.0237982
v -0.181194 -0.00806506 -0.0238462
v -0.18121 -0.00808184 -0.0238922
v -0.181229 -0.00810174 -0.0239355
v -0.181251 -0.00812455 -0.0239758
v -0.181276 -0.00815002 -0.0240126
v -0.181304 -0.0081779 -0.0240456
v -0.181334 -0.00820788 -0.0240744
v -0.181366 -0.00823966 -0.0240986
v -0.1814 -0.00827288 -0.0241181
v -0.181716 -0.0080569 -0.0241522
v -0.181435 -0.00830722 -0.0241326
v -0.18093 -0.00825894 -0.0236864
v -0.180934 -0.00826604 -0.0237372
v -0.180941 -0.00827709 -0.0237869
v -0.180951 -0.00829196 -0.023835
v -0.180965 -0.00831051 -0.023881
v -0.180982 -0.00833253 -0.0239244
v -0.181001 -0.00835779 -0.0239647
v -0.181023 -0.00838603 -0.0240016
v -0.181048 -0.00841694 -0.0240346
v -0.181075 -0.0084502 -0.0240633
v -0.181103 -0.00848546 -0.0240875
v -0.181133 -0.00852233 -0.0241069
v -0.181472 -0.0083423 -0.024142
v -0.181165 -0.00856045 -0.0241213
v -0.180668 -0.00845549 -0.0236738
v -0.180671 -0.00846308 -0.0237247
v -0.180677 -0.00847497 -0.0237745
v -0.180685 -0.00849104 -0.0238227
v -0.180697 -0.00851113 -0.0238688
v -0.180711 -0.008535 -0.0239123
v -0.180728 -0.00856242 -0.0239526
v -0.180747 -0.00859308 -0.0239895
v -0.180768 -0.00862667 -0.0240225
v -0.180791 -0.00866283 -0.0240511
v -0.180815 -0.00870117 -0.0240753
v -0.180841 -0.00874127 -0.0240946
v -0.181197 -0.00859939 -0.0241306
v -0.180868 -0.00878273 -0.0241089
v -0.180896 -0.00882509 -0.024118
v -0.182 0.00595855 -0.022
v -0.182 0.00595855 -0.0236871
v -0.182479 0.00595855 -0.0241866
v -0.182428 0.00595855 -0.0241819
v -0.182378 0.00595855 -0.0241721
v -0.18233 0.00595855 -0.0241572
v -0.182283 0.00595855 -0.0241374
v -0.182238 0.00595855 -0.024113
v -0.182196 0.00595855 -0.0240841
v -0.182157 0.00595855 -0.0240511
v -0.182122 0.00595855 -0.0240143
v -0.182091 0.00595855 -0.0239742
v -0.182064 0.00595855 -0.023931
v -0.182041 0.00595855 -0.0238853
v -0.182023 0.00595855 -0.0238376
v -0.18201 0.00595855 -0.0237883
v -0.182003 0.00595855 -0.0237379
v -0.181994 0.00615571 -0.0236868
v -0.181984 0.00627213 -0.022
v -0.18198 0.00627164 -0.0236861
v -0.181954 0.00648016 -0.0236848
v -0.181934 0.00658228 -0.022
v -0.181931 0.0065814 -0.0236837
v -0.18188 0.00679844 -0.0236812
v -0.181853 0.0068856 -0.022
v -0.18185 0.00688441 -0.0236798
v -0.181772 0.00710679 -0.023676
v -0.181741 0.00717876 -0.022
v -0.181738 0.00717735 -0.0236743
v -0.18163 0.00740154 -0.0236691
v -0.181598 0.00745855 -0.022
v -0.181596 0.00745704 -0.0236674
v -0.181458 0.0076792 -0.0236607
v -0.181427 0.0077219 -0.022
v -0.181425 0.00772042 -0.0236591
v -0.181256 0.00793646 -0.0236509
v -0.181229 0.00796594 -0.022
v -0.181228 0.00796462 -0.0236495
v -0.181027 0.00817027 -0.0236398
v -0.181007 0.00818798 -0.022
v -0.181007 0.00818696 -0.0236388
v -0.180774 0.00837781 -0.0236275
v -0.180763 0.0083856 -0.022
v -0.180763 0.00838502 -0.0236269
v -0.1805 0.00855662 -0.0236141
v -0.1805 0.00855662 -0.022
v -0.1795 0.00913397 -0.022
v -0.178016 0.0114185 -0.022
v -0.178402 0.0102321 -0.022
v -0.178259 0.0105118 -0.022
v -0.178993 0.00950262 -0.022
v -0.178771 0.00972466 -0.022
v -0.178147 0.010805 -0.022
v -0.178573 0.0099687 -0.022
v -0.179237 0.009305 -0.022
v -0.178 0.0117321 -0.022
v -0.178066 0.0111083 -0.022
v -0.178 0.0164747 -0.022952
v -0.178 0.0169535 -0.0226845
v -0.178 0.0172717 -0.0224692
v -0.178 0.0176902 -0.0221317
v -0.178 0.0180765 -0.0217517
v -0.178 0.0141824 -0.0235187
v -0.178 0.0147181 -0.0234789
v -0.178 0.0159794 -0.0231674
v -0.178 0.0117321 -0.0235204
v -0.178 0.0140449 -0.0235204
v -0.178 0.0152512 -0.0233859
v -0.178 0.0154683 -0.0233322
v -0.1795 0.00913397 -0.0235725
v -0.1805 0.00855986 -0.0236657
v -0.180502 0.00856769 -0.0237167
v -0.180507 0.00858001 -0.0237666
v -0.180515 0.00859671 -0.0238148
v -0.180525 0.0086176 -0.023861
v -0.180537 0.00864245 -0.0239045
v -0.180552 0.00867101 -0.0239449
v -0.180569 0.00870297 -0.0239817
v -0.180588 0.00873799 -0.0240147
v -0.180609 0.00877569 -0.0240434
v -0.180631 0.00881568 -0.0240675
v -0.180654 0.00885752 -0.0240867
v -0.180678 0.00890077 -0.024101
v -0.180704 0.00894496 -0.02411
v -0.180729 0.00898964 -0.0241137
v -0.181049 0.00878103 -0.024127
v -0.181344 0.00853889 -0.0241393
v -0.181611 0.00826612 -0.0241504
v -0.181846 0.00796597 -0.0241603
v -0.182048 0.00764204 -0.0241687
v -0.182213 0.00729816 -0.0241755
v -0.182339 0.00693843 -0.0241808
v -0.182426 0.0065671 -0.0241844
v -0.182472 0.00618857 -0.0241863
v -0.180774 0.00838098 -0.0236789
v -0.180778 0.00838838 -0.0237298
v -0.180784 0.00839996 -0.0237795
v -0.180793 0.00841558 -0.0238277
v -0.180806 0.00843509 -0.0238738
v -0.180821 0.00845826 -0.0239172
v -0.180839 0.00848486 -0.0239576
v -0.180859 0.0085146 -0.0239944
v -0.180882 0.00854718 -0.0240274
v -0.180906 0.00858223 -0.0240561
v -0.180932 0.0086194 -0.0240802
v -0.18096 0.00865828 -0.0240996
v -0.180989 0.00869846 -0.0241139
v -0.181019 0.00873952 -0.0241231
v -0.181028 0.00817328 -0.0236911
v -0.181032 0.00818015 -0.0237418
v -0.181039 0.00819082 -0.0237915
v -0.181051 0.00820517 -0.0238396
v -0.181065 0.00822304 -0.0238856
v -0.181083 0.00824425 -0.0239289
v -0.181103 0.00826857 -0.0239693
v -0.181127 0.00829575 -0.0240061
v -0.181153 0.0083255 -0.0240391
v -0.181181 0.00835751 -0.0240678
v -0.181211 0.00839143 -0.024092
v -0.181242 0.00842691 -0.0241115
v -0.181275 0.00846357 -0.0241259
v -0.181309 0.00850103 -0.0241352
v -0.181257 0.00793925 -0.0237021
v -0.181262 0.00794549 -0.0237528
v -0.181271 0.00795509 -0.0238024
v -0.181283 0.00796797 -0.0238504
v -0.1813 0.00798399 -0.0238963
v -0.181319 0.00800298 -0.0239396
v -0.181343 0.00802473 -0.0239799
v -0.181369 0.00804903 -0.0240167
v -0.181398 0.00807561 -0.0240496
v -0.181429 0.0081042 -0.0240784
v -0.181463 0.00813449 -0.0241027
v -0.181498 0.00816616 -0.0241222
v -0.181535 0.00819889 -0.0241368
v -0.181572 0.00823232 -0.0241462
v -0.181459 0.0076817 -0.0237118
v -0.181465 0.00768719 -0.0237624
v -0.181475 0.0076956 -0.0238119
v -0.181489 0.00770684 -0.0238598
v -0.181507 0.0077208 -0.0239057
v -0.181529 0.00773733 -0.023949
v -0.181554 0.00775626 -0.0239892
v -0.181583 0.00777739 -0.024026
v -0.181614 0.0078005 -0.024059
v -0.181648 0.00782534 -0.0240878
v -0.181685 0.00785165 -0.0241121
v -0.181723 0.00787917 -0.0241317
v -0.181763 0.00790759 -0.0241463
v -0.181805 0.00793663 -0.0241559
v -0.181632 0.00740369 -0.0237201
v -0.181638 0.00740834 -0.0237706
v -0.181649 0.00741543 -0.0238201
v -0.181664 0.00742488 -0.023868
v -0.181684 0.00743661 -0.0239138
v -0.181707 0.00745049 -0.023957
v -0.181735 0.00746636 -0.0239972
v -0.181765 0.00748408 -0.024034
v -0.181799 0.00750344 -0.024067
v -0.181836 0.00752425 -0.0240958
v -0.181875 0.0075463 -0.0241202
v -0.181916 0.00756934 -0.0241398
v -0.181959 0.00759315 -0.0241545
v -0.182003 0.00761747 -0.0241642
v -0.181774 0.00710854 -0.0237269
v -0.181781 0.00711226 -0.0237774
v -0.181792 0.00711793 -0.0238268
v -0.181808 0.00712547 -0.0238746
v -0.181829 0.00713482 -0.0239204
v -0.181854 0.00714586 -0.0239636
v -0.181883 0.0071585 -0.0240038
v -0.181915 0.00717259 -0.0240405
v -0.181951 0.00718799 -0.0240735
v -0.18199 0.00720454 -0.0241024
v -0.182031 0.00722206 -0.0241268
v -0.182074 0.00724038 -0.0241465
v -0.182119 0.00725931 -0.0241612
v -0.182166 0.00727863 -0.024171
v -0.181882 0.00679974 -0.0237322
v -0.18189 0.00680249 -0.0237826
v -0.181902 0.00680664 -0.0238319
v -0.181919 0.00681217 -0.0238797
v -0.18194 0.00681901 -0.0239254
v -0.181966 0.0068271 -0.0239686
v -0.181996 0.00683634 -0.0240088
v -0.18203 0.00684664 -0.0240456
v -0.182067 0.0068579 -0.0240786
v -0.182108 0.00687 -0.0241074
v -0.182151 0.00688281 -0.0241318
v -0.182196 0.0068962 -0.0241515
v -0.182242 0.00691003 -0.0241664
v -0.18229 0.00692416 -0.0241762
v -0.181957 0.00648098 -0.0237357
v -0.181964 0.00648269 -0.0237861
v -0.181977 0.00648527 -0.0238354
v -0.181994 0.00648871 -0.0238832
v -0.182017 0.00649296 -0.0239289
v -0.182043 0.00649799 -0.0239721
v -0.182074 0.00650373 -0.0240122
v -0.182109 0.00651013 -0.024049
v -0.182147 0.00651712 -0.024082
v -0.182188 0.00652463 -0.0241109
v -0.182232 0.00653258 -0.0241353
v -0.182279 0.00654089 -0.024155
v -0.182327 0.00654947 -0.0241699
v -0.182376 0.00655824 -0.0241797
v -0.181996 0.00615602 -0.0237376
v -0.182004 0.00615667 -0.023788
v -0.182017 0.00615765 -0.0238373
v -0.182034 0.00615895 -0.023885
v -0.182057 0.00616056 -0.0239307
v -0.182084 0.00616245 -0.0239739
v -0.182115 0.00616462 -0.024014
v -0.18215 0.00616704 -0.0240508
v -0.182189 0.00616968 -0.0240838
v -0.182231 0.00617252 -0.0241127
v -0.182276 0.00617553 -0.0241371
v -0.182322 0.00617867 -0.0241569
v -0.182371 0.00618191 -0.0241718
v -0.182421 0.00618522 -0.0241816
v -0.179237 0.00930558 -0.0235634
v -0.179226 0.00931278 -0.023563
v -0.178993 0.00950364 -0.0235549
v -0.178973 0.00952033 -0.0235542
v -0.178772 0.00972598 -0.0235472
v -0.178744 0.00975414 -0.0235462
v -0.178575 0.00997018 -0.0235404
v -0.178542 0.0100114 -0.0235392
v -0.178404 0.0102336 -0.0235344
v -0.17837 0.0102891 -0.0235332
v -0.178228 0.0105838 -0.0235283
v -0.178262 0.0105132 -0.0235295
v -0.17812 0.0108922 -0.0235246
v -0.17815 0.0108062 -0.0235256
v -0.178046 0.0112104 -0.023522
v -0.178069 0.0111092 -0.0235228
v -0.178006 0.0115349 -0.0235206
v -0.17802 0.011419 -0.0235211
v -0.178003 0.0117321 -0.0235713
v -0.178003 0.0140449 -0.0235713
v -0.17801 0.0117321 -0.0236216
v -0.17801 0.0140449 -0.0236216
v -0.178023 0.0117321 -0.0236709
v -0.178023 0.0140449 -0.0236709
v -0.178041 0.0117321 -0.0237187
v -0.178041 0.0140449 -0.0237187
v -0.178064 0.0117321 -0.0237644
v -0.178064 0.0140449 -0.0237644
v -0.178091 0.0117321 -0.0238075
v -0.178091 0.0140449 -0.0238075
v -0.178122 0.0117321 -0.0238477
v -0.178122 0.0140449 -0.0238477
v -0.178157 0.0117321 -0.0238845
v -0.178157 0.0140449 -0.0238845
v -0.178196 0.0117321 -0.0239174
v -0.178196 0.0140449 -0.0239174
v -0.178238 0.0117321 -0.0239463
v -0.178238 0.0140449 -0.0239463
v -0.178283 0.0117321 -0.0239707
v -0.178283 0.0140449 -0.0239707
v -0.17833 0.0117321 -0.0239905
v -0.17833 0.0140449 -0.0239905
v -0.178378 0.0117321 -0.0240054
v -0.178378 0.0140449 -0.0240054
v -0.178428 0.0117321 -0.0240153
v -0.178428 0.0140449 -0.0240153
v -0.178479 0.0117321 -0.02402
v -0.178479 0.0140449 -0.02402
v -0.179704 0.00952231 -0.0240683
v -0.179729 0.00956699 -0.024072
v -0.179501 0.009716 -0.0240625
v -0.179678 0.00947812 -0.0240593
v -0.179654 0.00943487 -0.0240451
v -0.179631 0.00939303 -0.0240258
v -0.179609 0.00935304 -0.0240017
v -0.179588 0.00931534 -0.023973
v -0.179569 0.00928032 -0.0239401
v -0.179552 0.00924836 -0.0239032
v -0.179537 0.0092198 -0.0238628
v -0.179525 0.00919495 -0.0238193
v -0.179515 0.00917406 -0.0237732
v -0.179507 0.00915736 -0.0237249
v -0.179502 0.00914504 -0.023675
v -0.1795 0.00913721 -0.023624
v -0.17929 0.00988895 -0.0240538
v -0.179099 0.0100838 -0.0240458
v -0.178931 0.0102982 -0.0240388
v -0.178787 0.0105296 -0.0240328
v -0.17867 0.0107752 -0.0240279
v -0.178579 0.0110321 -0.0240241
v -0.178517 0.0112974 -0.0240216
v -0.178485 0.0115677 -0.0240202
v -0.179441 0.00963343 -0.0240494
v -0.179412 0.00959325 -0.0240351
v -0.179384 0.00955437 -0.0240157
v -0.179358 0.0095172 -0.0239916
v -0.179334 0.00948215 -0.0239629
v -0.179311 0.00944957 -0.0239299
v -0.179291 0.00941983 -0.0238931
v -0.179273 0.00939323 -0.0238527
v -0.179258 0.00937006 -0.0238093
v -0.179245 0.00935055 -0.0237632
v -0.179236 0.00933493 -0.023715
v -0.179229 0.00932336 -0.0236653
v -0.179226 0.00931595 -0.0236144
v -0.179471 0.00967449 -0.0240586
v -0.179256 0.00985109 -0.0240497
v -0.179222 0.00981364 -0.0240404
v -0.179189 0.00977697 -0.0240259
v -0.179157 0.00974149 -0.0240065
v -0.179127 0.00970757 -0.0239822
v -0.179099 0.00967557 -0.0239535
v -0.179073 0.00964582 -0.0239205
v -0.179049 0.00961864 -0.0238837
v -0.179029 0.00959432 -0.0238434
v -0.179011 0.00957311 -0.0238
v -0.178997 0.00955523 -0.023754
v -0.178986 0.00954089 -0.0237059
v -0.178978 0.00953022 -0.0236563
v -0.178974 0.00952335 -0.0236055
v -0.179061 0.01005 -0.0240416
v -0.179023 0.0100166 -0.0240321
v -0.178987 0.00998384 -0.0240176
v -0.178951 0.00995216 -0.0239981
v -0.178918 0.00992187 -0.0239738
v -0.178886 0.00989329 -0.023945
v -0.178858 0.0098667 -0.023912
v -0.178831 0.00984241 -0.0238752
v -0.178808 0.00982065 -0.0238349
v -0.178788 0.00980167 -0.0237916
v -0.178772 0.00978565 -0.0237457
v -0.178759 0.00977277 -0.0236977
v -0.17875 0.00976316 -0.0236481
v -0.178745 0.00975693 -0.0235975
v -0.17889 0.0102688 -0.0240344
v -0.178848 0.0102398 -0.0240249
v -0.178808 0.0102114 -0.0240102
v -0.17877 0.0101839 -0.0239907
v -0.178733 0.0101575 -0.0239663
v -0.178699 0.0101327 -0.0239375
v -0.178668 0.0101096 -0.0239046
v -0.178639 0.0100885 -0.0238678
v -0.178614 0.0100695 -0.0238275
v -0.178592 0.010053 -0.0237842
v -0.178574 0.010039 -0.0237384
v -0.17856 0.0100278 -0.0236905
v -0.17855 0.0100194 -0.0236409
v -0.178544 0.0100139 -0.0235904
v -0.178743 0.010505 -0.0240283
v -0.178699 0.0104807 -0.0240187
v -0.178656 0.0104569 -0.024004
v -0.178615 0.0104338 -0.0239843
v -0.178576 0.0104118 -0.02396
v -0.178539 0.010391 -0.0239311
v -0.178505 0.0103716 -0.0238982
v -0.178474 0.0103539 -0.0238614
v -0.178447 0.010338 -0.0238211
v -0.178424 0.0103241 -0.0237779
v -0.178404 0.0103124 -0.0237321
v -0.178389 0.0103029 -0.0236842
v -0.178378 0.0102959 -0.0236348
v -0.178372 0.0102912 -0.0235843
v -0.178623 0.0107557 -0.0240233
v -0.178576 0.0107363 -0.0240136
v -0.178531 0.0107174 -0.0239988
v -0.178488 0.0106991 -0.0239791
v -0.178447 0.0106816 -0.0239547
v -0.178408 0.010665 -0.0239259
v -0.178372 0.0106496 -0.0238929
v -0.17834 0.0106355 -0.0238561
v -0.178311 0.0106229 -0.0238159
v -0.178286 0.0106118 -0.0237727
v -0.178265 0.0106025 -0.023727
v -0.178249 0.0105949 -0.0236792
v -0.178237 0.0105893 -0.0236298
v -0.178231 0.0105856 -0.0235793
v -0.17853 0.0110179 -0.0240195
v -0.178482 0.0110037 -0.0240097
v -0.178436 0.0109899 -0.0239949
v -0.17839 0.0109765 -0.0239751
v -0.178348 0.0109637 -0.0239507
v -0.178307 0.0109516 -0.0239219
v -0.17827 0.0109404 -0.0238889
v -0.178236 0.01093 -0.0238521
v -0.178206 0.0109208 -0.0238119
v -0.17818 0.0109127 -0.0237688
v -0.178159 0.0109059 -0.023723
v -0.178142 0.0109004 -0.0236753
v -0.17813 0.0108962 -0.0236259
v -0.178122 0.0108935 -0.0235755
v -0.178467 0.0112885 -0.0240169
v -0.178418 0.0112797 -0.024007
v -0.17837 0.0112712 -0.0239922
v -0.178324 0.0112629 -0.0239724
v -0.17828 0.0112549 -0.023948
v -0.178238 0.0112474 -0.0239191
v -0.1782 0.0112404 -0.0238861
v -0.178166 0.011234 -0.0238494
v -0.178135 0.0112283 -0.0238092
v -0.178108 0.0112232 -0.023766
v -0.178086 0.011219 -0.0237203
v -0.178068 0.0112155 -0.0236726
v -0.178056 0.011213 -0.0236233
v -0.178048 0.0112113 -0.0235729
v -0.178434 0.0115644 -0.0240155
v -0.178384 0.0115611 -0.0240056
v -0.178335 0.0115578 -0.0239908
v -0.178289 0.0115547 -0.023971
v -0.178244 0.0115517 -0.0239465
v -0.178202 0.0115489 -0.0239177
v -0.178163 0.0115462 -0.0238847
v -0.178128 0.0115438 -0.0238479
v -0.178097 0.0115416 -0.0238078
v -0.17807 0.0115397 -0.0237646
v -0.178047 0.0115381 -0.0237189
v -0.17803 0.0115368 -0.0236712
v -0.178017 0.0115358 -0.0236219
v -0.178009 0.0115352 -0.0235715
v -0.226 0.0185 -0.026
v -0.226 0.0209627 -0.0251453
v -0.226 0.0211412 -0.025004
v -0.226 0.0207846 -0.0252811
v -0.226 0.0208183 -0.0252597
v -0.178458 0.0186483 -0.0218411
v -0.226 0.0215132 -0.0246241
v -0.226 0.0217 -0.0244
v -0.178458 0.0184542 -0.0220731
v -0.226 0.0214362 -0.0247164
v -0.226 0.0213285 -0.0248214
v -0.178458 0.0184417 -0.022088
v -0.226 0.0211478 -0.0249976
v -0.178458 0.0184194 -0.0221146
v -0.178459 0.0182272 -0.0223017
v -0.178459 0.0179993 -0.0225235
v -0.178459 0.0177057 -0.022756
v -0.17846 0.0175629 -0.0228691
v -0.226 0.0206037 -0.0253962
v -0.17846 0.0175004 -0.0229186
v -0.17846 0.0174141 -0.0229733
v -0.178461 0.0172139 -0.0231003
v -0.226 0.0204263 -0.0255031
v -0.226 0.0204707 -0.0254808
v -0.178461 0.0170999 -0.0231726
v -0.178462 0.0169809 -0.023248
v -0.226 0.0202446 -0.0255939
v -0.178463 0.0167698 -0.0233535
v -0.178463 0.0166924 -0.0233921
v -0.226 0.0200626 -0.02568
v -0.226 0.0201023 -0.0256651
v -0.178464 0.0164401 -0.0235181
v -0.178464 0.0164304 -0.0235218
v -0.178466 0.0161531 -0.0236277
v -0.226 0.0198727 -0.0257516
v -0.178466 0.0160775 -0.0236566
v -0.178467 0.0159038 -0.0237229
v -0.226 0.0196778 -0.0258207
v -0.226 0.0197168 -0.0258104
v -0.178468 0.0157229 -0.0237726
v -0.178469 0.0155961 -0.0238075
v -0.226 0.0194708 -0.0258752
v -0.17847 0.0153694 -0.0238699
v -0.17847 0.0153496 -0.0238753
v -0.226 0.0192531 -0.0259256
v -0.226 0.0193184 -0.0259154
v -0.178472 0.0150186 -0.0239327
v -0.178474 0.0147795 -0.0239742
v -0.226 0.0190195 -0.0259619
v -0.178474 0.0147751 -0.0239749
v -0.178475 0.0146792 -0.023982
v -0.178477 0.0143527 -0.0240061
v -0.226 0.0187695 -0.0259861
v -0.226 0.0189114 -0.0259788
v -0.178478 0.0141949 -0.0240178
v -0.178478 0.0141902 -0.0240181
v -0.202086 0.0196814 -0.0236443
v -0.202086 0.0194657 -0.0238357
v -0.202086 0.0192389 -0.024015
v -0.178002 0.0181129 -0.0217852
v -0.17801 0.0181489 -0.0218184
v -0.178022 0.0181843 -0.0218509
v -0.178039 0.0182186 -0.0218825
v -0.17806 0.0182515 -0.0219128
v -0.178086 0.0182826 -0.0219415
v -0.178116 0.0183118 -0.0219683
v -0.178149 0.0183386 -0.021993
v -0.178186 0.0183628 -0.0220153
v -0.178226 0.0183843 -0.0220351
v -0.178269 0.0184027 -0.0220521
v -0.178314 0.0184179 -0.0220661
v -0.178361 0.0184298 -0.022077
v -0.178409 0.0184382 -0.0220847
v -0.178002 0.0177231 -0.0221686
v -0.17801 0.0177557 -0.0222053
v -0.178022 0.0177877 -0.0222412
v -0.178039 0.0178187 -0.022276
v -0.17806 0.0178485 -0.0223094
v -0.178086 0.0178767 -0.022341
v -0.178116 0.0179031 -0.0223706
v -0.178149 0.0179273 -0.0223978
v -0.178186 0.0179493 -0.0224224
v -0.178227 0.0179686 -0.0224442
v -0.178269 0.0179853 -0.0224629
v -0.178314 0.017999 -0.0224783
v -0.178361 0.0180098 -0.0224903
v -0.17841 0.0180173 -0.0224988
v -0.178002 0.0173009 -0.0225093
v -0.17801 0.0173298 -0.022549
v -0.178022 0.0173582 -0.0225879
v -0.178039 0.0173857 -0.0226256
v -0.17806 0.017412 -0.0226618
v -0.178086 0.017437 -0.0226961
v -0.178116 0.0174604 -0.0227281
v -0.17815 0.0174819 -0.0227576
v -0.178187 0.0175013 -0.0227843
v -0.178227 0.0175185 -0.0228078
v -0.17827 0.0175332 -0.022828
v -0.178315 0.0175453 -0.0228447
v -0.178362 0.0175548 -0.0228577
v -0.178411 0.0175614 -0.0228668
v -0.178002 0.0169798 -0.0227266
v -0.17801 0.0170059 -0.0227682
v -0.178022 0.0170315 -0.0228091
v -0.178039 0.0170563 -0.0228487
v -0.178061 0.0170801 -0.0228867
v -0.178086 0.0171027 -0.0229227
v -0.178116 0.0171237 -0.0229563
v -0.17815 0.0171431 -0.0229872
v -0.178187 0.0171606 -0.0230152
v -0.178228 0.0171761 -0.0230399
v -0.178271 0.0171893 -0.023061
v -0.178316 0.0172003 -0.0230785
v -0.178363 0.0172088 -0.023092
v -0.178411 0.0172147 -0.0231015
v -0.178002 0.0164968 -0.0229967
v -0.17801 0.0165186 -0.0230408
v -0.178022 0.0165401 -0.0230841
v -0.178039 0.0165609 -0.0231261
v -0.178061 0.0165808 -0.0231664
v -0.178087 0.0165996 -0.0232045
v -0.178117 0.0166173 -0.0232401
v -0.178151 0.0166335 -0.0232729
v -0.178188 0.0166481 -0.0233025
v -0.178229 0.016661 -0.0233285
v -0.178272 0.0166721 -0.0233509
v -0.178317 0.0166811 -0.0233692
v -0.178365 0.0166882 -0.0233834
v -0.178413 0.0166931 -0.0233934
v -0.178003 0.0159971 -0.0232142
v -0.17801 0.0160145 -0.0232604
v -0.178022 0.0160317 -0.0233058
v -0.17804 0.0160482 -0.0233498
v -0.178061 0.0160642 -0.0233919
v -0.178088 0.0160792 -0.0234318
v -0.178118 0.0160933 -0.023469
v -0.178152 0.0161062 -0.0235032
v -0.17819 0.0161178 -0.0235341
v -0.17823 0.0161281 -0.0235613
v -0.178274 0.0161369 -0.0235845
v -0.178319 0.0161441 -0.0236036
v -0.178367 0.0161496 -0.0236183
v -0.178416 0.0161535 -0.0236285
v -0.178003 0.0154813 -0.0233807
v -0.17801 0.0154942 -0.0234286
v -0.178023 0.0155069 -0.0234756
v -0.17804 0.0155191 -0.0235211
v -0.178062 0.0155309 -0.0235648
v -0.178088 0.015542 -0.0236061
v -0.178119 0.0155523 -0.0236446
v -0.178153 0.0155618 -0.02368
v -0.178191 0.0155704 -0.0237118
v -0.178232 0.015578 -0.0237398
v -0.178276 0.0155844 -0.0237637
v -0.178322 0.0155897 -0.0237833
v -0.178369 0.0155937 -0.0237983
v -0.178419 0.0155965 -0.0238086
v -0.178003 0.0152622 -0.0234349
v -0.17801 0.0152732 -0.0234835
v -0.178023 0.0152839 -0.023531
v -0.17804 0.0152943 -0.0235771
v -0.178062 0.0153043 -0.0236213
v -0.178089 0.0153137 -0.023663
v -0.178119 0.0153225 -0.023702
v -0.178154 0.0153306 -0.0237377
v -0.178192 0.0153378 -0.0237699
v -0.178233 0.0153442 -0.0237982
v -0.178277 0.0153497 -0.0238223
v -0.178323 0.0153541 -0.023842
v -0.178371 0.0153575 -0.023857
v -0.17842 0.0153598 -0.0238673
v -0.178003 0.0147243 -0.023529
v -0.17801 0.0147305 -0.0235786
v -0.178023 0.0147365 -0.0236272
v -0.17804 0.0147423 -0.0236743
v -0.178063 0.0147479 -0.0237194
v -0.178089 0.0147532 -0.023762
v -0.17812 0.0147581 -0.0238017
v -0.178155 0.0147626 -0.0238382
v -0.178194 0.0147667 -0.0238709
v -0.178235 0.0147703 -0.0238996
v -0.178279 0.0147733 -0.0239241
v -0.178326 0.0147757 -0.0239439
v -0.178374 0.0147776 -0.023959
v -0.178423 0.0147789 -0.0239692
v -0.178003 0.0141836 -0.0235695
v -0.17801 0.0141849 -0.0236197
v -0.178023 0.0141861 -0.0236689
v -0.178041 0.0141873 -0.0237166
v -0.178063 0.0141885 -0.0237622
v -0.17809 0.0141896 -0.0238053
v -0.178122 0.0141906 -0.0238454
v -0.178157 0.0141915 -0.0238822
v -0.178196 0.0141923 -0.0239152
v -0.178237 0.014193 -0.023944
v -0.178282 0.0141937 -0.0239685
v -0.178329 0.0141942 -0.0239883
v -0.178377 0.0141945 -0.0240033
v -0.178427 0.0141948 -0.0240132
v -0.226 0.033875 0.0265
v -0.226 -0.033875 0.0265
v -0.226 0.033875 -0.0265
v -0.226 -0.033875 -0.0265
v -0.228 0.033875 -0.0285
v -0.228 -0.033875 -0.0285
v -0.2275 -0.035375 -0.0258787
v -0.228621 -0.035375 -0.027
v -0.264 -0.033875 -0.0285
v -0.264 -0.035375 -0.027
v -0.2275 -0.035375 0.0258787
v -0.228 -0.033875 0.0285
v -0.228621 -0.035375 0.027
v -0.264 -0.035375 0.027
v -0.259701 -0.035375 0.0195324
v -0.257614 -0.035375 0.0189531
v -0.261838 -0.035375 0.0198828
v -0.266919 -0.035375 0.0268417
v -0.266162 -0.035375 0.0198828
v -0.269804 -0.035375 0.0263688
v -0.268299 -0.035375 0.0195324
v -0.272621 -0.035375 0.0255866
v -0.270386 -0.035375 0.0189531
v -0.255602 -0.035375 0.0181515
v -0.264 -0.035375 0.02
v -0.275337 -0.035375 0.0245045
v -0.272398 -0.035375 0.0181515
v -0.247446 -0.035375 0.0112237
v -0.248757 -0.035375 0.0129477
v -0.253689 -0.035375 0.0171371
v -0.251897 -0.035375 0.0159219
v -0.27792 -0.035375 0.0231351
v -0.274311 -0.035375 0.0171371
v -0.28034 -0.035375 0.0214945
v -0.276103 -0.035375 0.0159219
v -0.24633 -0.035375 0.00936817
v -0.24542 -0.035375 0.00740276
v -0.250246 -0.035375 0.0145199
v -0.282568 -0.035375 0.0196019
v -0.277754 -0.035375 0.0145199
v -0.284578 -0.035375 0.0174794
v -0.279243 -0.035375 0.0129477
v -0.286348 -0.035375 0.0151521
v -0.280554 -0.035375 0.0112237
v -0.287855 -0.035375 0.012647
v -0.28167 -0.035375 0.00936817
v -0.289082 -0.035375 0.00999373
v -0.28258 -0.035375 0.00740276
v -0.290016 -0.035375 0.00722327
v -0.283271 -0.035375 0.00535057
v -0.290644 -0.035375 0.00436811
v -0.283737 -0.035375 0.00323564
v -0.29096 -0.035375 0.00146175
v -0.283971 -0.035375 0.00108278
v -0.290644 -0.035375 -0.00436811
v -0.283737 -0.035375 -0.00323564
v -0.283971 -0.035375 -0.00108278
v -0.290016 -0.035375 -0.00722327
v -0.283271 -0.035375 -0.00535057
v -0.257614 -0.035375 -0.0189531
v -0.244729 -0.035375 0.00535057
v -0.244263 -0.035375 0.00323564
v -0.289082 -0.035375 -0.00999373
v -0.28258 -0.035375 -0.00740276
v -0.284578 -0.035375 -0.0174794
v -0.279243 -0.035375 -0.0129477
v -0.280554 -0.035375 -0.0112237
v -0.282568 -0.035375 -0.0196019
v -0.277754 -0.035375 -0.0145199
v -0.259701 -0.035375 -0.0195324
v -0.261838 -0.035375 -0.0198828
v -0.255602 -0.035375 -0.0181515
v -0.247446 -0.035375 -0.0112237
v -0.248757 -0.035375 -0.0129477
v -0.287855 -0.035375 -0.012647
v -0.28167 -0.035375 -0.00936817
v -0.286348 -0.035375 -0.0151521
v -0.251897 -0.035375 -0.0159219
v -0.253689 -0.035375 -0.0171371
v -0.250246 -0.035375 -0.0145199
v -0.24633 -0.035375 -0.00936817
v -0.29096 -0.035375 -0.00146175
v -0.275337 -0.035375 -0.0245045
v -0.272398 -0.035375 -0.0181515
v -0.274311 -0.035375 -0.0171371
v -0.272621 -0.035375 -0.0255866
v -0.270386 -0.035375 -0.0189531
v -0.269804 -0.035375 -0.0263688
v -0.268299 -0.035375 -0.0195324
v -0.266919 -0.035375 -0.0268417
v -0.266162 -0.035375 -0.0198828
v -0.244029 -0.035375 -0.00108278
v -0.244263 -0.035375 -0.00323564
v -0.244029 -0.035375 0.00108278
v -0.244729 -0.035375 -0.00535057
v -0.24542 -0.035375 -0.00740276
v -0.28034 -0.035375 -0.0214945
v -0.276103 -0.035375 -0.0159219
v -0.27792 -0.035375 -0.0231351
v -0.264 -0.035375 -0.02
v -0.267081 -0.033875 -0.0283329
v -0.270127 -0.033875 -0.0278337
v -0.2731 -0.033875 -0.0270081
v -0.275967 -0.033875 -0.0258659
v -0.278693 -0.033875 -0.0244204
v -0.281247 -0.033875 -0.0226887
v -0.283599 -0.033875 -0.0206909
v -0.285722 -0.033875 -0.0184505
v -0.287589 -0.033875 -0.0159938
v -0.28918 -0.033875 -0.0133496
v -0.290476 -0.033875 -0.0105489
v -0.291461 -0.033875 -0.00762456
v -0.292125 -0.033875 -0.00461079
v -0.292458 -0.033875 -0.00154296
v -0.292458 -0.033875 0.00154296
v -0.292125 -0.033875 0.00461079
v -0.291461 -0.033875 0.00762456
v -0.290476 -0.033875 0.0105489
v -0.28918 -0.033875 0.0133496
v -0.287589 -0.033875 0.0159938
v -0.285722 -0.033875 0.0184505
v -0.283599 -0.033875 0.0206909
v -0.281247 -0.033875 0.0226887
v -0.278693 -0.033875 0.0244204
v -0.275967 -0.033875 0.0258659
v -0.2731 -0.033875 0.0270081
v -0.270127 -0.033875 0.0278337
v -0.267081 -0.033875 0.0283329
v -0.264 -0.033875 0.0285
v -0.264 -0.029375 -0.0285
v -0.267081 -0.029375 -0.0283329
v -0.270127 -0.029375 -0.0278337
v -0.2731 -0.029375 -0.0270081
v -0.275967 -0.029375 -0.0258659
v -0.278693 -0.029375 -0.0244204
v -0.281247 -0.029375 -0.0226887
v -0.283599 -0.029375 -0.0206909
v -0.285722 -0.029375 -0.0184505
v -0.287589 -0.029375 -0.0159938
v -0.28918 -0.029375 -0.0133496
v -0.290476 -0.029375 -0.0105489
v -0.291461 -0.029375 -0.00762456
v -0.292125 -0.029375 -0.00461079
v -0.292458 -0.029375 -0.00154296
v -0.292458 -0.029375 0.00154296
v -0.292125 -0.029375 0.00461079
v -0.291461 -0.029375 0.00762456
v -0.290476 -0.029375 0.0105489
v -0.28918 -0.029375 0.0133496
v -0.287589 -0.029375 0.0159938
v -0.285722 -0.029375 0.0184505
v -0.283599 -0.029375 0.0206909
v -0.281247 -0.029375 0.0226887
v -0.278693 -0.029375 0.0244204
v -0.275967 -0.029375 0.0258659
v -0.2731 -0.029375 0.0270081
v -0.270127 -0.029375 0.0278337
v -0.267081 -0.029375 0.0283329
v -0.264 -0.029375 0.0285
v -0.228 0.033875 0.0285
v -0.2275 0.035375 -0.0258787
v -0.2275 0.035375 0.0258787
v -0.228621 0.035375 -0.027
v -0.264 0.033875 -0.0285
v -0.264 0.035375 -0.027
v -0.228621 0.035375 0.027
v -0.264 0.033875 0.0285
v -0.264 0.035375 0.027
v -0.259701 0.035375 -0.0195324
v -0.257614 0.035375 -0.0189531
v -0.266919 0.035375 -0.0268417
v -0.266162 0.035375 -0.0198828
v -0.269804 0.035375 -0.0263688
v -0.268299 0.035375 -0.0195324
v -0.255602 0.035375 -0.0181515
v -0.261838 0.035375 -0.0198828
v -0.264 0.035375 -0.02
v -0.272621 0.035375 -0.0255866
v -0.270386 0.035375 -0.0189531
v -0.275337 0.035375 -0.0245045
v -0.272398 0.035375 -0.0181515
v -0.289082 0.035375 -0.00999373
v -0.290016 0.035375 -0.00722327
v -0.283271 0.035375 -0.00535057
v -0.290644 0.035375 -0.00436811
v -0.283737 0.035375 -0.00323564
v -0.247446 0.035375 -0.0112237
v -0.29096 0.035375 -0.00146175
v -0.283971 0.035375 -0.00108278
v -0.257614 0.035375 0.0189531
v -0.248757 0.035375 -0.0129477
v -0.253689 0.035375 -0.0171371
v -0.251897 0.035375 -0.0159219
v -0.27792 0.035375 -0.0231351
v -0.274311 0.035375 -0.0171371
v -0.28034 0.035375 -0.0214945
v -0.276103 0.035375 -0.0159219
v -0.284578 0.035375 -0.0174794
v -0.286348 0.035375 -0.0151521
v -0.280554 0.035375 -0.0112237
v -0.287855 0.035375 -0.012647
v -0.28167 0.035375 -0.00936817
v -0.28258 0.035375 -0.00740276
v -0.290644 0.035375 0.00436811
v -0.283737 0.035375 0.00323564
v -0.283971 0.035375 0.00108278
v -0.290016 0.035375 0.00722327
v -0.283271 0.035375 0.00535057
v -0.289082 0.035375 0.00999373
v -0.28258 0.035375 0.00740276
v -0.287855 0.035375 0.012647
v -0.28167 0.035375 0.00936817
v -0.284578 0.035375 0.0174794
v -0.279243 0.035375 0.0129477
v -0.280554 0.035375 0.0112237
v -0.282568 0.035375 0.0196019
v -0.277754 0.035375 0.0145199
v -0.259701 0.035375 0.0195324
v -0.24633 0.035375 -0.00936817
v -0.24542 0.035375 -0.00740276
v -0.250246 0.035375 -0.0145199
v -0.286348 0.035375 0.0151521
v -0.255602 0.035375 0.0181515
v -0.282568 0.035375 -0.0196019
v -0.277754 0.035375 -0.0145199
v -0.279243 0.035375 -0.0129477
v -0.29096 0.035375 0.00146175
v -0.269804 0.035375 0.0263688
v -0.268299 0.035375 0.0195324
v -0.270386 0.035375 0.0189531
v -0.266919 0.035375 0.0268417
v -0.266162 0.035375 0.0198828
v -0.261838 0.035375 0.0198828
v -0.251897 0.035375 0.0159219
v -0.253689 0.035375 0.0171371
v -0.247446 0.035375 0.0112237
v -0.248757 0.035375 0.0129477
v -0.244029 0.035375 0.00108278
v -0.244263 0.035375 0.00323564
v -0.244029 0.035375 -0.00108278
v -0.272621 0.035375 0.0255866
v -0.272398 0.035375 0.0181515
v -0.250246 0.035375 0.0145199
v -0.24633 0.035375 0.00936817
v -0.244729 0.035375 0.00535057
v -0.24542 0.035375 0.00740276
v -0.244729 0.035375 -0.00535057
v -0.244263 0.035375 -0.00323564
v -0.275337 0.035375 0.0245045
v -0.274311 0.035375 0.0171371
v -0.28034 0.035375 0.0214945
v -0.276103 0.035375 0.0159219
v -0.27792 0.035375 0.0231351
v -0.264 0.035375 0.02
v -0.267081 0.033875 0.0283329
v -0.270127 0.033875 0.0278337
v -0.2731 0.033875 0.0270081
v -0.275967 0.033875 0.0258659
v -0.278693 0.033875 0.0244204
v -0.281247 0.033875 0.0226887
v -0.283599 0.033875 0.0206909
v -0.285722 0.033875 0.0184505
v -0.287589 0.033875 0.0159938
v -0.28918 0.033875 0.0133496
v -0.290476 0.033875 0.0105489
v -0.291461 0.033875 0.00762456
v -0.292125 0.033875 0.00461079
v -0.292458 0.033875 0.00154296
v -0.292458 0.033875 -0.00154296
v -0.292125 0.033875 -0.00461079
v -0.291461 0.033875 -0.00762456
v -0.290476 0.033875 -0.0105489
v -0.28918 0.033875 -0.0133496
v -0.287589 0.033875 -0.0159938
v -0.285722 0.033875 -0.0184505
v -0.283599 0.033875 -0.0206909
v -0.281247 0.033875 -0.0226887
v -0.278693 0.033875 -0.0244204
v -0.275967 0.033875 -0.0258659
v -0.2731 0.033875 -0.0270081
v -0.270127 0.033875 -0.0278337
v -0.267081 0.033875 -0.0283329
v -0.264 0.029375 0.0285
v -0.267081 0.029375 0.0283329
v -0.270127 0.029375 0.0278337
v -0.2731 0.029375 0.0270081
v -0.275967 0.029375 0.0258659
v -0.278693 0.029375 0.0244204
v -0.281247 0.029375 0.0226887
v -0.283599 0.029375 0.0206909
v -0.285722 0.029375 0.0184505
v -0.287589 0.029375 0.0159938
v -0.28918 0.029375 0.0133496
v -0.290476 0.029375 0.0105489
v -0.291461 0.029375 0.00762456
v -0.292125 0.029375 0.00461079
v -0.292458 0.029375 0.00154296
v -0.292458 0.029375 -0.00154296
v -0.292125 0.029375 -0.00461079
v -0.291461 0.029375 -0.00762456
v -0.290476 0.029375 -0.0105489
v -0.28918 0.029375 -0.0133496
v -0.287589 0.029375 -0.0159938
v -0.285722 0.029375 -0.0184505
v -0.283599 0.029375 -0.0206909
v -0.281247 0.029375 -0.0226887
v -0.278693 0.029375 -0.0244204
v -0.275967 0.029375 -0.0258659
v -0.2731 0.029375 -0.0270081
v -0.270127 0.029375 -0.0278337
v -0.267081 0.029375 -0.0283329
v -0.264 0.029375 -0.0285
v -0.247914 0.029375 -0.0285
v -0.247914 -0.029375 -0.0285
v -0.247914 -0.029375 0.0285
v -0.247914 0.029375 0.0285
v -0.248952 -0.029375 -0.0247903
v -0.248952 0.029375 -0.0247903
v -0.249131 0.029375 -0.0249124
v -0.249131 -0.029375 -0.0249124
v -0.249295 0.029375 -0.0250529
v -0.249295 -0.029375 -0.0250529
v -0.249443 0.029375 -0.0252104
v -0.249443 -0.029375 -0.0252104
v -0.249573 0.029375 -0.025383
v -0.249573 -0.029375 -0.025383
v -0.249684 0.029375 -0.0255686
v -0.249684 -0.029375 -0.0255686
v -0.249774 0.029375 -0.0257652
v -0.249774 -0.029375 -0.0257652
v -0.249843 0.029375 -0.0259703
v -0.249843 -0.029375 -0.0259703
v -0.249889 0.029375 -0.0261816
v -0.249889 -0.029375 -0.0261816
v -0.249912 0.029375 -0.0263966
v -0.249912 -0.029375 -0.0263966
v -0.249911 0.029375 -0.0266128
v -0.249911 -0.029375 -0.0266128
v -0.249887 0.029375 -0.0268277
v -0.249887 -0.029375 -0.0268277
v -0.24984 0.029375 -0.0270388
v -0.24984 -0.029375 -0.0270388
v -0.249771 0.029375 -0.0272436
v -0.249771 -0.029375 -0.0272436
v -0.24968 0.029375 -0.0274397
v -0.24968 -0.029375 -0.0274397
v -0.249568 0.029375 -0.0276248
v -0.249568 -0.029375 -0.0276248
v -0.249437 0.029375 -0.0277968
v -0.249437 -0.029375 -0.0277968
v -0.249288 0.029375 -0.0279536
v -0.249288 -0.029375 -0.0279536
v -0.249123 0.029375 -0.0280934
v -0.249123 -0.029375 -0.0280934
v -0.248944 0.029375 -0.0282146
v -0.248944 -0.029375 -0.0282146
v -0.248753 0.029375 -0.0283157
v -0.248753 -0.029375 -0.0283157
v -0.248552 0.029375 -0.0283956
v -0.248552 -0.029375 -0.0283956
v -0.248344 0.029375 -0.0284534
v -0.248344 -0.029375 -0.0284534
v -0.24813 0.029375 -0.0284883
v -0.24813 -0.029375 -0.0284883
v -0.24813 0.029375 0.0284883
v -0.24813 -0.029375 0.0284883
v -0.248344 0.029375 0.0284534
v -0.248344 -0.029375 0.0284534
v -0.248552 0.029375 0.0283956
v -0.248552 -0.029375 0.0283956
v -0.248753 0.029375 0.0283157
v -0.248753 -0.029375 0.0283157
v -0.248944 0.029375 0.0282146
v -0.248944 -0.029375 0.0282146
v -0.249123 0.029375 0.0280934
v -0.249123 -0.029375 0.0280934
v -0.249288 0.029375 0.0279536
v -0.249288 -0.029375 0.0279536
v -0.249437 0.029375 0.0277968
v -0.249437 -0.029375 0.0277968
v -0.249568 0.029375 0.0276248
v -0.249568 -0.029375 0.0276248
v -0.24968 0.029375 0.0274397
v -0.24968 -0.029375 0.0274397
v -0.249771 0.029375 0.0272436
v -0.249771 -0.029375 0.0272436
v -0.24984 0.029375 0.0270388
v -0.24984 -0.029375 0.0270388
v -0.249887 0.029375 0.0268277
v -0.249887 -0.029375 0.0268277
v -0.249911 0.029375 0.0266128
v -0.249911 -0.029375 0.0266128
v -0.249912 0.029375 0.0263966
v -0.249912 -0.029375 0.0263966
v -0.249889 0.029375 0.0261816
v -0.249889 -0.029375 0.0261816
v -0.249843 0.029375 0.0259703
v -0.249843 -0.029375 0.0259703
v -0.249774 0.029375 0.0257652
v -0.249774 -0.029375 0.0257652
v -0.249684 0.029375 0.0255686
v -0.249684 -0.029375 0.0255686
v -0.249573 0.029375 0.025383
v -0.249573 -0.029375 0.025383
v -0.249443 0.029375 0.0252104
v -0.249443 -0.029375 0.0252104
v -0.249295 0.029375 0.0250529
v -0.249295 -0.029375 0.0250529
v -0.249131 0.029375 0.0249124
v -0.249131 -0.029375 0.0249124
v -0.248952 0.029375 0.0247903
v -0.248952 -0.029375 0.0247903
v -0.258577 0.029375 -0.0274699
v -0.285495 0.029375 -0.0179431
v -0.283456 0.029375 -0.0201363
v -0.278735 0.029375 -0.0238092
v -0.276108 0.029375 -0.0252468
v -0.270469 0.029375 -0.0272424
v -0.267523 0.029375 -0.0277775
v -0.264536 0.029375 -0.0279949
v -0.261542 0.029375 -0.0278919
v -0.261542 0.029375 0.0278919
v -0.267523 0.029375 0.0277775
v -0.264536 0.029375 0.0279949
v -0.270469 0.029375 0.0272424
v -0.287289 0.029375 -0.0155447
v -0.273342 0.029375 -0.0263956
v -0.273342 0.029375 0.0263956
v -0.276108 0.029375 0.0252468
v -0.278735 0.029375 0.0238092
v -0.281194 0.029375 0.0220992
v -0.290059 0.029375 0.0102436
v -0.288816 0.029375 0.0129683
v -0.291004 0.029375 0.00740177
v -0.29164 0.029375 -0.0044752
v -0.291004 0.029375 -0.00740177
v -0.281194 0.029375 -0.0220992
v -0.283456 0.029375 0.0201363
v -0.285495 0.029375 0.0179431
v -0.287289 0.029375 0.0155447
v -0.29164 0.029375 0.0044752
v -0.29196 0.029375 0.00149745
v -0.29196 0.029375 -0.00149745
v -0.290059 0.029375 -0.0102436
v -0.288816 0.029375 -0.0129683
v -0.252867 0.029375 -0.0256915
v -0.250983 0.029375 -0.0247903
v -0.255675 0.029375 0.0267336
v -0.252867 0.029375 0.0256915
v -0.258577 0.029375 0.0274699
v -0.250983 0.029375 0.0247903
v -0.255675 0.029375 -0.0267336
v -0.258577 -0.029375 0.0274699
v -0.273342 -0.029375 0.0263956
v -0.270469 -0.029375 0.0272424
v -0.267523 -0.029375 -0.0277775
v -0.264536 -0.029375 -0.0279949
v -0.270469 -0.029375 -0.0272424
v -0.273342 -0.029375 -0.0263956
v -0.276108 -0.029375 -0.0252468
v -0.278735 -0.029375 -0.0238092
v -0.281194 -0.029375 -0.0220992
v -0.283456 -0.029375 -0.0201363
v -0.285495 -0.029375 -0.0179431
v -0.290059 -0.029375 0.0102436
v -0.288816 -0.029375 0.0129683
v -0.285495 -0.029375 0.0179431
v -0.283456 -0.029375 0.0201363
v -0.267523 -0.029375 0.0277775
v -0.264536 -0.029375 0.0279949
v -0.261542 -0.029375 0.0278919
v -0.261542 -0.029375 -0.0278919
v -0.29164 -0.029375 -0.0044752
v -0.291004 -0.029375 -0.00740177
v -0.29196 -0.029375 -0.00149745
v -0.287289 -0.029375 0.0155447
v -0.281194 -0.029375 0.0220992
v -0.278735 -0.029375 0.0238092
v -0.276108 -0.029375 0.0252468
v -0.287289 -0.029375 -0.0155447
v -0.290059 -0.029375 -0.0102436
v -0.288816 -0.029375 -0.0129683
v -0.29196 -0.029375 0.00149745
v -0.29164 -0.029375 0.0044752
v -0.291004 -0.029375 0.00740177
v -0.252867 -0.029375 0.0256915
v -0.250983 -0.029375 0.0247903
v -0.255675 -0.029375 0.0267336
v -0.255675 -0.029375 -0.0267336
v -0.252867 -0.029375 -0.0256915
v -0.258577 -0.029375 -0.0274699
v -0.250983 -0.029375 -0.0247903
v -0.24994 -0.028875 -0.0247903
v -0.24994 0.028875 -0.0247903
v -0.24994 0.028875 0.0247903
v -0.24994 -0.028875 0.0247903
v -0.252668 -0.028875 -0.0261503
v -0.252668 0.028875 -0.0261503
v -0.255526 -0.028875 -0.027211
v -0.255526 0.028875 -0.027211
v -0.258481 -0.028875 -0.0279605
v -0.258481 0.028875 -0.0279605
v -0.261499 -0.028875 -0.02839
v -0.261499 0.028875 -0.02839
v -0.264545 -0.028875 -0.0284948
v -0.264545 0.028875 -0.0284948
v -0.267586 -0.028875 -0.0282736
v -0.267586 0.028875 -0.0282736
v -0.270585 -0.028875 -0.0277289
v -0.270585 0.028875 -0.0277289
v -0.273509 -0.028875 -0.0268669
v -0.273509 0.028875 -0.0268669
v -0.276324 -0.028875 -0.0256976
v -0.276324 0.028875 -0.0256976
v -0.278998 -0.028875 -0.0242344
v -0.278998 0.028875 -0.0242344
v -0.281501 -0.028875 -0.0224938
v -0.281501 0.028875 -0.0224938
v -0.283803 -0.028875 -0.0204959
v -0.283803 0.028875 -0.0204959
v -0.285879 -0.028875 -0.0182636
v -0.285879 0.028875 -0.0182636
v -0.287705 -0.028875 -0.0158222
v -0.287705 0.028875 -0.0158222
v -0.289259 -0.028875 -0.0131999
v -0.289259 0.028875 -0.0131999
v -0.290524 -0.028875 -0.0104266
v -0.290524 0.028875 -0.0104266
v -0.291486 -0.028875 -0.00753394
v -0.291486 0.028875 -0.00753394
v -0.292134 -0.028875 -0.00455512
v -0.292134 0.028875 -0.00455512
v -0.292459 -0.028875 -0.00152419
v -0.292459 0.028875 -0.00152419
v -0.292459 -0.028875 0.00152419
v -0.292459 0.028875 0.00152419
v -0.292134 -0.028875 0.00455512
v -0.292134 0.028875 0.00455512
v -0.291486 -0.028875 0.00753394
v -0.291486 0.028875 0.00753394
v -0.290524 -0.028875 0.0104266
v -0.290524 0.028875 0.0104266
v -0.289259 -0.028875 0.0131999
v -0.289259 0.028875 0.0131999
v -0.287705 -0.028875 0.0158222
v -0.287705 0.028875 0.0158222
v -0.285879 -0.028875 0.0182636
v -0.285879 0.028875 0.0182636
v -0.283803 -0.028875 0.0204959
v -0.283803 0.028875 0.0204959
v -0.281501 -0.028875 0.0224938
v -0.281501 0.028875 0.0224938
v -0.278998 -0.028875 0.0242344
v -0.278998 0.028875 0.0242344
v -0.276324 -0.028875 0.0256976
v -0.276324 0.028875 0.0256976
v -0.273509 -0.028875 0.0268669
v -0.273509 0.028875 0.0268669
v -0.270585 -0.028875 0.0277289
v -0.270585 0.028875 0.0277289
v -0.267586 -0.028875 0.0282736
v -0.267586 0.028875 0.0282736
v -0.264545 -0.028875 0.0284948
v -0.264545 0.028875 0.0284948
v -0.261499 -0.028875 0.02839
v -0.261499 0.028875 0.02839
v -0.258481 -0.028875 0.0279605
v -0.258481 0.028875 0.0279605
v -0.255526 -0.028875 0.027211
v -0.255526 0.028875 0.027211
v -0.252668 -0.028875 0.0261503
v -0.252668 0.028875 0.0261503
v -0.266162 0.029375 -0.0198828
v -0.264 0.029375 -0.02
v -0.268299 0.029375 -0.0195324
v -0.270386 0.029375 -0.0189531
v -0.272398 0.029375 -0.0181515
v -0.274311 0.029375 -0.0171371
v -0.276103 0.029375 -0.0159219
v -0.277754 0.029375 -0.0145199
v -0.279243 0.029375 -0.0129477
v -0.280554 0.029375 -0.0112237
v -0.28167 0.029375 -0.00936817
v -0.28258 0.029375 -0.00740276
v -0.283271 0.029375 -0.00535057
v -0.283737 0.029375 -0.00323564
v -0.283971 0.029375 -0.00108278
v -0.283971 0.029375 0.00108278
v -0.283737 0.029375 0.00323564
v -0.283271 0.029375 0.00535057
v -0.28258 0.029375 0.00740276
v -0.28167 0.029375 0.00936817
v -0.280554 0.029375 0.0112237
v -0.279243 0.029375 0.0129477
v -0.277754 0.029375 0.0145199
v -0.276103 0.029375 0.0159219
v -0.274311 0.029375 0.0171371
v -0.272398 0.029375 0.0181515
v -0.270386 0.029375 0.0189531
v -0.268299 0.029375 0.0195324
v -0.266162 0.029375 0.0198828
v -0.264 0.029375 0.02
v -0.261838 0.029375 0.0198828
v -0.259701 0.029375 0.0195324
v -0.257614 0.029375 0.0189531
v -0.255602 0.029375 0.0181515
v -0.253689 0.029375 0.0171371
v -0.251897 0.029375 0.0159219
v -0.250246 0.029375 0.0145199
v -0.248757 0.029375 0.0129477
v -0.247446 0.029375 0.0112237
v -0.24633 0.029375 0.00936817
v -0.24542 0.029375 0.00740276
v -0.244729 0.029375 0.00535057
v -0.244263 0.029375 0.00323564
v -0.244029 0.029375 0.00108278
v -0.244029 0.029375 -0.00108278
v -0.244263 0.029375 -0.00323564
v -0.244729 0.029375 -0.00535057
v -0.24542 0.029375 -0.00740276
v -0.24633 0.029375 -0.00936817
v -0.247446 0.029375 -0.0112237
v -0.248757 0.029375 -0.0129477
v -0.250246 0.029375 -0.0145199
v -0.251897 0.029375 -0.0159219
v -0.253689 0.029375 -0.0171371
v -0.255602 0.029375 -0.0181515
v -0.257614 0.029375 -0.0189531
v -0.259701 0.029375 -0.0195324
v -0.261838 0.029375 -0.0198828
v -0.264 0.029375 -4.84737e-18
v -0.261838 -0.029375 -0.0198828
v -0.264 -0.029375 -0.02
v -0.259701 -0.029375 -0.0195324
v -0.257614 -0.029375 -0.0189531
v -0.255602 -0.029375 -0.0181515
v -0.253689 -0.029375 -0.0171371
v -0.251897 -0.029375 -0.0159219
v -0.250246 -0.029375 -0.0145199
v -0.248757 -0.029375 -0.0129477
v -0.247446 -0.029375 -0.0112237
v -0.24633 -0.029375 -0.00936817
v -0.24542 -0.029375 -0.00740276
v -0.244729 -0.029375 -0.00535057
v -0.244263 -0.029375 -0.00323564
v -0.244029 -0.029375 -0.00108278
v -0.244029 -0.029375 0.00108278
v -0.244263 -0.029375 0.00323564
v -0.244729 -0.029375 0.00535057
v -0.24542 -0.029375 0.00740276
v -0.24633 -0.029375 0.00936817
v -0.247446 -0.029375 0.0112237
v -0.248757 -0.029375 0.0129477
v -0.250246 -0.029375 0.0145199
v -0.251897 -0.029375 0.0159219
v -0.253689 -0.029375 0.0171371
v -0.255602 -0.029375 0.0181515
v -0.257614 -0.029375 0.0189531
v -0.259701 -0.029375 0.0195324
v -0.261838 -0.029375 0.0198828
v -0.264 -0.029375 0.02
v -0.266162 -0.029375 0.0198828
v -0.268299 -0.029375 0.0195324
v -0.270386 -0.029375 0.0189531
v -0.272398 -0.029375 0.0181515
v -0.274311 -0.029375 0.0171371
v -0.276103 -0.029375 0.0159219
v -0.277754 -0.029375 0.0145199
v -0.279243 -0.029375 0.0129477
v -0.280554 -0.029375 0.0112237
v -0.28167 -0.029375 0.00936817
v -0.28258 -0.029375 0.00740276
v -0.283271 -0.029375 0.00535057
v -0.283737 -0.029375 0.00323564
v -0.283971 -0.029375 0.00108278
v -0.283971 -0.029375 -0.00108278
v -0.283737 -0.029375 -0.00323564
v -0.283271 -0.029375 -0.00535057
v -0.28258 -0.029375 -0.00740276
v -0.28167 -0.029375 -0.00936817
v -0.280554 -0.029375 -0.0112237
v -0.279243 -0.029375 -0.0129477
v -0.277754 -0.029375 -0.0145199
v -0.276103 -0.029375 -0.0159219
v -0.274311 -0.029375 -0.0171371
v -0.272398 -0.029375 -0.0181515
v -0.270386 -0.029375 -0.0189531
v -0.268299 -0.029375 -0.0195324
v -0.266162 -0.029375 -0.0198828
v -0.264 -0.029375 -4.84737e-18
v -0.039344 -0.0237323 0.0215036
v -0.039344 -0.0269948 0.0171536
v -0.0393559 -0.0235957 0.0216841
v -0.0412845 -0.0223179 0.0231199
v -0.041061 -0.0223529 0.0231044
v -0.0402386 -0.0226237 0.0228575
v -0.0400622 -0.0227204 0.0227531
v -0.0406308 -0.0224633 0.0230168
v -0.0404288 -0.0225377 0.0229458
v -0.0408423 -0.0224015 0.0230699
v -0.0802221 -0.0199583 0.0208581
v -0.0823402 -0.0210327 0.0191313
v -0.0393914 -0.023459 0.0218614
v -0.0397587 -0.0229416 0.0225003
v -0.0396349 -0.0230636 0.0223547
v -0.0399016 -0.0228268 0.0226335
v -0.0415102 -0.0222971 0.0231163
v -0.0823145 -0.0208969 0.0193161
v -0.0394503 -0.0233238 0.0220335
v -0.0395317 -0.0231915 0.0221986
v -0.0804516 -0.0199519 0.0208348
v -0.0816791 -0.0202176 0.02031
v -0.0815044 -0.0201392 0.0204388
v -0.0822645 -0.0207651 0.0194987
v -0.0811122 -0.0200216 0.0206501
v -0.0808992 -0.0199837 0.0207302
v -0.0818368 -0.0203078 0.0201678
v -0.040847 -0.0281264 0.0154361
v -0.0410662 -0.0281456 0.01538
v -0.0813147 -0.0200736 0.0205525
v -0.0819757 -0.0204089 0.0200137
v -0.0821907 -0.0206389 0.0196773
v -0.0823176 -0.0213104 0.0187643
v -0.0823412 -0.0211711 0.0189467
v -0.0412901 -0.0281504 0.0153425
v -0.0404323 -0.0280458 0.0156011
v -0.0406349 -0.028093 0.01551
v -0.0400646 -0.0279121 0.0158305
v -0.0402415 -0.0279852 0.0157083
v -0.0396359 -0.0276257 0.0162719
v -0.0397601 -0.0277313 0.0161138
v -0.0393916 -0.0272622 0.0167904
v -0.0394506 -0.0273898 0.0166121
v -0.0393559 -0.0271301 0.0169716
v -0.0820941 -0.0205197 0.0198496
v -0.0822697 -0.021449 0.0185862
v -0.0821032 -0.0217177 0.0182509
v -0.082198 -0.0215853 0.0184144
v -0.0818495 -0.0219651 0.0179564
v -0.0819866 -0.0218448 0.0180977
v -0.0399035 -0.0278271 0.0159661
v -0.0395324 -0.0275114 0.0164386
v -0.0809227 -0.0225005 0.0173712
v -0.08152 -0.0221796 0.0177161
v -0.0806781 -0.0199604 0.020792
v -0.0816933 -0.0220771 0.0178287
v -0.0807312 -0.0225936 0.0172736
v -0.041742 -0.0281167 0.0153247
v -0.0415162 -0.0281407 0.015324
v -0.0800865 -0.0227966 0.0170925
v -0.0803107 -0.0227426 0.0171334
v -0.0798567 -0.0228362 0.0170716
v -0.0805264 -0.0226746 0.017194
v -0.0813707 -0.0220311 0.0178364
v -0.0813428 -0.0219929 0.0178492
v -0.0814938 -0.0219036 0.0179473
v -0.0816298 -0.021806 0.0180585
v -0.0817493 -0.0217013 0.0181816
v -0.0818509 -0.0215906 0.0183151
v -0.0819334 -0.0214752 0.0184575
v -0.0819959 -0.0213564 0.0186071
v -0.0820376 -0.0212357 0.0187623
v -0.0820582 -0.0211144 0.0189212
v -0.0820573 -0.0209939 0.019082
v -0.0820349 -0.0208755 0.0192429
v -0.0819913 -0.0207607 0.019402
v -0.0819271 -0.0206508 0.0195575
v -0.0818429 -0.020547 0.0197077
v -0.0817398 -0.0204505 0.0198506
v -0.0816188 -0.0203624 0.0199848
v -0.0814815 -0.0202838 0.0201087
v -0.0813293 -0.0202155 0.0202209
v -0.081164 -0.0201584 0.02032
v -0.0809876 -0.0201131 0.0204049
v -0.0808021 -0.0200801 0.0204747
v -0.0806095 -0.0200597 0.0205286
v -0.0804121 -0.0200523 0.0205659
v -0.0802122 -0.0200579 0.0205862
v -0.0813996 -0.0220669 0.0178197
v -0.0802148 -0.0200527 0.0206348
v -0.0814293 -0.0220999 0.017799
v -0.080217 -0.0200428 0.0206827
v -0.0814594 -0.0221299 0.0177747
v -0.0802188 -0.0200282 0.0207294
v -0.0814898 -0.0221566 0.017747
v -0.0802203 -0.0200091 0.0207745
v -0.0802214 -0.0199858 0.0208176
v -0.0815251 -0.0219398 0.0179367
v -0.0816641 -0.02184 0.0180505
v -0.0817863 -0.0217329 0.0181763
v -0.0818902 -0.0216197 0.0183128
v -0.0819745 -0.0215018 0.0184584
v -0.0820384 -0.0213804 0.0186114
v -0.0820811 -0.0212569 0.01877
v -0.0821021 -0.0211329 0.0189325
v -0.0821012 -0.0210096 0.0190969
v -0.0820783 -0.0208886 0.0192614
v -0.0820338 -0.0207713 0.0194241
v -0.0819681 -0.0206589 0.0195831
v -0.081882 -0.0205527 0.0197366
v -0.0817766 -0.0204541 0.0198828
v -0.0816529 -0.020364 0.02002
v -0.0815124 -0.0202837 0.0201467
v -0.0813569 -0.0202139 0.0202613
v -0.0811879 -0.0201555 0.0203627
v -0.0810075 -0.0201091 0.0204495
v -0.0808178 -0.0200753 0.0205209
v -0.0806209 -0.0200546 0.0205759
v -0.0804191 -0.020047 0.0206141
v -0.0815576 -0.0219735 0.0179223
v -0.0816998 -0.0218714 0.0180386
v -0.0818248 -0.0217618 0.0181674
v -0.0819311 -0.021646 0.018307
v -0.0820174 -0.0215253 0.018456
v -0.0820828 -0.0214011 0.0186125
v -0.0821265 -0.0212748 0.0187748
v -0.0821479 -0.0211479 0.018941
v -0.082147 -0.0210218 0.0191093
v -0.0821236 -0.020898 0.0192776
v -0.082078 -0.0207779 0.019444
v -0.0820108 -0.0206629 0.0196067
v -0.0819228 -0.0205543 0.0197637
v -0.0818149 -0.0204534 0.0199133
v -0.0816883 -0.0203613 0.0200537
v -0.0815446 -0.0202791 0.0201833
v -0.0813855 -0.0202077 0.0203006
v -0.0812126 -0.0201479 0.0204043
v -0.081028 -0.0201005 0.0204931
v -0.0808339 -0.0200659 0.0205662
v -0.0806325 -0.0200447 0.0206225
v -0.0804261 -0.0200369 0.0206615
v -0.0815909 -0.0220043 0.0179041
v -0.0817366 -0.0218998 0.0180231
v -0.0818645 -0.0217877 0.0181549
v -0.0819733 -0.0216692 0.0182978
v -0.0820616 -0.0215456 0.0184503
v -0.0821285 -0.0214185 0.0186105
v -0.0821732 -0.0212892 0.0187766
v -0.0821952 -0.0211593 0.0189468
v -0.0821942 -0.0210303 0.019119
v -0.0821703 -0.0209036 0.0192913
v -0.0821237 -0.0207807 0.0194616
v -0.0820549 -0.0206629 0.0196281
v -0.0819647 -0.0205518 0.0197888
v -0.0818543 -0.0204485 0.0199419
v -0.0817248 -0.0203542 0.0200856
v -0.0815777 -0.02027 0.0202183
v -0.0814148 -0.020197 0.0203383
v -0.0812379 -0.0201358 0.0204445
v -0.081049 -0.0200873 0.0205354
v -0.0808503 -0.0200519 0.0206101
v -0.0806441 -0.0200301 0.0206678
v -0.0804328 -0.0200222 0.0207077
v -0.0816249 -0.0220321 0.0178822
v -0.081774 -0.0219251 0.0180041
v -0.081905 -0.0218103 0.018139
v -0.0820163 -0.021689 0.0182853
v -0.0821067 -0.0215625 0.0184414
v -0.0821752 -0.0214323 0.0186054
v -0.082221 -0.0213 0.0187755
v -0.0822435 -0.0211671 0.0189497
v -0.0822425 -0.0210349 0.0191259
v -0.082218 -0.0209052 0.0193023
v -0.0821702 -0.0207794 0.0194767
v -0.0820998 -0.0206589 0.0196471
v -0.0820076 -0.0205451 0.0198117
v -0.0818945 -0.0204394 0.0199684
v -0.0817619 -0.0203429 0.0201155
v -0.0816114 -0.0202567 0.0202512
v -0.0814446 -0.0201819 0.0203742
v -0.0812635 -0.0201193 0.0204828
v -0.0810701 -0.0200696 0.0205759
v -0.0808667 -0.0200334 0.0206524
v -0.0806557 -0.0200111 0.0207114
v -0.0804394 -0.020003 0.0207523
v -0.0816592 -0.0220564 0.017857
v -0.0818117 -0.0219469 0.0179818
v -0.0819458 -0.0218294 0.0181199
v -0.0820598 -0.0217052 0.0182697
v -0.0821523 -0.0215757 0.0184294
v -0.0822224 -0.0214425 0.0185973
v -0.0822693 -0.0213071 0.0187714
v -0.0822923 -0.021171 0.0189496
v -0.0822913 -0.0210358 0.0191301
v -0.0822662 -0.020903 0.0193106
v -0.0822173 -0.0207742 0.0194891
v -0.0821453 -0.0206509 0.0196636
v -0.0820508 -0.0205344 0.019832
v -0.0819351 -0.0204261 0.0199924
v -0.0817994 -0.0203274 0.0201429
v -0.0816453 -0.0202392 0.0202819
v -0.0814746 -0.0201626 0.0204077
v -0.0812892 -0.0200985 0.0205189
v -0.0810913 -0.0200476 0.0206142
v -0.0808831 -0.0200106 0.0206926
v -0.080667 -0.0199878 0.020753
v -0.0804456 -0.0199795 0.0207948
v -0.0808925 -0.0224775 0.0174021
v -0.0808621 -0.0224508 0.0174298
v -0.080832 -0.0224208 0.0174541
v -0.0808023 -0.0223878 0.0174748
v -0.0807734 -0.022352 0.0174916
v -0.0807455 -0.0223138 0.0175043
v -0.0415095 -0.0223246 0.0230757
v -0.0415084 -0.022348 0.0230327
v -0.0415069 -0.0223671 0.0229876
v -0.041505 -0.0223816 0.0229409
v -0.0415028 -0.0223916 0.022893
v -0.0415003 -0.0223968 0.0228444
v -0.0801753 -0.0201515 0.0189346
v -0.0802279 -0.0201535 0.0189246
v -0.0802793 -0.0201589 0.0189103
v -0.0803288 -0.0201677 0.0188916
v -0.0803759 -0.0201798 0.018869
v -0.08042 -0.020195 0.0188425
v -0.0804606 -0.0202132 0.0188126
v -0.0804972 -0.0202342 0.0187795
v -0.0805295 -0.0202577 0.0187437
v -0.080557 -0.0202834 0.0187056
v -0.0805795 -0.0203111 0.0186655
v -0.0805966 -0.0203405 0.0186241
v -0.0806083 -0.0203711 0.0185816
v -0.0806142 -0.0204027 0.0185387
v -0.0806145 -0.0204348 0.0184958
v -0.080609 -0.0204672 0.0184534
v -0.0805978 -0.0204994 0.018412
v -0.0805812 -0.0205311 0.018372
v -0.0805592 -0.0205619 0.0183341
v -0.0805321 -0.0205914 0.0182984
v -0.0805002 -0.0206194 0.0182656
v -0.0804639 -0.0206454 0.0182359
v -0.0804236 -0.0206692 0.0182097
v -0.080122 -0.020153 0.01894
v -0.04141 -0.0224918 0.0211982
v -0.0413037 -0.0224149 0.0228475
v -0.0411091 -0.0224453 0.022834
v -0.0409186 -0.0224877 0.0228039
v -0.0407343 -0.0225415 0.0227577
v -0.0405584 -0.0226063 0.0226958
v -0.0403926 -0.0226812 0.022619
v -0.040239 -0.0227655 0.022528
v -0.0400991 -0.0228581 0.0224238
v -0.0399746 -0.0229582 0.0223077
v -0.0398668 -0.0230645 0.022181
v -0.0397769 -0.0231759 0.022045
v -0.039706 -0.0232911 0.0219012
v -0.0396547 -0.0234089 0.0217512
v -0.0396237 -0.0235279 0.0215968
v -0.0396134 -0.0236469 0.0214396
v -0.0395736 -0.0236698 0.0214567
v -0.0395312 -0.0236894 0.0214714
v -0.0394866 -0.0237056 0.0214835
v -0.0394402 -0.0237182 0.021493
v -0.0393925 -0.0237272 0.0214997
v -0.0413018 -0.0224101 0.0228962
v -0.0411028 -0.0224412 0.0228824
v -0.0409081 -0.0224845 0.0228517
v -0.0407197 -0.0225396 0.0228044
v -0.0405398 -0.0226058 0.0227411
v -0.0403703 -0.0226824 0.0226625
v -0.0402132 -0.0227685 0.0225695
v -0.0400702 -0.0228633 0.022463
v -0.0399429 -0.0229656 0.0223443
v -0.0398327 -0.0230742 0.0222147
v -0.0397408 -0.0231881 0.0220757
v -0.0396683 -0.0233059 0.0219287
v -0.0396158 -0.0234264 0.0217753
v -0.0395842 -0.0235481 0.0216174
v -0.0412994 -0.0224006 0.0229442
v -0.0410958 -0.0224324 0.0229301
v -0.0408965 -0.0224767 0.0228986
v -0.0407038 -0.0225331 0.0228503
v -0.0405197 -0.0226008 0.0227855
v -0.0403463 -0.0226792 0.0227051
v -0.0401856 -0.0227673 0.0226099
v -0.0400393 -0.0228642 0.022501
v -0.039909 -0.0229689 0.0223796
v -0.0397963 -0.0230801 0.022247
v -0.0397023 -0.0231966 0.0221047
v -0.039628 -0.0233171 0.0219543
v -0.0395744 -0.0234404 0.0217974
v -0.039542 -0.0235649 0.0216359
v -0.0412964 -0.0223865 0.022991
v -0.041088 -0.022419 0.0229765
v -0.040884 -0.0224644 0.0229444
v -0.0406868 -0.0225221 0.0228949
v -0.0404984 -0.0225914 0.0228286
v -0.0403209 -0.0226716 0.0227463
v -0.0401564 -0.0227618 0.0226489
v -0.0400067 -0.022861 0.0225374
v -0.0398733 -0.0229681 0.0224131
v -0.0397579 -0.0230819 0.0222774
v -0.0396617 -0.0232012 0.0221317
v -0.0395857 -0.0233246 0.0219778
v -0.0395308 -0.0234507 0.0218172
v -0.0394977 -0.0235782 0.0216519
v -0.0412929 -0.0223679 0.0230362
v -0.0410796 -0.0224012 0.0230214
v -0.0408708 -0.0224476 0.0229884
v -0.0406688 -0.0225067 0.0229378
v -0.0404759 -0.0225776 0.0228699
v -0.0402943 -0.0226597 0.0227857
v -0.0401259 -0.0227521 0.0226859
v -0.0399726 -0.0228537 0.0225718
v -0.0398361 -0.0229633 0.0224446
v -0.039718 -0.0230798 0.0223056
v -0.0396195 -0.0232019 0.0221566
v -0.0395417 -0.0233282 0.021999
v -0.0394855 -0.0234573 0.0218346
v -0.0394516 -0.0235878 0.0216653
v -0.0412889 -0.0223449 0.0230793
v -0.0410705 -0.0223791 0.0230641
v -0.0408568 -0.0224266 0.0230304
v -0.0406501 -0.022487 0.0229786
v -0.0404527 -0.0225597 0.0229091
v -0.0402668 -0.0226437 0.0228229
v -0.0400944 -0.0227382 0.0227208
v -0.0399375 -0.0228422 0.022604
v -0.0397978 -0.0229544 0.0224737
v -0.0396768 -0.0230737 0.0223315
v -0.039576 -0.0231986 0.0221789
v -0.0394964 -0.0233279 0.0220176
v -0.0394389 -0.0234601 0.0218494
v -0.0394041 -0.0235936 0.0216761
v -0.0409094 -0.0227936 0.0208653
v -0.0409176 -0.0227619 0.0209065
v -0.0409313 -0.0227304 0.0209465
v -0.0409502 -0.0226997 0.0209849
v -0.0409742 -0.02267 0.0210212
v -0.041003 -0.0226416 0.021055
v -0.0410362 -0.0226149 0.021086
v -0.0410735 -0.0225902 0.0211138
v -0.0411145 -0.0225677 0.021138
v -0.0411587 -0.0225477 0.0211586
v -0.0412057 -0.0225304 0.0211751
v -0.0412548 -0.0225161 0.0211874
v -0.0413057 -0.0225048 0.0211954
v -0.0413576 -0.0224967 0.021199
v -0.0409066 -0.0228254 0.0208234
v -0.0393925 -0.0269896 0.0171497
v -0.0394402 -0.0269807 0.017143
v -0.0394866 -0.0269681 0.0171336
v -0.0395312 -0.0269519 0.0171214
v -0.0395736 -0.0269323 0.0171067
v -0.0396134 -0.0269094 0.0170896
v -0.0409066 -0.0260879 0.0164734
v -0.0396238 -0.0270273 0.016931
v -0.0396549 -0.0271424 0.0167732
v -0.0397063 -0.0272535 0.0166179
v -0.0397775 -0.0273594 0.0164668
v -0.0398677 -0.027459 0.0163215
v -0.0399759 -0.027551 0.0161838
v -0.0401008 -0.0276345 0.0160552
v -0.0402411 -0.0277085 0.015937
v -0.0403952 -0.0277722 0.0158306
v -0.0405614 -0.0278249 0.0157372
v -0.0407379 -0.0278661 0.0156579
v -0.0409226 -0.0278951 0.0155934
v -0.0411136 -0.0279119 0.0155446
v -0.0413086 -0.027916 0.015512
v -0.0415056 -0.0279076 0.0154959
v -0.0417023 -0.0278867 0.0154965
v -0.0417094 -0.0279314 0.0154779
v -0.0417163 -0.0279741 0.0154549
v -0.0417231 -0.0280144 0.0154279
v -0.0417297 -0.0280518 0.0153969
v -0.0417361 -0.028086 0.0153624
v -0.0395842 -0.0270527 0.0169446
v -0.039616 -0.0271704 0.0167832
v -0.0396686 -0.0272841 0.0166244
v -0.0397414 -0.0273924 0.0164699
v -0.0398336 -0.0274941 0.0163214
v -0.0399442 -0.0275882 0.0161806
v -0.0400719 -0.0276736 0.0160491
v -0.0402154 -0.0277492 0.0159283
v -0.040373 -0.0278144 0.0158195
v -0.0405429 -0.0278683 0.015724
v -0.0407233 -0.0279103 0.0156429
v -0.0409122 -0.0279401 0.015577
v -0.0411074 -0.0279572 0.0155271
v -0.0413069 -0.0279614 0.0154937
v -0.0415083 -0.0279528 0.0154772
v -0.039542 -0.0270751 0.0169556
v -0.0395746 -0.0271956 0.0167905
v -0.0396284 -0.0273118 0.016628
v -0.0397029 -0.0274226 0.0164699
v -0.0397972 -0.0275267 0.016318
v -0.0399104 -0.027623 0.0161739
v -0.040041 -0.0277103 0.0160394
v -0.0401878 -0.0277877 0.0159157
v -0.040349 -0.0278544 0.0158045
v -0.0405229 -0.0279095 0.0157068
v -0.0407075 -0.0279526 0.0156238
v -0.0409007 -0.027983 0.0155564
v -0.0411005 -0.0280005 0.0155053
v -0.0413045 -0.0280049 0.0154711
v -0.0415106 -0.027996 0.0154543
v -0.0394977 -0.0270942 0.0169638
v -0.039531 -0.0272175 0.0167948
v -0.0395861 -0.0273365 0.0166285
v -0.0396623 -0.0274499 0.0164667
v -0.0397589 -0.0275565 0.0163112
v -0.0398747 -0.027655 0.0161638
v -0.0400084 -0.0277443 0.016026
v -0.0401587 -0.0278236 0.0158995
v -0.0403237 -0.0278918 0.0157856
v -0.0405016 -0.0279483 0.0156856
v -0.0406906 -0.0279923 0.0156007
v -0.0408884 -0.0280235 0.0155317
v -0.0410928 -0.0280414 0.0154794
v -0.0413017 -0.0280458 0.0154445
v -0.0415126 -0.0280368 0.0154272
v -0.0394516 -0.0271098 0.0169693
v -0.0394857 -0.027236 0.0167963
v -0.0395421 -0.0273578 0.016626
v -0.0396201 -0.0274739 0.0164604
v -0.039719 -0.027583 0.0163012
v -0.0398375 -0.0276839 0.0161503
v -0.0399744 -0.0277754 0.0160093
v -0.0401282 -0.0278565 0.0158798
v -0.0402971 -0.0279263 0.0157632
v -0.0404793 -0.0279841 0.0156608
v -0.0406727 -0.0280292 0.0155739
v -0.0408752 -0.0280611 0.0155032
v -0.0410845 -0.0280794 0.0154497
v -0.0412983 -0.028084 0.0154139
v -0.0415142 -0.0280747 0.0153963
v -0.0394042 -0.0271218 0.0169719
v -0.0394391 -0.027251 0.0167948
v -0.0394968 -0.0273757 0.0166205
v -0.0395767 -0.0274945 0.016451
v -0.0396778 -0.0276062 0.0162881
v -0.0397992 -0.0277094 0.0161336
v -0.0399393 -0.027803 0.0159892
v -0.0400968 -0.0278861 0.0158567
v -0.0402697 -0.0279576 0.0157373
v -0.0404561 -0.0280167 0.0156326
v -0.0406541 -0.0280629 0.0155435
v -0.0408614 -0.0280955 0.0154712
v -0.0410756 -0.0281143 0.0154165
v -0.0412944 -0.0281189 0.0153798
v -0.0415154 -0.0281095 0.0153618
v -0.0414114 -0.0263542 0.0160482
v -0.0413589 -0.0263564 0.0160525
v -0.0413069 -0.0263553 0.0160612
v -0.0412559 -0.0263508 0.0160742
v -0.0412066 -0.0263431 0.0160914
v -0.0411595 -0.0263321 0.0161126
v -0.0411152 -0.026318 0.0161375
v -0.0410741 -0.026301 0.0161659
v -0.0410366 -0.0262813 0.0161974
v -0.0410033 -0.026259 0.0162317
v -0.0409744 -0.0262345 0.0162685
v -0.0409504 -0.0262079 0.0163072
v -0.0409314 -0.0261797 0.0163475
v -0.0409177 -0.02615 0.016389
v -0.0409094 -0.0261193 0.0164311
v -0.0414639 -0.0263486 0.0160483
v -0.0798507 -0.0228055 0.0171094
v -0.0798444 -0.0227713 0.0171438
v -0.0798378 -0.0227339 0.0171748
v -0.0798309 -0.0226937 0.0172018
v -0.079824 -0.022651 0.0172248
v -0.0798169 -0.0226062 0.0172434
v -0.0798263 -0.0209901 0.0178649
v -0.0796841 -0.0210464 0.0178096
v -0.079632 -0.0210589 0.0178001
v -0.0797818 -0.0210117 0.0178422
v -0.0797342 -0.0210306 0.0178237
v -0.0795785 -0.0210681 0.0177953
v -0.0805788 -0.0223949 0.0174193
v -0.0804004 -0.0224655 0.01735
v -0.0802124 -0.0225246 0.0172972
v -0.0800172 -0.0225717 0.0172615
v -0.0800287 -0.0226157 0.0172433
v -0.0802283 -0.0225676 0.0172798
v -0.0804205 -0.0225071 0.0173338
v -0.0806029 -0.0224349 0.0174047
v -0.0800404 -0.0226576 0.0172208
v -0.0802447 -0.0226084 0.0172581
v -0.0804412 -0.0225464 0.0173134
v -0.0806279 -0.0224726 0.0173859
v -0.0800522 -0.022697 0.0171942
v -0.0802612 -0.0226466 0.0172324
v -0.0804624 -0.0225832 0.0172889
v -0.0806534 -0.0225077 0.0173631
v -0.0800638 -0.0227336 0.0171637
v -0.0802778 -0.0226819 0.0172028
v -0.0804838 -0.0226171 0.0172607
v -0.0806794 -0.0225397 0.0173367
v -0.0800753 -0.0227669 0.0171297
v -0.0802944 -0.022714 0.0171697
v -0.0805052 -0.0226476 0.017229
v -0.0807054 -0.0225685 0.0173067
v -0.0823402 -0.0210327 -0.0191313
v -0.0823412 -0.0211711 -0.0189467
v -0.0823145 -0.0208969 -0.0193161
v -0.0821907 -0.0206389 -0.0196773
v -0.0822645 -0.0207651 -0.0194987
v -0.0820941 -0.0205197 -0.0198496
v -0.0808992 -0.0199837 -0.0207302
v -0.0811122 -0.0200216 -0.0206501
v -0.0819757 -0.0204089 -0.0200137
v -0.0815044 -0.0201392 -0.0204388
v -0.0816791 -0.0202176 -0.02031
v -0.0813147 -0.0200736 -0.0205525
v -0.0804516 -0.0199519 -0.0208348
v -0.0806781 -0.0199604 -0.020792
v -0.0798567 -0.0228362 -0.0170716
v -0.041742 -0.0281167 -0.0153247
v -0.0822697 -0.021449 -0.0185862
v -0.082198 -0.0215853 -0.0184144
v -0.0823176 -0.0213104 -0.0187643
v -0.0818368 -0.0203078 -0.0201678
v -0.0402386 -0.0226237 -0.0228575
v -0.0404288 -0.0225377 -0.0229458
v -0.039344 -0.0269948 -0.0171536
v -0.0821032 -0.0217177 -0.0182509
v -0.0819866 -0.0218448 -0.0180977
v -0.041061 -0.0223529 -0.0231044
v -0.0412845 -0.0223179 -0.0231199
v -0.0406308 -0.0224633 -0.0230168
v -0.0394503 -0.0233238 -0.0220335
v -0.0395317 -0.0231915 -0.0221986
v -0.039344 -0.0237323 -0.0215036
v -0.0800865 -0.0227966 -0.0170925
v -0.0415102 -0.0222971 -0.0231163
v -0.0802221 -0.0199583 -0.0208581
v -0.0408423 -0.0224015 -0.0230699
v -0.0400622 -0.0227204 -0.0227531
v -0.0396349 -0.0230636 -0.0223547
v -0.0393559 -0.0271301 -0.0169716
v -0.0410662 -0.0281456 -0.01538
v -0.040847 -0.0281264 -0.0154361
v -0.0415162 -0.0281407 -0.015324
v -0.08152 -0.0221796 -0.0177161
v -0.0397587 -0.0229416 -0.0225003
v -0.0399016 -0.0228268 -0.0226335
v -0.0393914 -0.023459 -0.0218614
v -0.0393559 -0.0235957 -0.0216841
v -0.0394506 -0.0273898 -0.0166121
v -0.0393916 -0.0272622 -0.0167904
v -0.0406349 -0.028093 -0.01551
v -0.0412901 -0.0281504 -0.0153425
v -0.0816933 -0.0220771 -0.0178287
v -0.0395324 -0.0275114 -0.0164386
v -0.0397601 -0.0277313 -0.0161138
v -0.0396359 -0.0276257 -0.0162719
v -0.0404323 -0.0280458 -0.0156011
v -0.0402415 -0.0279852 -0.0157083
v -0.0809227 -0.0225005 -0.0173712
v -0.0818495 -0.0219651 -0.0179564
v -0.0400646 -0.0279121 -0.0158305
v -0.0399035 -0.0278271 -0.0159661
v -0.0805264 -0.0226746 -0.017194
v -0.0803107 -0.0227426 -0.0171334
v -0.0807312 -0.0225936 -0.0172736
v -0.0802148 -0.0200527 -0.0206348
v -0.0802122 -0.0200579 -0.0205862
v -0.0804121 -0.0200523 -0.0205659
v -0.0806095 -0.0200597 -0.0205286
v -0.0808021 -0.0200801 -0.0204747
v -0.0809876 -0.0201131 -0.0204049
v -0.081164 -0.0201584 -0.02032
v -0.0813293 -0.0202155 -0.0202209
v -0.0814815 -0.0202838 -0.0201087
v -0.0816188 -0.0203624 -0.0199848
v -0.0817398 -0.0204505 -0.0198506
v -0.0818429 -0.020547 -0.0197077
v -0.0819271 -0.0206508 -0.0195575
v -0.0819913 -0.0207607 -0.019402
v -0.0820349 -0.0208755 -0.0192429
v -0.0820573 -0.0209939 -0.019082
v -0.0820582 -0.0211144 -0.0189212
v -0.0820376 -0.0212357 -0.0187623
v -0.0819959 -0.0213564 -0.0186071
v -0.0819334 -0.0214752 -0.0184575
v -0.0818509 -0.0215906 -0.0183151
v -0.0817493 -0.0217013 -0.0181816
v -0.0816298 -0.021806 -0.0180585
v -0.0814938 -0.0219036 -0.0179473
v -0.0813428 -0.0219929 -0.0178492
v -0.080217 -0.0200428 -0.0206827
v -0.0813707 -0.0220311 -0.0178364
v -0.0802188 -0.0200282 -0.0207294
v -0.0813996 -0.0220669 -0.0178197
v -0.0802203 -0.0200091 -0.0207745
v -0.0814293 -0.0220999 -0.017799
v -0.0802214 -0.0199858 -0.0208176
v -0.0814594 -0.0221299 -0.0177747
v -0.0814898 -0.0221566 -0.017747
v -0.0804191 -0.020047 -0.0206141
v -0.0806209 -0.0200546 -0.0205759
v -0.0808178 -0.0200753 -0.0205209
v -0.0810075 -0.0201091 -0.0204495
v -0.0811879 -0.0201555 -0.0203627
v -0.0813569 -0.0202139 -0.0202613
v -0.0815124 -0.0202837 -0.0201467
v -0.0816529 -0.020364 -0.02002
v -0.0817766 -0.0204541 -0.0198828
v -0.081882 -0.0205527 -0.0197366
v -0.0819681 -0.0206589 -0.0195831
v -0.0820338 -0.0207713 -0.0194241
v -0.0820783 -0.0208886 -0.0192614
v -0.0821012 -0.0210096 -0.0190969
v -0.0821021 -0.0211329 -0.0189325
v -0.0820811 -0.0212569 -0.01877
v -0.0820384 -0.0213804 -0.0186114
v -0.0819745 -0.0215018 -0.0184584
v -0.0818902 -0.0216197 -0.0183128
v -0.0817863 -0.0217329 -0.0181763
v -0.0816641 -0.02184 -0.0180505
v -0.0815251 -0.0219398 -0.0179367
v -0.0804261 -0.0200369 -0.0206615
v -0.0806325 -0.0200447 -0.0206225
v -0.0808339 -0.0200659 -0.0205662
v -0.081028 -0.0201005 -0.0204931
v -0.0812126 -0.0201479 -0.0204043
v -0.0813855 -0.0202077 -0.0203006
v -0.0815446 -0.0202791 -0.0201833
v -0.0816883 -0.0203613 -0.0200537
v -0.0818149 -0.0204534 -0.0199133
v -0.0819228 -0.0205543 -0.0197637
v -0.0820108 -0.0206629 -0.0196067
v -0.082078 -0.0207779 -0.019444
v -0.0821236 -0.020898 -0.0192776
v -0.082147 -0.0210218 -0.0191093
v -0.0821479 -0.0211479 -0.018941
v -0.0821265 -0.0212748 -0.0187748
v -0.0820828 -0.0214011 -0.0186125
v -0.0820174 -0.0215253 -0.018456
v -0.0819311 -0.021646 -0.018307
v -0.0818248 -0.0217618 -0.0181674
v -0.0816998 -0.0218714 -0.0180386
v -0.0815576 -0.0219735 -0.0179223
v -0.0804328 -0.0200222 -0.0207077
v -0.0806441 -0.0200301 -0.0206678
v -0.0808503 -0.0200519 -0.0206101
v -0.081049 -0.0200873 -0.0205354
v -0.0812379 -0.0201358 -0.0204445
v -0.0814148 -0.020197 -0.0203383
v -0.0815777 -0.02027 -0.0202183
v -0.0817248 -0.0203542 -0.0200856
v -0.0818543 -0.0204485 -0.0199419
v -0.0819647 -0.0205518 -0.0197888
v -0.0820549 -0.0206629 -0.0196281
v -0.0821237 -0.0207807 -0.0194616
v -0.0821703 -0.0209036 -0.0192913
v -0.0821942 -0.0210303 -0.019119
v -0.0821952 -0.0211593 -0.0189468
v -0.0821732 -0.0212892 -0.0187766
v -0.0821285 -0.0214185 -0.0186105
v -0.0820616 -0.0215456 -0.0184503
v -0.0819733 -0.0216692 -0.0182978
v -0.0818645 -0.0217877 -0.0181549
v -0.0817366 -0.0218998 -0.0180231
v -0.0815909 -0.0220043 -0.0179041
v -0.0804394 -0.020003 -0.0207523
v -0.0806557 -0.0200111 -0.0207114
v -0.0808667 -0.0200334 -0.0206524
v -0.0810701 -0.0200696 -0.0205759
v -0.0812635 -0.0201193 -0.0204828
v -0.0814446 -0.0201819 -0.0203742
v -0.0816114 -0.0202567 -0.0202512
v -0.0817619 -0.0203429 -0.0201155
v -0.0818945 -0.0204394 -0.0199684
v -0.0820076 -0.0205451 -0.0198117
v -0.0820998 -0.0206589 -0.0196471
v -0.0821702 -0.0207794 -0.0194767
v -0.082218 -0.0209052 -0.0193023
v -0.0822425 -0.0210349 -0.0191259
v -0.0822435 -0.0211671 -0.0189497
v -0.082221 -0.0213 -0.0187755
v -0.0821752 -0.0214323 -0.0186054
v -0.0821067 -0.0215625 -0.0184414
v -0.0820163 -0.021689 -0.0182853
v -0.081905 -0.0218103 -0.018139
v -0.081774 -0.0219251 -0.0180041
v -0.0816249 -0.0220321 -0.0178822
v -0.0804456 -0.0199795 -0.0207948
v -0.080667 -0.0199878 -0.020753
v -0.0808831 -0.0200106 -0.0206926
v -0.0810913 -0.0200476 -0.0206142
v -0.0812892 -0.0200985 -0.0205189
v -0.0814746 -0.0201626 -0.0204077
v -0.0816453 -0.0202392 -0.0202819
v -0.0817994 -0.0203274 -0.0201429
v -0.0819351 -0.0204261 -0.0199924
v -0.0820508 -0.0205344 -0.019832
v -0.0821453 -0.0206509 -0.0196636
v -0.0822173 -0.0207742 -0.0194891
v -0.0822662 -0.020903 -0.0193106
v -0.0822913 -0.0210358 -0.0191301
v -0.0822923 -0.021171 -0.0189496
v -0.0822693 -0.0213071 -0.0187714
v -0.0822224 -0.0214425 -0.0185973
v -0.0821523 -0.0215757 -0.0184294
v -0.0820598 -0.0217052 -0.0182697
v -0.0819458 -0.0218294 -0.0181199
v -0.0818117 -0.0219469 -0.0179818
v -0.0816592 -0.0220564 -0.017857
v -0.0807455 -0.0223138 -0.0175043
v -0.0807734 -0.022352 -0.0174916
v -0.0808023 -0.0223878 -0.0174748
v -0.080832 -0.0224208 -0.0174541
v -0.0808621 -0.0224508 -0.0174298
v -0.0808925 -0.0224775 -0.0174021
v -0.0415003 -0.0223968 -0.0228444
v -0.0415028 -0.0223916 -0.022893
v -0.041505 -0.0223816 -0.0229409
v -0.0415069 -0.0223671 -0.0229876
v -0.0415084 -0.022348 -0.0230327
v -0.0415095 -0.0223246 -0.0230757
v -0.0804639 -0.0206454 -0.0182359
v -0.0805002 -0.0206194 -0.0182656
v -0.0805321 -0.0205914 -0.0182984
v -0.0805592 -0.0205619 -0.0183341
v -0.0805812 -0.0205311 -0.018372
v -0.0805978 -0.0204994 -0.018412
v -0.080609 -0.0204672 -0.0184534
v -0.0806145 -0.0204348 -0.0184958
v -0.0806142 -0.0204027 -0.0185387
v -0.0806083 -0.0203711 -0.0185816
v -0.0805966 -0.0203405 -0.0186241
v -0.0805795 -0.0203111 -0.0186655
v -0.080557 -0.0202834 -0.0187056
v -0.0805295 -0.0202577 -0.0187437
v -0.0804972 -0.0202342 -0.0187795
v -0.0804606 -0.0202132 -0.0188126
v -0.08042 -0.020195 -0.0188425
v -0.0803759 -0.0201798 -0.018869
v -0.0803288 -0.0201677 -0.0188916
v -0.0802793 -0.0201589 -0.0189103
v -0.0802279 -0.0201535 -0.0189246
v -0.0801753 -0.0201515 -0.0189346
v -0.080122 -0.020153 -0.01894
v -0.0804236 -0.0206692 -0.0182097
v -0.04141 -0.0224918 -0.0211982
v -0.0395736 -0.0236698 -0.0214567
v -0.0396134 -0.0236469 -0.0214396
v -0.0396237 -0.0235279 -0.0215968
v -0.0396547 -0.0234089 -0.0217512
v -0.039706 -0.0232911 -0.0219012
v -0.0397769 -0.0231759 -0.022045
v -0.0398668 -0.0230645 -0.022181
v -0.0399746 -0.0229582 -0.0223077
v -0.0400991 -0.0228581 -0.0224238
v -0.040239 -0.0227655 -0.022528
v -0.0403926 -0.0226812 -0.022619
v -0.0405584 -0.0226063 -0.0226958
v -0.0407343 -0.0225415 -0.0227577
v -0.0409186 -0.0224877 -0.0228039
v -0.0411091 -0.0224453 -0.022834
v -0.0413037 -0.0224149 -0.0228475
v -0.0395312 -0.0236894 -0.0214714
v -0.0394866 -0.0237056 -0.0214835
v -0.0394402 -0.0237182 -0.021493
v -0.0393925 -0.0237272 -0.0214997
v -0.0395842 -0.0235481 -0.0216174
v -0.0396158 -0.0234264 -0.0217753
v -0.0396683 -0.0233059 -0.0219287
v -0.0397408 -0.0231881 -0.0220757
v -0.0398327 -0.0230742 -0.0222147
v -0.0399429 -0.0229656 -0.0223443
v -0.0400702 -0.0228633 -0.022463
v -0.0402132 -0.0227685 -0.0225695
v -0.0403703 -0.0226824 -0.0226625
v -0.0405398 -0.0226058 -0.0227411
v -0.0407197 -0.0225396 -0.0228044
v -0.0409081 -0.0224845 -0.0228517
v -0.0411028 -0.0224412 -0.0228824
v -0.0413018 -0.0224101 -0.0228962
v -0.039542 -0.0235649 -0.0216359
v -0.0395744 -0.0234404 -0.0217974
v -0.039628 -0.0233171 -0.0219543
v -0.0397023 -0.0231966 -0.0221047
v -0.0397963 -0.0230801 -0.022247
v -0.039909 -0.0229689 -0.0223796
v -0.0400393 -0.0228642 -0.022501
v -0.0401856 -0.0227673 -0.0226099
v -0.0403463 -0.0226792 -0.0227051
v -0.0405197 -0.0226008 -0.0227855
v -0.0407038 -0.0225331 -0.0228503
v -0.0408965 -0.0224767 -0.0228986
v -0.0410958 -0.0224324 -0.0229301
v -0.0412994 -0.0224006 -0.0229442
v -0.0394977 -0.0235782 -0.0216519
v -0.0395308 -0.0234507 -0.0218172
v -0.0395857 -0.0233246 -0.0219778
v -0.0396617 -0.0232012 -0.0221317
v -0.0397579 -0.0230819 -0.0222774
v -0.0398733 -0.0229681 -0.0224131
v -0.0400067 -0.022861 -0.0225374
v -0.0401564 -0.0227618 -0.0226489
v -0.0403209 -0.0226716 -0.0227463
v -0.0404984 -0.0225914 -0.0228286
v -0.0406868 -0.0225221 -0.0228949
v -0.040884 -0.0224644 -0.0229444
v -0.041088 -0.022419 -0.0229765
v -0.0412964 -0.0223865 -0.022991
v -0.0394516 -0.0235878 -0.0216653
v -0.0394855 -0.0234573 -0.0218346
v -0.0395417 -0.0233282 -0.021999
v -0.0396195 -0.0232019 -0.0221566
v -0.039718 -0.0230798 -0.0223056
v -0.0398361 -0.0229633 -0.0224446
v -0.0399726 -0.0228537 -0.0225718
v -0.0401259 -0.0227521 -0.0226859
v -0.0402943 -0.0226597 -0.0227857
v -0.0404759 -0.0225776 -0.0228699
v -0.0406688 -0.0225067 -0.0229378
v -0.0408708 -0.0224476 -0.0229884
v -0.0410796 -0.0224012 -0.0230214
v -0.0412929 -0.0223679 -0.0230362
v -0.0394041 -0.0235936 -0.0216761
v -0.0394389 -0.0234601 -0.0218494
v -0.0394964 -0.0233279 -0.0220176
v -0.039576 -0.0231986 -0.0221789
v -0.0396768 -0.0230737 -0.0223315
v -0.0397978 -0.0229544 -0.0224737
v -0.0399375 -0.0228422 -0.022604
v -0.0400944 -0.0227382 -0.0227208
v -0.0402668 -0.0226437 -0.0228229
v -0.0404527 -0.0225597 -0.0229091
v -0.0406501 -0.022487 -0.0229786
v -0.0408568 -0.0224266 -0.0230304
v -0.0410705 -0.0223791 -0.0230641
v -0.0412889 -0.0223449 -0.0230793
v -0.0413576 -0.0224967 -0.021199
v -0.0413057 -0.0225048 -0.0211954
v -0.0412548 -0.0225161 -0.0211874
v -0.0412057 -0.0225304 -0.0211751
v -0.0411587 -0.0225477 -0.0211586
v -0.0411145 -0.0225677 -0.021138
v -0.0410735 -0.0225902 -0.0211138
v -0.0410362 -0.0226149 -0.021086
v -0.041003 -0.0226416 -0.021055
v -0.0409742 -0.02267 -0.0210212
v -0.0409502 -0.0226997 -0.0209849
v -0.0409313 -0.0227304 -0.0209465
v -0.0409176 -0.0227619 -0.0209065
v -0.0409094 -0.0227936 -0.0208653
v -0.0409066 -0.0228254 -0.0208234
v -0.0396134 -0.0269094 -0.0170896
v -0.0395736 -0.0269323 -0.0171067
v -0.0395312 -0.0269519 -0.0171214
v -0.0394866 -0.0269681 -0.0171336
v -0.0394402 -0.0269807 -0.017143
v -0.0393925 -0.0269896 -0.0171497
v -0.0409066 -0.0260879 -0.0164734
v -0.0417094 -0.0279314 -0.0154779
v -0.0417023 -0.0278867 -0.0154965
v -0.0415056 -0.0279076 -0.0154959
v -0.0413086 -0.027916 -0.015512
v -0.0411136 -0.0279119 -0.0155446
v -0.0409226 -0.0278951 -0.0155934
v -0.0407379 -0.0278661 -0.0156579
v -0.0405614 -0.0278249 -0.0157372
v -0.0403952 -0.0277722 -0.0158306
v -0.0402411 -0.0277085 -0.015937
v -0.0401008 -0.0276345 -0.0160552
v -0.0399759 -0.027551 -0.0161838
v -0.0398677 -0.027459 -0.0163215
v -0.0397775 -0.0273594 -0.0164668
v -0.0397063 -0.0272535 -0.0166179
v -0.0396549 -0.0271424 -0.0167732
v -0.0396238 -0.0270273 -0.016931
v -0.0417163 -0.0279741 -0.0154549
v -0.0417231 -0.0280144 -0.0154279
v -0.0417297 -0.0280518 -0.0153969
v -0.0417361 -0.028086 -0.0153624
v -0.0415083 -0.0279528 -0.0154772
v -0.0413069 -0.0279614 -0.0154937
v -0.0411074 -0.0279572 -0.0155271
v -0.0409122 -0.0279401 -0.015577
v -0.0407233 -0.0279103 -0.0156429
v -0.0405429 -0.0278683 -0.015724
v -0.040373 -0.0278144 -0.0158195
v -0.0402154 -0.0277492 -0.0159283
v -0.0400719 -0.0276736 -0.0160491
v -0.0399442 -0.0275882 -0.0161806
v -0.0398336 -0.0274941 -0.0163214
v -0.0397414 -0.0273924 -0.0164699
v -0.0396686 -0.0272841 -0.0166244
v -0.039616 -0.0271704 -0.0167832
v -0.0395842 -0.0270527 -0.0169446
v -0.0415106 -0.027996 -0.0154543
v -0.0413045 -0.0280049 -0.0154711
v -0.0411005 -0.0280005 -0.0155053
v -0.0409007 -0.027983 -0.0155564
v -0.0407075 -0.0279526 -0.0156238
v -0.0405229 -0.0279095 -0.0157068
v -0.040349 -0.0278544 -0.0158045
v -0.0401878 -0.0277877 -0.0159157
v -0.040041 -0.0277103 -0.0160394
v -0.0399104 -0.027623 -0.0161739
v -0.0397972 -0.0275267 -0.016318
v -0.0397029 -0.0274226 -0.0164699
v -0.0396284 -0.0273118 -0.016628
v -0.0395746 -0.0271956 -0.0167905
v -0.039542 -0.0270751 -0.0169556
v -0.0415126 -0.0280368 -0.0154272
v -0.0413017 -0.0280458 -0.0154445
v -0.0410928 -0.0280414 -0.0154794
v -0.0408884 -0.0280235 -0.0155317
v -0.0406906 -0.0279923 -0.0156007
v -0.0405016 -0.0279483 -0.0156856
v -0.0403237 -0.0278918 -0.0157856
v -0.0401587 -0.0278236 -0.0158995
v -0.0400084 -0.0277443 -0.016026
v -0.0398747 -0.027655 -0.0161638
v -0.0397589 -0.0275565 -0.0163112
v -0.0396623 -0.0274499 -0.0164667
v -0.0395861 -0.0273365 -0.0166285
v -0.039531 -0.0272175 -0.0167948
v -0.0394977 -0.0270942 -0.0169638
v -0.0415142 -0.0280747 -0.0153963
v -0.0412983 -0.028084 -0.0154139
v -0.0410845 -0.0280794 -0.0154497
v -0.0408752 -0.0280611 -0.0155032
v -0.0406727 -0.0280292 -0.0155739
v -0.0404793 -0.0279841 -0.0156608
v -0.0402971 -0.0279263 -0.0157632
v -0.0401282 -0.0278565 -0.0158798
v -0.0399744 -0.0277754 -0.0160093
v -0.0398375 -0.0276839 -0.0161503
v -0.039719 -0.027583 -0.0163012
v -0.0396201 -0.0274739 -0.0164604
v -0.0395421 -0.0273578 -0.016626
v -0.0394857 -0.027236 -0.0167963
v -0.0394516 -0.0271098 -0.0169693
v -0.0415154 -0.0281095 -0.0153618
v -0.0412944 -0.0281189 -0.0153798
v -0.0410756 -0.0281143 -0.0154165
v -0.0408614 -0.0280955 -0.0154712
v -0.0406541 -0.0280629 -0.0155435
v -0.0404561 -0.0280167 -0.0156326
v -0.0402697 -0.0279576 -0.0157373
v -0.0400968 -0.0278861 -0.0158567
v -0.0399393 -0.027803 -0.0159892
v -0.0397992 -0.0277094 -0.0161336
v -0.0396778 -0.0276062 -0.0162881
v -0.0395767 -0.0274945 -0.016451
v -0.0394968 -0.0273757 -0.0166205
v -0.0394391 -0.027251 -0.0167948
v -0.0394042 -0.0271218 -0.0169719
v -0.0409094 -0.0261193 -0.0164311
v -0.0409177 -0.02615 -0.016389
v -0.0409314 -0.0261797 -0.0163475
v -0.0409504 -0.0262079 -0.0163072
v -0.0409744 -0.0262345 -0.0162685
v -0.0410033 -0.026259 -0.0162317
v -0.0410366 -0.0262813 -0.0161974
v -0.0410741 -0.026301 -0.0161659
v -0.0411152 -0.026318 -0.0161375
v -0.0411595 -0.0263321 -0.0161126
v -0.0412066 -0.0263431 -0.0160914
v -0.0412559 -0.0263508 -0.0160742
v -0.0413069 -0.0263553 -0.0160612
v -0.0413589 -0.0263564 -0.0160525
v -0.0414114 -0.0263542 -0.0160482
v -0.0414639 -0.0263486 -0.0160483
v -0.0798169 -0.0226062 -0.0172434
v -0.079824 -0.022651 -0.0172248
v -0.0798309 -0.0226937 -0.0172018
v -0.0798378 -0.0227339 -0.0171748
v -0.0798444 -0.0227713 -0.0171438
v -0.0798507 -0.0228055 -0.0171094
v -0.0798263 -0.0209901 -0.0178649
v -0.0796841 -0.0210464 -0.0178096
v -0.0797342 -0.0210306 -0.0178237
v -0.0795785 -0.0210681 -0.0177953
v -0.079632 -0.0210589 -0.0178001
v -0.0797818 -0.0210117 -0.0178422
v -0.0800172 -0.0225717 -0.0172615
v -0.0802124 -0.0225246 -0.0172972
v -0.0804004 -0.0224655 -0.01735
v -0.0805788 -0.0223949 -0.0174193
v -0.0806029 -0.0224349 -0.0174047
v -0.0804205 -0.0225071 -0.0173338
v -0.0802283 -0.0225676 -0.0172798
v -0.0800287 -0.0226157 -0.0172433
v -0.0806279 -0.0224726 -0.0173859
v -0.0804412 -0.0225464 -0.0173134
v -0.0802447 -0.0226084 -0.0172581
v -0.0800404 -0.0226576 -0.0172208
v -0.0806534 -0.0225077 -0.0173631
v -0.0804624 -0.0225832 -0.0172889
v -0.0802612 -0.0226466 -0.0172324
v -0.0800522 -0.022697 -0.0171942
v -0.0806794 -0.0225397 -0.0173367
v -0.0804838 -0.0226171 -0.0172607
v -0.0802778 -0.0226819 -0.0172028
v -0.0800638 -0.0227336 -0.0171637
v -0.0807054 -0.0225685 -0.0173067
v -0.0805052 -0.0226476 -0.017229
v -0.0802944 -0.022714 -0.0171697
v -0.0800753 -0.0227669 -0.0171297
v -0.0798388 0.0227472 0.0171928
v -0.0417242 0.0280277 0.0154459
v -0.0821657 0.0209217 0.0193035
v -0.0821895 0.021048 0.0191318
v -0.0821905 0.0211767 0.0189602
v -0.0821192 0.0207992 0.0194734
v -0.0820507 0.0206819 0.0196393
v -0.0400132 0.0228804 0.0225465
v -0.0401625 0.0227815 0.0226576
v -0.0395059 0.0235953 0.0216638
v -0.0395389 0.0234682 0.0218287
v -0.0408921 0.0280367 0.0155494
v -0.0406949 0.0280057 0.0156181
v -0.0415142 0.02805 0.0154452
v -0.041304 0.028059 0.0154624
v -0.0800525 0.0227104 0.0172121
v -0.0819608 0.0205711 0.0197995
v -0.0410911 0.0224399 0.0229842
v -0.0412988 0.0224074 0.0229986
v -0.0405033 0.0226117 0.0228368
v -0.0406911 0.0225426 0.0229028
v -0.0403265 0.0226916 0.0227547
v -0.0395937 0.0233425 0.0219887
v -0.0410959 0.0280546 0.0154973
v -0.0408878 0.0224851 0.0229521
v -0.0397653 0.0231006 0.0222873
v -0.0398803 0.0229872 0.0224226
v -0.0396694 0.0232195 0.0221421
v -0.0394948 0.0269847 0.0171461
v -0.03967 0.027465 0.0164814
v -0.039594 0.027352 0.0166427
v -0.0405066 0.0279618 0.0157028
v -0.0403292 0.0279055 0.0158025
v -0.0814271 0.0221142 0.0178161
v -0.0819693 0.0216849 0.0183133
v -0.0818609 0.021803 0.0181709
v -0.0821686 0.0213062 0.0187906
v -0.0818507 0.0204681 0.0199521
v -0.0394948 0.0237223 0.021496
v -0.0395391 0.0272334 0.0168084
v -0.0398817 0.0276694 0.0161794
v -0.0397662 0.0275712 0.0163264
v -0.0401647 0.0278375 0.015916
v -0.040015 0.0277585 0.0160421
v -0.0815882 0.0220189 0.0179208
v -0.0820574 0.0215617 0.0184653
v -0.0821241 0.021435 0.018625
v -0.0817216 0.0203742 0.0200953
v -0.0395059 0.0271105 0.0169769
v -0.0808298 0.0224351 0.0174713
v -0.0814126 0.0202174 0.0203472
v -0.081575 0.0202903 0.0202275
v -0.08085 0.0200728 0.0206182
v -0.081048 0.0201081 0.0205437
v -0.0804338 0.0200432 0.0207154
v -0.0806445 0.0200511 0.0206756
v -0.0817334 0.0219148 0.0180395
v -0.0812363 0.0201565 0.020453
v -0.0415086 0.0223881 0.0229953
v -0.0802205 0.0200492 0.0207371
v -0.0802608 0.0226602 0.0172502
v -0.0806518 0.0225217 0.0173806
v -0.0804614 0.022597 0.0173066
v -0.040788 0.0261632 0.0165299
v -0.040788 0.0229007 0.0208799
v -0.0407915 0.0262025 0.0164769
v -0.0408019 0.026241 0.0164242
v -0.0408191 0.0262781 0.0163723
v -0.0408429 0.0263135 0.0163218
v -0.040873 0.0263467 0.0162733
v -0.0409091 0.0263775 0.0162273
v -0.0409508 0.0264053 0.0161844
v -0.0409977 0.0264301 0.0161449
v -0.0410492 0.0264513 0.0161094
v -0.0411047 0.026469 0.0160782
v -0.0411637 0.0264827 0.0160517
v -0.0412254 0.0264924 0.0160301
v -0.0412891 0.026498 0.0160138
v -0.0413543 0.0264994 0.0160029
v -0.0414201 0.0264966 0.0159976
v -0.0414858 0.0264896 0.0159978
v -0.0413526 0.0224892 0.0213501
v -0.0412876 0.0224993 0.0213456
v -0.041224 0.0225135 0.0213356
v -0.0411625 0.0225315 0.0213202
v -0.0411037 0.0225531 0.0212995
v -0.0410483 0.0225781 0.0212738
v -0.040997 0.0226063 0.0212434
v -0.0409503 0.0226372 0.0212086
v -0.0409087 0.0226706 0.0211699
v -0.0408727 0.0227061 0.0211275
v -0.0408427 0.0227433 0.0210821
v -0.040819 0.0227818 0.021034
v -0.0408018 0.0228212 0.020984
v -0.0407915 0.0228609 0.0209324
v -0.0414183 0.0224831 0.0213491
v -0.0796004 0.0212091 0.0177447
v -0.0801302 0.0201443 0.0190909
v -0.0796673 0.0211976 0.0177507
v -0.0797325 0.0211819 0.0177626
v -0.0797953 0.0211621 0.0177803
v -0.0798549 0.0211385 0.0178034
v -0.0799106 0.0211114 0.0178318
v -0.0805583 0.0207607 0.0182095
v -0.0806037 0.0207281 0.0182466
v -0.0806436 0.0206932 0.0182877
v -0.0806776 0.0206562 0.0183323
v -0.0807051 0.0206176 0.0183799
v -0.080726 0.020578 0.0184299
v -0.08074 0.0205377 0.0184817
v -0.0807468 0.0204971 0.0185348
v -0.0807465 0.0204569 0.0185885
v -0.080739 0.0204173 0.0186422
v -0.0807245 0.020379 0.0186954
v -0.080703 0.0203423 0.0187473
v -0.0806749 0.0203076 0.0187975
v -0.0806405 0.0202754 0.0188452
v -0.0806001 0.020246 0.01889
v -0.0805542 0.0202197 0.0189314
v -0.0805033 0.0201969 0.0189689
v -0.0804482 0.0201778 0.019002
v -0.0803892 0.0201627 0.0190304
v -0.0803272 0.0201517 0.0190537
v -0.0802629 0.0201449 0.0190717
v -0.080197 0.0201424 0.0190841
v -0.0805079 0.0207906 0.0181767
v -0.0801277 0.0201495 0.0190423
v -0.08048 0.0207524 0.0181894
v -0.0801255 0.0201594 0.0189943
v -0.0804511 0.0207166 0.0182062
v -0.0801237 0.020174 0.0189476
v -0.0804214 0.0206835 0.0182269
v -0.0801222 0.0201931 0.0189025
v -0.0803913 0.0206535 0.0182512
v -0.0801211 0.0202164 0.0188595
v -0.0803609 0.0206269 0.0182789
v -0.0803588 0.0205872 0.0183281
v -0.0803841 0.0205691 0.0183488
v -0.0804063 0.0205496 0.0183717
v -0.0804252 0.020529 0.0183965
v -0.0804406 0.0205075 0.018423
v -0.0804522 0.0204855 0.0184508
v -0.08046 0.020463 0.0184797
v -0.0804638 0.0204404 0.0185092
v -0.0804636 0.020418 0.0185392
v -0.0804595 0.020396 0.0185691
v -0.0804513 0.0203746 0.0185987
v -0.0804394 0.0203542 0.0186276
v -0.0804237 0.0203349 0.0186555
v -0.0804045 0.0203169 0.0186821
v -0.080382 0.0203005 0.0187071
v -0.0803565 0.0202859 0.0187301
v -0.0803282 0.0202732 0.018751
v -0.0802975 0.0202626 0.0187694
v -0.0802646 0.0202542 0.0187852
v -0.0802301 0.020248 0.0187982
v -0.0801943 0.0202442 0.0188083
v -0.0801576 0.0202429 0.0188152
v -0.0801204 0.0202439 0.018819
v -0.0803307 0.0206039 0.0183098
v -0.080527 0.0207246 0.01822
v -0.0805694 0.0206941 0.0182547
v -0.0806066 0.0206615 0.018293
v -0.0806383 0.020627 0.0183346
v -0.080664 0.0205911 0.018379
v -0.0806835 0.0205541 0.0184256
v -0.0806965 0.0205164 0.018474
v -0.0807029 0.0204786 0.0185235
v -0.0807026 0.0204411 0.0185736
v -0.0806956 0.0204042 0.0186237
v -0.0806821 0.0203684 0.0186733
v -0.080662 0.0203342 0.0187218
v -0.0806358 0.0203018 0.0187685
v -0.0806037 0.0202718 0.0188131
v -0.080566 0.0202443 0.0188549
v -0.0805232 0.0202198 0.0188935
v -0.0804758 0.0201986 0.0189284
v -0.0804243 0.0201808 0.0189593
v -0.0803693 0.0201667 0.0189858
v -0.0803115 0.0201564 0.0190075
v -0.0802515 0.02015 0.0190243
v -0.08019 0.0201477 0.0190359
v -0.0804945 0.0206909 0.0182345
v -0.0805337 0.0206628 0.0182665
v -0.0805681 0.0206326 0.0183019
v -0.0805974 0.0206007 0.0183404
v -0.0806211 0.0205675 0.0183814
v -0.0806391 0.0205333 0.0184245
v -0.0806511 0.0204985 0.0184692
v -0.0806571 0.0204636 0.0185149
v -0.0806568 0.0204289 0.0185612
v -0.0806504 0.0203948 0.0186076
v -0.0806378 0.0203618 0.0186534
v -0.0806193 0.0203301 0.0186982
v -0.0805951 0.0203002 0.0187414
v -0.0805654 0.0202724 0.0187825
v -0.0805305 0.0202471 0.0188212
v -0.080491 0.0202244 0.0188569
v -0.0804472 0.0202048 0.0188892
v -0.0803996 0.0201883 0.0189177
v -0.0803488 0.0201753 0.0189422
v -0.0802954 0.0201658 0.0189623
v -0.0802399 0.0201599 0.0189778
v -0.0801831 0.0201578 0.0189885
v -0.0804612 0.02066 0.0182527
v -0.080497 0.0206343 0.018282
v -0.0805284 0.0206067 0.0183144
v -0.0805552 0.0205776 0.0183496
v -0.0805769 0.0205472 0.0183871
v -0.0805934 0.0205159 0.0184265
v -0.0806044 0.0204841 0.0184673
v -0.0806098 0.0204522 0.0185092
v -0.0806095 0.0204204 0.0185515
v -0.0806036 0.0203893 0.0185939
v -0.0805922 0.020359 0.0186358
v -0.0805753 0.0203301 0.0186767
v -0.0805531 0.0203028 0.0187163
v -0.0805259 0.0202773 0.0187539
v -0.0804941 0.0202542 0.0187893
v -0.0804579 0.0202335 0.0188219
v -0.0804178 0.0202155 0.0188514
v -0.0803743 0.0202004 0.0188775
v -0.0803279 0.0201885 0.0188999
v -0.080279 0.0201798 0.0189183
v -0.0802283 0.0201745 0.0189325
v -0.0801763 0.0201725 0.0189423
v -0.0804272 0.0206323 0.0182745
v -0.0804596 0.0206091 0.018301
v -0.080488 0.0205841 0.0183303
v -0.0805122 0.0205578 0.0183621
v -0.0805318 0.0205303 0.0183959
v -0.0805467 0.0205021 0.0184315
v -0.0805566 0.0204733 0.0184685
v -0.0805615 0.0204445 0.0185063
v -0.0805613 0.0204158 0.0185446
v -0.080556 0.0203876 0.0185829
v -0.0805456 0.0203603 0.0186207
v -0.0805303 0.0203341 0.0186577
v -0.0805103 0.0203094 0.0186935
v -0.0804857 0.0202865 0.0187275
v -0.0804569 0.0202655 0.0187594
v -0.0804242 0.0202468 0.0187889
v -0.080388 0.0202306 0.0188156
v -0.0803487 0.020217 0.0188392
v -0.0803067 0.0202062 0.0188594
v -0.0802626 0.0201983 0.018876
v -0.0802167 0.0201935 0.0188888
v -0.0801698 0.0201917 0.0188977
v -0.080393 0.0206079 0.0182997
v -0.0804218 0.0205872 0.0183233
v -0.0804472 0.020565 0.0183494
v -0.0804687 0.0205415 0.0183777
v -0.0804862 0.0205171 0.018408
v -0.0804995 0.0204919 0.0184397
v -0.0805083 0.0204663 0.0184726
v -0.0805127 0.0204405 0.0185063
v -0.0805125 0.020415 0.0185404
v -0.0805077 0.0203899 0.0185746
v -0.0804985 0.0203655 0.0186083
v -0.0804849 0.0203422 0.0186413
v -0.080467 0.0203202 0.0186731
v -0.0804451 0.0202997 0.0187035
v -0.0804195 0.020281 0.0187319
v -0.0803903 0.0202643 0.0187582
v -0.0803581 0.0202499 0.018782
v -0.080323 0.0202377 0.018803
v -0.0802856 0.0202281 0.0188211
v -0.0802462 0.0202211 0.0188359
v -0.0802054 0.0202168 0.0188473
v -0.0801635 0.0202152 0.0188552
v -0.0412338 0.0262481 0.0162143
v -0.0412666 0.0262557 0.0161995
v -0.041301 0.0262612 0.0161875
v -0.0412029 0.0262383 0.0162317
v -0.0413365 0.0262643 0.0161785
v -0.0413728 0.026265 0.0161724
v -0.0413357 0.0225918 0.0210752
v -0.0413003 0.0225997 0.0210696
v -0.041266 0.0226097 0.021061
v -0.0414095 0.0262635 0.0161694
v -0.0411481 0.0262127 0.0162734
v -0.0411742 0.0262264 0.0162514
v -0.0413719 0.0225861 0.0210777
v -0.0411046 0.022707 0.0209538
v -0.0410879 0.0227277 0.0209284
v -0.0412332 0.0226217 0.0210495
v -0.041088 0.0261615 0.01635
v -0.0411048 0.02618 0.016323
v -0.0410652 0.0261211 0.016407
v -0.0410747 0.0261418 0.0163781
v -0.0411247 0.0226872 0.0209773
v -0.0412024 0.0226357 0.0210352
v -0.0411738 0.0226513 0.0210183
v -0.0411249 0.0261971 0.0162974
v -0.0411478 0.0226686 0.0209989
v -0.0410575 0.0260778 0.0164659
v -0.0410594 0.0260997 0.0164364
v -0.0410747 0.0227491 0.0209017
v -0.0410651 0.022771 0.0208738
v -0.0795607 0.0209791 0.0179164
v -0.0796692 0.0209529 0.0179363
v -0.0797024 0.0209398 0.0179491
v -0.0795979 0.0209727 0.0179198
v -0.0796342 0.0209639 0.0179264
v -0.0410575 0.0228153 0.0208158
v -0.0410594 0.0227932 0.0208451
v -0.0797334 0.0209247 0.017965
v -0.0414085 0.0225828 0.0210772
v -0.041446 0.0262596 0.0161695
v -0.0414092 0.0225553 0.0211177
v -0.0414103 0.0225319 0.0211607
v -0.0414118 0.0225128 0.0212058
v -0.0414136 0.0224983 0.0212525
v -0.0414158 0.0224883 0.0213005
v -0.0797636 0.0209478 0.0179341
v -0.0797939 0.0209744 0.0179063
v -0.0798241 0.0210044 0.017882
v -0.0798538 0.0210374 0.0178614
v -0.0798827 0.0210732 0.0178446
v -0.0408278 0.0228778 0.0208627
v -0.0408702 0.0228582 0.020848
v -0.0409148 0.022842 0.0208359
v -0.0409612 0.0228294 0.0208264
v -0.0410089 0.0228205 0.0208197
v -0.0413545 0.022494 0.0213014
v -0.0412939 0.0225034 0.0212972
v -0.0412345 0.0225166 0.0212879
v -0.0411771 0.0225334 0.0212735
v -0.0411223 0.0225536 0.0212542
v -0.0410707 0.0225769 0.0212302
v -0.0410228 0.0226032 0.0212019
v -0.0409792 0.0226321 0.0211694
v -0.0409404 0.0226632 0.0211333
v -0.0409068 0.0226964 0.0210938
v -0.0408788 0.0227311 0.0210514
v -0.0408567 0.022767 0.0210066
v -0.0408407 0.0228037 0.0209598
v -0.0408311 0.0228408 0.0209117
v -0.041357 0.0225035 0.0212534
v -0.0413009 0.0225122 0.0212496
v -0.0412461 0.0225244 0.0212409
v -0.041193 0.0225399 0.0212276
v -0.0411424 0.0225586 0.0212098
v -0.0410946 0.0225802 0.0211876
v -0.0410504 0.0226044 0.0211614
v -0.0410101 0.0226311 0.0211315
v -0.0409743 0.0226599 0.021098
v -0.0409432 0.0226905 0.0210615
v -0.0409173 0.0227226 0.0210224
v -0.0408969 0.0227558 0.0209809
v -0.0408822 0.0227897 0.0209378
v -0.0408732 0.022824 0.0208933
v -0.04136 0.0225176 0.0212066
v -0.0413087 0.0225256 0.0212031
v -0.0412586 0.0225368 0.0211952
v -0.04121 0.0225509 0.021183
v -0.0411637 0.022568 0.0211667
v -0.0411201 0.0225877 0.0211465
v -0.0410796 0.0226099 0.0211225
v -0.0410428 0.0226343 0.0210951
v -0.04101 0.0226607 0.0210645
v -0.0409816 0.0226887 0.0210311
v -0.0409579 0.022718 0.0209953
v -0.0409392 0.0227483 0.0209574
v -0.0409257 0.0227793 0.020918
v -0.0409176 0.0228107 0.0208773
v -0.0413635 0.0225362 0.0211615
v -0.0413172 0.0225434 0.0211583
v -0.0412718 0.0225535 0.0211511
v -0.041228 0.0225663 0.0211401
v -0.0411861 0.0225818 0.0211254
v -0.0411467 0.0225996 0.0211071
v -0.0411101 0.0226196 0.0210854
v -0.0410768 0.0226417 0.0210606
v -0.0410472 0.0226655 0.021033
v -0.0410215 0.0226908 0.0210029
v -0.0410001 0.0227173 0.0209705
v -0.0409833 0.0227447 0.0209363
v -0.0409711 0.0227728 0.0209006
v -0.0409637 0.0228011 0.0208638
v -0.0413675 0.0225591 0.0211184
v -0.0413262 0.0225656 0.0211155
v -0.0412858 0.0225746 0.0211091
v -0.0412467 0.022586 0.0210993
v -0.0412094 0.0225997 0.0210862
v -0.0411742 0.0226156 0.0210699
v -0.0411416 0.0226335 0.0210506
v -0.0411119 0.0226531 0.0210285
v -0.0410855 0.0226744 0.0210039
v -0.0410627 0.0226969 0.020977
v -0.0410436 0.0227205 0.0209481
v -0.0410285 0.022745 0.0209176
v -0.0410177 0.02277 0.0208858
v -0.0410111 0.0227952 0.0208531
v -0.0795933 0.0211644 0.0177633
v -0.0795864 0.0211217 0.0177862
v -0.0795795 0.0210814 0.0178133
v -0.079573 0.021044 0.0178442
v -0.0795666 0.0210098 0.0178787
v -0.0796557 0.0211536 0.0177689
v -0.0797166 0.021139 0.01778
v -0.0797751 0.0211205 0.0177965
v -0.0798307 0.0210985 0.0178181
v -0.079644 0.0211117 0.0177914
v -0.0797002 0.0210982 0.0178017
v -0.0797544 0.0210811 0.0178169
v -0.0798057 0.0210608 0.0178369
v -0.0796323 0.0210723 0.0178181
v -0.0796837 0.0210599 0.0178275
v -0.0797332 0.0210443 0.0178414
v -0.0797802 0.0210258 0.0178596
v -0.0796206 0.0210358 0.0178485
v -0.0796671 0.0210246 0.017857
v -0.0797118 0.0210105 0.0178696
v -0.0797543 0.0209937 0.0178861
v -0.0796091 0.0210025 0.0178825
v -0.0796505 0.0209925 0.0178901
v -0.0796904 0.0209799 0.0179013
v -0.0797282 0.020965 0.017916
v -0.0408278 0.0261403 0.0165128
v -0.0408702 0.0261207 0.016498
v -0.0409148 0.0261045 0.0164859
v -0.0409612 0.0260919 0.0164764
v -0.0410089 0.026083 0.0164697
v -0.041452 0.0262903 0.0161318
v -0.0414583 0.0263245 0.0160973
v -0.0414649 0.0263619 0.0160664
v -0.0414718 0.0264021 0.0160393
v -0.0414787 0.0264448 0.0160164
v -0.0408311 0.026177 0.0164634
v -0.0408408 0.0262129 0.0164142
v -0.0408568 0.0262475 0.0163658
v -0.040879 0.0262806 0.0163187
v -0.0409071 0.0263116 0.0162734
v -0.0409408 0.0263402 0.0162305
v -0.0409797 0.0263662 0.0161904
v -0.0410234 0.0263893 0.0161536
v -0.0410715 0.0264092 0.0161205
v -0.0411232 0.0264256 0.0160914
v -0.0411782 0.0264384 0.0160667
v -0.0412358 0.0264475 0.0160466
v -0.0412953 0.0264527 0.0160314
v -0.0413561 0.026454 0.0160212
v -0.0414174 0.0264513 0.0160162
v -0.0408732 0.0261546 0.0164524
v -0.0408822 0.0261878 0.016407
v -0.040897 0.0262198 0.0163622
v -0.0409175 0.0262503 0.0163187
v -0.0409435 0.026279 0.0162769
v -0.0409746 0.0263055 0.0162372
v -0.0410106 0.0263295 0.0162002
v -0.041051 0.0263508 0.0161662
v -0.0410954 0.0263692 0.0161355
v -0.0411432 0.0263843 0.0161086
v -0.0411941 0.0263962 0.0160858
v -0.0412473 0.0264046 0.0160672
v -0.0413022 0.0264094 0.0160532
v -0.0413584 0.0264106 0.0160438
v -0.0414151 0.0264081 0.0160391
v -0.0409176 0.0261356 0.0164441
v -0.0409258 0.0261659 0.0164026
v -0.0409393 0.0261951 0.0163617
v -0.0409581 0.026223 0.0163219
v -0.0409818 0.0262492 0.0162836
v -0.0410103 0.0262735 0.0162474
v -0.0410432 0.0262954 0.0162135
v -0.0410802 0.0263149 0.0161824
v -0.0411207 0.0263317 0.0161544
v -0.0411645 0.0263456 0.0161298
v -0.041211 0.0263564 0.0161089
v -0.0412596 0.0263641 0.0160919
v -0.0413099 0.0263685 0.0160791
v -0.0413613 0.0263696 0.0160705
v -0.0414131 0.0263674 0.0160662
v -0.0409637 0.0261199 0.0164387
v -0.0409711 0.0261473 0.0164011
v -0.0409833 0.0261738 0.0163642
v -0.0410003 0.026199 0.0163282
v -0.0410217 0.0262227 0.0162936
v -0.0410475 0.0262446 0.0162609
v -0.0410772 0.0262644 0.0162303
v -0.0411106 0.0262821 0.0162021
v -0.0411473 0.0262972 0.0161768
v -0.0411868 0.0263098 0.0161546
v -0.0412288 0.0263196 0.0161357
v -0.0412728 0.0263265 0.0161204
v -0.0413182 0.0263305 0.0161088
v -0.0413647 0.0263314 0.016101
v -0.0414115 0.0263294 0.0160972
v -0.0410111 0.0261079 0.0164361
v -0.0410177 0.0261324 0.0164026
v -0.0410286 0.0261559 0.0163697
v -0.0410437 0.0261784 0.0163376
v -0.0410629 0.0261995 0.0163068
v -0.0410858 0.026219 0.0162776
v -0.0411123 0.0262368 0.0162503
v -0.0411421 0.0262525 0.0162252
v -0.0411748 0.026266 0.0162027
v -0.04121 0.0262772 0.0161829
v -0.0412474 0.0262859 0.016166
v -0.0412866 0.0262921 0.0161524
v -0.0413271 0.0262956 0.016142
v -0.0413685 0.0262965 0.0161351
v -0.0414103 0.0262947 0.0161317
v -0.0802221 0.0199583 -0.0208581
v -0.0821907 0.0206389 -0.0196773
v -0.0822645 0.0207651 -0.0194987
v -0.0823145 0.0208969 -0.0193161
v -0.0823402 0.0210327 -0.0191313
v -0.0415102 0.0222971 -0.0231163
v -0.0820941 0.0205197 -0.0198496
v -0.039344 0.0237323 -0.0215036
v -0.039344 0.0269948 -0.0171536
v -0.0804516 0.0199519 -0.0208348
v -0.0818368 0.0203078 -0.0201678
v -0.0816791 0.0202176 -0.02031
v -0.0819757 0.0204089 -0.0200137
v -0.0400646 0.0279121 -0.0158305
v -0.0402415 0.0279852 -0.0157083
v -0.0397601 0.0277313 -0.0161138
v -0.0399035 0.0278271 -0.0159661
v -0.0395324 0.0275114 -0.0164386
v -0.0396359 0.0276257 -0.0162719
v -0.0393559 0.0235957 -0.0216841
v -0.0396349 0.0230636 -0.0223547
v -0.0395317 0.0231915 -0.0221986
v -0.0406308 0.0224633 -0.0230168
v -0.0404288 0.0225377 -0.0229458
v -0.0412845 0.0223179 -0.0231199
v -0.0808992 0.0199837 -0.0207302
v -0.0806781 0.0199604 -0.020792
v -0.0813147 0.0200736 -0.0205525
v -0.0811122 0.0200216 -0.0206501
v -0.0815044 0.0201392 -0.0204388
v -0.0818495 0.0219651 -0.0179564
v -0.0819866 0.0218448 -0.0180977
v -0.0410662 0.0281456 -0.01538
v -0.0412901 0.0281504 -0.0153425
v -0.0406349 0.028093 -0.01551
v -0.040847 0.0281264 -0.0154361
v -0.0404323 0.0280458 -0.0156011
v -0.0397587 0.0229416 -0.0225003
v -0.0400622 0.0227204 -0.0227531
v -0.0399016 0.0228268 -0.0226335
v -0.0408423 0.0224015 -0.0230699
v -0.041061 0.0223529 -0.0231044
v -0.0823412 0.0211711 -0.0189467
v -0.0821032 0.0217177 -0.0182509
v -0.082198 0.0215853 -0.0184144
v -0.0816933 0.0220771 -0.0178287
v -0.0393559 0.0271301 -0.0169716
v -0.0393916 0.0272622 -0.0167904
v -0.0393914 0.023459 -0.0218614
v -0.0394503 0.0233238 -0.0220335
v -0.0402386 0.0226237 -0.0228575
v -0.0822697 0.021449 -0.0185862
v -0.0823176 0.0213104 -0.0187643
v -0.0809227 0.0225005 -0.0173712
v -0.08152 0.0221796 -0.0177161
v -0.0394506 0.0273898 -0.0166121
v -0.0807312 0.0225936 -0.0172736
v -0.041742 0.0281167 -0.0153247
v -0.0805264 0.0226746 -0.017194
v -0.0800865 0.0227966 -0.0170925
v -0.0803107 0.0227426 -0.0171334
v -0.0415162 0.0281407 -0.015324
v -0.0798567 0.0228362 -0.0170716
v -0.0395736 0.0269323 -0.0171067
v -0.0396134 0.0269094 -0.0170896
v -0.0396238 0.0270273 -0.016931
v -0.0396549 0.0271424 -0.0167732
v -0.0397063 0.0272535 -0.0166179
v -0.0397775 0.0273594 -0.0164668
v -0.0398677 0.027459 -0.0163215
v -0.0399759 0.027551 -0.0161838
v -0.0401008 0.0276345 -0.0160552
v -0.0402411 0.0277085 -0.015937
v -0.0403952 0.0277722 -0.0158306
v -0.0405614 0.0278249 -0.0157372
v -0.0407379 0.0278661 -0.0156579
v -0.0409226 0.0278951 -0.0155934
v -0.0411136 0.0279119 -0.0155446
v -0.0413086 0.027916 -0.015512
v -0.0415056 0.0279076 -0.0154959
v -0.0417023 0.0278867 -0.0154965
v -0.0395312 0.0269519 -0.0171214
v -0.0417094 0.0279314 -0.0154779
v -0.0394866 0.0269681 -0.0171336
v -0.0417163 0.0279741 -0.0154549
v -0.0394402 0.0269807 -0.017143
v -0.0417231 0.0280144 -0.0154279
v -0.0393925 0.0269896 -0.0171497
v -0.0417297 0.0280518 -0.0153969
v -0.0417361 0.028086 -0.0153624
v -0.0395842 0.0270527 -0.0169446
v -0.039616 0.0271704 -0.0167832
v -0.0396686 0.0272841 -0.0166244
v -0.0397414 0.0273924 -0.0164699
v -0.0398336 0.0274941 -0.0163214
v -0.0399442 0.0275882 -0.0161806
v -0.0400719 0.0276736 -0.0160491
v -0.0402154 0.0277492 -0.0159283
v -0.040373 0.0278144 -0.0158195
v -0.0405429 0.0278683 -0.015724
v -0.0407233 0.0279103 -0.0156429
v -0.0409122 0.0279401 -0.015577
v -0.0411074 0.0279572 -0.0155271
v -0.0413069 0.0279614 -0.0154937
v -0.0415083 0.0279528 -0.0154772
v -0.039542 0.0270751 -0.0169556
v -0.0395746 0.0271956 -0.0167905
v -0.0396284 0.0273118 -0.016628
v -0.0397029 0.0274226 -0.0164699
v -0.0397972 0.0275267 -0.016318
v -0.0399104 0.027623 -0.0161739
v -0.040041 0.0277103 -0.0160394
v -0.0401878 0.0277877 -0.0159157
v -0.040349 0.0278544 -0.0158045
v -0.0405229 0.0279095 -0.0157068
v -0.0407075 0.0279526 -0.0156238
v -0.0409007 0.027983 -0.0155564
v -0.0411005 0.0280005 -0.0155053
v -0.0413045 0.0280049 -0.0154711
v -0.0415106 0.027996 -0.0154543
v -0.0394977 0.0270942 -0.0169638
v -0.039531 0.0272175 -0.0167948
v -0.0395861 0.0273365 -0.0166285
v -0.0396623 0.0274499 -0.0164667
v -0.0397589 0.0275565 -0.0163112
v -0.0398747 0.027655 -0.0161638
v -0.0400084 0.0277443 -0.016026
v -0.0401587 0.0278236 -0.0158995
v -0.0403237 0.0278918 -0.0157856
v -0.0405016 0.0279483 -0.0156856
v -0.0406906 0.0279923 -0.0156007
v -0.0408884 0.0280235 -0.0155317
v -0.0410928 0.0280414 -0.0154794
v -0.0413017 0.0280458 -0.0154445
v -0.0415126 0.0280368 -0.0154272
v -0.0394516 0.0271098 -0.0169693
v -0.0394857 0.027236 -0.0167963
v -0.0395421 0.0273578 -0.016626
v -0.0396201 0.0274739 -0.0164604
v -0.039719 0.027583 -0.0163012
v -0.0398375 0.0276839 -0.0161503
v -0.0399744 0.0277754 -0.0160093
v -0.0401282 0.0278565 -0.0158798
v -0.0402971 0.0279263 -0.0157632
v -0.0404793 0.0279841 -0.0156608
v -0.0406727 0.0280292 -0.0155739
v -0.0408752 0.0280611 -0.0155032
v -0.0410845 0.0280794 -0.0154497
v -0.0412983 0.028084 -0.0154139
v -0.0415142 0.0280747 -0.0153963
v -0.0394042 0.0271218 -0.0169719
v -0.0394391 0.027251 -0.0167948
v -0.0394968 0.0273757 -0.0166205
v -0.0395767 0.0274945 -0.016451
v -0.0396778 0.0276062 -0.0162881
v -0.0397992 0.0277094 -0.0161336
v -0.0399393 0.027803 -0.0159892
v -0.0400968 0.0278861 -0.0158567
v -0.0402697 0.0279576 -0.0157373
v -0.0404561 0.0280167 -0.0156326
v -0.0406541 0.0280629 -0.0155435
v -0.0408614 0.0280955 -0.0154712
v -0.0410756 0.0281143 -0.0154165
v -0.0412944 0.0281189 -0.0153798
v -0.0415154 0.0281095 -0.0153618
v -0.0798507 0.0228055 -0.0171094
v -0.0798444 0.0227713 -0.0171438
v -0.0798378 0.0227339 -0.0171748
v -0.0798309 0.0226937 -0.0172018
v -0.079824 0.022651 -0.0172248
v -0.0798169 0.0226062 -0.0172434
v -0.0393925 0.0237272 -0.0214997
v -0.0394402 0.0237182 -0.021493
v -0.0394866 0.0237056 -0.0214835
v -0.0395312 0.0236894 -0.0214714
v -0.0395736 0.0236698 -0.0214567
v -0.0396134 0.0236469 -0.0214396
v -0.0414114 0.0263542 -0.0160482
v -0.0413589 0.0263564 -0.0160525
v -0.0413069 0.0263553 -0.0160612
v -0.0412559 0.0263508 -0.0160742
v -0.0412066 0.0263431 -0.0160914
v -0.0411595 0.0263321 -0.0161126
v -0.0411152 0.026318 -0.0161375
v -0.0410741 0.026301 -0.0161659
v -0.0410366 0.0262813 -0.0161974
v -0.0410033 0.026259 -0.0162317
v -0.0409744 0.0262345 -0.0162685
v -0.0409504 0.0262079 -0.0163072
v -0.0409314 0.0261797 -0.0163475
v -0.0409177 0.02615 -0.016389
v -0.0409094 0.0261193 -0.0164311
v -0.0409066 0.0260879 -0.0164734
v -0.0414639 0.0263486 -0.0160483
v -0.0409066 0.0228254 -0.0208234
v -0.0415028 0.0223916 -0.022893
v -0.0415003 0.0223968 -0.0228444
v -0.0413037 0.0224149 -0.0228475
v -0.0411091 0.0224453 -0.022834
v -0.0409186 0.0224877 -0.0228039
v -0.0407343 0.0225415 -0.0227577
v -0.0405584 0.0226063 -0.0226958
v -0.0403926 0.0226812 -0.022619
v -0.040239 0.0227655 -0.022528
v -0.0400991 0.0228581 -0.0224238
v -0.0399746 0.0229582 -0.0223077
v -0.0398668 0.0230645 -0.022181
v -0.0397769 0.0231759 -0.022045
v -0.039706 0.0232911 -0.0219012
v -0.0396547 0.0234089 -0.0217512
v -0.0396237 0.0235279 -0.0215968
v -0.041505 0.0223816 -0.0229409
v -0.0415069 0.0223671 -0.0229876
v -0.0415084 0.022348 -0.0230327
v -0.0415095 0.0223246 -0.0230757
v -0.0413018 0.0224101 -0.0228962
v -0.0411028 0.0224412 -0.0228824
v -0.0409081 0.0224845 -0.0228517
v -0.0407197 0.0225396 -0.0228044
v -0.0405398 0.0226058 -0.0227411
v -0.0403703 0.0226824 -0.0226625
v -0.0402132 0.0227685 -0.0225695
v -0.0400702 0.0228633 -0.022463
v -0.0399429 0.0229656 -0.0223443
v -0.0398327 0.0230742 -0.0222147
v -0.0397408 0.0231881 -0.0220757
v -0.0396683 0.0233059 -0.0219287
v -0.0396158 0.0234264 -0.0217753
v -0.0395842 0.0235481 -0.0216174
v -0.0412994 0.0224006 -0.0229442
v -0.0410958 0.0224324 -0.0229301
v -0.0408965 0.0224767 -0.0228986
v -0.0407038 0.0225331 -0.0228503
v -0.0405197 0.0226008 -0.0227855
v -0.0403463 0.0226792 -0.0227051
v -0.0401856 0.0227673 -0.0226099
v -0.0400393 0.0228642 -0.022501
v -0.039909 0.0229689 -0.0223796
v -0.0397963 0.0230801 -0.022247
v -0.0397023 0.0231966 -0.0221047
v -0.039628 0.0233171 -0.0219543
v -0.0395744 0.0234404 -0.0217974
v -0.039542 0.0235649 -0.0216359
v -0.0412964 0.0223865 -0.022991
v -0.041088 0.022419 -0.0229765
v -0.040884 0.0224644 -0.0229444
v -0.0406868 0.0225221 -0.0228949
v -0.0404984 0.0225914 -0.0228286
v -0.0403209 0.0226716 -0.0227463
v -0.0401564 0.0227618 -0.0226489
v -0.0400067 0.022861 -0.0225374
v -0.0398733 0.0229681 -0.0224131
v -0.0397579 0.0230819 -0.0222774
v -0.0396617 0.0232012 -0.0221317
v -0.0395857 0.0233246 -0.0219778
v -0.0395308 0.0234507 -0.0218172
v -0.0394977 0.0235782 -0.0216519
v -0.0412929 0.0223679 -0.0230362
v -0.0410796 0.0224012 -0.0230214
v -0.0408708 0.0224476 -0.0229884
v -0.0406688 0.0225067 -0.0229378
v -0.0404759 0.0225776 -0.0228699
v -0.0402943 0.0226597 -0.0227857
v -0.0401259 0.0227521 -0.0226859
v -0.0399726 0.0228537 -0.0225718
v -0.0398361 0.0229633 -0.0224446
v -0.039718 0.0230798 -0.0223056
v -0.0396195 0.0232019 -0.0221566
v -0.0395417 0.0233282 -0.021999
v -0.0394855 0.0234573 -0.0218346
v -0.0394516 0.0235878 -0.0216653
v -0.0412889 0.0223449 -0.0230793
v -0.0410705 0.0223791 -0.0230641
v -0.0408568 0.0224266 -0.0230304
v -0.0406501 0.022487 -0.0229786
v -0.0404527 0.0225597 -0.0229091
v -0.0402668 0.0226437 -0.0228229
v -0.0400944 0.0227382 -0.0227208
v -0.0399375 0.0228422 -0.022604
v -0.0397978 0.0229544 -0.0224737
v -0.0396768 0.0230737 -0.0223315
v -0.039576 0.0231986 -0.0221789
v -0.0394964 0.0233279 -0.0220176
v -0.0394389 0.0234601 -0.0218494
v -0.0394041 0.0235936 -0.0216761
v -0.0409094 0.0227936 -0.0208653
v -0.0409176 0.0227619 -0.0209065
v -0.0409313 0.0227304 -0.0209465
v -0.0409502 0.0226997 -0.0209849
v -0.0409742 0.02267 -0.0210212
v -0.041003 0.0226416 -0.021055
v -0.0410362 0.0226149 -0.021086
v -0.0410735 0.0225902 -0.0211138
v -0.0411145 0.0225677 -0.021138
v -0.0411587 0.0225477 -0.0211586
v -0.0412057 0.0225304 -0.0211751
v -0.0412548 0.0225161 -0.0211874
v -0.0413057 0.0225048 -0.0211954
v -0.0413576 0.0224967 -0.021199
v -0.04141 0.0224918 -0.0211982
v -0.0802214 0.0199858 -0.0208176
v -0.0802203 0.0200091 -0.0207745
v -0.0802188 0.0200282 -0.0207294
v -0.080217 0.0200428 -0.0206827
v -0.0802148 0.0200527 -0.0206348
v -0.0802122 0.0200579 -0.0205862
v -0.0795785 0.0210681 -0.0177953
v -0.0800172 0.0225717 -0.0172615
v -0.0802124 0.0225246 -0.0172972
v -0.0804004 0.0224655 -0.01735
v -0.0805788 0.0223949 -0.0174193
v -0.0807455 0.0223138 -0.0175043
v -0.0807734 0.022352 -0.0174916
v -0.0808023 0.0223878 -0.0174748
v -0.080832 0.0224208 -0.0174541
v -0.0808621 0.0224508 -0.0174298
v -0.0808925 0.0224775 -0.0174021
v -0.0800287 0.0226157 -0.0172433
v -0.0802283 0.0225676 -0.0172798
v -0.0804205 0.0225071 -0.0173338
v -0.0806029 0.0224349 -0.0174047
v -0.0800404 0.0226576 -0.0172208
v -0.0802447 0.0226084 -0.0172581
v -0.0804412 0.0225464 -0.0173134
v -0.0806279 0.0224726 -0.0173859
v -0.0800522 0.022697 -0.0171942
v -0.0802612 0.0226466 -0.0172324
v -0.0804624 0.0225832 -0.0172889
v -0.0806534 0.0225077 -0.0173631
v -0.0800638 0.0227336 -0.0171637
v -0.0802778 0.0226819 -0.0172028
v -0.0804838 0.0226171 -0.0172607
v -0.0806794 0.0225397 -0.0173367
v -0.0800753 0.0227669 -0.0171297
v -0.0802944 0.022714 -0.0171697
v -0.0805052 0.0226476 -0.017229
v -0.0807054 0.0225685 -0.0173067
v -0.080122 0.020153 -0.01894
v -0.0813707 0.0220311 -0.0178364
v -0.0813428 0.0219929 -0.0178492
v -0.0814938 0.0219036 -0.0179473
v -0.0816298 0.021806 -0.0180585
v -0.0817493 0.0217013 -0.0181816
v -0.0818509 0.0215906 -0.0183151
v -0.0819334 0.0214752 -0.0184575
v -0.0819959 0.0213564 -0.0186071
v -0.0820376 0.0212357 -0.0187623
v -0.0820582 0.0211144 -0.0189212
v -0.0820573 0.0209939 -0.019082
v -0.0820349 0.0208755 -0.0192429
v -0.0819913 0.0207607 -0.019402
v -0.0819271 0.0206508 -0.0195575
v -0.0818429 0.020547 -0.0197077
v -0.0817398 0.0204505 -0.0198506
v -0.0816188 0.0203624 -0.0199848
v -0.0814815 0.0202838 -0.0201087
v -0.0813293 0.0202155 -0.0202209
v -0.081164 0.0201584 -0.02032
v -0.0809876 0.0201131 -0.0204049
v -0.0808021 0.0200801 -0.0204747
v -0.0806095 0.0200597 -0.0205286
v -0.0804121 0.0200523 -0.0205659
v -0.0813996 0.0220669 -0.0178197
v -0.0814293 0.0220999 -0.017799
v -0.0814594 0.0221299 -0.0177747
v -0.0814898 0.0221566 -0.017747
v -0.0815251 0.0219398 -0.0179367
v -0.0816641 0.02184 -0.0180505
v -0.0817863 0.0217329 -0.0181763
v -0.0818902 0.0216197 -0.0183128
v -0.0819745 0.0215018 -0.0184584
v -0.0820384 0.0213804 -0.0186114
v -0.0820811 0.0212569 -0.01877
v -0.0821021 0.0211329 -0.0189325
v -0.0821012 0.0210096 -0.0190969
v -0.0820783 0.0208886 -0.0192614
v -0.0820338 0.0207713 -0.0194241
v -0.0819681 0.0206589 -0.0195831
v -0.081882 0.0205527 -0.0197366
v -0.0817766 0.0204541 -0.0198828
v -0.0816529 0.020364 -0.02002
v -0.0815124 0.0202837 -0.0201467
v -0.0813569 0.0202139 -0.0202613
v -0.0811879 0.0201555 -0.0203627
v -0.0810075 0.0201091 -0.0204495
v -0.0808178 0.0200753 -0.0205209
v -0.0806209 0.0200546 -0.0205759
v -0.0804191 0.020047 -0.0206141
v -0.0815576 0.0219735 -0.0179223
v -0.0816998 0.0218714 -0.0180386
v -0.0818248 0.0217618 -0.0181674
v -0.0819311 0.021646 -0.018307
v -0.0820174 0.0215253 -0.018456
v -0.0820828 0.0214011 -0.0186125
v -0.0821265 0.0212748 -0.0187748
v -0.0821479 0.0211479 -0.018941
v -0.082147 0.0210218 -0.0191093
v -0.0821236 0.020898 -0.0192776
v -0.082078 0.0207779 -0.019444
v -0.0820108 0.0206629 -0.0196067
v -0.0819228 0.0205543 -0.0197637
v -0.0818149 0.0204534 -0.0199133
v -0.0816883 0.0203613 -0.0200537
v -0.0815446 0.0202791 -0.0201833
v -0.0813855 0.0202077 -0.0203006
v -0.0812126 0.0201479 -0.0204043
v -0.081028 0.0201005 -0.0204931
v -0.0808339 0.0200659 -0.0205662
v -0.0806325 0.0200447 -0.0206225
v -0.0804261 0.0200369 -0.0206615
v -0.0815909 0.0220043 -0.0179041
v -0.0817366 0.0218998 -0.0180231
v -0.0818645 0.0217877 -0.0181549
v -0.0819733 0.0216692 -0.0182978
v -0.0820616 0.0215456 -0.0184503
v -0.0821285 0.0214185 -0.0186105
v -0.0821732 0.0212892 -0.0187766
v -0.0821952 0.0211593 -0.0189468
v -0.0821942 0.0210303 -0.019119
v -0.0821703 0.0209036 -0.0192913
v -0.0821237 0.0207807 -0.0194616
v -0.0820549 0.0206629 -0.0196281
v -0.0819647 0.0205518 -0.0197888
v -0.0818543 0.0204485 -0.0199419
v -0.0817248 0.0203542 -0.0200856
v -0.0815777 0.02027 -0.0202183
v -0.0814148 0.020197 -0.0203383
v -0.0812379 0.0201358 -0.0204445
v -0.081049 0.0200873 -0.0205354
v -0.0808503 0.0200519 -0.0206101
v -0.0806441 0.0200301 -0.0206678
v -0.0804328 0.0200222 -0.0207077
v -0.0816249 0.0220321 -0.0178822
v -0.081774 0.0219251 -0.0180041
v -0.081905 0.0218103 -0.018139
v -0.0820163 0.021689 -0.0182853
v -0.0821067 0.0215625 -0.0184414
v -0.0821752 0.0214323 -0.0186054
v -0.082221 0.0213 -0.0187755
v -0.0822435 0.0211671 -0.0189497
v -0.0822425 0.0210349 -0.0191259
v -0.082218 0.0209052 -0.0193023
v -0.0821702 0.0207794 -0.0194767
v -0.0820998 0.0206589 -0.0196471
v -0.0820076 0.0205451 -0.0198117
v -0.0818945 0.0204394 -0.0199684
v -0.0817619 0.0203429 -0.0201155
v -0.0816114 0.0202567 -0.0202512
v -0.0814446 0.0201819 -0.0203742
v -0.0812635 0.0201193 -0.0204828
v -0.0810701 0.0200696 -0.0205759
v -0.0808667 0.0200334 -0.0206524
v -0.0806557 0.0200111 -0.0207114
v -0.0804394 0.020003 -0.0207523
v -0.0816592 0.0220564 -0.017857
v -0.0818117 0.0219469 -0.0179818
v -0.0819458 0.0218294 -0.0181199
v -0.0820598 0.0217052 -0.0182697
v -0.0821523 0.0215757 -0.0184294
v -0.0822224 0.0214425 -0.0185973
v -0.0822693 0.0213071 -0.0187714
v -0.0822923 0.021171 -0.0189496
v -0.0822913 0.0210358 -0.0191301
v -0.0822662 0.020903 -0.0193106
v -0.0822173 0.0207742 -0.0194891
v -0.0821453 0.0206509 -0.0196636
v -0.0820508 0.0205344 -0.019832
v -0.0819351 0.0204261 -0.0199924
v -0.0817994 0.0203274 -0.0201429
v -0.0816453 0.0202392 -0.0202819
v -0.0814746 0.0201626 -0.0204077
v -0.0812892 0.0200985 -0.0205189
v -0.0810913 0.0200476 -0.0206142
v -0.0808831 0.0200106 -0.0206926
v -0.080667 0.0199878 -0.020753
v -0.0804456 0.0199795 -0.0207948
v -0.0804236 0.0206692 -0.0182097
v -0.0802793 0.0201589 -0.0189103
v -0.0803288 0.0201677 -0.0188916
v -0.0805321 0.0205914 -0.0182984
v -0.0805002 0.0206194 -0.0182656
v -0.0804639 0.0206454 -0.0182359
v -0.0805812 0.0205311 -0.018372
v -0.0805592 0.0205619 -0.0183341
v -0.0802279 0.0201535 -0.0189246
v -0.0801753 0.0201515 -0.0189346
v -0.0806145 0.0204348 -0.0184958
v -0.080609 0.0204672 -0.0184534
v -0.0805795 0.0203111 -0.0186655
v -0.0805966 0.0203405 -0.0186241
v -0.0803759 0.0201798 -0.018869
v -0.08042 0.020195 -0.0188425
v -0.0805978 0.0204994 -0.018412
v -0.0806142 0.0204027 -0.0185387
v -0.080557 0.0202834 -0.0187056
v -0.0806083 0.0203711 -0.0185816
v -0.0804972 0.0202342 -0.0187795
v -0.0805295 0.0202577 -0.0187437
v -0.0804606 0.0202132 -0.0188126
v -0.0798263 0.0209901 -0.0178649
v -0.0796841 0.0210464 -0.0178096
v -0.079632 0.0210589 -0.0178001
v -0.0797818 0.0210117 -0.0178422
v -0.0797342 0.0210306 -0.0178237
v -0.22249 -0.0222971 0.0231163
v -0.183778 -0.0199583 0.0208581
v -0.18166 -0.0210327 0.0191313
v -0.181659 -0.0211711 0.0189467
v -0.181686 -0.0208969 0.0193161
v -0.222716 -0.0223179 0.0231199
v -0.181736 -0.0207651 0.0194987
v -0.181809 -0.0206389 0.0196773
v -0.181906 -0.0205197 0.0198496
v -0.181682 -0.0213104 0.0187643
v -0.18173 -0.021449 0.0185862
v -0.182024 -0.0204089 0.0200137
v -0.222939 -0.0223529 0.0231044
v -0.224609 -0.023459 0.0218614
v -0.22455 -0.0233238 0.0220335
v -0.222934 -0.0281456 0.01538
v -0.223153 -0.0281264 0.0154361
v -0.222484 -0.0281407 0.015324
v -0.22271 -0.0281504 0.0153425
v -0.182013 -0.0218448 0.0180977
v -0.182151 -0.0219651 0.0179564
v -0.181802 -0.0215853 0.0184144
v -0.183322 -0.0199604 0.020792
v -0.183101 -0.0199837 0.0207302
v -0.223158 -0.0224015 0.0230699
v -0.223761 -0.0226237 0.0228575
v -0.223571 -0.0225377 0.0229458
v -0.224098 -0.0228268 0.0226335
v -0.223938 -0.0227204 0.0227531
v -0.224468 -0.0231915 0.0221986
v -0.181897 -0.0217177 0.0182509
v -0.182163 -0.0203078 0.0201678
v -0.182888 -0.0200216 0.0206501
v -0.182685 -0.0200736 0.0205525
v -0.183548 -0.0199519 0.0208348
v -0.223369 -0.0224633 0.0230168
v -0.224365 -0.0230636 0.0223547
v -0.224241 -0.0229416 0.0225003
v -0.224644 -0.0235957 0.0216841
v -0.224656 -0.0269948 0.0171536
v -0.224096 -0.0278271 0.0159661
v -0.22424 -0.0277313 0.0161138
v -0.223568 -0.0280458 0.0156011
v -0.223758 -0.0279852 0.0157083
v -0.223365 -0.028093 0.01551
v -0.18248 -0.0221796 0.0177161
v -0.182496 -0.0201392 0.0204388
v -0.182321 -0.0202176 0.02031
v -0.224656 -0.0237323 0.0215036
v -0.224549 -0.0273898 0.0166121
v -0.224608 -0.0272622 0.0167904
v -0.224364 -0.0276257 0.0162719
v -0.224468 -0.0275114 0.0164386
v -0.223935 -0.0279121 0.0158305
v -0.182307 -0.0220771 0.0178287
v -0.224644 -0.0271301 0.0169716
v -0.183077 -0.0225005 0.0173712
v -0.184143 -0.0228362 0.0170716
v -0.222258 -0.0281167 0.0153247
v -0.183913 -0.0227966 0.0170925
v -0.183269 -0.0225936 0.0172736
v -0.183689 -0.0227426 0.0171334
v -0.183474 -0.0226746 0.017194
v -0.183785 -0.0200527 0.0206348
v -0.183788 -0.0200579 0.0205862
v -0.183588 -0.0200523 0.0205659
v -0.183391 -0.0200597 0.0205286
v -0.183198 -0.0200801 0.0204747
v -0.183012 -0.0201131 0.0204049
v -0.182836 -0.0201584 0.02032
v -0.182671 -0.0202155 0.0202209
v -0.182519 -0.0202838 0.0201087
v -0.182381 -0.0203624 0.0199848
v -0.18226 -0.0204505 0.0198506
v -0.182157 -0.020547 0.0197077
v -0.182073 -0.0206508 0.0195575
v -0.182009 -0.0207607 0.019402
v -0.181965 -0.0208755 0.0192429
v -0.181943 -0.0209939 0.019082
v -0.181942 -0.0211144 0.0189212
v -0.181962 -0.0212357 0.0187623
v -0.182004 -0.0213564 0.0186071
v -0.182067 -0.0214752 0.0184575
v -0.182149 -0.0215906 0.0183151
v -0.182251 -0.0217013 0.0181816
v -0.18237 -0.021806 0.0180585
v -0.182506 -0.0219036 0.0179473
v -0.182657 -0.0219929 0.0178492
v -0.183783 -0.0200428 0.0206827
v -0.182629 -0.0220311 0.0178364
v -0.183781 -0.0200282 0.0207294
v -0.1826 -0.0220669 0.0178197
v -0.18378 -0.0200091 0.0207745
v -0.182571 -0.0220999 0.017799
v -0.183779 -0.0199858 0.0208176
v -0.182541 -0.0221299 0.0177747
v -0.18251 -0.0221566 0.017747
v -0.183581 -0.020047 0.0206141
v -0.183379 -0.0200546 0.0205759
v -0.183182 -0.0200753 0.0205209
v -0.182992 -0.0201091 0.0204495
v -0.182812 -0.0201555 0.0203627
v -0.182643 -0.0202139 0.0202613
v -0.182488 -0.0202837 0.0201467
v -0.182347 -0.020364 0.02002
v -0.182223 -0.0204541 0.0198828
v -0.182118 -0.0205527 0.0197366
v -0.182032 -0.0206589 0.0195831
v -0.181966 -0.0207713 0.0194241
v -0.181922 -0.0208886 0.0192614
v -0.181899 -0.0210096 0.0190969
v -0.181898 -0.0211329 0.0189325
v -0.181919 -0.0212569 0.01877
v -0.181962 -0.0213804 0.0186114
v -0.182025 -0.0215018 0.0184584
v -0.18211 -0.0216197 0.0183128
v -0.182214 -0.0217329 0.0181763
v -0.182336 -0.02184 0.0180505
v -0.182475 -0.0219398 0.0179367
v -0.183574 -0.0200369 0.0206615
v -0.183367 -0.0200447 0.0206225
v -0.183166 -0.0200659 0.0205662
v -0.182972 -0.0201005 0.0204931
v -0.182787 -0.0201479 0.0204043
v -0.182615 -0.0202077 0.0203006
v -0.182455 -0.0202791 0.0201833
v -0.182312 -0.0203613 0.0200537
v -0.182185 -0.0204534 0.0199133
v -0.182077 -0.0205543 0.0197637
v -0.181989 -0.0206629 0.0196067
v -0.181922 -0.0207779 0.019444
v -0.181876 -0.020898 0.0192776
v -0.181853 -0.0210218 0.0191093
v -0.181852 -0.0211479 0.018941
v -0.181874 -0.0212748 0.0187748
v -0.181917 -0.0214011 0.0186125
v -0.181983 -0.0215253 0.018456
v -0.182069 -0.021646 0.018307
v -0.182175 -0.0217618 0.0181674
v -0.1823 -0.0218714 0.0180386
v -0.182442 -0.0219735 0.0179223
v -0.183567 -0.0200222 0.0207077
v -0.183356 -0.0200301 0.0206678
v -0.18315 -0.0200519 0.0206101
v -0.182951 -0.0200873 0.0205354
v -0.182762 -0.0201358 0.0204445
v -0.182585 -0.020197 0.0203383
v -0.182422 -0.02027 0.0202183
v -0.182275 -0.0203542 0.0200856
v -0.182146 -0.0204485 0.0199419
v -0.182035 -0.0205518 0.0197888
v -0.181945 -0.0206629 0.0196281
v -0.181876 -0.0207807 0.0194616
v -0.18183 -0.0209036 0.0192913
v -0.181806 -0.0210303 0.019119
v -0.181805 -0.0211593 0.0189468
v -0.181827 -0.0212892 0.0187766
v -0.181871 -0.0214185 0.0186105
v -0.181938 -0.0215456 0.0184503
v -0.182027 -0.0216692 0.0182978
v -0.182135 -0.0217877 0.0181549
v -0.182263 -0.0218998 0.0180231
v -0.182409 -0.0220043 0.0179041
v -0.183561 -0.020003 0.0207523
v -0.183344 -0.0200111 0.0207114
v -0.183133 -0.0200334 0.0206524
v -0.18293 -0.0200696 0.0205759
v -0.182737 -0.0201193 0.0204828
v -0.182555 -0.0201819 0.0203742
v -0.182389 -0.0202567 0.0202512
v -0.182238 -0.0203429 0.0201155
v -0.182105 -0.0204394 0.0199684
v -0.181992 -0.0205451 0.0198117
v -0.1819 -0.0206589 0.0196471
v -0.18183 -0.0207794 0.0194767
v -0.181782 -0.0209052 0.0193023
v -0.181758 -0.0210349 0.0191259
v -0.181757 -0.0211671 0.0189497
v -0.181779 -0.0213 0.0187755
v -0.181825 -0.0214323 0.0186054
v -0.181893 -0.0215625 0.0184414
v -0.181984 -0.021689 0.0182853
v -0.182095 -0.0218103 0.018139
v -0.182226 -0.0219251 0.0180041
v -0.182375 -0.0220321 0.0178822
v -0.183554 -0.0199795 0.0207948
v -0.183333 -0.0199878 0.020753
v -0.183117 -0.0200106 0.0206926
v -0.182909 -0.0200476 0.0206142
v -0.182711 -0.0200985 0.0205189
v -0.182525 -0.0201626 0.0204077
v -0.182355 -0.0202392 0.0202819
v -0.182201 -0.0203274 0.0201429
v -0.182065 -0.0204261 0.0199924
v -0.181949 -0.0205344 0.019832
v -0.181855 -0.0206509 0.0196636
v -0.181783 -0.0207742 0.0194891
v -0.181734 -0.020903 0.0193106
v -0.181709 -0.0210358 0.0191301
v -0.181708 -0.021171 0.0189496
v -0.181731 -0.0213071 0.0187714
v -0.181778 -0.0214425 0.0185973
v -0.181848 -0.0215757 0.0184294
v -0.18194 -0.0217052 0.0182697
v -0.182054 -0.0218294 0.0181199
v -0.182188 -0.0219469 0.0179818
v -0.182341 -0.0220564 0.017857
v -0.183254 -0.0223138 0.0175043
v -0.183227 -0.022352 0.0174916
v -0.183198 -0.0223878 0.0174748
v -0.183168 -0.0224208 0.0174541
v -0.183138 -0.0224508 0.0174298
v -0.183108 -0.0224775 0.0174021
v -0.2225 -0.0223968 0.0228444
v -0.222497 -0.0223916 0.022893
v -0.222495 -0.0223816 0.0229409
v -0.222493 -0.0223671 0.0229876
v -0.222492 -0.022348 0.0230327
v -0.222491 -0.0223246 0.0230757
v -0.183536 -0.0206454 0.0182359
v -0.1835 -0.0206194 0.0182656
v -0.183468 -0.0205914 0.0182984
v -0.183441 -0.0205619 0.0183341
v -0.183419 -0.0205311 0.018372
v -0.183402 -0.0204994 0.018412
v -0.183391 -0.0204672 0.0184534
v -0.183386 -0.0204348 0.0184958
v -0.183386 -0.0204027 0.0185387
v -0.183392 -0.0203711 0.0185816
v -0.183403 -0.0203405 0.0186241
v -0.183421 -0.0203111 0.0186655
v -0.183443 -0.0202834 0.0187056
v -0.18347 -0.0202577 0.0187437
v -0.183503 -0.0202342 0.0187795
v -0.183539 -0.0202132 0.0188126
v -0.18358 -0.020195 0.0188425
v -0.183624 -0.0201798 0.018869
v -0.183671 -0.0201677 0.0188916
v -0.183721 -0.0201589 0.0189103
v -0.183772 -0.0201535 0.0189246
v -0.183825 -0.0201515 0.0189346
v -0.183878 -0.020153 0.01894
v -0.183576 -0.0206692 0.0182097
v -0.22259 -0.0224918 0.0211982
v -0.224426 -0.0236698 0.0214567
v -0.224387 -0.0236469 0.0214396
v -0.224376 -0.0235279 0.0215968
v -0.224345 -0.0234089 0.0217512
v -0.224294 -0.0232911 0.0219012
v -0.224223 -0.0231759 0.022045
v -0.224133 -0.0230645 0.022181
v -0.224025 -0.0229582 0.0223077
v -0.223901 -0.0228581 0.0224238
v -0.223761 -0.0227655 0.022528
v -0.223607 -0.0226812 0.022619
v -0.223442 -0.0226063 0.0226958
v -0.223266 -0.0225415 0.0227577
v -0.223081 -0.0224877 0.0228039
v -0.222891 -0.0224453 0.022834
v -0.222696 -0.0224149 0.0228475
v -0.224469 -0.0236894 0.0214714
v -0.224513 -0.0237056 0.0214835
v -0.22456 -0.0237182 0.021493
v -0.224607 -0.0237272 0.0214997
v -0.224416 -0.0235481 0.0216174
v -0.224384 -0.0234264 0.0217753
v -0.224332 -0.0233059 0.0219287
v -0.224259 -0.0231881 0.0220757
v -0.224167 -0.0230742 0.0222147
v -0.224057 -0.0229656 0.0223443
v -0.22393 -0.0228633 0.022463
v -0.223787 -0.0227685 0.0225695
v -0.22363 -0.0226824 0.0226625
v -0.22346 -0.0226058 0.0227411
v -0.22328 -0.0225396 0.0228044
v -0.223092 -0.0224845 0.0228517
v -0.222897 -0.0224412 0.0228824
v -0.222698 -0.0224101 0.0228962
v -0.224458 -0.0235649 0.0216359
v -0.224426 -0.0234404 0.0217974
v -0.224372 -0.0233171 0.0219543
v -0.224298 -0.0231966 0.0221047
v -0.224204 -0.0230801 0.022247
v -0.224091 -0.0229689 0.0223796
v -0.223961 -0.0228642 0.022501
v -0.223814 -0.0227673 0.0226099
v -0.223654 -0.0226792 0.0227051
v -0.22348 -0.0226008 0.0227855
v -0.223296 -0.0225331 0.0228503
v -0.223103 -0.0224767 0.0228986
v -0.222904 -0.0224324 0.0229301
v -0.222701 -0.0224006 0.0229442
v -0.224502 -0.0235782 0.0216519
v -0.224469 -0.0234507 0.0218172
v -0.224414 -0.0233246 0.0219778
v -0.224338 -0.0232012 0.0221317
v -0.224242 -0.0230819 0.0222774
v -0.224127 -0.0229681 0.0224131
v -0.223993 -0.022861 0.0225374
v -0.223844 -0.0227618 0.0226489
v -0.223679 -0.0226716 0.0227463
v -0.223502 -0.0225914 0.0228286
v -0.223313 -0.0225221 0.0228949
v -0.223116 -0.0224644 0.0229444
v -0.222912 -0.022419 0.0229765
v -0.222704 -0.0223865 0.022991
v -0.224548 -0.0235878 0.0216653
v -0.224514 -0.0234573 0.0218346
v -0.224458 -0.0233282 0.021999
v -0.224381 -0.0232019 0.0221566
v -0.224282 -0.0230798 0.0223056
v -0.224164 -0.0229633 0.0224446
v -0.224027 -0.0228537 0.0225718
v -0.223874 -0.0227521 0.0226859
v -0.223706 -0.0226597 0.0227857
v -0.223524 -0.0225776 0.0228699
v -0.223331 -0.0225067 0.0229378
v -0.223129 -0.0224476 0.0229884
v -0.22292 -0.0224012 0.0230214
v -0.222707 -0.0223679 0.0230362
v -0.224596 -0.0235936 0.0216761
v -0.224561 -0.0234601 0.0218494
v -0.224504 -0.0233279 0.0220176
v -0.224424 -0.0231986 0.0221789
v -0.224323 -0.0230737 0.0223315
v -0.224202 -0.0229544 0.0224737
v -0.224063 -0.0228422 0.022604
v -0.223906 -0.0227382 0.0227208
v -0.223733 -0.0226437 0.0228229
v -0.223547 -0.0225597 0.0229091
v -0.22335 -0.022487 0.0229786
v -0.223143 -0.0224266 0.0230304
v -0.222929 -0.0223791 0.0230641
v -0.222711 -0.0223449 0.0230793
v -0.222642 -0.0224967 0.021199
v -0.222694 -0.0225048 0.0211954
v -0.222745 -0.0225161 0.0211874
v -0.222794 -0.0225304 0.0211751
v -0.222841 -0.0225477 0.0211586
v -0.222885 -0.0225677 0.021138
v -0.222926 -0.0225902 0.0211138
v -0.222964 -0.0226149 0.021086
v -0.222997 -0.0226416 0.021055
v -0.223026 -0.02267 0.0210212
v -0.22305 -0.0226997 0.0209849
v -0.223069 -0.0227304 0.0209465
v -0.223082 -0.0227619 0.0209065
v -0.223091 -0.0227936 0.0208653
v -0.223093 -0.0228254 0.0208234
v -0.224387 -0.0269094 0.0170896
v -0.224426 -0.0269323 0.0171067
v -0.224469 -0.0269519 0.0171214
v -0.224513 -0.0269681 0.0171336
v -0.22456 -0.0269807 0.017143
v -0.224607 -0.0269896 0.0171497
v -0.223093 -0.0260879 0.0164734
v -0.222291 -0.0279314 0.0154779
v -0.222298 -0.0278867 0.0154965
v -0.222494 -0.0279076 0.0154959
v -0.222691 -0.027916 0.015512
v -0.222886 -0.0279119 0.0155446
v -0.223077 -0.0278951 0.0155934
v -0.223262 -0.0278661 0.0156579
v -0.223439 -0.0278249 0.0157372
v -0.223605 -0.0277722 0.0158306
v -0.223759 -0.0277085 0.015937
v -0.223899 -0.0276345 0.0160552
v -0.224024 -0.027551 0.0161838
v -0.224132 -0.027459 0.0163215
v -0.224222 -0.0273594 0.0164668
v -0.224294 -0.0272535 0.0166179
v -0.224345 -0.0271424 0.0167732
v -0.224376 -0.0270273 0.016931
v -0.222284 -0.0279741 0.0154549
v -0.222277 -0.0280144 0.0154279
v -0.22227 -0.0280518 0.0153969
v -0.222264 -0.028086 0.0153624
v -0.222492 -0.0279528 0.0154772
v -0.222693 -0.0279614 0.0154937
v -0.222893 -0.0279572 0.0155271
v -0.223088 -0.0279401 0.015577
v -0.223277 -0.0279103 0.0156429
v -0.223457 -0.0278683 0.015724
v -0.223627 -0.0278144 0.0158195
v -0.223785 -0.0277492 0.0159283
v -0.223928 -0.0276736 0.0160491
v -0.224056 -0.0275882 0.0161806
v -0.224166 -0.0274941 0.0163214
v -0.224259 -0.0273924 0.0164699
v -0.224331 -0.0272841 0.0166244
v -0.224384 -0.0271704 0.0167832
v -0.224416 -0.0270527 0.0169446
v -0.222489 -0.027996 0.0154543
v -0.222695 -0.0280049 0.0154711
v -0.2229 -0.0280005 0.0155053
v -0.223099 -0.027983 0.0155564
v -0.223293 -0.0279526 0.0156238
v -0.223477 -0.0279095 0.0157068
v -0.223651 -0.0278544 0.0158045
v -0.223812 -0.0277877 0.0159157
v -0.223959 -0.0277103 0.0160394
v -0.22409 -0.027623 0.0161739
v -0.224203 -0.0275267 0.016318
v -0.224297 -0.0274226 0.0164699
v -0.224372 -0.0273118 0.016628
v -0.224425 -0.0271956 0.0167905
v -0.224458 -0.0270751 0.0169556
v -0.222487 -0.0280368 0.0154272
v -0.222698 -0.0280458 0.0154445
v -0.222907 -0.0280414 0.0154794
v -0.223112 -0.0280235 0.0155317
v -0.223309 -0.0279923 0.0156007
v -0.223498 -0.0279483 0.0156856
v -0.223676 -0.0278918 0.0157856
v -0.223841 -0.0278236 0.0158995
v -0.223992 -0.0277443 0.016026
v -0.224125 -0.027655 0.0161638
v -0.224241 -0.0275565 0.0163112
v -0.224338 -0.0274499 0.0164667
v -0.224414 -0.0273365 0.0166285
v -0.224469 -0.0272175 0.0167948
v -0.224502 -0.0270942 0.0169638
v -0.222486 -0.0280747 0.0153963
v -0.222702 -0.028084 0.0154139
v -0.222916 -0.0280794 0.0154497
v -0.223125 -0.0280611 0.0155032
v -0.223327 -0.0280292 0.0155739
v -0.223521 -0.0279841 0.0156608
v -0.223703 -0.0279263 0.0157632
v -0.223872 -0.0278565 0.0158798
v -0.224026 -0.0277754 0.0160093
v -0.224162 -0.0276839 0.0161503
v -0.224281 -0.027583 0.0163012
v -0.22438 -0.0274739 0.0164604
v -0.224458 -0.0273578 0.016626
v -0.224514 -0.027236 0.0167963
v -0.224548 -0.0271098 0.0169693
v -0.222485 -0.0281095 0.0153618
v -0.222706 -0.0281189 0.0153798
v -0.222924 -0.0281143 0.0154165
v -0.223139 -0.0280955 0.0154712
v -0.223346 -0.0280629 0.0155435
v -0.223544 -0.0280167 0.0156326
v -0.22373 -0.0279576 0.0157373
v -0.223903 -0.0278861 0.0158567
v -0.224061 -0.027803 0.0159892
v -0.224201 -0.0277094 0.0161336
v -0.224322 -0.0276062 0.0162881
v -0.224423 -0.0274945 0.016451
v -0.224503 -0.0273757 0.0166205
v -0.224561 -0.027251 0.0167948
v -0.224596 -0.0271218 0.0169719
v -0.223091 -0.0261193 0.0164311
v -0.223082 -0.02615 0.016389
v -0.223069 -0.0261797 0.0163475
v -0.22305 -0.0262079 0.0163072
v -0.223026 -0.0262345 0.0162685
v -0.222997 -0.026259 0.0162317
v -0.222963 -0.0262813 0.0161974
v -0.222926 -0.026301 0.0161659
v -0.222885 -0.026318 0.0161375
v -0.22284 -0.0263321 0.0161126
v -0.222793 -0.0263431 0.0160914
v -0.222744 -0.0263508 0.0160742
v -0.222693 -0.0263553 0.0160612
v -0.222641 -0.0263564 0.0160525
v -0.222589 -0.0263542 0.0160482
v -0.222536 -0.0263486 0.0160483
v -0.184183 -0.0226062 0.0172434
v -0.184176 -0.022651 0.0172248
v -0.184169 -0.0226937 0.0172018
v -0.184162 -0.0227339 0.0171748
v -0.184156 -0.0227713 0.0171438
v -0.184149 -0.0228055 0.0171094
v -0.184266 -0.0210306 0.0178237
v -0.184218 -0.0210117 0.0178422
v -0.184316 -0.0210464 0.0178096
v -0.184421 -0.0210681 0.0177953
v -0.184368 -0.0210589 0.0178001
v -0.184174 -0.0209901 0.0178649
v -0.183983 -0.0225717 0.0172615
v -0.183788 -0.0225246 0.0172972
v -0.1836 -0.0224655 0.01735
v -0.183421 -0.0223949 0.0174193
v -0.183397 -0.0224349 0.0174047
v -0.18358 -0.0225071 0.0173338
v -0.183772 -0.0225676 0.0172798
v -0.183971 -0.0226157 0.0172433
v -0.183372 -0.0224726 0.0173859
v -0.183559 -0.0225464 0.0173134
v -0.183755 -0.0226084 0.0172581
v -0.18396 -0.0226576 0.0172208
v -0.183347 -0.0225077 0.0173631
v -0.183538 -0.0225832 0.0172889
v -0.183739 -0.0226466 0.0172324
v -0.183948 -0.022697 0.0171942
v -0.183321 -0.0225397 0.0173367
v -0.183516 -0.0226171 0.0172607
v -0.183722 -0.0226819 0.0172028
v -0.183936 -0.0227336 0.0171637
v -0.183295 -0.0225685 0.0173067
v -0.183495 -0.0226476 0.017229
v -0.183706 -0.022714 0.0171697
v -0.183925 -0.0227669 0.0171297
v -0.181809 -0.0206389 -0.0196773
v -0.181736 -0.0207651 -0.0194987
v -0.222258 -0.0281167 -0.0153247
v -0.222939 -0.0223529 -0.0231044
v -0.223158 -0.0224015 -0.0230699
v -0.22249 -0.0222971 -0.0231163
v -0.222716 -0.0223179 -0.0231199
v -0.182163 -0.0203078 -0.0201678
v -0.182321 -0.0202176 -0.02031
v -0.181906 -0.0205197 -0.0198496
v -0.181686 -0.0208969 -0.0193161
v -0.18166 -0.0210327 -0.0191313
v -0.222484 -0.0281407 -0.015324
v -0.223369 -0.0224633 -0.0230168
v -0.223571 -0.0225377 -0.0229458
v -0.183101 -0.0199837 -0.0207302
v -0.183322 -0.0199604 -0.020792
v -0.182685 -0.0200736 -0.0205525
v -0.182888 -0.0200216 -0.0206501
v -0.182024 -0.0204089 -0.0200137
v -0.184143 -0.0228362 -0.0170716
v -0.223153 -0.0281264 -0.0154361
v -0.222934 -0.0281456 -0.01538
v -0.224365 -0.0230636 -0.0223547
v -0.224468 -0.0231915 -0.0221986
v -0.224098 -0.0228268 -0.0226335
v -0.224241 -0.0229416 -0.0225003
v -0.223761 -0.0226237 -0.0228575
v -0.223938 -0.0227204 -0.0227531
v -0.182496 -0.0201392 -0.0204388
v -0.182013 -0.0218448 -0.0180977
v -0.181897 -0.0217177 -0.0182509
v -0.182307 -0.0220771 -0.0178287
v -0.182151 -0.0219651 -0.0179564
v -0.22271 -0.0281504 -0.0153425
v -0.223365 -0.028093 -0.01551
v -0.224468 -0.0275114 -0.0164386
v -0.224364 -0.0276257 -0.0162719
v -0.223758 -0.0279852 -0.0157083
v -0.223568 -0.0280458 -0.0156011
v -0.22424 -0.0277313 -0.0161138
v -0.224608 -0.0272622 -0.0167904
v -0.224549 -0.0273898 -0.0166121
v -0.224656 -0.0237323 -0.0215036
v -0.224656 -0.0269948 -0.0171536
v -0.181659 -0.0211711 -0.0189467
v -0.18173 -0.021449 -0.0185862
v -0.181682 -0.0213104 -0.0187643
v -0.181802 -0.0215853 -0.0184144
v -0.224096 -0.0278271 -0.0159661
v -0.223935 -0.0279121 -0.0158305
v -0.224644 -0.0235957 -0.0216841
v -0.22455 -0.0233238 -0.0220335
v -0.183778 -0.0199583 -0.0208581
v -0.183077 -0.0225005 -0.0173712
v -0.18248 -0.0221796 -0.0177161
v -0.224644 -0.0271301 -0.0169716
v -0.224609 -0.023459 -0.0218614
v -0.183548 -0.0199519 -0.0208348
v -0.183269 -0.0225936 -0.0172736
v -0.183913 -0.0227966 -0.0170925
v -0.183474 -0.0226746 -0.017194
v -0.183689 -0.0227426 -0.0171334
v -0.182629 -0.0220311 -0.0178364
v -0.182657 -0.0219929 -0.0178492
v -0.182506 -0.0219036 -0.0179473
v -0.18237 -0.021806 -0.0180585
v -0.182251 -0.0217013 -0.0181816
v -0.182149 -0.0215906 -0.0183151
v -0.182067 -0.0214752 -0.0184575
v -0.182004 -0.0213564 -0.0186071
v -0.181962 -0.0212357 -0.0187623
v -0.181942 -0.0211144 -0.0189212
v -0.181943 -0.0209939 -0.019082
v -0.181965 -0.0208755 -0.0192429
v -0.182009 -0.0207607 -0.019402
v -0.182073 -0.0206508 -0.0195575
v -0.182157 -0.020547 -0.0197077
v -0.18226 -0.0204505 -0.0198506
v -0.182381 -0.0203624 -0.0199848
v -0.182519 -0.0202838 -0.0201087
v -0.182671 -0.0202155 -0.0202209
v -0.182836 -0.0201584 -0.02032
v -0.183012 -0.0201131 -0.0204049
v -0.183198 -0.0200801 -0.0204747
v -0.183391 -0.0200597 -0.0205286
v -0.183588 -0.0200523 -0.0205659
v -0.183788 -0.0200579 -0.0205862
v -0.1826 -0.0220669 -0.0178197
v -0.183785 -0.0200527 -0.0206348
v -0.182571 -0.0220999 -0.017799
v -0.183783 -0.0200428 -0.0206827
v -0.182541 -0.0221299 -0.0177747
v -0.183781 -0.0200282 -0.0207294
v -0.18251 -0.0221566 -0.017747
v -0.18378 -0.0200091 -0.0207745
v -0.183779 -0.0199858 -0.0208176
v -0.182475 -0.0219398 -0.0179367
v -0.182336 -0.02184 -0.0180505
v -0.182214 -0.0217329 -0.0181763
v -0.18211 -0.0216197 -0.0183128
v -0.182025 -0.0215018 -0.0184584
v -0.181962 -0.0213804 -0.0186114
v -0.181919 -0.0212569 -0.01877
v -0.181898 -0.0211329 -0.0189325
v -0.181899 -0.0210096 -0.0190969
v -0.181922 -0.0208886 -0.0192614
v -0.181966 -0.0207713 -0.0194241
v -0.182032 -0.0206589 -0.0195831
v -0.182118 -0.0205527 -0.0197366
v -0.182223 -0.0204541 -0.0198828
v -0.182347 -0.020364 -0.02002
v -0.182488 -0.0202837 -0.0201467
v -0.182643 -0.0202139 -0.0202613
v -0.182812 -0.0201555 -0.0203627
v -0.182992 -0.0201091 -0.0204495
v -0.183182 -0.0200753 -0.0205209
v -0.183379 -0.0200546 -0.0205759
v -0.183581 -0.020047 -0.0206141
v -0.182442 -0.0219735 -0.0179223
v -0.1823 -0.0218714 -0.0180386
v -0.182175 -0.0217618 -0.0181674
v -0.182069 -0.021646 -0.018307
v -0.181983 -0.0215253 -0.018456
v -0.181917 -0.0214011 -0.0186125
v -0.181874 -0.0212748 -0.0187748
v -0.181852 -0.0211479 -0.018941
v -0.181853 -0.0210218 -0.0191093
v -0.181876 -0.020898 -0.0192776
v -0.181922 -0.0207779 -0.019444
v -0.181989 -0.0206629 -0.0196067
v -0.182077 -0.0205543 -0.0197637
v -0.182185 -0.0204534 -0.0199133
v -0.182312 -0.0203613 -0.0200537
v -0.182455 -0.0202791 -0.0201833
v -0.182615 -0.0202077 -0.0203006
v -0.182787 -0.0201479 -0.0204043
v -0.182972 -0.0201005 -0.0204931
v -0.183166 -0.0200659 -0.0205662
v -0.183367 -0.0200447 -0.0206225
v -0.183574 -0.0200369 -0.0206615
v -0.182409 -0.0220043 -0.0179041
v -0.182263 -0.0218998 -0.0180231
v -0.182135 -0.0217877 -0.0181549
v -0.182027 -0.0216692 -0.0182978
v -0.181938 -0.0215456 -0.0184503
v -0.181871 -0.0214185 -0.0186105
v -0.181827 -0.0212892 -0.0187766
v -0.181805 -0.0211593 -0.0189468
v -0.181806 -0.0210303 -0.019119
v -0.18183 -0.0209036 -0.0192913
v -0.181876 -0.0207807 -0.0194616
v -0.181945 -0.0206629 -0.0196281
v -0.182035 -0.0205518 -0.0197888
v -0.182146 -0.0204485 -0.0199419
v -0.182275 -0.0203542 -0.0200856
v -0.182422 -0.02027 -0.0202183
v -0.182585 -0.020197 -0.0203383
v -0.182762 -0.0201358 -0.0204445
v -0.182951 -0.0200873 -0.0205354
v -0.18315 -0.0200519 -0.0206101
v -0.183356 -0.0200301 -0.0206678
v -0.183567 -0.0200222 -0.0207077
v -0.182375 -0.0220321 -0.0178822
v -0.182226 -0.0219251 -0.0180041
v -0.182095 -0.0218103 -0.018139
v -0.181984 -0.021689 -0.0182853
v -0.181893 -0.0215625 -0.0184414
v -0.181825 -0.0214323 -0.0186054
v -0.181779 -0.0213 -0.0187755
v -0.181757 -0.0211671 -0.0189497
v -0.181758 -0.0210349 -0.0191259
v -0.181782 -0.0209052 -0.0193023
v -0.18183 -0.0207794 -0.0194767
v -0.1819 -0.0206589 -0.0196471
v -0.181992 -0.0205451 -0.0198117
v -0.182105 -0.0204394 -0.0199684
v -0.182238 -0.0203429 -0.0201155
v -0.182389 -0.0202567 -0.0202512
v -0.182555 -0.0201819 -0.0203742
v -0.182737 -0.0201193 -0.0204828
v -0.18293 -0.0200696 -0.0205759
v -0.183133 -0.0200334 -0.0206524
v -0.183344 -0.0200111 -0.0207114
v -0.183561 -0.020003 -0.0207523
v -0.182341 -0.0220564 -0.017857
v -0.182188 -0.0219469 -0.0179818
v -0.182054 -0.0218294 -0.0181199
v -0.18194 -0.0217052 -0.0182697
v -0.181848 -0.0215757 -0.0184294
v -0.181778 -0.0214425 -0.0185973
v -0.181731 -0.0213071 -0.0187714
v -0.181708 -0.021171 -0.0189496
v -0.181709 -0.0210358 -0.0191301
v -0.181734 -0.020903 -0.0193106
v -0.181783 -0.0207742 -0.0194891
v -0.181855 -0.0206509 -0.0196636
v -0.181949 -0.0205344 -0.019832
v -0.182065 -0.0204261 -0.0199924
v -0.182201 -0.0203274 -0.0201429
v -0.182355 -0.0202392 -0.0202819
v -0.182525 -0.0201626 -0.0204077
v -0.182711 -0.0200985 -0.0205189
v -0.182909 -0.0200476 -0.0206142
v -0.183117 -0.0200106 -0.0206926
v -0.183333 -0.0199878 -0.020753
v -0.183554 -0.0199795 -0.0207948
v -0.183108 -0.0224775 -0.0174021
v -0.183138 -0.0224508 -0.0174298
v -0.183168 -0.0224208 -0.0174541
v -0.183198 -0.0223878 -0.0174748
v -0.183227 -0.022352 -0.0174916
v -0.183254 -0.0223138 -0.0175043
v -0.222491 -0.0223246 -0.0230757
v -0.222492 -0.022348 -0.0230327
v -0.222493 -0.0223671 -0.0229876
v -0.222495 -0.0223816 -0.0229409
v -0.222497 -0.0223916 -0.022893
v -0.2225 -0.0223968 -0.0228444
v -0.183825 -0.0201515 -0.0189346
v -0.183772 -0.0201535 -0.0189246
v -0.183721 -0.0201589 -0.0189103
v -0.183671 -0.0201677 -0.0188916
v -0.183624 -0.0201798 -0.018869
v -0.18358 -0.020195 -0.0188425
v -0.183539 -0.0202132 -0.0188126
v -0.183503 -0.0202342 -0.0187795
v -0.18347 -0.0202577 -0.0187437
v -0.183443 -0.0202834 -0.0187056
v -0.183421 -0.0203111 -0.0186655
v -0.183403 -0.0203405 -0.0186241
v -0.183392 -0.0203711 -0.0185816
v -0.183386 -0.0204027 -0.0185387
v -0.183386 -0.0204348 -0.0184958
v -0.183391 -0.0204672 -0.0184534
v -0.183402 -0.0204994 -0.018412
v -0.183419 -0.0205311 -0.018372
v -0.183441 -0.0205619 -0.0183341
v -0.183468 -0.0205914 -0.0182984
v -0.1835 -0.0206194 -0.0182656
v -0.183536 -0.0206454 -0.0182359
v -0.183576 -0.0206692 -0.0182097
v -0.183878 -0.020153 -0.01894
v -0.22259 -0.0224918 -0.0211982
v -0.222696 -0.0224149 -0.0228475
v -0.222891 -0.0224453 -0.022834
v -0.223081 -0.0224877 -0.0228039
v -0.223266 -0.0225415 -0.0227577
v -0.223442 -0.0226063 -0.0226958
v -0.223607 -0.0226812 -0.022619
v -0.223761 -0.0227655 -0.022528
v -0.223901 -0.0228581 -0.0224238
v -0.224025 -0.0229582 -0.0223077
v -0.224133 -0.0230645 -0.022181
v -0.224223 -0.0231759 -0.022045
v -0.224294 -0.0232911 -0.0219012
v -0.224345 -0.0234089 -0.0217512
v -0.224376 -0.0235279 -0.0215968
v -0.224387 -0.0236469 -0.0214396
v -0.224426 -0.0236698 -0.0214567
v -0.224469 -0.0236894 -0.0214714
v -0.224513 -0.0237056 -0.0214835
v -0.22456 -0.0237182 -0.021493
v -0.224607 -0.0237272 -0.0214997
v -0.222698 -0.0224101 -0.0228962
v -0.222897 -0.0224412 -0.0228824
v -0.223092 -0.0224845 -0.0228517
v -0.22328 -0.0225396 -0.0228044
v -0.22346 -0.0226058 -0.0227411
v -0.22363 -0.0226824 -0.0226625
v -0.223787 -0.0227685 -0.0225695
v -0.22393 -0.0228633 -0.022463
v -0.224057 -0.0229656 -0.0223443
v -0.224167 -0.0230742 -0.0222147
v -0.224259 -0.0231881 -0.0220757
v -0.224332 -0.0233059 -0.0219287
v -0.224384 -0.0234264 -0.0217753
v -0.224416 -0.0235481 -0.0216174
v -0.222701 -0.0224006 -0.0229442
v -0.222904 -0.0224324 -0.0229301
v -0.223103 -0.0224767 -0.0228986
v -0.223296 -0.0225331 -0.0228503
v -0.22348 -0.0226008 -0.0227855
v -0.223654 -0.0226792 -0.0227051
v -0.223814 -0.0227673 -0.0226099
v -0.223961 -0.0228642 -0.022501
v -0.224091 -0.0229689 -0.0223796
v -0.224204 -0.0230801 -0.022247
v -0.224298 -0.0231966 -0.0221047
v -0.224372 -0.0233171 -0.0219543
v -0.224426 -0.0234404 -0.0217974
v -0.224458 -0.0235649 -0.0216359
v -0.222704 -0.0223865 -0.022991
v -0.222912 -0.022419 -0.0229765
v -0.223116 -0.0224644 -0.0229444
v -0.223313 -0.0225221 -0.0228949
v -0.223502 -0.0225914 -0.0228286
v -0.223679 -0.0226716 -0.0227463
v -0.223844 -0.0227618 -0.0226489
v -0.223993 -0.022861 -0.0225374
v -0.224127 -0.0229681 -0.0224131
v -0.224242 -0.0230819 -0.0222774
v -0.224338 -0.0232012 -0.0221317
v -0.224414 -0.0233246 -0.0219778
v -0.224469 -0.0234507 -0.0218172
v -0.224502 -0.0235782 -0.0216519
v -0.222707 -0.0223679 -0.0230362
v -0.22292 -0.0224012 -0.0230214
v -0.223129 -0.0224476 -0.0229884
v -0.223331 -0.0225067 -0.0229378
v -0.223524 -0.0225776 -0.0228699
v -0.223706 -0.0226597 -0.0227857
v -0.223874 -0.0227521 -0.0226859
v -0.224027 -0.0228537 -0.0225718
v -0.224164 -0.0229633 -0.0224446
v -0.224282 -0.0230798 -0.0223056
v -0.224381 -0.0232019 -0.0221566
v -0.224458 -0.0233282 -0.021999
v -0.224514 -0.0234573 -0.0218346
v -0.224548 -0.0235878 -0.0216653
v -0.222711 -0.0223449 -0.0230793
v -0.222929 -0.0223791 -0.0230641
v -0.223143 -0.0224266 -0.0230304
v -0.22335 -0.022487 -0.0229786
v -0.223547 -0.0225597 -0.0229091
v -0.223733 -0.0226437 -0.0228229
v -0.223906 -0.0227382 -0.0227208
v -0.224063 -0.0228422 -0.022604
v -0.224202 -0.0229544 -0.0224737
v -0.224323 -0.0230737 -0.0223315
v -0.224424 -0.0231986 -0.0221789
v -0.224504 -0.0233279 -0.0220176
v -0.224561 -0.0234601 -0.0218494
v -0.224596 -0.0235936 -0.0216761
v -0.223091 -0.0227936 -0.0208653
v -0.223082 -0.0227619 -0.0209065
v -0.223069 -0.0227304 -0.0209465
v -0.22305 -0.0226997 -0.0209849
v -0.223026 -0.02267 -0.0210212
v -0.222997 -0.0226416 -0.021055
v -0.222964 -0.0226149 -0.021086
v -0.222926 -0.0225902 -0.0211138
v -0.222885 -0.0225677 -0.021138
v -0.222841 -0.0225477 -0.0211586
v -0.222794 -0.0225304 -0.0211751
v -0.222745 -0.0225161 -0.0211874
v -0.222694 -0.0225048 -0.0211954
v -0.222642 -0.0224967 -0.021199
v -0.223093 -0.0228254 -0.0208234
v -0.224607 -0.0269896 -0.0171497
v -0.22456 -0.0269807 -0.017143
v -0.224513 -0.0269681 -0.0171336
v -0.224469 -0.0269519 -0.0171214
v -0.224426 -0.0269323 -0.0171067
v -0.224387 -0.0269094 -0.0170896
v -0.223093 -0.0260879 -0.0164734
v -0.224376 -0.0270273 -0.016931
v -0.224345 -0.0271424 -0.0167732
v -0.224294 -0.0272535 -0.0166179
v -0.224222 -0.0273594 -0.0164668
v -0.224132 -0.027459 -0.0163215
v -0.224024 -0.027551 -0.0161838
v -0.223899 -0.0276345 -0.0160552
v -0.223759 -0.0277085 -0.015937
v -0.223605 -0.0277722 -0.0158306
v -0.223439 -0.0278249 -0.0157372
v -0.223262 -0.0278661 -0.0156579
v -0.223077 -0.0278951 -0.0155934
v -0.222886 -0.0279119 -0.0155446
v -0.222691 -0.027916 -0.015512
v -0.222494 -0.0279076 -0.0154959
v -0.222298 -0.0278867 -0.0154965
v -0.222291 -0.0279314 -0.0154779
v -0.222284 -0.0279741 -0.0154549
v -0.222277 -0.0280144 -0.0154279
v -0.22227 -0.0280518 -0.0153969
v -0.222264 -0.028086 -0.0153624
v -0.224416 -0.0270527 -0.0169446
v -0.224384 -0.0271704 -0.0167832
v -0.224331 -0.0272841 -0.0166244
v -0.224259 -0.0273924 -0.0164699
v -0.224166 -0.0274941 -0.0163214
v -0.224056 -0.0275882 -0.0161806
v -0.223928 -0.0276736 -0.0160491
v -0.223785 -0.0277492 -0.0159283
v -0.223627 -0.0278144 -0.0158195
v -0.223457 -0.0278683 -0.015724
v -0.223277 -0.0279103 -0.0156429
v -0.223088 -0.0279401 -0.015577
v -0.222893 -0.0279572 -0.0155271
v -0.222693 -0.0279614 -0.0154937
v -0.222492 -0.0279528 -0.0154772
v -0.224458 -0.0270751 -0.0169556
v -0.224425 -0.0271956 -0.0167905
v -0.224372 -0.0273118 -0.016628
v -0.224297 -0.0274226 -0.0164699
v -0.224203 -0.0275267 -0.016318
v -0.22409 -0.027623 -0.0161739
v -0.223959 -0.0277103 -0.0160394
v -0.223812 -0.0277877 -0.0159157
v -0.223651 -0.0278544 -0.0158045
v -0.223477 -0.0279095 -0.0157068
v -0.223293 -0.0279526 -0.0156238
v -0.223099 -0.027983 -0.0155564
v -0.2229 -0.0280005 -0.0155053
v -0.222695 -0.0280049 -0.0154711
v -0.222489 -0.027996 -0.0154543
v -0.224502 -0.0270942 -0.0169638
v -0.224469 -0.0272175 -0.0167948
v -0.224414 -0.0273365 -0.0166285
v -0.224338 -0.0274499 -0.0164667
v -0.224241 -0.0275565 -0.0163112
v -0.224125 -0.027655 -0.0161638
v -0.223992 -0.0277443 -0.016026
v -0.223841 -0.0278236 -0.0158995
v -0.223676 -0.0278918 -0.0157856
v -0.223498 -0.0279483 -0.0156856
v -0.223309 -0.0279923 -0.0156007
v -0.223112 -0.0280235 -0.0155317
v -0.222907 -0.0280414 -0.0154794
v -0.222698 -0.0280458 -0.0154445
v -0.222487 -0.0280368 -0.0154272
v -0.224548 -0.0271098 -0.0169693
v -0.224514 -0.027236 -0.0167963
v -0.224458 -0.0273578 -0.016626
v -0.22438 -0.0274739 -0.0164604
v -0.224281 -0.027583 -0.0163012
v -0.224162 -0.0276839 -0.0161503
v -0.224026 -0.0277754 -0.0160093
v -0.223872 -0.0278565 -0.0158798
v -0.223703 -0.0279263 -0.0157632
v -0.223521 -0.0279841 -0.0156608
v -0.223327 -0.0280292 -0.0155739
v -0.223125 -0.0280611 -0.0155032
v -0.222916 -0.0280794 -0.0154497
v -0.222702 -0.028084 -0.0154139
v -0.222486 -0.0280747 -0.0153963
v -0.224596 -0.0271218 -0.0169719
v -0.224561 -0.027251 -0.0167948
v -0.224503 -0.0273757 -0.0166205
v -0.224423 -0.0274945 -0.016451
v -0.224322 -0.0276062 -0.0162881
v -0.224201 -0.0277094 -0.0161336
v -0.224061 -0.027803 -0.0159892
v -0.223903 -0.0278861 -0.0158567
v -0.22373 -0.0279576 -0.0157373
v -0.223544 -0.0280167 -0.0156326
v -0.223346 -0.0280629 -0.0155435
v -0.223139 -0.0280955 -0.0154712
v -0.222924 -0.0281143 -0.0154165
v -0.222706 -0.0281189 -0.0153798
v -0.222485 -0.0281095 -0.0153618
v -0.222589 -0.0263542 -0.0160482
v -0.222641 -0.0263564 -0.0160525
v -0.222693 -0.0263553 -0.0160612
v -0.222744 -0.0263508 -0.0160742
v -0.222793 -0.0263431 -0.0160914
v -0.22284 -0.0263321 -0.0161126
v -0.222885 -0.026318 -0.0161375
v -0.222926 -0.026301 -0.0161659
v -0.222963 -0.0262813 -0.0161974
v -0.222997 -0.026259 -0.0162317
v -0.223026 -0.0262345 -0.0162685
v -0.22305 -0.0262079 -0.0163072
v -0.223069 -0.0261797 -0.0163475
v -0.223082 -0.02615 -0.016389
v -0.223091 -0.0261193 -0.0164311
v -0.222536 -0.0263486 -0.0160483
v -0.184149 -0.0228055 -0.0171094
v -0.184156 -0.0227713 -0.0171438
v -0.184162 -0.0227339 -0.0171748
v -0.184169 -0.0226937 -0.0172018
v -0.184176 -0.022651 -0.0172248
v -0.184183 -0.0226062 -0.0172434
v -0.184174 -0.0209901 -0.0178649
v -0.184218 -0.0210117 -0.0178422
v -0.184316 -0.0210464 -0.0178096
v -0.184368 -0.0210589 -0.0178001
v -0.184266 -0.0210306 -0.0178237
v -0.184421 -0.0210681 -0.0177953
v -0.183421 -0.0223949 -0.0174193
v -0.1836 -0.0224655 -0.01735
v -0.183788 -0.0225246 -0.0172972
v -0.183983 -0.0225717 -0.0172615
v -0.183971 -0.0226157 -0.0172433
v -0.183772 -0.0225676 -0.0172798
v -0.18358 -0.0225071 -0.0173338
v -0.183397 -0.0224349 -0.0174047
v -0.18396 -0.0226576 -0.0172208
v -0.183755 -0.0226084 -0.0172581
v -0.183559 -0.0225464 -0.0173134
v -0.183372 -0.0224726 -0.0173859
v -0.183948 -0.022697 -0.0171942
v -0.183739 -0.0226466 -0.0172324
v -0.183538 -0.0225832 -0.0172889
v -0.183347 -0.0225077 -0.0173631
v -0.183936 -0.0227336 -0.0171637
v -0.183722 -0.0226819 -0.0172028
v -0.183516 -0.0226171 -0.0172607
v -0.183321 -0.0225397 -0.0173367
v -0.183925 -0.0227669 -0.0171297
v -0.183706 -0.022714 -0.0171697
v -0.183495 -0.0226476 -0.017229
v -0.183295 -0.0225685 -0.0173067
v -0.222258 0.0281167 0.0153247
v -0.18166 0.0210327 0.0191313
v -0.222484 0.0281407 0.015324
v -0.181686 0.0208969 0.0193161
v -0.184143 0.0228362 0.0170716
v -0.181736 0.0207651 0.0194987
v -0.22271 0.0281504 0.0153425
v -0.181809 0.0206389 0.0196773
v -0.222934 0.0281456 0.01538
v -0.223365 0.028093 0.01551
v -0.223153 0.0281264 0.0154361
v -0.182496 0.0201392 0.0204388
v -0.182685 0.0200736 0.0205525
v -0.181906 0.0205197 0.0198496
v -0.181682 0.0213104 0.0187643
v -0.181659 0.0211711 0.0189467
v -0.224468 0.0231915 0.0221986
v -0.22455 0.0233238 0.0220335
v -0.223369 0.0224633 0.0230168
v -0.223571 0.0225377 0.0229458
v -0.182888 0.0200216 0.0206501
v -0.183101 0.0199837 0.0207302
v -0.182321 0.0202176 0.02031
v -0.182024 0.0204089 0.0200137
v -0.182163 0.0203078 0.0201678
v -0.18173 0.021449 0.0185862
v -0.223568 0.0280458 0.0156011
v -0.223935 0.0279121 0.0158305
v -0.223758 0.0279852 0.0157083
v -0.224364 0.0276257 0.0162719
v -0.22424 0.0277313 0.0161138
v -0.224609 0.023459 0.0218614
v -0.224241 0.0229416 0.0225003
v -0.224365 0.0230636 0.0223547
v -0.223938 0.0227204 0.0227531
v -0.224098 0.0228268 0.0226335
v -0.223761 0.0226237 0.0228575
v -0.183322 0.0199604 0.020792
v -0.181802 0.0215853 0.0184144
v -0.182013 0.0218448 0.0180977
v -0.181897 0.0217177 0.0182509
v -0.224468 0.0275114 0.0164386
v -0.224656 0.0237323 0.0215036
v -0.224656 0.0269948 0.0171536
v -0.222939 0.0223529 0.0231044
v -0.223158 0.0224015 0.0230699
v -0.22249 0.0222971 0.0231163
v -0.222716 0.0223179 0.0231199
v -0.182307 0.0220771 0.0178287
v -0.182151 0.0219651 0.0179564
v -0.183077 0.0225005 0.0173712
v -0.18248 0.0221796 0.0177161
v -0.224096 0.0278271 0.0159661
v -0.224549 0.0273898 0.0166121
v -0.224644 0.0235957 0.0216841
v -0.224644 0.0271301 0.0169716
v -0.224608 0.0272622 0.0167904
v -0.183778 0.0199583 0.0208581
v -0.183269 0.0225936 0.0172736
v -0.183548 0.0199519 0.0208348
v -0.183913 0.0227966 0.0170925
v -0.183474 0.0226746 0.017194
v -0.183689 0.0227426 0.0171334
v -0.182629 0.0220311 0.0178364
v -0.182657 0.0219929 0.0178492
v -0.182506 0.0219036 0.0179473
v -0.18237 0.021806 0.0180585
v -0.182251 0.0217013 0.0181816
v -0.182149 0.0215906 0.0183151
v -0.182067 0.0214752 0.0184575
v -0.182004 0.0213564 0.0186071
v -0.181962 0.0212357 0.0187623
v -0.181942 0.0211144 0.0189212
v -0.181943 0.0209939 0.019082
v -0.181965 0.0208755 0.0192429
v -0.182009 0.0207607 0.019402
v -0.182073 0.0206508 0.0195575
v -0.182157 0.020547 0.0197077
v -0.18226 0.0204505 0.0198506
v -0.182381 0.0203624 0.0199848
v -0.182519 0.0202838 0.0201087
v -0.182671 0.0202155 0.0202209
v -0.182836 0.0201584 0.02032
v -0.183012 0.0201131 0.0204049
v -0.183198 0.0200801 0.0204747
v -0.183391 0.0200597 0.0205286
v -0.183588 0.0200523 0.0205659
v -0.183788 0.0200579 0.0205862
v -0.1826 0.0220669 0.0178197
v -0.183785 0.0200527 0.0206348
v -0.182571 0.0220999 0.017799
v -0.183783 0.0200428 0.0206827
v -0.182541 0.0221299 0.0177747
v -0.183781 0.0200282 0.0207294
v -0.18251 0.0221566 0.017747
v -0.18378 0.0200091 0.0207745
v -0.183779 0.0199858 0.0208176
v -0.182475 0.0219398 0.0179367
v -0.182336 0.02184 0.0180505
v -0.182214 0.0217329 0.0181763
v -0.18211 0.0216197 0.0183128
v -0.182025 0.0215018 0.0184584
v -0.181962 0.0213804 0.0186114
v -0.181919 0.0212569 0.01877
v -0.181898 0.0211329 0.0189325
v -0.181899 0.0210096 0.0190969
v -0.181922 0.0208886 0.0192614
v -0.181966 0.0207713 0.0194241
v -0.182032 0.0206589 0.0195831
v -0.182118 0.0205527 0.0197366
v -0.182223 0.0204541 0.0198828
v -0.182347 0.020364 0.02002
v -0.182488 0.0202837 0.0201467
v -0.182643 0.0202139 0.0202613
v -0.182812 0.0201555 0.0203627
v -0.182992 0.0201091 0.0204495
v -0.183182 0.0200753 0.0205209
v -0.183379 0.0200546 0.0205759
v -0.183581 0.020047 0.0206141
v -0.182442 0.0219735 0.0179223
v -0.1823 0.0218714 0.0180386
v -0.182175 0.0217618 0.0181674
v -0.182069 0.021646 0.018307
v -0.181983 0.0215253 0.018456
v -0.181917 0.0214011 0.0186125
v -0.181874 0.0212748 0.0187748
v -0.181852 0.0211479 0.018941
v -0.181853 0.0210218 0.0191093
v -0.181876 0.020898 0.0192776
v -0.181922 0.0207779 0.019444
v -0.181989 0.0206629 0.0196067
v -0.182077 0.0205543 0.0197637
v -0.182185 0.0204534 0.0199133
v -0.182312 0.0203613 0.0200537
v -0.182455 0.0202791 0.0201833
v -0.182615 0.0202077 0.0203006
v -0.182787 0.0201479 0.0204043
v -0.182972 0.0201005 0.0204931
v -0.183166 0.0200659 0.0205662
v -0.183367 0.0200447 0.0206225
v -0.183574 0.0200369 0.0206615
v -0.182409 0.0220043 0.0179041
v -0.182263 0.0218998 0.0180231
v -0.182135 0.0217877 0.0181549
v -0.182027 0.0216692 0.0182978
v -0.181938 0.0215456 0.0184503
v -0.181871 0.0214185 0.0186105
v -0.181827 0.0212892 0.0187766
v -0.181805 0.0211593 0.0189468
v -0.181806 0.0210303 0.019119
v -0.18183 0.0209036 0.0192913
v -0.181876 0.0207807 0.0194616
v -0.181945 0.0206629 0.0196281
v -0.182035 0.0205518 0.0197888
v -0.182146 0.0204485 0.0199419
v -0.182275 0.0203542 0.0200856
v -0.182422 0.02027 0.0202183
v -0.182585 0.020197 0.0203383
v -0.182762 0.0201358 0.0204445
v -0.182951 0.0200873 0.0205354
v -0.18315 0.0200519 0.0206101
v -0.183356 0.0200301 0.0206678
v -0.183567 0.0200222 0.0207077
v -0.182375 0.0220321 0.0178822
v -0.182226 0.0219251 0.0180041
v -0.182095 0.0218103 0.018139
v -0.181984 0.021689 0.0182853
v -0.181893 0.0215625 0.0184414
v -0.181825 0.0214323 0.0186054
v -0.181779 0.0213 0.0187755
v -0.181757 0.0211671 0.0189497
v -0.181758 0.0210349 0.0191259
v -0.181782 0.0209052 0.0193023
v -0.18183 0.0207794 0.0194767
v -0.1819 0.0206589 0.0196471
v -0.181992 0.0205451 0.0198117
v -0.182105 0.0204394 0.0199684
v -0.182238 0.0203429 0.0201155
v -0.182389 0.0202567 0.0202512
v -0.182555 0.0201819 0.0203742
v -0.182737 0.0201193 0.0204828
v -0.18293 0.0200696 0.0205759
v -0.183133 0.0200334 0.0206524
v -0.183344 0.0200111 0.0207114
v -0.183561 0.020003 0.0207523
v -0.182341 0.0220564 0.017857
v -0.182188 0.0219469 0.0179818
v -0.182054 0.0218294 0.0181199
v -0.18194 0.0217052 0.0182697
v -0.181848 0.0215757 0.0184294
v -0.181778 0.0214425 0.0185973
v -0.181731 0.0213071 0.0187714
v -0.181708 0.021171 0.0189496
v -0.181709 0.0210358 0.0191301
v -0.181734 0.020903 0.0193106
v -0.181783 0.0207742 0.0194891
v -0.181855 0.0206509 0.0196636
v -0.181949 0.0205344 0.019832
v -0.182065 0.0204261 0.0199924
v -0.182201 0.0203274 0.0201429
v -0.182355 0.0202392 0.0202819
v -0.182525 0.0201626 0.0204077
v -0.182711 0.0200985 0.0205189
v -0.182909 0.0200476 0.0206142
v -0.183117 0.0200106 0.0206926
v -0.183333 0.0199878 0.020753
v -0.183554 0.0199795 0.0207948
v -0.183108 0.0224775 0.0174021
v -0.183138 0.0224508 0.0174298
v -0.183168 0.0224208 0.0174541
v -0.183198 0.0223878 0.0174748
v -0.183227 0.022352 0.0174916
v -0.183254 0.0223138 0.0175043
v -0.222491 0.0223246 0.0230757
v -0.222492 0.022348 0.0230327
v -0.222493 0.0223671 0.0229876
v -0.222495 0.0223816 0.0229409
v -0.222497 0.0223916 0.022893
v -0.2225 0.0223968 0.0228444
v -0.183825 0.0201515 0.0189346
v -0.183772 0.0201535 0.0189246
v -0.183721 0.0201589 0.0189103
v -0.183671 0.0201677 0.0188916
v -0.183624 0.0201798 0.018869
v -0.18358 0.020195 0.0188425
v -0.183539 0.0202132 0.0188126
v -0.183503 0.0202342 0.0187795
v -0.18347 0.0202577 0.0187437
v -0.183443 0.0202834 0.0187056
v -0.183421 0.0203111 0.0186655
v -0.183403 0.0203405 0.0186241
v -0.183392 0.0203711 0.0185816
v -0.183386 0.0204027 0.0185387
v -0.183386 0.0204348 0.0184958
v -0.183391 0.0204672 0.0184534
v -0.183402 0.0204994 0.018412
v -0.183419 0.0205311 0.018372
v -0.183441 0.0205619 0.0183341
v -0.183468 0.0205914 0.0182984
v -0.1835 0.0206194 0.0182656
v -0.183536 0.0206454 0.0182359
v -0.183576 0.0206692 0.0182097
v -0.183878 0.020153 0.01894
v -0.22259 0.0224918 0.0211982
v -0.222696 0.0224149 0.0228475
v -0.222891 0.0224453 0.022834
v -0.223081 0.0224877 0.0228039
v -0.223266 0.0225415 0.0227577
v -0.223442 0.0226063 0.0226958
v -0.223607 0.0226812 0.022619
v -0.223761 0.0227655 0.022528
v -0.223901 0.0228581 0.0224238
v -0.224025 0.0229582 0.0223077
v -0.224133 0.0230645 0.022181
v -0.224223 0.0231759 0.022045
v -0.224294 0.0232911 0.0219012
v -0.224345 0.0234089 0.0217512
v -0.224376 0.0235279 0.0215968
v -0.224387 0.0236469 0.0214396
v -0.224426 0.0236698 0.0214567
v -0.224469 0.0236894 0.0214714
v -0.224513 0.0237056 0.0214835
v -0.22456 0.0237182 0.021493
v -0.224607 0.0237272 0.0214997
v -0.222698 0.0224101 0.0228962
v -0.222897 0.0224412 0.0228824
v -0.223092 0.0224845 0.0228517
v -0.22328 0.0225396 0.0228044
v -0.22346 0.0226058 0.0227411
v -0.22363 0.0226824 0.0226625
v -0.223787 0.0227685 0.0225695
v -0.22393 0.0228633 0.022463
v -0.224057 0.0229656 0.0223443
v -0.224167 0.0230742 0.0222147
v -0.224259 0.0231881 0.0220757
v -0.224332 0.0233059 0.0219287
v -0.224384 0.0234264 0.0217753
v -0.224416 0.0235481 0.0216174
v -0.222701 0.0224006 0.0229442
v -0.222904 0.0224324 0.0229301
v -0.223103 0.0224767 0.0228986
v -0.223296 0.0225331 0.0228503
v -0.22348 0.0226008 0.0227855
v -0.223654 0.0226792 0.0227051
v -0.223814 0.0227673 0.0226099
v -0.223961 0.0228642 0.022501
v -0.224091 0.0229689 0.0223796
v -0.224204 0.0230801 0.022247
v -0.224298 0.0231966 0.0221047
v -0.224372 0.0233171 0.0219543
v -0.224426 0.0234404 0.0217974
v -0.224458 0.0235649 0.0216359
v -0.222704 0.0223865 0.022991
v -0.222912 0.022419 0.0229765
v -0.223116 0.0224644 0.0229444
v -0.223313 0.0225221 0.0228949
v -0.223502 0.0225914 0.0228286
v -0.223679 0.0226716 0.0227463
v -0.223844 0.0227618 0.0226489
v -0.223993 0.022861 0.0225374
v -0.224127 0.0229681 0.0224131
v -0.224242 0.0230819 0.0222774
v -0.224338 0.0232012 0.0221317
v -0.224414 0.0233246 0.0219778
v -0.224469 0.0234507 0.0218172
v -0.224502 0.0235782 0.0216519
v -0.222707 0.0223679 0.0230362
v -0.22292 0.0224012 0.0230214
v -0.223129 0.0224476 0.0229884
v -0.223331 0.0225067 0.0229378
v -0.223524 0.0225776 0.0228699
v -0.223706 0.0226597 0.0227857
v -0.223874 0.0227521 0.0226859
v -0.224027 0.0228537 0.0225718
v -0.224164 0.0229633 0.0224446
v -0.224282 0.0230798 0.0223056
v -0.224381 0.0232019 0.0221566
v -0.224458 0.0233282 0.021999
v -0.224514 0.0234573 0.0218346
v -0.224548 0.0235878 0.0216653
v -0.222711 0.0223449 0.0230793
v -0.222929 0.0223791 0.0230641
v -0.223143 0.0224266 0.0230304
v -0.22335 0.022487 0.0229786
v -0.223547 0.0225597 0.0229091
v -0.223733 0.0226437 0.0228229
v -0.223906 0.0227382 0.0227208
v -0.224063 0.0228422 0.022604
v -0.224202 0.0229544 0.0224737
v -0.224323 0.0230737 0.0223315
v -0.224424 0.0231986 0.0221789
v -0.224504 0.0233279 0.0220176
v -0.224561 0.0234601 0.0218494
v -0.224596 0.0235936 0.0216761
v -0.223091 0.0227936 0.0208653
v -0.223082 0.0227619 0.0209065
v -0.223069 0.0227304 0.0209465
v -0.22305 0.0226997 0.0209849
v -0.223026 0.02267 0.0210212
v -0.222997 0.0226416 0.021055
v -0.222964 0.0226149 0.021086
v -0.222926 0.0225902 0.0211138
v -0.222885 0.0225677 0.021138
v -0.222841 0.0225477 0.0211586
v -0.222794 0.0225304 0.0211751
v -0.222745 0.0225161 0.0211874
v -0.222694 0.0225048 0.0211954
v -0.222642 0.0224967 0.021199
v -0.223093 0.0228254 0.0208234
v -0.224607 0.0269896 0.0171497
v -0.22456 0.0269807 0.017143
v -0.224513 0.0269681 0.0171336
v -0.224469 0.0269519 0.0171214
v -0.224426 0.0269323 0.0171067
v -0.224387 0.0269094 0.0170896
v -0.223093 0.0260879 0.0164734
v -0.224376 0.0270273 0.016931
v -0.224345 0.0271424 0.0167732
v -0.224294 0.0272535 0.0166179
v -0.224222 0.0273594 0.0164668
v -0.224132 0.027459 0.0163215
v -0.224024 0.027551 0.0161838
v -0.223899 0.0276345 0.0160552
v -0.223759 0.0277085 0.015937
v -0.223605 0.0277722 0.0158306
v -0.223439 0.0278249 0.0157372
v -0.223262 0.0278661 0.0156579
v -0.223077 0.0278951 0.0155934
v -0.222886 0.0279119 0.0155446
v -0.222691 0.027916 0.015512
v -0.222494 0.0279076 0.0154959
v -0.222298 0.0278867 0.0154965
v -0.222291 0.0279314 0.0154779
v -0.222284 0.0279741 0.0154549
v -0.222277 0.0280144 0.0154279
v -0.22227 0.0280518 0.0153969
v -0.222264 0.028086 0.0153624
v -0.224416 0.0270527 0.0169446
v -0.224384 0.0271704 0.0167832
v -0.224331 0.0272841 0.0166244
v -0.224259 0.0273924 0.0164699
v -0.224166 0.0274941 0.0163214
v -0.224056 0.0275882 0.0161806
v -0.223928 0.0276736 0.0160491
v -0.223785 0.0277492 0.0159283
v -0.223627 0.0278144 0.0158195
v -0.223457 0.0278683 0.015724
v -0.223277 0.0279103 0.0156429
v -0.223088 0.0279401 0.015577
v -0.222893 0.0279572 0.0155271
v -0.222693 0.0279614 0.0154937
v -0.222492 0.0279528 0.0154772
v -0.224458 0.0270751 0.0169556
v -0.224425 0.0271956 0.0167905
v -0.224372 0.0273118 0.016628
v -0.224297 0.0274226 0.0164699
v -0.224203 0.0275267 0.016318
v -0.22409 0.027623 0.0161739
v -0.223959 0.0277103 0.0160394
v -0.223812 0.0277877 0.0159157
v -0.223651 0.0278544 0.0158045
v -0.223477 0.0279095 0.0157068
v -0.223293 0.0279526 0.0156238
v -0.223099 0.027983 0.0155564
v -0.2229 0.0280005 0.0155053
v -0.222695 0.0280049 0.0154711
v -0.222489 0.027996 0.0154543
v -0.224502 0.0270942 0.0169638
v -0.224469 0.0272175 0.0167948
v -0.224414 0.0273365 0.0166285
v -0.224338 0.0274499 0.0164667
v -0.224241 0.0275565 0.0163112
v -0.224125 0.027655 0.0161638
v -0.223992 0.0277443 0.016026
v -0.223841 0.0278236 0.0158995
v -0.223676 0.0278918 0.0157856
v -0.223498 0.0279483 0.0156856
v -0.223309 0.0279923 0.0156007
v -0.223112 0.0280235 0.0155317
v -0.222907 0.0280414 0.0154794
v -0.222698 0.0280458 0.0154445
v -0.222487 0.0280368 0.0154272
v -0.224548 0.0271098 0.0169693
v -0.224514 0.027236 0.0167963
v -0.224458 0.0273578 0.016626
v -0.22438 0.0274739 0.0164604
v -0.224281 0.027583 0.0163012
v -0.224162 0.0276839 0.0161503
v -0.224026 0.0277754 0.0160093
v -0.223872 0.0278565 0.0158798
v -0.223703 0.0279263 0.0157632
v -0.223521 0.0279841 0.0156608
v -0.223327 0.0280292 0.0155739
v -0.223125 0.0280611 0.0155032
v -0.222916 0.0280794 0.0154497
v -0.222702 0.028084 0.0154139
v -0.222486 0.0280747 0.0153963
v -0.224596 0.0271218 0.0169719
v -0.224561 0.027251 0.0167948
v -0.224503 0.0273757 0.0166205
v -0.224423 0.0274945 0.016451
v -0.224322 0.0276062 0.0162881
v -0.224201 0.0277094 0.0161336
v -0.224061 0.027803 0.0159892
v -0.223903 0.0278861 0.0158567
v -0.22373 0.0279576 0.0157373
v -0.223544 0.0280167 0.0156326
v -0.223346 0.0280629 0.0155435
v -0.223139 0.0280955 0.0154712
v -0.222924 0.0281143 0.0154165
v -0.222706 0.0281189 0.0153798
v -0.222485 0.0281095 0.0153618
v -0.222589 0.0263542 0.0160482
v -0.222641 0.0263564 0.0160525
v -0.222693 0.0263553 0.0160612
v -0.222744 0.0263508 0.0160742
v -0.222793 0.0263431 0.0160914
v -0.22284 0.0263321 0.0161126
v -0.222885 0.026318 0.0161375
v -0.222926 0.026301 0.0161659
v -0.222963 0.0262813 0.0161974
v -0.222997 0.026259 0.0162317
v -0.223026 0.0262345 0.0162685
v -0.22305 0.0262079 0.0163072
v -0.223069 0.0261797 0.0163475
v -0.223082 0.02615 0.016389
v -0.223091 0.0261193 0.0164311
v -0.222536 0.0263486 0.0160483
v -0.184149 0.0228055 0.0171094
v -0.184156 0.0227713 0.0171438
v -0.184162 0.0227339 0.0171748
v -0.184169 0.0226937 0.0172018
v -0.184176 0.022651 0.0172248
v -0.184183 0.0226062 0.0172434
v -0.184174 0.0209901 0.0178649
v -0.184218 0.0210117 0.0178422
v -0.184316 0.0210464 0.0178096
v -0.184368 0.0210589 0.0178001
v -0.184266 0.0210306 0.0178237
v -0.184421 0.0210681 0.0177953
v -0.183421 0.0223949 0.0174193
v -0.1836 0.0224655 0.01735
v -0.183788 0.0225246 0.0172972
v -0.183983 0.0225717 0.0172615
v -0.183971 0.0226157 0.0172433
v -0.183772 0.0225676 0.0172798
v -0.18358 0.0225071 0.0173338
v -0.183397 0.0224349 0.0174047
v -0.18396 0.0226576 0.0172208
v -0.183755 0.0226084 0.0172581
v -0.183559 0.0225464 0.0173134
v -0.183372 0.0224726 0.0173859
v -0.183948 0.022697 0.0171942
v -0.183739 0.0226466 0.0172324
v -0.183538 0.0225832 0.0172889
v -0.183347 0.0225077 0.0173631
v -0.183936 0.0227336 0.0171637
v -0.183722 0.0226819 0.0172028
v -0.183516 0.0226171 0.0172607
v -0.183321 0.0225397 0.0173367
v -0.183925 0.0227669 0.0171297
v -0.183706 0.022714 0.0171697
v -0.183495 0.0226476 0.017229
v -0.183295 0.0225685 0.0173067
v -0.22249 0.0222971 -0.0231163
v -0.183778 0.0199583 -0.0208581
v -0.222716 0.0223179 -0.0231199
v -0.222939 0.0223529 -0.0231044
v -0.18166 0.0210327 -0.0191313
v -0.181659 0.0211711 -0.0189467
v -0.181809 0.0206389 -0.0196773
v -0.223158 0.0224015 -0.0230699
v -0.22271 0.0281504 -0.0153425
v -0.222934 0.0281456 -0.01538
v -0.181802 0.0215853 -0.0184144
v -0.181897 0.0217177 -0.0182509
v -0.181682 0.0213104 -0.0187643
v -0.18173 0.021449 -0.0185862
v -0.181736 0.0207651 -0.0194987
v -0.181686 0.0208969 -0.0193161
v -0.223369 0.0224633 -0.0230168
v -0.223761 0.0226237 -0.0228575
v -0.223571 0.0225377 -0.0229458
v -0.224365 0.0230636 -0.0223547
v -0.224241 0.0229416 -0.0225003
v -0.22455 0.0233238 -0.0220335
v -0.224468 0.0231915 -0.0221986
v -0.223365 0.028093 -0.01551
v -0.223568 0.0280458 -0.0156011
v -0.223153 0.0281264 -0.0154361
v -0.182013 0.0218448 -0.0180977
v -0.182151 0.0219651 -0.0179564
v -0.181906 0.0205197 -0.0198496
v -0.224098 0.0228268 -0.0226335
v -0.223938 0.0227204 -0.0227531
v -0.223935 0.0279121 -0.0158305
v -0.224096 0.0278271 -0.0159661
v -0.182024 0.0204089 -0.0200137
v -0.183101 0.0199837 -0.0207302
v -0.182888 0.0200216 -0.0206501
v -0.224609 0.023459 -0.0218614
v -0.224656 0.0269948 -0.0171536
v -0.223758 0.0279852 -0.0157083
v -0.222484 0.0281407 -0.015324
v -0.182163 0.0203078 -0.0201678
v -0.182685 0.0200736 -0.0205525
v -0.182496 0.0201392 -0.0204388
v -0.183322 0.0199604 -0.020792
v -0.224656 0.0237323 -0.0215036
v -0.224468 0.0275114 -0.0164386
v -0.224549 0.0273898 -0.0166121
v -0.22424 0.0277313 -0.0161138
v -0.224364 0.0276257 -0.0162719
v -0.182321 0.0202176 -0.02031
v -0.183548 0.0199519 -0.0208348
v -0.224644 0.0235957 -0.0216841
v -0.224644 0.0271301 -0.0169716
v -0.224608 0.0272622 -0.0167904
v -0.184143 0.0228362 -0.0170716
v -0.222258 0.0281167 -0.0153247
v -0.18248 0.0221796 -0.0177161
v -0.182307 0.0220771 -0.0178287
v -0.183913 0.0227966 -0.0170925
v -0.183077 0.0225005 -0.0173712
v -0.183689 0.0227426 -0.0171334
v -0.183474 0.0226746 -0.017194
v -0.183269 0.0225936 -0.0172736
v -0.222291 0.0279314 -0.0154779
v -0.222298 0.0278867 -0.0154965
v -0.222494 0.0279076 -0.0154959
v -0.222691 0.027916 -0.015512
v -0.222886 0.0279119 -0.0155446
v -0.223077 0.0278951 -0.0155934
v -0.223262 0.0278661 -0.0156579
v -0.223439 0.0278249 -0.0157372
v -0.223605 0.0277722 -0.0158306
v -0.223759 0.0277085 -0.015937
v -0.223899 0.0276345 -0.0160552
v -0.224024 0.027551 -0.0161838
v -0.224132 0.027459 -0.0163215
v -0.224222 0.0273594 -0.0164668
v -0.224294 0.0272535 -0.0166179
v -0.224345 0.0271424 -0.0167732
v -0.224376 0.0270273 -0.016931
v -0.224387 0.0269094 -0.0170896
v -0.222284 0.0279741 -0.0154549
v -0.224426 0.0269323 -0.0171067
v -0.222277 0.0280144 -0.0154279
v -0.224469 0.0269519 -0.0171214
v -0.22227 0.0280518 -0.0153969
v -0.224513 0.0269681 -0.0171336
v -0.222264 0.028086 -0.0153624
v -0.22456 0.0269807 -0.017143
v -0.224607 0.0269896 -0.0171497
v -0.222492 0.0279528 -0.0154772
v -0.222693 0.0279614 -0.0154937
v -0.222893 0.0279572 -0.0155271
v -0.223088 0.0279401 -0.015577
v -0.223277 0.0279103 -0.0156429
v -0.223457 0.0278683 -0.015724
v -0.223627 0.0278144 -0.0158195
v -0.223785 0.0277492 -0.0159283
v -0.223928 0.0276736 -0.0160491
v -0.224056 0.0275882 -0.0161806
v -0.224166 0.0274941 -0.0163214
v -0.224259 0.0273924 -0.0164699
v -0.224331 0.0272841 -0.0166244
v -0.224384 0.0271704 -0.0167832
v -0.224416 0.0270527 -0.0169446
v -0.222489 0.027996 -0.0154543
v -0.222695 0.0280049 -0.0154711
v -0.2229 0.0280005 -0.0155053
v -0.223099 0.027983 -0.0155564
v -0.223293 0.0279526 -0.0156238
v -0.223477 0.0279095 -0.0157068
v -0.223651 0.0278544 -0.0158045
v -0.223812 0.0277877 -0.0159157
v -0.223959 0.0277103 -0.0160394
v -0.22409 0.027623 -0.0161739
v -0.224203 0.0275267 -0.016318
v -0.224297 0.0274226 -0.0164699
v -0.224372 0.0273118 -0.016628
v -0.224425 0.0271956 -0.0167905
v -0.224458 0.0270751 -0.0169556
v -0.222487 0.0280368 -0.0154272
v -0.222698 0.0280458 -0.0154445
v -0.222907 0.0280414 -0.0154794
v -0.223112 0.0280235 -0.0155317
v -0.223309 0.0279923 -0.0156007
v -0.223498 0.0279483 -0.0156856
v -0.223676 0.0278918 -0.0157856
v -0.223841 0.0278236 -0.0158995
v -0.223992 0.0277443 -0.016026
v -0.224125 0.027655 -0.0161638
v -0.224241 0.0275565 -0.0163112
v -0.224338 0.0274499 -0.0164667
v -0.224414 0.0273365 -0.0166285
v -0.224469 0.0272175 -0.0167948
v -0.224502 0.0270942 -0.0169638
v -0.222486 0.0280747 -0.0153963
v -0.222702 0.028084 -0.0154139
v -0.222916 0.0280794 -0.0154497
v -0.223125 0.0280611 -0.0155032
v -0.223327 0.0280292 -0.0155739
v -0.223521 0.0279841 -0.0156608
v -0.223703 0.0279263 -0.0157632
v -0.223872 0.0278565 -0.0158798
v -0.224026 0.0277754 -0.0160093
v -0.224162 0.0276839 -0.0161503
v -0.224281 0.027583 -0.0163012
v -0.22438 0.0274739 -0.0164604
v -0.224458 0.0273578 -0.016626
v -0.224514 0.027236 -0.0167963
v -0.224548 0.0271098 -0.0169693
v -0.222485 0.0281095 -0.0153618
v -0.222706 0.0281189 -0.0153798
v -0.222924 0.0281143 -0.0154165
v -0.223139 0.0280955 -0.0154712
v -0.223346 0.0280629 -0.0155435
v -0.223544 0.0280167 -0.0156326
v -0.22373 0.0279576 -0.0157373
v -0.223903 0.0278861 -0.0158567
v -0.224061 0.027803 -0.0159892
v -0.224201 0.0277094 -0.0161336
v -0.224322 0.0276062 -0.0162881
v -0.224423 0.0274945 -0.016451
v -0.224503 0.0273757 -0.0166205
v -0.224561 0.027251 -0.0167948
v -0.224596 0.0271218 -0.0169719
v -0.184183 0.0226062 -0.0172434
v -0.184176 0.022651 -0.0172248
v -0.184169 0.0226937 -0.0172018
v -0.184162 0.0227339 -0.0171748
v -0.184156 0.0227713 -0.0171438
v -0.184149 0.0228055 -0.0171094
v -0.224387 0.0236469 -0.0214396
v -0.224426 0.0236698 -0.0214567
v -0.224469 0.0236894 -0.0214714
v -0.224513 0.0237056 -0.0214835
v -0.22456 0.0237182 -0.021493
v -0.224607 0.0237272 -0.0214997
v -0.223091 0.0261193 -0.0164311
v -0.223082 0.02615 -0.016389
v -0.223069 0.0261797 -0.0163475
v -0.22305 0.0262079 -0.0163072
v -0.223026 0.0262345 -0.0162685
v -0.222997 0.026259 -0.0162317
v -0.222963 0.0262813 -0.0161974
v -0.222926 0.026301 -0.0161659
v -0.222885 0.026318 -0.0161375
v -0.22284 0.0263321 -0.0161126
v -0.222793 0.0263431 -0.0160914
v -0.222744 0.0263508 -0.0160742
v -0.222693 0.0263553 -0.0160612
v -0.222641 0.0263564 -0.0160525
v -0.222589 0.0263542 -0.0160482
v -0.222536 0.0263486 -0.0160483
v -0.223093 0.0260879 -0.0164734
v -0.223093 0.0228254 -0.0208234
v -0.224376 0.0235279 -0.0215968
v -0.224345 0.0234089 -0.0217512
v -0.224294 0.0232911 -0.0219012
v -0.224223 0.0231759 -0.022045
v -0.224133 0.0230645 -0.022181
v -0.224025 0.0229582 -0.0223077
v -0.223901 0.0228581 -0.0224238
v -0.223761 0.0227655 -0.022528
v -0.223607 0.0226812 -0.022619
v -0.223442 0.0226063 -0.0226958
v -0.223266 0.0225415 -0.0227577
v -0.223081 0.0224877 -0.0228039
v -0.222891 0.0224453 -0.022834
v -0.222696 0.0224149 -0.0228475
v -0.2225 0.0223968 -0.0228444
v -0.222497 0.0223916 -0.022893
v -0.222495 0.0223816 -0.0229409
v -0.222493 0.0223671 -0.0229876
v -0.222492 0.022348 -0.0230327
v -0.222491 0.0223246 -0.0230757
v -0.224416 0.0235481 -0.0216174
v -0.224384 0.0234264 -0.0217753
v -0.224332 0.0233059 -0.0219287
v -0.224259 0.0231881 -0.0220757
v -0.224167 0.0230742 -0.0222147
v -0.224057 0.0229656 -0.0223443
v -0.22393 0.0228633 -0.022463
v -0.223787 0.0227685 -0.0225695
v -0.22363 0.0226824 -0.0226625
v -0.22346 0.0226058 -0.0227411
v -0.22328 0.0225396 -0.0228044
v -0.223092 0.0224845 -0.0228517
v -0.222897 0.0224412 -0.0228824
v -0.222698 0.0224101 -0.0228962
v -0.224458 0.0235649 -0.0216359
v -0.224426 0.0234404 -0.0217974
v -0.224372 0.0233171 -0.0219543
v -0.224298 0.0231966 -0.0221047
v -0.224204 0.0230801 -0.022247
v -0.224091 0.0229689 -0.0223796
v -0.223961 0.0228642 -0.022501
v -0.223814 0.0227673 -0.0226099
v -0.223654 0.0226792 -0.0227051
v -0.22348 0.0226008 -0.0227855
v -0.223296 0.0225331 -0.0228503
v -0.223103 0.0224767 -0.0228986
v -0.222904 0.0224324 -0.0229301
v -0.222701 0.0224006 -0.0229442
v -0.224502 0.0235782 -0.0216519
v -0.224469 0.0234507 -0.0218172
v -0.224414 0.0233246 -0.0219778
v -0.224338 0.0232012 -0.0221317
v -0.224242 0.0230819 -0.0222774
v -0.224127 0.0229681 -0.0224131
v -0.223993 0.022861 -0.0225374
v -0.223844 0.0227618 -0.0226489
v -0.223679 0.0226716 -0.0227463
v -0.223502 0.0225914 -0.0228286
v -0.223313 0.0225221 -0.0228949
v -0.223116 0.0224644 -0.0229444
v -0.222912 0.022419 -0.0229765
v -0.222704 0.0223865 -0.022991
v -0.224548 0.0235878 -0.0216653
v -0.224514 0.0234573 -0.0218346
v -0.224458 0.0233282 -0.021999
v -0.224381 0.0232019 -0.0221566
v -0.224282 0.0230798 -0.0223056
v -0.224164 0.0229633 -0.0224446
v -0.224027 0.0228537 -0.0225718
v -0.223874 0.0227521 -0.0226859
v -0.223706 0.0226597 -0.0227857
v -0.223524 0.0225776 -0.0228699
v -0.223331 0.0225067 -0.0229378
v -0.223129 0.0224476 -0.0229884
v -0.22292 0.0224012 -0.0230214
v -0.222707 0.0223679 -0.0230362
v -0.224596 0.0235936 -0.0216761
v -0.224561 0.0234601 -0.0218494
v -0.224504 0.0233279 -0.0220176
v -0.224424 0.0231986 -0.0221789
v -0.224323 0.0230737 -0.0223315
v -0.224202 0.0229544 -0.0224737
v -0.224063 0.0228422 -0.022604
v -0.223906 0.0227382 -0.0227208
v -0.223733 0.0226437 -0.0228229
v -0.223547 0.0225597 -0.0229091
v -0.22335 0.022487 -0.0229786
v -0.223143 0.0224266 -0.0230304
v -0.222929 0.0223791 -0.0230641
v -0.222711 0.0223449 -0.0230793
v -0.222642 0.0224967 -0.021199
v -0.222694 0.0225048 -0.0211954
v -0.222745 0.0225161 -0.0211874
v -0.222794 0.0225304 -0.0211751
v -0.222841 0.0225477 -0.0211586
v -0.222885 0.0225677 -0.021138
v -0.222926 0.0225902 -0.0211138
v -0.222964 0.0226149 -0.021086
v -0.222997 0.0226416 -0.021055
v -0.223026 0.02267 -0.0210212
v -0.22305 0.0226997 -0.0209849
v -0.223069 0.0227304 -0.0209465
v -0.223082 0.0227619 -0.0209065
v -0.223091 0.0227936 -0.0208653
v -0.22259 0.0224918 -0.0211982
v -0.183788 0.0200579 -0.0205862
v -0.183785 0.0200527 -0.0206348
v -0.183783 0.0200428 -0.0206827
v -0.183781 0.0200282 -0.0207294
v -0.18378 0.0200091 -0.0207745
v -0.183779 0.0199858 -0.0208176
v -0.184421 0.0210681 -0.0177953
v -0.183227 0.022352 -0.0174916
v -0.183254 0.0223138 -0.0175043
v -0.183421 0.0223949 -0.0174193
v -0.1836 0.0224655 -0.01735
v -0.183788 0.0225246 -0.0172972
v -0.183983 0.0225717 -0.0172615
v -0.183198 0.0223878 -0.0174748
v -0.183168 0.0224208 -0.0174541
v -0.183138 0.0224508 -0.0174298
v -0.183108 0.0224775 -0.0174021
v -0.183397 0.0224349 -0.0174047
v -0.18358 0.0225071 -0.0173338
v -0.183772 0.0225676 -0.0172798
v -0.183971 0.0226157 -0.0172433
v -0.183372 0.0224726 -0.0173859
v -0.183559 0.0225464 -0.0173134
v -0.183755 0.0226084 -0.0172581
v -0.18396 0.0226576 -0.0172208
v -0.183347 0.0225077 -0.0173631
v -0.183538 0.0225832 -0.0172889
v -0.183739 0.0226466 -0.0172324
v -0.183948 0.022697 -0.0171942
v -0.183321 0.0225397 -0.0173367
v -0.183516 0.0226171 -0.0172607
v -0.183722 0.0226819 -0.0172028
v -0.183936 0.0227336 -0.0171637
v -0.183295 0.0225685 -0.0173067
v -0.183495 0.0226476 -0.017229
v -0.183706 0.022714 -0.0171697
v -0.183925 0.0227669 -0.0171297
v -0.183878 0.020153 -0.01894
v -0.183588 0.0200523 -0.0205659
v -0.183391 0.0200597 -0.0205286
v -0.183198 0.0200801 -0.0204747
v -0.183012 0.0201131 -0.0204049
v -0.182836 0.0201584 -0.02032
v -0.182671 0.0202155 -0.0202209
v -0.182519 0.0202838 -0.0201087
v -0.182381 0.0203624 -0.0199848
v -0.18226 0.0204505 -0.0198506
v -0.182157 0.020547 -0.0197077
v -0.182073 0.0206508 -0.0195575
v -0.182009 0.0207607 -0.019402
v -0.181965 0.0208755 -0.0192429
v -0.181943 0.0209939 -0.019082
v -0.181942 0.0211144 -0.0189212
v -0.181962 0.0212357 -0.0187623
v -0.182004 0.0213564 -0.0186071
v -0.182067 0.0214752 -0.0184575
v -0.182149 0.0215906 -0.0183151
v -0.182251 0.0217013 -0.0181816
v -0.18237 0.021806 -0.0180585
v -0.182506 0.0219036 -0.0179473
v -0.182657 0.0219929 -0.0178492
v -0.182629 0.0220311 -0.0178364
v -0.1826 0.0220669 -0.0178197
v -0.182571 0.0220999 -0.017799
v -0.182541 0.0221299 -0.0177747
v -0.18251 0.0221566 -0.017747
v -0.183581 0.020047 -0.0206141
v -0.183379 0.0200546 -0.0205759
v -0.183182 0.0200753 -0.0205209
v -0.182992 0.0201091 -0.0204495
v -0.182812 0.0201555 -0.0203627
v -0.182643 0.0202139 -0.0202613
v -0.182488 0.0202837 -0.0201467
v -0.182347 0.020364 -0.02002
v -0.182223 0.0204541 -0.0198828
v -0.182118 0.0205527 -0.0197366
v -0.182032 0.0206589 -0.0195831
v -0.181966 0.0207713 -0.0194241
v -0.181922 0.0208886 -0.0192614
v -0.181899 0.0210096 -0.0190969
v -0.181898 0.0211329 -0.0189325
v -0.181919 0.0212569 -0.01877
v -0.181962 0.0213804 -0.0186114
v -0.182025 0.0215018 -0.0184584
v -0.18211 0.0216197 -0.0183128
v -0.182214 0.0217329 -0.0181763
v -0.182336 0.02184 -0.0180505
v -0.182475 0.0219398 -0.0179367
v -0.183574 0.0200369 -0.0206615
v -0.183367 0.0200447 -0.0206225
v -0.183166 0.0200659 -0.0205662
v -0.182972 0.0201005 -0.0204931
v -0.182787 0.0201479 -0.0204043
v -0.182615 0.0202077 -0.0203006
v -0.182455 0.0202791 -0.0201833
v -0.182312 0.0203613 -0.0200537
v -0.182185 0.0204534 -0.0199133
v -0.182077 0.0205543 -0.0197637
v -0.181989 0.0206629 -0.0196067
v -0.181922 0.0207779 -0.019444
v -0.181876 0.020898 -0.0192776
v -0.181853 0.0210218 -0.0191093
v -0.181852 0.0211479 -0.018941
v -0.181874 0.0212748 -0.0187748
v -0.181917 0.0214011 -0.0186125
v -0.181983 0.0215253 -0.018456
v -0.182069 0.021646 -0.018307
v -0.182175 0.0217618 -0.0181674
v -0.1823 0.0218714 -0.0180386
v -0.182442 0.0219735 -0.0179223
v -0.183567 0.0200222 -0.0207077
v -0.183356 0.0200301 -0.0206678
v -0.18315 0.0200519 -0.0206101
v -0.182951 0.0200873 -0.0205354
v -0.182762 0.0201358 -0.0204445
v -0.182585 0.020197 -0.0203383
v -0.182422 0.02027 -0.0202183
v -0.182275 0.0203542 -0.0200856
v -0.182146 0.0204485 -0.0199419
v -0.182035 0.0205518 -0.0197888
v -0.181945 0.0206629 -0.0196281
v -0.181876 0.0207807 -0.0194616
v -0.18183 0.0209036 -0.0192913
v -0.181806 0.0210303 -0.019119
v -0.181805 0.0211593 -0.0189468
v -0.181827 0.0212892 -0.0187766
v -0.181871 0.0214185 -0.0186105
v -0.181938 0.0215456 -0.0184503
v -0.182027 0.0216692 -0.0182978
v -0.182135 0.0217877 -0.0181549
v -0.182263 0.0218998 -0.0180231
v -0.182409 0.0220043 -0.0179041
v -0.183561 0.020003 -0.0207523
v -0.183344 0.0200111 -0.0207114
v -0.183133 0.0200334 -0.0206524
v -0.18293 0.0200696 -0.0205759
v -0.182737 0.0201193 -0.0204828
v -0.182555 0.0201819 -0.0203742
v -0.182389 0.0202567 -0.0202512
v -0.182238 0.0203429 -0.0201155
v -0.182105 0.0204394 -0.0199684
v -0.181992 0.0205451 -0.0198117
v -0.1819 0.0206589 -0.0196471
v -0.18183 0.0207794 -0.0194767
v -0.181782 0.0209052 -0.0193023
v -0.181758 0.0210349 -0.0191259
v -0.181757 0.0211671 -0.0189497
v -0.181779 0.0213 -0.0187755
v -0.181825 0.0214323 -0.0186054
v -0.181893 0.0215625 -0.0184414
v -0.181984 0.021689 -0.0182853
v -0.182095 0.0218103 -0.018139
v -0.182226 0.0219251 -0.0180041
v -0.182375 0.0220321 -0.0178822
v -0.183554 0.0199795 -0.0207948
v -0.183333 0.0199878 -0.020753
v -0.183117 0.0200106 -0.0206926
v -0.182909 0.0200476 -0.0206142
v -0.182711 0.0200985 -0.0205189
v -0.182525 0.0201626 -0.0204077
v -0.182355 0.0202392 -0.0202819
v -0.182201 0.0203274 -0.0201429
v -0.182065 0.0204261 -0.0199924
v -0.181949 0.0205344 -0.019832
v -0.181855 0.0206509 -0.0196636
v -0.181783 0.0207742 -0.0194891
v -0.181734 0.020903 -0.0193106
v -0.181709 0.0210358 -0.0191301
v -0.181708 0.021171 -0.0189496
v -0.181731 0.0213071 -0.0187714
v -0.181778 0.0214425 -0.0185973
v -0.181848 0.0215757 -0.0184294
v -0.18194 0.0217052 -0.0182697
v -0.182054 0.0218294 -0.0181199
v -0.182188 0.0219469 -0.0179818
v -0.182341 0.0220564 -0.017857
v -0.183421 0.0203111 -0.0186655
v -0.183624 0.0201798 -0.018869
v -0.183671 0.0201677 -0.0188916
v -0.183539 0.0202132 -0.0188126
v -0.18358 0.020195 -0.0188425
v -0.183721 0.0201589 -0.0189103
v -0.183503 0.0202342 -0.0187795
v -0.183443 0.0202834 -0.0187056
v -0.183772 0.0201535 -0.0189246
v -0.18347 0.0202577 -0.0187437
v -0.183825 0.0201515 -0.0189346
v -0.183392 0.0203711 -0.0185816
v -0.183403 0.0203405 -0.0186241
v -0.183386 0.0204027 -0.0185387
v -0.183402 0.0204994 -0.018412
v -0.183391 0.0204672 -0.0184534
v -0.183386 0.0204348 -0.0184958
v -0.184266 0.0210306 -0.0178237
v -0.184218 0.0210117 -0.0178422
v -0.183468 0.0205914 -0.0182984
v -0.183441 0.0205619 -0.0183341
v -0.184316 0.0210464 -0.0178096
v -0.184368 0.0210589 -0.0178001
v -0.183419 0.0205311 -0.018372
v -0.183536 0.0206454 -0.0182359
v -0.1835 0.0206194 -0.0182656
v -0.183576 0.0206692 -0.0182097
v -0.184174 0.0209901 -0.0178649
usemtl 0.000000_0.705882_1.000000_0.000000_0.000000
f 4460//4950 4345//4951 3986//4952
f 4461//4952 4343//4953 4345//4951
f 4345//4951 4460//4950 4461//4952
f 4461//4952 4462//4954 4343//4953
f 3986//4952 3985//4955 4460//4950
f 4460//4950 3985//4955 3987//4956
f 4463//4956 3987//4956 3988//4957
f 4464//4957 3988//4957 3989//4958
f 4465//4958 3989//4958 3990//4959
f 4466//4959 3990//4959 3993//4960
f 4467//4960 3993//4960 3994//4961
f 4468//4961 3994//4961 3992//4962
f 4469//4962 3992//4962 3991//4963
f 3991//4963 4470//4963 4469//4962
f 3992//4962 4469//4962 4468//4961
f 3994//4961 4468//4961 4467//4960
f 3993//4960 4467//4960 4466//4959
f 3990//4959 4466//4959 4465//4958
f 3989//4958 4465//4958 4464//4957
f 3988//4957 4464//4957 4463//4956
f 3987//4956 4463//4956 4460//4950
f 4462//4954 4471//4964 4343//4953
f 4352//4964 4472//4964 4473//4964
f 4474//4964 4352//4964 4351//4964
f 4473//4964 4475//4964 4352//4964
f 4351//4964 4471//4964 4474//4964
f 4471//4964 4349//4964 4348//4964
f 4474//4964 4472//4964 4352//4964
f 4471//4964 4346//4964 4344//4964
f 4348//4964 4347//4964 4471//4964
f 4475//4964 4476//4964 4352//4964
f 4347//4964 4346//4964 4471//4964
f 4471//4964 4351//4964 4350//4964
f 4476//4964 4477//4964 4352//4964
f 4478//4964 4479//4964 4354//4964
f 4479//4964 4480//4964 4481//4964
f 4350//4964 4349//4964 4471//4964
f 4477//4964 4482//4964 4352//4964
f 4354//4964 4355//4964 4478//4964
f 4479//4964 4483//4964 4480//4964
f 4482//4964 4478//4964 4352//4964
f 4355//4964 4353//4964 4478//4964
f 4479//4964 4478//4964 4483//4964
f 4353//4964 4352//4964 4478//4964
f 4344//4964 4343//4964 4471//4964
f 4481//4964 4484//4964 4479//4964
f 4511//5005 4512//5005 4513//5006
f 4514//5006 4513//5006 4515//5007
f 4516//5007 4515//5007 4517//5008
f 4518//5008 4517//5008 4519//5009
f 4519//5009 4520//5010 4521//5010
f 4520//5010 4479//5011 4484//5011
f 4484//5011 4521//5010 4520//5010
f 4521//5010 4522//5012 4519//5009
f 4519//5009 4522//5012 4518//5008
f 4517//5008 4518//5008 4516//5007
f 4515//5007 4516//5007 4514//5006
f 4513//5006 4514//5006 4511//5005
f 3511//5672 5051//5672 5052//5673
f 3510//5674 5053//5674 5051//5672
f 3512//5675 5054//5675 5053//5674
f 3513//5676 5055//5676 5054//5675
f 3514//5677 5056//5677 5055//5676
f 3517//5678 5057//5678 5056//5677
f 3518//5679 5058//5679 5057//5678
f 3519//5680 5059//5680 5058//5679
f 3519//5680 5060//5681 5061//5682
f 3515//5682 5062//5683 5060//5681
f 5060//5681 3519//5680 3515//5682
f 3515//5682 3880//5684 5062//5683
f 3880//5684 3879//5683 5062//5683
f 5061//5682 5059//5680 3519//5680
f 5058//5679 3518//5679 3519//5680
f 5057//5678 3517//5678 3518//5679
f 5056//5677 3514//5677 3517//5678
f 5055//5676 3513//5676 3514//5677
f 5054//5675 3512//5675 3513//5676
f 5053//5674 3510//5674 3512//5675
f 5051//5672 3511//5672 3510//5674
f 5052//5673 3516//5685 3511//5672
f 5063//5686 3877//5686 3876//5686
f 3878//5686 5063//5686 5064//5686
f 3879//5686 5065//5686 5066//5686
f 3876//5686 3875//5686 5063//5686
f 5064//5686 3879//5686 3878//5686
f 3879//5686 5067//5686 5068//5686
f 5066//5686 5069//5686 3879//5686
f 3878//5686 3877//5686 5063//5686
f 5069//5686 5067//5686 3879//5686
f 3879//5686 5064//5686 5070//5686
f 3875//5686 3874//5686 5063//5686
f 5063//5686 3869//5686 3868//5686
f 5070//5686 5065//5686 3879//5686
f 3874//5686 3873//5686 5063//5686
f 5063//5686 3870//5686 3869//5686
f 3873//5686 3872//5686 5063//5686
f 5071//5686 5072//5686 5073//5686
f 5063//5686 3871//5686 3870//5686
f 5068//5686 5062//5686 3879//5686
f 5073//5686 5074//5686 5071//5686
f 3872//5686 3871//5686 5063//5686
f 5074//5686 5075//5686 5071//5686
f 5075//5686 5063//5686 5071//5686
f 3868//5686 5071//5686 5063//5686
f 5102//5725 5103//5725 5072//5726
f 5104//5727 5105//5727 5103//5725
f 5106//5728 5107//5728 5105//5727
f 5108//5729 5109//5729 5107//5728
f 5110//5730 5111//5730 5109//5729
f 5112//5731 5113//5731 5111//5730
f 5111//5730 5110//5730 5112//5731
f 5109//5729 5108//5729 5110//5730
f 5107//5728 5106//5728 5108//5729
f 5105//5727 5104//5727 5106//5728
f 5103//5725 5102//5725 5104//5727
f 5072//5726 5071//5732 5102//5725
f 6214//7092 6199//7092 6196//7093
f 6215//7093 6196//7093 6195//7094
f 6216//7094 6195//7094 6194//7095
f 6217//7095 6194//7095 6193//7096
f 6218//7096 6193//7096 6197//7097
f 6197//7097 6198//7098 6219//7098
f 6219//7098 6220//7097 6197//7097
f 6197//7097 6220//7097 6218//7096
f 6193//7096 6218//7096 6217//7095
f 6194//7095 6217//7095 6216//7094
f 6195//7094 6216//7094 6215//7093
f 6196//7093 6215//7093 6214//7092
f 6211//7098 6221//7098 6222//7098
f 6223//7098 6211//7098 6210//7098
f 6222//7098 6224//7098 6211//7098
f 6210//7098 6225//7098 6223//7098
f 6225//7098 6208//7098 6207//7098
f 6223//7098 6221//7098 6211//7098
f 6225//7098 6205//7098 6202//7098
f 6207//7098 6206//7098 6225//7098
f 6224//7098 6226//7098 6211//7098
f 6206//7098 6205//7098 6225//7098
f 6225//7098 6210//7098 6209//7098
f 6226//7098 6227//7098 6211//7098
f 6228//7098 6198//7098 6200//7098
f 6198//7098 6229//7098 6230//7098
f 6209//7098 6208//7098 6225//7098
f 6227//7098 6231//7098 6211//7098
f 6200//7098 6213//7098 6228//7098
f 6198//7098 6232//7098 6229//7098
f 6231//7098 6228//7098 6211//7098
f 6213//7098 6212//7098 6228//7098
f 6198//7098 6228//7098 6232//7098
f 6212//7098 6211//7098 6228//7098
f 6202//7098 6201//7098 6225//7098
f 6230//7098 6219//7098 6198//7098
f 6243//7100 6203//7101 6204//7102
f 6244//7102 6201//7103 6203//7101
f 6203//7101 6243//7100 6244//7102
f 6244//7102 6245//7104 6201//7103
f 6204//7102 6233//7105 6243//7100
f 6234//7106 6246//7106 6243//7100
f 6239//7107 6247//7107 6246//7106
f 6235//7108 6248//7108 6247//7107
f 6240//7109 6249//7109 6248//7108
f 6241//7110 6250//7110 6249//7109
f 6242//7111 6251//7111 6250//7110
f 6237//7112 6252//7112 6251//7111
f 6236//7113 6253//7113 6252//7112
f 6252//7112 6237//7112 6236//7113
f 6251//7111 6242//7111 6237//7112
f 6250//7110 6241//7110 6242//7111
f 6249//7109 6240//7109 6241//7110
f 6248//7108 6235//7108 6240//7109
f 6247//7107 6239//7107 6235//7108
f 6246//7106 6234//7106 6239//7107
f 6243//7100 6233//7105 6234//7106
f 6245//7104 6225//7114 6201//7103
f 7608//8762 7612//8762 7613//8763
f 7614//8764 7612//8762 7608//8762
f 7605//8765 7615//8765 7614//8764
f 7609//8766 7616//8766 7615//8765
f 7610//8767 7617//8767 7616//8766
f 7611//8768 7618//8768 7617//8767
f 7617//8767 7610//8767 7611//8768
f 7616//8766 7609//8766 7610//8767
f 7615//8765 7605//8765 7609//8766
f 7614//8764 7607//8769 7605//8765
f 7608//8762 7607//8769 7614//8764
f 7613//8763 7606//8770 7608//8762
f 7619//8770 7601//8770 7600//8770
f 7602//8770 7619//8770 7620//8770
f 7603//8770 7621//8770 7622//8770
f 7600//8770 7599//8770 7619//8770
f 7620//8770 7603//8770 7602//8770
f 7603//8770 7623//8770 7624//8770
f 7622//8770 7625//8770 7603//8770
f 7602//8770 7601//8770 7619//8770
f 7625//8770 7623//8770 7603//8770
f 7603//8770 7620//8770 7626//8770
f 7599//8770 7598//8770 7619//8770
f 7619//8770 7593//8770 7592//8770
f 7626//8770 7621//8770 7603//8770
f 7598//8770 7597//8770 7619//8770
f 7619//8770 7594//8770 7593//8770
f 7597//8770 7596//8770 7619//8770
f 7606//8770 7613//8770 7627//8770
f 7619//8770 7595//8770 7594//8770
f 7624//8770 7628//8770 7603//8770
f 7627//8770 7629//8770 7606//8770
f 7596//8770 7595//8770 7619//8770
f 7629//8770 7630//8770 7606//8770
f 7630//8770 7619//8770 7606//8770
f 7592//8770 7606//8770 7619//8770
f 7631//8771 7586//8771 7587//8772
f 7632//8772 7587//8772 7589//8773
f 7633//8773 7589//8773 7591//8774
f 7634//8774 7591//8774 7590//8775
f 7635//8775 7590//8775 7584//8776
f 7636//8776 7584//8776 7583//8777
f 7637//8777 7583//8777 7588//8778
f 7638//8778 7588//8778 7585//8779
f 7585//8779 7639//8780 7640//8781
f 7582//8781 7628//8782 7639//8780
f 7639//8780 7585//8779 7582//8781
f 7582//8781 7604//8783 7628//8782
f 7604//8783 7603//8782 7628//8782
f 7640//8781 7641//8784 7585//8779
f 7585//8779 7641//8784 7638//8778
f 7588//8778 7638//8778 7637//8777
f 7583//8777 7637//8777 7636//8776
f 7584//8776 7636//8776 7635//8775
f 7590//8775 7635//8775 7634//8774
f 7591//8774 7634//8774 7633//8773
f 7589//8773 7633//8773 7632//8772
f 7587//8772 7632//8772 7631//8771
f 7668//8823 5120//8823 5123//8823
f 7668//8823 5117//8823 5120//8823
f 7668//8823 5114//8823 5115//8823
f 7669//8823 5510//8823 5511//8823
f 7668//8823 5135//8823 5138//8823
f 7668//8823 5126//8823 5129//8823
f 5115//8823 5117//8823 7668//8823
f 5144//8823 7670//8823 7671//8823
f 5144//8823 7672//8823 7673//8823
f 5144//8823 7674//8823 7675//8823
f 5511//8823 5512//8823 7669//8823
f 7669//8823 5508//8823 5509//8823
f 7668//8823 5132//8823 5135//8823
f 5123//8823 5126//8823 7668//8823
f 7671//8823 7676//8823 5144//8823
f 7673//8823 7677//8823 5144//8823
f 7675//8823 7678//8823 5144//8823
f 5314//8823 7679//8823 7680//8823
f 5314//8823 7681//8823 7682//8823
f 5314//8823 7683//8823 7684//8823
f 5509//8823 5510//8823 7669//8823
f 7669//8823 5506//8823 5507//8823
f 7669//8823 5314//8823 5504//8823
f 5129//8823 5132//8823 7668//8823
f 5114//8823 7668//8823 5113//8823
f 7677//8823 7670//8823 5144//8823
f 7678//8823 7685//8823 5144//8823
f 5314//8823 7686//8823 7679//8823
f 5314//8823 7687//8823 7681//8823
f 5314//8823 7669//8823 7683//8823
f 5507//8823 5508//8823 7669//8823
f 5504//8823 5505//8823 7669//8823
f 5113//8823 5112//8823 5114//8823
f 7685//8823 7672//8823 5144//8823
f 5314//8823 7688//8823 7686//8823
f 7684//8823 7687//8823 5314//8823
f 7669//8823 5513//8823 6199//8823
f 5505//8823 5506//8823 7669//8823
f 7676//8823 7668//8823 5144//8823
f 7689//8823 7674//8823 5144//8823
f 7682//8823 7688//8823 5314//8823
f 5512//8823 5513//8823 7669//8823
f 5144//8823 5314//8823 7689//8823
f 6199//8823 6214//8823 7669//8823
f 7680//8823 7689//8823 5314//8823
f 5138//8823 5144//8823 7668//8823
f 9736//11372 9757//11372 9760//11372
f 9751//11372 9735//11372 9739//11372
f 9367//11372 6490//11372 6493//11372
f 9367//11372 6307//11372 6481//11372
f 9551//11372 9560//11372 9563//11372
f 9522//11372 9539//11372 9542//11372
f 9736//11372 9754//11372 9757//11372
f 9751//11372 9742//11372 9745//11372
f 9751//11372 9736//11372 9735//11372
f 9367//11372 6487//11372 6490//11372
f 6481//11372 6484//11372 9367//11372
f 6694//11372 6685//11372 6688//11372
f 6694//11372 6679//11372 6682//11372
f 9563//11372 9566//11372 9551//11372
f 9551//11372 9554//11372 9557//11372
f 9542//11372 9545//11372 9522//11372
f 9736//11372 9751//11372 9754//11372
f 9739//11372 9742//11372 9751//11372
f 9367//11372 6496//11372 6499//11372
f 6484//11372 6487//11372 9367//11372
f 6679//11372 6694//11372 6697//11372
f 6682//11372 6685//11372 6694//11372
f 6700//11372 6655//11372 6673//11372
f 9557//11372 9560//11372 9551//11372
f 9545//11372 9548//11372 9522//11372
f 9745//11372 9748//11372 9751//11372
f 6493//11372 6496//11372 9367//11372
f 6688//11372 6691//11372 6694//11372
f 6673//11372 6676//11372 6700//11372
f 9548//11372 9551//11372 9522//11372
f 9343//11372 9764//11372 9718//11372
f 9718//11372 9764//11372 9736//11372
f 9367//11372 6302//11372 6307//11372
f 9367//11372 6293//11372 6296//11372
f 9367//11372 6284//11372 6287//11372
f 7044//11372 9361//11372 9364//11372
f 6676//11372 6679//11372 6700//11372
f 9566//11372 9522//11372 9551//11372
f 9760//11372 9718//11372 9736//11372
f 9346//11372 9765//11372 9766//11372
f 6499//11372 6502//11372 9367//11372
f 6296//11372 6299//11372 9367//11372
f 6287//11372 6290//11372 9367//11372
f 9364//11372 7043//11372 7044//11372
f 7045//11372 9359//11372 9358//11372
f 9367//11372 7042//11372 7041//11372
f 9367//11372 7039//11372 7040//11372
f 6697//11372 6700//11372 6679//11372
f 9718//11372 9539//11372 9343//11372
f 9346//11372 9767//11372 9765//11372
f 6307//11372 6478//11372 6481//11372
f 6290//11372 6293//11372 9367//11372
f 9367//11372 6280//11372 6281//11372
f 6238//11372 9367//11372 9111//11372
f 9358//11372 9361//11372 7045//11372
f 7040//11372 7042//11372 9367//11372
f 9367//11372 7037//11372 7038//11372
f 6502//11372 6852//11372 7037//11372
f 6852//11372 6502//11372 6655//11372
f 7586//11372 9349//11372 9352//11372
f 9522//11372 9343//11372 9539//11372
f 9346//11372 9768//11372 9767//11372
f 6307//11372 6476//11372 6478//11372
f 6281//11372 6284//11372 9367//11372
f 9111//11372 6236//11372 6238//11372
f 9359//11372 7045//11372 7046//11372
f 7044//11372 7045//11372 9361//11372
f 7038//11372 7039//11372 9367//11372
f 6700//11372 6852//11372 6655//11372
f 9352//11372 9355//11372 7586//11372
f 9768//11372 9346//11372 9349//11372
f 9346//11372 9769//11372 9764//11372
f 9766//11372 9770//11372 9346//11372
f 7586//11372 9771//11372 9772//11372
f 6299//11372 6302//11372 9367//11372
f 6238//11372 6280//11372 9367//11372
f 9364//11372 9367//11372 7043//11372
f 7037//11372 9367//11372 6502//11372
f 9349//11372 7586//11372 9768//11372
f 9770//11372 9769//11372 9346//11372
f 9772//11372 9773//11372 7586//11372
f 7586//11372 7631//11372 9774//11372
f 9111//11372 6253//11372 6236//11372
f 7041//11372 7043//11372 9367//11372
f 9343//11372 9346//11372 9764//11372
f 9774//11372 9771//11372 7586//11372
f 7046//11372 7586//11372 9359//11372
f 9773//11372 9768//11372 7586//11372
f 9355//11372 9359//11372 7586//11372
f 6307//11372 6459//11372 6476//11372
f 10723//12766 4913//12766 4915//12766
f 10723//12766 4919//12766 4920//12766
f 10723//12766 4916//12766 4917//12766
f 10723//12766 4914//12766 4913//12766
f 4708//12766 10872//12766 10875//12766
f 10723//12766 4918//12766 4919//12766
f 4915//12766 4916//12766 10723//12766
f 4708//12766 10884//12766 10887//12766
f 10875//12766 10878//12766 4708//12766
f 4523//12766 10891//12766 10892//12766
f 4523//12766 10893//12766 10894//12766
f 4523//12766 10895//12766 10896//12766
f 10897//12766 4547//12766 4550//12766
f 10723//12766 4921//12766 4922//12766
f 4917//12766 4918//12766 10723//12766
f 10887//12766 10890//12766 4708//12766
f 10878//12766 10881//12766 4708//12766
f 4708//12766 10861//12766 10864//12766
f 4523//12766 10898//12766 10891//12766
f 4523//12766 10899//12766 10893//12766
f 4523//12766 10900//12766 10895//12766
f 4550//12766 4553//12766 10897//12766
f 10897//12766 4541//12766 4544//12766
f 4920//12766 4921//12766 10723//12766
f 4914//12766 10723//12766 7618//12766
f 10881//12766 10884//12766 4708//12766
f 10864//12766 10869//12766 4708//12766
f 4523//12766 10901//12766 10898//12766
f 10896//12766 10899//12766 4523//12766
f 4544//12766 4547//12766 10897//12766
f 10897//12766 4535//12766 4538//12766
f 10897//12766 4524//12766 4527//12766
f 7618//12766 7611//12766 4914//12766
f 10869//12766 10872//12766 4708//12766
f 10894//12766 10901//12766 4523//12766
f 10900//12766 4523//12766 4512//12766
f 4538//12766 4541//12766 10897//12766
f 4527//12766 4532//12766 10897//12766
f 10890//12766 10723//12766 4708//12766
f 10897//12766 10861//12766 4708//12766
f 4512//12766 4511//12766 10900//12766
f 4532//12766 4535//12766 10897//12766
f 4708//12766 4524//12766 10897//12766
f 4553//12766 4523//12766 10897//12766
f 10892//12766 10897//12766 4523//12766
f 4922//12766 4708//12766 10723//12766
f 12433//14640 12415//14640 12418//14640
f 12433//14640 12388//14640 12406//14640
f 12424//14640 12427//14640 12430//14640
f 12418//14640 12421//14640 12433//14640
f 12406//14640 12409//14640 12433//14640
f 12013//14640 2737//14640 2740//14640
f 12421//14640 12424//14640 12433//14640
f 12409//14640 12412//14640 12433//14640
f 12192//14640 12229//14640 12232//14640
f 12192//14640 12217//14640 12220//14640
f 12013//14640 2734//14640 2737//14640
f 12013//14640 2728//14640 2731//14640
f 12013//14640 2719//14640 2722//14640
f 12412//14640 12415//14640 12433//14640
f 12192//14640 12226//14640 12229//14640
f 12192//14640 12214//14640 12217//14640
f 12192//14640 12209//14640 12211//14640
f 2910//14640 2925//14640 2928//14640
f 2910//14640 2916//14640 2919//14640
f 2910//14640 2909//14640 2913//14640
f 2731//14640 2734//14640 12013//14640
f 2722//14640 2725//14640 12013//14640
f 12430//14640 12433//14640 12424//14640
f 12434//14640 12192//14640 12235//14640
f 12192//14640 12223//14640 12226//14640
f 12211//14640 12214//14640 12192//14640
f 12014//14640 3278//14640 3279//14640
f 2910//14640 2922//14640 2925//14640
f 2913//14640 2916//14640 2910//14640
f 2725//14640 2728//14640 12013//14640
f 12013//14640 2713//14640 2716//14640
f 12235//14640 12388//14640 12434//14640
f 12220//14640 12223//14640 12192//14640
f 12014//14640 3281//14640 3282//14640
f 3279//14640 3280//14640 12014//14640
f 3274//14640 12017//14640 12020//14640
f 12017//14640 3274//14640 3276//14640
f 2910//14640 2931//14640 2934//14640
f 2919//14640 2922//14640 2910//14640
f 2716//14640 2719//14640 12013//14640
f 12232//14640 12235//14640 12192//14640
f 3280//14640 3281//14640 12014//14640
f 12014//14640 3276//14640 3277//14640
f 3276//14640 12014//14640 12017//14640
f 2928//14640 2931//14640 2910//14640
f 3088//14640 2713//14640 12013//14640
f 11779//14640 2694//14640 2695//14640
f 12013//14640 2688//14640 2689//14640
f 2740//14640 2696//14640 12013//14640
f 12434//14640 12040//14640 12192//14640
f 3282//14640 3283//14640 12014//14640
f 12020//14640 12023//14640 3274//14640
f 2934//14640 2892//14640 2910//14640
f 12013//14640 12014//14640 3088//14640
f 2695//14640 5052//14640 11779//14640
f 12013//14640 2691//14640 2690//14640
f 12013//14640 2687//14640 2688//14640
f 2696//14640 2685//14640 12013//14640
f 12434//14640 12035//14640 12040//14640
f 12435//14640 3991//14640 12032//14640
f 3277//14640 3278//14640 12014//14640
f 3088//14640 2910//14640 2713//14640
f 11779//14640 12013//14640 2694//14640
f 12013//14640 2692//14640 2693//14640
f 2689//14640 2691//14640 12013//14640
f 2685//14640 2686//14640 12013//14640
f 12035//14640 12436//14640 12437//14640
f 12035//14640 12438//14640 12439//14640
f 12433//14640 12434//14640 12388//14640
f 12032//14640 12035//14640 12435//14640
f 3991//14640 12023//14640 12026//14640
f 2892//14640 2713//14640 2910//14640
f 12023//14640 3991//14640 3275//14640
f 2693//14640 2694//14640 12013//14640
f 2686//14640 2687//14640 12013//14640
f 12437//14640 12440//14640 12035//14640
f 12439//14640 12441//14640 12035//14640
f 12434//14640 12442//14640 12035//14640
f 12435//14640 12443//14640 3991//14640
f 12026//14640 12029//14640 3991//14640
f 3275//14640 3274//14640 12023//14640
f 2690//14640 2692//14640 12013//14640
f 12440//14640 12444//14640 12035//14640
f 12442//14640 12438//14640 12035//14640
f 12029//14640 12032//14640 3991//14640
f 2695//14640 3516//14640 5052//14640
f 12441//14640 12436//14640 12035//14640
f 3283//14640 3088//14640 12014//14640
f 12443//14640 4470//14640 3991//14640
f 12444//14640 12435//14640 12035//14640
