# split from base_link.obj by material (color_0)
v -0.0687563 -0.032 0.0663095
v -0.0687603 -0.0316942 0.0662934
v -0.0687723 -0.031392 0.0662453
v -0.0687922 -0.0310969 0.0661658
v -0.0688196 -0.0308124 0.0660558
v -0.0688543 -0.0305418 0.0659166
v -0.0688959 -0.0302883 0.0657499
v -0.0689438 -0.0300549 0.0655575
v -0.0689976 -0.0298443 0.0653418
v -0.0690566 -0.0296589 0.0651052
v -0.0691201 -0.0295011 0.0648506
v -0.0691873 -0.0293725 0.0645809
v -0.0692575 -0.0292747 0.0642993
v -0.0693299 -0.0292088 0.0640091
v -0.0694035 -0.0291757 0.0637136
v -0.0694776 -0.0291757 0.0634165
v -0.0695513 -0.0292088 0.0631211
v -0.0696236 -0.0292747 0.0628308
v -0.0696939 -0.0293725 0.0625492
v -0.0697611 -0.0295011 0.0622796
v -0.0698246 -0.0296589 0.0620249
v -0.0698836 -0.0298443 0.0617884
v -0.0699374 -0.0300549 0.0615726
v -0.0699853 -0.0302883 0.0613803
v -0.0700269 -0.0305418 0.0612135
v -0.0700616 -0.0308124 0.0610743
v -0.070089 -0.0310969 0.0609643
v -0.0701089 -0.031392 0.0608848
v -0.0701208 -0.0316942 0.0608367
v -0.0701248 -0.032 0.0608206
v -0.0701208 -0.0323058 0.0608367
v -0.0701089 -0.032608 0.0608848
v -0.070089 -0.0329031 0.0609643
v -0.0700616 -0.0331876 0.0610743
v -0.0700269 -0.0334582 0.0612135
v -0.0699853 -0.0337117 0.0613803
v -0.0699374 -0.0339451 0.0615726
v -0.0698836 -0.0341557 0.0617884
v -0.0698246 -0.0343411 0.0620249
v -0.0697611 -0.0344989 0.0622796
v -0.0696939 -0.0346275 0.0625492
v -0.0696236 -0.0347253 0.0628308
v -0.0695513 -0.0347912 0.0631211
v -0.0694776 -0.0348243 0.0634165
v -0.0694035 -0.0348243 0.0637136
v -0.0693299 -0.0347912 0.0640091
v -0.0692575 -0.0347253 0.0642993
v -0.0691873 -0.0346275 0.0645809
v -0.0691201 -0.0344989 0.0648506
v -0.0690566 -0.0343411 0.0651052
v -0.0689976 -0.0341557 0.0653418
v -0.0689438 -0.0339451 0.0655575
v -0.0688959 -0.0337117 0.0657499
v -0.0688543 -0.0334582 0.0659166
v -0.0688196 -0.0331876 0.0660558
v -0.0687922 -0.0329031 0.0661658
v -0.0687723 -0.032608 0.0662453
v -0.0687603 -0.0323058 0.0662934
v -0.0690606 -0.032 0.0662645
v -0.0690645 -0.0317069 0.0662491
v -0.069076 -0.0314172 0.066203
v -0.069095 -0.0311343 0.0661268
v -0.0691213 -0.0308616 0.0660213
v -0.0691545 -0.0306023 0.0658879
v -0.0691944 -0.0303593 0.0657281
v -0.0692403 -0.0301355 0.0655437
v -0.0692919 -0.0299337 0.0653369
v -0.0693484 -0.029756 0.0651101
v -0.0694093 -0.0296047 0.0648661
v -0.0694737 -0.0294814 0.0646075
v -0.0695411 -0.0293877 0.0643376
v -0.0696104 -0.0293246 0.0640594
v -0.069681 -0.0292928 0.0637763
v -0.069752 -0.0292928 0.0634914
v -0.0698226 -0.0293246 0.0632083
v -0.069892 -0.0293877 0.0629301
v -0.0699593 -0.0294814 0.0626602
v -0.0700237 -0.0296047 0.0624016
v -0.0700846 -0.029756 0.0621576
v -0.0701411 -0.0299337 0.0619308
v -0.0701927 -0.0301355 0.061724
v -0.0702387 -0.0303593 0.0615396
v -0.0702785 -0.0306023 0.0613798
v -0.0703118 -0.0308616 0.0612464
v -0.0703381 -0.0311343 0.0611409
v -0.0703571 -0.0314172 0.0610647
v -0.0703686 -0.0317069 0.0610186
v -0.0703724 -0.032 0.0610032
v -0.0703686 -0.0322931 0.0610186
v -0.0703571 -0.0325828 0.0610647
v -0.0703381 -0.0328657 0.0611409
v -0.0703118 -0.0331384 0.0612464
v -0.0702785 -0.0333977 0.0613798
v -0.0702387 -0.0336407 0.0615396
v -0.0701927 -0.0338645 0.061724
v -0.0701411 -0.0340663 0.0619308
v -0.0700846 -0.034244 0.0621576
v -0.0700237 -0.0343953 0.0624016
v -0.0699593 -0.0345186 0.0626602
v -0.069892 -0.0346123 0.0629301
v -0.0698226 -0.0346754 0.0632083
v -0.069752 -0.0347072 0.0634914
v -0.069681 -0.0347072 0.0637763
v -0.0696104 -0.0346754 0.0640594
v -0.0695411 -0.0346123 0.0643376
v -0.0694737 -0.0345186 0.0646075
v -0.0694093 -0.0343953 0.0648661
v -0.0693484 -0.034244 0.0651101
v -0.0692919 -0.0340663 0.0653369
v -0.0692403 -0.0338645 0.0655437
v -0.0691944 -0.0336407 0.0657281
v -0.0691545 -0.0333977 0.0658879
v -0.0691213 -0.0331384 0.0660213
v -0.069095 -0.0328657 0.0661268
v -0.069076 -0.0325828 0.066203
v -0.0690645 -0.0322931 0.0662491
v -0.0693587 -0.032 0.0661886
v -0.0693624 -0.0317226 0.066174
v -0.0693732 -0.0314485 0.0661304
v -0.0693912 -0.0311809 0.0660583
v -0.0694161 -0.0309228 0.0659585
v -0.0694476 -0.0306774 0.0658323
v -0.0694853 -0.0304475 0.065681
v -0.0695288 -0.0302358 0.0655065
v -0.0695776 -0.0300448 0.0653108
v -0.0696311 -0.0298767 0.0650963
v -0.0696886 -0.0297334 0.0648653
v -0.0697496 -0.0296168 0.0646207
v -0.0698133 -0.0295281 0.0643653
v -0.0698789 -0.0294684 0.0641021
v -0.0699457 -0.0294384 0.0638341
v -0.0700129 -0.0294384 0.0635646
v -0.0700798 -0.0294684 0.0632967
v -0.0701454 -0.0295281 0.0630335
v -0.0702091 -0.0296168 0.062778
v -0.07027 -0.0297334 0.0625334
v -0.0703276 -0.0298767 0.0623025
v -0.0703811 -0.0300448 0.0620879
v -0.0704299 -0.0302358 0.0618922
v -0.0704734 -0.0304475 0.0617178
v -0.0705111 -0.0306774 0.0615665
v -0.0705426 -0.0309228 0.0614403
v -0.0705675 -0.0311809 0.0613405
v -0.0705855 -0.0314485 0.0612684
v -0.0705963 -0.0317226 0.0612248
v -0.0706 -0.032 0.0612102
v -0.0705963 -0.0322774 0.0612248
v -0.0705855 -0.0325515 0.0612684
v -0.0705675 -0.0328191 0.0613405
v -0.0705426 -0.0330772 0.0614403
v -0.0705111 -0.0333226 0.0615665
v -0.0704734 -0.0335525 0.0617178
v -0.0704299 -0.0337642 0.0618922
v -0.0703811 -0.0339552 0.0620879
v -0.0703276 -0.0341233 0.0623025
v -0.07027 -0.0342666 0.0625334
v -0.0702091 -0.0343832 0.062778
v -0.0701454 -0.0344719 0.0630335
v -0.0700798 -0.0345316 0.0632967
v -0.0700129 -0.0345616 0.0635646
v -0.0699457 -0.0345616 0.0638341
v -0.0698789 -0.0345316 0.0641021
v -0.0698133 -0.0344719 0.0643653
v -0.0697496 -0.0343832 0.0646207
v -0.0696886 -0.0342666 0.0648653
v -0.0696311 -0.0341233 0.0650963
v -0.0695776 -0.0339552 0.0653108
v -0.0695288 -0.0337642 0.0655065
v -0.0694853 -0.0335525 0.065681
v -0.0694476 -0.0333226 0.0658323
v -0.0694161 -0.0330772 0.0659585
v -0.0693912 -0.0328191 0.0660583
v -0.0693732 -0.0325515 0.0661304
v -0.0693624 -0.0322774 0.066174
v -0.0696475 -0.032 0.0660825
v -0.0696509 -0.0317413 0.0660689
v -0.069661 -0.0314857 0.0660283
v -0.0696778 -0.031236 0.065961
v -0.069701 -0.0309954 0.065868
v -0.0697303 -0.0307665 0.0657502
v -0.0697655 -0.030552 0.0656091
v -0.0698061 -0.0303546 0.0654464
v -0.0698516 -0.0301764 0.0652639
v -0.0699015 -0.0300196 0.0650638
v -0.0699552 -0.0298861 0.0648484
v -0.0700121 -0.0297773 0.0646203
v -0.0700715 -0.0296946 0.064382
v -0.0701327 -0.0296389 0.0641365
v -0.070195 -0.0296109 0.0638866
v -0.0702576 -0.0296109 0.0636353
v -0.0703199 -0.0296389 0.0633854
v -0.0703812 -0.0296946 0.0631399
v -0.0704406 -0.0297773 0.0629017
v -0.0704974 -0.0298861 0.0626735
v -0.0705511 -0.0300196 0.0624581
v -0.070601 -0.0301764 0.062258
v -0.0706465 -0.0303546 0.0620755
v -0.0706871 -0.030552 0.0619128
v -0.0707223 -0.0307665 0.0617717
v -0.0707516 -0.0309954 0.061654
v -0.0707748 -0.031236 0.0615609
v -0.0707916 -0.0314857 0.0614937
v -0.0708017 -0.0317413 0.061453
v -0.0708051 -0.032 0.0614394
v -0.0708017 -0.0322587 0.061453
v -0.0707916 -0.0325143 0.0614937
v -0.0707748 -0.032764 0.0615609
v -0.0707516 -0.0330046 0.061654
v -0.0707223 -0.0332335 0.0617717
v -0.0706871 -0.033448 0.0619128
v -0.0706465 -0.0336454 0.0620755
v -0.070601 -0.0338236 0.062258
v -0.0705511 -0.0339804 0.0624581
v -0.0704974 -0.0341139 0.0626735
v -0.0704406 -0.0342227 0.0629017
v -0.0703812 -0.0343054 0.0631399
v -0.0703199 -0.0343611 0.0633854
v -0.0702576 -0.0343891 0.0636353
v -0.070195 -0.0343891 0.0638866
v -0.0701327 -0.0343611 0.0641365
v -0.0700715 -0.0343054 0.064382
v -0.0700121 -0.0342227 0.0646203
v -0.0699552 -0.0341139 0.0648484
v -0.0699015 -0.0339804 0.0650638
v -0.0698516 -0.0338236 0.0652639
v -0.0698061 -0.0336454 0.0654464
v -0.0697655 -0.033448 0.0656091
v -0.0697303 -0.0332335 0.0657502
v -0.069701 -0.0330046 0.065868
v -0.0696778 -0.032764 0.065961
v -0.069661 -0.0325143 0.0660283
v -0.0696509 -0.0322587 0.0660689
v -0.0699238 -0.032 0.0659475
v -0.069927 -0.0317627 0.065935
v -0.0699363 -0.0315282 0.0658977
v -0.0699516 -0.0312992 0.065836
v -0.0699729 -0.0310785 0.0657507
v -0.0699998 -0.0308685 0.0656427
v -0.0700321 -0.0306718 0.0655133
v -0.0700693 -0.0304907 0.065364
v -0.0701111 -0.0303272 0.0651966
v -0.0701568 -0.0301834 0.065013
v -0.0702061 -0.0300609 0.0648154
v -0.0702583 -0.0299611 0.0646062
v -0.0703128 -0.0298853 0.0643876
v -0.0703689 -0.0298342 0.0641625
v -0.0704261 -0.0298085 0.0639332
v -0.0704835 -0.0298085 0.0637026
v -0.0705407 -0.0298342 0.0634734
v -0.0705968 -0.0298853 0.0632482
v -0.0706513 -0.0299611 0.0630297
v -0.0707035 -0.0300609 0.0628204
v -0.0707528 -0.0301834 0.0626229
v -0.0707985 -0.0303272 0.0624393
v -0.0708403 -0.0304907 0.0622719
v -0.0708775 -0.0306718 0.0621226
v -0.0709098 -0.0308685 0.0619932
v -0.0709367 -0.0310785 0.0618852
v -0.070958 -0.0312992 0.0617999
v -0.0709733 -0.0315282 0.0617382
v -0.0709826 -0.0317627 0.0617009
v -0.0709858 -0.032 0.0616884
v -0.0709826 -0.0322373 0.0617009
v -0.0709733 -0.0324718 0.0617382
v -0.070958 -0.0327008 0.0617999
v -0.0709367 -0.0329215 0.0618852
v -0.0709098 -0.0331315 0.0619932
v -0.0708775 -0.0333282 0.0621226
v -0.0708403 -0.0335093 0.0622719
v -0.0707985 -0.0336728 0.0624393
v -0.0707528 -0.0338166 0.0626229
v -0.0707035 -0.0339391 0.0628204
v -0.0706513 -0.0340389 0.0630297
v -0.0705968 -0.0341147 0.0632482
v -0.0705407 -0.0341658 0.0634734
v -0.0704835 -0.0341915 0.0637026
v -0.0704261 -0.0341915 0.0639332
v -0.0703689 -0.0341658 0.0641625
v -0.0703128 -0.0341147 0.0643876
v -0.0702583 -0.0340389 0.0646062
v -0.0702061 -0.0339391 0.0648154
v -0.0701568 -0.0338166 0.065013
v -0.0701111 -0.0336728 0.0651966
v -0.0700693 -0.0335093 0.065364
v -0.0700321 -0.0333282 0.0655133
v -0.0699998 -0.0331315 0.0656427
v -0.0699729 -0.0329215 0.0657507
v -0.0699516 -0.0327008 0.065836
v -0.0699363 -0.0324718 0.0658977
v -0.069927 -0.0322373 0.065935
v -0.0701849 -0.032 0.0657848
v -0.0701877 -0.0317866 0.0657736
v -0.0701961 -0.0315757 0.0657401
v -0.0702099 -0.0313698 0.0656846
v -0.0702291 -0.0311712 0.0656078
v -0.0702533 -0.0309824 0.0655107
v -0.0702823 -0.0308055 0.0653943
v -0.0703158 -0.0306426 0.0652601
v -0.0703533 -0.0304957 0.0651095
v -0.0703945 -0.0303663 0.0649445
v -0.0704388 -0.0302561 0.0647668
v -0.0704857 -0.0301664 0.0645786
v -0.0705347 -0.0300982 0.0643821
v -0.0705852 -0.0300522 0.0641795
v -0.0706366 -0.0300291 0.0639734
v -0.0706883 -0.0300291 0.063766
v -0.0707397 -0.0300522 0.0635599
v -0.0707902 -0.0300982 0.0633573
v -0.0708392 -0.0301664 0.0631608
v -0.0708861 -0.0302561 0.0629726
v -0.0709304 -0.0303663 0.0627949
v -0.0709716 -0.0304957 0.0626299
v -0.0710091 -0.0306426 0.0624793
v -0.0710426 -0.0308055 0.0623451
v -0.0710716 -0.0309824 0.0622287
v -0.0710958 -0.0311712 0.0621316
v -0.0711149 -0.0313698 0.0620548
v -0.0711288 -0.0315757 0.0619993
v -0.0711371 -0.0317866 0.0619658
v -0.0711399 -0.032 0.0619546
v -0.0711371 -0.0322134 0.0619658
v -0.0711288 -0.0324243 0.0619993
v -0.0711149 -0.0326302 0.0620548
v -0.0710958 -0.0328288 0.0621316
v -0.0710716 -0.0330176 0.0622287
v -0.0710426 -0.0331945 0.0623451
v -0.0710091 -0.0333574 0.0624793
v -0.0709716 -0.0335043 0.0626299
v -0.0709304 -0.0336337 0.0627949
v -0.0708861 -0.0337439 0.0629726
v -0.0708392 -0.0338336 0.0631608
v -0.0707902 -0.0339018 0.0633573
v -0.0707397 -0.0339478 0.0635599
v -0.0706883 -0.0339709 0.063766
v -0.0706366 -0.0339709 0.0639734
v -0.0705852 -0.0339478 0.0641795
v -0.0705347 -0.0339018 0.0643821
v -0.0704857 -0.0338336 0.0645786
v -0.0704388 -0.0337439 0.0647668
v -0.0703945 -0.0336337 0.0649445
v -0.0703533 -0.0335043 0.0651095
v -0.0703158 -0.0333574 0.0652601
v -0.0702823 -0.0331945 0.0653943
v -0.0702533 -0.0330176 0.0655107
v -0.0702291 -0.0328288 0.0656078
v -0.0702099 -0.0326302 0.0656846
v -0.0701961 -0.0324243 0.0657401
v -0.0701877 -0.0322134 0.0657736
v -0.070428 -0.032 0.0655963
v -0.0704305 -0.0318127 0.0655865
v -0.0704378 -0.0316277 0.065557
v -0.0704499 -0.031447 0.0655083
v -0.0704667 -0.0312727 0.065441
v -0.070488 -0.031107 0.0653558
v -0.0705134 -0.0309518 0.0652536
v -0.0705428 -0.0308089 0.0651358
v -0.0705758 -0.0306799 0.0650037
v -0.0706119 -0.0305664 0.0648589
v -0.0706508 -0.0304697 0.0647029
v -0.0706919 -0.030391 0.0645378
v -0.0707349 -0.0303311 0.0643653
v -0.0707792 -0.0302908 0.0641876
v -0.0708243 -0.0302705 0.0640067
v -0.0708697 -0.0302705 0.0638247
v -0.0709148 -0.0302908 0.0636438
v -0.0709591 -0.0303311 0.0634661
v -0.0710021 -0.030391 0.0632937
v -0.0710433 -0.0304697 0.0631285
v -0.0710822 -0.0305664 0.0629726
v -0.0711183 -0.0306799 0.0628277
v -0.0711512 -0.0308089 0.0626956
v -0.0711806 -0.0309518 0.0625778
v -0.0712061 -0.031107 0.0624757
v -0.0712273 -0.0312727 0.0623904
v -0.0712441 -0.031447 0.0623231
v -0.0712562 -0.0316277 0.0622744
v -0.0712636 -0.0318127 0.062245
v -0.071266 -0.032 0.0622351
v -0.0712636 -0.0321873 0.062245
v -0.0712562 -0.0323723 0.0622744
v -0.0712441 -0.032553 0.0623231
v -0.0712273 -0.0327273 0.0623904
v -0.0712061 -0.032893 0.0624757
v -0.0711806 -0.0330482 0.0625778
v -0.0711512 -0.0331911 0.0626956
v -0.0711183 -0.0333201 0.0628277
v -0.0710822 -0.0334336 0.0629726
v -0.0710433 -0.0335303 0.0631285
v -0.0710021 -0.033609 0.0632937
v -0.0709591 -0.0336689 0.0634661
v -0.0709148 -0.0337092 0.0636438
v -0.0708697 -0.0337295 0.0638247
v -0.0708243 -0.0337295 0.0640067
v -0.0707792 -0.0337092 0.0641876
v -0.0707349 -0.0336689 0.0643653
v -0.0706919 -0.033609 0.0645378
v -0.0706508 -0.0335303 0.0647029
v -0.0706119 -0.0334336 0.0648589
v -0.0705758 -0.0333201 0.0650037
v -0.0705428 -0.0331911 0.0651358
v -0.0705134 -0.0330482 0.0652536
v -0.070488 -0.032893 0.0653558
v -0.0704667 -0.0327273 0.065441
v -0.0704499 -0.032553 0.0655083
v -0.0704378 -0.0323723 0.065557
v -0.0704305 -0.0321873 0.0655865
v -0.0706505 -0.032 0.0653839
v -0.0706526 -0.0318408 0.0653755
v -0.0706588 -0.0316835 0.0653505
v -0.0706691 -0.03153 0.0653091
v -0.0706834 -0.0313819 0.0652519
v -0.0707015 -0.031241 0.0651794
v -0.0707231 -0.0311091 0.0650926
v -0.0707481 -0.0309876 0.0649925
v -0.0707761 -0.030878 0.0648802
v -0.0708068 -0.0307815 0.0647571
v -0.0708398 -0.0306994 0.0646246
v -0.0708748 -0.0306324 0.0644842
v -0.0709113 -0.0305815 0.0643376
v -0.070949 -0.0305473 0.0641866
v -0.0709873 -0.03053 0.0640328
v -0.0710259 -0.03053 0.0638782
v -0.0710642 -0.0305473 0.0637244
v -0.0711019 -0.0305815 0.0635734
v -0.0711384 -0.0306324 0.0634268
v -0.0711734 -0.0306994 0.0632864
v -0.0712065 -0.0307815 0.0631539
v -0.0712372 -0.030878 0.0630308
v -0.0712652 -0.0309876 0.0629185
v -0.0712901 -0.0311091 0.0628184
v -0.0713118 -0.031241 0.0627316
v -0.0713298 -0.0313819 0.0626591
v -0.0713441 -0.03153 0.0626019
v -0.0713544 -0.0316835 0.0625605
v -0.0713607 -0.0318408 0.0625355
v -0.0713628 -0.032 0.0625271
v -0.0713607 -0.0321592 0.0625355
v -0.0713544 -0.0323165 0.0625605
v -0.0713441 -0.03247 0.0626019
v -0.0713298 -0.0326181 0.0626591
v -0.0713118 -0.032759 0.0627316
v -0.0712901 -0.0328909 0.0628184
v -0.0712652 -0.0330124 0.0629185
v -0.0712372 -0.033122 0.0630308
v -0.0712065 -0.0332185 0.0631539
v -0.0711734 -0.0333006 0.0632864
v -0.0711384 -0.0333676 0.0634268
v -0.0711019 -0.0334185 0.0635734
v -0.0710642 -0.0334527 0.0637244
v -0.0710259 -0.03347 0.0638782
v -0.0709873 -0.03347 0.0640328
v -0.070949 -0.0334527 0.0641866
v -0.0709113 -0.0334185 0.0643376
v -0.0708748 -0.0333676 0.0644842
v -0.0708398 -0.0333006 0.0646246
v -0.0708068 -0.0332185 0.0647571
v -0.0707761 -0.033122 0.0648802
v -0.0707481 -0.0330124 0.0649925
v -0.0707231 -0.0328909 0.0650926
v -0.0707015 -0.032759 0.0651794
v -0.0706834 -0.0326181 0.0652519
v -0.0706691 -0.03247 0.0653091
v -0.0706588 -0.0323165 0.0653505
v -0.0706526 -0.0321592 0.0653755
v -0.07085 -0.032 0.0651498
v -0.0708517 -0.0318706 0.065143
v -0.0708568 -0.0317427 0.0651227
v -0.0708652 -0.0316179 0.065089
v -0.0708768 -0.0314975 0.0650425
v -0.0708915 -0.031383 0.0649836
v -0.0709091 -0.0312758 0.064913
v -0.0709294 -0.031177 0.0648317
v -0.0709521 -0.0310879 0.0647404
v -0.0709771 -0.0310095 0.0646403
v -0.071004 -0.0309427 0.0645326
v -0.0710324 -0.0308883 0.0644184
v -0.0710621 -0.0308469 0.0642993
v -0.0710927 -0.0308191 0.0641765
v -0.0711239 -0.030805 0.0640515
v -0.0711552 -0.030805 0.0639258
v -0.0711864 -0.0308191 0.0638008
v -0.071217 -0.0308469 0.063678
v -0.0712467 -0.0308883 0.0635589
v -0.0712752 -0.0309427 0.0634448
v -0.071302 -0.0310095 0.063337
v -0.071327 -0.0310879 0.0632369
v -0.0713497 -0.031177 0.0631457
v -0.07137 -0.0312758 0.0630643
v -0.0713876 -0.031383 0.0629937
v -0.0714023 -0.0314975 0.0629348
v -0.0714139 -0.0316179 0.0628883
v -0.0714223 -0.0317427 0.0628546
v -0.0714274 -0.0318706 0.0628343
v -0.0714291 -0.032 0.0628275
v -0.0714274 -0.0321294 0.0628343
v -0.0714223 -0.0322573 0.0628546
v -0.0714139 -0.0323821 0.0628883
v -0.0714023 -0.0325025 0.0629348
v -0.0713876 -0.032617 0.0629937
v -0.07137 -0.0327242 0.0630643
v -0.0713497 -0.032823 0.0631457
v -0.071327 -0.0329121 0.0632369
v -0.071302 -0.0329905 0.063337
v -0.0712752 -0.0330573 0.0634448
v -0.0712467 -0.0331117 0.0635589
v -0.071217 -0.0331531 0.063678
v -0.0711864 -0.0331809 0.0638008
v -0.0711552 -0.033195 0.0639258
v -0.0711239 -0.033195 0.0640515
v -0.0710927 -0.0331809 0.0641765
v -0.0710621 -0.0331531 0.0642993
v -0.0710324 -0.0331117 0.0644184
v -0.071004 -0.0330573 0.0645326
v -0.0709771 -0.0329905 0.0646403
v -0.0709521 -0.0329121 0.0647404
v -0.0709294 -0.032823 0.0648317
v -0.0709091 -0.0327242 0.064913
v -0.0708915 -0.032617 0.0649836
v -0.0708768 -0.0325025 0.0650425
v -0.0708652 -0.0323821 0.065089
v -0.0708568 -0.0322573 0.0651227
v -0.0708517 -0.0321294 0.065143
v -0.0710246 -0.032 0.0648965
v -0.0710259 -0.0319018 0.0648914
v -0.0710297 -0.0318047 0.0648759
v -0.0710361 -0.0317098 0.0648504
v -0.0710449 -0.0316184 0.064815
v -0.0710561 -0.0315315 0.0647703
v -0.0710694 -0.0314501 0.0647167
v -0.0710848 -0.0313751 0.0646549
v -0.0711021 -0.0313074 0.0645856
v -0.0711211 -0.0312479 0.0645096
v -0.0711415 -0.0311971 0.0644278
v -0.0711631 -0.0311558 0.0643412
v -0.0711856 -0.0311244 0.0642507
v -0.0712089 -0.0311033 0.0641575
v -0.0712325 -0.0310926 0.0640625
v -0.0712563 -0.0310926 0.0639671
v -0.07128 -0.0311033 0.0638722
v -0.0713032 -0.0311244 0.0637789
v -0.0713258 -0.0311558 0.0636884
v -0.0713474 -0.0311971 0.0636018
v -0.0713678 -0.0312479 0.06352
v -0.0713868 -0.0313074 0.063444
v -0.071404 -0.0313751 0.0633747
v -0.0714194 -0.0314501 0.0633129
v -0.0714328 -0.0315315 0.0632593
v -0.071444 -0.0316184 0.0632146
v -0.0714528 -0.0317098 0.0631792
v -0.0714591 -0.0318047 0.0631537
v -0.071463 -0.0319018 0.0631382
v -0.0714643 -0.032 0.0631331
v -0.071463 -0.0320982 0.0631382
v -0.0714591 -0.0321953 0.0631537
v -0.0714528 -0.0322902 0.0631792
v -0.071444 -0.0323816 0.0632146
v -0.0714328 -0.0324685 0.0632593
v -0.0714194 -0.0325499 0.0633129
v -0.071404 -0.0326249 0.0633747
v -0.0713868 -0.0326926 0.063444
v -0.0713678 -0.0327521 0.06352
v -0.0713474 -0.0328029 0.0636018
v -0.0713258 -0.0328442 0.0636884
v -0.0713032 -0.0328756 0.0637789
v -0.07128 -0.0328967 0.0638722
v -0.0712563 -0.0329074 0.0639671
v -0.0712325 -0.0329074 0.0640625
v -0.0712089 -0.0328967 0.0641575
v -0.0711856 -0.0328756 0.0642507
v -0.0711631 -0.0328442 0.0643412
v -0.0711415 -0.0328029 0.0644278
v -0.0711211 -0.0327521 0.0645096
v -0.0711021 -0.0326926 0.0645856
v -0.0710848 -0.0326249 0.0646549
v -0.0710694 -0.0325499 0.0647167
v -0.0710561 -0.0324685 0.0647703
v -0.0710449 -0.0323816 0.064815
v -0.0710361 -0.0322902 0.0648504
v -0.0710297 -0.0321953 0.0648759
v -0.0710259 -0.0320982 0.0648914
v -0.0711723 -0.032 0.0646267
v -0.0711731 -0.0319339 0.0646232
v -0.0711757 -0.0318686 0.0646128
v -0.07118 -0.0318049 0.0645957
v -0.0711859 -0.0317434 0.0645719
v -0.0711934 -0.0316849 0.0645418
v -0.0712024 -0.0316301 0.0645058
v -0.0712128 -0.0315797 0.0644642
v -0.0712244 -0.0315342 0.0644176
v -0.0712372 -0.0314941 0.0643665
v -0.0712509 -0.03146 0.0643115
v -0.0712654 -0.0314322 0.0642532
v -0.0712806 -0.0314111 0.0641923
v -0.0712962 -0.0313969 0.0641296
v -0.0713121 -0.0313897 0.0640658
v -0.0713281 -0.0313897 0.0640016
v -0.0713441 -0.0313969 0.0639377
v -0.0713597 -0.0314111 0.063875
v -0.0713749 -0.0314322 0.0638142
v -0.0713894 -0.03146 0.0637559
v -0.0714031 -0.0314941 0.0637009
v -0.0714159 -0.0315342 0.0636498
v -0.0714275 -0.0315797 0.0636032
v -0.0714378 -0.0316301 0.0635616
v -0.0714468 -0.0316849 0.0635255
v -0.0714543 -0.0317434 0.0634955
v -0.0714603 -0.0318049 0.0634717
v -0.0714645 -0.0318686 0.0634545
v -0.0714671 -0.0319339 0.0634441
v -0.071468 -0.032 0.0634407
v -0.0714671 -0.0320661 0.0634441
v -0.0714645 -0.0321314 0.0634545
v -0.0714603 -0.0321951 0.0634717
v -0.0714543 -0.0322566 0.0634955
v -0.0714468 -0.0323151 0.0635255
v -0.0714378 -0.0323699 0.0635616
v -0.0714275 -0.0324203 0.0636032
v -0.0714159 -0.0324658 0.0636498
v -0.0714031 -0.0325059 0.0637009
v -0.0713894 -0.03254 0.0637559
v -0.0713749 -0.0325678 0.0638142
v -0.0713597 -0.0325889 0.063875
v -0.0713441 -0.0326031 0.0639377
v -0.0713281 -0.0326103 0.0640016
v -0.0713121 -0.0326103 0.0640658
v -0.0712962 -0.0326031 0.0641296
v -0.0712806 -0.0325889 0.0641923
v -0.0712654 -0.0325678 0.0642532
v -0.0712509 -0.03254 0.0643115
v -0.0712372 -0.0325059 0.0643665
v -0.0712244 -0.0324658 0.0644176
v -0.0712128 -0.0324203 0.0644642
v -0.0712024 -0.0323699 0.0645058
v -0.0711934 -0.0323151 0.0645418
v -0.0711859 -0.0322566 0.0645719
v -0.07118 -0.0321951 0.0645957
v -0.0711757 -0.0321314 0.0646128
v -0.0711731 -0.0320661 0.0646232
v -0.0712916 -0.032 0.0643432
v -0.071292 -0.0319668 0.0643414
v -0.0712933 -0.031934 0.0643362
v -0.0712955 -0.0319019 0.0643276
v -0.0712984 -0.031871 0.0643156
v -0.0713022 -0.0318416 0.0643005
v -0.0713067 -0.0318141 0.0642824
v -0.0713119 -0.0317887 0.0642615
v -0.0713178 -0.0317659 0.0642381
v -0.0713242 -0.0317457 0.0642124
v -0.0713311 -0.0317286 0.0641847
v -0.0713384 -0.0317146 0.0641554
v -0.071346 -0.031704 0.0641248
v -0.0713539 -0.0316968 0.0640933
v -0.0713619 -0.0316933 0.0640612
v -0.0713699 -0.0316933 0.0640289
v -0.0713779 -0.0316968 0.0639969
v -0.0713858 -0.031704 0.0639653
v -0.0713934 -0.0317146 0.0639348
v -0.0714007 -0.0317286 0.0639055
v -0.0714076 -0.0317457 0.0638778
v -0.071414 -0.0317659 0.0638521
v -0.0714198 -0.0317887 0.0638287
v -0.071425 -0.0318141 0.0638078
v -0.0714296 -0.0318416 0.0637897
v -0.0714333 -0.031871 0.0637746
v -0.0714363 -0.0319019 0.0637626
v -0.0714385 -0.031934 0.063754
v -0.0714398 -0.0319668 0.0637488
v -0.0714402 -0.032 0.063747
v -0.0714398 -0.0320332 0.0637488
v -0.0714385 -0.032066 0.063754
v -0.0714363 -0.0320981 0.0637626
v -0.0714333 -0.032129 0.0637746
v -0.0714296 -0.0321584 0.0637897
v -0.071425 -0.0321859 0.0638078
v -0.0714198 -0.0322113 0.0638287
v -0.071414 -0.0322341 0.0638521
v -0.0714076 -0.0322543 0.0638778
v -0.0714007 -0.0322714 0.0639055
v -0.0713934 -0.0322854 0.0639348
v -0.0713858 -0.032296 0.0639653
v -0.0713779 -0.0323032 0.0639969
v -0.0713699 -0.0323067 0.0640289
v -0.0713619 -0.0323067 0.0640612
v -0.0713539 -0.0323032 0.0640933
v -0.071346 -0.032296 0.0641248
v -0.0713384 -0.0322854 0.0641554
v -0.0713311 -0.0322714 0.0641847
v -0.0713242 -0.0322543 0.0642124
v -0.0713178 -0.0322341 0.0642381
v -0.0713119 -0.0322113 0.0642615
v -0.0713067 -0.0321859 0.0642824
v -0.0713022 -0.0321584 0.0643005
v -0.0712984 -0.032129 0.0643156
v -0.0712955 -0.0320981 0.0643276
v -0.0712933 -0.032066 0.0643362
v -0.071292 -0.0320332 0.0643414
v -0.0713812 -0.032 0.0640489
v -0.0703906 -0.0324271 0.0597549
v -0.0703738 -0.0328491 0.059822
v -0.0703462 -0.0332612 0.059933
v -0.0702013 -0.0343904 0.0605139
v -0.0701343 -0.0347164 0.0607826
v -0.0700592 -0.0350105 0.0610838
v -0.0698882 -0.0354899 0.0617698
v -0.0697943 -0.0356695 0.0621464
v -0.0696962 -0.035806 0.0625397
v -0.0690869 -0.0283305 0.0649837
v -0.0691849 -0.028194 0.0645904
v -0.0693889 -0.0280558 0.0637726
v -0.0694923 -0.0280558 0.0633576
v -0.0695952 -0.028102 0.062945
v -0.0696962 -0.028194 0.0625397
v -0.0703079 -0.0336586 0.0600866
v -0.0702594 -0.0340364 0.060281
v -0.0699769 -0.0352694 0.0614142
v -0.0690869 -0.0356695 0.0649837
v -0.068993 -0.0354899 0.0653603
v -0.0689043 -0.0352694 0.0657159
v -0.069286 -0.028102 0.0641851
v -0.0695952 -0.035898 0.062945
v -0.0694923 -0.0359442 0.0633576
v -0.0693889 -0.0359442 0.0637726
v -0.069286 -0.035898 0.0641851
v -0.0691849 -0.035806 0.0645904
v -0.068822 -0.0350105 0.0660463
v -0.0684906 -0.0315729 0.0673753
v -0.0685073 -0.0311509 0.0673081
v -0.0687468 -0.0292836 0.0663476
v -0.068822 -0.0289895 0.0660463
v -0.0689043 -0.0287306 0.0657159
v -0.068993 -0.0285101 0.0653603
v -0.0699769 -0.0287306 0.0614142
v -0.0700592 -0.0289895 0.0610838
v -0.0703738 -0.0311509 0.059822
v -0.0703906 -0.0315729 0.0597549
v -0.0687468 -0.0347164 0.0663476
v -0.0686799 -0.0343904 0.0666162
v -0.0685733 -0.0336586 0.0670435
v -0.068535 -0.0332612 0.0671971
v -0.0685073 -0.0328491 0.0673081
v -0.068535 -0.0307388 0.0671971
v -0.0686218 -0.0299636 0.0668491
v -0.0686799 -0.0296096 0.0666162
v -0.0697943 -0.0283305 0.0621464
v -0.0698882 -0.0285101 0.0617698
v -0.0702594 -0.0299636 0.060281
v -0.0703079 -0.0303414 0.0600866
v -0.0703462 -0.0307388 0.059933
v -0.0686218 -0.0340364 0.0668491
v -0.0685733 -0.0303414 0.0670435
v -0.0701343 -0.0292836 0.0607826
v -0.0702013 -0.0296096 0.0605139
v -0.0703962 -0.032 0.0597324
v -0.0684906 -0.0324271 0.0673753
v -0.068485 -0.032 0.0673977
v -0.0689394 -0.032 0.057308
v -0.068931 -0.0313567 0.0573418
v -0.0689058 -0.0307209 0.0574429
v -0.0688641 -0.0301002 0.0576102
v -0.0688064 -0.0295017 0.0578415
v -0.0687334 -0.0289325 0.0581344
v -0.0686459 -0.0283992 0.0584852
v -0.068545 -0.0279082 0.0588899
v -0.0684319 -0.0274651 0.0593437
v -0.0683078 -0.0270753 0.0598413
v -0.0681742 -0.0267431 0.060377
v -0.0680328 -0.0264726 0.0609443
v -0.0678851 -0.0262669 0.0615367
v -0.0677329 -0.0261284 0.0621472
v -0.0675779 -0.0260587 0.0627687
v -0.0674221 -0.0260587 0.0633938
v -0.0672671 -0.0261284 0.0640152
v -0.0671149 -0.0262669 0.0646257
v -0.0669672 -0.0264726 0.0652181
v -0.0668258 -0.0267431 0.0657855
v -0.0666922 -0.0270753 0.0663211
v -0.0665681 -0.0274651 0.0668187
v -0.066455 -0.0279082 0.0672726
v -0.0663541 -0.0283992 0.0676773
v -0.0662666 -0.0289325 0.0680281
v -0.0661936 -0.0295017 0.0683209
v -0.0661359 -0.0301002 0.0685523
v -0.0660942 -0.0307209 0.0687195
v -0.066069 -0.0313567 0.0688206
v -0.0660606 -0.032 0.0688545
v -0.066069 -0.0326433 0.0688206
v -0.0660942 -0.0332791 0.0687195
v -0.0661359 -0.0338998 0.0685523
v -0.0661936 -0.0344983 0.0683209
v -0.0662666 -0.0350675 0.0680281
v -0.0663541 -0.0356008 0.0676773
v -0.066455 -0.0360918 0.0672726
v -0.0665681 -0.0365349 0.0668187
v -0.0667197 -0.037 0.0662107
v -0.0668258 -0.0372569 0.0657855
v -0.0669672 -0.0375274 0.0652181
v -0.0671149 -0.0377331 0.0646257
v -0.0672671 -0.0378716 0.0640152
v -0.0674221 -0.0379413 0.0633938
v -0.0675779 -0.0379413 0.0627687
v -0.0677329 -0.0378716 0.0621472
v -0.0678851 -0.0377331 0.0615367
v -0.0680328 -0.0375274 0.0609443
v -0.0682803 -0.037 0.0599517
v -0.0681742 -0.0372569 0.060377
v -0.0683078 -0.0369247 0.0598413
v -0.0684319 -0.0365349 0.0593437
v -0.068545 -0.0360918 0.0588899
v -0.0686459 -0.0356008 0.0584852
v -0.0687334 -0.0350675 0.0581344
v -0.0688064 -0.0344983 0.0578415
v -0.0688641 -0.0338998 0.0576102
v -0.0689058 -0.0332791 0.0574429
v -0.068931 -0.0326433 0.0573418
v -0.0666922 -0.0369247 0.0663211
v -0.0727549 -0.0377317 0.0418466
v -0.0621707 -0.0377317 0.0842973
v -0.0622079 -0.037 0.0843065
v -0.0726436 -0.0384554 0.0418189
v -0.0620595 -0.0384554 0.0842695
v -0.0724596 -0.0391631 0.041773
v -0.0618755 -0.0391631 0.0842237
v -0.0722049 -0.0398472 0.0417095
v -0.0616207 -0.0398472 0.0841601
v -0.0718821 -0.0405 0.041629
v -0.061298 -0.0405 0.0840797
v -0.0714949 -0.0411145 0.0415325
v -0.0609108 -0.0411145 0.0839831
v -0.0710475 -0.0416839 0.0414209
v -0.0604634 -0.0416839 0.0838716
v -0.0705448 -0.042202 0.0412956
v -0.0599606 -0.042202 0.0837462
v -0.0699923 -0.0426631 0.0411578
v -0.0594081 -0.0426631 0.0836085
v -0.069396 -0.0430622 0.0410092
v -0.0588119 -0.0430622 0.0834598
v -0.0687626 -0.0433948 0.0408512
v -0.0581784 -0.0433948 0.0833019
v -0.0680989 -0.0436574 0.0406857
v -0.0575147 -0.0436574 0.0831364
v -0.0674122 -0.043847 0.0405145
v -0.056828 -0.043847 0.0829652
v -0.06671 -0.0439617 0.0403394
v -0.0561258 -0.0439617 0.0827901
v -0.066 -0.044 0.0401624
v -0.0554159 -0.044 0.0826131
v -0.0727921 -0.037 0.0418559
v -0.0551853 -0.044 0.0837295
v -0.0550464 -0.044 0.084861
v -0.055 -0.044 0.086
v -0.0557317 -0.0439617 0.086
v -0.0564554 -0.043847 0.086
v -0.0571631 -0.0436574 0.086
v -0.0578472 -0.0433948 0.086
v -0.0585 -0.0430622 0.086
v -0.0591145 -0.0426631 0.086
v -0.0596839 -0.042202 0.086
v -0.060202 -0.0416839 0.086
v -0.0606631 -0.0411145 0.086
v -0.0610622 -0.0405 0.086
v -0.0613948 -0.0398472 0.086
v -0.0616574 -0.0391631 0.086
v -0.061847 -0.0384554 0.086
v -0.0620927 -0.037 0.0848648
v -0.0620232 -0.037 0.0854305
v -0.0619617 -0.0377317 0.086
v -0.062 -0.037 0.086
v -0.0559074 -0.0439617 0.0838482
v -0.0557757 -0.0439617 0.0849205
v -0.0566215 -0.043847 0.0839655
v -0.056497 -0.043847 0.0849794
v -0.0573198 -0.0436574 0.0840803
v -0.0572024 -0.0436574 0.085037
v -0.0579948 -0.0433948 0.0841913
v -0.0578841 -0.0433948 0.0850926
v -0.058639 -0.0430622 0.0842971
v -0.0585348 -0.0430622 0.0851457
v -0.0592454 -0.0426631 0.0843968
v -0.0591473 -0.0426631 0.0851957
v -0.0598072 -0.042202 0.0844891
v -0.0597148 -0.042202 0.0852421
v -0.0603185 -0.0416839 0.0845732
v -0.0602312 -0.0416839 0.0852842
v -0.0607735 -0.0411145 0.0846479
v -0.0606908 -0.0411145 0.0853217
v -0.0611673 -0.0405 0.0847127
v -0.0610885 -0.0405 0.0853542
v -0.0614955 -0.0398472 0.0847666
v -0.06142 -0.0398472 0.0853813
v -0.0617546 -0.0391631 0.0848092
v -0.0616817 -0.0391631 0.0854026
v -0.0619417 -0.0384554 0.0848399
v -0.0618707 -0.0384554 0.085418
v -0.0620548 -0.0377317 0.0848585
v -0.061985 -0.0377317 0.0854274
v -0.0620927 0.037 0.0848648
v -0.0622079 0.037 0.0843065
v -0.0620232 0.037 0.0854305
v -0.062 0.037 0.086
v -0.062 -0.037 0.089
v -0.0619617 -0.0377317 0.089
v -0.061847 -0.0384554 0.089
v -0.0616574 -0.0391631 0.089
v -0.0613948 -0.0398472 0.089
v -0.0610622 -0.0405 0.089
v -0.0606631 -0.0411145 0.089
v -0.060202 -0.0416839 0.089
v -0.0596839 -0.042202 0.089
v -0.0591145 -0.0426631 0.089
v -0.0585 -0.0430622 0.089
v -0.0578472 -0.0433948 0.089
v -0.0571631 -0.0436574 0.089
v -0.0564554 -0.043847 0.089
v -0.0557317 -0.0439617 0.089
v -0.055 -0.044 0.089
v -0.062 0.037 0.089
v -0.0621707 0.0377317 0.0842973
v -0.0620595 0.0384554 0.0842695
v -0.0619617 0.0377317 0.086
v -0.0618755 0.0391631 0.0842237
v -0.061847 0.0384554 0.086
v -0.0616207 0.0398472 0.0841601
v -0.0616574 0.0391631 0.086
v -0.061298 0.0405 0.0840797
v -0.0613948 0.0398472 0.086
v -0.0609108 0.0411145 0.0839831
v -0.0610622 0.0405 0.086
v -0.0604634 0.0416839 0.0838716
v -0.0606631 0.0411145 0.086
v -0.0599606 0.042202 0.0837462
v -0.060202 0.0416839 0.086
v -0.0594081 0.0426631 0.0836085
v -0.0596839 0.042202 0.086
v -0.0588119 0.0430622 0.0834598
v -0.0591145 0.0426631 0.086
v -0.0581784 0.0433948 0.0833019
v -0.0585 0.0430622 0.086
v -0.0575147 0.0436574 0.0831364
v -0.0578472 0.0433948 0.086
v -0.056828 0.043847 0.0829652
v -0.0571631 0.0436574 0.086
v -0.0561258 0.0439617 0.0827901
v -0.0564554 0.043847 0.086
v -0.0554159 0.044 0.0826131
v -0.0551853 0.044 0.0837295
v -0.0550464 0.044 0.084861
v -0.0557317 0.0439617 0.086
v -0.055 0.044 0.086
v -0.0620548 0.0377317 0.0848585
v -0.061985 0.0377317 0.0854274
v -0.0619417 0.0384554 0.0848399
v -0.0618707 0.0384554 0.085418
v -0.0617546 0.0391631 0.0848092
v -0.0616817 0.0391631 0.0854026
v -0.0614955 0.0398472 0.0847666
v -0.06142 0.0398472 0.0853813
v -0.0611673 0.0405 0.0847127
v -0.0610885 0.0405 0.0853542
v -0.0607735 0.0411145 0.0846479
v -0.0606908 0.0411145 0.0853217
v -0.0603185 0.0416839 0.0845732
v -0.0602312 0.0416839 0.0852842
v -0.0598072 0.042202 0.0844891
v -0.0597148 0.042202 0.0852421
v -0.0592454 0.0426631 0.0843968
v -0.0591473 0.0426631 0.0851957
v -0.058639 0.0430622 0.0842971
v -0.0585348 0.0430622 0.0851457
v -0.0579948 0.0433948 0.0841913
v -0.0578841 0.0433948 0.0850926
v -0.0573198 0.0436574 0.0840803
v -0.0572024 0.0436574 0.085037
v -0.0566215 0.043847 0.0839655
v -0.056497 0.043847 0.0849794
v -0.0559074 0.0439617 0.0838482
v -0.0557757 0.0439617 0.0849205
v -0.0727921 0.037 0.0418559
v -0.0727549 0.0377317 0.0418466
v -0.0726436 0.0384554 0.0418189
v -0.0724596 0.0391631 0.041773
v -0.0722049 0.0398472 0.0417095
v -0.0718821 0.0405 0.041629
v -0.0714949 0.0411145 0.0415325
v -0.0710475 0.0416839 0.0414209
v -0.0705448 0.042202 0.0412956
v -0.0699923 0.0426631 0.0411578
v -0.069396 0.0430622 0.0410092
v -0.0687626 0.0433948 0.0408512
v -0.0680989 0.0436574 0.0406857
v -0.0674122 0.043847 0.0405145
v -0.06671 0.0439617 0.0403394
v -0.066 0.044 0.0401624
v -0.0619617 0.0377317 0.089
v -0.061847 0.0384554 0.089
v -0.0616574 0.0391631 0.089
v -0.0613948 0.0398472 0.089
v -0.0610622 0.0405 0.089
v -0.0606631 0.0411145 0.089
v -0.060202 0.0416839 0.089
v -0.0596839 0.042202 0.089
v -0.0591145 0.0426631 0.089
v -0.0585 0.0430622 0.089
v -0.0578472 0.0433948 0.089
v -0.0571631 0.0436574 0.089
v -0.0564554 0.043847 0.089
v -0.0557317 0.0439617 0.089
v -0.055 0.044 0.089
v -0.061 0.037 0.09
v -0.061 -0.037 0.09
v -0.055 -0.043 0.09
v -0.0556272 -0.0429671 0.09
v -0.0562475 -0.0428689 0.09
v -0.0568541 -0.0427063 0.09
v -0.0574404 -0.0424813 0.09
v -0.058 -0.0421962 0.09
v -0.0585267 -0.0418541 0.09
v -0.0590148 -0.0414589 0.09
v -0.0594589 -0.0410148 0.09
v -0.0598541 -0.0405267 0.09
v -0.0601962 -0.04 0.09
v -0.0604813 -0.0394404 0.09
v -0.0607063 -0.0388541 0.09
v -0.0608689 -0.0382475 0.09
v -0.0609671 -0.0376272 0.09
v -0.0609671 0.0376272 0.09
v -0.0608689 0.0382475 0.09
v -0.0607063 0.0388541 0.09
v -0.0604813 0.0394404 0.09
v -0.0601962 0.04 0.09
v -0.0598541 0.0405267 0.09
v -0.0594589 0.0410148 0.09
v -0.0590148 0.0414589 0.09
v -0.0585267 0.0418541 0.09
v -0.058 0.0421962 0.09
v -0.0574404 0.0424813 0.09
v -0.0568541 0.0427063 0.09
v -0.0562475 0.0428689 0.09
v -0.0556272 0.0429671 0.09
v -0.055 0.043 0.09
v 0 -0.044 0.089
v 1.16898e-19 -0.043 0.09
v 1.35998e-17 0.043 0.09
v 1.37965e-17 0.044 0.089
v 0.00464912 0.0427479 0.09
v 0.00475724 0.0437421 0.089
v 0.00924373 0.0419947 0.09
v 0.0094587 0.0429713 0.089
v 0.01373 0.0407491 0.09
v 0.0140493 0.0416967 0.089
v 0.0180552 0.0390257 0.09
v 0.0184751 0.0399333 0.089
v 0.0221688 0.0368449 0.09
v 0.0226844 0.0377017 0.089
v 0.0260225 0.034232 0.09
v 0.0266277 0.0350281 0.089
v 0.0295711 0.0312178 0.09
v 0.0302588 0.0319438 0.089
v 0.032773 0.0278376 0.09
v 0.0335351 0.028485 0.089
v 0.0355906 0.024131 0.09
v 0.0364183 0.0246922 0.089
v 0.037991 0.0201416 0.09
v 0.0388745 0.02061 0.089
v 0.039946 0.0159159 0.09
v 0.040875 0.0162861 0.089
v 0.0414326 0.0115037 0.09
v 0.0423962 0.0117712 0.089
v 0.0424335 0.00695663 0.09
v 0.0434204 0.00711841 0.089
v 0.0429369 0.00232797 0.09
v 0.0439355 0.00238211 0.089
v 0.0429369 -0.00232797 0.09
v 0.0439355 -0.00238211 0.089
v 0.0424335 -0.00695663 0.09
v 0.0434204 -0.00711841 0.089
v 0.0414326 -0.0115037 0.09
v 0.0423962 -0.0117712 0.089
v 0.039946 -0.0159159 0.09
v 0.040875 -0.0162861 0.089
v 0.037991 -0.0201416 0.09
v 0.0388745 -0.02061 0.089
v 0.0355906 -0.024131 0.09
v 0.0364183 -0.0246922 0.089
v 0.032773 -0.0278376 0.09
v 0.0335351 -0.028485 0.089
v 0.0295711 -0.0312178 0.09
v 0.0302588 -0.0319438 0.089
v 0.0260225 -0.034232 0.09
v 0.0266277 -0.0350281 0.089
v 0.0221688 -0.0368449 0.09
v 0.0226844 -0.0377017 0.089
v 0.0180552 -0.0390257 0.09
v 0.0184751 -0.0399333 0.089
v 0.01373 -0.0407491 0.09
v 0.0140493 -0.0416967 0.089
v 0.00924373 -0.0419947 0.09
v 0.0094587 -0.0429713 0.089
v 0.00464912 -0.0427479 0.09
v 0.00475724 -0.0437421 0.089
v 0 -0.044 0.086
v 0.00445141 -0.0437743 0.086
v 0.00475504 -0.0437277 0.086
v 0.00885713 -0.0430993 0.086
v 0.00945197 -0.0429453 0.086
v 0.013172 -0.0419821 0.086
v 0.0140364 -0.041662 0.086
v 0.0173517 -0.0404341 0.086
v 0.0184552 -0.0398928 0.086
v 0.0213533 -0.0384713 0.086
v 0.0226574 -0.0376584 0.086
v 0.0251358 -0.0361136 0.086
v 0.0265941 -0.0349848 0.086
v 0.0286604 -0.0333854 0.086
v 0.0318909 -0.0303145 0.086
v 0.0302199 -0.0319029 0.086
v 0.0347941 -0.0269327 0.086
v 0.0334927 -0.0284486 0.086
v 0.0373403 -0.0232744 0.086
v 0.0363747 -0.0246618 0.086
v 0.0395034 -0.0193773 0.086
v 0.0388323 -0.0205865 0.086
v 0.0412611 -0.0152814 0.086
v 0.040837 -0.0162698 0.086
v 0.0425954 -0.0110287 0.086
v 0.0423654 -0.0117616 0.086
v 0.0434926 -0.00666282 0.086
v 0.0433998 -0.00711419 0.086
v 0.0439435 -0.00222856 0.086
v 0.0439435 0.00222856 0.086
v 0.043928 -0.00238135 0.086
v 0.043928 0.00238135 0.086
v 0.0434926 0.00666282 0.086
v 0.0433998 0.00711419 0.086
v 0.0425954 0.0110287 0.086
v 0.0423654 0.0117616 0.086
v 0.0412611 0.0152814 0.086
v 0.040837 0.0162698 0.086
v 0.0395034 0.0193773 0.086
v 0.0388323 0.0205865 0.086
v 0.0373403 0.0232744 0.086
v 0.0363747 0.0246618 0.086
v 0.0347941 0.0269327 0.086
v 0.0334927 0.0284486 0.086
v 0.0318909 0.0303145 0.086
v 0.0286604 0.0333854 0.086
v 0.0302199 0.0319029 0.086
v 0.0251358 0.0361136 0.086
v 0.0265941 0.0349848 0.086
v 0.0213533 0.0384713 0.086
v 0.0226574 0.0376584 0.086
v 0.0173517 0.0404341 0.086
v 0.0184552 0.0398928 0.086
v 0.013172 0.0419821 0.086
v 0.0140364 0.041662 0.086
v 0.00885713 0.0430993 0.086
v 0.00945197 0.0429453 0.086
v 0.00445141 0.0437743 0.086
v 0.00475504 0.0437277 0.086
v 1.37965e-17 0.044 0.086
v -0.0729073 -0.037 0.0412977
v -0.0729768 -0.037 0.0407319
v -0.073 -0.037 0.0401624
v -0.0729617 -0.0377317 0.0401624
v -0.072847 -0.0384554 0.0401624
v -0.0726574 -0.0391631 0.0401624
v -0.0723948 -0.0398472 0.0401624
v -0.0720622 -0.0405 0.0401624
v -0.0716631 -0.0411145 0.0401624
v -0.071202 -0.0416839 0.0401624
v -0.0706839 -0.042202 0.0401624
v -0.0701145 -0.0426631 0.0401624
v -0.0695 -0.0430622 0.0401624
v -0.0688472 -0.0433948 0.0401624
v -0.0681631 -0.0436574 0.0401624
v -0.0674554 -0.043847 0.0401624
v -0.0667317 -0.0439617 0.0401624
v -0.0728695 -0.0377317 0.0412915
v -0.0729386 -0.0377317 0.0407288
v -0.0727564 -0.0384554 0.0412729
v -0.0728243 -0.0384554 0.0407195
v -0.0725693 -0.0391631 0.0412421
v -0.0726353 -0.0391631 0.0407041
v -0.0723102 -0.0398472 0.0411995
v -0.0723736 -0.0398472 0.0406827
v -0.0719819 -0.0405 0.0411456
v -0.0720421 -0.0405 0.0406556
v -0.0715881 -0.0411145 0.0410809
v -0.0716443 -0.0411145 0.0406232
v -0.0711331 -0.0416839 0.0410061
v -0.0711848 -0.0416839 0.0405857
v -0.0706219 -0.042202 0.0409221
v -0.0706684 -0.042202 0.0405435
v -0.07006 -0.0426631 0.0408297
v -0.0701009 -0.0426631 0.0404972
v -0.0694537 -0.0430622 0.04073
v -0.0694884 -0.0430622 0.0404472
v -0.0688095 -0.0433948 0.0406242
v -0.0688377 -0.0433948 0.0403941
v -0.0681345 -0.0436574 0.0405132
v -0.0681559 -0.0436574 0.0403384
v -0.0674361 -0.043847 0.0403985
v -0.0674506 -0.043847 0.0402808
v -0.066722 -0.0439617 0.0402811
v -0.0667293 -0.0439617 0.040222
v -0.073 0.037 0.0401624
v -0.0729768 0.037 0.0407319
v -0.0729073 0.037 0.0412977
v -0.073 -0.037 0.006
v -0.0729617 -0.0377317 0.006
v -0.072847 -0.0384554 0.006
v -0.0726574 -0.0391631 0.006
v -0.0723948 -0.0398472 0.006
v -0.0720622 -0.0405 0.006
v -0.0716631 -0.0411145 0.006
v -0.071202 -0.0416839 0.006
v -0.0706839 -0.042202 0.006
v -0.0701145 -0.0426631 0.006
v -0.0695 -0.0430622 0.006
v -0.0688472 -0.0433948 0.006
v -0.0681631 -0.0436574 0.006
v -0.0674554 -0.043847 0.006
v -0.0667317 -0.0439617 0.006
v -0.066 -0.044 0.006
v -0.0667317 0.0439617 0.0401624
v -0.0674554 0.043847 0.0401624
v -0.0681631 0.0436574 0.0401624
v -0.0688472 0.0433948 0.0401624
v -0.0695 0.0430622 0.0401624
v -0.0701145 0.0426631 0.0401624
v -0.0706839 0.042202 0.0401624
v -0.071202 0.0416839 0.0401624
v -0.0716631 0.0411145 0.0401624
v -0.0720622 0.0405 0.0401624
v -0.0723948 0.0398472 0.0401624
v -0.0726574 0.0391631 0.0401624
v -0.072847 0.0384554 0.0401624
v -0.0729617 0.0377317 0.0401624
v -0.066722 0.0439617 0.0402811
v -0.0674361 0.043847 0.0403985
v -0.0667293 0.0439617 0.040222
v -0.0674506 0.043847 0.0402808
v -0.0681345 0.0436574 0.0405132
v -0.0681559 0.0436574 0.0403384
v -0.0688095 0.0433948 0.0406242
v -0.0688377 0.0433948 0.0403941
v -0.0694537 0.0430622 0.04073
v -0.0694884 0.0430622 0.0404472
v -0.07006 0.0426631 0.0408297
v -0.0701009 0.0426631 0.0404972
v -0.0706219 0.042202 0.0409221
v -0.0706684 0.042202 0.0405435
v -0.0711331 0.0416839 0.0410061
v -0.0711848 0.0416839 0.0405857
v -0.0715881 0.0411145 0.0410809
v -0.0716443 0.0411145 0.0406232
v -0.0719819 0.0405 0.0411456
v -0.0720421 0.0405 0.0406556
v -0.0723102 0.0398472 0.0411995
v -0.0723736 0.0398472 0.0406827
v -0.0725693 0.0391631 0.0412421
v -0.0726353 0.0391631 0.0407041
v -0.0727564 0.0384554 0.0412729
v -0.0728243 0.0384554 0.0407195
v -0.0728695 0.0377317 0.0412915
v -0.0729386 0.0377317 0.0407288
v -0.073 0.037 0.006
v -0.0729617 0.0377317 0.006
v -0.072847 0.0384554 0.006
v -0.0726574 0.0391631 0.006
v -0.0723948 0.0398472 0.006
v -0.0720622 0.0405 0.006
v -0.0716631 0.0411145 0.006
v -0.071202 0.0416839 0.006
v -0.0706839 0.042202 0.006
v -0.0701145 0.0426631 0.006
v -0.0695 0.0430622 0.006
v -0.0688472 0.0433948 0.006
v -0.0681631 0.0436574 0.006
v -0.0674554 0.043847 0.006
v -0.0667317 0.0439617 0.006
v -0.066 0.044 0.006
v 0 -0.0460503 0.0810503
v 0.00465883 -0.045814 0.0810503
v 0.00497661 -0.0457653 0.0810503
v 0.0098924 -0.0449464 0.0810503
v 0.00926985 -0.0451076 0.0810503
v 0.0146904 -0.0436033 0.0810503
v 0.0137857 -0.0439384 0.0810503
v 0.0193152 -0.0417517 0.0810503
v 0.0181602 -0.0423182 0.0810503
v 0.0237131 -0.0394132 0.0810503
v 0.0223483 -0.0402639 0.0810503
v 0.0278333 -0.0366149 0.0810503
v 0.026307 -0.0377964 0.0810503
v 0.0316281 -0.0333895 0.0810503
v 0.0299959 -0.034941 0.0810503
v 0.0333769 -0.0317271 0.0810503
v 0.0350534 -0.0297742 0.0810503
v 0.0364154 -0.0281876 0.0810503
v 0.0380696 -0.025811 0.0810503
v 0.0390803 -0.0243589 0.0810503
v 0.0406417 -0.0215458 0.0810503
v 0.0413441 -0.0202803 0.0810503
v 0.0427398 -0.0170279 0.0810503
v 0.0431837 -0.0159935 0.0810503
v 0.0443395 -0.0123096 0.0810503
v 0.0445802 -0.0115426 0.0810503
v 0.0454221 -0.00744569 0.0810503
v 0.0455192 -0.00697329 0.0810503
v 0.0459749 -0.00249231 0.0810503
v 0.0459911 -0.00233241 0.0810503
v 0.0459911 0.00233241 0.0810503
v 0.0459749 0.00249231 0.0810503
v 0.0454221 0.00744569 0.0810503
v 0.0455192 0.00697329 0.0810503
v 0.0443395 0.0123096 0.0810503
v 0.0445802 0.0115426 0.0810503
v 0.0427398 0.0170279 0.0810503
v 0.0431837 0.0159935 0.0810503
v 0.0406417 0.0215458 0.0810503
v 0.0413441 0.0202803 0.0810503
v 0.0380696 0.025811 0.0810503
v 0.0390803 0.0243589 0.0810503
v 0.0350534 0.0297742 0.0810503
v 0.0364154 0.0281876 0.0810503
v 0.0333769 0.0317271 0.0810503
v 0.0316281 0.0333895 0.0810503
v 0.0299959 0.034941 0.0810503
v 0.0278333 0.0366149 0.0810503
v 0.026307 0.0377964 0.0810503
v 0.0237131 0.0394132 0.0810503
v 0.0223483 0.0402639 0.0810503
v 0.0193152 0.0417517 0.0810503
v 0.0181602 0.0423182 0.0810503
v 0.0146904 0.0436033 0.0810503
v 0.0137857 0.0439384 0.0810503
v 0.0098924 0.0449464 0.0810503
v 0.00926985 0.0451076 0.0810503
v 0.00497661 0.0457653 0.0810503
v 0.00465883 0.045814 0.0810503
v 1.44393e-17 0.0460503 0.0810503
v 1.80578e-17 0.0455889 0.0815592
v -3.23103e-18 -0.0455889 0.0815592
v 1.79419e-17 0.0451797 0.082111
v -3.15586e-18 -0.0451797 0.082111
v 1.78418e-17 0.0448266 0.0827002
v -3.09099e-18 -0.0448266 0.0827002
v 1.77586e-17 0.0445328 0.0833212
v -3.03703e-18 -0.0445328 0.0833212
v 1.76931e-17 0.0443014 0.083968
v -2.99452e-18 -0.0443014 0.083968
v 1.76458e-17 0.0441345 0.0846344
v -2.96386e-18 -0.0441345 0.0846344
v 1.76173e-17 0.0440337 0.0853139
v -2.94534e-18 -0.0440337 0.0853139
v 0.00461216 -0.045355 0.0815592
v 0.00917698 -0.0446557 0.0815592
v 0.0136476 -0.0434982 0.0815592
v 0.0179783 -0.0418943 0.0815592
v 0.0221244 -0.0398605 0.0815592
v 0.0260435 -0.0374177 0.0815592
v 0.0296954 -0.034591 0.0815592
v 0.0330425 -0.0314093 0.0815592
v 0.0360506 -0.0279053 0.0815592
v 0.0386888 -0.0241149 0.0815592
v 0.0409299 -0.0200771 0.0815592
v 0.0427511 -0.0158333 0.0815592
v 0.0441336 -0.011427 0.0815592
v 0.0450632 -0.00690343 0.0815592
v 0.0455304 -0.00230904 0.0815592
v 0.0455304 0.00230904 0.0815592
v 0.0450632 0.00690343 0.0815592
v 0.0441336 0.011427 0.0815592
v 0.0427511 0.0158333 0.0815592
v 0.0409299 0.0200771 0.0815592
v 0.0386888 0.0241149 0.0815592
v 0.0360506 0.0279053 0.0815592
v 0.0330425 0.0314093 0.0815592
v 0.0296954 0.034591 0.0815592
v 0.0260435 0.0374177 0.0815592
v 0.0221244 0.0398605 0.0815592
v 0.0179783 0.0418943 0.0815592
v 0.0136476 0.0434982 0.0815592
v 0.00917698 0.0446557 0.0815592
v 0.00461216 0.045355 0.0815592
v 0.00457076 -0.0449479 0.082111
v 0.00909461 -0.0442549 0.082111
v 0.0135251 -0.0431077 0.082111
v 0.0178169 -0.0415182 0.082111
v 0.0219258 -0.0395027 0.082111
v 0.0258097 -0.0370819 0.082111
v 0.0294288 -0.0342805 0.082111
v 0.0327459 -0.0311273 0.082111
v 0.035727 -0.0276548 0.082111
v 0.0383415 -0.0238984 0.082111
v 0.0405626 -0.0198969 0.082111
v 0.0423674 -0.0156912 0.082111
v 0.0437374 -0.0113244 0.082111
v 0.0446587 -0.00684146 0.082111
v 0.0451217 -0.00228831 0.082111
v 0.0451217 0.00228831 0.082111
v 0.0446587 0.00684146 0.082111
v 0.0437374 0.0113244 0.082111
v 0.0423674 0.0156912 0.082111
v 0.0405626 0.0198969 0.082111
v 0.0383415 0.0238984 0.082111
v 0.035727 0.0276548 0.082111
v 0.0327459 0.0311273 0.082111
v 0.0294288 0.0342805 0.082111
v 0.0258097 0.0370819 0.082111
v 0.0219258 0.0395027 0.082111
v 0.0178169 0.0415182 0.082111
v 0.0135251 0.0431077 0.082111
v 0.00909461 0.0442549 0.082111
v 0.00457076 0.0449479 0.082111
v 0.00453503 -0.0445966 0.0827002
v 0.00902352 -0.0439089 0.0827002
v 0.0134194 -0.0427708 0.0827002
v 0.0176776 -0.0411937 0.0827002
v 0.0217544 -0.0391939 0.0827002
v 0.025608 -0.036792 0.0827002
v 0.0291988 -0.0340125 0.0827002
v 0.03249 -0.030884 0.0827002
v 0.0354477 -0.0274386 0.0827002
v 0.0380418 -0.0237116 0.0827002
v 0.0402455 -0.0197414 0.0827002
v 0.0420362 -0.0155685 0.0827002
v 0.0433956 -0.0112359 0.0827002
v 0.0443096 -0.00678799 0.0827002
v 0.044769 -0.00227043 0.0827002
v 0.044769 0.00227043 0.0827002
v 0.0443096 0.00678799 0.0827002
v 0.0433956 0.0112359 0.0827002
v 0.0420362 0.0155685 0.0827002
v 0.0402455 0.0197414 0.0827002
v 0.0380418 0.0237116 0.0827002
v 0.0354477 0.0274386 0.0827002
v 0.03249 0.030884 0.0827002
v 0.0291988 0.0340125 0.0827002
v 0.025608 0.036792 0.0827002
v 0.0217544 0.0391939 0.0827002
v 0.0176776 0.0411937 0.0827002
v 0.0134194 0.0427708 0.0827002
v 0.00902352 0.0439089 0.0827002
v 0.00453503 0.0445966 0.0827002
v 0.00450531 -0.0443044 0.0833212
v 0.0089644 -0.0436213 0.0833212
v 0.0133315 -0.0424905 0.0833212
v 0.0175618 -0.0409238 0.0833212
v 0.0216119 -0.0389371 0.0833212
v 0.0254402 -0.0365509 0.0833212
v 0.0290075 -0.0337897 0.0833212
v 0.0322771 -0.0306817 0.0833212
v 0.0352155 -0.0272588 0.0833212
v 0.0377925 -0.0235563 0.0833212
v 0.0399818 -0.019612 0.0833212
v 0.0417608 -0.0154665 0.0833212
v 0.0431112 -0.0111623 0.0833212
v 0.0440193 -0.00674351 0.0833212
v 0.0444757 -0.00225555 0.0833212
v 0.0444757 0.00225555 0.0833212
v 0.0440193 0.00674351 0.0833212
v 0.0431112 0.0111623 0.0833212
v 0.0417608 0.0154665 0.0833212
v 0.0399818 0.019612 0.0833212
v 0.0377925 0.0235563 0.0833212
v 0.0352155 0.0272588 0.0833212
v 0.0322771 0.0306817 0.0833212
v 0.0290075 0.0337897 0.0833212
v 0.0254402 0.0365509 0.0833212
v 0.0216119 0.0389371 0.0833212
v 0.0175618 0.0409238 0.0833212
v 0.0133315 0.0424905 0.0833212
v 0.0089644 0.0436213 0.0833212
v 0.00450531 0.0443044 0.0833212
v 0.0044819 -0.0440741 0.083968
v 0.00891781 -0.0433946 0.083968
v 0.0132622 -0.0422697 0.083968
v 0.0174705 -0.0407111 0.083968
v 0.0214996 -0.0387348 0.083968
v 0.025308 -0.036361 0.083968
v 0.0288567 -0.0336141 0.083968
v 0.0321093 -0.0305222 0.083968
v 0.0350325 -0.0271172 0.083968
v 0.0375961 -0.0234339 0.083968
v 0.039774 -0.0195101 0.083968
v 0.0415437 -0.0153861 0.083968
v 0.0428872 -0.0111043 0.083968
v 0.0437905 -0.00670847 0.083968
v 0.0442446 -0.00224383 0.083968
v 0.0442446 0.00224383 0.083968
v 0.0437905 0.00670847 0.083968
v 0.0428872 0.0111043 0.083968
v 0.0415437 0.0153861 0.083968
v 0.039774 0.0195101 0.083968
v 0.0375961 0.0234339 0.083968
v 0.0350325 0.0271172 0.083968
v 0.0321093 0.0305222 0.083968
v 0.0288567 0.0336141 0.083968
v 0.025308 0.036361 0.083968
v 0.0214996 0.0387348 0.083968
v 0.0174705 0.0407111 0.083968
v 0.0132622 0.0422697 0.083968
v 0.00891781 0.0433946 0.083968
v 0.0044819 0.0440741 0.083968
v 0.00446501 -0.0439081 0.0846344
v 0.00888421 -0.0432311 0.0846344
v 0.0132122 -0.0421105 0.0846344
v 0.0174047 -0.0405577 0.0846344
v 0.0214186 -0.0385889 0.0846344
v 0.0252126 -0.036224 0.0846344
v 0.028748 -0.0334874 0.0846344
v 0.0319884 -0.0304072 0.0846344
v 0.0349005 -0.027015 0.0846344
v 0.0374545 -0.0233456 0.0846344
v 0.0396242 -0.0194366 0.0846344
v 0.0413872 -0.0153281 0.0846344
v 0.0427256 -0.0110624 0.0846344
v 0.0436256 -0.00668319 0.0846344
v 0.0440779 -0.00223538 0.0846344
v 0.0440779 0.00223538 0.0846344
v 0.0436256 0.00668319 0.0846344
v 0.0427256 0.0110624 0.0846344
v 0.0413872 0.0153281 0.0846344
v 0.0396242 0.0194366 0.0846344
v 0.0374545 0.0233456 0.0846344
v 0.0349005 0.027015 0.0846344
v 0.0319884 0.0304072 0.0846344
v 0.028748 0.0334874 0.0846344
v 0.0252126 0.036224 0.0846344
v 0.0214186 0.0385889 0.0846344
v 0.0174047 0.0405577 0.0846344
v 0.0132122 0.0421105 0.0846344
v 0.00888421 0.0432311 0.0846344
v 0.00446501 0.0439081 0.0846344
v 0.00445482 -0.0438078 0.0853139
v 0.00886392 -0.0431323 0.0853139
v 0.0131821 -0.0420143 0.0853139
v 0.017365 -0.0404651 0.0853139
v 0.0213696 -0.0385007 0.0853139
v 0.0251551 -0.0361413 0.0853139
v 0.0286823 -0.0334109 0.0853139
v 0.0319153 -0.0303378 0.0853139
v 0.0348208 -0.0269533 0.0853139
v 0.037369 -0.0232922 0.0853139
v 0.0395337 -0.0193922 0.0853139
v 0.0412927 -0.0152931 0.0853139
v 0.042628 -0.0110372 0.0853139
v 0.0435259 -0.00666793 0.0853139
v 0.0439772 -0.00223027 0.0853139
v 0.0439772 0.00223027 0.0853139
v 0.0435259 0.00666793 0.0853139
v 0.042628 0.0110372 0.0853139
v 0.0412927 0.0152931 0.0853139
v 0.0395337 0.0193922 0.0853139
v 0.037369 0.0232922 0.0853139
v 0.0348208 0.0269533 0.0853139
v 0.0319153 0.0303378 0.0853139
v 0.0286823 0.0334109 0.0853139
v 0.0251551 0.0361413 0.0853139
v 0.0213696 0.0385007 0.0853139
v 0.017365 0.0404651 0.0853139
v 0.0131821 0.0420143 0.0853139
v 0.00886392 0.0431323 0.0853139
v 0.00445482 0.0438078 0.0853139
v -0.038 0.0460503 0.0810503
v -0.038 0.0455889 0.0815592
v -0.038 0.0451797 0.082111
v -0.038 0.0448266 0.0827002
v -0.038 0.0445328 0.0833212
v -0.038 0.0443014 0.083968
v -0.038 0.0441345 0.0846344
v -0.038 0.0440337 0.0853139
v -0.038 0.044 0.086
v -0.0478995 0.044 0.006
v -0.053664 0.044 0.0122039
v -0.0538196 0.044 0.0126656
v -0.0394959 0.044 0.0859204
v -0.0401457 0.044 0.0858319
v -0.0478995 0.044 0.0761005
v -0.0407502 0.044 0.0857163
v -0.0535593 0.044 0.011728
v -0.0535066 0.044 0.0107564
v -0.0535066 0.044 0.0112436
v -0.0413138 0.044 0.085577
v -0.0540242 0.044 0.0131078
v -0.0535593 0.044 0.010272
v -0.0624934 0.044 0.0112436
v -0.0624934 0.044 0.0107564
v -0.062336 0.044 0.0122039
v -0.0624407 0.044 0.011728
v -0.0619758 0.044 0.0131078
v -0.0621804 0.044 0.0126656
v -0.0418404 0.044 0.0854164
v -0.0462322 0.044 0.0821539
v -0.0464831 0.044 0.0817609
v -0.0549054 0.044 0.014267
v -0.0552767 0.044 0.0145824
v -0.0538196 0.044 0.00933438
v -0.053664 0.044 0.00979612
v -0.0624407 0.044 0.010272
v -0.062336 0.044 0.00979612
v -0.0423337 0.044 0.0852366
v -0.0443982 0.044 0.0840858
v -0.0447459 0.044 0.083808
v -0.0467188 0.044 0.0813428
v -0.05568 0.044 0.0148559
v -0.0542754 0.044 0.0135253
v -0.0545703 0.044 0.0139132
v -0.0542754 0.044 0.00847466
v -0.0540242 0.044 0.00889216
v -0.05568 0.044 0.00714414
v -0.0552767 0.044 0.00741758
v -0.0565631 0.044 0.00673556
v -0.0561105 0.044 0.00691591
v -0.06032 0.044 0.00714414
v -0.0598895 0.044 0.00691591
v -0.0610946 0.044 0.00773302
v -0.0607233 0.044 0.00741758
v -0.0617246 0.044 0.0135253
v -0.0427968 0.044 0.0850389
v -0.0450755 0.044 0.0835138
v -0.0471415 0.044 0.0804204
v -0.0473263 0.044 0.0799098
v -0.0469386 0.044 0.0808969
v -0.0549054 0.044 0.00773302
v -0.0545703 0.044 0.00808676
v -0.058 0.044 0.0065
v -0.0617246 0.044 0.00847466
v -0.0614297 0.044 0.00808676
v -0.0621804 0.044 0.00933438
v -0.0619758 0.044 0.00889216
v -0.06032 0.044 0.0148559
v -0.0607233 0.044 0.0145824
v -0.0440311 0.044 0.0843477
v -0.0432325 0.044 0.0848245
v -0.0453883 0.044 0.0832025
v -0.0570326 0.044 0.0153948
v -0.0477496 0.044 0.0781315
v -0.047886 0.044 0.0767276
v -0.0575135 0.044 0.00652638
v -0.0610946 0.044 0.014267
v -0.0614297 0.044 0.0139132
v -0.0598895 0.044 0.0150841
v -0.0436432 0.044 0.084594
v -0.0459662 0.044 0.082524
v -0.045685 0.044 0.082873
v -0.058 0.044 0.0155
v -0.0565631 0.044 0.0152644
v -0.0570326 0.044 0.00660521
v -0.0589674 0.044 0.00660521
v -0.0584865 0.044 0.00652638
v -0.0476332 0.044 0.07877
v -0.0474911 0.044 0.0793611
v -0.0561105 0.044 0.0150841
v -0.0594369 0.044 0.00673556
v -0.0575135 0.044 0.0154736
v -0.0589674 0.044 0.0153948
v -0.0594369 0.044 0.0152644
v -0.0584865 0.044 0.0154736
v -0.0472134 0.0440337 0.006
v -0.0465339 0.0441345 0.006
v -0.0472134 0.0440337 0.0761005
v -0.0458675 0.0443014 0.006
v -0.0465339 0.0441345 0.0761005
v -0.0452207 0.0445328 0.006
v -0.0458675 0.0443014 0.0761005
v -0.0445997 0.0448266 0.006
v -0.0452207 0.0445328 0.0761005
v -0.0440105 0.0451797 0.006
v -0.0445997 0.0448266 0.0761005
v -0.0434587 0.0455889 0.006
v -0.0440105 0.0451797 0.0761005
v -0.0429497 0.0460503 0.006
v -0.0434587 0.0455889 0.0761005
v -0.0429497 0.0460503 0.0761005
v -0.038984 0.0458142 0.0812465
v -0.0391385 0.0457797 0.0812647
v -0.0394024 0.0457207 0.0812958
v -0.0397862 0.0456392 0.0813195
v -0.0401387 0.0455685 0.0813206
v -0.0401598 0.0455645 0.0813193
v -0.040463 0.0455074 0.0813013
v -0.0407619 0.0454552 0.0812636
v -0.0410377 0.045411 0.081209
v -0.0410476 0.0454095 0.0812063
v -0.0412924 0.0453741 0.0811386
v -0.0415278 0.0453441 0.0810534
v -0.0417454 0.0453204 0.0809539
v -0.0417923 0.0453164 0.0809275
v -0.0419464 0.0453029 0.0808405
v -0.0421319 0.0452913 0.0807133
v -0.0423027 0.0452854 0.0805721
v -0.0423874 0.0452852 0.0804879
v -0.0424593 0.0452851 0.0804166
v -0.0426021 0.0452906 0.0802464
v -0.0427314 0.0453019 0.0800606
v -0.0428272 0.0453163 0.079893
v -0.0428471 0.0453192 0.0798582
v -0.0429489 0.0453429 0.0796381
v -0.0430363 0.0453733 0.0793986
v -0.0431057 0.0454095 0.0791481
v -0.0431085 0.045411 0.079138
v -0.0431644 0.0454566 0.0788541
v -0.0432025 0.0455109 0.0785445
v -0.043218 0.0455648 0.0782597
v -0.0432209 0.0455749 0.0782062
v -0.0432171 0.0456497 0.0778358
v -0.0431577 0.0457819 0.0772344
v -0.0431883 0.0457367 0.0774295
v -0.0430452 0.045948 0.0765163
v -0.039038 0.0454039 0.0817402
v -0.039096 0.045041 0.0822693
v -0.0391573 0.0447286 0.0828293
v -0.0392215 0.0444693 0.0834155
v -0.039288 0.0442653 0.084023
v -0.0393563 0.0441183 0.0846465
v -0.0394258 0.0440296 0.0852807
v -0.0394818 0.0453307 0.0817799
v -0.0395664 0.0449863 0.0822964
v -0.0396557 0.04469 0.0828413
v -0.0397489 0.0444443 0.0834101
v -0.0398453 0.0442511 0.0839984
v -0.0399441 0.044112 0.0846013
v -0.0400445 0.044028 0.0852141
v -0.03989 0.0452671 0.0817929
v -0.0400003 0.0449387 0.0822961
v -0.0401164 0.0446565 0.0828254
v -0.0402372 0.0444225 0.0833767
v -0.040362 0.0442387 0.0839458
v -0.0404898 0.0441064 0.0845285
v -0.0406195 0.0440267 0.0851201
v -0.0402662 0.0452119 0.0817822
v -0.0404012 0.0448975 0.0822715
v -0.040543 0.0446274 0.0827849
v -0.0406903 0.0444038 0.0833185
v -0.0408421 0.0442281 0.0838686
v -0.0409974 0.0441017 0.0844311
v -0.041155 0.0440255 0.085002
v -0.0406134 0.0451643 0.0817505
v -0.0407723 0.044862 0.0822253
v -0.0409387 0.0446024 0.0827224
v -0.0411114 0.0443876 0.0832383
v -0.0412891 0.0442189 0.0837694
v -0.0414707 0.0440976 0.084312
v -0.0416549 0.0440244 0.0848623
v -0.0409344 0.0451236 0.0816996
v -0.0411163 0.0448316 0.0821595
v -0.0413064 0.0445811 0.08264
v -0.0415035 0.0443738 0.083138
v -0.0417061 0.0442111 0.0836502
v -0.0419129 0.0440941 0.084173
v -0.0421226 0.0440236 0.084703
v -0.0412316 0.0450892 0.0816312
v -0.0414357 0.0448059 0.0820757
v -0.0416488 0.044563 0.0825394
v -0.0418692 0.0443621 0.0830195
v -0.0420958 0.0442045 0.0835127
v -0.0423269 0.0440911 0.0840159
v -0.0425611 0.0440228 0.0845257
v -0.0415071 0.0450605 0.0815465
v -0.0417327 0.0447845 0.0819752
v -0.0419678 0.044548 0.0824219
v -0.042211 0.0443524 0.0828839
v -0.0424606 0.044199 0.0833581
v -0.0427152 0.0440887 0.0838417
v -0.042973 0.0440222 0.0843315
v -0.0417626 0.0450371 0.0814464
v -0.042009 0.0447671 0.0818589
v -0.0422656 0.0445358 0.0822883
v -0.0425307 0.0443445 0.0827321
v -0.0428028 0.0441945 0.0831873
v -0.04308 0.0440867 0.0836513
v -0.0433607 0.0440217 0.0841212
v -0.0419997 0.0450187 0.0813315
v -0.0422664 0.0447534 0.0817274
v -0.0425438 0.0445262 0.0821393
v -0.0428302 0.0443383 0.0825647
v -0.043124 0.044191 0.0830008
v -0.0434233 0.0440851 0.0834452
v -0.0437263 0.0440213 0.0838951
v -0.0422197 0.0450051 0.0812022
v -0.042506 0.0447433 0.0815812
v -0.0428037 0.044519 0.0819752
v -0.0431109 0.0443337 0.0823819
v -0.0434259 0.0441884 0.0827989
v -0.0437467 0.0440839 0.0832236
v -0.0440715 0.044021 0.0836534
v -0.0424236 0.0449961 0.0810586
v -0.042729 0.0447365 0.0814202
v -0.0430465 0.0445143 0.0817961
v -0.0433741 0.0443306 0.0821839
v -0.0437098 0.0441866 0.0825814
v -0.0440517 0.0440832 0.0829862
v -0.0443978 0.0440208 0.0833959
v -0.0426122 0.0449915 0.0809005
v -0.0429364 0.0447331 0.0812444
v -0.0432732 0.0445119 0.0816017
v -0.0436207 0.0443291 0.0819704
v -0.0439768 0.0441857 0.0823482
v -0.0443394 0.0440828 0.0827329
v -0.0447064 0.0440207 0.0831222
v -0.0427863 0.0449913 0.0807277
v -0.0431287 0.044733 0.0810533
v -0.0434845 0.0445118 0.0813917
v -0.0438516 0.044329 0.0817409
v -0.0442277 0.0441857 0.0820986
v -0.0446107 0.0440827 0.0824629
v -0.0449984 0.0440207 0.0828316
v -0.0429461 0.0449955 0.0805395
v -0.0433064 0.0447362 0.0808464
v -0.0436808 0.044514 0.0811654
v -0.0440672 0.0443304 0.0814946
v -0.0444631 0.0441865 0.081832
v -0.0448664 0.0440831 0.0821755
v -0.0452744 0.0440208 0.0825232
v -0.043092 0.0450043 0.0803352
v -0.0434698 0.0447427 0.0806229
v -0.0438625 0.0445186 0.080922
v -0.0442679 0.0443334 0.0812307
v -0.0446835 0.0441882 0.0815471
v -0.0451067 0.0440839 0.0818695
v -0.0455352 0.044021 0.0821957
v -0.0432238 0.0450178 0.0801137
v -0.0436187 0.0447527 0.0803815
v -0.0440296 0.0445257 0.0806601
v -0.0444538 0.044338 0.0809478
v -0.0448888 0.0441908 0.0812429
v -0.0453321 0.044085 0.0815435
v -0.0457808 0.0440213 0.0818478
v -0.0433412 0.0450362 0.0798737
v -0.043753 0.0447664 0.080121
v -0.0441817 0.0445353 0.0803785
v -0.0446246 0.0443442 0.0806446
v -0.0450791 0.0441943 0.0809176
v -0.0455423 0.0440866 0.0811958
v -0.0460112 0.0440217 0.0814775
v -0.0434438 0.0450599 0.0796137
v -0.0438721 0.0447841 0.0798399
v -0.0443185 0.0445477 0.0800755
v -0.04478 0.0443522 0.0803192
v -0.0452538 0.0441988 0.0805694
v -0.045737 0.0440886 0.0808244
v -0.0462263 0.0440222 0.0810828
v -0.0435308 0.0450892 0.0793319
v -0.0439752 0.0448059 0.079536
v -0.044439 0.044563 0.079749
v -0.0449191 0.0443621 0.0799695
v -0.0454123 0.0442045 0.080196
v -0.0459155 0.0440911 0.0804271
v -0.0464254 0.0440228 0.0806613
v -0.0436008 0.0451247 0.079026
v -0.0440611 0.0448324 0.0792073
v -0.0445421 0.0445817 0.0793967
v -0.0450407 0.0443741 0.079593
v -0.0455534 0.0442113 0.079795
v -0.0460768 0.0440942 0.0800011
v -0.0466074 0.0440236 0.08021
v -0.0436525 0.045167 0.0786935
v -0.0441282 0.044864 0.0788509
v -0.0446263 0.0446039 0.0790158
v -0.0451433 0.0443885 0.079187
v -0.0456755 0.0442194 0.0793632
v -0.0462193 0.0440978 0.0795433
v -0.0467709 0.0440245 0.0797259
v -0.0436837 0.0452169 0.0783314
v -0.0441744 0.0449012 0.0784641
v -0.0446893 0.0446301 0.0786033
v -0.0452247 0.0444055 0.0787481
v -0.0457766 0.0442291 0.0788974
v -0.0463411 0.0441021 0.0790501
v -0.046914 0.0440256 0.079205
v -0.043692 0.0452753 0.0779363
v -0.0441971 0.0449448 0.0780431
v -0.0447286 0.0446608 0.0781556
v -0.0452823 0.0444254 0.0782727
v -0.0458541 0.0442403 0.0783937
v -0.0464395 0.0441072 0.0785175
v -0.0470341 0.0440268 0.0786433
v -0.0436742 0.0453433 0.0775043
v -0.0441931 0.0449957 0.0775842
v -0.0447408 0.0446966 0.0776685
v -0.0453128 0.0444486 0.0777565
v -0.0459045 0.0442535 0.0778476
v -0.0465112 0.0441131 0.0779409
v -0.0471279 0.0440283 0.0780358
v -0.0435489 0.0455087 0.0765383
v -0.0440922 0.0451195 0.076562
v -0.0446701 0.044784 0.0765872
v -0.0452773 0.0445052 0.0766137
v -0.0459084 0.0442857 0.0766413
v -0.0465574 0.0441275 0.0766696
v -0.0472187 0.0440319 0.0766985
v -0.0380503 0.0509497 0.071201
v -0.0380503 0.0509497 0.006
v 1.59756e-17 0.0509497 0.0761508
v -0.0331005 0.0509497 0.0761508
v -0.0377836 0.051172 0.0716899
v -0.0377244 0.0512213 0.0717984
v -0.0375112 0.0513428 0.0721332
v -0.0374237 0.0513926 0.0722703
v -0.0373479 0.0514357 0.0723893
v -0.0372369 0.0514764 0.072541
v -0.0369606 0.0515775 0.0729185
v -0.0369249 0.0515906 0.0729672
v -0.0366783 0.0516402 0.0732634
v -0.03646 0.0516842 0.0735257
v -0.0363957 0.0516882 0.073594
v -0.0361035 0.0517064 0.0739045
v -0.0359582 0.0517155 0.0740587
v -0.035804 0.0517064 0.074204
v -0.0354935 0.0516882 0.0744962
v -0.0354252 0.0516842 0.0745605
v -0.0351629 0.0516402 0.0747788
v -0.0348667 0.0515906 0.0750254
v -0.034818 0.0515775 0.0750611
v -0.0344405 0.0514764 0.0753374
v -0.0342888 0.0514357 0.0754484
v -0.0341698 0.0513926 0.0755243
v -0.0340327 0.0513428 0.0756117
v -0.0336979 0.0512213 0.0758249
v -0.0335894 0.051172 0.0758841
v -0.0331005 0.0529659 0.0718912
v -0.0331005 0.0529661 0.0718871
v -0.0331005 0.053 0.071201
v -0.0337866 0.0529661 0.071201
v -0.0331005 0.0528651 0.0725666
v -0.0331005 0.0528639 0.0725747
v -0.0344661 0.0528651 0.071201
v -0.0337907 0.0529659 0.071201
v -0.0331005 0.052698 0.0732329
v -0.0331005 0.052695 0.0732448
v -0.0351324 0.052698 0.071201
v -0.0344742 0.0528639 0.071201
v -0.0331005 0.0524664 0.0738795
v -0.0331005 0.0524608 0.073895
v -0.035779 0.0524664 0.071201
v -0.0351443 0.052695 0.071201
v -0.0331005 0.0521726 0.0745004
v -0.0331005 0.0521637 0.074519
v -0.0363999 0.0521726 0.071201
v -0.0357945 0.0524608 0.071201
v -0.0331005 0.0518193 0.0750894
v -0.0331005 0.0518065 0.0751105
v -0.0369889 0.0518193 0.071201
v -0.0364185 0.0521637 0.071201
v -0.0331005 0.05141 0.0756409
v -0.0331005 0.0513927 0.075664
v -0.0375404 0.05141 0.071201
v -0.03701 0.0518065 0.071201
v -0.0375635 0.0513927 0.071201
v -0.0331727 0.0529659 0.0718875
v -0.0337869 0.0529659 0.0712732
v -0.0332441 0.0528639 0.0725672
v -0.033244 0.0529659 0.0718762
v -0.0333861 0.0528639 0.0725447
v -0.0333138 0.0529659 0.0718575
v -0.033525 0.0528639 0.0725075
v -0.0333812 0.0529659 0.0718316
v -0.0336592 0.0528639 0.072456
v -0.0334456 0.0529659 0.0717988
v -0.0337874 0.0528639 0.0723907
v -0.0335062 0.0529659 0.0717594
v -0.033908 0.0528639 0.0723124
v -0.0335624 0.0529659 0.0717139
v -0.0340197 0.0528639 0.0722219
v -0.0336134 0.0529659 0.0716629
v -0.0341214 0.0528639 0.0721202
v -0.0336589 0.0529659 0.0716067
v -0.0342119 0.0528639 0.0720085
v -0.0336983 0.0529659 0.0715461
v -0.0342902 0.0528639 0.0718879
v -0.0337311 0.0529659 0.0714817
v -0.0343555 0.0528639 0.0717598
v -0.0337569 0.0529659 0.0714143
v -0.034407 0.0528639 0.0716255
v -0.0337756 0.0529659 0.0713445
v -0.0344442 0.0528639 0.0714866
v -0.0344667 0.0528639 0.0713446
v -0.0333141 0.052695 0.0732336
v -0.0335254 0.052695 0.0732002
v -0.0337321 0.052695 0.0731448
v -0.0339318 0.052695 0.0730681
v -0.0341224 0.052695 0.072971
v -0.0343018 0.052695 0.0728545
v -0.0344681 0.052695 0.0727199
v -0.0346194 0.052695 0.0725686
v -0.034754 0.052695 0.0724023
v -0.0348705 0.052695 0.0722229
v -0.0349676 0.052695 0.0720323
v -0.0350443 0.052695 0.0718326
v -0.0350997 0.052695 0.0716259
v -0.0351331 0.052695 0.0714146
v -0.0333821 0.0524608 0.0738803
v -0.0336606 0.0524608 0.0738362
v -0.033933 0.0524608 0.0737632
v -0.0341963 0.0524608 0.0736621
v -0.0344475 0.0524608 0.0735341
v -0.034684 0.0524608 0.0733805
v -0.0349032 0.0524608 0.0732031
v -0.0351025 0.0524608 0.0730037
v -0.03528 0.0524608 0.0727845
v -0.0354336 0.0524608 0.072548
v -0.0355616 0.0524608 0.0722968
v -0.0356627 0.0524608 0.0720335
v -0.0357356 0.0524608 0.0717611
v -0.0357798 0.0524608 0.0714826
v -0.0334473 0.0521637 0.0745008
v -0.0337903 0.0521637 0.0744465
v -0.0341258 0.0521637 0.0743566
v -0.03445 0.0521637 0.0742321
v -0.0347595 0.0521637 0.0740744
v -0.0350507 0.0521637 0.0738853
v -0.0353206 0.0521637 0.0736667
v -0.0355662 0.0521637 0.0734211
v -0.0357848 0.0521637 0.0731512
v -0.0359739 0.0521637 0.07286
v -0.0361316 0.0521637 0.0725505
v -0.0362561 0.0521637 0.0722263
v -0.0363459 0.0521637 0.0718908
v -0.0364003 0.0521637 0.0715478
v -0.0335092 0.0518065 0.0750891
v -0.0339133 0.0518065 0.0750251
v -0.0343086 0.0518065 0.0749192
v -0.0346907 0.0518065 0.0747726
v -0.0350553 0.0518065 0.0745868
v -0.0353985 0.0518065 0.0743639
v -0.0357165 0.0518065 0.0741064
v -0.0360059 0.0518065 0.073817
v -0.0362634 0.0518065 0.073499
v -0.0364863 0.0518065 0.0731558
v -0.036672 0.0518065 0.0727912
v -0.0368187 0.0518065 0.0724091
v -0.0369246 0.0518065 0.0720138
v -0.0369886 0.0518065 0.0716097
v -0.033567 0.0513927 0.0756396
v -0.037466 0.0513927 0.0721289
v -0.0375391 0.0513927 0.0716675
v -0.0340284 0.0513927 0.0755665
v -0.0331005 0.053 0.006
v -0.0337866 0.0529663 0.006
v -0.0344661 0.0528655 0.006
v -0.0351325 0.0526986 0.006
v -0.0357793 0.0524672 0.006
v -0.0364003 0.0521734 0.006
v -0.0369895 0.0518203 0.006
v -0.0375413 0.0514111 0.006
v 1.42238e-17 0.0529634 0.0718867
v 1.5053e-17 0.0529734 0.0718111
v 1.51817e-17 0.0528937 0.0724165
v 1.45664e-17 0.0528606 0.0725656
v 1.49023e-17 0.0526926 0.0732311
v 1.53084e-17 0.0527615 0.0730127
v 1.52283e-17 0.052461 0.0738772
v 1.54323e-17 0.0525778 0.0735952
v 1.55416e-17 0.0521679 0.0744979
v 1.55522e-17 0.0523442 0.0741593
v 1.5839e-17 0.0518161 0.0750873
v 1.56674e-17 0.0520622 0.074701
v 1.61179e-17 0.0514088 0.07564
v 1.57769e-17 0.0517341 0.075216
v 1.58799e-17 0.0513623 0.0757005
v 1.49233e-17 0.053 0.071201
v 1.73472e-18 0.053 0.006
v 0.0164808 0.053 0.0683378
v 0.0200427 0.053 0.0670242
v 0.00289847 0.053 0.0711098
v 0.0237129 0.053 0.0654487
v 0.00580427 0.053 0.0708363
v 0.0147498 0.053 0.0688941
v 0.00873566 0.053 0.0703789
v 0.0275215 0.053 0.0635966
v 0.0117114 0.053 0.0697336
v 0.0314925 0.053 0.0614536
v 0.0331005 0.053 0.0605296
v 0.0331005 0.053 0.006
v 0.00320974 0.05094 0.0760595
v 0.00553978 0.0509188 0.0758613
v 0.00642392 0.0509108 0.075786
v 0.00965914 0.0508628 0.0753286
v 0.0111943 0.0508318 0.075026
v 0.0129326 0.0507967 0.0746833
v 0.0162612 0.0507134 0.0738438
v 0.0170823 0.05069 0.073602
v 0.0181503 0.0506597 0.0732875
v 0.0220199 0.0505377 0.071974
v 0.0233752 0.0504905 0.0714349
v 0.0259809 0.0503996 0.0703984
v 0.0300628 0.0502476 0.0685463
v 0.030233 0.050241 0.06846
v 0.0342887 0.0500843 0.0664033
v 0.0359915 0.0500177 0.0654794
v 0.0358027 0.0504956 0.0651561
v 0.0356108 0.0509081 0.0648276
v 0.0357595 0.0506048 0.0650821
v 0.0354177 0.0512706 0.064497
v 0.0354703 0.0511842 0.0645869
v 0.0354973 0.0511397 0.0646332
v 0.0352079 0.0516162 0.0641377
v 0.0350231 0.0518595 0.0638214
v 0.0348214 0.0521043 0.0634759
v 0.0346133 0.0523189 0.0631198
v 0.0348945 0.0520289 0.0636012
v 0.0343962 0.0525008 0.0627481
v 0.0345608 0.0523731 0.0630298
v 0.0341716 0.0526661 0.0623634
v 0.0339309 0.0527964 0.0619514
v 0.0342105 0.052645 0.06243
v 0.033674 0.052897 0.0615116
v 0.0338476 0.0528415 0.0618087
v 0.0337967 0.0528578 0.0617216
v 0.0333989 0.0529684 0.0610406
v 0.0334762 0.0529603 0.0611728
v 0.00318146 0.0513544 0.0756098
v 0.00315102 0.0517279 0.0751257
v 0.00311864 0.0520576 0.0746109
v 0.00308458 0.0523409 0.0740692
v 0.00304909 0.0525757 0.073505
v 0.00301246 0.0527603 0.0729224
v 0.00297495 0.0528931 0.0723259
v 0.00293686 0.0529732 0.0717202
v 0.00636782 0.0513308 0.0753379
v 0.00630734 0.0517095 0.0748548
v 0.00624296 0.0520438 0.0743405
v 0.00617518 0.0523312 0.0737991
v 0.00610451 0.0525695 0.0732346
v 0.00603152 0.0527567 0.0726515
v 0.00595676 0.0528915 0.0720543
v 0.00588081 0.0529728 0.0714477
v 0.00957602 0.051292 0.0748831
v 0.00948621 0.0516792 0.0744018
v 0.00939044 0.0520212 0.0738884
v 0.00928946 0.0523152 0.0733472
v 0.00918408 0.0525591 0.0727824
v 0.00907513 0.0527509 0.0721984
v 0.00896348 0.0528889 0.0716
v 0.00885003 0.0529722 0.0709919
v 0.0128236 0.0512386 0.0742414
v 0.0127054 0.0516374 0.0737625
v 0.0125791 0.0519899 0.0732505
v 0.0124456 0.0522932 0.0727096
v 0.0123062 0.0525448 0.0721442
v 0.0121618 0.0527427 0.0715591
v 0.0120137 0.0528853 0.070959
v 0.0118632 0.0529713 0.0703488
v 0.0161276 0.051171 0.0734065
v 0.0159823 0.0515845 0.0729307
v 0.0158265 0.0519503 0.0724203
v 0.0156615 0.0522653 0.0718799
v 0.0154887 0.0525268 0.0713139
v 0.0153096 0.0527325 0.0707273
v 0.0151257 0.0528807 0.070125
v 0.0149386 0.0529701 0.0695122
v 0.0180038 0.0511275 0.0728532
v 0.0178439 0.0515505 0.0723793
v 0.0176722 0.0519248 0.0718701
v 0.01749 0.0522473 0.0713299
v 0.0172989 0.0525151 0.0707635
v 0.0171008 0.0527258 0.0701759
v 0.0168971 0.0528777 0.0695722
v 0.0166899 0.0529694 0.0689577
v 0.0218491 0.0510285 0.0715465
v 0.0216616 0.0514729 0.0710772
v 0.0214592 0.0518667 0.0705704
v 0.0212437 0.0522062 0.0700309
v 0.0210171 0.0524884 0.0694636
v 0.0207815 0.0527107 0.0688738
v 0.0205391 0.0528709 0.0682668
v 0.0202921 0.0529677 0.0676484
v 0.0257886 0.0509163 0.0699788
v 0.025576 0.0513848 0.0695148
v 0.0253452 0.0518005 0.0690109
v 0.0250983 0.0521595 0.0684722
v 0.0248379 0.0524581 0.0679038
v 0.0245664 0.0526934 0.0673114
v 0.0242866 0.0528632 0.0667007
v 0.0240012 0.0529657 0.0660778
v 0.0298519 0.0507925 0.0681355
v 0.0296167 0.0512875 0.0676774
v 0.0293596 0.0517274 0.0671768
v 0.0290835 0.0521077 0.0666389
v 0.0287911 0.0524245 0.0660694
v 0.0284854 0.0526743 0.0654741
v 0.0281697 0.0528546 0.0648592
v 0.0278473 0.0529636 0.0642312
v 0.034062 0.0506592 0.0660021
v 0.0338069 0.0511826 0.0655505
v 0.0335261 0.0516485 0.0650535
v 0.0332228 0.0520518 0.0645165
v 0.0329003 0.0523881 0.0639457
v 0.0325622 0.0526535 0.0633472
v 0.0322123 0.0528453 0.0627278
v 0.0318544 0.0529612 0.0620942
v 0.0336784 0.0529761 0.0605296
v 0.0337866 0.0529663 0.006
v 0.033786 0.0529617 0.0605296
v 0.0343747 0.0528831 0.0605296
v 0.0344661 0.0528655 0.006
v 0.0344652 0.0528616 0.0605296
v 0.0350581 0.0527207 0.0605296
v 0.0351325 0.0526986 0.006
v 0.0351314 0.0526953 0.0605296
v 0.0357218 0.0524907 0.0605296
v 0.0357793 0.0524672 0.006
v 0.0357781 0.0524646 0.0605296
v 0.0363591 0.0521953 0.0605296
v 0.0364003 0.0521734 0.006
v 0.0363992 0.0521716 0.0605296
v 0.0369636 0.0518375 0.0605296
v 0.0369895 0.0518203 0.006
v 0.0369886 0.0518191 0.0605296
v 0.0375292 0.0514209 0.0605296
v 0.0375413 0.0514111 0.006
v 0.0375407 0.0514105 0.0605296
v 0.0380503 0.0509497 0.0605296
v 0.0380503 0.0509497 0.006
v 0.036385 0.0502962 0.0649742
v 0.0367458 0.050532 0.0644249
v 0.0363685 0.0502845 0.0649954
v 0.0370607 0.0507169 0.0638544
v 0.0370704 0.0507226 0.0638367
v 0.0373554 0.0508663 0.0632157
v 0.0375937 0.0509598 0.0625796
v 0.0375981 0.0509616 0.0625679
v 0.037796 0.0510074 0.0618999
v 0.0379464 0.0510035 0.0612223
v 0.0379473 0.0510035 0.0612182
v 0.0343912 0.0528666 0.0609593
v 0.0336972 0.0529573 0.0610198
v 0.0337535 0.052901 0.0615042
v 0.0361475 0.0511102 0.0642177
v 0.0357007 0.0509538 0.0647367
v 0.0360299 0.0506246 0.0648922
v 0.0364361 0.0508216 0.064354
v 0.0350721 0.0527067 0.0608945
v 0.0344405 0.0528172 0.061384
v 0.035114 0.0526648 0.0612551
v 0.0345221 0.0527357 0.0617986
v 0.0351833 0.0525955 0.0616072
v 0.0346349 0.0526228 0.0621982
v 0.0352791 0.0524997 0.0619466
v 0.0347777 0.05248 0.0625782
v 0.0354004 0.0523784 0.0622693
v 0.0349488 0.0523089 0.0629341
v 0.0355456 0.0522331 0.0625715
v 0.0351461 0.0521116 0.0632616
v 0.0357132 0.0520656 0.0628497
v 0.0353674 0.0518903 0.0635571
v 0.0359011 0.0518777 0.0631005
v 0.03561 0.0516477 0.0638168
v 0.0361071 0.0516717 0.0633211
v 0.035871 0.0513867 0.0640379
v 0.0363288 0.05145 0.0635089
v 0.0365636 0.0512152 0.0636615
v 0.0357332 0.0524793 0.0608261
v 0.0357672 0.0524452 0.061119
v 0.0358235 0.052389 0.061405
v 0.0359013 0.0523111 0.0616807
v 0.0359999 0.0522126 0.0619429
v 0.0361179 0.0520946 0.0621884
v 0.036254 0.0519585 0.0624143
v 0.0364066 0.0518058 0.0626181
v 0.036574 0.0516385 0.0627973
v 0.0367541 0.0514584 0.0629499
v 0.0369448 0.0512677 0.0630739
v 0.0368087 0.0509701 0.0637773
v 0.0371439 0.0510686 0.0631679
v 0.0363678 0.0521866 0.0607546
v 0.0363936 0.0521608 0.0609769
v 0.0364363 0.0521181 0.061194
v 0.0364954 0.052059 0.0614032
v 0.0365702 0.0519842 0.0616022
v 0.0366597 0.0518947 0.0617885
v 0.036763 0.0517914 0.06196
v 0.0368789 0.0516755 0.0621147
v 0.0370059 0.0515485 0.0622507
v 0.0371426 0.0514118 0.0623665
v 0.0372873 0.0512671 0.0624606
v 0.0369695 0.0518317 0.0606809
v 0.0369868 0.0518143 0.0608304
v 0.0370155 0.0517856 0.0609763
v 0.0370553 0.0517459 0.061117
v 0.0371055 0.0516956 0.0612507
v 0.0371657 0.0516354 0.061376
v 0.0372352 0.0515659 0.0614913
v 0.0373131 0.051488 0.0615953
v 0.0373985 0.0514026 0.0616867
v 0.0374904 0.0513108 0.0617646
v 0.0375877 0.0512134 0.0618278
v 0.0374384 0.051116 0.062532
v 0.0376893 0.0511118 0.0618758
v 0.0375322 0.051418 0.0606057
v 0.0375409 0.0514093 0.0606808
v 0.0375553 0.0513948 0.0607541
v 0.0375753 0.0513749 0.0608248
v 0.0376005 0.0513496 0.060892
v 0.0376308 0.0513194 0.060955
v 0.0376657 0.0512844 0.0610129
v 0.0377048 0.0512453 0.0610652
v 0.0377478 0.0512024 0.0611111
v 0.0377939 0.0511562 0.0611502
v 0.0378428 0.0511073 0.061182
v 0.0378939 0.0510563 0.0612061
v 0.0509497 0.0380503 0.006
v 0.0444819 0.0445181 0.0612685
v 0.0467078 0.0422922 0.0611814
v 0.0402481 0.0487519 0.0609462
v 0.0424477 0.0465523 0.0611933
v 0.0489323 0.0400677 0.0609184
v 0.0509497 0.0380503 0.0605296
v 0.0371539 0.04888 0.0656801
v 0.0408119 0.0452792 0.066143
v 0.0418813 0.0442143 0.0661793
v 0.0430305 0.04307 0.0662182
v 0.0454477 0.0406419 0.0661312
v 0.0465431 0.0395317 0.0660113
v 0.0478506 0.0382064 0.0658681
v 0.0500177 0.0359915 0.0654794
v 0.0502845 0.0363685 0.0649954
v 0.0502962 0.036385 0.0649742
v 0.050532 0.0367458 0.0644249
v 0.0507226 0.0370704 0.0638367
v 0.0508663 0.0373554 0.0632157
v 0.0509616 0.0375981 0.0625679
v 0.0510074 0.037796 0.0618999
v 0.0510035 0.0379464 0.0612223
v 0.0510035 0.0379473 0.0612182
v 0.0384041 0.0476563 0.065896
v 0.038773 0.0479484 0.0653886
v 0.0391079 0.0482001 0.0648379
v 0.0394056 0.0484088 0.0642492
v 0.0396631 0.0485725 0.0636282
v 0.039878 0.0486895 0.062981
v 0.0400482 0.0487588 0.0623139
v 0.0401719 0.0487797 0.0616334
v 0.0411577 0.0455878 0.0656344
v 0.0414682 0.0458579 0.0650829
v 0.0417404 0.0460868 0.0644938
v 0.0419715 0.0462724 0.0638728
v 0.0421594 0.0464129 0.0632259
v 0.0423022 0.0465069 0.0625594
v 0.0423986 0.0465535 0.0618796
v 0.0433569 0.043396 0.0657093
v 0.0436464 0.0436852 0.0651575
v 0.0438964 0.0439347 0.0645683
v 0.0441042 0.0441422 0.0639473
v 0.0442681 0.0443056 0.0633005
v 0.0443863 0.0444234 0.0626341
v 0.0444578 0.0444945 0.0619546
v 0.045755 0.0409894 0.0656226
v 0.0460237 0.0413015 0.0650712
v 0.0462511 0.0415754 0.0644821
v 0.0464351 0.0418084 0.0638611
v 0.0465739 0.0419981 0.0632142
v 0.0466661 0.0421429 0.0625476
v 0.0467109 0.0422412 0.0618678
v 0.0481415 0.0385772 0.065361
v 0.0483918 0.0389142 0.0648103
v 0.0485989 0.039214 0.0642216
v 0.0487609 0.0394738 0.0636006
v 0.0488761 0.0396909 0.0629534
v 0.0489434 0.0398633 0.0622862
v 0.0489622 0.0399893 0.0616056
v 0.0529663 0.0337866 0.006
v 0.0529617 0.033786 0.0605296
v 0.0529761 0.0336784 0.0605296
v 0.053 0.0331005 0.006
v 0.0528655 0.0344661 0.006
v 0.0528616 0.0344652 0.0605296
v 0.0528831 0.0343747 0.0605296
v 0.0526986 0.0351325 0.006
v 0.0526953 0.0351314 0.0605296
v 0.0527207 0.0350581 0.0605296
v 0.0524672 0.0357793 0.006
v 0.0524646 0.0357781 0.0605296
v 0.0524907 0.0357218 0.0605296
v 0.0521734 0.0364003 0.006
v 0.0521716 0.0363992 0.0605296
v 0.0521953 0.0363591 0.0605296
v 0.0518203 0.0369895 0.006
v 0.0518191 0.0369886 0.0605296
v 0.0518375 0.0369636 0.0605296
v 0.0514111 0.0375413 0.006
v 0.0514105 0.0375407 0.0605296
v 0.0514209 0.0375292 0.0605296
v 0.053 0.0331005 0.0605296
v 0.0504956 0.0358027 0.0651561
v 0.0506048 0.0357595 0.0650821
v 0.0509081 0.0356108 0.0648276
v 0.0511397 0.0354973 0.0646332
v 0.0511842 0.0354703 0.0645869
v 0.0512706 0.0354177 0.064497
v 0.0516162 0.0352079 0.0641377
v 0.0518595 0.0350231 0.0638214
v 0.0520289 0.0348945 0.0636012
v 0.0523189 0.0346133 0.0631198
v 0.0523731 0.0345608 0.0630298
v 0.0525008 0.0343962 0.0627481
v 0.052645 0.0342105 0.06243
v 0.0526661 0.0341716 0.0623634
v 0.0528415 0.0338476 0.0618087
v 0.0528578 0.0337967 0.0617216
v 0.0527964 0.0339309 0.0619514
v 0.052897 0.033674 0.0615116
v 0.0529603 0.0334762 0.0611728
v 0.0529684 0.0333989 0.0610406
v 0.0521043 0.0348214 0.0634759
v 0.0506246 0.0360299 0.0648922
v 0.0508216 0.0364361 0.064354
v 0.0509538 0.0357007 0.0647367
v 0.0528172 0.0344405 0.061384
v 0.052901 0.0337535 0.0615042
v 0.0529573 0.0336972 0.0610198
v 0.0528666 0.0343912 0.0609593
v 0.0509701 0.0368087 0.0637773
v 0.0511102 0.0361475 0.0642177
v 0.0512152 0.0365636 0.0636615
v 0.0513867 0.035871 0.0640379
v 0.05145 0.0363288 0.0635089
v 0.0516477 0.03561 0.0638168
v 0.0516717 0.0361071 0.0633211
v 0.0518903 0.0353674 0.0635571
v 0.0518777 0.0359011 0.0631005
v 0.0521116 0.0351461 0.0632616
v 0.0520656 0.0357132 0.0628497
v 0.0523089 0.0349488 0.0629341
v 0.0522331 0.0355456 0.0625715
v 0.05248 0.0347777 0.0625782
v 0.0523784 0.0354004 0.0622693
v 0.0526228 0.0346349 0.0621982
v 0.0524997 0.0352791 0.0619466
v 0.0527357 0.0345221 0.0617986
v 0.0525955 0.0351833 0.0616072
v 0.0526648 0.035114 0.0612551
v 0.0527067 0.0350721 0.0608945
v 0.0510686 0.0371439 0.0631679
v 0.0512677 0.0369448 0.0630739
v 0.0514584 0.0367541 0.0629499
v 0.0516385 0.036574 0.0627973
v 0.0518058 0.0364066 0.0626181
v 0.0519585 0.036254 0.0624143
v 0.0520946 0.0361179 0.0621884
v 0.0522126 0.0359999 0.0619429
v 0.0523111 0.0359013 0.0616807
v 0.052389 0.0358235 0.061405
v 0.0524452 0.0357672 0.061119
v 0.0524793 0.0357332 0.0608261
v 0.051116 0.0374384 0.062532
v 0.0512671 0.0372873 0.0624606
v 0.0514118 0.0371426 0.0623665
v 0.0515485 0.0370059 0.0622507
v 0.0516755 0.0368789 0.0621147
v 0.0517914 0.036763 0.06196
v 0.0518947 0.0366597 0.0617885
v 0.0519842 0.0365702 0.0616022
v 0.052059 0.0364954 0.0614032
v 0.0521181 0.0364363 0.061194
v 0.0521608 0.0363936 0.0609769
v 0.0521866 0.0363678 0.0607546
v 0.0511118 0.0376893 0.0618758
v 0.0512134 0.0375877 0.0618278
v 0.0513108 0.0374904 0.0617646
v 0.0514026 0.0373985 0.0616867
v 0.051488 0.0373131 0.0615953
v 0.0515659 0.0372352 0.0614913
v 0.0516354 0.0371657 0.061376
v 0.0516956 0.0371055 0.0612507
v 0.0517459 0.0370553 0.061117
v 0.0517856 0.0370155 0.0609763
v 0.0518143 0.0369868 0.0608304
v 0.0518317 0.0369695 0.0606809
v 0.0510563 0.0378939 0.0612061
v 0.0511073 0.0378428 0.061182
v 0.0511562 0.0377939 0.0611502
v 0.0512024 0.0377478 0.0611111
v 0.0512453 0.0377048 0.0610652
v 0.0512844 0.0376657 0.0610129
v 0.0513194 0.0376308 0.060955
v 0.0513496 0.0376005 0.060892
v 0.0513749 0.0375753 0.0608248
v 0.0513948 0.0375553 0.0607541
v 0.0514093 0.0375409 0.0606808
v 0.051418 0.0375322 0.0606057
v 0.053 0 0.006
v 0.053 0.0101571 0.070093
v 0.053 0.00733543 0.0706198
v 0.053 0.0129833 0.0694039
v 0.053 0.015819 0.068557
v 0.053 -0.0101399 0.0700967
v 0.053 -0.0131076 0.06937
v 0.053 0.000655166 0.0711963
v 0.053 -0.00216397 0.0711501
v 0.053 0.0186682 0.0675573
v 0.053 -0.0164877 0.0683354
v 0.053 -0.00498884 0.0709313
v 0.053 0.00451283 0.0709802
v 0.053 0.0034837 0.0710693
v 0.053 0.0215344 0.06641
v 0.053 -0.0199641 0.0670556
v 0.053 -0.00783687 0.0705382
v 0.053 0.0244206 0.0651206
v 0.053 -0.0235612 0.065518
v 0.053 0.0273271 0.0636961
v 0.053 0.0291389 0.0627485
v 0.053 -0.0312446 0.0615933
v 0.053 -0.0331005 0.0605296
v 0.053 -0.0273019 0.063709
v 0.053 -0.0331005 0.006
v 0.0500955 0.033994 0.0665337
v 0.0501814 0.0317876 0.0676983
v 0.0502555 0.0298552 0.0686459
v 0.0503719 0.0267415 0.0700704
v 0.0503731 0.0267067 0.0700848
v 0.0504828 0.023633 0.0713597
v 0.0505864 0.0205295 0.072507
v 0.0505976 0.0201637 0.0726249
v 0.0507636 0.0143278 0.0743536
v 0.0507688 0.0140976 0.0744047
v 0.0508333 0.0112243 0.0750427
v 0.050884 0.00834298 0.0755309
v 0.0509261 0.0049961 0.0759299
v 0.0509356 0.00385748 0.076019
v 0.0509404 0.002763 0.0760634
v 0.0509492 0.000725657 0.0761461
v 0.0509443 -0.00239656 0.0760999
v 0.0509415 -0.00276244 0.0760743
v 0.0509209 -0.00552253 0.075881
v 0.0508837 -0.00834333 0.0755286
v 0.0508794 -0.00866816 0.075488
v 0.0508337 -0.0112054 0.0750464
v 0.0507685 -0.0140985 0.0744012
v 0.0507603 -0.0144641 0.0743197
v 0.0506595 -0.0181578 0.0732852
v 0.050596 -0.0201729 0.0726023
v 0.0505406 -0.0219347 0.0720053
v 0.0504055 -0.0258177 0.0704678
v 0.050372 -0.02672 0.0700608
v 0.0502565 -0.0298282 0.0686588
v 0.0500968 -0.033968 0.0665721
v 0.0500945 -0.0340257 0.066543
v 0.0500177 -0.0359915 0.0654794
v 0.0504956 -0.0358027 0.0651561
v 0.0509081 -0.0356108 0.0648276
v 0.0506048 -0.0357595 0.0650821
v 0.0512706 -0.0354177 0.064497
v 0.0511842 -0.0354703 0.0645869
v 0.0511397 -0.0354973 0.0646332
v 0.0518595 -0.0350231 0.0638214
v 0.0516162 -0.0352079 0.0641377
v 0.0521043 -0.0348214 0.0634759
v 0.0523189 -0.0346133 0.0631198
v 0.0520289 -0.0348945 0.0636012
v 0.0525008 -0.0343962 0.0627481
v 0.0523731 -0.0345608 0.0630298
v 0.0526661 -0.0341716 0.0623634
v 0.0527964 -0.0339309 0.0619514
v 0.052645 -0.0342105 0.06243
v 0.052897 -0.033674 0.0615116
v 0.0528578 -0.0337967 0.0617216
v 0.0528415 -0.0338476 0.0618087
v 0.0529684 -0.0333989 0.0610406
v 0.0529603 -0.0334762 0.0611728
v 0.050888 0.0081149 0.0755696
v 0.0506807 0.0174286 0.0735067
v 0.0507385 0.0315698 0.0672913
v 0.051245 0.0313261 0.0668358
v 0.0516955 0.031059 0.0663366
v 0.0520851 0.0307713 0.0657991
v 0.0524097 0.0304663 0.0652291
v 0.0526659 0.030147 0.0646325
v 0.0528508 0.029817 0.0640158
v 0.0529626 0.0294798 0.0633856
v 0.0507989 0.0296451 0.0682346
v 0.0512925 0.029411 0.0677761
v 0.0517312 0.0291552 0.0672754
v 0.0521104 0.0288805 0.0667375
v 0.0524262 0.0285896 0.066168
v 0.0526753 0.0282856 0.0655728
v 0.0528551 0.0279717 0.0649582
v 0.0529637 0.0276511 0.0643304
v 0.0508937 0.0265455 0.0696523
v 0.0513671 0.0263284 0.0691894
v 0.0517872 0.0260924 0.0686861
v 0.0521501 0.0258399 0.0681475
v 0.052452 0.0255733 0.067579
v 0.0526899 0.0252952 0.066986
v 0.0528616 0.0250086 0.0663746
v 0.0529653 0.024716 0.0657507
v 0.050984 0.023453 0.0709353
v 0.0514379 0.0232549 0.0704681
v 0.0518404 0.0230406 0.0699625
v 0.0521877 0.022812 0.0694233
v 0.0524764 0.0225713 0.0688556
v 0.0527038 0.0223207 0.0682647
v 0.0528679 0.0220628 0.0676563
v 0.0529669 0.0217998 0.0670361
v 0.0510681 0.0203677 0.0720768
v 0.0515039 0.0201905 0.0716056
v 0.0518899 0.0199996 0.0710979
v 0.0522227 0.0197966 0.0705581
v 0.0524991 0.0195834 0.0699912
v 0.0527168 0.019362 0.0694022
v 0.0528736 0.0191342 0.0687966
v 0.0529683 0.0189023 0.0681798
v 0.0511446 0.017287 0.0730712
v 0.0515638 0.0171327 0.0725966
v 0.0519348 0.0169669 0.0720869
v 0.0522544 0.0167912 0.0715466
v 0.0525197 0.0166071 0.0709804
v 0.0527284 0.0164161 0.0703932
v 0.0528789 0.01622 0.06979
v 0.0529697 0.0160203 0.0691762
v 0.0512118 0.0142083 0.0739135
v 0.0516164 0.0140785 0.0734358
v 0.0519742 0.0139396 0.0729245
v 0.0522821 0.0137927 0.0723837
v 0.0525377 0.0136391 0.0718182
v 0.0527387 0.01348 0.0712324
v 0.0528834 0.0133168 0.0706315
v 0.0529708 0.0131507 0.0700202
v 0.0512682 0.0111286 0.0745988
v 0.0516605 0.011025 0.0741186
v 0.0520072 0.0109145 0.0736058
v 0.0523054 0.0107978 0.0730647
v 0.0525528 0.010676 0.0724997
v 0.0527472 0.0105499 0.0719152
v 0.0528873 0.0104208 0.071316
v 0.0529718 0.0102894 0.070707
v 0.0513124 0.00804452 0.0751227
v 0.0516951 0.00796858 0.0746404
v 0.052033 0.00788766 0.0741266
v 0.0523236 0.00780241 0.0735852
v 0.0525646 0.00771349 0.0730206
v 0.0527539 0.00762161 0.0724371
v 0.0528903 0.00752747 0.0718393
v 0.0529725 0.00743183 0.071232
v 0.0513432 0.00495227 0.075481
v 0.0517191 0.00490505 0.0749973
v 0.052051 0.00485481 0.0744828
v 0.0523363 0.00480193 0.0739412
v 0.0525728 0.00474683 0.0733768
v 0.0527586 0.00468992 0.072794
v 0.0528924 0.00463165 0.0721972
v 0.052973 0.00457247 0.0715911
v 0.0513509 0.00382354 0.0755696
v 0.0517251 0.00378699 0.0750856
v 0.0520555 0.00374812 0.0745708
v 0.0523395 0.00370722 0.0740292
v 0.0525748 0.00366461 0.0734649
v 0.0527598 0.00362061 0.0728823
v 0.0528929 0.00357556 0.0722857
v 0.0529732 0.0035298 0.0716798
v 0.0513619 0.000719245 0.0756959
v 0.0517337 0.000712346 0.0752114
v 0.0520619 0.000705011 0.0746964
v 0.052344 0.000697297 0.0741547
v 0.0525777 0.000689262 0.0735905
v 0.0527614 0.000680968 0.0730081
v 0.0528936 0.000672477 0.0724119
v 0.0529734 0.000663855 0.0718065
v 0.0513579 -0.00237542 0.0756499
v 0.0517306 -0.00235266 0.0751657
v 0.0520596 -0.00232847 0.0746507
v 0.0523423 -0.00230301 0.0741091
v 0.0525767 -0.0022765 0.0735449
v 0.0527608 -0.00224913 0.0729624
v 0.0528934 -0.0022211 0.072366
v 0.0529733 -0.00219265 0.0717604
v 0.051339 -0.00547415 0.0754323
v 0.0517159 -0.00542203 0.0749489
v 0.0520486 -0.00536656 0.0744344
v 0.0523346 -0.00530817 0.0738929
v 0.0525716 -0.00524732 0.0733285
v 0.052758 -0.00518447 0.0727456
v 0.0528921 -0.0051201 0.0721487
v 0.052973 -0.00505473 0.0715423
v 0.0513055 -0.00859319 0.0750415
v 0.0516897 -0.00851225 0.0745596
v 0.052029 -0.00842598 0.0740459
v 0.0523208 -0.00833507 0.0735046
v 0.0525627 -0.00824023 0.0729399
v 0.0527529 -0.0081422 0.0723563
v 0.0528898 -0.00804177 0.0717583
v 0.0529724 -0.00793973 0.0711507
v 0.0512685 -0.0111098 0.0746025
v 0.0516608 -0.0110064 0.0741222
v 0.0520074 -0.0108961 0.0736095
v 0.0523055 -0.0107796 0.0730684
v 0.0525528 -0.010658 0.0725033
v 0.0527473 -0.0105321 0.0719189
v 0.0528873 -0.0104032 0.0713197
v 0.0529718 -0.0102721 0.0707107
v 0.051209 -0.0143435 0.0738798
v 0.0516143 -0.0142126 0.0734022
v 0.0519726 -0.0140725 0.0728909
v 0.052281 -0.0139243 0.0723502
v 0.0525369 -0.0137693 0.0717846
v 0.0527383 -0.0136088 0.0711988
v 0.0528833 -0.0134441 0.0705978
v 0.0529708 -0.0132766 0.0699864
v 0.0511274 -0.0180112 0.0728509
v 0.0515503 -0.0178513 0.072377
v 0.0519247 -0.0176795 0.0718678
v 0.0522472 -0.0174972 0.0713276
v 0.052515 -0.0173062 0.0707612
v 0.0527258 -0.0171079 0.0701736
v 0.0528777 -0.0169042 0.0695699
v 0.0529694 -0.0166968 0.0689554
v 0.0510309 -0.0217644 0.0715777
v 0.0514747 -0.0215775 0.0711083
v 0.051868 -0.0213758 0.0706015
v 0.0522072 -0.021161 0.0700619
v 0.0524891 -0.0209351 0.0694947
v 0.052711 -0.0207003 0.0689049
v 0.0528711 -0.0204587 0.068298
v 0.0529677 -0.0202125 0.0676797
v 0.0509211 -0.0256262 0.0700478
v 0.0513886 -0.0254146 0.0695836
v 0.0518034 -0.0251848 0.0690796
v 0.0521615 -0.0249392 0.0685408
v 0.0524594 -0.0246801 0.0679725
v 0.0526942 -0.0244101 0.0673802
v 0.0528635 -0.0241318 0.0667697
v 0.0529658 -0.0238479 0.0661469
v 0.0507998 -0.0296182 0.0682474
v 0.0512932 -0.0293842 0.0677889
v 0.0517317 -0.0291286 0.0672882
v 0.0521108 -0.0288541 0.0667502
v 0.0524264 -0.0285634 0.0661807
v 0.0526754 -0.0282597 0.0655856
v 0.0528551 -0.027946 0.064971
v 0.0529637 -0.0276256 0.0643433
v 0.0506676 -0.0337999 0.0661412
v 0.0511892 -0.0335459 0.0656891
v 0.0516535 -0.0332665 0.0651919
v 0.0520553 -0.0329648 0.0646549
v 0.0523904 -0.0326441 0.0640841
v 0.0526549 -0.032308 0.0634859
v 0.0528459 -0.0319601 0.0628667
v 0.0529614 -0.0316043 0.0622335
v 0.0529761 -0.0336784 0.0605296
v 0.0529663 -0.0337866 0.006
v 0.0529617 -0.033786 0.0605296
v 0.0528831 -0.0343747 0.0605296
v 0.0528655 -0.0344661 0.006
v 0.0528616 -0.0344652 0.0605296
v 0.0527207 -0.0350581 0.0605296
v 0.0526986 -0.0351325 0.006
v 0.0526953 -0.0351314 0.0605296
v 0.0524907 -0.0357218 0.0605296
v 0.0524672 -0.0357793 0.006
v 0.0524646 -0.0357781 0.0605296
v 0.0521953 -0.0363591 0.0605296
v 0.0521734 -0.0364003 0.006
v 0.0521716 -0.0363992 0.0605296
v 0.0518375 -0.0369636 0.0605296
v 0.0518203 -0.0369895 0.006
v 0.0518191 -0.0369886 0.0605296
v 0.0514209 -0.0375292 0.0605296
v 0.0514111 -0.0375413 0.006
v 0.0514105 -0.0375407 0.0605296
v 0.0509497 -0.0380503 0.0605296
v 0.0509497 -0.0380503 0.006
v 0.0502962 -0.036385 0.0649742
v 0.050532 -0.0367458 0.0644249
v 0.0502845 -0.0363685 0.0649954
v 0.0507169 -0.0370607 0.0638544
v 0.0507226 -0.0370704 0.0638367
v 0.0508663 -0.0373554 0.0632157
v 0.0509598 -0.0375937 0.0625796
v 0.0509616 -0.0375981 0.0625679
v 0.0510074 -0.037796 0.0618999
v 0.0510035 -0.0379464 0.0612223
v 0.0510035 -0.0379473 0.0612182
v 0.0528666 -0.0343912 0.0609593
v 0.0529573 -0.0336972 0.0610198
v 0.052901 -0.0337535 0.0615042
v 0.0511102 -0.0361475 0.0642177
v 0.0509538 -0.0357007 0.0647367
v 0.0506246 -0.0360299 0.0648922
v 0.0508216 -0.0364361 0.064354
v 0.0527067 -0.0350721 0.0608945
v 0.0528172 -0.0344405 0.061384
v 0.0526648 -0.035114 0.0612551
v 0.0527357 -0.0345221 0.0617986
v 0.0525955 -0.0351833 0.0616072
v 0.0526228 -0.0346349 0.0621982
v 0.0524997 -0.0352791 0.0619466
v 0.05248 -0.0347777 0.0625782
v 0.0523784 -0.0354004 0.0622693
v 0.0523089 -0.0349488 0.0629341
v 0.0522331 -0.0355456 0.0625715
v 0.0521116 -0.0351461 0.0632616
v 0.0520656 -0.0357132 0.0628497
v 0.0518903 -0.0353674 0.0635571
v 0.0518777 -0.0359011 0.0631005
v 0.0516477 -0.03561 0.0638168
v 0.0516717 -0.0361071 0.0633211
v 0.0513867 -0.035871 0.0640379
v 0.05145 -0.0363288 0.0635089
v 0.0512152 -0.0365636 0.0636615
v 0.0524793 -0.0357332 0.0608261
v 0.0524452 -0.0357672 0.061119
v 0.052389 -0.0358235 0.061405
v 0.0523111 -0.0359013 0.0616807
v 0.0522126 -0.0359999 0.0619429
v 0.0520946 -0.0361179 0.0621884
v 0.0519585 -0.036254 0.0624143
v 0.0518058 -0.0364066 0.0626181
v 0.0516385 -0.036574 0.0627973
v 0.0514584 -0.0367541 0.0629499
v 0.0512677 -0.0369448 0.0630739
v 0.0509701 -0.0368087 0.0637773
v 0.0510686 -0.0371439 0.0631679
v 0.0521866 -0.0363678 0.0607546
v 0.0521608 -0.0363936 0.0609769
v 0.0521181 -0.0364363 0.061194
v 0.052059 -0.0364954 0.0614032
v 0.0519842 -0.0365702 0.0616022
v 0.0518947 -0.0366597 0.0617885
v 0.0517914 -0.036763 0.06196
v 0.0516755 -0.0368789 0.0621147
v 0.0515485 -0.0370059 0.0622507
v 0.0514118 -0.0371426 0.0623665
v 0.0512671 -0.0372873 0.0624606
v 0.0518317 -0.0369695 0.0606809
v 0.0518143 -0.0369868 0.0608304
v 0.0517856 -0.0370155 0.0609763
v 0.0517459 -0.0370553 0.061117
v 0.0516956 -0.0371055 0.0612507
v 0.0516354 -0.0371657 0.061376
v 0.0515659 -0.0372352 0.0614913
v 0.051488 -0.0373131 0.0615953
v 0.0514026 -0.0373985 0.0616867
v 0.0513108 -0.0374904 0.0617646
v 0.0512134 -0.0375877 0.0618278
v 0.051116 -0.0374384 0.062532
v 0.0511118 -0.0376893 0.0618758
v 0.051418 -0.0375322 0.0606057
v 0.0514093 -0.0375409 0.0606808
v 0.0513948 -0.0375553 0.0607541
v 0.0513749 -0.0375753 0.0608248
v 0.0513496 -0.0376005 0.060892
v 0.0513194 -0.0376308 0.060955
v 0.0512844 -0.0376657 0.0610129
v 0.0512453 -0.0377048 0.0610652
v 0.0512024 -0.0377478 0.0611111
v 0.0511562 -0.0377939 0.0611502
v 0.0511073 -0.0378428 0.061182
v 0.0510563 -0.0378939 0.0612061
v 0.0380503 -0.0509497 0.006
v 0.0444819 -0.0445181 0.0612685
v 0.042256 -0.046744 0.0611785
v 0.048752 -0.040248 0.0609462
v 0.0465524 -0.0424476 0.0611932
v 0.0400313 -0.0489687 0.0609126
v 0.0380503 -0.0509497 0.0605296
v 0.0476563 -0.0384041 0.0658959
v 0.0465431 -0.0395317 0.0660117
v 0.0430305 -0.04307 0.0662182
v 0.041881 -0.0442141 0.0661757
v 0.0406023 -0.0454869 0.0661283
v 0.0381665 -0.0478898 0.0658624
v 0.0363685 -0.0502845 0.0649954
v 0.0371545 -0.0488799 0.0656842
v 0.0359915 -0.0500177 0.0654794
v 0.036385 -0.0502962 0.0649742
v 0.0367458 -0.050532 0.0644249
v 0.0370704 -0.0507226 0.0638367
v 0.0373554 -0.0508663 0.0632157
v 0.0375981 -0.0509616 0.0625679
v 0.037796 -0.0510074 0.0618999
v 0.0379464 -0.0510035 0.0612223
v 0.0379473 -0.0510035 0.0612182
v 0.0452794 -0.0408117 0.066143
v 0.0479485 -0.0387729 0.0653886
v 0.0482001 -0.0391078 0.0648379
v 0.0484088 -0.0394055 0.0642492
v 0.0485725 -0.0396631 0.0636282
v 0.0486896 -0.039878 0.0629809
v 0.0487589 -0.0400481 0.0623138
v 0.0487798 -0.0401719 0.0616334
v 0.045588 -0.0411576 0.0656344
v 0.045858 -0.0414681 0.0650829
v 0.046087 -0.0417402 0.0644938
v 0.0462726 -0.0419713 0.0638728
v 0.0464131 -0.0421592 0.0632259
v 0.0465071 -0.0423021 0.0625593
v 0.0465537 -0.0423985 0.0618796
v 0.0433569 -0.043396 0.0657093
v 0.0436464 -0.0436852 0.0651575
v 0.0438964 -0.0439347 0.0645683
v 0.0441042 -0.0441422 0.0639473
v 0.0442681 -0.0443056 0.0633005
v 0.0443863 -0.0444234 0.0626341
v 0.0444578 -0.0444945 0.0619546
v 0.0409501 -0.045794 0.0656198
v 0.0412627 -0.0460623 0.0650683
v 0.041537 -0.0462894 0.0644792
v 0.0417703 -0.0464731 0.0638582
v 0.0419606 -0.0466114 0.0632113
v 0.0421058 -0.0467033 0.0625447
v 0.0422045 -0.0467476 0.061865
v 0.0385377 -0.0481805 0.0653552
v 0.0388751 -0.0484304 0.0648046
v 0.0391754 -0.0486372 0.0642159
v 0.0394356 -0.0487989 0.0635949
v 0.0396532 -0.0489137 0.0629477
v 0.0398261 -0.0489806 0.0622805
v 0.0399525 -0.048999 0.0615999
v 0.0375407 -0.0514105 0.0605296
v 0.0375413 -0.0514111 0.006
v 0.0375292 -0.0514209 0.0605296
v 0.0369895 -0.0518203 0.006
v 0.0369886 -0.0518191 0.0605296
v 0.0369636 -0.0518375 0.0605296
v 0.0364003 -0.0521734 0.006
v 0.0363992 -0.0521716 0.0605296
v 0.0363591 -0.0521953 0.0605296
v 0.0357793 -0.0524672 0.006
v 0.0357781 -0.0524646 0.0605296
v 0.0357218 -0.0524907 0.0605296
v 0.0351325 -0.0526986 0.006
v 0.0351314 -0.0526953 0.0605296
v 0.0350581 -0.0527207 0.0605296
v 0.0344661 -0.0528655 0.006
v 0.0344652 -0.0528616 0.0605296
v 0.0343747 -0.0528831 0.0605296
v 0.0337866 -0.0529663 0.006
v 0.033786 -0.0529617 0.0605296
v 0.0336784 -0.0529761 0.0605296
v 0.0331005 -0.053 0.006
v 0.0331005 -0.053 0.0605296
v 0.0358027 -0.0504956 0.0651561
v 0.0357595 -0.0506048 0.0650821
v 0.0356108 -0.0509081 0.0648276
v 0.0354973 -0.0511397 0.0646332
v 0.0354703 -0.0511842 0.0645869
v 0.0354177 -0.0512706 0.064497
v 0.0352079 -0.0516162 0.0641377
v 0.0350231 -0.0518595 0.0638214
v 0.0348945 -0.0520289 0.0636012
v 0.0346133 -0.0523189 0.0631198
v 0.0345608 -0.0523731 0.0630298
v 0.0343962 -0.0525008 0.0627481
v 0.0342105 -0.052645 0.06243
v 0.0341716 -0.0526661 0.0623634
v 0.0338476 -0.0528415 0.0618087
v 0.0337967 -0.0528578 0.0617216
v 0.0339309 -0.0527964 0.0619514
v 0.033674 -0.052897 0.0615116
v 0.0334762 -0.0529603 0.0611728
v 0.0333989 -0.0529684 0.0610406
v 0.0348214 -0.0521043 0.0634759
v 0.0360299 -0.0506246 0.0648922
v 0.0364361 -0.0508216 0.064354
v 0.0357007 -0.0509538 0.0647367
v 0.0344405 -0.0528172 0.061384
v 0.0337535 -0.052901 0.0615042
v 0.0336972 -0.0529573 0.0610198
v 0.0343912 -0.0528666 0.0609593
v 0.0368087 -0.0509701 0.0637773
v 0.0361475 -0.0511102 0.0642177
v 0.0365636 -0.0512152 0.0636615
v 0.035871 -0.0513867 0.0640379
v 0.0363288 -0.05145 0.0635089
v 0.03561 -0.0516477 0.0638168
v 0.0361071 -0.0516717 0.0633211
v 0.0353674 -0.0518903 0.0635571
v 0.0359011 -0.0518777 0.0631005
v 0.0351461 -0.0521116 0.0632616
v 0.0357132 -0.0520656 0.0628497
v 0.0349488 -0.0523089 0.0629341
v 0.0355456 -0.0522331 0.0625715
v 0.0347777 -0.05248 0.0625782
v 0.0354004 -0.0523784 0.0622693
v 0.0346349 -0.0526228 0.0621982
v 0.0352791 -0.0524997 0.0619466
v 0.0345221 -0.0527357 0.0617986
v 0.0351833 -0.0525955 0.0616072
v 0.035114 -0.0526648 0.0612551
v 0.0350721 -0.0527067 0.0608945
v 0.0371439 -0.0510686 0.0631679
v 0.0369448 -0.0512677 0.0630739
v 0.0367541 -0.0514584 0.0629499
v 0.036574 -0.0516385 0.0627973
v 0.0364066 -0.0518058 0.0626181
v 0.036254 -0.0519585 0.0624143
v 0.0361179 -0.0520946 0.0621884
v 0.0359999 -0.0522126 0.0619429
v 0.0359013 -0.0523111 0.0616807
v 0.0358235 -0.052389 0.061405
v 0.0357672 -0.0524452 0.061119
v 0.0357332 -0.0524793 0.0608261
v 0.0374384 -0.051116 0.062532
v 0.0372873 -0.0512671 0.0624606
v 0.0371426 -0.0514118 0.0623665
v 0.0370059 -0.0515485 0.0622507
v 0.0368789 -0.0516755 0.0621147
v 0.036763 -0.0517914 0.06196
v 0.0366597 -0.0518947 0.0617885
v 0.0365702 -0.0519842 0.0616022
v 0.0364954 -0.052059 0.0614032
v 0.0364363 -0.0521181 0.061194
v 0.0363936 -0.0521608 0.0609769
v 0.0363678 -0.0521866 0.0607546
v 0.0376893 -0.0511118 0.0618758
v 0.0375877 -0.0512134 0.0618278
v 0.0374904 -0.0513108 0.0617646
v 0.0373985 -0.0514026 0.0616867
v 0.0373131 -0.051488 0.0615953
v 0.0372352 -0.0515659 0.0614913
v 0.0371657 -0.0516354 0.061376
v 0.0371055 -0.0516956 0.0612507
v 0.0370553 -0.0517459 0.061117
v 0.0370155 -0.0517856 0.0609763
v 0.0369868 -0.0518143 0.0608304
v 0.0369695 -0.0518317 0.0606809
v 0.0378939 -0.0510563 0.0612061
v 0.0378428 -0.0511073 0.061182
v 0.0377939 -0.0511562 0.0611502
v 0.0377478 -0.0512024 0.0611111
v 0.0377048 -0.0512453 0.0610652
v 0.0376657 -0.0512844 0.0610129
v 0.0376308 -0.0513194 0.060955
v 0.0376005 -0.0513496 0.060892
v 0.0375753 -0.0513749 0.0608248
v 0.0375553 -0.0513948 0.0607541
v 0.0375409 -0.0514093 0.0606808
v 0.0375322 -0.051418 0.0606057
v 0 -0.0509497 0.0761508
v 0.00320974 -0.05094 0.0760595
v 0.00553978 -0.0509188 0.0758613
v 0.00642392 -0.0509108 0.075786
v 0.00965914 -0.0508628 0.0753286
v 0.0111943 -0.0508318 0.075026
v 0.0129326 -0.0507967 0.0746833
v 0.0162612 -0.0507134 0.0738438
v 0.0170823 -0.05069 0.073602
v 0.0181503 -0.0506597 0.0732875
v 0.0220199 -0.0505377 0.071974
v 0.0233752 -0.0504905 0.0714349
v 0.0259809 -0.0503996 0.0703984
v 0.0300628 -0.0502476 0.0685463
v 0.030233 -0.050241 0.06846
v 0.0342887 -0.0500843 0.0664033
v 4.381e-19 -0.0529734 0.0718111
v -1.24894e-18 -0.053 0.071201
v 3.76979e-19 -0.0528937 0.0724165
v 1.73028e-19 -0.0529634 0.0718867
v 3.16791e-19 -0.0527615 0.0730127
v 3.44308e-19 -0.0528606 0.0725656
v 5.12245e-19 -0.0526926 0.0732311
v 2.57995e-19 -0.0525778 0.0735952
v 6.75277e-19 -0.052461 0.0738772
v 2.01039e-19 -0.0523442 0.0741593
v 8.31883e-19 -0.0521679 0.0744979
v 1.46356e-19 -0.0520622 0.074701
v 9.80606e-19 -0.0518161 0.0750873
v 9.43618e-20 -0.0517341 0.075216
v 1.12006e-18 -0.0514088 0.07564
v 4.54524e-20 -0.0513623 0.0757005
v 0.00289847 -0.053 0.0711098
v 0.00580427 -0.053 0.0708363
v 0.00873566 -0.053 0.0703789
v 0.0117114 -0.053 0.0697336
v 0.0147498 -0.053 0.0688941
v 0.0164808 -0.053 0.0683378
v 0.0200427 -0.053 0.0670242
v 0.0237129 -0.053 0.0654487
v 0.0275215 -0.053 0.0635966
v 0.0314925 -0.053 0.0614536
v 0.00293686 -0.0529732 0.0717202
v 0.00297495 -0.0528931 0.0723259
v 0.00301246 -0.0527603 0.0729224
v 0.00304909 -0.0525757 0.073505
v 0.00308458 -0.0523409 0.0740692
v 0.00311864 -0.0520576 0.0746109
v 0.00315102 -0.0517279 0.0751257
v 0.00318146 -0.0513544 0.0756098
v 0.00588081 -0.0529728 0.0714477
v 0.00595676 -0.0528915 0.0720543
v 0.00603152 -0.0527567 0.0726515
v 0.00610451 -0.0525695 0.0732346
v 0.00617518 -0.0523312 0.0737991
v 0.00624296 -0.0520438 0.0743405
v 0.00630734 -0.0517095 0.0748548
v 0.00636782 -0.0513308 0.0753379
v 0.00885003 -0.0529722 0.0709919
v 0.00896348 -0.0528889 0.0716
v 0.00907513 -0.0527509 0.0721984
v 0.00918408 -0.0525591 0.0727824
v 0.00928946 -0.0523152 0.0733472
v 0.00939044 -0.0520212 0.0738884
v 0.00948621 -0.0516792 0.0744018
v 0.00957602 -0.051292 0.0748831
v 0.0118632 -0.0529713 0.0703488
v 0.0120137 -0.0528853 0.070959
v 0.0121618 -0.0527427 0.0715591
v 0.0123062 -0.0525448 0.0721442
v 0.0124456 -0.0522932 0.0727096
v 0.0125791 -0.0519899 0.0732505
v 0.0127054 -0.0516374 0.0737625
v 0.0128236 -0.0512386 0.0742414
v 0.0149386 -0.0529701 0.0695122
v 0.0151257 -0.0528807 0.070125
v 0.0153096 -0.0527325 0.0707273
v 0.0154887 -0.0525268 0.0713139
v 0.0156615 -0.0522653 0.0718799
v 0.0158265 -0.0519503 0.0724203
v 0.0159823 -0.0515845 0.0729307
v 0.0161276 -0.051171 0.0734065
v 0.0166899 -0.0529694 0.0689577
v 0.0168971 -0.0528777 0.0695722
v 0.0171008 -0.0527258 0.0701759
v 0.0172989 -0.0525151 0.0707635
v 0.01749 -0.0522473 0.0713299
v 0.0176722 -0.0519248 0.0718701
v 0.0178439 -0.0515505 0.0723793
v 0.0180038 -0.0511275 0.0728532
v 0.0202921 -0.0529677 0.0676484
v 0.0205391 -0.0528709 0.0682668
v 0.0207815 -0.0527107 0.0688738
v 0.0210171 -0.0524884 0.0694636
v 0.0212437 -0.0522062 0.0700309
v 0.0214592 -0.0518667 0.0705704
v 0.0216616 -0.0514729 0.0710772
v 0.0218491 -0.0510285 0.0715465
v 0.0240012 -0.0529657 0.0660778
v 0.0242866 -0.0528632 0.0667007
v 0.0245664 -0.0526934 0.0673114
v 0.0248379 -0.0524581 0.0679038
v 0.0250983 -0.0521595 0.0684722
v 0.0253452 -0.0518005 0.0690109
v 0.025576 -0.0513848 0.0695148
v 0.0257886 -0.0509163 0.0699788
v 0.0278473 -0.0529636 0.0642312
v 0.0281697 -0.0528546 0.0648592
v 0.0284854 -0.0526743 0.0654741
v 0.0287911 -0.0524245 0.0660694
v 0.0290835 -0.0521077 0.0666389
v 0.0293596 -0.0517274 0.0671768
v 0.0296167 -0.0512875 0.0676774
v 0.0298519 -0.0507925 0.0681355
v 0.0318544 -0.0529612 0.0620942
v 0.0322123 -0.0528453 0.0627278
v 0.0325622 -0.0526535 0.0633472
v 0.0329003 -0.0523881 0.0639457
v 0.0332228 -0.0520518 0.0645165
v 0.0335261 -0.0516485 0.0650535
v 0.0338069 -0.0511826 0.0655505
v 0.034062 -0.0506592 0.0660021
v 1.73472e-18 -0.053 0.006
v -0.0331005 -0.053 0.006
v -0.0331005 -0.053 0.071201
v -0.038 -0.0460503 0.0810503
v -0.0331005 -0.0509497 0.0761508
v -0.0331005 -0.0529661 0.0718871
v -0.0331005 -0.0529659 0.0718912
v -0.0331005 -0.0528651 0.0725666
v -0.0331005 -0.0528639 0.0725747
v -0.0331005 -0.052698 0.0732329
v -0.0331005 -0.052695 0.0732448
v -0.0331005 -0.0524664 0.0738795
v -0.0331005 -0.0521726 0.0745004
v -0.0331005 -0.0524608 0.073895
v -0.0331005 -0.0518193 0.0750894
v -0.0331005 -0.0521637 0.074519
v -0.0331005 -0.0518065 0.0751105
v -0.0331005 -0.05141 0.0756409
v -0.0331005 -0.0513927 0.075664
v -0.0375404 -0.05141 0.071201
v -0.03701 -0.0518065 0.071201
v -0.0375635 -0.0513927 0.071201
v -0.0369889 -0.0518193 0.071201
v -0.0364185 -0.0521637 0.071201
v -0.0363999 -0.0521726 0.071201
v -0.0357945 -0.0524608 0.071201
v -0.035779 -0.0524664 0.071201
v -0.0351443 -0.052695 0.071201
v -0.0351324 -0.052698 0.071201
v -0.0344742 -0.0528639 0.071201
v -0.0344661 -0.0528651 0.071201
v -0.0337907 -0.0529659 0.071201
v -0.0337866 -0.0529661 0.071201
v -0.0335894 -0.051172 0.0758841
v -0.0336979 -0.0512213 0.0758249
v -0.0340327 -0.0513428 0.0756117
v -0.0342888 -0.0514357 0.0754484
v -0.0344405 -0.0514764 0.0753374
v -0.0341698 -0.0513926 0.0755243
v -0.034818 -0.0515775 0.0750611
v -0.0348667 -0.0515906 0.0750254
v -0.0351629 -0.0516402 0.0747788
v -0.0354252 -0.0516842 0.0745605
v -0.035804 -0.0517064 0.074204
v -0.0359582 -0.0517155 0.0740587
v -0.0361035 -0.0517064 0.0739045
v -0.0363957 -0.0516882 0.073594
v -0.03646 -0.0516842 0.0735257
v -0.0366783 -0.0516402 0.0732634
v -0.0369249 -0.0515906 0.0729672
v -0.0369606 -0.0515775 0.0729185
v -0.0373479 -0.0514357 0.0723893
v -0.0374237 -0.0513926 0.0722703
v -0.0372369 -0.0514764 0.072541
v -0.0375112 -0.0513428 0.0721332
v -0.0377244 -0.0512213 0.0717984
v -0.0377836 -0.051172 0.0716899
v -0.0380503 -0.0509497 0.071201
v -0.0354935 -0.0516882 0.0744962
v -0.033567 -0.0513927 0.0756396
v -0.0335092 -0.0518065 0.0750891
v -0.0340284 -0.0513927 0.0755665
v -0.0369246 -0.0518065 0.0720138
v -0.037466 -0.0513927 0.0721289
v -0.0375391 -0.0513927 0.0716675
v -0.0369886 -0.0518065 0.0716097
v -0.0334473 -0.0521637 0.0745008
v -0.0339133 -0.0518065 0.0750251
v -0.0337903 -0.0521637 0.0744465
v -0.0343086 -0.0518065 0.0749192
v -0.0341258 -0.0521637 0.0743566
v -0.0346907 -0.0518065 0.0747726
v -0.03445 -0.0521637 0.0742321
v -0.0350553 -0.0518065 0.0745868
v -0.0347595 -0.0521637 0.0740744
v -0.0353985 -0.0518065 0.0743639
v -0.0350507 -0.0521637 0.0738853
v -0.0357165 -0.0518065 0.0741064
v -0.0353206 -0.0521637 0.0736667
v -0.0360059 -0.0518065 0.073817
v -0.0355662 -0.0521637 0.0734211
v -0.0362634 -0.0518065 0.073499
v -0.0357848 -0.0521637 0.0731512
v -0.0364863 -0.0518065 0.0731558
v -0.0359739 -0.0521637 0.07286
v -0.036672 -0.0518065 0.0727912
v -0.0361316 -0.0521637 0.0725505
v -0.0368187 -0.0518065 0.0724091
v -0.0362561 -0.0521637 0.0722263
v -0.0363459 -0.0521637 0.0718908
v -0.0364003 -0.0521637 0.0715478
v -0.0333821 -0.0524608 0.0738803
v -0.0336606 -0.0524608 0.0738362
v -0.033933 -0.0524608 0.0737632
v -0.0341963 -0.0524608 0.0736621
v -0.0344475 -0.0524608 0.0735341
v -0.034684 -0.0524608 0.0733805
v -0.0349032 -0.0524608 0.0732031
v -0.0351025 -0.0524608 0.0730037
v -0.03528 -0.0524608 0.0727845
v -0.0354336 -0.0524608 0.072548
v -0.0355616 -0.0524608 0.0722968
v -0.0356627 -0.0524608 0.0720335
v -0.0357356 -0.0524608 0.0717611
v -0.0357798 -0.0524608 0.0714826
v -0.0333141 -0.052695 0.0732336
v -0.0335254 -0.052695 0.0732002
v -0.0337321 -0.052695 0.0731448
v -0.0339318 -0.052695 0.0730681
v -0.0341224 -0.052695 0.072971
v -0.0343018 -0.052695 0.0728545
v -0.0344681 -0.052695 0.0727199
v -0.0346194 -0.052695 0.0725686
v -0.034754 -0.052695 0.0724023
v -0.0348705 -0.052695 0.0722229
v -0.0349676 -0.052695 0.0720323
v -0.0350443 -0.052695 0.0718326
v -0.0350997 -0.052695 0.0716259
v -0.0351331 -0.052695 0.0714146
v -0.0332441 -0.0528639 0.0725672
v -0.0333861 -0.0528639 0.0725447
v -0.033525 -0.0528639 0.0725075
v -0.0336592 -0.0528639 0.072456
v -0.0337874 -0.0528639 0.0723907
v -0.033908 -0.0528639 0.0723124
v -0.0340197 -0.0528639 0.0722219
v -0.0341214 -0.0528639 0.0721202
v -0.0342119 -0.0528639 0.0720085
v -0.0342902 -0.0528639 0.0718879
v -0.0343555 -0.0528639 0.0717598
v -0.034407 -0.0528639 0.0716255
v -0.0344442 -0.0528639 0.0714866
v -0.0344667 -0.0528639 0.0713446
v -0.0331727 -0.0529659 0.0718875
v -0.033244 -0.0529659 0.0718762
v -0.0333138 -0.0529659 0.0718575
v -0.0333812 -0.0529659 0.0718316
v -0.0334456 -0.0529659 0.0717988
v -0.0335062 -0.0529659 0.0717594
v -0.0335624 -0.0529659 0.0717139
v -0.0336134 -0.0529659 0.0716629
v -0.0336589 -0.0529659 0.0716067
v -0.0336983 -0.0529659 0.0715461
v -0.0337311 -0.0529659 0.0714817
v -0.0337569 -0.0529659 0.0714143
v -0.0337756 -0.0529659 0.0713445
v -0.0337869 -0.0529659 0.0712732
v -0.0375413 -0.0514111 0.006
v -0.0380503 -0.0509497 0.006
v -0.0369895 -0.0518203 0.006
v -0.0364003 -0.0521734 0.006
v -0.0357793 -0.0524672 0.006
v -0.0351325 -0.0526986 0.006
v -0.0344661 -0.0528655 0.006
v -0.0337866 -0.0529663 0.006
v -0.0429497 -0.0460503 0.006
v -0.0429497 -0.0460503 0.0761005
v -0.038984 -0.0458142 0.0812465
v -0.0391385 -0.0457797 0.0812647
v -0.0394024 -0.0457207 0.0812958
v -0.0397862 -0.0456392 0.0813195
v -0.0401387 -0.0455685 0.0813206
v -0.0401598 -0.0455645 0.0813193
v -0.040463 -0.0455074 0.0813013
v -0.0407619 -0.0454552 0.0812636
v -0.0410377 -0.045411 0.081209
v -0.0410476 -0.0454095 0.0812063
v -0.0412924 -0.0453741 0.0811386
v -0.0415278 -0.0453441 0.0810534
v -0.0417454 -0.0453204 0.0809539
v -0.0417923 -0.0453164 0.0809275
v -0.0419464 -0.0453029 0.0808405
v -0.0421319 -0.0452913 0.0807133
v -0.0423027 -0.0452854 0.0805721
v -0.0423874 -0.0452852 0.0804879
v -0.0424593 -0.0452851 0.0804166
v -0.0426021 -0.0452906 0.0802464
v -0.0427314 -0.0453019 0.0800606
v -0.0428272 -0.0453163 0.079893
v -0.0428471 -0.0453192 0.0798582
v -0.0429489 -0.0453429 0.0796381
v -0.0430363 -0.0453733 0.0793986
v -0.0431057 -0.0454095 0.0791481
v -0.0431085 -0.045411 0.079138
v -0.0431644 -0.0454566 0.0788541
v -0.0432025 -0.0455109 0.0785445
v -0.043218 -0.0455648 0.0782597
v -0.0432209 -0.0455749 0.0782062
v -0.0432171 -0.0456497 0.0778358
v -0.0431883 -0.0457367 0.0774295
v -0.0431577 -0.0457819 0.0772344
v -0.0430452 -0.045948 0.0765163
v -0.038 -0.044 0.086
v -0.038 -0.0440337 0.0853139
v -0.038 -0.0441345 0.0846344
v -0.038 -0.0443014 0.083968
v -0.038 -0.0445328 0.0833212
v -0.038 -0.0448266 0.0827002
v -0.038 -0.0451797 0.082111
v -0.038 -0.0455889 0.0815592
v -0.0394959 -0.044 0.0859204
v -0.0401457 -0.044 0.0858319
v -0.0407502 -0.044 0.0857163
v -0.0413138 -0.044 0.085577
v -0.0418404 -0.044 0.0854164
v -0.0423337 -0.044 0.0852366
v -0.0427968 -0.044 0.0850389
v -0.0432325 -0.044 0.0848245
v -0.0436432 -0.044 0.084594
v -0.0440311 -0.044 0.0843477
v -0.0443982 -0.044 0.0840858
v -0.0447459 -0.044 0.083808
v -0.0450755 -0.044 0.0835138
v -0.0453883 -0.044 0.0832025
v -0.045685 -0.044 0.082873
v -0.0459662 -0.044 0.082524
v -0.0462322 -0.044 0.0821539
v -0.0464831 -0.044 0.0817609
v -0.0467188 -0.044 0.0813428
v -0.0469386 -0.044 0.0808969
v -0.0471415 -0.044 0.0804204
v -0.0473263 -0.044 0.0799098
v -0.0474911 -0.044 0.0793611
v -0.0476332 -0.044 0.07877
v -0.0477496 -0.044 0.0781315
v -0.047886 -0.044 0.0767276
v -0.0478995 -0.044 0.0761005
v -0.0472134 -0.0440337 0.0761005
v -0.0465339 -0.0441345 0.0761005
v -0.0458675 -0.0443014 0.0761005
v -0.0452207 -0.0445328 0.0761005
v -0.0445997 -0.0448266 0.0761005
v -0.0440105 -0.0451797 0.0761005
v -0.0434587 -0.0455889 0.0761005
v -0.0394258 -0.0440296 0.0852807
v -0.0393563 -0.0441183 0.0846465
v -0.039288 -0.0442653 0.084023
v -0.0392215 -0.0444693 0.0834155
v -0.0391573 -0.0447286 0.0828293
v -0.039096 -0.045041 0.0822693
v -0.039038 -0.0454039 0.0817402
v -0.0400445 -0.044028 0.0852141
v -0.0399441 -0.044112 0.0846013
v -0.0398453 -0.0442511 0.0839984
v -0.0397489 -0.0444443 0.0834101
v -0.0396557 -0.04469 0.0828413
v -0.0395664 -0.0449863 0.0822964
v -0.0394818 -0.0453307 0.0817799
v -0.0406195 -0.0440267 0.0851201
v -0.0404898 -0.0441064 0.0845285
v -0.040362 -0.0442387 0.0839458
v -0.0402372 -0.0444225 0.0833767
v -0.0401164 -0.0446565 0.0828254
v -0.0400003 -0.0449387 0.0822961
v -0.03989 -0.0452671 0.0817929
v -0.041155 -0.0440255 0.085002
v -0.0409974 -0.0441017 0.0844311
v -0.0408421 -0.0442281 0.0838686
v -0.0406903 -0.0444038 0.0833185
v -0.040543 -0.0446274 0.0827849
v -0.0404012 -0.0448975 0.0822715
v -0.0402662 -0.0452119 0.0817822
v -0.0416549 -0.0440244 0.0848623
v -0.0414707 -0.0440976 0.084312
v -0.0412891 -0.0442189 0.0837694
v -0.0411114 -0.0443876 0.0832383
v -0.0409387 -0.0446024 0.0827224
v -0.0407723 -0.044862 0.0822253
v -0.0406134 -0.0451643 0.0817505
v -0.0421226 -0.0440236 0.084703
v -0.0419129 -0.0440941 0.084173
v -0.0417061 -0.0442111 0.0836502
v -0.0415035 -0.0443738 0.083138
v -0.0413064 -0.0445811 0.08264
v -0.0411163 -0.0448316 0.0821595
v -0.0409344 -0.0451236 0.0816996
v -0.0425611 -0.0440228 0.0845257
v -0.0423269 -0.0440911 0.0840159
v -0.0420958 -0.0442045 0.0835127
v -0.0418692 -0.0443621 0.0830195
v -0.0416488 -0.044563 0.0825394
v -0.0414357 -0.0448059 0.0820757
v -0.0412316 -0.0450892 0.0816312
v -0.042973 -0.0440222 0.0843315
v -0.0427152 -0.0440887 0.0838417
v -0.0424606 -0.044199 0.0833581
v -0.042211 -0.0443524 0.0828839
v -0.0419678 -0.044548 0.0824219
v -0.0417327 -0.0447845 0.0819752
v -0.0415071 -0.0450605 0.0815465
v -0.0433607 -0.0440217 0.0841212
v -0.04308 -0.0440867 0.0836513
v -0.0428028 -0.0441945 0.0831873
v -0.0425307 -0.0443445 0.0827321
v -0.0422656 -0.0445358 0.0822883
v -0.042009 -0.0447671 0.0818589
v -0.0417626 -0.0450371 0.0814464
v -0.0437263 -0.0440213 0.0838951
v -0.0434233 -0.0440851 0.0834452
v -0.043124 -0.044191 0.0830008
v -0.0428302 -0.0443383 0.0825647
v -0.0425438 -0.0445262 0.0821393
v -0.0422664 -0.0447534 0.0817274
v -0.0419997 -0.0450187 0.0813315
v -0.0440715 -0.044021 0.0836534
v -0.0437467 -0.0440839 0.0832236
v -0.0434259 -0.0441884 0.0827989
v -0.0431109 -0.0443337 0.0823819
v -0.0428037 -0.044519 0.0819752
v -0.042506 -0.0447433 0.0815812
v -0.0422197 -0.0450051 0.0812022
v -0.0443978 -0.0440208 0.0833959
v -0.0440517 -0.0440832 0.0829862
v -0.0437098 -0.0441866 0.0825814
v -0.0433741 -0.0443306 0.0821839
v -0.0430465 -0.0445143 0.0817961
v -0.042729 -0.0447365 0.0814202
v -0.0424236 -0.0449961 0.0810586
v -0.0447064 -0.0440207 0.0831222
v -0.0443394 -0.0440828 0.0827329
v -0.0439768 -0.0441857 0.0823482
v -0.0436207 -0.0443291 0.0819704
v -0.0432732 -0.0445119 0.0816017
v -0.0429364 -0.0447331 0.0812444
v -0.0426122 -0.0449915 0.0809005
v -0.0449984 -0.0440207 0.0828316
v -0.0446107 -0.0440827 0.0824629
v -0.0442277 -0.0441857 0.0820986
v -0.0438516 -0.044329 0.0817409
v -0.0434845 -0.0445118 0.0813917
v -0.0431287 -0.044733 0.0810533
v -0.0427863 -0.0449913 0.0807277
v -0.0452744 -0.0440208 0.0825232
v -0.0448664 -0.0440831 0.0821755
v -0.0444631 -0.0441865 0.081832
v -0.0440672 -0.0443304 0.0814946
v -0.0436808 -0.044514 0.0811654
v -0.0433064 -0.0447362 0.0808464
v -0.0429461 -0.0449955 0.0805395
v -0.0455352 -0.044021 0.0821957
v -0.0451067 -0.0440839 0.0818695
v -0.0446835 -0.0441882 0.0815471
v -0.0442679 -0.0443334 0.0812307
v -0.0438625 -0.0445186 0.080922
v -0.0434698 -0.0447427 0.0806229
v -0.043092 -0.0450043 0.0803352
v -0.0457808 -0.0440213 0.0818478
v -0.0453321 -0.044085 0.0815435
v -0.0448888 -0.0441908 0.0812429
v -0.0444538 -0.044338 0.0809478
v -0.0440296 -0.0445257 0.0806601
v -0.0436187 -0.0447527 0.0803815
v -0.0432238 -0.0450178 0.0801137
v -0.0460112 -0.0440217 0.0814775
v -0.0455423 -0.0440866 0.0811958
v -0.0450791 -0.0441943 0.0809176
v -0.0446246 -0.0443442 0.0806446
v -0.0441817 -0.0445353 0.0803785
v -0.043753 -0.0447664 0.080121
v -0.0433412 -0.0450362 0.0798737
v -0.0462263 -0.0440222 0.0810828
v -0.045737 -0.0440886 0.0808244
v -0.0452538 -0.0441988 0.0805694
v -0.04478 -0.0443522 0.0803192
v -0.0443185 -0.0445477 0.0800755
v -0.0438721 -0.0447841 0.0798399
v -0.0434438 -0.0450599 0.0796137
v -0.0464254 -0.0440228 0.0806613
v -0.0459155 -0.0440911 0.0804271
v -0.0454123 -0.0442045 0.080196
v -0.0449191 -0.0443621 0.0799695
v -0.044439 -0.044563 0.079749
v -0.0439752 -0.0448059 0.079536
v -0.0435308 -0.0450892 0.0793319
v -0.0466074 -0.0440236 0.08021
v -0.0460768 -0.0440942 0.0800011
v -0.0455534 -0.0442113 0.079795
v -0.0450407 -0.0443741 0.079593
v -0.0445421 -0.0445817 0.0793967
v -0.0440611 -0.0448324 0.0792073
v -0.0436008 -0.0451247 0.079026
v -0.0467709 -0.0440245 0.0797259
v -0.0462193 -0.0440978 0.0795433
v -0.0456755 -0.0442194 0.0793632
v -0.0451433 -0.0443885 0.079187
v -0.0446263 -0.0446039 0.0790158
v -0.0441282 -0.044864 0.0788509
v -0.0436525 -0.045167 0.0786935
v -0.046914 -0.0440256 0.079205
v -0.0463411 -0.0441021 0.0790501
v -0.0457766 -0.0442291 0.0788974
v -0.0452247 -0.0444055 0.0787481
v -0.0446893 -0.0446301 0.0786033
v -0.0441744 -0.0449012 0.0784641
v -0.0436837 -0.0452169 0.0783314
v -0.0470341 -0.0440268 0.0786433
v -0.0464395 -0.0441072 0.0785175
v -0.0458541 -0.0442403 0.0783937
v -0.0452823 -0.0444254 0.0782727
v -0.0447286 -0.0446608 0.0781556
v -0.0441971 -0.0449448 0.0780431
v -0.043692 -0.0452753 0.0779363
v -0.0471279 -0.0440283 0.0780358
v -0.0465112 -0.0441131 0.0779409
v -0.0459045 -0.0442535 0.0778476
v -0.0453128 -0.0444486 0.0777565
v -0.0447408 -0.0446966 0.0776685
v -0.0441931 -0.0449957 0.0775842
v -0.0436742 -0.0453433 0.0775043
v -0.0472187 -0.0440319 0.0766985
v -0.0465574 -0.0441275 0.0766696
v -0.0459084 -0.0442857 0.0766413
v -0.0452773 -0.0445052 0.0766137
v -0.0446701 -0.044784 0.0765872
v -0.0440922 -0.0451195 0.076562
v -0.0435489 -0.0455087 0.0765383
v -0.0434587 -0.0455889 0.006
v -0.0440105 -0.0451797 0.006
v -0.0445997 -0.0448266 0.006
v -0.0452207 -0.0445328 0.006
v -0.0458675 -0.0443014 0.006
v -0.0465339 -0.0441345 0.006
v -0.0472134 -0.0440337 0.006
v -0.0478995 -0.044 0.006
v -0.062336 -0.044 0.0122039
v -0.0621804 -0.044 0.0126656
v -0.0624407 -0.044 0.011728
v -0.0624934 -0.044 0.0107564
v -0.0624934 -0.044 0.0112436
v -0.053664 -0.044 0.00979612
v -0.0538196 -0.044 0.00933438
v -0.0619758 -0.044 0.0131078
v -0.0624407 -0.044 0.010272
v -0.0535593 -0.044 0.010272
v -0.0535066 -0.044 0.0112436
v -0.0535066 -0.044 0.0107564
v -0.0540242 -0.044 0.0131078
v -0.0538196 -0.044 0.0126656
v -0.058 -0.044 0.0155
v -0.0575135 -0.044 0.0154736
v -0.0610946 -0.044 0.014267
v -0.0607233 -0.044 0.0145824
v -0.0621804 -0.044 0.00933438
v -0.062336 -0.044 0.00979612
v -0.05568 -0.044 0.00714414
v -0.0561105 -0.044 0.00691591
v -0.0549054 -0.044 0.00773302
v -0.0552767 -0.044 0.00741758
v -0.0540242 -0.044 0.00889216
v -0.0535593 -0.044 0.011728
v -0.053664 -0.044 0.0122039
v -0.0542754 -0.044 0.0135253
v -0.06032 -0.044 0.0148559
v -0.0617246 -0.044 0.0135253
v -0.0614297 -0.044 0.0139132
v -0.0617246 -0.044 0.00847466
v -0.0619758 -0.044 0.00889216
v -0.06032 -0.044 0.00714414
v -0.0607233 -0.044 0.00741758
v -0.0594369 -0.044 0.00673556
v -0.0598895 -0.044 0.00691591
v -0.0542754 -0.044 0.00847466
v -0.0545703 -0.044 0.00808676
v -0.05568 -0.044 0.0148559
v -0.0552767 -0.044 0.0145824
v -0.0610946 -0.044 0.00773302
v -0.0614297 -0.044 0.00808676
v -0.0549054 -0.044 0.014267
v -0.0545703 -0.044 0.0139132
v -0.0561105 -0.044 0.0150841
v -0.0570326 -0.044 0.0153948
v -0.0575135 -0.044 0.00652638
v -0.058 -0.044 0.0065
v -0.0584865 -0.044 0.0154736
v -0.0598895 -0.044 0.0150841
v -0.0594369 -0.044 0.0152644
v -0.0584865 -0.044 0.00652638
v -0.0570326 -0.044 0.00660521
v -0.0565631 -0.044 0.0152644
v -0.0589674 -0.044 0.0153948
v -0.0589674 -0.044 0.00660521
v -0.0565631 -0.044 0.00673556
v -0.058 -0.045 0.0075
v -0.0583784 -0.045 0.00752052
v -0.0587524 -0.045 0.00758183
v -0.0591176 -0.045 0.00768321
v -0.0594696 -0.045 0.00782349
v -0.0598044 -0.045 0.008001
v -0.0601181 -0.045 0.00821367
v -0.0604069 -0.045 0.00845902
v -0.0606676 -0.045 0.00873415
v -0.0608969 -0.045 0.00903585
v -0.0610923 -0.045 0.00936057
v -0.0612514 -0.045 0.00970452
v -0.0613724 -0.045 0.0100637
v -0.0614539 -0.045 0.0104338
v -0.0614949 -0.045 0.0108105
v -0.0614949 -0.045 0.0111895
v -0.0614539 -0.045 0.0115662
v -0.0613724 -0.045 0.0119363
v -0.0612514 -0.045 0.0122955
v -0.0610923 -0.045 0.0126394
v -0.0608969 -0.045 0.0129642
v -0.0606676 -0.045 0.0132659
v -0.0604069 -0.045 0.013541
v -0.0601181 -0.045 0.0137863
v -0.0598044 -0.045 0.013999
v -0.0594696 -0.045 0.0141765
v -0.0591176 -0.045 0.0143168
v -0.0587524 -0.045 0.0144182
v -0.0583784 -0.045 0.0144795
v -0.058 -0.045 0.0145
v -0.0576216 -0.045 0.0144795
v -0.0572476 -0.045 0.0144182
v -0.0568824 -0.045 0.0143168
v -0.0565304 -0.045 0.0141765
v -0.0561956 -0.045 0.013999
v -0.0558819 -0.045 0.0137863
v -0.0555931 -0.045 0.013541
v -0.0553324 -0.045 0.0132659
v -0.0551031 -0.045 0.0129642
v -0.0549077 -0.045 0.0126394
v -0.0547486 -0.045 0.0122955
v -0.0546276 -0.045 0.0119363
v -0.0545461 -0.045 0.0115662
v -0.0545051 -0.045 0.0111895
v -0.0545051 -0.045 0.0108105
v -0.0545461 -0.045 0.0104338
v -0.0546276 -0.045 0.0100637
v -0.0547486 -0.045 0.00970452
v -0.0549077 -0.045 0.00936057
v -0.0551031 -0.045 0.00903585
v -0.0553324 -0.045 0.00873415
v -0.0555931 -0.045 0.00845902
v -0.0558819 -0.045 0.00821367
v -0.0561956 -0.045 0.008001
v -0.0565304 -0.045 0.00782349
v -0.0568824 -0.045 0.00768321
v -0.0572476 -0.045 0.00758183
v -0.0576216 -0.045 0.00752052
v -0.058 -0.045 0.011
v -0.058 0.045 0.0145
v -0.0583784 0.045 0.0144795
v -0.0587524 0.045 0.0144182
v -0.0591176 0.045 0.0143168
v -0.0594696 0.045 0.0141765
v -0.0598044 0.045 0.013999
v -0.0601181 0.045 0.0137863
v -0.0604069 0.045 0.013541
v -0.0606676 0.045 0.0132659
v -0.0608969 0.045 0.0129642
v -0.0610923 0.045 0.0126394
v -0.0612514 0.045 0.0122955
v -0.0613724 0.045 0.0119363
v -0.0614539 0.045 0.0115662
v -0.0614949 0.045 0.0111895
v -0.0614949 0.045 0.0108105
v -0.0614539 0.045 0.0104338
v -0.0613724 0.045 0.0100637
v -0.0612514 0.045 0.00970452
v -0.0610923 0.045 0.00936057
v -0.0608969 0.045 0.00903585
v -0.0606676 0.045 0.00873415
v -0.0604069 0.045 0.00845902
v -0.0601181 0.045 0.00821367
v -0.0598044 0.045 0.008001
v -0.0594696 0.045 0.00782349
v -0.0591176 0.045 0.00768321
v -0.0587524 0.045 0.00758183
v -0.0583784 0.045 0.00752052
v -0.058 0.045 0.0075
v -0.0576216 0.045 0.00752052
v -0.0572476 0.045 0.00758183
v -0.0568824 0.045 0.00768321
v -0.0565304 0.045 0.00782349
v -0.0561956 0.045 0.008001
v -0.0558819 0.045 0.00821367
v -0.0555931 0.045 0.00845902
v -0.0553324 0.045 0.00873415
v -0.0551031 0.045 0.00903585
v -0.0549077 0.045 0.00936057
v -0.0547486 0.045 0.00970452
v -0.0546276 0.045 0.0100637
v -0.0545461 0.045 0.0104338
v -0.0545051 0.045 0.0108105
v -0.0545051 0.045 0.0111895
v -0.0545461 0.045 0.0115662
v -0.0546276 0.045 0.0119363
v -0.0547486 0.045 0.0122955
v -0.0549077 0.045 0.0126394
v -0.0551031 0.045 0.0129642
v -0.0553324 0.045 0.0132659
v -0.0555931 0.045 0.013541
v -0.0558819 0.045 0.0137863
v -0.0561956 0.045 0.013999
v -0.0565304 0.045 0.0141765
v -0.0568824 0.045 0.0143168
v -0.0572476 0.045 0.0144182
v -0.0576216 0.045 0.0144795
v -0.058 0.045 0.011
v -0.06 0.037 0.09
v -0.0599726 0.0375226 0.09
v -0.06 -0.037 0.09
v -0.0598907 0.0380396 0.09
v -0.0599726 -0.0375226 0.09
v -0.0590451 0.0399389 0.09
v -0.0587157 0.0403457 0.09
v -0.0593301 0.0395 0.09
v -0.0595677 0.0390337 0.09
v -0.0597553 0.0385451 0.09
v -0.0598907 -0.0380396 0.09
v -0.0597553 -0.0385451 0.09
v -0.0579389 -0.0410451 0.09
v -0.0575 -0.0413301 0.09
v -0.055 0.042 0.09
v 5.14352e-18 0.042 0.09
v -0.0555226 0.0419726 0.09
v -0.0593301 -0.0395 0.09
v -0.0590451 -0.0399389 0.09
v -0.0570337 -0.0415677 0.09
v 0.004541 0.0417538 0.09
v -0.0560396 0.0418907 0.09
v -0.0565451 0.0417553 0.09
v -0.0575 0.0413301 0.09
v -0.0570337 0.0415677 0.09
v -0.0579389 0.0410451 0.09
v -0.0595677 -0.0390337 0.09
v -0.0565451 -0.0417553 0.09
v -0.0560396 -0.0418907 0.09
v -0.0555226 -0.0419726 0.09
v -0.055 -0.042 0.09
v 5.14352e-18 -0.042 0.09
v -0.0583457 0.0407157 0.09
v 0.004541 -0.0417538 0.09
v 0.0254173 -0.0334359 0.09
v 0.0288834 -0.0304918 0.09
v -0.0587157 -0.0403457 0.09
v -0.0583457 -0.0407157 0.09
v 0.0216533 -0.035988 0.09
v 0.0288834 0.0304918 0.09
v 0.0254173 0.0334359 0.09
v 0.0216533 0.035988 0.09
v 0.0176353 0.0381182 0.09
v 0.00902876 -0.0410181 0.09
v 0.0134107 -0.0398014 0.09
v 0.0320108 -0.0271902 0.09
v 0.00902876 0.0410181 0.09
v 0.0134107 0.0398014 0.09
v 0.0176353 -0.0381182 0.09
v 0.0347629 -0.0235699 0.09
v 0.0371075 -0.0196732 0.09
v 0.039017 -0.0155458 0.09
v 0.0404691 0.0112362 0.09
v 0.0414467 0.00679484 0.09
v 0.039017 0.0155458 0.09
v 0.0347629 0.0235699 0.09
v 0.0371075 0.0196732 0.09
v 0.0320108 0.0271902 0.09
v 0.0404691 -0.0112362 0.09
v 0.0414467 -0.00679484 0.09
v 0.0419384 0.00227383 0.09
v 0.0419384 -0.00227383 0.09
v -0.055 0.042 0.095
v 5.14352e-18 0.042 0.095
v -0.0555226 0.0419726 0.095
v -0.0560396 0.0418907 0.095
v -0.0565451 0.0417553 0.095
v -0.0570337 0.0415677 0.095
v -0.0575 0.0413301 0.095
v -0.0579389 0.0410451 0.095
v -0.0583457 0.0407157 0.095
v -0.0587157 0.0403457 0.095
v -0.0590451 0.0399389 0.095
v -0.0593301 0.0395 0.095
v -0.0595677 0.0390337 0.095
v -0.0597553 0.0385451 0.095
v -0.0598907 0.0380396 0.095
v -0.0599726 0.0375226 0.095
v -0.06 0.037 0.095
v -0.06 -0.037 0.095
v -0.0599726 -0.0375226 0.095
v -0.0598907 -0.0380396 0.095
v -0.0597553 -0.0385451 0.095
v -0.0595677 -0.0390337 0.095
v -0.0593301 -0.0395 0.095
v -0.0590451 -0.0399389 0.095
v -0.0587157 -0.0403457 0.095
v -0.0583457 -0.0407157 0.095
v -0.0579389 -0.0410451 0.095
v -0.0575 -0.0413301 0.095
v -0.0570337 -0.0415677 0.095
v -0.0565451 -0.0417553 0.095
v -0.0560396 -0.0418907 0.095
v -0.0555226 -0.0419726 0.095
v -0.055 -0.042 0.095
v 5.14352e-18 -0.042 0.095
v 0.004541 -0.0417538 0.095
v 0.00902876 -0.0410181 0.095
v 0.0134107 -0.0398014 0.095
v 0.0176353 -0.0381182 0.095
v 0.0216533 -0.035988 0.095
v 0.0254173 -0.0334359 0.095
v 0.0288834 -0.0304918 0.095
v 0.0320108 -0.0271902 0.095
v 0.0347629 -0.0235699 0.095
v 0.0371075 -0.0196732 0.095
v 0.039017 -0.0155458 0.095
v 0.0404691 -0.0112362 0.095
v 0.0414467 -0.00679484 0.095
v 0.0419384 -0.00227383 0.095
v 0.0419384 0.00227383 0.095
v 0.0414467 0.00679484 0.095
v 0.0404691 0.0112362 0.095
v 0.039017 0.0155458 0.095
v 0.0371075 0.0196732 0.095
v 0.0347629 0.0235699 0.095
v 0.0320108 0.0271902 0.095
v 0.0288834 0.0304918 0.095
v 0.0254173 0.0334359 0.095
v 0.0216533 0.035988 0.095
v 0.0176353 0.0381182 0.095
v 0.0134107 0.0398014 0.095
v 0.00902876 0.0410181 0.095
v 0.004541 0.0417538 0.095
v -0.059 -0.037 0.096
v -0.059 0.037 0.096
v 0.0404599 0.00663306 0.096
v 0.036224 0.0192047 0.096
v 0.0339352 0.0230087 0.096
v 0.0395055 0.0109687 0.096
v 0.038088 0.0151757 0.096
v 0.0312486 0.0265428 0.096
v 0.038088 -0.0151757 0.096
v 0.0395055 -0.0109687 0.096
v 0.0409399 0.0022197 0.096
v 0.0404599 -0.00663306 0.096
v 0.0409399 -0.0022197 0.096
v 0.036224 -0.0192047 0.096
v 0.0312486 -0.0265428 0.096
v 0.0339352 -0.0230087 0.096
v -0.0573511 -0.0402361 0.096
v -0.0582361 -0.0393511 0.096
v -0.0579726 -0.0396765 0.096
v -0.0588042 -0.0382361 0.096
v -0.0586542 -0.0386269 0.096
v 0.0281957 -0.0297658 0.096
v 0.0248121 0.0326398 0.096
v 0.0211377 0.0351311 0.096
v 0.00443288 -0.0407597 0.096
v 0.00881379 -0.0400414 0.096
v 0.0130914 -0.0388538 0.096
v -0.0562361 -0.0408042 0.096
v -0.0558316 -0.0409126 0.096
v -0.057 -0.0404641 0.096
v -0.0584641 -0.039 0.096
v -0.0589126 -0.0378316 0.096
v 0.0281957 0.0297658 0.096
v -0.0586542 0.0386269 0.096
v -0.0579726 0.0396765 0.096
v -0.0582361 0.0393511 0.096
v -0.0566269 0.0406542 0.096
v -0.057 0.0404641 0.096
v 0.0172155 -0.0372106 0.096
v 5.14352e-18 -0.041 0.096
v -0.0554181 -0.0409781 0.096
v -0.0566269 -0.0406542 0.096
v -0.0589781 -0.0374181 0.096
v -0.0589126 0.0378316 0.096
v -0.0589781 0.0374181 0.096
v -0.0588042 0.0382361 0.096
v -0.0576765 0.0399726 0.096
v -0.0573511 0.0402361 0.096
v -0.0554181 0.0409781 0.096
v -0.0558316 0.0409126 0.096
v -0.055 -0.041 0.096
v -0.0562361 0.0408042 0.096
v 0.00881379 0.0400414 0.096
v 0.00443288 0.0407597 0.096
v 0.0172155 0.0372106 0.096
v 0.0211377 -0.0351311 0.096
v -0.0576765 -0.0399726 0.096
v 0.0248121 -0.0326398 0.096
v -0.0584641 0.039 0.096
v -0.055 0.041 0.096
v 5.14352e-18 0.041 0.096
v 0.0130914 0.0388538 0.096
v -0.0749883 0.0442158 0.006
v -0.075 0.044 0.006
v 1.73472e-18 0.055 0.006
v -0.0485129 0.0521934 0.006
v -0.052588 0.0494303 0.006
v -0.0741259 0.045653 0.006
v -0.0742976 0.0455219 0.006
v -0.0749534 0.044429 0.006
v -0.0519239 0.0481776 0.006
v -0.0744542 0.045373 0.006
v -0.0745939 0.0452081 0.006
v -0.0739409 0.0457648 0.006
v -0.075 0 0.006
v -0.073 0 0.006
v -0.0747149 0.0450291 0.006
v -0.0748159 0.0448381 0.006
v -0.0526345 0.0497135 0.006
v -0.0737451 0.045856 0.006
v -0.0514871 0.0478066 0.006
v -0.0517156 0.0479803 0.006
v -0.0482844 0.0520197 0.006
v -0.05 0.055 0.006
v -0.0487587 0.0523413 0.006
v -0.0748958 0.0446373 0.006
v -0.0512413 0.0476587 0.006
v -0.050709 0.0474466 0.006
v -0.0509809 0.0475382 0.006
v -0.0501435 0.0473539 0.006
v -0.0504287 0.0473849 0.006
v -0.0498565 0.0526461 0.006
v -0.0495713 0.0526151 0.006
v -0.0504764 0.0549772 0.006
v -0.0509485 0.0549092 0.006
v -0.0504287 0.0526151 0.006
v -0.051412 0.0547965 0.006
v -0.050709 0.0525534 0.006
v -0.0518626 0.0546401 0.006
v -0.0519239 0.0518224 0.006
v -0.0517156 0.0520197 0.006
v -0.0521096 0.0483963 0.006
v -0.0522707 0.0486338 0.006
v -0.047412 0.0505697 0.006
v -0.0490191 0.0524618 0.006
v -0.049291 0.0525534 0.006
v -0.0509809 0.0524618 0.006
v -0.0514871 0.0521934 0.006
v -0.0524051 0.0488873 0.006
v -0.0475949 0.0511127 0.006
v -0.0474887 0.0508461 0.006
v -0.0478904 0.0516037 0.006
v -0.0477293 0.0513662 0.006
v -0.0501435 0.0526461 0.006
v -0.0512413 0.0523413 0.006
v -0.0525113 0.0491539 0.006
v -0.0498565 0.0473539 0.006
v -0.049291 0.0474466 0.006
v -0.0495713 0.0473849 0.006
v -0.0482844 0.0479803 0.006
v -0.0485129 0.0478066 0.006
v -0.0480761 0.0481776 0.006
v -0.0477293 0.0486338 0.006
v -0.0478904 0.0483963 0.006
v -0.0473655 0.0502865 0.006
v -0.0524051 0.0511127 0.006
v -0.0522707 0.0513662 0.006
v -0.05265 0.05 0.006
v -0.0526345 0.0502865 0.006
v -0.0487587 0.0476587 0.006
v -0.0490191 0.0475382 0.006
v -0.0480761 0.0518224 0.006
v -0.0521096 0.0516037 0.006
v -0.0525113 0.0508461 0.006
v -0.052588 0.0505697 0.006
v -0.0474887 0.0491539 0.006
v -0.0475949 0.0488873 0.006
v -0.04735 0.05 0.006
v -0.0473655 0.0497135 0.006
v -0.047412 0.0494303 0.006
v -0.0480761 -0.0481776 0.006
v -0.0482844 -0.0479803 0.006
v -0.075 -0.044 0.006
v -0.0518626 -0.0546401 0.006
v -0.0514871 -0.0521934 0.006
v -0.0517156 -0.0520197 0.006
v -0.0509485 -0.0549092 0.006
v -0.0504287 -0.0526151 0.006
v -0.050709 -0.0525534 0.006
v -0.0504764 -0.0549772 0.006
v -0.0501435 -0.0526461 0.006
v -0.0485129 -0.0478066 0.006
v -0.0487587 -0.0476587 0.006
v -0.0749883 -0.0442158 0.006
v -0.0749534 -0.044429 0.006
v -0.052588 -0.0494303 0.006
v -0.0525113 -0.0491539 0.006
v -0.0744542 -0.045373 0.006
v -0.0742976 -0.0455219 0.006
v -0.0747149 -0.0450291 0.006
v -0.0745939 -0.0452081 0.006
v -0.0748958 -0.0446373 0.006
v -0.0512413 -0.0523413 0.006
v -0.051412 -0.0547965 0.006
v -0.0509809 -0.0524618 0.006
v -0.0477293 -0.0486338 0.006
v -0.0498565 -0.0473539 0.006
v -0.0495713 -0.0473849 0.006
v -0.0519239 -0.0481776 0.006
v -0.0517156 -0.0479803 0.006
v -0.0737451 -0.045856 0.006
v -0.0741259 -0.045653 0.006
v -0.0748159 -0.0448381 0.006
v -0.0521096 -0.0516037 0.006
v -0.0522707 -0.0513662 0.006
v 1.73472e-18 -0.055 0.006
v -0.0490191 -0.0475382 0.006
v -0.049291 -0.0474466 0.006
v -0.050709 -0.0474466 0.006
v -0.0504287 -0.0473849 0.006
v -0.0509809 -0.0475382 0.006
v -0.0514871 -0.0478066 0.006
v -0.0739409 -0.0457648 0.006
v -0.052588 -0.0505697 0.006
v -0.0526345 -0.0502865 0.006
v -0.0524051 -0.0511127 0.006
v -0.0519239 -0.0518224 0.006
v -0.05 -0.055 0.006
v -0.0498565 -0.0526461 0.006
v -0.0485129 -0.0521934 0.006
v -0.04735 -0.05 0.006
v -0.0478904 -0.0483963 0.006
v -0.0512413 -0.0476587 0.006
v -0.0524051 -0.0488873 0.006
v -0.0525113 -0.0508461 0.006
v -0.049291 -0.0525534 0.006
v -0.0495713 -0.0526151 0.006
v -0.0475949 -0.0488873 0.006
v -0.0501435 -0.0473539 0.006
v -0.0522707 -0.0486338 0.006
v -0.05265 -0.05 0.006
v -0.0526345 -0.0497135 0.006
v -0.0487587 -0.0523413 0.006
v -0.0480761 -0.0518224 0.006
v -0.0482844 -0.0520197 0.006
v -0.0477293 -0.0513662 0.006
v -0.0478904 -0.0516037 0.006
v -0.0475949 -0.0511127 0.006
v -0.047412 -0.0494303 0.006
v -0.0473655 -0.0497135 0.006
v -0.0474887 -0.0491539 0.006
v -0.0521096 -0.0483963 0.006
v -0.0490191 -0.0524618 0.006
v -0.0474887 -0.0508461 0.006
v -0.0473655 -0.0502865 0.006
v -0.047412 -0.0505697 0.006
v 0.0485129 -0.0521934 0.006
v 0.047412 -0.0505697 0.006
v 0.050709 -0.0474466 0.006
v 0.0482844 -0.0520197 0.006
v 0.05 -0.055 0.006
v 0.0487587 -0.0523413 0.006
v 0.0514871 -0.0478066 0.006
v 0.0517156 -0.0479803 0.006
v 0.0504287 -0.0473849 0.006
v 0.0473655 -0.0502865 0.006
v 0.0498565 -0.0526461 0.006
v 0.0495713 -0.0526151 0.006
v 0.0512413 -0.0476587 0.006
v 0.0501435 -0.0473539 0.006
v 0.0480761 -0.0481776 0.006
v 0.0482844 -0.0479803 0.006
v 0.0475949 -0.0511127 0.006
v 0.0474887 -0.0508461 0.006
v 0.0478904 -0.0516037 0.006
v 0.0477293 -0.0513662 0.006
v 0.0490191 -0.0524618 0.006
v 0.049291 -0.0525534 0.006
v 0.055 0 0.006
v 0.0521096 -0.0483963 0.006
v 0.0522707 -0.0486338 0.006
v 0.0509809 -0.0475382 0.006
v 0.049291 -0.0474466 0.006
v 0.0495713 -0.0473849 0.006
v 0.0485129 -0.0478066 0.006
v 0.0505226 -0.0549726 0.006
v 0.0501435 -0.0526461 0.006
v 0.0510396 -0.0548907 0.006
v 0.0504287 -0.0526151 0.006
v 0.0515451 -0.0547553 0.006
v 0.050709 -0.0525534 0.006
v 0.055 -0.05 0.006
v 0.0490191 -0.0475382 0.006
v 0.0487587 -0.0476587 0.006
v 0.0478904 -0.0483963 0.006
v 0.04735 -0.05 0.006
v 0.0473655 -0.0497135 0.006
v 0.0480761 -0.0518224 0.006
v 0.0529389 -0.0540451 0.006
v 0.0533457 -0.0537157 0.006
v 0.0517156 -0.0520197 0.006
v 0.0537157 -0.0533457 0.006
v 0.0519239 -0.0518224 0.006
v 0.0524051 -0.0488873 0.006
v 0.0498565 -0.0473539 0.006
v 0.0475949 -0.0488873 0.006
v 0.0477293 -0.0486338 0.006
v 0.0525 -0.0543301 0.006
v 0.0514871 -0.0521934 0.006
v 0.0540451 -0.0529389 0.006
v 0.0521096 -0.0516037 0.006
v 0.0543301 -0.0525 0.006
v 0.0522707 -0.0513662 0.006
v 0.0519239 -0.0481776 0.006
v 0.0474887 -0.0491539 0.006
v 0.047412 -0.0494303 0.006
v 0.0520337 -0.0545677 0.006
v 0.0509809 -0.0524618 0.006
v 0.0512413 -0.0523413 0.006
v 0.0545677 -0.0520337 0.006
v 0.0524051 -0.0511127 0.006
v 0.0547553 -0.0515451 0.006
v 0.0525113 -0.0508461 0.006
v 0.052588 -0.0494303 0.006
v 0.0526345 -0.0497135 0.006
v 0.0525113 -0.0491539 0.006
v 0.0548907 -0.0510396 0.006
v 0.0549726 -0.0505226 0.006
v 0.0526345 -0.0502865 0.006
v 0.05265 -0.05 0.006
v 0.052588 -0.0505697 0.006
v 0.0482844 0.0479803 0.006
v 0.0480761 0.0481776 0.006
v 0.0533457 0.0537157 0.006
v 0.0517156 0.0520197 0.006
v 0.0519239 0.0518224 0.006
v 0.0529389 0.0540451 0.006
v 0.0514871 0.0521934 0.006
v 0.0485129 0.0521934 0.006
v 0.0485129 0.0478066 0.006
v 0.0525 0.0543301 0.006
v 0.0512413 0.0523413 0.006
v 0.0510396 0.0548907 0.006
v 0.0504287 0.0526151 0.006
v 0.050709 0.0525534 0.006
v 0.0505226 0.0549726 0.006
v 0.0501435 0.0526461 0.006
v 0.0487587 0.0476587 0.006
v 0.0498565 0.0473539 0.006
v 0.0495713 0.0473849 0.006
v 0.0504287 0.0473849 0.006
v 0.0501435 0.0473539 0.006
v 0.050709 0.0474466 0.006
v 0.0520337 0.0545677 0.006
v 0.0509809 0.0524618 0.006
v 0.0515451 0.0547553 0.006
v 0.0487587 0.0523413 0.006
v 0.0480761 0.0518224 0.006
v 0.0482844 0.0520197 0.006
v 0.047412 0.0505697 0.006
v 0.0478904 0.0483963 0.006
v 0.0477293 0.0486338 0.006
v 0.0490191 0.0475382 0.006
v 0.049291 0.0474466 0.006
v 0.0543301 0.0525 0.006
v 0.0522707 0.0513662 0.006
v 0.0524051 0.0511127 0.006
v 0.0540451 0.0529389 0.006
v 0.0521096 0.0516037 0.006
v 0.05 0.055 0.006
v 0.049291 0.0525534 0.006
v 0.0495713 0.0526151 0.006
v 0.047412 0.0494303 0.006
v 0.0473655 0.0497135 0.006
v 0.0475949 0.0488873 0.006
v 0.0545677 0.0520337 0.006
v 0.0525113 0.0508461 0.006
v 0.0498565 0.0526461 0.006
v 0.0490191 0.0524618 0.006
v 0.0473655 0.0502865 0.006
v 0.0474887 0.0491539 0.006
v 0.0522707 0.0486338 0.006
v 0.0521096 0.0483963 0.006
v 0.0537157 0.0533457 0.006
v 0.0475949 0.0511127 0.006
v 0.0477293 0.0513662 0.006
v 0.04735 0.05 0.006
v 0.0519239 0.0481776 0.006
v 0.0517156 0.0479803 0.006
v 0.0549726 0.0505226 0.006
v 0.0526345 0.0502865 0.006
v 0.05265 0.05 0.006
v 0.0548907 0.0510396 0.006
v 0.052588 0.0505697 0.006
v 0.0474887 0.0508461 0.006
v 0.0509809 0.0475382 0.006
v 0.0514871 0.0478066 0.006
v 0.055 0.05 0.006
v 0.0524051 0.0488873 0.006
v 0.0547553 0.0515451 0.006
v 0.0478904 0.0516037 0.006
v 0.0512413 0.0476587 0.006
v 0.0525113 0.0491539 0.006
v 0.0526345 0.0497135 0.006
v 0.052588 0.0494303 0.006
v 0.05 0.055 0
v -0.05 0.055 0
v 0.0498565 0.0473539 0
v 0.0485129 -0.0478066 0
v 0.0482844 -0.0479803 0
v 0.0490191 -0.0475382 0
v 0.0487587 -0.0476587 0
v 0.0498565 -0.0473539 0
v 0.0495713 -0.0473849 0
v 0.0501435 0.0473539 0
v 0.0519239 -0.0481776 0
v 0.0517156 -0.0479803 0
v 0.0480761 -0.0481776 0
v -0.0498565 0.0473539 0
v 0.0480761 0.0481776 0
v -0.0519239 0.0481776 0
v -0.0517156 0.0479803 0
v -0.0744542 0.045373 0
v -0.0742976 0.0455219 0
v -0.0741259 0.045653 0
v -0.0739409 0.0457648 0
v -0.0747149 0.0450291 0
v -0.0745939 0.0452081 0
v -0.0748958 0.0446373 0
v -0.0748159 0.0448381 0
v 0.049291 -0.0474466 0
v 0.0509809 -0.0475382 0
v 0.050709 -0.0474466 0
v 0.0514871 -0.0478066 0
v 0.0482844 0.0479803 0
v -0.050709 0.0474466 0
v -0.0504287 0.0473849 0
v -0.0514871 0.0478066 0
v -0.075 -0.044 0
v -0.0514871 -0.0478066 0
v -0.0517156 -0.0479803 0
v -0.075 0.044 0
v 0.0478904 -0.0483963 0
v 0.0477293 -0.0486338 0
v -0.052588 0.0494303 0
v -0.0749534 0.044429 0
v -0.0737451 0.045856 0
v 0.0501435 -0.0473539 0
v 0.0504287 -0.0473849 0
v 0.0512413 -0.0476587 0
v 0.0490191 0.0475382 0
v 0.049291 0.0474466 0
v 0.0485129 0.0478066 0
v -0.0509809 0.0475382 0
v -0.0512413 0.0476587 0
v -0.0512413 -0.0476587 0
v 0.0474887 -0.0491539 0
v -0.049291 -0.0474466 0
v -0.0495713 -0.0473849 0
v -0.0480761 -0.0481776 0
v -0.0482844 -0.0479803 0
v 0.0495713 0.0473849 0
v 0.0487587 0.0476587 0
v 0.0474887 0.0491539 0
v 0.0475949 0.0488873 0
v -0.0518626 0.0546401 0
v -0.0514871 0.0521934 0
v -0.0517156 0.0520197 0
v -0.0509485 0.0549092 0
v -0.0504287 0.0526151 0
v -0.050709 0.0525534 0
v -0.0504764 0.0549772 0
v -0.0501435 0.0526461 0
v 0.0474887 0.0508461 0
v -0.0480761 0.0518224 0
v -0.0482844 0.0520197 0
v -0.052588 -0.0494303 0
v -0.0747149 -0.0450291 0
v -0.0748159 -0.0448381 0
v -0.0741259 -0.045653 0
v -0.0742976 -0.0455219 0
v -0.0509809 -0.0475382 0
v -0.0501435 -0.0473539 0
v -0.0504287 -0.0473849 0
v -0.0490191 -0.0475382 0
v -0.0485129 -0.0478066 0
v 0.0475949 -0.0488873 0
v -0.0521096 0.0483963 0
v -0.0524051 0.0488873 0
v -0.0522707 0.0486338 0
v -0.0525113 0.0491539 0
v -0.0749883 0.0442158 0
v 0.0504287 0.0473849 0
v -0.0501435 0.0473539 0
v 0.0477293 0.0486338 0
v 0.04735 0.05 0
v 0.0473655 0.0497135 0
v -0.0512413 0.0523413 0
v -0.051412 0.0547965 0
v -0.0509809 0.0524618 0
v -0.0748958 -0.0446373 0
v -0.0744542 -0.045373 0
v -0.0745939 -0.0452081 0
v -0.0739409 -0.0457648 0
v -0.0526345 -0.0497135 0
v -0.0737451 -0.045856 0
v -0.0521096 -0.0483963 0
v -0.0522707 -0.0486338 0
v -0.050709 -0.0474466 0
v -0.0498565 -0.0473539 0
v -0.0487587 -0.0476587 0
v -0.05265 0.05 0
v -0.0526345 0.0497135 0
v 0.0478904 0.0483963 0
v 0.047412 0.0494303 0
v 0.050709 0.0474466 0
v 0.055 -0.05 0
v 0.0522707 -0.0486338 0
v -0.05 -0.055 0
v 0.0480761 -0.0518224 0
v 0.0482844 -0.0520197 0
v 0.0473655 -0.0502865 0
v -0.0498565 -0.0526461 0
v -0.0504764 -0.0549772 0
v -0.0501435 -0.0526461 0
v -0.0509485 -0.0549092 0
v -0.0504287 -0.0526151 0
v -0.051412 -0.0547965 0
v -0.050709 -0.0525534 0
v -0.0518626 -0.0546401 0
v -0.0519239 -0.0518224 0
v -0.0517156 -0.0520197 0
v -0.049291 0.0525534 0
v -0.0495713 0.0526151 0
v -0.0485129 0.0521934 0
v -0.0524051 -0.0488873 0
v -0.0474887 -0.0491539 0
v -0.0475949 -0.0488873 0
v -0.0473655 -0.0497135 0
v 0.047412 -0.0494303 0
v 0.0524051 -0.0488873 0
v 0.05 -0.055 0
v -0.0509809 -0.0524618 0
v -0.0514871 -0.0521934 0
v -0.0521096 0.0516037 0
v -0.0522707 0.0513662 0
v -0.0498565 0.0526461 0
v -0.0490191 0.0524618 0
v -0.0487587 0.0523413 0
v 0.0485129 0.0521934 0
v 0.0482844 0.0520197 0
v 0.0487587 0.0523413 0
v 0.0529389 0.0540451 0
v 0.0533457 0.0537157 0
v 0.0517156 0.0520197 0
v 0.0537157 0.0533457 0
v 0.0519239 0.0518224 0
v -0.0525113 -0.0491539 0
v -0.0749534 -0.044429 0
v -0.0519239 -0.0481776 0
v -0.0477293 -0.0486338 0
v -0.04735 -0.05 0
v 0.0473655 -0.0497135 0
v 0.0548907 0.0510396 0
v 0.0549726 0.0505226 0
v 0.0526345 0.0502865 0
v 0.055 0.05 0
v 0.05265 0.05 0
v 0.0519239 0.0481776 0
v 0.0521096 0.0483963 0
v 0.0525113 -0.0491539 0
v 0.0510396 -0.0548907 0
v 0.0504287 -0.0526151 0
v 0.050709 -0.0525534 0
v 0.0505226 -0.0549726 0
v 0.0501435 -0.0526461 0
v 0.049291 -0.0525534 0
v 0.0495713 -0.0526151 0
v 0.0485129 -0.0521934 0
v 0.0474887 -0.0508461 0
v 0.0475949 -0.0511127 0
v 0.04735 -0.05 0
v -0.0512413 -0.0523413 0
v -0.0524051 0.0511127 0
v -0.0519239 0.0518224 0
v -0.0474887 0.0508461 0
v -0.0475949 0.0511127 0
v -0.0473655 0.0502865 0
v 0.047412 0.0505697 0
v 0.0498565 0.0526461 0
v 0.0495713 0.0526151 0
v 0.0505226 0.0549726 0
v 0.0510396 0.0548907 0
v 0.0504287 0.0526151 0
v 0.0515451 0.0547553 0
v 0.050709 0.0525534 0
v 0.0525 0.0543301 0
v 0.0514871 0.0521934 0
v -0.0749883 -0.0442158 0
v -0.0478904 -0.0483963 0
v -0.047412 -0.0494303 0
v -0.0474887 -0.0508461 0
v -0.047412 -0.0505697 0
v -0.0480761 -0.0518224 0
v -0.0478904 -0.0516037 0
v -0.049291 -0.0525534 0
v -0.0490191 -0.0524618 0
v -0.0495713 -0.0526151 0
v 0.052588 0.0494303 0
v 0.0526345 0.0497135 0
v 0.0522707 0.0486338 0
v 0.0524051 0.0488873 0
v 0.0514871 0.0478066 0
v 0.0517156 0.0479803 0
v 0.0521096 -0.0483963 0
v 0.0498565 -0.0526461 0
v 0.0490191 -0.0524618 0
v 0.0487587 -0.0523413 0
v 0.0477293 -0.0513662 0
v 0.047412 -0.0505697 0
v -0.0524051 -0.0511127 0
v -0.0522707 -0.0513662 0
v -0.0477293 0.0513662 0
v -0.04735 0.05 0
v 0.0473655 0.0502865 0
v 0.0490191 0.0524618 0
v 0.049291 0.0525534 0
v 0.0520337 0.0545677 0
v 0.0509809 0.0524618 0
v 0.0512413 0.0523413 0
v -0.0473655 -0.0502865 0
v -0.0477293 -0.0513662 0
v -0.0475949 -0.0511127 0
v -0.0482844 -0.0520197 0
v -0.0487587 -0.0523413 0
v -0.0485129 -0.0521934 0
v 0.0547553 0.0515451 0
v 0.052588 0.0505697 0
v 0.0512413 0.0476587 0
v 0.0509809 0.0475382 0
v 0.0549726 -0.0505226 0
v 0.0526345 -0.0502865 0
v 0.05265 -0.05 0
v 0.0548907 -0.0510396 0
v 0.052588 -0.0505697 0
v 0.0478904 -0.0516037 0
v -0.0521096 -0.0516037 0
v -0.0525113 -0.0508461 0
v -0.05265 -0.05 0
v -0.0526345 -0.0502865 0
v -0.052588 0.0505697 0
v -0.0526345 0.0502865 0
v -0.0478904 0.0516037 0
v -0.047412 0.0505697 0
v -0.0474887 0.0491539 0
v -0.047412 0.0494303 0
v -0.0480761 0.0481776 0
v -0.0478904 0.0483963 0
v -0.049291 0.0474466 0
v -0.0490191 0.0475382 0
v -0.0495713 0.0473849 0
v 0.0478904 0.0516037 0
v 0.0477293 0.0513662 0
v 0.0501435 0.0526461 0
v 0.0540451 0.0529389 0
v 0.0543301 0.0525 0
v 0.0522707 0.0513662 0
v 0.0545677 0.0520337 0
v 0.0524051 0.0511127 0
v 0.0526345 -0.0497135 0
v 0.0545677 -0.0520337 0
v 0.0524051 -0.0511127 0
v 0.0525113 -0.0508461 0
v 0.0543301 -0.0525 0
v 0.0522707 -0.0513662 0
v 0.0540451 -0.0529389 0
v 0.0521096 -0.0516037 0
v 0.0537157 -0.0533457 0
v 0.0519239 -0.0518224 0
v 0.0533457 -0.0537157 0
v 0.0517156 -0.0520197 0
v 0.0529389 -0.0540451 0
v 0.0514871 -0.0521934 0
v -0.052588 -0.0505697 0
v -0.0525113 0.0508461 0
v -0.0473655 0.0497135 0
v -0.0477293 0.0486338 0
v -0.0475949 0.0488873 0
v -0.0482844 0.0479803 0
v -0.0487587 0.0476587 0
v -0.0485129 0.0478066 0
v 0.0480761 0.0518224 0
v 0.0525113 0.0508461 0
v 0.0525113 0.0491539 0
v 0.0525 -0.0543301 0
v 0.0512413 -0.0523413 0
v 0.0520337 -0.0545677 0
v 0.0509809 -0.0524618 0
v 0.0515451 -0.0547553 0
v 0.0475949 0.0511127 0
v 0.0521096 0.0516037 0
v 0.052588 -0.0494303 0
v 0.0547553 -0.0515451 0
v -0.0726776 0.035368 0.0423148
v -0.0726595 0.0355635 0.0423876
v -0.0727013 -0.00575 0.0422199
v -0.0727013 0.03475 0.0422199
v -0.0726987 -0.00595906 0.0422305
v -0.0724594 -0.00748205 0.0431902
v -0.0716113 -0.0225045 0.0465915
v -0.0716127 -0.0224 0.0465862
v -0.0725019 -0.00736803 0.0430198
v -0.0722175 0.03675 0.0441604
v -0.0627825 0.03675 0.082002
v -0.0726365 0.03575 0.0424798
v -0.0726089 0.0359256 0.0425905
v -0.0726907 0.0351658 0.0422623
v -0.0726595 -0.00656347 0.0423876
v -0.0726776 -0.00636803 0.0423148
v -0.0716127 -0.0096 0.0465862
v -0.0716074 -0.0226079 0.0466074
v -0.0722681 0.036739 0.0439576
v -0.072577 0.0360883 0.0427183
v -0.0725412 0.0362363 0.0428619
v -0.0726987 0.0349591 0.0422305
v -0.0726907 -0.00616582 0.0422623
v -0.0634335 -0.00901221 0.0793909
v -0.0625857 -0.00757709 0.0827913
v -0.062633 -0.00765211 0.0826017
v -0.0626819 -0.0077063 0.0824055
v -0.0635545 -0.00864894 0.0789058
v -0.0635309 -0.00868645 0.0790006
v -0.0722175 -0.00775 0.0441604
v -0.0713708 -0.0086 0.0475565
v -0.0636292 -0.0086 0.0786059
v -0.0624981 0.036368 0.0831426
v -0.0624588 0.0362363 0.0833005
v -0.0715918 -0.00919326 0.0466701
v -0.0715803 -0.0091 0.0467162
v -0.0724594 0.0364821 0.0431902
v -0.0724143 0.0365771 0.0433711
v -0.0725412 -0.00723629 0.0428619
v -0.072577 -0.00708826 0.0427183
v -0.0716113 -0.00949547 0.0465915
v -0.0715918 -0.0228067 0.0466701
v -0.0716008 -0.022709 0.0466337
v -0.0715129 -0.023209 0.0469862
v -0.0634495 -0.00893087 0.079327
v -0.0635083 -0.00873397 0.0790911
v -0.0634871 -0.00879098 0.0791763
v -0.063579 -0.00862185 0.0788077
v -0.0633926 -0.00939209 0.079555
v -0.0625406 -0.00748205 0.0829723
v -0.0627319 -0.00773904 0.0822048
v -0.0627825 -0.00775 0.082002
v -0.0623405 0.0355635 0.0837748
v -0.0623224 0.035368 0.0838476
v -0.062423 0.0360883 0.0834441
v -0.0623911 0.0359256 0.083572
v -0.0625406 0.0364821 0.0829723
v -0.0627319 0.036739 0.0822048
v -0.072367 0.0366521 0.0435608
v -0.0723181 0.0367063 0.043757
v -0.0715665 -0.00901221 0.0467715
v -0.0722681 -0.00773904 0.0439576
v -0.0723181 -0.0077063 0.043757
v -0.0716074 -0.00939209 0.0466074
v -0.0725019 0.036368 0.0430198
v -0.0726089 -0.00692557 0.0425905
v -0.0726365 -0.00675 0.0424798
v -0.0715803 -0.0229 0.0467162
v -0.0715505 -0.0230691 0.0468354
v -0.0715665 -0.0229878 0.0467715
v -0.0634674 -0.00885686 0.0792552
v -0.0634082 -0.00919326 0.0794924
v -0.0633992 -0.00929098 0.0795288
v -0.0634197 -0.0091 0.0794462
v -0.071396 -0.00860548 0.0474551
v -0.0714691 -0.00868645 0.0471618
v -0.0714455 -0.00864894 0.0472566
v -0.0623093 0.0351658 0.0839002
v -0.072367 -0.00765211 0.0435608
v -0.0724143 -0.00757709 0.0433711
v -0.0716008 -0.00929098 0.0466337
v -0.0715326 -0.0231431 0.0469072
v -0.071421 -0.00862185 0.0473547
v -0.063604 -0.00860548 0.0787074
v -0.0714917 -0.00873397 0.0470713
v -0.0623013 0.0349591 0.0839319
v -0.0623635 0.03575 0.0836826
v -0.062633 0.0366521 0.0826017
v -0.0625857 0.0365771 0.0827913
v -0.0626819 0.0367063 0.0824055
v -0.0633873 -0.0096 0.0795762
v -0.0633873 -0.0224 0.0795762
v -0.0715129 -0.00879098 0.0469862
v -0.0715505 -0.00893087 0.0468354
v -0.0715326 -0.00885686 0.0469072
v -0.0624981 -0.00736803 0.0831426
v -0.0623405 -0.00656347 0.0837748
v -0.0623635 -0.00675 0.0836826
v -0.0622987 0.03475 0.0839426
v -0.0622987 -0.00575 0.0839426
v -0.0634082 -0.0228067 0.0794924
v -0.0634197 -0.0229 0.0794462
v -0.0633926 -0.0226079 0.079555
v -0.0633992 -0.022709 0.0795288
v -0.062423 -0.00708826 0.0834441
v -0.0624588 -0.00723629 0.0833005
v -0.0623911 -0.00692557 0.083572
v -0.0623013 -0.00595906 0.0839319
v -0.0623093 -0.00616582 0.0839002
v -0.071421 -0.0233781 0.0473547
v -0.0714455 -0.0233511 0.0472566
v -0.0713708 -0.0234 0.0475565
v -0.0634871 -0.023209 0.0791763
v -0.0634335 -0.0229878 0.0793909
v -0.0634495 -0.0230691 0.079327
v -0.0633887 -0.0225045 0.0795709
v -0.0636292 -0.0234 0.0786059
v -0.0714691 -0.0233135 0.0471618
v -0.071396 -0.0233945 0.0474551
v -0.0633887 -0.00949547 0.0795709
v -0.0634674 -0.0231431 0.0792552
v -0.0623224 -0.00636803 0.0838476
v -0.0714917 -0.023266 0.0470713
v -0.0635083 -0.023266 0.0790911
v -0.0635545 -0.0233511 0.0789058
v -0.063579 -0.0233781 0.0788077
v -0.0635309 -0.0233135 0.0790006
v -0.063604 -0.0233945 0.0787074
v -0.0643576 -0.0224 0.0798182
v -0.0643576 -0.0096 0.0798182
v -0.0645995 -0.0086 0.0788479
v -0.0645743 -0.00860548 0.0789493
v -0.0645492 -0.00862185 0.0790496
v -0.0645248 -0.00864894 0.0791477
v -0.0645011 -0.00868645 0.0792425
v -0.0644786 -0.00873397 0.079333
v -0.0644573 -0.00879098 0.0794182
v -0.0644377 -0.00885686 0.0794971
v -0.0644198 -0.00893087 0.0795689
v -0.0644038 -0.00901221 0.0796329
v -0.06439 -0.0091 0.0796882
v -0.0643785 -0.00919326 0.0797343
v -0.0643695 -0.00929098 0.0797707
v -0.0643629 -0.00939209 0.079797
v -0.0643589 -0.00949547 0.0798128
v -0.072341 -0.0086 0.0477984
v -0.072583 -0.0096 0.0468281
v -0.0725816 -0.00949547 0.0468334
v -0.0725777 -0.00939209 0.0468493
v -0.0725711 -0.00929098 0.0468756
v -0.0725621 -0.00919326 0.046912
v -0.0725506 -0.0091 0.0469581
v -0.0725368 -0.00901221 0.0470134
v -0.0725208 -0.00893087 0.0470773
v -0.0725029 -0.00885686 0.0471491
v -0.0724832 -0.00879098 0.0472281
v -0.072462 -0.00873397 0.0473133
v -0.0724394 -0.00868645 0.0474037
v -0.0724158 -0.00864894 0.0474986
v -0.0723913 -0.00862185 0.0475967
v -0.0723663 -0.00860548 0.047697
v -0.072583 -0.0224 0.0468281
v -0.072341 -0.0234 0.0477984
v -0.0723663 -0.0233945 0.047697
v -0.0723913 -0.0233781 0.0475967
v -0.0724158 -0.0233511 0.0474986
v -0.0724394 -0.0233135 0.0474037
v -0.072462 -0.023266 0.0473133
v -0.0724832 -0.023209 0.0472281
v -0.0725029 -0.0231431 0.0471491
v -0.0725208 -0.0230691 0.0470773
v -0.0725368 -0.0229878 0.0470134
v -0.0725506 -0.0229 0.0469581
v -0.0725621 -0.0228067 0.046912
v -0.0725711 -0.022709 0.0468756
v -0.0725777 -0.0226079 0.0468493
v -0.0725816 -0.0225045 0.0468334
v -0.0645995 -0.0234 0.0788479
v -0.0643589 -0.0225045 0.0798128
v -0.0643629 -0.0226079 0.079797
v -0.0643695 -0.022709 0.0797707
v -0.0643785 -0.0228067 0.0797343
v -0.06439 -0.0229 0.0796882
v -0.0644038 -0.0229878 0.0796329
v -0.0644198 -0.0230691 0.0795689
v -0.0644377 -0.0231431 0.0794971
v -0.0644573 -0.023209 0.0794182
v -0.0644786 -0.023266 0.079333
v -0.0645011 -0.0233135 0.0792425
v -0.0645248 -0.0233511 0.0791477
v -0.0645492 -0.0233781 0.0790496
v -0.0645743 -0.0233945 0.0789493
v -0.0694406 -0.00775 0.0635651
v -0.0647231 -0.00775 0.0824858
v -0.0741581 -0.00775 0.0446443
v -0.0642393 -0.00575 0.0844264
v -0.0642419 -0.00595906 0.0844158
v -0.0642498 -0.00616582 0.084384
v -0.064263 -0.00636803 0.0843314
v -0.0642811 -0.00656347 0.0842586
v -0.0643041 -0.00675 0.0841664
v -0.0643317 -0.00692557 0.0840558
v -0.0643635 -0.00708826 0.083928
v -0.0643994 -0.00723629 0.0837843
v -0.0644387 -0.00736803 0.0836265
v -0.0644812 -0.00748205 0.0834561
v -0.0645263 -0.00757709 0.0832751
v -0.0645736 -0.00765211 0.0830855
v -0.0646225 -0.0077063 0.0828893
v -0.0646725 -0.00773904 0.0826887
v -0.0642393 0.03475 0.0844264
v -0.0642393 0.0145 0.0844264
v -0.0647231 0.03675 0.0824858
v -0.0646725 0.036739 0.0826887
v -0.0646225 0.0367063 0.0828893
v -0.0645736 0.0366521 0.0830855
v -0.0645263 0.0365771 0.0832751
v -0.0644812 0.0364821 0.0834561
v -0.0644387 0.036368 0.0836265
v -0.0643994 0.0362363 0.0837843
v -0.0643635 0.0360883 0.083928
v -0.0643317 0.0359256 0.0840558
v -0.0643041 0.03575 0.0841664
v -0.0642811 0.0355635 0.0842586
v -0.064263 0.035368 0.0843314
v -0.0642498 0.0351658 0.084384
v -0.0642419 0.0349591 0.0844158
v -0.0694406 0.03675 0.0635651
v -0.0741581 0.03675 0.0446443
v -0.0746419 0.03475 0.0427037
v -0.0746393 0.0349591 0.0427143
v -0.0746313 0.0351658 0.0427461
v -0.0746182 0.035368 0.0427987
v -0.0746001 0.0355635 0.0428715
v -0.0745771 0.03575 0.0429637
v -0.0745495 0.0359256 0.0430743
v -0.0745176 0.0360883 0.0432021
v -0.0744818 0.0362363 0.0433458
v -0.0744425 0.036368 0.0435036
v -0.0744 0.0364821 0.043674
v -0.0743549 0.0365771 0.043855
v -0.0743076 0.0366521 0.0440446
v -0.0742587 0.0367063 0.0442408
v -0.0742086 0.036739 0.0444414
v -0.0746419 -0.00575 0.0427037
v -0.0746419 0.0145 0.0427037
v -0.0742086 -0.00773904 0.0444414
v -0.0742587 -0.0077063 0.0442408
v -0.0743076 -0.00765211 0.0440446
v -0.0743549 -0.00757709 0.043855
v -0.0744 -0.00748205 0.043674
v -0.0744425 -0.00736803 0.0435036
v -0.0744818 -0.00723629 0.0433458
v -0.0745176 -0.00708826 0.0432021
v -0.0745495 -0.00692557 0.0430743
v -0.0745771 -0.00675 0.0429637
v -0.0746001 -0.00656347 0.0428715
v -0.0746182 -0.00636803 0.0427987
v -0.0746313 -0.00616582 0.0427461
v -0.0746393 -0.00595906 0.0427143
v -0.0660356 0.0299699 0.0772219
v -0.0660221 0.0301185 0.0772759
v -0.0661028 0.0302308 0.0769523
v -0.065898 0.0298798 0.0777736
v -0.065939 0.0300428 0.0776093
v -0.0658543 0.0300048 0.0779488
v -0.0661746 0.03 0.076664
v -0.0657635 0.0297308 0.0783132
v -0.0657692 0.0300048 0.0782902
v -0.0650667 0.0342877 0.0811079
v -0.0651381 0.0349256 0.0808216
v -0.0658543 0.0364952 0.0779488
v -0.0657692 0.0364952 0.0782902
v -0.065939 0.0364572 0.0776093
v -0.0694406 0.03 0.0635651
v -0.066253 0.03056 0.0763498
v -0.0663208 0.030773 0.076078
v -0.06618 0.0303786 0.0766424
v -0.0656014 0.0301185 0.0789631
v -0.0656846 0.0300428 0.0786297
v -0.0650982 0.0346146 0.0809815
v -0.0661028 0.0362692 0.0769523
v -0.0660221 0.0363815 0.0772759
v -0.0663826 0.035485 0.0758301
v -0.0663208 0.035727 0.076078
v -0.0664855 0.0349256 0.0754174
v -0.0664377 0.0352168 0.075609
v -0.0654435 0.0361214 0.0795966
v -0.0653705 0.03594 0.0798892
v -0.0656846 0.0364572 0.0786297
v -0.0656014 0.0363815 0.0789631
v -0.066253 0.03594 0.0763498
v -0.06618 0.0361214 0.0766424
v -0.0663826 0.031015 0.0758301
v -0.0664377 0.0312832 0.075609
v -0.0655094 0.0292631 0.0793324
v -0.0653705 0.03056 0.0798892
v -0.0654435 0.0303786 0.0795966
v -0.0655207 0.0362692 0.0792867
v -0.0665569 0.0342877 0.0751311
v -0.0665253 0.0346146 0.0752575
v -0.0655207 0.0302308 0.0792867
v -0.0656335 0.0295245 0.0788347
v -0.0650439 0.0339487 0.0811992
v -0.0651858 0.0352168 0.0806299
v -0.0653028 0.035727 0.080161
v -0.065241 0.035485 0.0804089
v -0.066598 0.03325 0.074966
v -0.0650982 0.0277328 0.0809815
v -0.0650223 0.02725 0.0812857
v -0.0652843 0.0285873 0.0802349
v -0.0651858 0.0281802 0.0806299
v -0.0653926 0.0289496 0.0798008
v -0.0648514 0.0250749 0.0819714
v -0.0648441 0.0245 0.0820007
v -0.0651858 0.0312832 0.0806299
v -0.0648732 0.0256435 0.0818841
v -0.0665934 0.0336014 0.0749845
v -0.0665253 0.0318854 0.0752575
v -0.0665569 0.0322123 0.0751311
v -0.0664855 0.0315744 0.0754174
v -0.0653028 0.030773 0.080161
v -0.0649591 0.0267371 0.0815393
v -0.065241 0.031015 0.0804089
v -0.0649092 0.0261996 0.0817395
v -0.0650667 0.0322123 0.0811079
v -0.0650301 0.0336014 0.0812545
v -0.0665796 0.0339487 0.0750398
v -0.0665796 0.0325513 0.0750398
v -0.0665934 0.0328986 0.0749845
v -0.0650982 0.0318854 0.0809815
v -0.0651381 0.0315744 0.0808216
v -0.0650439 0.0325513 0.0811992
v -0.0650255 0.03325 0.081273
v -0.0650301 0.0328986 0.0812545
v -0.0648441 0.0145 0.0820007
v -0.0651858 -0.00228318 0.0806299
v -0.0648732 0.00335649 0.0818841
v -0.0648441 0.0045 0.0820007
v -0.0655207 -0.00123083 0.0792867
v -0.0653926 5.04065e-05 0.0798008
v -0.0655094 -0.00026314 0.0793324
v -0.0656014 -0.00111846 0.0789631
v -0.0656335 -0.0005245 0.0788347
v -0.0649092 0.00280041 0.0817395
v -0.0648514 0.00392509 0.0819714
v -0.0656846 -0.00104281 0.0786297
v -0.0657635 -0.000730811 0.0783132
v -0.0660356 -0.00096987 0.0772219
v -0.0660221 -0.00111846 0.0772759
v -0.065939 -0.00104281 0.0776093
v -0.0657692 -0.00749523 0.0782902
v -0.0658543 -0.00749523 0.0779488
v -0.0656014 -0.00738154 0.0789631
v -0.0656846 -0.00745719 0.0786297
v -0.0651381 -0.00592555 0.0808216
v -0.0653705 -0.00156001 0.0798892
v -0.0650223 0.00175 0.0812857
v -0.0650982 0.00126718 0.0809815
v -0.0654435 -0.00137859 0.0795966
v -0.0652843 0.000412703 0.0802349
v -0.0651858 0.000819782 0.0806299
v -0.0657692 -0.00100477 0.0782902
v -0.065898 -0.000879812 0.0777736
v -0.0658543 -0.00100477 0.0779488
v -0.0661746 -0.001 0.076664
v -0.0661028 -0.00123083 0.0769523
v -0.0694406 -0.001 0.0635651
v -0.066253 -0.00156001 0.0763498
v -0.0663826 -0.00201498 0.0758301
v -0.0663208 -0.00177297 0.076078
v -0.0650982 -0.00561464 0.0809815
v -0.0650667 -0.00528773 0.0811079
v -0.0653028 -0.00177297 0.080161
v -0.065241 -0.00201498 0.0804089
v -0.0649591 0.00226295 0.0815393
v -0.06618 -0.00137859 0.0766424
v -0.0664377 -0.00228318 0.075609
v -0.065939 -0.00745719 0.0776093
v -0.0660221 -0.00738154 0.0772759
v -0.0653028 -0.00672703 0.080161
v -0.0653705 -0.00693999 0.0798892
v -0.0651858 -0.00621682 0.0806299
v -0.065241 -0.00648502 0.0804089
v -0.066253 -0.00693999 0.0763498
v -0.0663208 -0.00672703 0.076078
v -0.0661028 -0.00726917 0.0769523
v -0.06618 -0.00712141 0.0766424
v -0.0654435 -0.00712141 0.0795966
v -0.0655207 -0.00726917 0.0792867
v -0.0665934 -0.00460139 0.0749845
v -0.066598 -0.00425 0.074966
v -0.0650667 -0.00321227 0.0811079
v -0.0650439 -0.00355135 0.0811992
v -0.0650982 -0.00288536 0.0809815
v -0.0651381 -0.00257445 0.0808216
v -0.0665253 -0.00288536 0.0752575
v -0.0664855 -0.00257445 0.0754174
v -0.0665796 -0.00355135 0.0750398
v -0.0665569 -0.00321227 0.0751311
v -0.0665934 -0.00389861 0.0749845
v -0.0664855 -0.00592555 0.0754174
v -0.0665253 -0.00561464 0.0752575
v -0.0663826 -0.00648502 0.0758301
v -0.0664377 -0.00621682 0.075609
v -0.0650301 -0.00460139 0.0812545
v -0.0650439 -0.00494865 0.0811992
v -0.0650301 -0.00389861 0.0812545
v -0.0665569 -0.00528773 0.0751311
v -0.0665796 -0.00494865 0.0750398
v -0.0650255 -0.00425 0.081273
v -0.0734377 -0.00137859 0.0475335
v -0.0733604 -0.00123083 0.0478434
v -0.0734886 5.04065e-05 0.0473293
v -0.0735969 0.000412703 0.0468952
v -0.0731966 -0.00104281 0.0485004
v -0.073112 -0.00100477 0.0488399
v -0.0731177 -0.000730811 0.048817
v -0.0732798 -0.00111846 0.048167
v -0.0732477 -0.0005245 0.0482955
v -0.0733718 -0.00026314 0.0477978
v -0.0736953 0.000819782 0.0465002
v -0.0735107 -0.00156001 0.0472409
v -0.073783 0.00126718 0.0461486
v -0.0740298 0.00392509 0.0451587
v -0.0740371 0.0045 0.0451294
v -0.0736953 -0.00228318 0.0465002
v -0.074008 0.00335649 0.0452461
v -0.0728456 -0.00096987 0.0499082
v -0.0729832 -0.000879812 0.0493565
v -0.0729422 -0.00104281 0.0495208
v -0.0730269 -0.00100477 0.0491813
v -0.0738588 0.00175 0.0458444
v -0.0735784 -0.00177297 0.0469691
v -0.0739221 0.00226295 0.0455908
v -0.0736402 -0.00201498 0.0467212
v -0.073972 0.00280041 0.0453906
v -0.073783 -0.00288536 0.0461486
v -0.0737431 -0.00257445 0.0463086
v -0.0738145 -0.00321227 0.0460222
v -0.0737431 -0.00592555 0.0463086
v -0.0732798 -0.00738154 0.048167
v -0.0733604 -0.00726917 0.0478434
v -0.0726282 -0.00156001 0.0507803
v -0.0725604 -0.00177297 0.0510521
v -0.0727065 -0.001 0.0504661
v -0.0727011 -0.00137859 0.0504877
v -0.0728591 -0.00111846 0.0498543
v -0.0727784 -0.00123083 0.0501778
v -0.0738557 -0.00425 0.0458572
v -0.0738511 -0.00389861 0.0458756
v -0.0734377 -0.00712141 0.0475335
v -0.0728591 -0.00738154 0.0498543
v -0.0729422 -0.00745719 0.0495208
v -0.0723957 -0.00257445 0.0517127
v -0.0723558 -0.00288536 0.0518726
v -0.0724986 -0.00201498 0.0513
v -0.0724435 -0.00228318 0.0515211
v -0.0738373 -0.00355135 0.0459309
v -0.0738145 -0.00528773 0.0460222
v -0.0731966 -0.00745719 0.0485004
v -0.0730269 -0.00749523 0.0491813
v -0.0727784 -0.00726917 0.0501778
v -0.0738373 -0.00494865 0.0459309
v -0.073783 -0.00561464 0.0461486
v -0.073112 -0.00749523 0.0488399
v -0.0740371 0.0145 0.0451294
v -0.0736402 -0.00648502 0.0467212
v -0.0736953 -0.00621682 0.0465002
v -0.0735107 -0.00693999 0.0472409
v -0.0735784 -0.00672703 0.0469691
v -0.0738511 -0.00460139 0.0458756
v -0.0723243 -0.00528773 0.051999
v -0.0723558 -0.00561464 0.0518726
v -0.0727011 -0.00712141 0.0504877
v -0.0725604 -0.00672703 0.0510521
v -0.0726282 -0.00693999 0.0507803
v -0.0724435 -0.00621682 0.0515211
v -0.0724986 -0.00648502 0.0513
v -0.0723957 -0.00592555 0.0517127
v -0.0723243 -0.00321227 0.051999
v -0.0723016 -0.00355135 0.0520904
v -0.0722878 -0.00460139 0.0521456
v -0.0723016 -0.00494865 0.0520904
v -0.0722878 -0.00389861 0.0521456
v -0.0722832 -0.00425 0.0521641
v -0.0734377 0.0303786 0.0475335
v -0.0735969 0.0285873 0.0468952
v -0.0734886 0.0289496 0.0473293
v -0.073783 0.0277328 0.0461486
v -0.0736953 0.0281802 0.0465002
v -0.0735784 0.030773 0.0469691
v -0.073972 0.0261996 0.0453906
v -0.0739221 0.0267371 0.0455908
v -0.0735107 0.03056 0.0472409
v -0.0738588 0.02725 0.0458444
v -0.0733604 0.0302308 0.0478434
v -0.0733718 0.0292631 0.0477978
v -0.0732798 0.0301185 0.048167
v -0.0732477 0.0295245 0.0482955
v -0.0728456 0.0299699 0.0499082
v -0.0727065 0.03 0.0504661
v -0.0727784 0.0302308 0.0501778
v -0.0738145 0.0342877 0.0460222
v -0.0736953 0.0312832 0.0465002
v -0.074008 0.0256435 0.0452461
v -0.0740371 0.0245 0.0451294
v -0.0731966 0.0300428 0.0485004
v -0.0731177 0.0297308 0.048817
v -0.0729832 0.0298798 0.0493565
v -0.0730269 0.0300048 0.0491813
v -0.0727011 0.0303786 0.0504877
v -0.0726282 0.03056 0.0507803
v -0.0737431 0.0349256 0.0463086
v -0.0736953 0.0352168 0.0465002
v -0.073783 0.0346146 0.0461486
v -0.0740298 0.0250749 0.0451587
v -0.073112 0.0300048 0.0488399
v -0.0729422 0.0300428 0.0495208
v -0.0728591 0.0301185 0.0498543
v -0.0724435 0.0312832 0.0515211
v -0.0724986 0.031015 0.0513
v -0.0727011 0.0361214 0.0504877
v -0.0726282 0.03594 0.0507803
v -0.0728591 0.0363815 0.0498543
v -0.0727784 0.0362692 0.0501778
v -0.073112 0.0364952 0.0488399
v -0.0730269 0.0364952 0.0491813
v -0.073783 0.0318854 0.0461486
v -0.0738145 0.0322123 0.0460222
v -0.0725604 0.030773 0.0510521
v -0.0723957 0.0315744 0.0517127
v -0.0723016 0.0325513 0.0520904
v -0.0723243 0.0322123 0.051999
v -0.0723957 0.0349256 0.0517127
v -0.0723558 0.0346146 0.0518726
v -0.0736402 0.035485 0.0467212
v -0.0738373 0.0339487 0.0459309
v -0.0736402 0.031015 0.0467212
v -0.0723558 0.0318854 0.0518726
v -0.0723243 0.0342877 0.051999
v -0.0723016 0.0339487 0.0520904
v -0.0724435 0.0352168 0.0515211
v -0.0729422 0.0364572 0.0495208
v -0.0731966 0.0364572 0.0485004
v -0.0738511 0.0328986 0.0458756
v -0.0738557 0.03325 0.0458572
v -0.0737431 0.0315744 0.0463086
v -0.0722878 0.0328986 0.0521456
v -0.0725604 0.035727 0.0510521
v -0.0724986 0.035485 0.0513
v -0.0735784 0.035727 0.0469691
v -0.0735107 0.03594 0.0472409
v -0.0738511 0.0336014 0.0458756
v -0.0722878 0.0336014 0.0521456
v -0.0722832 0.03325 0.0521641
v -0.0732798 0.0363815 0.048167
v -0.0734377 0.0361214 0.0475335
v -0.0733604 0.0362692 0.0478434
v -0.0738373 0.0325513 0.0459309
v -0.0731917 0.03 0.050587
v -0.0666598 0.03 0.076785
v -0.0745223 0.0245 0.0452504
v -0.074515 0.0250749 0.0452796
v -0.0744932 0.0256435 0.045367
v -0.0744571 0.0261996 0.0455116
v -0.0744072 0.0267371 0.0457118
v -0.074344 0.02725 0.0459654
v -0.0742681 0.0277328 0.0462696
v -0.0741805 0.0281802 0.0466211
v -0.074082 0.0285873 0.0470161
v -0.0739738 0.0289496 0.0474502
v -0.073857 0.0292631 0.0479187
v -0.0737329 0.0295245 0.0484164
v -0.0736029 0.0297308 0.0489379
v -0.0734683 0.0298798 0.0494775
v -0.0733308 0.0299699 0.0500292
v -0.0745223 0.0045 0.0452504
v -0.0731917 -0.001 0.050587
v -0.0733308 -0.00096987 0.0500292
v -0.0734683 -0.000879812 0.0494775
v -0.0736029 -0.000730811 0.0489379
v -0.0737329 -0.0005245 0.0484164
v -0.073857 -0.00026314 0.0479187
v -0.0739738 5.04065e-05 0.0474502
v -0.074082 0.000412703 0.0470161
v -0.0741805 0.000819782 0.0466211
v -0.0742681 0.00126718 0.0462696
v -0.074344 0.00175 0.0459654
v -0.0744072 0.00226295 0.0457118
v -0.0744571 0.00280041 0.0455116
v -0.0744932 0.00335649 0.045367
v -0.074515 0.00392509 0.0452796
v -0.0666598 -0.001 0.076785
v -0.0653292 0.0045 0.0821216
v -0.0653365 0.00392509 0.0820924
v -0.0653583 0.00335649 0.082005
v -0.0653943 0.00280041 0.0818604
v -0.0654443 0.00226295 0.0816603
v -0.0655075 0.00175 0.0814067
v -0.0655833 0.00126718 0.0811024
v -0.065671 0.000819782 0.0807509
v -0.0657695 0.000412703 0.0803559
v -0.0658777 5.04065e-05 0.0799218
v -0.0659945 -0.00026314 0.0794533
v -0.0661186 -0.0005245 0.0789556
v -0.0662486 -0.000730811 0.0784341
v -0.0663832 -0.000879812 0.0778946
v -0.0665207 -0.00096987 0.0773428
v -0.0653292 0.0245 0.0821216
v -0.0665207 0.0299699 0.0773428
v -0.0663832 0.0298798 0.0778946
v -0.0662486 0.0297308 0.0784341
v -0.0661186 0.0295245 0.0789556
v -0.0659945 0.0292631 0.0794533
v -0.0658777 0.0289496 0.0799218
v -0.0657695 0.0285873 0.0803559
v -0.065671 0.0281802 0.0807509
v -0.0655833 0.0277328 0.0811024
v -0.0655075 0.02725 0.0814067
v -0.0654443 0.0267371 0.0816603
v -0.0653943 0.0261996 0.0818604
v -0.0653583 0.0256435 0.082005
v -0.0653365 0.0250749 0.0820924
v -0.0745723 0.0045 0.0452657
v -0.0745723 0.0245 0.0452657
v -0.0746205 0.0045 0.0452861
v -0.0746205 0.0245 0.0452861
v -0.0746663 0.0045 0.0453115
v -0.0746663 0.0245 0.0453115
v -0.0747091 0.0045 0.0453415
v -0.0747091 0.0245 0.0453415
v -0.0747486 0.0045 0.0453759
v -0.0747486 0.0245 0.0453759
v -0.0747843 0.0045 0.0454142
v -0.0747843 0.0245 0.0454142
v -0.0748158 0.0045 0.045456
v -0.0748158 0.0245 0.045456
v -0.0748428 0.0045 0.0455008
v -0.0748428 0.0245 0.0455008
v -0.0748649 0.0045 0.0455482
v -0.0748649 0.0245 0.0455482
v -0.0748819 0.0045 0.0455977
v -0.0748819 0.0245 0.0455977
v -0.0748937 0.0045 0.0456487
v -0.0748937 0.0245 0.0456487
v -0.0749001 0.0045 0.0457007
v -0.0749001 0.0245 0.0457007
v -0.074901 0.0045 0.045753
v -0.074901 0.0245 0.045753
v -0.0748964 0.0045 0.0458051
v -0.0748964 0.0245 0.0458051
v -0.0748864 0.0045 0.0458565
v -0.0748864 0.0245 0.0458565
v -0.0663356 0.000784276 0.0801522
v -0.0667712 -0.000255283 0.0784052
v -0.0666529 -6.77273e-05 0.0788792
v -0.0670185 -0.000472609 0.0774131
v -0.0668934 -0.000390738 0.0779147
v -0.0746554 0.00156107 0.0467831
v -0.0740506 -0.000255283 0.0492088
v -0.0739283 -0.000390738 0.0496993
v -0.0742816 0.000169873 0.0482822
v -0.0741688 -6.77273e-05 0.0487347
v -0.0744862 0.000784276 0.0474617
v -0.0743878 0.000454915 0.0478564
v -0.0738033 -0.000472609 0.0502009
v -0.07486 0.00346044 0.0459625
v -0.0748272 0.00295492 0.046094
v -0.0748798 0.00397736 0.0458831
v -0.0659945 0.0260451 0.08152
v -0.0660399 0.0265337 0.081338
v -0.0660974 0.027 0.0811075
v -0.0671449 -0.0005 0.076906
v -0.066246 0.00115435 0.0805113
v -0.0661663 0.00156107 0.0808309
v -0.0665401 0.000169873 0.0793317
v -0.0745757 0.00115435 0.0471026
v -0.0747819 0.00246632 0.0462759
v -0.0747244 0.002 0.0465065
v -0.066246 0.0278457 0.0805113
v -0.0663356 0.0282157 0.0801522
v -0.0661663 0.0274389 0.0808309
v -0.0736768 0.0295 0.050708
v -0.0742816 0.0288301 0.0482822
v -0.0743878 0.0285451 0.0478564
v -0.0741688 0.0290677 0.0487347
v -0.0738033 0.0294726 0.0502009
v -0.0739283 0.0293907 0.0496993
v -0.0659353 0.0245 0.0817574
v -0.0667712 0.0292553 0.0784052
v -0.0668934 0.0293907 0.0779147
v -0.066434 0.0285451 0.0797576
v -0.0665401 0.0288301 0.0793317
v -0.0659618 0.00346044 0.0816514
v -0.065942 0.00397736 0.0817309
v -0.0660974 0.002 0.0811075
v -0.0660399 0.00246632 0.081338
v -0.066434 0.000454915 0.0797576
v -0.07486 0.0255396 0.0459625
v -0.0748798 0.0250226 0.0458831
v -0.0747819 0.0265337 0.0462759
v -0.0748272 0.0260451 0.046094
v -0.0670185 0.0294726 0.0774131
v -0.0666529 0.0290677 0.0788792
v -0.0659618 0.0255396 0.0816514
v -0.065942 0.0250226 0.0817309
v -0.0659945 0.00295492 0.08152
v -0.0736768 -0.0005 0.050708
v -0.0746554 0.0274389 0.0467831
v -0.0747244 0.027 0.0465065
v -0.0744862 0.0282157 0.0474617
v -0.0745757 0.0278457 0.0471026
v -0.0740506 0.0292553 0.0492088
v -0.0671449 0.0295 0.076906
v -0.0659353 0.0045 0.0817574
v -0.0732424 0.0299973 0.0505997
v -0.0732926 0.0299891 0.0506122
v -0.0733416 0.0299755 0.0506244
v -0.073389 0.0299568 0.0506362
v -0.0734343 0.029933 0.0506475
v -0.0734768 0.0299045 0.0506581
v -0.0735163 0.0298716 0.050668
v -0.0735522 0.0298346 0.0506769
v -0.0735842 0.0297939 0.0506849
v -0.0736118 0.02975 0.0506918
v -0.0736349 0.0297034 0.0506975
v -0.0736531 0.0296545 0.0507021
v -0.0736662 0.029604 0.0507053
v -0.0736742 0.0295523 0.0507073
v -0.0733814 0.0299671 0.0500421
v -0.0735189 0.0298771 0.0494907
v -0.0736534 0.0297282 0.0489514
v -0.0737833 0.029522 0.0484301
v -0.0739074 0.0292608 0.0479327
v -0.0740241 0.0289474 0.0474644
v -0.0741323 0.0285853 0.0470305
v -0.0742307 0.0281784 0.0466358
v -0.0743183 0.0277312 0.0462844
v -0.0743941 0.0272486 0.0459803
v -0.0744573 0.0267359 0.0457268
v -0.0745072 0.0261987 0.0455268
v -0.0745432 0.0256429 0.0453823
v -0.074565 0.0250746 0.0452949
v -0.0734314 0.029959 0.0500555
v -0.0735686 0.0298691 0.0495048
v -0.0737029 0.0297204 0.0489663
v -0.0738327 0.0295145 0.0484459
v -0.0739565 0.0292537 0.0479492
v -0.0740731 0.0289408 0.0474816
v -0.0741811 0.0285792 0.0470484
v -0.0742794 0.0281729 0.0466542
v -0.0743669 0.0277264 0.0463033
v -0.0744426 0.0272445 0.0459997
v -0.0745057 0.0267326 0.0457466
v -0.0745555 0.0261962 0.0455468
v -0.0745915 0.0256412 0.0454025
v -0.0746132 0.0250738 0.0453153
v -0.0734801 0.0299455 0.0500691
v -0.073617 0.0298559 0.0495198
v -0.0737509 0.0297075 0.0489826
v -0.0738804 0.0295021 0.0484635
v -0.0740039 0.0292419 0.047968
v -0.0741202 0.0289298 0.0475016
v -0.074228 0.0285691 0.0470694
v -0.074326 0.0281638 0.0466762
v -0.0744133 0.0277184 0.0463262
v -0.0744888 0.0272378 0.0460233
v -0.0745517 0.0267271 0.0457708
v -0.0746014 0.026192 0.0455716
v -0.0746373 0.0256384 0.0454276
v -0.074659 0.0250723 0.0453406
v -0.073527 0.0299269 0.0500828
v -0.0736635 0.0298375 0.0495354
v -0.0737969 0.0296897 0.0490001
v -0.073926 0.029485 0.0484827
v -0.0740491 0.0292257 0.0479889
v -0.074165 0.0289146 0.0475241
v -0.0742723 0.0285552 0.0470934
v -0.07437 0.0281513 0.0467015
v -0.074457 0.0277074 0.0463527
v -0.0745323 0.0272284 0.0460509
v -0.074595 0.0267195 0.0457993
v -0.0746445 0.0261862 0.0456007
v -0.0746803 0.0256345 0.0454572
v -0.0747019 0.0250704 0.0453705
v -0.0735716 0.0299033 0.0500965
v -0.0737075 0.0298143 0.0495515
v -0.0738404 0.0296671 0.0490185
v -0.0739689 0.0294633 0.0485033
v -0.0740914 0.0292051 0.0480117
v -0.0742068 0.0288954 0.0475489
v -0.0743137 0.0285375 0.0471201
v -0.074411 0.0281354 0.0467299
v -0.0744976 0.0276934 0.0463827
v -0.0745725 0.0272165 0.0460821
v -0.074635 0.0267098 0.0458316
v -0.0746843 0.0261789 0.0456339
v -0.0747199 0.0256296 0.0454911
v -0.0747414 0.0250679 0.0454048
v -0.0736135 0.0298749 0.05011
v -0.0737487 0.0297864 0.0495678
v -0.0738809 0.02964 0.0490376
v -0.0740086 0.0294373 0.0485252
v -0.0741306 0.0291804 0.0480361
v -0.0742454 0.0288723 0.0475758
v -0.0743517 0.0285163 0.0471492
v -0.0744485 0.0281163 0.0467611
v -0.0745346 0.0276767 0.0464157
v -0.0746091 0.0272023 0.0461167
v -0.0746713 0.0266982 0.0458675
v -0.0747203 0.0261701 0.0456708
v -0.0747557 0.0256237 0.0455287
v -0.0747772 0.0250649 0.0454429
v -0.0736521 0.0298421 0.0501232
v -0.0737865 0.0297542 0.0495843
v -0.0739179 0.0296087 0.0490574
v -0.0740449 0.0294072 0.048548
v -0.0741661 0.0291519 0.048062
v -0.0742801 0.0288457 0.0476044
v -0.0743858 0.0284919 0.0471804
v -0.074482 0.0280943 0.0467947
v -0.0745676 0.0276573 0.0464514
v -0.0746417 0.0271858 0.0461542
v -0.0747035 0.0266848 0.0459066
v -0.0747522 0.0261599 0.045711
v -0.0747874 0.0256168 0.0455698
v -0.0748087 0.0250615 0.0454845
v -0.0736871 0.0298053 0.0501359
v -0.0738205 0.029718 0.0496007
v -0.073951 0.0295735 0.0490774
v -0.0740771 0.0293734 0.0485716
v -0.0741975 0.0291199 0.0480889
v -0.0743108 0.0288158 0.0476345
v -0.0744158 0.0284644 0.0472134
v -0.0745113 0.0280695 0.0468303
v -0.0745963 0.0276356 0.0464894
v -0.0746699 0.0271673 0.0461943
v -0.0747312 0.0266698 0.0459483
v -0.0747796 0.0261485 0.0457541
v -0.0748146 0.0256091 0.0456139
v -0.0748357 0.0250576 0.0455292
v -0.073718 0.0297649 0.050148
v -0.0738505 0.0296782 0.0496169
v -0.0739799 0.0295348 0.0490976
v -0.0741051 0.0293362 0.0485956
v -0.0742245 0.0290846 0.0481166
v -0.074337 0.0287828 0.0476656
v -0.0744411 0.0284341 0.0472478
v -0.0745359 0.0280423 0.0468676
v -0.0746203 0.0276117 0.0465293
v -0.0746933 0.0271469 0.0462364
v -0.0747542 0.0266532 0.0459923
v -0.0748022 0.0261359 0.0457996
v -0.0748369 0.0256007 0.0456605
v -0.0748579 0.0250534 0.0455764
v -0.0737446 0.0297212 0.0501593
v -0.0738759 0.0296353 0.0496327
v -0.0740043 0.029493 0.0491176
v -0.0741284 0.0292961 0.0486198
v -0.0742469 0.0290466 0.0481448
v -0.0743584 0.0287473 0.0476976
v -0.0744617 0.0284015 0.0472832
v -0.0745557 0.0280129 0.0469062
v -0.0746394 0.0275859 0.0465706
v -0.0747118 0.027125 0.0462802
v -0.0747721 0.0266354 0.0460381
v -0.0748198 0.0261223 0.045847
v -0.0748542 0.0255915 0.045709
v -0.074875 0.0250488 0.0456256
v -0.0737665 0.0296749 0.0501698
v -0.0738966 0.0295897 0.0496478
v -0.0740239 0.0294487 0.0491374
v -0.0741469 0.0292535 0.048644
v -0.0742643 0.0290062 0.0481731
v -0.0743748 0.0287096 0.0477299
v -0.0744772 0.0283669 0.0473192
v -0.0745704 0.0279817 0.0469455
v -0.0746533 0.0275585 0.046613
v -0.074725 0.0271017 0.0463251
v -0.0747849 0.0266164 0.0460852
v -0.0748321 0.0261079 0.0458958
v -0.0748662 0.0255818 0.0457591
v -0.0748868 0.0250439 0.0456764
v -0.0737834 0.0296263 0.0501793
v -0.0739124 0.0295419 0.0496622
v -0.0740384 0.0294022 0.0491565
v -0.0741603 0.0292089 0.0486678
v -0.0742766 0.0289639 0.0482014
v -0.074386 0.0286701 0.0477623
v -0.0744875 0.0283305 0.0473555
v -0.0745798 0.027949 0.0469853
v -0.0746619 0.0275297 0.0466559
v -0.074733 0.0270773 0.0463707
v -0.0747923 0.0265965 0.0461331
v -0.074839 0.0260928 0.0459455
v -0.0748728 0.0255717 0.04581
v -0.0748932 0.0250388 0.0457281
v -0.0737953 0.029576 0.0501877
v -0.073923 0.0294924 0.0496757
v -0.0740478 0.0293542 0.049175
v -0.0741685 0.0291627 0.048691
v -0.0742836 0.0289202 0.0482292
v -0.074392 0.0286292 0.0477944
v -0.0744924 0.028293 0.0473916
v -0.0745838 0.0279152 0.047025
v -0.0746652 0.0275 0.0466988
v -0.0747356 0.027052 0.0464165
v -0.0747942 0.026576 0.0461811
v -0.0748406 0.0260772 0.0459954
v -0.074874 0.0255612 0.0458612
v -0.0748942 0.0250335 0.0457801
v -0.0738019 0.0295246 0.0501949
v -0.0739283 0.0294419 0.0496881
v -0.0740519 0.029305 0.0491925
v -0.0741713 0.0291155 0.0487134
v -0.0742853 0.0288754 0.0482562
v -0.0743926 0.0285874 0.0478259
v -0.074492 0.0282546 0.0474271
v -0.0745825 0.0278806 0.0470643
v -0.074663 0.0274696 0.0467414
v -0.0747327 0.0270261 0.0464619
v -0.0747908 0.0265549 0.0462289
v -0.0748366 0.0260612 0.0460451
v -0.0748697 0.0255504 0.0459123
v -0.0748897 0.0250281 0.045832
v -0.0732424 -0.000997261 0.0505997
v -0.0732926 -0.000989074 0.0506122
v -0.0733416 -0.000975528 0.0506244
v -0.073389 -0.000956773 0.0506362
v -0.0734343 -0.000933013 0.0506475
v -0.0734768 -0.000904508 0.0506581
v -0.0735163 -0.000871572 0.050668
v -0.0735522 -0.000834565 0.0506769
v -0.0735842 -0.000793893 0.0506849
v -0.0736118 -0.00075 0.0506918
v -0.0736349 -0.000703368 0.0506975
v -0.0736531 -0.000654508 0.0507021
v -0.0736662 -0.000603956 0.0507053
v -0.0736742 -0.000552264 0.0507073
v -0.074565 0.00392538 0.0452949
v -0.0745432 0.00335706 0.0453823
v -0.0745072 0.00280125 0.0455268
v -0.0744573 0.00226406 0.0457268
v -0.0743941 0.00175137 0.0459803
v -0.0743183 0.00126879 0.0462844
v -0.0742307 0.000821614 0.0466358
v -0.0741323 0.000414739 0.0470305
v -0.0740241 5.26225e-05 0.0474644
v -0.0739074 -0.000260768 0.0479327
v -0.0737833 -0.000521998 0.0484301
v -0.0736534 -0.000728206 0.0489514
v -0.0735189 -0.000877133 0.0494907
v -0.0733814 -0.000967146 0.0500421
v -0.0746132 0.00392624 0.0453153
v -0.0745915 0.00335876 0.0454025
v -0.0745555 0.00280378 0.0455468
v -0.0745057 0.00226739 0.0457466
v -0.0744426 0.00175546 0.0459997
v -0.0743669 0.0012736 0.0463033
v -0.0742794 0.000827093 0.0466542
v -0.0741811 0.000420823 0.0470484
v -0.0740731 5.9246e-05 0.0474816
v -0.0739565 -0.000253677 0.0479492
v -0.0738327 -0.000514518 0.0484459
v -0.0737029 -0.000720419 0.0489663
v -0.0735686 -0.000869124 0.0495048
v -0.0734314 -0.000959004 0.0500555
v -0.074659 0.00392765 0.0453406
v -0.0746373 0.00336157 0.0454276
v -0.0746014 0.00280797 0.0455716
v -0.0745517 0.0022729 0.0457708
v -0.0744888 0.00176224 0.0460233
v -0.0744133 0.00128157 0.0463262
v -0.074326 0.000836156 0.0466762
v -0.074228 0.00043089 0.0470694
v -0.0741202 7.02046e-05 0.0475016
v -0.0740039 -0.000241947 0.047968
v -0.0738804 -0.000502144 0.0484635
v -0.0737509 -0.000707537 0.0489826
v -0.073617 -0.000855875 0.0495198
v -0.0734801 -0.000945533 0.0500691
v -0.0747019 0.00392961 0.0453705
v -0.0746803 0.00336547 0.0454572
v -0.0746445 0.00281376 0.0456007
v -0.074595 0.00228053 0.0457993
v -0.0745323 0.00177161 0.0460509
v -0.074457 0.00129259 0.0463527
v -0.07437 0.000848706 0.0467015
v -0.0742723 0.000444828 0.0470934
v -0.074165 8.53781e-05 0.0475241
v -0.0740491 -0.000225704 0.0479889
v -0.073926 -0.00048501 0.0484827
v -0.0737969 -0.000689699 0.0490001
v -0.0736635 -0.000837529 0.0495354
v -0.073527 -0.00092688 0.0500828
v -0.0747414 0.0039321 0.0454048
v -0.0747199 0.00337041 0.0454911
v -0.0746843 0.00282111 0.0456339
v -0.074635 0.00229019 0.0458316
v -0.0745725 0.00178349 0.0460821
v -0.0744976 0.00130656 0.0463827
v -0.074411 0.000864605 0.0467299
v -0.0743137 0.000462485 0.0471201
v -0.0742068 0.0001046 0.0475489
v -0.0740914 -0.000205127 0.0480117
v -0.0739689 -0.000463304 0.0485033
v -0.0738404 -0.000667102 0.0490185
v -0.0737075 -0.000814288 0.0495515
v -0.0735716 -0.00090325 0.0500965
v -0.0747772 0.00393508 0.0454429
v -0.0747557 0.00337634 0.0455287
v -0.0747203 0.00282992 0.0456708
v -0.0746713 0.00230179 0.0458675
v -0.0746091 0.00179775 0.0461167
v -0.0745346 0.00132331 0.0464157
v -0.0744485 0.000883678 0.0467611
v -0.0743517 0.000483667 0.0471492
v -0.0742454 0.000127661 0.0475758
v -0.0741306 -0.000180442 0.0480361
v -0.0740086 -0.000437264 0.0485252
v -0.0738809 -0.000639993 0.0490376
v -0.0737487 -0.000786407 0.0495678
v -0.0736135 -0.000874902 0.05011
v -0.0748087 0.00393852 0.0454845
v -0.0747874 0.00338319 0.0455698
v -0.0747522 0.00284009 0.045711
v -0.0747035 0.00231518 0.0459066
v -0.0746417 0.00181421 0.0461542
v -0.0745676 0.00134267 0.0464514
v -0.074482 0.000905716 0.0467947
v -0.0743858 0.000508144 0.0471804
v -0.0742801 0.000154307 0.0476044
v -0.0741661 -0.000151918 0.048062
v -0.0740449 -0.000407176 0.048548
v -0.0739179 -0.000608669 0.0490574
v -0.0737865 -0.000754191 0.0495843
v -0.0736521 -0.000842146 0.0501232
v -0.0748357 0.00394239 0.0455292
v -0.0748146 0.00339088 0.0456139
v -0.0747796 0.00285153 0.0457541
v -0.0747312 0.00233024 0.0459483
v -0.0746699 0.00183272 0.0461943
v -0.0745963 0.00136442 0.0464894
v -0.0745113 0.000930479 0.0468303
v -0.0744158 0.000535645 0.0472134
v -0.0743108 0.000184246 0.0476345
v -0.0741975 -0.000119869 0.0480889
v -0.0740771 -0.000373368 0.0485716
v -0.073951 -0.000573473 0.0490774
v -0.0738205 -0.000717992 0.0496007
v -0.0736871 -0.000805342 0.0501359
v -0.0748579 0.00394664 0.0455764
v -0.0748369 0.00339934 0.0456605
v -0.0748022 0.0028641 0.0457996
v -0.0747542 0.00234678 0.0459923
v -0.0746933 0.00185305 0.0462364
v -0.0746203 0.00138833 0.0465293
v -0.0745359 0.000957694 0.0468676
v -0.0744411 0.000565871 0.0472478
v -0.074337 0.000217151 0.0476656
v -0.0742245 -8.46455e-05 0.0481166
v -0.0741051 -0.000336212 0.0485956
v -0.0739799 -0.000534791 0.0490976
v -0.0738505 -0.000678208 0.0496169
v -0.073718 -0.000764892 0.050148
v -0.074875 0.00395123 0.0456256
v -0.0748542 0.00340846 0.045709
v -0.0748198 0.00287766 0.045847
v -0.0747721 0.00236463 0.0460381
v -0.0747118 0.001875 0.0462802
v -0.0746394 0.00141413 0.0465706
v -0.0745557 0.000987064 0.0469062
v -0.0744617 0.00059849 0.0472832
v -0.0743584 0.000252661 0.0476976
v -0.0742469 -4.66334e-05 0.0481448
v -0.0741284 -0.000296114 0.0486198
v -0.0740043 -0.000493047 0.0491176
v -0.0738759 -0.000635275 0.0496327
v -0.0737446 -0.00072124 0.0501593
v -0.0748868 0.0039561 0.0456764
v -0.0748662 0.00341816 0.0457591
v -0.0748321 0.00289207 0.0458958
v -0.0747849 0.0023836 0.0460852
v -0.074725 0.00189832 0.0463251
v -0.0746533 0.00144154 0.046613
v -0.0745704 0.00101827 0.0469455
v -0.0744772 0.000633144 0.0473192
v -0.0743748 0.000290387 0.0477299
v -0.0742643 -6.24915e-06 0.0481731
v -0.0741469 -0.000253513 0.048644
v -0.0740239 -0.000448697 0.0491374
v -0.0738966 -0.000589662 0.0496478
v -0.0737665 -0.000674864 0.0501698
v -0.0748932 0.00396121 0.0457281
v -0.0748728 0.00342832 0.04581
v -0.074839 0.00290717 0.0459455
v -0.0747923 0.00240347 0.0461331
v -0.074733 0.00192275 0.0463707
v -0.0746619 0.00147026 0.0466559
v -0.0745798 0.00105096 0.0469853
v -0.0744875 0.000669454 0.0473555
v -0.074386 0.000329915 0.0477623
v -0.0742766 3.60647e-05 0.0482014
v -0.0741603 -0.000208878 0.0486678
v -0.0740384 -0.000402229 0.0491565
v -0.0739124 -0.00054187 0.0496622
v -0.0737834 -0.000626272 0.0501793
v -0.0748942 0.00396649 0.0457801
v -0.074874 0.00343883 0.0458612
v -0.0748406 0.00292279 0.0459954
v -0.0747942 0.00242403 0.0461811
v -0.0747356 0.00194802 0.0464165
v -0.0746652 0.00149997 0.0466988
v -0.0745838 0.00108479 0.047025
v -0.0744924 0.000707022 0.0473916
v -0.074392 0.000370813 0.0477944
v -0.0742836 7.98446e-05 0.0482292
v -0.0741685 -0.000162696 0.048691
v -0.0740478 -0.00035415 0.049175
v -0.073923 -0.000492422 0.0496757
v -0.0737953 -0.000575996 0.0501877
v -0.0748897 0.00397189 0.045832
v -0.0748697 0.00344958 0.0459123
v -0.0748366 0.00293876 0.0460451
v -0.0747908 0.00244506 0.0462289
v -0.0747327 0.00197387 0.0464619
v -0.074663 0.00153035 0.0467414
v -0.0745825 0.00111938 0.0470643
v -0.074492 0.000745436 0.0474271
v -0.0743926 0.000412632 0.0478259
v -0.0742853 0.000124611 0.0482562
v -0.0741713 -0.000115473 0.0487134
v -0.0740519 -0.000304989 0.0491925
v -0.0739283 -0.00044186 0.0496881
v -0.0738019 -0.000524587 0.0501949
v -0.0667105 0.0299973 0.0767977
v -0.0667607 0.0299891 0.0768102
v -0.0668097 0.0299755 0.0768224
v -0.0668571 0.0299568 0.0768342
v -0.0669024 0.029933 0.0768455
v -0.066945 0.0299045 0.0768561
v -0.0669844 0.0298716 0.0768659
v -0.0670203 0.0298346 0.0768749
v -0.0670523 0.0297939 0.0768829
v -0.0670799 0.02975 0.0768898
v -0.067103 0.0297034 0.0768955
v -0.0671212 0.0296545 0.0769001
v -0.0671343 0.029604 0.0769033
v -0.0671423 0.0295523 0.0769053
v -0.0667105 -0.000997261 0.0767977
v -0.0667607 -0.000989074 0.0768102
v -0.0668097 -0.000975528 0.0768224
v -0.0668571 -0.000956773 0.0768342
v -0.0669024 -0.000933013 0.0768455
v -0.066945 -0.000904508 0.0768561
v -0.0669844 -0.000871572 0.0768659
v -0.0670203 -0.000834565 0.0768749
v -0.0670523 -0.000793893 0.0768829
v -0.0670799 -0.00075 0.0768898
v -0.067103 -0.000703368 0.0768955
v -0.0671212 -0.000654508 0.0769001
v -0.0671343 -0.000603956 0.0769033
v -0.0671423 -0.000552264 0.0769053
v -0.0653806 0.0245 0.0821316
v -0.0654327 0.0245 0.0821362
v -0.0654851 0.0245 0.0821353
v -0.065537 0.0245 0.0821289
v -0.065588 0.0245 0.0821171
v -0.0656375 0.0245 0.0821001
v -0.0656849 0.0245 0.082078
v -0.0657298 0.0245 0.082051
v -0.0657716 0.0245 0.0820195
v -0.0658099 0.0245 0.0819838
v -0.0658442 0.0245 0.0819443
v -0.0658742 0.0245 0.0819014
v -0.0658996 0.0245 0.0818557
v -0.06592 0.0245 0.0818075
v -0.0653879 0.0250746 0.0821024
v -0.0654097 0.0256429 0.0820151
v -0.0654457 0.0261987 0.0818706
v -0.0654956 0.0267359 0.0816705
v -0.0655588 0.0272486 0.081417
v -0.0656346 0.0277312 0.0811129
v -0.0657222 0.0281784 0.0807616
v -0.0658206 0.0285853 0.0803668
v -0.0659288 0.0289474 0.0799329
v -0.0660456 0.0292608 0.0794646
v -0.0661696 0.029522 0.0789672
v -0.0662995 0.0297282 0.0784459
v -0.066434 0.0298771 0.0779066
v -0.0665715 0.0299671 0.0773552
v -0.06544 0.0250738 0.082107
v -0.0654618 0.0256412 0.0820198
v -0.0654977 0.0261962 0.0818755
v -0.0655475 0.0267326 0.0816757
v -0.0656106 0.0272445 0.0814226
v -0.0656863 0.0277264 0.081119
v -0.0657738 0.0281729 0.0807682
v -0.0658721 0.0285792 0.080374
v -0.0659801 0.0289408 0.0799407
v -0.0660967 0.0292537 0.0794732
v -0.0662205 0.0295145 0.0789764
v -0.0663503 0.0297204 0.078456
v -0.0664846 0.0298691 0.0779175
v -0.0666219 0.029959 0.0773669
v -0.0654923 0.0250723 0.0821062
v -0.065514 0.0256384 0.0820192
v -0.0655499 0.026192 0.0818752
v -0.0655996 0.0267271 0.0816759
v -0.0656625 0.0272378 0.0814235
v -0.065738 0.0277184 0.0811206
v -0.0658253 0.0281638 0.0807706
v -0.0659233 0.0285691 0.0803774
v -0.0660311 0.0289298 0.0799452
v -0.0661474 0.0292419 0.0794788
v -0.0662709 0.0295021 0.0789833
v -0.0664004 0.0297075 0.0784642
v -0.0665343 0.0298559 0.077927
v -0.0666712 0.0299455 0.0773777
v -0.0655442 0.0250704 0.0820999
v -0.0655659 0.0256345 0.0820132
v -0.0656016 0.0261862 0.0818698
v -0.0656511 0.0267195 0.0816711
v -0.0657139 0.0272284 0.0814195
v -0.0657891 0.0277074 0.0811177
v -0.0658761 0.0281513 0.0807689
v -0.0659738 0.0285552 0.080377
v -0.0660812 0.0289146 0.0799463
v -0.0661971 0.0292257 0.0794816
v -0.0663202 0.029485 0.0789878
v -0.0664492 0.0296897 0.0784704
v -0.0665827 0.0298375 0.077935
v -0.0667191 0.0299269 0.0773877
v -0.0655952 0.0250679 0.0820882
v -0.0656167 0.0256296 0.0820019
v -0.0656523 0.0261789 0.0818591
v -0.0657016 0.0267098 0.0816614
v -0.0657641 0.0272165 0.0814109
v -0.065839 0.0276934 0.0811103
v -0.0659256 0.0281354 0.0807631
v -0.0660229 0.0285375 0.0803729
v -0.0661298 0.0288954 0.0799441
v -0.0662452 0.0292051 0.0794813
v -0.0663678 0.0294633 0.0789897
v -0.0664962 0.0296671 0.0784745
v -0.0666291 0.0298143 0.0779415
v -0.066765 0.0299033 0.0773965
v -0.0656446 0.0250649 0.0820714
v -0.0656661 0.0256237 0.0819855
v -0.0657015 0.0261701 0.0818434
v -0.0657505 0.0266982 0.0816467
v -0.0658127 0.0272023 0.0813975
v -0.0658872 0.0276767 0.0810986
v -0.0659733 0.0281163 0.0807531
v -0.0660701 0.0285163 0.080365
v -0.0661764 0.0288723 0.0799384
v -0.0662912 0.0291804 0.0794781
v -0.0664132 0.0294373 0.078989
v -0.0665409 0.02964 0.0784766
v -0.0666731 0.0297864 0.0779464
v -0.0668083 0.0298749 0.0774043
v -0.065692 0.0250615 0.0820494
v -0.0657133 0.0256168 0.0819641
v -0.0657485 0.0261599 0.0818229
v -0.0657973 0.0266848 0.0816274
v -0.065859 0.0271858 0.0813797
v -0.0659331 0.0276573 0.0810826
v -0.0660187 0.0280943 0.0807392
v -0.0661149 0.0284919 0.0803535
v -0.0662206 0.0288457 0.0799295
v -0.0663347 0.0291519 0.079472
v -0.0664559 0.0294072 0.0789859
v -0.0665829 0.0296087 0.0784765
v -0.0667142 0.0297542 0.0779496
v -0.0668486 0.0298421 0.0774108
v -0.0657369 0.0250576 0.0820227
v -0.065758 0.0256091 0.0819379
v -0.0657929 0.0261485 0.0817977
v -0.0658414 0.0266698 0.0816035
v -0.0659027 0.0271673 0.0813575
v -0.0659763 0.0276356 0.0810625
v -0.0660613 0.0280695 0.0807215
v -0.0661568 0.0284644 0.0803384
v -0.0662618 0.0288158 0.0799173
v -0.0663751 0.0291199 0.079463
v -0.0664954 0.0293734 0.0789802
v -0.0666215 0.0295735 0.0784744
v -0.066752 0.029718 0.0779511
v -0.0668854 0.0298053 0.077416
v -0.0657786 0.0250534 0.0819914
v -0.0657996 0.0256007 0.0819073
v -0.0658343 0.0261359 0.0817681
v -0.0658823 0.0266532 0.0815754
v -0.0659432 0.0271469 0.0813313
v -0.0660162 0.0276117 0.0810385
v -0.0661005 0.0280423 0.0807001
v -0.0661953 0.0284341 0.08032
v -0.0662995 0.0287828 0.0799021
v -0.0664119 0.0290846 0.0794512
v -0.0665314 0.0293362 0.0789721
v -0.0666565 0.0295348 0.0784702
v -0.066786 0.0296782 0.0779508
v -0.0669184 0.0297649 0.0774198
v -0.0658168 0.0250488 0.0819559
v -0.0658376 0.0255915 0.0818725
v -0.065872 0.0261223 0.0817345
v -0.0659197 0.0266354 0.0815434
v -0.06598 0.027125 0.0813013
v -0.0660524 0.0275859 0.0810109
v -0.0661361 0.0280129 0.0806754
v -0.0662301 0.0284015 0.0802984
v -0.0663334 0.0287473 0.079884
v -0.0664449 0.0290466 0.0794368
v -0.0665634 0.0292961 0.0789617
v -0.0666875 0.029493 0.0784639
v -0.0668159 0.0296353 0.0779489
v -0.0669472 0.0297212 0.0774222
v -0.0658511 0.0250439 0.0819167
v -0.0658717 0.0255818 0.081834
v -0.0659058 0.0261079 0.0816972
v -0.065953 0.0266164 0.0815078
v -0.0660128 0.0271017 0.0812679
v -0.0660846 0.0275585 0.0809801
v -0.0661675 0.0279817 0.0806475
v -0.0662607 0.0283669 0.0802738
v -0.0663631 0.0287096 0.0798631
v -0.0664736 0.0290062 0.0794199
v -0.066591 0.0292535 0.078949
v -0.066714 0.0294487 0.0784557
v -0.0668413 0.0295897 0.0779452
v -0.0669714 0.0296749 0.0774233
v -0.065881 0.0250388 0.0818741
v -0.0659015 0.0255717 0.0817922
v -0.0659352 0.0260928 0.0816567
v -0.065982 0.0265965 0.0814691
v -0.0660413 0.0270773 0.0812314
v -0.0661124 0.0275297 0.0809463
v -0.0661945 0.027949 0.0806168
v -0.0662868 0.0283305 0.0802466
v -0.0663882 0.0286701 0.0798398
v -0.0664977 0.0289639 0.0794007
v -0.066614 0.0292089 0.0789343
v -0.0667359 0.0294022 0.0784456
v -0.0668619 0.0295419 0.0779399
v -0.0669909 0.0296263 0.0774228
v -0.0659063 0.0250335 0.0818285
v -0.0659266 0.0255612 0.0817475
v -0.06596 0.0260772 0.0816133
v -0.0660063 0.026576 0.0814275
v -0.066065 0.027052 0.0811922
v -0.0661354 0.0275 0.0809099
v -0.0662167 0.0279152 0.0805836
v -0.0663081 0.028293 0.0802171
v -0.0664086 0.0286292 0.0798142
v -0.066517 0.0289202 0.0793795
v -0.0666321 0.0291627 0.0789176
v -0.0667528 0.0293542 0.0784337
v -0.0668776 0.0294924 0.077933
v -0.0670053 0.029576 0.077421
v -0.0659267 0.0250281 0.0817806
v -0.0659467 0.0255504 0.0817004
v -0.0659799 0.0260612 0.0815676
v -0.0660257 0.0265549 0.0813837
v -0.0660838 0.0270261 0.0811507
v -0.0661535 0.0274696 0.0808713
v -0.066234 0.0278806 0.0805483
v -0.0663244 0.0282546 0.0801855
v -0.0664239 0.0285874 0.0797867
v -0.0665312 0.0288754 0.0793564
v -0.0666451 0.0291155 0.0788992
v -0.0667646 0.029305 0.0784202
v -0.0668882 0.0294419 0.0779245
v -0.0670145 0.0295246 0.0774177
v -0.0653806 0.0045 0.0821316
v -0.0654327 0.0045 0.0821362
v -0.0654851 0.0045 0.0821353
v -0.065537 0.0045 0.0821289
v -0.065588 0.0045 0.0821171
v -0.0656375 0.0045 0.0821001
v -0.0656849 0.0045 0.082078
v -0.0657298 0.0045 0.082051
v -0.0657716 0.0045 0.0820195
v -0.0658099 0.0045 0.0819838
v -0.0658442 0.0045 0.0819443
v -0.0658742 0.0045 0.0819014
v -0.0658996 0.0045 0.0818557
v -0.06592 0.0045 0.0818075
v -0.0665715 -0.000967146 0.0773552
v -0.066434 -0.000877133 0.0779066
v -0.0662995 -0.000728206 0.0784459
v -0.0661696 -0.000521998 0.0789672
v -0.0660456 -0.000260768 0.0794646
v -0.0659288 5.26225e-05 0.0799329
v -0.0658206 0.000414739 0.0803668
v -0.0657222 0.000821614 0.0807616
v -0.0656346 0.00126879 0.0811129
v -0.0655588 0.00175137 0.081417
v -0.0654956 0.00226406 0.0816705
v -0.0654457 0.00280125 0.0818706
v -0.0654097 0.00335706 0.0820151
v -0.0653879 0.00392538 0.0821024
v -0.0666219 -0.000959004 0.0773669
v -0.0664846 -0.000869124 0.0779175
v -0.0663503 -0.000720419 0.078456
v -0.0662205 -0.000514518 0.0789764
v -0.0660967 -0.000253677 0.0794732
v -0.0659801 5.9246e-05 0.0799407
v -0.0658721 0.000420823 0.080374
v -0.0657738 0.000827093 0.0807682
v -0.0656863 0.0012736 0.081119
v -0.0656106 0.00175546 0.0814226
v -0.0655475 0.00226739 0.0816757
v -0.0654977 0.00280378 0.0818755
v -0.0654618 0.00335876 0.0820198
v -0.06544 0.00392624 0.082107
v -0.0666712 -0.000945533 0.0773777
v -0.0665343 -0.000855875 0.077927
v -0.0664004 -0.000707537 0.0784642
v -0.0662709 -0.000502144 0.0789833
v -0.0661474 -0.000241947 0.0794788
v -0.0660311 7.02046e-05 0.0799452
v -0.0659233 0.00043089 0.0803774
v -0.0658253 0.000836156 0.0807706
v -0.065738 0.00128157 0.0811206
v -0.0656625 0.00176224 0.0814235
v -0.0655996 0.0022729 0.0816759
v -0.0655499 0.00280797 0.0818752
v -0.065514 0.00336157 0.0820192
v -0.0654923 0.00392765 0.0821062
v -0.0667191 -0.00092688 0.0773877
v -0.0665827 -0.000837529 0.077935
v -0.0664492 -0.000689699 0.0784704
v -0.0663202 -0.00048501 0.0789878
v -0.0661971 -0.000225704 0.0794816
v -0.0660812 8.53781e-05 0.0799463
v -0.0659738 0.000444828 0.080377
v -0.0658761 0.000848706 0.0807689
v -0.0657891 0.00129259 0.0811177
v -0.0657139 0.00177161 0.0814195
v -0.0656511 0.00228053 0.0816711
v -0.0656016 0.00281376 0.0818698
v -0.0655659 0.00336547 0.0820132
v -0.0655442 0.00392961 0.0820999
v -0.066765 -0.00090325 0.0773965
v -0.0666291 -0.000814288 0.0779415
v -0.0664962 -0.000667102 0.0784745
v -0.0663678 -0.000463304 0.0789897
v -0.0662452 -0.000205127 0.0794813
v -0.0661298 0.0001046 0.0799441
v -0.0660229 0.000462485 0.0803729
v -0.0659256 0.000864605 0.0807631
v -0.065839 0.00130656 0.0811103
v -0.0657641 0.00178349 0.0814109
v -0.0657016 0.00229019 0.0816614
v -0.0656523 0.00282111 0.0818591
v -0.0656167 0.00337041 0.0820019
v -0.0655952 0.0039321 0.0820882
v -0.0668083 -0.000874902 0.0774043
v -0.0666731 -0.000786407 0.0779464
v -0.0665409 -0.000639993 0.0784766
v -0.0664132 -0.000437264 0.078989
v -0.0662912 -0.000180442 0.0794781
v -0.0661764 0.000127661 0.0799384
v -0.0660701 0.000483667 0.080365
v -0.0659733 0.000883678 0.0807531
v -0.0658872 0.00132331 0.0810986
v -0.0658127 0.00179775 0.0813975
v -0.0657505 0.00230179 0.0816467
v -0.0657015 0.00282992 0.0818434
v -0.0656661 0.00337634 0.0819855
v -0.0656446 0.00393508 0.0820714
v -0.0668486 -0.000842146 0.0774108
v -0.0667142 -0.000754191 0.0779496
v -0.0665829 -0.000608669 0.0784765
v -0.0664559 -0.000407176 0.0789859
v -0.0663347 -0.000151918 0.079472
v -0.0662206 0.000154307 0.0799295
v -0.0661149 0.000508144 0.0803535
v -0.0660187 0.000905716 0.0807392
v -0.0659331 0.00134267 0.0810826
v -0.065859 0.00181421 0.0813797
v -0.0657973 0.00231518 0.0816274
v -0.0657485 0.00284009 0.0818229
v -0.0657133 0.00338319 0.0819641
v -0.065692 0.00393852 0.0820494
v -0.0668854 -0.000805342 0.077416
v -0.066752 -0.000717992 0.0779511
v -0.0666215 -0.000573473 0.0784744
v -0.0664954 -0.000373368 0.0789802
v -0.0663751 -0.000119869 0.079463
v -0.0662618 0.000184246 0.0799173
v -0.0661568 0.000535645 0.0803384
v -0.0660613 0.000930479 0.0807215
v -0.0659763 0.00136442 0.0810625
v -0.0659027 0.00183272 0.0813575
v -0.0658414 0.00233024 0.0816035
v -0.0657929 0.00285153 0.0817977
v -0.065758 0.00339088 0.0819379
v -0.0657369 0.00394239 0.0820227
v -0.0669184 -0.000764892 0.0774198
v -0.066786 -0.000678208 0.0779508
v -0.0666565 -0.000534791 0.0784702
v -0.0665314 -0.000336212 0.0789721
v -0.0664119 -8.46455e-05 0.0794512
v -0.0662995 0.000217151 0.0799021
v -0.0661953 0.000565871 0.08032
v -0.0661005 0.000957694 0.0807001
v -0.0660162 0.00138833 0.0810385
v -0.0659432 0.00185305 0.0813313
v -0.0658823 0.00234678 0.0815754
v -0.0658343 0.0028641 0.0817681
v -0.0657996 0.00339934 0.0819073
v -0.0657786 0.00394664 0.0819914
v -0.0669472 -0.00072124 0.0774222
v -0.0668159 -0.000635275 0.0779489
v -0.0666875 -0.000493047 0.0784639
v -0.0665634 -0.000296114 0.0789617
v -0.0664449 -4.66334e-05 0.0794368
v -0.0663334 0.000252661 0.079884
v -0.0662301 0.00059849 0.0802984
v -0.0661361 0.000987064 0.0806754
v -0.0660524 0.00141413 0.0810109
v -0.06598 0.001875 0.0813013
v -0.0659197 0.00236463 0.0815434
v -0.065872 0.00287766 0.0817345
v -0.0658376 0.00340846 0.0818725
v -0.0658168 0.00395123 0.0819559
v -0.0669714 -0.000674864 0.0774233
v -0.0668413 -0.000589662 0.0779452
v -0.066714 -0.000448697 0.0784557
v -0.066591 -0.000253513 0.078949
v -0.0664736 -6.24915e-06 0.0794199
v -0.0663631 0.000290387 0.0798631
v -0.0662607 0.000633144 0.0802738
v -0.0661675 0.00101827 0.0806475
v -0.0660846 0.00144154 0.0809801
v -0.0660128 0.00189832 0.0812679
v -0.065953 0.0023836 0.0815078
v -0.0659058 0.00289207 0.0816972
v -0.0658717 0.00341816 0.081834
v -0.0658511 0.0039561 0.0819167
v -0.0669909 -0.000626272 0.0774228
v -0.0668619 -0.00054187 0.0779399
v -0.0667359 -0.000402229 0.0784456
v -0.066614 -0.000208878 0.0789343
v -0.0664977 3.60647e-05 0.0794007
v -0.0663882 0.000329915 0.0798398
v -0.0662868 0.000669454 0.0802466
v -0.0661945 0.00105096 0.0806168
v -0.0661124 0.00147026 0.0809463
v -0.0660413 0.00192275 0.0812314
v -0.065982 0.00240347 0.0814691
v -0.0659352 0.00290717 0.0816567
v -0.0659015 0.00342832 0.0817922
v -0.065881 0.00396121 0.0818741
v -0.0670053 -0.000575996 0.077421
v -0.0668776 -0.000492422 0.077933
v -0.0667528 -0.00035415 0.0784337
v -0.0666321 -0.000162696 0.0789176
v -0.066517 7.98446e-05 0.0793795
v -0.0664086 0.000370813 0.0798142
v -0.0663081 0.000707022 0.0802171
v -0.0662167 0.00108479 0.0805836
v -0.0661354 0.00149997 0.0809099
v -0.066065 0.00194802 0.0811922
v -0.0660063 0.00242403 0.0814275
v -0.06596 0.00292279 0.0816133
v -0.0659266 0.00343883 0.0817475
v -0.0659063 0.00396649 0.0818285
v -0.0670145 -0.000524587 0.0774177
v -0.0668882 -0.00044186 0.0779245
v -0.0667646 -0.000304989 0.0784202
v -0.0666451 -0.000115473 0.0788992
v -0.0665312 0.000124611 0.0793564
v -0.0664239 0.000412632 0.0797867
v -0.0663244 0.000745436 0.0801855
v -0.066234 0.00111938 0.0805483
v -0.0661535 0.00153035 0.0808713
v -0.0660838 0.00197387 0.0811507
v -0.0660257 0.00244506 0.0813837
v -0.0659799 0.00293876 0.0815676
v -0.0659467 0.00344958 0.0817004
v -0.0659267 0.00397189 0.0817806
v -0.0710836 -0.00407701 0.0501548
v -0.0710904 -0.00390605 0.0501276
v -0.0711016 -0.00373912 0.0500827
v -0.0711171 -0.00357818 0.0500204
v -0.0711368 -0.00342511 0.0499417
v -0.0711603 -0.00328172 0.0498474
v -0.0711874 -0.00314968 0.0497385
v -0.0712178 -0.00303054 0.0496165
v -0.0712512 -0.0029257 0.0494827
v -0.0712871 -0.00283638 0.0493386
v -0.0713252 -0.00276364 0.0491861
v -0.0713649 -0.00270832 0.0490268
v -0.0714058 -0.00267108 0.0488626
v -0.0714475 -0.00265235 0.0486955
v -0.0714894 -0.00265235 0.0485274
v -0.0715311 -0.00267108 0.0483603
v -0.071572 -0.00270832 0.0481961
v -0.0716117 -0.00276364 0.0480368
v -0.0716497 -0.00283638 0.0478843
v -0.0716857 -0.0029257 0.0477402
v -0.071719 -0.00303054 0.0476064
v -0.0717494 -0.00314968 0.0474844
v -0.0717766 -0.00328172 0.0473755
v -0.0718001 -0.00342511 0.0472812
v -0.0718197 -0.00357818 0.0472025
v -0.0718352 -0.00373912 0.0471402
v -0.0718465 -0.00390605 0.0470953
v -0.0718532 -0.00407701 0.0470681
v -0.0718555 -0.00425 0.047059
v -0.0718532 -0.00442299 0.0470681
v -0.0718465 -0.00459395 0.0470953
v -0.0718352 -0.00476088 0.0471402
v -0.0718197 -0.00492182 0.0472025
v -0.0718001 -0.00507489 0.0472812
v -0.0717766 -0.00521828 0.0473755
v -0.0717494 -0.00535032 0.0474844
v -0.071719 -0.00546946 0.0476064
v -0.0716857 -0.0055743 0.0477402
v -0.0716497 -0.00566362 0.0478843
v -0.0716117 -0.00573636 0.0480368
v -0.071572 -0.00579168 0.0481961
v -0.0715311 -0.00582892 0.0483603
v -0.0714894 -0.00584765 0.0485274
v -0.0714475 -0.00584765 0.0486955
v -0.0714058 -0.00582892 0.0488626
v -0.0713649 -0.00579168 0.0490268
v -0.0713252 -0.00573636 0.0491861
v -0.0712871 -0.00566362 0.0493386
v -0.0712512 -0.0055743 0.0494827
v -0.0712178 -0.00546946 0.0496165
v -0.0711874 -0.00535032 0.0497385
v -0.0711603 -0.00521828 0.0498474
v -0.0711368 -0.00507489 0.0499417
v -0.0711171 -0.00492182 0.0500204
v -0.0711016 -0.00476088 0.0500827
v -0.0710904 -0.00459395 0.0501276
v -0.0710836 -0.00442299 0.0501548
v -0.0710814 -0.00425 0.0501639
v -0.0715136 -0.00442299 0.0469834
v -0.0715159 -0.00425 0.0469743
v -0.0715069 -0.00459395 0.0470106
v -0.0714956 -0.00476088 0.0470556
v -0.0714801 -0.00492182 0.0471178
v -0.0714605 -0.00507489 0.0471965
v -0.071437 -0.00521828 0.0472909
v -0.0714098 -0.00535032 0.0473997
v -0.0713794 -0.00546946 0.0475217
v -0.071346 -0.0055743 0.0476555
v -0.0713101 -0.00566362 0.0477996
v -0.0712721 -0.00573636 0.0479521
v -0.0712324 -0.00579168 0.0481114
v -0.0711915 -0.00582892 0.0482756
v -0.0711498 -0.00584765 0.0484427
v -0.0711079 -0.00584765 0.0486108
v -0.0710662 -0.00582892 0.0487779
v -0.0710253 -0.00579168 0.0489421
v -0.0709856 -0.00573636 0.0491014
v -0.0709475 -0.00566362 0.049254
v -0.0709116 -0.0055743 0.049398
v -0.0708782 -0.00546946 0.0495318
v -0.0708478 -0.00535032 0.0496539
v -0.0708207 -0.00521828 0.0497627
v -0.0707972 -0.00507489 0.049857
v -0.0707775 -0.00492182 0.0499358
v -0.070762 -0.00476088 0.049998
v -0.0707508 -0.00459395 0.050043
v -0.070744 -0.00442299 0.0500701
v -0.0707418 -0.00425 0.0500793
v -0.070744 -0.00407701 0.0500701
v -0.0707508 -0.00390605 0.050043
v -0.070762 -0.00373912 0.049998
v -0.0707775 -0.00357818 0.0499358
v -0.0707972 -0.00342511 0.049857
v -0.0708207 -0.00328172 0.0497627
v -0.0708478 -0.00314968 0.0496539
v -0.0708782 -0.00303054 0.0495318
v -0.0709116 -0.0029257 0.049398
v -0.0709475 -0.00283638 0.049254
v -0.0709856 -0.00276364 0.0491014
v -0.0710253 -0.00270832 0.0489421
v -0.0710662 -0.00267108 0.0487779
v -0.0711079 -0.00265235 0.0486108
v -0.0711498 -0.00265235 0.0484427
v -0.0711915 -0.00267108 0.0482756
v -0.0712324 -0.00270832 0.0481114
v -0.0712721 -0.00276364 0.0479521
v -0.0713101 -0.00283638 0.0477996
v -0.071346 -0.0029257 0.0476555
v -0.0713794 -0.00303054 0.0475217
v -0.0714098 -0.00314968 0.0473997
v -0.071437 -0.00328172 0.0472909
v -0.0714605 -0.00342511 0.0471965
v -0.0714801 -0.00357818 0.0471178
v -0.0714956 -0.00373912 0.0470556
v -0.0715069 -0.00390605 0.0470106
v -0.0715136 -0.00407701 0.0469834
v -0.0711288 -0.00425 0.0485268
v -0.0710836 0.033423 0.0501548
v -0.0710904 0.033594 0.0501276
v -0.0711016 0.0337609 0.0500827
v -0.0711171 0.0339218 0.0500204
v -0.0711368 0.0340749 0.0499417
v -0.0711603 0.0342183 0.0498474
v -0.0711874 0.0343503 0.0497385
v -0.0712178 0.0344695 0.0496165
v -0.0712512 0.0345743 0.0494827
v -0.0712871 0.0346636 0.0493386
v -0.0713252 0.0347364 0.0491861
v -0.0713649 0.0347917 0.0490268
v -0.0714058 0.0348289 0.0488626
v -0.0714475 0.0348477 0.0486955
v -0.0714894 0.0348477 0.0485274
v -0.0715311 0.0348289 0.0483603
v -0.071572 0.0347917 0.0481961
v -0.0716117 0.0347364 0.0480368
v -0.0716497 0.0346636 0.0478843
v -0.0716857 0.0345743 0.0477402
v -0.071719 0.0344695 0.0476064
v -0.0717494 0.0343503 0.0474844
v -0.0717766 0.0342183 0.0473755
v -0.0718001 0.0340749 0.0472812
v -0.0718197 0.0339218 0.0472025
v -0.0718352 0.0337609 0.0471402
v -0.0718465 0.033594 0.0470953
v -0.0718532 0.033423 0.0470681
v -0.0718555 0.03325 0.047059
v -0.0718532 0.033077 0.0470681
v -0.0718465 0.032906 0.0470953
v -0.0718352 0.0327391 0.0471402
v -0.0718197 0.0325782 0.0472025
v -0.0718001 0.0324251 0.0472812
v -0.0717766 0.0322817 0.0473755
v -0.0717494 0.0321497 0.0474844
v -0.071719 0.0320305 0.0476064
v -0.0716857 0.0319257 0.0477402
v -0.0716497 0.0318364 0.0478843
v -0.0716117 0.0317636 0.0480368
v -0.071572 0.0317083 0.0481961
v -0.0715311 0.0316711 0.0483603
v -0.0714894 0.0316523 0.0485274
v -0.0714475 0.0316523 0.0486955
v -0.0714058 0.0316711 0.0488626
v -0.0713649 0.0317083 0.0490268
v -0.0713252 0.0317636 0.0491861
v -0.0712871 0.0318364 0.0493386
v -0.0712512 0.0319257 0.0494827
v -0.0712178 0.0320305 0.0496165
v -0.0711874 0.0321497 0.0497385
v -0.0711603 0.0322817 0.0498474
v -0.0711368 0.0324251 0.0499417
v -0.0711171 0.0325782 0.0500204
v -0.0711016 0.0327391 0.0500827
v -0.0710904 0.032906 0.0501276
v -0.0710836 0.033077 0.0501548
v -0.0710814 0.03325 0.0501639
v -0.0715136 0.033077 0.0469834
v -0.0715159 0.03325 0.0469743
v -0.0715069 0.032906 0.0470106
v -0.0714956 0.0327391 0.0470556
v -0.0714801 0.0325782 0.0471178
v -0.0714605 0.0324251 0.0471965
v -0.071437 0.0322817 0.0472909
v -0.0714098 0.0321497 0.0473997
v -0.0713794 0.0320305 0.0475217
v -0.071346 0.0319257 0.0476555
v -0.0713101 0.0318364 0.0477996
v -0.0712721 0.0317636 0.0479521
v -0.0712324 0.0317083 0.0481114
v -0.0711915 0.0316711 0.0482756
v -0.0711498 0.0316523 0.0484427
v -0.0711079 0.0316523 0.0486108
v -0.0710662 0.0316711 0.0487779
v -0.0710253 0.0317083 0.0489421
v -0.0709856 0.0317636 0.0491014
v -0.0709475 0.0318364 0.049254
v -0.0709116 0.0319257 0.049398
v -0.0708782 0.0320305 0.0495318
v -0.0708478 0.0321497 0.0496539
v -0.0708207 0.0322817 0.0497627
v -0.0707972 0.0324251 0.049857
v -0.0707775 0.0325782 0.0499358
v -0.070762 0.0327391 0.049998
v -0.0707508 0.032906 0.050043
v -0.070744 0.033077 0.0500701
v -0.0707418 0.03325 0.0500793
v -0.070744 0.033423 0.0500701
v -0.0707508 0.033594 0.050043
v -0.070762 0.0337609 0.049998
v -0.0707775 0.0339218 0.0499358
v -0.0707972 0.0340749 0.049857
v -0.0708207 0.0342183 0.0497627
v -0.0708478 0.0343503 0.0496539
v -0.0708782 0.0344695 0.0495318
v -0.0709116 0.0345743 0.049398
v -0.0709475 0.0346636 0.049254
v -0.0709856 0.0347364 0.0491014
v -0.0710253 0.0347917 0.0489421
v -0.0710662 0.0348289 0.0487779
v -0.0711079 0.0348477 0.0486108
v -0.0711498 0.0348477 0.0484427
v -0.0711915 0.0348289 0.0482756
v -0.0712324 0.0347917 0.0481114
v -0.0712721 0.0347364 0.0479521
v -0.0713101 0.0346636 0.0477996
v -0.071346 0.0345743 0.0476555
v -0.0713794 0.0344695 0.0475217
v -0.0714098 0.0343503 0.0473997
v -0.071437 0.0342183 0.0472909
v -0.0714605 0.0340749 0.0471965
v -0.0714801 0.0339218 0.0471178
v -0.0714956 0.0337609 0.0470556
v -0.0715069 0.033594 0.0470106
v -0.0715136 0.033423 0.0469834
v -0.0711288 0.03325 0.0485268
v -0.063826 0.033423 0.0792637
v -0.0638327 0.033594 0.0792365
v -0.063844 0.0337609 0.0791915
v -0.0638595 0.0339218 0.0791293
v -0.0638791 0.0340749 0.0790506
v -0.0639026 0.0342183 0.0789562
v -0.0639298 0.0343503 0.0788474
v -0.0639602 0.0344695 0.0787254
v -0.0639936 0.0345743 0.0785915
v -0.0640295 0.0346636 0.0784475
v -0.0640675 0.0347364 0.078295
v -0.0641072 0.0347917 0.0781357
v -0.0641482 0.0348289 0.0779715
v -0.0641898 0.0348477 0.0778044
v -0.0642317 0.0348477 0.0776363
v -0.0642734 0.0348289 0.0774692
v -0.0643143 0.0347917 0.077305
v -0.064354 0.0347364 0.0771457
v -0.0643921 0.0346636 0.0769931
v -0.064428 0.0345743 0.0768491
v -0.0644614 0.0344695 0.0767153
v -0.0644918 0.0343503 0.0765932
v -0.0645189 0.0342183 0.0764844
v -0.0645424 0.0340749 0.0763901
v -0.0645621 0.0339218 0.0763113
v -0.0645776 0.0337609 0.0762491
v -0.0645888 0.033594 0.0762041
v -0.0645956 0.033423 0.0761769
v -0.0645979 0.03325 0.0761678
v -0.0645956 0.033077 0.0761769
v -0.0645888 0.032906 0.0762041
v -0.0645776 0.0327391 0.0762491
v -0.0645621 0.0325782 0.0763113
v -0.0645424 0.0324251 0.0763901
v -0.0645189 0.0322817 0.0764844
v -0.0644918 0.0321497 0.0765932
v -0.0644614 0.0320305 0.0767153
v -0.064428 0.0319257 0.0768491
v -0.0643921 0.0318364 0.0769931
v -0.064354 0.0317636 0.0771457
v -0.0643143 0.0317083 0.077305
v -0.0642734 0.0316711 0.0774692
v -0.0642317 0.0316523 0.0776363
v -0.0641898 0.0316523 0.0778044
v -0.0641482 0.0316711 0.0779715
v -0.0641072 0.0317083 0.0781357
v -0.0640675 0.0317636 0.078295
v -0.0640295 0.0318364 0.0784475
v -0.0639936 0.0319257 0.0785915
v -0.0639602 0.0320305 0.0787254
v -0.0639298 0.0321497 0.0788474
v -0.0639026 0.0322817 0.0789562
v -0.0638791 0.0324251 0.0790506
v -0.0638595 0.0325782 0.0791293
v -0.063844 0.0327391 0.0791915
v -0.0638327 0.032906 0.0792365
v -0.063826 0.033077 0.0792637
v -0.0638237 0.03325 0.0792728
v -0.064256 0.033077 0.0760923
v -0.0642582 0.03325 0.0760832
v -0.0642492 0.032906 0.0761195
v -0.064238 0.0327391 0.0761644
v -0.0642225 0.0325782 0.0762267
v -0.0642028 0.0324251 0.0763054
v -0.0641793 0.0322817 0.0763997
v -0.0641522 0.0321497 0.0765086
v -0.0641218 0.0320305 0.0766306
v -0.0640884 0.0319257 0.0767644
v -0.0640525 0.0318364 0.0769085
v -0.0640144 0.0317636 0.077061
v -0.0639747 0.0317083 0.0772203
v -0.0639338 0.0316711 0.0773845
v -0.0638921 0.0316523 0.0775516
v -0.0638502 0.0316523 0.0777197
v -0.0638085 0.0316711 0.0778868
v -0.0637676 0.0317083 0.078051
v -0.0637279 0.0317636 0.0782103
v -0.0636899 0.0318364 0.0783628
v -0.063654 0.0319257 0.0785069
v -0.0636206 0.0320305 0.0786407
v -0.0635902 0.0321497 0.0787627
v -0.063563 0.0322817 0.0788716
v -0.0635395 0.0324251 0.0789659
v -0.0635199 0.0325782 0.0790446
v -0.0635044 0.0327391 0.0791069
v -0.0634931 0.032906 0.0791518
v -0.0634864 0.033077 0.079179
v -0.0634841 0.03325 0.0791881
v -0.0634864 0.033423 0.079179
v -0.0634931 0.033594 0.0791518
v -0.0635044 0.0337609 0.0791069
v -0.0635199 0.0339218 0.0790446
v -0.0635395 0.0340749 0.0789659
v -0.063563 0.0342183 0.0788716
v -0.0635902 0.0343503 0.0787627
v -0.0636206 0.0344695 0.0786407
v -0.063654 0.0345743 0.0785069
v -0.0636899 0.0346636 0.0783628
v -0.0637279 0.0347364 0.0782103
v -0.0637676 0.0347917 0.078051
v -0.0638085 0.0348289 0.0778868
v -0.0638502 0.0348477 0.0777197
v -0.0638921 0.0348477 0.0775516
v -0.0639338 0.0348289 0.0773845
v -0.0639747 0.0347917 0.0772203
v -0.0640144 0.0347364 0.077061
v -0.0640525 0.0346636 0.0769085
v -0.0640884 0.0345743 0.0767644
v -0.0641218 0.0344695 0.0766306
v -0.0641522 0.0343503 0.0765086
v -0.0641793 0.0342183 0.0763997
v -0.0642028 0.0340749 0.0763054
v -0.0642225 0.0339218 0.0762267
v -0.064238 0.0337609 0.0761644
v -0.0642492 0.033594 0.0761195
v -0.064256 0.033423 0.0760923
v -0.0638712 0.03325 0.0776356
v -0.063826 -0.00407701 0.0792637
v -0.0638327 -0.00390605 0.0792365
v -0.063844 -0.00373912 0.0791915
v -0.0638595 -0.00357818 0.0791293
v -0.0638791 -0.00342511 0.0790506
v -0.0639026 -0.00328172 0.0789562
v -0.0639298 -0.00314968 0.0788474
v -0.0639602 -0.00303054 0.0787254
v -0.0639936 -0.0029257 0.0785915
v -0.0640295 -0.00283638 0.0784475
v -0.0640675 -0.00276364 0.078295
v -0.0641072 -0.00270832 0.0781357
v -0.0641482 -0.00267108 0.0779715
v -0.0641898 -0.00265235 0.0778044
v -0.0642317 -0.00265235 0.0776363
v -0.0642734 -0.00267108 0.0774692
v -0.0643143 -0.00270832 0.077305
v -0.064354 -0.00276364 0.0771457
v -0.0643921 -0.00283638 0.0769931
v -0.064428 -0.0029257 0.0768491
v -0.0644614 -0.00303054 0.0767153
v -0.0644918 -0.00314968 0.0765932
v -0.0645189 -0.00328172 0.0764844
v -0.0645424 -0.00342511 0.0763901
v -0.0645621 -0.00357818 0.0763113
v -0.0645776 -0.00373912 0.0762491
v -0.0645888 -0.00390605 0.0762041
v -0.0645956 -0.00407701 0.0761769
v -0.0645979 -0.00425 0.0761678
v -0.0645956 -0.00442299 0.0761769
v -0.0645888 -0.00459395 0.0762041
v -0.0645776 -0.00476088 0.0762491
v -0.0645621 -0.00492182 0.0763113
v -0.0645424 -0.00507489 0.0763901
v -0.0645189 -0.00521828 0.0764844
v -0.0644918 -0.00535032 0.0765932
v -0.0644614 -0.00546946 0.0767153
v -0.064428 -0.0055743 0.0768491
v -0.0643921 -0.00566362 0.0769931
v -0.064354 -0.00573636 0.0771457
v -0.0643143 -0.00579168 0.077305
v -0.0642734 -0.00582892 0.0774692
v -0.0642317 -0.00584765 0.0776363
v -0.0641898 -0.00584765 0.0778044
v -0.0641482 -0.00582892 0.0779715
v -0.0641072 -0.00579168 0.0781357
v -0.0640675 -0.00573636 0.078295
v -0.0640295 -0.00566362 0.0784475
v -0.0639936 -0.0055743 0.0785915
v -0.0639602 -0.00546946 0.0787254
v -0.0639298 -0.00535032 0.0788474
v -0.0639026 -0.00521828 0.0789562
v -0.0638791 -0.00507489 0.0790506
v -0.0638595 -0.00492182 0.0791293
v -0.063844 -0.00476088 0.0791915
v -0.0638327 -0.00459395 0.0792365
v -0.063826 -0.00442299 0.0792637
v -0.0638237 -0.00425 0.0792728
v -0.064256 -0.00442299 0.0760923
v -0.0642582 -0.00425 0.0760832
v -0.0642492 -0.00459395 0.0761195
v -0.064238 -0.00476088 0.0761644
v -0.0642225 -0.00492182 0.0762267
v -0.0642028 -0.00507489 0.0763054
v -0.0641793 -0.00521828 0.0763997
v -0.0641522 -0.00535032 0.0765086
v -0.0641218 -0.00546946 0.0766306
v -0.0640884 -0.0055743 0.0767644
v -0.0640525 -0.00566362 0.0769085
v -0.0640144 -0.00573636 0.077061
v -0.0639747 -0.00579168 0.0772203
v -0.0639338 -0.00582892 0.0773845
v -0.0638921 -0.00584765 0.0775516
v -0.0638502 -0.00584765 0.0777197
v -0.0638085 -0.00582892 0.0778868
v -0.0637676 -0.00579168 0.078051
v -0.0637279 -0.00573636 0.0782103
v -0.0636899 -0.00566362 0.0783628
v -0.063654 -0.0055743 0.0785069
v -0.0636206 -0.00546946 0.0786407
v -0.0635902 -0.00535032 0.0787627
v -0.063563 -0.00521828 0.0788716
v -0.0635395 -0.00507489 0.0789659
v -0.0635199 -0.00492182 0.0790446
v -0.0635044 -0.00476088 0.0791069
v -0.0634931 -0.00459395 0.0791518
v -0.0634864 -0.00442299 0.079179
v -0.0634841 -0.00425 0.0791881
v -0.0634864 -0.00407701 0.079179
v -0.0634931 -0.00390605 0.0791518
v -0.0635044 -0.00373912 0.0791069
v -0.0635199 -0.00357818 0.0790446
v -0.0635395 -0.00342511 0.0789659
v -0.063563 -0.00328172 0.0788716
v -0.0635902 -0.00314968 0.0787627
v -0.0636206 -0.00303054 0.0786407
v -0.063654 -0.0029257 0.0785069
v -0.0636899 -0.00283638 0.0783628
v -0.0637279 -0.00276364 0.0782103
v -0.0637676 -0.00270832 0.078051
v -0.0638085 -0.00267108 0.0778868
v -0.0638502 -0.00265235 0.0777197
v -0.0638921 -0.00265235 0.0775516
v -0.0639338 -0.00267108 0.0773845
v -0.0639747 -0.00270832 0.0772203
v -0.0640144 -0.00276364 0.077061
v -0.0640525 -0.00283638 0.0769085
v -0.0640884 -0.0029257 0.0767644
v -0.0641218 -0.00303054 0.0766306
v -0.0641522 -0.00314968 0.0765086
v -0.0641793 -0.00328172 0.0763997
v -0.0642028 -0.00342511 0.0763054
v -0.0642225 -0.00357818 0.0762267
v -0.064238 -0.00373912 0.0761644
v -0.0642492 -0.00390605 0.0761195
v -0.064256 -0.00407701 0.0760923
v -0.0638712 -0.00425 0.0776356
v -0.0669083 -0.0219 0.0695878
v -0.066943 -0.0219 0.0694489
v -0.0721649 -0.0215266 0.0485048
v -0.0721721 -0.0214871 0.048476
v -0.0721305 -0.0216669 0.0486428
v -0.0721207 -0.021698 0.0486821
v -0.0662749 -0.0219 0.0721282
v -0.0721792 -0.0214483 0.0484477
v -0.0721862 -0.0214026 0.0484194
v -0.0721487 -0.0215995 0.0485697
v -0.0721372 -0.0216423 0.0486161
v -0.0720452 -0.0218536 0.0489851
v -0.0720472 -0.0218509 0.0489771
v -0.0661156 -0.0219 0.0727675
v -0.0648237 -0.0102916 0.0779489
v -0.066943 -0.0101 0.0694489
v -0.0669083 -0.0101 0.0695878
v -0.0721557 -0.0215684 0.048542
v -0.0721003 -0.0217536 0.0487642
v -0.0720549 -0.0218405 0.048946
v -0.0720716 -0.0218126 0.0488792
v -0.0720207 -0.0218791 0.0490832
v -0.0649709 -0.0219 0.0773584
v -0.0648769 -0.0218271 0.0777354
v -0.0648935 -0.02185 0.0776689
v -0.0647757 -0.0104734 0.0781415
v -0.0647685 -0.0105129 0.0781703
v -0.0648101 -0.0103331 0.0780035
v -0.0648199 -0.010302 0.0779642
v -0.0662749 -0.0101 0.0721282
v -0.0722201 -0.0209 0.0482836
v -0.0722131 -0.0211355 0.0483117
v -0.0722145 -0.0211078 0.0483058
v -0.0720783 -0.0218012 0.0488521
v -0.0720949 -0.0217652 0.0487856
v -0.0719955 -0.0218947 0.0491842
v -0.0719959 -0.0218944 0.0491827
v -0.0649584 -0.0218988 0.0774085
v -0.0649079 -0.0218679 0.0776113
v -0.0649188 -0.0218769 0.0775673
v -0.0649008 -0.0218601 0.0776397
v -0.0647614 -0.0105517 0.0781986
v -0.0647544 -0.0105974 0.0782269
v -0.0647918 -0.0104005 0.0780766
v -0.0648034 -0.0103577 0.0780301
v -0.0648403 -0.0102464 0.0778821
v -0.0648954 -0.0101464 0.0776612
v -0.0648934 -0.0101491 0.0776692
v -0.0649199 -0.0101209 0.077563
v -0.0649188 -0.0101221 0.0775675
v -0.0661156 -0.0101 0.0727675
v -0.0719697 -0.0101 0.0492879
v -0.072219 -0.0209921 0.0482878
v -0.0722157 -0.0210866 0.0483012
v -0.0722186 -0.0210045 0.0482896
v -0.0722064 -0.021227 0.0483386
v -0.0719697 -0.0219 0.0492879
v -0.064933 -0.0218885 0.0775103
v -0.0649447 -0.0218932 0.0774635
v -0.064854 -0.0217845 0.0778275
v -0.064869 -0.0218125 0.077767
v -0.0648065 -0.0216547 0.0780178
v -0.0648237 -0.0217086 0.077949
v -0.0647849 -0.0104316 0.0781043
v -0.0648857 -0.0101595 0.0777002
v -0.064869 -0.0101874 0.077767
v -0.0720637 -0.0101729 0.0489109
v -0.0720471 -0.01015 0.0489774
v -0.0722098 -0.0108154 0.048325
v -0.0722078 -0.010791 0.0483328
v -0.0722201 -0.0111 0.0482836
v -0.064826 -0.0217158 0.0779398
v -0.0647275 -0.0108645 0.0783345
v -0.064726 -0.0108922 0.0783405
v -0.0647342 -0.010773 0.0783076
v -0.0647329 -0.0107912 0.078313
v -0.064754 -0.0106001 0.0782283
v -0.0648623 -0.0101988 0.0777942
v -0.0648457 -0.0102348 0.0778607
v -0.0649451 -0.0101053 0.0774621
v -0.0649447 -0.0101056 0.0774636
v -0.0719822 -0.0101012 0.0492378
v -0.0720327 -0.0101321 0.049035
v -0.0720218 -0.0101231 0.0490789
v -0.0720398 -0.0101399 0.0490066
v -0.0721557 -0.0104314 0.0485418
v -0.0721733 -0.0105177 0.048471
v -0.0722154 -0.010908 0.0483022
v -0.0721974 -0.021316 0.0483744
v -0.0721984 -0.0213066 0.0483706
v -0.0648319 -0.0217321 0.077916
v -0.0648457 -0.021765 0.0778605
v -0.0647886 -0.021586 0.0780896
v -0.0648034 -0.0216426 0.0780304
v -0.0647849 -0.0215686 0.0781045
v -0.0647683 -0.0214877 0.0781712
v -0.0647673 -0.0214823 0.0781752
v -0.0647308 -0.0211846 0.0783213
v -0.0647328 -0.021209 0.0783135
v -0.0647252 -0.021092 0.0783441
v -0.0647261 -0.0211078 0.0783402
v -0.0647205 -0.0111 0.0783627
v -0.0647249 -0.0109134 0.0783451
v -0.064722 -0.0109955 0.0783567
v -0.0649709 -0.0101 0.0773584
v -0.0720076 -0.0101115 0.049136
v -0.0719959 -0.0101068 0.0491828
v -0.0720866 -0.0102155 0.0488188
v -0.0720715 -0.0101875 0.0488793
v -0.0721341 -0.0103453 0.0486285
v -0.0721146 -0.0102842 0.0487065
v -0.072152 -0.010414 0.0485567
v -0.0721683 -0.0104904 0.0484913
v -0.0722067 -0.010777 0.0483373
v -0.0722189 -0.0110029 0.0482883
v -0.0722186 -0.0109955 0.0482894
v -0.0647339 -0.021223 0.078309
v -0.0647422 -0.0213066 0.0782757
v -0.0647216 -0.0110079 0.0783585
v -0.0721087 -0.0102679 0.0487303
v -0.0720949 -0.010235 0.0487858
v -0.0721372 -0.0103574 0.0486158
v -0.0721865 -0.010599 0.0484184
v -0.0647723 -0.0215096 0.0781549
v -0.0647541 -0.021401 0.0782279
v -0.0647217 -0.0209971 0.078358
v -0.064722 -0.0210045 0.0783569
v -0.0647432 -0.010684 0.0782719
v -0.0647422 -0.0106934 0.0782757
v -0.0721976 -0.0106854 0.0483737
v -0.0721866 -0.0106 0.0484179
v -0.064743 -0.0213146 0.0782725
v -0.064754 -0.0214 0.0782284
v -0.0647205 -0.0209 0.0783627
v -0.0657024 -0.0219 0.0773219
v -0.0658405 -0.0219 0.0747072
v -0.0757272 -0.0101 0.0568713
v -0.07624 -0.0101 0.0528955
v -0.0771169 -0.0101 0.0540917
v -0.0752494 -0.0101 0.0517917
v -0.0729666 -0.0101 0.0499035
v -0.0741547 -0.0101 0.0507911
v -0.0689622 -0.0101 0.0647795
v -0.0678097 -0.0101 0.0671305
v -0.071945 -0.0101 0.0604834
v -0.0703453 -0.0101 0.0625563
v -0.073745 -0.0101 0.058582
v -0.0778713 -0.0101 0.0553686
v -0.0757272 -0.0219 0.0568713
v -0.0771169 -0.0219 0.0540917
v -0.07624 -0.0219 0.0528955
v -0.0752494 -0.0219 0.0517917
v -0.0741547 -0.0219 0.0507911
v -0.0778713 -0.0219 0.0553686
v -0.0703453 -0.0219 0.0625563
v -0.071945 -0.0219 0.0604834
v -0.0678097 -0.0219 0.0671305
v -0.073745 -0.0219 0.058582
v -0.0689622 -0.0219 0.0647795
v -0.0729666 -0.0219 0.0499035
v -0.0658405 -0.0101 0.0747072
v -0.0657024 -0.0101 0.0773219
v -0.0657766 -0.0111 0.0783192
v -0.0657766 -0.0209 0.0783192
v -0.0735626 -0.0111 0.049102
v -0.0735248 -0.0111 0.0490738
v -0.0735248 -0.0209 0.0490738
v -0.0748199 -0.0111 0.050046
v -0.0747921 -0.0111 0.0500206
v -0.0747921 -0.0209 0.0500206
v -0.0735626 -0.0209 0.049102
v -0.0759598 -0.0209 0.0510879
v -0.0759787 -0.0209 0.0511089
v -0.0759787 -0.0111 0.0511089
v -0.0748199 -0.0209 0.050046
v -0.0759598 -0.0111 0.0510879
v -0.0770164 -0.0111 0.0522652
v -0.0770275 -0.0111 0.0522804
v -0.0770164 -0.0209 0.0522652
v -0.0770275 -0.0209 0.0522804
v -0.0779564 -0.0111 0.0535492
v -0.0779516 -0.0111 0.0535411
v -0.0779516 -0.0209 0.0535411
v -0.0779564 -0.0209 0.0535492
v -0.0787564 -0.0209 0.054903
v -0.0787564 -0.0111 0.054903
v -0.0787515 -0.0210045 0.0549056
v -0.078737 -0.0211079 0.0549132
v -0.078713 -0.021209 0.0549258
v -0.0786799 -0.0213067 0.0549432
v -0.0786378 -0.0214 0.0549654
v -0.0785873 -0.0214878 0.0549919
v -0.078529 -0.0215691 0.0550226
v -0.0784635 -0.0216431 0.055057
v -0.0783915 -0.021709 0.0550949
v -0.0783139 -0.021766 0.0551358
v -0.0782313 -0.0218135 0.0551792
v -0.0781448 -0.0218511 0.0552247
v -0.0780554 -0.0218781 0.0552718
v -0.0779639 -0.0218945 0.0553199
v -0.077947 -0.0210045 0.0535441
v -0.0770121 -0.0210045 0.0522686
v -0.0759559 -0.0210045 0.0510917
v -0.0747886 -0.0210045 0.0500248
v -0.0735218 -0.0210045 0.0490783
v -0.0779334 -0.0211079 0.0535531
v -0.0769994 -0.0211079 0.052279
v -0.0759442 -0.0211079 0.0511033
v -0.0747782 -0.0211079 0.0500374
v -0.0779108 -0.021209 0.053568
v -0.0769784 -0.021209 0.052296
v -0.075925 -0.021209 0.0511223
v -0.0747609 -0.021209 0.0500583
v -0.0735126 -0.0211079 0.0490919
v -0.0778794 -0.0213067 0.0535887
v -0.0769493 -0.0213067 0.0523197
v -0.0758984 -0.0213067 0.0511487
v -0.074737 -0.0213067 0.0500872
v -0.0734975 -0.021209 0.0491144
v -0.0778398 -0.0214 0.0536148
v -0.0769124 -0.0214 0.0523496
v -0.0758646 -0.0214 0.0511822
v -0.0747067 -0.0214 0.0501238
v -0.0734766 -0.0213067 0.0491455
v -0.0777922 -0.0214878 0.0536462
v -0.0768681 -0.0214878 0.0523856
v -0.0758241 -0.0214878 0.0512223
v -0.0746704 -0.0214878 0.0501677
v -0.07345 -0.0214 0.0491849
v -0.0777372 -0.0215691 0.0536825
v -0.076817 -0.0215691 0.0524271
v -0.0757773 -0.0215691 0.0512687
v -0.0746284 -0.0215691 0.0502185
v -0.0734182 -0.0214878 0.0492322
v -0.0776754 -0.0216431 0.0537232
v -0.0767595 -0.0216431 0.0524738
v -0.0757247 -0.0216431 0.0513208
v -0.0745812 -0.0216431 0.0502755
v -0.0733814 -0.0215691 0.0492869
v -0.0776075 -0.021709 0.053768
v -0.0766964 -0.021709 0.052525
v -0.075667 -0.021709 0.051378
v -0.0745294 -0.021709 0.0503382
v -0.0733401 -0.0216431 0.0493483
v -0.0775342 -0.021766 0.0538164
v -0.0766282 -0.021766 0.0525804
v -0.0756046 -0.021766 0.0514398
v -0.0744734 -0.021766 0.0504059
v -0.0732947 -0.021709 0.0494158
v -0.0774564 -0.0218135 0.0538677
v -0.0765558 -0.0218135 0.0526391
v -0.0755384 -0.0218135 0.0515055
v -0.074414 -0.0218135 0.0504777
v -0.0732457 -0.021766 0.0494886
v -0.0773748 -0.0218511 0.0539215
v -0.0764799 -0.0218511 0.0527007
v -0.0754689 -0.0218511 0.0515742
v -0.0743517 -0.0218511 0.050553
v -0.0731936 -0.0218135 0.049566
v -0.0772904 -0.0218781 0.0539772
v -0.0764015 -0.0218781 0.0527645
v -0.0753971 -0.0218781 0.0516454
v -0.0742873 -0.0218781 0.0506309
v -0.0731391 -0.0218511 0.0496471
v -0.0772041 -0.0218945 0.0540341
v -0.0763212 -0.0218945 0.0528296
v -0.0753237 -0.0218945 0.0517182
v -0.0742214 -0.0218945 0.0507106
v -0.0730827 -0.0218781 0.049731
v -0.073025 -0.0218945 0.0498167
v -0.0784004 -0.0210045 0.0562107
v -0.0784033 -0.0209 0.0562153
v -0.0784905 -0.0209 0.0561538
v -0.0785706 -0.0209 0.0560834
v -0.0786428 -0.0209 0.0560049
v -0.0787062 -0.0209 0.0559191
v -0.0787601 -0.0209 0.055827
v -0.0788038 -0.0209 0.0557297
v -0.078837 -0.0209 0.0556283
v -0.0788592 -0.0209 0.055524
v -0.0788701 -0.0209 0.0554179
v -0.0788697 -0.0209 0.0553112
v -0.0788579 -0.0209 0.0552052
v -0.0788349 -0.0209 0.055101
v -0.0788009 -0.0209 0.0549999
v -0.0783917 -0.0211079 0.0561968
v -0.0783773 -0.021209 0.0561739
v -0.0783573 -0.0213067 0.0561421
v -0.078332 -0.0214 0.0561019
v -0.0783017 -0.0214878 0.0560536
v -0.0782667 -0.0215691 0.0559978
v -0.0782273 -0.0216431 0.0559352
v -0.078184 -0.021709 0.0558663
v -0.0781373 -0.021766 0.0557919
v -0.0780877 -0.0218135 0.055713
v -0.0780357 -0.0218511 0.0556302
v -0.0779819 -0.0218781 0.0555446
v -0.0779269 -0.0218945 0.0554571
v -0.0784871 -0.0210045 0.0561495
v -0.0785668 -0.0210045 0.0560795
v -0.0786385 -0.0210045 0.0560014
v -0.0787016 -0.0210045 0.0559161
v -0.0787552 -0.0210045 0.0558245
v -0.0787987 -0.0210045 0.0557278
v -0.0788317 -0.0210045 0.0556269
v -0.0788538 -0.0210045 0.0555232
v -0.0788647 -0.0210045 0.0554176
v -0.0788642 -0.0210045 0.0553115
v -0.0788525 -0.0210045 0.0552061
v -0.0788296 -0.0210045 0.0551025
v -0.0787958 -0.0210045 0.0550019
v -0.0784769 -0.0211079 0.0561367
v -0.0785553 -0.0211079 0.0560678
v -0.0786259 -0.0211079 0.055991
v -0.0786879 -0.0211079 0.055907
v -0.0787406 -0.0211079 0.055817
v -0.0787835 -0.0211079 0.0557218
v -0.0788159 -0.0211079 0.0556227
v -0.0788376 -0.0211079 0.0555206
v -0.0788483 -0.0211079 0.0554168
v -0.0788479 -0.0211079 0.0553125
v -0.0788364 -0.0211079 0.0552088
v -0.0788138 -0.0211079 0.0551069
v -0.0787806 -0.0211079 0.055008
v -0.0784602 -0.021209 0.0561154
v -0.0785364 -0.021209 0.0560484
v -0.078605 -0.021209 0.0559737
v -0.0786653 -0.021209 0.0558921
v -0.0787166 -0.021209 0.0558046
v -0.0787582 -0.021209 0.0557121
v -0.0787897 -0.021209 0.0556156
v -0.0788108 -0.021209 0.0555164
v -0.0788212 -0.021209 0.0554155
v -0.0788208 -0.021209 0.055314
v -0.0788096 -0.021209 0.0552132
v -0.0787877 -0.021209 0.0551141
v -0.0787554 -0.021209 0.055018
v -0.078437 -0.0213067 0.0560859
v -0.0785102 -0.0213067 0.0560216
v -0.0785761 -0.0213067 0.0559499
v -0.078634 -0.0213067 0.0558715
v -0.0786832 -0.0213067 0.0557874
v -0.0787232 -0.0213067 0.0556985
v -0.0787535 -0.0213067 0.0556059
v -0.0787738 -0.0213067 0.0555106
v -0.0787838 -0.0213067 0.0554136
v -0.0787834 -0.0213067 0.0553162
v -0.0787726 -0.0213067 0.0552193
v -0.0787516 -0.0213067 0.0551242
v -0.0787206 -0.0213067 0.0550318
v -0.0784075 -0.0214 0.0560486
v -0.0784769 -0.0214 0.0559876
v -0.0785394 -0.0214 0.0559196
v -0.0785943 -0.0214 0.0558453
v -0.078641 -0.0214 0.0557656
v -0.0786789 -0.0214 0.0556813
v -0.0787076 -0.0214 0.0555935
v -0.0787268 -0.0214 0.0555032
v -0.0787363 -0.0214 0.0554113
v -0.0787359 -0.0214 0.0553189
v -0.0787257 -0.0214 0.0552271
v -0.0787058 -0.0214 0.0551369
v -0.0786764 -0.0214 0.0550493
v -0.0783722 -0.0214878 0.0560039
v -0.0784371 -0.0214878 0.0559469
v -0.0784954 -0.0214878 0.0558833
v -0.0785467 -0.0214878 0.0558139
v -0.0785903 -0.0214878 0.0557395
v -0.0786257 -0.0214878 0.0556608
v -0.0786526 -0.0214878 0.0555787
v -0.0786705 -0.0214878 0.0554943
v -0.0786794 -0.0214878 0.0554085
v -0.078679 -0.0214878 0.0553222
v -0.0786695 -0.0214878 0.0552364
v -0.0786509 -0.0214878 0.0551521
v -0.0786234 -0.0214878 0.0550703
v -0.0783314 -0.0215691 0.0559521
v -0.078391 -0.0215691 0.0558998
v -0.0784446 -0.0215691 0.0558414
v -0.0784917 -0.0215691 0.0557777
v -0.0785318 -0.0215691 0.0557093
v -0.0785643 -0.0215691 0.055637
v -0.078589 -0.0215691 0.0555616
v -0.0786055 -0.0215691 0.0554841
v -0.0786136 -0.0215691 0.0554052
v -0.0786133 -0.0215691 0.0553259
v -0.0786045 -0.0215691 0.0552472
v -0.0785874 -0.0215691 0.0551698
v -0.0785622 -0.0215691 0.0550946
v -0.0782856 -0.0216431 0.055894
v -0.0783392 -0.0216431 0.0558469
v -0.0783875 -0.0216431 0.0557943
v -0.0784299 -0.0216431 0.0557369
v -0.078466 -0.0216431 0.0556753
v -0.0784953 -0.0216431 0.0556102
v -0.0785175 -0.0216431 0.0555424
v -0.0785323 -0.0216431 0.0554726
v -0.0785397 -0.0216431 0.0554016
v -0.0785394 -0.0216431 0.0553302
v -0.0785315 -0.0216431 0.0552592
v -0.0785161 -0.0216431 0.0551896
v -0.0784934 -0.0216431 0.0551219
v -0.0782353 -0.021709 0.0558301
v -0.0782824 -0.021709 0.0557887
v -0.0783248 -0.021709 0.0557426
v -0.078362 -0.021709 0.0556921
v -0.0783937 -0.021709 0.055638
v -0.0784195 -0.021709 0.0555808
v -0.0784389 -0.021709 0.0555213
v -0.078452 -0.021709 0.0554599
v -0.0784584 -0.021709 0.0553976
v -0.0784582 -0.021709 0.0553349
v -0.0784512 -0.021709 0.0552725
v -0.0784377 -0.021709 0.0552113
v -0.0784177 -0.021709 0.0551519
v -0.0781809 -0.021766 0.0557612
v -0.078221 -0.021766 0.055726
v -0.0782571 -0.021766 0.0556867
v -0.0782888 -0.021766 0.0556438
v -0.0783157 -0.021766 0.0555978
v -0.0783376 -0.021766 0.0555491
v -0.0783542 -0.021766 0.0554985
v -0.0783653 -0.021766 0.0554463
v -0.0783707 -0.021766 0.0553932
v -0.0783705 -0.021766 0.0553399
v -0.0783646 -0.021766 0.0552869
v -0.0783531 -0.021766 0.0552348
v -0.0783361 -0.021766 0.0551842
v -0.0781232 -0.0218135 0.055688
v -0.0781558 -0.0218135 0.0556593
v -0.0781851 -0.0218135 0.0556274
v -0.0782109 -0.0218135 0.0555925
v -0.0782328 -0.0218135 0.055555
v -0.0782506 -0.0218135 0.0555155
v -0.0782641 -0.0218135 0.0554742
v -0.0782731 -0.0218135 0.0554318
v -0.0782776 -0.0218135 0.0553886
v -0.0782774 -0.0218135 0.0553452
v -0.0782726 -0.0218135 0.0553021
v -0.0782633 -0.0218135 0.0552597
v -0.0782494 -0.0218135 0.0552186
v -0.0780627 -0.0218511 0.0556112
v -0.0780874 -0.0218511 0.0555895
v -0.0781097 -0.0218511 0.0555652
v -0.0781293 -0.0218511 0.0555387
v -0.078146 -0.0218511 0.0555102
v -0.0781595 -0.0218511 0.0554802
v -0.0781698 -0.0218511 0.0554488
v -0.0781766 -0.0218511 0.0554166
v -0.07818 -0.0218511 0.0553838
v -0.0781799 -0.0218511 0.0553508
v -0.0781762 -0.0218511 0.0553181
v -0.0781691 -0.0218511 0.0552859
v -0.0781586 -0.0218511 0.0552546
v -0.0780001 -0.0218781 0.0555318
v -0.0780167 -0.0218781 0.0555172
v -0.0780317 -0.0218781 0.0555008
v -0.0780449 -0.0218781 0.055483
v -0.0780561 -0.0218781 0.0554639
v -0.0780652 -0.0218781 0.0554436
v -0.0780721 -0.0218781 0.0554226
v -0.0780767 -0.0218781 0.0554009
v -0.078079 -0.0218781 0.0553788
v -0.0780789 -0.0218781 0.0553566
v -0.0780765 -0.0218781 0.0553346
v -0.0780717 -0.0218781 0.0553129
v -0.0780646 -0.0218781 0.0552919
v -0.0779361 -0.0218945 0.0554506
v -0.0779444 -0.0218945 0.0554433
v -0.077952 -0.0218945 0.0554351
v -0.0779586 -0.0218945 0.0554261
v -0.0779642 -0.0218945 0.0554165
v -0.0779688 -0.0218945 0.0554063
v -0.0779723 -0.0218945 0.0553957
v -0.0779746 -0.0218945 0.0553848
v -0.0779757 -0.0218945 0.0553737
v -0.0779757 -0.0218945 0.0553626
v -0.0779745 -0.0218945 0.0553515
v -0.0779721 -0.0218945 0.0553406
v -0.0779685 -0.0218945 0.05533
v -0.0657102 -0.0218945 0.0774261
v -0.0657178 -0.0218781 0.0775292
v -0.0657253 -0.0218511 0.0776301
v -0.0657326 -0.0218135 0.0777275
v -0.0657395 -0.021766 0.0778205
v -0.065746 -0.021709 0.0779081
v -0.065752 -0.0216431 0.0779892
v -0.0657575 -0.0215691 0.078063
v -0.0657624 -0.0214878 0.0781287
v -0.0657666 -0.0214 0.0781855
v -0.0657702 -0.0213067 0.0782329
v -0.0657729 -0.021209 0.0782703
v -0.065775 -0.0211079 0.0782974
v -0.0657762 -0.0210045 0.0783137
v -0.0658824 -0.0209 0.0783056
v -0.0659861 -0.0209 0.0782808
v -0.0660867 -0.0209 0.0782451
v -0.0661828 -0.0209 0.0781989
v -0.0662735 -0.0209 0.0781428
v -0.0663577 -0.0209 0.0780773
v -0.0664344 -0.0209 0.0780032
v -0.0665028 -0.0209 0.0779213
v -0.0665621 -0.0209 0.0778326
v -0.0666117 -0.0209 0.0777381
v -0.0666508 -0.0209 0.0776389
v -0.0666792 -0.0209 0.0775361
v -0.0666965 -0.0209 0.0774308
v -0.0667024 -0.0209 0.0773243
v -0.0666969 -0.0210045 0.0773243
v -0.0666805 -0.0211079 0.0773243
v -0.0666535 -0.021209 0.0773242
v -0.0666159 -0.0213067 0.0773241
v -0.0665684 -0.0214 0.077324
v -0.0665114 -0.0214878 0.0773239
v -0.0664455 -0.0215691 0.0773237
v -0.0663715 -0.0216431 0.0773235
v -0.0662902 -0.021709 0.0773233
v -0.0662024 -0.021766 0.0773231
v -0.0661091 -0.0218135 0.0773229
v -0.0660114 -0.0218511 0.0773227
v -0.0659103 -0.0218781 0.0773224
v -0.0658069 -0.0218945 0.0773222
v -0.0658814 -0.0210045 0.0783002
v -0.0659846 -0.0210045 0.0782756
v -0.0660846 -0.0210045 0.0782401
v -0.0661802 -0.0210045 0.0781941
v -0.0662704 -0.0210045 0.0781383
v -0.0663541 -0.0210045 0.0780731
v -0.0664304 -0.0210045 0.0779994
v -0.0664985 -0.0210045 0.077918
v -0.0665574 -0.0210045 0.0778298
v -0.0666067 -0.0210045 0.0777359
v -0.0666456 -0.0210045 0.0776372
v -0.0666738 -0.0210045 0.0775349
v -0.066691 -0.0210045 0.0774302
v -0.0658785 -0.0211079 0.0782841
v -0.0659799 -0.0211079 0.0782599
v -0.0660783 -0.0211079 0.078225
v -0.0661723 -0.0211079 0.0781798
v -0.066261 -0.0211079 0.0781248
v -0.0663434 -0.0211079 0.0780608
v -0.0664184 -0.0211079 0.0779883
v -0.0664854 -0.0211079 0.0779082
v -0.0665434 -0.0211079 0.0778215
v -0.0665918 -0.0211079 0.0777291
v -0.0666301 -0.0211079 0.077632
v -0.0666578 -0.0211079 0.0775314
v -0.0666747 -0.0211079 0.0774284
v -0.0658736 -0.021209 0.0782574
v -0.0659723 -0.021209 0.0782339
v -0.0660679 -0.021209 0.0781999
v -0.0661593 -0.021209 0.078156
v -0.0662456 -0.021209 0.0781026
v -0.0663256 -0.021209 0.0780403
v -0.0663986 -0.021209 0.0779698
v -0.0664637 -0.021209 0.077892
v -0.0665201 -0.021209 0.0778076
v -0.0665672 -0.021209 0.0777178
v -0.0666044 -0.021209 0.0776234
v -0.0666314 -0.021209 0.0775256
v -0.0666478 -0.021209 0.0774255
v -0.0658668 -0.0213067 0.0782205
v -0.0659616 -0.0213067 0.0781979
v -0.0660535 -0.0213067 0.0781653
v -0.0661413 -0.0213067 0.0781231
v -0.0662241 -0.0213067 0.0780718
v -0.0663011 -0.0213067 0.078012
v -0.0663712 -0.0213067 0.0779443
v -0.0664336 -0.0213067 0.0778695
v -0.0664878 -0.0213067 0.0777885
v -0.066533 -0.0213067 0.0777022
v -0.0665688 -0.0213067 0.0776115
v -0.0665947 -0.0213067 0.0775176
v -0.0666105 -0.0213067 0.0774214
v -0.0658583 -0.0214 0.0781738
v -0.0659481 -0.0214 0.0781523
v -0.0660352 -0.0214 0.0781214
v -0.0661185 -0.0214 0.0780814
v -0.066197 -0.0214 0.0780328
v -0.0662699 -0.0214 0.0779761
v -0.0663364 -0.0214 0.0779119
v -0.0663956 -0.0214 0.077841
v -0.066447 -0.0214 0.0777642
v -0.0664898 -0.0214 0.0776824
v -0.0665238 -0.0214 0.0775965
v -0.0665483 -0.0214 0.0775074
v -0.0665633 -0.0214 0.0774162
v -0.065848 -0.0214878 0.0781177
v -0.065932 -0.0214878 0.0780977
v -0.0660133 -0.0214878 0.0780688
v -0.0660911 -0.0214878 0.0780314
v -0.0661644 -0.0214878 0.077986
v -0.0662326 -0.0214878 0.077933
v -0.0662946 -0.0214878 0.0778731
v -0.06635 -0.0214878 0.0778068
v -0.0663979 -0.0214878 0.0777351
v -0.066438 -0.0214878 0.0776587
v -0.0664697 -0.0214878 0.0775784
v -0.0664926 -0.0214878 0.0774952
v -0.0665066 -0.0214878 0.07741
v -0.0658362 -0.0215691 0.0780529
v -0.0659133 -0.0215691 0.0780345
v -0.065988 -0.0215691 0.078008
v -0.0660594 -0.0215691 0.0779737
v -0.0661268 -0.0215691 0.0779319
v -0.0661894 -0.0215691 0.0778833
v -0.0662464 -0.0215691 0.0778282
v -0.0662972 -0.0215691 0.0777674
v -0.0663413 -0.0215691 0.0777015
v -0.0663781 -0.0215691 0.0776312
v -0.0664072 -0.0215691 0.0775575
v -0.0664283 -0.0215691 0.0774811
v -0.0664411 -0.0215691 0.0774028
v -0.0658228 -0.0216431 0.0779801
v -0.0658923 -0.0216431 0.0779635
v -0.0659595 -0.0216431 0.0779397
v -0.0660239 -0.0216431 0.0779088
v -0.0660846 -0.0216431 0.0778712
v -0.0661409 -0.0216431 0.0778273
v -0.0661922 -0.0216431 0.0777778
v -0.066238 -0.0216431 0.077723
v -0.0662777 -0.0216431 0.0776637
v -0.0663108 -0.0216431 0.0776004
v -0.066337 -0.0216431 0.077534
v -0.066356 -0.0216431 0.0774652
v -0.0663675 -0.0216431 0.0773948
v -0.0658082 -0.021709 0.0779001
v -0.0658692 -0.021709 0.0778855
v -0.0659283 -0.021709 0.0778646
v -0.0659848 -0.021709 0.0778374
v -0.0660381 -0.021709 0.0778044
v -0.0660876 -0.021709 0.0777659
v -0.0661327 -0.021709 0.0777223
v -0.0661729 -0.021709 0.0776742
v -0.0662077 -0.021709 0.0776221
v -0.0662368 -0.021709 0.0775666
v -0.0662599 -0.021709 0.0775082
v -0.0662765 -0.021709 0.0774478
v -0.0662867 -0.021709 0.0773859
v -0.0657924 -0.021766 0.0778137
v -0.0658443 -0.021766 0.0778014
v -0.0658945 -0.021766 0.0777835
v -0.0659426 -0.021766 0.0777604
v -0.065988 -0.021766 0.0777323
v -0.0660301 -0.021766 0.0776996
v -0.0660684 -0.021766 0.0776625
v -0.0661026 -0.021766 0.0776216
v -0.0661323 -0.021766 0.0775773
v -0.066157 -0.021766 0.07753
v -0.0661766 -0.021766 0.0774804
v -0.0661908 -0.021766 0.077429
v -0.0661994 -0.021766 0.0773764
v -0.0657756 -0.0218135 0.077722
v -0.0658178 -0.0218135 0.0777119
v -0.0658587 -0.0218135 0.0776974
v -0.0658978 -0.0218135 0.0776786
v -0.0659347 -0.0218135 0.0776558
v -0.0659689 -0.0218135 0.0776291
v -0.0660001 -0.0218135 0.077599
v -0.066028 -0.0218135 0.0775657
v -0.0660521 -0.0218135 0.0775296
v -0.0660722 -0.0218135 0.0774912
v -0.0660882 -0.0218135 0.0774509
v -0.0660997 -0.0218135 0.077409
v -0.0661067 -0.0218135 0.0773662
v -0.065758 -0.0218511 0.0776259
v -0.0657901 -0.0218511 0.0776182
v -0.0658211 -0.0218511 0.0776072
v -0.0658509 -0.0218511 0.0775929
v -0.0658789 -0.0218511 0.0775756
v -0.0659049 -0.0218511 0.0775553
v -0.0659286 -0.0218511 0.0775324
v -0.0659498 -0.0218511 0.0775071
v -0.0659681 -0.0218511 0.0774797
v -0.0659834 -0.0218511 0.0774505
v -0.0659955 -0.0218511 0.0774199
v -0.0660042 -0.0218511 0.0773881
v -0.0660096 -0.0218511 0.0773556
v -0.0657398 -0.0218781 0.0775264
v -0.0657614 -0.0218781 0.0775213
v -0.0657823 -0.0218781 0.0775139
v -0.0658023 -0.0218781 0.0775043
v -0.0658211 -0.0218781 0.0774926
v -0.0658386 -0.0218781 0.077479
v -0.0658546 -0.0218781 0.0774636
v -0.0658688 -0.0218781 0.0774465
v -0.0658811 -0.0218781 0.0774281
v -0.0658914 -0.0218781 0.0774084
v -0.0658996 -0.0218781 0.0773878
v -0.0659055 -0.0218781 0.0773664
v -0.0659091 -0.0218781 0.0773446
v -0.0657212 -0.0218945 0.0774247
v -0.0657321 -0.0218945 0.0774221
v -0.0657426 -0.0218945 0.0774184
v -0.0657526 -0.0218945 0.0774136
v -0.0657621 -0.0218945 0.0774077
v -0.0657709 -0.0218945 0.0774009
v -0.0657789 -0.0218945 0.0773931
v -0.0657861 -0.0218945 0.0773846
v -0.0657923 -0.0218945 0.0773753
v -0.0657974 -0.0218945 0.0773654
v -0.0658015 -0.0218945 0.077355
v -0.0658045 -0.0218945 0.0773443
v -0.0658063 -0.0218945 0.0773333
v -0.0763416 -0.0209 0.0576602
v -0.0744357 -0.0209 0.0593052
v -0.0727049 -0.0209 0.0611335
v -0.0711667 -0.0209 0.0631266
v -0.0698368 -0.0209 0.0652643
v -0.0687287 -0.0209 0.0675249
v -0.0678535 -0.0209 0.0698855
v -0.0672202 -0.0209 0.0723222
v -0.0668352 -0.0209 0.0748102
v -0.0757914 -0.0218945 0.0569537
v -0.0738172 -0.0218945 0.0586576
v -0.0720244 -0.0218945 0.0605514
v -0.0704312 -0.0218945 0.0626159
v -0.0690536 -0.0218945 0.0648302
v -0.0679058 -0.0218945 0.0671718
v -0.0669993 -0.0218945 0.0696169
v -0.0659445 -0.0218945 0.074718
v -0.0663433 -0.0218945 0.0721409
v -0.0758549 -0.0218781 0.0570353
v -0.0738886 -0.0218781 0.0587324
v -0.072103 -0.0218781 0.0606186
v -0.0705161 -0.0218781 0.0626749
v -0.0691441 -0.0218781 0.0648803
v -0.0680008 -0.0218781 0.0672125
v -0.0670979 -0.0218781 0.0696479
v -0.0664446 -0.0218781 0.0721618
v -0.0660473 -0.0218781 0.0747286
v -0.075917 -0.0218511 0.0571151
v -0.0739584 -0.0218511 0.0588055
v -0.0721798 -0.0218511 0.0606843
v -0.0705991 -0.0218511 0.0627325
v -0.0692325 -0.0218511 0.0649293
v -0.0680937 -0.0218511 0.0672524
v -0.0671944 -0.0218511 0.0696783
v -0.0665436 -0.0218511 0.0721823
v -0.0661479 -0.0218511 0.0747391
v -0.0759771 -0.0218135 0.0571922
v -0.0740259 -0.0218135 0.0588762
v -0.0722541 -0.0218135 0.0607478
v -0.0706794 -0.0218135 0.0627883
v -0.069318 -0.0218135 0.0649767
v -0.0681835 -0.0218135 0.067291
v -0.0672876 -0.0218135 0.0697076
v -0.0666393 -0.0218135 0.0722021
v -0.0662451 -0.0218135 0.0747491
v -0.0760344 -0.021766 0.0572658
v -0.0740904 -0.021766 0.0589436
v -0.0723249 -0.021766 0.0608085
v -0.070756 -0.021766 0.0628414
v -0.0693995 -0.021766 0.0650219
v -0.0682692 -0.021766 0.0673277
v -0.0673766 -0.021766 0.0697356
v -0.0667306 -0.021766 0.072221
v -0.0663379 -0.021766 0.0747587
v -0.0760883 -0.021709 0.057335
v -0.074151 -0.021709 0.0590071
v -0.0723916 -0.021709 0.0608655
v -0.0708281 -0.021709 0.0628915
v -0.0694763 -0.021709 0.0650645
v -0.0683499 -0.021709 0.0673624
v -0.0674603 -0.021709 0.0697619
v -0.0668166 -0.021709 0.0722387
v -0.0664252 -0.021709 0.0747678
v -0.0761383 -0.0216431 0.0573992
v -0.0742072 -0.0216431 0.0590659
v -0.0724534 -0.0216431 0.0609184
v -0.0708949 -0.0216431 0.0629379
v -0.0695474 -0.0216431 0.0651039
v -0.0684246 -0.0216431 0.0673944
v -0.0675379 -0.0216431 0.0697863
v -0.0668962 -0.0216431 0.0722552
v -0.0665061 -0.0216431 0.0747761
v -0.0761838 -0.0215691 0.0574576
v -0.0742583 -0.0215691 0.0591194
v -0.0725097 -0.0215691 0.0609665
v -0.0709557 -0.0215691 0.0629801
v -0.0696122 -0.0215691 0.0651398
v -0.0684927 -0.0215691 0.0674236
v -0.0676085 -0.0215691 0.0698085
v -0.0669687 -0.0215691 0.0722702
v -0.0665797 -0.0215691 0.0747838
v -0.0762243 -0.0214878 0.0575096
v -0.0743038 -0.0214878 0.0591671
v -0.0725597 -0.0214878 0.0610093
v -0.0710098 -0.0214878 0.0630177
v -0.0696698 -0.0214878 0.0651717
v -0.0685532 -0.0214878 0.0674496
v -0.0676713 -0.0214878 0.0698283
v -0.0670332 -0.0214878 0.0722835
v -0.0666453 -0.0214878 0.0747905
v -0.0762593 -0.0214 0.0575545
v -0.0743432 -0.0214 0.0592083
v -0.0726031 -0.0214 0.0610464
v -0.0710567 -0.0214 0.0630502
v -0.0697197 -0.0214 0.0651994
v -0.0686056 -0.0214 0.0674721
v -0.0677257 -0.0214 0.0698454
v -0.067089 -0.0214 0.0722951
v -0.066702 -0.0214 0.0747964
v -0.0762885 -0.0213067 0.057592
v -0.074376 -0.0213067 0.0592427
v -0.0726392 -0.0213067 0.0610773
v -0.0710957 -0.0213067 0.0630773
v -0.0697612 -0.0213067 0.0652224
v -0.0686492 -0.0213067 0.0674908
v -0.0677711 -0.0213067 0.0698596
v -0.0671356 -0.0213067 0.0723047
v -0.0667492 -0.0213067 0.0748013
v -0.0763115 -0.021209 0.0576216
v -0.0744019 -0.021209 0.0592698
v -0.0726677 -0.021209 0.0611017
v -0.0711265 -0.021209 0.0630987
v -0.069794 -0.021209 0.0652406
v -0.0686837 -0.021209 0.0675056
v -0.0678068 -0.021209 0.0698709
v -0.0671723 -0.021209 0.0723123
v -0.0667865 -0.021209 0.0748052
v -0.0763282 -0.0211079 0.057643
v -0.0744206 -0.0211079 0.0592894
v -0.0726883 -0.0211079 0.0611193
v -0.0711488 -0.0211079 0.0631141
v -0.0698177 -0.0211079 0.0652537
v -0.0687086 -0.0211079 0.0675163
v -0.0678327 -0.0211079 0.069879
v -0.0671988 -0.0211079 0.0723178
v -0.0668135 -0.0211079 0.074808
v -0.0763382 -0.0210045 0.0576559
v -0.0744319 -0.0210045 0.0593012
v -0.0727007 -0.0210045 0.0611299
v -0.0711622 -0.0210045 0.0631235
v -0.069832 -0.0210045 0.0652616
v -0.0687237 -0.0210045 0.0675228
v -0.0678483 -0.0210045 0.0698839
v -0.0672149 -0.0210045 0.0723211
v -0.0668298 -0.0210045 0.0748096
v -0.0763416 -0.0111 0.0576602
v -0.0784033 -0.0111 0.0562153
v -0.0744357 -0.0111 0.0593052
v -0.0727049 -0.0111 0.0611335
v -0.0711667 -0.0111 0.0631266
v -0.0698368 -0.0111 0.0652643
v -0.0687287 -0.0111 0.0675249
v -0.0678535 -0.0111 0.0698855
v -0.0672202 -0.0111 0.0723222
v -0.0668352 -0.0111 0.0748102
v -0.0667024 -0.0111 0.0773243
v -0.0784905 -0.0111 0.0561538
v -0.0785706 -0.0111 0.0560834
v -0.0786428 -0.0111 0.0560049
v -0.0787062 -0.0111 0.0559191
v -0.0787601 -0.0111 0.055827
v -0.0788038 -0.0111 0.0557297
v -0.078837 -0.0111 0.0556283
v -0.0788592 -0.0111 0.055524
v -0.0788701 -0.0111 0.0554179
v -0.0788697 -0.0111 0.0553112
v -0.0788579 -0.0111 0.0552052
v -0.0788349 -0.0111 0.055101
v -0.0788009 -0.0111 0.0549999
v -0.0779639 -0.0101055 0.0553199
v -0.0780554 -0.0101219 0.0552718
v -0.0781448 -0.0101489 0.0552247
v -0.0782313 -0.0101865 0.0551792
v -0.0783139 -0.010234 0.0551358
v -0.0783915 -0.010291 0.0550949
v -0.0784635 -0.0103569 0.055057
v -0.078529 -0.0104309 0.0550226
v -0.0785873 -0.0105122 0.0549919
v -0.0786378 -0.0106 0.0549654
v -0.0786799 -0.0106933 0.0549432
v -0.078713 -0.010791 0.0549258
v -0.078737 -0.0108921 0.0549132
v -0.0787515 -0.0109955 0.0549056
v -0.0772041 -0.0101055 0.0540341
v -0.0763212 -0.0101055 0.0528296
v -0.0753237 -0.0101055 0.0517182
v -0.0742214 -0.0101055 0.0507106
v -0.0772904 -0.0101219 0.0539772
v -0.0764015 -0.0101219 0.0527645
v -0.0753971 -0.0101219 0.0516454
v -0.0742873 -0.0101219 0.0506309
v -0.073025 -0.0101055 0.0498167
v -0.0773748 -0.0101489 0.0539215
v -0.0764799 -0.0101489 0.0527007
v -0.0754689 -0.0101489 0.0515742
v -0.0743517 -0.0101489 0.050553
v -0.0730827 -0.0101219 0.049731
v -0.0774564 -0.0101865 0.0538677
v -0.0765558 -0.0101865 0.0526391
v -0.0755384 -0.0101865 0.0515055
v -0.074414 -0.0101865 0.0504777
v -0.0731391 -0.0101489 0.0496471
v -0.0775342 -0.010234 0.0538164
v -0.0766282 -0.010234 0.0525804
v -0.0756046 -0.010234 0.0514398
v -0.0744734 -0.010234 0.0504059
v -0.0731936 -0.0101865 0.049566
v -0.0776075 -0.010291 0.053768
v -0.0766964 -0.010291 0.052525
v -0.075667 -0.010291 0.051378
v -0.0745294 -0.010291 0.0503382
v -0.0732457 -0.010234 0.0494886
v -0.0776754 -0.0103569 0.0537232
v -0.0767595 -0.0103569 0.0524738
v -0.0757247 -0.0103569 0.0513208
v -0.0745812 -0.0103569 0.0502755
v -0.0732947 -0.010291 0.0494158
v -0.0777372 -0.0104309 0.0536825
v -0.076817 -0.0104309 0.0524271
v -0.0757773 -0.0104309 0.0512687
v -0.0746284 -0.0104309 0.0502185
v -0.0733401 -0.0103569 0.0493483
v -0.0777922 -0.0105122 0.0536462
v -0.0768681 -0.0105122 0.0523856
v -0.0758241 -0.0105122 0.0512223
v -0.0746704 -0.0105122 0.0501677
v -0.0733814 -0.0104309 0.0492869
v -0.0778398 -0.0106 0.0536148
v -0.0769124 -0.0106 0.0523496
v -0.0758646 -0.0106 0.0511822
v -0.0747067 -0.0106 0.0501238
v -0.0734182 -0.0105122 0.0492322
v -0.0778794 -0.0106933 0.0535887
v -0.0769493 -0.0106933 0.0523197
v -0.0758984 -0.0106933 0.0511487
v -0.074737 -0.0106933 0.0500872
v -0.07345 -0.0106 0.0491849
v -0.0779108 -0.010791 0.053568
v -0.0769784 -0.010791 0.052296
v -0.075925 -0.010791 0.0511223
v -0.0747609 -0.010791 0.0500583
v -0.0734766 -0.0106933 0.0491455
v -0.0779334 -0.0108921 0.0535531
v -0.0769994 -0.0108921 0.052279
v -0.0759442 -0.0108921 0.0511033
v -0.0747782 -0.0108921 0.0500374
v -0.0734975 -0.010791 0.0491144
v -0.077947 -0.0109955 0.0535441
v -0.0770121 -0.0109955 0.0522686
v -0.0759559 -0.0109955 0.0510917
v -0.0747886 -0.0109955 0.0500248
v -0.0735126 -0.0108921 0.0490919
v -0.0735218 -0.0109955 0.0490783
v -0.0784004 -0.0109955 0.0562107
v -0.0783917 -0.0108921 0.0561968
v -0.0783773 -0.010791 0.0561739
v -0.0783573 -0.0106933 0.0561421
v -0.078332 -0.0106 0.0561019
v -0.0783017 -0.0105122 0.0560536
v -0.0782667 -0.0104309 0.0559978
v -0.0782273 -0.0103569 0.0559352
v -0.078184 -0.010291 0.0558663
v -0.0781373 -0.010234 0.0557919
v -0.0780877 -0.0101865 0.055713
v -0.0780357 -0.0101489 0.0556302
v -0.0779819 -0.0101219 0.0555446
v -0.0779269 -0.0101055 0.0554571
v -0.0787958 -0.0109955 0.0550019
v -0.0788296 -0.0109955 0.0551025
v -0.0788525 -0.0109955 0.0552061
v -0.0788642 -0.0109955 0.0553115
v -0.0788647 -0.0109955 0.0554176
v -0.0788538 -0.0109955 0.0555232
v -0.0788317 -0.0109955 0.0556269
v -0.0787987 -0.0109955 0.0557278
v -0.0787552 -0.0109955 0.0558245
v -0.0787016 -0.0109955 0.0559161
v -0.0786385 -0.0109955 0.0560014
v -0.0785668 -0.0109955 0.0560795
v -0.0784871 -0.0109955 0.0561495
v -0.0787806 -0.0108921 0.055008
v -0.0788138 -0.0108921 0.0551069
v -0.0788364 -0.0108921 0.0552088
v -0.0788479 -0.0108921 0.0553125
v -0.0788483 -0.0108921 0.0554168
v -0.0788376 -0.0108921 0.0555206
v -0.0788159 -0.0108921 0.0556227
v -0.0787835 -0.0108921 0.0557218
v -0.0787406 -0.0108921 0.055817
v -0.0786879 -0.0108921 0.055907
v -0.0786259 -0.0108921 0.055991
v -0.0785553 -0.0108921 0.0560678
v -0.0784769 -0.0108921 0.0561367
v -0.0787554 -0.010791 0.055018
v -0.0787877 -0.010791 0.0551141
v -0.0788096 -0.010791 0.0552132
v -0.0788208 -0.010791 0.055314
v -0.0788212 -0.010791 0.0554155
v -0.0788108 -0.010791 0.0555164
v -0.0787897 -0.010791 0.0556156
v -0.0787582 -0.010791 0.0557121
v -0.0787166 -0.010791 0.0558046
v -0.0786653 -0.010791 0.0558921
v -0.078605 -0.010791 0.0559737
v -0.0785364 -0.010791 0.0560484
v -0.0784602 -0.010791 0.0561154
v -0.0787206 -0.0106933 0.0550318
v -0.0787516 -0.0106933 0.0551242
v -0.0787726 -0.0106933 0.0552193
v -0.0787834 -0.0106933 0.0553162
v -0.0787838 -0.0106933 0.0554136
v -0.0787738 -0.0106933 0.0555106
v -0.0787535 -0.0106933 0.0556059
v -0.0787232 -0.0106933 0.0556985
v -0.0786832 -0.0106933 0.0557874
v -0.078634 -0.0106933 0.0558715
v -0.0785761 -0.0106933 0.0559499
v -0.0785102 -0.0106933 0.0560216
v -0.078437 -0.0106933 0.0560859
v -0.0786764 -0.0106 0.0550493
v -0.0787058 -0.0106 0.0551369
v -0.0787257 -0.0106 0.0552271
v -0.0787359 -0.0106 0.0553189
v -0.0787363 -0.0106 0.0554113
v -0.0787268 -0.0106 0.0555032
v -0.0787076 -0.0106 0.0555935
v -0.0786789 -0.0106 0.0556813
v -0.078641 -0.0106 0.0557656
v -0.0785943 -0.0106 0.0558453
v -0.0785394 -0.0106 0.0559196
v -0.0784769 -0.0106 0.0559876
v -0.0784075 -0.0106 0.0560486
v -0.0786234 -0.0105122 0.0550703
v -0.0786509 -0.0105122 0.0551521
v -0.0786695 -0.0105122 0.0552364
v -0.078679 -0.0105122 0.0553222
v -0.0786794 -0.0105122 0.0554085
v -0.0786705 -0.0105122 0.0554943
v -0.0786526 -0.0105122 0.0555787
v -0.0786257 -0.0105122 0.0556608
v -0.0785903 -0.0105122 0.0557395
v -0.0785467 -0.0105122 0.0558139
v -0.0784954 -0.0105122 0.0558833
v -0.0784371 -0.0105122 0.0559469
v -0.0783722 -0.0105122 0.0560039
v -0.0785622 -0.0104309 0.0550946
v -0.0785874 -0.0104309 0.0551698
v -0.0786045 -0.0104309 0.0552472
v -0.0786133 -0.0104309 0.0553259
v -0.0786136 -0.0104309 0.0554052
v -0.0786055 -0.0104309 0.0554841
v -0.078589 -0.0104309 0.0555616
v -0.0785643 -0.0104309 0.055637
v -0.0785318 -0.0104309 0.0557093
v -0.0784917 -0.0104309 0.0557777
v -0.0784446 -0.0104309 0.0558414
v -0.078391 -0.0104309 0.0558998
v -0.0783314 -0.0104309 0.0559521
v -0.0784934 -0.0103569 0.0551219
v -0.0785161 -0.0103569 0.0551896
v -0.0785315 -0.0103569 0.0552592
v -0.0785394 -0.0103569 0.0553302
v -0.0785397 -0.0103569 0.0554016
v -0.0785323 -0.0103569 0.0554726
v -0.0785175 -0.0103569 0.0555424
v -0.0784953 -0.0103569 0.0556102
v -0.078466 -0.0103569 0.0556753
v -0.0784299 -0.0103569 0.0557369
v -0.0783875 -0.0103569 0.0557943
v -0.0783392 -0.0103569 0.0558469
v -0.0782856 -0.0103569 0.055894
v -0.0784177 -0.010291 0.0551519
v -0.0784377 -0.010291 0.0552113
v -0.0784512 -0.010291 0.0552725
v -0.0784582 -0.010291 0.0553349
v -0.0784584 -0.010291 0.0553976
v -0.078452 -0.010291 0.0554599
v -0.0784389 -0.010291 0.0555213
v -0.0784195 -0.010291 0.0555808
v -0.0783937 -0.010291 0.055638
v -0.078362 -0.010291 0.0556921
v -0.0783248 -0.010291 0.0557426
v -0.0782824 -0.010291 0.0557887
v -0.0782353 -0.010291 0.0558301
v -0.0783361 -0.010234 0.0551842
v -0.0783531 -0.010234 0.0552348
v -0.0783646 -0.010234 0.0552869
v -0.0783705 -0.010234 0.0553399
v -0.0783707 -0.010234 0.0553932
v -0.0783653 -0.010234 0.0554463
v -0.0783542 -0.010234 0.0554985
v -0.0783376 -0.010234 0.0555491
v -0.0783157 -0.010234 0.0555978
v -0.0782888 -0.010234 0.0556438
v -0.0782571 -0.010234 0.0556867
v -0.078221 -0.010234 0.055726
v -0.0781809 -0.010234 0.0557612
v -0.0782494 -0.0101865 0.0552186
v -0.0782633 -0.0101865 0.0552597
v -0.0782726 -0.0101865 0.0553021
v -0.0782774 -0.0101865 0.0553452
v -0.0782776 -0.0101865 0.0553886
v -0.0782731 -0.0101865 0.0554318
v -0.0782641 -0.0101865 0.0554742
v -0.0782506 -0.0101865 0.0555155
v -0.0782328 -0.0101865 0.055555
v -0.0782109 -0.0101865 0.0555925
v -0.0781851 -0.0101865 0.0556274
v -0.0781558 -0.0101865 0.0556593
v -0.0781232 -0.0101865 0.055688
v -0.0781586 -0.0101489 0.0552546
v -0.0781691 -0.0101489 0.0552859
v -0.0781762 -0.0101489 0.0553181
v -0.0781799 -0.0101489 0.0553508
v -0.07818 -0.0101489 0.0553838
v -0.0781766 -0.0101489 0.0554166
v -0.0781698 -0.0101489 0.0554488
v -0.0781595 -0.0101489 0.0554802
v -0.078146 -0.0101489 0.0555102
v -0.0781293 -0.0101489 0.0555387
v -0.0781097 -0.0101489 0.0555652
v -0.0780874 -0.0101489 0.0555895
v -0.0780627 -0.0101489 0.0556112
v -0.0780646 -0.0101219 0.0552919
v -0.0780717 -0.0101219 0.0553129
v -0.0780765 -0.0101219 0.0553346
v -0.0780789 -0.0101219 0.0553566
v -0.078079 -0.0101219 0.0553788
v -0.0780767 -0.0101219 0.0554009
v -0.0780721 -0.0101219 0.0554226
v -0.0780652 -0.0101219 0.0554436
v -0.0780561 -0.0101219 0.0554639
v -0.0780449 -0.0101219 0.055483
v -0.0780317 -0.0101219 0.0555008
v -0.0780167 -0.0101219 0.0555172
v -0.0780001 -0.0101219 0.0555318
v -0.0779685 -0.0101055 0.05533
v -0.0779721 -0.0101055 0.0553406
v -0.0779745 -0.0101055 0.0553515
v -0.0779757 -0.0101055 0.0553626
v -0.0779757 -0.0101055 0.0553737
v -0.0779746 -0.0101055 0.0553848
v -0.0779723 -0.0101055 0.0553957
v -0.0779688 -0.0101055 0.0554063
v -0.0779642 -0.0101055 0.0554165
v -0.0779586 -0.0101055 0.0554261
v -0.077952 -0.0101055 0.0554351
v -0.0779444 -0.0101055 0.0554433
v -0.0779361 -0.0101055 0.0554506
v -0.0666969 -0.0109955 0.0773243
v -0.0666805 -0.0108921 0.0773243
v -0.0666535 -0.010791 0.0773242
v -0.0666159 -0.0106933 0.0773241
v -0.0665684 -0.0106 0.077324
v -0.0665114 -0.0105122 0.0773239
v -0.0664455 -0.0104309 0.0773237
v -0.0663715 -0.0103569 0.0773235
v -0.0662902 -0.010291 0.0773233
v -0.0662024 -0.010234 0.0773231
v -0.0661091 -0.0101865 0.0773229
v -0.0660114 -0.0101489 0.0773227
v -0.0659103 -0.0101219 0.0773224
v -0.0658069 -0.0101055 0.0773222
v -0.0763382 -0.0109955 0.0576559
v -0.0744319 -0.0109955 0.0593012
v -0.0727007 -0.0109955 0.0611299
v -0.0711622 -0.0109955 0.0631235
v -0.069832 -0.0109955 0.0652616
v -0.0687237 -0.0109955 0.0675228
v -0.0678483 -0.0109955 0.0698839
v -0.0672149 -0.0109955 0.0723211
v -0.0668298 -0.0109955 0.0748096
v -0.0763282 -0.0108921 0.057643
v -0.0744206 -0.0108921 0.0592894
v -0.0726883 -0.0108921 0.0611193
v -0.0711488 -0.0108921 0.0631141
v -0.0698177 -0.0108921 0.0652537
v -0.0687086 -0.0108921 0.0675163
v -0.0678327 -0.0108921 0.069879
v -0.0671988 -0.0108921 0.0723178
v -0.0668135 -0.0108921 0.074808
v -0.0763115 -0.010791 0.0576216
v -0.0744019 -0.010791 0.0592698
v -0.0726677 -0.010791 0.0611017
v -0.0711265 -0.010791 0.0630987
v -0.069794 -0.010791 0.0652406
v -0.0686837 -0.010791 0.0675056
v -0.0678068 -0.010791 0.0698709
v -0.0671723 -0.010791 0.0723123
v -0.0667865 -0.010791 0.0748052
v -0.0762885 -0.0106933 0.057592
v -0.074376 -0.0106933 0.0592427
v -0.0726392 -0.0106933 0.0610773
v -0.0710957 -0.0106933 0.0630773
v -0.0697612 -0.0106933 0.0652224
v -0.0686492 -0.0106933 0.0674908
v -0.0677711 -0.0106933 0.0698596
v -0.0671356 -0.0106933 0.0723047
v -0.0667492 -0.0106933 0.0748013
v -0.0762593 -0.0106 0.0575545
v -0.0743432 -0.0106 0.0592083
v -0.0726031 -0.0106 0.0610464
v -0.0710567 -0.0106 0.0630502
v -0.0697197 -0.0106 0.0651994
v -0.0686056 -0.0106 0.0674721
v -0.0677257 -0.0106 0.0698454
v -0.067089 -0.0106 0.0722951
v -0.066702 -0.0106 0.0747964
v -0.0762243 -0.0105122 0.0575096
v -0.0743038 -0.0105122 0.0591671
v -0.0725597 -0.0105122 0.0610093
v -0.0710098 -0.0105122 0.0630177
v -0.0696698 -0.0105122 0.0651717
v -0.0685532 -0.0105122 0.0674496
v -0.0676713 -0.0105122 0.0698283
v -0.0670332 -0.0105122 0.0722835
v -0.0666453 -0.0105122 0.0747905
v -0.0761838 -0.0104309 0.0574576
v -0.0742583 -0.0104309 0.0591194
v -0.0725097 -0.0104309 0.0609665
v -0.0709557 -0.0104309 0.0629801
v -0.0696122 -0.0104309 0.0651398
v -0.0684927 -0.0104309 0.0674236
v -0.0676085 -0.0104309 0.0698085
v -0.0669687 -0.0104309 0.0722702
v -0.0665797 -0.0104309 0.0747838
v -0.0761383 -0.0103569 0.0573992
v -0.0742072 -0.0103569 0.0590659
v -0.0724534 -0.0103569 0.0609184
v -0.0708949 -0.0103569 0.0629379
v -0.0695474 -0.0103569 0.0651039
v -0.0684246 -0.0103569 0.0673944
v -0.0675379 -0.0103569 0.0697863
v -0.0668962 -0.0103569 0.0722552
v -0.0665061 -0.0103569 0.0747761
v -0.0760883 -0.010291 0.057335
v -0.074151 -0.010291 0.0590071
v -0.0723916 -0.010291 0.0608655
v -0.0708281 -0.010291 0.0628915
v -0.0694763 -0.010291 0.0650645
v -0.0683499 -0.010291 0.0673624
v -0.0674603 -0.010291 0.0697619
v -0.0668166 -0.010291 0.0722387
v -0.0664252 -0.010291 0.0747678
v -0.0760344 -0.010234 0.0572658
v -0.0740904 -0.010234 0.0589436
v -0.0723249 -0.010234 0.0608085
v -0.070756 -0.010234 0.0628414
v -0.0693995 -0.010234 0.0650219
v -0.0682692 -0.010234 0.0673277
v -0.0673766 -0.010234 0.0697356
v -0.0667306 -0.010234 0.072221
v -0.0663379 -0.010234 0.0747587
v -0.0759771 -0.0101865 0.0571922
v -0.0740259 -0.0101865 0.0588762
v -0.0722541 -0.0101865 0.0607478
v -0.0706794 -0.0101865 0.0627883
v -0.069318 -0.0101865 0.0649767
v -0.0681835 -0.0101865 0.067291
v -0.0672876 -0.0101865 0.0697076
v -0.0666393 -0.0101865 0.0722021
v -0.0662451 -0.0101865 0.0747491
v -0.075917 -0.0101489 0.0571151
v -0.0739584 -0.0101489 0.0588055
v -0.0721798 -0.0101489 0.0606843
v -0.0705991 -0.0101489 0.0627325
v -0.0692325 -0.0101489 0.0649293
v -0.0680937 -0.0101489 0.0672524
v -0.0671944 -0.0101489 0.0696783
v -0.0665436 -0.0101489 0.0721823
v -0.0661479 -0.0101489 0.0747391
v -0.0758549 -0.0101219 0.0570353
v -0.0738886 -0.0101219 0.0587324
v -0.072103 -0.0101219 0.0606186
v -0.0705161 -0.0101219 0.0626749
v -0.0691441 -0.0101219 0.0648803
v -0.0680008 -0.0101219 0.0672125
v -0.0670979 -0.0101219 0.0696479
v -0.0664446 -0.0101219 0.0721618
v -0.0660473 -0.0101219 0.0747286
v -0.0757914 -0.0101055 0.0569537
v -0.0738172 -0.0101055 0.0586576
v -0.0720244 -0.0101055 0.0605514
v -0.0704312 -0.0101055 0.0626159
v -0.0690536 -0.0101055 0.0648302
v -0.0679058 -0.0101055 0.0671718
v -0.0669993 -0.0101055 0.0696169
v -0.0663433 -0.0101055 0.0721409
v -0.0659445 -0.0101055 0.074718
v -0.0658824 -0.0111 0.0783056
v -0.0659861 -0.0111 0.0782808
v -0.0660867 -0.0111 0.0782451
v -0.0661828 -0.0111 0.0781989
v -0.0662735 -0.0111 0.0781428
v -0.0663577 -0.0111 0.0780773
v -0.0664344 -0.0111 0.0780032
v -0.0665028 -0.0111 0.0779213
v -0.0665621 -0.0111 0.0778326
v -0.0666117 -0.0111 0.0777381
v -0.0666508 -0.0111 0.0776389
v -0.0666792 -0.0111 0.0775361
v -0.0666965 -0.0111 0.0774308
v -0.0657762 -0.0109955 0.0783137
v -0.065775 -0.0108921 0.0782974
v -0.0657729 -0.010791 0.0782703
v -0.0657702 -0.0106933 0.0782329
v -0.0657666 -0.0106 0.0781855
v -0.0657624 -0.0105122 0.0781287
v -0.0657575 -0.0104309 0.078063
v -0.065752 -0.0103569 0.0779892
v -0.065746 -0.010291 0.0779081
v -0.0657395 -0.010234 0.0778205
v -0.0657326 -0.0101865 0.0777275
v -0.0657253 -0.0101489 0.0776301
v -0.0657178 -0.0101219 0.0775292
v -0.0657102 -0.0101055 0.0774261
v -0.066691 -0.0109955 0.0774302
v -0.0666738 -0.0109955 0.0775349
v -0.0666456 -0.0109955 0.0776372
v -0.0666067 -0.0109955 0.0777359
v -0.0665574 -0.0109955 0.0778298
v -0.0664985 -0.0109955 0.077918
v -0.0664304 -0.0109955 0.0779994
v -0.0663541 -0.0109955 0.0780731
v -0.0662704 -0.0109955 0.0781383
v -0.0661802 -0.0109955 0.0781941
v -0.0660846 -0.0109955 0.0782401
v -0.0659846 -0.0109955 0.0782756
v -0.0658814 -0.0109955 0.0783002
v -0.0666747 -0.0108921 0.0774284
v -0.0666578 -0.0108921 0.0775314
v -0.0666301 -0.0108921 0.077632
v -0.0665918 -0.0108921 0.0777291
v -0.0665434 -0.0108921 0.0778215
v -0.0664854 -0.0108921 0.0779082
v -0.0664184 -0.0108921 0.0779883
v -0.0663434 -0.0108921 0.0780608
v -0.066261 -0.0108921 0.0781248
v -0.0661723 -0.0108921 0.0781798
v -0.0660783 -0.0108921 0.078225
v -0.0659799 -0.0108921 0.0782599
v -0.0658785 -0.0108921 0.0782841
v -0.0666478 -0.010791 0.0774255
v -0.0666314 -0.010791 0.0775256
v -0.0666044 -0.010791 0.0776234
v -0.0665672 -0.010791 0.0777178
v -0.0665201 -0.010791 0.0778076
v -0.0664637 -0.010791 0.077892
v -0.0663986 -0.010791 0.0779698
v -0.0663256 -0.010791 0.0780403
v -0.0662456 -0.010791 0.0781026
v -0.0661593 -0.010791 0.078156
v -0.0660679 -0.010791 0.0781999
v -0.0659723 -0.010791 0.0782339
v -0.0658736 -0.010791 0.0782574
v -0.0666105 -0.0106933 0.0774214
v -0.0665947 -0.0106933 0.0775176
v -0.0665688 -0.0106933 0.0776115
v -0.066533 -0.0106933 0.0777022
v -0.0664878 -0.0106933 0.0777885
v -0.0664336 -0.0106933 0.0778695
v -0.0663712 -0.0106933 0.0779443
v -0.0663011 -0.0106933 0.078012
v -0.0662241 -0.0106933 0.0780718
v -0.0661413 -0.0106933 0.0781231
v -0.0660535 -0.0106933 0.0781653
v -0.0659616 -0.0106933 0.0781979
v -0.0658668 -0.0106933 0.0782205
v -0.0665633 -0.0106 0.0774162
v -0.0665483 -0.0106 0.0775074
v -0.0665238 -0.0106 0.0775965
v -0.0664898 -0.0106 0.0776824
v -0.066447 -0.0106 0.0777642
v -0.0663956 -0.0106 0.077841
v -0.0663364 -0.0106 0.0779119
v -0.0662699 -0.0106 0.0779761
v -0.066197 -0.0106 0.0780328
v -0.0661185 -0.0106 0.0780814
v -0.0660352 -0.0106 0.0781214
v -0.0659481 -0.0106 0.0781523
v -0.0658583 -0.0106 0.0781738
v -0.0665066 -0.0105122 0.07741
v -0.0664926 -0.0105122 0.0774952
v -0.0664697 -0.0105122 0.0775784
v -0.066438 -0.0105122 0.0776587
v -0.0663979 -0.0105122 0.0777351
v -0.06635 -0.0105122 0.0778068
v -0.0662946 -0.0105122 0.0778731
v -0.0662326 -0.0105122 0.077933
v -0.0661644 -0.0105122 0.077986
v -0.0660911 -0.0105122 0.0780314
v -0.0660133 -0.0105122 0.0780688
v -0.065932 -0.0105122 0.0780977
v -0.065848 -0.0105122 0.0781177
v -0.0664411 -0.0104309 0.0774028
v -0.0664283 -0.0104309 0.0774811
v -0.0664072 -0.0104309 0.0775575
v -0.0663781 -0.0104309 0.0776312
v -0.0663413 -0.0104309 0.0777015
v -0.0662972 -0.0104309 0.0777674
v -0.0662464 -0.0104309 0.0778282
v -0.0661894 -0.0104309 0.0778833
v -0.0661268 -0.0104309 0.0779319
v -0.0660594 -0.0104309 0.0779737
v -0.065988 -0.0104309 0.078008
v -0.0659133 -0.0104309 0.0780345
v -0.0658362 -0.0104309 0.0780529
v -0.0663675 -0.0103569 0.0773948
v -0.066356 -0.0103569 0.0774652
v -0.066337 -0.0103569 0.077534
v -0.0663108 -0.0103569 0.0776004
v -0.0662777 -0.0103569 0.0776637
v -0.066238 -0.0103569 0.077723
v -0.0661922 -0.0103569 0.0777778
v -0.0661409 -0.0103569 0.0778273
v -0.0660846 -0.0103569 0.0778712
v -0.0660239 -0.0103569 0.0779088
v -0.0659595 -0.0103569 0.0779397
v -0.0658923 -0.0103569 0.0779635
v -0.0658228 -0.0103569 0.0779801
v -0.0662867 -0.010291 0.0773859
v -0.0662765 -0.010291 0.0774478
v -0.0662599 -0.010291 0.0775082
v -0.0662368 -0.010291 0.0775666
v -0.0662077 -0.010291 0.0776221
v -0.0661729 -0.010291 0.0776742
v -0.0661327 -0.010291 0.0777223
v -0.0660876 -0.010291 0.0777659
v -0.0660381 -0.010291 0.0778044
v -0.0659848 -0.010291 0.0778374
v -0.0659283 -0.010291 0.0778646
v -0.0658692 -0.010291 0.0778855
v -0.0658082 -0.010291 0.0779001
v -0.0661994 -0.010234 0.0773764
v -0.0661908 -0.010234 0.077429
v -0.0661766 -0.010234 0.0774804
v -0.066157 -0.010234 0.07753
v -0.0661323 -0.010234 0.0775773
v -0.0661026 -0.010234 0.0776216
v -0.0660684 -0.010234 0.0776625
v -0.0660301 -0.010234 0.0776996
v -0.065988 -0.010234 0.0777323
v -0.0659426 -0.010234 0.0777604
v -0.0658945 -0.010234 0.0777835
v -0.0658443 -0.010234 0.0778014
v -0.0657924 -0.010234 0.0778137
v -0.0661067 -0.0101865 0.0773662
v -0.0660997 -0.0101865 0.077409
v -0.0660882 -0.0101865 0.0774509
v -0.0660722 -0.0101865 0.0774912
v -0.0660521 -0.0101865 0.0775296
v -0.066028 -0.0101865 0.0775657
v -0.0660001 -0.0101865 0.077599
v -0.0659689 -0.0101865 0.0776291
v -0.0659347 -0.0101865 0.0776558
v -0.0658978 -0.0101865 0.0776786
v -0.0658587 -0.0101865 0.0776974
v -0.0658178 -0.0101865 0.0777119
v -0.0657756 -0.0101865 0.077722
v -0.0660096 -0.0101489 0.0773556
v -0.0660042 -0.0101489 0.0773881
v -0.0659955 -0.0101489 0.0774199
v -0.0659834 -0.0101489 0.0774505
v -0.0659681 -0.0101489 0.0774797
v -0.0659498 -0.0101489 0.0775071
v -0.0659286 -0.0101489 0.0775324
v -0.0659049 -0.0101489 0.0775553
v -0.0658789 -0.0101489 0.0775756
v -0.0658509 -0.0101489 0.0775929
v -0.0658211 -0.0101489 0.0776072
v -0.0657901 -0.0101489 0.0776182
v -0.065758 -0.0101489 0.0776259
v -0.0659091 -0.0101219 0.0773446
v -0.0659055 -0.0101219 0.0773664
v -0.0658996 -0.0101219 0.0773878
v -0.0658914 -0.0101219 0.0774084
v -0.0658811 -0.0101219 0.0774281
v -0.0658688 -0.0101219 0.0774465
v -0.0658546 -0.0101219 0.0774636
v -0.0658386 -0.0101219 0.077479
v -0.0658211 -0.0101219 0.0774926
v -0.0658023 -0.0101219 0.0775043
v -0.0657823 -0.0101219 0.0775139
v -0.0657614 -0.0101219 0.0775213
v -0.0657398 -0.0101219 0.0775264
v -0.0658063 -0.0101055 0.0773333
v -0.0658045 -0.0101055 0.0773443
v -0.0658015 -0.0101055 0.077355
v -0.0657974 -0.0101055 0.0773654
v -0.0657923 -0.0101055 0.0773753
v -0.0657861 -0.0101055 0.0773846
v -0.0657789 -0.0101055 0.0773931
v -0.0657709 -0.0101055 0.0774009
v -0.0657621 -0.0101055 0.0774077
v -0.0657526 -0.0101055 0.0774136
v -0.0657426 -0.0101055 0.0774184
v -0.0657321 -0.0101055 0.0774221
v -0.0657212 -0.0101055 0.0774247
v -0.073 0.0117679 0.0261045
v -0.073 0.0117624 0.026
v -0.073 0.0102376 0.026
v -0.073 0.0102321 0.0258955
v -0.073 0.0117679 0.0258955
v -0.073 0.0102321 0.0261045
v -0.073 0.0117842 0.0257921
v -0.073 0.0102158 0.0257921
v -0.073 0.0102158 0.0262079
v -0.073 0.0117842 0.0262079
v -0.073 0.0101511 0.0255933
v -0.073 0.0101887 0.025691
v -0.073 -0.0117679 0.0261045
v -0.073 -0.0102321 0.0261045
v -0.073 -0.0102376 0.026
v -0.073 -0.0102321 0.0258955
v -0.073 -0.0117679 0.0258955
v -0.073 -0.0117624 0.026
v -0.073 0.0118489 0.0264067
v -0.073 0.0118113 0.026309
v -0.073 -0.0117842 0.0257921
v -0.073 0.0118964 0.0255
v -0.073 0.00548483 0.0175
v -0.073 0.0101036 0.0255
v -0.073 0.0101036 0.0265
v -0.073 0.0165152 0.0345
v -0.073 0.0118964 0.0265
v -0.073 -0.0117842 0.0262079
v -0.073 -0.0102158 0.0262079
v -0.073 -0.0118964 0.0255
v -0.073 -0.0118489 0.0255933
v -0.073 -0.0101036 0.0255
v -0.073 0.0118489 0.0255933
v -0.073 0.0101511 0.0264067
v -0.073 0.0101887 0.026309
v -0.073 -0.0102158 0.0257921
v -0.073 -0.0101887 0.025691
v -0.073 -0.00548483 0.0175
v -0.073 -0.0165152 0.0175
v -0.073 0.0165152 0.0175
v -0.073 0.00548483 0.0345
v -0.073 0.0165722 0.0345878
v -0.073 -0.0165152 0.0345
v -0.073 -0.00542782 0.0345878
v -0.073 -0.00548483 0.0345
v -0.073 -0.0118964 0.0265
v -0.073 -0.0101036 0.0265
v -0.073 0.0165722 0.0174122
v -0.073 0.00542782 0.0174122
v -0.073 0.0166381 0.0346691
v -0.073 -0.0118489 0.0264067
v -0.073 -0.0101511 0.0255933
v -0.073 -0.0101511 0.0264067
v -0.073 -0.0101887 0.026309
v -0.073 -0.00542782 0.0174122
v -0.073 -0.0165722 0.0174122
v -0.073 0.00536195 0.0173309
v -0.073 0.0118113 0.025691
v -0.073 -0.00536195 0.0346691
v -0.073 -0.0118113 0.026309
v -0.073 -0.0166381 0.0173309
v -0.073 0.0172767 0.0170055
v -0.073 0.0173812 0.017
v -0.073 0.0168812 0.034866
v -0.073 0.0167934 0.034809
v -0.073 -0.0046188 0.017
v -0.073 0.0046188 0.017
v -0.073 -0.0118113 0.025691
v -0.073 -0.0266188 0.017
v -0.073 -0.0173812 0.017
v -0.073 -0.0321511 0.0255933
v -0.073 -0.0321036 0.0255
v -0.073 0.0321511 0.0264067
v -0.073 0.0321036 0.0265
v -0.073 0.0266188 0.017
v -0.073 0.0267233 0.0170055
v -0.073 0.0171733 0.0170219
v -0.073 0.0051188 0.017134
v -0.073 0.0170722 0.0170489
v -0.073 0.0168812 0.017134
v -0.073 0.0169745 0.0170865
v -0.073 0.0167121 0.0172569
v -0.073 0.0167934 0.017191
v -0.073 0.0167121 0.0347431
v -0.073 0.00492782 0.0170489
v -0.073 0.00502554 0.0170865
v -0.073 -0.00472333 0.0170055
v -0.073 -0.00536195 0.0173309
v -0.073 -0.0168812 0.017134
v -0.073 -0.0167934 0.017191
v -0.073 -0.0267233 0.0170055
v -0.073 -0.0274848 0.0175
v -0.073 -0.0322376 0.026
v -0.073 -0.0274848 0.0345
v -0.073 -0.0321036 0.0265
v -0.073 0.0274848 0.0345
v -0.073 0.0322158 0.0257921
v -0.073 0.0322321 0.0258955
v -0.073 0.0274848 0.0175
v -0.073 0.0321036 0.0255
v -0.073 0.0269278 0.0170489
v -0.073 0.0270255 0.0170865
v -0.073 0.0166381 0.0173309
v -0.073 0.00520659 0.017191
v -0.073 -0.00482671 0.0170219
v -0.073 -0.0051188 0.017134
v -0.073 -0.00502554 0.0170865
v -0.073 -0.00528793 0.0172569
v -0.073 -0.00520659 0.017191
v -0.073 -0.0167121 0.0172569
v -0.073 -0.0170722 0.0170489
v -0.073 -0.0169745 0.0170865
v -0.073 -0.0171733 0.0170219
v -0.073 -0.0268267 0.0170219
v -0.073 -0.0274278 0.0174122
v -0.073 -0.0322158 0.0257921
v -0.073 -0.0321887 0.025691
v -0.073 -0.0322321 0.0258955
v -0.073 -0.0322158 0.0262079
v -0.073 -0.0322321 0.0261045
v -0.073 -0.0274278 0.0345878
v -0.073 0.0274278 0.0345878
v -0.073 0.0322158 0.0262079
v -0.073 0.0321887 0.026309
v -0.073 0.0322376 0.026
v -0.073 0.0322321 0.0261045
v -0.073 0.0274278 0.0174122
v -0.073 0.0268267 0.0170219
v -0.073 0.00528793 0.0172569
v -0.073 0.00482671 0.0170219
v -0.073 0.00472333 0.0170055
v -0.073 -0.0051188 0.034866
v -0.073 -0.00520659 0.034809
v -0.073 -0.0172767 0.0170055
v -0.073 -0.0271188 0.017134
v -0.073 -0.0270255 0.0170865
v -0.073 -0.0321511 0.0264067
v -0.073 -0.0321887 0.026309
v -0.073 -0.0273619 0.0346691
v -0.073 0.0321511 0.0255933
v -0.073 0.0321887 0.025691
v -0.073 0.0273619 0.0173309
v -0.073 -0.00492782 0.0170489
v -0.073 -0.00528793 0.0347431
v -0.073 -0.0269278 0.0170489
v -0.073 -0.0271188 0.034866
v -0.073 -0.0272066 0.034809
v -0.073 0.0272879 0.0347431
v -0.073 0.0272066 0.034809
v -0.073 -0.0272879 0.0172569
v -0.073 -0.0272066 0.017191
v -0.073 -0.0272879 0.0347431
v -0.073 0.00542782 0.0345878
v -0.073 0.0171733 0.0349781
v -0.073 0.0170722 0.0349511
v -0.073 0.0271188 0.034866
v -0.073 0.0270255 0.0349135
v -0.073 0.0273619 0.0346691
v -0.073 0.0271188 0.017134
v -0.073 0.0272066 0.017191
v -0.073 -0.0273619 0.0173309
v -0.073 -0.0269278 0.0349511
v -0.073 -0.0270255 0.0349135
v -0.073 -0.0173812 0.035
v -0.073 -0.0266188 0.035
v -0.073 0.0051188 0.034866
v -0.073 0.00502554 0.0349135
v -0.073 0.0169745 0.0349135
v -0.073 0.00536195 0.0346691
v -0.073 0.0172767 0.0349945
v -0.073 0.0266188 0.035
v -0.073 0.0173812 0.035
v -0.073 -0.0165722 0.0345878
v -0.073 -0.00482671 0.0349781
v -0.073 -0.00492782 0.0349511
v -0.073 -0.0046188 0.035
v -0.073 -0.00472333 0.0349945
v -0.073 0.0268267 0.0349781
v -0.073 0.0267233 0.0349945
v -0.073 0.0269278 0.0349511
v -0.073 0.0272879 0.0172569
v -0.073 -0.0268267 0.0349781
v -0.073 -0.0267233 0.0349945
v -0.073 0.00492782 0.0349511
v -0.073 0.00528793 0.0347431
v -0.073 -0.00502554 0.0349135
v -0.073 0.0046188 0.035
v -0.073 0.00482671 0.0349781
v -0.073 0.00520659 0.034809
v -0.073 -0.0170722 0.0349511
v -0.073 -0.0171733 0.0349781
v -0.073 -0.0168812 0.034866
v -0.073 -0.0169745 0.0349135
v -0.073 -0.0167121 0.0347431
v -0.073 -0.0167934 0.034809
v -0.073 -0.0166381 0.0346691
v -0.073 0.00472333 0.0349945
v -0.073 -0.0172767 0.0349945
v -0.076 -0.0274848 0.0345
v -0.076 -0.0321036 0.0265
v -0.076 -0.0266188 0.035
v -0.076 -0.0173812 0.035
v -0.076 -0.0118964 0.0265
v -0.076 -0.0165152 0.0345
v -0.076 -0.0118964 0.0255
v -0.076 -0.0165152 0.0175
v -0.076 -0.0266188 0.017
v -0.076 -0.0173812 0.017
v -0.076 -0.0321036 0.0255
v -0.076 -0.0274848 0.0175
v -0.076 -0.0172767 0.0170055
v -0.076 -0.0171733 0.0170219
v -0.076 -0.0170722 0.0170489
v -0.076 -0.0169745 0.0170865
v -0.076 -0.0168812 0.017134
v -0.076 -0.0167934 0.017191
v -0.076 -0.0167121 0.0172569
v -0.076 -0.0166381 0.0173309
v -0.076 -0.0165722 0.0174122
v -0.076 -0.0118489 0.0255933
v -0.076 -0.0118113 0.025691
v -0.076 -0.0117842 0.0257921
v -0.076 -0.0117679 0.0258955
v -0.076 -0.0117624 0.026
v -0.076 -0.0117679 0.0261045
v -0.076 -0.0117842 0.0262079
v -0.076 -0.0118113 0.026309
v -0.076 -0.0118489 0.0264067
v -0.076 -0.0165722 0.0345878
v -0.076 -0.0166381 0.0346691
v -0.076 -0.0167121 0.0347431
v -0.076 -0.0167934 0.034809
v -0.076 -0.0168812 0.034866
v -0.076 -0.0169745 0.0349135
v -0.076 -0.0170722 0.0349511
v -0.076 -0.0171733 0.0349781
v -0.076 -0.0172767 0.0349945
v -0.076 -0.0274278 0.0174122
v -0.076 -0.0273619 0.0173309
v -0.076 -0.0272879 0.0172569
v -0.076 -0.0272066 0.017191
v -0.076 -0.0271188 0.017134
v -0.076 -0.0270255 0.0170865
v -0.076 -0.0269278 0.0170489
v -0.076 -0.0268267 0.0170219
v -0.076 -0.0267233 0.0170055
v -0.076 -0.0321511 0.0264067
v -0.076 -0.0321887 0.026309
v -0.076 -0.0322158 0.0262079
v -0.076 -0.0322321 0.0261045
v -0.076 -0.0322376 0.026
v -0.076 -0.0322321 0.0258955
v -0.076 -0.0322158 0.0257921
v -0.076 -0.0321887 0.025691
v -0.076 -0.0321511 0.0255933
v -0.076 -0.0267233 0.0349945
v -0.076 -0.0268267 0.0349781
v -0.076 -0.0269278 0.0349511
v -0.076 -0.0270255 0.0349135
v -0.076 -0.0271188 0.034866
v -0.076 -0.0272066 0.034809
v -0.076 -0.0272879 0.0347431
v -0.076 -0.0273619 0.0346691
v -0.076 -0.0274278 0.0345878
v -0.076 -0.0150103 0.025621
v -0.076 -0.0150103 0.026379
v -0.076 -0.0289897 0.025621
v -0.076 -0.0150922 0.0271325
v -0.076 -0.0183911 0.020002
v -0.076 -0.0183911 0.031998
v -0.076 -0.0158154 0.0292789
v -0.076 -0.0152552 0.0241273
v -0.076 -0.0150922 0.0248675
v -0.076 -0.0177638 0.0204273
v -0.076 -0.0162062 0.0299283
v -0.076 -0.0152552 0.0278727
v -0.076 -0.0154972 0.028591
v -0.076 -0.0162062 0.0220717
v -0.076 -0.0158154 0.0227211
v -0.076 -0.0171861 0.031082
v -0.076 -0.0177638 0.0315727
v -0.076 -0.0166649 0.0305317
v -0.076 -0.0154972 0.023409
v -0.076 -0.0166649 0.0214683
v -0.076 -0.0256089 0.020002
v -0.076 -0.0249392 0.019647
v -0.076 -0.0281846 0.0227211
v -0.076 -0.0190608 0.032353
v -0.076 -0.0171861 0.020918
v -0.076 -0.0197649 0.0193664
v -0.076 -0.0190608 0.019647
v -0.076 -0.022 0.019
v -0.076 -0.0285028 0.023409
v -0.076 -0.0289078 0.0248675
v -0.076 -0.0256089 0.031998
v -0.076 -0.0197649 0.0326336
v -0.076 -0.0204952 0.0191637
v -0.076 -0.0212432 0.019041
v -0.076 -0.0273351 0.0214683
v -0.076 -0.0268139 0.020918
v -0.076 -0.0287448 0.0241273
v -0.076 -0.0289897 0.026379
v -0.076 -0.0287448 0.0278727
v -0.076 -0.0289078 0.0271325
v -0.076 -0.0277938 0.0299283
v -0.076 -0.0281846 0.0292789
v -0.076 -0.0262362 0.0315727
v -0.076 -0.0268139 0.031082
v -0.076 -0.0235048 0.0191637
v -0.076 -0.0227568 0.019041
v -0.076 -0.0242351 0.0193664
v -0.076 -0.0262362 0.0204273
v -0.076 -0.0277938 0.0220717
v -0.076 -0.0273351 0.0305317
v -0.076 -0.0285028 0.028591
v -0.076 -0.0204952 0.0328363
v -0.076 -0.0212432 0.032959
v -0.076 -0.0249392 0.032353
v -0.076 -0.0235048 0.0328363
v -0.076 -0.0242351 0.0326336
v -0.076 -0.022 0.033
v -0.076 -0.0227568 0.032959
v -0.076 -0.00548483 0.0345
v -0.076 -0.0101036 0.0265
v -0.076 -0.0046188 0.035
v -0.076 0.0046188 0.035
v -0.076 0.00548483 0.0345
v -0.076 0.0101036 0.0265
v -0.076 0.0101036 0.0255
v -0.076 0.00548483 0.0175
v -0.076 0.0046188 0.017
v -0.076 -0.0046188 0.017
v -0.076 -0.00548483 0.0175
v -0.076 -0.0101036 0.0255
v -0.076 -0.0101511 0.0264067
v -0.076 -0.0101887 0.026309
v -0.076 -0.0102158 0.0262079
v -0.076 -0.0102321 0.0261045
v -0.076 -0.0102376 0.026
v -0.076 -0.0102321 0.0258955
v -0.076 -0.0102158 0.0257921
v -0.076 -0.0101887 0.025691
v -0.076 -0.0101511 0.0255933
v -0.076 -0.00542782 0.0174122
v -0.076 -0.00536195 0.0173309
v -0.076 -0.00528793 0.0172569
v -0.076 -0.00520659 0.017191
v -0.076 -0.0051188 0.017134
v -0.076 -0.00502554 0.0170865
v -0.076 -0.00492782 0.0170489
v -0.076 -0.00482671 0.0170219
v -0.076 -0.00472333 0.0170055
v -0.076 0.00472333 0.0170055
v -0.076 0.00482671 0.0170219
v -0.076 0.00492782 0.0170489
v -0.076 0.00502554 0.0170865
v -0.076 0.0051188 0.017134
v -0.076 0.00520659 0.017191
v -0.076 0.00528793 0.0172569
v -0.076 0.00536195 0.0173309
v -0.076 0.00542782 0.0174122
v -0.076 0.0101511 0.0255933
v -0.076 0.0101887 0.025691
v -0.076 0.0102158 0.0257921
v -0.076 0.0102321 0.0258955
v -0.076 0.0102376 0.026
v -0.076 0.0102321 0.0261045
v -0.076 0.0102158 0.0262079
v -0.076 0.0101887 0.026309
v -0.076 0.0101511 0.0264067
v -0.076 0.00542782 0.0345878
v -0.076 0.00536195 0.0346691
v -0.076 0.00528793 0.0347431
v -0.076 0.00520659 0.034809
v -0.076 0.0051188 0.034866
v -0.076 0.00502554 0.0349135
v -0.076 0.00492782 0.0349511
v -0.076 0.00482671 0.0349781
v -0.076 0.00472333 0.0349945
v -0.076 -0.00472333 0.0349945
v -0.076 -0.00482671 0.0349781
v -0.076 -0.00492782 0.0349511
v -0.076 -0.00502554 0.0349135
v -0.076 -0.0051188 0.034866
v -0.076 -0.00520659 0.034809
v -0.076 -0.00528793 0.0347431
v -0.076 -0.00536195 0.0346691
v -0.076 -0.00542782 0.0345878
v -0.076 0.00698973 0.026379
v -0.076 0.00698973 0.025621
v -0.076 -0.00698973 0.026379
v -0.076 0.00690779 0.0271325
v -0.076 0.00674485 0.0278727
v -0.076 0.00690779 0.0248675
v -0.076 -0.00698973 0.025621
v -0.076 0.00618458 0.0292789
v -0.076 0.00674485 0.0241273
v -0.076 0.00579382 0.0220717
v -0.076 0.00618458 0.0227211
v -0.076 0.00360888 0.020002
v -0.076 0.00650284 0.028591
v -0.076 0.00650284 0.023409
v -0.076 0.00423622 0.0204273
v -0.076 -0.00360888 0.020002
v -0.076 0.00533513 0.0214683
v -0.076 -0.00293922 0.019647
v -0.076 -0.00690779 0.0248675
v -0.076 -0.00690779 0.0271325
v -0.076 0.00360888 0.031998
v -0.076 -0.00618458 0.0227211
v -0.076 -0.00674485 0.0241273
v -0.076 -0.00650284 0.023409
v -0.076 -0.00650284 0.028591
v -0.076 -0.00674485 0.0278727
v -0.076 -0.00360888 0.031998
v -0.076 -0.00423622 0.0315727
v -0.076 0.0048139 0.020918
v -0.076 0.00223511 0.0193664
v -0.076 0.00293922 0.019647
v -0.076 2.60209e-18 0.019
v -0.076 -0.0048139 0.020918
v -0.076 -0.00423622 0.0204273
v -0.076 -0.00579382 0.0220717
v -0.076 -0.00533513 0.0214683
v -0.076 -0.00579382 0.0299283
v -0.076 -0.00618458 0.0292789
v -0.076 0.00579382 0.0299283
v -0.076 0.00533513 0.0305317
v -0.076 0.00150479 0.0191637
v -0.076 0.000756833 0.019041
v -0.076 -0.00223511 0.0193664
v -0.076 0.00293922 0.032353
v -0.076 0.0048139 0.031082
v -0.076 0.00423622 0.0315727
v -0.076 -0.00150479 0.0191637
v -0.076 -0.000756833 0.019041
v -0.076 -0.00533513 0.0305317
v -0.076 -0.0048139 0.031082
v -0.076 0.00223511 0.0326336
v -0.076 -0.00150479 0.0328363
v -0.076 -0.00223511 0.0326336
v -0.076 -0.00293922 0.032353
v -0.076 0.00150479 0.0328363
v -0.076 0.000756833 0.032959
v -0.076 3.45934e-18 0.033
v -0.076 -0.000756833 0.032959
v -0.076 0.0165152 0.0345
v -0.076 0.0118964 0.0265
v -0.076 0.0173812 0.035
v -0.076 0.0266188 0.035
v -0.076 0.0274848 0.0345
v -0.076 0.0321036 0.0265
v -0.076 0.0274848 0.0175
v -0.076 0.0321036 0.0255
v -0.076 0.0266188 0.017
v -0.076 0.0173812 0.017
v -0.076 0.0118964 0.0255
v -0.076 0.0165152 0.0175
v -0.076 0.0118489 0.0264067
v -0.076 0.0118113 0.026309
v -0.076 0.0117842 0.0262079
v -0.076 0.0117679 0.0261045
v -0.076 0.0117624 0.026
v -0.076 0.0117679 0.0258955
v -0.076 0.0117842 0.0257921
v -0.076 0.0118113 0.025691
v -0.076 0.0118489 0.0255933
v -0.076 0.0165722 0.0174122
v -0.076 0.0166381 0.0173309
v -0.076 0.0167121 0.0172569
v -0.076 0.0167934 0.017191
v -0.076 0.0168812 0.017134
v -0.076 0.0169745 0.0170865
v -0.076 0.0170722 0.0170489
v -0.076 0.0171733 0.0170219
v -0.076 0.0172767 0.0170055
v -0.076 0.0267233 0.0170055
v -0.076 0.0268267 0.0170219
v -0.076 0.0269278 0.0170489
v -0.076 0.0270255 0.0170865
v -0.076 0.0271188 0.017134
v -0.076 0.0272066 0.017191
v -0.076 0.0272879 0.0172569
v -0.076 0.0273619 0.0173309
v -0.076 0.0274278 0.0174122
v -0.076 0.0321511 0.0255933
v -0.076 0.0321887 0.025691
v -0.076 0.0322158 0.0257921
v -0.076 0.0322321 0.0258955
v -0.076 0.0322376 0.026
v -0.076 0.0322321 0.0261045
v -0.076 0.0322158 0.0262079
v -0.076 0.0321887 0.026309
v -0.076 0.0321511 0.0264067
v -0.076 0.0274278 0.0345878
v -0.076 0.0273619 0.0346691
v -0.076 0.0272879 0.0347431
v -0.076 0.0272066 0.034809
v -0.076 0.0271188 0.034866
v -0.076 0.0270255 0.0349135
v -0.076 0.0269278 0.0349511
v -0.076 0.0268267 0.0349781
v -0.076 0.0267233 0.0349945
v -0.076 0.0172767 0.0349945
v -0.076 0.0171733 0.0349781
v -0.076 0.0170722 0.0349511
v -0.076 0.0169745 0.0349135
v -0.076 0.0168812 0.034866
v -0.076 0.0167934 0.034809
v -0.076 0.0167121 0.0347431
v -0.076 0.0166381 0.0346691
v -0.076 0.0165722 0.0345878
v -0.076 0.0289897 0.026379
v -0.076 0.0150103 0.025621
v -0.076 0.0289078 0.0271325
v -0.076 0.0256089 0.020002
v -0.076 0.0256089 0.031998
v -0.076 0.0281846 0.0292789
v -0.076 0.0289897 0.025621
v -0.076 0.0287448 0.0241273
v -0.076 0.0289078 0.0248675
v -0.076 0.0262362 0.0204273
v -0.076 0.0277938 0.0299283
v -0.076 0.0287448 0.0278727
v -0.076 0.0285028 0.028591
v -0.076 0.0277938 0.0220717
v -0.076 0.0281846 0.0227211
v -0.076 0.0268139 0.031082
v -0.076 0.0262362 0.0315727
v -0.076 0.0273351 0.0305317
v -0.076 0.0285028 0.023409
v -0.076 0.0273351 0.0214683
v -0.076 0.0183911 0.020002
v -0.076 0.0190608 0.019647
v -0.076 0.0158154 0.0227211
v -0.076 0.0249392 0.032353
v -0.076 0.0268139 0.020918
v -0.076 0.0242351 0.0193664
v -0.076 0.0249392 0.019647
v -0.076 0.022 0.019
v -0.076 0.0154972 0.023409
v -0.076 0.0150922 0.0248675
v -0.076 0.0183911 0.031998
v -0.076 0.0242351 0.0326336
v -0.076 0.0235048 0.0191637
v -0.076 0.0227568 0.019041
v -0.076 0.0166649 0.0214683
v -0.076 0.0171861 0.020918
v -0.076 0.0152552 0.0241273
v -0.076 0.0150103 0.026379
v -0.076 0.0152552 0.0278727
v -0.076 0.0150922 0.0271325
v -0.076 0.0162062 0.0299283
v -0.076 0.0158154 0.0292789
v -0.076 0.0177638 0.0315727
v -0.076 0.0171861 0.031082
v -0.076 0.0204952 0.0191637
v -0.076 0.0212432 0.019041
v -0.076 0.0197649 0.0193664
v -0.076 0.0177638 0.0204273
v -0.076 0.0162062 0.0220717
v -0.076 0.0166649 0.0305317
v -0.076 0.0154972 0.028591
v -0.076 0.0235048 0.0328363
v -0.076 0.0227568 0.032959
v -0.076 0.0190608 0.032353
v -0.076 0.0204952 0.0328363
v -0.076 0.0197649 0.0326336
v -0.076 0.022 0.033
v -0.076 0.0212432 0.032959
v -0.086 0.022 0.019
v -0.086 0.0227568 0.019041
v -0.086 0.0235048 0.0191637
v -0.086 0.0242351 0.0193664
v -0.086 0.0249392 0.019647
v -0.086 0.0256089 0.020002
v -0.086 0.0262362 0.0204273
v -0.086 0.0268139 0.020918
v -0.086 0.0273351 0.0214683
v -0.086 0.0277938 0.0220717
v -0.086 0.0281846 0.0227211
v -0.086 0.0285028 0.023409
v -0.086 0.0287448 0.0241273
v -0.086 0.0289078 0.0248675
v -0.086 0.0289897 0.025621
v -0.086 0.0289897 0.026379
v -0.086 0.0289078 0.0271325
v -0.086 0.0287448 0.0278727
v -0.086 0.0285028 0.028591
v -0.086 0.0281846 0.0292789
v -0.086 0.0277938 0.0299283
v -0.086 0.0273351 0.0305317
v -0.086 0.0268139 0.031082
v -0.086 0.0262362 0.0315727
v -0.086 0.0256089 0.031998
v -0.086 0.0249392 0.032353
v -0.086 0.0242351 0.0326336
v -0.086 0.0235048 0.0328363
v -0.086 0.0227568 0.032959
v -0.086 0.022 0.033
v -0.086 0.0212432 0.032959
v -0.086 0.0204952 0.0328363
v -0.086 0.0197649 0.0326336
v -0.086 0.0190608 0.032353
v -0.086 0.0183911 0.031998
v -0.086 0.0177638 0.0315727
v -0.086 0.0171861 0.031082
v -0.086 0.0166649 0.0305317
v -0.086 0.0162062 0.0299283
v -0.086 0.0158154 0.0292789
v -0.086 0.0154972 0.028591
v -0.086 0.0152552 0.0278727
v -0.086 0.0150922 0.0271325
v -0.086 0.0150103 0.026379
v -0.086 0.0150103 0.025621
v -0.086 0.0150922 0.0248675
v -0.086 0.0152552 0.0241273
v -0.086 0.0154972 0.023409
v -0.086 0.0158154 0.0227211
v -0.086 0.0162062 0.0220717
v -0.086 0.0166649 0.0214683
v -0.086 0.0171861 0.020918
v -0.086 0.0177638 0.0204273
v -0.086 0.0183911 0.020002
v -0.086 0.0190608 0.019647
v -0.086 0.0197649 0.0193664
v -0.086 0.0204952 0.0191637
v -0.086 0.0212432 0.019041
v -0.086 0.022 0.026
v -0.086 2.60209e-18 0.019
v -0.086 0.000756833 0.019041
v -0.086 0.00150479 0.0191637
v -0.086 0.00223511 0.0193664
v -0.086 0.00293922 0.019647
v -0.086 0.00360888 0.020002
v -0.086 0.00423622 0.0204273
v -0.086 0.0048139 0.020918
v -0.086 0.00533513 0.0214683
v -0.086 0.00579382 0.0220717
v -0.086 0.00618458 0.0227211
v -0.086 0.00650284 0.023409
v -0.086 0.00674485 0.0241273
v -0.086 0.00690779 0.0248675
v -0.086 0.00698973 0.025621
v -0.086 0.00698973 0.026379
v -0.086 0.00690779 0.0271325
v -0.086 0.00674485 0.0278727
v -0.086 0.00650284 0.028591
v -0.086 0.00618458 0.0292789
v -0.086 0.00579382 0.0299283
v -0.086 0.00533513 0.0305317
v -0.086 0.0048139 0.031082
v -0.086 0.00423622 0.0315727
v -0.086 0.00360888 0.031998
v -0.086 0.00293922 0.032353
v -0.086 0.00223511 0.0326336
v -0.086 0.00150479 0.0328363
v -0.086 0.000756833 0.032959
v -0.086 5.17384e-18 0.033
v -0.086 -0.000756833 0.032959
v -0.086 -0.00150479 0.0328363
v -0.086 -0.00223511 0.0326336
v -0.086 -0.00293922 0.032353
v -0.086 -0.00360888 0.031998
v -0.086 -0.00423622 0.0315727
v -0.086 -0.0048139 0.031082
v -0.086 -0.00533513 0.0305317
v -0.086 -0.00579382 0.0299283
v -0.086 -0.00618458 0.0292789
v -0.086 -0.00650284 0.028591
v -0.086 -0.00674485 0.0278727
v -0.086 -0.00690779 0.0271325
v -0.086 -0.00698973 0.026379
v -0.086 -0.00698973 0.025621
v -0.086 -0.00690779 0.0248675
v -0.086 -0.00674485 0.0241273
v -0.086 -0.00650284 0.023409
v -0.086 -0.00618458 0.0227211
v -0.086 -0.00579382 0.0220717
v -0.086 -0.00533513 0.0214683
v -0.086 -0.0048139 0.020918
v -0.086 -0.00423622 0.0204273
v -0.086 -0.00360888 0.020002
v -0.086 -0.00293922 0.019647
v -0.086 -0.00223511 0.0193664
v -0.086 -0.00150479 0.0191637
v -0.086 -0.000756833 0.019041
v -0.086 3.46945e-18 0.026
v -0.086 -0.022 0.019
v -0.086 -0.0212432 0.019041
v -0.086 -0.0204952 0.0191637
v -0.086 -0.0197649 0.0193664
v -0.086 -0.0190608 0.019647
v -0.086 -0.0183911 0.020002
v -0.086 -0.0177638 0.0204273
v -0.086 -0.0171861 0.020918
v -0.086 -0.0166649 0.0214683
v -0.086 -0.0162062 0.0220717
v -0.086 -0.0158154 0.0227211
v -0.086 -0.0154972 0.023409
v -0.086 -0.0152552 0.0241273
v -0.086 -0.0150922 0.0248675
v -0.086 -0.0150103 0.025621
v -0.086 -0.0150103 0.026379
v -0.086 -0.0150922 0.0271325
v -0.086 -0.0152552 0.0278727
v -0.086 -0.0154972 0.028591
v -0.086 -0.0158154 0.0292789
v -0.086 -0.0162062 0.0299283
v -0.086 -0.0166649 0.0305317
v -0.086 -0.0171861 0.031082
v -0.086 -0.0177638 0.0315727
v -0.086 -0.0183911 0.031998
v -0.086 -0.0190608 0.032353
v -0.086 -0.0197649 0.0326336
v -0.086 -0.0204952 0.0328363
v -0.086 -0.0212432 0.032959
v -0.086 -0.022 0.033
v -0.086 -0.0227568 0.032959
v -0.086 -0.0235048 0.0328363
v -0.086 -0.0242351 0.0326336
v -0.086 -0.0249392 0.032353
v -0.086 -0.0256089 0.031998
v -0.086 -0.0262362 0.0315727
v -0.086 -0.0268139 0.031082
v -0.086 -0.0273351 0.0305317
v -0.086 -0.0277938 0.0299283
v -0.086 -0.0281846 0.0292789
v -0.086 -0.0285028 0.028591
v -0.086 -0.0287448 0.0278727
v -0.086 -0.0289078 0.0271325
v -0.086 -0.0289897 0.026379
v -0.086 -0.0289897 0.025621
v -0.086 -0.0289078 0.0248675
v -0.086 -0.0287448 0.0241273
v -0.086 -0.0285028 0.023409
v -0.086 -0.0281846 0.0227211
v -0.086 -0.0277938 0.0220717
v -0.086 -0.0273351 0.0214683
v -0.086 -0.0268139 0.020918
v -0.086 -0.0262362 0.0204273
v -0.086 -0.0256089 0.020002
v -0.086 -0.0249392 0.019647
v -0.086 -0.0242351 0.0193664
v -0.086 -0.0235048 0.0191637
v -0.086 -0.0227568 0.019041
v -0.086 -0.022 0.026
f 805//759 800//759 801//759
f 801//759 802//759 805//759
f 805//759 798//759 799//759
f 805//759 795//759 796//759
f 799//759 800//759 805//759
f 796//759 797//759 805//759
f 797//759 798//759 805//759
f 805//759 794//759 795//759
f 802//759 803//759 805//759
f 805//759 804//759 794//759
f 816//760 817//760 794//761
f 794//761 804//761 816//760
f 817//760 818//761 794//761
f 817//760 816//760 819//762
f 820//762 819//762 821//763
f 822//763 821//763 823//764
f 824//764 823//764 825//765
f 826//765 825//765 827//766
f 828//766 827//766 829//767
f 830//767 829//767 831//768
f 832//768 831//768 833//769
f 834//769 833//769 835//770
f 836//770 835//770 837//771
f 838//771 837//771 839//772
f 840//772 839//772 841//773
f 842//773 841//773 843//774
f 844//774 843//774 845//775
f 845//775 846//775 844//774
f 843//774 844//774 842//773
f 841//773 842//773 840//772
f 839//772 840//772 838//771
f 837//771 838//771 836//770
f 835//770 836//770 834//769
f 833//769 834//769 832//768
f 831//768 832//768 830//767
f 829//767 830//767 828//766
f 827//766 828//766 826//765
f 825//765 826//765 824//764
f 823//764 824//764 822//763
f 821//763 822//763 820//762
f 819//762 820//762 817//760
f 804//761 847//776 816//760
f 844//777 846//778 848//778
f 868//779 848//778 849//778
f 869//780 849//778 850//781
f 842//782 844//777 868//779
f 870//783 868//779 869//780
f 871//784 869//780 851//785
f 840//786 842//782 870//783
f 872//787 870//783 871//784
f 873//788 871//784 852//789
f 838//790 840//786 872//787
f 874//791 872//787 873//788
f 875//792 873//788 853//793
f 836//794 838//790 874//791
f 876//795 874//791 875//792
f 877//796 875//792 854//797
f 834//798 836//794 876//795
f 878//799 876//795 877//796
f 879//800 877//796 855//801
f 832//802 834//798 878//799
f 880//803 878//799 879//800
f 881//804 879//800 856//805
f 830//806 832//802 880//803
f 882//807 880//803 881//804
f 883//808 881//804 857//809
f 828//810 830//806 882//807
f 884//811 882//807 883//808
f 885//812 883//808 858//813
f 826//814 828//810 884//811
f 886//815 884//811 885//812
f 887//816 885//812 859//817
f 824//818 826//814 886//815
f 888//819 886//815 887//816
f 889//820 887//816 860//821
f 822//822 824//818 888//819
f 890//823 888//819 889//820
f 891//824 889//820 861//825
f 820//826 822//822 890//823
f 892//827 890//823 891//824
f 893//828 891//824 862//829
f 817//830 820//826 892//827
f 894//831 892//827 893//828
f 895//832 893//828 863//833
f 818//834 817//830 894//831
f 864//835 894//831 895//832
f 865//836 895//832 866//837
f 866//837 867//838 865//836
f 895//832 865//836 864//835
f 894//831 864//835 818//834
f 863//833 866//837 895//832
f 893//828 895//832 894//831
f 892//827 894//831 817//830
f 862//829 863//833 893//828
f 891//824 893//828 892//827
f 890//823 892//827 820//826
f 861//825 862//829 891//824
f 889//820 891//824 890//823
f 888//819 890//823 822//822
f 860//821 861//825 889//820
f 887//816 889//820 888//819
f 886//815 888//819 824//818
f 859//817 860//821 887//816
f 885//812 887//816 886//815
f 884//811 886//815 826//814
f 858//813 859//817 885//812
f 883//808 885//812 884//811
f 882//807 884//811 828//810
f 857//809 858//813 883//808
f 881//804 883//808 882//807
f 880//803 882//807 830//806
f 856//805 857//809 881//804
f 879//800 881//804 880//803
f 878//799 880//803 832//802
f 855//801 856//805 879//800
f 877//796 879//800 878//799
f 876//795 878//799 834//798
f 854//797 855//801 877//796
f 875//792 877//796 876//795
f 874//791 876//795 836//794
f 853//793 854//797 875//792
f 873//788 875//792 874//791
f 872//787 874//791 838//790
f 852//789 853//793 873//788
f 871//784 873//788 872//787
f 870//783 872//787 840//786
f 851//785 852//789 871//784
f 869//780 871//784 870//783
f 868//779 870//783 842//782
f 850//781 851//785 869//780
f 849//778 869//780 868//779
f 848//778 868//779 844//777
f 896//839 897//840 818//840
f 898//841 896//839 864//842
f 899//843 898//841 865//844
f 865//844 867//843 899//843
f 864//842 865//844 898//841
f 818//840 864//842 896//839
f 900//843 867//843 866//845
f 901//845 866//845 863//846
f 902//846 863//846 862//847
f 903//847 862//847 861//848
f 904//848 861//848 860//849
f 905//849 860//849 859//850
f 906//850 859//850 858//851
f 907//851 858//851 857//852
f 908//852 857//852 856//853
f 909//853 856//853 855//854
f 910//854 855//854 854//855
f 911//855 854//855 853//856
f 912//856 853//856 852//857
f 913//857 852//857 851//858
f 914//858 851//858 850//859
f 850//859 915//859 914//858
f 851//858 914//858 913//857
f 852//857 913//857 912//856
f 853//856 912//856 911//855
f 854//855 911//855 910//854
f 855//854 910//854 909//853
f 856//853 909//853 908//852
f 857//852 908//852 907//851
f 858//851 907//851 906//850
f 859//850 906//850 905//849
f 860//849 905//849 904//848
f 861//848 904//848 903//847
f 862//847 903//847 902//846
f 863//846 902//846 901//845
f 866//845 901//845 900//843
f 899//860 867//860 900//860
f 900//860 916//860 899//860
f 917//861 897//862 896//863
f 949//864 896//863 898//865
f 950//866 898//865 899//867
f 918//868 917//861 949//864
f 951//869 949//864 950//866
f 952//870 950//866 919//871
f 920//872 918//868 951//869
f 953//873 951//869 952//870
f 954//874 952//870 921//875
f 922//876 920//872 953//873
f 955//877 953//873 954//874
f 956//878 954//874 923//879
f 924//880 922//876 955//877
f 957//881 955//877 956//878
f 958//882 956//878 925//883
f 926//884 924//880 957//881
f 959//885 957//881 958//882
f 960//886 958//882 927//887
f 928//888 926//884 959//885
f 961//889 959//885 960//886
f 962//890 960//886 929//891
f 930//892 928//888 961//889
f 963//893 961//889 962//890
f 964//894 962//890 931//895
f 932//896 930//892 963//893
f 965//897 963//893 964//894
f 966//898 964//894 933//899
f 934//900 932//896 965//897
f 967//901 965//897 966//898
f 968//902 966//898 935//903
f 936//904 934//900 967//901
f 969//905 967//901 968//902
f 970//906 968//902 937//907
f 938//908 936//904 969//905
f 971//909 969//905 970//906
f 972//910 970//906 939//911
f 940//912 938//908 971//909
f 973//913 971//909 972//910
f 974//914 972//910 941//915
f 942//916 940//912 973//913
f 975//917 973//913 974//914
f 976//918 974//914 943//919
f 944//920 942//916 975//917
f 945//920 975//917 976//918
f 946//920 976//918 947//921
f 947//921 948//920 946//920
f 976//918 946//920 945//920
f 975//917 945//920 944//920
f 943//919 947//921 976//918
f 974//914 976//918 975//917
f 973//913 975//917 942//916
f 941//915 943//919 974//914
f 972//910 974//914 973//913
f 971//909 973//913 940//912
f 939//911 941//915 972//910
f 970//906 972//910 971//909
f 969//905 971//909 938//908
f 937//907 939//911 970//906
f 968//902 970//906 969//905
f 967//901 969//905 936//904
f 935//903 937//907 968//902
f 966//898 968//902 967//901
f 965//897 967//901 934//900
f 933//899 935//903 966//898
f 964//894 966//898 965//897
f 963//893 965//897 932//896
f 931//895 933//899 964//894
f 962//890 964//894 963//893
f 961//889 963//893 930//892
f 929//891 931//895 962//890
f 960//886 962//890 961//889
f 959//885 961//889 928//888
f 927//887 929//891 960//886
f 958//882 960//886 959//885
f 957//881 959//885 926//884
f 925//883 927//887 958//882
f 956//878 958//882 957//881
f 955//877 957//881 924//880
f 923//879 925//883 956//878
f 954//874 956//878 955//877
f 953//873 955//877 922//876
f 921//875 923//879 954//874
f 952//870 954//874 953//873
f 951//869 953//873 920//872
f 919//871 921//875 952//870
f 950//866 952//870 951//869
f 949//864 951//869 918//868
f 899//867 919//871 950//866
f 898//865 950//866 949//864
f 896//863 949//864 917//861
f 977//922 897//922 917//923
f 978//923 917//923 918//924
f 979//924 918//924 920//925
f 980//925 920//925 922//926
f 981//926 922//926 924//927
f 982//927 924//927 926//928
f 983//928 926//928 928//929
f 984//929 928//929 930//930
f 985//930 930//930 932//931
f 986//931 932//931 934//932
f 987//932 934//932 936//933
f 988//933 936//933 938//934
f 989//934 938//934 940//935
f 990//935 940//935 942//936
f 991//936 942//936 944//937
f 944//937 992//937 991//936
f 942//936 991//936 990//935
f 940//935 990//935 989//934
f 938//934 989//934 988//933
f 936//933 988//933 987//932
f 934//932 987//932 986//931
f 932//931 986//931 985//930
f 930//930 985//930 984//929
f 928//929 984//929 983//928
f 926//928 983//928 982//927
f 924//927 982//927 981//926
f 922//926 981//926 980//925
f 920//925 980//925 979//924
f 918//924 979//924 978//923
f 917//923 978//923 977//922
f 899//938 916//938 993//939
f 919//939 993//939 994//940
f 921//940 994//940 995//941
f 923//941 995//941 996//942
f 925//942 996//942 997//943
f 927//943 997//943 998//944
f 929//944 998//944 999//945
f 931//945 999//945 1000//946
f 933//946 1000//946 1001//947
f 935//947 1001//947 1002//948
f 937//948 1002//948 1003//949
f 939//949 1003//949 1004//950
f 941//950 1004//950 1005//951
f 943//951 1005//951 1006//952
f 947//952 1006//952 1007//953
f 1007//953 948//953 947//952
f 1006//952 947//952 943//951
f 1005//951 943//951 941//950
f 1004//950 941//950 939//949
f 1003//949 939//949 937//948
f 1002//948 937//948 935//947
f 1001//947 935//947 933//946
f 1000//946 933//946 931//945
f 999//945 931//945 929//944
f 998//944 929//944 927//943
f 997//943 927//943 925//942
f 996//942 925//942 923//941
f 995//941 923//941 921//940
f 994//940 921//940 919//939
f 993//939 919//939 899//938
f 1008//954 916//954 900//954
f 900//954 1009//954 1008//954
f 915//955 1010//955 1011//956
f 914//956 1011//956 1012//957
f 913//957 1012//957 1013//958
f 912//958 1013//958 1014//959
f 911//959 1014//959 1015//960
f 910//960 1015//960 1016//961
f 909//961 1016//961 1017//962
f 908//962 1017//962 1018//963
f 907//963 1018//963 1019//964
f 906//964 1019//964 1020//965
f 905//965 1020//965 1021//966
f 904//966 1021//966 1022//967
f 903//967 1022//967 1023//968
f 902//968 1023//968 1024//969
f 901//969 1024//969 1009//970
f 1009//970 900//970 901//969
f 1024//969 901//969 902//968
f 1023//968 902//968 903//967
f 1022//967 903//967 904//966
f 1021//966 904//966 905//965
f 1020//965 905//965 906//964
f 1019//964 906//964 907//963
f 1018//963 907//963 908//962
f 1017//962 908//962 909//961
f 1016//961 909//961 910//960
f 1015//960 910//960 911//959
f 1014//959 911//959 912//958
f 1013//958 912//958 913//957
f 1012//957 913//957 914//956
f 1011//956 914//956 915//955
f 916//970 1008//970 1025//971
f 993//971 1025//971 1026//972
f 994//972 1026//972 1027//973
f 995//973 1027//973 1028//974
f 996//974 1028//974 1029//975
f 997//975 1029//975 1030//976
f 998//976 1030//976 1031//977
f 999//977 1031//977 1032//978
f 1000//978 1032//978 1033//979
f 1001//979 1033//979 1034//980
f 1002//980 1034//980 1035//981
f 1003//981 1035//981 1036//982
f 1004//982 1036//982 1037//983
f 1005//983 1037//983 1038//984
f 1006//984 1038//984 1039//985
f 1039//985 1007//985 1006//984
f 1038//984 1006//984 1005//983
f 1037//983 1005//983 1004//982
f 1036//982 1004//982 1003//981
f 1035//981 1003//981 1002//980
f 1034//980 1002//980 1001//979
f 1033//979 1001//979 1000//978
f 1032//978 1000//978 999//977
f 1031//977 999//977 998//976
f 1030//976 998//976 997//975
f 1029//975 997//975 996//974
f 1028//974 996//974 995//973
f 1027//973 995//973 994//972
f 1026//972 994//972 993//971
f 1025//971 993//971 916//970
f 915//986 1040//986 1041//986
f 1041//986 1010//986 915//986
f 1007//985 1039//985 1042//985
f 1042//985 1043//985 1007//985
f 1043//985 1042//985 1044//987
f 1045//987 1044//987 1046//988
f 1047//988 1046//988 1048//989
f 1049//989 1048//989 1050//990
f 1051//990 1050//990 1052//991
f 1053//991 1052//991 1054//992
f 1055//992 1054//992 1056//993
f 1057//993 1056//993 1058//994
f 1059//994 1058//994 1060//995
f 1061//995 1060//995 1062//996
f 1063//996 1062//996 1064//997
f 1065//997 1064//997 1066//998
f 1067//998 1066//998 1068//999
f 1069//999 1068//999 1070//1000
f 1071//1000 1070//1000 1072//1001
f 1073//1001 1072//1001 1074//1002
f 1075//1002 1074//1002 1076//1003
f 1077//1003 1076//1003 1078//1004
f 1079//1004 1078//1004 1080//1005
f 1081//1005 1080//1005 1082//1006
f 1083//1006 1082//1006 1084//1007
f 1085//1007 1084//1007 1086//1008
f 1087//1008 1086//1008 1088//1009
f 1089//1009 1088//1009 1090//1010
f 1091//1010 1090//1010 1092//1011
f 1093//1011 1092//1011 1094//1012
f 1095//1012 1094//1012 1096//1013
f 1097//1013 1096//1013 1098//1014
f 1099//1014 1098//1014 1041//1015
f 1041//1015 1040//1015 1099//1014
f 1098//1014 1099//1014 1097//1013
f 1096//1013 1097//1013 1095//1012
f 1094//1012 1095//1012 1093//1011
f 1092//1011 1093//1011 1091//1010
f 1090//1010 1091//1010 1089//1009
f 1088//1009 1089//1009 1087//1008
f 1086//1008 1087//1008 1085//1007
f 1084//1007 1085//1007 1083//1006
f 1082//1006 1083//1006 1081//1005
f 1080//1005 1081//1005 1079//1004
f 1078//1004 1079//1004 1077//1003
f 1076//1003 1077//1003 1075//1002
f 1074//1002 1075//1002 1073//1001
f 1072//1001 1073//1001 1071//1000
f 1070//1000 1071//1000 1069//999
f 1068//999 1069//999 1067//998
f 1066//998 1067//998 1065//997
f 1064//997 1065//997 1063//996
f 1062//996 1063//996 1061//995
f 1060//995 1061//995 1059//994
f 1058//994 1059//994 1057//993
f 1056//993 1057//993 1055//992
f 1054//992 1055//992 1053//991
f 1052//991 1053//991 1051//990
f 1050//990 1051//990 1049//989
f 1048//989 1049//989 1047//988
f 1046//988 1047//988 1045//987
f 1044//987 1045//987 1043//985
f 1040//1016 1100//1016 1101//1017
f 1101//1017 1099//1018 1040//1016
f 1099//1018 1102//1019 1103//1020
f 1103//1020 1097//1021 1099//1018
f 1097//1021 1104//1022 1105//1023
f 1105//1023 1095//1024 1097//1021
f 1095//1024 1106//1025 1107//1026
f 1107//1026 1093//1027 1095//1024
f 1093//1027 1108//1028 1109//1029
f 1109//1029 1091//1030 1093//1027
f 1091//1030 1110//1031 1111//1032
f 1111//1032 1089//1033 1091//1030
f 1089//1033 1112//1034 1113//1035
f 1113//1035 1087//1036 1089//1033
f 1085//1037 1087//1036 1114//1038
f 1087//1036 1115//1039 1114//1038
f 1083//1040 1085//1037 1116//1041
f 1085//1037 1117//1042 1116//1041
f 1081//1043 1083//1040 1118//1044
f 1083//1040 1119//1045 1118//1044
f 1079//1046 1081//1043 1120//1047
f 1081//1043 1121//1048 1120//1047
f 1077//1049 1079//1046 1122//1050
f 1079//1046 1123//1051 1122//1050
f 1075//1052 1077//1049 1124//1053
f 1077//1049 1125//1054 1124//1053
f 1073//1055 1075//1052 1126//1056
f 1075//1052 1127//1057 1126//1056
f 1071//1058 1073//1055 1128//1059
f 1128//1059 1129//1060 1071//1058
f 1073//1055 1130//1061 1128//1059
f 1071//1058 1131//1062 1132//1063
f 1132//1063 1069//1064 1071//1058
f 1069//1064 1133//1065 1134//1066
f 1134//1066 1067//1067 1069//1064
f 1067//1067 1135//1068 1136//1069
f 1136//1069 1065//1070 1067//1067
f 1065//1070 1137//1071 1138//1072
f 1138//1072 1063//1073 1065//1070
f 1063//1073 1139//1074 1140//1075
f 1140//1075 1061//1076 1063//1073
f 1061//1076 1141//1077 1142//1078
f 1142//1078 1059//1079 1061//1076
f 1059//1079 1143//1080 1144//1081
f 1144//1081 1057//1082 1059//1079
f 1055//1083 1057//1082 1145//1084
f 1057//1082 1146//1085 1145//1084
f 1053//1086 1055//1083 1147//1087
f 1055//1083 1148//1088 1147//1087
f 1051//1089 1053//1086 1149//1090
f 1053//1086 1150//1091 1149//1090
f 1049//1092 1051//1089 1151//1093
f 1051//1089 1152//1094 1151//1093
f 1047//1095 1049//1092 1153//1096
f 1049//1092 1154//1097 1153//1096
f 1045//1098 1047//1095 1155//1099
f 1047//1095 1156//1100 1155//1099
f 1043//1101 1045//1098 1157//1102
f 1045//1098 1158//1103 1157//1102
f 1157//1102 1159//1104 1043//1101
f 1155//1099 1158//1103 1045//1098
f 1153//1096 1156//1100 1047//1095
f 1151//1093 1154//1097 1049//1092
f 1149//1090 1152//1094 1051//1089
f 1147//1087 1150//1091 1053//1086
f 1145//1084 1148//1088 1055//1083
f 1144//1081 1146//1085 1057//1082
f 1142//1078 1143//1080 1059//1079
f 1140//1075 1141//1077 1061//1076
f 1138//1072 1139//1074 1063//1073
f 1136//1069 1137//1071 1065//1070
f 1134//1066 1135//1068 1067//1067
f 1132//1063 1133//1065 1069//1064
f 1129//1060 1131//1062 1071//1058
f 1126//1056 1130//1061 1073//1055
f 1124//1053 1127//1057 1075//1052
f 1122//1050 1125//1054 1077//1049
f 1120//1047 1123//1051 1079//1046
f 1118//1044 1121//1048 1081//1043
f 1116//1041 1119//1045 1083//1040
f 1114//1038 1117//1042 1085//1037
f 1113//1035 1115//1039 1087//1036
f 1111//1032 1112//1034 1089//1033
f 1109//1029 1110//1031 1091//1030
f 1107//1026 1108//1028 1093//1027
f 1105//1023 1106//1025 1095//1024
f 1103//1020 1104//1022 1097//1021
f 1101//1017 1102//1019 1099//1018
f 816//1105 847//1106 1160//1107
f 1177//1108 1160//1107 1161//1109
f 1178//1110 1161//1109 1162//1111
f 819//1112 816//1105 1177//1108
f 1179//1113 1177//1108 1178//1110
f 1180//1114 1178//1110 1163//1115
f 821//1116 819//1112 1179//1113
f 1181//1117 1179//1113 1180//1114
f 1182//1118 1180//1114 1164//1119
f 823//1120 821//1116 1181//1117
f 1183//1121 1181//1117 1182//1118
f 1184//1122 1182//1118 1165//1123
f 825//1124 823//1120 1183//1121
f 1185//1125 1183//1121 1184//1122
f 1186//1126 1184//1122 1166//1127
f 827//1128 825//1124 1185//1125
f 1187//1129 1185//1125 1186//1126
f 1188//1130 1186//1126 1167//1131
f 829//1132 827//1128 1187//1129
f 1189//1133 1187//1129 1188//1130
f 1190//1134 1188//1130 1168//1135
f 831//1136 829//1132 1189//1133
f 1191//1137 1189//1133 1190//1134
f 1192//1138 1190//1134 1169//1139
f 833//1140 831//1136 1191//1137
f 1193//1141 1191//1137 1192//1138
f 1194//1142 1192//1138 1170//1143
f 835//1144 833//1140 1193//1141
f 1195//1145 1193//1141 1194//1142
f 1196//1146 1194//1142 1171//1147
f 837//1148 835//1144 1195//1145
f 1197//1149 1195//1145 1196//1146
f 1198//1150 1196//1146 1172//1151
f 839//1152 837//1148 1197//1149
f 1199//1153 1197//1149 1198//1150
f 1200//1154 1198//1150 1173//1155
f 841//1156 839//1152 1199//1153
f 1201//1157 1199//1153 1200//1154
f 1202//1158 1200//1154 1174//1159
f 843//1160 841//1156 1201//1157
f 1203//1161 1201//1157 1202//1158
f 1204//1162 1202//1158 1175//1163
f 845//1164 1204//1162 1176//1165
f 845//1164 1203//1161 1204//1162
f 845//1164 843//1160 1203//1161
f 1175//1163 1176//1165 1204//1162
f 1202//1158 1204//1162 1203//1161
f 1201//1157 1203//1161 843//1160
f 1174//1159 1175//1163 1202//1158
f 1200//1154 1202//1158 1201//1157
f 1199//1153 1201//1157 841//1156
f 1173//1155 1174//1159 1200//1154
f 1198//1150 1200//1154 1199//1153
f 1197//1149 1199//1153 839//1152
f 1172//1151 1173//1155 1198//1150
f 1196//1146 1198//1150 1197//1149
f 1195//1145 1197//1149 837//1148
f 1171//1147 1172//1151 1196//1146
f 1194//1142 1196//1146 1195//1145
f 1193//1141 1195//1145 835//1144
f 1170//1143 1171//1147 1194//1142
f 1192//1138 1194//1142 1193//1141
f 1191//1137 1193//1141 833//1140
f 1169//1139 1170//1143 1192//1138
f 1190//1134 1192//1138 1191//1137
f 1189//1133 1191//1137 831//1136
f 1168//1135 1169//1139 1190//1134
f 1188//1130 1190//1134 1189//1133
f 1187//1129 1189//1133 829//1132
f 1167//1131 1168//1135 1188//1130
f 1186//1126 1188//1130 1187//1129
f 1185//1125 1187//1129 827//1128
f 1166//1127 1167//1131 1186//1126
f 1184//1122 1186//1126 1185//1125
f 1183//1121 1185//1125 825//1124
f 1165//1123 1166//1127 1184//1122
f 1182//1118 1184//1122 1183//1121
f 1181//1117 1183//1121 823//1120
f 1164//1119 1165//1123 1182//1118
f 1180//1114 1182//1118 1181//1117
f 1179//1113 1181//1117 821//1116
f 1163//1115 1164//1119 1180//1114
f 1178//1110 1180//1114 1179//1113
f 1177//1108 1179//1113 819//1112
f 1162//1111 1163//1115 1178//1110
f 1161//1109 1178//1110 1177//1108
f 1160//1107 1177//1108 816//1105
f 1205//1166 1162//1166 1161//1167
f 1206//1167 1161//1167 1160//1168
f 1207//1168 1160//1168 847//1169
f 847//1169 977//1169 1207//1168
f 1160//1168 1207//1168 1206//1167
f 1161//1167 1206//1167 1205//1166
f 1162//1170 1208//1170 1209//1171
f 1163//1171 1209//1171 1210//1172
f 1164//1172 1210//1172 1211//1173
f 1165//1173 1211//1173 1212//1174
f 1166//1174 1212//1174 1213//1175
f 1167//1175 1213//1175 1214//1176
f 1168//1176 1214//1176 1215//1177
f 1169//1177 1215//1177 1216//1178
f 1170//1178 1216//1178 1217//1179
f 1171//1179 1217//1179 1218//1180
f 1172//1180 1218//1180 1219//1181
f 1173//1181 1219//1181 1220//1182
f 1174//1182 1220//1182 1221//1183
f 1175//1183 1221//1183 1222//1184
f 1176//1184 1222//1184 1223//1185
f 1223//1185 845//1185 1176//1184
f 1222//1184 1176//1184 1175//1183
f 1221//1183 1175//1183 1174//1182
f 1220//1182 1174//1182 1173//1181
f 1219//1181 1173//1181 1172//1180
f 1218//1180 1172//1180 1171//1179
f 1217//1179 1171//1179 1170//1178
f 1216//1178 1170//1178 1169//1177
f 1215//1177 1169//1177 1168//1176
f 1214//1176 1168//1176 1167//1175
f 1213//1175 1167//1175 1166//1174
f 1212//1174 1166//1174 1165//1173
f 1211//1173 1165//1173 1164//1172
f 1210//1172 1164//1172 1163//1171
f 1209//1171 1163//1171 1162//1170
f 990//1186 991//1187 1238//1188
f 1239//1189 1238//1188 1240//1190
f 1241//1191 1240//1190 1224//1192
f 989//1193 990//1186 1239//1189
f 1242//1194 1239//1189 1241//1191
f 1243//1195 1241//1191 1225//1196
f 988//1197 989//1193 1242//1194
f 1244//1198 1242//1194 1243//1195
f 1245//1199 1243//1195 1226//1200
f 987//1201 988//1197 1244//1198
f 1246//1202 1244//1198 1245//1199
f 1247//1203 1245//1199 1227//1204
f 986//1205 987//1201 1246//1202
f 1248//1206 1246//1202 1247//1203
f 1249//1207 1247//1203 1228//1208
f 985//1209 986//1205 1248//1206
f 1250//1210 1248//1206 1249//1207
f 1251//1211 1249//1207 1229//1212
f 984//1213 985//1209 1250//1210
f 1252//1214 1250//1210 1251//1211
f 1253//1215 1251//1211 1230//1216
f 983//1217 984//1213 1252//1214
f 1254//1218 1252//1214 1253//1215
f 1255//1219 1253//1215 1231//1220
f 982//1221 983//1217 1254//1218
f 1256//1222 1254//1218 1255//1219
f 1257//1223 1255//1219 1232//1224
f 981//1225 982//1221 1256//1222
f 1258//1226 1256//1222 1257//1223
f 1259//1227 1257//1223 1233//1228
f 980//1229 981//1225 1258//1226
f 1260//1230 1258//1226 1259//1227
f 1261//1231 1259//1227 1234//1232
f 979//1233 980//1229 1260//1230
f 1262//1234 1260//1230 1261//1231
f 1263//1235 1261//1231 1235//1236
f 978//1237 979//1233 1262//1234
f 1264//1238 1262//1234 1263//1235
f 1265//1239 1263//1235 1236//1240
f 977//1241 978//1237 1264//1238
f 1207//1242 1264//1238 1265//1239
f 1206//1243 1265//1239 1237//1244
f 1237//1244 1205//1245 1206//1243
f 1265//1239 1206//1243 1207//1242
f 1264//1238 1207//1242 977//1241
f 1236//1240 1237//1244 1265//1239
f 1263//1235 1265//1239 1264//1238
f 1262//1234 1264//1238 978//1237
f 1235//1236 1236//1240 1263//1235
f 1261//1231 1263//1235 1262//1234
f 1260//1230 1262//1234 979//1233
f 1234//1232 1235//1236 1261//1231
f 1259//1227 1261//1231 1260//1230
f 1258//1226 1260//1230 980//1229
f 1233//1228 1234//1232 1259//1227
f 1257//1223 1259//1227 1258//1226
f 1256//1222 1258//1226 981//1225
f 1232//1224 1233//1228 1257//1223
f 1255//1219 1257//1223 1256//1222
f 1254//1218 1256//1222 982//1221
f 1231//1220 1232//1224 1255//1219
f 1253//1215 1255//1219 1254//1218
f 1252//1214 1254//1218 983//1217
f 1230//1216 1231//1220 1253//1215
f 1251//1211 1253//1215 1252//1214
f 1250//1210 1252//1214 984//1213
f 1229//1212 1230//1216 1251//1211
f 1249//1207 1251//1211 1250//1210
f 1248//1206 1250//1210 985//1209
f 1228//1208 1229//1212 1249//1207
f 1247//1203 1249//1207 1248//1206
f 1246//1202 1248//1206 986//1205
f 1227//1204 1228//1208 1247//1203
f 1245//1199 1247//1203 1246//1202
f 1244//1198 1246//1202 987//1201
f 1226//1200 1227//1204 1245//1199
f 1243//1195 1245//1199 1244//1198
f 1242//1194 1244//1198 988//1197
f 1225//1196 1226//1200 1243//1195
f 1241//1191 1243//1195 1242//1194
f 1239//1189 1242//1194 989//1193
f 1224//1192 1225//1196 1241//1191
f 1240//1190 1241//1191 1239//1189
f 1238//1188 1239//1189 990//1186
f 1224//1192 1240//1190 992//1246
f 1240//1190 1238//1188 992//1246
f 1238//1188 991//1187 992//1246
f 1266//1245 1205//1245 1237//1247
f 1267//1247 1237//1247 1236//1248
f 1268//1248 1236//1248 1235//1249
f 1269//1249 1235//1249 1234//1250
f 1270//1250 1234//1250 1233//1251
f 1271//1251 1233//1251 1232//1252
f 1272//1252 1232//1252 1231//1253
f 1273//1253 1231//1253 1230//1254
f 1274//1254 1230//1254 1229//1255
f 1275//1255 1229//1255 1228//1256
f 1276//1256 1228//1256 1227//1257
f 1277//1257 1227//1257 1226//1258
f 1278//1258 1226//1258 1225//1259
f 1279//1259 1225//1259 1224//1260
f 1280//1260 1224//1260 992//1261
f 992//1261 1281//1261 1280//1260
f 1224//1260 1280//1260 1279//1259
f 1225//1259 1279//1259 1278//1258
f 1226//1258 1278//1258 1277//1257
f 1227//1257 1277//1257 1276//1256
f 1228//1256 1276//1256 1275//1255
f 1229//1255 1275//1255 1274//1254
f 1230//1254 1274//1254 1273//1253
f 1231//1253 1273//1253 1272//1252
f 1232//1252 1272//1252 1271//1251
f 1233//1251 1271//1251 1270//1250
f 1234//1250 1270//1250 1269//1249
f 1235//1249 1269//1249 1268//1248
f 1236//1248 1268//1248 1267//1247
f 1237//1247 1267//1247 1266//1245
f 1282//1262 1283//1263 1356//1264
f 1357//1265 1356//1264 1284//1266
f 1356//1264 1283//1263 1284//1266
f 1358//1267 1357//1265 1285//1268
f 1357//1265 1286//1269 1285//1268
f 1359//1270 1358//1267 1287//1271
f 1358//1267 1288//1272 1287//1271
f 1360//1273 1359//1270 1289//1274
f 1359//1270 1290//1275 1289//1274
f 1361//1276 1360//1273 1291//1277
f 1360//1273 1292//1278 1291//1277
f 1362//1279 1361//1276 1293//1280
f 1361//1276 1294//1281 1293//1280
f 1363//1282 1362//1279 1295//1283
f 1362//1279 1296//1284 1295//1283
f 1363//1282 1297//1285 1298//1286
f 1298//1286 1364//1287 1363//1282
f 1364//1287 1299//1288 1300//1289
f 1300//1289 1365//1290 1364//1287
f 1365//1290 1301//1291 1302//1292
f 1302//1292 1366//1293 1365//1290
f 1366//1293 1303//1294 1304//1295
f 1304//1295 1367//1296 1366//1293
f 1367//1296 1305//1297 1306//1298
f 1306//1298 1368//1299 1367//1296
f 1368//1299 1307//1300 1308//1301
f 1308//1301 1369//1302 1368//1299
f 1369//1302 1309//1303 1310//1304
f 1310//1304 1370//1305 1369//1302
f 1311//1306 1312//1307 1371//1308
f 1372//1309 1371//1308 1313//1310
f 1371//1308 1312//1307 1313//1310
f 1373//1311 1372//1309 1314//1312
f 1372//1309 1315//1313 1314//1312
f 1374//1314 1373//1311 1316//1315
f 1373//1311 1317//1316 1316//1315
f 1375//1317 1374//1314 1318//1318
f 1374//1314 1319//1319 1318//1318
f 1376//1320 1375//1317 1320//1321
f 1375//1317 1321//1322 1320//1321
f 1377//1323 1376//1320 1322//1324
f 1376//1320 1323//1325 1322//1324
f 1378//1326 1377//1323 1324//1327
f 1377//1323 1325//1328 1324//1327
f 1378//1326 1326//1329 1327//1330
f 1327//1330 1379//1331 1378//1326
f 1379//1331 1328//1332 1329//1333
f 1329//1333 1380//1334 1379//1331
f 1380//1334 1330//1335 1331//1336
f 1331//1336 1381//1337 1380//1334
f 1381//1337 1332//1338 1333//1339
f 1333//1339 1382//1340 1381//1337
f 1382//1340 1334//1341 1335//1342
f 1335//1342 1383//1343 1382//1340
f 1383//1343 1336//1344 1337//1345
f 1337//1345 1384//1346 1383//1343
f 1384//1346 1338//1347 1339//1348
f 1339//1348 1385//1349 1384//1346
f 1340//1350 1341//1351 1342//1352
f 1343//1353 1356//1264 1386//1354
f 1356//1264 1357//1265 1387//1355
f 1357//1265 1358//1267 1388//1356
f 1358//1267 1359//1270 1389//1357
f 1359//1270 1360//1273 1390//1358
f 1360//1273 1361//1276 1391//1359
f 1361//1276 1362//1279 1392//1360
f 1362//1279 1363//1282 1393//1361
f 1363//1282 1364//1287 1394//1362
f 1364//1287 1365//1290 1395//1363
f 1365//1290 1366//1293 1396//1364
f 1366//1293 1367//1296 1397//1365
f 1367//1296 1368//1299 1398//1366
f 1368//1299 1369//1302 1399//1367
f 1369//1302 1370//1305 1400//1368
f 1370//1305 1371//1308 1401//1369
f 1371//1308 1372//1309 1402//1370
f 1372//1309 1373//1311 1403//1371
f 1373//1311 1374//1314 1404//1372
f 1374//1314 1375//1317 1405//1373
f 1375//1317 1376//1320 1406//1374
f 1376//1320 1377//1323 1407//1375
f 1377//1323 1378//1326 1408//1376
f 1378//1326 1379//1331 1409//1377
f 1379//1331 1380//1334 1410//1378
f 1380//1334 1381//1337 1411//1379
f 1381//1337 1382//1340 1412//1380
f 1382//1340 1383//1343 1413//1381
f 1383//1343 1384//1346 1414//1382
f 1384//1346 1385//1349 1415//1383
f 1385//1349 1342//1352 1344//1384
f 1345//1385 1386//1354 1416//1386
f 1386//1354 1387//1355 1417//1387
f 1387//1355 1388//1356 1418//1388
f 1388//1356 1389//1357 1419//1389
f 1389//1357 1390//1358 1420//1390
f 1390//1358 1391//1359 1421//1391
f 1391//1359 1392//1360 1422//1392
f 1392//1360 1393//1361 1423//1393
f 1393//1361 1394//1362 1424//1394
f 1394//1362 1395//1363 1425//1395
f 1395//1363 1396//1364 1426//1396
f 1396//1364 1397//1365 1427//1397
f 1397//1365 1398//1366 1428//1398
f 1398//1366 1399//1367 1429//1399
f 1399//1367 1400//1368 1430//1400
f 1400//1368 1401//1369 1431//1401
f 1401//1369 1402//1370 1432//1402
f 1402//1370 1403//1371 1433//1403
f 1403//1371 1404//1372 1434//1404
f 1404//1372 1405//1373 1435//1405
f 1405//1373 1406//1374 1436//1406
f 1406//1374 1407//1375 1437//1407
f 1407//1375 1408//1376 1438//1408
f 1408//1376 1409//1377 1439//1409
f 1409//1377 1410//1378 1440//1410
f 1410//1378 1411//1379 1441//1411
f 1411//1379 1412//1380 1442//1412
f 1412//1380 1413//1381 1443//1413
f 1413//1381 1414//1382 1444//1414
f 1414//1382 1415//1383 1445//1415
f 1415//1383 1344//1384 1346//1416
f 1347//1417 1416//1386 1446//1418
f 1416//1386 1417//1387 1447//1419
f 1417//1387 1418//1388 1448//1420
f 1418//1388 1419//1389 1449//1421
f 1419//1389 1420//1390 1450//1422
f 1420//1390 1421//1391 1451//1423
f 1421//1391 1422//1392 1452//1424
f 1422//1392 1423//1393 1453//1425
f 1423//1393 1424//1394 1454//1426
f 1424//1394 1425//1395 1455//1427
f 1425//1395 1426//1396 1456//1428
f 1426//1396 1427//1397 1457//1429
f 1427//1397 1428//1398 1458//1430
f 1428//1398 1429//1399 1459//1431
f 1429//1399 1430//1400 1460//1432
f 1430//1400 1431//1401 1461//1433
f 1431//1401 1432//1402 1462//1434
f 1432//1402 1433//1403 1463//1435
f 1433//1403 1434//1404 1464//1436
f 1434//1404 1435//1405 1465//1437
f 1435//1405 1436//1406 1466//1438
f 1436//1406 1437//1407 1467//1439
f 1437//1407 1438//1408 1468//1440
f 1438//1408 1439//1409 1469//1441
f 1439//1409 1440//1410 1470//1442
f 1440//1410 1441//1411 1471//1443
f 1441//1411 1442//1412 1472//1444
f 1442//1412 1443//1413 1473//1445
f 1443//1413 1444//1414 1474//1446
f 1444//1414 1445//1415 1475//1447
f 1445//1415 1346//1416 1348//1448
f 1349//1449 1446//1418 1476//1450
f 1446//1418 1447//1419 1477//1451
f 1447//1419 1448//1420 1478//1452
f 1448//1420 1449//1421 1479//1453
f 1449//1421 1450//1422 1480//1454
f 1450//1422 1451//1423 1481//1455
f 1451//1423 1452//1424 1482//1456
f 1452//1424 1453//1425 1483//1457
f 1453//1425 1454//1426 1484//1458
f 1454//1426 1455//1427 1485//1459
f 1455//1427 1456//1428 1486//1460
f 1456//1428 1457//1429 1487//1461
f 1457//1429 1458//1430 1488//1462
f 1458//1430 1459//1431 1489//1463
f 1459//1431 1460//1432 1490//1464
f 1460//1432 1461//1433 1491//1465
f 1461//1433 1462//1434 1492//1466
f 1462//1434 1463//1435 1493//1467
f 1463//1435 1464//1436 1494//1468
f 1464//1436 1465//1437 1495//1469
f 1465//1437 1466//1438 1496//1470
f 1466//1438 1467//1439 1497//1471
f 1467//1439 1468//1440 1498//1472
f 1468//1440 1469//1441 1499//1473
f 1469//1441 1470//1442 1500//1474
f 1470//1442 1471//1443 1501//1475
f 1471//1443 1472//1444 1502//1476
f 1472//1444 1473//1445 1503//1477
f 1473//1445 1474//1446 1504//1478
f 1474//1446 1475//1447 1505//1479
f 1475//1447 1348//1448 1350//1480
f 1351//1481 1476//1450 1506//1482
f 1476//1450 1477//1451 1507//1483
f 1477//1451 1478//1452 1508//1484
f 1478//1452 1479//1453 1509//1485
f 1479//1453 1480//1454 1510//1486
f 1480//1454 1481//1455 1511//1487
f 1481//1455 1482//1456 1512//1488
f 1482//1456 1483//1457 1513//1489
f 1483//1457 1484//1458 1514//1490
f 1484//1458 1485//1459 1515//1491
f 1485//1459 1486//1460 1516//1492
f 1486//1460 1487//1461 1517//1493
f 1487//1461 1488//1462 1518//1494
f 1488//1462 1489//1463 1519//1495
f 1489//1463 1490//1464 1520//1496
f 1490//1464 1491//1465 1521//1497
f 1491//1465 1492//1466 1522//1498
f 1492//1466 1493//1467 1523//1499
f 1493//1467 1494//1468 1524//1500
f 1494//1468 1495//1469 1525//1501
f 1495//1469 1496//1470 1526//1502
f 1496//1470 1497//1471 1527//1503
f 1497//1471 1498//1472 1528//1504
f 1498//1472 1499//1473 1529//1505
f 1499//1473 1500//1474 1530//1506
f 1500//1474 1501//1475 1531//1507
f 1501//1475 1502//1476 1532//1508
f 1502//1476 1503//1477 1533//1509
f 1503//1477 1504//1478 1534//1510
f 1504//1478 1505//1479 1535//1511
f 1505//1479 1350//1480 1352//1512
f 1353//1513 1506//1482 1536//1514
f 1506//1482 1507//1483 1537//1515
f 1507//1483 1508//1484 1538//1516
f 1508//1484 1509//1485 1539//1517
f 1509//1485 1510//1486 1540//1518
f 1510//1486 1511//1487 1541//1519
f 1511//1487 1512//1488 1542//1520
f 1512//1488 1513//1489 1543//1521
f 1513//1489 1514//1490 1544//1522
f 1514//1490 1515//1491 1545//1523
f 1515//1491 1516//1492 1546//1524
f 1516//1492 1517//1493 1547//1525
f 1517//1493 1518//1494 1548//1526
f 1518//1494 1519//1495 1549//1527
f 1519//1495 1520//1496 1550//1528
f 1520//1496 1521//1497 1551//1529
f 1521//1497 1522//1498 1552//1530
f 1522//1498 1523//1499 1553//1531
f 1523//1499 1524//1500 1554//1532
f 1524//1500 1525//1501 1555//1533
f 1525//1501 1526//1502 1556//1534
f 1526//1502 1527//1503 1557//1535
f 1527//1503 1528//1504 1558//1536
f 1528//1504 1529//1505 1559//1537
f 1529//1505 1530//1506 1560//1538
f 1530//1506 1531//1507 1561//1539
f 1531//1507 1532//1508 1562//1540
f 1532//1508 1533//1509 1563//1541
f 1533//1509 1534//1510 1564//1542
f 1534//1510 1535//1511 1565//1543
f 1535//1511 1352//1512 1354//1544
f 1355//1545 1536//1514 1101//1546
f 1537//1515 1103//1547 1102//1548
f 1102//1548 1536//1514 1537//1515
f 1538//1516 1105//1549 1104//1550
f 1104//1550 1537//1515 1538//1516
f 1539//1517 1107//1551 1106//1552
f 1106//1552 1538//1516 1539//1517
f 1540//1518 1109//1553 1108//1554
f 1108//1554 1539//1517 1540//1518
f 1541//1519 1111//1555 1110//1556
f 1110//1556 1540//1518 1541//1519
f 1542//1520 1113//1557 1112//1558
f 1112//1558 1541//1519 1542//1520
f 1543//1521 1114//1559 1115//1560
f 1115//1560 1542//1520 1543//1521
f 1543//1521 1544//1522 1117//1561
f 1544//1522 1116//1562 1117//1561
f 1544//1522 1545//1523 1119//1563
f 1545//1523 1118//1564 1119//1563
f 1545//1523 1546//1524 1121//1565
f 1546//1524 1120//1566 1121//1565
f 1546//1524 1547//1525 1123//1567
f 1547//1525 1122//1568 1123//1567
f 1547//1525 1548//1526 1125//1569
f 1548//1526 1124//1570 1125//1569
f 1548//1526 1549//1527 1127//1571
f 1549//1527 1126//1572 1127//1571
f 1549//1527 1550//1528 1130//1573
f 1550//1528 1128//1574 1130//1573
f 1550//1528 1551//1529 1129//1575
f 1552//1530 1132//1576 1131//1577
f 1131//1577 1551//1529 1552//1530
f 1553//1531 1134//1578 1133//1579
f 1133//1579 1552//1530 1553//1531
f 1554//1532 1136//1580 1135//1581
f 1135//1581 1553//1531 1554//1532
f 1555//1533 1138//1582 1137//1583
f 1137//1583 1554//1532 1555//1533
f 1556//1534 1140//1584 1139//1585
f 1139//1585 1555//1533 1556//1534
f 1557//1535 1142//1586 1141//1587
f 1141//1587 1556//1534 1557//1535
f 1558//1536 1144//1588 1143//1589
f 1143//1589 1557//1535 1558//1536
f 1558//1536 1559//1537 1146//1590
f 1559//1537 1145//1591 1146//1590
f 1559//1537 1560//1538 1148//1592
f 1560//1538 1147//1593 1148//1592
f 1560//1538 1561//1539 1150//1594
f 1561//1539 1149//1595 1150//1594
f 1561//1539 1562//1540 1152//1596
f 1562//1540 1151//1597 1152//1596
f 1562//1540 1563//1541 1154//1598
f 1563//1541 1153//1599 1154//1598
f 1563//1541 1564//1542 1156//1600
f 1564//1542 1155//1601 1156//1600
f 1564//1542 1565//1543 1158//1602
f 1565//1543 1157//1603 1158//1602
f 1565//1543 1354//1544 1159//1604
f 1159//1604 1157//1603 1565//1543
f 1158//1602 1155//1601 1564//1542
f 1156//1600 1153//1599 1563//1541
f 1154//1598 1151//1597 1562//1540
f 1152//1596 1149//1595 1561//1539
f 1150//1594 1147//1593 1560//1538
f 1148//1592 1145//1591 1559//1537
f 1146//1590 1144//1588 1558//1536
f 1143//1589 1142//1586 1557//1535
f 1141//1587 1140//1584 1556//1534
f 1139//1585 1138//1582 1555//1533
f 1137//1583 1136//1580 1554//1532
f 1135//1581 1134//1578 1553//1531
f 1133//1579 1132//1576 1552//1530
f 1131//1577 1129//1575 1551//1529
f 1129//1575 1128//1574 1550//1528
f 1130//1573 1126//1572 1549//1527
f 1127//1571 1124//1570 1548//1526
f 1125//1569 1122//1568 1547//1525
f 1123//1567 1120//1566 1546//1524
f 1121//1565 1118//1564 1545//1523
f 1119//1563 1116//1562 1544//1522
f 1117//1561 1114//1559 1543//1521
f 1115//1560 1113//1557 1542//1520
f 1112//1558 1111//1555 1541//1519
f 1110//1556 1109//1553 1540//1518
f 1108//1554 1107//1551 1539//1517
f 1106//1552 1105//1549 1538//1516
f 1104//1550 1103//1547 1537//1515
f 1102//1548 1101//1546 1536//1514
f 1101//1546 1100//1605 1355//1545
f 1354//1544 1565//1543 1535//1511
f 1565//1543 1564//1542 1534//1510
f 1564//1542 1563//1541 1533//1509
f 1563//1541 1562//1540 1532//1508
f 1562//1540 1561//1539 1531//1507
f 1561//1539 1560//1538 1530//1506
f 1560//1538 1559//1537 1529//1505
f 1559//1537 1558//1536 1528//1504
f 1558//1536 1557//1535 1527//1503
f 1557//1535 1556//1534 1526//1502
f 1556//1534 1555//1533 1525//1501
f 1555//1533 1554//1532 1524//1500
f 1554//1532 1553//1531 1523//1499
f 1553//1531 1552//1530 1522//1498
f 1552//1530 1551//1529 1521//1497
f 1551//1529 1550//1528 1520//1496
f 1550//1528 1549//1527 1519//1495
f 1549//1527 1548//1526 1518//1494
f 1548//1526 1547//1525 1517//1493
f 1547//1525 1546//1524 1516//1492
f 1546//1524 1545//1523 1515//1491
f 1545//1523 1544//1522 1514//1490
f 1544//1522 1543//1521 1513//1489
f 1543//1521 1542//1520 1512//1488
f 1542//1520 1541//1519 1511//1487
f 1541//1519 1540//1518 1510//1486
f 1540//1518 1539//1517 1509//1485
f 1539//1517 1538//1516 1508//1484
f 1538//1516 1537//1515 1507//1483
f 1537//1515 1536//1514 1506//1482
f 1536//1514 1355//1545 1353//1513
f 1352//1512 1535//1511 1505//1479
f 1535//1511 1534//1510 1504//1478
f 1534//1510 1533//1509 1503//1477
f 1533//1509 1532//1508 1502//1476
f 1532//1508 1531//1507 1501//1475
f 1531//1507 1530//1506 1500//1474
f 1530//1506 1529//1505 1499//1473
f 1529//1505 1528//1504 1498//1472
f 1528//1504 1527//1503 1497//1471
f 1527//1503 1526//1502 1496//1470
f 1526//1502 1525//1501 1495//1469
f 1525//1501 1524//1500 1494//1468
f 1524//1500 1523//1499 1493//1467
f 1523//1499 1522//1498 1492//1466
f 1522//1498 1521//1497 1491//1465
f 1521//1497 1520//1496 1490//1464
f 1520//1496 1519//1495 1489//1463
f 1519//1495 1518//1494 1488//1462
f 1518//1494 1517//1493 1487//1461
f 1517//1493 1516//1492 1486//1460
f 1516//1492 1515//1491 1485//1459
f 1515//1491 1514//1490 1484//1458
f 1514//1490 1513//1489 1483//1457
f 1513//1489 1512//1488 1482//1456
f 1512//1488 1511//1487 1481//1455
f 1511//1487 1510//1486 1480//1454
f 1510//1486 1509//1485 1479//1453
f 1509//1485 1508//1484 1478//1452
f 1508//1484 1507//1483 1477//1451
f 1507//1483 1506//1482 1476//1450
f 1506//1482 1353//1513 1351//1481
f 1350//1480 1505//1479 1475//1447
f 1505//1479 1504//1478 1474//1446
f 1504//1478 1503//1477 1473//1445
f 1503//1477 1502//1476 1472//1444
f 1502//1476 1501//1475 1471//1443
f 1501//1475 1500//1474 1470//1442
f 1500//1474 1499//1473 1469//1441
f 1499//1473 1498//1472 1468//1440
f 1498//1472 1497//1471 1467//1439
f 1497//1471 1496//1470 1466//1438
f 1496//1470 1495//1469 1465//1437
f 1495//1469 1494//1468 1464//1436
f 1494//1468 1493//1467 1463//1435
f 1493//1467 1492//1466 1462//1434
f 1492//1466 1491//1465 1461//1433
f 1491//1465 1490//1464 1460//1432
f 1490//1464 1489//1463 1459//1431
f 1489//1463 1488//1462 1458//1430
f 1488//1462 1487//1461 1457//1429
f 1487//1461 1486//1460 1456//1428
f 1486//1460 1485//1459 1455//1427
f 1485//1459 1484//1458 1454//1426
f 1484//1458 1483//1457 1453//1425
f 1483//1457 1482//1456 1452//1424
f 1482//1456 1481//1455 1451//1423
f 1481//1455 1480//1454 1450//1422
f 1480//1454 1479//1453 1449//1421
f 1479//1453 1478//1452 1448//1420
f 1478//1452 1477//1451 1447//1419
f 1477//1451 1476//1450 1446//1418
f 1476//1450 1351//1481 1349//1449
f 1348//1448 1475//1447 1445//1415
f 1475//1447 1474//1446 1444//1414
f 1474//1446 1473//1445 1443//1413
f 1473//1445 1472//1444 1442//1412
f 1472//1444 1471//1443 1441//1411
f 1471//1443 1470//1442 1440//1410
f 1470//1442 1469//1441 1439//1409
f 1469//1441 1468//1440 1438//1408
f 1468//1440 1467//1439 1437//1407
f 1467//1439 1466//1438 1436//1406
f 1466//1438 1465//1437 1435//1405
f 1465//1437 1464//1436 1434//1404
f 1464//1436 1463//1435 1433//1403
f 1463//1435 1462//1434 1432//1402
f 1462//1434 1461//1433 1431//1401
f 1461//1433 1460//1432 1430//1400
f 1460//1432 1459//1431 1429//1399
f 1459//1431 1458//1430 1428//1398
f 1458//1430 1457//1429 1427//1397
f 1457//1429 1456//1428 1426//1396
f 1456//1428 1455//1427 1425//1395
f 1455//1427 1454//1426 1424//1394
f 1454//1426 1453//1425 1423//1393
f 1453//1425 1452//1424 1422//1392
f 1452//1424 1451//1423 1421//1391
f 1451//1423 1450//1422 1420//1390
f 1450//1422 1449//1421 1419//1389
f 1449//1421 1448//1420 1418//1388
f 1448//1420 1447//1419 1417//1387
f 1447//1419 1446//1418 1416//1386
f 1446//1418 1349//1449 1347//1417
f 1346//1416 1445//1415 1415//1383
f 1445//1415 1444//1414 1414//1382
f 1444//1414 1443//1413 1413//1381
f 1443//1413 1442//1412 1412//1380
f 1442//1412 1441//1411 1411//1379
f 1441//1411 1440//1410 1410//1378
f 1440//1410 1439//1409 1409//1377
f 1439//1409 1438//1408 1408//1376
f 1438//1408 1437//1407 1407//1375
f 1437//1407 1436//1406 1406//1374
f 1436//1406 1435//1405 1405//1373
f 1435//1405 1434//1404 1404//1372
f 1434//1404 1433//1403 1403//1371
f 1433//1403 1432//1402 1402//1370
f 1432//1402 1431//1401 1401//1369
f 1431//1401 1430//1400 1400//1368
f 1430//1400 1429//1399 1399//1367
f 1429//1399 1428//1398 1398//1366
f 1428//1398 1427//1397 1397//1365
f 1427//1397 1426//1396 1396//1364
f 1426//1396 1425//1395 1395//1363
f 1425//1395 1424//1394 1394//1362
f 1424//1394 1423//1393 1393//1361
f 1423//1393 1422//1392 1392//1360
f 1422//1392 1421//1391 1391//1359
f 1421//1391 1420//1390 1390//1358
f 1420//1390 1419//1389 1389//1357
f 1419//1389 1418//1388 1388//1356
f 1418//1388 1417//1387 1387//1355
f 1417//1387 1416//1386 1386//1354
f 1416//1386 1347//1417 1345//1385
f 1344//1384 1415//1383 1385//1349
f 1415//1383 1414//1382 1384//1346
f 1414//1382 1413//1381 1383//1343
f 1413//1381 1412//1380 1382//1340
f 1412//1380 1411//1379 1381//1337
f 1411//1379 1410//1378 1380//1334
f 1410//1378 1409//1377 1379//1331
f 1409//1377 1408//1376 1378//1326
f 1408//1376 1407//1375 1377//1323
f 1407//1375 1406//1374 1376//1320
f 1406//1374 1405//1373 1375//1317
f 1405//1373 1404//1372 1374//1314
f 1404//1372 1403//1371 1373//1311
f 1403//1371 1402//1370 1372//1309
f 1402//1370 1401//1369 1371//1308
f 1401//1369 1400//1368 1370//1305
f 1400//1368 1399//1367 1369//1302
f 1399//1367 1398//1366 1368//1299
f 1398//1366 1397//1365 1367//1296
f 1397//1365 1396//1364 1366//1293
f 1396//1364 1395//1363 1365//1290
f 1395//1363 1394//1362 1364//1287
f 1394//1362 1393//1361 1363//1282
f 1393//1361 1392//1360 1362//1279
f 1392//1360 1391//1359 1361//1276
f 1391//1359 1390//1358 1360//1273
f 1390//1358 1389//1357 1359//1270
f 1389//1357 1388//1356 1358//1267
f 1388//1356 1387//1355 1357//1265
f 1387//1355 1386//1354 1356//1264
f 1386//1354 1345//1385 1343//1353
f 1342//1352 1385//1349 1340//1350
f 1339//1348 1340//1350 1385//1349
f 1337//1345 1338//1347 1384//1346
f 1335//1342 1336//1344 1383//1343
f 1333//1339 1334//1341 1382//1340
f 1331//1336 1332//1338 1381//1337
f 1329//1333 1330//1335 1380//1334
f 1327//1330 1328//1332 1379//1331
f 1324//1327 1326//1329 1378//1326
f 1322//1324 1325//1328 1377//1323
f 1320//1321 1323//1325 1376//1320
f 1318//1318 1321//1322 1375//1317
f 1316//1315 1319//1319 1374//1314
f 1314//1312 1317//1316 1373//1311
f 1313//1310 1315//1313 1372//1309
f 1371//1308 1370//1305 1311//1306
f 1310//1304 1311//1306 1370//1305
f 1308//1301 1309//1303 1369//1302
f 1306//1298 1307//1300 1368//1299
f 1304//1295 1305//1297 1367//1296
f 1302//1292 1303//1294 1366//1293
f 1300//1289 1301//1291 1365//1290
f 1298//1286 1299//1288 1364//1287
f 1295//1283 1297//1285 1363//1282
f 1293//1280 1296//1284 1362//1279
f 1291//1277 1294//1281 1361//1276
f 1289//1274 1292//1278 1360//1273
f 1287//1271 1290//1275 1359//1270
f 1285//1268 1288//1272 1358//1267
f 1284//1266 1286//1269 1357//1265
f 1356//1264 1343//1353 1282//1262
f 1342//1606 1341//1607 1566//1607
f 1344//1608 1342//1606 1567//1609
f 1346//1610 1344//1608 1568//1611
f 1348//1612 1346//1610 1569//1613
f 1350//1614 1348//1612 1570//1615
f 1352//1616 1350//1614 1571//1617
f 1354//1618 1352//1616 1572//1619
f 1159//1620 1354//1618 1573//1621
f 1573//1621 1574//1620 1159//1620
f 1572//1619 1573//1621 1354//1618
f 1571//1617 1572//1619 1352//1616
f 1570//1615 1571//1617 1350//1614
f 1569//1613 1570//1615 1348//1612
f 1568//1611 1569//1613 1346//1610
f 1567//1609 1568//1611 1344//1608
f 1566//1607 1567//1609 1342//1606
f 1575//1620 1576//1620 1577//1620
f 1007//1620 1578//1620 1579//1620
f 1577//1620 1580//1620 1575//1620
f 1579//1620 1581//1620 1007//1620
f 1575//1620 1582//1620 1576//1620
f 1575//1620 1583//1620 1584//1620
f 1581//1620 1585//1620 1007//1620
f 1577//1620 1586//1620 1580//1620
f 1575//1620 1587//1620 1583//1620
f 1281//1620 1588//1620 1589//1620
f 992//1620 1590//1620 1591//1620
f 992//1620 1592//1620 1593//1620
f 1585//1620 1594//1620 1007//1620
f 945//1620 1595//1620 1596//1620
f 1580//1620 1597//1620 1598//1620
f 1584//1620 1582//1620 1575//1620
f 1575//1620 1599//1620 1600//1620
f 1281//1620 1601//1620 1602//1620
f 1281//1620 1591//1620 1588//1620
f 1593//1620 1590//1620 992//1620
f 1594//1620 1603//1620 1007//1620
f 946//1620 1604//1620 1605//1620
f 1596//1620 1606//1620 945//1620
f 1598//1620 1607//1620 1580//1620
f 1580//1620 1608//1620 1609//1620
f 1600//1620 1587//1620 1575//1620
f 1575//1620 1610//1620 1611//1620
f 1575//1620 1612//1620 1613//1620
f 1575//1620 1614//1620 1615//1620
f 1281//1620 1616//1620 1617//1620
f 1281//1620 1618//1620 1619//1620
f 1589//1620 1601//1620 1281//1620
f 992//1620 1620//1620 1592//1620
f 1603//1620 1621//1620 1007//1620
f 1605//1620 1622//1620 946//1620
f 1623//1620 1624//1620 944//1620
f 1606//1620 1625//1620 945//1620
f 1609//1620 1597//1620 1580//1620
f 1611//1620 1599//1620 1575//1620
f 1575//1620 1626//1620 1627//1620
f 1615//1620 1612//1620 1575//1620
f 1575//1620 1281//1620 1628//1620
f 1619//1620 1616//1620 1281//1620
f 1281//1620 1629//1620 1630//1620
f 1281//1620 1631//1620 1632//1620
f 1591//1620 1281//1620 992//1620
f 992//1620 1633//1620 1634//1620
f 948//1620 1635//1620 1604//1620
f 1621//1620 1636//1620 1007//1620
f 1622//1620 1637//1620 946//1620
f 1625//1620 1623//1620 945//1620
f 1638//1620 1639//1620 1640//1620
f 1586//1620 1608//1620 1580//1620
f 1613//1620 1626//1620 1575//1620
f 1628//1620 1641//1620 1575//1620
f 1630//1620 1618//1620 1281//1620
f 1602//1620 1631//1620 1281//1620
f 992//1620 1642//1620 1643//1620
f 992//1620 1644//1620 1633//1620
f 1604//1620 946//1620 948//1620
f 1636//1620 1645//1620 1007//1620
f 946//1620 1646//1620 1595//1620
f 1637//1620 1647//1620 946//1620
f 1648//1620 944//1620 1639//1620
f 944//1620 945//1620 1623//1620
f 1640//1620 1649//1620 1638//1620
f 1627//1620 1610//1620 1575//1620
f 1641//1620 1650//1620 1575//1620
f 1281//1620 1651//1620 1652//1620
f 1632//1620 1629//1620 1281//1620
f 1634//1620 1642//1620 992//1620
f 1645//1620 1635//1620 1007//1620
f 1647//1620 1646//1620 946//1620
f 944//1620 1653//1620 1639//1620
f 1624//1620 1654//1620 944//1620
f 1580//1620 1655//1620 1649//1620
f 1650//1620 1614//1620 1575//1620
f 1281//1620 1656//1620 1651//1620
f 1643//1620 1620//1620 992//1620
f 1595//1620 945//1620 946//1620
f 1654//1620 1653//1620 944//1620
f 1043//1620 1159//1620 1574//1620
f 1607//1620 1655//1620 1580//1620
f 1617//1620 1656//1620 1281//1620
f 1639//1620 1657//1620 1648//1620
f 1574//1620 1007//1620 1043//1620
f 1652//1620 1628//1620 1281//1620
f 992//1620 1658//1620 1659//1620
f 1660//1620 1658//1620 992//1620
f 1574//1620 1578//1620 1007//1620
f 1659//1620 1644//1620 992//1620
f 944//1620 1648//1620 1660//1620
f 1639//1620 1638//1620 1657//1620
f 992//1620 944//1620 1660//1620
f 1640//1620 1580//1620 1649//1620
f 948//1620 1007//1620 1635//1620
f 1661//1622 1575//1623 1580//1623
f 1662//1624 1661//1622 1663//1625
f 1664//1626 1662//1624 1665//1627
f 1666//1628 1664//1626 1667//1629
f 1668//1630 1666//1628 1669//1631
f 1670//1632 1668//1630 1671//1633
f 1672//1634 1670//1632 1673//1635
f 1674//1636 1672//1634 1675//1637
f 1675//1637 1676//1636 1674//1636
f 1673//1635 1675//1637 1672//1634
f 1671//1633 1673//1635 1670//1632
f 1669//1631 1671//1633 1668//1630
f 1667//1629 1669//1631 1666//1628
f 1665//1627 1667//1629 1664//1626
f 1663//1625 1665//1627 1662//1624
f 1580//1623 1663//1625 1661//1622
f 1567//1638 1566//1639 1677//1640
f 1568//1641 1567//1638 1712//1642
f 1569//1643 1568//1641 1713//1644
f 1570//1645 1569//1643 1714//1646
f 1571//1647 1570//1645 1715//1648
f 1572//1649 1571//1647 1716//1650
f 1573//1651 1572//1649 1717//1652
f 1574//1653 1573//1651 1718//1654
f 1712//1642 1678//1655 1679//1656
f 1712//1642 1677//1640 1678//1655
f 1712//1642 1719//1657 1720//1658
f 1713//1644 1720//1658 1721//1659
f 1714//1646 1721//1659 1722//1660
f 1715//1648 1722//1660 1723//1661
f 1716//1650 1723//1661 1724//1662
f 1717//1652 1724//1662 1725//1663
f 1578//1664 1718//1654 1725//1663
f 1719//1657 1679//1656 1680//1665
f 1719//1657 1726//1666 1727//1667
f 1720//1658 1727//1667 1728//1668
f 1721//1659 1728//1668 1729//1669
f 1722//1660 1729//1669 1730//1670
f 1723//1661 1730//1670 1731//1671
f 1724//1662 1731//1671 1732//1672
f 1579//1673 1725//1663 1732//1672
f 1726//1666 1680//1665 1681//1674
f 1726//1666 1733//1675 1734//1676
f 1727//1667 1734//1676 1735//1677
f 1728//1668 1735//1677 1736//1678
f 1729//1669 1736//1678 1737//1679
f 1730//1670 1737//1679 1738//1680
f 1731//1671 1738//1680 1739//1681
f 1581//1682 1732//1672 1739//1681
f 1733//1675 1682//1683 1683//1684
f 1733//1675 1681//1674 1682//1683
f 1733//1675 1740//1685 1741//1686
f 1734//1676 1741//1686 1742//1687
f 1735//1677 1742//1687 1743//1688
f 1736//1678 1743//1688 1744//1689
f 1737//1679 1744//1689 1745//1690
f 1738//1680 1745//1690 1746//1691
f 1585//1692 1739//1681 1746//1691
f 1740//1685 1683//1684 1684//1693
f 1740//1685 1747//1694 1748//1695
f 1741//1686 1748//1695 1749//1696
f 1742//1687 1749//1696 1750//1697
f 1743//1688 1750//1697 1751//1698
f 1744//1689 1751//1698 1752//1699
f 1745//1690 1752//1699 1753//1700
f 1594//1701 1746//1691 1753//1700
f 1747//1694 1684//1693 1685//1702
f 1747//1694 1754//1703 1755//1704
f 1748//1695 1755//1704 1756//1705
f 1749//1696 1756//1705 1757//1706
f 1750//1697 1757//1706 1758//1707
f 1751//1698 1758//1707 1759//1708
f 1752//1699 1759//1708 1760//1709
f 1603//1710 1753//1700 1760//1709
f 1754//1703 1686//1711 1687//1712
f 1754//1703 1685//1702 1686//1711
f 1754//1703 1761//1713 1762//1714
f 1755//1704 1762//1714 1763//1715
f 1756//1705 1763//1715 1764//1716
f 1757//1706 1764//1716 1765//1717
f 1758//1707 1765//1717 1766//1718
f 1759//1708 1766//1718 1767//1719
f 1621//1720 1760//1709 1767//1719
f 1761//1713 1687//1712 1688//1721
f 1761//1713 1768//1722 1769//1723
f 1762//1714 1769//1723 1770//1724
f 1763//1715 1770//1724 1771//1725
f 1764//1716 1771//1725 1772//1726
f 1765//1717 1772//1726 1773//1727
f 1766//1718 1773//1727 1774//1728
f 1636//1729 1767//1719 1774//1728
f 1768//1722 1688//1721 1689//1730
f 1768//1722 1775//1731 1776//1732
f 1769//1723 1776//1732 1777//1733
f 1770//1724 1777//1733 1778//1734
f 1771//1725 1778//1734 1779//1735
f 1772//1726 1779//1735 1780//1736
f 1773//1727 1780//1736 1781//1737
f 1645//1738 1774//1728 1781//1737
f 1775//1731 1690//1739 1691//1740
f 1775//1731 1689//1730 1690//1739
f 1775//1731 1782//1741 1783//1742
f 1776//1732 1783//1742 1784//1743
f 1777//1733 1784//1743 1785//1744
f 1778//1734 1785//1744 1786//1745
f 1779//1735 1786//1745 1787//1746
f 1780//1736 1787//1746 1788//1747
f 1635//1748 1781//1737 1788//1747
f 1782//1741 1691//1740 1692//1749
f 1782//1741 1789//1750 1790//1751
f 1783//1742 1790//1751 1791//1752
f 1784//1743 1791//1752 1792//1753
f 1785//1744 1792//1753 1793//1754
f 1786//1745 1793//1754 1794//1755
f 1787//1746 1794//1755 1795//1756
f 1604//1757 1788//1747 1795//1756
f 1789//1750 1692//1749 1693//1758
f 1789//1750 1796//1759 1797//1760
f 1790//1751 1797//1760 1798//1761
f 1791//1752 1798//1761 1799//1762
f 1792//1753 1799//1762 1800//1763
f 1793//1754 1800//1763 1801//1764
f 1794//1755 1801//1764 1802//1765
f 1605//1766 1795//1756 1802//1765
f 1796//1759 1693//1758 1694//1767
f 1694//1767 1803//1768 1796//1759
f 1796//1759 1803//1768 1804//1769
f 1797//1760 1804//1769 1805//1770
f 1798//1761 1805//1770 1806//1771
f 1799//1762 1806//1771 1807//1772
f 1800//1763 1807//1772 1808//1773
f 1801//1764 1808//1773 1809//1774
f 1622//1775 1802//1765 1809//1774
f 1810//1776 1803//1768 1695//1777
f 1803//1768 1810//1776 1811//1778
f 1804//1769 1811//1778 1812//1779
f 1805//1770 1812//1779 1813//1780
f 1806//1771 1813//1780 1814//1781
f 1807//1772 1814//1781 1815//1782
f 1808//1773 1815//1782 1816//1783
f 1647//1784 1637//1784 1809//1774
f 1817//1785 1810//1776 1696//1786
f 1810//1776 1817//1785 1818//1787
f 1811//1778 1818//1787 1819//1788
f 1812//1779 1819//1788 1820//1789
f 1813//1780 1820//1789 1821//1790
f 1814//1781 1821//1790 1822//1791
f 1815//1782 1822//1791 1823//1792
f 1646//1793 1647//1784 1816//1783
f 1824//1794 1817//1785 1697//1795
f 1697//1795 1698//1796 1824//1794
f 1817//1785 1824//1794 1825//1797
f 1818//1787 1825//1797 1826//1798
f 1819//1788 1826//1798 1827//1799
f 1820//1789 1827//1799 1828//1800
f 1821//1790 1828//1800 1829//1801
f 1822//1791 1829//1801 1830//1802
f 1595//1803 1646//1793 1823//1792
f 1831//1804 1824//1794 1699//1805
f 1824//1794 1831//1804 1832//1806
f 1825//1797 1832//1806 1833//1807
f 1826//1798 1833//1807 1834//1808
f 1827//1799 1834//1808 1835//1809
f 1828//1800 1835//1809 1836//1810
f 1829//1801 1836//1810 1837//1811
f 1596//1812 1595//1803 1830//1802
f 1838//1813 1831//1804 1700//1814
f 1831//1804 1838//1813 1839//1815
f 1832//1806 1839//1815 1840//1816
f 1833//1807 1840//1816 1841//1817
f 1834//1808 1841//1817 1842//1818
f 1835//1809 1842//1818 1843//1819
f 1836//1810 1843//1819 1844//1820
f 1606//1821 1596//1812 1837//1811
f 1845//1822 1838//1813 1701//1823
f 1701//1823 1702//1824 1845//1822
f 1838//1813 1845//1822 1846//1825
f 1839//1815 1846//1825 1847//1826
f 1840//1816 1847//1826 1848//1827
f 1841//1817 1848//1827 1849//1828
f 1842//1818 1849//1828 1850//1829
f 1843//1819 1850//1829 1851//1830
f 1625//1831 1606//1821 1844//1820
f 1852//1832 1845//1822 1703//1833
f 1845//1822 1852//1832 1853//1834
f 1846//1825 1853//1834 1854//1835
f 1847//1826 1854//1835 1855//1836
f 1848//1827 1855//1836 1856//1837
f 1849//1828 1856//1837 1857//1838
f 1850//1829 1857//1838 1858//1839
f 1623//1840 1625//1831 1851//1830
f 1859//1841 1852//1832 1704//1842
f 1852//1832 1859//1841 1860//1843
f 1853//1834 1860//1843 1861//1844
f 1854//1835 1861//1844 1862//1845
f 1855//1836 1862//1845 1863//1846
f 1856//1837 1863//1846 1864//1847
f 1857//1838 1864//1847 1865//1848
f 1624//1849 1623//1840 1858//1839
f 1866//1850 1859//1841 1705//1851
f 1705//1851 1706//1852 1866//1850
f 1859//1841 1866//1850 1867//1853
f 1860//1843 1867//1853 1868//1854
f 1861//1844 1868//1854 1869//1855
f 1862//1845 1869//1855 1870//1856
f 1863//1846 1870//1856 1871//1857
f 1864//1847 1871//1857 1872//1858
f 1654//1859 1624//1849 1865//1848
f 1873//1860 1866//1850 1707//1861
f 1866//1850 1873//1860 1874//1862
f 1867//1853 1874//1862 1875//1863
f 1868//1854 1875//1863 1876//1864
f 1869//1855 1876//1864 1877//1865
f 1870//1856 1877//1865 1878//1866
f 1871//1857 1878//1866 1879//1867
f 1653//1868 1654//1859 1872//1858
f 1880//1869 1873//1860 1708//1870
f 1873//1860 1880//1869 1881//1871
f 1874//1862 1881//1871 1882//1872
f 1875//1863 1882//1872 1883//1873
f 1876//1864 1883//1873 1884//1874
f 1877//1865 1884//1874 1885//1875
f 1878//1866 1885//1875 1886//1876
f 1639//1877 1653//1868 1879//1867
f 1887//1878 1880//1869 1709//1879
f 1880//1869 1710//1880 1709//1879
f 1880//1869 1887//1878 1888//1881
f 1881//1871 1888//1881 1889//1882
f 1882//1872 1889//1882 1890//1883
f 1883//1873 1890//1883 1891//1884
f 1884//1874 1891//1884 1892//1885
f 1885//1875 1892//1885 1893//1886
f 1640//1887 1639//1877 1886//1876
f 1675//1888 1887//1878 1711//1889
f 1673//1890 1888//1881 1887//1878
f 1671//1891 1889//1882 1888//1881
f 1669//1892 1890//1883 1889//1882
f 1667//1893 1891//1884 1890//1883
f 1665//1894 1892//1885 1891//1884
f 1663//1895 1893//1886 1892//1885
f 1580//1896 1640//1887 1893//1886
f 1893//1886 1663//1895 1580//1896
f 1892//1885 1665//1894 1663//1895
f 1891//1884 1667//1893 1665//1894
f 1890//1883 1669//1892 1667//1893
f 1889//1882 1671//1891 1669//1892
f 1888//1881 1673//1890 1671//1891
f 1887//1878 1675//1888 1673//1890
f 1711//1889 1676//1897 1675//1888
f 1886//1876 1893//1886 1640//1887
f 1893//1886 1886//1876 1885//1875
f 1892//1885 1885//1875 1884//1874
f 1891//1884 1884//1874 1883//1873
f 1890//1883 1883//1873 1882//1872
f 1889//1882 1882//1872 1881//1871
f 1888//1881 1881//1871 1880//1869
f 1709//1879 1711//1889 1887//1878
f 1879//1867 1886//1876 1639//1877
f 1886//1876 1879//1867 1878//1866
f 1885//1875 1878//1866 1877//1865
f 1884//1874 1877//1865 1876//1864
f 1883//1873 1876//1864 1875//1863
f 1882//1872 1875//1863 1874//1862
f 1881//1871 1874//1862 1873//1860
f 1708//1870 1710//1880 1880//1869
f 1872//1858 1879//1867 1653//1868
f 1879//1867 1872//1858 1871//1857
f 1878//1866 1871//1857 1870//1856
f 1877//1865 1870//1856 1869//1855
f 1876//1864 1869//1855 1868//1854
f 1875//1863 1868//1854 1867//1853
f 1874//1862 1867//1853 1866//1850
f 1707//1861 1708//1870 1873//1860
f 1865//1848 1872//1858 1654//1859
f 1872//1858 1865//1848 1864//1847
f 1871//1857 1864//1847 1863//1846
f 1870//1856 1863//1846 1862//1845
f 1869//1855 1862//1845 1861//1844
f 1868//1854 1861//1844 1860//1843
f 1867//1853 1860//1843 1859//1841
f 1706//1852 1707//1861 1866//1850
f 1858//1839 1865//1848 1624//1849
f 1865//1848 1858//1839 1857//1838
f 1864//1847 1857//1838 1856//1837
f 1863//1846 1856//1837 1855//1836
f 1862//1845 1855//1836 1854//1835
f 1861//1844 1854//1835 1853//1834
f 1860//1843 1853//1834 1852//1832
f 1704//1842 1705//1851 1859//1841
f 1851//1830 1858//1839 1623//1840
f 1858//1839 1851//1830 1850//1829
f 1857//1838 1850//1829 1849//1828
f 1856//1837 1849//1828 1848//1827
f 1855//1836 1848//1827 1847//1826
f 1854//1835 1847//1826 1846//1825
f 1853//1834 1846//1825 1845//1822
f 1703//1833 1704//1842 1852//1832
f 1844//1820 1851//1830 1625//1831
f 1851//1830 1844//1820 1843//1819
f 1850//1829 1843//1819 1842//1818
f 1849//1828 1842//1818 1841//1817
f 1848//1827 1841//1817 1840//1816
f 1847//1826 1840//1816 1839//1815
f 1846//1825 1839//1815 1838//1813
f 1702//1824 1703//1833 1845//1822
f 1837//1811 1844//1820 1606//1821
f 1844//1820 1837//1811 1836//1810
f 1843//1819 1836//1810 1835//1809
f 1842//1818 1835//1809 1834//1808
f 1841//1817 1834//1808 1833//1807
f 1840//1816 1833//1807 1832//1806
f 1839//1815 1832//1806 1831//1804
f 1700//1814 1701//1823 1838//1813
f 1830//1802 1837//1811 1596//1812
f 1837//1811 1830//1802 1829//1801
f 1836//1810 1829//1801 1828//1800
f 1835//1809 1828//1800 1827//1799
f 1834//1808 1827//1799 1826//1798
f 1833//1807 1826//1798 1825//1797
f 1832//1806 1825//1797 1824//1794
f 1699//1805 1700//1814 1831//1804
f 1823//1792 1830//1802 1595//1803
f 1830//1802 1823//1792 1822//1791
f 1829//1801 1822//1791 1821//1790
f 1828//1800 1821//1790 1820//1789
f 1827//1799 1820//1789 1819//1788
f 1826//1798 1819//1788 1818//1787
f 1825//1797 1818//1787 1817//1785
f 1698//1796 1699//1805 1824//1794
f 1816//1783 1823//1792 1646//1793
f 1823//1792 1816//1783 1815//1782
f 1822//1791 1815//1782 1814//1781
f 1821//1790 1814//1781 1813//1780
f 1820//1789 1813//1780 1812//1779
f 1819//1788 1812//1779 1811//1778
f 1818//1787 1811//1778 1810//1776
f 1696//1786 1697//1795 1817//1785
f 1809//1774 1816//1783 1647//1784
f 1816//1783 1809//1774 1808//1773
f 1815//1782 1808//1773 1807//1772
f 1814//1781 1807//1772 1806//1771
f 1813//1780 1806//1771 1805//1770
f 1812//1779 1805//1770 1804//1769
f 1811//1778 1804//1769 1803//1768
f 1695//1777 1696//1786 1810//1776
f 1809//1774 1637//1784 1622//1775
f 1809//1774 1802//1765 1801//1764
f 1808//1773 1801//1764 1800//1763
f 1807//1772 1800//1763 1799//1762
f 1806//1771 1799//1762 1798//1761
f 1805//1770 1798//1761 1797//1760
f 1804//1769 1797//1760 1796//1759
f 1694//1767 1695//1777 1803//1768
f 1802//1765 1622//1775 1605//1766
f 1802//1765 1795//1756 1794//1755
f 1801//1764 1794//1755 1793//1754
f 1800//1763 1793//1754 1792//1753
f 1799//1762 1792//1753 1791//1752
f 1798//1761 1791//1752 1790//1751
f 1797//1760 1790//1751 1789//1750
f 1693//1758 1796//1759 1789//1750
f 1795//1756 1605//1766 1604//1757
f 1795//1756 1788//1747 1787//1746
f 1794//1755 1787//1746 1786//1745
f 1793//1754 1786//1745 1785//1744
f 1792//1753 1785//1744 1784//1743
f 1791//1752 1784//1743 1783//1742
f 1790//1751 1783//1742 1782//1741
f 1692//1749 1789//1750 1782//1741
f 1788//1747 1604//1757 1635//1748
f 1788//1747 1781//1737 1780//1736
f 1787//1746 1780//1736 1779//1735
f 1786//1745 1779//1735 1778//1734
f 1785//1744 1778//1734 1777//1733
f 1784//1743 1777//1733 1776//1732
f 1783//1742 1776//1732 1775//1731
f 1691//1740 1782//1741 1775//1731
f 1781//1737 1635//1748 1645//1738
f 1781//1737 1774//1728 1773//1727
f 1780//1736 1773//1727 1772//1726
f 1779//1735 1772//1726 1771//1725
f 1778//1734 1771//1725 1770//1724
f 1777//1733 1770//1724 1769//1723
f 1776//1732 1769//1723 1768//1722
f 1689//1730 1775//1731 1768//1722
f 1774//1728 1645//1738 1636//1729
f 1774//1728 1767//1719 1766//1718
f 1773//1727 1766//1718 1765//1717
f 1772//1726 1765//1717 1764//1716
f 1771//1725 1764//1716 1763//1715
f 1770//1724 1763//1715 1762//1714
f 1769//1723 1762//1714 1761//1713
f 1688//1721 1768//1722 1761//1713
f 1767//1719 1636//1729 1621//1720
f 1767//1719 1760//1709 1759//1708
f 1766//1718 1759//1708 1758//1707
f 1765//1717 1758//1707 1757//1706
f 1764//1716 1757//1706 1756//1705
f 1763//1715 1756//1705 1755//1704
f 1762//1714 1755//1704 1754//1703
f 1687//1712 1761//1713 1754//1703
f 1760//1709 1621//1720 1603//1710
f 1760//1709 1753//1700 1752//1699
f 1759//1708 1752//1699 1751//1698
f 1758//1707 1751//1698 1750//1697
f 1757//1706 1750//1697 1749//1696
f 1756//1705 1749//1696 1748//1695
f 1755//1704 1748//1695 1747//1694
f 1685//1702 1754//1703 1747//1694
f 1753//1700 1603//1710 1594//1701
f 1753//1700 1746//1691 1745//1690
f 1752//1699 1745//1690 1744//1689
f 1751//1698 1744//1689 1743//1688
f 1750//1697 1743//1688 1742//1687
f 1749//1696 1742//1687 1741//1686
f 1748//1695 1741//1686 1740//1685
f 1684//1693 1747//1694 1740//1685
f 1746//1691 1594//1701 1585//1692
f 1746//1691 1739//1681 1738//1680
f 1745//1690 1738//1680 1737//1679
f 1744//1689 1737//1679 1736//1678
f 1743//1688 1736//1678 1735//1677
f 1742//1687 1735//1677 1734//1676
f 1741//1686 1734//1676 1733//1675
f 1683//1684 1740//1685 1733//1675
f 1739//1681 1585//1692 1581//1682
f 1739//1681 1732//1672 1731//1671
f 1738//1680 1731//1671 1730//1670
f 1737//1679 1730//1670 1729//1669
f 1736//1678 1729//1669 1728//1668
f 1735//1677 1728//1668 1727//1667
f 1734//1676 1727//1667 1726//1666
f 1681//1674 1733//1675 1726//1666
f 1732//1672 1581//1682 1579//1673
f 1732//1672 1725//1663 1724//1662
f 1731//1671 1724//1662 1723//1661
f 1730//1670 1723//1661 1722//1660
f 1729//1669 1722//1660 1721//1659
f 1728//1668 1721//1659 1720//1658
f 1727//1667 1720//1658 1719//1657
f 1680//1665 1726//1666 1719//1657
f 1725//1663 1579//1673 1578//1664
f 1725//1663 1718//1654 1717//1652
f 1724//1662 1717//1652 1716//1650
f 1723//1661 1716//1650 1715//1648
f 1722//1660 1715//1648 1714//1646
f 1721//1659 1714//1646 1713//1644
f 1720//1658 1713//1644 1712//1642
f 1679//1656 1719//1657 1712//1642
f 1718//1654 1578//1664 1574//1653
f 1717//1652 1718//1654 1573//1651
f 1716//1650 1717//1652 1572//1649
f 1715//1648 1716//1650 1571//1647
f 1714//1646 1715//1648 1570//1645
f 1713//1644 1714//1646 1569//1643
f 1712//1642 1713//1644 1568//1641
f 1677//1640 1712//1642 1567//1638
f 1674//1897 1676//1897 1894//1897
f 1894//1897 1895//1897 1674//1897
f 1341//1898 1896//1898 1897//1898
f 1897//1898 1566//1898 1341//1898
f 1898//1899 1894//1900 1676//1900
f 1676//1900 1711//1901 1898//1899
f 1709//1902 1899//1903 1898//1899
f 1900//1904 1899//1903 1709//1902
f 1709//1902 1710//1905 1900//1904
f 1901//1906 1900//1904 1708//1907
f 1708//1907 1707//1908 1901//1906
f 1902//1909 1901//1906 1707//1908
f 1707//1908 1706//1910 1902//1909
f 1903//1911 1902//1909 1706//1910
f 1904//1912 1903//1911 1705//1913
f 1705//1913 1704//1914 1904//1912
f 1905//1915 1904//1912 1703//1916
f 1703//1916 1702//1917 1905//1915
f 1704//1914 1703//1916 1904//1912
f 1906//1918 1905//1915 1702//1917
f 1702//1917 1701//1919 1906//1918
f 1907//1920 1906//1918 1700//1921
f 1700//1921 1699//1922 1907//1920
f 1699//1922 1698//1923 1907//1920
f 1908//1924 1907//1920 1698//1923
f 1909//1925 1908//1924 1697//1926
f 1910//1927 1909//1925 1696//1928
f 1696//1928 1695//1929 1910//1927
f 1695//1929 1694//1930 1910//1927
f 1697//1926 1696//1928 1909//1925
f 1910//1927 1694//1930 1693//1931
f 1911//1932 1692//1933 1691//1934
f 1911//1932 1693//1931 1692//1933
f 1691//1934 1912//1935 1911//1932
f 1912//1935 1691//1934 1690//1936
f 1690//1936 1913//1937 1912//1935
f 1913//1937 1689//1938 1688//1939
f 1913//1937 1690//1936 1689//1938
f 1914//1940 1687//1941 1686//1942
f 1914//1940 1688//1939 1687//1941
f 1686//1942 1915//1943 1914//1940
f 1915//1943 1686//1942 1685//1944
f 1916//1945 1684//1946 1683//1947
f 1916//1945 1685//1944 1684//1946
f 1917//1948 1683//1947 1682//1949
f 1682//1949 1918//1950 1917//1948
f 1683//1947 1917//1948 1916//1945
f 1918//1950 1682//1949 1681//1951
f 1919//1952 1681//1951 1680//1953
f 1680//1953 1920//1954 1919//1952
f 1920//1954 1679//1955 1678//1956
f 1920//1954 1680//1953 1679//1955
f 1678//1956 1921//1957 1920//1954
f 1921//1957 1678//1956 1677//1958
f 1922//1959 1677//1958 1566//1960
f 1566//1960 1897//1960 1922//1959
f 1677//1958 1922//1959 1921//1957
f 1681//1951 1919//1952 1918//1950
f 1685//1944 1916//1945 1915//1943
f 1688//1939 1914//1940 1913//1937
f 1693//1931 1911//1932 1910//1927
f 1698//1923 1697//1926 1908//1924
f 1701//1919 1700//1921 1906//1918
f 1706//1910 1705//1913 1903//1911
f 1710//1905 1708//1907 1900//1904
f 1711//1901 1709//1902 1898//1899
f 1952//1961 1923//1962 1924//1963
f 1953//1964 1925//1965 1926//1966
f 1927//1967 1923//1962 1952//1961
f 1954//1968 1928//1969 1927//1967
f 1954//1968 1952//1961 1955//1970
f 1956//1971 1955//1970 1957//1972
f 1958//1973 1957//1972 1959//1974
f 1960//1975 1959//1974 1961//1976
f 1962//1977 1961//1976 1963//1978
f 1964//1979 1963//1978 1965//1980
f 1966//1981 1965//1980 1967//1982
f 1968//1983 1967//1982 1969//1984
f 1970//1985 1969//1984 1971//1986
f 1972//1987 1971//1986 1973//1988
f 1974//1989 1973//1988 1975//1990
f 1976//1991 1975//1990 1977//1992
f 1978//1993 1977//1992 1953//1964
f 1929//1994 1979//1995 1953//1964
f 1953//1964 1930//1996 1929//1994
f 1931//1997 1928//1969 1954//1968
f 1980//1998 1932//1999 1931//1997
f 1980//1998 1954//1968 1956//1971
f 1981//2000 1956//1971 1958//1973
f 1982//2001 1958//1973 1960//1975
f 1983//2002 1960//1975 1962//1977
f 1984//2003 1962//1977 1964//1979
f 1985//2004 1964//1979 1966//1981
f 1986//2005 1966//1981 1968//1983
f 1987//2006 1968//1983 1970//1985
f 1988//2007 1970//1985 1972//1987
f 1989//2008 1972//1987 1974//1989
f 1990//2009 1974//1989 1976//1991
f 1991//2010 1976//1991 1978//1993
f 1992//2011 1978//1993 1979//1995
f 1933//2012 1993//2013 1979//1995
f 1979//1995 1934//2014 1933//2012
f 1935//2015 1932//1999 1980//1998
f 1994//2016 1936//2017 1935//2015
f 1994//2016 1980//1998 1981//2000
f 1995//2018 1981//2000 1982//2001
f 1996//2019 1982//2001 1983//2002
f 1997//2020 1983//2002 1984//2003
f 1998//2021 1984//2003 1985//2004
f 1999//2022 1985//2004 1986//2005
f 2000//2023 1986//2005 1987//2006
f 2001//2024 1987//2006 1988//2007
f 2002//2025 1988//2007 1989//2008
f 2003//2026 1989//2008 1990//2009
f 2004//2027 1990//2009 1991//2010
f 2005//2028 1991//2010 1992//2011
f 2006//2029 1992//2011 1993//2013
f 1937//2030 2007//2031 1993//2013
f 1993//2013 1938//2032 1937//2030
f 1939//2033 1936//2017 1994//2016
f 2008//2034 1940//2035 1939//2033
f 2008//2034 1994//2016 1995//2018
f 2009//2036 1995//2018 1996//2019
f 2010//2037 1996//2019 1997//2020
f 2011//2038 1997//2020 1998//2021
f 2012//2039 1998//2021 1999//2022
f 2013//2040 1999//2022 2000//2023
f 2014//2041 2000//2023 2001//2024
f 2015//2042 2001//2024 2002//2025
f 2016//2043 2002//2025 2003//2026
f 2017//2044 2003//2026 2004//2027
f 2018//2045 2004//2027 2005//2028
f 2019//2046 2005//2028 2006//2029
f 2020//2047 2006//2029 2007//2031
f 1941//2048 2021//2049 2007//2031
f 2007//2031 1942//2050 1941//2048
f 1943//2051 1940//2035 2008//2034
f 2022//2052 1944//2053 1943//2051
f 2022//2052 2008//2034 2009//2036
f 2023//2054 2009//2036 2010//2037
f 2024//2055 2010//2037 2011//2038
f 2025//2056 2011//2038 2012//2039
f 2026//2057 2012//2039 2013//2040
f 2027//2058 2013//2040 2014//2041
f 2028//2059 2014//2041 2015//2042
f 2029//2060 2015//2042 2016//2043
f 2030//2061 2016//2043 2017//2044
f 2031//2062 2017//2044 2018//2045
f 2032//2063 2018//2045 2019//2046
f 2033//2064 2019//2046 2020//2047
f 2034//2065 2020//2047 2021//2049
f 1945//2066 2035//2067 2021//2049
f 2021//2049 1946//2068 1945//2066
f 1947//2069 1944//2053 2022//2052
f 2036//2070 1948//2071 1947//2069
f 2036//2070 2022//2052 2023//2054
f 2037//2072 2034//2065 2035//2067
f 1949//2073 2038//2074 2035//2067
f 2035//2067 1950//2075 1949//2073
f 1951//2076 1894//2077 1898//2078
f 2038//2074 1899//2079 1900//2080
f 2038//2074 1898//2078 1899//2079
f 2034//2065 1902//2081 1903//2082
f 2034//2065 2037//2072 1901//2083
f 1901//2083 1902//2081 2034//2065
f 2033//2064 1903//2082 1904//2084
f 2032//2063 1905//2085 1906//2086
f 2032//2063 1904//2084 1905//2085
f 2031//2062 1906//2086 1907//2087
f 1907//2087 2030//2061 2031//2062
f 1909//2088 2029//2060 2030//2061
f 2029//2060 1909//2088 1910//2089
f 1910//2089 2028//2059 2029//2060
f 1911//2090 1912//2091 2027//2058
f 2026//2057 2027//2058 1913//2092
f 2027//2058 1912//2091 1913//2092
f 2025//2056 2026//2057 1914//2093
f 1914//2093 1915//2094 2025//2056
f 2024//2055 2025//2056 1916//2095
f 2023//2054 1918//2096 1919//2097
f 2023//2054 2024//2055 1917//2098
f 1917//2098 1918//2096 2023//2054
f 2036//2070 2039//2099 1920//2100
f 1920//2100 1921//2101 2036//2070
f 1948//2071 2036//2070 1922//2102
f 1922//2102 1897//2103 1948//2071
f 1921//2101 1922//2102 2036//2070
f 1920//2100 2039//2099 1919//2097
f 1919//2097 2039//2099 2023//2054
f 1916//2095 1917//2098 2024//2055
f 1915//2094 1916//2095 2025//2056
f 1913//2092 1914//2093 2026//2057
f 2027//2058 2028//2059 1911//2090
f 1910//2089 1911//2090 2028//2059
f 2030//2061 1908//2104 1909//2088
f 1907//2087 1908//2104 2030//2061
f 1906//2086 2031//2062 2032//2063
f 1904//2084 2032//2063 2033//2064
f 1903//2082 2033//2064 2034//2065
f 1901//2083 2037//2072 1900//2080
f 1900//2080 2037//2072 2038//2074
f 1898//2078 2038//2074 1951//2076
f 1949//2073 1951//2076 2038//2074
f 2035//2067 2038//2074 2037//2072
f 2023//2054 2039//2099 2036//2070
f 2022//2052 2036//2070 1947//2069
f 1945//2066 1950//2075 2035//2067
f 2021//2049 2035//2067 2034//2065
f 2020//2047 2034//2065 2033//2064
f 2019//2046 2033//2064 2032//2063
f 2018//2045 2032//2063 2031//2062
f 2017//2044 2031//2062 2030//2061
f 2016//2043 2030//2061 2029//2060
f 2015//2042 2029//2060 2028//2059
f 2014//2041 2028//2059 2027//2058
f 2013//2040 2027//2058 2026//2057
f 2012//2039 2026//2057 2025//2056
f 2011//2038 2025//2056 2024//2055
f 2010//2037 2024//2055 2023//2054
f 2009//2036 2023//2054 2022//2052
f 2008//2034 2022//2052 1943//2051
f 1941//2048 1946//2068 2021//2049
f 2007//2031 2021//2049 2020//2047
f 2006//2029 2020//2047 2019//2046
f 2005//2028 2019//2046 2018//2045
f 2004//2027 2018//2045 2017//2044
f 2003//2026 2017//2044 2016//2043
f 2002//2025 2016//2043 2015//2042
f 2001//2024 2015//2042 2014//2041
f 2000//2023 2014//2041 2013//2040
f 1999//2022 2013//2040 2012//2039
f 1998//2021 2012//2039 2011//2038
f 1997//2020 2011//2038 2010//2037
f 1996//2019 2010//2037 2009//2036
f 1995//2018 2009//2036 2008//2034
f 1994//2016 2008//2034 1939//2033
f 1937//2030 1942//2050 2007//2031
f 1993//2013 2007//2031 2006//2029
f 1992//2011 2006//2029 2005//2028
f 1991//2010 2005//2028 2004//2027
f 1990//2009 2004//2027 2003//2026
f 1989//2008 2003//2026 2002//2025
f 1988//2007 2002//2025 2001//2024
f 1987//2006 2001//2024 2000//2023
f 1986//2005 2000//2023 1999//2022
f 1985//2004 1999//2022 1998//2021
f 1984//2003 1998//2021 1997//2020
f 1983//2002 1997//2020 1996//2019
f 1982//2001 1996//2019 1995//2018
f 1981//2000 1995//2018 1994//2016
f 1980//1998 1994//2016 1935//2015
f 1933//2012 1938//2032 1993//2013
f 1979//1995 1993//2013 1992//2011
f 1978//1993 1992//2011 1991//2010
f 1976//1991 1991//2010 1990//2009
f 1974//1989 1990//2009 1989//2008
f 1972//1987 1989//2008 1988//2007
f 1970//1985 1988//2007 1987//2006
f 1968//1983 1987//2006 1986//2005
f 1966//1981 1986//2005 1985//2004
f 1964//1979 1985//2004 1984//2003
f 1962//1977 1984//2003 1983//2002
f 1960//1975 1983//2002 1982//2001
f 1958//1973 1982//2001 1981//2000
f 1956//1971 1981//2000 1980//1998
f 1954//1968 1980//1998 1931//1997
f 1929//1994 1934//2014 1979//1995
f 1953//1964 1979//1995 1978//1993
f 1977//1992 1978//1993 1976//1991
f 1975//1990 1976//1991 1974//1989
f 1973//1988 1974//1989 1972//1987
f 1971//1986 1972//1987 1970//1985
f 1969//1984 1970//1985 1968//1983
f 1967//1982 1968//1983 1966//1981
f 1965//1980 1966//1981 1964//1979
f 1963//1978 1964//1979 1962//1977
f 1961//1976 1962//1977 1960//1975
f 1959//1974 1960//1975 1958//1973
f 1957//1972 1958//1973 1956//1971
f 1955//1970 1956//1971 1954//1968
f 1952//1961 1954//1968 1927//1967
f 1926//1966 1930//1996 1953//1964
f 1953//1964 1977//1992 1925//2105
f 1977//1992 1975//1990 1925//2105
f 1975//1990 1973//1988 1925//2105
f 1973//1988 1971//1986 1925//2105
f 1971//1986 1969//1984 1925//2105
f 1969//1984 1967//1982 1925//2105
f 1967//1982 1965//1980 1925//2105
f 1965//1980 1963//1978 1925//2105
f 1963//1978 1961//1976 1925//2105
f 1961//1976 1959//1974 1925//2105
f 1959//1974 1957//1972 1925//2105
f 1957//1972 1955//1970 1925//2105
f 1955//1970 1952//1961 1925//2105
f 1924//1963 1925//2105 1952//1961
f 1925//2105 2040//2105 2041//2106
f 2042//2107 1929//2108 1930//2109
f 1930//2109 2041//2106 2042//2107
f 2043//2110 1933//2111 1934//2112
f 1934//2112 2042//2107 2043//2110
f 2044//2113 1937//2114 1938//2115
f 1938//2115 2043//2110 2044//2113
f 2045//2116 1941//2117 1942//2118
f 1942//2118 2044//2113 2045//2116
f 2046//2119 1945//2120 1946//2121
f 1946//2121 2045//2116 2046//2119
f 2047//2122 1949//2123 1950//2124
f 1950//2124 2046//2119 2047//2122
f 1895//2125 1894//2125 1951//2126
f 1951//2126 2047//2122 1895//2125
f 1951//2126 1949//2123 2047//2122
f 1950//2124 1945//2120 2046//2119
f 1946//2121 1941//2117 2045//2116
f 1942//2118 1937//2114 2044//2113
f 1938//2115 1933//2111 2043//2110
f 1934//2112 1929//2108 2042//2107
f 1930//2109 1926//2127 2041//2106
f 2041//2106 1926//2127 1925//2105
f 1924//2128 2048//2129 2049//2130
f 2049//2130 1925//2131 1924//2128
f 2050//2132 1924//2128 1923//2133
f 1923//2133 2051//2134 2050//2132
f 2050//2132 2048//2129 1924//2128
f 2051//2134 1927//2135 1928//2136
f 1928//2136 2052//2137 2053//2138
f 1928//2136 2053//2138 2051//2134
f 2052//2137 1931//2139 1932//2140
f 1932//2140 2054//2141 2055//2142
f 1932//2140 2055//2142 2052//2137
f 2054//2141 1935//2143 1936//2144
f 1936//2144 2056//2145 2057//2146
f 1936//2144 2057//2146 2054//2141
f 2056//2145 1939//2147 1940//2148
f 1940//2148 2058//2149 2059//2150
f 1940//2148 2059//2150 2056//2145
f 2058//2149 1943//2151 1944//2152
f 1944//2152 2060//2153 2061//2154
f 1944//2152 2061//2154 2058//2149
f 2060//2153 1947//2155 1948//2156
f 1897//2157 1896//2157 2062//2158
f 2062//2158 1948//2156 1897//2157
f 1948//2156 2062//2158 2060//2153
f 1944//2152 1947//2155 2060//2153
f 1940//2148 1943//2151 2058//2149
f 1936//2144 1939//2147 2056//2145
f 1932//2140 1935//2143 2054//2141
f 1928//2136 1931//2139 2052//2137
f 1923//2133 1927//2135 2051//2134
f 2049//2130 2063//2159 1925//2131
f 2064//2159 2065//2159 2066//2159
f 2064//2159 2063//2159 2067//2159
f 2066//2159 2068//2159 2064//2159
f 2067//2159 2069//2159 2064//2159
f 2064//2159 2070//2159 2065//2159
f 2069//2159 2071//2159 2064//2159
f 2068//2159 2072//2159 2064//2159
f 2071//2159 2073//2159 2064//2159
f 2064//2159 2074//2159 2075//2159
f 2073//2159 2070//2159 2064//2159
f 1925//2159 2063//2159 2064//2159
f 2072//2159 2074//2159 2064//2159
f 2075//2159 2076//2159 2064//2159
f 2064//2159 2040//2159 1925//2159
f 1896//2160 2077//2161 2114//2162
f 2060//2163 2114//2162 2115//2164
f 2115//2164 2061//2165 2060//2163
f 2058//2166 2115//2164 2116//2167
f 2116//2167 2059//2168 2058//2166
f 2117//2169 2057//2170 2056//2171
f 2056//2171 2116//2167 2117//2169
f 2118//2172 2055//2173 2054//2174
f 2054//2174 2117//2169 2118//2172
f 2119//2175 2053//2176 2052//2177
f 2052//2177 2118//2172 2119//2175
f 2119//2175 2120//2178 2051//2179
f 2120//2178 2050//2180 2051//2179
f 2120//2178 2121//2181 2048//2182
f 2121//2181 2049//2183 2048//2182
f 2121//2181 2067//2184 2063//2184
f 2114//2162 2077//2161 2078//2185
f 2078//2185 2122//2186 2114//2162
f 2115//2164 2114//2162 2122//2186
f 2116//2167 2115//2164 2123//2187
f 2117//2169 2116//2167 2124//2188
f 2118//2172 2117//2169 2125//2189
f 2119//2175 2118//2172 2126//2190
f 2120//2178 2119//2175 2127//2191
f 2121//2181 2120//2178 2128//2192
f 2129//2193 2069//2194 2067//2184
f 2079//2195 2080//2196 2130//2197
f 2123//2187 2122//2186 2130//2197
f 2124//2188 2123//2187 2131//2198
f 2125//2189 2124//2188 2132//2199
f 2126//2190 2125//2189 2133//2200
f 2127//2191 2126//2190 2134//2201
f 2128//2192 2127//2191 2135//2202
f 2129//2193 2128//2192 2136//2203
f 2137//2204 2071//2205 2069//2194
f 2138//2206 2130//2197 2081//2207
f 2130//2197 2080//2196 2081//2207
f 2131//2198 2130//2197 2138//2206
f 2132//2199 2131//2198 2139//2208
f 2133//2200 2132//2199 2140//2209
f 2134//2201 2133//2200 2141//2210
f 2135//2202 2134//2201 2142//2211
f 2136//2203 2135//2202 2143//2212
f 2137//2204 2136//2203 2144//2213
f 2145//2214 2073//2215 2071//2205
f 2082//2216 2083//2217 2146//2218
f 2139//2208 2138//2206 2146//2218
f 2140//2209 2139//2208 2147//2219
f 2141//2210 2140//2209 2148//2220
f 2142//2211 2141//2210 2149//2221
f 2143//2212 2142//2211 2150//2222
f 2144//2213 2143//2212 2151//2223
f 2145//2214 2144//2213 2152//2224
f 2153//2225 2070//2226 2073//2215
f 2154//2227 2146//2218 2084//2228
f 2146//2218 2083//2217 2084//2228
f 2147//2219 2146//2218 2154//2227
f 2148//2220 2147//2219 2155//2229
f 2149//2221 2148//2220 2156//2230
f 2150//2222 2149//2221 2157//2231
f 2151//2223 2150//2222 2158//2232
f 2152//2224 2151//2223 2159//2233
f 2153//2225 2152//2224 2160//2234
f 2161//2235 2065//2236 2070//2226
f 2085//2237 2086//2238 2162//2239
f 2155//2229 2154//2227 2162//2239
f 2156//2230 2155//2229 2163//2240
f 2157//2231 2156//2230 2164//2241
f 2158//2232 2157//2231 2165//2242
f 2159//2233 2158//2232 2166//2243
f 2160//2234 2159//2233 2167//2244
f 2161//2235 2160//2234 2168//2245
f 2169//2246 2066//2247 2065//2236
f 2170//2248 2162//2239 2087//2249
f 2162//2239 2086//2238 2087//2249
f 2163//2240 2162//2239 2170//2248
f 2164//2241 2163//2240 2171//2250
f 2165//2242 2164//2241 2172//2251
f 2166//2243 2165//2242 2173//2252
f 2167//2244 2166//2243 2174//2253
f 2168//2245 2167//2244 2175//2254
f 2169//2246 2168//2245 2176//2255
f 2177//2256 2068//2257 2066//2247
f 2088//2258 2089//2259 2178//2260
f 2171//2250 2170//2248 2178//2260
f 2172//2251 2171//2250 2179//2261
f 2173//2252 2172//2251 2180//2262
f 2174//2253 2173//2252 2181//2263
f 2175//2254 2174//2253 2182//2264
f 2176//2255 2175//2254 2183//2265
f 2177//2256 2176//2255 2184//2266
f 2185//2267 2072//2268 2068//2257
f 2186//2269 2178//2260 2090//2270
f 2178//2260 2089//2259 2090//2270
f 2179//2261 2178//2260 2186//2269
f 2180//2262 2179//2261 2187//2271
f 2181//2263 2180//2262 2188//2272
f 2182//2264 2181//2263 2189//2273
f 2183//2265 2182//2264 2190//2274
f 2184//2266 2183//2265 2191//2275
f 2185//2267 2184//2266 2192//2276
f 2193//2277 2074//2278 2072//2268
f 2091//2279 2092//2280 2093//2281
f 2093//2281 2186//2269 2091//2279
f 2187//2271 2186//2269 2094//2282
f 2186//2269 2095//2283 2094//2282
f 2188//2272 2187//2271 2096//2284
f 2187//2271 2097//2285 2096//2284
f 2187//2271 2098//2286 2097//2285
f 2188//2272 2099//2287 2100//2288
f 2100//2288 2189//2273 2188//2272
f 2189//2273 2101//2289 2102//2290
f 2189//2273 2103//2291 2101//2289
f 2102//2290 2190//2274 2189//2273
f 2191//2275 2190//2274 2104//2292
f 2190//2274 2105//2293 2104//2292
f 2191//2275 2106//2294 2107//2295
f 2191//2275 2108//2296 2106//2294
f 2107//2295 2192//2276 2191//2275
f 2193//2277 2192//2276 2109//2297
f 2192//2276 2110//2298 2111//2299
f 2111//2299 2109//2297 2192//2276
f 2074//2278 2193//2277 2112//2300
f 2193//2277 2113//2301 2112//2300
f 2112//2300 2075//2302 2074//2278
f 2109//2297 2113//2301 2193//2277
f 2107//2295 2110//2298 2192//2276
f 2104//2292 2108//2296 2191//2275
f 2102//2290 2105//2293 2190//2274
f 2100//2288 2103//2291 2189//2273
f 2096//2284 2099//2287 2188//2272
f 2094//2282 2098//2286 2187//2271
f 2093//2281 2095//2283 2186//2269
f 2072//2268 2185//2267 2193//2277
f 2192//2276 2193//2277 2185//2267
f 2191//2275 2192//2276 2184//2266
f 2190//2274 2191//2275 2183//2265
f 2189//2273 2190//2274 2182//2264
f 2188//2272 2189//2273 2181//2263
f 2187//2271 2188//2272 2180//2262
f 2186//2269 2187//2271 2179//2261
f 2090//2270 2091//2279 2186//2269
f 2068//2257 2177//2256 2185//2267
f 2184//2266 2185//2267 2177//2256
f 2183//2265 2184//2266 2176//2255
f 2182//2264 2183//2265 2175//2254
f 2181//2263 2182//2264 2174//2253
f 2180//2262 2181//2263 2173//2252
f 2179//2261 2180//2262 2172//2251
f 2178//2260 2179//2261 2171//2250
f 2178//2260 2170//2248 2088//2258
f 2066//2247 2169//2246 2177//2256
f 2176//2255 2177//2256 2169//2246
f 2175//2254 2176//2255 2168//2245
f 2174//2253 2175//2254 2167//2244
f 2173//2252 2174//2253 2166//2243
f 2172//2251 2173//2252 2165//2242
f 2171//2250 2172//2251 2164//2241
f 2170//2248 2171//2250 2163//2240
f 2087//2249 2088//2258 2170//2248
f 2065//2236 2161//2235 2169//2246
f 2168//2245 2169//2246 2161//2235
f 2167//2244 2168//2245 2160//2234
f 2166//2243 2167//2244 2159//2233
f 2165//2242 2166//2243 2158//2232
f 2164//2241 2165//2242 2157//2231
f 2163//2240 2164//2241 2156//2230
f 2162//2239 2163//2240 2155//2229
f 2162//2239 2154//2227 2085//2237
f 2070//2226 2153//2225 2161//2235
f 2160//2234 2161//2235 2153//2225
f 2159//2233 2160//2234 2152//2224
f 2158//2232 2159//2233 2151//2223
f 2157//2231 2158//2232 2150//2222
f 2156//2230 2157//2231 2149//2221
f 2155//2229 2156//2230 2148//2220
f 2154//2227 2155//2229 2147//2219
f 2084//2228 2085//2237 2154//2227
f 2073//2215 2145//2214 2153//2225
f 2152//2224 2153//2225 2145//2214
f 2151//2223 2152//2224 2144//2213
f 2150//2222 2151//2223 2143//2212
f 2149//2221 2150//2222 2142//2211
f 2148//2220 2149//2221 2141//2210
f 2147//2219 2148//2220 2140//2209
f 2146//2218 2147//2219 2139//2208
f 2146//2218 2138//2206 2082//2216
f 2071//2205 2137//2204 2145//2214
f 2144//2213 2145//2214 2137//2204
f 2143//2212 2144//2213 2136//2203
f 2142//2211 2143//2212 2135//2202
f 2141//2210 2142//2211 2134//2201
f 2140//2209 2141//2210 2133//2200
f 2139//2208 2140//2209 2132//2199
f 2138//2206 2139//2208 2131//2198
f 2081//2207 2082//2216 2138//2206
f 2069//2194 2129//2193 2137//2204
f 2136//2203 2137//2204 2129//2193
f 2135//2202 2136//2203 2128//2192
f 2134//2201 2135//2202 2127//2191
f 2133//2200 2134//2201 2126//2190
f 2132//2199 2133//2200 2125//2189
f 2131//2198 2132//2199 2124//2188
f 2130//2197 2131//2198 2123//2187
f 2130//2197 2122//2186 2079//2195
f 2067//2184 2121//2181 2129//2193
f 2128//2192 2129//2193 2121//2181
f 2127//2191 2128//2192 2120//2178
f 2126//2190 2127//2191 2119//2175
f 2125//2189 2126//2190 2118//2172
f 2124//2188 2125//2189 2117//2169
f 2123//2187 2124//2188 2116//2167
f 2122//2186 2123//2187 2115//2164
f 2078//2185 2079//2195 2122//2186
f 2063//2184 2049//2183 2121//2181
f 2048//2182 2050//2180 2120//2178
f 2051//2179 2053//2176 2119//2175
f 2052//2177 2055//2173 2118//2172
f 2054//2174 2057//2170 2117//2169
f 2056//2171 2059//2168 2116//2167
f 2058//2166 2061//2165 2115//2164
f 2060//2163 2062//2303 2114//2162
f 2114//2162 2062//2303 1896//2160
f 2076//2302 2075//2302 2194//2304
f 2194//2304 2195//2305 2076//2302
f 2195//2305 2196//2306 2197//2307
f 2197//2307 2198//2308 2195//2305
f 2198//2308 2199//2309 2200//2310
f 2200//2310 2201//2311 2198//2308
f 2201//2311 2202//2312 2203//2313
f 2203//2313 2204//2314 2201//2311
f 2204//2314 2205//2315 2206//2316
f 2206//2316 2207//2317 2204//2314
f 2207//2317 2208//2318 2209//2319
f 2209//2319 2210//2320 2207//2317
f 2210//2320 2211//2321 2212//2322
f 2212//2322 2213//2323 2210//2320
f 2213//2323 2214//2324 2215//2325
f 2215//2325 2216//2325 2213//2323
f 2212//2322 2214//2324 2213//2323
f 2209//2319 2211//2321 2210//2320
f 2206//2316 2208//2318 2207//2317
f 2203//2313 2205//2315 2204//2314
f 2200//2310 2202//2312 2201//2311
f 2197//2307 2199//2309 2198//2308
f 2194//2304 2196//2306 2195//2305
f 2228//2326 2197//2327 2196//2328
f 2196//2328 2229//2329 2228//2326
f 2228//2326 2229//2329 2230//2330
f 2231//2331 2232//2332 2233//2333
f 2217//2334 2218//2335 2234//2336
f 2233//2333 2219//2337 2217//2334
f 2235//2338 2200//2339 2199//2340
f 2199//2340 2228//2326 2235//2338
f 2235//2338 2228//2326 2236//2341
f 2237//2342 2236//2341 2238//2343
f 2239//2344 2238//2343 2240//2345
f 2241//2346 2240//2345 2242//2347
f 2243//2348 2242//2347 2244//2349
f 2245//2350 2244//2349 2246//2351
f 2247//2352 2246//2351 2248//2353
f 2249//2354 2248//2353 2250//2355
f 2251//2356 2250//2355 2252//2357
f 2253//2358 2252//2357 2231//2331
f 2254//2359 2231//2331 2234//2336
f 2234//2336 2218//2335 2220//2360
f 2255//2361 2203//2362 2202//2363
f 2202//2363 2235//2338 2255//2361
f 2255//2361 2235//2338 2237//2342
f 2256//2364 2237//2342 2239//2344
f 2257//2365 2239//2344 2241//2346
f 2258//2366 2241//2346 2243//2348
f 2259//2367 2243//2348 2245//2350
f 2260//2368 2245//2350 2247//2352
f 2261//2369 2247//2352 2249//2354
f 2262//2370 2249//2354 2251//2356
f 2263//2371 2251//2356 2253//2358
f 2264//2372 2253//2358 2254//2359
f 2265//2373 2254//2359 2266//2374
f 2221//2375 2222//2376 2267//2377
f 2266//2374 2220//2360 2221//2375
f 2268//2378 2206//2379 2205//2380
f 2205//2380 2255//2361 2268//2378
f 2268//2378 2255//2361 2256//2364
f 2269//2381 2256//2364 2257//2365
f 2270//2382 2257//2365 2258//2366
f 2271//2383 2258//2366 2259//2367
f 2272//2384 2259//2367 2260//2368
f 2273//2385 2260//2368 2261//2369
f 2274//2386 2261//2369 2262//2370
f 2275//2387 2262//2370 2263//2371
f 2276//2388 2263//2371 2264//2372
f 2277//2389 2264//2372 2265//2373
f 2278//2390 2265//2373 2267//2377
f 2267//2377 2222//2376 2223//2391
f 2279//2392 2209//2393 2208//2394
f 2208//2394 2268//2378 2279//2392
f 2279//2392 2268//2378 2269//2381
f 2280//2395 2269//2381 2270//2382
f 2281//2396 2270//2382 2271//2383
f 2282//2397 2271//2383 2272//2384
f 2283//2398 2272//2384 2273//2385
f 2284//2399 2273//2385 2274//2386
f 2285//2400 2274//2386 2275//2387
f 2286//2401 2275//2387 2276//2388
f 2287//2402 2276//2388 2277//2389
f 2288//2403 2277//2389 2278//2390
f 2289//2404 2278//2390 2290//2405
f 2224//2406 2225//2407 2291//2408
f 2290//2405 2223//2391 2224//2406
f 2292//2409 2212//2410 2211//2411
f 2211//2411 2279//2392 2292//2409
f 2292//2409 2279//2392 2280//2395
f 2293//2412 2280//2395 2281//2396
f 2294//2413 2281//2396 2282//2397
f 2295//2414 2282//2397 2283//2398
f 2296//2415 2283//2398 2284//2399
f 2297//2416 2284//2399 2285//2400
f 2298//2417 2285//2400 2286//2401
f 2299//2418 2286//2401 2287//2402
f 2300//2419 2287//2402 2288//2403
f 2301//2420 2288//2403 2289//2404
f 2302//2421 2289//2404 2291//2408
f 2291//2408 2225//2407 2226//2422
f 2292//2409 2215//2423 2214//2424
f 2303//2425 2226//2422 2227//2426
f 2194//2427 2075//2428 2112//2429
f 2229//2329 2113//2430 2109//2431
f 2229//2329 2112//2429 2113//2430
f 2236//2341 2110//2432 2107//2433
f 2236//2341 2230//2330 2111//2434
f 2111//2434 2110//2432 2236//2341
f 2238//2343 2107//2433 2106//2435
f 2240//2345 2108//2436 2104//2437
f 2240//2345 2106//2435 2108//2436
f 2242//2347 2104//2437 2105//2438
f 2105//2438 2244//2349 2242//2347
f 2102//2439 2101//2440 2246//2351
f 2248//2353 2246//2351 2103//2441
f 2246//2351 2101//2440 2103//2441
f 2250//2355 2248//2353 2100//2442
f 2252//2357 2250//2355 2099//2443
f 2231//2331 2252//2357 2096//2444
f 2096//2444 2097//2445 2231//2331
f 2232//2332 2097//2445 2098//2446
f 2233//2333 2232//2332 2094//2447
f 2094//2447 2095//2448 2233//2333
f 2219//2337 2233//2333 2093//2449
f 2093//2449 2092//2450 2219//2337
f 2095//2448 2093//2449 2233//2333
f 2098//2446 2094//2447 2232//2332
f 2097//2445 2232//2332 2231//2331
f 2099//2443 2096//2444 2252//2357
f 2100//2442 2099//2443 2250//2355
f 2103//2441 2100//2442 2248//2353
f 2246//2351 2244//2349 2102//2439
f 2105//2438 2102//2439 2244//2349
f 2104//2437 2242//2347 2240//2345
f 2106//2435 2240//2345 2238//2343
f 2107//2433 2238//2343 2236//2341
f 2111//2434 2230//2330 2109//2431
f 2109//2431 2230//2330 2229//2329
f 2112//2429 2229//2329 2194//2427
f 2227//2426 2215//2451 2303//2425
f 2215//2451 2302//2421 2303//2425
f 2215//2451 2301//2420 2302//2421
f 2215//2451 2300//2419 2301//2420
f 2215//2451 2299//2418 2300//2419
f 2215//2451 2298//2417 2299//2418
f 2215//2451 2297//2416 2298//2417
f 2215//2451 2296//2415 2297//2416
f 2215//2451 2295//2414 2296//2415
f 2215//2451 2294//2413 2295//2414
f 2215//2451 2293//2412 2294//2413
f 2215//2451 2292//2409 2293//2412
f 2214//2424 2212//2410 2292//2409
f 2226//2422 2303//2425 2291//2408
f 2291//2408 2303//2425 2302//2421
f 2289//2404 2302//2421 2301//2420
f 2288//2403 2301//2420 2300//2419
f 2287//2402 2300//2419 2299//2418
f 2286//2401 2299//2418 2298//2417
f 2285//2400 2298//2417 2297//2416
f 2284//2399 2297//2416 2296//2415
f 2283//2398 2296//2415 2295//2414
f 2282//2397 2295//2414 2294//2413
f 2281//2396 2294//2413 2293//2412
f 2280//2395 2293//2412 2292//2409
f 2211//2411 2209//2393 2279//2392
f 2291//2408 2290//2405 2224//2406
f 2290//2405 2291//2408 2289//2404
f 2278//2390 2289//2404 2288//2403
f 2277//2389 2288//2403 2287//2402
f 2276//2388 2287//2402 2286//2401
f 2275//2387 2286//2401 2285//2400
f 2274//2386 2285//2400 2284//2399
f 2273//2385 2284//2399 2283//2398
f 2272//2384 2283//2398 2282//2397
f 2271//2383 2282//2397 2281//2396
f 2270//2382 2281//2396 2280//2395
f 2269//2381 2280//2395 2279//2392
f 2208//2394 2206//2379 2268//2378
f 2223//2391 2290//2405 2267//2377
f 2267//2377 2290//2405 2278//2390
f 2265//2373 2278//2390 2277//2389
f 2264//2372 2277//2389 2276//2388
f 2263//2371 2276//2388 2275//2387
f 2262//2370 2275//2387 2274//2386
f 2261//2369 2274//2386 2273//2385
f 2260//2368 2273//2385 2272//2384
f 2259//2367 2272//2384 2271//2383
f 2258//2366 2271//2383 2270//2382
f 2257//2365 2270//2382 2269//2381
f 2256//2364 2269//2381 2268//2378
f 2205//2380 2203//2362 2255//2361
f 2267//2377 2266//2374 2221//2375
f 2266//2374 2267//2377 2265//2373
f 2254//2359 2265//2373 2264//2372
f 2253//2358 2264//2372 2263//2371
f 2251//2356 2263//2371 2262//2370
f 2249//2354 2262//2370 2261//2369
f 2247//2352 2261//2369 2260//2368
f 2245//2350 2260//2368 2259//2367
f 2243//2348 2259//2367 2258//2366
f 2241//2346 2258//2366 2257//2365
f 2239//2344 2257//2365 2256//2364
f 2237//2342 2256//2364 2255//2361
f 2202//2363 2200//2339 2235//2338
f 2220//2360 2266//2374 2234//2336
f 2234//2336 2266//2374 2254//2359
f 2231//2331 2254//2359 2253//2358
f 2252//2357 2253//2358 2251//2356
f 2250//2355 2251//2356 2249//2354
f 2248//2353 2249//2354 2247//2352
f 2246//2351 2247//2352 2245//2350
f 2244//2349 2245//2350 2243//2348
f 2242//2347 2243//2348 2241//2346
f 2240//2345 2241//2346 2239//2344
f 2238//2343 2239//2344 2237//2342
f 2236//2341 2237//2342 2235//2338
f 2199//2340 2197//2327 2228//2326
f 2234//2336 2233//2333 2217//2334
f 2233//2333 2234//2336 2231//2331
f 2230//2330 2236//2341 2228//2326
f 2196//2328 2194//2427 2229//2329
f 2304//2451 2305//2451 2306//2451
f 2216//2451 2215//2451 2307//2451
f 2304//2451 2308//2451 2305//2451
f 2307//2451 2304//2451 2216//2451
f 2307//2451 2308//2451 2304//2451
f 2306//2451 2309//2451 2304//2451
f 2309//2451 2310//2451 2304//2451
f 2329//2452 2217//2453 2311//2454
f 2311//2454 2217//2453 2219//2455
f 2219//2455 2092//2456 2311//2454
f 2329//2452 2330//2457 2218//2458
f 2330//2457 2331//2459 2220//2460
f 2331//2459 2221//2461 2220//2460
f 2331//2459 2332//2462 2222//2463
f 2333//2464 2224//2465 2223//2466
f 2223//2466 2332//2462 2333//2464
f 2333//2464 2334//2467 2225//2468
f 2335//2469 2227//2470 2226//2471
f 2226//2471 2334//2467 2335//2469
f 2227//2470 2335//2469 2307//2472
f 2312//2473 2336//2474 2329//2452
f 2330//2457 2329//2452 2336//2474
f 2331//2459 2330//2457 2337//2475
f 2332//2462 2331//2459 2338//2476
f 2333//2464 2332//2462 2339//2477
f 2334//2467 2333//2464 2340//2478
f 2335//2469 2334//2467 2341//2479
f 2335//2469 2342//2480 2308//2481
f 2343//2482 2336//2474 2313//2483
f 2336//2474 2312//2473 2313//2483
f 2337//2475 2336//2474 2343//2482
f 2338//2476 2337//2475 2344//2484
f 2339//2477 2338//2476 2345//2485
f 2340//2478 2339//2477 2346//2486
f 2341//2479 2340//2478 2347//2487
f 2342//2480 2341//2479 2348//2488
f 2342//2480 2349//2489 2305//2490
f 2314//2491 2315//2492 2350//2493
f 2344//2484 2343//2482 2350//2493
f 2345//2485 2344//2484 2351//2494
f 2346//2486 2345//2485 2352//2495
f 2347//2487 2346//2486 2353//2496
f 2348//2488 2347//2487 2354//2497
f 2349//2489 2348//2488 2355//2498
f 2356//2499 2306//2500 2305//2490
f 2357//2501 2350//2493 2316//2502
f 2350//2493 2315//2492 2316//2502
f 2351//2494 2350//2493 2357//2501
f 2352//2495 2351//2494 2358//2503
f 2353//2496 2352//2495 2359//2504
f 2354//2497 2353//2496 2360//2505
f 2355//2498 2354//2497 2361//2506
f 2356//2499 2355//2498 2362//2507
f 2363//2508 2309//2509 2306//2500
f 2317//2510 2318//2511 2319//2512
f 2319//2512 2357//2501 2317//2510
f 2357//2501 2320//2513 2321//2514
f 2358//2503 2321//2514 2322//2515
f 2359//2504 2322//2515 2323//2516
f 2360//2505 2323//2516 2324//2517
f 2361//2506 2324//2517 2325//2518
f 2362//2507 2325//2518 2326//2519
f 2326//2519 2363//2508 2362//2507
f 2327//2520 2310//2521 2309//2509
f 2309//2509 2363//2508 2327//2520
f 2326//2519 2327//2520 2363//2508
f 2325//2518 2362//2507 2361//2506
f 2324//2517 2361//2506 2360//2505
f 2323//2516 2360//2505 2359//2504
f 2322//2515 2359//2504 2358//2503
f 2321//2514 2358//2503 2357//2501
f 2319//2512 2320//2513 2357//2501
f 2306//2500 2356//2499 2363//2508
f 2362//2507 2363//2508 2356//2499
f 2361//2506 2362//2507 2355//2498
f 2360//2505 2361//2506 2354//2497
f 2359//2504 2360//2505 2353//2496
f 2358//2503 2359//2504 2352//2495
f 2357//2501 2358//2503 2351//2494
f 2316//2502 2317//2510 2357//2501
f 2305//2490 2349//2489 2356//2499
f 2355//2498 2356//2499 2349//2489
f 2354//2497 2355//2498 2348//2488
f 2353//2496 2354//2497 2347//2487
f 2352//2495 2353//2496 2346//2486
f 2351//2494 2352//2495 2345//2485
f 2350//2493 2351//2494 2344//2484
f 2350//2493 2343//2482 2314//2491
f 2305//2490 2308//2481 2342//2480
f 2348//2488 2349//2489 2342//2480
f 2347//2487 2348//2488 2341//2479
f 2346//2486 2347//2487 2340//2478
f 2345//2485 2346//2486 2339//2477
f 2344//2484 2345//2485 2338//2476
f 2343//2482 2344//2484 2337//2475
f 2313//2483 2314//2491 2343//2482
f 2308//2481 2307//2472 2335//2469
f 2341//2479 2342//2480 2335//2469
f 2340//2478 2341//2479 2334//2467
f 2339//2477 2340//2478 2333//2464
f 2338//2476 2339//2477 2332//2462
f 2337//2475 2338//2476 2331//2459
f 2336//2474 2337//2475 2330//2457
f 2329//2452 2328//2522 2312//2473
f 2307//2472 2215//2521 2227//2470
f 2226//2471 2225//2468 2334//2467
f 2225//2468 2224//2465 2333//2464
f 2223//2466 2222//2463 2332//2462
f 2222//2463 2221//2461 2331//2459
f 2220//2460 2218//2458 2330//2457
f 2218//2458 2217//2453 2329//2452
f 2311//2454 2328//2522 2329//2452
f 2364//2523 2365//2524 2366//2525
f 2366//2525 2367//2526 2364//2523
f 2368//2527 2369//2528 2370//2529
f 2370//2529 2364//2523 2368//2527
f 2371//2530 2372//2531 2373//2532
f 2373//2532 2368//2527 2371//2530
f 2374//2533 2375//2534 2376//2535
f 2376//2535 2371//2530 2374//2533
f 2377//2536 2378//2537 2379//2538
f 2379//2538 2374//2533 2377//2536
f 2380//2539 2381//2540 2382//2541
f 2382//2541 2377//2536 2380//2539
f 2383//2542 2384//2543 2385//2544
f 2385//2544 2380//2539 2383//2542
f 2384//2543 2383//2542 2304//2545
f 2304//2545 2310//2545 2384//2543
f 2385//2544 2381//2540 2380//2539
f 2382//2541 2378//2537 2377//2536
f 2379//2538 2375//2534 2374//2533
f 2376//2535 2372//2531 2371//2530
f 2373//2532 2369//2528 2368//2527
f 2370//2529 2365//2524 2364//2523
f 2366//2525 2386//2546 2367//2526
f 2320//2547 2408//2548 2409//2549
f 2409//2549 2321//2550 2320//2547
f 2409//2549 2408//2548 2410//2551
f 2411//2552 2412//2553 2413//2554
f 2414//2555 2413//2554 2365//2556
f 2413//2554 2366//2557 2365//2556
f 2321//2550 2409//2549 2415//2558
f 2415//2558 2409//2549 2416//2559
f 2417//2560 2416//2559 2418//2561
f 2419//2562 2418//2561 2420//2563
f 2421//2564 2420//2563 2422//2565
f 2423//2566 2422//2565 2424//2567
f 2425//2568 2424//2567 2426//2569
f 2427//2570 2426//2569 2428//2571
f 2429//2572 2428//2571 2430//2573
f 2431//2574 2430//2573 2432//2575
f 2433//2576 2432//2575 2411//2552
f 2434//2577 2411//2552 2414//2555
f 2435//2578 2414//2555 2369//2579
f 2414//2555 2370//2580 2369//2579
f 2322//2581 2415//2558 2436//2582
f 2436//2582 2415//2558 2417//2560
f 2437//2583 2417//2560 2419//2562
f 2438//2584 2419//2562 2421//2564
f 2439//2585 2421//2564 2423//2566
f 2440//2586 2423//2566 2425//2568
f 2441//2587 2425//2568 2427//2570
f 2442//2588 2427//2570 2429//2572
f 2443//2589 2429//2572 2431//2574
f 2444//2590 2431//2574 2433//2576
f 2445//2591 2433//2576 2434//2577
f 2446//2592 2434//2577 2435//2578
f 2447//2593 2435//2578 2372//2594
f 2435//2578 2373//2595 2372//2594
f 2323//2596 2436//2582 2448//2597
f 2448//2597 2436//2582 2437//2583
f 2449//2598 2437//2583 2438//2584
f 2450//2599 2438//2584 2439//2585
f 2451//2600 2439//2585 2440//2586
f 2452//2601 2440//2586 2441//2587
f 2453//2602 2441//2587 2442//2588
f 2454//2603 2442//2588 2443//2589
f 2455//2604 2443//2589 2444//2590
f 2456//2605 2444//2590 2445//2591
f 2457//2606 2445//2591 2446//2592
f 2458//2607 2446//2592 2447//2593
f 2459//2608 2447//2593 2375//2609
f 2447//2593 2376//2610 2375//2609
f 2324//2611 2448//2597 2460//2612
f 2460//2612 2448//2597 2449//2598
f 2461//2613 2449//2598 2450//2599
f 2462//2614 2450//2599 2451//2600
f 2463//2615 2451//2600 2452//2601
f 2464//2616 2452//2601 2453//2602
f 2465//2617 2453//2602 2454//2603
f 2466//2618 2454//2603 2455//2604
f 2467//2619 2455//2604 2456//2605
f 2468//2620 2456//2605 2457//2606
f 2469//2621 2457//2606 2458//2607
f 2470//2622 2458//2607 2459//2608
f 2471//2623 2459//2608 2378//2624
f 2459//2608 2379//2625 2378//2624
f 2460//2612 2472//2626 2326//2627
f 2472//2626 2460//2612 2461//2613
f 2473//2628 2461//2613 2462//2614
f 2474//2629 2462//2614 2463//2615
f 2475//2630 2463//2615 2464//2616
f 2476//2631 2464//2616 2465//2617
f 2477//2632 2465//2617 2466//2618
f 2478//2633 2466//2618 2467//2619
f 2479//2634 2467//2619 2468//2620
f 2480//2635 2468//2620 2469//2621
f 2481//2636 2469//2621 2470//2622
f 2482//2637 2470//2622 2471//2623
f 2483//2638 2471//2623 2381//2639
f 2471//2623 2382//2640 2381//2639
f 2472//2626 2310//2641 2327//2642
f 2483//2638 2385//2643 2384//2644
f 2319//2645 2318//2646 2387//2647
f 2408//2548 2388//2648 2389//2649
f 2408//2548 2387//2647 2388//2648
f 2410//2551 2389//2649 2390//2650
f 2416//2559 2391//2651 2392//2652
f 2416//2559 2410//2551 2391//2651
f 2418//2561 2392//2652 2393//2653
f 2420//2563 2393//2653 2394//2654
f 2422//2565 2394//2654 2395//2655
f 2395//2655 2424//2567 2422//2565
f 2396//2656 2426//2569 2424//2567
f 2428//2571 2426//2569 2397//2657
f 2426//2569 2396//2656 2397//2657
f 2430//2573 2428//2571 2398//2658
f 2398//2658 2399//2659 2430//2573
f 2432//2575 2430//2573 2400//2660
f 2411//2552 2401//2661 2402//2662
f 2411//2552 2432//2575 2403//2663
f 2403//2663 2401//2661 2411//2552
f 2413//2554 2412//2553 2404//2664
f 2404//2664 2405//2665 2413//2554
f 2366//2557 2413//2554 2406//2666
f 2406//2666 2386//2667 2366//2557
f 2405//2665 2406//2666 2413//2554
f 2404//2664 2412//2553 2402//2662
f 2402//2662 2412//2553 2411//2552
f 2400//2660 2403//2663 2432//2575
f 2399//2659 2400//2660 2430//2573
f 2397//2657 2398//2658 2428//2571
f 2424//2567 2407//2668 2396//2656
f 2395//2655 2407//2668 2424//2567
f 2394//2654 2422//2565 2420//2563
f 2393//2653 2420//2563 2418//2561
f 2392//2652 2418//2561 2416//2559
f 2390//2650 2391//2651 2410//2551
f 2389//2649 2410//2551 2408//2548
f 2387//2647 2408//2548 2319//2645
f 2384//2644 2310//2669 2483//2638
f 2310//2669 2482//2637 2483//2638
f 2310//2669 2481//2636 2482//2637
f 2310//2669 2480//2635 2481//2636
f 2310//2669 2479//2634 2480//2635
f 2310//2669 2478//2633 2479//2634
f 2310//2669 2477//2632 2478//2633
f 2310//2669 2476//2631 2477//2632
f 2310//2669 2475//2630 2476//2631
f 2310//2669 2474//2629 2475//2630
f 2310//2669 2473//2628 2474//2629
f 2310//2669 2472//2626 2473//2628
f 2327//2642 2326//2627 2472//2626
f 2381//2639 2385//2643 2483//2638
f 2471//2623 2483//2638 2482//2637
f 2470//2622 2482//2637 2481//2636
f 2469//2621 2481//2636 2480//2635
f 2468//2620 2480//2635 2479//2634
f 2467//2619 2479//2634 2478//2633
f 2466//2618 2478//2633 2477//2632
f 2465//2617 2477//2632 2476//2631
f 2464//2616 2476//2631 2475//2630
f 2463//2615 2475//2630 2474//2629
f 2462//2614 2474//2629 2473//2628
f 2461//2613 2473//2628 2472//2626
f 2326//2627 2325//2670 2460//2612
f 2378//2624 2382//2640 2471//2623
f 2459//2608 2471//2623 2470//2622
f 2458//2607 2470//2622 2469//2621
f 2457//2606 2469//2621 2468//2620
f 2456//2605 2468//2620 2467//2619
f 2455//2604 2467//2619 2466//2618
f 2454//2603 2466//2618 2465//2617
f 2453//2602 2465//2617 2464//2616
f 2452//2601 2464//2616 2463//2615
f 2451//2600 2463//2615 2462//2614
f 2450//2599 2462//2614 2461//2613
f 2449//2598 2461//2613 2460//2612
f 2460//2612 2325//2670 2324//2611
f 2375//2609 2379//2625 2459//2608
f 2447//2593 2459//2608 2458//2607
f 2446//2592 2458//2607 2457//2606
f 2445//2591 2457//2606 2456//2605
f 2444//2590 2456//2605 2455//2604
f 2443//2589 2455//2604 2454//2603
f 2442//2588 2454//2603 2453//2602
f 2441//2587 2453//2602 2452//2601
f 2440//2586 2452//2601 2451//2600
f 2439//2585 2451//2600 2450//2599
f 2438//2584 2450//2599 2449//2598
f 2437//2583 2449//2598 2448//2597
f 2448//2597 2324//2611 2323//2596
f 2372//2594 2376//2610 2447//2593
f 2435//2578 2447//2593 2446//2592
f 2434//2577 2446//2592 2445//2591
f 2433//2576 2445//2591 2444//2590
f 2431//2574 2444//2590 2443//2589
f 2429//2572 2443//2589 2442//2588
f 2427//2570 2442//2588 2441//2587
f 2425//2568 2441//2587 2440//2586
f 2423//2566 2440//2586 2439//2585
f 2421//2564 2439//2585 2438//2584
f 2419//2562 2438//2584 2437//2583
f 2417//2560 2437//2583 2436//2582
f 2436//2582 2323//2596 2322//2581
f 2369//2579 2373//2595 2435//2578
f 2414//2555 2435//2578 2434//2577
f 2411//2552 2434//2577 2433//2576
f 2432//2575 2433//2576 2431//2574
f 2430//2573 2431//2574 2429//2572
f 2428//2571 2429//2572 2427//2570
f 2426//2569 2427//2570 2425//2568
f 2424//2567 2425//2568 2423//2566
f 2422//2565 2423//2566 2421//2564
f 2420//2563 2421//2564 2419//2562
f 2418//2561 2419//2562 2417//2560
f 2416//2559 2417//2560 2415//2558
f 2415//2558 2322//2581 2321//2550
f 2365//2556 2370//2580 2414//2555
f 2413//2554 2414//2555 2411//2552
f 2410//2551 2416//2559 2409//2549
f 2320//2547 2319//2645 2408//2548
f 2484//2671 2485//2671 2486//2671
f 2484//2671 2487//2671 2485//2671
f 2484//2671 2488//2671 2487//2671
f 2484//2671 2489//2671 2490//2671
f 2484//2671 2491//2671 2492//2671
f 2484//2671 2493//2671 2488//2671
f 2490//2671 2494//2671 2484//2671
f 2492//2671 2495//2671 2484//2671
f 2484//2671 2496//2671 2497//2671
f 2484//2671 2498//2671 2493//2671
f 2494//2671 2499//2671 2484//2671
f 2495//2671 2500//2671 2484//2671
f 2486//2671 2496//2671 2484//2671
f 2500//2671 2489//2671 2484//2671
f 2484//2671 2501//2671 2498//2671
f 2484//2671 2367//2671 2386//2671
f 2499//2671 2502//2671 2484//2671
f 2484//2671 2503//2671 2501//2671
f 2386//2671 2504//2671 2484//2671
f 2484//2671 2505//2671 2506//2671
f 2502//2671 2507//2671 2484//2671
f 2504//2671 2503//2671 2484//2671
f 2507//2671 2505//2671 2484//2671
f 2506//2671 2508//2671 2484//2671
f 2497//2671 2491//2671 2484//2671
f 2387//2672 2318//2673 2509//2674
f 2565//2675 2388//2676 2387//2672
f 2387//2672 2510//2677 2565//2675
f 2565//2675 2566//2678 2390//2679
f 2390//2679 2389//2680 2565//2675
f 2566//2678 2567//2681 2393//2682
f 2393//2682 2392//2683 2566//2678
f 2392//2683 2391//2684 2566//2678
f 2568//2685 2395//2686 2394//2687
f 2394//2687 2567//2681 2568//2685
f 2568//2685 2569//2688 2396//2689
f 2569//2688 2397//2690 2396//2689
f 2396//2689 2407//2691 2568//2685
f 2570//2692 2399//2693 2398//2694
f 2398//2694 2569//2688 2570//2692
f 2570//2692 2571//2695 2403//2696
f 2571//2695 2401//2697 2403//2696
f 2403//2696 2400//2698 2570//2692
f 2572//2699 2405//2700 2404//2701
f 2404//2701 2571//2695 2572//2699
f 2404//2701 2402//2702 2571//2695
f 2406//2703 2572//2699 2504//2704
f 2504//2704 2386//2704 2406//2703
f 2511//2705 2573//2706 2565//2675
f 2566//2678 2565//2675 2573//2706
f 2567//2681 2566//2678 2574//2707
f 2568//2685 2567//2681 2575//2708
f 2569//2688 2568//2685 2576//2709
f 2570//2692 2569//2688 2577//2710
f 2571//2695 2570//2692 2578//2711
f 2572//2699 2571//2695 2579//2712
f 2572//2699 2580//2713 2503//2714
f 2512//2715 2581//2716 2573//2706
f 2574//2707 2573//2706 2581//2716
f 2575//2708 2574//2707 2582//2717
f 2576//2709 2575//2708 2583//2718
f 2577//2710 2576//2709 2584//2719
f 2578//2711 2577//2710 2585//2720
f 2579//2712 2578//2711 2586//2721
f 2580//2713 2579//2712 2587//2722
f 2580//2713 2588//2723 2501//2724
f 2581//2716 2513//2725 2514//2726
f 2581//2716 2512//2715 2513//2725
f 2582//2717 2581//2716 2589//2727
f 2583//2718 2582//2717 2590//2728
f 2584//2719 2583//2718 2591//2729
f 2585//2720 2584//2719 2592//2730
f 2586//2721 2585//2720 2593//2731
f 2587//2722 2586//2721 2594//2732
f 2588//2723 2587//2722 2595//2733
f 2588//2723 2596//2734 2498//2735
f 2515//2736 2597//2737 2589//2727
f 2590//2728 2589//2727 2597//2737
f 2591//2729 2590//2728 2598//2738
f 2592//2730 2591//2729 2599//2739
f 2593//2731 2592//2730 2600//2740
f 2594//2732 2593//2731 2601//2741
f 2595//2733 2594//2732 2602//2742
f 2596//2734 2595//2733 2603//2743
f 2596//2734 2604//2744 2493//2745
f 2605//2746 2597//2737 2516//2747
f 2597//2737 2515//2736 2516//2747
f 2598//2738 2597//2737 2605//2746
f 2599//2739 2598//2738 2606//2748
f 2600//2740 2599//2739 2607//2749
f 2601//2741 2600//2740 2608//2750
f 2602//2742 2601//2741 2609//2751
f 2603//2743 2602//2742 2610//2752
f 2604//2744 2603//2743 2611//2753
f 2604//2744 2612//2754 2488//2755
f 2517//2756 2613//2757 2605//2746
f 2606//2748 2605//2746 2613//2757
f 2607//2749 2606//2748 2614//2758
f 2608//2750 2607//2749 2615//2759
f 2609//2751 2608//2750 2616//2760
f 2610//2752 2609//2751 2617//2761
f 2611//2753 2610//2752 2618//2762
f 2612//2754 2611//2753 2619//2763
f 2612//2754 2620//2764 2487//2765
f 2621//2766 2613//2757 2518//2767
f 2613//2757 2517//2756 2518//2767
f 2614//2758 2613//2757 2621//2766
f 2615//2759 2614//2758 2622//2768
f 2616//2760 2615//2759 2623//2769
f 2617//2761 2616//2760 2624//2770
f 2618//2762 2617//2761 2625//2771
f 2619//2763 2618//2762 2626//2772
f 2620//2764 2619//2763 2627//2773
f 2620//2764 2628//2774 2485//2775
f 2621//2766 2519//2776 2520//2777
f 2520//2777 2629//2778 2621//2766
f 2622//2768 2621//2766 2629//2778
f 2623//2769 2622//2768 2630//2779
f 2624//2770 2623//2769 2631//2780
f 2625//2771 2624//2770 2632//2781
f 2626//2772 2625//2771 2633//2782
f 2627//2773 2626//2772 2634//2783
f 2628//2774 2627//2773 2635//2784
f 2628//2774 2636//2785 2486//2786
f 2521//2787 2637//2788 2629//2778
f 2630//2779 2629//2778 2637//2788
f 2631//2780 2630//2779 2638//2789
f 2632//2781 2631//2780 2639//2790
f 2633//2782 2632//2781 2640//2791
f 2634//2783 2633//2782 2641//2792
f 2635//2784 2634//2783 2642//2793
f 2636//2785 2635//2784 2643//2794
f 2636//2785 2644//2795 2496//2796
f 2522//2797 2645//2798 2637//2788
f 2638//2789 2637//2788 2645//2798
f 2639//2790 2638//2789 2646//2799
f 2640//2791 2639//2790 2647//2800
f 2641//2792 2640//2791 2648//2801
f 2642//2793 2641//2792 2649//2802
f 2643//2794 2642//2793 2650//2803
f 2644//2795 2643//2794 2651//2804
f 2644//2795 2652//2805 2497//2806
f 2653//2807 2645//2798 2523//2808
f 2645//2798 2522//2797 2523//2808
f 2646//2799 2645//2798 2653//2807
f 2647//2800 2646//2799 2654//2809
f 2648//2801 2647//2800 2655//2810
f 2649//2802 2648//2801 2656//2811
f 2650//2803 2649//2802 2657//2812
f 2651//2804 2650//2803 2658//2813
f 2652//2805 2651//2804 2659//2814
f 2652//2805 2660//2815 2491//2816
f 2524//2817 2525//2818 2661//2819
f 2654//2809 2653//2807 2661//2819
f 2655//2810 2654//2809 2662//2820
f 2656//2811 2655//2810 2663//2821
f 2657//2812 2656//2811 2664//2822
f 2658//2813 2657//2812 2665//2823
f 2659//2814 2658//2813 2666//2824
f 2660//2815 2659//2814 2667//2825
f 2668//2826 2492//2827 2491//2816
f 2669//2828 2661//2819 2526//2829
f 2661//2819 2525//2818 2526//2829
f 2662//2820 2661//2819 2669//2828
f 2663//2821 2662//2820 2670//2830
f 2664//2822 2663//2821 2671//2831
f 2665//2823 2664//2822 2672//2832
f 2666//2824 2665//2823 2673//2833
f 2667//2825 2666//2824 2674//2834
f 2668//2826 2667//2825 2675//2835
f 2676//2836 2495//2837 2492//2827
f 2669//2828 2527//2838 2528//2839
f 2528//2839 2677//2840 2669//2828
f 2670//2830 2669//2828 2677//2840
f 2671//2831 2670//2830 2678//2841
f 2672//2832 2671//2831 2679//2842
f 2673//2833 2672//2832 2680//2843
f 2674//2834 2673//2833 2681//2844
f 2675//2835 2674//2834 2682//2845
f 2676//2836 2675//2835 2683//2846
f 2684//2847 2500//2848 2495//2837
f 2529//2849 2530//2850 2685//2851
f 2678//2841 2677//2840 2685//2851
f 2679//2842 2678//2841 2686//2852
f 2680//2843 2679//2842 2687//2853
f 2681//2844 2680//2843 2688//2854
f 2682//2845 2681//2844 2689//2855
f 2683//2846 2682//2845 2690//2856
f 2684//2847 2683//2846 2691//2857
f 2692//2858 2489//2859 2500//2848
f 2685//2851 2530//2850 2531//2860
f 2531//2860 2693//2861 2685//2851
f 2686//2852 2685//2851 2693//2861
f 2687//2853 2686//2852 2694//2862
f 2688//2854 2687//2853 2695//2863
f 2689//2855 2688//2854 2696//2864
f 2690//2856 2689//2855 2697//2865
f 2691//2857 2690//2856 2698//2866
f 2692//2858 2691//2857 2699//2867
f 2700//2868 2490//2869 2489//2859
f 2532//2870 2533//2871 2701//2872
f 2694//2862 2693//2861 2701//2872
f 2695//2863 2694//2862 2702//2873
f 2696//2864 2695//2863 2703//2874
f 2697//2865 2696//2864 2704//2875
f 2698//2866 2697//2865 2705//2876
f 2699//2867 2698//2866 2706//2877
f 2700//2868 2699//2867 2707//2878
f 2708//2879 2494//2880 2490//2869
f 2701//2872 2533//2871 2534//2881
f 2534//2881 2709//2882 2701//2872
f 2702//2873 2701//2872 2709//2882
f 2703//2874 2702//2873 2710//2883
f 2704//2875 2703//2874 2711//2884
f 2705//2876 2704//2875 2712//2885
f 2706//2877 2705//2876 2713//2886
f 2707//2878 2706//2877 2714//2887
f 2708//2879 2707//2878 2715//2888
f 2716//2889 2499//2890 2494//2880
f 2535//2891 2536//2892 2717//2893
f 2710//2883 2709//2882 2717//2893
f 2711//2884 2710//2883 2718//2894
f 2712//2885 2711//2884 2719//2895
f 2713//2886 2712//2885 2720//2896
f 2714//2887 2713//2886 2721//2897
f 2715//2888 2714//2887 2722//2898
f 2716//2889 2715//2888 2723//2899
f 2724//2900 2502//2901 2499//2890
f 2725//2902 2717//2893 2537//2903
f 2717//2893 2536//2892 2537//2903
f 2718//2894 2717//2893 2725//2902
f 2719//2895 2718//2894 2726//2904
f 2720//2896 2719//2895 2727//2905
f 2721//2897 2720//2896 2728//2906
f 2722//2898 2721//2897 2729//2907
f 2723//2899 2722//2898 2730//2908
f 2724//2900 2723//2899 2731//2909
f 2732//2910 2507//2911 2502//2901
f 2725//2902 2538//2912 2539//2913
f 2539//2913 2733//2914 2725//2902
f 2726//2904 2725//2902 2733//2914
f 2727//2905 2726//2904 2734//2915
f 2728//2906 2727//2905 2735//2916
f 2729//2907 2728//2906 2736//2917
f 2730//2908 2729//2907 2737//2918
f 2731//2909 2730//2908 2738//2919
f 2732//2910 2731//2909 2739//2920
f 2740//2921 2505//2922 2507//2911
f 2540//2923 2541//2924 2542//2925
f 2542//2925 2733//2914 2540//2923
f 2734//2915 2733//2914 2543//2926
f 2733//2914 2544//2927 2543//2926
f 2735//2916 2734//2915 2545//2928
f 2734//2915 2546//2929 2545//2928
f 2734//2915 2547//2930 2546//2929
f 2736//2917 2735//2916 2548//2931
f 2735//2916 2549//2932 2548//2931
f 2736//2917 2550//2933 2551//2934
f 2551//2934 2737//2918 2736//2917
f 2736//2917 2552//2935 2550//2933
f 2738//2919 2737//2918 2553//2936
f 2737//2918 2554//2937 2553//2936
f 2738//2919 2555//2938 2556//2939
f 2738//2919 2557//2940 2555//2938
f 2556//2939 2739//2920 2738//2919
f 2740//2921 2739//2920 2558//2941
f 2739//2920 2559//2942 2558//2941
f 2739//2920 2560//2943 2559//2942
f 2505//2922 2740//2921 2561//2944
f 2740//2921 2562//2945 2561//2944
f 2561//2944 2506//2946 2505//2922
f 2558//2941 2562//2945 2740//2921
f 2556//2939 2560//2943 2739//2920
f 2553//2936 2557//2940 2738//2919
f 2551//2934 2554//2937 2737//2918
f 2548//2931 2552//2935 2736//2917
f 2545//2928 2549//2932 2735//2916
f 2543//2926 2547//2930 2734//2915
f 2542//2925 2544//2927 2733//2914
f 2507//2911 2732//2910 2740//2921
f 2739//2920 2740//2921 2732//2910
f 2738//2919 2739//2920 2731//2909
f 2737//2918 2738//2919 2730//2908
f 2736//2917 2737//2918 2729//2907
f 2735//2916 2736//2917 2728//2906
f 2734//2915 2735//2916 2727//2905
f 2733//2914 2734//2915 2726//2904
f 2539//2913 2540//2923 2733//2914
f 2502//2901 2724//2900 2732//2910
f 2731//2909 2732//2910 2724//2900
f 2730//2908 2731//2909 2723//2899
f 2729//2907 2730//2908 2722//2898
f 2728//2906 2729//2907 2721//2897
f 2727//2905 2728//2906 2720//2896
f 2726//2904 2727//2905 2719//2895
f 2725//2902 2726//2904 2718//2894
f 2537//2903 2538//2912 2725//2902
f 2499//2890 2716//2889 2724//2900
f 2723//2899 2724//2900 2716//2889
f 2722//2898 2723//2899 2715//2888
f 2721//2897 2722//2898 2714//2887
f 2720//2896 2721//2897 2713//2886
f 2719//2895 2720//2896 2712//2885
f 2718//2894 2719//2895 2711//2884
f 2717//2893 2718//2894 2710//2883
f 2717//2893 2709//2882 2535//2891
f 2494//2880 2708//2879 2716//2889
f 2715//2888 2716//2889 2708//2879
f 2714//2887 2715//2888 2707//2878
f 2713//2886 2714//2887 2706//2877
f 2712//2885 2713//2886 2705//2876
f 2711//2884 2712//2885 2704//2875
f 2710//2883 2711//2884 2703//2874
f 2709//2882 2710//2883 2702//2873
f 2534//2881 2535//2891 2709//2882
f 2490//2869 2700//2868 2708//2879
f 2707//2878 2708//2879 2700//2868
f 2706//2877 2707//2878 2699//2867
f 2705//2876 2706//2877 2698//2866
f 2704//2875 2705//2876 2697//2865
f 2703//2874 2704//2875 2696//2864
f 2702//2873 2703//2874 2695//2863
f 2701//2872 2702//2873 2694//2862
f 2701//2872 2693//2861 2532//2870
f 2489//2859 2692//2858 2700//2868
f 2699//2867 2700//2868 2692//2858
f 2698//2866 2699//2867 2691//2857
f 2697//2865 2698//2866 2690//2856
f 2696//2864 2697//2865 2689//2855
f 2695//2863 2696//2864 2688//2854
f 2694//2862 2695//2863 2687//2853
f 2693//2861 2694//2862 2686//2852
f 2531//2860 2532//2870 2693//2861
f 2500//2848 2684//2847 2692//2858
f 2691//2857 2692//2858 2684//2847
f 2690//2856 2691//2857 2683//2846
f 2689//2855 2690//2856 2682//2845
f 2688//2854 2689//2855 2681//2844
f 2687//2853 2688//2854 2680//2843
f 2686//2852 2687//2853 2679//2842
f 2685//2851 2686//2852 2678//2841
f 2685//2851 2677//2840 2529//2849
f 2495//2837 2676//2836 2684//2847
f 2683//2846 2684//2847 2676//2836
f 2682//2845 2683//2846 2675//2835
f 2681//2844 2682//2845 2674//2834
f 2680//2843 2681//2844 2673//2833
f 2679//2842 2680//2843 2672//2832
f 2678//2841 2679//2842 2671//2831
f 2677//2840 2678//2841 2670//2830
f 2528//2839 2529//2849 2677//2840
f 2492//2827 2668//2826 2676//2836
f 2675//2835 2676//2836 2668//2826
f 2674//2834 2675//2835 2667//2825
f 2673//2833 2674//2834 2666//2824
f 2672//2832 2673//2833 2665//2823
f 2671//2831 2672//2832 2664//2822
f 2670//2830 2671//2831 2663//2821
f 2669//2828 2670//2830 2662//2820
f 2526//2829 2527//2838 2669//2828
f 2491//2816 2660//2815 2668//2826
f 2667//2825 2668//2826 2660//2815
f 2666//2824 2667//2825 2659//2814
f 2665//2823 2666//2824 2658//2813
f 2664//2822 2665//2823 2657//2812
f 2663//2821 2664//2822 2656//2811
f 2662//2820 2663//2821 2655//2810
f 2661//2819 2662//2820 2654//2809
f 2661//2819 2653//2807 2524//2817
f 2491//2816 2497//2806 2652//2805
f 2659//2814 2660//2815 2652//2805
f 2658//2813 2659//2814 2651//2804
f 2657//2812 2658//2813 2650//2803
f 2656//2811 2657//2812 2649//2802
f 2655//2810 2656//2811 2648//2801
f 2654//2809 2655//2810 2647//2800
f 2653//2807 2654//2809 2646//2799
f 2523//2808 2524//2817 2653//2807
f 2497//2806 2496//2796 2644//2795
f 2651//2804 2652//2805 2644//2795
f 2650//2803 2651//2804 2643//2794
f 2649//2802 2650//2803 2642//2793
f 2648//2801 2649//2802 2641//2792
f 2647//2800 2648//2801 2640//2791
f 2646//2799 2647//2800 2639//2790
f 2645//2798 2646//2799 2638//2789
f 2637//2788 2521//2787 2522//2797
f 2496//2796 2486//2786 2636//2785
f 2643//2794 2644//2795 2636//2785
f 2642//2793 2643//2794 2635//2784
f 2641//2792 2642//2793 2634//2783
f 2640//2791 2641//2792 2633//2782
f 2639//2790 2640//2791 2632//2781
f 2638//2789 2639//2790 2631//2780
f 2637//2788 2638//2789 2630//2779
f 2629//2778 2563//2947 2521//2787
f 2486//2786 2485//2775 2628//2774
f 2635//2784 2636//2785 2628//2774
f 2634//2783 2635//2784 2627//2773
f 2633//2782 2634//2783 2626//2772
f 2632//2781 2633//2782 2625//2771
f 2631//2780 2632//2781 2624//2770
f 2630//2779 2631//2780 2623//2769
f 2629//2778 2630//2779 2622//2768
f 2520//2777 2563//2947 2629//2778
f 2485//2775 2487//2765 2620//2764
f 2627//2773 2628//2774 2620//2764
f 2626//2772 2627//2773 2619//2763
f 2625//2771 2626//2772 2618//2762
f 2624//2770 2625//2771 2617//2761
f 2623//2769 2624//2770 2616//2760
f 2622//2768 2623//2769 2615//2759
f 2621//2766 2622//2768 2614//2758
f 2518//2767 2519//2776 2621//2766
f 2487//2765 2488//2755 2612//2754
f 2619//2763 2620//2764 2612//2754
f 2618//2762 2619//2763 2611//2753
f 2617//2761 2618//2762 2610//2752
f 2616//2760 2617//2761 2609//2751
f 2615//2759 2616//2760 2608//2750
f 2614//2758 2615//2759 2607//2749
f 2613//2757 2614//2758 2606//2748
f 2605//2746 2564//2948 2517//2756
f 2488//2755 2493//2745 2604//2744
f 2611//2753 2612//2754 2604//2744
f 2610//2752 2611//2753 2603//2743
f 2609//2751 2610//2752 2602//2742
f 2608//2750 2609//2751 2601//2741
f 2607//2749 2608//2750 2600//2740
f 2606//2748 2607//2749 2599//2739
f 2605//2746 2606//2748 2598//2738
f 2516//2747 2564//2948 2605//2746
f 2493//2745 2498//2735 2596//2734
f 2603//2743 2604//2744 2596//2734
f 2602//2742 2603//2743 2595//2733
f 2601//2741 2602//2742 2594//2732
f 2600//2740 2601//2741 2593//2731
f 2599//2739 2600//2740 2592//2730
f 2598//2738 2599//2739 2591//2729
f 2597//2737 2598//2738 2590//2728
f 2589//2727 2514//2726 2515//2736
f 2498//2735 2501//2724 2588//2723
f 2595//2733 2596//2734 2588//2723
f 2594//2732 2595//2733 2587//2722
f 2593//2731 2594//2732 2586//2721
f 2592//2730 2593//2731 2585//2720
f 2591//2729 2592//2730 2584//2719
f 2590//2728 2591//2729 2583//2718
f 2589//2727 2590//2728 2582//2717
f 2514//2726 2589//2727 2581//2716
f 2501//2724 2503//2714 2580//2713
f 2587//2722 2588//2723 2580//2713
f 2586//2721 2587//2722 2579//2712
f 2585//2720 2586//2721 2578//2711
f 2584//2719 2585//2720 2577//2710
f 2583//2718 2584//2719 2576//2709
f 2582//2717 2583//2718 2575//2708
f 2581//2716 2582//2717 2574//2707
f 2573//2706 2511//2705 2512//2715
f 2503//2714 2504//2704 2572//2699
f 2579//2712 2580//2713 2572//2699
f 2578//2711 2579//2712 2571//2695
f 2577//2710 2578//2711 2570//2692
f 2576//2709 2577//2710 2569//2688
f 2575//2708 2576//2709 2568//2685
f 2574//2707 2575//2708 2567//2681
f 2573//2706 2574//2707 2566//2678
f 2565//2675 2510//2677 2511//2705
f 2406//2703 2405//2700 2572//2699
f 2402//2702 2401//2697 2571//2695
f 2400//2698 2399//2693 2570//2692
f 2398//2694 2397//2690 2569//2688
f 2407//2691 2395//2686 2568//2685
f 2394//2687 2393//2682 2567//2681
f 2391//2684 2390//2679 2566//2678
f 2389//2680 2388//2676 2565//2675
f 2509//2674 2510//2677 2387//2672
f 2508//2949 2506//2949 2741//2950
f 2741//2950 2742//2951 2508//2949
f 2742//2951 2743//2952 2744//2953
f 2744//2953 2745//2954 2742//2951
f 2745//2954 2746//2955 2747//2956
f 2747//2956 2748//2957 2745//2954
f 2748//2957 2749//2958 2750//2959
f 2750//2959 2751//2960 2748//2957
f 2751//2960 2752//2961 2753//2962
f 2753//2962 2754//2963 2751//2960
f 2754//2963 2755//2964 2756//2965
f 2756//2965 2757//2966 2754//2963
f 2757//2966 2758//2967 2759//2968
f 2759//2968 2760//2969 2757//2966
f 2760//2969 2761//2970 2762//2971
f 2762//2971 2763//2971 2760//2969
f 2759//2968 2761//2970 2760//2969
f 2756//2965 2758//2967 2757//2966
f 2753//2962 2755//2964 2754//2963
f 2750//2959 2752//2961 2751//2960
f 2747//2956 2749//2958 2748//2957
f 2744//2953 2746//2955 2745//2954
f 2741//2950 2743//2952 2742//2951
f 2775//2972 2744//2973 2743//2974
f 2743//2974 2776//2975 2775//2972
f 2775//2972 2776//2975 2777//2976
f 2778//2977 2779//2978 2780//2979
f 2764//2980 2765//2981 2781//2982
f 2780//2979 2766//2983 2764//2980
f 2782//2984 2747//2985 2746//2986
f 2746//2986 2775//2972 2782//2984
f 2782//2984 2775//2972 2783//2987
f 2784//2988 2783//2987 2785//2989
f 2786//2990 2785//2989 2787//2991
f 2788//2992 2787//2991 2789//2993
f 2790//2994 2789//2993 2791//2995
f 2792//2996 2791//2995 2793//2997
f 2794//2998 2793//2997 2795//2999
f 2796//3000 2795//2999 2797//3001
f 2798//3002 2797//3001 2799//3003
f 2800//3004 2799//3003 2778//2977
f 2801//3005 2778//2977 2781//2982
f 2781//2982 2765//2981 2767//3006
f 2802//3007 2750//3008 2749//3009
f 2749//3009 2782//2984 2802//3007
f 2802//3007 2782//2984 2784//2988
f 2803//3010 2784//2988 2786//2990
f 2804//3011 2786//2990 2788//2992
f 2805//3012 2788//2992 2790//2994
f 2806//3013 2790//2994 2792//2996
f 2807//3014 2792//2996 2794//2998
f 2808//3015 2794//2998 2796//3000
f 2809//3016 2796//3000 2798//3002
f 2810//3017 2798//3002 2800//3004
f 2811//3018 2800//3004 2801//3005
f 2812//3019 2801//3005 2813//3020
f 2768//3021 2769//3022 2814//3023
f 2813//3020 2767//3006 2768//3021
f 2815//3024 2753//3025 2752//3026
f 2752//3026 2802//3007 2815//3024
f 2815//3024 2802//3007 2803//3010
f 2816//3027 2803//3010 2804//3011
f 2817//3028 2804//3011 2805//3012
f 2818//3029 2805//3012 2806//3013
f 2819//3030 2806//3013 2807//3014
f 2820//3031 2807//3014 2808//3015
f 2821//3032 2808//3015 2809//3016
f 2822//3033 2809//3016 2810//3017
f 2823//3034 2810//3017 2811//3018
f 2824//3035 2811//3018 2812//3019
f 2825//3036 2812//3019 2814//3023
f 2814//3023 2769//3022 2770//3037
f 2826//3038 2756//3039 2755//3040
f 2755//3040 2815//3024 2826//3038
f 2826//3038 2815//3024 2816//3027
f 2827//3041 2816//3027 2817//3028
f 2828//3042 2817//3028 2818//3029
f 2829//3043 2818//3029 2819//3030
f 2830//3044 2819//3030 2820//3031
f 2831//3045 2820//3031 2821//3032
f 2832//3046 2821//3032 2822//3033
f 2833//3047 2822//3033 2823//3034
f 2834//3048 2823//3034 2824//3035
f 2835//3049 2824//3035 2825//3036
f 2836//3050 2825//3036 2837//3051
f 2771//3052 2772//3053 2838//3054
f 2837//3051 2770//3037 2771//3052
f 2839//3055 2759//3056 2758//3057
f 2758//3057 2826//3038 2839//3055
f 2839//3055 2826//3038 2827//3041
f 2840//3058 2827//3041 2828//3042
f 2841//3059 2828//3042 2829//3043
f 2842//3060 2829//3043 2830//3044
f 2843//3061 2830//3044 2831//3045
f 2844//3062 2831//3045 2832//3046
f 2845//3063 2832//3046 2833//3047
f 2846//3064 2833//3047 2834//3048
f 2847//3065 2834//3048 2835//3049
f 2848//3066 2835//3049 2836//3050
f 2849//3067 2836//3050 2838//3054
f 2838//3054 2772//3053 2773//3068
f 2839//3055 2762//3069 2761//3070
f 2850//3071 2773//3068 2774//3072
f 2741//3073 2506//3074 2561//3075
f 2776//2975 2562//3076 2558//3077
f 2776//2975 2561//3075 2562//3076
f 2783//2987 2560//3078 2556//3079
f 2783//2987 2777//2976 2559//3080
f 2559//3080 2560//3078 2783//2987
f 2785//2989 2556//3079 2555//3081
f 2787//2991 2557//3082 2553//3083
f 2787//2991 2555//3081 2557//3082
f 2789//2993 2553//3083 2554//3084
f 2554//3084 2791//2995 2789//2993
f 2551//3085 2550//3086 2793//2997
f 2795//2999 2793//2997 2552//3087
f 2793//2997 2550//3086 2552//3087
f 2797//3001 2795//2999 2548//3088
f 2799//3003 2797//3001 2549//3089
f 2778//2977 2799//3003 2545//3090
f 2545//3090 2546//3091 2778//2977
f 2779//2978 2546//3091 2547//3092
f 2780//2979 2779//2978 2543//3093
f 2543//3093 2544//3094 2780//2979
f 2766//2983 2780//2979 2542//3095
f 2542//3095 2541//3096 2766//2983
f 2544//3094 2542//3095 2780//2979
f 2547//3092 2543//3093 2779//2978
f 2546//3091 2779//2978 2778//2977
f 2549//3089 2545//3090 2799//3003
f 2548//3088 2549//3089 2797//3001
f 2552//3087 2548//3088 2795//2999
f 2793//2997 2791//2995 2551//3085
f 2554//3084 2551//3085 2791//2995
f 2553//3083 2789//2993 2787//2991
f 2555//3081 2787//2991 2785//2989
f 2556//3079 2785//2989 2783//2987
f 2559//3080 2777//2976 2558//3077
f 2558//3077 2777//2976 2776//2975
f 2561//3075 2776//2975 2741//3073
f 2774//3072 2762//3097 2850//3071
f 2762//3097 2849//3067 2850//3071
f 2762//3097 2848//3066 2849//3067
f 2762//3097 2847//3065 2848//3066
f 2762//3097 2846//3064 2847//3065
f 2762//3097 2845//3063 2846//3064
f 2762//3097 2844//3062 2845//3063
f 2762//3097 2843//3061 2844//3062
f 2762//3097 2842//3060 2843//3061
f 2762//3097 2841//3059 2842//3060
f 2762//3097 2840//3058 2841//3059
f 2762//3097 2839//3055 2840//3058
f 2761//3070 2759//3056 2839//3055
f 2773//3068 2850//3071 2838//3054
f 2838//3054 2850//3071 2849//3067
f 2836//3050 2849//3067 2848//3066
f 2835//3049 2848//3066 2847//3065
f 2834//3048 2847//3065 2846//3064
f 2833//3047 2846//3064 2845//3063
f 2832//3046 2845//3063 2844//3062
f 2831//3045 2844//3062 2843//3061
f 2830//3044 2843//3061 2842//3060
f 2829//3043 2842//3060 2841//3059
f 2828//3042 2841//3059 2840//3058
f 2827//3041 2840//3058 2839//3055
f 2758//3057 2756//3039 2826//3038
f 2838//3054 2837//3051 2771//3052
f 2837//3051 2838//3054 2836//3050
f 2825//3036 2836//3050 2835//3049
f 2824//3035 2835//3049 2834//3048
f 2823//3034 2834//3048 2833//3047
f 2822//3033 2833//3047 2832//3046
f 2821//3032 2832//3046 2831//3045
f 2820//3031 2831//3045 2830//3044
f 2819//3030 2830//3044 2829//3043
f 2818//3029 2829//3043 2828//3042
f 2817//3028 2828//3042 2827//3041
f 2816//3027 2827//3041 2826//3038
f 2755//3040 2753//3025 2815//3024
f 2770//3037 2837//3051 2814//3023
f 2814//3023 2837//3051 2825//3036
f 2812//3019 2825//3036 2824//3035
f 2811//3018 2824//3035 2823//3034
f 2810//3017 2823//3034 2822//3033
f 2809//3016 2822//3033 2821//3032
f 2808//3015 2821//3032 2820//3031
f 2807//3014 2820//3031 2819//3030
f 2806//3013 2819//3030 2818//3029
f 2805//3012 2818//3029 2817//3028
f 2804//3011 2817//3028 2816//3027
f 2803//3010 2816//3027 2815//3024
f 2752//3026 2750//3008 2802//3007
f 2814//3023 2813//3020 2768//3021
f 2813//3020 2814//3023 2812//3019
f 2801//3005 2812//3019 2811//3018
f 2800//3004 2811//3018 2810//3017
f 2798//3002 2810//3017 2809//3016
f 2796//3000 2809//3016 2808//3015
f 2794//2998 2808//3015 2807//3014
f 2792//2996 2807//3014 2806//3013
f 2790//2994 2806//3013 2805//3012
f 2788//2992 2805//3012 2804//3011
f 2786//2990 2804//3011 2803//3010
f 2784//2988 2803//3010 2802//3007
f 2749//3009 2747//2985 2782//2984
f 2767//3006 2813//3020 2781//2982
f 2781//2982 2813//3020 2801//3005
f 2778//2977 2801//3005 2800//3004
f 2799//3003 2800//3004 2798//3002
f 2797//3001 2798//3002 2796//3000
f 2795//2999 2796//3000 2794//2998
f 2793//2997 2794//2998 2792//2996
f 2791//2995 2792//2996 2790//2994
f 2789//2993 2790//2994 2788//2992
f 2787//2991 2788//2992 2786//2990
f 2785//2989 2786//2990 2784//2988
f 2783//2987 2784//2988 2782//2984
f 2746//2986 2744//2973 2775//2972
f 2781//2982 2780//2979 2764//2980
f 2780//2979 2781//2982 2778//2977
f 2777//2976 2783//2987 2775//2972
f 2743//2974 2741//3073 2776//2975
f 2851//3097 2852//3097 2853//3097
f 2763//3097 2762//3097 2854//3097
f 2851//3097 2855//3097 2852//3097
f 2854//3097 2851//3097 2763//3097
f 2854//3097 2855//3097 2851//3097
f 2853//3097 2856//3097 2851//3097
f 2856//3097 2857//3097 2851//3097
f 2858//3098 2876//3099 2766//3100
f 2876//3099 2764//3101 2766//3100
f 2876//3099 2877//3102 2765//3103
f 2877//3102 2878//3104 2767//3105
f 2878//3104 2768//3106 2767//3105
f 2878//3104 2879//3107 2769//3108
f 2880//3109 2771//3110 2770//3111
f 2770//3111 2879//3107 2880//3109
f 2880//3109 2881//3112 2772//3113
f 2882//3114 2774//3115 2773//3116
f 2773//3116 2881//3112 2882//3114
f 2774//3115 2882//3114 2854//3117
f 2883//3118 2876//3099 2859//3119
f 2876//3099 2858//3098 2859//3119
f 2877//3102 2876//3099 2883//3118
f 2878//3104 2877//3102 2884//3120
f 2879//3107 2878//3104 2885//3121
f 2880//3109 2879//3107 2886//3122
f 2881//3112 2880//3109 2887//3123
f 2882//3114 2881//3112 2888//3124
f 2882//3114 2889//3125 2855//3126
f 2860//3127 2890//3128 2883//3118
f 2884//3120 2883//3118 2890//3128
f 2885//3121 2884//3120 2891//3129
f 2886//3122 2885//3121 2892//3130
f 2887//3123 2886//3122 2893//3131
f 2888//3124 2887//3123 2894//3132
f 2889//3125 2888//3124 2895//3133
f 2889//3125 2896//3134 2852//3135
f 2897//3136 2890//3128 2861//3137
f 2890//3128 2860//3127 2861//3137
f 2891//3129 2890//3128 2897//3136
f 2892//3130 2891//3129 2898//3138
f 2893//3131 2892//3130 2899//3139
f 2894//3132 2893//3131 2900//3140
f 2895//3133 2894//3132 2901//3141
f 2896//3134 2895//3133 2902//3142
f 2903//3143 2853//3144 2852//3135
f 2862//3145 2863//3146 2904//3147
f 2898//3138 2897//3136 2904//3147
f 2899//3139 2898//3138 2905//3148
f 2900//3140 2899//3139 2906//3149
f 2901//3141 2900//3140 2907//3150
f 2902//3142 2901//3141 2908//3151
f 2903//3143 2902//3142 2909//3152
f 2910//3153 2856//3154 2853//3144
f 2864//3155 2904//3147 2865//3156
f 2904//3147 2863//3146 2865//3156
f 2865//3156 2866//3157 2864//3155
f 2904//3147 2867//3158 2868//3159
f 2905//3148 2868//3159 2869//3160
f 2906//3149 2869//3160 2870//3161
f 2907//3150 2870//3161 2871//3162
f 2908//3151 2871//3162 2872//3163
f 2909//3152 2872//3163 2873//3164
f 2873//3164 2910//3153 2909//3152
f 2874//3165 2857//3166 2856//3154
f 2856//3154 2910//3153 2874//3165
f 2873//3164 2874//3165 2910//3153
f 2872//3163 2909//3152 2908//3151
f 2871//3162 2908//3151 2907//3150
f 2870//3161 2907//3150 2906//3149
f 2869//3160 2906//3149 2905//3148
f 2868//3159 2905//3148 2904//3147
f 2864//3155 2867//3158 2904//3147
f 2853//3144 2903//3143 2910//3153
f 2909//3152 2910//3153 2903//3143
f 2908//3151 2909//3152 2902//3142
f 2907//3150 2908//3151 2901//3141
f 2906//3149 2907//3150 2900//3140
f 2905//3148 2906//3149 2899//3139
f 2904//3147 2905//3148 2898//3138
f 2904//3147 2897//3136 2862//3145
f 2852//3135 2896//3134 2903//3143
f 2902//3142 2903//3143 2896//3134
f 2901//3141 2902//3142 2895//3133
f 2900//3140 2901//3141 2894//3132
f 2899//3139 2900//3140 2893//3131
f 2898//3138 2899//3139 2892//3130
f 2897//3136 2898//3138 2891//3129
f 2861//3137 2862//3145 2897//3136
f 2852//3135 2855//3126 2889//3125
f 2895//3133 2896//3134 2889//3125
f 2894//3132 2895//3133 2888//3124
f 2893//3131 2894//3132 2887//3123
f 2892//3130 2893//3131 2886//3122
f 2891//3129 2892//3130 2885//3121
f 2890//3128 2891//3129 2884//3120
f 2883//3118 2875//3167 2860//3127
f 2855//3126 2854//3117 2882//3114
f 2888//3124 2889//3125 2882//3114
f 2887//3123 2888//3124 2881//3112
f 2886//3122 2887//3123 2880//3109
f 2885//3121 2886//3122 2879//3107
f 2884//3120 2885//3121 2878//3104
f 2883//3118 2884//3120 2877//3102
f 2859//3119 2875//3167 2883//3118
f 2854//3117 2762//3166 2774//3115
f 2773//3116 2772//3113 2881//3112
f 2772//3113 2771//3110 2880//3109
f 2770//3111 2769//3108 2879//3107
f 2769//3108 2768//3106 2878//3104
f 2767//3105 2765//3103 2877//3102
f 2765//3103 2764//3101 2876//3099
f 2766//3100 2541//3168 2858//3098
f 2851//3169 2857//3169 2911//3170
f 2912//3171 2911//3170 2913//3172
f 2913//3172 2914//3173 2912//3171
f 2914//3173 2915//3174 2916//3175
f 2916//3175 2917//3176 2914//3173
f 2917//3176 2918//3177 2919//3178
f 2919//3178 2920//3179 2917//3176
f 2920//3179 2921//3180 2922//3181
f 2922//3181 2923//3182 2920//3179
f 2923//3182 2924//3183 2925//3184
f 2925//3184 2926//3185 2923//3182
f 2926//3185 2927//3186 2928//3187
f 2928//3187 2929//3188 2926//3185
f 2929//3188 2930//3189 2931//3190
f 2931//3190 2932//3191 2929//3188
f 2931//3190 2933//3191 2932//3191
f 2928//3187 2930//3189 2929//3188
f 2925//3184 2927//3186 2926//3185
f 2922//3181 2924//3183 2923//3182
f 2919//3178 2921//3180 2920//3179
f 2916//3175 2918//3177 2917//3176
f 2913//3172 2915//3174 2914//3173
f 2911//3170 2912//3171 2851//3169
f 2867//3192 2955//3193 2956//3194
f 2956//3194 2868//3195 2867//3192
f 2956//3194 2955//3193 2957//3196
f 2958//3197 2959//3198 2960//3199
f 2961//3200 2960//3199 2930//3201
f 2960//3199 2931//3202 2930//3201
f 2868//3195 2956//3194 2962//3203
f 2962//3203 2956//3194 2963//3204
f 2964//3205 2963//3204 2965//3206
f 2966//3207 2965//3206 2967//3208
f 2968//3209 2967//3208 2969//3210
f 2970//3211 2969//3210 2971//3212
f 2972//3213 2971//3212 2973//3214
f 2974//3215 2973//3214 2975//3216
f 2976//3217 2975//3216 2977//3218
f 2978//3219 2977//3218 2979//3220
f 2980//3221 2979//3220 2958//3197
f 2981//3222 2958//3197 2961//3200
f 2982//3223 2961//3200 2927//3224
f 2961//3200 2928//3225 2927//3224
f 2869//3226 2962//3203 2983//3227
f 2983//3227 2962//3203 2964//3205
f 2984//3228 2964//3205 2966//3207
f 2985//3229 2966//3207 2968//3209
f 2986//3230 2968//3209 2970//3211
f 2987//3231 2970//3211 2972//3213
f 2988//3232 2972//3213 2974//3215
f 2989//3233 2974//3215 2976//3217
f 2990//3234 2976//3217 2978//3219
f 2991//3235 2978//3219 2980//3221
f 2992//3236 2980//3221 2981//3222
f 2993//3237 2981//3222 2982//3223
f 2994//3238 2982//3223 2924//3239
f 2982//3223 2925//3240 2924//3239
f 2870//3241 2983//3227 2995//3242
f 2995//3242 2983//3227 2984//3228
f 2996//3243 2984//3228 2985//3229
f 2997//3244 2985//3229 2986//3230
f 2998//3245 2986//3230 2987//3231
f 2999//3246 2987//3231 2988//3232
f 3000//3247 2988//3232 2989//3233
f 3001//3248 2989//3233 2990//3234
f 3002//3249 2990//3234 2991//3235
f 3003//3250 2991//3235 2992//3236
f 3004//3251 2992//3236 2993//3237
f 3005//3252 2993//3237 2994//3238
f 3006//3253 2994//3238 2921//3254
f 2994//3238 2922//3255 2921//3254
f 2871//3256 2995//3242 3007//3257
f 3007//3257 2995//3242 2996//3243
f 3008//3258 2996//3243 2997//3244
f 3009//3259 2997//3244 2998//3245
f 3010//3260 2998//3245 2999//3246
f 3011//3261 2999//3246 3000//3247
f 3012//3262 3000//3247 3001//3248
f 3013//3263 3001//3248 3002//3249
f 3014//3264 3002//3249 3003//3250
f 3015//3265 3003//3250 3004//3251
f 3016//3266 3004//3251 3005//3252
f 3017//3267 3005//3252 3006//3253
f 3018//3268 3006//3253 2918//3269
f 3006//3253 2919//3270 2918//3269
f 3007//3257 3019//3271 2873//3272
f 3019//3271 3007//3257 3008//3258
f 3020//3273 3008//3258 3009//3259
f 3021//3274 3009//3259 3010//3260
f 3022//3275 3010//3260 3011//3261
f 3023//3276 3011//3261 3012//3262
f 3024//3277 3012//3262 3013//3263
f 3025//3278 3013//3263 3014//3264
f 3026//3279 3014//3264 3015//3265
f 3027//3280 3015//3265 3016//3266
f 3028//3281 3016//3266 3017//3267
f 3029//3282 3017//3267 3018//3268
f 3030//3283 3018//3268 2915//3284
f 3018//3268 2916//3285 2915//3284
f 3019//3271 2857//3286 2874//3287
f 3030//3283 2913//3288 2911//3289
f 2864//3290 2866//3291 2934//3292
f 2955//3193 2935//3293 2936//3294
f 2955//3193 2934//3292 2935//3293
f 2957//3196 2936//3294 2937//3295
f 2963//3204 2938//3296 2939//3297
f 2963//3204 2957//3196 2938//3296
f 2965//3206 2939//3297 2940//3298
f 2967//3208 2940//3298 2941//3299
f 2969//3210 2941//3299 2942//3300
f 2942//3300 2971//3212 2969//3210
f 2943//3301 2973//3214 2971//3212
f 2975//3216 2973//3214 2944//3302
f 2973//3214 2943//3301 2944//3302
f 2977//3218 2975//3216 2945//3303
f 2945//3303 2946//3304 2977//3218
f 2979//3220 2977//3218 2947//3305
f 2958//3197 2948//3306 2949//3307
f 2958//3197 2979//3220 2950//3308
f 2950//3308 2948//3306 2958//3197
f 2960//3199 2959//3198 2951//3309
f 2951//3309 2952//3310 2960//3199
f 2931//3202 2960//3199 2953//3311
f 2953//3311 2933//3312 2931//3202
f 2952//3310 2953//3311 2960//3199
f 2951//3309 2959//3198 2949//3307
f 2949//3307 2959//3198 2958//3197
f 2947//3305 2950//3308 2979//3220
f 2946//3304 2947//3305 2977//3218
f 2944//3302 2945//3303 2975//3216
f 2971//3212 2954//3313 2943//3301
f 2942//3300 2954//3313 2971//3212
f 2941//3299 2969//3210 2967//3208
f 2940//3298 2967//3208 2965//3206
f 2939//3297 2965//3206 2963//3204
f 2937//3295 2938//3296 2957//3196
f 2936//3294 2957//3196 2955//3193
f 2934//3292 2955//3193 2864//3290
f 2911//3289 2857//3314 3030//3283
f 2857//3314 3029//3282 3030//3283
f 2857//3314 3028//3281 3029//3282
f 2857//3314 3027//3280 3028//3281
f 2857//3314 3026//3279 3027//3280
f 2857//3314 3025//3278 3026//3279
f 2857//3314 3024//3277 3025//3278
f 2857//3314 3023//3276 3024//3277
f 2857//3314 3022//3275 3023//3276
f 2857//3314 3021//3274 3022//3275
f 2857//3314 3020//3273 3021//3274
f 2857//3314 3019//3271 3020//3273
f 2874//3287 2873//3272 3019//3271
f 2915//3284 2913//3288 3030//3283
f 3018//3268 3030//3283 3029//3282
f 3017//3267 3029//3282 3028//3281
f 3016//3266 3028//3281 3027//3280
f 3015//3265 3027//3280 3026//3279
f 3014//3264 3026//3279 3025//3278
f 3013//3263 3025//3278 3024//3277
f 3012//3262 3024//3277 3023//3276
f 3011//3261 3023//3276 3022//3275
f 3010//3260 3022//3275 3021//3274
f 3009//3259 3021//3274 3020//3273
f 3008//3258 3020//3273 3019//3271
f 2873//3272 2872//3315 3007//3257
f 2918//3269 2916//3285 3018//3268
f 3006//3253 3018//3268 3017//3267
f 3005//3252 3017//3267 3016//3266
f 3004//3251 3016//3266 3015//3265
f 3003//3250 3015//3265 3014//3264
f 3002//3249 3014//3264 3013//3263
f 3001//3248 3013//3263 3012//3262
f 3000//3247 3012//3262 3011//3261
f 2999//3246 3011//3261 3010//3260
f 2998//3245 3010//3260 3009//3259
f 2997//3244 3009//3259 3008//3258
f 2996//3243 3008//3258 3007//3257
f 3007//3257 2872//3315 2871//3256
f 2921//3254 2919//3270 3006//3253
f 2994//3238 3006//3253 3005//3252
f 2993//3237 3005//3252 3004//3251
f 2992//3236 3004//3251 3003//3250
f 2991//3235 3003//3250 3002//3249
f 2990//3234 3002//3249 3001//3248
f 2989//3233 3001//3248 3000//3247
f 2988//3232 3000//3247 2999//3246
f 2987//3231 2999//3246 2998//3245
f 2986//3230 2998//3245 2997//3244
f 2985//3229 2997//3244 2996//3243
f 2984//3228 2996//3243 2995//3242
f 2995//3242 2871//3256 2870//3241
f 2924//3239 2922//3255 2994//3238
f 2982//3223 2994//3238 2993//3237
f 2981//3222 2993//3237 2992//3236
f 2980//3221 2992//3236 2991//3235
f 2978//3219 2991//3235 2990//3234
f 2976//3217 2990//3234 2989//3233
f 2974//3215 2989//3233 2988//3232
f 2972//3213 2988//3232 2987//3231
f 2970//3211 2987//3231 2986//3230
f 2968//3209 2986//3230 2985//3229
f 2966//3207 2985//3229 2984//3228
f 2964//3205 2984//3228 2983//3227
f 2983//3227 2870//3241 2869//3226
f 2927//3224 2925//3240 2982//3223
f 2961//3200 2982//3223 2981//3222
f 2958//3197 2981//3222 2980//3221
f 2979//3220 2980//3221 2978//3219
f 2977//3218 2978//3219 2976//3217
f 2975//3216 2976//3217 2974//3215
f 2973//3214 2974//3215 2972//3213
f 2971//3212 2972//3213 2970//3211
f 2969//3210 2970//3211 2968//3209
f 2967//3208 2968//3209 2966//3207
f 2965//3206 2966//3207 2964//3205
f 2963//3204 2964//3205 2962//3203
f 2962//3203 2869//3226 2868//3195
f 2930//3201 2928//3225 2961//3200
f 2960//3199 2961//3200 2958//3197
f 2957//3196 2963//3204 2956//3194
f 2867//3192 2864//3290 2955//3193
f 1282//3316 3031//3316 3032//3317
f 3032//3317 1283//3318 1282//3316
f 3033//3319 1284//3320 1283//3318
f 1286//3321 1284//3320 3034//3322
f 3034//3322 3035//3323 1286//3321
f 1284//3320 3033//3319 3034//3322
f 3036//3324 1285//3325 1286//3321
f 1288//3326 1285//3325 3036//3324
f 3036//3324 3037//3327 1288//3326
f 1287//3328 1288//3326 3038//3329
f 3038//3329 3039//3330 1287//3328
f 1290//3331 1287//3328 3039//3330
f 3039//3330 3040//3332 1290//3331
f 1289//3333 1290//3331 3041//3334
f 3041//3334 3042//3335 1289//3333
f 1292//3336 1289//3333 3042//3335
f 3042//3335 3043//3337 1292//3336
f 1291//3338 1292//3336 3044//3339
f 3044//3339 3045//3340 1291//3338
f 1294//3341 1291//3338 3045//3340
f 1293//3342 1294//3341 3046//3343
f 3046//3343 2865//3344 1293//3342
f 3046//3343 2866//3345 2865//3344
f 2863//3346 2862//3347 1296//3348
f 1293//3342 2865//3344 2863//3346
f 1296//3348 2862//3347 2861//3349
f 2861//3349 1295//3350 1296//3348
f 1295//3350 2861//3349 2860//3351
f 2875//3352 1298//3353 1297//3354
f 1297//3354 2860//3351 2875//3352
f 2875//3352 2859//3355 1298//3353
f 1299//3356 1298//3353 2859//3355
f 1299//3356 2540//3357 2539//3358
f 1299//3356 2858//3359 2541//3360
f 2541//3360 2540//3357 1299//3356
f 2539//3358 1300//3361 1299//3356
f 1300//3361 2539//3358 2538//3362
f 1301//3363 2538//3362 2537//3364
f 2537//3364 1302//3365 1301//3363
f 1302//3365 2537//3364 2536//3366
f 1303//3367 2535//3368 2534//3369
f 1303//3367 2536//3366 2535//3368
f 2534//3369 1304//3370 1303//3367
f 1304//3370 2534//3369 2533//3371
f 1305//3372 2532//3373 2531//3374
f 1305//3372 2533//3371 2532//3373
f 2531//3374 1306//3375 1305//3372
f 1308//3376 1307//3377 2529//3378
f 1307//3377 2531//3374 2530//3379
f 2530//3379 2529//3378 1307//3377
f 2529//3378 2528//3380 1308//3376
f 1310//3381 1309//3382 2527//3383
f 1309//3382 2528//3380 2527//3383
f 2527//3383 2526//3384 1310//3381
f 1311//3385 2525//3386 2524//3387
f 1311//3385 2526//3384 2525//3386
f 2524//3387 1312//3388 1311//3385
f 2524//3387 2523//3389 1312//3388
f 2523//3389 1313//3390 1312//3388
f 1315//3391 1313//3390 2522//3392
f 2522//3392 2521//3393 1315//3391
f 1313//3390 2523//3389 2522//3392
f 1314//3394 1315//3391 2563//3395
f 2563//3395 2520//3396 1314//3394
f 1317//3397 1314//3394 2520//3396
f 2520//3396 2519//3398 1317//3397
f 2518//3399 1316//3400 1317//3397
f 1319//3401 2517//3402 2564//3403
f 1319//3401 1316//3400 2518//3399
f 2518//3399 2517//3402 1319//3401
f 2516//3404 1318//3405 1319//3401
f 1321//3406 1318//3405 2516//3404
f 2516//3404 2515//3407 1321//3406
f 1320//3408 1321//3406 2514//3409
f 2514//3409 2513//3410 1320//3408
f 1323//3411 2512//3412 2511//3413
f 1323//3411 1320//3408 2513//3410
f 2513//3410 2512//3412 1323//3411
f 1322//3414 1323//3411 2510//3415
f 2510//3415 2509//3416 1322//3414
f 1325//3417 1322//3414 2509//3416
f 2509//3416 2317//3418 1325//3417
f 1325//3417 2317//3418 2316//3419
f 2316//3419 1324//3420 1325//3417
f 2315//3421 2314//3422 1326//3423
f 1324//3420 2316//3419 2315//3421
f 1327//3424 1326//3423 2314//3422
f 2314//3422 2313//3425 1327//3424
f 1328//3426 1327//3424 2313//3425
f 2328//3427 1329//3428 1328//3426
f 1328//3426 2312//3429 2328//3427
f 2328//3427 2311//3430 1329//3428
f 1329//3428 2311//3430 2091//3431
f 2311//3430 2092//3432 2091//3431
f 1330//3433 2091//3431 2090//3434
f 2090//3434 1331//3435 1330//3433
f 1331//3435 2090//3434 2089//3436
f 1332//3437 2088//3438 2087//3439
f 1332//3437 2089//3436 2088//3438
f 2087//3439 1333//3440 1332//3437
f 1333//3440 2087//3439 2086//3441
f 1334//3442 2085//3443 2084//3444
f 1334//3442 2086//3441 2085//3443
f 2084//3444 1335//3445 1334//3442
f 1335//3445 2084//3444 2083//3446
f 1336//3447 2082//3448 2081//3449
f 1336//3447 2083//3446 2082//3448
f 2081//3449 1337//3450 1336//3447
f 1338//3451 2080//3452 2079//3453
f 1338//3451 2081//3449 2080//3452
f 2079//3453 1339//3454 1338//3451
f 2079//3453 2078//3455 1339//3454
f 1341//3456 1340//3457 2077//3458
f 1340//3457 2078//3455 2077//3458
f 2077//3458 1896//3459 1341//3456
f 1340//3457 1339//3454 2078//3455
f 1338//3451 1337//3450 2081//3449
f 2083//3446 1336//3447 1335//3445
f 2086//3441 1334//3442 1333//3440
f 2089//3436 1332//3437 1331//3435
f 2091//3431 1330//3433 1329//3428
f 2313//3425 2312//3429 1328//3426
f 1326//3423 1324//3420 2315//3421
f 2509//3416 2318//3460 2317//3418
f 2511//3413 2510//3415 1323//3411
f 2515//3407 2514//3409 1321//3406
f 2564//3403 2516//3404 1319//3401
f 2519//3398 2518//3399 1317//3397
f 2521//3393 2563//3395 1315//3391
f 1311//3385 1310//3381 2526//3384
f 1309//3382 1308//3376 2528//3380
f 1307//3377 1306//3375 2531//3374
f 2533//3371 1305//3372 1304//3370
f 2536//3366 1303//3367 1302//3365
f 2538//3362 1301//3363 1300//3361
f 2859//3355 2858//3359 1299//3356
f 2860//3351 1297//3354 1295//3350
f 1296//3348 1293//3342 2863//3346
f 3045//3340 3046//3343 1294//3341
f 3043//3337 3044//3339 1292//3336
f 3040//3332 3041//3334 1290//3331
f 3037//3327 3038//3329 1288//3326
f 3035//3323 3036//3324 1286//3321
f 3032//3317 3033//3319 1283//3318
f 3073//3461 3047//3462 3048//3463
f 3074//3464 3049//3465 3050//3466
f 3050//3466 3073//3461 3074//3464
f 3075//3467 3051//3468 3052//3469
f 3052//3469 3074//3464 3075//3467
f 3075//3467 3076//3470 3053//3471
f 3076//3470 3054//3472 3053//3471
f 3076//3470 3077//3473 3055//3474
f 3077//3473 3056//3475 3055//3474
f 3077//3473 3078//3476 3057//3477
f 3078//3476 3058//3478 3057//3477
f 3059//3479 3058//3478 3078//3476
f 3079//3480 3060//3481 3059//3479
f 3061//3482 3060//3481 3079//3480
f 3080//3483 3062//3484 3061//3482
f 3031//3485 3062//3484 3080//3483
f 3081//3486 3073//3461 3063//3487
f 3074//3464 3073//3461 3081//3486
f 3075//3467 3074//3464 3082//3488
f 3076//3470 3075//3467 3083//3489
f 3077//3473 3076//3470 3084//3490
f 3078//3476 3077//3473 3085//3491
f 3079//3480 3078//3476 3086//3492
f 3080//3483 3079//3480 3087//3493
f 3080//3483 3088//3494 3033//3495
f 3088//3494 3034//3496 3033//3495
f 3089//3497 3081//3486 3064//3498
f 3082//3488 3081//3486 3089//3497
f 3083//3489 3082//3488 3090//3499
f 3084//3490 3083//3489 3091//3500
f 3085//3491 3084//3490 3092//3501
f 3086//3492 3085//3491 3093//3502
f 3087//3493 3086//3492 3094//3503
f 3088//3494 3087//3493 3095//3504
f 3034//3496 3088//3494 3096//3505
f 3097//3506 3089//3497 3065//3507
f 3090//3499 3089//3497 3097//3506
f 3091//3500 3090//3499 3098//3508
f 3092//3501 3091//3500 3099//3509
f 3093//3502 3092//3501 3100//3510
f 3094//3503 3093//3502 3101//3511
f 3095//3504 3094//3503 3102//3512
f 3096//3505 3095//3504 3103//3513
f 3104//3514 3037//3515 3036//3516
f 3036//3516 3096//3505 3104//3514
f 3105//3517 3097//3506 3066//3518
f 3098//3508 3097//3506 3105//3517
f 3099//3509 3098//3508 3106//3519
f 3100//3510 3099//3509 3107//3520
f 3101//3511 3100//3510 3108//3521
f 3102//3512 3101//3511 3109//3522
f 3103//3513 3102//3512 3110//3523
f 3104//3514 3103//3513 3111//3524
f 3037//3515 3104//3514 3112//3525
f 3113//3526 3105//3517 3067//3527
f 3106//3519 3105//3517 3113//3526
f 3107//3520 3106//3519 3114//3528
f 3108//3521 3107//3520 3115//3529
f 3109//3522 3108//3521 3116//3530
f 3110//3523 3109//3522 3117//3531
f 3111//3524 3110//3523 3118//3532
f 3112//3525 3111//3524 3119//3533
f 3120//3534 3040//3535 3039//3536
f 3039//3536 3112//3525 3120//3534
f 3121//3537 3113//3526 3068//3538
f 3114//3528 3113//3526 3121//3537
f 3115//3529 3114//3528 3122//3539
f 3116//3530 3115//3529 3123//3540
f 3117//3531 3116//3530 3124//3541
f 3118//3532 3117//3531 3125//3542
f 3119//3533 3118//3532 3126//3543
f 3120//3534 3119//3533 3127//3544
f 3040//3535 3120//3534 3128//3545
f 3129//3546 3121//3537 3069//3547
f 3122//3539 3121//3537 3129//3546
f 3123//3540 3122//3539 3130//3548
f 3124//3541 3123//3540 3131//3549
f 3125//3542 3124//3541 3132//3550
f 3126//3543 3125//3542 3133//3551
f 3127//3544 3126//3543 3134//3552
f 3128//3545 3127//3544 3135//3553
f 3136//3554 3043//3555 3042//3556
f 3042//3556 3128//3545 3136//3554
f 3137//3557 3129//3546 3070//3558
f 3130//3548 3129//3546 3137//3557
f 3131//3549 3130//3548 3138//3559
f 3132//3550 3131//3549 3139//3560
f 3133//3551 3132//3550 3140//3561
f 3134//3552 3133//3551 3141//3562
f 3135//3553 3134//3552 3142//3563
f 3136//3554 3135//3553 3143//3564
f 3043//3555 3136//3554 3144//3565
f 3145//3566 3137//3557 3071//3567
f 3138//3559 3137//3557 3145//3566
f 3139//3560 3138//3559 3146//3568
f 3140//3561 3139//3560 3147//3569
f 3141//3562 3140//3561 3148//3570
f 3142//3563 3141//3562 3149//3571
f 3143//3564 3142//3563 3150//3572
f 3144//3565 3143//3564 3151//3573
f 3152//3574 3046//3575 3045//3576
f 3045//3576 3144//3565 3152//3574
f 3072//3577 2933//3577 2953//3578
f 2953//3578 3145//3566 3072//3577
f 3146//3568 2951//3579 2949//3580
f 3145//3566 2952//3581 2951//3579
f 2951//3579 3146//3568 3145//3566
f 3147//3569 3146//3568 2950//3582
f 2950//3582 2947//3583 3147//3569
f 3146//3568 2948//3584 2950//3582
f 3147//3569 2946//3585 2945//3586
f 2945//3586 3148//3570 3147//3569
f 3149//3571 3148//3570 2943//3587
f 2943//3587 2954//3588 3149//3571
f 3148//3570 2944//3589 2943//3587
f 3150//3572 3149//3571 2941//3590
f 3149//3571 2942//3591 2941//3590
f 3150//3572 2940//3592 2939//3593
f 2939//3593 3151//3573 3150//3572
f 2939//3593 2938//3594 3151//3573
f 3151//3573 2937//3595 2936//3596
f 2936//3596 3152//3574 3151//3573
f 3046//3575 3152//3574 2934//3597
f 3152//3574 2935//3598 2934//3597
f 2934//3597 2866//3599 3046//3575
f 2936//3596 2935//3598 3152//3574
f 2938//3594 2937//3595 3151//3573
f 2941//3590 2940//3592 3150//3572
f 2954//3588 2942//3591 3149//3571
f 2945//3586 2944//3589 3148//3570
f 2947//3583 2946//3585 3147//3569
f 2949//3580 2948//3584 3146//3568
f 2953//3578 2952//3581 3145//3566
f 3045//3576 3044//3600 3144//3565
f 3151//3573 3152//3574 3144//3565
f 3150//3572 3151//3573 3143//3564
f 3149//3571 3150//3572 3142//3563
f 3148//3570 3149//3571 3141//3562
f 3147//3569 3148//3570 3140//3561
f 3146//3568 3147//3569 3139//3560
f 3145//3566 3146//3568 3138//3559
f 3071//3567 3072//3577 3145//3566
f 3144//3565 3044//3600 3043//3555
f 3143//3564 3144//3565 3136//3554
f 3142//3563 3143//3564 3135//3553
f 3141//3562 3142//3563 3134//3552
f 3140//3561 3141//3562 3133//3551
f 3139//3560 3140//3561 3132//3550
f 3138//3559 3139//3560 3131//3549
f 3137//3557 3138//3559 3130//3548
f 3070//3558 3071//3567 3137//3557
f 3042//3556 3041//3601 3128//3545
f 3135//3553 3136//3554 3128//3545
f 3134//3552 3135//3553 3127//3544
f 3133//3551 3134//3552 3126//3543
f 3132//3550 3133//3551 3125//3542
f 3131//3549 3132//3550 3124//3541
f 3130//3548 3131//3549 3123//3540
f 3129//3546 3130//3548 3122//3539
f 3069//3547 3070//3558 3129//3546
f 3128//3545 3041//3601 3040//3535
f 3127//3544 3128//3545 3120//3534
f 3126//3543 3127//3544 3119//3533
f 3125//3542 3126//3543 3118//3532
f 3124//3541 3125//3542 3117//3531
f 3123//3540 3124//3541 3116//3530
f 3122//3539 3123//3540 3115//3529
f 3121//3537 3122//3539 3114//3528
f 3068//3538 3069//3547 3121//3537
f 3039//3536 3038//3602 3112//3525
f 3119//3533 3120//3534 3112//3525
f 3118//3532 3119//3533 3111//3524
f 3117//3531 3118//3532 3110//3523
f 3116//3530 3117//3531 3109//3522
f 3115//3529 3116//3530 3108//3521
f 3114//3528 3115//3529 3107//3520
f 3113//3526 3114//3528 3106//3519
f 3067//3527 3068//3538 3113//3526
f 3112//3525 3038//3602 3037//3515
f 3111//3524 3112//3525 3104//3514
f 3110//3523 3111//3524 3103//3513
f 3109//3522 3110//3523 3102//3512
f 3108//3521 3109//3522 3101//3511
f 3107//3520 3108//3521 3100//3510
f 3106//3519 3107//3520 3099//3509
f 3105//3517 3106//3519 3098//3508
f 3066//3518 3067//3527 3105//3517
f 3036//3516 3035//3603 3096//3505
f 3103//3513 3104//3514 3096//3505
f 3102//3512 3103//3513 3095//3504
f 3101//3511 3102//3512 3094//3503
f 3100//3510 3101//3511 3093//3502
f 3099//3509 3100//3510 3092//3501
f 3098//3508 3099//3509 3091//3500
f 3097//3506 3098//3508 3090//3499
f 3065//3507 3066//3518 3097//3506
f 3096//3505 3035//3603 3034//3496
f 3095//3504 3096//3505 3088//3494
f 3094//3503 3095//3504 3087//3493
f 3093//3502 3094//3503 3086//3492
f 3092//3501 3093//3502 3085//3491
f 3091//3500 3092//3501 3084//3490
f 3090//3499 3091//3500 3083//3489
f 3089//3497 3090//3499 3082//3488
f 3064//3498 3065//3507 3089//3497
f 3033//3495 3032//3604 3080//3483
f 3087//3493 3088//3494 3080//3483
f 3086//3492 3087//3493 3079//3480
f 3085//3491 3086//3492 3078//3476
f 3084//3490 3085//3491 3077//3473
f 3083//3489 3084//3490 3076//3470
f 3082//3488 3083//3489 3075//3467
f 3081//3486 3082//3488 3074//3464
f 3063//3487 3064//3498 3081//3486
f 3080//3483 3032//3604 3031//3485
f 3079//3480 3080//3483 3061//3482
f 3078//3476 3079//3480 3059//3479
f 3057//3477 3056//3475 3077//3473
f 3055//3474 3054//3472 3076//3470
f 3053//3471 3051//3468 3075//3467
f 3052//3469 3049//3465 3074//3464
f 3050//3466 3047//3462 3073//3461
f 3048//3463 3063//3487 3073//3461
f 3153//3605 3064//3605 3063//3605
f 3153//3605 3070//3605 3069//3605
f 3153//3605 3065//3605 3064//3605
f 3153//3605 3071//3605 3070//3605
f 3153//3605 3066//3605 3065//3605
f 3069//3605 3068//3605 3153//3605
f 3153//3605 3067//3605 3066//3605
f 3153//3605 3072//3605 3071//3605
f 3068//3605 3067//3605 3153//3605
f 3153//3605 2932//3605 2933//3605
f 2933//3605 3072//3605 3153//3605
f 3154//3605 3153//3605 3048//3605
f 3048//3605 3155//3605 3154//3605
f 3063//3605 3048//3605 3153//3605
f 1282//3606 3156//3606 3157//3606
f 3157//3606 3031//3606 1282//3606
f 3155//3605 3048//3605 3047//3607
f 3047//3607 3158//3608 3155//3605
f 3159//3609 3050//3610 3049//3611
f 3049//3611 3160//3612 3159//3609
f 3159//3609 3158//3608 3050//3610
f 3161//3613 3052//3614 3051//3615
f 3051//3615 3162//3616 3161//3613
f 3051//3615 3053//3617 3162//3616
f 3163//3618 3053//3617 3054//3619
f 3054//3619 3164//3620 3163//3618
f 3054//3619 3055//3621 3164//3620
f 3165//3622 3166//3623 3056//3624
f 3166//3623 3055//3621 3056//3624
f 3056//3624 3057//3625 3165//3622
f 3167//3626 3168//3627 3058//3628
f 3057//3625 3058//3628 3168//3627
f 3168//3627 3165//3622 3057//3625
f 3169//3629 3059//3630 3060//3631
f 3060//3631 3170//3632 3169//3629
f 3060//3631 3061//3633 3170//3632
f 3157//3634 3171//3635 3062//3636
f 3061//3633 3062//3636 3171//3635
f 3171//3635 3170//3632 3061//3633
f 3062//3636 3031//3637 3157//3634
f 3169//3629 3167//3626 3059//3630
f 3058//3628 3059//3630 3167//3626
f 3166//3623 3164//3620 3055//3621
f 3163//3618 3162//3616 3053//3617
f 3161//3613 3160//3612 3052//3614
f 3049//3611 3052//3614 3160//3612
f 3047//3607 3050//3610 3158//3608
f 3170//3638 3212//3639 3213//3640
f 3213//3640 3169//3641 3170//3638
f 3213//3640 3212//3639 3214//3642
f 3215//3643 3216//3644 3217//3645
f 3172//3646 3173//3647 3218//3648
f 3217//3645 3174//3649 3172//3646
f 3167//3650 3213//3640 3219//3651
f 3219//3651 3168//3652 3167//3650
f 3219//3651 3213//3640 3220//3653
f 3221//3654 3220//3653 3222//3655
f 3223//3656 3222//3655 3224//3657
f 3225//3658 3224//3657 3226//3659
f 3227//3660 3226//3659 3228//3661
f 3229//3662 3228//3661 3230//3663
f 3231//3664 3230//3663 3232//3665
f 3233//3666 3232//3665 3234//3667
f 3235//3668 3234//3667 3236//3669
f 3237//3670 3236//3669 3238//3671
f 3239//3672 3238//3671 3240//3673
f 3241//3674 3240//3673 3215//3643
f 3242//3675 3215//3643 3218//3648
f 3175//3676 3176//3677 3243//3678
f 3218//3648 3173//3647 3175//3676
f 3165//3679 3219//3651 3244//3680
f 3244//3680 3166//3681 3165//3679
f 3244//3680 3219//3651 3221//3654
f 3245//3682 3221//3654 3223//3656
f 3246//3683 3223//3656 3225//3658
f 3247//3684 3225//3658 3227//3660
f 3248//3685 3227//3660 3229//3662
f 3249//3686 3229//3662 3231//3664
f 3250//3687 3231//3664 3233//3666
f 3251//3688 3233//3666 3235//3668
f 3252//3689 3235//3668 3237//3670
f 3253//3690 3237//3670 3239//3672
f 3254//3691 3239//3672 3241//3674
f 3255//3692 3241//3674 3242//3675
f 3256//3693 3242//3675 3243//3678
f 3177//3694 3178//3695 3257//3696
f 3243//3678 3176//3677 3177//3694
f 3164//3697 3244//3680 3258//3698
f 3258//3698 3163//3699 3164//3697
f 3258//3698 3244//3680 3245//3682
f 3259//3700 3245//3682 3246//3683
f 3260//3701 3246//3683 3247//3684
f 3261//3702 3247//3684 3248//3685
f 3262//3703 3248//3685 3249//3686
f 3263//3704 3249//3686 3250//3687
f 3264//3705 3250//3687 3251//3688
f 3265//3706 3251//3688 3252//3689
f 3266//3707 3252//3689 3253//3690
f 3267//3708 3253//3690 3254//3691
f 3268//3709 3254//3691 3255//3692
f 3269//3710 3255//3692 3256//3693
f 3270//3711 3256//3693 3257//3696
f 3179//3712 3180//3713 3271//3714
f 3257//3696 3178//3695 3179//3712
f 3162//3715 3258//3698 3272//3716
f 3272//3716 3161//3717 3162//3715
f 3272//3716 3258//3698 3259//3700
f 3273//3718 3259//3700 3260//3701
f 3274//3719 3260//3701 3261//3702
f 3275//3720 3261//3702 3262//3703
f 3276//3721 3262//3703 3263//3704
f 3277//3722 3263//3704 3264//3705
f 3278//3723 3264//3705 3265//3706
f 3279//3724 3265//3706 3266//3707
f 3280//3725 3266//3707 3267//3708
f 3281//3726 3267//3708 3268//3709
f 3282//3727 3268//3709 3269//3710
f 3283//3728 3269//3710 3270//3711
f 3284//3729 3270//3711 3271//3714
f 3181//3730 3182//3731 3285//3732
f 3271//3714 3180//3713 3181//3730
f 3160//3733 3272//3716 3286//3734
f 3286//3734 3159//3735 3160//3733
f 3286//3734 3272//3716 3273//3718
f 3287//3736 3273//3718 3274//3719
f 3288//3737 3274//3719 3275//3720
f 3289//3738 3275//3720 3276//3721
f 3290//3739 3276//3721 3277//3722
f 3291//3740 3277//3722 3278//3723
f 3292//3741 3278//3723 3279//3724
f 3293//3742 3279//3724 3280//3725
f 3294//3743 3280//3725 3281//3726
f 3295//3744 3281//3726 3282//3727
f 3296//3745 3282//3727 3283//3728
f 3297//3746 3283//3728 3284//3729
f 3298//3747 3284//3729 3285//3732
f 3183//3748 3184//3749 3299//3750
f 3285//3732 3182//3731 3183//3748
f 3286//3734 3155//3751 3158//3752
f 3299//3750 3184//3749 3185//3753
f 3171//3754 3157//3755 3186//3756
f 3212//3639 3187//3757 3188//3758
f 3212//3639 3186//3756 3187//3757
f 3220//3653 3189//3759 3190//3760
f 3220//3653 3214//3642 3191//3761
f 3191//3761 3189//3759 3220//3653
f 3222//3655 3190//3760 3192//3762
f 3224//3657 3193//3763 3194//3764
f 3224//3657 3192//3762 3193//3763
f 3226//3659 3194//3764 3195//3765
f 3195//3765 3228//3661 3226//3659
f 3196//3766 3230//3663 3228//3661
f 3230//3663 3196//3766 3197//3767
f 3197//3767 3232//3665 3230//3663
f 3198//3768 3199//3769 3234//3667
f 3236//3669 3234//3667 3200//3770
f 3234//3667 3199//3769 3200//3770
f 3238//3671 3236//3669 3201//3771
f 3201//3771 3202//3772 3238//3671
f 3240//3673 3238//3671 3203//3773
f 3215//3643 3204//3774 3205//3775
f 3215//3643 3240//3673 3206//3776
f 3206//3776 3204//3774 3215//3643
f 3217//3645 3216//3644 3207//3777
f 3207//3777 3208//3778 3217//3645
f 3174//3649 3217//3645 3209//3779
f 3209//3779 3210//3780 3174//3649
f 3208//3778 3209//3779 3217//3645
f 3207//3777 3216//3644 3205//3775
f 3205//3775 3216//3644 3215//3643
f 3203//3773 3206//3776 3240//3673
f 3202//3772 3203//3773 3238//3671
f 3200//3770 3201//3771 3236//3669
f 3234//3667 3232//3665 3198//3768
f 3197//3767 3198//3768 3232//3665
f 3228//3661 3211//3781 3196//3766
f 3195//3765 3211//3781 3228//3661
f 3194//3764 3226//3659 3224//3657
f 3192//3762 3224//3657 3222//3655
f 3190//3760 3222//3655 3220//3653
f 3191//3761 3214//3642 3188//3758
f 3188//3758 3214//3642 3212//3639
f 3186//3756 3212//3639 3171//3754
f 3185//3753 3155//3782 3299//3750
f 3155//3782 3298//3747 3299//3750
f 3155//3782 3297//3746 3298//3747
f 3155//3782 3296//3745 3297//3746
f 3155//3782 3295//3744 3296//3745
f 3155//3782 3294//3743 3295//3744
f 3155//3782 3293//3742 3294//3743
f 3155//3782 3292//3741 3293//3742
f 3155//3782 3291//3740 3292//3741
f 3155//3782 3290//3739 3291//3740
f 3155//3782 3289//3738 3290//3739
f 3155//3782 3288//3737 3289//3738
f 3155//3782 3287//3736 3288//3737
f 3155//3782 3286//3734 3287//3736
f 3158//3752 3159//3735 3286//3734
f 3299//3750 3285//3732 3183//3748
f 3285//3732 3299//3750 3298//3747
f 3284//3729 3298//3747 3297//3746
f 3283//3728 3297//3746 3296//3745
f 3282//3727 3296//3745 3295//3744
f 3281//3726 3295//3744 3294//3743
f 3280//3725 3294//3743 3293//3742
f 3279//3724 3293//3742 3292//3741
f 3278//3723 3292//3741 3291//3740
f 3277//3722 3291//3740 3290//3739
f 3276//3721 3290//3739 3289//3738
f 3275//3720 3289//3738 3288//3737
f 3274//3719 3288//3737 3287//3736
f 3273//3718 3287//3736 3286//3734
f 3160//3733 3161//3717 3272//3716
f 3285//3732 3271//3714 3181//3730
f 3271//3714 3285//3732 3284//3729
f 3270//3711 3284//3729 3283//3728
f 3269//3710 3283//3728 3282//3727
f 3268//3709 3282//3727 3281//3726
f 3267//3708 3281//3726 3280//3725
f 3266//3707 3280//3725 3279//3724
f 3265//3706 3279//3724 3278//3723
f 3264//3705 3278//3723 3277//3722
f 3263//3704 3277//3722 3276//3721
f 3262//3703 3276//3721 3275//3720
f 3261//3702 3275//3720 3274//3719
f 3260//3701 3274//3719 3273//3718
f 3259//3700 3273//3718 3272//3716
f 3162//3715 3163//3699 3258//3698
f 3271//3714 3257//3696 3179//3712
f 3257//3696 3271//3714 3270//3711
f 3256//3693 3270//3711 3269//3710
f 3255//3692 3269//3710 3268//3709
f 3254//3691 3268//3709 3267//3708
f 3253//3690 3267//3708 3266//3707
f 3252//3689 3266//3707 3265//3706
f 3251//3688 3265//3706 3264//3705
f 3250//3687 3264//3705 3263//3704
f 3249//3686 3263//3704 3262//3703
f 3248//3685 3262//3703 3261//3702
f 3247//3684 3261//3702 3260//3701
f 3246//3683 3260//3701 3259//3700
f 3245//3682 3259//3700 3258//3698
f 3164//3697 3166//3681 3244//3680
f 3257//3696 3243//3678 3177//3694
f 3243//3678 3257//3696 3256//3693
f 3242//3675 3256//3693 3255//3692
f 3241//3674 3255//3692 3254//3691
f 3239//3672 3254//3691 3253//3690
f 3237//3670 3253//3690 3252//3689
f 3235//3668 3252//3689 3251//3688
f 3233//3666 3251//3688 3250//3687
f 3231//3664 3250//3687 3249//3686
f 3229//3662 3249//3686 3248//3685
f 3227//3660 3248//3685 3247//3684
f 3225//3658 3247//3684 3246//3683
f 3223//3656 3246//3683 3245//3682
f 3221//3654 3245//3682 3244//3680
f 3165//3679 3168//3652 3219//3651
f 3243//3678 3218//3648 3175//3676
f 3218//3648 3243//3678 3242//3675
f 3215//3643 3242//3675 3241//3674
f 3240//3673 3241//3674 3239//3672
f 3238//3671 3239//3672 3237//3670
f 3236//3669 3237//3670 3235//3668
f 3234//3667 3235//3668 3233//3666
f 3232//3665 3233//3666 3231//3664
f 3230//3663 3231//3664 3229//3662
f 3228//3661 3229//3662 3227//3660
f 3226//3659 3227//3660 3225//3658
f 3224//3657 3225//3658 3223//3656
f 3222//3655 3223//3656 3221//3654
f 3220//3653 3221//3654 3219//3651
f 3167//3650 3169//3641 3213//3640
f 3218//3648 3217//3645 3172//3646
f 3217//3645 3218//3648 3215//3643
f 3214//3642 3220//3653 3213//3640
f 3170//3638 3171//3754 3212//3639
f 3300//3783 3172//3784 3174//3785
f 3174//3785 3301//3786 3300//3783
f 3302//3787 3175//3788 3173//3789
f 3173//3789 3300//3783 3302//3787
f 3303//3790 3177//3791 3176//3792
f 3176//3792 3302//3787 3303//3790
f 3304//3793 3179//3794 3178//3795
f 3178//3795 3303//3790 3304//3793
f 3305//3796 3181//3797 3180//3798
f 3180//3798 3304//3793 3305//3796
f 3306//3799 3183//3800 3182//3801
f 3182//3801 3305//3796 3306//3799
f 3307//3802 3185//3803 3184//3804
f 3184//3804 3306//3799 3307//3802
f 3185//3803 3307//3802 3154//3805
f 3154//3805 3155//3805 3185//3803
f 3184//3804 3183//3800 3306//3799
f 3182//3801 3181//3797 3305//3796
f 3180//3798 3179//3794 3304//3793
f 3178//3795 3177//3791 3303//3790
f 3176//3792 3175//3788 3302//3787
f 3173//3789 3172//3784 3300//3783
f 3174//3785 3210//3806 3301//3786
f 3308//3806 3301//3806 3210//3806
f 3210//3806 3309//3806 3308//3806
f 3186//3807 3157//3808 3156//3808
f 3187//3809 3186//3807 3310//3810
f 3310//3810 3311//3811 3187//3809
f 3188//3812 3187//3809 3311//3811
f 3311//3811 3312//3813 3188//3812
f 3191//3814 3188//3812 3313//3815
f 3313//3815 3314//3816 3191//3814
f 3189//3817 3191//3814 3314//3816
f 3314//3816 3315//3818 3189//3817
f 3190//3819 3189//3817 3315//3818
f 3192//3820 3190//3819 3316//3821
f 3316//3821 3317//3822 3192//3820
f 3193//3823 3192//3820 3318//3824
f 3318//3824 3319//3825 3193//3823
f 3317//3822 3318//3824 3192//3820
f 3194//3826 3193//3823 3319//3825
f 3319//3825 3320//3827 3194//3826
f 3195//3828 3194//3826 3321//3829
f 3321//3829 3322//3830 3195//3828
f 3322//3830 3323//3831 3195//3828
f 3211//3832 3195//3828 3323//3831
f 3196//3833 3211//3832 3324//3834
f 3324//3834 3325//3835 3196//3833
f 3325//3835 3326//3836 3196//3833
f 3197//3837 3196//3833 3326//3836
f 3326//3836 3327//3838 3197//3837
f 3197//3837 3328//3839 3329//3840
f 3197//3837 3327//3838 3328//3839
f 3198//3841 3329//3840 3330//3842
f 3330//3842 3199//3843 3198//3841
f 3199//3843 3330//3842 3331//3844
f 3331//3844 3200//3845 3199//3843
f 3200//3845 3332//3846 3333//3847
f 3200//3845 3331//3844 3332//3846
f 3201//3848 3334//3849 3335//3850
f 3201//3848 3333//3847 3334//3849
f 3335//3850 3202//3851 3201//3848
f 3202//3851 3335//3850 3336//3852
f 3203//3853 3337//3854 3338//3855
f 3203//3853 3336//3852 3337//3854
f 3338//3855 3206//3856 3203//3853
f 3206//3856 3338//3855 3339//3857
f 3339//3857 3204//3858 3206//3856
f 3204//3858 3339//3857 3340//3859
f 3205//3860 3340//3859 3341//3861
f 3341//3861 3207//3862 3205//3860
f 3207//3862 3342//3863 3343//3864
f 3207//3862 3341//3861 3342//3863
f 3343//3864 3208//3865 3207//3862
f 3209//3866 3344//3867 3309//3868
f 3209//3866 3343//3864 3344//3867
f 3309//3868 3210//3868 3209//3866
f 3209//3866 3208//3865 3343//3864
f 3340//3859 3205//3860 3204//3858
f 3336//3852 3203//3853 3202//3851
f 3333//3847 3201//3848 3200//3845
f 3329//3840 3198//3841 3197//3837
f 3323//3831 3324//3834 3211//3832
f 3320//3827 3321//3829 3194//3826
f 3315//3818 3316//3821 3190//3819
f 3312//3813 3313//3815 3188//3812
f 3156//3808 3310//3810 3186//3807
f 1355//3869 1100//3870 3345//3870
f 1353//3871 1355//3869 3346//3872
f 1351//3873 1353//3871 3347//3874
f 1349//3875 1351//3873 3348//3876
f 1347//3877 1349//3875 3349//3878
f 1345//3879 1347//3877 3350//3880
f 1343//3881 1345//3879 3351//3882
f 1282//3883 1343//3881 3352//3884
f 3352//3884 3156//3883 1282//3883
f 3351//3882 3352//3884 1343//3881
f 3350//3880 3351//3882 1345//3879
f 3349//3878 3350//3880 1347//3877
f 3348//3876 3349//3878 1349//3875
f 3347//3874 3348//3876 1351//3873
f 3346//3872 3347//3874 1353//3871
f 3345//3870 3346//3872 1355//3869
f 3345//3885 3353//3885 3387//3886
f 3346//3887 3387//3886 3388//3888
f 3347//3889 3388//3888 3389//3890
f 3348//3891 3389//3890 3390//3892
f 3349//3893 3390//3892 3391//3894
f 3350//3895 3391//3894 3392//3896
f 3351//3897 3392//3896 3393//3898
f 3352//3899 3393//3898 3310//3900
f 3353//3885 3354//3901 3394//3902
f 3387//3886 3394//3902 3395//3903
f 3388//3888 3395//3903 3396//3904
f 3389//3890 3396//3904 3397//3905
f 3390//3892 3397//3905 3398//3906
f 3391//3894 3398//3906 3399//3907
f 3392//3896 3399//3907 3400//3908
f 3393//3898 3400//3908 3312//3909
f 3312//3909 3311//3910 3393//3898
f 3354//3901 3355//3911 3401//3912
f 3394//3902 3401//3912 3402//3913
f 3395//3903 3402//3913 3403//3914
f 3396//3904 3403//3914 3404//3915
f 3397//3905 3404//3915 3405//3916
f 3398//3906 3405//3916 3406//3917
f 3399//3907 3406//3917 3407//3918
f 3400//3908 3407//3918 3313//3919
f 3355//3911 3356//3920 3408//3921
f 3401//3912 3408//3921 3409//3922
f 3402//3913 3409//3922 3410//3923
f 3403//3914 3410//3923 3411//3924
f 3404//3915 3411//3924 3412//3925
f 3405//3916 3412//3925 3413//3926
f 3406//3917 3413//3926 3414//3927
f 3407//3918 3414//3927 3314//3928
f 3356//3920 3357//3929 3415//3930
f 3408//3921 3415//3930 3416//3931
f 3409//3922 3416//3931 3417//3932
f 3410//3923 3417//3932 3418//3933
f 3411//3924 3418//3933 3419//3934
f 3412//3925 3419//3934 3420//3935
f 3413//3926 3420//3935 3421//3936
f 3414//3927 3421//3936 3316//3937
f 3316//3937 3315//3938 3414//3927
f 3357//3929 3358//3939 3422//3940
f 3415//3930 3422//3940 3423//3941
f 3416//3931 3423//3941 3424//3942
f 3417//3932 3424//3942 3425//3943
f 3418//3933 3425//3943 3426//3944
f 3419//3934 3426//3944 3427//3945
f 3420//3935 3427//3945 3428//3946
f 3421//3936 3428//3946 3317//3947
f 3358//3939 3359//3948 3429//3949
f 3422//3940 3429//3949 3430//3950
f 3423//3941 3430//3950 3431//3951
f 3424//3942 3431//3951 3432//3952
f 3425//3943 3432//3952 3433//3953
f 3426//3944 3433//3953 3434//3954
f 3427//3945 3434//3954 3435//3955
f 3428//3946 3435//3955 3318//3956
f 3359//3948 3360//3957 3436//3958
f 3429//3949 3436//3958 3437//3959
f 3430//3950 3437//3959 3438//3960
f 3431//3951 3438//3960 3439//3961
f 3432//3952 3439//3961 3440//3962
f 3433//3953 3440//3962 3441//3963
f 3434//3954 3441//3963 3442//3964
f 3435//3955 3442//3964 3320//3965
f 3320//3965 3319//3966 3435//3955
f 3360//3957 3361//3967 3443//3968
f 3436//3958 3443//3968 3444//3969
f 3437//3959 3444//3969 3445//3970
f 3438//3960 3445//3970 3446//3971
f 3439//3961 3446//3971 3447//3972
f 3440//3962 3447//3972 3448//3973
f 3441//3963 3448//3973 3449//3974
f 3442//3964 3449//3974 3321//3975
f 3361//3967 3362//3976 3450//3977
f 3443//3968 3450//3977 3451//3978
f 3444//3969 3451//3978 3452//3979
f 3445//3970 3452//3979 3453//3980
f 3446//3971 3453//3980 3454//3981
f 3447//3972 3454//3981 3455//3982
f 3448//3973 3455//3982 3456//3983
f 3449//3974 3456//3983 3322//3984
f 3362//3976 3363//3985 3457//3986
f 3450//3977 3457//3986 3458//3987
f 3451//3978 3458//3987 3459//3988
f 3452//3979 3459//3988 3460//3989
f 3453//3980 3460//3989 3461//3990
f 3454//3981 3461//3990 3462//3991
f 3455//3982 3462//3991 3463//3992
f 3456//3983 3463//3992 3324//3993
f 3324//3993 3323//3994 3456//3983
f 3363//3985 3364//3995 3464//3996
f 3457//3986 3464//3996 3465//3997
f 3458//3987 3465//3997 3466//3998
f 3459//3988 3466//3998 3467//3999
f 3460//3989 3467//3999 3468//4000
f 3461//3990 3468//4000 3469//4001
f 3462//3991 3469//4001 3470//4002
f 3463//3992 3470//4002 3325//4003
f 3364//3995 3365//4004 3471//4005
f 3464//3996 3471//4005 3472//4006
f 3465//3997 3472//4006 3473//4007
f 3466//3998 3473//4007 3474//4008
f 3467//3999 3474//4008 3475//4009
f 3468//4000 3475//4009 3476//4010
f 3469//4001 3476//4010 3477//4011
f 3470//4002 3477//4011 3326//4012
f 3365//4004 3366//4013 3478//4014
f 3471//4005 3478//4014 3479//4015
f 3472//4006 3479//4015 3480//4016
f 3473//4007 3480//4016 3481//4017
f 3474//4008 3481//4017 3482//4018
f 3475//4009 3482//4018 3483//4019
f 3476//4010 3483//4019 3484//4020
f 3477//4011 3484//4020 3327//4021
f 3484//4020 3328//4022 3327//4021
f 3367//4023 3485//4024 3478//4014
f 3478//4014 3485//4024 3486//4025
f 3479//4015 3486//4025 3487//4026
f 3480//4016 3487//4026 3488//4027
f 3481//4017 3488//4027 3489//4028
f 3482//4018 3489//4028 3490//4029
f 3483//4019 3490//4029 3491//4030
f 3491//4030 3329//4031 3328//4022
f 3368//4032 3492//4033 3485//4024
f 3485//4024 3492//4033 3493//4034
f 3486//4025 3493//4034 3494//4035
f 3487//4026 3494//4035 3495//4036
f 3488//4027 3495//4036 3496//4037
f 3489//4028 3496//4037 3497//4038
f 3490//4029 3497//4038 3498//4039
f 3498//4039 3330//4040 3329//4031
f 3369//4041 3499//4042 3492//4033
f 3492//4033 3499//4042 3500//4043
f 3493//4034 3500//4043 3501//4044
f 3494//4035 3501//4044 3502//4045
f 3495//4036 3502//4045 3503//4046
f 3496//4037 3503//4046 3504//4047
f 3497//4038 3504//4047 3505//4048
f 3505//4048 3331//4049 3330//4040
f 3505//4048 3332//4050 3331//4049
f 3370//4051 3506//4052 3499//4042
f 3499//4042 3506//4052 3507//4053
f 3500//4043 3507//4053 3508//4054
f 3501//4044 3508//4054 3509//4055
f 3502//4045 3509//4055 3510//4056
f 3503//4046 3510//4056 3511//4057
f 3504//4047 3511//4057 3512//4058
f 3512//4058 3333//4059 3332//4050
f 3371//4060 3513//4061 3506//4052
f 3506//4052 3513//4061 3514//4062
f 3507//4053 3514//4062 3515//4063
f 3508//4054 3515//4063 3516//4064
f 3509//4055 3516//4064 3517//4065
f 3510//4056 3517//4065 3518//4066
f 3511//4057 3518//4066 3519//4067
f 3519//4067 3334//4068 3333//4059
f 3372//4069 3520//4070 3513//4061
f 3513//4061 3520//4070 3521//4071
f 3514//4062 3521//4071 3522//4072
f 3515//4063 3522//4072 3523//4073
f 3516//4064 3523//4073 3524//4074
f 3517//4065 3524//4074 3525//4075
f 3518//4066 3525//4075 3526//4076
f 3526//4076 3335//4077 3334//4068
f 3526//4076 3336//4078 3335//4077
f 3373//4079 3527//4080 3520//4070
f 3520//4070 3527//4080 3528//4081
f 3521//4071 3528//4081 3529//4082
f 3522//4072 3529//4082 3530//4083
f 3523//4073 3530//4083 3531//4084
f 3524//4074 3531//4084 3532//4085
f 3525//4075 3532//4085 3533//4086
f 3533//4086 3337//4087 3336//4078
f 3374//4088 3534//4089 3527//4080
f 3527//4080 3534//4089 3535//4090
f 3528//4081 3535//4090 3536//4091
f 3529//4082 3536//4091 3537//4092
f 3530//4083 3537//4092 3538//4093
f 3531//4084 3538//4093 3539//4094
f 3532//4085 3539//4094 3540//4095
f 3540//4095 3338//4096 3337//4087
f 3375//4097 3541//4098 3534//4089
f 3534//4089 3541//4098 3542//4099
f 3535//4090 3542//4099 3543//4100
f 3536//4091 3543//4100 3544//4101
f 3537//4092 3544//4101 3545//4102
f 3538//4093 3545//4102 3546//4103
f 3539//4094 3546//4103 3547//4104
f 3547//4104 3339//4105 3338//4096
f 3547//4104 3340//4106 3339//4105
f 3376//4107 3548//4108 3541//4098
f 3541//4098 3548//4108 3549//4109
f 3542//4099 3549//4109 3550//4110
f 3543//4100 3550//4110 3551//4111
f 3544//4101 3551//4111 3552//4112
f 3545//4102 3552//4112 3553//4113
f 3546//4103 3553//4113 3554//4114
f 3554//4114 3341//4115 3340//4106
f 3377//4116 3555//4117 3548//4108
f 3548//4108 3555//4117 3556//4118
f 3549//4109 3556//4118 3557//4119
f 3550//4110 3557//4119 3558//4120
f 3551//4111 3558//4120 3559//4121
f 3552//4112 3559//4121 3560//4122
f 3553//4113 3560//4122 3561//4123
f 3561//4123 3342//4124 3341//4115
f 3378//4125 3562//4126 3555//4117
f 3555//4117 3562//4126 3563//4127
f 3556//4118 3563//4127 3564//4128
f 3557//4119 3564//4128 3565//4129
f 3558//4120 3565//4129 3566//4130
f 3559//4121 3566//4130 3567//4131
f 3560//4122 3567//4131 3568//4132
f 3568//4132 3344//4133 3343//4134
f 3343//4134 3561//4123 3568//4132
f 3379//4135 3380//4136 3562//4126
f 3380//4136 3381//4137 3563//4127
f 3381//4137 3382//4138 3564//4128
f 3382//4138 3383//4139 3565//4129
f 3383//4139 3384//4140 3566//4130
f 3384//4140 3385//4141 3567//4131
f 3385//4141 3386//4142 3568//4132
f 3386//4142 3309//4143 3344//4133
f 3344//4133 3568//4132 3386//4142
f 3568//4132 3567//4131 3385//4141
f 3567//4131 3566//4130 3384//4140
f 3566//4130 3565//4129 3383//4139
f 3565//4129 3564//4128 3382//4138
f 3564//4128 3563//4127 3381//4137
f 3563//4127 3562//4126 3380//4136
f 3562//4126 3378//4125 3379//4135
f 3343//4134 3342//4124 3561//4123
f 3568//4132 3561//4123 3560//4122
f 3567//4131 3560//4122 3559//4121
f 3566//4130 3559//4121 3558//4120
f 3565//4129 3558//4120 3557//4119
f 3564//4128 3557//4119 3556//4118
f 3563//4127 3556//4118 3555//4117
f 3555//4117 3377//4116 3378//4125
f 3341//4115 3554//4114 3561//4123
f 3561//4123 3554//4114 3553//4113
f 3560//4122 3553//4113 3552//4112
f 3559//4121 3552//4112 3551//4111
f 3558//4120 3551//4111 3550//4110
f 3557//4119 3550//4110 3549//4109
f 3556//4118 3549//4109 3548//4108
f 3548//4108 3376//4107 3377//4116
f 3340//4106 3547//4104 3554//4114
f 3554//4114 3547//4104 3546//4103
f 3553//4113 3546//4103 3545//4102
f 3552//4112 3545//4102 3544//4101
f 3551//4111 3544//4101 3543//4100
f 3550//4110 3543//4100 3542//4099
f 3549//4109 3542//4099 3541//4098
f 3541//4098 3375//4097 3376//4107
f 3338//4096 3540//4095 3547//4104
f 3547//4104 3540//4095 3539//4094
f 3546//4103 3539//4094 3538//4093
f 3545//4102 3538//4093 3537//4092
f 3544//4101 3537//4092 3536//4091
f 3543//4100 3536//4091 3535//4090
f 3542//4099 3535//4090 3534//4089
f 3534//4089 3374//4088 3375//4097
f 3337//4087 3533//4086 3540//4095
f 3540//4095 3533//4086 3532//4085
f 3539//4094 3532//4085 3531//4084
f 3538//4093 3531//4084 3530//4083
f 3537//4092 3530//4083 3529//4082
f 3536//4091 3529//4082 3528//4081
f 3535//4090 3528//4081 3527//4080
f 3527//4080 3373//4079 3374//4088
f 3336//4078 3526//4076 3533//4086
f 3533//4086 3526//4076 3525//4075
f 3532//4085 3525//4075 3524//4074
f 3531//4084 3524//4074 3523//4073
f 3530//4083 3523//4073 3522//4072
f 3529//4082 3522//4072 3521//4071
f 3528//4081 3521//4071 3520//4070
f 3520//4070 3372//4069 3373//4079
f 3334//4068 3519//4067 3526//4076
f 3526//4076 3519//4067 3518//4066
f 3525//4075 3518//4066 3517//4065
f 3524//4074 3517//4065 3516//4064
f 3523//4073 3516//4064 3515//4063
f 3522//4072 3515//4063 3514//4062
f 3521//4071 3514//4062 3513//4061
f 3513//4061 3371//4060 3372//4069
f 3333//4059 3512//4058 3519//4067
f 3519//4067 3512//4058 3511//4057
f 3518//4066 3511//4057 3510//4056
f 3517//4065 3510//4056 3509//4055
f 3516//4064 3509//4055 3508//4054
f 3515//4063 3508//4054 3507//4053
f 3514//4062 3507//4053 3506//4052
f 3506//4052 3370//4051 3371//4060
f 3332//4050 3505//4048 3512//4058
f 3512//4058 3505//4048 3504//4047
f 3511//4057 3504//4047 3503//4046
f 3510//4056 3503//4046 3502//4045
f 3509//4055 3502//4045 3501//4044
f 3508//4054 3501//4044 3500//4043
f 3507//4053 3500//4043 3499//4042
f 3499//4042 3369//4041 3370//4051
f 3330//4040 3498//4039 3505//4048
f 3505//4048 3498//4039 3497//4038
f 3504//4047 3497//4038 3496//4037
f 3503//4046 3496//4037 3495//4036
f 3502//4045 3495//4036 3494//4035
f 3501//4044 3494//4035 3493//4034
f 3500//4043 3493//4034 3492//4033
f 3492//4033 3368//4032 3369//4041
f 3329//4031 3491//4030 3498//4039
f 3498//4039 3491//4030 3490//4029
f 3497//4038 3490//4029 3489//4028
f 3496//4037 3489//4028 3488//4027
f 3495//4036 3488//4027 3487//4026
f 3494//4035 3487//4026 3486//4025
f 3493//4034 3486//4025 3485//4024
f 3485//4024 3367//4023 3368//4032
f 3328//4022 3484//4020 3491//4030
f 3491//4030 3484//4020 3483//4019
f 3490//4029 3483//4019 3482//4018
f 3489//4028 3482//4018 3481//4017
f 3488//4027 3481//4017 3480//4016
f 3487//4026 3480//4016 3479//4015
f 3486//4025 3479//4015 3478//4014
f 3478//4014 3366//4013 3367//4023
f 3327//4021 3326//4012 3477//4011
f 3484//4020 3477//4011 3476//4010
f 3483//4019 3476//4010 3475//4009
f 3482//4018 3475//4009 3474//4008
f 3481//4017 3474//4008 3473//4007
f 3480//4016 3473//4007 3472//4006
f 3479//4015 3472//4006 3471//4005
f 3478//4014 3471//4005 3365//4004
f 3326//4012 3325//4003 3470//4002
f 3477//4011 3470//4002 3469//4001
f 3476//4010 3469//4001 3468//4000
f 3475//4009 3468//4000 3467//3999
f 3474//4008 3467//3999 3466//3998
f 3473//4007 3466//3998 3465//3997
f 3472//4006 3465//3997 3464//3996
f 3471//4005 3464//3996 3364//3995
f 3325//4003 3324//3993 3463//3992
f 3470//4002 3463//3992 3462//3991
f 3469//4001 3462//3991 3461//3990
f 3468//4000 3461//3990 3460//3989
f 3467//3999 3460//3989 3459//3988
f 3466//3998 3459//3988 3458//3987
f 3465//3997 3458//3987 3457//3986
f 3464//3996 3457//3986 3363//3985
f 3323//3994 3322//3984 3456//3983
f 3463//3992 3456//3983 3455//3982
f 3462//3991 3455//3982 3454//3981
f 3461//3990 3454//3981 3453//3980
f 3460//3989 3453//3980 3452//3979
f 3459//3988 3452//3979 3451//3978
f 3458//3987 3451//3978 3450//3977
f 3457//3986 3450//3977 3362//3976
f 3322//3984 3321//3975 3449//3974
f 3456//3983 3449//3974 3448//3973
f 3455//3982 3448//3973 3447//3972
f 3454//3981 3447//3972 3446//3971
f 3453//3980 3446//3971 3445//3970
f 3452//3979 3445//3970 3444//3969
f 3451//3978 3444//3969 3443//3968
f 3450//3977 3443//3968 3361//3967
f 3321//3975 3320//3965 3442//3964
f 3449//3974 3442//3964 3441//3963
f 3448//3973 3441//3963 3440//3962
f 3447//3972 3440//3962 3439//3961
f 3446//3971 3439//3961 3438//3960
f 3445//3970 3438//3960 3437//3959
f 3444//3969 3437//3959 3436//3958
f 3443//3968 3436//3958 3360//3957
f 3319//3966 3318//3956 3435//3955
f 3442//3964 3435//3955 3434//3954
f 3441//3963 3434//3954 3433//3953
f 3440//3962 3433//3953 3432//3952
f 3439//3961 3432//3952 3431//3951
f 3438//3960 3431//3951 3430//3950
f 3437//3959 3430//3950 3429//3949
f 3436//3958 3429//3949 3359//3948
f 3318//3956 3317//3947 3428//3946
f 3435//3955 3428//3946 3427//3945
f 3434//3954 3427//3945 3426//3944
f 3433//3953 3426//3944 3425//3943
f 3432//3952 3425//3943 3424//3942
f 3431//3951 3424//3942 3423//3941
f 3430//3950 3423//3941 3422//3940
f 3429//3949 3422//3940 3358//3939
f 3317//3947 3316//3937 3421//3936
f 3428//3946 3421//3936 3420//3935
f 3427//3945 3420//3935 3419//3934
f 3426//3944 3419//3934 3418//3933
f 3425//3943 3418//3933 3417//3932
f 3424//3942 3417//3932 3416//3931
f 3423//3941 3416//3931 3415//3930
f 3422//3940 3415//3930 3357//3929
f 3315//3938 3314//3928 3414//3927
f 3421//3936 3414//3927 3413//3926
f 3420//3935 3413//3926 3412//3925
f 3419//3934 3412//3925 3411//3924
f 3418//3933 3411//3924 3410//3923
f 3417//3932 3410//3923 3409//3922
f 3416//3931 3409//3922 3408//3921
f 3415//3930 3408//3921 3356//3920
f 3314//3928 3313//3919 3407//3918
f 3414//3927 3407//3918 3406//3917
f 3413//3926 3406//3917 3405//3916
f 3412//3925 3405//3916 3404//3915
f 3411//3924 3404//3915 3403//3914
f 3410//3923 3403//3914 3402//3913
f 3409//3922 3402//3913 3401//3912
f 3408//3921 3401//3912 3355//3911
f 3313//3919 3312//3909 3400//3908
f 3407//3918 3400//3908 3399//3907
f 3406//3917 3399//3907 3398//3906
f 3405//3916 3398//3906 3397//3905
f 3404//3915 3397//3905 3396//3904
f 3403//3914 3396//3904 3395//3903
f 3402//3913 3395//3903 3394//3902
f 3401//3912 3394//3902 3354//3901
f 3311//3910 3310//3900 3393//3898
f 3400//3908 3393//3898 3392//3896
f 3399//3907 3392//3896 3391//3894
f 3398//3906 3391//3894 3390//3892
f 3397//3905 3390//3892 3389//3890
f 3396//3904 3389//3890 3388//3888
f 3395//3903 3388//3888 3387//3886
f 3394//3902 3387//3886 3353//3885
f 3310//3900 3156//4144 3352//3899
f 3393//3898 3352//3899 3351//3897
f 3392//3896 3351//3897 3350//3895
f 3391//3894 3350//3895 3349//3893
f 3390//3892 3349//3893 3348//3891
f 3389//3890 3348//3891 3347//3889
f 3388//3888 3347//3889 3346//3887
f 3387//3886 3346//3887 3345//3885
f 3569//4145 3308//4146 3309//4146
f 3570//4147 3569//4145 3386//4148
f 3571//4149 3570//4147 3385//4150
f 3572//4151 3571//4149 3384//4152
f 3573//4153 3572//4151 3383//4154
f 3574//4155 3573//4153 3382//4156
f 3575//4157 3574//4155 3381//4158
f 3576//4159 3575//4157 3380//4160
f 3380//4160 3379//4159 3576//4159
f 3381//4158 3380//4160 3575//4157
f 3382//4156 3381//4158 3574//4155
f 3383//4154 3382//4156 3573//4153
f 3384//4152 3383//4154 3572//4151
f 3385//4150 3384//4152 3571//4149
f 3386//4148 3385//4150 3570//4147
f 3309//4146 3386//4148 3569//4145
f 915//4159 3355//4159 3354//4159
f 915//4159 3356//4159 3355//4159
f 915//4159 3357//4159 3356//4159
f 848//4159 3371//4159 3370//4159
f 915//4159 3358//4159 3357//4159
f 848//4159 3372//4159 3371//4159
f 849//4159 3365//4159 3364//4159
f 915//4159 3359//4159 3358//4159
f 845//4159 3577//4159 3578//4159
f 845//4159 1223//4159 3579//4159
f 848//4159 3373//4159 3372//4159
f 3373//4159 848//4159 846//4159
f 849//4159 3366//4159 3365//4159
f 915//4159 3360//4159 3359//4159
f 3579//4159 3577//4159 845//4159
f 1223//4159 3580//4159 3581//4159
f 3576//4159 3582//4159 3583//4159
f 846//4159 3374//4159 3373//4159
f 849//4159 3367//4159 3366//4159
f 915//4159 3361//4159 3360//4159
f 850//4159 849//4159 3363//4159
f 3578//4159 3584//4159 845//4159
f 1223//4159 3585//4159 3580//4159
f 3576//4159 3586//4159 3582//4159
f 3576//4159 3587//4159 3588//4159
f 3576//4159 3589//4159 3590//4159
f 846//4159 3375//4159 3374//4159
f 3591//4159 3592//4159 3377//4159
f 849//4159 3368//4159 3367//4159
f 849//4159 848//4159 3369//4159
f 915//4159 3362//4159 3361//4159
f 3362//4159 915//4159 850//4159
f 845//4159 3593//4159 3594//4159
f 3581//4159 3579//4159 1223//4159
f 1223//4159 3595//4159 3596//4159
f 3576//4159 3597//4159 3598//4159
f 3576//4159 3599//4159 3600//4159
f 3583//4159 3601//4159 3576//4159
f 3576//4159 3602//4159 3587//4159
f 3590//4159 3603//4159 3576//4159
f 3379//4159 3604//4159 3589//4159
f 846//4159 3376//4159 3375//4159
f 3377//4159 846//4159 3591//4159
f 3369//4159 3368//4159 849//4159
f 3363//4159 3362//4159 850//4159
f 3594//4159 3605//4159 845//4159
f 845//4159 3606//4159 3607//4159
f 3596//4159 3585//4159 1223//4159
f 1223//4159 3608//4159 3609//4159
f 1223//4159 3610//4159 3611//4159
f 1223//4159 3612//4159 3613//4159
f 3600//4159 3597//4159 3576//4159
f 3576//4159 3614//4159 3615//4159
f 3588//4159 3586//4159 3576//4159
f 3589//4159 3576//4159 3379//4159
f 3379//4159 3616//4159 3617//4159
f 1040//4159 915//4159 3345//4159
f 3377//4159 3376//4159 846//4159
f 3354//4159 3353//4159 915//4159
f 3607//4159 3593//4159 845//4159
f 3609//4159 3595//4159 1223//4159
f 1223//4159 3618//4159 3619//4159
f 3613//4159 3610//4159 1223//4159
f 3615//4159 3599//4159 3576//4159
f 3603//4159 3602//4159 3576//4159
f 3379//4159 3620//4159 3621//4159
f 3379//4159 3622//4159 3616//4159
f 3592//4159 3623//4159 3379//4159
f 915//4159 3353//4159 3345//4159
f 3364//4159 3363//4159 849//4159
f 3584//4159 3606//4159 845//4159
f 3611//4159 3618//4159 1223//4159
f 3576//4159 3624//4159 3625//4159
f 3601//4159 3614//4159 3576//4159
f 3617//4159 3620//4159 3379//4159
f 3379//4159 3378//4159 3592//4159
f 3370//4159 3369//4159 848//4159
f 3626//4159 846//4159 845//4159
f 845//4159 3627//4159 3628//4159
f 3619//4159 3608//4159 1223//4159
f 1223//4159 3625//4159 3629//4159
f 3576//4159 3630//4159 3624//4159
f 3621//4159 3604//4159 3379//4159
f 3379//4159 3623//4159 3631//4159
f 3345//4159 1100//4159 1040//4159
f 845//4159 3632//4159 3626//4159
f 3605//4159 3627//4159 845//4159
f 3629//4159 3633//4159 1223//4159
f 3576//4159 3634//4159 3630//4159
f 3631//4159 3622//4159 3379//4159
f 3626//4159 3591//4159 846//4159
f 3633//4159 3612//4159 1223//4159
f 3598//4159 3634//4159 3576//4159
f 3628//4159 3632//4159 845//4159
f 3378//4159 3377//4159 3592//4159
f 3625//4159 1223//4159 3576//4159
f 3625//4161 3635//4161 3636//4162
f 3629//4162 3636//4162 3637//4163
f 3633//4163 3637//4163 3638//4164
f 3612//4164 3638//4164 3639//4165
f 3613//4165 3639//4165 3640//4166
f 3610//4166 3640//4166 3641//4167
f 3611//4167 3641//4167 3642//4168
f 3618//4168 3642//4168 3643//4169
f 3619//4169 3643//4169 3644//4170
f 3608//4170 3644//4170 3645//4171
f 3609//4171 3645//4171 3646//4172
f 3595//4172 3646//4172 3647//4173
f 3596//4173 3647//4173 3648//4174
f 3585//4174 3648//4174 3649//4175
f 3580//4175 3649//4175 3650//4176
f 3581//4176 3650//4176 3651//4177
f 3579//4177 3651//4177 3652//4178
f 3577//4178 3652//4178 3653//4179
f 3578//4179 3653//4179 3654//4180
f 3584//4180 3654//4180 3655//4181
f 3606//4181 3655//4181 3656//4182
f 3607//4182 3656//4182 3657//4183
f 3593//4183 3657//4183 3658//4184
f 3594//4184 3658//4184 3659//4185
f 3605//4185 3659//4185 3660//4186
f 3627//4186 3660//4186 3661//4187
f 3628//4187 3661//4187 3662//4188
f 3632//4188 3662//4188 3663//4189
f 3626//4189 3663//4189 3664//4190
f 3591//4190 3664//4190 3665//4191
f 3592//4191 3665//4191 3666//4192
f 3623//4192 3666//4192 3667//4193
f 3631//4193 3667//4193 3668//4194
f 3622//4194 3668//4194 3669//4195
f 3616//4195 3669//4195 3670//4196
f 3617//4196 3670//4196 3671//4197
f 3620//4197 3671//4197 3672//4198
f 3621//4198 3672//4198 3673//4199
f 3604//4199 3673//4199 3674//4200
f 3589//4200 3674//4200 3675//4201
f 3590//4201 3675//4201 3676//4202
f 3603//4202 3676//4202 3677//4203
f 3602//4203 3677//4203 3678//4204
f 3587//4204 3678//4204 3679//4205
f 3588//4205 3679//4205 3680//4206
f 3586//4206 3680//4206 3681//4207
f 3582//4207 3681//4207 3682//4208
f 3583//4208 3682//4208 3683//4209
f 3601//4209 3683//4209 3684//4210
f 3614//4210 3684//4210 3685//4211
f 3615//4211 3685//4211 3686//4212
f 3599//4212 3686//4212 3687//4213
f 3600//4213 3687//4213 3688//4214
f 3597//4214 3688//4214 3689//4215
f 3598//4215 3689//4215 3690//4216
f 3634//4216 3690//4216 3691//4217
f 3630//4217 3691//4217 3692//4218
f 3624//4218 3692//4218 3635//4161
f 3635//4161 3625//4161 3624//4218
f 3692//4218 3624//4218 3630//4217
f 3691//4217 3630//4217 3634//4216
f 3690//4216 3634//4216 3598//4215
f 3689//4215 3598//4215 3597//4214
f 3688//4214 3597//4214 3600//4213
f 3687//4213 3600//4213 3599//4212
f 3686//4212 3599//4212 3615//4211
f 3685//4211 3615//4211 3614//4210
f 3684//4210 3614//4210 3601//4209
f 3683//4209 3601//4209 3583//4208
f 3682//4208 3583//4208 3582//4207
f 3681//4207 3582//4207 3586//4206
f 3680//4206 3586//4206 3588//4205
f 3679//4205 3588//4205 3587//4204
f 3678//4204 3587//4204 3602//4203
f 3677//4203 3602//4203 3603//4202
f 3676//4202 3603//4202 3590//4201
f 3675//4201 3590//4201 3589//4200
f 3674//4200 3589//4200 3604//4199
f 3673//4199 3604//4199 3621//4198
f 3672//4198 3621//4198 3620//4197
f 3671//4197 3620//4197 3617//4196
f 3670//4196 3617//4196 3616//4195
f 3669//4195 3616//4195 3622//4194
f 3668//4194 3622//4194 3631//4193
f 3667//4193 3631//4193 3623//4192
f 3666//4192 3623//4192 3592//4191
f 3665//4191 3592//4191 3591//4190
f 3664//4190 3591//4190 3626//4189
f 3663//4189 3626//4189 3632//4188
f 3662//4188 3632//4188 3628//4187
f 3661//4187 3628//4187 3627//4186
f 3660//4186 3627//4186 3605//4185
f 3659//4185 3605//4185 3594//4184
f 3658//4184 3594//4184 3593//4183
f 3657//4183 3593//4183 3607//4182
f 3656//4182 3607//4182 3606//4181
f 3655//4181 3606//4181 3584//4180
f 3654//4180 3584//4180 3578//4179
f 3653//4179 3578//4179 3577//4178
f 3652//4178 3577//4178 3579//4177
f 3651//4177 3579//4177 3581//4176
f 3650//4176 3581//4176 3580//4175
f 3649//4175 3580//4175 3585//4174
f 3648//4174 3585//4174 3596//4173
f 3647//4173 3596//4173 3595//4172
f 3646//4172 3595//4172 3609//4171
f 3645//4171 3609//4171 3608//4170
f 3644//4170 3608//4170 3619//4169
f 3643//4169 3619//4169 3618//4168
f 3642//4168 3618//4168 3611//4167
f 3641//4167 3611//4167 3610//4166
f 3640//4166 3610//4166 3613//4165
f 3639//4165 3613//4165 3612//4164
f 3638//4164 3612//4164 3633//4163
f 3637//4163 3633//4163 3629//4162
f 3636//4162 3629//4162 3625//4161
f 3693//4219 3692//4219 3691//4219
f 3691//4219 3690//4219 3693//4219
f 3690//4219 3689//4219 3693//4219
f 3689//4219 3688//4219 3693//4219
f 3688//4219 3687//4219 3693//4219
f 3687//4219 3686//4219 3693//4219
f 3686//4219 3685//4219 3693//4219
f 3685//4219 3684//4219 3693//4219
f 3684//4219 3683//4219 3693//4219
f 3683//4219 3682//4219 3693//4219
f 3682//4219 3681//4219 3693//4219
f 3681//4219 3680//4219 3693//4219
f 3680//4219 3679//4219 3693//4219
f 3679//4219 3678//4219 3693//4219
f 3678//4219 3677//4219 3693//4219
f 3677//4219 3676//4219 3693//4219
f 3676//4219 3675//4219 3693//4219
f 3675//4219 3674//4219 3693//4219
f 3674//4219 3673//4219 3693//4219
f 3673//4219 3672//4219 3693//4219
f 3672//4219 3671//4219 3693//4219
f 3671//4219 3670//4219 3693//4219
f 3670//4219 3669//4219 3693//4219
f 3669//4219 3668//4219 3693//4219
f 3668//4219 3667//4219 3693//4219
f 3667//4219 3666//4219 3693//4219
f 3666//4219 3665//4219 3693//4219
f 3665//4219 3664//4219 3693//4219
f 3664//4219 3663//4219 3693//4219
f 3663//4219 3662//4219 3693//4219
f 3662//4219 3661//4219 3693//4219
f 3661//4219 3660//4219 3693//4219
f 3660//4219 3659//4219 3693//4219
f 3659//4219 3658//4219 3693//4219
f 3658//4219 3657//4219 3693//4219
f 3657//4219 3656//4219 3693//4219
f 3656//4219 3655//4219 3693//4219
f 3655//4219 3654//4219 3693//4219
f 3654//4219 3653//4219 3693//4219
f 3653//4219 3652//4219 3693//4219
f 3652//4219 3651//4219 3693//4219
f 3651//4219 3650//4219 3693//4219
f 3650//4219 3649//4219 3693//4219
f 3649//4219 3648//4219 3693//4219
f 3648//4219 3647//4219 3693//4219
f 3647//4219 3646//4219 3693//4219
f 3646//4219 3645//4219 3693//4219
f 3645//4219 3644//4219 3693//4219
f 3644//4219 3643//4219 3693//4219
f 3643//4219 3642//4219 3693//4219
f 3642//4219 3641//4219 3693//4219
f 3641//4219 3640//4219 3693//4219
f 3640//4219 3639//4219 3693//4219
f 3639//4219 3638//4219 3693//4219
f 3638//4219 3637//4219 3693//4219
f 3637//4219 3636//4219 3693//4219
f 3636//4219 3635//4219 3693//4219
f 3635//4219 3692//4219 3693//4219
f 1648//4220 3694//4220 3695//4221
f 1660//4221 3695//4221 3696//4222
f 1658//4222 3696//4222 3697//4223
f 1659//4223 3697//4223 3698//4224
f 1644//4224 3698//4224 3699//4225
f 1633//4225 3699//4225 3700//4226
f 1634//4226 3700//4226 3701//4227
f 1642//4227 3701//4227 3702//4228
f 1643//4228 3702//4228 3703//4229
f 1620//4229 3703//4229 3704//4230
f 1592//4230 3704//4230 3705//4231
f 1593//4231 3705//4231 3706//4232
f 1590//4232 3706//4232 3707//4233
f 1591//4233 3707//4233 3708//4234
f 1588//4234 3708//4234 3709//4235
f 1589//4235 3709//4235 3710//4236
f 1601//4236 3710//4236 3711//4237
f 1602//4237 3711//4237 3712//4238
f 1631//4238 3712//4238 3713//4239
f 1632//4239 3713//4239 3714//4240
f 1629//4240 3714//4240 3715//4241
f 1630//4241 3715//4241 3716//4242
f 1618//4242 3716//4242 3717//4243
f 1619//4243 3717//4243 3718//4244
f 1616//4244 3718//4244 3719//4245
f 1617//4245 3719//4245 3720//4246
f 1656//4246 3720//4246 3721//4247
f 1651//4247 3721//4247 3722//4248
f 1652//4248 3722//4248 3723//4249
f 1628//4249 3723//4249 3724//4250
f 1641//4250 3724//4250 3725//4251
f 1650//4251 3725//4251 3726//4252
f 1614//4252 3726//4252 3727//4253
f 1615//4253 3727//4253 3728//4254
f 1612//4254 3728//4254 3729//4255
f 1613//4255 3729//4255 3730//4256
f 1626//4256 3730//4256 3731//4257
f 1627//4257 3731//4257 3732//4258
f 1610//4258 3732//4258 3733//4259
f 1611//4259 3733//4259 3734//4260
f 1599//4260 3734//4260 3735//4261
f 1600//4261 3735//4261 3736//4262
f 1587//4262 3736//4262 3737//4263
f 1583//4263 3737//4263 3738//4264
f 1584//4264 3738//4264 3739//4265
f 1582//4265 3739//4265 3740//4266
f 1576//4266 3740//4266 3741//4267
f 1577//4267 3741//4267 3742//4268
f 1586//4268 3742//4268 3743//4269
f 1608//4269 3743//4269 3744//4270
f 1609//4270 3744//4270 3745//4271
f 1597//4271 3745//4271 3746//4272
f 1598//4272 3746//4272 3747//4273
f 1607//4273 3747//4273 3748//4274
f 1655//4274 3748//4274 3749//4275
f 1649//4275 3749//4275 3750//4276
f 1638//4276 3750//4276 3751//4277
f 1657//4277 3751//4277 3694//4220
f 3694//4220 1648//4220 1657//4277
f 3751//4277 1657//4277 1638//4276
f 3750//4276 1638//4276 1649//4275
f 3749//4275 1649//4275 1655//4274
f 3748//4274 1655//4274 1607//4273
f 3747//4273 1607//4273 1598//4272
f 3746//4272 1598//4272 1597//4271
f 3745//4271 1597//4271 1609//4270
f 3744//4270 1609//4270 1608//4269
f 3743//4269 1608//4269 1586//4268
f 3742//4268 1586//4268 1577//4267
f 3741//4267 1577//4267 1576//4266
f 3740//4266 1576//4266 1582//4265
f 3739//4265 1582//4265 1584//4264
f 3738//4264 1584//4264 1583//4263
f 3737//4263 1583//4263 1587//4262
f 3736//4262 1587//4262 1600//4261
f 3735//4261 1600//4261 1599//4260
f 3734//4260 1599//4260 1611//4259
f 3733//4259 1611//4259 1610//4258
f 3732//4258 1610//4258 1627//4257
f 3731//4257 1627//4257 1626//4256
f 3730//4256 1626//4256 1613//4255
f 3729//4255 1613//4255 1612//4254
f 3728//4254 1612//4254 1615//4253
f 3727//4253 1615//4253 1614//4252
f 3726//4252 1614//4252 1650//4251
f 3725//4251 1650//4251 1641//4250
f 3724//4250 1641//4250 1628//4249
f 3723//4249 1628//4249 1652//4248
f 3722//4248 1652//4248 1651//4247
f 3721//4247 1651//4247 1656//4246
f 3720//4246 1656//4246 1617//4245
f 3719//4245 1617//4245 1616//4244
f 3718//4244 1616//4244 1619//4243
f 3717//4243 1619//4243 1618//4242
f 3716//4242 1618//4242 1630//4241
f 3715//4241 1630//4241 1629//4240
f 3714//4240 1629//4240 1632//4239
f 3713//4239 1632//4239 1631//4238
f 3712//4238 1631//4238 1602//4237
f 3711//4237 1602//4237 1601//4236
f 3710//4236 1601//4236 1589//4235
f 3709//4235 1589//4235 1588//4234
f 3708//4234 1588//4234 1591//4233
f 3707//4233 1591//4233 1590//4232
f 3706//4232 1590//4232 1593//4231
f 3705//4231 1593//4231 1592//4230
f 3704//4230 1592//4230 1620//4229
f 3703//4229 1620//4229 1643//4228
f 3702//4228 1643//4228 1642//4227
f 3701//4227 1642//4227 1634//4226
f 3700//4226 1634//4226 1633//4225
f 3699//4225 1633//4225 1644//4224
f 3698//4224 1644//4224 1659//4223
f 3697//4223 1659//4223 1658//4222
f 3696//4222 1658//4222 1660//4221
f 3695//4221 1660//4221 1648//4220
f 3752//4278 3751//4278 3750//4278
f 3750//4278 3749//4278 3752//4278
f 3749//4278 3748//4278 3752//4278
f 3748//4278 3747//4278 3752//4278
f 3747//4278 3746//4278 3752//4278
f 3746//4278 3745//4278 3752//4278
f 3745//4278 3744//4278 3752//4278
f 3744//4278 3743//4278 3752//4278
f 3743//4278 3742//4278 3752//4278
f 3742//4278 3741//4278 3752//4278
f 3741//4278 3740//4278 3752//4278
f 3740//4278 3739//4278 3752//4278
f 3739//4278 3738//4278 3752//4278
f 3738//4278 3737//4278 3752//4278
f 3737//4278 3736//4278 3752//4278
f 3736//4278 3735//4278 3752//4278
f 3735//4278 3734//4278 3752//4278
f 3734//4278 3733//4278 3752//4278
f 3733//4278 3732//4278 3752//4278
f 3732//4278 3731//4278 3752//4278
f 3731//4278 3730//4278 3752//4278
f 3730//4278 3729//4278 3752//4278
f 3729//4278 3728//4278 3752//4278
f 3728//4278 3727//4278 3752//4278
f 3727//4278 3726//4278 3752//4278
f 3726//4278 3725//4278 3752//4278
f 3725//4278 3724//4278 3752//4278
f 3724//4278 3723//4278 3752//4278
f 3723//4278 3722//4278 3752//4278
f 3722//4278 3721//4278 3752//4278
f 3721//4278 3720//4278 3752//4278
f 3720//4278 3719//4278 3752//4278
f 3719//4278 3718//4278 3752//4278
f 3718//4278 3717//4278 3752//4278
f 3717//4278 3716//4278 3752//4278
f 3716//4278 3715//4278 3752//4278
f 3715//4278 3714//4278 3752//4278
f 3714//4278 3713//4278 3752//4278
f 3713//4278 3712//4278 3752//4278
f 3712//4278 3711//4278 3752//4278
f 3711//4278 3710//4278 3752//4278
f 3710//4278 3709//4278 3752//4278
f 3709//4278 3708//4278 3752//4278
f 3708//4278 3707//4278 3752//4278
f 3707//4278 3706//4278 3752//4278
f 3706//4278 3705//4278 3752//4278
f 3705//4278 3704//4278 3752//4278
f 3704//4278 3703//4278 3752//4278
f 3703//4278 3702//4278 3752//4278
f 3702//4278 3701//4278 3752//4278
f 3701//4278 3700//4278 3752//4278
f 3700//4278 3699//4278 3752//4278
f 3699//4278 3698//4278 3752//4278
f 3698//4278 3697//4278 3752//4278
f 3697//4278 3696//4278 3752//4278
f 3696//4278 3695//4278 3752//4278
f 3695//4278 3694//4278 3752//4278
f 3694//4278 3751//4278 3752//4278
f 1008//4279 3753//4279 3754//4279
f 3755//4279 3753//4279 1008//4279
f 1027//4279 1026//4279 3756//4279
f 1026//4279 1025//4279 3754//4279
f 1008//4279 1009//4279 3755//4279
f 1009//4279 1024//4279 3757//4279
f 1030//4279 3758//4279 3759//4279
f 1030//4279 1029//4279 3760//4279
f 1028//4279 3761//4279 3760//4279
f 1028//4279 1027//4279 3762//4279
f 3754//4279 3756//4279 1026//4279
f 3757//4279 3755//4279 1009//4279
f 1024//4279 1023//4279 3763//4279
f 1023//4279 1022//4279 3764//4279
f 1017//4279 1016//4279 3765//4279
f 1016//4279 1015//4279 3766//4279
f 3767//4279 3768//4279 1042//4279
f 1039//4279 1038//4279 3769//4279
f 3760//4279 3758//4279 1030//4279
f 3762//4279 3761//4279 1028//4279
f 3754//4279 1025//4279 1008//4279
f 3764//4279 3763//4279 1023//4279
f 1021//4279 1020//4279 3770//4279
f 1020//4279 1019//4279 3771//4279
f 3766//4279 3765//4279 1016//4279
f 1015//4279 1014//4279 3772//4279
f 1042//4279 3768//4279 3773//4279
f 3769//4279 3767//4279 1039//4279
f 1038//4279 1037//4279 3774//4279
f 1037//4279 1036//4279 3775//4279
f 1034//4279 3776//4279 3777//4279
f 1034//4279 1033//4279 3778//4279
f 3760//4279 1029//4279 1028//4279
f 3763//4279 3757//4279 1024//4279
f 1022//4279 1021//4279 3779//4279
f 3771//4279 3770//4279 1020//4279
f 3772//4279 3766//4279 1015//4279
f 1014//4279 1013//4279 3780//4279
f 1013//4279 1012//4279 3781//4279
f 1012//4279 1011//4279 3782//4279
f 1010//4279 3783//4279 3782//4279
f 1010//4279 1041//4279 3784//4279
f 1042//4279 1039//4279 3767//4279
f 3775//4279 3774//4279 1037//4279
f 1035//4279 3777//4279 3775//4279
f 3778//4279 3776//4279 1034//4279
f 1032//4279 3785//4279 3778//4279
f 1032//4279 1031//4279 3759//4279
f 3756//4279 3762//4279 1027//4279
f 3770//4279 3779//4279 1021//4279
f 3780//4279 3772//4279 1014//4279
f 3782//4279 3781//4279 1012//4279
f 3784//4279 3783//4279 1010//4279
f 1041//4279 1098//4279 3786//4279
f 1090//4279 1088//4279 3787//4279
f 1086//4279 3788//4279 3787//4279
f 3774//4279 3769//4279 1038//4279
f 3777//4279 1035//4279 1034//4279
f 3759//4279 3785//4279 1032//4279
f 3779//4279 3764//4279 1022//4279
f 1019//4279 1018//4279 3789//4279
f 1018//4279 1017//4279 3790//4279
f 3781//4279 3780//4279 1013//4279
f 3786//4279 3784//4279 1041//4279
f 1092//4279 1090//4279 3791//4279
f 3787//4279 1088//4279 1086//4279
f 1058//4279 1056//4279 3792//4279
f 1054//4279 3793//4279 3792//4279
f 1052//4279 3794//4279 3793//4279
f 1052//4279 1050//4279 3795//4279
f 3775//4279 1036//4279 1035//4279
f 3759//4279 1031//4279 1030//4279
f 3790//4279 3789//4279 1018//4279
f 3782//4279 1011//4279 1010//4279
f 1098//4279 1096//4279 3796//4279
f 1096//4279 1094//4279 3797//4279
f 3787//4279 3791//4279 1090//4279
f 1084//4279 3798//4279 3788//4279
f 3792//4279 1056//4279 1054//4279
f 3795//4279 3794//4279 1052//4279
f 1046//4279 3799//4279 3800//4279
f 1044//4279 3773//4279 3799//4279
f 3778//4279 1033//4279 1032//4279
f 3765//4279 3790//4279 1017//4279
f 3797//4279 3796//4279 1096//4279
f 1094//4279 1092//4279 3801//4279
f 3788//4279 1086//4279 1084//4279
f 1082//4279 3802//4279 3798//4279
f 3793//4279 1054//4279 1052//4279
f 1050//4279 1048//4279 3800//4279
f 3799//4279 1046//4279 1044//4279
f 3789//4279 3771//4279 1019//4279
f 3801//4279 3797//4279 1094//4279
f 3798//4279 1084//4279 1082//4279
f 1080//4279 3803//4279 3802//4279
f 1078//4279 3804//4279 3803//4279
f 3800//4279 3795//4279 1050//4279
f 3773//4279 1044//4279 1042//4279
f 3791//4279 3801//4279 1092//4279
f 3803//4279 1080//4279 1078//4279
f 1066//4279 3805//4279 3806//4279
f 1064//4279 3807//4279 3805//4279
f 1060//4279 3808//4279 3809//4279
f 1060//4279 1058//4279 3810//4279
f 3800//4279 1048//4279 1046//4279
f 3802//4279 1082//4279 1080//4279
f 1076//4279 3811//4279 3804//4279
f 1074//4279 3812//4279 3811//4279
f 1068//4279 3806//4279 3813//4279
f 3805//4279 1066//4279 1064//4279
f 1062//4279 3809//4279 3807//4279
f 3810//4279 3808//4279 1060//4279
f 3796//4279 3786//4279 1098//4279
f 3811//4279 1076//4279 1074//4279
f 1072//4279 3814//4279 3812//4279
f 1070//4279 3813//4279 3814//4279
f 3806//4279 1068//4279 1066//4279
f 3809//4279 1062//4279 1060//4279
f 3804//4279 1078//4279 1076//4279
f 3814//4279 1072//4279 1070//4279
f 3807//4279 1064//4279 1062//4279
f 3812//4279 1074//4279 1072//4279
f 3792//4279 3810//4279 1058//4279
f 3813//4279 1070//4279 1068//4279
f 3815//4278 3816//4278 3768//4278
f 3768//4278 3767//4278 3815//4278
f 3815//4278 3767//4278 3769//4280
f 3817//4280 3769//4280 3774//4281
f 3818//4281 3774//4281 3775//4282
f 3819//4282 3775//4282 3777//4283
f 3820//4283 3777//4283 3776//4284
f 3821//4284 3776//4284 3778//4285
f 3822//4285 3778//4285 3785//4286
f 3823//4286 3785//4286 3759//4287
f 3824//4287 3759//4287 3758//4288
f 3825//4288 3758//4288 3760//4289
f 3826//4289 3760//4289 3761//4290
f 3827//4290 3761//4290 3762//4291
f 3828//4291 3762//4291 3756//4292
f 3829//4292 3756//4292 3754//4293
f 3830//4293 3754//4293 3753//4294
f 3753//4294 3831//4294 3830//4293
f 3754//4293 3830//4293 3829//4292
f 3756//4292 3829//4292 3828//4291
f 3762//4291 3828//4291 3827//4290
f 3761//4290 3827//4290 3826//4289
f 3760//4289 3826//4289 3825//4288
f 3758//4288 3825//4288 3824//4287
f 3759//4287 3824//4287 3823//4286
f 3785//4286 3823//4286 3822//4285
f 3778//4285 3822//4285 3821//4284
f 3776//4284 3821//4284 3820//4283
f 3777//4283 3820//4283 3819//4282
f 3775//4282 3819//4282 3818//4281
f 3774//4281 3818//4281 3817//4280
f 3769//4280 3817//4280 3815//4278
f 3832//4294 3831//4294 3753//4294
f 3753//4294 3755//4294 3832//4294
f 3832//4294 3755//4294 3757//4295
f 3833//4295 3757//4295 3763//4296
f 3834//4296 3763//4296 3764//4297
f 3835//4297 3764//4297 3779//4298
f 3836//4298 3779//4298 3770//4299
f 3837//4299 3770//4299 3771//4300
f 3838//4300 3771//4300 3789//4301
f 3839//4301 3789//4301 3790//4302
f 3840//4302 3790//4302 3765//4303
f 3841//4303 3765//4303 3766//4304
f 3842//4304 3766//4304 3772//4305
f 3843//4305 3772//4305 3780//4306
f 3844//4306 3780//4306 3781//4307
f 3845//4307 3781//4307 3782//4308
f 3846//4308 3782//4308 3783//4309
f 3783//4309 3847//4309 3846//4308
f 3782//4308 3846//4308 3845//4307
f 3781//4307 3845//4307 3844//4306
f 3780//4306 3844//4306 3843//4305
f 3772//4305 3843//4305 3842//4304
f 3766//4304 3842//4304 3841//4303
f 3765//4303 3841//4303 3840//4302
f 3790//4302 3840//4302 3839//4301
f 3789//4301 3839//4301 3838//4300
f 3771//4300 3838//4300 3837//4299
f 3770//4299 3837//4299 3836//4298
f 3779//4298 3836//4298 3835//4297
f 3764//4297 3835//4297 3834//4296
f 3763//4296 3834//4296 3833//4295
f 3757//4295 3833//4295 3832//4294
f 3847//4309 3783//4309 3784//4309
f 3784//4309 3848//4309 3847//4309
f 3848//4309 3784//4309 3786//4310
f 3849//4310 3786//4310 3796//4311
f 3850//4311 3796//4311 3797//4312
f 3851//4312 3797//4312 3801//4313
f 3852//4313 3801//4313 3791//4314
f 3853//4314 3791//4314 3787//4315
f 3854//4315 3787//4315 3788//4316
f 3855//4316 3788//4316 3798//4317
f 3856//4317 3798//4317 3802//4318
f 3857//4318 3802//4318 3803//4319
f 3858//4319 3803//4319 3804//4320
f 3859//4320 3804//4320 3811//4321
f 3860//4321 3811//4321 3812//4322
f 3861//4322 3812//4322 3814//4323
f 3862//4323 3814//4323 3813//4324
f 3863//4324 3813//4324 3806//4325
f 3864//4325 3806//4325 3805//4326
f 3865//4326 3805//4326 3807//4327
f 3866//4327 3807//4327 3809//4328
f 3867//4328 3809//4328 3808//4329
f 3868//4329 3808//4329 3810//4330
f 3869//4330 3810//4330 3792//4331
f 3870//4331 3792//4331 3793//4332
f 3871//4332 3793//4332 3794//4333
f 3872//4333 3794//4333 3795//4334
f 3873//4334 3795//4334 3800//4335
f 3874//4335 3800//4335 3799//4336
f 3875//4336 3799//4336 3773//4337
f 3876//4337 3773//4337 3768//4338
f 3768//4338 3816//4338 3876//4337
f 3773//4337 3876//4337 3875//4336
f 3799//4336 3875//4336 3874//4335
f 3800//4335 3874//4335 3873//4334
f 3795//4334 3873//4334 3872//4333
f 3794//4333 3872//4333 3871//4332
f 3793//4332 3871//4332 3870//4331
f 3792//4331 3870//4331 3869//4330
f 3810//4330 3869//4330 3868//4329
f 3808//4329 3868//4329 3867//4328
f 3809//4328 3867//4328 3866//4327
f 3807//4327 3866//4327 3865//4326
f 3805//4326 3865//4326 3864//4325
f 3806//4325 3864//4325 3863//4324
f 3813//4324 3863//4324 3862//4323
f 3814//4323 3862//4323 3861//4322
f 3812//4322 3861//4322 3860//4321
f 3811//4321 3860//4321 3859//4320
f 3804//4320 3859//4320 3858//4319
f 3803//4319 3858//4319 3857//4318
f 3802//4318 3857//4318 3856//4317
f 3798//4317 3856//4317 3855//4316
f 3788//4316 3855//4316 3854//4315
f 3787//4315 3854//4315 3853//4314
f 3791//4314 3853//4314 3852//4313
f 3801//4313 3852//4313 3851//4312
f 3797//4312 3851//4312 3850//4311
f 3796//4311 3850//4311 3849//4310
f 3786//4310 3849//4310 3848//4309
f 3877//4339 3878//4339 3831//4339
f 3831//4339 3832//4339 3877//4339
f 3879//4340 3880//4340 3881//4340
f 3880//4340 3879//4340 3882//4340
f 3882//4340 3883//4340 3880//4340
f 3884//4340 3885//4340 3886//4340
f 3884//4340 3887//4340 3879//4340
f 3884//4340 3888//4340 3889//4340
f 3884//4340 3890//4340 3885//4340
f 3884//4340 3891//4340 3892//4340
f 3893//4340 3894//4340 3895//4340
f 3893//4340 3896//4340 3897//4340
f 3898//4340 3899//4340 3900//4340
f 3889//4340 3887//4340 3884//4340
f 3892//4340 3890//4340 3884//4340
f 3901//4340 3902//4340 3903//4340
f 3877//4340 3904//4340 3905//4340
f 3877//4340 3893//4340 3906//4340
f 3893//4340 3907//4340 3894//4340
f 3893//4340 3908//4340 3896//4340
f 3898//4340 3909//4340 3899//4340
f 3886//4340 3888//4340 3884//4340
f 3910//4340 3911//4340 3912//4340
f 3910//4340 3913//4340 3914//4340
f 3915//4340 3916//4340 3901//4340
f 3905//4340 3917//4340 3877//4340
f 3906//4340 3918//4340 3877//4340
f 3897//4340 3907//4340 3893//4340
f 3893//4340 3877//4340 3919//4340
f 3898//4340 3884//4340 3909//4340
f 3884//4340 3898//4340 3891//4340
f 3913//4340 3920//4340 3921//4340
f 3913//4340 3910//4340 3922//4340
f 3910//4340 3923//4340 3911//4340
f 3914//4340 3924//4340 3910//4340
f 3878//4340 3925//4340 3926//4340
f 3903//4340 3915//4340 3901//4340
f 3877//4340 3927//4340 3916//4340
f 3918//4340 3904//4340 3877//4340
f 3919//4340 3908//4340 3893//4340
f 3881//4340 3884//4340 3879//4340
f 3922//4340 3920//4340 3913//4340
f 3924//4340 3923//4340 3910//4340
f 3926//4340 3928//4340 3878//4340
f 3900//4340 3929//4340 3930//4340
f 3929//4340 3900//4340 3931//4340
f 3916//4340 3932//4340 3877//4340
f 3895//4340 3933//4340 3893//4340
f 3878//4340 3934//4340 3898//4340
f 3878//4340 3877//4340 3932//4340
f 3912//4340 3935//4340 3910//4340
f 3878//4340 3936//4340 3925//4340
f 3878//4340 3900//4340 3937//4340
f 3931//4340 3938//4340 3929//4340
f 3917//4340 3927//4340 3877//4340
f 3932//4340 3934//4340 3878//4340
f 3928//4340 3913//4340 3878//4340
f 3930//4340 3937//4340 3900//4340
f 3900//4340 3878//4340 3898//4340
f 3937//4340 3936//4340 3878//4340
f 3921//4340 3878//4340 3913//4340
f 3915//4340 3932//4340 3916//4340
f 3847//4341 3927//4341 3917//4342
f 3846//4342 3917//4342 3905//4343
f 3845//4343 3905//4343 3904//4344
f 3844//4344 3904//4344 3918//4345
f 3843//4345 3918//4345 3906//4346
f 3842//4346 3906//4346 3893//4347
f 3841//4347 3893//4347 3933//4348
f 3840//4348 3933//4348 3895//4349
f 3839//4349 3895//4349 3894//4350
f 3838//4350 3894//4350 3907//4351
f 3837//4351 3907//4351 3897//4352
f 3836//4352 3897//4352 3896//4353
f 3835//4353 3896//4353 3908//4354
f 3834//4354 3908//4354 3919//4355
f 3833//4355 3919//4355 3877//4356
f 3877//4356 3832//4356 3833//4355
f 3919//4355 3833//4355 3834//4354
f 3908//4354 3834//4354 3835//4353
f 3896//4353 3835//4353 3836//4352
f 3897//4352 3836//4352 3837//4351
f 3907//4351 3837//4351 3838//4350
f 3894//4350 3838//4350 3839//4349
f 3895//4349 3839//4349 3840//4348
f 3933//4348 3840//4348 3841//4347
f 3893//4347 3841//4347 3842//4346
f 3906//4346 3842//4346 3843//4345
f 3918//4345 3843//4345 3844//4344
f 3904//4344 3844//4344 3845//4343
f 3905//4343 3845//4343 3846//4342
f 3917//4342 3846//4342 3847//4341
f 3831//4356 3878//4356 3921//4357
f 3830//4357 3921//4357 3920//4358
f 3829//4358 3920//4358 3922//4359
f 3828//4359 3922//4359 3910//4360
f 3827//4360 3910//4360 3935//4361
f 3826//4361 3935//4361 3912//4362
f 3825//4362 3912//4362 3911//4363
f 3824//4363 3911//4363 3923//4364
f 3823//4364 3923//4364 3924//4365
f 3822//4365 3924//4365 3914//4366
f 3821//4366 3914//4366 3913//4367
f 3820//4367 3913//4367 3928//4368
f 3819//4368 3928//4368 3926//4369
f 3818//4369 3926//4369 3925//4370
f 3817//4370 3925//4370 3936//4371
f 3936//4371 3815//4371 3817//4370
f 3925//4370 3817//4370 3818//4369
f 3926//4369 3818//4369 3819//4368
f 3928//4368 3819//4368 3820//4367
f 3913//4367 3820//4367 3821//4366
f 3914//4366 3821//4366 3822//4365
f 3924//4365 3822//4365 3823//4364
f 3923//4364 3823//4364 3824//4363
f 3911//4363 3824//4363 3825//4362
f 3912//4362 3825//4362 3826//4361
f 3935//4361 3826//4361 3827//4360
f 3910//4360 3827//4360 3828//4359
f 3922//4359 3828//4359 3829//4358
f 3920//4358 3829//4358 3830//4357
f 3921//4357 3830//4357 3831//4356
f 3847//4372 3848//4372 3916//4372
f 3916//4372 3927//4372 3847//4372
f 3815//4371 3936//4371 3937//4371
f 3937//4371 3816//4371 3815//4371
f 3816//4371 3937//4371 3930//4373
f 3876//4373 3930//4373 3929//4374
f 3875//4374 3929//4374 3938//4375
f 3874//4375 3938//4375 3931//4376
f 3873//4376 3931//4376 3900//4377
f 3872//4377 3900//4377 3899//4378
f 3871//4378 3899//4378 3909//4379
f 3870//4379 3909//4379 3884//4380
f 3869//4380 3884//4380 3881//4381
f 3868//4381 3881//4381 3880//4382
f 3867//4382 3880//4382 3883//4383
f 3866//4383 3883//4383 3882//4384
f 3865//4384 3882//4384 3879//4385
f 3864//4385 3879//4385 3887//4386
f 3863//4386 3887//4386 3889//4387
f 3862//4387 3889//4387 3888//4388
f 3861//4388 3888//4388 3886//4389
f 3860//4389 3886//4389 3885//4390
f 3859//4390 3885//4390 3890//4391
f 3858//4391 3890//4391 3892//4392
f 3857//4392 3892//4392 3891//4393
f 3856//4393 3891//4393 3898//4394
f 3855//4394 3898//4394 3934//4395
f 3854//4395 3934//4395 3932//4396
f 3853//4396 3932//4396 3915//4397
f 3852//4397 3915//4397 3903//4398
f 3851//4398 3903//4398 3902//4399
f 3850//4399 3902//4399 3901//4400
f 3849//4400 3901//4400 3916//4401
f 3916//4401 3848//4401 3849//4400
f 3901//4400 3849//4400 3850//4399
f 3902//4399 3850//4399 3851//4398
f 3903//4398 3851//4398 3852//4397
f 3915//4397 3852//4397 3853//4396
f 3932//4396 3853//4396 3854//4395
f 3934//4395 3854//4395 3855//4394
f 3898//4394 3855//4394 3856//4393
f 3891//4393 3856//4393 3857//4392
f 3892//4392 3857//4392 3858//4391
f 3890//4391 3858//4391 3859//4390
f 3885//4390 3859//4390 3860//4389
f 3886//4389 3860//4389 3861//4388
f 3888//4388 3861//4388 3862//4387
f 3889//4387 3862//4387 3863//4386
f 3887//4386 3863//4386 3864//4385
f 3879//4385 3864//4385 3865//4384
f 3882//4384 3865//4384 3866//4383
f 3883//4383 3866//4383 3867//4382
f 3880//4382 3867//4382 3868//4381
f 3881//4381 3868//4381 3869//4380
f 3884//4380 3869//4380 3870//4379
f 3909//4379 3870//4379 3871//4378
f 3899//4378 3871//4378 3872//4377
f 3900//4377 3872//4377 3873//4376
f 3931//4376 3873//4376 3874//4375
f 3938//4375 3874//4375 3875//4374
f 3929//4374 3875//4374 3876//4373
f 3930//4373 3876//4373 3816//4371
f 1273//4402 3939//4402 3940//4402
f 3941//4402 3942//4402 2041//4402
f 3943//4402 3944//4402 3945//4402
f 3946//4402 1273//4402 1274//4402
f 1273//4402 3946//4402 3939//4402
f 3947//4402 1280//4402 1281//4402
f 3947//4402 1278//4402 1279//4402
f 2041//4402 2040//4402 3941//4402
f 3943//4402 3948//4402 3949//4402
f 3943//4402 3950//4402 3944//4402
f 3940//4402 1272//4402 1273//4402
f 3951//4402 3952//4402 1266//4402
f 1279//4402 1280//4402 3947//4402
f 2040//4402 2064//4402 3941//4402
f 3943//4402 3953//4402 3954//4402
f 3945//4402 3948//4402 3943//4402
f 3943//4402 3955//4402 3956//4402
f 3943//4402 3946//4402 1278//4402
f 3940//4402 1271//4402 1272//4402
f 3940//4402 1269//4402 1270//4402
f 3940//4402 1267//4402 1268//4402
f 1266//4402 3940//4402 3951//4402
f 1281//4402 3957//4402 3958//4402
f 3942//4402 3959//4402 2041//4402
f 3941//4402 3960//4402 3961//4402
f 3954//4402 3962//4402 3943//4402
f 3956//4402 3950//4402 3943//4402
f 3946//4402 1277//4402 1278//4402
f 3946//4402 1275//4402 1276//4402
f 1270//4402 1271//4402 3940//4402
f 1266//4402 1267//4402 3940//4402
f 1281//4402 3963//4402 3957//4402
f 1575//4402 3964//4402 3965//4402
f 1575//4402 3966//4402 3967//4402
f 3961//4402 3942//4402 3941//4402
f 3960//4402 3968//4402 3969//4402
f 3970//4402 3971//4402 3972//4402
f 3971//4402 3973//4402 3974//4402
f 3975//4402 3976//4402 3977//4402
f 3949//4402 3953//4402 3943//4402
f 1276//4402 1277//4402 3946//4402
f 1268//4402 1269//4402 3940//4402
f 1278//4402 3978//4402 3979//4402
f 1281//4402 3965//4402 3963//4402
f 3967//4402 3964//4402 1575//4402
f 3980//4402 2045//4402 2044//4402
f 3960//4402 3981//4402 3961//4402
f 3969//4402 3982//4402 3960//4402
f 3974//4402 3972//4402 3971//4402
f 3973//4402 3975//4402 3983//4402
f 3977//4402 3984//4402 3975//4402
f 3962//4402 3946//4402 3943//4402
f 1274//4402 1275//4402 3946//4402
f 3979//4402 3985//4402 1278//4402
f 3965//4402 1281//4402 1575//4402
f 3980//4402 2046//4402 2045//4402
f 3986//4402 3987//4402 2042//4402
f 2041//4402 3988//4402 3989//4402
f 3982//4402 3981//4402 3960//4402
f 3960//4402 3970//4402 3990//4402
f 3983//4402 3974//4402 3973//4402
f 3984//4402 3991//4402 3975//4402
f 1278//4402 3992//4402 3943//4402
f 1278//4402 3947//4402 3978//4402
f 1575//4402 3993//4402 3966//4402
f 1575//4402 3994//4402 3995//4402
f 3996//4402 3997//4402 1664//4402
f 3998//4402 3996//4402 1666//4402
f 3999//4402 4000//4402 1670//4402
f 2044//4402 2043//4402 3980//4402
f 3980//4402 4001//4402 2047//4402
f 3989//4402 3986//4402 2041//4402
f 3990//4402 3968//4402 3960//4402
f 3991//4402 3983//4402 3975//4402
f 3956//4402 4002//4402 4003//4402
f 3956//4402 4004//4402 4005//4402
f 3985//4402 3992//4402 1278//4402
f 3995//4402 3993//4402 1575//4402
f 4006//4402 4007//4402 1575//4402
f 3997//4402 4006//4402 1662//4402
f 1666//4402 1668//4402 3998//4402
f 4000//4402 3998//4402 1668//4402
f 1670//4402 1672//4402 3999//4402
f 2047//4402 2046//4402 3980//4402
f 2041//4402 4008//4402 3988//4402
f 3972//4402 3990//4402 3970//4402
f 3975//4402 3956//4402 4009//4402
f 3956//4402 4010//4402 4002//4402
f 4005//4402 4011//4402 3956//4402
f 1281//4402 3958//4402 3947//4402
f 1575//4402 1661//4402 4006//4402
f 1664//4402 1666//4402 3996//4402
f 1672//4402 1674//4402 3999//4402
f 2043//4402 2042//4402 3980//4402
f 3959//4402 4008//4402 2041//4402
f 4003//4402 4009//4402 3956//4402
f 3955//4402 4004//4402 3956//4402
f 1661//4402 1662//4402 4006//4402
f 1668//4402 1670//4402 4000//4402
f 1674//4402 4012//4402 4013//4402
f 2042//4402 3987//4402 3980//4402
f 4009//4402 3976//4402 3975//4402
f 4007//4402 3994//4402 1575//4402
f 4013//4402 3999//4402 1674//4402
f 4014//4402 4015//4402 1895//4402
f 2042//4402 2041//4402 3986//4402
f 1662//4402 1664//4402 3997//4402
f 1674//4402 1895//4402 4016//4402
f 1895//4402 2047//4402 4014//4402
f 4011//4402 4010//4402 3956//4402
f 4015//4402 4016//4402 1895//4402
f 4016//4402 4012//4402 1674//4402
f 4017//4402 3571//4402 3572//4402
f 4018//4402 3572//4402 3573//4402
f 1215//4402 1214//4402 4019//4402
f 4020//4402 4021//4402 4022//4402
f 4023//4402 4024//4402 4025//4402
f 4026//4402 4027//4402 4024//4402
f 3573//4402 4028//4402 4018//4402
f 4028//4402 3573//4402 3574//4402
f 4029//4402 3575//4402 3576//4402
f 3951//4402 4019//4402 1208//4402
f 4019//4402 4030//4402 1215//4402
f 4031//4402 1217//4402 1216//4402
f 4032//4402 4033//4402 1220//4402
f 4031//4402 4034//4402 4035//4402
f 4031//4402 4036//4402 4037//4402
f 4036//4402 4031//4402 4038//4402
f 4020//4402 4039//4402 4021//4402
f 4040//4402 4025//4402 4041//4402
f 4024//4402 4023//4402 4026//4402
f 4042//4402 3569//4402 3570//4402
f 3574//4402 4029//4402 4028//4402
f 4029//4402 3574//4402 3575//4402
f 3576//4402 4043//4402 4044//4402
f 1223//4402 4045//4402 4046//4402
f 4019//4402 1209//4402 1208//4402
f 4019//4402 1214//4402 1213//4402
f 1216//4402 1215//4402 4031//4402
f 4031//4402 1219//4402 1218//4402
f 1220//4402 4031//4402 4032//4402
f 4032//4402 4031//4402 4047//4402
f 4035//4402 4048//4402 4031//4402
f 4038//4402 4049//4402 4036//4402
f 4047//4402 4050//4402 4051//4402
f 4020//4402 4041//4402 4039//4402
f 4025//4402 4040//4402 4023//4402
f 4052//4402 3154//4402 3307//4402
f 4042//4402 3308//4402 3569//4402
f 3576//4402 4053//4402 4029//4402
f 4044//4402 4054//4402 3576//4402
f 3576//4402 4055//4402 4056//4402
f 3576//4402 1223//4402 4057//4402
f 4046//4402 4058//4402 1223//4402
f 4019//4402 1210//4402 1209//4402
f 4019//4402 1212//4402 1211//4402
f 4030//4402 4031//4402 1215//4402
f 1220//4402 1219//4402 4031//4402
f 4031//4402 4059//4402 4047//4402
f 4037//4402 4034//4402 4031//4402
f 4047//4402 4060//4402 4061//4402
f 4051//4402 4062//4402 4047//4402
f 4020//4402 4063//4402 4050//4402
f 4041//4402 4020//4402 4040//4402
f 4064//4402 4065//4402 4027//4402
f 3307//4402 4066//4402 4052//4402
f 4067//4402 3300//4402 3301//4402
f 4067//4402 3304//4402 3303//4402
f 4067//4402 3306//4402 3305//4402
f 3570//4402 4068//4402 4042//4402
f 4054//4402 4053//4402 3576//4402
f 4057//4402 4055//4402 3576//4402
f 4058//4402 4069//4402 1223//4402
f 4033//4402 1222//4402 1221//4402
f 4033//4402 4070//4402 1223//4402
f 1211//4402 1210//4402 4019//4402
f 1218//4402 1217//4402 4031//4402
f 4048//4402 4059//4402 4031//4402
f 4047//4402 4071//4402 4060//4402
f 4050//4402 4047//4402 4020//4402
f 4027//4402 4026//4402 4064//4402
f 4064//4402 4072//4402 4073//4402
f 4052//4402 3153//4402 3154//4402
f 4067//4402 3302//4402 3300//4402
f 3305//4402 3304//4402 4067//4402
f 4042//4402 4074//4402 3308//4402
f 4068//4402 3570//4402 3571//4402
f 3576//4402 4075//4402 4043//4402
f 4069//4402 4057//4402 1223//4402
f 1223//4402 4070//4402 4076//4402
f 1223//4402 1222//4402 4033//4402
f 1213//4402 1212//4402 4019//4402
f 4047//4402 4077//4402 4078//4402
f 4062//4402 4071//4402 4047//4402
f 4073//4402 4065//4402 4064//4402
f 4052//4402 4066//4402 4079//4402
f 3307//4402 4080//4402 4081//4402
f 3303//4402 3302//4402 4067//4402
f 3571//4402 4017//4402 4068//4402
f 4056//4402 4075//4402 3576//4402
f 1221//4402 1220//4402 4033//4402
f 4047//4402 4078//4402 4032//4402
f 4022//4402 4063//4402 4020//4402
f 3307//4402 4081//4402 4066//4402
f 3307//4402 4082//4402 4083//4402
f 4084//4402 3307//4402 3306//4402
f 3301//4402 4085//4402 4086//4402
f 3308//4402 4087//4402 4085//4402
f 3572//4402 4018//4402 4017//4402
f 4076//4402 4088//4402 1223//4402
f 4061//4402 4077//4402 4047//4402
f 4064//4402 4079//4402 4089//4402
f 4083//4402 4080//4402 3307//4402
f 3306//4402 4090//4402 4084//4402
f 4085//4402 3301//4402 3308//4402
f 4088//4402 4045//4402 1223//4402
f 4089//4402 4072//4402 4064//4402
f 4084//4402 4082//4402 3307//4402
f 4074//4402 4087//4402 3308//4402
f 4079//4402 4064//4402 4052//4402
f 3306//4402 4067//4402 4091//4402
f 1208//4402 3952//4402 3951//4402
f 4091//4402 4092//4402 3306//4402
f 4092//4402 4090//4402 3306//4402
f 4052//4402 4093//4402 2929//4402
f 2929//4402 2932//4402 4052//4402
f 4094//4402 2917//4402 2920//4402
f 2932//4402 3153//4402 4052//4402
f 4095//4402 2745//4402 2748//4402
f 2920//4402 2923//4402 4094//4402
f 4093//4402 4096//4402 2929//4402
f 4052//4402 4097//4402 4098//4402
f 2742//4402 4099//4402 4100//4402
f 2748//4402 4101//4402 4095//4402
f 4094//4402 2914//4402 2917//4402
f 4094//4402 4102//4402 2912//4402
f 4098//4402 4093//4402 4052//4402
f 4097//4402 4103//4402 4104//4402
f 2742//4402 4105//4402 4099//4402
f 4105//4402 2742//4402 2745//4402
f 2751//4402 4106//4402 4101//4402
f 2751//4402 4107//4402 4108//4402
f 2912//4402 2914//4402 4094//4402
f 4109//4402 4110//4402 2926//4402
f 2929//4402 4111//4402 4112//4402
f 4097//4402 4113//4402 4098//4402
f 4104//4402 4114//4402 4097//4402
f 4115//4402 4116//4402 4117//4402
f 4115//4402 2508//4402 2742//4402
f 2745//4402 4118//4402 4105//4402
f 2748//4402 2751//4402 4101//4402
f 2751//4402 4119//4402 4120//4402
f 4108//4402 4121//4402 2751//4402
f 2923//4402 2926//4402 4094//4402
f 4112//4402 4109//4402 2929//4402
f 4114//4402 4113//4402 4097//4402
f 4097//4402 4122//4402 4123//4402
f 4122//4402 4124//4402 4125//4402
f 4124//4402 4126//4402 4127//4402
f 4117//4402 4128//4402 4115//4402
f 2742//4402 4116//4402 4115//4402
f 4095//4402 4118//4402 2745//4402
f 2751//4402 4129//4402 4119//4402
f 4121//4402 4130//4402 2751//4402
f 2851//4402 4131//4402 4107//4402
f 4107//4402 2754//4402 2757//4402
f 4132//4402 4133//4402 2851//4402
f 2926//4402 4110//4402 4094//4402
f 2929//4402 4134//4402 4111//4402
f 4123//4402 4103//4402 4097//4402
f 4127//4402 4125//4402 4124//4402
f 4135//4402 4136//4402 4137//4402
f 4136//4402 4138//4402 4139//4402
f 4117//4402 4140//4402 4128//4402
f 4115//4402 2484//4402 2508//4402
f 2751//4402 4141//4402 4106//4402
f 4130//4402 4129//4402 2751//4402
f 4107//4402 2760//4402 2763//4402
f 4107//4402 2751//4402 2754//4402
f 2851//4402 4142//4402 4143//4402
f 2851//4402 2912//4402 4132//4402
f 2926//4402 2929//4402 4109//4402
f 4125//4402 4123//4402 4122//4402
f 4144//4402 4135//4402 4145//4402
f 4139//4402 4137//4402 4136//4402
f 4138//4402 4146//4402 4147//4402
f 4146//4402 4148//4402 4149//4402
f 2742//4402 4150//4402 4116//4402
f 4120//4402 4141//4402 2751//4402
f 2757//4402 2760//4402 4107//4402
f 2851//4402 4151//4402 4142//4402
f 4133//4402 4152//4402 2851//4402
f 4096//4402 4134//4402 2929//4402
f 4126//4402 4153//4402 4154//4402
f 4153//4402 4144//4402 4155//4402
f 4137//4402 4145//4402 4135//4402
f 4149//4402 4147//4402 4146//4402
f 4148//4402 4156//4402 4157//4402
f 4156//4402 4158//4402 4159//4402
f 4128//4402 4160//4402 4161//4402
f 4100//4402 4150//4402 2742//4402
f 4143//4402 4131//4402 2851//4402
f 4102//4402 4132//4402 2912//4402
f 4155//4402 4154//4402 4153//4402
f 4147//4402 4139//4402 4138//4402
f 4159//4402 4157//4402 4156//4402
f 4128//4402 4162//4402 4160//4402
f 4107//4402 2763//4402 2851//4402
f 4154//4402 4127//4402 4126//4402
f 4157//4402 4149//4402 4148//4402
f 4163//4402 4164//4402 4165//4402
f 4164//4402 4128//4402 4166//4402
f 4140//4402 4162//4402 4128//4402
f 4145//4402 4155//4402 4144//4402
f 4158//4402 4163//4402 4167//4402
f 4166//4402 4165//4402 4164//4402
f 4152//4402 4151//4402 2851//4402
f 4165//4402 4167//4402 4163//4402
f 4167//4402 4159//4402 4158//4402
f 3941//4402 2076//4402 2195//4402
f 2304//4402 4168//4402 4169//4402
f 4170//4402 4171//4402 4172//4402
f 4173//4402 4174//4402 4171//4402
f 2195//4402 4175//4402 3941//4402
f 2304//4402 4176//4402 4168//4402
f 4171//4402 4170//4402 4173//4402
f 4177//4402 4178//4402 4174//4402
f 4179//4402 4180//4402 4181//4402
f 4182//4402 4183//4402 4180//4402
f 3941//4402 2064//4402 2076//4402
f 2304//4402 4184//4402 4176//4402
f 2304//4402 4185//4402 4186//4402
f 4187//4402 4188//4402 2304//4402
f 4189//4402 4187//4402 2377//4402
f 4174//4402 4173//4402 4177//4402
f 4190//4402 4191//4402 4178//4402
f 4192//4402 4181//4402 4191//4402
f 4180//4402 4179//4402 4182//4402
f 3941//4402 4175//4402 4193//4402
f 2195//4402 4194//4402 4195//4402
f 4196//4402 2204//4402 2207//4402
f 4196//4402 2198//4402 2201//4402
f 2216//4402 4197//4402 4198//4402
f 2304//4402 4199//4402 4184//4402
f 4186//4402 4200//4402 2304//4402
f 2304//4402 2383//4402 4187//4402
f 2377//4402 2374//4402 4189//4402
f 4201//4402 4202//4402 4203//4402
f 4204//4402 4205//4402 4202//4402
f 4178//4402 4177//4402 4190//4402
f 4181//4402 4192//4402 4179//4402
f 4206//4402 4207//4402 4208//4402
f 2195//4402 4195//4402 4175//4402
f 4196//4402 2210//4402 2213//4402
f 2201//4402 2204//4402 4196//4402
f 2216//4402 4209//4402 4210//4402
f 4198//4402 4211//4402 2216//4402
f 4200//4402 4199//4402 2304//4402
f 2383//4402 2380//4402 4187//4402
f 2374//4402 2371//4402 4189//4402
f 4212//4402 4203//4402 4213//4402
f 4202//4402 4201//4402 4204//4402
f 4191//4402 4190//4402 4192//4402
f 4206//4402 4214//4402 4183//4402
f 4206//4402 4215//4402 4207//4402
f 4193//4402 4206//4402 3941//4402
f 2207//4402 2210//4402 4196//4402
f 4216//4402 2213//4402 2216//4402
f 2216//4402 4217//4402 4209//4402
f 2216//4402 4169//4402 4197//4402
f 2304//4402 4188//4402 4185//4402
f 2371//4402 2368//4402 4189//4402
f 4115//4402 4218//4402 2367//4402
f 4218//4402 4219//4402 2364//4402
f 4203//4402 4212//4402 4201//4402
f 4220//4402 4172//4402 4205//4402
f 4183//4402 4182//4402 4206//4402
f 4193//4402 4215//4402 4206//4402
f 2195//4402 4221//4402 4222//4402
f 4221//4402 2195//4402 2198//4402
f 2216//4402 4223//4402 4216//4402
f 4211//4402 4217//4402 2216//4402
f 2380//4402 2377//4402 4187//4402
f 2364//4402 4224//4402 4225//4402
f 2364//4402 2367//4402 4218//4402
f 4226//4402 4227//4402 4228//4402
f 4229//4402 4230//4402 4227//4402
f 4205//4402 4204//4402 4220//4402
f 4208//4402 4214//4402 4206//4402
f 2198//4402 4231//4402 4221//4402
f 2213//4402 4216//4402 4196//4402
f 4169//4402 2216//4402 2304//4402
f 4232//4402 4189//4402 2368//4402
f 4225//4402 4233//4402 2364//4402
f 2367//4402 2484//4402 4115//4402
f 4234//4402 4235//4402 4218//4402
f 4227//4402 4226//4402 4229//4402
f 4236//4402 4213//4402 4230//4402
f 4172//4402 4220//4402 4170//4402
f 4222//4402 4237//4402 2195//4402
f 4210//4402 4223//4402 2216//4402
f 2364//4402 4238//4402 4232//4402
f 4219//4402 4224//4402 2364//4402
f 4234//4402 4239//4402 4235//4402
f 4230//4402 4229//4402 4236//4402
f 4237//4402 4194//4402 2195//4402
f 2368//4402 2364//4402 4232//4402
f 4218//4402 4115//4402 4234//4402
f 4213//4402 4236//4402 4212//4402
f 4233//4402 4238//4402 2364//4402
f 4234//4402 4228//4402 4240//4402
f 4196//4402 4231//4402 2198//4402
f 4240//4402 4241//4402 4234//4402
f 4241//4402 4239//4402 4234//4402
f 4228//4402 4234//4402 4226//4402
f 4161//4402 4166//4402 4128//4402
f 3301//4402 4086//4402 4067//4402
f 4001//4402 4014//4402 2047//4402
f 4242//4403 4243//4403 3941//4403
f 4243//4403 3960//4403 3941//4403
f 3941//4403 4206//4403 4242//4403
f 4244//4404 4245//4404 4246//4404
f 4244//4404 4247//4404 4248//4404
f 4244//4404 4249//4404 4250//4404
f 4251//4404 4252//4404 4253//4404
f 4254//4404 4255//4404 4256//4404
f 4254//4404 4257//4404 4258//4404
f 4259//4404 4260//4404 4261//4404
f 4262//4404 4263//4404 4264//4404
f 4262//4404 4265//4404 4266//4404
f 4248//4404 4245//4404 4244//4404
f 4250//4404 4267//4404 4244//4404
f 4251//4404 4268//4404 4269//4404
f 4253//4404 4270//4404 4251//4404
f 4256//4404 4271//4404 4254//4404
f 4254//4404 4272//4404 4273//4404
f 4258//4404 4274//4404 4254//4404
f 4275//4404 4276//4404 4277//4404
f 4278//4404 4279//4404 4280//4404
f 4281//4404 4282//4404 4283//4404
f 4264//4404 4259//4404 4262//4404
f 4262//4404 4282//4404 4265//4404
f 4267//4404 4247//4404 4244//4404
f 4284//4404 4249//4404 4244//4404
f 4269//4404 4285//4404 4251//4404
f 4270//4404 4286//4404 4251//4404
f 4254//4404 4287//4404 4288//4404
f 4271//4404 4289//4404 4254//4404
f 4254//4404 4290//4404 4272//4404
f 4274//4404 4291//4404 4254//4404
f 4275//4404 4292//4404 4276//4404
f 4293//4404 4294//4404 4295//4404
f 4293//4404 4296//4404 4297//4404
f 4280//4404 4275//4404 4278//4404
f 4279//4404 4278//4404 4257//4404
f 4282//4404 4262//4404 4283//4404
f 4266//4404 4263//4404 4262//4404
f 4244//4404 4251//4404 4284//4404
f 4286//4404 4268//4404 4251//4404
f 4288//4404 4298//4404 4254//4404
f 4289//4404 4299//4404 4254//4404
f 4291//4404 4290//4404 4254//4404
f 4255//4404 4300//4404 4301//4404
f 4302//4404 4303//4404 4304//4404
f 4305//4404 4306//4404 4307//4404
f 4308//4404 4309//4404 4306//4404
f 4310//4404 4311//4404 4312//4404
f 4313//4404 4314//4404 4315//4404
f 4313//4404 4316//4404 4317//4404
f 4275//4404 4318//4404 4292//4404
f 4275//4404 4319//4404 4320//4404
f 4293//4404 4321//4404 4294//4404
f 4297//4404 4322//4404 4293//4404
f 4280//4404 4323//4404 4275//4404
f 4278//4404 4324//4404 4257//4404
f 4278//4404 4325//4404 4326//4404
f 4327//4404 4328//4404 4282//4404
f 4261//4404 4262//4404 4259//4404
f 4252//4404 4251//4404 4329//4404
f 4285//4404 4284//4404 4251//4404
f 4299//4404 4287//4404 4254//4404
f 4273//4404 4330//4404 4254//4404
f 4301//4404 4331//4404 4255//4404
f 4255//4404 4332//4404 4333//4404
f 4302//4404 4334//4404 4303//4404
f 4335//4404 4307//4404 4336//4404
f 4306//4404 4305//4404 4308//4404
f 4312//4404 4243//4404 4310//4404
f 4315//4404 4337//4404 4313//4404
f 4313//4404 4338//4404 4339//4404
f 4313//4404 4340//4404 4316//4404
f 4313//4404 4341//4404 4342//4404
f 4275//4404 4343//4404 4344//4404
f 4275//4404 4345//4404 4318//4404
f 4275//4404 4346//4404 4319//4404
f 4295//4404 4275//4404 4293//4404
f 4322//4404 4347//4404 4293//4404
f 4257//4404 4254//4404 4279//4404
f 4278//4404 4327//4404 4325//4404
f 4327//4404 4278//4404 4328//4404
f 4283//4404 4348//4404 4349//4404
f 4246//4404 4254//4404 4244//4404
f 4330//4404 4255//4404 4254//4404
f 4331//4404 4350//4404 4255//4404
f 4333//4404 4351//4404 4255//4404
f 4352//4404 4353//4404 4354//4404
f 4355//4404 4356//4404 4357//4404
f 4358//4404 4355//4404 4359//4404
f 4355//4404 4360//4404 4361//4404
f 4360//4404 4362//4404 4363//4404
f 4362//4404 4364//4404 4365//4404
f 4366//4404 4367//4404 4368//4404
f 4302//4404 4336//4404 4334//4404
f 4307//4404 4335//4404 4305//4404
f 4243//4404 4369//4404 4370//4404
f 4312//4404 4371//4404 4243//4404
f 4339//4404 4314//4404 4313//4404
f 4342//4404 4340//4404 4313//4404
f 4344//4404 4372//4404 4275//4404
f 4320//4404 4345//4404 4275//4404
f 4347//4404 4321//4404 4293//4404
f 4293//4404 4373//4404 4374//4404
f 4375//4404 4293//4404 4376//4404
f 4326//4404 4324//4404 4278//4404
f 4283//4404 4349//4404 4281//4404
f 4298//4404 4244//4404 4254//4404
f 4351//4404 4300//4404 4255//4404
f 4353//4404 4377//4404 4354//4404
f 4357//4404 4378//4404 4355//4404
f 4361//4404 4359//4404 4355//4404
f 4365//4404 4363//4404 4362//4404
f 4364//4404 4366//4404 4379//4404
f 4368//4404 4380//4404 4366//4404
f 4283//4404 4381//4404 4382//4404
f 4336//4404 4302//4404 4335//4404
f 4243//4404 4383//4404 4309//4404
f 4243//4404 4384//4404 4369//4404
f 4371//4404 4385//4404 4243//4404
f 4243//4404 4386//4404 4387//4404
f 4242//4404 4388//4404 4386//4404
f 4389//4404 4390//4404 4391//4404
f 4390//4404 4392//4404 4393//4404
f 4317//4404 4338//4404 4313//4404
f 4394//4404 4313//4404 4395//4404
f 4275//4404 4396//4404 4343//4404
f 4295//4404 4346//4404 4275//4404
f 4374//4404 4397//4404 4293//4404
f 4398//4404 4376//4404 4399//4404
f 4376//4404 4398//4404 4375//4404
f 4400//4404 4401//4404 4402//4404
f 4401//4404 4403//4404 4404//4404
f 4353//4404 4405//4404 4406//4404
f 4282//4404 4281//4404 4327//4404
f 4350//4404 4256//4404 4255//4404
f 4353//4404 4407//4404 4377//4404
f 4408//4404 4409//4404 4410//4404
f 4411//4404 4412//4404 4409//4404
f 4378//4404 4413//4404 4414//4404
f 4357//4404 4415//4404 4378//4404
f 4355//4404 4416//4404 4417//4404
f 4359//4404 4418//4404 4358//4404
f 4379//4404 4365//4404 4364//4404
f 4380//4404 4419//4404 4366//4404
f 4382//4404 4420//4404 4283//4404
f 4302//4404 4421//4404 4381//4404
f 4309//4404 4308//4404 4243//4404
f 4385//4404 4384//4404 4243//4404
f 4310//4404 4422//4404 4423//4404
f 4424//4404 4310//4404 4425//4404
f 4386//4404 4243//4404 4242//4404
f 4242//4404 4426//4404 4427//4404
f 4428//4404 4429//4404 4430//4404
f 4429//4404 4431//4404 4432//4404
f 4433//4404 4389//4404 4434//4404
f 4393//4404 4391//4404 4390//4404
f 4337//4404 4395//4404 4313//4404
f 4395//4404 4435//4404 4394//4404
f 4277//4404 4396//4404 4275//4404
f 4397//4404 4436//4404 4293//4404
f 4375//4404 4437//4404 4293//4404
f 4418//4404 4438//4404 4439//4404
f 4418//4404 4440//4404 4441//4404
f 4418//4404 4442//4404 4443//4404
f 4418//4404 4359//4404 4444//4404
f 4404//4404 4402//4404 4401//4404
f 4403//4404 4445//4404 4446//4404
f 4403//4404 4447//4404 4448//4404
f 4406//4404 4403//4404 4353//4404
f 4353//4404 4449//4404 4450//4404
f 4329//4404 4352//4404 4252//4404
f 4354//4404 4451//4404 4352//4404
f 4409//4404 4408//4404 4411//4404
f 4378//4404 4452//4404 4412//4404
f 4378//4404 4453//4404 4413//4404
f 4415//4404 4454//4404 4378//4404
f 4417//4404 4455//4404 4355//4404
f 4358//4404 4456//4404 4355//4404
f 4419//4404 4379//4404 4366//4404
f 4342//4404 4457//4404 4458//4404
f 4381//4404 4283//4404 4302//4404
f 4370//4404 4383//4404 4243//4404
f 4423//4404 4459//4404 4310//4404
f 4460//4404 4425//4404 4461//4404
f 4425//4404 4460//4404 4424//4404
f 4242//4404 4462//4404 4388//4404
f 4427//4404 4463//4404 4242//4404
f 4432//4404 4430//4404 4429//4404
f 4431//4404 4464//4404 4465//4404
f 4464//4404 4433//4404 4466//4404
f 4391//4404 4434//4404 4389//4404
f 4435//4404 4275//4404 4394//4404
f 4436//4404 4296//4404 4293//4404
f 4399//4404 4418//4404 4398//4404
f 4439//4404 4467//4404 4418//4404
f 4418//4404 4468//4404 4469//4404
f 4418//4404 4470//4404 4440//4404
f 4418//4404 4471//4404 4472//4404
f 4444//4404 4442//4404 4418//4404
f 4473//4404 4400//4404 4474//4404
f 4446//4404 4404//4404 4403//4404
f 4406//4404 4447//4404 4403//4404
f 4353//4404 4475//4404 4449//4404
f 4353//4404 4352//4404 4476//4404
f 4451//4404 4252//4404 4352//4404
f 4477//4404 4478//4404 4479//4404
f 4480//4404 4481//4404 4478//4404
f 4412//4404 4411//4404 4378//4404
f 4454//4404 4453//4404 4378//4404
f 4455//4404 4482//4404 4355//4404
f 4363//4404 4361//4404 4360//4404
f 4366//4404 4342//4404 4483//4404
f 4342//4404 4484//4404 4457//4404
f 4342//4404 4485//4404 4486//4404
f 4283//4404 4487//4404 4488//4404
f 4304//4404 4421//4404 4302//4404
f 4459//4404 4489//4404 4310//4404
f 4424//4404 4490//4404 4310//4404
f 4332//4404 4491//4404 4492//4404
f 4332//4404 4493//4404 4494//4404
f 4332//4404 4495//4404 4496//4404
f 4332//4404 4255//4404 4497//4404
f 4243//4404 4498//4404 4499//4404
f 4463//4404 4462//4404 4242//4404
f 4242//4404 4428//4404 4500//4404
f 4465//4404 4432//4404 4431//4404
f 4434//4404 4466//4404 4433//4404
f 4501//4404 4502//4404 4503//4404
f 4502//4404 4504//4404 4505//4404
f 4372//4404 4394//4404 4275//4404
f 4467//4404 4398//4404 4418//4404
f 4441//4404 4468//4404 4418//4404
f 4443//4404 4471//4404 4418//4404
f 4402//4404 4474//4404 4400//4404
f 4450//4404 4405//4404 4353//4404
f 4323//4404 4293//4404 4275//4404
f 4353//4404 4479//4404 4506//4404
f 4478//4404 4477//4404 4480//4404
f 4507//4404 4508//4404 4509//4404
f 4510//4404 4511//4404 4508//4404
f 4512//4404 4513//4404 4511//4404
f 4514//4404 4515//4404 4513//4404
f 4516//4404 4517//4404 4515//4404
f 4518//4404 4519//4404 4517//4404
f 4414//4404 4452//4404 4378//4404
f 4456//4404 4416//4404 4355//4404
f 4458//4404 4483//4404 4342//4404
f 4486//4404 4520//4404 4342//4404
f 4283//4404 4521//4404 4487//4404
f 4489//4404 4311//4404 4310//4404
f 4461//4404 4332//4404 4460//4404
f 4492//4404 4522//4404 4332//4404
f 4332//4404 4523//4404 4524//4404
f 4332//4404 4525//4404 4493//4404
f 4332//4404 4526//4404 4527//4404
f 4497//4404 4495//4404 4332//4404
f 4243//4404 4528//4404 4498//4404
f 4500//4404 4426//4404 4242//4404
f 4466//4404 4465//4404 4464//4404
f 4505//4404 4503//4404 4502//4404
f 4504//4404 4473//4404 4529//4404
f 4437//4404 4373//4404 4293//4404
f 4472//4404 4470//4404 4418//4404
f 4403//4404 4530//4404 4445//4404
f 4476//4404 4475//4404 4353//4404
f 4479//4404 4353//4404 4477//4404
f 4508//4404 4507//4404 4510//4404
f 4513//4404 4512//4404 4514//4404
f 4517//4404 4516//4404 4518//4404
f 4531//4404 4532//4404 4519//4404
f 4533//4404 4534//4404 4532//4404
f 4535//4404 4410//4404 4534//4404
f 4482//4404 4356//4404 4355//4404
f 4520//4404 4484//4404 4342//4404
f 4420//4404 4521//4404 4283//4404
f 4522//4404 4460//4404 4332//4404
f 4494//4404 4523//4404 4332//4404
f 4496//4404 4526//4404 4332//4404
f 4499//4404 4536//4404 4243//4404
f 4430//4404 4500//4404 4428//4404
f 4392//4404 4501//4404 4537//4404
f 4529//4404 4505//4404 4504//4404
f 4469//4404 4438//4404 4418//4404
f 4448//4404 4530//4404 4403//4404
f 4506//4404 4538//4404 4353//4404
f 4539//4404 4509//4404 4481//4404
f 4511//4404 4510//4404 4512//4404
f 4519//4404 4518//4404 4531//4404
f 4534//4404 4533//4404 4535//4404
f 4483//4404 4367//4404 4366//4404
f 4490//4404 4422//4404 4310//4404
f 4527//4404 4525//4404 4332//4404
f 4387//4404 4528//4404 4243//4404
f 4503//4404 4537//4404 4501//4404
f 4474//4404 4529//4404 4473//4404
f 4481//4404 4480//4404 4539//4404
f 4515//4404 4514//4404 4516//4404
f 4410//4404 4535//4404 4408//4404
f 4524//4404 4491//4404 4332//4404
f 4537//4404 4393//4404 4392//4404
f 4538//4404 4407//4404 4353//4404
f 4532//4404 4531//4404 4533//4404
f 4536//4404 4310//4404 4243//4404
f 4509//4404 4539//4404 4507//4404
f 4341//4404 4485//4404 4342//4404
f 4488//4404 4348//4404 4283//4404
f 4242//4403 4206//4403 4182//4405
f 4428//4405 4182//4405 4179//4406
f 4429//4406 4179//4406 4192//4407
f 4431//4407 4192//4407 4190//4408
f 4464//4408 4190//4408 4177//4409
f 4433//4409 4177//4409 4173//4410
f 4389//4410 4173//4410 4170//4411
f 4390//4411 4170//4411 4220//4412
f 4392//4412 4220//4412 4204//4413
f 4501//4413 4204//4413 4201//4414
f 4502//4414 4201//4414 4212//4415
f 4504//4415 4212//4415 4236//4416
f 4473//4416 4236//4416 4229//4417
f 4400//4417 4229//4417 4226//4418
f 4401//4418 4226//4418 4234//4419
f 4234//4419 4403//4419 4401//4418
f 4226//4418 4401//4418 4400//4417
f 4229//4417 4400//4417 4473//4416
f 4236//4416 4473//4416 4504//4415
f 4212//4415 4504//4415 4502//4414
f 4201//4414 4502//4414 4501//4413
f 4204//4413 4501//4413 4392//4412
f 4220//4412 4392//4412 4390//4411
f 4170//4411 4390//4411 4389//4410
f 4173//4410 4389//4410 4433//4409
f 4177//4409 4433//4409 4464//4408
f 4190//4408 4464//4408 4431//4407
f 4192//4407 4431//4407 4429//4406
f 4179//4406 4429//4406 4428//4405
f 4182//4405 4428//4405 4242//4403
f 4353//4419 4403//4419 4115//4419
f 4403//4419 4234//4419 4115//4419
f 4115//4419 4128//4419 4353//4419
f 4353//4419 4128//4419 4164//4420
f 4477//4420 4164//4420 4163//4421
f 4480//4421 4163//4421 4158//4422
f 4539//4422 4158//4422 4156//4423
f 4507//4423 4156//4423 4148//4424
f 4510//4424 4148//4424 4146//4425
f 4512//4425 4146//4425 4138//4426
f 4514//4426 4138//4426 4136//4427
f 4516//4427 4136//4427 4135//4428
f 4518//4428 4135//4428 4144//4429
f 4531//4429 4144//4429 4153//4430
f 4533//4430 4153//4430 4126//4431
f 4535//4431 4126//4431 4124//4432
f 4408//4432 4124//4432 4122//4433
f 4411//4433 4122//4433 4097//4434
f 4097//4434 4378//4434 4411//4433
f 4122//4433 4411//4433 4408//4432
f 4124//4432 4408//4432 4535//4431
f 4126//4431 4535//4431 4533//4430
f 4153//4430 4533//4430 4531//4429
f 4144//4429 4531//4429 4518//4428
f 4135//4428 4518//4428 4516//4427
f 4136//4427 4516//4427 4514//4426
f 4138//4426 4514//4426 4512//4425
f 4146//4425 4512//4425 4510//4424
f 4148//4424 4510//4424 4507//4423
f 4156//4423 4507//4423 4539//4422
f 4158//4422 4539//4422 4480//4421
f 4163//4421 4480//4421 4477//4420
f 4164//4420 4477//4420 4353//4419
f 4355//4434 4378//4434 4052//4434
f 4378//4434 4097//4434 4052//4434
f 4052//4434 4064//4434 4355//4434
f 4355//4434 4064//4434 4026//4435
f 4360//4435 4026//4435 4023//4436
f 4362//4436 4023//4436 4040//4437
f 4364//4437 4040//4437 4020//4438
f 4020//4438 4366//4438 4364//4437
f 4040//4437 4364//4437 4362//4436
f 4023//4436 4362//4436 4360//4435
f 4026//4435 4360//4435 4355//4434
f 4047//4438 4342//4438 4366//4438
f 4366//4438 4020//4438 4047//4438
f 4342//4438 4047//4438 4059//4439
f 4340//4439 4059//4439 4048//4440
f 4316//4440 4048//4440 4035//4441
f 4317//4441 4035//4441 4034//4442
f 4338//4442 4034//4442 4037//4443
f 4339//4443 4037//4443 4036//4444
f 4314//4444 4036//4444 4049//4445
f 4315//4445 4049//4445 4038//4446
f 4337//4446 4038//4446 4031//4447
f 4395//4447 4031//4447 4030//4448
f 4435//4448 4030//4448 4019//4449
f 4019//4449 4275//4449 4435//4448
f 4030//4448 4435//4448 4395//4447
f 4031//4447 4395//4447 4337//4446
f 4038//4446 4337//4446 4315//4445
f 4049//4445 4315//4445 4314//4444
f 4036//4444 4314//4444 4339//4443
f 4037//4443 4339//4443 4338//4442
f 4034//4442 4338//4442 4317//4441
f 4035//4441 4317//4441 4316//4440
f 4048//4440 4316//4440 4340//4439
f 4059//4439 4340//4439 4342//4438
f 4278//4449 4275//4449 3951//4449
f 4275//4449 4019//4449 3951//4449
f 3951//4449 3940//4449 4278//4449
f 4278//4449 3940//4449 3939//4450
f 4328//4450 3939//4450 3946//4451
f 4282//4451 3946//4451 3962//4452
f 4265//4452 3962//4452 3954//4453
f 4266//4453 3954//4453 3953//4454
f 4263//4454 3953//4454 3949//4455
f 4264//4455 3949//4455 3948//4456
f 4259//4456 3948//4456 3945//4457
f 4260//4457 3945//4457 3944//4458
f 4261//4458 3944//4458 3950//4459
f 4262//4459 3950//4459 3956//4460
f 3956//4460 4283//4460 4262//4459
f 3950//4459 4262//4459 4261//4458
f 3944//4458 4261//4458 4260//4457
f 3945//4457 4260//4457 4259//4456
f 3948//4456 4259//4456 4264//4455
f 3949//4455 4264//4455 4263//4454
f 3953//4454 4263//4454 4266//4453
f 3954//4453 4266//4453 4265//4452
f 3962//4452 4265//4452 4282//4451
f 3946//4451 4282//4451 4328//4450
f 3939//4450 4328//4450 4278//4449
f 3975//4460 4302//4460 4283//4460
f 4283//4460 3956//4460 3975//4460
f 4302//4460 3975//4460 3973//4461
f 4335//4461 3973//4461 3971//4462
f 4305//4462 3971//4462 3970//4463
f 4308//4463 3970//4463 3960//4464
f 3960//4464 4243//4464 4308//4463
f 3970//4463 4308//4463 4305//4462
f 3971//4462 4305//4462 4335//4461
f 3973//4461 4335//4461 4302//4460
f 4486//4465 4485//4466 4077//4466
f 4520//4467 4486//4465 4061//4468
f 4484//4469 4520//4467 4060//4470
f 4457//4471 4484//4469 4071//4472
f 4458//4473 4457//4471 4062//4474
f 4483//4475 4458//4473 4051//4476
f 4367//4477 4483//4475 4050//4478
f 4368//4479 4367//4477 4063//4480
f 4380//4481 4368//4479 4022//4482
f 4419//4483 4380//4481 4021//4484
f 4379//4485 4419//4483 4039//4486
f 4365//4487 4379//4485 4041//4488
f 4363//4489 4365//4487 4025//4490
f 4361//4491 4363//4489 4024//4492
f 4359//4493 4361//4491 4027//4494
f 4444//4495 4359//4493 4065//4496
f 4442//4497 4444//4495 4073//4498
f 4443//4499 4442//4497 4072//4500
f 4471//4501 4443//4499 4089//4502
f 4472//4503 4471//4501 4079//4504
f 4470//4505 4472//4503 4066//4506
f 4440//4507 4470//4505 4081//4508
f 4441//4509 4440//4507 4080//4510
f 4468//4511 4441//4509 4083//4512
f 4469//4513 4468//4511 4082//4514
f 4438//4515 4469//4513 4084//4516
f 4439//4517 4438//4515 4090//4518
f 4467//4519 4439//4517 4092//4520
f 4398//4521 4467//4519 4091//4522
f 4375//4523 4398//4521 4067//4524
f 4437//4525 4375//4523 4086//4526
f 4373//4527 4437//4525 4085//4528
f 4374//4529 4373//4527 4087//4530
f 4397//4531 4374//4529 4074//4532
f 4436//4533 4397//4531 4042//4534
f 4296//4535 4436//4533 4068//4536
f 4297//4537 4296//4535 4017//4538
f 4322//4539 4297//4537 4018//4540
f 4347//4541 4322//4539 4028//4542
f 4321//4543 4347//4541 4029//4544
f 4294//4545 4321//4543 4053//4546
f 4295//4547 4294//4545 4054//4548
f 4346//4549 4295//4547 4044//4550
f 4319//4551 4346//4549 4043//4552
f 4320//4553 4319//4551 4075//4554
f 4345//4555 4320//4553 4056//4556
f 4318//4557 4345//4555 4055//4558
f 4292//4559 4318//4557 4057//4560
f 4276//4561 4292//4559 4069//4562
f 4277//4563 4276//4561 4058//4564
f 4396//4565 4277//4563 4046//4566
f 4343//4567 4396//4565 4045//4568
f 4344//4569 4343//4567 4088//4570
f 4372//4571 4344//4569 4076//4572
f 4394//4573 4372//4571 4070//4574
f 4313//4575 4394//4573 4033//4576
f 4341//4577 4313//4575 4032//4578
f 4485//4466 4341//4577 4078//4577
f 4078//4577 4077//4466 4485//4466
f 4032//4578 4078//4577 4341//4577
f 4033//4576 4032//4578 4313//4575
f 4070//4574 4033//4576 4394//4573
f 4076//4572 4070//4574 4372//4571
f 4088//4570 4076//4572 4344//4569
f 4045//4568 4088//4570 4343//4567
f 4046//4566 4045//4568 4396//4565
f 4058//4564 4046//4566 4277//4563
f 4069//4562 4058//4564 4276//4561
f 4057//4560 4069//4562 4292//4559
f 4055//4558 4057//4560 4318//4557
f 4056//4556 4055//4558 4345//4555
f 4075//4554 4056//4556 4320//4553
f 4043//4552 4075//4554 4319//4551
f 4044//4550 4043//4552 4346//4549
f 4054//4548 4044//4550 4295//4547
f 4053//4546 4054//4548 4294//4545
f 4029//4544 4053//4546 4321//4543
f 4028//4542 4029//4544 4347//4541
f 4018//4540 4028//4542 4322//4539
f 4017//4538 4018//4540 4297//4537
f 4068//4536 4017//4538 4296//4535
f 4042//4534 4068//4536 4436//4533
f 4074//4532 4042//4534 4397//4531
f 4087//4530 4074//4532 4374//4529
f 4085//4528 4087//4530 4373//4527
f 4086//4526 4085//4528 4437//4525
f 4067//4524 4086//4526 4375//4523
f 4091//4522 4067//4524 4398//4521
f 4092//4520 4091//4522 4467//4519
f 4090//4518 4092//4520 4439//4517
f 4084//4516 4090//4518 4438//4515
f 4082//4514 4084//4516 4469//4513
f 4083//4512 4082//4514 4468//4511
f 4080//4510 4083//4512 4441//4509
f 4081//4508 4080//4510 4440//4507
f 4066//4506 4081//4508 4470//4505
f 4079//4504 4066//4506 4472//4503
f 4089//4502 4079//4504 4471//4501
f 4072//4500 4089//4502 4443//4499
f 4073//4498 4072//4500 4442//4497
f 4065//4496 4073//4498 4444//4495
f 4027//4494 4065//4496 4359//4493
f 4024//4492 4027//4494 4361//4491
f 4025//4490 4024//4492 4363//4489
f 4041//4488 4025//4490 4365//4487
f 4039//4486 4041//4488 4379//4485
f 4021//4484 4039//4486 4419//4483
f 4022//4482 4021//4484 4380//4481
f 4063//4480 4022//4482 4368//4479
f 4050//4478 4063//4480 4367//4477
f 4051//4476 4050//4478 4483//4475
f 4062//4474 4051//4476 4458//4473
f 4071//4472 4062//4474 4457//4471
f 4060//4470 4071//4472 4484//4469
f 4061//4468 4060//4470 4520//4467
f 4077//4466 4061//4468 4486//4465
f 4349//4579 4348//4580 4004//4580
f 4281//4581 4349//4579 3955//4582
f 4327//4583 4281//4581 3943//4584
f 4325//4585 4327//4583 3992//4586
f 4326//4587 4325//4585 3985//4588
f 4324//4589 4326//4587 3979//4590
f 4257//4591 4324//4589 3978//4592
f 4258//4593 4257//4591 3947//4594
f 4274//4595 4258//4593 3958//4596
f 4291//4597 4274//4595 3957//4598
f 4290//4599 4291//4597 3963//4600
f 4272//4601 4290//4599 3965//4602
f 4273//4603 4272//4601 3964//4604
f 4330//4605 4273//4603 3967//4606
f 4255//4607 4330//4605 3966//4608
f 4497//4609 4255//4607 3993//4610
f 4495//4611 4497//4609 3995//4612
f 4496//4613 4495//4611 3994//4614
f 4526//4615 4496//4613 4007//4616
f 4527//4617 4526//4615 4006//4618
f 4525//4619 4527//4617 3997//4620
f 4493//4621 4525//4619 3996//4622
f 4494//4623 4493//4621 3998//4624
f 4523//4625 4494//4623 4000//4626
f 4524//4627 4523//4625 3999//4628
f 4491//4629 4524//4627 4013//4630
f 4492//4631 4491//4629 4012//4632
f 4522//4633 4492//4631 4016//4634
f 4460//4635 4522//4633 4015//4636
f 4424//4637 4460//4635 4014//4638
f 4490//4639 4424//4637 4001//4640
f 4422//4641 4490//4639 3980//4642
f 4423//4643 4422//4641 3987//4644
f 4459//4645 4423//4643 3986//4646
f 4489//4647 4459//4645 3989//4648
f 4311//4649 4489//4647 3988//4650
f 4312//4651 4311//4649 4008//4652
f 4371//4653 4312//4651 3959//4654
f 4385//4655 4371//4653 3942//4656
f 4384//4657 4385//4655 3961//4658
f 4369//4659 4384//4657 3981//4660
f 4370//4661 4369//4659 3982//4662
f 4383//4663 4370//4661 3969//4664
f 4309//4665 4383//4663 3968//4666
f 4306//4667 4309//4665 3990//4668
f 4307//4669 4306//4667 3972//4670
f 4336//4671 4307//4669 3974//4672
f 4334//4673 4336//4671 3983//4674
f 4303//4675 4334//4673 3991//4676
f 4304//4677 4303//4675 3984//4678
f 4421//4679 4304//4677 3977//4680
f 4381//4681 4421//4679 3976//4682
f 4382//4683 4381//4681 4009//4684
f 4420//4685 4382//4683 4003//4686
f 4521//4687 4420//4685 4002//4688
f 4487//4689 4521//4687 4010//4690
f 4488//4691 4487//4689 4011//4692
f 4348//4580 4488//4691 4005//4691
f 4005//4691 4004//4580 4348//4580
f 4011//4692 4005//4691 4488//4691
f 4010//4690 4011//4692 4487//4689
f 4002//4688 4010//4690 4521//4687
f 4003//4686 4002//4688 4420//4685
f 4009//4684 4003//4686 4382//4683
f 3976//4682 4009//4684 4381//4681
f 3977//4680 3976//4682 4421//4679
f 3984//4678 3977//4680 4304//4677
f 3991//4676 3984//4678 4303//4675
f 3983//4674 3991//4676 4334//4673
f 3974//4672 3983//4674 4336//4671
f 3972//4670 3974//4672 4307//4669
f 3990//4668 3972//4670 4306//4667
f 3968//4666 3990//4668 4309//4665
f 3969//4664 3968//4666 4383//4663
f 3982//4662 3969//4664 4370//4661
f 3981//4660 3982//4662 4369//4659
f 3961//4658 3981//4660 4384//4657
f 3942//4656 3961//4658 4385//4655
f 3959//4654 3942//4656 4371//4653
f 4008//4652 3959//4654 4312//4651
f 3988//4650 4008//4652 4311//4649
f 3989//4648 3988//4650 4489//4647
f 3986//4646 3989//4648 4459//4645
f 3987//4644 3986//4646 4423//4643
f 3980//4642 3987//4644 4422//4641
f 4001//4640 3980//4642 4490//4639
f 4014//4638 4001//4640 4424//4637
f 4015//4636 4014//4638 4460//4635
f 4016//4634 4015//4636 4522//4633
f 4012//4632 4016//4634 4492//4631
f 4013//4630 4012//4632 4491//4629
f 3999//4628 4013//4630 4524//4627
f 4000//4626 3999//4628 4523//4625
f 3998//4624 4000//4626 4494//4623
f 3996//4622 3998//4624 4493//4621
f 3997//4620 3996//4622 4525//4619
f 4006//4618 3997//4620 4527//4617
f 4007//4616 4006//4618 4526//4615
f 3994//4614 4007//4616 4496//4613
f 3995//4612 3994//4614 4495//4611
f 3993//4610 3995//4612 4497//4609
f 3966//4608 3993//4610 4255//4607
f 3967//4606 3966//4608 4330//4605
f 3964//4604 3967//4606 4273//4603
f 3965//4602 3964//4604 4272//4601
f 3963//4600 3965//4602 4290//4599
f 3957//4598 3963//4600 4291//4597
f 3958//4596 3957//4598 4274//4595
f 3947//4594 3958//4596 4258//4593
f 3978//4592 3947//4594 4257//4591
f 3979//4590 3978//4592 4324//4589
f 3985//4588 3979//4590 4326//4587
f 3992//4586 3985//4588 4325//4585
f 3943//4584 3992//4586 4327//4583
f 3955//4582 3943//4584 4281//4581
f 4004//4580 3955//4582 4349//4579
f 4358//4693 4418//4694 4132//4694
f 4456//4695 4358//4693 4102//4696
f 4416//4697 4456//4695 4094//4698
f 4417//4699 4416//4697 4110//4700
f 4455//4701 4417//4699 4109//4702
f 4482//4703 4455//4701 4112//4704
f 4356//4705 4482//4703 4111//4706
f 4357//4707 4356//4705 4134//4708
f 4415//4709 4357//4707 4096//4710
f 4454//4711 4415//4709 4093//4712
f 4453//4713 4454//4711 4098//4714
f 4413//4715 4453//4713 4113//4716
f 4414//4717 4413//4715 4114//4718
f 4452//4719 4414//4717 4104//4720
f 4412//4721 4452//4719 4103//4722
f 4409//4723 4412//4721 4123//4724
f 4410//4725 4409//4723 4125//4726
f 4534//4727 4410//4725 4127//4728
f 4532//4729 4534//4727 4154//4730
f 4519//4731 4532//4729 4155//4732
f 4517//4733 4519//4731 4145//4734
f 4515//4735 4517//4733 4137//4736
f 4513//4737 4515//4735 4139//4738
f 4511//4739 4513//4737 4147//4740
f 4508//4741 4511//4739 4149//4742
f 4509//4743 4508//4741 4157//4744
f 4481//4745 4509//4743 4159//4746
f 4478//4747 4481//4745 4167//4748
f 4479//4749 4478//4747 4165//4750
f 4506//4751 4479//4749 4166//4752
f 4538//4753 4506//4751 4161//4754
f 4407//4755 4538//4753 4160//4756
f 4377//4757 4407//4755 4162//4758
f 4354//4759 4377//4757 4140//4760
f 4451//4761 4354//4759 4117//4762
f 4252//4763 4451//4761 4116//4764
f 4253//4765 4252//4763 4150//4766
f 4270//4767 4253//4765 4100//4768
f 4286//4769 4270//4767 4099//4770
f 4268//4771 4286//4769 4105//4772
f 4269//4773 4268//4771 4118//4774
f 4285//4775 4269//4773 4095//4776
f 4284//4777 4285//4775 4101//4778
f 4249//4779 4284//4777 4106//4780
f 4250//4781 4249//4779 4141//4782
f 4267//4783 4250//4781 4120//4784
f 4247//4785 4267//4783 4119//4786
f 4248//4787 4247//4785 4129//4788
f 4245//4789 4248//4787 4130//4790
f 4246//4791 4245//4789 4121//4792
f 4254//4793 4246//4791 4108//4794
f 4279//4795 4254//4793 4107//4796
f 4280//4797 4279//4795 4131//4798
f 4323//4799 4280//4797 4143//4800
f 4293//4801 4323//4799 4142//4802
f 4376//4803 4293//4801 4151//4804
f 4399//4805 4376//4803 4152//4806
f 4418//4694 4399//4805 4133//4805
f 4133//4805 4132//4694 4418//4694
f 4152//4806 4133//4805 4399//4805
f 4151//4804 4152//4806 4376//4803
f 4142//4802 4151//4804 4293//4801
f 4143//4800 4142//4802 4323//4799
f 4131//4798 4143//4800 4280//4797
f 4107//4796 4131//4798 4279//4795
f 4108//4794 4107//4796 4254//4793
f 4121//4792 4108//4794 4246//4791
f 4130//4790 4121//4792 4245//4789
f 4129//4788 4130//4790 4248//4787
f 4119//4786 4129//4788 4247//4785
f 4120//4784 4119//4786 4267//4783
f 4141//4782 4120//4784 4250//4781
f 4106//4780 4141//4782 4249//4779
f 4101//4778 4106//4780 4284//4777
f 4095//4776 4101//4778 4285//4775
f 4118//4774 4095//4776 4269//4773
f 4105//4772 4118//4774 4268//4771
f 4099//4770 4105//4772 4286//4769
f 4100//4768 4099//4770 4270//4767
f 4150//4766 4100//4768 4253//4765
f 4116//4764 4150//4766 4252//4763
f 4117//4762 4116//4764 4451//4761
f 4140//4760 4117//4762 4354//4759
f 4162//4758 4140//4760 4377//4757
f 4160//4756 4162//4758 4407//4755
f 4161//4754 4160//4756 4538//4753
f 4166//4752 4161//4754 4506//4751
f 4165//4750 4166//4752 4479//4749
f 4167//4748 4165//4750 4478//4747
f 4159//4746 4167//4748 4481//4745
f 4157//4744 4159//4746 4509//4743
f 4149//4742 4157//4744 4508//4741
f 4147//4740 4149//4742 4511//4739
f 4139//4738 4147//4740 4513//4737
f 4137//4736 4139//4738 4515//4735
f 4145//4734 4137//4736 4517//4733
f 4155//4732 4145//4734 4519//4731
f 4154//4730 4155//4732 4532//4729
f 4127//4728 4154//4730 4534//4727
f 4125//4726 4127//4728 4410//4725
f 4123//4724 4125//4726 4409//4723
f 4103//4722 4123//4724 4412//4721
f 4104//4720 4103//4722 4452//4719
f 4114//4718 4104//4720 4414//4717
f 4113//4716 4114//4718 4413//4715
f 4098//4714 4113//4716 4453//4713
f 4093//4712 4098//4714 4454//4711
f 4096//4710 4093//4712 4415//4709
f 4134//4708 4096//4710 4357//4707
f 4111//4706 4134//4708 4356//4705
f 4112//4704 4111//4706 4482//4703
f 4109//4702 4112//4704 4455//4701
f 4110//4700 4109//4702 4417//4699
f 4094//4698 4110//4700 4416//4697
f 4102//4696 4094//4698 4456//4695
f 4132//4694 4102//4696 4358//4693
f 4333//4807 4332//4808 4223//4808
f 4351//4809 4333//4807 4210//4810
f 4300//4811 4351//4809 4209//4812
f 4301//4813 4300//4811 4217//4814
f 4331//4815 4301//4813 4211//4816
f 4350//4817 4331//4815 4198//4818
f 4256//4819 4350//4817 4197//4820
f 4271//4821 4256//4819 4169//4822
f 4289//4823 4271//4821 4168//4824
f 4299//4825 4289//4823 4176//4826
f 4287//4827 4299//4825 4184//4828
f 4288//4829 4287//4827 4199//4830
f 4298//4831 4288//4829 4200//4832
f 4244//4833 4298//4831 4186//4834
f 4251//4835 4244//4833 4185//4836
f 4329//4837 4251//4835 4188//4838
f 4352//4839 4329//4837 4187//4840
f 4476//4841 4352//4839 4189//4842
f 4475//4843 4476//4841 4232//4844
f 4449//4845 4475//4843 4238//4846
f 4450//4847 4449//4845 4233//4848
f 4405//4849 4450//4847 4225//4850
f 4406//4851 4405//4849 4224//4852
f 4447//4853 4406//4851 4219//4854
f 4448//4855 4447//4853 4218//4856
f 4530//4857 4448//4855 4235//4858
f 4445//4859 4530//4857 4239//4860
f 4446//4861 4445//4859 4241//4862
f 4404//4863 4446//4861 4240//4864
f 4402//4865 4404//4863 4228//4866
f 4474//4867 4402//4865 4227//4868
f 4529//4869 4474//4867 4230//4870
f 4505//4871 4529//4869 4213//4872
f 4503//4873 4505//4871 4203//4874
f 4537//4875 4503//4873 4202//4876
f 4393//4877 4537//4875 4205//4878
f 4391//4879 4393//4877 4172//4880
f 4434//4881 4391//4879 4171//4882
f 4466//4883 4434//4881 4174//4884
f 4465//4885 4466//4883 4178//4886
f 4432//4887 4465//4885 4191//4888
f 4430//4889 4432//4887 4181//4890
f 4500//4891 4430//4889 4180//4892
f 4426//4893 4500//4891 4183//4894
f 4427//4895 4426//4893 4214//4896
f 4463//4897 4427//4895 4208//4898
f 4462//4899 4463//4897 4207//4900
f 4388//4901 4462//4899 4215//4902
f 4386//4903 4388//4901 4193//4904
f 4387//4905 4386//4903 4175//4906
f 4528//4907 4387//4905 4195//4908
f 4498//4909 4528//4907 4194//4910
f 4499//4911 4498//4909 4237//4912
f 4536//4913 4499//4911 4222//4914
f 4310//4915 4536//4913 4221//4916
f 4425//4917 4310//4915 4231//4918
f 4461//4919 4425//4917 4196//4920
f 4332//4808 4461//4919 4216//4919
f 4216//4919 4223//4808 4332//4808
f 4196//4920 4216//4919 4461//4919
f 4231//4918 4196//4920 4425//4917
f 4221//4916 4231//4918 4310//4915
f 4222//4914 4221//4916 4536//4913
f 4237//4912 4222//4914 4499//4911
f 4194//4910 4237//4912 4498//4909
f 4195//4908 4194//4910 4528//4907
f 4175//4906 4195//4908 4387//4905
f 4193//4904 4175//4906 4386//4903
f 4215//4902 4193//4904 4388//4901
f 4207//4900 4215//4902 4462//4899
f 4208//4898 4207//4900 4463//4897
f 4214//4896 4208//4898 4427//4895
f 4183//4894 4214//4896 4426//4893
f 4180//4892 4183//4894 4500//4891
f 4181//4890 4180//4892 4430//4889
f 4191//4888 4181//4890 4432//4887
f 4178//4886 4191//4888 4465//4885
f 4174//4884 4178//4886 4466//4883
f 4171//4882 4174//4884 4434//4881
f 4172//4880 4171//4882 4391//4879
f 4205//4878 4172//4880 4393//4877
f 4202//4876 4205//4878 4537//4875
f 4203//4874 4202//4876 4503//4873
f 4213//4872 4203//4874 4505//4871
f 4230//4870 4213//4872 4529//4869
f 4227//4868 4230//4870 4474//4867
f 4228//4866 4227//4868 4402//4865
f 4240//4864 4228//4866 4404//4863
f 4241//4862 4240//4864 4446//4861
f 4239//4860 4241//4862 4445//4859
f 4235//4858 4239//4860 4530//4857
f 4218//4856 4235//4858 4448//4855
f 4219//4854 4218//4856 4447//4853
f 4224//4852 4219//4854 4406//4851
f 4225//4850 4224//4852 4405//4849
f 4233//4848 4225//4850 4450//4847
f 4238//4846 4233//4848 4449//4845
f 4232//4844 4238//4846 4475//4843
f 4189//4842 4232//4844 4476//4841
f 4187//4840 4189//4842 4352//4839
f 4188//4838 4187//4840 4329//4837
f 4185//4836 4188//4838 4251//4835
f 4186//4834 4185//4836 4244//4833
f 4200//4832 4186//4834 4298//4831
f 4199//4830 4200//4832 4288//4829
f 4184//4828 4199//4830 4287//4827
f 4176//4826 4184//4828 4299//4825
f 4168//4824 4176//4826 4289//4823
f 4169//4822 4168//4824 4271//4821
f 4197//4820 4169//4822 4256//4819
f 4198//4818 4197//4820 4350//4817
f 4211//4816 4198//4818 4331//4815
f 4217//4814 4211//4816 4301//4813
f 4209//4812 4217//4814 4300//4811
f 4210//4810 4209//4812 4351//4809
f 4223//4808 4210//4810 4333//4807
f 977//4921 4540//4921 4541//4921
f 977//4921 4542//4921 4543//4921
f 847//4921 4544//4921 4542//4921
f 4545//4921 4546//4921 4547//4921
f 4548//4921 847//4921 4546//4921
f 977//4921 4549//4921 4550//4921
f 977//4921 4551//4921 4552//4921
f 977//4921 4553//4921 4540//4921
f 4542//4921 977//4921 847//4921
f 847//4921 4554//4921 4555//4921
f 4547//4921 4556//4921 4545//4921
f 847//4921 4557//4921 4546//4921
f 977//4921 4558//4921 4549//4921
f 977//4921 4559//4921 4560//4921
f 4541//4921 4551//4921 977//4921
f 4543//4921 4561//4921 977//4921
f 4555//4921 4562//4921 847//4921
f 4546//4921 4545//4921 4548//4921
f 4563//4921 4564//4921 4565//4921
f 4566//4921 4567//4921 4568//4921
f 4569//4921 4570//4921 4571//4921
f 897//4921 4572//4921 4573//4921
f 4550//4921 897//4921 977//4921
f 4574//4921 4575//4921 4569//4921
f 977//4921 4576//4921 4577//4921
f 4552//4921 4559//4921 977//4921
f 4562//4921 4544//4921 847//4921
f 847//4921 4578//4921 4579//4921
f 4556//4921 4580//4921 4545//4921
f 847//4921 4581//4921 4582//4921
f 4583//4921 847//4921 757//4921
f 4565//4921 4584//4921 4563//4921
f 4566//4921 4585//4921 4586//4921
f 4566//4921 4587//4921 4567//4921
f 4588//4921 4589//4921 4564//4921
f 4571//4921 4590//4921 4591//4921
f 897//4921 4592//4921 4593//4921
f 897//4921 4594//4921 4595//4921
f 897//4921 4596//4921 4572//4921
f 4550//4921 4597//4921 897//4921
f 977//4921 4598//4921 4599//4921
f 4569//4921 4575//4921 4600//4921
f 4569//4921 4601//4921 4574//4921
f 4602//4921 4580//4921 4603//4921
f 977//4921 4604//4921 4576//4921
f 4561//4921 4553//4921 977//4921
f 847//4921 4605//4921 4606//4921
f 4548//4921 4578//4921 847//4921
f 847//4921 4607//4921 4581//4921
f 847//4921 4608//4921 4609//4921
f 757//4921 758//4921 4583//4921
f 4566//4921 4610//4921 4584//4921
f 4568//4921 4585//4921 4566//4921
f 4564//4921 4611//4921 4612//4921
f 4564//4921 4563//4921 4613//4921
f 4569//4921 4614//4921 4570//4921
f 4587//4921 4566//4921 4590//4921
f 4569//4921 4615//4921 4616//4921
f 4593//4921 4617//4921 897//4921
f 4573//4921 4594//4921 897//4921
f 4599//4921 4558//4921 977//4921
f 4580//4921 4618//4921 4619//4921
f 4601//4921 4602//4921 4574//4921
f 4603//4921 4620//4921 4602//4921
f 4560//4921 4604//4921 977//4921
f 4579//4921 4605//4921 847//4921
f 4609//4921 4607//4921 847//4921
f 4583//4921 4621//4921 847//4921
f 4586//4921 4610//4921 4566//4921
f 4613//4921 4611//4921 4564//4921
f 4569//4921 4622//4921 4614//4921
f 4590//4921 4571//4921 4623//4921
f 4569//4921 4624//4921 4615//4921
f 4617//4921 4625//4921 897//4921
f 4595//4921 4626//4921 897//4921
f 897//4921 4627//4921 4628//4921
f 4597//4921 4629//4921 897//4921
f 4580//4921 4602//4921 4618//4921
f 4620//4921 4574//4921 4602//4921
f 4606//4921 4554//4921 847//4921
f 4621//4921 4608//4921 847//4921
f 4589//4921 4630//4921 4631//4921
f 4564//4921 4612//4921 4588//4921
f 4590//4921 4623//4921 4587//4921
f 4569//4921 4632//4921 4624//4921
f 4569//4921 4633//4921 4634//4921
f 4626//4921 4592//4921 897//4921
f 4629//4921 4627//4921 897//4921
f 4600//4921 4633//4921 4569//4921
f 4582//4921 4557//4921 847//4921
f 818//4921 4635//4921 4589//4921
f 818//4921 4636//4921 4637//4921
f 897//4921 4638//4921 4639//4921
f 4571//4921 4591//4921 4569//4921
f 4634//4921 4632//4921 4569//4921
f 4628//4921 4596//4921 897//4921
f 4577//4921 4598//4921 977//4921
f 818//4921 4640//4921 4641//4921
f 818//4921 4642//4921 4643//4921
f 4631//4921 818//4921 4589//4921
f 818//4921 4644//4921 4645//4921
f 4637//4921 4646//4921 818//4921
f 818//4921 4647//4921 4648//4921
f 4639//4921 818//4921 897//4921
f 760//4921 4649//4921 4650//4921
f 760//4921 761//4921 4651//4921
f 4616//4921 4622//4921 4569//4921
f 4619//4921 4545//4921 4580//4921
f 4652//4921 783//4921 784//4921
f 818//4921 4653//4921 4654//4921
f 4643//4921 4640//4921 818//4921
f 4631//4921 4655//4921 818//4921
f 4646//4921 4644//4921 818//4921
f 4639//4921 4647//4921 818//4921
f 4656//4921 776//4921 777//4921
f 4656//4921 4651//4921 770//4921
f 4650//4921 4657//4921 760//4921
f 4651//4921 4658//4921 760//4921
f 4589//4921 4588//4921 4659//4921
f 4625//4921 4638//4921 897//4921
f 847//4921 811//4921 812//4921
f 818//4921 4660//4921 4652//4921
f 4641//4921 4653//4921 818//4921
f 4645//4921 4635//4921 818//4921
f 4648//4921 4661//4921 818//4921
f 777//4921 778//4921 4656//4921
f 4651//4921 769//4921 770//4921
f 4658//4921 4649//4921 760//4921
f 758//4921 759//4921 4662//4921
f 4565//4921 4566//4921 4584//4921
f 812//4921 813//4921 847//4921
f 4654//4921 4660//4921 818//4921
f 4661//4921 4636//4921 818//4921
f 4656//4921 775//4921 776//4921
f 4656//4921 772//4921 773//4921
f 770//4921 771//4921 4656//4921
f 4651//4921 767//4921 768//4921
f 4651//4921 765//4921 766//4921
f 4651//4921 763//4921 764//4921
f 4657//4921 4662//4921 760//4921
f 4662//4921 4583//4921 758//4921
f 847//4921 756//4921 757//4921
f 813//4921 814//4921 847//4921
f 847//4921 808//4921 809//4921
f 4655//4921 4642//4921 818//4921
f 783//4921 4652//4921 4663//4921
f 778//4921 779//4921 4656//4921
f 771//4921 772//4921 4656//4921
f 766//4921 767//4921 4651//4921
f 4651//4921 762//4921 763//4921
f 759//4921 760//4921 4662//4921
f 814//4921 756//4921 847//4921
f 809//4921 810//4921 847//4921
f 818//4921 784//4921 785//4921
f 4663//4921 782//4921 783//4921
f 780//4921 4664//4921 4665//4921
f 781//4921 4663//4921 4666//4921
f 4656//4921 774//4921 775//4921
f 768//4921 769//4921 4651//4921
f 761//4921 762//4921 4651//4921
f 810//4921 811//4921 847//4921
f 818//4921 793//4921 815//4921
f 818//4921 789//4921 790//4921
f 818//4921 787//4921 788//4921
f 784//4921 818//4921 4652//4921
f 4665//4921 4667//4921 780//4921
f 4666//4921 780//4921 781//4921
f 773//4921 774//4921 4656//4921
f 4659//4921 4630//4921 4589//4921
f 847//4921 804//4921 806//4921
f 818//4921 792//4921 793//4921
f 788//4921 789//4921 818//4921
f 785//4921 786//4921 818//4921
f 4666//4921 4664//4921 780//4921
f 764//4921 765//4921 4651//4921
f 806//4921 807//4921 847//4921
f 818//4921 791//4921 792//4921
f 786//4921 787//4921 818//4921
f 4667//4921 4656//4921 780//4921
f 807//4921 808//4921 847//4921
f 790//4921 791//4921 818//4921
f 779//4921 780//4921 4656//4921
f 781//4921 782//4921 4663//4921
f 815//4921 794//4921 818//4921
f 4668//4922 4631//4922 4630//4922
f 4630//4922 4669//4922 4668//4922
f 4571//4923 4670//4923 4671//4924
f 4623//4924 4671//4924 4672//4925
f 4587//4925 4672//4925 4673//4926
f 4567//4926 4673//4926 4674//4927
f 4568//4927 4674//4927 4675//4928
f 4585//4928 4675//4928 4676//4929
f 4586//4929 4676//4929 4677//4930
f 4610//4930 4677//4930 4678//4931
f 4584//4931 4678//4931 4679//4932
f 4563//4932 4679//4932 4680//4933
f 4613//4933 4680//4933 4681//4934
f 4611//4934 4681//4934 4682//4935
f 4612//4935 4682//4935 4683//4936
f 4588//4936 4683//4936 4684//4937
f 4659//4937 4684//4937 4669//4938
f 4669//4938 4630//4938 4659//4937
f 4684//4937 4659//4937 4588//4936
f 4683//4936 4588//4936 4612//4935
f 4682//4935 4612//4935 4611//4934
f 4681//4934 4611//4934 4613//4933
f 4680//4933 4613//4933 4563//4932
f 4679//4932 4563//4932 4584//4931
f 4678//4931 4584//4931 4610//4930
f 4677//4930 4610//4930 4586//4929
f 4676//4929 4586//4929 4585//4928
f 4675//4928 4585//4928 4568//4927
f 4674//4927 4568//4927 4567//4926
f 4673//4926 4567//4926 4587//4925
f 4672//4925 4587//4925 4623//4924
f 4671//4924 4623//4924 4571//4923
f 4685//4939 4670//4939 4571//4939
f 4571//4939 4570//4939 4685//4939
f 4556//4940 4686//4940 4687//4941
f 4580//4941 4687//4941 4688//4942
f 4603//4942 4688//4942 4689//4943
f 4620//4943 4689//4943 4690//4944
f 4574//4944 4690//4944 4691//4945
f 4575//4945 4691//4945 4692//4946
f 4600//4946 4692//4946 4693//4947
f 4633//4947 4693//4947 4694//4948
f 4634//4948 4694//4948 4695//4949
f 4632//4949 4695//4949 4696//4950
f 4624//4950 4696//4950 4697//4951
f 4615//4951 4697//4951 4698//4952
f 4616//4952 4698//4952 4699//4953
f 4622//4953 4699//4953 4700//4954
f 4614//4954 4700//4954 4685//4955
f 4685//4955 4570//4955 4614//4954
f 4700//4954 4614//4954 4622//4953
f 4699//4953 4622//4953 4616//4952
f 4698//4952 4616//4952 4615//4951
f 4697//4951 4615//4951 4624//4950
f 4696//4950 4624//4950 4632//4949
f 4695//4949 4632//4949 4634//4948
f 4694//4948 4634//4948 4633//4947
f 4693//4947 4633//4947 4600//4946
f 4692//4946 4600//4946 4575//4945
f 4691//4945 4575//4945 4574//4944
f 4690//4944 4574//4944 4620//4943
f 4689//4943 4620//4943 4603//4942
f 4688//4942 4603//4942 4580//4941
f 4687//4941 4580//4941 4556//4940
f 4686//4956 4556//4956 4547//4956
f 4547//4956 4701//4956 4686//4956
f 4651//4957 4702//4957 4703//4958
f 4658//4958 4703//4958 4704//4959
f 4649//4959 4704//4959 4705//4960
f 4650//4960 4705//4960 4706//4961
f 4657//4961 4706//4961 4707//4962
f 4662//4962 4707//4962 4708//4963
f 4583//4963 4708//4963 4709//4964
f 4621//4964 4709//4964 4710//4965
f 4608//4965 4710//4965 4711//4966
f 4609//4966 4711//4966 4712//4967
f 4607//4967 4712//4967 4713//4968
f 4581//4968 4713//4968 4714//4969
f 4582//4969 4714//4969 4715//4970
f 4557//4970 4715//4970 4716//4971
f 4546//4971 4716//4971 4701//4972
f 4701//4972 4547//4972 4546//4971
f 4716//4971 4546//4971 4557//4970
f 4715//4970 4557//4970 4582//4969
f 4714//4969 4582//4969 4581//4968
f 4713//4968 4581//4968 4607//4967
f 4712//4967 4607//4967 4609//4966
f 4711//4966 4609//4966 4608//4965
f 4710//4965 4608//4965 4621//4964
f 4709//4964 4621//4964 4583//4963
f 4708//4963 4583//4963 4662//4962
f 4707//4962 4662//4962 4657//4961
f 4706//4961 4657//4961 4650//4960
f 4705//4960 4650//4960 4649//4959
f 4704//4959 4649//4959 4658//4958
f 4703//4958 4658//4958 4651//4957
f 4702//4973 4651//4973 4656//4973
f 4656//4973 4717//4973 4702//4973
f 4631//4974 4668//4974 4718//4975
f 4655//4975 4718//4975 4719//4976
f 4642//4976 4719//4976 4720//4977
f 4643//4977 4720//4977 4721//4978
f 4640//4978 4721//4978 4722//4979
f 4641//4979 4722//4979 4723//4980
f 4653//4980 4723//4980 4724//4981
f 4654//4981 4724//4981 4725//4982
f 4660//4982 4725//4982 4726//4983
f 4652//4983 4726//4983 4727//4984
f 4663//4984 4727//4984 4728//4985
f 4666//4985 4728//4985 4729//4986
f 4664//4986 4729//4986 4730//4987
f 4665//4987 4730//4987 4731//4988
f 4667//4988 4731//4988 4717//4989
f 4717//4989 4656//4989 4667//4988
f 4731//4988 4667//4988 4665//4987
f 4730//4987 4665//4987 4664//4986
f 4729//4986 4664//4986 4666//4985
f 4728//4985 4666//4985 4663//4984
f 4727//4984 4663//4984 4652//4983
f 4726//4983 4652//4983 4660//4982
f 4725//4982 4660//4982 4654//4981
f 4724//4981 4654//4981 4653//4980
f 4723//4980 4653//4980 4641//4979
f 4722//4979 4641//4979 4640//4978
f 4721//4978 4640//4978 4643//4977
f 4720//4977 4643//4977 4642//4976
f 4719//4976 4642//4976 4655//4975
f 4718//4975 4655//4975 4631//4974
f 4569//4989 4591//4989 4732//4989
f 4591//4989 4733//4989 4732//4989
f 4732//4989 4734//4989 4569//4989
f 4639//4990 4735//4990 4736//4991
f 4647//4991 4736//4991 4737//4992
f 4648//4992 4737//4992 4738//4993
f 4661//4993 4738//4993 4739//4994
f 4636//4994 4739//4994 4740//4995
f 4637//4995 4740//4995 4741//4996
f 4646//4996 4741//4996 4742//4997
f 4644//4997 4742//4997 4743//4998
f 4645//4998 4743//4998 4744//4999
f 4635//4999 4744//4999 4745//5000
f 4589//5000 4745//5000 4746//5001
f 4564//5001 4746//5001 4747//5002
f 4565//5002 4747//5002 4748//5003
f 4566//5003 4748//5003 4749//5004
f 4590//5004 4749//5004 4733//5005
f 4733//5005 4591//5005 4590//5004
f 4749//5004 4590//5004 4566//5003
f 4748//5003 4566//5003 4565//5002
f 4747//5002 4565//5002 4564//5001
f 4746//5001 4564//5001 4589//5000
f 4745//5000 4589//5000 4635//4999
f 4744//4999 4635//4999 4645//4998
f 4743//4998 4645//4998 4644//4997
f 4742//4997 4644//4997 4646//4996
f 4741//4996 4646//4996 4637//4995
f 4740//4995 4637//4995 4636//4994
f 4739//4994 4636//4994 4661//4993
f 4738//4993 4661//4993 4648//4992
f 4737//4992 4648//4992 4647//4991
f 4736//4991 4647//4991 4639//4990
f 4638//5006 4750//5006 4751//5006
f 4751//5006 4639//5006 4638//5006
f 4751//5006 4735//5006 4639//5006
f 4550//5007 4752//5007 4753//5008
f 4597//5008 4753//5008 4754//5009
f 4629//5009 4754//5009 4755//5010
f 4627//5010 4755//5010 4756//5011
f 4628//5011 4756//5011 4757//5012
f 4596//5012 4757//5012 4758//5013
f 4572//5013 4758//5013 4759//5014
f 4573//5014 4759//5014 4760//5015
f 4594//5015 4760//5015 4761//5016
f 4595//5016 4761//5016 4762//5017
f 4626//5017 4762//5017 4763//5018
f 4592//5018 4763//5018 4764//5019
f 4593//5019 4764//5019 4765//5020
f 4617//5020 4765//5020 4766//5021
f 4625//5021 4766//5021 4750//5022
f 4750//5022 4638//5022 4625//5021
f 4766//5021 4625//5021 4617//5020
f 4765//5020 4617//5020 4593//5019
f 4764//5019 4593//5019 4592//5018
f 4763//5018 4592//5018 4626//5017
f 4762//5017 4626//5017 4595//5016
f 4761//5016 4595//5016 4594//5015
f 4760//5015 4594//5015 4573//5014
f 4759//5014 4573//5014 4572//5013
f 4758//5013 4572//5013 4596//5012
f 4757//5012 4596//5012 4628//5011
f 4756//5011 4628//5011 4627//5010
f 4755//5010 4627//5010 4629//5009
f 4754//5009 4629//5009 4597//5008
f 4753//5008 4597//5008 4550//5007
f 4550//5023 4549//5023 4767//5023
f 4549//5023 4768//5023 4767//5023
f 4767//5023 4752//5023 4550//5023
f 4543//5024 4769//5024 4770//5025
f 4561//5025 4770//5025 4771//5026
f 4553//5026 4771//5026 4772//5027
f 4540//5027 4772//5027 4773//5028
f 4541//5028 4773//5028 4774//5029
f 4551//5029 4774//5029 4775//5030
f 4552//5030 4775//5030 4776//5031
f 4559//5031 4776//5031 4777//5032
f 4560//5032 4777//5032 4778//5033
f 4604//5033 4778//5033 4779//5034
f 4576//5034 4779//5034 4780//5035
f 4577//5035 4780//5035 4781//5036
f 4598//5036 4781//5036 4782//5037
f 4599//5037 4782//5037 4783//5038
f 4558//5038 4783//5038 4768//5039
f 4768//5039 4549//5039 4558//5038
f 4783//5038 4558//5038 4599//5037
f 4782//5037 4599//5037 4598//5036
f 4781//5036 4598//5036 4577//5035
f 4780//5035 4577//5035 4576//5034
f 4779//5034 4576//5034 4604//5033
f 4778//5033 4604//5033 4560//5032
f 4777//5032 4560//5032 4559//5031
f 4776//5031 4559//5031 4552//5030
f 4775//5030 4552//5030 4551//5029
f 4774//5029 4551//5029 4541//5028
f 4773//5028 4541//5028 4540//5027
f 4772//5027 4540//5027 4553//5026
f 4771//5026 4553//5026 4561//5025
f 4770//5025 4561//5025 4543//5024
f 4542//5040 4784//5040 4785//5040
f 4785//5040 4543//5040 4542//5040
f 4785//5040 4769//5040 4543//5040
f 4569//5041 4734//5041 4786//5042
f 4601//5042 4786//5042 4787//5043
f 4602//5043 4787//5043 4788//5044
f 4618//5044 4788//5044 4789//5045
f 4619//5045 4789//5045 4790//5046
f 4545//5046 4790//5046 4791//5047
f 4548//5047 4791//5047 4792//5048
f 4578//5048 4792//5048 4793//5049
f 4579//5049 4793//5049 4794//5050
f 4605//5050 4794//5050 4795//5051
f 4606//5051 4795//5051 4796//5052
f 4554//5052 4796//5052 4797//5053
f 4555//5053 4797//5053 4798//5054
f 4562//5054 4798//5054 4799//5055
f 4544//5055 4799//5055 4784//5056
f 4784//5056 4542//5056 4544//5055
f 4799//5055 4544//5055 4562//5054
f 4798//5054 4562//5054 4555//5053
f 4797//5053 4555//5053 4554//5052
f 4796//5052 4554//5052 4606//5051
f 4795//5051 4606//5051 4605//5050
f 4794//5050 4605//5050 4579//5049
f 4793//5049 4579//5049 4578//5048
f 4792//5048 4578//5048 4548//5047
f 4791//5047 4548//5047 4545//5046
f 4790//5046 4545//5046 4619//5045
f 4789//5045 4619//5045 4618//5044
f 4788//5044 4618//5044 4602//5043
f 4787//5043 4602//5043 4601//5042
f 4786//5042 4601//5042 4569//5041
f 4800//5057 4801//5057 4802//5057
f 4800//5057 4803//5057 4804//5057
f 4804//5057 4801//5057 4800//5057
f 4803//5057 4805//5057 4804//5057
f 4802//5057 4806//5057 4800//5057
f 4807//5057 4808//5057 4805//5057
f 4809//5057 4764//5057 4763//5057
f 4810//5057 4756//5057 4755//5057
f 4752//5057 4811//5057 4812//5057
f 4767//5057 4813//5057 4811//5057
f 4814//5057 4815//5057 4816//5057
f 4806//5057 4817//5057 4815//5057
f 4805//5057 4803//5057 4807//5057
f 4807//5057 4818//5057 4819//5057
f 4809//5057 4761//5057 4760//5057
f 4763//5057 4762//5057 4809//5057
f 4820//5057 4758//5057 4757//5057
f 4820//5057 4760//5057 4759//5057
f 4810//5057 4753//5057 4752//5057
f 4755//5057 4754//5057 4810//5057
f 4811//5057 4752//5057 4767//5057
f 4767//5057 4821//5057 4822//5057
f 4767//5057 4823//5057 4824//5057
f 4767//5057 4825//5057 4826//5057
f 4815//5057 4814//5057 4806//5057
f 4819//5057 4808//5057 4807//5057
f 4762//5057 4761//5057 4809//5057
f 4759//5057 4758//5057 4820//5057
f 4754//5057 4753//5057 4810//5057
f 4752//5057 4827//5057 4828//5057
f 4752//5057 4829//5057 4830//5057
f 4822//5057 4813//5057 4767//5057
f 4767//5057 4831//5057 4832//5057
f 4826//5057 4823//5057 4767//5057
f 4814//5057 4833//5057 4834//5057
f 4802//5057 4817//5057 4806//5057
f 4835//5057 4836//5057 4837//5057
f 4757//5057 4810//5057 4820//5057
f 4810//5057 4757//5057 4756//5057
f 4752//5057 4838//5057 4827//5057
f 4812//5057 4829//5057 4752//5057
f 4824//5057 4831//5057 4767//5057
f 4767//5057 4839//5057 4840//5057
f 4816//5057 4833//5057 4814//5057
f 4807//5057 4837//5057 4841//5057
f 4837//5057 4842//5057 4835//5057
f 4809//5057 4843//5057 4750//5057
f 4752//5057 4844//5057 4810//5057
f 4752//5057 4845//5057 4846//5057
f 4830//5057 4838//5057 4752//5057
f 4840//5057 4825//5057 4767//5057
f 4767//5057 4814//5057 4847//5057
f 4841//5057 4818//5057 4807//5057
f 4836//5057 4848//5057 4849//5057
f 4836//5057 4850//5057 4851//5057
f 4835//5057 4852//5057 4836//5057
f 4751//5057 4853//5057 4854//5057
f 4751//5057 4855//5057 4856//5057
f 4750//5057 4766//5057 4809//5057
f 4846//5057 4844//5057 4752//5057
f 4832//5057 4821//5057 4767//5057
f 4847//5057 4857//5057 4767//5057
f 4814//5057 4858//5057 4859//5057
f 4834//5057 4860//5057 4814//5057
f 4851//5057 4848//5057 4836//5057
f 4837//5057 4807//5057 4842//5057
f 4861//5057 4836//5057 4862//5057
f 4856//5057 4853//5057 4751//5057
f 4855//5057 4863//5057 4864//5057
f 4751//5057 4750//5057 4865//5057
f 4750//5057 4843//5057 4866//5057
f 4766//5057 4765//5057 4809//5057
f 4828//5057 4845//5057 4752//5057
f 4857//5057 4867//5057 4767//5057
f 4814//5057 4868//5057 4869//5057
f 4860//5057 4858//5057 4814//5057
f 4852//5057 4850//5057 4836//5057
f 4864//5057 4863//5057 4861//5057
f 4864//5057 4856//5057 4855//5057
f 4865//5057 4870//5057 4751//5057
f 4765//5057 4764//5057 4809//5057
f 4867//5057 4839//5057 4767//5057
f 4859//5057 4868//5057 4814//5057
f 4862//5057 4864//5057 4861//5057
f 4751//5057 4871//5057 4855//5057
f 4750//5057 4872//5057 4865//5057
f 4760//5057 4820//5057 4809//5057
f 4849//5057 4862//5057 4836//5057
f 4870//5057 4871//5057 4751//5057
f 4750//5057 4873//5057 4874//5057
f 4869//5057 4847//5057 4814//5057
f 4874//5057 4872//5057 4750//5057
f 4854//5057 4875//5057 4751//5057
f 4876//5057 4751//5057 4877//5057
f 4751//5057 4875//5057 4878//5057
f 4879//5057 4880//5057 4881//5057
f 4882//5057 4881//5057 4883//5057
f 4877//5057 4884//5057 4876//5057
f 4878//5057 4885//5057 4751//5057
f 4883//5057 4886//5057 4882//5057
f 4886//5057 4883//5057 4887//5057
f 4888//5057 4889//5057 4890//5057
f 4733//5057 4891//5057 4892//5057
f 4733//5057 4893//5057 4894//5057
f 4895//5057 4747//5057 4746//5057
f 4885//5057 4877//5057 4751//5057
f 4896//5057 4897//5057 4898//5057
f 4899//5057 4900//5057 4880//5057
f 4899//5057 4898//5057 4901//5057
f 4887//5057 4902//5057 4886//5057
f 4887//5057 4903//5057 4904//5057
f 4890//5057 4903//5057 4888//5057
f 4888//5057 4905//5057 4906//5057
f 4905//5057 4907//5057 4908//5057
f 4907//5057 4909//5057 4910//5057
f 4894//5057 4891//5057 4733//5057
f 4895//5057 4748//5057 4747//5057
f 4911//5057 4895//5057 4745//5057
f 4912//5057 4911//5057 4742//5057
f 4884//5057 4913//5057 4914//5057
f 4913//5057 4884//5057 4915//5057
f 4896//5057 4915//5057 4897//5057
f 4901//5057 4900//5057 4899//5057
f 4904//5057 4902//5057 4887//5057
f 4906//5057 4889//5057 4888//5057
f 4908//5057 4916//5057 4905//5057
f 4907//5057 4917//5057 4909//5057
f 4732//5057 4918//5057 4919//5057
f 4892//5057 4732//5057 4733//5057
f 4733//5057 4920//5057 4921//5057
f 4733//5057 4922//5057 4923//5057
f 4895//5057 4749//5057 4748//5057
f 4895//5057 4922//5057 4733//5057
f 4745//5057 4744//5057 4911//5057
f 4912//5057 4740//5057 4739//5057
f 4742//5057 4741//5057 4912//5057
f 4915//5057 4896//5057 4913//5057
f 4880//5057 4879//5057 4899//5057
f 4890//5057 4904//5057 4903//5057
f 4910//5057 4908//5057 4907//5057
f 4732//5057 4924//5057 4925//5057
f 4732//5057 4926//5057 4927//5057
f 4892//5057 4918//5057 4732//5057
f 4733//5057 4928//5057 4929//5057
f 4923//5057 4920//5057 4733//5057
f 4733//5057 4749//5057 4895//5057
f 4744//5057 4743//5057 4911//5057
f 4741//5057 4740//5057 4912//5057
f 4912//5057 4736//5057 4735//5057
f 4898//5057 4899//5057 4896//5057
f 4916//5057 4906//5057 4905//5057
f 4732//5057 4930//5057 4931//5057
f 4927//5057 4924//5057 4732//5057
f 4929//5057 4893//5057 4733//5057
f 4746//5057 4745//5057 4895//5057
f 4739//5057 4738//5057 4912//5057
f 4912//5057 4737//5057 4736//5057
f 4735//5057 4932//5057 4933//5057
f 4751//5057 4934//5057 4932//5057
f 4751//5057 4876//5057 4935//5057
f 4881//5057 4882//5057 4879//5057
f 4931//5057 4907//5057 4732//5057
f 4919//5057 4926//5057 4732//5057
f 4743//5057 4742//5057 4911//5057
f 4912//5057 4738//5057 4737//5057
f 4932//5057 4735//5057 4751//5057
f 4884//5057 4914//5057 4876//5057
f 4907//5057 4936//5057 4937//5057
f 4907//5057 4938//5057 4939//5057
f 4931//5057 4940//5057 4907//5057
f 4732//5057 4941//5057 4942//5057
f 4732//5057 4943//5057 4944//5057
f 4921//5057 4928//5057 4733//5057
f 4735//5057 4945//5057 4946//5057
f 4933//5057 4947//5057 4735//5057
f 4937//5057 4917//5057 4907//5057
f 4940//5057 4938//5057 4907//5057
f 4732//5057 4948//5057 4949//5057
f 4944//5057 4941//5057 4732//5057
f 4735//5057 4946//5057 4912//5057
f 4935//5057 4934//5057 4751//5057
f 4949//5057 4930//5057 4732//5057
f 4925//5057 4943//5057 4732//5057
f 4939//5057 4936//5057 4907//5057
f 4735//5057 4950//5057 4945//5057
f 4942//5057 4948//5057 4732//5057
f 4951//5057 4952//5057 4953//5057
f 4953//5057 4954//5057 4951//5057
f 4955//5057 4956//5057 4957//5057
f 4958//5057 4955//5057 4959//5057
f 4952//5057 4958//5057 4960//5057
f 4954//5057 4961//5057 4951//5057
f 4962//5057 4951//5057 4963//5057
f 4785//5057 4964//5057 4965//5057
f 4785//5057 4966//5057 4967//5057
f 4968//5057 4969//5057 4970//5057
f 4957//5057 4956//5057 4971//5057
f 4959//5057 4960//5057 4958//5057
f 4961//5057 4963//5057 4951//5057
f 4963//5057 4972//5057 4962//5057
f 4973//5057 4962//5057 4974//5057
f 4967//5057 4964//5057 4785//5057
f 4966//5057 4975//5057 4976//5057
f 4785//5057 4977//5057 4978//5057
f 4785//5057 4784//5057 4979//5057
f 4980//5057 4789//5057 4788//5057
f 4734//5057 4981//5057 4982//5057
f 4907//5057 4983//5057 4984//5057
f 4985//5057 4986//5057 4983//5057
f 4968//5057 4987//5057 4988//5057
f 4969//5057 4971//5057 4970//5057
f 4957//5057 4959//5057 4955//5057
f 4972//5057 4974//5057 4962//5057
f 4976//5057 4975//5057 4973//5057
f 4976//5057 4967//5057 4966//5057
f 4979//5057 4977//5057 4785//5057
f 4784//5057 4989//5057 4990//5057
f 4980//5057 4786//5057 4734//5057
f 4788//5057 4787//5057 4980//5057
f 4982//5057 4991//5057 4734//5057
f 4732//5057 4992//5057 4993//5057
f 4907//5057 4994//5057 4995//5057
f 4907//5057 4996//5057 4997//5057
f 4983//5057 4907//5057 4985//5057
f 4988//5057 4985//5057 4968//5057
f 4971//5057 4969//5057 4957//5057
f 4974//5057 4976//5057 4973//5057
f 4978//5057 4966//5057 4785//5057
f 4990//5057 4998//5057 4784//5057
f 4999//5057 4794//5057 4793//5057
f 4787//5057 4786//5057 4980//5057
f 4734//5057 5000//5057 4981//5057
f 4734//5057 4732//5057 5001//5057
f 4732//5057 5002//5057 4992//5057
f 4997//5057 4994//5057 4907//5057
f 4988//5057 4986//5057 4985//5057
f 4960//5057 4953//5057 4952//5057
f 4998//5057 4979//5057 4784//5057
f 4999//5057 4799//5057 4798//5057
f 4999//5057 5003//5057 4784//5057
f 4999//5057 4795//5057 4794//5057
f 4999//5057 4797//5057 4796//5057
f 5004//5057 4791//5057 4790//5057
f 5004//5057 4793//5057 4792//5057
f 4980//5057 4790//5057 4789//5057
f 4734//5057 5005//5057 5000//5057
f 4993//5057 5001//5057 4732//5057
f 4984//5057 4996//5057 4907//5057
f 4965//5057 5006//5057 4785//5057
f 4784//5057 4799//5057 4999//5057
f 4796//5057 4795//5057 4999//5057
f 4792//5057 4791//5057 5004//5057
f 4734//5057 5007//5057 5008//5057
f 4734//5057 5009//5057 5010//5057
f 5001//5057 5005//5057 4734//5057
f 4970//5057 4987//5057 4968//5057
f 4784//5057 5003//5057 5011//5057
f 4793//5057 5004//5057 4999//5057
f 4734//5057 5008//5057 4980//5057
f 4991//5057 5009//5057 4734//5057
f 4732//5057 5012//5057 5013//5057
f 5011//5057 4989//5057 4784//5057
f 4790//5057 4980//5057 5004//5057
f 4732//5057 5014//5057 5002//5057
f 4732//5057 5015//5057 5016//5057
f 4732//5057 5017//5057 5018//5057
f 5013//5057 5019//5057 4732//5057
f 4907//5057 5020//5057 5021//5057
f 4798//5057 4797//5057 4999//5057
f 5016//5057 5014//5057 4732//5057
f 5019//5057 5017//5057 4732//5057
f 4732//5057 5022//5057 5023//5057
f 5021//5057 5024//5057 4907//5057
f 5010//5057 5007//5057 4734//5057
f 5023//5057 5012//5057 4732//5057
f 4732//5057 4907//5057 5025//5057
f 4995//5057 5020//5057 4907//5057
f 5025//5057 5022//5057 4732//5057
f 5018//5057 5015//5057 4732//5057
f 5026//5057 5027//5057 5028//5057
f 5026//5057 5029//5057 5030//5057
f 5031//5057 5032//5057 5033//5057
f 5034//5057 5033//5057 5035//5057
f 5030//5057 5027//5057 5026//5057
f 5036//5057 5028//5057 5037//5057
f 5038//5057 5037//5057 5039//5057
f 5040//5057 5041//5057 5042//5057
f 5043//5057 4774//5057 4773//5057
f 5044//5057 4785//5057 5045//5057
f 4785//5057 5006//5057 5046//5057
f 5035//5057 5026//5057 5034//5057
f 5026//5057 5035//5057 5029//5057
f 5039//5057 5047//5057 5038//5057
f 5047//5057 5039//5057 5048//5057
f 5048//5057 5049//5057 5050//5057
f 5041//5057 5051//5057 5042//5057
f 5041//5057 4814//5057 5052//5057
f 5053//5057 4782//5057 4781//5057
f 5053//5057 5054//5057 4768//5057
f 5043//5057 4775//5057 4774//5057
f 5043//5057 5055//5057 4776//5057
f 5043//5057 4770//5057 4769//5057
f 5043//5057 4772//5057 4771//5057
f 5045//5057 5032//5057 5044//5057
f 5046//5057 5056//5057 4785//5057
f 5028//5057 5036//5057 5026//5057
f 5048//5057 5057//5057 5047//5057
f 5049//5057 5058//5057 5050//5057
f 5040//5057 5059//5057 5058//5057
f 5052//5057 5051//5057 5041//5057
f 4814//5057 5060//5057 5061//5057
f 4767//5057 5062//5057 5063//5057
f 4767//5057 5064//5057 5065//5057
f 4768//5057 5066//5057 5067//5057
f 4781//5057 4780//5057 5053//5057
f 4768//5057 4783//5057 5053//5057
f 5055//5057 4778//5057 4777//5057
f 5055//5057 5053//5057 4779//5057
f 4776//5057 4775//5057 5043//5057
f 4771//5057 4770//5057 5043//5057
f 4785//5057 5068//5057 5069//5057
f 5056//5057 5045//5057 4785//5057
f 5037//5057 5038//5057 5036//5057
f 5058//5057 5049//5057 5040//5057
f 4814//5057 5070//5057 5052//5057
f 4814//5057 5071//5057 5060//5057
f 4814//5057 5072//5057 5073//5057
f 4767//5057 5074//5057 5075//5057
f 5065//5057 5062//5057 4767//5057
f 5067//5057 4767//5057 4768//5057
f 4768//5057 5054//5057 5076//5057
f 4783//5057 4782//5057 5053//5057
f 4779//5057 4778//5057 5055//5057
f 4769//5057 5077//5057 5043//5057
f 5069//5057 4769//5057 4785//5057
f 5032//5057 5031//5057 5078//5057
f 5050//5057 5057//5057 5048//5057
f 5061//5057 5070//5057 4814//5057
f 5073//5057 5079//5057 4814//5057
f 4767//5057 5080//5057 5081//5057
f 4767//5057 5082//5057 5074//5057
f 4767//5057 5083//5057 5064//5057
f 4768//5057 5084//5057 5066//5057
f 4780//5057 4779//5057 5053//5057
f 4773//5057 4772//5057 5043//5057
f 4769//5057 5085//5057 5086//5057
f 4785//5057 5087//5057 5068//5057
f 5032//5057 5078//5057 5044//5057
f 5042//5057 5059//5057 5040//5057
f 4814//5057 5088//5057 5072//5057
f 5075//5057 5080//5057 4767//5057
f 4767//5057 5089//5057 5090//5057
f 5067//5057 5083//5057 4767//5057
f 4768//5057 5091//5057 5092//5057
f 4777//5057 4776//5057 5055//5057
f 5086//5057 5093//5057 4769//5057
f 5044//5057 5087//5057 4785//5057
f 5079//5057 5071//5057 4814//5057
f 4767//5057 5094//5057 5095//5057
f 5090//5057 5082//5057 4767//5057
f 4768//5057 5096//5057 5084//5057
f 4768//5057 5097//5057 5098//5057
f 5076//5057 5091//5057 4768//5057
f 4769//5057 5099//5057 5085//5057
f 5033//5057 5034//5057 5031//5057
f 5081//5057 5094//5057 4767//5057
f 5098//5057 5096//5057 4768//5057
f 5093//5057 5077//5057 4769//5057
f 4814//5057 5095//5057 5088//5057
f 5063//5057 5089//5057 4767//5057
f 5069//5057 5099//5057 4769//5057
f 5092//5057 5097//5057 4768//5057
f 5095//5057 4814//5057 4767//5057
f 5024//5057 5025//5057 4907//5057
f 4947//5057 4950//5057 4735//5057
f 4866//5057 4873//5057 4750//5057
f 5100//5058 5101//5058 4814//5058
f 5101//5058 4806//5058 4814//5058
f 4814//5058 5041//5058 5100//5058
f 5046//5059 5102//5059 5103//5060
f 5056//5060 5103//5060 5104//5061
f 5045//5061 5104//5061 5105//5062
f 5032//5062 5105//5062 5106//5063
f 5033//5063 5106//5063 5107//5064
f 5035//5064 5107//5064 5108//5065
f 5029//5065 5108//5065 5109//5066
f 5030//5066 5109//5066 5110//5067
f 5027//5067 5110//5067 5111//5068
f 5028//5068 5111//5068 5112//5069
f 5037//5069 5112//5069 5113//5070
f 5039//5070 5113//5070 5114//5071
f 5048//5071 5114//5071 5115//5072
f 5049//5072 5115//5072 5116//5073
f 5040//5073 5116//5073 5100//5074
f 5100//5074 5041//5074 5040//5073
f 5116//5073 5040//5073 5049//5072
f 5115//5072 5049//5072 5048//5071
f 5114//5071 5048//5071 5039//5070
f 5113//5070 5039//5070 5037//5069
f 5112//5069 5037//5069 5028//5068
f 5111//5068 5028//5068 5027//5067
f 5110//5067 5027//5067 5030//5066
f 5109//5066 5030//5066 5029//5065
f 5108//5065 5029//5065 5035//5064
f 5107//5064 5035//5064 5033//5063
f 5106//5063 5033//5063 5032//5062
f 5105//5062 5032//5062 5045//5061
f 5104//5061 5045//5061 5056//5060
f 5103//5060 5056//5060 5046//5059
f 5117//5075 5102//5075 5006//5075
f 5102//5075 5046//5075 5006//5075
f 5006//5075 4965//5075 5117//5075
f 4985//5076 5118//5076 5119//5077
f 4968//5077 5119//5077 5120//5078
f 4969//5078 5120//5078 5121//5079
f 4957//5079 5121//5079 5122//5080
f 4959//5080 5122//5080 5123//5081
f 4960//5081 5123//5081 5124//5082
f 4953//5082 5124//5082 5125//5083
f 4954//5083 5125//5083 5126//5084
f 4961//5084 5126//5084 5127//5085
f 4963//5085 5127//5085 5128//5086
f 4972//5086 5128//5086 5129//5087
f 4974//5087 5129//5087 5130//5088
f 4976//5088 5130//5088 5131//5089
f 4967//5089 5131//5089 5132//5090
f 4964//5090 5132//5090 5117//5091
f 5117//5091 4965//5091 4964//5090
f 5132//5090 4964//5090 4967//5089
f 5131//5089 4967//5089 4976//5088
f 5130//5088 4976//5088 4974//5087
f 5129//5087 4974//5087 4972//5086
f 5128//5086 4972//5086 4963//5085
f 5127//5085 4963//5085 4961//5084
f 5126//5084 4961//5084 4954//5083
f 5125//5083 4954//5083 4953//5082
f 5124//5082 4953//5082 4960//5081
f 5123//5081 4960//5081 4959//5080
f 5122//5080 4959//5080 4957//5079
f 5121//5079 4957//5079 4969//5078
f 5120//5078 4969//5078 4968//5077
f 5119//5077 4968//5077 4985//5076
f 5118//5092 4985//5092 4907//5092
f 4907//5092 5133//5092 5118//5092
f 4907//5092 4905//5092 5133//5092
f 4878//5093 5134//5093 5135//5094
f 4885//5094 5135//5094 5136//5095
f 4877//5095 5136//5095 5137//5096
f 4884//5096 5137//5096 5138//5097
f 4915//5097 5138//5097 5139//5098
f 4897//5098 5139//5098 5140//5099
f 4898//5099 5140//5099 5141//5100
f 4901//5100 5141//5100 5142//5101
f 4900//5101 5142//5101 5143//5102
f 4880//5102 5143//5102 5144//5103
f 4881//5103 5144//5103 5145//5104
f 4883//5104 5145//5104 5146//5105
f 4887//5105 5146//5105 5147//5106
f 4903//5106 5147//5106 5148//5107
f 4888//5107 5148//5107 5133//5108
f 5133//5108 4905//5108 4888//5107
f 5148//5107 4888//5107 4903//5106
f 5147//5106 4903//5106 4887//5105
f 5146//5105 4887//5105 4883//5104
f 5145//5104 4883//5104 4881//5103
f 5144//5103 4881//5103 4880//5102
f 5143//5102 4880//5102 4900//5101
f 5142//5101 4900//5101 4901//5100
f 5141//5100 4901//5100 4898//5099
f 5140//5099 4898//5099 4897//5098
f 5139//5098 4897//5098 4915//5097
f 5138//5097 4915//5097 4884//5096
f 5137//5096 4884//5096 4877//5095
f 5136//5095 4877//5095 4885//5094
f 5135//5094 4885//5094 4878//5093
f 5149//5109 5134//5109 4875//5109
f 5134//5109 4878//5109 4875//5109
f 4875//5109 4854//5109 5149//5109
f 4806//5110 5101//5110 5150//5111
f 4800//5111 5150//5111 5151//5112
f 4803//5112 5151//5112 5152//5113
f 4807//5113 5152//5113 5153//5114
f 4842//5114 5153//5114 5154//5115
f 4835//5115 5154//5115 5155//5116
f 4852//5116 5155//5116 5156//5117
f 4850//5117 5156//5117 5157//5118
f 4851//5118 5157//5118 5158//5119
f 4848//5119 5158//5119 5159//5120
f 4849//5120 5159//5120 5160//5121
f 4862//5121 5160//5121 5161//5122
f 4864//5122 5161//5122 5162//5123
f 4856//5123 5162//5123 5163//5124
f 4853//5124 5163//5124 5149//5125
f 5149//5125 4854//5125 4853//5124
f 5163//5124 4853//5124 4856//5123
f 5162//5123 4856//5123 4864//5122
f 5161//5122 4864//5122 4862//5121
f 5160//5121 4862//5121 4849//5120
f 5159//5120 4849//5120 4848//5119
f 5158//5119 4848//5119 4851//5118
f 5157//5118 4851//5118 4850//5117
f 5156//5117 4850//5117 4852//5116
f 5155//5116 4852//5116 4835//5115
f 5154//5115 4835//5115 4842//5114
f 5153//5114 4842//5114 4807//5113
f 5152//5113 4807//5113 4803//5112
f 5151//5112 4803//5112 4800//5111
f 5150//5111 4800//5111 4806//5110
f 5102//5126 5117//5126 5164//5127
f 5165//5127 5164//5127 5166//5128
f 5167//5128 5166//5128 5168//5129
f 5169//5129 5168//5129 5170//5130
f 5171//5130 5170//5130 5172//5131
f 5173//5131 5172//5131 5174//5132
f 5175//5132 5174//5132 5176//5133
f 5177//5133 5176//5133 5178//5134
f 5179//5134 5178//5134 5180//5135
f 5181//5135 5180//5135 5182//5136
f 5183//5136 5182//5136 5184//5137
f 5185//5137 5184//5137 5186//5138
f 5187//5138 5186//5138 5188//5139
f 5189//5139 5188//5139 5190//5140
f 5191//5140 5190//5140 5192//5141
f 5192//5141 5193//5141 5191//5140
f 5190//5140 5191//5140 5189//5139
f 5188//5139 5189//5139 5187//5138
f 5186//5138 5187//5138 5185//5137
f 5184//5137 5185//5137 5183//5136
f 5182//5136 5183//5136 5181//5135
f 5180//5135 5181//5135 5179//5134
f 5178//5134 5179//5134 5177//5133
f 5176//5133 5177//5133 5175//5132
f 5174//5132 5175//5132 5173//5131
f 5172//5131 5173//5131 5171//5130
f 5170//5130 5171//5130 5169//5129
f 5168//5129 5169//5129 5167//5128
f 5166//5128 5167//5128 5165//5127
f 5164//5127 5165//5127 5102//5126
f 5194//5141 5195//5141 5196//5141
f 5194//5141 5197//5141 5198//5141
f 5199//5141 5200//5141 5201//5141
f 5199//5141 5202//5141 5203//5141
f 5199//5141 5204//5141 5205//5141
f 5206//5141 5207//5141 5208//5141
f 5206//5141 5192//5141 5209//5141
f 5210//5141 5211//5141 5212//5141
f 5213//5141 5214//5141 5215//5141
f 5196//5141 5216//5141 5194//5141
f 5194//5141 5213//5141 5197//5141
f 5203//5141 5200//5141 5199//5141
f 5199//5141 5217//5141 5204//5141
f 5206//5141 5218//5141 5219//5141
f 5209//5141 5207//5141 5206//5141
f 5210//5141 5220//5141 5221//5141
f 5212//5141 5222//5141 5210//5141
f 5213//5141 5194//5141 5214//5141
f 5198//5141 5195//5141 5194//5141
f 5205//5141 5202//5141 5199//5141
f 5208//5141 5218//5141 5206//5141
f 5223//5141 5224//5141 5225//5141
f 5226//5141 5227//5141 5228//5141
f 5229//5141 5230//5141 5231//5141
f 5229//5141 5232//5141 5233//5141
f 5222//5141 5220//5141 5210//5141
f 5213//5141 5234//5141 5235//5141
f 5213//5141 5236//5141 5237//5141
f 5216//5141 5238//5141 5194//5141
f 5219//5141 5199//5141 5206//5141
f 5223//5141 5239//5141 5240//5141
f 5223//5141 5241//5141 5242//5141
f 5223//5141 5226//5141 5224//5141
f 5226//5141 5223//5141 5227//5141
f 5231//5141 5243//5141 5229//5141
f 5233//5141 5244//5141 5229//5141
f 5232//5141 5245//5141 5210//5141
f 5232//5141 5229//5141 5246//5141
f 5213//5141 5247//5141 5234//5141
f 5215//5141 5236//5141 5213//5141
f 5192//5141 5248//5141 5213//5141
f 5201//5141 5206//5141 5199//5141
f 5242//5141 5239//5141 5223//5141
f 5223//5141 5249//5141 5250//5141
f 5223//5141 5251//5141 5252//5141
f 5228//5141 5253//5141 5226//5141
f 5244//5141 5230//5141 5229//5141
f 5246//5141 5245//5141 5232//5141
f 5237//5141 5247//5141 5213//5141
f 5206//5141 5248//5141 5192//5141
f 5250//5141 5241//5141 5223//5141
f 5225//5141 5251//5141 5223//5141
f 5193//5141 5229//5141 5254//5141
f 5221//5141 5232//5141 5210//5141
f 5213//5141 5255//5141 5192//5141
f 5255//5141 5229//5141 5193//5141
f 5252//5141 5249//5141 5223//5141
f 5243//5141 5254//5141 5229//5141
f 5193//5141 5192//5141 5255//5141
f 5254//5141 5223//5141 5193//5141
f 5240//5141 5193//5141 5223//5141
f 5235//5141 5255//5141 5213//5141
f 5256//5142 5100//5143 5116//5144
f 5270//5145 5116//5144 5115//5146
f 5271//5147 5115//5146 5114//5148
f 5272//5149 5114//5148 5113//5150
f 5273//5151 5113//5150 5112//5152
f 5274//5153 5112//5152 5111//5154
f 5275//5155 5111//5154 5110//5156
f 5276//5157 5110//5156 5109//5158
f 5277//5159 5109//5158 5108//5160
f 5278//5161 5108//5160 5107//5162
f 5279//5163 5107//5162 5106//5164
f 5280//5165 5106//5164 5105//5166
f 5281//5167 5105//5166 5104//5168
f 5282//5169 5104//5168 5103//5170
f 5283//5171 5103//5170 5102//5172
f 5257//5173 5256//5142 5270//5145
f 5284//5174 5270//5145 5271//5147
f 5285//5175 5271//5147 5272//5149
f 5286//5176 5272//5149 5273//5151
f 5287//5177 5273//5151 5274//5153
f 5288//5178 5274//5153 5275//5155
f 5289//5179 5275//5155 5276//5157
f 5290//5180 5276//5157 5277//5159
f 5291//5181 5277//5159 5278//5161
f 5292//5182 5278//5161 5279//5163
f 5293//5183 5279//5163 5280//5165
f 5294//5184 5280//5165 5281//5167
f 5295//5185 5281//5167 5282//5169
f 5296//5186 5282//5169 5283//5171
f 5297//5187 5283//5171 5165//5188
f 5258//5189 5257//5173 5284//5174
f 5298//5190 5284//5174 5285//5175
f 5299//5191 5285//5175 5286//5176
f 5300//5192 5286//5176 5287//5177
f 5301//5193 5287//5177 5288//5178
f 5302//5194 5288//5178 5289//5179
f 5303//5195 5289//5179 5290//5180
f 5304//5196 5290//5180 5291//5181
f 5305//5197 5291//5181 5292//5182
f 5306//5198 5292//5182 5293//5183
f 5307//5199 5293//5183 5294//5184
f 5308//5200 5294//5184 5295//5185
f 5309//5201 5295//5185 5296//5186
f 5310//5202 5296//5186 5297//5187
f 5311//5203 5297//5187 5167//5204
f 5259//5205 5258//5189 5298//5190
f 5312//5206 5298//5190 5299//5191
f 5313//5207 5299//5191 5300//5192
f 5314//5208 5300//5192 5301//5193
f 5315//5209 5301//5193 5302//5194
f 5316//5210 5302//5194 5303//5195
f 5317//5211 5303//5195 5304//5196
f 5318//5212 5304//5196 5305//5197
f 5319//5213 5305//5197 5306//5198
f 5320//5214 5306//5198 5307//5199
f 5321//5215 5307//5199 5308//5200
f 5322//5216 5308//5200 5309//5201
f 5323//5217 5309//5201 5310//5202
f 5324//5218 5310//5202 5311//5203
f 5325//5219 5311//5203 5169//5220
f 5260//5221 5259//5205 5312//5206
f 5326//5222 5312//5206 5313//5207
f 5327//5223 5313//5207 5314//5208
f 5328//5224 5314//5208 5315//5209
f 5329//5225 5315//5209 5316//5210
f 5330//5226 5316//5210 5317//5211
f 5331//5227 5317//5211 5318//5212
f 5332//5228 5318//5212 5319//5213
f 5333//5229 5319//5213 5320//5214
f 5334//5230 5320//5214 5321//5215
f 5335//5231 5321//5215 5322//5216
f 5336//5232 5322//5216 5323//5217
f 5337//5233 5323//5217 5324//5218
f 5338//5234 5324//5218 5325//5219
f 5339//5235 5325//5219 5171//5236
f 5261//5237 5260//5221 5326//5222
f 5340//5238 5326//5222 5327//5223
f 5341//5239 5327//5223 5328//5224
f 5342//5240 5328//5224 5329//5225
f 5343//5241 5329//5225 5330//5226
f 5344//5242 5330//5226 5331//5227
f 5345//5243 5331//5227 5332//5228
f 5346//5244 5332//5228 5333//5229
f 5347//5245 5333//5229 5334//5230
f 5348//5246 5334//5230 5335//5231
f 5349//5247 5335//5231 5336//5232
f 5350//5248 5336//5232 5337//5233
f 5351//5249 5337//5233 5338//5234
f 5352//5250 5338//5234 5339//5235
f 5353//5251 5339//5235 5173//5252
f 5262//5253 5261//5237 5340//5238
f 5354//5254 5340//5238 5341//5239
f 5355//5255 5341//5239 5342//5240
f 5356//5256 5342//5240 5343//5241
f 5357//5257 5343//5241 5344//5242
f 5358//5258 5344//5242 5345//5243
f 5359//5259 5345//5243 5346//5244
f 5360//5260 5346//5244 5347//5245
f 5361//5261 5347//5245 5348//5246
f 5362//5262 5348//5246 5349//5247
f 5363//5263 5349//5247 5350//5248
f 5364//5264 5350//5248 5351//5249
f 5365//5265 5351//5249 5352//5250
f 5366//5266 5352//5250 5353//5251
f 5367//5267 5353//5251 5175//5268
f 5263//5269 5262//5253 5354//5254
f 5368//5270 5354//5254 5355//5255
f 5369//5271 5355//5255 5356//5256
f 5370//5272 5356//5256 5357//5257
f 5371//5273 5357//5257 5358//5258
f 5372//5274 5358//5258 5359//5259
f 5373//5275 5359//5259 5360//5260
f 5374//5276 5360//5260 5361//5261
f 5375//5277 5361//5261 5362//5262
f 5376//5278 5362//5262 5363//5263
f 5377//5279 5363//5263 5364//5264
f 5378//5280 5364//5264 5365//5265
f 5379//5281 5365//5265 5366//5266
f 5380//5282 5366//5266 5367//5267
f 5381//5283 5367//5267 5177//5284
f 5264//5285 5263//5269 5368//5270
f 5382//5286 5368//5270 5369//5271
f 5383//5287 5369//5271 5370//5272
f 5384//5288 5370//5272 5371//5273
f 5385//5289 5371//5273 5372//5274
f 5386//5290 5372//5274 5373//5275
f 5387//5291 5373//5275 5374//5276
f 5388//5292 5374//5276 5375//5277
f 5389//5293 5375//5277 5376//5278
f 5390//5294 5376//5278 5377//5279
f 5391//5295 5377//5279 5378//5280
f 5392//5296 5378//5280 5379//5281
f 5393//5297 5379//5281 5380//5282
f 5394//5298 5380//5282 5381//5283
f 5395//5299 5381//5283 5179//5300
f 5265//5301 5264//5285 5382//5286
f 5396//5302 5382//5286 5383//5287
f 5397//5303 5383//5287 5384//5288
f 5398//5304 5384//5288 5385//5289
f 5399//5305 5385//5289 5386//5290
f 5400//5306 5386//5290 5387//5291
f 5401//5307 5387//5291 5388//5292
f 5402//5308 5388//5292 5389//5293
f 5403//5309 5389//5293 5390//5294
f 5404//5310 5390//5294 5391//5295
f 5405//5311 5391//5295 5392//5296
f 5406//5312 5392//5296 5393//5297
f 5407//5313 5393//5297 5394//5298
f 5408//5314 5394//5298 5395//5299
f 5409//5315 5395//5299 5181//5316
f 5266//5317 5265//5301 5396//5302
f 5410//5318 5396//5302 5397//5303
f 5411//5319 5397//5303 5398//5304
f 5412//5320 5398//5304 5399//5305
f 5413//5321 5399//5305 5400//5306
f 5414//5322 5400//5306 5401//5307
f 5415//5323 5401//5307 5402//5308
f 5416//5324 5402//5308 5403//5309
f 5417//5325 5403//5309 5404//5310
f 5418//5326 5404//5310 5405//5311
f 5419//5327 5405//5311 5406//5312
f 5420//5328 5406//5312 5407//5313
f 5421//5329 5407//5313 5408//5314
f 5422//5330 5408//5314 5409//5315
f 5423//5331 5409//5315 5183//5332
f 5267//5333 5266//5317 5410//5318
f 5424//5334 5410//5318 5411//5319
f 5425//5335 5411//5319 5412//5320
f 5426//5336 5412//5320 5413//5321
f 5427//5337 5413//5321 5414//5322
f 5428//5338 5414//5322 5415//5323
f 5429//5339 5415//5323 5416//5324
f 5430//5340 5416//5324 5417//5325
f 5431//5341 5417//5325 5418//5326
f 5432//5342 5418//5326 5419//5327
f 5433//5343 5419//5327 5420//5328
f 5434//5344 5420//5328 5421//5329
f 5435//5345 5421//5329 5422//5330
f 5436//5346 5422//5330 5423//5331
f 5437//5347 5423//5331 5185//5348
f 5268//5349 5267//5333 5424//5334
f 5438//5350 5424//5334 5425//5335
f 5439//5351 5425//5335 5426//5336
f 5440//5352 5426//5336 5427//5337
f 5441//5353 5427//5337 5428//5338
f 5442//5354 5428//5338 5429//5339
f 5443//5355 5429//5339 5430//5340
f 5444//5356 5430//5340 5431//5341
f 5445//5357 5431//5341 5432//5342
f 5446//5358 5432//5342 5433//5343
f 5447//5359 5433//5343 5434//5344
f 5448//5360 5434//5344 5435//5345
f 5449//5361 5435//5345 5436//5346
f 5450//5362 5436//5346 5437//5347
f 5451//5363 5437//5347 5187//5364
f 5269//5365 5268//5349 5438//5350
f 5452//5366 5438//5350 5439//5351
f 5453//5367 5439//5351 5440//5352
f 5454//5368 5440//5352 5441//5353
f 5455//5369 5441//5353 5442//5354
f 5456//5370 5442//5354 5443//5355
f 5457//5371 5443//5355 5444//5356
f 5458//5372 5444//5356 5445//5357
f 5459//5373 5445//5357 5446//5358
f 5460//5374 5446//5358 5447//5359
f 5461//5375 5447//5359 5448//5360
f 5462//5376 5448//5360 5449//5361
f 5463//5377 5449//5361 5450//5362
f 5464//5378 5450//5362 5451//5363
f 5465//5379 5451//5363 5189//5380
f 5223//5381 5269//5365 5452//5366
f 5227//5381 5452//5366 5453//5367
f 5228//5381 5453//5367 5454//5368
f 5253//5381 5454//5368 5455//5369
f 5226//5381 5455//5369 5456//5370
f 5224//5381 5456//5370 5457//5371
f 5225//5381 5457//5371 5458//5372
f 5251//5381 5458//5372 5459//5373
f 5252//5381 5459//5373 5460//5374
f 5249//5381 5460//5374 5461//5375
f 5250//5381 5461//5375 5462//5376
f 5241//5381 5462//5376 5463//5377
f 5242//5381 5463//5377 5464//5378
f 5239//5381 5464//5378 5465//5379
f 5240//5381 5465//5379 5191//5382
f 5191//5382 5193//5381 5240//5381
f 5465//5379 5240//5381 5239//5381
f 5464//5378 5239//5381 5242//5381
f 5463//5377 5242//5381 5241//5381
f 5462//5376 5241//5381 5250//5381
f 5461//5375 5250//5381 5249//5381
f 5460//5374 5249//5381 5252//5381
f 5459//5373 5252//5381 5251//5381
f 5458//5372 5251//5381 5225//5381
f 5457//5371 5225//5381 5224//5381
f 5456//5370 5224//5381 5226//5381
f 5455//5369 5226//5381 5253//5381
f 5454//5368 5253//5381 5228//5381
f 5453//5367 5228//5381 5227//5381
f 5452//5366 5227//5381 5223//5381
f 5189//5380 5191//5382 5465//5379
f 5451//5363 5465//5379 5464//5378
f 5450//5362 5464//5378 5463//5377
f 5449//5361 5463//5377 5462//5376
f 5448//5360 5462//5376 5461//5375
f 5447//5359 5461//5375 5460//5374
f 5446//5358 5460//5374 5459//5373
f 5445//5357 5459//5373 5458//5372
f 5444//5356 5458//5372 5457//5371
f 5443//5355 5457//5371 5456//5370
f 5442//5354 5456//5370 5455//5369
f 5441//5353 5455//5369 5454//5368
f 5440//5352 5454//5368 5453//5367
f 5439//5351 5453//5367 5452//5366
f 5438//5350 5452//5366 5269//5365
f 5187//5364 5189//5380 5451//5363
f 5437//5347 5451//5363 5450//5362
f 5436//5346 5450//5362 5449//5361
f 5435//5345 5449//5361 5448//5360
f 5434//5344 5448//5360 5447//5359
f 5433//5343 5447//5359 5446//5358
f 5432//5342 5446//5358 5445//5357
f 5431//5341 5445//5357 5444//5356
f 5430//5340 5444//5356 5443//5355
f 5429//5339 5443//5355 5442//5354
f 5428//5338 5442//5354 5441//5353
f 5427//5337 5441//5353 5440//5352
f 5426//5336 5440//5352 5439//5351
f 5425//5335 5439//5351 5438//5350
f 5424//5334 5438//5350 5268//5349
f 5185//5348 5187//5364 5437//5347
f 5423//5331 5437//5347 5436//5346
f 5422//5330 5436//5346 5435//5345
f 5421//5329 5435//5345 5434//5344
f 5420//5328 5434//5344 5433//5343
f 5419//5327 5433//5343 5432//5342
f 5418//5326 5432//5342 5431//5341
f 5417//5325 5431//5341 5430//5340
f 5416//5324 5430//5340 5429//5339
f 5415//5323 5429//5339 5428//5338
f 5414//5322 5428//5338 5427//5337
f 5413//5321 5427//5337 5426//5336
f 5412//5320 5426//5336 5425//5335
f 5411//5319 5425//5335 5424//5334
f 5410//5318 5424//5334 5267//5333
f 5183//5332 5185//5348 5423//5331
f 5409//5315 5423//5331 5422//5330
f 5408//5314 5422//5330 5421//5329
f 5407//5313 5421//5329 5420//5328
f 5406//5312 5420//5328 5419//5327
f 5405//5311 5419//5327 5418//5326
f 5404//5310 5418//5326 5417//5325
f 5403//5309 5417//5325 5416//5324
f 5402//5308 5416//5324 5415//5323
f 5401//5307 5415//5323 5414//5322
f 5400//5306 5414//5322 5413//5321
f 5399//5305 5413//5321 5412//5320
f 5398//5304 5412//5320 5411//5319
f 5397//5303 5411//5319 5410//5318
f 5396//5302 5410//5318 5266//5317
f 5181//5316 5183//5332 5409//5315
f 5395//5299 5409//5315 5408//5314
f 5394//5298 5408//5314 5407//5313
f 5393//5297 5407//5313 5406//5312
f 5392//5296 5406//5312 5405//5311
f 5391//5295 5405//5311 5404//5310
f 5390//5294 5404//5310 5403//5309
f 5389//5293 5403//5309 5402//5308
f 5388//5292 5402//5308 5401//5307
f 5387//5291 5401//5307 5400//5306
f 5386//5290 5400//5306 5399//5305
f 5385//5289 5399//5305 5398//5304
f 5384//5288 5398//5304 5397//5303
f 5383//5287 5397//5303 5396//5302
f 5382//5286 5396//5302 5265//5301
f 5179//5300 5181//5316 5395//5299
f 5381//5283 5395//5299 5394//5298
f 5380//5282 5394//5298 5393//5297
f 5379//5281 5393//5297 5392//5296
f 5378//5280 5392//5296 5391//5295
f 5377//5279 5391//5295 5390//5294
f 5376//5278 5390//5294 5389//5293
f 5375//5277 5389//5293 5388//5292
f 5374//5276 5388//5292 5387//5291
f 5373//5275 5387//5291 5386//5290
f 5372//5274 5386//5290 5385//5289
f 5371//5273 5385//5289 5384//5288
f 5370//5272 5384//5288 5383//5287
f 5369//5271 5383//5287 5382//5286
f 5368//5270 5382//5286 5264//5285
f 5177//5284 5179//5300 5381//5283
f 5367//5267 5381//5283 5380//5282
f 5366//5266 5380//5282 5379//5281
f 5365//5265 5379//5281 5378//5280
f 5364//5264 5378//5280 5377//5279
f 5363//5263 5377//5279 5376//5278
f 5362//5262 5376//5278 5375//5277
f 5361//5261 5375//5277 5374//5276
f 5360//5260 5374//5276 5373//5275
f 5359//5259 5373//5275 5372//5274
f 5358//5258 5372//5274 5371//5273
f 5357//5257 5371//5273 5370//5272
f 5356//5256 5370//5272 5369//5271
f 5355//5255 5369//5271 5368//5270
f 5354//5254 5368//5270 5263//5269
f 5175//5268 5177//5284 5367//5267
f 5353//5251 5367//5267 5366//5266
f 5352//5250 5366//5266 5365//5265
f 5351//5249 5365//5265 5364//5264
f 5350//5248 5364//5264 5363//5263
f 5349//5247 5363//5263 5362//5262
f 5348//5246 5362//5262 5361//5261
f 5347//5245 5361//5261 5360//5260
f 5346//5244 5360//5260 5359//5259
f 5345//5243 5359//5259 5358//5258
f 5344//5242 5358//5258 5357//5257
f 5343//5241 5357//5257 5356//5256
f 5342//5240 5356//5256 5355//5255
f 5341//5239 5355//5255 5354//5254
f 5340//5238 5354//5254 5262//5253
f 5173//5252 5175//5268 5353//5251
f 5339//5235 5353//5251 5352//5250
f 5338//5234 5352//5250 5351//5249
f 5337//5233 5351//5249 5350//5248
f 5336//5232 5350//5248 5349//5247
f 5335//5231 5349//5247 5348//5246
f 5334//5230 5348//5246 5347//5245
f 5333//5229 5347//5245 5346//5244
f 5332//5228 5346//5244 5345//5243
f 5331//5227 5345//5243 5344//5242
f 5330//5226 5344//5242 5343//5241
f 5329//5225 5343//5241 5342//5240
f 5328//5224 5342//5240 5341//5239
f 5327//5223 5341//5239 5340//5238
f 5326//5222 5340//5238 5261//5237
f 5171//5236 5173//5252 5339//5235
f 5325//5219 5339//5235 5338//5234
f 5324//5218 5338//5234 5337//5233
f 5323//5217 5337//5233 5336//5232
f 5322//5216 5336//5232 5335//5231
f 5321//5215 5335//5231 5334//5230
f 5320//5214 5334//5230 5333//5229
f 5319//5213 5333//5229 5332//5228
f 5318//5212 5332//5228 5331//5227
f 5317//5211 5331//5227 5330//5226
f 5316//5210 5330//5226 5329//5225
f 5315//5209 5329//5225 5328//5224
f 5314//5208 5328//5224 5327//5223
f 5313//5207 5327//5223 5326//5222
f 5312//5206 5326//5222 5260//5221
f 5169//5220 5171//5236 5325//5219
f 5311//5203 5325//5219 5324//5218
f 5310//5202 5324//5218 5323//5217
f 5309//5201 5323//5217 5322//5216
f 5308//5200 5322//5216 5321//5215
f 5307//5199 5321//5215 5320//5214
f 5306//5198 5320//5214 5319//5213
f 5305//5197 5319//5213 5318//5212
f 5304//5196 5318//5212 5317//5211
f 5303//5195 5317//5211 5316//5210
f 5302//5194 5316//5210 5315//5209
f 5301//5193 5315//5209 5314//5208
f 5300//5192 5314//5208 5313//5207
f 5299//5191 5313//5207 5312//5206
f 5298//5190 5312//5206 5259//5205
f 5167//5204 5169//5220 5311//5203
f 5297//5187 5311//5203 5310//5202
f 5296//5186 5310//5202 5309//5201
f 5295//5185 5309//5201 5308//5200
f 5294//5184 5308//5200 5307//5199
f 5293//5183 5307//5199 5306//5198
f 5292//5182 5306//5198 5305//5197
f 5291//5181 5305//5197 5304//5196
f 5290//5180 5304//5196 5303//5195
f 5289//5179 5303//5195 5302//5194
f 5288//5178 5302//5194 5301//5193
f 5287//5177 5301//5193 5300//5192
f 5286//5176 5300//5192 5299//5191
f 5285//5175 5299//5191 5298//5190
f 5284//5174 5298//5190 5258//5189
f 5165//5188 5167//5204 5297//5187
f 5283//5171 5297//5187 5296//5186
f 5282//5169 5296//5186 5295//5185
f 5281//5167 5295//5185 5294//5184
f 5280//5165 5294//5184 5293//5183
f 5279//5163 5293//5183 5292//5182
f 5278//5161 5292//5182 5291//5181
f 5277//5159 5291//5181 5290//5180
f 5276//5157 5290//5180 5289//5179
f 5275//5155 5289//5179 5288//5178
f 5274//5153 5288//5178 5287//5177
f 5273//5151 5287//5177 5286//5176
f 5272//5149 5286//5176 5285//5175
f 5271//5147 5285//5175 5284//5174
f 5270//5145 5284//5174 5257//5173
f 5102//5172 5165//5188 5283//5171
f 5103//5170 5283//5171 5282//5169
f 5104//5168 5282//5169 5281//5167
f 5105//5166 5281//5167 5280//5165
f 5106//5164 5280//5165 5279//5163
f 5107//5162 5279//5163 5278//5161
f 5108//5160 5278//5161 5277//5159
f 5109//5158 5277//5159 5276//5157
f 5110//5156 5276//5157 5275//5155
f 5111//5154 5275//5155 5274//5153
f 5112//5152 5274//5153 5273//5151
f 5113//5150 5273//5151 5272//5149
f 5114//5148 5272//5149 5271//5147
f 5115//5146 5271//5147 5270//5145
f 5116//5144 5270//5145 5256//5142
f 5164//5383 5117//5384 5132//5385
f 5480//5386 5132//5385 5131//5387
f 5481//5388 5131//5387 5130//5389
f 5482//5390 5130//5389 5129//5391
f 5483//5392 5129//5391 5128//5393
f 5484//5394 5128//5393 5127//5395
f 5485//5396 5127//5395 5126//5397
f 5486//5398 5126//5397 5125//5399
f 5487//5400 5125//5399 5124//5401
f 5488//5402 5124//5401 5123//5403
f 5489//5404 5123//5403 5122//5405
f 5490//5406 5122//5405 5121//5407
f 5491//5408 5121//5407 5120//5409
f 5492//5410 5120//5409 5119//5411
f 5493//5412 5119//5411 5118//5413
f 5166//5414 5164//5383 5480//5386
f 5494//5415 5480//5386 5481//5388
f 5495//5416 5481//5388 5482//5390
f 5496//5417 5482//5390 5483//5392
f 5497//5418 5483//5392 5484//5394
f 5498//5419 5484//5394 5485//5396
f 5499//5420 5485//5396 5486//5398
f 5500//5421 5486//5398 5487//5400
f 5501//5422 5487//5400 5488//5402
f 5502//5423 5488//5402 5489//5404
f 5503//5424 5489//5404 5490//5406
f 5504//5425 5490//5406 5491//5408
f 5505//5426 5491//5408 5492//5410
f 5506//5427 5492//5410 5493//5412
f 5507//5428 5493//5412 5466//5429
f 5168//5430 5166//5414 5494//5415
f 5508//5431 5494//5415 5495//5416
f 5509//5432 5495//5416 5496//5417
f 5510//5433 5496//5417 5497//5418
f 5511//5434 5497//5418 5498//5419
f 5512//5435 5498//5419 5499//5420
f 5513//5436 5499//5420 5500//5421
f 5514//5437 5500//5421 5501//5422
f 5515//5438 5501//5422 5502//5423
f 5516//5439 5502//5423 5503//5424
f 5517//5440 5503//5424 5504//5425
f 5518//5441 5504//5425 5505//5426
f 5519//5442 5505//5426 5506//5427
f 5520//5443 5506//5427 5507//5428
f 5521//5444 5507//5428 5467//5445
f 5170//5446 5168//5430 5508//5431
f 5522//5447 5508//5431 5509//5432
f 5523//5448 5509//5432 5510//5433
f 5524//5449 5510//5433 5511//5434
f 5525//5450 5511//5434 5512//5435
f 5526//5451 5512//5435 5513//5436
f 5527//5452 5513//5436 5514//5437
f 5528//5453 5514//5437 5515//5438
f 5529//5454 5515//5438 5516//5439
f 5530//5455 5516//5439 5517//5440
f 5531//5456 5517//5440 5518//5441
f 5532//5457 5518//5441 5519//5442
f 5533//5458 5519//5442 5520//5443
f 5534//5459 5520//5443 5521//5444
f 5535//5460 5521//5444 5468//5461
f 5172//5462 5170//5446 5522//5447
f 5536//5463 5522//5447 5523//5448
f 5537//5464 5523//5448 5524//5449
f 5538//5465 5524//5449 5525//5450
f 5539//5466 5525//5450 5526//5451
f 5540//5467 5526//5451 5527//5452
f 5541//5468 5527//5452 5528//5453
f 5542//5469 5528//5453 5529//5454
f 5543//5470 5529//5454 5530//5455
f 5544//5471 5530//5455 5531//5456
f 5545//5472 5531//5456 5532//5457
f 5546//5473 5532//5457 5533//5458
f 5547//5474 5533//5458 5534//5459
f 5548//5475 5534//5459 5535//5460
f 5549//5476 5535//5460 5469//5477
f 5174//5478 5172//5462 5536//5463
f 5550//5479 5536//5463 5537//5464
f 5551//5480 5537//5464 5538//5465
f 5552//5481 5538//5465 5539//5466
f 5553//5482 5539//5466 5540//5467
f 5554//5483 5540//5467 5541//5468
f 5555//5484 5541//5468 5542//5469
f 5556//5485 5542//5469 5543//5470
f 5557//5486 5543//5470 5544//5471
f 5558//5487 5544//5471 5545//5472
f 5559//5488 5545//5472 5546//5473
f 5560//5489 5546//5473 5547//5474
f 5561//5490 5547//5474 5548//5475
f 5562//5491 5548//5475 5549//5476
f 5563//5492 5549//5476 5470//5493
f 5176//5494 5174//5478 5550//5479
f 5564//5495 5550//5479 5551//5480
f 5565//5496 5551//5480 5552//5481
f 5566//5497 5552//5481 5553//5482
f 5567//5498 5553//5482 5554//5483
f 5568//5499 5554//5483 5555//5484
f 5569//5500 5555//5484 5556//5485
f 5570//5501 5556//5485 5557//5486
f 5571//5502 5557//5486 5558//5487
f 5572//5503 5558//5487 5559//5488
f 5573//5504 5559//5488 5560//5489
f 5574//5505 5560//5489 5561//5490
f 5575//5506 5561//5490 5562//5491
f 5576//5507 5562//5491 5563//5492
f 5577//5508 5563//5492 5471//5509
f 5178//5510 5176//5494 5564//5495
f 5578//5511 5564//5495 5565//5496
f 5579//5512 5565//5496 5566//5497
f 5580//5513 5566//5497 5567//5498
f 5581//5514 5567//5498 5568//5499
f 5582//5515 5568//5499 5569//5500
f 5583//5516 5569//5500 5570//5501
f 5584//5517 5570//5501 5571//5502
f 5585//5518 5571//5502 5572//5503
f 5586//5519 5572//5503 5573//5504
f 5587//5520 5573//5504 5574//5505
f 5588//5521 5574//5505 5575//5506
f 5589//5522 5575//5506 5576//5507
f 5590//5523 5576//5507 5577//5508
f 5591//5524 5577//5508 5472//5525
f 5180//5526 5178//5510 5578//5511
f 5592//5527 5578//5511 5579//5512
f 5593//5528 5579//5512 5580//5513
f 5594//5529 5580//5513 5581//5514
f 5595//5530 5581//5514 5582//5515
f 5596//5531 5582//5515 5583//5516
f 5597//5532 5583//5516 5584//5517
f 5598//5533 5584//5517 5585//5518
f 5599//5534 5585//5518 5586//5519
f 5600//5535 5586//5519 5587//5520
f 5601//5536 5587//5520 5588//5521
f 5602//5537 5588//5521 5589//5522
f 5603//5538 5589//5522 5590//5523
f 5604//5539 5590//5523 5591//5524
f 5605//5540 5591//5524 5473//5541
f 5182//5542 5180//5526 5592//5527
f 5606//5543 5592//5527 5593//5528
f 5607//5544 5593//5528 5594//5529
f 5608//5545 5594//5529 5595//5530
f 5609//5546 5595//5530 5596//5531
f 5610//5547 5596//5531 5597//5532
f 5611//5548 5597//5532 5598//5533
f 5612//5549 5598//5533 5599//5534
f 5613//5550 5599//5534 5600//5535
f 5614//5551 5600//5535 5601//5536
f 5615//5552 5601//5536 5602//5537
f 5616//5553 5602//5537 5603//5538
f 5617//5554 5603//5538 5604//5539
f 5618//5555 5604//5539 5605//5540
f 5619//5556 5605//5540 5474//5557
f 5184//5558 5182//5542 5606//5543
f 5620//5559 5606//5543 5607//5544
f 5621//5560 5607//5544 5608//5545
f 5622//5561 5608//5545 5609//5546
f 5623//5562 5609//5546 5610//5547
f 5624//5563 5610//5547 5611//5548
f 5625//5564 5611//5548 5612//5549
f 5626//5565 5612//5549 5613//5550
f 5627//5566 5613//5550 5614//5551
f 5628//5567 5614//5551 5615//5552
f 5629//5568 5615//5552 5616//5553
f 5630//5569 5616//5553 5617//5554
f 5631//5570 5617//5554 5618//5555
f 5632//5571 5618//5555 5619//5556
f 5633//5572 5619//5556 5475//5573
f 5186//5574 5184//5558 5620//5559
f 5634//5575 5620//5559 5621//5560
f 5635//5576 5621//5560 5622//5561
f 5636//5577 5622//5561 5623//5562
f 5637//5578 5623//5562 5624//5563
f 5638//5579 5624//5563 5625//5564
f 5639//5580 5625//5564 5626//5565
f 5640//5581 5626//5565 5627//5566
f 5641//5582 5627//5566 5628//5567
f 5642//5583 5628//5567 5629//5568
f 5643//5584 5629//5568 5630//5569
f 5644//5585 5630//5569 5631//5570
f 5645//5586 5631//5570 5632//5571
f 5646//5587 5632//5571 5633//5572
f 5647//5588 5633//5572 5476//5589
f 5188//5590 5186//5574 5634//5575
f 5648//5591 5634//5575 5635//5576
f 5649//5592 5635//5576 5636//5577
f 5650//5593 5636//5577 5637//5578
f 5651//5594 5637//5578 5638//5579
f 5652//5595 5638//5579 5639//5580
f 5653//5596 5639//5580 5640//5581
f 5654//5597 5640//5581 5641//5582
f 5655//5598 5641//5582 5642//5583
f 5656//5599 5642//5583 5643//5584
f 5657//5600 5643//5584 5644//5585
f 5658//5601 5644//5585 5645//5586
f 5659//5602 5645//5586 5646//5587
f 5660//5603 5646//5587 5647//5588
f 5661//5604 5647//5588 5477//5605
f 5190//5606 5188//5590 5648//5591
f 5662//5607 5648//5591 5649//5592
f 5663//5608 5649//5592 5650//5593
f 5664//5609 5650//5593 5651//5594
f 5665//5610 5651//5594 5652//5595
f 5666//5611 5652//5595 5653//5596
f 5667//5612 5653//5596 5654//5597
f 5668//5613 5654//5597 5655//5598
f 5669//5614 5655//5598 5656//5599
f 5670//5615 5656//5599 5657//5600
f 5671//5616 5657//5600 5658//5601
f 5672//5617 5658//5601 5659//5602
f 5673//5618 5659//5602 5660//5603
f 5674//5619 5660//5603 5661//5604
f 5675//5620 5661//5604 5478//5621
f 5192//5622 5190//5606 5662//5607
f 5209//5622 5662//5607 5663//5608
f 5207//5622 5663//5608 5664//5609
f 5208//5622 5664//5609 5665//5610
f 5218//5622 5665//5610 5666//5611
f 5219//5622 5666//5611 5667//5612
f 5199//5622 5667//5612 5668//5613
f 5217//5622 5668//5613 5669//5614
f 5204//5622 5669//5614 5670//5615
f 5205//5622 5670//5615 5671//5616
f 5202//5622 5671//5616 5672//5617
f 5203//5622 5672//5617 5673//5618
f 5200//5622 5673//5618 5674//5619
f 5201//5622 5674//5619 5675//5620
f 5206//5622 5675//5620 5479//5623
f 5479//5623 5248//5622 5206//5622
f 5675//5620 5206//5622 5201//5622
f 5674//5619 5201//5622 5200//5622
f 5673//5618 5200//5622 5203//5622
f 5672//5617 5203//5622 5202//5622
f 5671//5616 5202//5622 5205//5622
f 5670//5615 5205//5622 5204//5622
f 5669//5614 5204//5622 5217//5622
f 5668//5613 5217//5622 5199//5622
f 5667//5612 5199//5622 5219//5622
f 5666//5611 5219//5622 5218//5622
f 5665//5610 5218//5622 5208//5622
f 5664//5609 5208//5622 5207//5622
f 5663//5608 5207//5622 5209//5622
f 5662//5607 5209//5622 5192//5622
f 5478//5621 5479//5623 5675//5620
f 5661//5604 5675//5620 5674//5619
f 5660//5603 5674//5619 5673//5618
f 5659//5602 5673//5618 5672//5617
f 5658//5601 5672//5617 5671//5616
f 5657//5600 5671//5616 5670//5615
f 5656//5599 5670//5615 5669//5614
f 5655//5598 5669//5614 5668//5613
f 5654//5597 5668//5613 5667//5612
f 5653//5596 5667//5612 5666//5611
f 5652//5595 5666//5611 5665//5610
f 5651//5594 5665//5610 5664//5609
f 5650//5593 5664//5609 5663//5608
f 5649//5592 5663//5608 5662//5607
f 5648//5591 5662//5607 5190//5606
f 5477//5605 5478//5621 5661//5604
f 5647//5588 5661//5604 5660//5603
f 5646//5587 5660//5603 5659//5602
f 5645//5586 5659//5602 5658//5601
f 5644//5585 5658//5601 5657//5600
f 5643//5584 5657//5600 5656//5599
f 5642//5583 5656//5599 5655//5598
f 5641//5582 5655//5598 5654//5597
f 5640//5581 5654//5597 5653//5596
f 5639//5580 5653//5596 5652//5595
f 5638//5579 5652//5595 5651//5594
f 5637//5578 5651//5594 5650//5593
f 5636//5577 5650//5593 5649//5592
f 5635//5576 5649//5592 5648//5591
f 5634//5575 5648//5591 5188//5590
f 5476//5589 5477//5605 5647//5588
f 5633//5572 5647//5588 5646//5587
f 5632//5571 5646//5587 5645//5586
f 5631//5570 5645//5586 5644//5585
f 5630//5569 5644//5585 5643//5584
f 5629//5568 5643//5584 5642//5583
f 5628//5567 5642//5583 5641//5582
f 5627//5566 5641//5582 5640//5581
f 5626//5565 5640//5581 5639//5580
f 5625//5564 5639//5580 5638//5579
f 5624//5563 5638//5579 5637//5578
f 5623//5562 5637//5578 5636//5577
f 5622//5561 5636//5577 5635//5576
f 5621//5560 5635//5576 5634//5575
f 5620//5559 5634//5575 5186//5574
f 5475//5573 5476//5589 5633//5572
f 5619//5556 5633//5572 5632//5571
f 5618//5555 5632//5571 5631//5570
f 5617//5554 5631//5570 5630//5569
f 5616//5553 5630//5569 5629//5568
f 5615//5552 5629//5568 5628//5567
f 5614//5551 5628//5567 5627//5566
f 5613//5550 5627//5566 5626//5565
f 5612//5549 5626//5565 5625//5564
f 5611//5548 5625//5564 5624//5563
f 5610//5547 5624//5563 5623//5562
f 5609//5546 5623//5562 5622//5561
f 5608//5545 5622//5561 5621//5560
f 5607//5544 5621//5560 5620//5559
f 5606//5543 5620//5559 5184//5558
f 5474//5557 5475//5573 5619//5556
f 5605//5540 5619//5556 5618//5555
f 5604//5539 5618//5555 5617//5554
f 5603//5538 5617//5554 5616//5553
f 5602//5537 5616//5553 5615//5552
f 5601//5536 5615//5552 5614//5551
f 5600//5535 5614//5551 5613//5550
f 5599//5534 5613//5550 5612//5549
f 5598//5533 5612//5549 5611//5548
f 5597//5532 5611//5548 5610//5547
f 5596//5531 5610//5547 5609//5546
f 5595//5530 5609//5546 5608//5545
f 5594//5529 5608//5545 5607//5544
f 5593//5528 5607//5544 5606//5543
f 5592//5527 5606//5543 5182//5542
f 5473//5541 5474//5557 5605//5540
f 5591//5524 5605//5540 5604//5539
f 5590//5523 5604//5539 5603//5538
f 5589//5522 5603//5538 5602//5537
f 5588//5521 5602//5537 5601//5536
f 5587//5520 5601//5536 5600//5535
f 5586//5519 5600//5535 5599//5534
f 5585//5518 5599//5534 5598//5533
f 5584//5517 5598//5533 5597//5532
f 5583//5516 5597//5532 5596//5531
f 5582//5515 5596//5531 5595//5530
f 5581//5514 5595//5530 5594//5529
f 5580//5513 5594//5529 5593//5528
f 5579//5512 5593//5528 5592//5527
f 5578//5511 5592//5527 5180//5526
f 5472//5525 5473//5541 5591//5524
f 5577//5508 5591//5524 5590//5523
f 5576//5507 5590//5523 5589//5522
f 5575//5506 5589//5522 5588//5521
f 5574//5505 5588//5521 5587//5520
f 5573//5504 5587//5520 5586//5519
f 5572//5503 5586//5519 5585//5518
f 5571//5502 5585//5518 5584//5517
f 5570//5501 5584//5517 5583//5516
f 5569//5500 5583//5516 5582//5515
f 5568//5499 5582//5515 5581//5514
f 5567//5498 5581//5514 5580//5513
f 5566//5497 5580//5513 5579//5512
f 5565//5496 5579//5512 5578//5511
f 5564//5495 5578//5511 5178//5510
f 5471//5509 5472//5525 5577//5508
f 5563//5492 5577//5508 5576//5507
f 5562//5491 5576//5507 5575//5506
f 5561//5490 5575//5506 5574//5505
f 5560//5489 5574//5505 5573//5504
f 5559//5488 5573//5504 5572//5503
f 5558//5487 5572//5503 5571//5502
f 5557//5486 5571//5502 5570//5501
f 5556//5485 5570//5501 5569//5500
f 5555//5484 5569//5500 5568//5499
f 5554//5483 5568//5499 5567//5498
f 5553//5482 5567//5498 5566//5497
f 5552//5481 5566//5497 5565//5496
f 5551//5480 5565//5496 5564//5495
f 5550//5479 5564//5495 5176//5494
f 5470//5493 5471//5509 5563//5492
f 5549//5476 5563//5492 5562//5491
f 5548//5475 5562//5491 5561//5490
f 5547//5474 5561//5490 5560//5489
f 5546//5473 5560//5489 5559//5488
f 5545//5472 5559//5488 5558//5487
f 5544//5471 5558//5487 5557//5486
f 5543//5470 5557//5486 5556//5485
f 5542//5469 5556//5485 5555//5484
f 5541//5468 5555//5484 5554//5483
f 5540//5467 5554//5483 5553//5482
f 5539//5466 5553//5482 5552//5481
f 5538//5465 5552//5481 5551//5480
f 5537//5464 5551//5480 5550//5479
f 5536//5463 5550//5479 5174//5478
f 5469//5477 5470//5493 5549//5476
f 5535//5460 5549//5476 5548//5475
f 5534//5459 5548//5475 5547//5474
f 5533//5458 5547//5474 5546//5473
f 5532//5457 5546//5473 5545//5472
f 5531//5456 5545//5472 5544//5471
f 5530//5455 5544//5471 5543//5470
f 5529//5454 5543//5470 5542//5469
f 5528//5453 5542//5469 5541//5468
f 5527//5452 5541//5468 5540//5467
f 5526//5451 5540//5467 5539//5466
f 5525//5450 5539//5466 5538//5465
f 5524//5449 5538//5465 5537//5464
f 5523//5448 5537//5464 5536//5463
f 5522//5447 5536//5463 5172//5462
f 5468//5461 5469//5477 5535//5460
f 5521//5444 5535//5460 5534//5459
f 5520//5443 5534//5459 5533//5458
f 5519//5442 5533//5458 5532//5457
f 5518//5441 5532//5457 5531//5456
f 5517//5440 5531//5456 5530//5455
f 5516//5439 5530//5455 5529//5454
f 5515//5438 5529//5454 5528//5453
f 5514//5437 5528//5453 5527//5452
f 5513//5436 5527//5452 5526//5451
f 5512//5435 5526//5451 5525//5450
f 5511//5434 5525//5450 5524//5449
f 5510//5433 5524//5449 5523//5448
f 5509//5432 5523//5448 5522//5447
f 5508//5431 5522//5447 5170//5446
f 5467//5445 5468//5461 5521//5444
f 5507//5428 5521//5444 5520//5443
f 5506//5427 5520//5443 5519//5442
f 5505//5426 5519//5442 5518//5441
f 5504//5425 5518//5441 5517//5440
f 5503//5424 5517//5440 5516//5439
f 5502//5423 5516//5439 5515//5438
f 5501//5422 5515//5438 5514//5437
f 5500//5421 5514//5437 5513//5436
f 5499//5420 5513//5436 5512//5435
f 5498//5419 5512//5435 5511//5434
f 5497//5418 5511//5434 5510//5433
f 5496//5417 5510//5433 5509//5432
f 5495//5416 5509//5432 5508//5431
f 5494//5415 5508//5431 5168//5430
f 5466//5429 5467//5445 5507//5428
f 5493//5412 5507//5428 5506//5427
f 5492//5410 5506//5427 5505//5426
f 5491//5408 5505//5426 5504//5425
f 5490//5406 5504//5425 5503//5424
f 5489//5404 5503//5424 5502//5423
f 5488//5402 5502//5423 5501//5422
f 5487//5400 5501//5422 5500//5421
f 5486//5398 5500//5421 5499//5420
f 5485//5396 5499//5420 5498//5419
f 5484//5394 5498//5419 5497//5418
f 5483//5392 5497//5418 5496//5417
f 5482//5390 5496//5417 5495//5416
f 5481//5388 5495//5416 5494//5415
f 5480//5386 5494//5415 5166//5414
f 5118//5413 5466//5429 5493//5412
f 5119//5411 5493//5412 5492//5410
f 5120//5409 5492//5410 5491//5408
f 5121//5407 5491//5408 5490//5406
f 5122//5405 5490//5406 5489//5404
f 5123//5403 5489//5404 5488//5402
f 5124//5401 5488//5402 5487//5400
f 5125//5399 5487//5400 5486//5398
f 5126//5397 5486//5398 5485//5396
f 5127//5395 5485//5396 5484//5394
f 5128//5393 5484//5394 5483//5392
f 5129//5391 5483//5392 5482//5390
f 5130//5389 5482//5390 5481//5388
f 5131//5387 5481//5388 5480//5386
f 5132//5385 5480//5386 5164//5383
f 5101//5624 5100//5624 5256//5625
f 5676//5625 5256//5625 5257//5626
f 5677//5626 5257//5626 5258//5627
f 5678//5627 5258//5627 5259//5628
f 5679//5628 5259//5628 5260//5629
f 5680//5629 5260//5629 5261//5630
f 5681//5630 5261//5630 5262//5631
f 5682//5631 5262//5631 5263//5632
f 5683//5632 5263//5632 5264//5633
f 5684//5633 5264//5633 5265//5634
f 5685//5634 5265//5634 5266//5635
f 5686//5635 5266//5635 5267//5636
f 5687//5636 5267//5636 5268//5637
f 5688//5637 5268//5637 5269//5638
f 5689//5638 5269//5638 5223//5639
f 5223//5639 5254//5639 5689//5638
f 5269//5638 5689//5638 5688//5637
f 5268//5637 5688//5637 5687//5636
f 5267//5636 5687//5636 5686//5635
f 5266//5635 5686//5635 5685//5634
f 5265//5634 5685//5634 5684//5633
f 5264//5633 5684//5633 5683//5632
f 5263//5632 5683//5632 5682//5631
f 5262//5631 5682//5631 5681//5630
f 5261//5630 5681//5630 5680//5629
f 5260//5629 5680//5629 5679//5628
f 5259//5628 5679//5628 5678//5627
f 5258//5627 5678//5627 5677//5626
f 5257//5626 5677//5626 5676//5625
f 5256//5625 5676//5625 5101//5624
f 5118//5640 5133//5640 5690//5641
f 5466//5641 5690//5641 5691//5642
f 5467//5642 5691//5642 5692//5643
f 5468//5643 5692//5643 5693//5644
f 5469//5644 5693//5644 5694//5645
f 5470//5645 5694//5645 5695//5646
f 5471//5646 5695//5646 5696//5647
f 5472//5647 5696//5647 5697//5648
f 5473//5648 5697//5648 5698//5649
f 5474//5649 5698//5649 5699//5650
f 5475//5650 5699//5650 5700//5651
f 5476//5651 5700//5651 5701//5652
f 5477//5652 5701//5652 5702//5653
f 5478//5653 5702//5653 5703//5654
f 5479//5654 5703//5654 5213//5655
f 5213//5655 5248//5655 5479//5654
f 5703//5654 5479//5654 5478//5653
f 5702//5653 5478//5653 5477//5652
f 5701//5652 5477//5652 5476//5651
f 5700//5651 5476//5651 5475//5650
f 5699//5650 5475//5650 5474//5649
f 5698//5649 5474//5649 5473//5648
f 5697//5648 5473//5648 5472//5647
f 5696//5647 5472//5647 5471//5646
f 5695//5646 5471//5646 5470//5645
f 5694//5645 5470//5645 5469//5644
f 5693//5644 5469//5644 5468//5643
f 5692//5643 5468//5643 5467//5642
f 5691//5642 5467//5642 5466//5641
f 5690//5641 5466//5641 5118//5640
f 5704//5656 5149//5657 5163//5658
f 5718//5659 5163//5658 5162//5660
f 5719//5661 5162//5660 5161//5662
f 5720//5663 5161//5662 5160//5664
f 5721//5665 5160//5664 5159//5666
f 5722//5667 5159//5666 5158//5668
f 5723//5669 5158//5668 5157//5670
f 5724//5671 5157//5670 5156//5672
f 5725//5673 5156//5672 5155//5674
f 5726//5675 5155//5674 5154//5676
f 5727//5677 5154//5676 5153//5678
f 5728//5679 5153//5678 5152//5680
f 5729//5681 5152//5680 5151//5682
f 5730//5683 5151//5682 5150//5684
f 5731//5685 5150//5684 5101//5686
f 5705//5687 5704//5656 5718//5659
f 5732//5688 5718//5659 5719//5661
f 5733//5689 5719//5661 5720//5663
f 5734//5690 5720//5663 5721//5665
f 5735//5691 5721//5665 5722//5667
f 5736//5692 5722//5667 5723//5669
f 5737//5693 5723//5669 5724//5671
f 5738//5694 5724//5671 5725//5673
f 5739//5695 5725//5673 5726//5675
f 5740//5696 5726//5675 5727//5677
f 5741//5697 5727//5677 5728//5679
f 5742//5698 5728//5679 5729//5681
f 5743//5699 5729//5681 5730//5683
f 5744//5700 5730//5683 5731//5685
f 5745//5701 5731//5685 5676//5702
f 5706//5703 5705//5687 5732//5688
f 5746//5704 5732//5688 5733//5689
f 5747//5705 5733//5689 5734//5690
f 5748//5706 5734//5690 5735//5691
f 5749//5707 5735//5691 5736//5692
f 5750//5708 5736//5692 5737//5693
f 5751//5709 5737//5693 5738//5694
f 5752//5710 5738//5694 5739//5695
f 5753//5711 5739//5695 5740//5696
f 5754//5712 5740//5696 5741//5697
f 5755//5713 5741//5697 5742//5698
f 5756//5714 5742//5698 5743//5699
f 5757//5715 5743//5699 5744//5700
f 5758//5716 5744//5700 5745//5701
f 5759//5717 5745//5701 5677//5718
f 5707//5719 5706//5703 5746//5704
f 5760//5720 5746//5704 5747//5705
f 5761//5721 5747//5705 5748//5706
f 5762//5722 5748//5706 5749//5707
f 5763//5723 5749//5707 5750//5708
f 5764//5724 5750//5708 5751//5709
f 5765//5725 5751//5709 5752//5710
f 5766//5726 5752//5710 5753//5711
f 5767//5727 5753//5711 5754//5712
f 5768//5728 5754//5712 5755//5713
f 5769//5729 5755//5713 5756//5714
f 5770//5730 5756//5714 5757//5715
f 5771//5731 5757//5715 5758//5716
f 5772//5732 5758//5716 5759//5717
f 5773//5733 5759//5717 5678//5734
f 5708//5735 5707//5719 5760//5720
f 5774//5736 5760//5720 5761//5721
f 5775//5737 5761//5721 5762//5722
f 5776//5738 5762//5722 5763//5723
f 5777//5739 5763//5723 5764//5724
f 5778//5740 5764//5724 5765//5725
f 5779//5741 5765//5725 5766//5726
f 5780//5742 5766//5726 5767//5727
f 5781//5743 5767//5727 5768//5728
f 5782//5744 5768//5728 5769//5729
f 5783//5745 5769//5729 5770//5730
f 5784//5746 5770//5730 5771//5731
f 5785//5747 5771//5731 5772//5732
f 5786//5748 5772//5732 5773//5733
f 5787//5749 5773//5733 5679//5750
f 5709//5751 5708//5735 5774//5736
f 5788//5752 5774//5736 5775//5737
f 5789//5753 5775//5737 5776//5738
f 5790//5754 5776//5738 5777//5739
f 5791//5755 5777//5739 5778//5740
f 5792//5756 5778//5740 5779//5741
f 5793//5757 5779//5741 5780//5742
f 5794//5758 5780//5742 5781//5743
f 5795//5759 5781//5743 5782//5744
f 5796//5760 5782//5744 5783//5745
f 5797//5761 5783//5745 5784//5746
f 5798//5762 5784//5746 5785//5747
f 5799//5763 5785//5747 5786//5748
f 5800//5764 5786//5748 5787//5749
f 5801//5765 5787//5749 5680//5766
f 5710//5767 5709//5751 5788//5752
f 5802//5768 5788//5752 5789//5753
f 5803//5769 5789//5753 5790//5754
f 5804//5770 5790//5754 5791//5755
f 5805//5771 5791//5755 5792//5756
f 5806//5772 5792//5756 5793//5757
f 5807//5773 5793//5757 5794//5758
f 5808//5774 5794//5758 5795//5759
f 5809//5775 5795//5759 5796//5760
f 5810//5776 5796//5760 5797//5761
f 5811//5777 5797//5761 5798//5762
f 5812//5778 5798//5762 5799//5763
f 5813//5779 5799//5763 5800//5764
f 5814//5780 5800//5764 5801//5765
f 5815//5781 5801//5765 5681//5782
f 5711//5783 5710//5767 5802//5768
f 5816//5784 5802//5768 5803//5769
f 5817//5785 5803//5769 5804//5770
f 5818//5786 5804//5770 5805//5771
f 5819//5787 5805//5771 5806//5772
f 5820//5788 5806//5772 5807//5773
f 5821//5789 5807//5773 5808//5774
f 5822//5790 5808//5774 5809//5775
f 5823//5791 5809//5775 5810//5776
f 5824//5792 5810//5776 5811//5777
f 5825//5793 5811//5777 5812//5778
f 5826//5794 5812//5778 5813//5779
f 5827//5795 5813//5779 5814//5780
f 5828//5796 5814//5780 5815//5781
f 5829//5797 5815//5781 5682//5798
f 5712//5799 5711//5783 5816//5784
f 5830//5800 5816//5784 5817//5785
f 5831//5801 5817//5785 5818//5786
f 5832//5802 5818//5786 5819//5787
f 5833//5803 5819//5787 5820//5788
f 5834//5804 5820//5788 5821//5789
f 5835//5805 5821//5789 5822//5790
f 5836//5806 5822//5790 5823//5791
f 5837//5807 5823//5791 5824//5792
f 5838//5808 5824//5792 5825//5793
f 5839//5809 5825//5793 5826//5794
f 5840//5810 5826//5794 5827//5795
f 5841//5811 5827//5795 5828//5796
f 5842//5812 5828//5796 5829//5797
f 5843//5813 5829//5797 5683//5814
f 5713//5815 5712//5799 5830//5800
f 5844//5816 5830//5800 5831//5801
f 5845//5817 5831//5801 5832//5802
f 5846//5818 5832//5802 5833//5803
f 5847//5819 5833//5803 5834//5804
f 5848//5820 5834//5804 5835//5805
f 5849//5821 5835//5805 5836//5806
f 5850//5822 5836//5806 5837//5807
f 5851//5823 5837//5807 5838//5808
f 5852//5824 5838//5808 5839//5809
f 5853//5825 5839//5809 5840//5810
f 5854//5826 5840//5810 5841//5811
f 5855//5827 5841//5811 5842//5812
f 5856//5828 5842//5812 5843//5813
f 5857//5829 5843//5813 5684//5830
f 5714//5831 5713//5815 5844//5816
f 5858//5832 5844//5816 5845//5817
f 5859//5833 5845//5817 5846//5818
f 5860//5834 5846//5818 5847//5819
f 5861//5835 5847//5819 5848//5820
f 5862//5836 5848//5820 5849//5821
f 5863//5837 5849//5821 5850//5822
f 5864//5838 5850//5822 5851//5823
f 5865//5839 5851//5823 5852//5824
f 5866//5840 5852//5824 5853//5825
f 5867//5841 5853//5825 5854//5826
f 5868//5842 5854//5826 5855//5827
f 5869//5843 5855//5827 5856//5828
f 5870//5844 5856//5828 5857//5829
f 5871//5845 5857//5829 5685//5846
f 5715//5847 5714//5831 5858//5832
f 5872//5848 5858//5832 5859//5833
f 5873//5849 5859//5833 5860//5834
f 5874//5850 5860//5834 5861//5835
f 5875//5851 5861//5835 5862//5836
f 5876//5852 5862//5836 5863//5837
f 5877//5853 5863//5837 5864//5838
f 5878//5854 5864//5838 5865//5839
f 5879//5855 5865//5839 5866//5840
f 5880//5856 5866//5840 5867//5841
f 5881//5857 5867//5841 5868//5842
f 5882//5858 5868//5842 5869//5843
f 5883//5859 5869//5843 5870//5844
f 5884//5860 5870//5844 5871//5845
f 5885//5861 5871//5845 5686//5862
f 5716//5863 5715//5847 5872//5848
f 5886//5864 5872//5848 5873//5849
f 5887//5865 5873//5849 5874//5850
f 5888//5866 5874//5850 5875//5851
f 5889//5867 5875//5851 5876//5852
f 5890//5868 5876//5852 5877//5853
f 5891//5869 5877//5853 5878//5854
f 5892//5870 5878//5854 5879//5855
f 5893//5871 5879//5855 5880//5856
f 5894//5872 5880//5856 5881//5857
f 5895//5873 5881//5857 5882//5858
f 5896//5874 5882//5858 5883//5859
f 5897//5875 5883//5859 5884//5860
f 5898//5876 5884//5860 5885//5861
f 5899//5877 5885//5861 5687//5878
f 5717//5879 5716//5863 5886//5864
f 5900//5880 5886//5864 5887//5865
f 5901//5881 5887//5865 5888//5866
f 5902//5882 5888//5866 5889//5867
f 5903//5883 5889//5867 5890//5868
f 5904//5884 5890//5868 5891//5869
f 5905//5885 5891//5869 5892//5870
f 5906//5886 5892//5870 5893//5871
f 5907//5887 5893//5871 5894//5872
f 5908//5888 5894//5872 5895//5873
f 5909//5889 5895//5873 5896//5874
f 5910//5890 5896//5874 5897//5875
f 5911//5891 5897//5875 5898//5876
f 5912//5892 5898//5876 5899//5877
f 5913//5893 5899//5877 5688//5894
f 5229//5895 5717//5879 5900//5880
f 5246//5895 5900//5880 5901//5881
f 5245//5895 5901//5881 5902//5882
f 5210//5895 5902//5882 5903//5883
f 5211//5895 5903//5883 5904//5884
f 5212//5895 5904//5884 5905//5885
f 5222//5895 5905//5885 5906//5886
f 5220//5895 5906//5886 5907//5887
f 5221//5895 5907//5887 5908//5888
f 5232//5895 5908//5888 5909//5889
f 5233//5895 5909//5889 5910//5890
f 5244//5895 5910//5890 5911//5891
f 5230//5895 5911//5891 5912//5892
f 5231//5895 5912//5892 5913//5893
f 5243//5895 5913//5893 5689//5896
f 5689//5896 5254//5895 5243//5895
f 5913//5893 5243//5895 5231//5895
f 5912//5892 5231//5895 5230//5895
f 5911//5891 5230//5895 5244//5895
f 5910//5890 5244//5895 5233//5895
f 5909//5889 5233//5895 5232//5895
f 5908//5888 5232//5895 5221//5895
f 5907//5887 5221//5895 5220//5895
f 5906//5886 5220//5895 5222//5895
f 5905//5885 5222//5895 5212//5895
f 5904//5884 5212//5895 5211//5895
f 5903//5883 5211//5895 5210//5895
f 5902//5882 5210//5895 5245//5895
f 5901//5881 5245//5895 5246//5895
f 5900//5880 5246//5895 5229//5895
f 5688//5894 5689//5896 5913//5893
f 5899//5877 5913//5893 5912//5892
f 5898//5876 5912//5892 5911//5891
f 5897//5875 5911//5891 5910//5890
f 5896//5874 5910//5890 5909//5889
f 5895//5873 5909//5889 5908//5888
f 5894//5872 5908//5888 5907//5887
f 5893//5871 5907//5887 5906//5886
f 5892//5870 5906//5886 5905//5885
f 5891//5869 5905//5885 5904//5884
f 5890//5868 5904//5884 5903//5883
f 5889//5867 5903//5883 5902//5882
f 5888//5866 5902//5882 5901//5881
f 5887//5865 5901//5881 5900//5880
f 5886//5864 5900//5880 5717//5879
f 5687//5878 5688//5894 5899//5877
f 5885//5861 5899//5877 5898//5876
f 5884//5860 5898//5876 5897//5875
f 5883//5859 5897//5875 5896//5874
f 5882//5858 5896//5874 5895//5873
f 5881//5857 5895//5873 5894//5872
f 5880//5856 5894//5872 5893//5871
f 5879//5855 5893//5871 5892//5870
f 5878//5854 5892//5870 5891//5869
f 5877//5853 5891//5869 5890//5868
f 5876//5852 5890//5868 5889//5867
f 5875//5851 5889//5867 5888//5866
f 5874//5850 5888//5866 5887//5865
f 5873//5849 5887//5865 5886//5864
f 5872//5848 5886//5864 5716//5863
f 5686//5862 5687//5878 5885//5861
f 5871//5845 5885//5861 5884//5860
f 5870//5844 5884//5860 5883//5859
f 5869//5843 5883//5859 5882//5858
f 5868//5842 5882//5858 5881//5857
f 5867//5841 5881//5857 5880//5856
f 5866//5840 5880//5856 5879//5855
f 5865//5839 5879//5855 5878//5854
f 5864//5838 5878//5854 5877//5853
f 5863//5837 5877//5853 5876//5852
f 5862//5836 5876//5852 5875//5851
f 5861//5835 5875//5851 5874//5850
f 5860//5834 5874//5850 5873//5849
f 5859//5833 5873//5849 5872//5848
f 5858//5832 5872//5848 5715//5847
f 5685//5846 5686//5862 5871//5845
f 5857//5829 5871//5845 5870//5844
f 5856//5828 5870//5844 5869//5843
f 5855//5827 5869//5843 5868//5842
f 5854//5826 5868//5842 5867//5841
f 5853//5825 5867//5841 5866//5840
f 5852//5824 5866//5840 5865//5839
f 5851//5823 5865//5839 5864//5838
f 5850//5822 5864//5838 5863//5837
f 5849//5821 5863//5837 5862//5836
f 5848//5820 5862//5836 5861//5835
f 5847//5819 5861//5835 5860//5834
f 5846//5818 5860//5834 5859//5833
f 5845//5817 5859//5833 5858//5832
f 5844//5816 5858//5832 5714//5831
f 5684//5830 5685//5846 5857//5829
f 5843//5813 5857//5829 5856//5828
f 5842//5812 5856//5828 5855//5827
f 5841//5811 5855//5827 5854//5826
f 5840//5810 5854//5826 5853//5825
f 5839//5809 5853//5825 5852//5824
f 5838//5808 5852//5824 5851//5823
f 5837//5807 5851//5823 5850//5822
f 5836//5806 5850//5822 5849//5821
f 5835//5805 5849//5821 5848//5820
f 5834//5804 5848//5820 5847//5819
f 5833//5803 5847//5819 5846//5818
f 5832//5802 5846//5818 5845//5817
f 5831//5801 5845//5817 5844//5816
f 5830//5800 5844//5816 5713//5815
f 5683//5814 5684//5830 5843//5813
f 5829//5797 5843//5813 5842//5812
f 5828//5796 5842//5812 5841//5811
f 5827//5795 5841//5811 5840//5810
f 5826//5794 5840//5810 5839//5809
f 5825//5793 5839//5809 5838//5808
f 5824//5792 5838//5808 5837//5807
f 5823//5791 5837//5807 5836//5806
f 5822//5790 5836//5806 5835//5805
f 5821//5789 5835//5805 5834//5804
f 5820//5788 5834//5804 5833//5803
f 5819//5787 5833//5803 5832//5802
f 5818//5786 5832//5802 5831//5801
f 5817//5785 5831//5801 5830//5800
f 5816//5784 5830//5800 5712//5799
f 5682//5798 5683//5814 5829//5797
f 5815//5781 5829//5797 5828//5796
f 5814//5780 5828//5796 5827//5795
f 5813//5779 5827//5795 5826//5794
f 5812//5778 5826//5794 5825//5793
f 5811//5777 5825//5793 5824//5792
f 5810//5776 5824//5792 5823//5791
f 5809//5775 5823//5791 5822//5790
f 5808//5774 5822//5790 5821//5789
f 5807//5773 5821//5789 5820//5788
f 5806//5772 5820//5788 5819//5787
f 5805//5771 5819//5787 5818//5786
f 5804//5770 5818//5786 5817//5785
f 5803//5769 5817//5785 5816//5784
f 5802//5768 5816//5784 5711//5783
f 5681//5782 5682//5798 5815//5781
f 5801//5765 5815//5781 5814//5780
f 5800//5764 5814//5780 5813//5779
f 5799//5763 5813//5779 5812//5778
f 5798//5762 5812//5778 5811//5777
f 5797//5761 5811//5777 5810//5776
f 5796//5760 5810//5776 5809//5775
f 5795//5759 5809//5775 5808//5774
f 5794//5758 5808//5774 5807//5773
f 5793//5757 5807//5773 5806//5772
f 5792//5756 5806//5772 5805//5771
f 5791//5755 5805//5771 5804//5770
f 5790//5754 5804//5770 5803//5769
f 5789//5753 5803//5769 5802//5768
f 5788//5752 5802//5768 5710//5767
f 5680//5766 5681//5782 5801//5765
f 5787//5749 5801//5765 5800//5764
f 5786//5748 5800//5764 5799//5763
f 5785//5747 5799//5763 5798//5762
f 5784//5746 5798//5762 5797//5761
f 5783//5745 5797//5761 5796//5760
f 5782//5744 5796//5760 5795//5759
f 5781//5743 5795//5759 5794//5758
f 5780//5742 5794//5758 5793//5757
f 5779//5741 5793//5757 5792//5756
f 5778//5740 5792//5756 5791//5755
f 5777//5739 5791//5755 5790//5754
f 5776//5738 5790//5754 5789//5753
f 5775//5737 5789//5753 5788//5752
f 5774//5736 5788//5752 5709//5751
f 5679//5750 5680//5766 5787//5749
f 5773//5733 5787//5749 5786//5748
f 5772//5732 5786//5748 5785//5747
f 5771//5731 5785//5747 5784//5746
f 5770//5730 5784//5746 5783//5745
f 5769//5729 5783//5745 5782//5744
f 5768//5728 5782//5744 5781//5743
f 5767//5727 5781//5743 5780//5742
f 5766//5726 5780//5742 5779//5741
f 5765//5725 5779//5741 5778//5740
f 5764//5724 5778//5740 5777//5739
f 5763//5723 5777//5739 5776//5738
f 5762//5722 5776//5738 5775//5737
f 5761//5721 5775//5737 5774//5736
f 5760//5720 5774//5736 5708//5735
f 5678//5734 5679//5750 5773//5733
f 5759//5717 5773//5733 5772//5732
f 5758//5716 5772//5732 5771//5731
f 5757//5715 5771//5731 5770//5730
f 5756//5714 5770//5730 5769//5729
f 5755//5713 5769//5729 5768//5728
f 5754//5712 5768//5728 5767//5727
f 5753//5711 5767//5727 5766//5726
f 5752//5710 5766//5726 5765//5725
f 5751//5709 5765//5725 5764//5724
f 5750//5708 5764//5724 5763//5723
f 5749//5707 5763//5723 5762//5722
f 5748//5706 5762//5722 5761//5721
f 5747//5705 5761//5721 5760//5720
f 5746//5704 5760//5720 5707//5719
f 5677//5718 5678//5734 5759//5717
f 5745//5701 5759//5717 5758//5716
f 5744//5700 5758//5716 5757//5715
f 5743//5699 5757//5715 5756//5714
f 5742//5698 5756//5714 5755//5713
f 5741//5697 5755//5713 5754//5712
f 5740//5696 5754//5712 5753//5711
f 5739//5695 5753//5711 5752//5710
f 5738//5694 5752//5710 5751//5709
f 5737//5693 5751//5709 5750//5708
f 5736//5692 5750//5708 5749//5707
f 5735//5691 5749//5707 5748//5706
f 5734//5690 5748//5706 5747//5705
f 5733//5689 5747//5705 5746//5704
f 5732//5688 5746//5704 5706//5703
f 5676//5702 5677//5718 5745//5701
f 5731//5685 5745//5701 5744//5700
f 5730//5683 5744//5700 5743//5699
f 5729//5681 5743//5699 5742//5698
f 5728//5679 5742//5698 5741//5697
f 5727//5677 5741//5697 5740//5696
f 5726//5675 5740//5696 5739//5695
f 5725//5673 5739//5695 5738//5694
f 5724//5671 5738//5694 5737//5693
f 5723//5669 5737//5693 5736//5692
f 5722//5667 5736//5692 5735//5691
f 5721//5665 5735//5691 5734//5690
f 5720//5663 5734//5690 5733//5689
f 5719//5661 5733//5689 5732//5688
f 5718//5659 5732//5688 5705//5687
f 5101//5686 5676//5702 5731//5685
f 5150//5684 5731//5685 5730//5683
f 5151//5682 5730//5683 5729//5681
f 5152//5680 5729//5681 5728//5679
f 5153//5678 5728//5679 5727//5677
f 5154//5676 5727//5677 5726//5675
f 5155//5674 5726//5675 5725//5673
f 5156//5672 5725//5673 5724//5671
f 5157//5670 5724//5671 5723//5669
f 5158//5668 5723//5669 5722//5667
f 5159//5666 5722//5667 5721//5665
f 5160//5664 5721//5665 5720//5663
f 5161//5662 5720//5663 5719//5661
f 5162//5660 5719//5661 5718//5659
f 5163//5658 5718//5659 5704//5656
f 5690//5897 5133//5898 5148//5899
f 5928//5900 5148//5899 5147//5901
f 5929//5902 5147//5901 5146//5903
f 5930//5904 5146//5903 5145//5905
f 5931//5906 5145//5905 5144//5907
f 5932//5908 5144//5907 5143//5909
f 5933//5910 5143//5909 5142//5911
f 5934//5912 5142//5911 5141//5913
f 5935//5914 5141//5913 5140//5915
f 5936//5916 5140//5915 5139//5917
f 5937//5918 5139//5917 5138//5919
f 5938//5920 5138//5919 5137//5921
f 5939//5922 5137//5921 5136//5923
f 5940//5924 5136//5923 5135//5925
f 5941//5926 5135//5925 5134//5927
f 5691//5928 5690//5897 5928//5900
f 5942//5929 5928//5900 5929//5902
f 5943//5930 5929//5902 5930//5904
f 5944//5931 5930//5904 5931//5906
f 5945//5932 5931//5906 5932//5908
f 5946//5933 5932//5908 5933//5910
f 5947//5934 5933//5910 5934//5912
f 5948//5935 5934//5912 5935//5914
f 5949//5936 5935//5914 5936//5916
f 5950//5937 5936//5916 5937//5918
f 5951//5938 5937//5918 5938//5920
f 5952//5939 5938//5920 5939//5922
f 5953//5940 5939//5922 5940//5924
f 5954//5941 5940//5924 5941//5926
f 5955//5942 5941//5926 5914//5943
f 5692//5944 5691//5928 5942//5929
f 5956//5945 5942//5929 5943//5930
f 5957//5946 5943//5930 5944//5931
f 5958//5947 5944//5931 5945//5932
f 5959//5948 5945//5932 5946//5933
f 5960//5949 5946//5933 5947//5934
f 5961//5950 5947//5934 5948//5935
f 5962//5951 5948//5935 5949//5936
f 5963//5952 5949//5936 5950//5937
f 5964//5953 5950//5937 5951//5938
f 5965//5954 5951//5938 5952//5939
f 5966//5955 5952//5939 5953//5940
f 5967//5956 5953//5940 5954//5941
f 5968//5957 5954//5941 5955//5942
f 5969//5958 5955//5942 5915//5959
f 5693//5960 5692//5944 5956//5945
f 5970//5961 5956//5945 5957//5946
f 5971//5962 5957//5946 5958//5947
f 5972//5963 5958//5947 5959//5948
f 5973//5964 5959//5948 5960//5949
f 5974//5965 5960//5949 5961//5950
f 5975//5966 5961//5950 5962//5951
f 5976//5967 5962//5951 5963//5952
f 5977//5968 5963//5952 5964//5953
f 5978//5969 5964//5953 5965//5954
f 5979//5970 5965//5954 5966//5955
f 5980//5971 5966//5955 5967//5956
f 5981//5972 5967//5956 5968//5957
f 5982//5973 5968//5957 5969//5958
f 5983//5974 5969//5958 5916//5975
f 5694//5976 5693//5960 5970//5961
f 5984//5977 5970//5961 5971//5962
f 5985//5978 5971//5962 5972//5963
f 5986//5979 5972//5963 5973//5964
f 5987//5980 5973//5964 5974//5965
f 5988//5981 5974//5965 5975//5966
f 5989//5982 5975//5966 5976//5967
f 5990//5983 5976//5967 5977//5968
f 5991//5984 5977//5968 5978//5969
f 5992//5985 5978//5969 5979//5970
f 5993//5986 5979//5970 5980//5971
f 5994//5987 5980//5971 5981//5972
f 5995//5988 5981//5972 5982//5973
f 5996//5989 5982//5973 5983//5974
f 5997//5990 5983//5974 5917//5991
f 5695//5992 5694//5976 5984//5977
f 5998//5993 5984//5977 5985//5978
f 5999//5994 5985//5978 5986//5979
f 6000//5995 5986//5979 5987//5980
f 6001//5996 5987//5980 5988//5981
f 6002//5997 5988//5981 5989//5982
f 6003//5998 5989//5982 5990//5983
f 6004//5999 5990//5983 5991//5984
f 6005//6000 5991//5984 5992//5985
f 6006//6001 5992//5985 5993//5986
f 6007//6002 5993//5986 5994//5987
f 6008//6003 5994//5987 5995//5988
f 6009//6004 5995//5988 5996//5989
f 6010//6005 5996//5989 5997//5990
f 6011//6006 5997//5990 5918//6007
f 5696//6008 5695//5992 5998//5993
f 6012//6009 5998//5993 5999//5994
f 6013//6010 5999//5994 6000//5995
f 6014//6011 6000//5995 6001//5996
f 6015//6012 6001//5996 6002//5997
f 6016//6013 6002//5997 6003//5998
f 6017//6014 6003//5998 6004//5999
f 6018//6015 6004//5999 6005//6000
f 6019//6016 6005//6000 6006//6001
f 6020//6017 6006//6001 6007//6002
f 6021//6018 6007//6002 6008//6003
f 6022//6019 6008//6003 6009//6004
f 6023//6020 6009//6004 6010//6005
f 6024//6021 6010//6005 6011//6006
f 6025//6022 6011//6006 5919//6023
f 5697//6024 5696//6008 6012//6009
f 6026//6025 6012//6009 6013//6010
f 6027//6026 6013//6010 6014//6011
f 6028//6027 6014//6011 6015//6012
f 6029//6028 6015//6012 6016//6013
f 6030//6029 6016//6013 6017//6014
f 6031//6030 6017//6014 6018//6015
f 6032//6031 6018//6015 6019//6016
f 6033//6032 6019//6016 6020//6017
f 6034//6033 6020//6017 6021//6018
f 6035//6034 6021//6018 6022//6019
f 6036//6035 6022//6019 6023//6020
f 6037//6036 6023//6020 6024//6021
f 6038//6037 6024//6021 6025//6022
f 6039//6038 6025//6022 5920//6039
f 5698//6040 5697//6024 6026//6025
f 6040//6041 6026//6025 6027//6026
f 6041//6042 6027//6026 6028//6027
f 6042//6043 6028//6027 6029//6028
f 6043//6044 6029//6028 6030//6029
f 6044//6045 6030//6029 6031//6030
f 6045//6046 6031//6030 6032//6031
f 6046//6047 6032//6031 6033//6032
f 6047//6048 6033//6032 6034//6033
f 6048//6049 6034//6033 6035//6034
f 6049//6050 6035//6034 6036//6035
f 6050//6051 6036//6035 6037//6036
f 6051//6052 6037//6036 6038//6037
f 6052//6053 6038//6037 6039//6038
f 6053//6054 6039//6038 5921//6055
f 5699//6056 5698//6040 6040//6041
f 6054//6057 6040//6041 6041//6042
f 6055//6058 6041//6042 6042//6043
f 6056//6059 6042//6043 6043//6044
f 6057//6060 6043//6044 6044//6045
f 6058//6061 6044//6045 6045//6046
f 6059//6062 6045//6046 6046//6047
f 6060//6063 6046//6047 6047//6048
f 6061//6064 6047//6048 6048//6049
f 6062//6065 6048//6049 6049//6050
f 6063//6066 6049//6050 6050//6051
f 6064//6067 6050//6051 6051//6052
f 6065//6068 6051//6052 6052//6053
f 6066//6069 6052//6053 6053//6054
f 6067//6070 6053//6054 5922//6071
f 5700//6072 5699//6056 6054//6057
f 6068//6073 6054//6057 6055//6058
f 6069//6074 6055//6058 6056//6059
f 6070//6075 6056//6059 6057//6060
f 6071//6076 6057//6060 6058//6061
f 6072//6077 6058//6061 6059//6062
f 6073//6078 6059//6062 6060//6063
f 6074//6079 6060//6063 6061//6064
f 6075//6080 6061//6064 6062//6065
f 6076//6081 6062//6065 6063//6066
f 6077//6082 6063//6066 6064//6067
f 6078//6083 6064//6067 6065//6068
f 6079//6084 6065//6068 6066//6069
f 6080//6085 6066//6069 6067//6070
f 6081//6086 6067//6070 5923//6087
f 5701//6088 5700//6072 6068//6073
f 6082//6089 6068//6073 6069//6074
f 6083//6090 6069//6074 6070//6075
f 6084//6091 6070//6075 6071//6076
f 6085//6092 6071//6076 6072//6077
f 6086//6093 6072//6077 6073//6078
f 6087//6094 6073//6078 6074//6079
f 6088//6095 6074//6079 6075//6080
f 6089//6096 6075//6080 6076//6081
f 6090//6097 6076//6081 6077//6082
f 6091//6098 6077//6082 6078//6083
f 6092//6099 6078//6083 6079//6084
f 6093//6100 6079//6084 6080//6085
f 6094//6101 6080//6085 6081//6086
f 6095//6102 6081//6086 5924//6103
f 5702//6104 5701//6088 6082//6089
f 6096//6105 6082//6089 6083//6090
f 6097//6106 6083//6090 6084//6091
f 6098//6107 6084//6091 6085//6092
f 6099//6108 6085//6092 6086//6093
f 6100//6109 6086//6093 6087//6094
f 6101//6110 6087//6094 6088//6095
f 6102//6111 6088//6095 6089//6096
f 6103//6112 6089//6096 6090//6097
f 6104//6113 6090//6097 6091//6098
f 6105//6114 6091//6098 6092//6099
f 6106//6115 6092//6099 6093//6100
f 6107//6116 6093//6100 6094//6101
f 6108//6117 6094//6101 6095//6102
f 6109//6118 6095//6102 5925//6119
f 5703//6120 5702//6104 6096//6105
f 6110//6121 6096//6105 6097//6106
f 6111//6122 6097//6106 6098//6107
f 6112//6123 6098//6107 6099//6108
f 6113//6124 6099//6108 6100//6109
f 6114//6125 6100//6109 6101//6110
f 6115//6126 6101//6110 6102//6111
f 6116//6127 6102//6111 6103//6112
f 6117//6128 6103//6112 6104//6113
f 6118//6129 6104//6113 6105//6114
f 6119//6130 6105//6114 6106//6115
f 6120//6131 6106//6115 6107//6116
f 6121//6132 6107//6116 6108//6117
f 6122//6133 6108//6117 6109//6118
f 6123//6134 6109//6118 5926//6135
f 5213//6136 5703//6120 6110//6121
f 5197//6136 6110//6121 6111//6122
f 5198//6136 6111//6122 6112//6123
f 5195//6136 6112//6123 6113//6124
f 5196//6136 6113//6124 6114//6125
f 5216//6136 6114//6125 6115//6126
f 5238//6136 6115//6126 6116//6127
f 5194//6136 6116//6127 6117//6128
f 5214//6136 6117//6128 6118//6129
f 5215//6136 6118//6129 6119//6130
f 5236//6136 6119//6130 6120//6131
f 5237//6136 6120//6131 6121//6132
f 5247//6136 6121//6132 6122//6133
f 5234//6136 6122//6133 6123//6134
f 5235//6136 6123//6134 5927//6137
f 5927//6137 5255//6136 5235//6136
f 6123//6134 5235//6136 5234//6136
f 6122//6133 5234//6136 5247//6136
f 6121//6132 5247//6136 5237//6136
f 6120//6131 5237//6136 5236//6136
f 6119//6130 5236//6136 5215//6136
f 6118//6129 5215//6136 5214//6136
f 6117//6128 5214//6136 5194//6136
f 6116//6127 5194//6136 5238//6136
f 6115//6126 5238//6136 5216//6136
f 6114//6125 5216//6136 5196//6136
f 6113//6124 5196//6136 5195//6136
f 6112//6123 5195//6136 5198//6136
f 6111//6122 5198//6136 5197//6136
f 6110//6121 5197//6136 5213//6136
f 5926//6135 5927//6137 6123//6134
f 6109//6118 6123//6134 6122//6133
f 6108//6117 6122//6133 6121//6132
f 6107//6116 6121//6132 6120//6131
f 6106//6115 6120//6131 6119//6130
f 6105//6114 6119//6130 6118//6129
f 6104//6113 6118//6129 6117//6128
f 6103//6112 6117//6128 6116//6127
f 6102//6111 6116//6127 6115//6126
f 6101//6110 6115//6126 6114//6125
f 6100//6109 6114//6125 6113//6124
f 6099//6108 6113//6124 6112//6123
f 6098//6107 6112//6123 6111//6122
f 6097//6106 6111//6122 6110//6121
f 6096//6105 6110//6121 5703//6120
f 5925//6119 5926//6135 6109//6118
f 6095//6102 6109//6118 6108//6117
f 6094//6101 6108//6117 6107//6116
f 6093//6100 6107//6116 6106//6115
f 6092//6099 6106//6115 6105//6114
f 6091//6098 6105//6114 6104//6113
f 6090//6097 6104//6113 6103//6112
f 6089//6096 6103//6112 6102//6111
f 6088//6095 6102//6111 6101//6110
f 6087//6094 6101//6110 6100//6109
f 6086//6093 6100//6109 6099//6108
f 6085//6092 6099//6108 6098//6107
f 6084//6091 6098//6107 6097//6106
f 6083//6090 6097//6106 6096//6105
f 6082//6089 6096//6105 5702//6104
f 5924//6103 5925//6119 6095//6102
f 6081//6086 6095//6102 6094//6101
f 6080//6085 6094//6101 6093//6100
f 6079//6084 6093//6100 6092//6099
f 6078//6083 6092//6099 6091//6098
f 6077//6082 6091//6098 6090//6097
f 6076//6081 6090//6097 6089//6096
f 6075//6080 6089//6096 6088//6095
f 6074//6079 6088//6095 6087//6094
f 6073//6078 6087//6094 6086//6093
f 6072//6077 6086//6093 6085//6092
f 6071//6076 6085//6092 6084//6091
f 6070//6075 6084//6091 6083//6090
f 6069//6074 6083//6090 6082//6089
f 6068//6073 6082//6089 5701//6088
f 5923//6087 5924//6103 6081//6086
f 6067//6070 6081//6086 6080//6085
f 6066//6069 6080//6085 6079//6084
f 6065//6068 6079//6084 6078//6083
f 6064//6067 6078//6083 6077//6082
f 6063//6066 6077//6082 6076//6081
f 6062//6065 6076//6081 6075//6080
f 6061//6064 6075//6080 6074//6079
f 6060//6063 6074//6079 6073//6078
f 6059//6062 6073//6078 6072//6077
f 6058//6061 6072//6077 6071//6076
f 6057//6060 6071//6076 6070//6075
f 6056//6059 6070//6075 6069//6074
f 6055//6058 6069//6074 6068//6073
f 6054//6057 6068//6073 5700//6072
f 5922//6071 5923//6087 6067//6070
f 6053//6054 6067//6070 6066//6069
f 6052//6053 6066//6069 6065//6068
f 6051//6052 6065//6068 6064//6067
f 6050//6051 6064//6067 6063//6066
f 6049//6050 6063//6066 6062//6065
f 6048//6049 6062//6065 6061//6064
f 6047//6048 6061//6064 6060//6063
f 6046//6047 6060//6063 6059//6062
f 6045//6046 6059//6062 6058//6061
f 6044//6045 6058//6061 6057//6060
f 6043//6044 6057//6060 6056//6059
f 6042//6043 6056//6059 6055//6058
f 6041//6042 6055//6058 6054//6057
f 6040//6041 6054//6057 5699//6056
f 5921//6055 5922//6071 6053//6054
f 6039//6038 6053//6054 6052//6053
f 6038//6037 6052//6053 6051//6052
f 6037//6036 6051//6052 6050//6051
f 6036//6035 6050//6051 6049//6050
f 6035//6034 6049//6050 6048//6049
f 6034//6033 6048//6049 6047//6048
f 6033//6032 6047//6048 6046//6047
f 6032//6031 6046//6047 6045//6046
f 6031//6030 6045//6046 6044//6045
f 6030//6029 6044//6045 6043//6044
f 6029//6028 6043//6044 6042//6043
f 6028//6027 6042//6043 6041//6042
f 6027//6026 6041//6042 6040//6041
f 6026//6025 6040//6041 5698//6040
f 5920//6039 5921//6055 6039//6038
f 6025//6022 6039//6038 6038//6037
f 6024//6021 6038//6037 6037//6036
f 6023//6020 6037//6036 6036//6035
f 6022//6019 6036//6035 6035//6034
f 6021//6018 6035//6034 6034//6033
f 6020//6017 6034//6033 6033//6032
f 6019//6016 6033//6032 6032//6031
f 6018//6015 6032//6031 6031//6030
f 6017//6014 6031//6030 6030//6029
f 6016//6013 6030//6029 6029//6028
f 6015//6012 6029//6028 6028//6027
f 6014//6011 6028//6027 6027//6026
f 6013//6010 6027//6026 6026//6025
f 6012//6009 6026//6025 5697//6024
f 5919//6023 5920//6039 6025//6022
f 6011//6006 6025//6022 6024//6021
f 6010//6005 6024//6021 6023//6020
f 6009//6004 6023//6020 6022//6019
f 6008//6003 6022//6019 6021//6018
f 6007//6002 6021//6018 6020//6017
f 6006//6001 6020//6017 6019//6016
f 6005//6000 6019//6016 6018//6015
f 6004//5999 6018//6015 6017//6014
f 6003//5998 6017//6014 6016//6013
f 6002//5997 6016//6013 6015//6012
f 6001//5996 6015//6012 6014//6011
f 6000//5995 6014//6011 6013//6010
f 5999//5994 6013//6010 6012//6009
f 5998//5993 6012//6009 5696//6008
f 5918//6007 5919//6023 6011//6006
f 5997//5990 6011//6006 6010//6005
f 5996//5989 6010//6005 6009//6004
f 5995//5988 6009//6004 6008//6003
f 5994//5987 6008//6003 6007//6002
f 5993//5986 6007//6002 6006//6001
f 5992//5985 6006//6001 6005//6000
f 5991//5984 6005//6000 6004//5999
f 5990//5983 6004//5999 6003//5998
f 5989//5982 6003//5998 6002//5997
f 5988//5981 6002//5997 6001//5996
f 5987//5980 6001//5996 6000//5995
f 5986//5979 6000//5995 5999//5994
f 5985//5978 5999//5994 5998//5993
f 5984//5977 5998//5993 5695//5992
f 5917//5991 5918//6007 5997//5990
f 5983//5974 5997//5990 5996//5989
f 5982//5973 5996//5989 5995//5988
f 5981//5972 5995//5988 5994//5987
f 5980//5971 5994//5987 5993//5986
f 5979//5970 5993//5986 5992//5985
f 5978//5969 5992//5985 5991//5984
f 5977//5968 5991//5984 5990//5983
f 5976//5967 5990//5983 5989//5982
f 5975//5966 5989//5982 5988//5981
f 5974//5965 5988//5981 5987//5980
f 5973//5964 5987//5980 5986//5979
f 5972//5963 5986//5979 5985//5978
f 5971//5962 5985//5978 5984//5977
f 5970//5961 5984//5977 5694//5976
f 5916//5975 5917//5991 5983//5974
f 5969//5958 5983//5974 5982//5973
f 5968//5957 5982//5973 5981//5972
f 5967//5956 5981//5972 5980//5971
f 5966//5955 5980//5971 5979//5970
f 5965//5954 5979//5970 5978//5969
f 5964//5953 5978//5969 5977//5968
f 5963//5952 5977//5968 5976//5967
f 5962//5951 5976//5967 5975//5966
f 5961//5950 5975//5966 5974//5965
f 5960//5949 5974//5965 5973//5964
f 5959//5948 5973//5964 5972//5963
f 5958//5947 5972//5963 5971//5962
f 5957//5946 5971//5962 5970//5961
f 5956//5945 5970//5961 5693//5960
f 5915//5959 5916//5975 5969//5958
f 5955//5942 5969//5958 5968//5957
f 5954//5941 5968//5957 5967//5956
f 5953//5940 5967//5956 5966//5955
f 5952//5939 5966//5955 5965//5954
f 5951//5938 5965//5954 5964//5953
f 5950//5937 5964//5953 5963//5952
f 5949//5936 5963//5952 5962//5951
f 5948//5935 5962//5951 5961//5950
f 5947//5934 5961//5950 5960//5949
f 5946//5933 5960//5949 5959//5948
f 5945//5932 5959//5948 5958//5947
f 5944//5931 5958//5947 5957//5946
f 5943//5930 5957//5946 5956//5945
f 5942//5929 5956//5945 5692//5944
f 5914//5943 5915//5959 5955//5942
f 5941//5926 5955//5942 5954//5941
f 5940//5924 5954//5941 5953//5940
f 5939//5922 5953//5940 5952//5939
f 5938//5920 5952//5939 5951//5938
f 5937//5918 5951//5938 5950//5937
f 5936//5916 5950//5937 5949//5936
f 5935//5914 5949//5936 5948//5935
f 5934//5912 5948//5935 5947//5934
f 5933//5910 5947//5934 5946//5933
f 5932//5908 5946//5933 5945//5932
f 5931//5906 5945//5932 5944//5931
f 5930//5904 5944//5931 5943//5930
f 5929//5902 5943//5930 5942//5929
f 5928//5900 5942//5929 5691//5928
f 5134//5927 5914//5943 5941//5926
f 5135//5925 5941//5926 5940//5924
f 5136//5923 5940//5924 5939//5922
f 5137//5921 5939//5922 5938//5920
f 5138//5919 5938//5920 5937//5918
f 5139//5917 5937//5918 5936//5916
f 5140//5915 5936//5916 5935//5914
f 5141//5913 5935//5914 5934//5912
f 5142//5911 5934//5912 5933//5910
f 5143//5909 5933//5910 5932//5908
f 5144//5907 5932//5908 5931//5906
f 5145//5905 5931//5906 5930//5904
f 5146//5903 5930//5904 5929//5902
f 5147//5901 5929//5902 5928//5900
f 5148//5899 5928//5900 5690//5897
f 5134//6138 5149//6138 5704//6139
f 5914//6139 5704//6139 5705//6140
f 5915//6140 5705//6140 5706//6141
f 5916//6141 5706//6141 5707//6142
f 5917//6142 5707//6142 5708//6143
f 5918//6143 5708//6143 5709//6144
f 5919//6144 5709//6144 5710//6145
f 5920//6145 5710//6145 5711//6146
f 5921//6146 5711//6146 5712//6147
f 5922//6147 5712//6147 5713//6148
f 5923//6148 5713//6148 5714//6149
f 5924//6149 5714//6149 5715//6150
f 5925//6150 5715//6150 5716//6151
f 5926//6151 5716//6151 5717//6152
f 5927//6152 5717//6152 5229//6153
f 5229//6153 5255//6153 5927//6152
f 5717//6152 5927//6152 5926//6151
f 5716//6151 5926//6151 5925//6150
f 5715//6150 5925//6150 5924//6149
f 5714//6149 5924//6149 5923//6148
f 5713//6148 5923//6148 5922//6147
f 5712//6147 5922//6147 5921//6146
f 5711//6146 5921//6146 5920//6145
f 5710//6145 5920//6145 5919//6144
f 5709//6144 5919//6144 5918//6143
f 5708//6143 5918//6143 5917//6142
f 5707//6142 5917//6142 5916//6141
f 5706//6141 5916//6141 5915//6140
f 5705//6140 5915//6140 5914//6139
f 5704//6139 5914//6139 5134//6138
f 5025//6154 5024//6155 6124//6155
f 5024//6155 5021//6156 6125//6156
f 5021//6156 5020//6157 6126//6157
f 5020//6157 4995//6158 6127//6158
f 4995//6158 4994//6159 6128//6159
f 4994//6159 4997//6160 6129//6160
f 4997//6160 4996//6161 6130//6161
f 4996//6161 4984//6162 6131//6162
f 4984//6162 4983//6163 6132//6163
f 4983//6163 4986//6164 6133//6164
f 4986//6164 4988//6165 6134//6165
f 4988//6165 4987//6166 6135//6166
f 4987//6166 4970//6167 6136//6167
f 4970//6167 4971//6168 6137//6168
f 4971//6168 4956//6169 6138//6169
f 4956//6169 4955//6170 6139//6170
f 4955//6170 4958//6171 6140//6171
f 4958//6171 4952//6172 6141//6172
f 4952//6172 4951//6173 6142//6173
f 4951//6173 4962//6174 6143//6174
f 4962//6174 4973//6175 6144//6175
f 4973//6175 4975//6176 6145//6176
f 4975//6176 4966//6177 6146//6177
f 4966//6177 4978//6178 6147//6178
f 4978//6178 4977//6179 6148//6179
f 4977//6179 4979//6180 6149//6180
f 4979//6180 4998//6181 6150//6181
f 4998//6181 4990//6182 6151//6182
f 4990//6182 4989//6183 6152//6183
f 4989//6183 5011//6184 6153//6184
f 5011//6184 5003//6185 6154//6185
f 5003//6185 4999//6186 6155//6186
f 4999//6186 5004//6187 6156//6187
f 5004//6187 4980//6188 6157//6188
f 4980//6188 5008//6189 6158//6189
f 5008//6189 5007//6190 6159//6190
f 5007//6190 5010//6191 6160//6191
f 5010//6191 5009//6192 6161//6192
f 5009//6192 4991//6193 6162//6193
f 4991//6193 4982//6194 6163//6194
f 4982//6194 4981//6195 6164//6195
f 4981//6195 5000//6196 6165//6196
f 5000//6196 5005//6197 6166//6197
f 5005//6197 5001//6198 6167//6198
f 5001//6198 4993//6199 6168//6199
f 4993//6199 4992//6200 6169//6200
f 4992//6200 5002//6201 6170//6201
f 5002//6201 5014//6202 6171//6202
f 5014//6202 5016//6203 6172//6203
f 5016//6203 5015//6204 6173//6204
f 5015//6204 5018//6205 6174//6205
f 5018//6205 5017//6206 6175//6206
f 5017//6206 5019//6207 6176//6207
f 5019//6207 5013//6208 6177//6208
f 5013//6208 5012//6209 6178//6209
f 5012//6209 5023//6210 6179//6210
f 5023//6210 5022//6211 6180//6211
f 5022//6211 5025//6154 6181//6212
f 6181//6212 6180//6211 5022//6211
f 6180//6211 6179//6210 5023//6210
f 6179//6210 6178//6209 5012//6209
f 6178//6209 6177//6208 5013//6208
f 6177//6208 6176//6207 5019//6207
f 6176//6207 6175//6206 5017//6206
f 6175//6206 6174//6205 5018//6205
f 6174//6205 6173//6204 5015//6204
f 6173//6204 6172//6203 5016//6203
f 6172//6203 6171//6202 5014//6202
f 6171//6202 6170//6201 5002//6201
f 6170//6201 6169//6200 4992//6200
f 6169//6200 6168//6199 4993//6199
f 6168//6199 6167//6198 5001//6198
f 6167//6198 6166//6197 5005//6197
f 6166//6197 6165//6196 5000//6196
f 6165//6196 6164//6195 4981//6195
f 6164//6195 6163//6194 4982//6194
f 6163//6194 6162//6193 4991//6193
f 6162//6193 6161//6192 5009//6192
f 6161//6192 6160//6191 5010//6191
f 6160//6191 6159//6190 5007//6190
f 6159//6190 6158//6189 5008//6189
f 6158//6189 6157//6188 4980//6188
f 6157//6188 6156//6187 5004//6187
f 6156//6187 6155//6186 4999//6186
f 6155//6186 6154//6185 5003//6185
f 6154//6185 6153//6184 5011//6184
f 6153//6184 6152//6183 4989//6183
f 6152//6183 6151//6182 4990//6182
f 6151//6182 6150//6181 4998//6181
f 6150//6181 6149//6180 4979//6180
f 6149//6180 6148//6179 4977//6179
f 6148//6179 6147//6178 4978//6178
f 6147//6178 6146//6177 4966//6177
f 6146//6177 6145//6176 4975//6176
f 6145//6176 6144//6175 4973//6175
f 6144//6175 6143//6174 4962//6174
f 6143//6174 6142//6173 4951//6173
f 6142//6173 6141//6172 4952//6172
f 6141//6172 6140//6171 4958//6171
f 6140//6171 6139//6170 4955//6170
f 6139//6170 6138//6169 4956//6169
f 6138//6169 6137//6168 4971//6168
f 6137//6168 6136//6167 4970//6167
f 6136//6167 6135//6166 4987//6166
f 6135//6166 6134//6165 4988//6165
f 6134//6165 6133//6164 4986//6164
f 6133//6164 6132//6163 4983//6163
f 6132//6163 6131//6162 4984//6162
f 6131//6162 6130//6161 4996//6161
f 6130//6161 6129//6160 4997//6160
f 6129//6160 6128//6159 4994//6159
f 6128//6159 6127//6158 4995//6158
f 6127//6158 6126//6157 5020//6157
f 6126//6157 6125//6156 5021//6156
f 6125//6156 6124//6155 5024//6155
f 6124//6155 6181//6212 5025//6154
f 6182//6213 6183//6214 6152//6214
f 6184//6215 6182//6213 6153//6216
f 6185//6217 6184//6215 6154//6218
f 6186//6219 6185//6217 6155//6220
f 6187//6221 6186//6219 6156//6222
f 6188//6223 6187//6221 6157//6224
f 6189//6225 6188//6223 6158//6226
f 6190//6227 6189//6225 6159//6228
f 6191//6229 6190//6227 6160//6230
f 6192//6231 6191//6229 6161//6232
f 6193//6233 6192//6231 6162//6234
f 6194//6235 6193//6233 6163//6236
f 6195//6237 6194//6235 6164//6238
f 6196//6239 6195//6237 6165//6240
f 6197//6241 6196//6239 6166//6242
f 6198//6243 6197//6241 6167//6244
f 6199//6245 6198//6243 6168//6246
f 6200//6247 6199//6245 6169//6248
f 6201//6249 6200//6247 6170//6250
f 6202//6251 6201//6249 6171//6252
f 6203//6253 6202//6251 6172//6254
f 6204//6255 6203//6253 6173//6256
f 6205//6257 6204//6255 6174//6258
f 6206//6259 6205//6257 6175//6260
f 6207//6261 6206//6259 6176//6262
f 6208//6263 6207//6261 6177//6264
f 6209//6265 6208//6263 6178//6266
f 6210//6267 6209//6265 6179//6268
f 6211//6269 6210//6267 6180//6270
f 6212//6271 6211//6269 6181//6272
f 6213//6273 6212//6271 6124//6274
f 6214//6275 6213//6273 6125//6276
f 6215//6277 6214//6275 6126//6278
f 6216//6279 6215//6277 6127//6280
f 6217//6281 6216//6279 6128//6282
f 6218//6283 6217//6281 6129//6284
f 6219//6285 6218//6283 6130//6286
f 6220//6287 6219//6285 6131//6288
f 6221//6289 6220//6287 6132//6290
f 6222//6291 6221//6289 6133//6292
f 6223//6293 6222//6291 6134//6294
f 6224//6295 6223//6293 6135//6296
f 6225//6297 6224//6295 6136//6298
f 6226//6299 6225//6297 6137//6300
f 6227//6301 6226//6299 6138//6302
f 6228//6303 6227//6301 6139//6304
f 6229//6305 6228//6303 6140//6306
f 6230//6307 6229//6305 6141//6308
f 6231//6309 6230//6307 6142//6310
f 6232//6311 6231//6309 6143//6312
f 6233//6313 6232//6311 6144//6314
f 6234//6315 6233//6313 6145//6316
f 6235//6317 6234//6315 6146//6318
f 6236//6319 6235//6317 6147//6320
f 6237//6321 6236//6319 6148//6322
f 6238//6323 6237//6321 6149//6324
f 6239//6325 6238//6323 6150//6326
f 6183//6214 6239//6325 6151//6325
f 6151//6325 6152//6214 6183//6214
f 6150//6326 6151//6325 6239//6325
f 6149//6324 6150//6326 6238//6323
f 6148//6322 6149//6324 6237//6321
f 6147//6320 6148//6322 6236//6319
f 6146//6318 6147//6320 6235//6317
f 6145//6316 6146//6318 6234//6315
f 6144//6314 6145//6316 6233//6313
f 6143//6312 6144//6314 6232//6311
f 6142//6310 6143//6312 6231//6309
f 6141//6308 6142//6310 6230//6307
f 6140//6306 6141//6308 6229//6305
f 6139//6304 6140//6306 6228//6303
f 6138//6302 6139//6304 6227//6301
f 6137//6300 6138//6302 6226//6299
f 6136//6298 6137//6300 6225//6297
f 6135//6296 6136//6298 6224//6295
f 6134//6294 6135//6296 6223//6293
f 6133//6292 6134//6294 6222//6291
f 6132//6290 6133//6292 6221//6289
f 6131//6288 6132//6290 6220//6287
f 6130//6286 6131//6288 6219//6285
f 6129//6284 6130//6286 6218//6283
f 6128//6282 6129//6284 6217//6281
f 6127//6280 6128//6282 6216//6279
f 6126//6278 6127//6280 6215//6277
f 6125//6276 6126//6278 6214//6275
f 6124//6274 6125//6276 6213//6273
f 6181//6272 6124//6274 6212//6271
f 6180//6270 6181//6272 6211//6269
f 6179//6268 6180//6270 6210//6267
f 6178//6266 6179//6268 6209//6265
f 6177//6264 6178//6266 6208//6263
f 6176//6262 6177//6264 6207//6261
f 6175//6260 6176//6262 6206//6259
f 6174//6258 6175//6260 6205//6257
f 6173//6256 6174//6258 6204//6255
f 6172//6254 6173//6256 6203//6253
f 6171//6252 6172//6254 6202//6251
f 6170//6250 6171//6252 6201//6249
f 6169//6248 6170//6250 6200//6247
f 6168//6246 6169//6248 6199//6245
f 6167//6244 6168//6246 6198//6243
f 6166//6242 6167//6244 6197//6241
f 6165//6240 6166//6242 6196//6239
f 6164//6238 6165//6240 6195//6237
f 6163//6236 6164//6238 6194//6235
f 6162//6234 6163//6236 6193//6233
f 6161//6232 6162//6234 6192//6231
f 6160//6230 6161//6232 6191//6229
f 6159//6228 6160//6230 6190//6227
f 6158//6226 6159//6228 6189//6225
f 6157//6224 6158//6226 6188//6223
f 6156//6222 6157//6224 6187//6221
f 6155//6220 6156//6222 6186//6219
f 6154//6218 6155//6220 6185//6217
f 6153//6216 6154//6218 6184//6215
f 6152//6214 6153//6216 6182//6213
f 6240//6327 6212//6327 6213//6327
f 6213//6327 6214//6327 6240//6327
f 6214//6327 6215//6327 6240//6327
f 6215//6327 6216//6327 6240//6327
f 6216//6327 6217//6327 6240//6327
f 6217//6327 6218//6327 6240//6327
f 6218//6327 6219//6327 6240//6327
f 6219//6327 6220//6327 6240//6327
f 6220//6327 6221//6327 6240//6327
f 6221//6327 6222//6327 6240//6327
f 6222//6327 6223//6327 6240//6327
f 6223//6327 6224//6327 6240//6327
f 6224//6327 6225//6327 6240//6327
f 6225//6327 6226//6327 6240//6327
f 6226//6327 6227//6327 6240//6327
f 6227//6327 6228//6327 6240//6327
f 6228//6327 6229//6327 6240//6327
f 6229//6327 6230//6327 6240//6327
f 6230//6327 6231//6327 6240//6327
f 6231//6327 6232//6327 6240//6327
f 6232//6327 6233//6327 6240//6327
f 6233//6327 6234//6327 6240//6327
f 6234//6327 6235//6327 6240//6327
f 6235//6327 6236//6327 6240//6327
f 6236//6327 6237//6327 6240//6327
f 6237//6327 6238//6327 6240//6327
f 6238//6327 6239//6327 6240//6327
f 6239//6327 6183//6327 6240//6327
f 6183//6327 6182//6327 6240//6327
f 6182//6327 6184//6327 6240//6327
f 6184//6327 6185//6327 6240//6327
f 6185//6327 6186//6327 6240//6327
f 6186//6327 6187//6327 6240//6327
f 6187//6327 6188//6327 6240//6327
f 6188//6327 6189//6327 6240//6327
f 6189//6327 6190//6327 6240//6327
f 6190//6327 6191//6327 6240//6327
f 6191//6327 6192//6327 6240//6327
f 6192//6327 6193//6327 6240//6327
f 6193//6327 6194//6327 6240//6327
f 6194//6327 6195//6327 6240//6327
f 6195//6327 6196//6327 6240//6327
f 6196//6327 6197//6327 6240//6327
f 6197//6327 6198//6327 6240//6327
f 6198//6327 6199//6327 6240//6327
f 6199//6327 6200//6327 6240//6327
f 6200//6327 6201//6327 6240//6327
f 6201//6327 6202//6327 6240//6327
f 6202//6327 6203//6327 6240//6327
f 6203//6327 6204//6327 6240//6327
f 6204//6327 6205//6327 6240//6327
f 6205//6327 6206//6327 6240//6327
f 6206//6327 6207//6327 6240//6327
f 6207//6327 6208//6327 6240//6327
f 6208//6327 6209//6327 6240//6327
f 6209//6327 6210//6327 6240//6327
f 6210//6327 6211//6327 6240//6327
f 6211//6327 6212//6327 6240//6327
f 5095//6328 5094//6329 6241//6329
f 5094//6329 5081//6330 6242//6330
f 5081//6330 5080//6331 6243//6331
f 5080//6331 5075//6332 6244//6332
f 5075//6332 5074//6333 6245//6333
f 5074//6333 5082//6334 6246//6334
f 5082//6334 5090//6335 6247//6335
f 5090//6335 5089//6336 6248//6336
f 5089//6336 5063//6337 6249//6337
f 5063//6337 5062//6338 6250//6338
f 5062//6338 5065//6339 6251//6339
f 5065//6339 5064//6340 6252//6340
f 5064//6340 5083//6341 6253//6341
f 5083//6341 5067//6342 6254//6342
f 5067//6342 5066//6343 6255//6343
f 5066//6343 5084//6344 6256//6344
f 5084//6344 5096//6345 6257//6345
f 5096//6345 5098//6346 6258//6346
f 5098//6346 5097//6347 6259//6347
f 5097//6347 5092//6348 6260//6348
f 5092//6348 5091//6349 6261//6349
f 5091//6349 5076//6350 6262//6350
f 5076//6350 5054//6351 6263//6351
f 5054//6351 5053//6352 6264//6352
f 5053//6352 5055//6353 6265//6353
f 5055//6353 5043//6354 6266//6354
f 5043//6354 5077//6355 6267//6355
f 5077//6355 5093//6356 6268//6356
f 5093//6356 5086//6357 6269//6357
f 5086//6357 5085//6358 6270//6358
f 5085//6358 5099//6359 6271//6359
f 5099//6359 5069//6360 6272//6360
f 5069//6360 5068//6361 6273//6361
f 5068//6361 5087//6362 6274//6362
f 5087//6362 5044//6363 6275//6363
f 5044//6363 5078//6364 6276//6364
f 5078//6364 5031//6365 6277//6365
f 5031//6365 5034//6366 6278//6366
f 5034//6366 5026//6367 6279//6367
f 5026//6367 5036//6368 6280//6368
f 5036//6368 5038//6369 6281//6369
f 5038//6369 5047//6370 6282//6370
f 5047//6370 5057//6371 6283//6371
f 5057//6371 5050//6372 6284//6372
f 5050//6372 5058//6373 6285//6373
f 5058//6373 5059//6374 6286//6374
f 5059//6374 5042//6375 6287//6375
f 5042//6375 5051//6376 6288//6376
f 5051//6376 5052//6377 6289//6377
f 5052//6377 5070//6378 6290//6378
f 5070//6378 5061//6379 6291//6379
f 5061//6379 5060//6380 6292//6380
f 5060//6380 5071//6381 6293//6381
f 5071//6381 5079//6382 6294//6382
f 5079//6382 5073//6383 6295//6383
f 5073//6383 5072//6384 6296//6384
f 5072//6384 5088//6385 6297//6385
f 5088//6385 5095//6328 6298//6386
f 6298//6386 6297//6385 5088//6385
f 6297//6385 6296//6384 5072//6384
f 6296//6384 6295//6383 5073//6383
f 6295//6383 6294//6382 5079//6382
f 6294//6382 6293//6381 5071//6381
f 6293//6381 6292//6380 5060//6380
f 6292//6380 6291//6379 5061//6379
f 6291//6379 6290//6378 5070//6378
f 6290//6378 6289//6377 5052//6377
f 6289//6377 6288//6376 5051//6376
f 6288//6376 6287//6375 5042//6375
f 6287//6375 6286//6374 5059//6374
f 6286//6374 6285//6373 5058//6373
f 6285//6373 6284//6372 5050//6372
f 6284//6372 6283//6371 5057//6371
f 6283//6371 6282//6370 5047//6370
f 6282//6370 6281//6369 5038//6369
f 6281//6369 6280//6368 5036//6368
f 6280//6368 6279//6367 5026//6367
f 6279//6367 6278//6366 5034//6366
f 6278//6366 6277//6365 5031//6365
f 6277//6365 6276//6364 5078//6364
f 6276//6364 6275//6363 5044//6363
f 6275//6363 6274//6362 5087//6362
f 6274//6362 6273//6361 5068//6361
f 6273//6361 6272//6360 5069//6360
f 6272//6360 6271//6359 5099//6359
f 6271//6359 6270//6358 5085//6358
f 6270//6358 6269//6357 5086//6357
f 6269//6357 6268//6356 5093//6356
f 6268//6356 6267//6355 5077//6355
f 6267//6355 6266//6354 5043//6354
f 6266//6354 6265//6353 5055//6353
f 6265//6353 6264//6352 5053//6352
f 6264//6352 6263//6351 5054//6351
f 6263//6351 6262//6350 5076//6350
f 6262//6350 6261//6349 5091//6349
f 6261//6349 6260//6348 5092//6348
f 6260//6348 6259//6347 5097//6347
f 6259//6347 6258//6346 5098//6346
f 6258//6346 6257//6345 5096//6345
f 6257//6345 6256//6344 5084//6344
f 6256//6344 6255//6343 5066//6343
f 6255//6343 6254//6342 5067//6342
f 6254//6342 6253//6341 5083//6341
f 6253//6341 6252//6340 5064//6340
f 6252//6340 6251//6339 5065//6339
f 6251//6339 6250//6338 5062//6338
f 6250//6338 6249//6337 5063//6337
f 6249//6337 6248//6336 5089//6336
f 6248//6336 6247//6335 5090//6335
f 6247//6335 6246//6334 5082//6334
f 6246//6334 6245//6333 5074//6333
f 6245//6333 6244//6332 5075//6332
f 6244//6332 6243//6331 5080//6331
f 6243//6331 6242//6330 5081//6330
f 6242//6330 6241//6329 5094//6329
f 6241//6329 6298//6386 5095//6328
f 6299//6387 6300//6388 6269//6388
f 6301//6389 6299//6387 6270//6390
f 6302//6391 6301//6389 6271//6392
f 6303//6393 6302//6391 6272//6394
f 6304//6395 6303//6393 6273//6396
f 6305//6397 6304//6395 6274//6398
f 6306//6399 6305//6397 6275//6400
f 6307//6401 6306//6399 6276//6402
f 6308//6403 6307//6401 6277//6404
f 6309//6405 6308//6403 6278//6406
f 6310//6407 6309//6405 6279//6408
f 6311//6409 6310//6407 6280//6410
f 6312//6411 6311//6409 6281//6412
f 6313//6413 6312//6411 6282//6414
f 6314//6415 6313//6413 6283//6416
f 6315//6417 6314//6415 6284//6418
f 6316//6419 6315//6417 6285//6420
f 6317//6421 6316//6419 6286//6422
f 6318//6423 6317//6421 6287//6424
f 6319//6425 6318//6423 6288//6426
f 6320//6427 6319//6425 6289//6428
f 6321//6429 6320//6427 6290//6430
f 6322//6431 6321//6429 6291//6432
f 6323//6433 6322//6431 6292//6434
f 6324//6435 6323//6433 6293//6436
f 6325//6437 6324//6435 6294//6438
f 6326//6439 6325//6437 6295//6440
f 6327//6441 6326//6439 6296//6442
f 6328//6443 6327//6441 6297//6444
f 6329//6445 6328//6443 6298//6446
f 6330//6447 6329//6445 6241//6448
f 6331//6449 6330//6447 6242//6450
f 6332//6451 6331//6449 6243//6452
f 6333//6453 6332//6451 6244//6454
f 6334//6455 6333//6453 6245//6456
f 6335//6457 6334//6455 6246//6458
f 6336//6459 6335//6457 6247//6460
f 6337//6461 6336//6459 6248//6462
f 6338//6463 6337//6461 6249//6464
f 6339//6465 6338//6463 6250//6466
f 6340//6467 6339//6465 6251//6468
f 6341//6469 6340//6467 6252//6470
f 6342//6471 6341//6469 6253//6472
f 6343//6473 6342//6471 6254//6474
f 6344//6475 6343//6473 6255//6476
f 6345//6477 6344//6475 6256//6478
f 6346//6479 6345//6477 6257//6480
f 6347//6481 6346//6479 6258//6482
f 6348//6483 6347//6481 6259//6484
f 6349//6485 6348//6483 6260//6486
f 6350//6487 6349//6485 6261//6488
f 6351//6489 6350//6487 6262//6490
f 6352//6491 6351//6489 6263//6492
f 6353//6493 6352//6491 6264//6494
f 6354//6495 6353//6493 6265//6496
f 6355//6497 6354//6495 6266//6498
f 6356//6499 6355//6497 6267//6500
f 6300//6388 6356//6499 6268//6499
f 6268//6499 6269//6388 6300//6388
f 6267//6500 6268//6499 6356//6499
f 6266//6498 6267//6500 6355//6497
f 6265//6496 6266//6498 6354//6495
f 6264//6494 6265//6496 6353//6493
f 6263//6492 6264//6494 6352//6491
f 6262//6490 6263//6492 6351//6489
f 6261//6488 6262//6490 6350//6487
f 6260//6486 6261//6488 6349//6485
f 6259//6484 6260//6486 6348//6483
f 6258//6482 6259//6484 6347//6481
f 6257//6480 6258//6482 6346//6479
f 6256//6478 6257//6480 6345//6477
f 6255//6476 6256//6478 6344//6475
f 6254//6474 6255//6476 6343//6473
f 6253//6472 6254//6474 6342//6471
f 6252//6470 6253//6472 6341//6469
f 6251//6468 6252//6470 6340//6467
f 6250//6466 6251//6468 6339//6465
f 6249//6464 6250//6466 6338//6463
f 6248//6462 6249//6464 6337//6461
f 6247//6460 6248//6462 6336//6459
f 6246//6458 6247//6460 6335//6457
f 6245//6456 6246//6458 6334//6455
f 6244//6454 6245//6456 6333//6453
f 6243//6452 6244//6454 6332//6451
f 6242//6450 6243//6452 6331//6449
f 6241//6448 6242//6450 6330//6447
f 6298//6446 6241//6448 6329//6445
f 6297//6444 6298//6446 6328//6443
f 6296//6442 6297//6444 6327//6441
f 6295//6440 6296//6442 6326//6439
f 6294//6438 6295//6440 6325//6437
f 6293//6436 6294//6438 6324//6435
f 6292//6434 6293//6436 6323//6433
f 6291//6432 6292//6434 6322//6431
f 6290//6430 6291//6432 6321//6429
f 6289//6428 6290//6430 6320//6427
f 6288//6426 6289//6428 6319//6425
f 6287//6424 6288//6426 6318//6423
f 6286//6422 6287//6424 6317//6421
f 6285//6420 6286//6422 6316//6419
f 6284//6418 6285//6420 6315//6417
f 6283//6416 6284//6418 6314//6415
f 6282//6414 6283//6416 6313//6413
f 6281//6412 6282//6414 6312//6411
f 6280//6410 6281//6412 6311//6409
f 6279//6408 6280//6410 6310//6407
f 6278//6406 6279//6408 6309//6405
f 6277//6404 6278//6406 6308//6403
f 6276//6402 6277//6404 6307//6401
f 6275//6400 6276//6402 6306//6399
f 6274//6398 6275//6400 6305//6397
f 6273//6396 6274//6398 6304//6395
f 6272//6394 6273//6396 6303//6393
f 6271//6392 6272//6394 6302//6391
f 6270//6390 6271//6392 6301//6389
f 6269//6388 6270//6390 6299//6387
f 6357//6501 6329//6501 6330//6501
f 6330//6501 6331//6501 6357//6501
f 6331//6501 6332//6501 6357//6501
f 6332//6501 6333//6501 6357//6501
f 6333//6501 6334//6501 6357//6501
f 6334//6501 6335//6501 6357//6501
f 6335//6501 6336//6501 6357//6501
f 6336//6501 6337//6501 6357//6501
f 6337//6501 6338//6501 6357//6501
f 6338//6501 6339//6501 6357//6501
f 6339//6501 6340//6501 6357//6501
f 6340//6501 6341//6501 6357//6501
f 6341//6501 6342//6501 6357//6501
f 6342//6501 6343//6501 6357//6501
f 6343//6501 6344//6501 6357//6501
f 6344//6501 6345//6501 6357//6501
f 6345//6501 6346//6501 6357//6501
f 6346//6501 6347//6501 6357//6501
f 6347//6501 6348//6501 6357//6501
f 6348//6501 6349//6501 6357//6501
f 6349//6501 6350//6501 6357//6501
f 6350//6501 6351//6501 6357//6501
f 6351//6501 6352//6501 6357//6501
f 6352//6501 6353//6501 6357//6501
f 6353//6501 6354//6501 6357//6501
f 6354//6501 6355//6501 6357//6501
f 6355//6501 6356//6501 6357//6501
f 6356//6501 6300//6501 6357//6501
f 6300//6501 6299//6501 6357//6501
f 6299//6501 6301//6501 6357//6501
f 6301//6501 6302//6501 6357//6501
f 6302//6501 6303//6501 6357//6501
f 6303//6501 6304//6501 6357//6501
f 6304//6501 6305//6501 6357//6501
f 6305//6501 6306//6501 6357//6501
f 6306//6501 6307//6501 6357//6501
f 6307//6501 6308//6501 6357//6501
f 6308//6501 6309//6501 6357//6501
f 6309//6501 6310//6501 6357//6501
f 6310//6501 6311//6501 6357//6501
f 6311//6501 6312//6501 6357//6501
f 6312//6501 6313//6501 6357//6501
f 6313//6501 6314//6501 6357//6501
f 6314//6501 6315//6501 6357//6501
f 6315//6501 6316//6501 6357//6501
f 6316//6501 6317//6501 6357//6501
f 6317//6501 6318//6501 6357//6501
f 6318//6501 6319//6501 6357//6501
f 6319//6501 6320//6501 6357//6501
f 6320//6501 6321//6501 6357//6501
f 6321//6501 6322//6501 6357//6501
f 6322//6501 6323//6501 6357//6501
f 6323//6501 6324//6501 6357//6501
f 6324//6501 6325//6501 6357//6501
f 6325//6501 6326//6501 6357//6501
f 6326//6501 6327//6501 6357//6501
f 6327//6501 6328//6501 6357//6501
f 6328//6501 6329//6501 6357//6501
f 4873//6502 4866//6503 6358//6503
f 4866//6503 4843//6504 6359//6504
f 4843//6504 4809//6505 6360//6505
f 4809//6505 4820//6506 6361//6506
f 4820//6506 4810//6507 6362//6507
f 4810//6507 4844//6508 6363//6508
f 4844//6508 4846//6509 6364//6509
f 4846//6509 4845//6510 6365//6510
f 4845//6510 4828//6511 6366//6511
f 4828//6511 4827//6512 6367//6512
f 4827//6512 4838//6513 6368//6513
f 4838//6513 4830//6514 6369//6514
f 4830//6514 4829//6515 6370//6515
f 4829//6515 4812//6516 6371//6516
f 4812//6516 4811//6517 6372//6517
f 4811//6517 4813//6518 6373//6518
f 4813//6518 4822//6519 6374//6519
f 4822//6519 4821//6520 6375//6520
f 4821//6520 4832//6521 6376//6521
f 4832//6521 4831//6522 6377//6522
f 4831//6522 4824//6523 6378//6523
f 4824//6523 4823//6524 6379//6524
f 4823//6524 4826//6525 6380//6525
f 4826//6525 4825//6526 6381//6526
f 4825//6526 4840//6527 6382//6527
f 4840//6527 4839//6528 6383//6528
f 4839//6528 4867//6529 6384//6529
f 4867//6529 4857//6530 6385//6530
f 4857//6530 4847//6531 6386//6531
f 4847//6531 4869//6532 6387//6532
f 4869//6532 4868//6533 6388//6533
f 4868//6533 4859//6534 6389//6534
f 4859//6534 4858//6535 6390//6535
f 4858//6535 4860//6536 6391//6536
f 4860//6536 4834//6537 6392//6537
f 4834//6537 4833//6538 6393//6538
f 4833//6538 4816//6539 6394//6539
f 4816//6539 4815//6540 6395//6540
f 4815//6540 4817//6541 6396//6541
f 4817//6541 4802//6542 6397//6542
f 4802//6542 4801//6543 6398//6543
f 4801//6543 4804//6544 6399//6544
f 4804//6544 4805//6545 6400//6545
f 4805//6545 4808//6546 6401//6546
f 4808//6546 4819//6547 6402//6547
f 4819//6547 4818//6548 6403//6548
f 4818//6548 4841//6549 6404//6549
f 4841//6549 4837//6550 6405//6550
f 4837//6550 4836//6551 6406//6551
f 4836//6551 4861//6552 6407//6552
f 4861//6552 4863//6553 6408//6553
f 4863//6553 4855//6554 6409//6554
f 4855//6554 4871//6555 6410//6555
f 4871//6555 4870//6556 6411//6556
f 4870//6556 4865//6557 6412//6557
f 4865//6557 4872//6558 6413//6558
f 4872//6558 4874//6559 6414//6559
f 4874//6559 4873//6502 6415//6560
f 6415//6560 6414//6559 4874//6559
f 6414//6559 6413//6558 4872//6558
f 6413//6558 6412//6557 4865//6557
f 6412//6557 6411//6556 4870//6556
f 6411//6556 6410//6555 4871//6555
f 6410//6555 6409//6554 4855//6554
f 6409//6554 6408//6553 4863//6553
f 6408//6553 6407//6552 4861//6552
f 6407//6552 6406//6551 4836//6551
f 6406//6551 6405//6550 4837//6550
f 6405//6550 6404//6549 4841//6549
f 6404//6549 6403//6548 4818//6548
f 6403//6548 6402//6547 4819//6547
f 6402//6547 6401//6546 4808//6546
f 6401//6546 6400//6545 4805//6545
f 6400//6545 6399//6544 4804//6544
f 6399//6544 6398//6543 4801//6543
f 6398//6543 6397//6542 4802//6542
f 6397//6542 6396//6541 4817//6541
f 6396//6541 6395//6540 4815//6540
f 6395//6540 6394//6539 4816//6539
f 6394//6539 6393//6538 4833//6538
f 6393//6538 6392//6537 4834//6537
f 6392//6537 6391//6536 4860//6536
f 6391//6536 6390//6535 4858//6535
f 6390//6535 6389//6534 4859//6534
f 6389//6534 6388//6533 4868//6533
f 6388//6533 6387//6532 4869//6532
f 6387//6532 6386//6531 4847//6531
f 6386//6531 6385//6530 4857//6530
f 6385//6530 6384//6529 4867//6529
f 6384//6529 6383//6528 4839//6528
f 6383//6528 6382//6527 4840//6527
f 6382//6527 6381//6526 4825//6526
f 6381//6526 6380//6525 4826//6525
f 6380//6525 6379//6524 4823//6524
f 6379//6524 6378//6523 4824//6523
f 6378//6523 6377//6522 4831//6522
f 6377//6522 6376//6521 4832//6521
f 6376//6521 6375//6520 4821//6520
f 6375//6520 6374//6519 4822//6519
f 6374//6519 6373//6518 4813//6518
f 6373//6518 6372//6517 4811//6517
f 6372//6517 6371//6516 4812//6516
f 6371//6516 6370//6515 4829//6515
f 6370//6515 6369//6514 4830//6514
f 6369//6514 6368//6513 4838//6513
f 6368//6513 6367//6512 4827//6512
f 6367//6512 6366//6511 4828//6511
f 6366//6511 6365//6510 4845//6510
f 6365//6510 6364//6509 4846//6509
f 6364//6509 6363//6508 4844//6508
f 6363//6508 6362//6507 4810//6507
f 6362//6507 6361//6506 4820//6506
f 6361//6506 6360//6505 4809//6505
f 6360//6505 6359//6504 4843//6504
f 6359//6504 6358//6503 4866//6503
f 6358//6503 6415//6560 4873//6502
f 6416//6561 6417//6562 6386//6562
f 6418//6563 6416//6561 6387//6564
f 6419//6565 6418//6563 6388//6566
f 6420//6567 6419//6565 6389//6568
f 6421//6569 6420//6567 6390//6570
f 6422//6571 6421//6569 6391//6572
f 6423//6573 6422//6571 6392//6574
f 6424//6575 6423//6573 6393//6576
f 6425//6577 6424//6575 6394//6578
f 6426//6579 6425//6577 6395//6580
f 6427//6581 6426//6579 6396//6582
f 6428//6583 6427//6581 6397//6584
f 6429//6585 6428//6583 6398//6586
f 6430//6587 6429//6585 6399//6588
f 6431//6589 6430//6587 6400//6590
f 6432//6591 6431//6589 6401//6592
f 6433//6593 6432//6591 6402//6594
f 6434//6595 6433//6593 6403//6596
f 6435//6597 6434//6595 6404//6598
f 6436//6599 6435//6597 6405//6600
f 6437//6601 6436//6599 6406//6602
f 6438//6603 6437//6601 6407//6604
f 6439//6605 6438//6603 6408//6606
f 6440//6607 6439//6605 6409//6608
f 6441//6609 6440//6607 6410//6610
f 6442//6611 6441//6609 6411//6612
f 6443//6613 6442//6611 6412//6614
f 6444//6615 6443//6613 6413//6616
f 6445//6617 6444//6615 6414//6618
f 6446//6619 6445//6617 6415//6620
f 6447//6621 6446//6619 6358//6622
f 6448//6623 6447//6621 6359//6624
f 6449//6625 6448//6623 6360//6626
f 6450//6627 6449//6625 6361//6628
f 6451//6629 6450//6627 6362//6630
f 6452//6631 6451//6629 6363//6632
f 6453//6633 6452//6631 6364//6634
f 6454//6635 6453//6633 6365//6636
f 6455//6637 6454//6635 6366//6638
f 6456//6639 6455//6637 6367//6640
f 6457//6641 6456//6639 6368//6642
f 6458//6643 6457//6641 6369//6644
f 6459//6645 6458//6643 6370//6646
f 6460//6647 6459//6645 6371//6648
f 6461//6649 6460//6647 6372//6650
f 6462//6651 6461//6649 6373//6652
f 6463//6653 6462//6651 6374//6654
f 6464//6655 6463//6653 6375//6656
f 6465//6657 6464//6655 6376//6658
f 6466//6659 6465//6657 6377//6660
f 6467//6661 6466//6659 6378//6662
f 6468//6663 6467//6661 6379//6664
f 6469//6665 6468//6663 6380//6666
f 6470//6667 6469//6665 6381//6668
f 6471//6669 6470//6667 6382//6670
f 6472//6671 6471//6669 6383//6672
f 6473//6673 6472//6671 6384//6674
f 6417//6562 6473//6673 6385//6673
f 6385//6673 6386//6562 6417//6562
f 6384//6674 6385//6673 6473//6673
f 6383//6672 6384//6674 6472//6671
f 6382//6670 6383//6672 6471//6669
f 6381//6668 6382//6670 6470//6667
f 6380//6666 6381//6668 6469//6665
f 6379//6664 6380//6666 6468//6663
f 6378//6662 6379//6664 6467//6661
f 6377//6660 6378//6662 6466//6659
f 6376//6658 6377//6660 6465//6657
f 6375//6656 6376//6658 6464//6655
f 6374//6654 6375//6656 6463//6653
f 6373//6652 6374//6654 6462//6651
f 6372//6650 6373//6652 6461//6649
f 6371//6648 6372//6650 6460//6647
f 6370//6646 6371//6648 6459//6645
f 6369//6644 6370//6646 6458//6643
f 6368//6642 6369//6644 6457//6641
f 6367//6640 6368//6642 6456//6639
f 6366//6638 6367//6640 6455//6637
f 6365//6636 6366//6638 6454//6635
f 6364//6634 6365//6636 6453//6633
f 6363//6632 6364//6634 6452//6631
f 6362//6630 6363//6632 6451//6629
f 6361//6628 6362//6630 6450//6627
f 6360//6626 6361//6628 6449//6625
f 6359//6624 6360//6626 6448//6623
f 6358//6622 6359//6624 6447//6621
f 6415//6620 6358//6622 6446//6619
f 6414//6618 6415//6620 6445//6617
f 6413//6616 6414//6618 6444//6615
f 6412//6614 6413//6616 6443//6613
f 6411//6612 6412//6614 6442//6611
f 6410//6610 6411//6612 6441//6609
f 6409//6608 6410//6610 6440//6607
f 6408//6606 6409//6608 6439//6605
f 6407//6604 6408//6606 6438//6603
f 6406//6602 6407//6604 6437//6601
f 6405//6600 6406//6602 6436//6599
f 6404//6598 6405//6600 6435//6597
f 6403//6596 6404//6598 6434//6595
f 6402//6594 6403//6596 6433//6593
f 6401//6592 6402//6594 6432//6591
f 6400//6590 6401//6592 6431//6589
f 6399//6588 6400//6590 6430//6587
f 6398//6586 6399//6588 6429//6585
f 6397//6584 6398//6586 6428//6583
f 6396//6582 6397//6584 6427//6581
f 6395//6580 6396//6582 6426//6579
f 6394//6578 6395//6580 6425//6577
f 6393//6576 6394//6578 6424//6575
f 6392//6574 6393//6576 6423//6573
f 6391//6572 6392//6574 6422//6571
f 6390//6570 6391//6572 6421//6569
f 6389//6568 6390//6570 6420//6567
f 6388//6566 6389//6568 6419//6565
f 6387//6564 6388//6566 6418//6563
f 6386//6562 6387//6564 6416//6561
f 6474//6675 6446//6675 6447//6675
f 6447//6675 6448//6675 6474//6675
f 6448//6675 6449//6675 6474//6675
f 6449//6675 6450//6675 6474//6675
f 6450//6675 6451//6675 6474//6675
f 6451//6675 6452//6675 6474//6675
f 6452//6675 6453//6675 6474//6675
f 6453//6675 6454//6675 6474//6675
f 6454//6675 6455//6675 6474//6675
f 6455//6675 6456//6675 6474//6675
f 6456//6675 6457//6675 6474//6675
f 6457//6675 6458//6675 6474//6675
f 6458//6675 6459//6675 6474//6675
f 6459//6675 6460//6675 6474//6675
f 6460//6675 6461//6675 6474//6675
f 6461//6675 6462//6675 6474//6675
f 6462//6675 6463//6675 6474//6675
f 6463//6675 6464//6675 6474//6675
f 6464//6675 6465//6675 6474//6675
f 6465//6675 6466//6675 6474//6675
f 6466//6675 6467//6675 6474//6675
f 6467//6675 6468//6675 6474//6675
f 6468//6675 6469//6675 6474//6675
f 6469//6675 6470//6675 6474//6675
f 6470//6675 6471//6675 6474//6675
f 6471//6675 6472//6675 6474//6675
f 6472//6675 6473//6675 6474//6675
f 6473//6675 6417//6675 6474//6675
f 6417//6675 6416//6675 6474//6675
f 6416//6675 6418//6675 6474//6675
f 6418//6675 6419//6675 6474//6675
f 6419//6675 6420//6675 6474//6675
f 6420//6675 6421//6675 6474//6675
f 6421//6675 6422//6675 6474//6675
f 6422//6675 6423//6675 6474//6675
f 6423//6675 6424//6675 6474//6675
f 6424//6675 6425//6675 6474//6675
f 6425//6675 6426//6675 6474//6675
f 6426//6675 6427//6675 6474//6675
f 6427//6675 6428//6675 6474//6675
f 6428//6675 6429//6675 6474//6675
f 6429//6675 6430//6675 6474//6675
f 6430//6675 6431//6675 6474//6675
f 6431//6675 6432//6675 6474//6675
f 6432//6675 6433//6675 6474//6675
f 6433//6675 6434//6675 6474//6675
f 6434//6675 6435//6675 6474//6675
f 6435//6675 6436//6675 6474//6675
f 6436//6675 6437//6675 6474//6675
f 6437//6675 6438//6675 6474//6675
f 6438//6675 6439//6675 6474//6675
f 6439//6675 6440//6675 6474//6675
f 6440//6675 6441//6675 6474//6675
f 6441//6675 6442//6675 6474//6675
f 6442//6675 6443//6675 6474//6675
f 6443//6675 6444//6675 6474//6675
f 6444//6675 6445//6675 6474//6675
f 6445//6675 6446//6675 6474//6675
f 4950//6676 4947//6677 6475//6677
f 4947//6677 4933//6678 6476//6678
f 4933//6678 4932//6679 6477//6679
f 4932//6679 4934//6680 6478//6680
f 4934//6680 4935//6681 6479//6681
f 4935//6681 4876//6682 6480//6682
f 4876//6682 4914//6683 6481//6683
f 4914//6683 4913//6684 6482//6684
f 4913//6684 4896//6685 6483//6685
f 4896//6685 4899//6686 6484//6686
f 4899//6686 4879//6687 6485//6687
f 4879//6687 4882//6688 6486//6688
f 4882//6688 4886//6689 6487//6689
f 4886//6689 4902//6690 6488//6690
f 4902//6690 4904//6691 6489//6691
f 4904//6691 4890//6692 6490//6692
f 4890//6692 4889//6693 6491//6693
f 4889//6693 4906//6694 6492//6694
f 4906//6694 4916//6695 6493//6695
f 4916//6695 4908//6696 6494//6696
f 4908//6696 4910//6697 6495//6697
f 4910//6697 4909//6698 6496//6698
f 4909//6698 4917//6699 6497//6699
f 4917//6699 4937//6700 6498//6700
f 4937//6700 4936//6701 6499//6701
f 4936//6701 4939//6702 6500//6702
f 4939//6702 4938//6703 6501//6703
f 4938//6703 4940//6704 6502//6704
f 4940//6704 4931//6705 6503//6705
f 4931//6705 4930//6706 6504//6706
f 4930//6706 4949//6707 6505//6707
f 4949//6707 4948//6708 6506//6708
f 4948//6708 4942//6709 6507//6709
f 4942//6709 4941//6710 6508//6710
f 4941//6710 4944//6711 6509//6711
f 4944//6711 4943//6712 6510//6712
f 4943//6712 4925//6713 6511//6713
f 4925//6713 4924//6714 6512//6714
f 4924//6714 4927//6715 6513//6715
f 4927//6715 4926//6716 6514//6716
f 4926//6716 4919//6717 6515//6717
f 4919//6717 4918//6718 6516//6718
f 4918//6718 4892//6719 6517//6719
f 4892//6719 4891//6720 6518//6720
f 4891//6720 4894//6721 6519//6721
f 4894//6721 4893//6722 6520//6722
f 4893//6722 4929//6723 6521//6723
f 4929//6723 4928//6724 6522//6724
f 4928//6724 4921//6725 6523//6725
f 4921//6725 4920//6726 6524//6726
f 4920//6726 4923//6727 6525//6727
f 4923//6727 4922//6728 6526//6728
f 4922//6728 4895//6729 6527//6729
f 4895//6729 4911//6730 6528//6730
f 4911//6730 4912//6731 6529//6731
f 4912//6731 4946//6732 6530//6732
f 4946//6732 4945//6733 6531//6733
f 4945//6733 4950//6676 6532//6734
f 6532//6734 6531//6733 4945//6733
f 6531//6733 6530//6732 4946//6732
f 6530//6732 6529//6731 4912//6731
f 6529//6731 6528//6730 4911//6730
f 6528//6730 6527//6729 4895//6729
f 6527//6729 6526//6728 4922//6728
f 6526//6728 6525//6727 4923//6727
f 6525//6727 6524//6726 4920//6726
f 6524//6726 6523//6725 4921//6725
f 6523//6725 6522//6724 4928//6724
f 6522//6724 6521//6723 4929//6723
f 6521//6723 6520//6722 4893//6722
f 6520//6722 6519//6721 4894//6721
f 6519//6721 6518//6720 4891//6720
f 6518//6720 6517//6719 4892//6719
f 6517//6719 6516//6718 4918//6718
f 6516//6718 6515//6717 4919//6717
f 6515//6717 6514//6716 4926//6716
f 6514//6716 6513//6715 4927//6715
f 6513//6715 6512//6714 4924//6714
f 6512//6714 6511//6713 4925//6713
f 6511//6713 6510//6712 4943//6712
f 6510//6712 6509//6711 4944//6711
f 6509//6711 6508//6710 4941//6710
f 6508//6710 6507//6709 4942//6709
f 6507//6709 6506//6708 4948//6708
f 6506//6708 6505//6707 4949//6707
f 6505//6707 6504//6706 4930//6706
f 6504//6706 6503//6705 4931//6705
f 6503//6705 6502//6704 4940//6704
f 6502//6704 6501//6703 4938//6703
f 6501//6703 6500//6702 4939//6702
f 6500//6702 6499//6701 4936//6701
f 6499//6701 6498//6700 4937//6700
f 6498//6700 6497//6699 4917//6699
f 6497//6699 6496//6698 4909//6698
f 6496//6698 6495//6697 4910//6697
f 6495//6697 6494//6696 4908//6696
f 6494//6696 6493//6695 4916//6695
f 6493//6695 6492//6694 4906//6694
f 6492//6694 6491//6693 4889//6693
f 6491//6693 6490//6692 4890//6692
f 6490//6692 6489//6691 4904//6691
f 6489//6691 6488//6690 4902//6690
f 6488//6690 6487//6689 4886//6689
f 6487//6689 6486//6688 4882//6688
f 6486//6688 6485//6687 4879//6687
f 6485//6687 6484//6686 4899//6686
f 6484//6686 6483//6685 4896//6685
f 6483//6685 6482//6684 4913//6684
f 6482//6684 6481//6683 4914//6683
f 6481//6683 6480//6682 4876//6682
f 6480//6682 6479//6681 4935//6681
f 6479//6681 6478//6680 4934//6680
f 6478//6680 6477//6679 4932//6679
f 6477//6679 6476//6678 4933//6678
f 6476//6678 6475//6677 4947//6677
f 6475//6677 6532//6734 4950//6676
f 6533//6735 6534//6736 6503//6736
f 6535//6737 6533//6735 6504//6738
f 6536//6739 6535//6737 6505//6740
f 6537//6741 6536//6739 6506//6742
f 6538//6743 6537//6741 6507//6744
f 6539//6745 6538//6743 6508//6746
f 6540//6747 6539//6745 6509//6748
f 6541//6749 6540//6747 6510//6750
f 6542//6751 6541//6749 6511//6752
f 6543//6753 6542//6751 6512//6754
f 6544//6755 6543//6753 6513//6756
f 6545//6757 6544//6755 6514//6758
f 6546//6759 6545//6757 6515//6760
f 6547//6761 6546//6759 6516//6762
f 6548//6763 6547//6761 6517//6764
f 6549//6765 6548//6763 6518//6766
f 6550//6767 6549//6765 6519//6768
f 6551//6769 6550//6767 6520//6770
f 6552//6771 6551//6769 6521//6772
f 6553//6773 6552//6771 6522//6774
f 6554//6775 6553//6773 6523//6776
f 6555//6777 6554//6775 6524//6778
f 6556//6779 6555//6777 6525//6780
f 6557//6781 6556//6779 6526//6782
f 6558//6783 6557//6781 6527//6784
f 6559//6785 6558//6783 6528//6786
f 6560//6787 6559//6785 6529//6788
f 6561//6789 6560//6787 6530//6790
f 6562//6791 6561//6789 6531//6792
f 6563//6793 6562//6791 6532//6794
f 6564//6795 6563//6793 6475//6796
f 6565//6797 6564//6795 6476//6798
f 6566//6799 6565//6797 6477//6800
f 6567//6801 6566//6799 6478//6802
f 6568//6803 6567//6801 6479//6804
f 6569//6805 6568//6803 6480//6806
f 6570//6807 6569//6805 6481//6808
f 6571//6809 6570//6807 6482//6810
f 6572//6811 6571//6809 6483//6812
f 6573//6813 6572//6811 6484//6814
f 6574//6815 6573//6813 6485//6816
f 6575//6817 6574//6815 6486//6818
f 6576//6819 6575//6817 6487//6820
f 6577//6821 6576//6819 6488//6822
f 6578//6823 6577//6821 6489//6824
f 6579//6825 6578//6823 6490//6826
f 6580//6827 6579//6825 6491//6828
f 6581//6829 6580//6827 6492//6830
f 6582//6831 6581//6829 6493//6832
f 6583//6833 6582//6831 6494//6834
f 6584//6835 6583//6833 6495//6836
f 6585//6837 6584//6835 6496//6838
f 6586//6839 6585//6837 6497//6840
f 6587//6841 6586//6839 6498//6842
f 6588//6843 6587//6841 6499//6844
f 6589//6845 6588//6843 6500//6846
f 6590//6847 6589//6845 6501//6848
f 6534//6736 6590//6847 6502//6847
f 6502//6847 6503//6736 6534//6736
f 6501//6848 6502//6847 6590//6847
f 6500//6846 6501//6848 6589//6845
f 6499//6844 6500//6846 6588//6843
f 6498//6842 6499//6844 6587//6841
f 6497//6840 6498//6842 6586//6839
f 6496//6838 6497//6840 6585//6837
f 6495//6836 6496//6838 6584//6835
f 6494//6834 6495//6836 6583//6833
f 6493//6832 6494//6834 6582//6831
f 6492//6830 6493//6832 6581//6829
f 6491//6828 6492//6830 6580//6827
f 6490//6826 6491//6828 6579//6825
f 6489//6824 6490//6826 6578//6823
f 6488//6822 6489//6824 6577//6821
f 6487//6820 6488//6822 6576//6819
f 6486//6818 6487//6820 6575//6817
f 6485//6816 6486//6818 6574//6815
f 6484//6814 6485//6816 6573//6813
f 6483//6812 6484//6814 6572//6811
f 6482//6810 6483//6812 6571//6809
f 6481//6808 6482//6810 6570//6807
f 6480//6806 6481//6808 6569//6805
f 6479//6804 6480//6806 6568//6803
f 6478//6802 6479//6804 6567//6801
f 6477//6800 6478//6802 6566//6799
f 6476//6798 6477//6800 6565//6797
f 6475//6796 6476//6798 6564//6795
f 6532//6794 6475//6796 6563//6793
f 6531//6792 6532//6794 6562//6791
f 6530//6790 6531//6792 6561//6789
f 6529//6788 6530//6790 6560//6787
f 6528//6786 6529//6788 6559//6785
f 6527//6784 6528//6786 6558//6783
f 6526//6782 6527//6784 6557//6781
f 6525//6780 6526//6782 6556//6779
f 6524//6778 6525//6780 6555//6777
f 6523//6776 6524//6778 6554//6775
f 6522//6774 6523//6776 6553//6773
f 6521//6772 6522//6774 6552//6771
f 6520//6770 6521//6772 6551//6769
f 6519//6768 6520//6770 6550//6767
f 6518//6766 6519//6768 6549//6765
f 6517//6764 6518//6766 6548//6763
f 6516//6762 6517//6764 6547//6761
f 6515//6760 6516//6762 6546//6759
f 6514//6758 6515//6760 6545//6757
f 6513//6756 6514//6758 6544//6755
f 6512//6754 6513//6756 6543//6753
f 6511//6752 6512//6754 6542//6751
f 6510//6750 6511//6752 6541//6749
f 6509//6748 6510//6750 6540//6747
f 6508//6746 6509//6748 6539//6745
f 6507//6744 6508//6746 6538//6743
f 6506//6742 6507//6744 6537//6741
f 6505//6740 6506//6742 6536//6739
f 6504//6738 6505//6740 6535//6737
f 6503//6736 6504//6738 6533//6735
f 6591//6849 6563//6849 6564//6849
f 6564//6849 6565//6849 6591//6849
f 6565//6849 6566//6849 6591//6849
f 6566//6849 6567//6849 6591//6849
f 6567//6849 6568//6849 6591//6849
f 6568//6849 6569//6849 6591//6849
f 6569//6849 6570//6849 6591//6849
f 6570//6849 6571//6849 6591//6849
f 6571//6849 6572//6849 6591//6849
f 6572//6849 6573//6849 6591//6849
f 6573//6849 6574//6849 6591//6849
f 6574//6849 6575//6849 6591//6849
f 6575//6849 6576//6849 6591//6849
f 6576//6849 6577//6849 6591//6849
f 6577//6849 6578//6849 6591//6849
f 6578//6849 6579//6849 6591//6849
f 6579//6849 6580//6849 6591//6849
f 6580//6849 6581//6849 6591//6849
f 6581//6849 6582//6849 6591//6849
f 6582//6849 6583//6849 6591//6849
f 6583//6849 6584//6849 6591//6849
f 6584//6849 6585//6849 6591//6849
f 6585//6849 6586//6849 6591//6849
f 6586//6849 6587//6849 6591//6849
f 6587//6849 6588//6849 6591//6849
f 6588//6849 6589//6849 6591//6849
f 6589//6849 6590//6849 6591//6849
f 6590//6849 6534//6849 6591//6849
f 6534//6849 6533//6849 6591//6849
f 6533//6849 6535//6849 6591//6849
f 6535//6849 6536//6849 6591//6849
f 6536//6849 6537//6849 6591//6849
f 6537//6849 6538//6849 6591//6849
f 6538//6849 6539//6849 6591//6849
f 6539//6849 6540//6849 6591//6849
f 6540//6849 6541//6849 6591//6849
f 6541//6849 6542//6849 6591//6849
f 6542//6849 6543//6849 6591//6849
f 6543//6849 6544//6849 6591//6849
f 6544//6849 6545//6849 6591//6849
f 6545//6849 6546//6849 6591//6849
f 6546//6849 6547//6849 6591//6849
f 6547//6849 6548//6849 6591//6849
f 6548//6849 6549//6849 6591//6849
f 6549//6849 6550//6849 6591//6849
f 6550//6849 6551//6849 6591//6849
f 6551//6849 6552//6849 6591//6849
f 6552//6849 6553//6849 6591//6849
f 6553//6849 6554//6849 6591//6849
f 6554//6849 6555//6849 6591//6849
f 6555//6849 6556//6849 6591//6849
f 6556//6849 6557//6849 6591//6849
f 6557//6849 6558//6849 6591//6849
f 6558//6849 6559//6849 6591//6849
f 6559//6849 6560//6849 6591//6849
f 6560//6849 6561//6849 6591//6849
f 6561//6849 6562//6849 6591//6849
f 6562//6849 6563//6849 6591//6849
f 4717//6849 6592//6849 6593//6849
f 6593//6849 4702//6849 4717//6849
f 6594//6849 6595//6849 4714//6849
f 6596//6849 4706//6849 4705//6849
f 6597//6849 4703//6849 4702//6849
f 6597//6849 4705//6849 4704//6849
f 4717//6849 6598//6849 6592//6849
f 6599//6849 6600//6849 4701//6849
f 6595//6849 6599//6849 4715//6849
f 4714//6849 4713//6849 6594//6849
f 6601//6849 4709//6849 4708//6849
f 6602//6849 4708//6849 4707//6849
f 6596//6849 4707//6849 4706//6849
f 4704//6849 4703//6849 6597//6849
f 4702//6849 6603//6849 6604//6849
f 4717//6849 6605//6849 6598//6849
f 6606//6849 4671//6849 4670//6849
f 4670//6849 6607//6849 6608//6849
f 4701//6849 4716//6849 6599//6849
f 4713//6849 4712//6849 6594//6849
f 6601//6849 6609//6849 4711//6849
f 4707//6849 6596//6849 6602//6849
f 4702//6849 6610//6849 6597//6849
f 4702//6849 6611//6849 6612//6849
f 4702//6849 6613//6849 6603//6849
f 4717//6849 6614//6849 6605//6849
f 4717//6849 6615//6849 6616//6849
f 6617//6849 6618//6849 4682//6849
f 6619//6849 4674//6849 4673//6849
f 6620//6849 4673//6849 4672//6849
f 6606//6849 4672//6849 4671//6849
f 6608//6849 6621//6849 4670//6849
f 4686//6849 4701//6849 6622//6849
f 4701//6849 6623//6849 6624//6849
f 4715//6849 4714//6849 6595//6849
f 6609//6849 6594//6849 4712//6849
f 4711//6849 4710//6849 6601//6849
f 4705//6849 6597//6849 6596//6849
f 4702//6849 6625//6849 6626//6849
f 6604//6849 6611//6849 4702//6849
f 4702//6849 6627//6849 6628//6849
f 4717//6849 6629//6849 6614//6849
f 4717//6849 6630//6849 6631//6849
f 6616//6849 6632//6849 4717//6849
f 6633//6849 6634//6849 4669//6849
f 6618//6849 6633//6849 4683//6849
f 4682//6849 4681//6849 6617//6849
f 6635//6849 4677//6849 4676//6849
f 6636//6849 4676//6849 4675//6849
f 6619//6849 4675//6849 4674//6849
f 4670//6849 6637//6849 6606//6849
f 4670//6849 6638//6849 6639//6849
f 4670//6849 6640//6849 6641//6849
f 6621//6849 6642//6849 4670//6849
f 4685//6849 6643//6849 6607//6849
f 4701//6849 6644//6849 6622//6849
f 4701//6849 6645//6849 6646//6849
f 4701//6849 6647//6849 6623//6849
f 4716//6849 4715//6849 6599//6849
f 4710//6849 4709//6849 6601//6849
f 6626//6849 6610//6849 4702//6849
f 6628//6849 6613//6849 4702//6849
f 6593//6849 6648//6849 4702//6849
f 4717//6849 6649//6849 6650//6849
f 6632//6849 6630//6849 4717//6849
f 4717//6849 6651//6849 6652//6849
f 6653//6849 6654//6849 4729//6849
f 4669//6849 4684//6849 6633//6849
f 4681//6849 4680//6849 6617//6849
f 6635//6849 6655//6849 4679//6849
f 4675//6849 6619//6849 6636//6849
f 4672//6849 6606//6849 6620//6849
f 4670//6849 6656//6849 6657//6849
f 6641//6849 6638//6849 4670//6849
f 6607//6849 4670//6849 4685//6849
f 4685//6849 6658//6849 6659//6849
f 4686//6849 6660//6849 6661//6849
f 6622//6849 6662//6849 4686//6849
f 6624//6849 6645//6849 4701//6849
f 4712//6849 4711//6849 6609//6849
f 6612//6849 6625//6849 4702//6849
f 6650//6849 6629//6849 4717//6849
f 6652//6849 6615//6849 4717//6849
f 6654//6849 6663//6849 4730//6849
f 4729//6849 4728//6849 6653//6849
f 4669//6849 6664//6849 6665//6849
f 4669//6849 6666//6849 6667//6849
f 4669//6849 6634//6849 6668//6849
f 4683//6849 4682//6849 6618//6849
f 6655//6849 6617//6849 4680//6849
f 4679//6849 4678//6849 6635//6849
f 4673//6849 6620//6849 6619//6849
f 4670//6849 6669//6849 6670//6849
f 6639//6849 6656//6849 4670//6849
f 4670//6849 6671//6849 6672//6849
f 4685//6849 6673//6849 6643//6849
f 4685//6849 6674//6849 6675//6849
f 6659//6849 6676//6849 4685//6849
f 6677//6849 4691//6849 4690//6849
f 6678//6849 4687//6849 4686//6849
f 6678//6849 4689//6849 4688//6849
f 4686//6849 6679//6849 6660//6849
f 6646//6849 6644//6849 4701//6849
f 4701//6849 6680//6849 6681//6849
f 4708//6849 6602//6849 6601//6849
f 6631//6849 6649//6849 4717//6849
f 6682//6849 6683//6849 4717//6849
f 6663//6849 6682//6849 4731//6849
f 4728//6849 4727//6849 6653//6849
f 6684//6849 6685//6849 4726//6849
f 6686//6849 4722//6849 4721//6849
f 6687//6849 4721//6849 4720//6849
f 6688//6849 4718//6849 4668//6849
f 6688//6849 4720//6849 4719//6849
f 4668//6849 6689//6849 6690//6849
f 4668//6849 6691//6849 6692//6849
f 4668//6849 4669//6849 6693//6849
f 4669//6849 6694//6849 6695//6849
f 6667//6849 6664//6849 4669//6849
f 4684//6849 4683//6849 6633//6849
f 4678//6849 4677//6849 6635//6849
f 6670//6849 6637//6849 4670//6849
f 6672//6849 6640//6849 4670//6849
f 6642//6849 6696//6849 4670//6849
f 4685//6849 6697//6849 6698//6849
f 6676//6849 6674//6849 4685//6849
f 4685//6849 6699//6849 6700//6849
f 6701//6849 4698//6849 4697//6849
f 6701//6849 6702//6849 4699//6849
f 6703//6849 4693//6849 4692//6849
f 6677//6849 4692//6849 4691//6849
f 6704//6849 4690//6849 4689//6849
f 4688//6849 4687//6849 6678//6849
f 6661//6849 6705//6849 4686//6849
f 4686//6849 6706//6849 6707//6849
f 6681//6849 6647//6849 4701//6849
f 6648//6849 6627//6849 4702//6849
f 4717//6849 4731//6849 6682//6849
f 4730//6849 4729//6849 6654//6849
f 6685//6849 6653//6849 4727//6849
f 4726//6849 4725//6849 6684//6849
f 6684//6849 4724//6849 4723//6849
f 6686//6849 4723//6849 4722//6849
f 4720//6849 6688//6849 6687//6849
f 4719//6849 4718//6849 6688//6849
f 4668//6849 6708//6849 6709//6849
f 6692//6849 6689//6849 4668//6849
f 4669//6849 6710//6849 6693//6849
f 6665//6849 6694//6849 4669//6849
f 4680//6849 4679//6849 6655//6849
f 6657//6849 6669//6849 4670//6849
f 6698//6849 6673//6849 4685//6849
f 6700//6849 6658//6849 4685//6849
f 6711//6849 6712//6849 4685//6849
f 6702//6849 6711//6849 4700//6849
f 4699//6849 4698//6849 6701//6849
f 6703//6849 6713//6849 4695//6849
f 4690//6849 6704//6849 6677//6849
f 4686//6849 6714//6849 6678//6849
f 6707//6849 6679//6849 4686//6849
f 6600//6849 6680//6849 4701//6849
f 4731//6849 4730//6849 6663//6849
f 4725//6849 4724//6849 6684//6849
f 4721//6849 6715//6849 6686//6849
f 4668//6849 6716//6849 6688//6849
f 6690//6849 6708//6849 4668//6849
f 4668//6849 6717//6849 6718//6849
f 6695//6849 6710//6849 4669//6849
f 4669//6849 6719//6849 6720//6849
f 4676//6849 6636//6849 6635//6849
f 6675//6849 6697//6849 4685//6849
f 4685//6849 4700//6849 6711//6849
f 4697//6849 4696//6849 6701//6849
f 6713//6849 6701//6849 4696//6849
f 4695//6849 4694//6849 6703//6849
f 4689//6849 6678//6849 6704//6849
f 4686//6849 6721//6849 6722//6849
f 6662//6849 6706//6849 4686//6849
f 4727//6849 4726//6849 6685//6849
f 6687//6849 6715//6849 4721//6849
f 4668//6849 6723//6849 6724//6849
f 6718//6849 6691//6849 4668//6849
f 6720//6849 6666//6849 4669//6849
f 6696//6849 6671//6849 4670//6849
f 4700//6849 4699//6849 6702//6849
f 4694//6849 4693//6849 6703//6849
f 6722//6849 6714//6849 4686//6849
f 6683//6849 6651//6849 4717//6849
f 6724//6849 6716//6849 4668//6849
f 4668//6849 6725//6849 6717//6849
f 6668//6849 6719//6849 4669//6849
f 4696//6849 4695//6849 6713//6849
f 6705//6849 6721//6849 4686//6849
f 6709//6849 6723//6849 4668//6849
f 6712//6849 6699//6849 4685//6849
f 4723//6849 6686//6849 6684//6849
f 4692//6849 6677//6849 6703//6849
f 6693//6849 6725//6849 4668//6849
f 8084//8512 8085//8512 8086//8512
f 8087//8512 8086//8512 8085//8512
f 8085//8512 8088//8512 8087//8512
f 8086//8512 8089//8512 8084//8512
f 8088//8512 8090//8512 8087//8512
f 8090//8512 8091//8512 8087//8512
f 8092//8512 8093//8512 8084//8512
f 8090//8512 8094//8512 8095//8512
f 8096//8512 8097//8512 8098//8512
f 8099//8512 8100//8512 8101//8512
f 8095//8512 8091//8512 8090//8512
f 8092//8512 8102//8512 8103//8512
f 8098//8512 8101//8512 8096//8512
f 8099//8512 8104//8512 8100//8512
f 8105//8512 8106//8512 8107//8512
f 8108//8512 8109//8512 8110//8512
f 8103//8512 8093//8512 8092//8512
f 8111//8512 8112//8512 8097//8512
f 8101//8512 8098//8512 8099//8512
f 8113//8512 8114//8512 8115//8512
f 8107//8512 8116//8512 8105//8512
f 8110//8512 8117//8512 8108//8512
f 8110//8512 8092//8512 8118//8512
f 8092//8512 8110//8512 8102//8512
f 8104//8512 8119//8512 8120//8512
f 8099//8512 8119//8512 8104//8512
f 8121//8512 8122//8512 8113//8512
f 8105//8512 8123//8512 8106//8512
f 8124//8512 8125//8512 8109//8512
f 8089//8512 8092//8512 8084//8512
f 8126//8512 8127//8512 8128//8512
f 8129//8512 8128//8512 8130//8512
f 8096//8512 8111//8512 8097//8512
f 8115//8512 8121//8512 8113//8512
f 8131//8512 8132//8512 8106//8512
f 8124//8512 8133//8512 8125//8512
f 8090//8512 8107//8512 8094//8512
f 8130//8512 8134//8512 8129//8512
f 8120//8512 8135//8512 8104//8512
f 8111//8512 8136//8512 8137//8512
f 8138//8512 8139//8512 8122//8512
f 8131//8512 8140//8512 8132//8512
f 8107//8512 8090//8512 8141//8512
f 8118//8512 8117//8512 8110//8512
f 8126//8512 8142//8512 8127//8512
f 8130//8512 8111//8512 8143//8512
f 8137//8512 8112//8512 8111//8512
f 8138//8512 8144//8512 8139//8512
f 1266//8512 8145//8512 8146//8512
f 8123//8512 8131//8512 8106//8512
f 8108//8512 8124//8512 8109//8512
f 8124//8512 8147//8512 8148//8512
f 3952//8512 8149//8512 8150//8512
f 8143//8512 8134//8512 8130//8512
f 8111//8512 8130//8512 8136//8512
f 8115//8512 8114//8512 8151//8512
f 8121//8512 8138//8512 8122//8512
f 1208//8512 8152//8512 8153//8512
f 1208//8512 8154//8512 8155//8512
f 1205//8512 8156//8512 8157//8512
f 1266//8512 8158//8512 8159//8512
f 1266//8512 8160//8512 8145//8512
f 8161//8512 8162//8512 8160//8512
f 8161//8512 8163//8512 8164//8512
f 8140//8512 8165//8512 8166//8512
f 8141//8512 8116//8512 8107//8512
f 8148//8512 8167//8512 8124//8512
f 3952//8512 8168//8512 8169//8512
f 3952//8512 8170//8512 8149//8512
f 8135//8512 8115//8512 8104//8512
f 8138//8512 8171//8512 8144//8512
f 8171//8512 8172//8512 8173//8512
f 1208//8512 8174//8512 8152//8512
f 8155//8512 8175//8512 1208//8512
f 1208//8512 1162//8512 8176//8512
f 1162//8512 8177//8512 8178//8512
f 8157//8512 8179//8512 1205//8512
f 1266//8512 8180//8512 8181//8512
f 1266//8512 8182//8512 8183//8512
f 1266//8512 8184//8512 8185//8512
f 8146//8512 8158//8512 1266//8512
f 8164//8512 8162//8512 8161//8512
f 8140//8512 8186//8512 8165//8512
f 8167//8512 8133//8512 8124//8512
f 8163//8512 8161//8512 8187//8512
f 8169//8512 1266//8512 3952//8512
f 3952//8512 8188//8512 8170//8512
f 1208//8512 8189//8512 8190//8512
f 8172//8512 8191//8512 8192//8512
f 8151//8512 8104//8512 8115//8512
f 8173//8512 8193//8512 8171//8512
f 8189//8512 8194//8512 8195//8512
f 8189//8512 1208//8512 8196//8512
f 1208//8512 8197//8512 8174//8512
f 8175//8512 8198//8512 1208//8512
f 1208//8512 8199//8512 8200//8512
f 8176//8512 8201//8512 1208//8512
f 1162//8512 8202//8512 8203//8512
f 1162//8512 8204//8512 8177//8512
f 8179//8512 8205//8512 1205//8512
f 1205//8512 8206//8512 8207//8512
f 1205//8512 8208//8512 8209//8512
f 8181//8512 1205//8512 1266//8512
f 1266//8512 8210//8512 8182//8512
f 1266//8512 8211//8512 8184//8512
f 8160//8512 1266//8512 8161//8512
f 8131//8512 8186//8512 8140//8512
f 8187//8512 8212//8512 8163//8512
f 3952//8512 8213//8512 8168//8512
f 8150//8512 8214//8512 3952//8512
f 8190//8512 3952//8512 1208//8512
f 8172//8512 8171//8512 8191//8512
f 8193//8512 8144//8512 8171//8512
f 8126//8512 8215//8512 8216//8512
f 8196//8512 8194//8512 8189//8512
f 8153//8512 8217//8512 1208//8512
f 1208//8512 8218//8512 8219//8512
f 8200//8512 8154//8512 1208//8512
f 8203//8512 8176//8512 1162//8512
f 1162//8512 8220//8512 8221//8512
f 1162//8512 8222//8512 8204//8512
f 8207//8512 8156//8512 1205//8512
f 8181//8512 8208//8512 1205//8512
f 1266//8512 8223//8512 8224//8512
f 1266//8512 8225//8512 8210//8512
f 8159//8512 8211//8512 1266//8512
f 8212//8512 8140//8512 8163//8512
f 8214//8512 8213//8512 3952//8512
f 8190//8512 8226//8512 3952//8512
f 8128//8512 8129//8512 8126//8512
f 8216//8512 8227//8512 8126//8512
f 8217//8512 8196//8512 1208//8512
f 8219//8512 8228//8512 1208//8512
f 8201//8512 8199//8512 1208//8512
f 8178//8512 8220//8512 1162//8512
f 1162//8512 8229//8512 8230//8512
f 1205//8512 8231//8512 8232//8512
f 8209//8512 8206//8512 1205//8512
f 8183//8512 8223//8512 1266//8512
f 8166//8512 8163//8512 8140//8512
f 8226//8512 8188//8512 3952//8512
f 8227//8512 8142//8512 8126//8512
f 8228//8512 8197//8512 1208//8512
f 1208//8512 8233//8512 8234//8512
f 8221//8512 8202//8512 1162//8512
f 8230//8512 8235//8512 1162//8512
f 8236//8512 8237//8512 8238//8512
f 1205//8512 8239//8512 8240//8512
f 1205//8512 8241//8512 8231//8512
f 8224//8512 8180//8512 1266//8512
f 1266//8512 8242//8512 8243//8512
f 8169//8512 8161//8512 1266//8512
f 8195//8512 8172//8512 8189//8512
f 1208//8512 8244//8512 8233//8512
f 8235//8512 8222//8512 1162//8512
f 1162//8512 8245//8512 8246//8512
f 1162//8512 8247//8512 8248//8512
f 1205//8512 8249//8512 8250//8512
f 8124//8512 8238//8512 8251//8512
f 8238//8512 8124//8512 8236//8512
f 8252//8512 1205//8512 8253//8512
f 1205//8512 8254//8512 8255//8512
f 8256//8512 8257//8512 8258//8512
f 1205//8512 8259//8512 8260//8512
f 1205//8512 8261//8512 8262//8512
f 8240//8512 8263//8512 1205//8512
f 8205//8512 8241//8512 1205//8512
f 8243//8512 8264//8512 1266//8512
f 8192//8512 8189//8512 8172//8512
f 8198//8512 8244//8512 1208//8512
f 1162//8512 8265//8512 8245//8512
f 8248//8512 8266//8512 1162//8512
f 8250//8512 8267//8512 1205//8512
f 1205//8512 8252//8512 8268//8512
f 8236//8512 8252//8512 8237//8512
f 8255//8512 8253//8512 1205//8512
f 8126//8512 8258//8512 8269//8512
f 8258//8512 8126//8512 8256//8512
f 1205//8512 8270//8512 8259//8512
f 8263//8512 8261//8512 1205//8512
f 8264//8512 8225//8512 1266//8512
f 8234//8512 8218//8512 1208//8512
f 8266//8512 8265//8512 1162//8512
f 8267//8512 8271//8512 1205//8512
f 8268//8512 8272//8512 1205//8512
f 8253//8512 8237//8512 8252//8512
f 1205//8512 8273//8512 8274//8512
f 1205//8512 8275//8512 8276//8512
f 1205//8512 8277//8512 8278//8512
f 8256//8512 8279//8512 8257//8512
f 8260//8512 8279//8512 1205//8512
f 8232//8512 8239//8512 1205//8512
f 8246//8512 8229//8512 1162//8512
f 8271//8512 8280//8512 1205//8512
f 8251//8512 8147//8512 8124//8512
f 1162//8512 8274//8512 8281//8512
f 8276//8512 8273//8512 1205//8512
f 1205//8512 8279//8512 8277//8512
f 8260//8512 8257//8512 8279//8512
f 8185//8512 8242//8512 1266//8512
f 8272//8512 8249//8512 1205//8512
f 8274//8512 1162//8512 1205//8512
f 8269//8512 8215//8512 8126//8512
f 8280//8512 8270//8512 1205//8512
f 8278//8512 8275//8512 1205//8512
f 8281//8512 8247//8512 1162//8512
f 8262//8512 8254//8512 1205//8512
