# split from link_2.obj by material (color_5)
v -0.276162 -0.029375 0.0293828
v -0.278299 -0.029375 0.0290324
v -0.280386 -0.029375 0.0284531
v -0.282398 -0.029375 0.0276515
v -0.284311 -0.029375 0.0266371
v -0.286103 -0.029375 0.0254219
v -0.287754 -0.029375 0.0240199
v -0.289243 -0.029375 0.0224477
v -0.290554 -0.029375 0.0207237
v -0.29167 -0.029375 0.0188682
v -0.29258 -0.029375 0.0169028
v -0.293271 -0.029375 0.0148506
v -0.293737 -0.029375 0.0127356
v -0.293971 -0.029375 0.0105828
v -0.293971 -0.029375 0.00841722
v -0.293737 -0.029375 0.00626436
v -0.293271 -0.029375 0.00414943
v -0.29258 -0.029375 0.00209724
v -0.29167 -0.029375 0.000131831
v -0.290554 -0.029375 -0.00172374
v -0.289243 -0.029375 -0.00344773
v -0.287754 -0.029375 -0.00501991
v -0.286103 -0.029375 -0.00642186
v -0.284311 -0.029375 -0.00763714
v -0.282398 -0.029375 -0.00865151
v -0.280386 -0.029375 -0.00945306
v -0.278299 -0.029375 -0.0100324
v -0.276162 -0.029375 -0.0103828
v -0.274 -0.029375 -0.0105
v -0.271838 -0.029375 -0.0103828
v -0.269701 -0.029375 -0.0100324
v -0.267614 -0.029375 -0.00945306
v -0.265602 -0.029375 -0.00865151
v -0.263689 -0.029375 -0.00763714
v -0.261897 -0.029375 -0.00642186
v -0.260246 -0.029375 -0.00501991
v -0.258757 -0.029375 -0.00344773
v -0.257446 -0.029375 -0.00172374
v -0.25633 -0.029375 0.000131831
v -0.25542 -0.029375 0.00209724
v -0.254729 -0.029375 0.00414943
v -0.254263 -0.029375 0.00626436
v -0.254029 -0.029375 0.00841722
v -0.254029 -0.029375 0.0105828
v -0.254263 -0.029375 0.0127356
v -0.254729 -0.029375 0.0148506
v -0.25542 -0.029375 0.0169028
v -0.25633 -0.029375 0.0188682
v -0.257446 -0.029375 0.0207237
v -0.258757 -0.029375 0.0224477
v -0.260246 -0.029375 0.0240199
v -0.261897 -0.029375 0.0254219
v -0.263689 -0.029375 0.0266371
v -0.265602 -0.029375 0.0276515
v -0.267614 -0.029375 0.0284531
v -0.269701 -0.029375 0.0290324
v -0.271838 -0.029375 0.0293828
v -0.274 -0.029375 0.0295
v -0.274 -0.029375 0.0095
v -0.274 -0.035375 -0.0105
v -0.271838 -0.035375 -0.0103828
v -0.269701 -0.035375 -0.0100324
v -0.267614 -0.035375 -0.00945306
v -0.265602 -0.035375 -0.00865151
v -0.263689 -0.035375 -0.00763714
v -0.261897 -0.035375 -0.00642186
v -0.260246 -0.035375 -0.00501991
v -0.258757 -0.035375 -0.00344773
v -0.257446 -0.035375 -0.00172374
v -0.25633 -0.035375 0.000131831
v -0.25542 -0.035375 0.00209724
v -0.254729 -0.035375 0.00414943
v -0.254263 -0.035375 0.00626436
v -0.254029 -0.035375 0.00841722
v -0.254029 -0.035375 0.0105828
v -0.254263 -0.035375 0.0127356
v -0.254729 -0.035375 0.0148506
v -0.25542 -0.035375 0.0169028
v -0.25633 -0.035375 0.0188682
v -0.257446 -0.035375 0.0207237
v -0.258757 -0.035375 0.0224477
v -0.260246 -0.035375 0.0240199
v -0.261897 -0.035375 0.0254219
v -0.263689 -0.035375 0.0266371
v -0.265602 -0.035375 0.0276515
v -0.267614 -0.035375 0.0284531
v -0.269701 -0.035375 0.0290324
v -0.271838 -0.035375 0.0293828
v -0.274 -0.035375 0.0295
v -0.276162 -0.035375 0.0293828
v -0.278299 -0.035375 0.0290324
v -0.280386 -0.035375 0.0284531
v -0.282398 -0.035375 0.0276515
v -0.284311 -0.035375 0.0266371
v -0.286103 -0.035375 0.0254219
v -0.287754 -0.035375 0.0240199
v -0.289243 -0.035375 0.0224477
v -0.290554 -0.035375 0.0207237
v -0.29167 -0.035375 0.0188682
v -0.29258 -0.035375 0.0169028
v -0.293271 -0.035375 0.0148506
v -0.293737 -0.035375 0.0127356
v -0.293971 -0.035375 0.0105828
v -0.293971 -0.035375 0.00841722
v -0.293737 -0.035375 0.00626436
v -0.293271 -0.035375 0.00414943
v -0.29258 -0.035375 0.00209724
v -0.29167 -0.035375 0.000131831
v -0.290554 -0.035375 -0.00172374
v -0.289243 -0.035375 -0.00344773
v -0.287754 -0.035375 -0.00501991
v -0.286103 -0.035375 -0.00642186
v -0.284311 -0.035375 -0.00763714
v -0.282398 -0.035375 -0.00865151
v -0.280386 -0.035375 -0.00945306
v -0.278299 -0.035375 -0.0100324
v -0.276162 -0.035375 -0.0103828
v -0.2375 -0.035375 -0.0163787
v -0.238621 -0.035375 0.0365
v -0.274 -0.035375 0.0365
v -0.29034 -0.035375 0.0309945
v -0.292568 -0.035375 0.0291019
v -0.294578 -0.035375 0.0269794
v -0.296348 -0.035375 0.0246521
v -0.297855 -0.035375 0.022147
v -0.299082 -0.035375 0.0194937
v -0.300016 -0.035375 0.0167233
v -0.300644 -0.035375 0.0138681
v -0.30096 -0.035375 0.0109618
v -0.30096 -0.035375 0.00803825
v -0.300644 -0.035375 0.00513189
v -0.300016 -0.035375 0.00227673
v -0.238621 -0.035375 -0.0175
v -0.2375 -0.035375 0.0353787
v -0.276919 -0.035375 0.0363417
v -0.279804 -0.035375 0.0358688
v -0.282621 -0.035375 0.0350866
v -0.299082 -0.035375 -0.00049373
v -0.294578 -0.035375 -0.00797943
v -0.292568 -0.035375 -0.0101019
v -0.285337 -0.035375 0.0340045
v -0.297855 -0.035375 -0.00314703
v -0.296348 -0.035375 -0.00565205
v -0.285337 -0.035375 -0.0150045
v -0.282621 -0.035375 -0.0160866
v -0.279804 -0.035375 -0.0168688
v -0.276919 -0.035375 -0.0173417
v -0.274 -0.035375 -0.0175
v -0.28792 -0.035375 0.0326351
v -0.29034 -0.035375 -0.0119945
v -0.28792 -0.035375 -0.0136351
v -0.236 -0.033875 0.036
v -0.236 -0.033875 -0.017
v -0.238 -0.033875 0.038
v -0.238 -0.033875 -0.019
v -0.274 -0.033875 0.038
v -0.236 0.033875 0.036
v -0.238 0.033875 0.038
v -0.274 -0.033875 -0.019
v -0.238 0.033875 -0.019
v -0.236 0.033875 -0.017
v -0.277081 -0.033875 -0.0188329
v -0.280127 -0.033875 -0.0183337
v -0.2831 -0.033875 -0.0175081
v -0.285967 -0.033875 -0.0163659
v -0.288693 -0.033875 -0.0149204
v -0.291247 -0.033875 -0.0131887
v -0.293599 -0.033875 -0.0111909
v -0.295722 -0.033875 -0.00895051
v -0.297589 -0.033875 -0.00649383
v -0.29918 -0.033875 -0.00384964
v -0.300476 -0.033875 -0.00104894
v -0.301461 -0.033875 0.00187544
v -0.302125 -0.033875 0.00488921
v -0.302458 -0.033875 0.00795704
v -0.302458 -0.033875 0.011043
v -0.302125 -0.033875 0.0141108
v -0.301461 -0.033875 0.0171246
v -0.300476 -0.033875 0.0200489
v -0.29918 -0.033875 0.0228496
v -0.297589 -0.033875 0.0254938
v -0.295722 -0.033875 0.0279505
v -0.293599 -0.033875 0.0301909
v -0.291247 -0.033875 0.0321887
v -0.288693 -0.033875 0.0339204
v -0.285967 -0.033875 0.0353659
v -0.2831 -0.033875 0.0365081
v -0.280127 -0.033875 0.0373337
v -0.277081 -0.033875 0.0378329
v -0.274 -0.029375 -0.019
v -0.277081 -0.029375 -0.0188329
v -0.280127 -0.029375 -0.0183337
v -0.2831 -0.029375 -0.0175081
v -0.285967 -0.029375 -0.0163659
v -0.288693 -0.029375 -0.0149204
v -0.291247 -0.029375 -0.0131887
v -0.293599 -0.029375 -0.0111909
v -0.295722 -0.029375 -0.00895051
v -0.297589 -0.029375 -0.00649383
v -0.29918 -0.029375 -0.00384964
v -0.300476 -0.029375 -0.00104894
v -0.301461 -0.029375 0.00187544
v -0.302125 -0.029375 0.00488921
v -0.302458 -0.029375 0.00795704
v -0.302458 -0.029375 0.011043
v -0.302125 -0.029375 0.0141108
v -0.301461 -0.029375 0.0171246
v -0.300476 -0.029375 0.0200489
v -0.29918 -0.029375 0.0228496
v -0.297589 -0.029375 0.0254938
v -0.295722 -0.029375 0.0279505
v -0.293599 -0.029375 0.0301909
v -0.291247 -0.029375 0.0321887
v -0.288693 -0.029375 0.0339204
v -0.285967 -0.029375 0.0353659
v -0.2831 -0.029375 0.0365081
v -0.280127 -0.029375 0.0373337
v -0.277081 -0.029375 0.0378329
v -0.274 -0.029375 0.038
v -0.238621 0.035375 -0.0175
v -0.2375 0.035375 -0.0163787
v -0.2375 0.035375 0.0353787
v -0.238621 0.035375 0.0365
v -0.274 0.033875 -0.019
v -0.274 0.035375 -0.0175
v -0.274 0.033875 0.038
v -0.274 0.035375 0.0365
v -0.269701 0.035375 -0.0100324
v -0.267614 0.035375 -0.00945306
v -0.271838 0.035375 -0.0103828
v -0.276919 0.035375 -0.0173417
v -0.276162 0.035375 -0.0103828
v -0.279804 0.035375 -0.0168688
v -0.278299 0.035375 -0.0100324
v -0.282621 0.035375 -0.0160866
v -0.280386 0.035375 -0.00945306
v -0.274 0.035375 -0.0105
v -0.285337 0.035375 -0.0150045
v -0.282398 0.035375 -0.00865151
v -0.254729 0.035375 0.00414943
v -0.254263 0.035375 0.00626436
v -0.257446 0.035375 0.0207237
v -0.258757 0.035375 0.0224477
v -0.254729 0.035375 0.0148506
v -0.25542 0.035375 0.0169028
v -0.25542 0.035375 0.00209724
v -0.257446 0.035375 -0.00172374
v -0.28792 0.035375 -0.0136351
v -0.284311 0.035375 -0.00763714
v -0.29034 0.035375 -0.0119945
v -0.286103 0.035375 -0.00642186
v -0.292568 0.035375 -0.0101019
v -0.287754 0.035375 -0.00501991
v -0.300016 0.035375 0.0167233
v -0.293271 0.035375 0.0148506
v -0.293737 0.035375 0.0127356
v -0.299082 0.035375 0.0194937
v -0.29258 0.035375 0.0169028
v -0.254263 0.035375 0.0127356
v -0.25633 0.035375 0.000131831
v -0.258757 0.035375 -0.00344773
v -0.300644 0.035375 0.0138681
v -0.293971 0.035375 0.0105828
v -0.296348 0.035375 0.0246521
v -0.290554 0.035375 0.0207237
v -0.29167 0.035375 0.0188682
v -0.294578 0.035375 0.0269794
v -0.289243 0.035375 0.0224477
v -0.292568 0.035375 0.0291019
v -0.287754 0.035375 0.0240199
v -0.29034 0.035375 0.0309945
v -0.286103 0.035375 0.0254219
v -0.267614 0.035375 0.0284531
v -0.263689 0.035375 0.0266371
v -0.265602 0.035375 0.0276515
v -0.260246 0.035375 0.0240199
v -0.261897 0.035375 0.0254219
v -0.25633 0.035375 0.0188682
v -0.254029 0.035375 0.0105828
v -0.261897 0.035375 -0.00642186
v -0.260246 0.035375 -0.00501991
v -0.265602 0.035375 -0.00865151
v -0.263689 0.035375 -0.00763714
v -0.294578 0.035375 -0.00797943
v -0.289243 0.035375 -0.00344773
v -0.296348 0.035375 -0.00565205
v -0.290554 0.035375 -0.00172374
v -0.297855 0.035375 -0.00314703
v -0.299082 0.035375 -0.00049373
v -0.29258 0.035375 0.00209724
v -0.300016 0.035375 0.00227673
v -0.293271 0.035375 0.00414943
v -0.300644 0.035375 0.00513189
v -0.293737 0.035375 0.00626436
v -0.30096 0.035375 0.00803825
v -0.293971 0.035375 0.00841722
v -0.297855 0.035375 0.022147
v -0.269701 0.035375 0.0290324
v -0.254029 0.035375 0.00841722
v -0.29167 0.035375 0.000131831
v -0.30096 0.035375 0.0109618
v -0.282621 0.035375 0.0350866
v -0.280386 0.035375 0.0284531
v -0.282398 0.035375 0.0276515
v -0.279804 0.035375 0.0358688
v -0.278299 0.035375 0.0290324
v -0.276919 0.035375 0.0363417
v -0.276162 0.035375 0.0293828
v -0.274 0.035375 0.0295
v -0.271838 0.035375 0.0293828
v -0.28792 0.035375 0.0326351
v -0.284311 0.035375 0.0266371
v -0.285337 0.035375 0.0340045
v -0.277081 0.033875 0.0378329
v -0.280127 0.033875 0.0373337
v -0.2831 0.033875 0.0365081
v -0.285967 0.033875 0.0353659
v -0.288693 0.033875 0.0339204
v -0.291247 0.033875 0.0321887
v -0.293599 0.033875 0.0301909
v -0.295722 0.033875 0.0279505
v -0.297589 0.033875 0.0254938
v -0.29918 0.033875 0.0228496
v -0.300476 0.033875 0.0200489
v -0.301461 0.033875 0.0171246
v -0.302125 0.033875 0.0141108
v -0.302458 0.033875 0.011043
v -0.302458 0.033875 0.00795704
v -0.302125 0.033875 0.00488921
v -0.301461 0.033875 0.00187544
v -0.300476 0.033875 -0.00104894
v -0.29918 0.033875 -0.00384964
v -0.297589 0.033875 -0.00649383
v -0.295722 0.033875 -0.00895051
v -0.293599 0.033875 -0.0111909
v -0.291247 0.033875 -0.0131887
v -0.288693 0.033875 -0.0149204
v -0.285967 0.033875 -0.0163659
v -0.2831 0.033875 -0.0175081
v -0.280127 0.033875 -0.0183337
v -0.277081 0.033875 -0.0188329
v -0.274 0.029375 0.038
v -0.277081 0.029375 0.0378329
v -0.280127 0.029375 0.0373337
v -0.2831 0.029375 0.0365081
v -0.285967 0.029375 0.0353659
v -0.288693 0.029375 0.0339204
v -0.291247 0.029375 0.0321887
v -0.293599 0.029375 0.0301909
v -0.295722 0.029375 0.0279505
v -0.297589 0.029375 0.0254938
v -0.29918 0.029375 0.0228496
v -0.300476 0.029375 0.0200489
v -0.301461 0.029375 0.0171246
v -0.302125 0.029375 0.0141108
v -0.302458 0.029375 0.011043
v -0.302458 0.029375 0.00795704
v -0.302125 0.029375 0.00488921
v -0.301461 0.029375 0.00187544
v -0.300476 0.029375 -0.00104894
v -0.29918 0.029375 -0.00384964
v -0.297589 0.029375 -0.00649383
v -0.295722 0.029375 -0.00895051
v -0.293599 0.029375 -0.0111909
v -0.291247 0.029375 -0.0131887
v -0.288693 0.029375 -0.0149204
v -0.285967 0.029375 -0.0163659
v -0.2831 0.029375 -0.0175081
v -0.280127 0.029375 -0.0183337
v -0.277081 0.029375 -0.0188329
v -0.274 0.029375 -0.019
v -0.257914 0.029375 -0.019
v -0.257914 -0.029375 -0.019
v -0.257914 -0.029375 0.038
v -0.257914 0.029375 0.038
v -0.258952 -0.029375 -0.0152903
v -0.258952 0.029375 -0.0152903
v -0.259131 0.029375 -0.0154124
v -0.259131 -0.029375 -0.0154124
v -0.259295 0.029375 -0.0155529
v -0.259295 -0.029375 -0.0155529
v -0.259443 0.029375 -0.0157104
v -0.259443 -0.029375 -0.0157104
v -0.259573 0.029375 -0.015883
v -0.259573 -0.029375 -0.015883
v -0.259684 0.029375 -0.0160686
v -0.259684 -0.029375 -0.0160686
v -0.259774 0.029375 -0.0162652
v -0.259774 -0.029375 -0.0162652
v -0.259843 0.029375 -0.0164703
v -0.259843 -0.029375 -0.0164703
v -0.259889 0.029375 -0.0166816
v -0.259889 -0.029375 -0.0166816
v -0.259912 0.029375 -0.0168966
v -0.259912 -0.029375 -0.0168966
v -0.259911 0.029375 -0.0171128
v -0.259911 -0.029375 -0.0171128
v -0.259887 0.029375 -0.0173277
v -0.259887 -0.029375 -0.0173277
v -0.25984 0.029375 -0.0175388
v -0.25984 -0.029375 -0.0175388
v -0.259771 0.029375 -0.0177436
v -0.259771 -0.029375 -0.0177436
v -0.25968 0.029375 -0.0179397
v -0.25968 -0.029375 -0.0179397
v -0.259568 0.029375 -0.0181248
v -0.259568 -0.029375 -0.0181248
v -0.259437 0.029375 -0.0182968
v -0.259437 -0.029375 -0.0182968
v -0.259288 0.029375 -0.0184536
v -0.259288 -0.029375 -0.0184536
v -0.259123 0.029375 -0.0185934
v -0.259123 -0.029375 -0.0185934
v -0.258944 0.029375 -0.0187146
v -0.258944 -0.029375 -0.0187146
v -0.258753 0.029375 -0.0188157
v -0.258753 -0.029375 -0.0188157
v -0.258552 0.029375 -0.0188956
v -0.258552 -0.029375 -0.0188956
v -0.258344 0.029375 -0.0189534
v -0.258344 -0.029375 -0.0189534
v -0.25813 0.029375 -0.0189883
v -0.25813 -0.029375 -0.0189883
v -0.25813 0.029375 0.0379883
v -0.25813 -0.029375 0.0379883
v -0.258344 0.029375 0.0379534
v -0.258344 -0.029375 0.0379534
v -0.258552 0.029375 0.0378956
v -0.258552 -0.029375 0.0378956
v -0.258753 0.029375 0.0378157
v -0.258753 -0.029375 0.0378157
v -0.258944 0.029375 0.0377146
v -0.258944 -0.029375 0.0377146
v -0.259123 0.029375 0.0375934
v -0.259123 -0.029375 0.0375934
v -0.259288 0.029375 0.0374536
v -0.259288 -0.029375 0.0374536
v -0.259437 0.029375 0.0372968
v -0.259437 -0.029375 0.0372968
v -0.259568 0.029375 0.0371248
v -0.259568 -0.029375 0.0371248
v -0.25968 0.029375 0.0369397
v -0.25968 -0.029375 0.0369397
v -0.259771 0.029375 0.0367436
v -0.259771 -0.029375 0.0367436
v -0.25984 0.029375 0.0365388
v -0.25984 -0.029375 0.0365388
v -0.259887 0.029375 0.0363277
v -0.259887 -0.029375 0.0363277
v -0.259911 0.029375 0.0361128
v -0.259911 -0.029375 0.0361128
v -0.259912 0.029375 0.0358966
v -0.259912 -0.029375 0.0358966
v -0.259889 0.029375 0.0356816
v -0.259889 -0.029375 0.0356816
v -0.259843 0.029375 0.0354703
v -0.259843 -0.029375 0.0354703
v -0.259774 0.029375 0.0352652
v -0.259774 -0.029375 0.0352652
v -0.259684 0.029375 0.0350686
v -0.259684 -0.029375 0.0350686
v -0.259573 0.029375 0.034883
v -0.259573 -0.029375 0.034883
v -0.259443 0.029375 0.0347104
v -0.259443 -0.029375 0.0347104
v -0.259295 0.029375 0.0345529
v -0.259295 -0.029375 0.0345529
v -0.259131 0.029375 0.0344124
v -0.259131 -0.029375 0.0344124
v -0.258952 0.029375 0.0342903
v -0.258952 -0.029375 0.0342903
v -0.291194 0.029375 -0.0125992
v -0.288735 0.029375 -0.0143092
v -0.286108 0.029375 -0.0157468
v -0.268577 0.029375 -0.0179699
v -0.277523 0.029375 0.0372775
v -0.274536 0.029375 0.0374949
v -0.280469 0.029375 0.0367424
v -0.283342 0.029375 0.0358956
v -0.286108 0.029375 0.0347468
v -0.298816 0.029375 -0.00346833
v -0.297289 0.029375 -0.00604466
v -0.283342 0.029375 -0.0168956
v -0.280469 0.029375 -0.0177424
v -0.277523 0.029375 -0.0182775
v -0.271542 0.029375 0.0373919
v -0.288735 0.029375 0.0333092
v -0.291194 0.029375 0.0315992
v -0.300059 0.029375 0.0197436
v -0.298816 0.029375 0.0224683
v -0.301004 0.029375 0.0169018
v -0.30164 0.029375 0.0139752
v -0.30196 0.029375 0.0109974
v -0.300059 0.029375 -0.000743646
v -0.295495 0.029375 -0.00844314
v -0.293456 0.029375 -0.0106363
v -0.274536 0.029375 -0.0184949
v -0.271542 0.029375 -0.0183919
v -0.293456 0.029375 0.0296363
v -0.295495 0.029375 0.0274431
v -0.297289 0.029375 0.0250447
v -0.30196 0.029375 0.00800255
v -0.30164 0.029375 0.0050248
v -0.301004 0.029375 0.00209823
v -0.262867 0.029375 -0.0161915
v -0.265675 0.029375 0.0362336
v -0.262867 0.029375 0.0351915
v -0.268577 0.029375 0.0369699
v -0.260983 0.029375 0.0342903
v -0.260983 0.029375 -0.0152903
v -0.265675 0.029375 -0.0172336
v -0.277523 -0.029375 -0.0182775
v -0.274536 -0.029375 -0.0184949
v -0.280469 -0.029375 -0.0177424
v -0.283342 -0.029375 -0.0168956
v -0.286108 -0.029375 -0.0157468
v -0.271542 -0.029375 -0.0183919
v -0.291194 -0.029375 -0.0125992
v -0.288735 -0.029375 -0.0143092
v -0.293456 -0.029375 -0.0106363
v -0.268577 -0.029375 0.0369699
v -0.295495 -0.029375 -0.00844314
v -0.297289 -0.029375 -0.00604466
v -0.298816 -0.029375 -0.00346833
v -0.300059 -0.029375 -0.000743646
v -0.30164 -0.029375 0.0139752
v -0.301004 -0.029375 0.0169018
v -0.283342 -0.029375 0.0358956
v -0.280469 -0.029375 0.0367424
v -0.301004 -0.029375 0.00209823
v -0.30164 -0.029375 0.0050248
v -0.30196 -0.029375 0.00800255
v -0.30196 -0.029375 0.0109974
v -0.277523 -0.029375 0.0372775
v -0.274536 -0.029375 0.0374949
v -0.271542 -0.029375 0.0373919
v -0.297289 -0.029375 0.0250447
v -0.295495 -0.029375 0.0274431
v -0.293456 -0.029375 0.0296363
v -0.291194 -0.029375 0.0315992
v -0.288735 -0.029375 0.0333092
v -0.286108 -0.029375 0.0347468
v -0.300059 -0.029375 0.0197436
v -0.298816 -0.029375 0.0224683
v -0.262867 -0.029375 0.0351915
v -0.260983 -0.029375 0.0342903
v -0.268577 -0.029375 -0.0179699
v -0.265675 -0.029375 -0.0172336
v -0.262867 -0.029375 -0.0161915
v -0.260983 -0.029375 -0.0152903
v -0.265675 -0.029375 0.0362336
v -0.25994 -0.028875 -0.0152903
v -0.25994 0.028875 -0.0152903
v -0.25994 0.028875 0.0342903
v -0.25994 -0.028875 0.0342903
v -0.262668 -0.028875 -0.0166503
v -0.262668 0.028875 -0.0166503
v -0.265526 -0.028875 -0.017711
v -0.265526 0.028875 -0.017711
v -0.268481 -0.028875 -0.0184605
v -0.268481 0.028875 -0.0184605
v -0.271499 -0.028875 -0.01889
v -0.271499 0.028875 -0.01889
v -0.274545 -0.028875 -0.0189948
v -0.274545 0.028875 -0.0189948
v -0.277586 -0.028875 -0.0187736
v -0.277586 0.028875 -0.0187736
v -0.280585 -0.028875 -0.0182289
v -0.280585 0.028875 -0.0182289
v -0.283509 -0.028875 -0.0173669
v -0.283509 0.028875 -0.0173669
v -0.286324 -0.028875 -0.0161976
v -0.286324 0.028875 -0.0161976
v -0.288998 -0.028875 -0.0147344
v -0.288998 0.028875 -0.0147344
v -0.291501 -0.028875 -0.0129938
v -0.291501 0.028875 -0.0129938
v -0.293803 -0.028875 -0.0109959
v -0.293803 0.028875 -0.0109959
v -0.295879 -0.028875 -0.00876355
v -0.295879 0.028875 -0.00876355
v -0.297705 -0.028875 -0.00632224
v -0.297705 0.028875 -0.00632224
v -0.299259 -0.028875 -0.00369991
v -0.299259 0.028875 -0.00369991
v -0.300524 -0.028875 -0.000926568
v -0.300524 0.028875 -0.000926568
v -0.301486 -0.028875 0.00196606
v -0.301486 0.028875 0.00196606
v -0.302134 -0.028875 0.00494488
v -0.302134 0.028875 0.00494488
v -0.302459 -0.028875 0.00797581
v -0.302459 0.028875 0.00797581
v -0.302459 -0.028875 0.0110242
v -0.302459 0.028875 0.0110242
v -0.302134 -0.028875 0.0140551
v -0.302134 0.028875 0.0140551
v -0.301486 -0.028875 0.0170339
v -0.301486 0.028875 0.0170339
v -0.300524 -0.028875 0.0199266
v -0.300524 0.028875 0.0199266
v -0.299259 -0.028875 0.0226999
v -0.299259 0.028875 0.0226999
v -0.297705 -0.028875 0.0253222
v -0.297705 0.028875 0.0253222
v -0.295879 -0.028875 0.0277636
v -0.295879 0.028875 0.0277636
v -0.293803 -0.028875 0.0299959
v -0.293803 0.028875 0.0299959
v -0.291501 -0.028875 0.0319938
v -0.291501 0.028875 0.0319938
v -0.288998 -0.028875 0.0337344
v -0.288998 0.028875 0.0337344
v -0.286324 -0.028875 0.0351976
v -0.286324 0.028875 0.0351976
v -0.283509 -0.028875 0.0363669
v -0.283509 0.028875 0.0363669
v -0.280585 -0.028875 0.0372289
v -0.280585 0.028875 0.0372289
v -0.277586 -0.028875 0.0377736
v -0.277586 0.028875 0.0377736
v -0.274545 -0.028875 0.0379948
v -0.274545 0.028875 0.0379948
v -0.271499 -0.028875 0.03789
v -0.271499 0.028875 0.03789
v -0.268481 -0.028875 0.0374605
v -0.268481 0.028875 0.0374605
v -0.265526 -0.028875 0.036711
v -0.265526 0.028875 0.036711
v -0.262668 -0.028875 0.0356503
v -0.262668 0.028875 0.0356503
v -0.274 0.029375 0.0295
v -0.276162 0.029375 0.0293828
v -0.278299 0.029375 0.0290324
v -0.280386 0.029375 0.0284531
v -0.282398 0.029375 0.0276515
v -0.284311 0.029375 0.0266371
v -0.286103 0.029375 0.0254219
v -0.287754 0.029375 0.0240199
v -0.289243 0.029375 0.0224477
v -0.290554 0.029375 0.0207237
v -0.29167 0.029375 0.0188682
v -0.29258 0.029375 0.0169028
v -0.293271 0.029375 0.0148506
v -0.293737 0.029375 0.0127356
v -0.293971 0.029375 0.0105828
v -0.293971 0.029375 0.00841722
v -0.293737 0.029375 0.00626436
v -0.293271 0.029375 0.00414943
v -0.29258 0.029375 0.00209724
v -0.29167 0.029375 0.000131831
v -0.290554 0.029375 -0.00172374
v -0.289243 0.029375 -0.00344773
v -0.287754 0.029375 -0.00501991
v -0.286103 0.029375 -0.00642186
v -0.284311 0.029375 -0.00763714
v -0.282398 0.029375 -0.00865151
v -0.280386 0.029375 -0.00945306
v -0.278299 0.029375 -0.0100324
v -0.276162 0.029375 -0.0103828
v -0.274 0.029375 -0.0105
v -0.271838 0.029375 -0.0103828
v -0.269701 0.029375 -0.0100324
v -0.267614 0.029375 -0.00945306
v -0.265602 0.029375 -0.00865151
v -0.263689 0.029375 -0.00763714
v -0.261897 0.029375 -0.00642186
v -0.260246 0.029375 -0.00501991
v -0.258757 0.029375 -0.00344773
v -0.257446 0.029375 -0.00172374
v -0.25633 0.029375 0.000131831
v -0.25542 0.029375 0.00209724
v -0.254729 0.029375 0.00414943
v -0.254263 0.029375 0.00626436
v -0.254029 0.029375 0.00841722
v -0.254029 0.029375 0.0105828
v -0.254263 0.029375 0.0127356
v -0.254729 0.029375 0.0148506
v -0.25542 0.029375 0.0169028
v -0.25633 0.029375 0.0188682
v -0.257446 0.029375 0.0207237
v -0.258757 0.029375 0.0224477
v -0.260246 0.029375 0.0240199
v -0.261897 0.029375 0.0254219
v -0.263689 0.029375 0.0266371
v -0.265602 0.029375 0.0276515
v -0.267614 0.029375 0.0284531
v -0.269701 0.029375 0.0290324
v -0.271838 0.029375 0.0293828
v -0.274 0.029375 0.0095
v -0.236 0.0185 0.0355
v -0.236 0.0187695 0.0354861
v -0.236 -0.0189114 0.0354788
v -0.236 -0.0187695 0.0354861
v -0.236 0.0190195 0.0354619
v -0.236 0.0192531 0.0354256
v -0.236 -0.0185 0.0355
v -0.236 0.0189114 0.0354788
v -0.236 -0.0193184 0.0354154
v -0.236 -0.0192531 0.0354256
v -0.236 0.0193184 0.0354154
v -0.236 0.0194708 0.0353752
v -0.236 -0.0190195 0.0354619
v -0.236 0.0196778 0.0353207
v -0.236 -0.0197168 0.0353104
v -0.236 -0.0196778 0.0353207
v -0.236 0.0197168 0.0353104
v -0.236 0.0198727 0.0352516
v -0.236 -0.0194708 0.0353752
v -0.236 0.0204707 0.0349808
v -0.236 0.0206037 0.0348962
v -0.236 0.0201023 0.0351651
v -0.236 0.0202446 0.0350939
v -0.236 0.0200626 0.03518
v -0.236 -0.0201023 0.0351651
v -0.236 -0.0200626 0.03518
v -0.236 0.0207846 0.0347811
v -0.236 0.0204263 0.0350031
v -0.236 -0.0198727 0.0352516
v -0.236 -0.0204707 0.0349808
v -0.236 -0.0204263 0.0350031
v -0.236 -0.0208183 0.0347597
v -0.236 -0.0207846 0.0347811
v -0.236 0.0193184 -0.0164154
v -0.236 0.0192531 -0.0164256
v -0.236 -0.0202446 0.0350939
v -0.236 -0.0206037 0.0348962
v -0.236 0.0189114 -0.0164788
v -0.236 0.0187695 -0.0164861
v -0.236 0.0190195 -0.0164619
v -0.236 0.0197168 -0.0163104
v -0.236 0.0196778 -0.0163207
v -0.236 0.0214362 0.0342164
v -0.236 0.0215132 0.0341241
v -0.236 -0.0190195 -0.0164619
v -0.236 -0.0192531 -0.0164256
v -0.236 -0.0185 -0.0165
v -0.236 -0.0187695 -0.0164861
v -0.236 0.0185 -0.0165
v -0.236 0.0194708 -0.0163752
v -0.236 0.0201023 -0.0161651
v -0.236 0.0200626 -0.01618
v -0.236 0.0204707 -0.0159808
v -0.236 0.0204263 -0.0160031
v -0.236 0.0208183 -0.0157597
v -0.236 0.0207846 -0.0157811
v -0.236 0.02945 0.0235667
v -0.236 0.0296692 0.0232393
v -0.236 0.0217 0.0339
v -0.236 0.0211412 0.034504
v -0.236 0.0211478 0.0344976
v -0.236 0.0208183 0.0347597
v -0.236 0.0209627 0.0346453
v -0.236 -0.0217 0.0339
v -0.236 -0.0215132 0.0341241
v -0.236 -0.0193184 -0.0164154
v -0.236 -0.0194708 -0.0163752
v -0.236 -0.0189114 -0.0164788
v -0.236 0.0198727 -0.0162516
v -0.236 0.0202446 -0.0160939
v -0.236 0.0206037 -0.0158962
v -0.236 0.0217 -0.0149
v -0.236 0.0215132 -0.0151241
v -0.236 0.0300447 -0.00343158
v -0.236 0.0300158 -0.00350501
v -0.236 0.0300447 0.0224316
v -0.236 0.0300624 0.0223673
v -0.236 0.0299611 0.0226439
v -0.236 0.0300158 0.022505
v -0.236 0.0298875 0.0228305
v -0.236 0.0299044 0.0227876
v -0.236 0.0213285 0.0343214
v -0.236 -0.0211412 0.034504
v -0.236 -0.0209627 0.0346453
v -0.236 -0.0213285 0.0343214
v -0.236 -0.0211478 0.0344976
v -0.236 -0.02945 0.0235667
v -0.236 -0.0296885 0.0232103
v -0.236 -0.0296692 0.0232393
v -0.236 -0.0300447 0.0224316
v -0.236 -0.0300158 0.022505
v -0.236 -0.0204707 -0.0159808
v -0.236 -0.0206037 -0.0158962
v -0.236 -0.0201023 -0.0161651
v -0.236 -0.0202446 -0.0160939
v -0.236 -0.0197168 -0.0163104
v -0.236 -0.0198727 -0.0162516
v -0.236 -0.0196778 -0.0163207
v -0.236 0.0213285 -0.0153214
v -0.236 0.0211478 -0.0154976
v -0.236 0.02945 -0.00456667
v -0.236 0.0296885 -0.00421033
v -0.236 0.0296692 -0.00423926
v -0.236 0.0299611 -0.00364392
v -0.236 0.0301583 -0.0030181
v -0.236 0.0301383 -0.00309091
v -0.236 0.0301383 0.0220909
v -0.236 0.0296885 0.0232103
v -0.236 0.0297555 0.0230825
v -0.236 -0.0214362 0.0342164
v -0.236 -0.0299611 0.0226439
v -0.236 -0.0301583 0.0220181
v -0.236 -0.0301383 0.0220909
v -0.236 -0.0214362 -0.0152164
v -0.236 -0.0215132 -0.0151241
v -0.236 -0.0207846 -0.0157811
v -0.236 -0.0204263 -0.0160031
v -0.236 -0.0200626 -0.01618
v -0.236 0.0211412 -0.015504
v -0.236 0.0209627 -0.0156453
v -0.236 0.0214362 -0.0152164
v -0.236 0.0298342 -0.00393237
v -0.236 0.0297555 -0.00408248
v -0.236 0.0299044 -0.00378763
v -0.236 0.0300624 -0.00336732
v -0.236 0.0298342 0.0229324
v -0.236 -0.0298342 0.0229324
v -0.236 -0.0297555 0.0230825
v -0.236 -0.0299044 0.0227876
v -0.236 -0.0300624 0.0223673
v -0.236 -0.0300447 -0.00343158
v -0.236 -0.0300624 -0.00336732
v -0.236 -0.0299611 -0.00364392
v -0.236 -0.0300158 -0.00350501
v -0.236 -0.0298875 -0.00383052
v -0.236 -0.0299044 -0.00378763
v -0.236 -0.02945 -0.00456667
v -0.236 -0.0296692 -0.00423926
v -0.236 -0.0217 -0.0149
v -0.236 -0.0211412 -0.015504
v -0.236 -0.0211478 -0.0154976
v -0.236 0.0298875 -0.00383052
v -0.236 -0.0298875 0.0228305
v -0.236 -0.0301383 -0.00309091
v -0.236 -0.0296885 -0.00421033
v -0.236 -0.0297555 -0.00408248
v -0.236 -0.0213285 -0.0153214
v -0.236 -0.0208183 -0.0157597
v -0.236 -0.0209627 -0.0156453
v -0.236 0.03025 0.0211667
v -0.236 0.030227 0.0215948
v -0.236 0.030232 0.0215018
v -0.236 -0.0298342 -0.00393237
v -0.236 0.030227 -0.00259485
v -0.236 0.0301928 -0.00280585
v -0.236 0.03025 -0.00216667
v -0.236 0.030232 -0.00250185
v -0.236 0.0301583 0.0220181
v -0.236 0.0301928 0.0218058
v -0.236 -0.03025 0.0211667
v -0.236 -0.030232 0.0215018
v -0.236 -0.03025 -0.00216667
v -0.236 -0.030227 0.0215948
v -0.236 -0.0301928 0.0218058
v -0.236 -0.030227 -0.00259485
v -0.236 -0.030232 -0.00250185
v -0.236 -0.0301583 -0.0030181
v -0.236 -0.0301928 -0.00280585
v -0.200231 -0.0255926 0.0219119
v -0.199504 -0.0254534 0.0223721
v -0.198764 -0.0253117 0.0228406
v -0.19875 -0.025309 0.0228492
v -0.198429 -0.0252475 0.0230526
v -0.198015 -0.0251177 0.0233147
v -0.19726 -0.0248808 0.0237933
v -0.197032 -0.0248093 0.0239376
v -0.19688 -0.0247619 0.0240335
v -0.196764 -0.0247254 0.0241071
v -0.196528 -0.0246208 0.0242567
v -0.196187 -0.0244702 0.0244721
v -0.195848 -0.02432 0.0246867
v -0.195401 -0.0241223 0.0249695
v -0.195199 -0.0240333 0.0250967
v -0.19551 -0.0241708 0.0249001
v -0.195179 -0.0240224 0.0251093
v -0.194621 -0.0237172 0.0254632
v -0.188458 -0.0188277 0.0311267
v -0.188458 -0.0187309 0.0312424
v -0.188458 -0.0184542 0.0315731
v -0.188458 -0.0184194 0.0316146
v -0.188458 -0.0183469 0.0316852
v -0.188459 -0.0182272 0.0318017
v -0.188459 -0.0179993 0.0320235
v -0.188459 -0.0179165 0.0320891
v -0.188459 -0.0177278 0.0322385
v -0.18846 -0.0175004 0.0324186
v -0.188459 -0.0177057 0.032256
v -0.18846 -0.0174141 0.0324733
v -0.188461 -0.0172501 0.0325773
v -0.188461 -0.0170999 0.0326726
v -0.188462 -0.0169809 0.0327481
v -0.188463 -0.0167698 0.0328535
v -0.188463 -0.0167387 0.032869
v -0.188464 -0.0164403 0.0330181
v -0.188464 -0.0164304 0.0330218
v -0.188465 -0.0161927 0.0331126
v -0.188467 -0.0159039 0.0332228
v -0.188468 -0.015796 0.0332525
v -0.188466 -0.0160775 0.0331566
v -0.188468 -0.0157229 0.0332726
v -0.18847 -0.0153694 0.0333699
v -0.18847 -0.0153497 0.0333753
v -0.188471 -0.0152283 0.0333964
v -0.188472 -0.0150186 0.0334327
v -0.188474 -0.0147752 0.0334749
v -0.188475 -0.0146792 0.033482
v -0.188475 -0.0146449 0.0334845
v -0.188477 -0.0143527 0.0335061
v -0.188478 -0.0141903 0.0335181
v -0.188479 -0.0140449 0.03352
v -0.188458 -0.0186483 0.0313411
v -0.212086 -0.0194657 0.0333357
v -0.212086 -0.0192389 0.033515
v -0.212086 -0.0196814 0.0331443
v -0.194621 -0.0237172 -0.00646322
v -0.195221 -0.0240186 -0.00608349
v -0.195422 -0.0241197 -0.00595622
v -0.195527 -0.0241725 -0.00588969
v -0.195836 -0.0243277 -0.00569409
v -0.196064 -0.0244423 -0.0055497
v -0.196161 -0.0244786 -0.00548832
v -0.196527 -0.0246154 -0.00525696
v -0.196893 -0.0247524 -0.00502521
v -0.196947 -0.0247726 -0.00499108
v -0.197534 -0.0249922 -0.00461967
v -0.198011 -0.025115 -0.0043177
v -0.197259 -0.0248894 -0.00479361
v -0.198556 -0.0252555 -0.003972
v -0.198769 -0.0253103 -0.00383729
v -0.199218 -0.0254257 -0.00355333
v -0.199511 -0.025474 -0.0033677
v -0.200231 -0.0255926 -0.00291185
v -0.188478 -0.0141946 -0.0145124
v -0.188479 -0.0140449 -0.01452
v -0.188475 -0.0146792 -0.0144842
v -0.188477 -0.0143528 -0.0145044
v -0.188475 -0.0146416 -0.0144899
v -0.188474 -0.0147787 -0.0144691
v -0.188471 -0.0152314 -0.0144006
v -0.18847 -0.0153599 -0.0143682
v -0.188472 -0.0150188 -0.0144328
v -0.188469 -0.0155965 -0.0143085
v -0.18847 -0.0153685 -0.014366
v -0.188468 -0.0157753 -0.0142634
v -0.188468 -0.0157239 -0.0142763
v -0.188466 -0.0161542 -0.0141302
v -0.188466 -0.0160778 -0.014157
v -0.188465 -0.0162703 -0.0140894
v -0.188462 -0.0167729 -0.0138597
v -0.188464 -0.0164283 -0.0140172
v -0.188463 -0.0166943 -0.0138956
v -0.188462 -0.0167798 -0.0138565
v -0.188461 -0.0172164 -0.013604
v -0.188461 -0.0170995 -0.0136716
v -0.188461 -0.0172859 -0.0135637
v -0.18846 -0.0174128 -0.013472
v -0.18846 -0.0175604 -0.0133653
v -0.188459 -0.017708 -0.0132586
v -0.188459 -0.0177976 -0.0131937
v -0.188459 -0.0179783 -0.013032
v -0.188459 -0.0180164 -0.0129979
v -0.188458 -0.0182544 -0.0127849
v -0.188458 -0.0184377 -0.0125843
v -0.188459 -0.0182312 -0.0128057
v -0.188458 -0.0184508 -0.0125699
v -0.188458 -0.0186517 -0.0123501
v -0.188458 -0.0186546 -0.0123464
v -0.188458 -0.0188277 -0.0121267
v -0.212086 -0.0196814 -0.0141443
v -0.212086 -0.0194657 -0.0143357
v -0.212086 -0.0192389 -0.014515
v -0.194621 0.0237172 0.0254632
v -0.195221 0.0240186 0.0250835
v -0.195405 0.0241113 0.0249668
v -0.195527 0.0241725 0.0248897
v -0.195836 0.0243277 0.0246941
v -0.196064 0.0244423 0.0245498
v -0.196161 0.0244786 0.0244883
v -0.196527 0.0246154 0.024257
v -0.196893 0.0247524 0.0240252
v -0.197033 0.024805 0.0239363
v -0.197534 0.0249921 0.0236198
v -0.198011 0.025115 0.0233177
v -0.197259 0.0248894 0.0237936
v -0.198752 0.0253058 0.0228483
v -0.198769 0.0253103 0.0228373
v -0.199217 0.0254257 0.0225535
v -0.199511 0.025474 0.0223677
v -0.200231 0.0255926 0.0219119
v -0.188477 0.0143528 0.0335045
v -0.188475 0.0146452 0.0334893
v -0.188475 0.0146416 0.0334899
v -0.188472 0.0150188 0.0334328
v -0.188471 0.0152291 0.0334009
v -0.188471 0.0152313 0.0334006
v -0.188468 0.0157239 0.0332763
v -0.188468 0.0157751 0.0332634
v -0.188468 0.0157968 0.0332558
v -0.188465 0.0161941 0.0331162
v -0.188466 0.0160778 0.033157
v -0.188465 0.0162701 0.0330895
v -0.188462 0.0167729 0.0328597
v -0.188464 0.0164283 0.0330172
v -0.188463 0.0167413 0.0328741
v -0.188462 0.0167791 0.0328569
v -0.188461 0.0172853 0.0325641
v -0.188461 0.0170995 0.0326716
v -0.18846 0.0174128 0.032472
v -0.188459 0.017708 0.0322586
v -0.188459 0.0177971 0.0321942
v -0.188459 0.0179154 0.0320883
v -0.188459 0.0177309 0.032242
v -0.188459 0.0182312 0.0318057
v -0.188458 0.0182538 0.0317855
v -0.188458 0.018346 0.0316846
v -0.188458 0.0184508 0.0315699
v -0.188458 0.0186512 0.0313506
v -0.188458 0.0186546 0.0313464
v -0.188458 0.0187343 0.0312453
v -0.188458 0.0188277 0.0311267
v -0.188459 0.0179783 0.032032
v -0.18847 0.0153685 0.033366
v -0.188475 0.0146792 0.0334842
v -0.188479 0.0140449 0.03352
v -0.212086 0.0194657 0.0333357
v -0.212086 0.0196814 0.0331443
v -0.212086 0.0192389 0.033515
v -0.200231 0.0255926 -0.00291185
v -0.199504 0.0254534 -0.00337212
v -0.198764 0.0253117 -0.00384057
v -0.198553 0.0252713 -0.00397406
v -0.198429 0.0252475 -0.00405263
v -0.198015 0.0251177 -0.00431472
v -0.19726 0.0248808 -0.00479333
v -0.196944 0.0247818 -0.00499313
v -0.19688 0.0247619 -0.00503349
v -0.196764 0.0247254 -0.00510714
v -0.196528 0.0246208 -0.00525665
v -0.196187 0.0244702 -0.00547207
v -0.195848 0.02432 -0.00568674
v -0.195418 0.0241298 -0.00595877
v -0.1952 0.0240333 -0.00609664
v -0.19551 0.0241708 -0.00590008
v -0.195179 0.0240224 -0.00610933
v -0.194621 0.0237172 -0.00646322
v -0.188458 0.0186483 -0.0123411
v -0.188458 0.0184542 -0.0125731
v -0.188458 0.0184417 -0.012588
v -0.188458 0.0184194 -0.0126146
v -0.188459 0.0182272 -0.0128017
v -0.188459 0.0179993 -0.0130235
v -0.188459 0.0177057 -0.013256
v -0.18846 0.0175629 -0.0133691
v -0.18846 0.0175004 -0.0134186
v -0.18846 0.0174141 -0.0134733
v -0.188461 0.0172139 -0.0136003
v -0.188461 0.0170999 -0.0136726
v -0.188462 0.0169809 -0.013748
v -0.188463 0.0167698 -0.0138535
v -0.188463 0.0166924 -0.0138921
v -0.188464 0.0164401 -0.0140181
v -0.188464 0.0164304 -0.0140218
v -0.188466 0.0161531 -0.0141277
v -0.188466 0.0160775 -0.0141566
v -0.188467 0.0159038 -0.0142229
v -0.188468 0.0157229 -0.0142726
v -0.188469 0.0155961 -0.0143075
v -0.18847 0.0153694 -0.0143699
v -0.18847 0.0153496 -0.0143753
v -0.188472 0.0150186 -0.0144327
v -0.188474 0.0147795 -0.0144742
v -0.188474 0.0147751 -0.0144749
v -0.188475 0.0146792 -0.014482
v -0.188477 0.0143527 -0.0145061
v -0.188478 0.0141949 -0.0145178
v -0.188478 0.0141902 -0.0145181
v -0.188479 0.0140449 -0.01452
v -0.188458 0.0188277 -0.0121267
v -0.212086 0.0196814 -0.0141443
v -0.212086 0.0194657 -0.0143357
v -0.212086 0.0192389 -0.014515
v -0.194394 0.0233679 0.0247453
v -0.194412 0.0233186 0.0247312
v -0.194379 0.0234165 0.0247642
v -0.194367 0.023464 0.0247879
v -0.194359 0.0235098 0.0248161
v -0.194354 0.0235533 0.0248483
v -0.194353 0.023594 0.0248843
v -0.194355 0.0236315 0.0249236
v -0.194361 0.0236652 0.0249658
v -0.194371 0.0236949 0.0250103
v -0.194384 0.0237202 0.0250566
v -0.194401 0.0237406 0.0251042
v -0.19442 0.0237561 0.0251525
v -0.194443 0.0237664 0.025201
v -0.194468 0.0237715 0.025249
v -0.194495 0.0237711 0.025296
v -0.194525 0.0237654 0.0253415
v -0.194555 0.0237545 0.0253848
v -0.194588 0.0237383 0.0254256
v -0.195194 0.0237078 0.0242799
v -0.196835 0.0243567 0.0233327
v -0.19856 0.0248353 0.0223365
v -0.200046 0.0250968 0.0214788
v -0.200042 0.0251501 0.0214847
v -0.200042 0.0251361 0.0214824
v -0.200041 0.0252028 0.0214951
v -0.200041 0.0251752 0.0214887
v -0.200043 0.0252517 0.0215092
v -0.200043 0.0252543 0.0215102
v -0.200048 0.0253039 0.0215303
v -0.200046 0.0252886 0.0215232
v -0.200056 0.0253512 0.0215545
v -0.200051 0.0253243 0.0215397
v -0.200065 0.0253912 0.0215796
v -0.200067 0.0253955 0.0215829
v -0.20008 0.0254363 0.0216153
v -0.200075 0.0254219 0.0216028
v -0.200096 0.0254734 0.0216509
v -0.200085 0.0254507 0.0216279
v -0.200111 0.0255013 0.0216832
v -0.200114 0.0255059 0.0216896
v -0.200141 0.0255418 0.0217443
v -0.200125 0.0255229 0.0217132
v -0.200134 0.0255337 0.021731
v -0.200157 0.0255579 0.0217766
v -0.200156 0.0255567 0.0217743
v -0.200175 0.0255711 0.0218096
v -0.200193 0.0255813 0.0218433
v -0.20018 0.025574 0.0218193
v -0.200205 0.0255859 0.0218653
v -0.200212 0.0255885 0.0218775
v -0.200098 0.0254772 0.0216547
v -0.200057 0.0253585 0.0215586
v -0.200041 0.0252138 0.0214976
v -0.195179 0.0237561 0.0242919
v -0.195166 0.023804 0.0243085
v -0.195157 0.0238508 0.0243295
v -0.19515 0.023896 0.0243547
v -0.195147 0.0239392 0.0243838
v -0.195147 0.0239799 0.0244164
v -0.195151 0.0240176 0.0244523
v -0.195157 0.024052 0.024491
v -0.195167 0.0240826 0.0245322
v -0.195179 0.0241091 0.0245753
v -0.195195 0.0241312 0.0246199
v -0.195213 0.0241488 0.0246655
v -0.195234 0.0241615 0.0247116
v -0.195257 0.0241693 0.0247578
v -0.195282 0.0241721 0.0248034
v -0.195309 0.0241698 0.0248481
v -0.195337 0.0241625 0.0248913
v -0.195368 0.0241379 0.0249249
v -0.196824 0.0244026 0.0233414
v -0.196816 0.0244481 0.0233539
v -0.196811 0.0244927 0.0233702
v -0.196808 0.0245361 0.0233901
v -0.196807 0.0245779 0.0234134
v -0.196809 0.0246176 0.02344
v -0.196814 0.0246549 0.0234695
v -0.196821 0.0246895 0.0235018
v -0.19683 0.0247211 0.0235365
v -0.196842 0.0247493 0.0235732
v -0.196856 0.0247739 0.0236118
v -0.196872 0.0247948 0.0236517
v -0.19689 0.0248116 0.0236927
v -0.19691 0.0248242 0.0237343
v -0.196931 0.0248326 0.0237763
v -0.196954 0.0248366 0.0238181
v -0.196978 0.0248362 0.0238595
v -0.197003 0.0248315 0.0239
v -0.198554 0.0248779 0.0223422
v -0.19855 0.0249201 0.0223511
v -0.198547 0.0249618 0.0223632
v -0.198547 0.0250024 0.0223784
v -0.198549 0.0250418 0.0223965
v -0.198553 0.0250797 0.0224174
v -0.198558 0.0251157 0.0224409
v -0.198566 0.0251496 0.022467
v -0.198575 0.0251811 0.0224953
v -0.198586 0.02521 0.0225257
v -0.198599 0.0252361 0.0225579
v -0.198613 0.0252592 0.0225917
v -0.198629 0.0252791 0.0226269
v -0.198647 0.0252957 0.0226631
v -0.198665 0.0253087 0.0227001
v -0.198685 0.0253182 0.0227377
v -0.198705 0.0253241 0.0227755
v -0.198728 0.0253137 0.02281
v -0.206496 0.0259905 0.0177579
v -0.2065 0.0259372 0.0177524
v -0.206495 0.0260433 0.0177683
v -0.206498 0.0260948 0.0177836
v -0.206503 0.0261445 0.0178035
v -0.20651 0.0261918 0.0178279
v -0.206521 0.0262361 0.0178563
v -0.206534 0.026277 0.0178886
v -0.20655 0.0263139 0.0179243
v -0.206568 0.0263465 0.017963
v -0.206589 0.0263744 0.0180043
v -0.206611 0.0263972 0.0180477
v -0.206634 0.0264147 0.0180927
v -0.206659 0.0264267 0.0181388
v -0.206685 0.026433 0.0181854
v -0.1895 0.0206799 0.0275673
v -0.189482 0.0207291 0.0275813
v -0.189466 0.0207778 0.0276003
v -0.189455 0.0208252 0.027624
v -0.189446 0.020871 0.0276521
v -0.189442 0.0209145 0.0276844
v -0.18944 0.0209553 0.0277204
v -0.189443 0.0209927 0.0277597
v -0.189449 0.0210265 0.0278019
v -0.189459 0.0210562 0.0278464
v -0.189472 0.0210814 0.0278927
v -0.189489 0.0211019 0.0279403
v -0.189508 0.0211174 0.0279886
v -0.189531 0.0211277 0.028037
v -0.189556 0.0211327 0.0280851
v -0.189583 0.0211324 0.0281321
v -0.189612 0.0211267 0.0281775
v -0.189643 0.0211157 0.0282209
v -0.189675 0.0210996 0.0282616
v -0.189708 0.0210785 0.0282993
v -0.206763 0.0259771 0.0175807
v -0.206775 0.0259789 0.017573
v -0.207007 0.0260141 0.0173826
v -0.207006 0.0264747 0.0179761
v -0.207028 0.0260174 0.017365
v -0.207228 0.0260478 0.0171603
v -0.207301 0.0265132 0.0177334
v -0.207257 0.0260521 0.0171311
v -0.207425 0.0260777 0.0169161
v -0.207568 0.0265479 0.0174606
v -0.207458 0.0260827 0.0168742
v -0.207596 0.0261036 0.0166528
v -0.207803 0.0265785 0.0171609
v -0.20763 0.0261089 0.0165975
v -0.207738 0.0261252 0.0163731
v -0.208004 0.0266047 0.016838
v -0.207771 0.0261302 0.0163041
v -0.20785 0.0261422 0.0160802
v -0.208168 0.0266261 0.0164958
v -0.207879 0.0261467 0.0159977
v -0.207931 0.0261545 0.0157772
v -0.208294 0.0266425 0.0161382
v -0.207953 0.026158 0.0156816
v -0.207977 0.0261616 0.0155212
v -0.208381 0.0266538 0.0157695
v -0.207983 0.0261624 0.0154678
v -0.208409 0.0266574 0.0155823
v -0.207993 0.026164 0.0153597
v -0.208 0.0261651 0.0151543
v -0.208003 0.0262164 0.0151543
v -0.208011 0.0262673 0.0151543
v -0.208024 0.026317 0.0151543
v -0.208042 0.0263652 0.0151543
v -0.208065 0.0264112 0.0151543
v -0.208092 0.0264546 0.0151543
v -0.208124 0.026495 0.0151543
v -0.20816 0.0265319 0.0151543
v -0.2082 0.0265648 0.0151543
v -0.208242 0.0265936 0.0151543
v -0.208288 0.0266178 0.0151543
v -0.208335 0.0266372 0.0151543
v -0.208427 0.0266598 0.0153939
v -0.208385 0.0266516 0.0151543
v -0.208435 0.0266609 0.0151543
v -0.206772 0.0260319 0.0175785
v -0.206773 0.0260843 0.0175886
v -0.206777 0.0261355 0.0176032
v -0.206784 0.0261849 0.0176219
v -0.206795 0.0262319 0.0176447
v -0.206808 0.0262761 0.0176713
v -0.206825 0.0263169 0.0177013
v -0.206845 0.0263538 0.0177345
v -0.206867 0.0263865 0.0177704
v -0.206891 0.0264145 0.0178086
v -0.206918 0.0264376 0.0178488
v -0.206946 0.0264554 0.0178904
v -0.206975 0.0264679 0.017933
v -0.207026 0.02607 0.0173705
v -0.207028 0.0261221 0.01738
v -0.207034 0.026173 0.0173935
v -0.207043 0.0262221 0.0174109
v -0.207057 0.0262689 0.0174318
v -0.207073 0.0263129 0.0174561
v -0.207093 0.0263536 0.0174836
v -0.207116 0.0263905 0.0175138
v -0.207142 0.0264233 0.0175465
v -0.20717 0.0264515 0.0175813
v -0.2072 0.0264748 0.0176178
v -0.207233 0.026493 0.0176556
v -0.207267 0.0265058 0.0176943
v -0.207256 0.0261045 0.0171363
v -0.207259 0.0261562 0.0171451
v -0.207266 0.0262068 0.0171574
v -0.207278 0.0262557 0.017173
v -0.207293 0.0263023 0.0171918
v -0.207312 0.0263462 0.0172136
v -0.207335 0.0263868 0.0172382
v -0.207361 0.0264237 0.0172651
v -0.20739 0.0264565 0.0172943
v -0.207422 0.0264849 0.0173253
v -0.207456 0.0265084 0.0173578
v -0.207492 0.0265269 0.0173914
v -0.207529 0.0265401 0.0174258
v -0.207458 0.0261348 0.016879
v -0.207463 0.0261863 0.0168868
v -0.207471 0.0262367 0.0168976
v -0.207485 0.0262854 0.0169113
v -0.207502 0.0263318 0.0169278
v -0.207524 0.0263756 0.0169468
v -0.207549 0.0264161 0.0169681
v -0.207577 0.026453 0.0169916
v -0.207609 0.0264859 0.0170168
v -0.207644 0.0265143 0.0170437
v -0.207681 0.026538 0.0170719
v -0.20772 0.0265568 0.017101
v -0.207761 0.0265703 0.0171308
v -0.207631 0.0261607 0.0166016
v -0.207636 0.026212 0.0166083
v -0.207647 0.0262622 0.0166175
v -0.207661 0.0263107 0.0166291
v -0.207681 0.026357 0.0166429
v -0.207704 0.0264007 0.0166589
v -0.207731 0.0264411 0.0166768
v -0.207762 0.026478 0.0166964
v -0.207797 0.0265109 0.0167176
v -0.207834 0.0265395 0.0167401
v -0.207874 0.0265633 0.0167636
v -0.207916 0.0265823 0.0167879
v -0.207959 0.0265961 0.0168128
v -0.207772 0.0261819 0.0163075
v -0.207779 0.026233 0.016313
v -0.20779 0.0262831 0.0163204
v -0.207806 0.0263314 0.0163296
v -0.207827 0.0263776 0.0163407
v -0.207852 0.0264212 0.0163534
v -0.207881 0.0264616 0.0163677
v -0.207914 0.0264985 0.0163833
v -0.20795 0.0265314 0.0164001
v -0.207989 0.0265601 0.016418
v -0.208031 0.0265841 0.0164367
v -0.208075 0.0266032 0.016456
v -0.208121 0.0266172 0.0164758
v -0.207881 0.0261982 0.0160002
v -0.207888 0.0262492 0.0160043
v -0.2079 0.0262991 0.0160097
v -0.207917 0.0263474 0.0160166
v -0.207939 0.0263935 0.0160247
v -0.207965 0.026437 0.016034
v -0.207996 0.0264774 0.0160445
v -0.20803 0.0265142 0.0160559
v -0.208068 0.0265472 0.0160683
v -0.208109 0.0265759 0.0160813
v -0.208152 0.0266 0.016095
v -0.208198 0.0266192 0.0161092
v -0.208246 0.0266335 0.0161236
v -0.207956 0.0262094 0.0156833
v -0.207963 0.0262603 0.0156858
v -0.207976 0.0263101 0.0156892
v -0.207994 0.0263583 0.0156935
v -0.208016 0.0264044 0.0156986
v -0.208043 0.0264478 0.0157045
v -0.208075 0.0264882 0.015711
v -0.20811 0.0265251 0.0157181
v -0.208149 0.026558 0.0157258
v -0.208191 0.0265867 0.015734
v -0.208235 0.0266109 0.0157426
v -0.208282 0.0266303 0.0157514
v -0.208331 0.0266446 0.0157604
v -0.20798 0.026213 0.0155223
v -0.207988 0.0262639 0.0155241
v -0.208001 0.0263137 0.0155265
v -0.208019 0.0263619 0.0155295
v -0.208041 0.0264079 0.015533
v -0.208069 0.0264513 0.0155371
v -0.2081 0.0264917 0.0155416
v -0.208136 0.0265286 0.0155466
v -0.208175 0.0265615 0.0155519
v -0.208218 0.0265903 0.0155576
v -0.208263 0.0266145 0.0155636
v -0.20831 0.0266338 0.0155697
v -0.208359 0.0266482 0.015576
v -0.207996 0.0262154 0.0153603
v -0.208003 0.0262662 0.0153613
v -0.208016 0.026316 0.0153626
v -0.208035 0.0263641 0.0153643
v -0.208057 0.0264102 0.0153663
v -0.208085 0.0264536 0.0153686
v -0.208117 0.026494 0.0153711
v -0.208153 0.0265308 0.0153739
v -0.208192 0.0265638 0.0153769
v -0.208235 0.0265925 0.0153801
v -0.20828 0.0266167 0.0153834
v -0.208327 0.0266361 0.0153868
v -0.208377 0.0266505 0.0153903
v -0.206729 0.0264387 0.000840478
v -0.206685 0.026433 0.000814634
v -0.208435 0.0266609 0.00384572
v -0.207047 0.0264801 0.00105438
v -0.207339 0.0265181 0.00130122
v -0.20843 0.0266602 0.00365651
v -0.207601 0.0265523 0.00157786
v -0.208415 0.0266582 0.00346781
v -0.207832 0.0265823 0.00188087
v -0.208028 0.0266078 0.00220656
v -0.208187 0.0266285 0.00255105
v -0.208389 0.0266549 0.00328018
v -0.208308 0.0266443 0.0029103
v -0.208 0.0261651 0.00384572
v -0.208003 0.0262164 0.00384572
v -0.208011 0.0262673 0.00384572
v -0.208024 0.026317 0.00384572
v -0.208042 0.0263652 0.00384572
v -0.208065 0.0264112 0.00384572
v -0.208092 0.0264546 0.00384572
v -0.208124 0.026495 0.00384572
v -0.20816 0.0265319 0.00384572
v -0.2082 0.0265648 0.00384572
v -0.208242 0.0265936 0.00384572
v -0.208288 0.0266178 0.00384572
v -0.208335 0.0266372 0.00384572
v -0.208385 0.0266516 0.00384572
v -0.208 0.022 0.0151543
v -0.207984 0.022 0.0154679
v -0.207934 0.022 0.015778
v -0.207853 0.022 0.0160813
v -0.207741 0.022 0.0163745
v -0.207598 0.022 0.0166543
v -0.207427 0.022 0.0169176
v -0.207229 0.022 0.0171617
v -0.207007 0.022 0.0173837
v -0.206763 0.022 0.0175813
v -0.2065 0.022 0.0177524
v -0.208 0.022 0.00384572
v -0.207996 0.0261644 0.00368354
v -0.207983 0.0261625 0.00353216
v -0.207982 0.0261624 0.0035218
v -0.20793 0.0261545 0.00322292
v -0.207961 0.0261591 0.00336097
v -0.207849 0.0261421 0.00292002
v -0.207891 0.0261485 0.00304394
v -0.207737 0.0261251 0.00262724
v -0.207787 0.0261327 0.002736
v -0.207595 0.0261035 0.00234775
v -0.207651 0.026112 0.00244072
v -0.207424 0.0260776 0.00208461
v -0.207483 0.0260865 0.00216156
v -0.207227 0.0260476 0.00184068
v -0.207285 0.0260564 0.00190184
v -0.207005 0.026014 0.00161862
v -0.20706 0.0260222 0.00166472
v -0.206762 0.025977 0.00142083
v -0.20681 0.0259843 0.00145315
v -0.206496 0.0259905 0.00124214
v -0.206538 0.0259429 0.0012698
v -0.206495 0.0260433 0.00123168
v -0.206498 0.0260948 0.0012164
v -0.206503 0.0261445 0.00119648
v -0.20651 0.0261918 0.00117214
v -0.206521 0.0262361 0.00114367
v -0.206534 0.026277 0.00111139
v -0.20655 0.0263139 0.00107568
v -0.206568 0.0263465 0.00103695
v -0.206589 0.0263744 0.000995656
v -0.206611 0.0263972 0.000952264
v -0.206634 0.0264147 0.000907281
v -0.206659 0.0264267 0.000861227
v -0.2065 0.0259372 0.00124765
v -0.207998 0.0262158 0.00368303
v -0.208006 0.0262666 0.00368225
v -0.208019 0.0263164 0.00368119
v -0.208037 0.0263645 0.00367987
v -0.20806 0.0264106 0.0036783
v -0.208088 0.026454 0.0036765
v -0.20812 0.0264944 0.00367449
v -0.208155 0.0265312 0.00367229
v -0.208195 0.0265642 0.00366993
v -0.208238 0.0265929 0.00366742
v -0.208283 0.0266171 0.00366479
v -0.20833 0.0266365 0.00366208
v -0.20838 0.0266509 0.00365931
v -0.207985 0.0262138 0.0035208
v -0.207993 0.0262647 0.00351923
v -0.208006 0.0263144 0.00351712
v -0.208024 0.0263626 0.00351448
v -0.208047 0.0264086 0.00351136
v -0.208074 0.0264521 0.00350776
v -0.208106 0.0264924 0.00350375
v -0.208141 0.0265293 0.00349936
v -0.208181 0.0265623 0.00349463
v -0.208223 0.026591 0.00348961
v -0.208268 0.0266152 0.00348437
v -0.208316 0.0266346 0.00347895
v -0.207963 0.0262105 0.00335948
v -0.207971 0.0262614 0.00335714
v -0.207983 0.0263112 0.00335398
v -0.208001 0.0263594 0.00335004
v -0.208024 0.0264054 0.00334536
v -0.208051 0.0264489 0.00333999
v -0.208082 0.0264892 0.00333398
v -0.208118 0.0265261 0.00332741
v -0.208157 0.0265591 0.00332033
v -0.208199 0.0265878 0.00331282
v -0.208244 0.026612 0.00330497
v -0.208365 0.026649 0.00347341
v -0.208291 0.0266313 0.00329685
v -0.207893 0.0262 0.0030415
v -0.2079 0.026251 0.00303766
v -0.207912 0.0263008 0.00303246
v -0.20793 0.0263491 0.00302596
v -0.207951 0.0263952 0.00301823
v -0.207978 0.0264387 0.00300935
v -0.208008 0.0264791 0.00299941
v -0.208043 0.026516 0.00298853
v -0.208081 0.0265489 0.00297681
v -0.208122 0.0265776 0.00296438
v -0.208166 0.0266017 0.00295137
v -0.208339 0.0266457 0.00328856
v -0.208212 0.026621 0.00293793
v -0.207789 0.0261844 0.0027327
v -0.207795 0.0262355 0.00272745
v -0.207807 0.0262855 0.0027203
v -0.207823 0.0263338 0.00271134
v -0.207844 0.02638 0.00270067
v -0.207869 0.0264236 0.00268838
v -0.207898 0.026464 0.00267463
v -0.207931 0.0265009 0.00265955
v -0.207968 0.0265338 0.0026433
v -0.208007 0.0265624 0.00262607
v -0.20805 0.0265865 0.00260803
v -0.208259 0.0266352 0.00292419
v -0.208094 0.0266056 0.00258938
v -0.207652 0.0261638 0.00243666
v -0.207657 0.0262151 0.00243012
v -0.207668 0.0262652 0.00242115
v -0.207683 0.0263137 0.00240987
v -0.207702 0.02636 0.00239639
v -0.207726 0.0264037 0.00238085
v -0.207753 0.0264441 0.00236343
v -0.207784 0.026481 0.00234431
v -0.207819 0.0265139 0.00232371
v -0.207857 0.0265425 0.00230184
v -0.207897 0.0265664 0.00227893
v -0.20814 0.0266197 0.00257032
v -0.207939 0.0265853 0.00225525
v -0.207483 0.0261385 0.00215688
v -0.207487 0.02619 0.00214918
v -0.207497 0.0262403 0.00213856
v -0.20751 0.026289 0.00212512
v -0.207528 0.0263354 0.00210901
v -0.207549 0.0263792 0.00209041
v -0.207575 0.0264197 0.00206952
v -0.207604 0.0264566 0.00204657
v -0.207636 0.0264895 0.00202182
v -0.207671 0.0265179 0.00199552
v -0.207709 0.0265416 0.00196797
v -0.207983 0.0265992 0.00223103
v -0.207748 0.0265604 0.00193947
v -0.207284 0.0261087 0.00189669
v -0.207288 0.0261605 0.00188802
v -0.207295 0.026211 0.00187591
v -0.207307 0.0262599 0.00186052
v -0.207323 0.0263065 0.001842
v -0.207342 0.0263504 0.00182057
v -0.207365 0.026391 0.00179645
v -0.207392 0.0264279 0.00176992
v -0.207421 0.0264607 0.00174126
v -0.207453 0.026489 0.0017108
v -0.207488 0.0265126 0.00167887
v -0.20779 0.026574 0.00191033
v -0.207524 0.0265311 0.00164583
v -0.207058 0.0260748 0.00165927
v -0.20706 0.0261268 0.0016498
v -0.207066 0.0261777 0.00163644
v -0.207076 0.0262268 0.00161932
v -0.20709 0.0262736 0.00159864
v -0.207107 0.0263176 0.00157463
v -0.207127 0.0263583 0.00154757
v -0.20715 0.0263952 0.00151774
v -0.207176 0.0264279 0.00148549
v -0.207205 0.0264561 0.00145117
v -0.207236 0.0264795 0.00141518
v -0.207562 0.0265444 0.00161203
v -0.207269 0.0264977 0.00137791
v -0.206807 0.0260372 0.00144757
v -0.206808 0.0260895 0.00143752
v -0.206812 0.0261406 0.00142312
v -0.20682 0.02619 0.00140453
v -0.206831 0.026237 0.00138197
v -0.206845 0.0262812 0.00135568
v -0.206862 0.0263219 0.00132597
v -0.206882 0.0263589 0.00129318
v -0.206905 0.0263916 0.00125767
v -0.20693 0.0264196 0.00121986
v -0.206957 0.0264427 0.00118016
v -0.207303 0.0265106 0.00133978
v -0.206985 0.0264606 0.00113904
v -0.206534 0.0259962 0.00126427
v -0.206533 0.0260489 0.00125385
v -0.206536 0.0261004 0.00123866
v -0.206541 0.02615 0.00121887
v -0.206549 0.0261973 0.00119472
v -0.206561 0.0262416 0.00116648
v -0.206574 0.0262825 0.00113448
v -0.206591 0.0263194 0.00109909
v -0.206609 0.026352 0.00106071
v -0.20663 0.0263799 0.00101979
v -0.206653 0.0264028 0.000976808
v -0.207016 0.0264731 0.00109695
v -0.206677 0.0264203 0.000932248
v -0.206703 0.0264323 0.000886629
v -0.206763 0.022 0.00141867
v -0.2065 0.022 0.00124765
v -0.207007 0.022 0.00161629
v -0.207229 0.022 0.00183833
v -0.207427 0.022 0.00208237
v -0.207598 0.022 0.00234572
v -0.207741 0.022 0.00262551
v -0.207853 0.022 0.00291867
v -0.207934 0.022 0.00322199
v -0.207984 0.022 0.00353214
v -0.200046 0.0250968 -0.00247884
v -0.200042 0.0251361 -0.00248242
v -0.200042 0.0251501 -0.00248466
v -0.200041 0.0251752 -0.0024887
v -0.200041 0.0252138 -0.00249763
v -0.200043 0.0252517 -0.00250916
v -0.200041 0.0252028 -0.00249508
v -0.200043 0.0252543 -0.00251017
v -0.200046 0.0252886 -0.00252323
v -0.200048 0.0253039 -0.0025303
v -0.200051 0.0253243 -0.00253973
v -0.200057 0.0253585 -0.00255858
v -0.200065 0.0253912 -0.00257964
v -0.200056 0.0253512 -0.00255454
v -0.200067 0.0253955 -0.00258294
v -0.200075 0.0254219 -0.00260279
v -0.20008 0.0254363 -0.00261533
v -0.200085 0.0254507 -0.00262788
v -0.200096 0.0254734 -0.00265091
v -0.200098 0.0254772 -0.00265475
v -0.200111 0.0255013 -0.00268324
v -0.200114 0.0255059 -0.00268965
v -0.200125 0.0255229 -0.00271316
v -0.200134 0.0255337 -0.00273097
v -0.200141 0.0255418 -0.00274433
v -0.200156 0.0255567 -0.00277426
v -0.200157 0.0255579 -0.00277656
v -0.200175 0.0255711 -0.00280963
v -0.20018 0.025574 -0.00281926
v -0.200193 0.0255813 -0.00284335
v -0.200205 0.0255859 -0.0028653
v -0.200212 0.0255885 -0.00287749
v -0.198364 0.0247905 -0.00344991
v -0.196747 0.0243273 -0.00438314
v -0.195211 0.0237155 -0.00527021
v -0.194412 0.0233186 -0.00573124
v -0.194394 0.0233679 -0.00574525
v -0.194379 0.0234165 -0.00576422
v -0.194367 0.023464 -0.00578792
v -0.194359 0.0235098 -0.00581606
v -0.194354 0.0235533 -0.00584833
v -0.194353 0.023594 -0.00588433
v -0.194355 0.0236315 -0.00592364
v -0.194361 0.0236652 -0.0059658
v -0.194371 0.0236949 -0.00601031
v -0.194384 0.0237202 -0.00605663
v -0.194401 0.0237406 -0.00610423
v -0.19442 0.0237561 -0.00615254
v -0.194443 0.0237664 -0.00620098
v -0.194468 0.0237715 -0.006249
v -0.194495 0.0237711 -0.00629601
v -0.194525 0.0237654 -0.00634146
v -0.194555 0.0237545 -0.00638481
v -0.194588 0.0237383 -0.00642556
v -0.198357 0.0248335 -0.00345593
v -0.198352 0.0248761 -0.00346525
v -0.19835 0.0249181 -0.00347779
v -0.198349 0.0249591 -0.00349345
v -0.198351 0.0249988 -0.00351212
v -0.198354 0.0250369 -0.00353364
v -0.19836 0.0250731 -0.00355785
v -0.198367 0.0251071 -0.00358457
v -0.198377 0.0251387 -0.00361359
v -0.198388 0.0251676 -0.00364469
v -0.198401 0.0251936 -0.00367762
v -0.198415 0.0252165 -0.00371214
v -0.198431 0.0252361 -0.00374797
v -0.198449 0.0252523 -0.00378484
v -0.198468 0.0252649 -0.00382247
v -0.198487 0.0252738 -0.00386056
v -0.198508 0.025279 -0.00389883
v -0.19853 0.0252805 -0.00393697
v -0.196737 0.0243733 -0.00439193
v -0.196728 0.0244189 -0.00440464
v -0.196723 0.0244637 -0.00442116
v -0.196719 0.0245072 -0.00444132
v -0.196719 0.024549 -0.00446495
v -0.196721 0.0245888 -0.00449182
v -0.196725 0.0246262 -0.00452168
v -0.196732 0.0246608 -0.00455427
v -0.196742 0.0246923 -0.00458928
v -0.196754 0.0247205 -0.00462638
v -0.196768 0.024745 -0.00466523
v -0.196784 0.0247657 -0.00470548
v -0.196802 0.0247823 -0.00474675
v -0.196822 0.0247947 -0.00478866
v -0.196844 0.0248028 -0.00483082
v -0.196867 0.0248065 -0.00487285
v -0.196891 0.0248058 -0.00491436
v -0.196916 0.0248007 -0.00495496
v -0.195195 0.0237638 -0.00528219
v -0.195183 0.0238117 -0.00529874
v -0.195174 0.0238585 -0.00531969
v -0.195167 0.0239037 -0.00534481
v -0.195164 0.0239469 -0.00537382
v -0.195164 0.0239875 -0.00540641
v -0.195168 0.0240253 -0.00544222
v -0.195174 0.0240596 -0.00548087
v -0.195184 0.0240902 -0.00552194
v -0.195196 0.0241168 -0.00556497
v -0.195212 0.0241389 -0.00560951
v -0.19523 0.0241565 -0.00565507
v -0.195251 0.0241693 -0.00570114
v -0.195274 0.0241772 -0.00574725
v -0.195299 0.02418 -0.00579287
v -0.195326 0.0241778 -0.00583752
v -0.195354 0.0241706 -0.00588071
v -0.195383 0.0241584 -0.00592197
v -0.1895 0.0206799 -0.00856731
v -0.189482 0.0207291 -0.00858132
v -0.189466 0.0207778 -0.00860029
v -0.189455 0.0208252 -0.00862398
v -0.189446 0.020871 -0.00865213
v -0.189442 0.0209145 -0.0086844
v -0.18944 0.0209553 -0.0087204
v -0.189443 0.0209927 -0.00875971
v -0.189449 0.0210265 -0.00880187
v -0.189459 0.0210562 -0.00884637
v -0.189472 0.0210814 -0.0088927
v -0.189489 0.0211019 -0.00894029
v -0.189508 0.0211174 -0.0089886
v -0.189531 0.0211277 -0.00903705
v -0.189556 0.0211327 -0.00908506
v -0.189583 0.0211324 -0.00913207
v -0.189612 0.0211267 -0.00917752
v -0.189643 0.0211157 -0.00922088
v -0.189675 0.0210996 -0.00926163
v -0.189708 0.0210785 -0.00929928
v -0.189361 0.0206147 0.0276524
v -0.189593 0.0210133 0.0283702
v -0.189237 0.02055 0.0277386
v -0.189224 0.0205434 0.0277473
v -0.189479 0.0209421 0.0284493
v -0.189089 0.0204661 0.0278524
v -0.189366 0.0208647 0.0285369
v -0.188993 0.020405 0.0279367
v -0.188958 0.0203824 0.027968
v -0.189256 0.020781 0.0286332
v -0.18883 0.0202924 0.0280941
v -0.18915 0.0206911 0.0287383
v -0.188707 0.0201963 0.0282309
v -0.188772 0.0202469 0.0281589
v -0.189048 0.0205949 0.0288523
v -0.18859 0.020094 0.0283783
v -0.18895 0.0204927 0.0289751
v -0.188481 0.0199861 0.0285359
v -0.188574 0.0200775 0.0284025
v -0.188859 0.0203847 0.0291065
v -0.188403 0.019898 0.028666
v -0.18838 0.0198727 0.0287032
v -0.188776 0.0202714 0.0292459
v -0.18829 0.0197547 0.0288795
v -0.1887 0.0201533 0.0293928
v -0.18821 0.0196325 0.0290639
v -0.188261 0.0197108 0.0289458
v -0.188633 0.0200311 0.0295464
v -0.188147 0.019518 0.0292385
v -0.188141 0.0195071 0.0292551
v -0.188576 0.0199057 0.0297057
v -0.188086 0.0193794 0.0294517
v -0.18853 0.019778 0.0298696
v -0.188044 0.0192503 0.0296524
v -0.188067 0.0193213 0.029542
v -0.188495 0.019649 0.0300369
v -0.188472 0.0195196 0.0302061
v -0.188017 0.0191233 0.0298518
v -0.188016 0.019121 0.0298554
v -0.188458 0.0193245 0.0304643
v -0.188406 0.0193184 0.0304598
v -0.18842 0.0193207 0.0304615
v -0.188354 0.0193083 0.0304522
v -0.188381 0.0193144 0.0304568
v -0.188307 0.0192949 0.0304421
v -0.188271 0.0192817 0.0304322
v -0.188304 0.0192939 0.0304414
v -0.188257 0.0192751 0.0304273
v -0.188212 0.0192525 0.0304104
v -0.188237 0.0192663 0.0304207
v -0.188174 0.0192293 0.030393
v -0.188146 0.019208 0.030377
v -0.18817 0.0192263 0.0303907
v -0.188132 0.0191965 0.0303684
v -0.188098 0.0191639 0.0303439
v -0.188119 0.019185 0.0303597
v -0.188073 0.0191343 0.0303217
v -0.188054 0.019107 0.0303012
v -0.188069 0.0191284 0.0303173
v -0.188045 0.0190907 0.030289
v -0.188038 0.0190785 0.0302799
v -0.188025 0.0190512 0.0302594
v -0.188014 0.019019 0.0302352
v -0.188012 0.0190102 0.0302286
v -0.188006 0.0189883 0.0302122
v -0.188003 0.0189683 0.0301972
v -0.188002 0.0189572 0.0301888
v -0.188 0.0189259 0.0301654
v -0.188024 0.0190491 0.0302578
v -0.188095 0.0191604 0.0303412
v -0.188205 0.0192488 0.0304076
v -0.188344 0.0193058 0.0304503
v -0.189558 0.0210329 0.0283344
v -0.189524 0.0210476 0.0282955
v -0.189491 0.0210574 0.0282541
v -0.18946 0.021062 0.0282105
v -0.189431 0.0210615 0.0281653
v -0.189404 0.0210558 0.0281191
v -0.18938 0.021045 0.0280723
v -0.189359 0.0210292 0.0280254
v -0.189341 0.0210087 0.0279791
v -0.189326 0.0209835 0.0279339
v -0.189315 0.0209542 0.0278903
v -0.189308 0.0209209 0.0278487
v -0.189304 0.020884 0.0278097
v -0.189305 0.020844 0.0277738
v -0.189309 0.0208014 0.0277413
v -0.189316 0.0207567 0.0277126
v -0.189328 0.0207103 0.027688
v -0.189343 0.0206627 0.0276679
v -0.189442 0.0209601 0.0284154
v -0.189406 0.0209735 0.0283786
v -0.189372 0.020982 0.0283391
v -0.189339 0.0209855 0.0282976
v -0.189308 0.0209841 0.0282544
v -0.18928 0.0209777 0.02821
v -0.189254 0.0209664 0.0281649
v -0.189231 0.0209503 0.0281197
v -0.189212 0.0209297 0.0280748
v -0.189196 0.0209047 0.0280308
v -0.189184 0.0208756 0.0279881
v -0.189175 0.0208428 0.0279472
v -0.18917 0.0208066 0.0279087
v -0.18917 0.0207674 0.0278728
v -0.189173 0.0207257 0.0278401
v -0.18918 0.020682 0.0278109
v -0.189191 0.0206367 0.0277855
v -0.189206 0.0205903 0.0277642
v -0.189328 0.0208811 0.028505
v -0.189291 0.020893 0.0284703
v -0.189255 0.0209002 0.028433
v -0.18922 0.0209027 0.0283935
v -0.189188 0.0209003 0.0283524
v -0.189158 0.0208932 0.0283099
v -0.189131 0.0208814 0.0282667
v -0.189107 0.0208651 0.0282232
v -0.189086 0.0208444 0.0281799
v -0.189069 0.0208195 0.0281371
v -0.189055 0.0207907 0.0280955
v -0.189046 0.0207584 0.0280555
v -0.18904 0.0207229 0.0280174
v -0.189038 0.0206845 0.0279818
v -0.189041 0.0206438 0.0279489
v -0.189047 0.0206011 0.0279193
v -0.189057 0.0205569 0.0278931
v -0.189072 0.0205117 0.0278708
v -0.189217 0.0207958 0.0286034
v -0.189178 0.0208063 0.0285709
v -0.189141 0.0208122 0.0285357
v -0.189105 0.0208135 0.0284985
v -0.189072 0.0208103 0.0284595
v -0.18904 0.0208024 0.0284191
v -0.189012 0.0207901 0.0283779
v -0.188986 0.0207735 0.0283362
v -0.188964 0.0207527 0.0282944
v -0.188946 0.0207279 0.0282531
v -0.188931 0.0206995 0.0282127
v -0.18892 0.0206677 0.0281735
v -0.188913 0.0206328 0.0281361
v -0.18891 0.0205953 0.0281008
v -0.188912 0.0205555 0.0280679
v -0.188917 0.0205139 0.0280379
v -0.188927 0.0204708 0.0280111
v -0.18894 0.0204268 0.0279877
v -0.189109 0.0207043 0.0287108
v -0.18907 0.0207132 0.0286804
v -0.189031 0.0207178 0.0286476
v -0.188994 0.020718 0.0286126
v -0.188959 0.0207138 0.0285758
v -0.188927 0.0207053 0.0285376
v -0.188897 0.0206925 0.0284984
v -0.188871 0.0206755 0.0284586
v -0.188847 0.0206547 0.0284186
v -0.188828 0.02063 0.0283788
v -0.188812 0.0206019 0.0283397
v -0.1888 0.0205706 0.0283015
v -0.188791 0.0205364 0.0282648
v -0.188788 0.0204998 0.0282299
v -0.188788 0.0204609 0.0281972
v -0.188792 0.0204203 0.0281669
v -0.188801 0.0203785 0.0281395
v -0.188813 0.0203357 0.0281151
v -0.189006 0.0206064 0.028827
v -0.188966 0.0206139 0.0287989
v -0.188926 0.0206172 0.0287684
v -0.188888 0.0206162 0.0287358
v -0.188853 0.0206111 0.0287013
v -0.188819 0.0206019 0.0286654
v -0.188788 0.0205886 0.0286283
v -0.188761 0.0205714 0.0285905
v -0.188736 0.0205504 0.0285523
v -0.188715 0.0205259 0.0285142
v -0.188698 0.0204982 0.0284764
v -0.188685 0.0204674 0.0284394
v -0.188676 0.0204339 0.0284035
v -0.18867 0.020398 0.0283691
v -0.188669 0.0203601 0.0283366
v -0.188673 0.0203206 0.0283062
v -0.18868 0.0202799 0.0282783
v -0.188692 0.0202383 0.0282531
v -0.188908 0.0205026 0.0289521
v -0.188867 0.0205085 0.0289263
v -0.188827 0.0205105 0.0288982
v -0.188788 0.0205085 0.0288679
v -0.188752 0.0205024 0.0288358
v -0.188717 0.0204925 0.0288022
v -0.188686 0.0204787 0.0287673
v -0.188657 0.0204612 0.0287316
v -0.188632 0.0204402 0.0286953
v -0.18861 0.0204159 0.0286589
v -0.188591 0.0203884 0.0286226
v -0.188577 0.0203581 0.0285868
v -0.188566 0.0203253 0.0285519
v -0.18856 0.0202903 0.0285182
v -0.188558 0.0202533 0.028486
v -0.18856 0.0202149 0.0284556
v -0.188566 0.0201753 0.0284274
v -0.188576 0.0201348 0.0284015
v -0.188817 0.0203929 0.0290857
v -0.188775 0.0203974 0.0290623
v -0.188734 0.0203981 0.0290366
v -0.188695 0.020395 0.0290087
v -0.188658 0.0203881 0.028979
v -0.188623 0.0203774 0.0289477
v -0.188591 0.0203632 0.0289151
v -0.188561 0.0203454 0.0288815
v -0.188535 0.0203244 0.0288472
v -0.188512 0.0203001 0.0288126
v -0.188493 0.020273 0.0287779
v -0.188477 0.0202433 0.0287435
v -0.188465 0.0202111 0.0287096
v -0.188458 0.0201769 0.0286767
v -0.188454 0.0201409 0.028645
v -0.188455 0.0201034 0.0286148
v -0.188459 0.0200649 0.0285864
v -0.188468 0.0200257 0.02856
v -0.188733 0.020278 0.0292274
v -0.188691 0.0202811 0.0292064
v -0.18865 0.0202805 0.029183
v -0.18861 0.0202763 0.0291576
v -0.188573 0.0202685 0.0291303
v -0.188537 0.0202572 0.0291014
v -0.188504 0.0202425 0.0290711
v -0.188474 0.0202245 0.0290397
v -0.188447 0.0202033 0.0290075
v -0.188423 0.0201793 0.0289747
v -0.188403 0.0201525 0.0289417
v -0.188386 0.0201232 0.0289088
v -0.188373 0.0200917 0.0288761
v -0.188364 0.0200583 0.0288442
v -0.188359 0.0200232 0.0288131
v -0.188359 0.0199868 0.0287832
v -0.188362 0.0199493 0.0287548
v -0.188369 0.0199112 0.028728
v -0.188657 0.0201584 0.0293765
v -0.188615 0.02016 0.0293579
v -0.188574 0.0201582 0.0293369
v -0.188534 0.0201529 0.029314
v -0.188496 0.0201443 0.0292891
v -0.18846 0.0201324 0.0292626
v -0.188427 0.0201172 0.0292346
v -0.188396 0.020099 0.0292054
v -0.188369 0.0200778 0.0291753
v -0.188344 0.0200539 0.0291445
v -0.188323 0.0200274 0.0291133
v -0.188305 0.0199986 0.0290819
v -0.188291 0.0199678 0.0290506
v -0.188281 0.0199351 0.0290197
v -0.188275 0.0199009 0.0289894
v -0.188272 0.0198654 0.02896
v -0.188274 0.019829 0.0289317
v -0.18828 0.019792 0.0289048
v -0.18859 0.0200347 0.0295324
v -0.188548 0.0200349 0.029516
v -0.188507 0.0200319 0.0294975
v -0.188468 0.0200257 0.0294769
v -0.18843 0.0200163 0.0294544
v -0.188394 0.0200037 0.0294303
v -0.18836 0.0199881 0.0294047
v -0.188329 0.0199696 0.0293778
v -0.188301 0.0199484 0.0293499
v -0.188276 0.0199247 0.0293211
v -0.188254 0.0198985 0.0292917
v -0.188235 0.0198702 0.0292619
v -0.18822 0.01984 0.0292321
v -0.188209 0.019808 0.0292024
v -0.188201 0.0197747 0.029173
v -0.188197 0.0197401 0.0291442
v -0.188198 0.0197048 0.0291163
v -0.188202 0.0196688 0.0290894
v -0.188534 0.0199078 0.0296939
v -0.188492 0.0199067 0.0296798
v -0.188452 0.0199026 0.0296636
v -0.188412 0.0198954 0.0296454
v -0.188374 0.0198852 0.0296253
v -0.188338 0.019872 0.0296036
v -0.188305 0.0198561 0.0295803
v -0.188273 0.0198374 0.0295557
v -0.188245 0.0198161 0.0295299
v -0.188219 0.0197925 0.0295032
v -0.188196 0.0197667 0.0294757
v -0.188177 0.0197388 0.0294477
v -0.188161 0.0197091 0.0294194
v -0.188148 0.0196779 0.029391
v -0.188139 0.0196454 0.0293627
v -0.188134 0.0196118 0.0293347
v -0.188133 0.0195773 0.0293073
v -0.188135 0.0195424 0.0292807
v -0.188488 0.0197786 0.0298599
v -0.188447 0.0197763 0.029848
v -0.188407 0.0197711 0.0298341
v -0.188368 0.019763 0.0298182
v -0.18833 0.019752 0.0298005
v -0.188295 0.0197383 0.0297811
v -0.188261 0.019722 0.0297602
v -0.188229 0.0197031 0.0297378
v -0.1882 0.0196818 0.0297143
v -0.188174 0.0196583 0.0296896
v -0.188151 0.0196328 0.0296641
v -0.188131 0.0196054 0.0296379
v -0.188114 0.0195763 0.0296112
v -0.1881 0.0195457 0.0295842
v -0.18809 0.019514 0.0295571
v -0.188084 0.0194812 0.0295301
v -0.188081 0.0194477 0.0295034
v -0.188082 0.0194137 0.0294772
v -0.188454 0.0196482 0.0300292
v -0.188414 0.0196447 0.0300194
v -0.188374 0.0196385 0.0300077
v -0.188335 0.0196295 0.0299941
v -0.188298 0.0196178 0.0299787
v -0.188263 0.0196036 0.0299617
v -0.188229 0.0195869 0.029943
v -0.188198 0.0195678 0.0299229
v -0.188169 0.0195466 0.0299015
v -0.188142 0.0195232 0.029879
v -0.188119 0.0194979 0.0298555
v -0.188098 0.0194709 0.0298311
v -0.18808 0.0194424 0.0298061
v -0.188066 0.0194125 0.0297807
v -0.188055 0.0193814 0.0297549
v -0.188047 0.0193495 0.029729
v -0.188042 0.0193168 0.0297031
v -0.188042 0.0192837 0.0296776
v -0.188432 0.0195176 0.0302004
v -0.188392 0.019513 0.0301927
v -0.188353 0.0195057 0.0301831
v -0.188315 0.0194959 0.0301717
v -0.188278 0.0194836 0.0301586
v -0.188243 0.0194689 0.0301437
v -0.18821 0.0194519 0.0301273
v -0.188179 0.0194326 0.0301095
v -0.18815 0.0194113 0.0300903
v -0.188123 0.0193881 0.0300698
v -0.188099 0.0193631 0.0300483
v -0.188078 0.0193365 0.0300258
v -0.18806 0.0193084 0.0300026
v -0.188044 0.0192791 0.0299787
v -0.188032 0.0192488 0.0299544
v -0.188023 0.0192176 0.0299297
v -0.188018 0.0191857 0.0299049
v -0.188015 0.0191535 0.0298801
v -0.188003 0.0184715 0.0308596
v -0.188002 0.0184687 0.0308575
v -0.188 0.0184291 0.0308278
v -0.18801 0.0185079 0.0308869
v -0.188012 0.0185134 0.030891
v -0.188022 0.0185463 0.0309157
v -0.188026 0.0185543 0.0309217
v -0.188045 0.0185939 0.0309514
v -0.188039 0.0185836 0.0309437
v -0.188069 0.0186315 0.0309796
v -0.18806 0.0186194 0.0309705
v -0.188086 0.0186533 0.0309959
v -0.188099 0.0186669 0.0310061
v -0.188116 0.018685 0.0310197
v -0.188133 0.0186996 0.0310307
v -0.18817 0.0187293 0.0310529
v -0.188149 0.0187142 0.0310416
v -0.188212 0.0187556 0.0310726
v -0.188186 0.0187406 0.0310614
v -0.188226 0.0187639 0.0310789
v -0.188257 0.0187782 0.0310896
v -0.188305 0.0187969 0.0311036
v -0.188269 0.0187839 0.0310939
v -0.188314 0.0188004 0.0311063
v -0.188354 0.0188115 0.0311146
v -0.188406 0.0188218 0.0311223
v -0.188361 0.0188133 0.031116
v -0.188409 0.0188225 0.0311228
v -0.188003 0.0140449 0.0330713
v -0.188 0.0140449 0.0330204
v -0.18801 0.0140449 0.0331216
v -0.188023 0.0140449 0.0331709
v -0.188041 0.0140449 0.0332187
v -0.188064 0.0140449 0.0332644
v -0.188091 0.0140449 0.0333075
v -0.188122 0.0140449 0.0333477
v -0.188157 0.0140449 0.0333845
v -0.188196 0.0140449 0.0334174
v -0.188238 0.0140449 0.0334463
v -0.188283 0.0140449 0.0334707
v -0.18833 0.0140449 0.0334905
v -0.188378 0.0140449 0.0335054
v -0.188428 0.0140449 0.0335153
v -0.188 0.0145951 0.0329927
v -0.188 0.0151303 0.0329118
v -0.188 0.0156509 0.0327797
v -0.188 0.0160157 0.0326536
v -0.188 0.0165171 0.0324308
v -0.188 0.0169867 0.0321635
v -0.188 0.0174256 0.0318529
v -0.188 0.0175965 0.0317133
v -0.188 0.017991 0.0313424
v -0.188 0.0183447 0.0309374
v -0.188003 0.0146002 0.033043
v -0.18801 0.0146052 0.0330928
v -0.188023 0.0146101 0.0331416
v -0.188041 0.0146149 0.0331889
v -0.188063 0.0146195 0.0332341
v -0.18809 0.0146238 0.0332769
v -0.188121 0.0146278 0.0333167
v -0.188156 0.0146315 0.0333533
v -0.188194 0.0146348 0.0333861
v -0.188236 0.0146377 0.0334149
v -0.18828 0.0146402 0.0334393
v -0.188326 0.0146422 0.0334592
v -0.188375 0.0146437 0.0334743
v -0.188424 0.0146447 0.0334844
v -0.188003 0.0151402 0.0329611
v -0.18801 0.0151501 0.0330099
v -0.188023 0.0151598 0.0330578
v -0.18804 0.0151691 0.0331041
v -0.188062 0.0151781 0.0331485
v -0.188089 0.0151866 0.0331905
v -0.188119 0.0151945 0.0332296
v -0.188154 0.0152018 0.0332656
v -0.188192 0.0152083 0.0332979
v -0.188233 0.0152141 0.0333263
v -0.188277 0.0152189 0.0333505
v -0.188323 0.0152229 0.0333703
v -0.188371 0.015226 0.0333854
v -0.188421 0.0152281 0.0333957
v -0.188003 0.0156655 0.0328276
v -0.18801 0.0156801 0.032875
v -0.188022 0.0156943 0.0329214
v -0.18804 0.0157081 0.0329665
v -0.188062 0.0157214 0.0330096
v -0.188088 0.0157339 0.0330504
v -0.188118 0.0157456 0.0330886
v -0.188153 0.0157563 0.0331236
v -0.18819 0.015766 0.0331551
v -0.188231 0.0157745 0.0331829
v -0.188275 0.0157818 0.0332066
v -0.188321 0.0157877 0.033226
v -0.188369 0.0157923 0.0332409
v -0.188418 0.0157954 0.0332512
v -0.188003 0.0160336 0.0327002
v -0.18801 0.0160514 0.0327463
v -0.188022 0.0160689 0.0327916
v -0.18804 0.0160858 0.0328354
v -0.188061 0.016102 0.0328774
v -0.188087 0.0161173 0.0329172
v -0.188118 0.0161316 0.0329543
v -0.188152 0.0161448 0.0329884
v -0.188189 0.0161566 0.0330192
v -0.18823 0.0161671 0.0330463
v -0.188274 0.016176 0.0330695
v -0.188319 0.0161834 0.0330886
v -0.188367 0.016189 0.0331032
v -0.188416 0.016193 0.0331134
v -0.188002 0.0165395 0.0324752
v -0.18801 0.0165618 0.0325192
v -0.188022 0.0165836 0.0325623
v -0.188039 0.0166047 0.0326041
v -0.188061 0.016625 0.0326442
v -0.188087 0.0166442 0.0326822
v -0.188117 0.0166621 0.0327176
v -0.188151 0.0166786 0.0327502
v -0.188188 0.0166935 0.0327797
v -0.188229 0.0167066 0.0328056
v -0.188272 0.0167179 0.0328279
v -0.188317 0.0167271 0.0328462
v -0.188365 0.0167343 0.0328603
v -0.188413 0.0167393 0.0328702
v -0.188002 0.0170134 0.0322054
v -0.18801 0.0170398 0.0322469
v -0.188022 0.0170656 0.0322875
v -0.188039 0.0170907 0.0323269
v -0.188061 0.0171148 0.0323647
v -0.188086 0.0171376 0.0324006
v -0.188116 0.0171589 0.032434
v -0.18815 0.0171785 0.0324648
v -0.188187 0.0171962 0.0324927
v -0.188228 0.0172118 0.0325172
v -0.188271 0.0172253 0.0325383
v -0.188316 0.0172363 0.0325557
v -0.188363 0.0172449 0.0325691
v -0.188411 0.0172509 0.0325786
v -0.188002 0.0174562 0.0318919
v -0.18801 0.0174864 0.0319305
v -0.188022 0.0175161 0.0319684
v -0.188039 0.0175449 0.0320051
v -0.18806 0.0175725 0.0320403
v -0.188086 0.0175987 0.0320737
v -0.188116 0.0176231 0.0321049
v -0.18815 0.0176457 0.0321336
v -0.188187 0.017666 0.0321596
v -0.188227 0.017684 0.0321825
v -0.18827 0.0176994 0.0322022
v -0.188315 0.0177122 0.0322184
v -0.188362 0.0177221 0.0322311
v -0.18841 0.0177291 0.03224
v -0.188002 0.0176286 0.031751
v -0.18801 0.0176604 0.0317884
v -0.188022 0.0176915 0.031825
v -0.188039 0.0177217 0.0318605
v -0.18806 0.0177507 0.0318946
v -0.188086 0.0177782 0.0319268
v -0.188116 0.0178039 0.031957
v -0.188149 0.0178275 0.0319848
v -0.188187 0.0178489 0.0320099
v -0.188227 0.0178678 0.0320321
v -0.188269 0.017884 0.0320512
v -0.188315 0.0178974 0.0320669
v -0.188361 0.0179078 0.0320792
v -0.18841 0.0179152 0.0320878
v -0.188002 0.0180267 0.0313767
v -0.18801 0.0180619 0.0314107
v -0.188022 0.0180965 0.0314441
v -0.188039 0.0181301 0.0314764
v -0.18806 0.0181623 0.0315074
v -0.188086 0.0181928 0.0315368
v -0.188116 0.0182213 0.0315643
v -0.188149 0.0182476 0.0315896
v -0.188186 0.0182713 0.0316125
v -0.188226 0.0182923 0.0316327
v -0.188269 0.0183104 0.0316501
v -0.188314 0.0183252 0.0316645
v -0.188361 0.0183369 0.0316757
v -0.188409 0.0183451 0.0316836
v -0.188002 0.0183835 0.0309681
v -0.18801 0.018422 0.0309985
v -0.188022 0.0184597 0.0310283
v -0.188039 0.0184962 0.0310572
v -0.18806 0.0185313 0.0310849
v -0.188086 0.0185645 0.0311112
v -0.188116 0.0185956 0.0311357
v -0.188149 0.0186242 0.0311584
v -0.188186 0.0186501 0.0311788
v -0.188226 0.018673 0.0311969
v -0.188269 0.0186926 0.0312124
v -0.188314 0.0187088 0.0312252
v -0.188361 0.0187215 0.0312352
v -0.188409 0.0187304 0.0312423
v -0.188 0.0117321 0.0330204
v -0.188003 0.0117321 0.0330713
v -0.18801 0.0117321 0.0331216
v -0.188023 0.0117321 0.0331709
v -0.188041 0.0117321 0.0332187
v -0.188064 0.0117321 0.0332644
v -0.188091 0.0117321 0.0333075
v -0.188122 0.0117321 0.0333477
v -0.188157 0.0117321 0.0333845
v -0.188196 0.0117321 0.0334174
v -0.188238 0.0117321 0.0334463
v -0.188283 0.0117321 0.0334707
v -0.18833 0.0117321 0.0334905
v -0.188378 0.0117321 0.0335054
v -0.188428 0.0117321 0.0335153
v -0.188479 0.0117321 0.03352
v -0.195972 0.0216375 0.0238305
v -0.196663 0.0217947 0.0234316
v -0.197379 0.0219083 0.0230181
v -0.198117 0.0219542 0.0225924
v -0.195314 0.0214385 0.0242103
v -0.194697 0.0212 0.0245667
v -0.198854 0.022 0.0221667
v -0.1895 0.0189495 0.0275673
v -0.188012 0.0172 0.0299
v -0.188019 0.0172359 0.0298522
v -0.188003 0.0170942 0.0300349
v -0.188 0.0169826 0.0301654
v -0.188066 0.0174688 0.0295416
v -0.188147 0.0176963 0.0292383
v -0.188259 0.0179161 0.0289452
v -0.188402 0.018126 0.0286654
v -0.188573 0.0183235 0.028402
v -0.188771 0.0185065 0.028158
v -0.188993 0.018673 0.0279359
v -0.189237 0.0188213 0.0277383
v -0.189366 0.018888 0.0276494
v -0.0886856 0.0214385 0.0242103
v -0.0880277 0.0216375 0.0238305
v -0.0866205 0.0219083 0.0230181
v -0.0858832 0.0219542 0.0225924
v -0.0851458 0.022 0.0221667
v -0.0873367 0.0217947 0.0234316
v -0.0893027 0.0212 0.0245667
v -0.0959344 0.0174688 0.0295416
v -0.0958532 0.0176963 0.0292383
v -0.0959811 0.0172359 0.0298522
v -0.0957406 0.0179161 0.0289452
v -0.0959882 0.0172 0.0299
v -0.0955981 0.018126 0.0286654
v -0.0946339 0.018888 0.0276494
v -0.0945 0.0189495 0.0275673
v -0.0954271 0.0183235 0.028402
v -0.0947634 0.0188213 0.0277383
v -0.0952294 0.0185065 0.028158
v -0.0950074 0.018673 0.0279359
v -0.188 0.0156023 0.0311651
v -0.188 0.0152168 0.0313104
v -0.188 0.0148184 0.0314154
v -0.188 0.0144114 0.0314788
v -0.188 0.0169362 0.0302164
v -0.188 0.0159707 0.0309808
v -0.188 0.014 0.0315
v -0.188 0.0117321 0.0315
v -0.188 0.0166412 0.030504
v -0.188 0.0163183 0.0307597
v -0.096 0.014 0.0315
v -0.096 0.0144114 0.0314788
v -0.096 0.0148184 0.0314154
v -0.096 0.0152168 0.0313104
v -0.096 0.0156023 0.0311651
v -0.096 0.0159707 0.0309808
v -0.096 0.0163183 0.0307597
v -0.096 0.0166412 0.030504
v -0.096 0.0169362 0.0302164
v -0.096 0.0169826 0.0301654
v -0.0959972 0.0170942 0.0300349
v -0.0947629 0.0205498 0.0277389
v -0.0947387 0.0205634 0.0277206
v -0.0945 0.0206799 0.0275673
v -0.0950072 0.0204053 0.0279361
v -0.0950006 0.0204099 0.0279298
v -0.0948709 0.0204896 0.0278203
v -0.0952289 0.0202471 0.0281585
v -0.0951267 0.0203241 0.0280495
v -0.0954259 0.0200773 0.0284029
v -0.0953651 0.0201345 0.0283197
v -0.0952486 0.0202323 0.0281795
v -0.0955972 0.019898 0.0286659
v -0.0955776 0.0199219 0.0286304
v -0.0954751 0.020031 0.0284701
v -0.0957398 0.0197108 0.0289456
v -0.0956713 0.0198077 0.0288
v -0.0958516 0.0195179 0.0292388
v -0.0958281 0.0195664 0.0291644
v -0.0957552 0.019689 0.0289783
v -0.095934 0.0193214 0.0295418
v -0.095889 0.0194407 0.0293571
v -0.0959818 0.0191233 0.029852
v -0.095972 0.0191837 0.0297568
v -0.0959372 0.0193128 0.029555
v -0.096 0.0189259 0.0301654
v -0.095993 0.0190544 0.0299608
v -0.188016 0.0114185 0.0315
v -0.188066 0.0111083 0.0315
v -0.188018 0.0114057 0.033021
v -0.188017 0.0114185 0.033021
v -0.188147 0.010805 0.0315
v -0.188071 0.0110833 0.0330229
v -0.188067 0.0111085 0.0330227
v -0.188259 0.0105118 0.0315
v -0.188159 0.0107685 0.0330259
v -0.188149 0.0108055 0.0330256
v -0.188402 0.0102321 0.0315
v -0.188281 0.0104651 0.0330301
v -0.188262 0.0105127 0.0330295
v -0.188573 0.0099687 0.0315
v -0.188435 0.0101767 0.0330355
v -0.188404 0.0102334 0.0330344
v -0.188771 0.00972466 0.0315
v -0.188619 0.00990676 0.0330419
v -0.188576 0.00997051 0.0330404
v -0.188993 0.00950262 0.0315
v -0.188832 0.00965845 0.0330493
v -0.188773 0.00972698 0.0330472
v -0.189237 0.009305 0.0315
v -0.189071 0.00943474 0.0330576
v -0.188995 0.00950543 0.033055
v -0.189239 0.00930827 0.0330634
v -0.189332 0.00923831 0.0330667
v -0.1895 0.00913397 0.0315
v -0.1895 0.00913397 0.0330725
v -0.188494 0.0114601 0.0335206
v -0.188538 0.0111914 0.0335224
v -0.188612 0.0109291 0.0335255
v -0.188713 0.0106763 0.0335297
v -0.188841 0.0104359 0.0335351
v -0.188995 0.010211 0.0335415
v -0.189173 0.0100041 0.0335489
v -0.189371 0.00981763 0.0335571
v -0.189704 0.00952231 0.0335683
v -0.189589 0.00965393 0.0335662
v -0.189678 0.00947812 0.0335593
v -0.189654 0.00943487 0.0335451
v -0.189631 0.00939303 0.0335258
v -0.189609 0.00935304 0.0335017
v -0.189588 0.00931534 0.033473
v -0.189569 0.00928032 0.0334401
v -0.189552 0.00924836 0.0334032
v -0.189537 0.0092198 0.0333628
v -0.189525 0.00919495 0.0333193
v -0.189515 0.00917406 0.0332732
v -0.189507 0.00915736 0.0332249
v -0.189502 0.00914504 0.033175
v -0.1895 0.00913721 0.033124
v -0.189729 0.00956699 0.033572
v -0.188444 0.0114546 0.0335159
v -0.188394 0.0114491 0.033506
v -0.188345 0.0114437 0.0334912
v -0.188299 0.0114385 0.0334714
v -0.188254 0.0114336 0.033447
v -0.188213 0.0114289 0.0334181
v -0.188174 0.0114245 0.0333851
v -0.188139 0.0114205 0.0333483
v -0.188108 0.0114169 0.0333082
v -0.188081 0.0114137 0.033265
v -0.188058 0.0114111 0.0332193
v -0.188041 0.0114089 0.0331716
v -0.188028 0.0114073 0.0331223
v -0.18802 0.0114062 0.0330719
v -0.188489 0.0111804 0.0335178
v -0.18844 0.0111695 0.033508
v -0.188392 0.0111588 0.0334931
v -0.188347 0.0111485 0.0334734
v -0.188303 0.0111386 0.0334489
v -0.188262 0.0111292 0.0334201
v -0.188224 0.0111205 0.0333871
v -0.18819 0.0111126 0.0333503
v -0.188159 0.0111054 0.0333101
v -0.188133 0.0110992 0.033267
v -0.188111 0.0110939 0.0332213
v -0.188093 0.0110896 0.0331735
v -0.188081 0.0110864 0.0331242
v -0.188073 0.0110843 0.0330738
v -0.188564 0.0109127 0.0335209
v -0.188516 0.0108965 0.0335111
v -0.18847 0.0108806 0.0334963
v -0.188426 0.0108653 0.0334766
v -0.188383 0.0108506 0.0334522
v -0.188343 0.0108367 0.0334233
v -0.188307 0.0108238 0.0333903
v -0.188273 0.0108119 0.0333536
v -0.188244 0.0108013 0.0333134
v -0.188218 0.0107921 0.0332702
v -0.188197 0.0107842 0.0332245
v -0.18818 0.0107779 0.0331767
v -0.188168 0.0107731 0.0331273
v -0.188161 0.01077 0.0330769
v -0.188667 0.0106547 0.0335252
v -0.188622 0.0106334 0.0335155
v -0.188577 0.0106125 0.0335007
v -0.188535 0.0105923 0.033481
v -0.188494 0.0105729 0.0334567
v -0.188456 0.0105546 0.0334278
v -0.188421 0.0105377 0.0333949
v -0.188389 0.0105221 0.0333581
v -0.188361 0.0105082 0.0333179
v -0.188337 0.010496 0.0332746
v -0.188317 0.0104857 0.0332289
v -0.188301 0.0104774 0.033181
v -0.188289 0.0104711 0.0331316
v -0.188283 0.010467 0.0330811
v -0.188798 0.0104094 0.0335306
v -0.188755 0.0103832 0.033521
v -0.188713 0.0103575 0.0335063
v -0.188673 0.0103327 0.0334867
v -0.188635 0.0103089 0.0334623
v -0.188599 0.0102865 0.0334335
v -0.188566 0.0102656 0.0334006
v -0.188536 0.0102465 0.0333638
v -0.18851 0.0102294 0.0333235
v -0.188487 0.0102144 0.0332803
v -0.188468 0.0102018 0.0332345
v -0.188453 0.0101916 0.0331866
v -0.188442 0.010184 0.0331371
v -0.188436 0.010179 0.0330866
v -0.188955 0.0101798 0.0335372
v -0.188915 0.010149 0.0335276
v -0.188876 0.0101188 0.033513
v -0.188839 0.0100896 0.0334935
v -0.188803 0.0100617 0.0334692
v -0.18877 0.0100353 0.0334404
v -0.18874 0.0100108 0.0334074
v -0.188712 0.0099884 0.0333706
v -0.188687 0.00996832 0.0333303
v -0.188666 0.00995079 0.033287
v -0.188649 0.00993599 0.0332412
v -0.188635 0.00992408 0.0331932
v -0.188626 0.00991518 0.0331437
v -0.18862 0.00990939 0.0330931
v -0.189136 0.0099686 0.0335447
v -0.189099 0.00993352 0.0335353
v -0.189064 0.00989919 0.0335208
v -0.18903 0.00986596 0.0335013
v -0.188998 0.00983418 0.033477
v -0.188968 0.0098042 0.0334483
v -0.18894 0.00977633 0.0334153
v -0.188915 0.00975085 0.0333785
v -0.188893 0.00972804 0.0333382
v -0.188874 0.00970814 0.0332948
v -0.188858 0.00969137 0.0332489
v -0.188846 0.00967788 0.0332009
v -0.188838 0.00966784 0.0331512
v -0.188833 0.00966134 0.0331005
v -0.189339 0.00977827 0.0335531
v -0.189306 0.00973933 0.0335439
v -0.189275 0.00970122 0.0335294
v -0.189245 0.00966434 0.03351
v -0.189216 0.00962908 0.0334858
v -0.189189 0.00959582 0.0334571
v -0.189165 0.00956491 0.0334241
v -0.189143 0.00953667 0.0333873
v -0.189123 0.00951141 0.033347
v -0.189106 0.00948939 0.0333036
v -0.189093 0.00947084 0.0332576
v -0.189082 0.00945597 0.0332095
v -0.189075 0.00944492 0.0331597
v -0.189071 0.00943782 0.0331089
v -0.189561 0.00961112 0.0335624
v -0.189533 0.00956875 0.0335533
v -0.189506 0.0095273 0.033539
v -0.18948 0.00948719 0.0335196
v -0.189455 0.00944885 0.0334955
v -0.189432 0.00941269 0.0334668
v -0.189411 0.00937911 0.0334339
v -0.189392 0.00934844 0.033397
v -0.189376 0.00932102 0.0333566
v -0.189361 0.00929715 0.0333132
v -0.18935 0.00927707 0.0332671
v -0.189341 0.00926099 0.0332189
v -0.189335 0.0092491 0.033169
v -0.189332 0.00924151 0.0331181
v -0.1905 0.00855662 0.0315
v -0.1905 0.00855662 0.0331141
v -0.1905 0.00855986 0.0331657
v -0.190502 0.00856769 0.0332167
v -0.190507 0.00858001 0.0332666
v -0.190515 0.00859671 0.0333148
v -0.190525 0.0086176 0.033361
v -0.190537 0.00864245 0.0334045
v -0.190552 0.00867101 0.0334449
v -0.190569 0.00870297 0.0334817
v -0.190588 0.00873799 0.0335147
v -0.190609 0.00877569 0.0335434
v -0.190631 0.00881568 0.0335675
v -0.190654 0.00885752 0.0335867
v -0.190678 0.00890077 0.033601
v -0.190704 0.00894496 0.03361
v -0.190729 0.00898964 0.0336137
v -0.190763 0.0083856 0.0315
v -0.190668 0.00845229 0.0331223
v -0.191007 0.00818798 0.0315
v -0.190761 0.00838232 0.0331268
v -0.190929 0.00825586 0.033135
v -0.191229 0.00796594 0.0315
v -0.191005 0.00818517 0.0331387
v -0.191168 0.00803215 0.0331466
v -0.191427 0.0077219 0.0315
v -0.191227 0.00796362 0.0331495
v -0.191381 0.00778384 0.033157
v -0.191598 0.00745855 0.0315
v -0.191424 0.00772009 0.0331591
v -0.191565 0.00751388 0.0331659
v -0.191741 0.00717876 0.0315
v -0.191596 0.00745722 0.0331674
v -0.191719 0.0072255 0.0331734
v -0.191853 0.0068856 0.0315
v -0.191738 0.00717788 0.0331744
v -0.191841 0.00692212 0.0331793
v -0.191934 0.00658228 0.0315
v -0.191851 0.0068851 0.0331798
v -0.191929 0.00660733 0.0331836
v -0.191984 0.00627213 0.0315
v -0.191933 0.00658207 0.0331838
v -0.191982 0.00628487 0.0331862
v -0.192 0.00595855 0.0315
v -0.191983 0.0062721 0.0331862
v -0.192 0.00595855 0.0331871
v -0.192003 0.00595855 0.0332379
v -0.19201 0.00595855 0.0332883
v -0.192023 0.00595855 0.0333376
v -0.192041 0.00595855 0.0333853
v -0.192064 0.00595855 0.033431
v -0.192091 0.00595855 0.0334742
v -0.192122 0.00595855 0.0335143
v -0.192157 0.00595855 0.0335511
v -0.192196 0.00595855 0.0335841
v -0.192238 0.00595855 0.033613
v -0.192283 0.00595855 0.0336374
v -0.19233 0.00595855 0.0336572
v -0.192378 0.00595855 0.0336721
v -0.192428 0.00595855 0.0336819
v -0.192458 0.00633926 0.0336858
v -0.192479 0.00595855 0.0336866
v -0.192396 0.00671546 0.0336832
v -0.192294 0.00708271 0.0336789
v -0.192152 0.00743666 0.033673
v -0.191972 0.0077731 0.0336655
v -0.191757 0.00808805 0.0336565
v -0.191509 0.00837775 0.0336462
v -0.19123 0.00863874 0.0336346
v -0.190925 0.00886791 0.0336219
v -0.191985 0.00628538 0.0332371
v -0.191992 0.00628645 0.0332875
v -0.192005 0.00628807 0.0333368
v -0.192023 0.00629022 0.0333845
v -0.192045 0.00629288 0.0334302
v -0.192072 0.00629603 0.0334734
v -0.192103 0.00629962 0.0335135
v -0.192138 0.00630362 0.0335503
v -0.192177 0.00630799 0.0335833
v -0.192219 0.00631269 0.0336121
v -0.192263 0.00631767 0.0336366
v -0.19231 0.00632286 0.0336563
v -0.192358 0.00632823 0.0336712
v -0.192408 0.00633372 0.0336811
v -0.191931 0.00660834 0.0332345
v -0.191939 0.00661046 0.0332849
v -0.191951 0.00661368 0.0333342
v -0.191969 0.00661795 0.033382
v -0.191991 0.00662324 0.0334277
v -0.192017 0.00662949 0.0334709
v -0.192048 0.00663663 0.0335111
v -0.192082 0.00664459 0.0335478
v -0.19212 0.00665328 0.0335808
v -0.192161 0.00666263 0.0336097
v -0.192205 0.00667252 0.0336341
v -0.19225 0.00668286 0.0336538
v -0.192298 0.00669353 0.0336687
v -0.191843 0.0069236 0.0332303
v -0.19185 0.00692674 0.0332807
v -0.191862 0.0069315 0.0333301
v -0.191879 0.00693784 0.0333779
v -0.1919 0.00694568 0.0334236
v -0.191926 0.00695496 0.0334668
v -0.191955 0.00696556 0.033507
v -0.191989 0.00697739 0.0335438
v -0.192026 0.00699031 0.0335767
v -0.192065 0.00700419 0.0336056
v -0.192108 0.00701889 0.03363
v -0.192152 0.00703425 0.0336497
v -0.192347 0.00670444 0.0336785
v -0.192198 0.00705012 0.0336645
v -0.191721 0.00722742 0.0332244
v -0.191728 0.00723151 0.0332749
v -0.191739 0.00723775 0.0333243
v -0.191755 0.00724607 0.0333722
v -0.191775 0.00725638 0.0334179
v -0.1918 0.00726856 0.0334611
v -0.191828 0.0072825 0.0335013
v -0.19186 0.00729805 0.0335381
v -0.191895 0.00731505 0.0335711
v -0.191933 0.00733331 0.0335999
v -0.191973 0.00735266 0.0336243
v -0.192016 0.00737288 0.033644
v -0.192246 0.00706633 0.0336743
v -0.19206 0.00739377 0.0336588
v -0.191567 0.00751618 0.033217
v -0.191573 0.00752117 0.0332675
v -0.191584 0.0075288 0.033317
v -0.191598 0.00753898 0.0333649
v -0.191617 0.00755161 0.0334107
v -0.19164 0.00756656 0.033454
v -0.191667 0.00758367 0.0334942
v -0.191697 0.00760277 0.033531
v -0.19173 0.00762364 0.033564
v -0.191766 0.00764609 0.0335928
v -0.191804 0.00766986 0.0336171
v -0.191844 0.00769471 0.0336368
v -0.192106 0.0074151 0.0336685
v -0.191886 0.00772038 0.0336515
v -0.191382 0.00778646 0.0332081
v -0.191388 0.00779225 0.0332587
v -0.191397 0.00780115 0.0333083
v -0.191411 0.00781307 0.0333562
v -0.191428 0.00782786 0.0334021
v -0.191449 0.0078454 0.0334454
v -0.191474 0.00786548 0.0334857
v -0.191501 0.00788789 0.0335225
v -0.191532 0.00791241 0.0335554
v -0.191565 0.00793877 0.0335842
v -0.191601 0.0079667 0.0336085
v -0.191638 0.00799591 0.0336281
v -0.191929 0.0077466 0.0336611
v -0.191677 0.00802608 0.0336427
v -0.191169 0.00803504 0.0331979
v -0.191174 0.00804154 0.0332486
v -0.191182 0.00805158 0.0332982
v -0.191194 0.00806506 0.0333462
v -0.19121 0.00808184 0.0333922
v -0.191229 0.00810174 0.0334355
v -0.191251 0.00812455 0.0334758
v -0.191276 0.00815002 0.0335126
v -0.191304 0.0081779 0.0335456
v -0.191334 0.00820788 0.0335744
v -0.191366 0.00823966 0.0335986
v -0.1914 0.00827288 0.0336181
v -0.191716 0.0080569 0.0336522
v -0.191435 0.00830722 0.0336326
v -0.19093 0.00825894 0.0331864
v -0.190934 0.00826604 0.0332372
v -0.190941 0.00827709 0.0332869
v -0.190951 0.00829196 0.033335
v -0.190965 0.00831051 0.033381
v -0.190982 0.00833253 0.0334244
v -0.191001 0.00835779 0.0334647
v -0.191023 0.00838603 0.0335016
v -0.191048 0.00841694 0.0335346
v -0.191075 0.0084502 0.0335633
v -0.191103 0.00848546 0.0335875
v -0.191133 0.00852233 0.0336069
v -0.191472 0.0083423 0.033642
v -0.191165 0.00856045 0.0336213
v -0.190668 0.00845549 0.0331738
v -0.190671 0.00846308 0.0332247
v -0.190677 0.00847497 0.0332745
v -0.190685 0.00849104 0.0333227
v -0.190697 0.00851113 0.0333688
v -0.190711 0.008535 0.0334123
v -0.190728 0.00856242 0.0334526
v -0.190747 0.00859308 0.0334895
v -0.190768 0.00862667 0.0335225
v -0.190791 0.00866283 0.0335511
v -0.190815 0.00870117 0.0335753
v -0.190841 0.00874127 0.0335946
v -0.191197 0.00859939 0.0336306
v -0.190868 0.00878273 0.0336089
v -0.190896 0.00882509 0.033618
v -0.192 -0.00595855 0.0315
v -0.192 -0.00595855 0.0331871
v -0.192479 -0.00595855 0.0336866
v -0.192428 -0.00595855 0.0336819
v -0.192378 -0.00595855 0.0336721
v -0.19233 -0.00595855 0.0336572
v -0.192283 -0.00595855 0.0336374
v -0.192238 -0.00595855 0.033613
v -0.192196 -0.00595855 0.0335841
v -0.192157 -0.00595855 0.0335511
v -0.192122 -0.00595855 0.0335143
v -0.192091 -0.00595855 0.0334742
v -0.192064 -0.00595855 0.033431
v -0.192041 -0.00595855 0.0333853
v -0.192023 -0.00595855 0.0333376
v -0.19201 -0.00595855 0.0332883
v -0.192003 -0.00595855 0.0332379
v -0.191994 -0.00615571 0.0331868
v -0.191984 -0.00627213 0.0315
v -0.19198 -0.00627164 0.0331861
v -0.191954 -0.00648016 0.0331848
v -0.191934 -0.00658228 0.0315
v -0.191931 -0.0065814 0.0331837
v -0.19188 -0.00679844 0.0331812
v -0.191853 -0.0068856 0.0315
v -0.19185 -0.00688441 0.0331798
v -0.191772 -0.00710679 0.033176
v -0.191741 -0.00717876 0.0315
v -0.191738 -0.00717735 0.0331743
v -0.19163 -0.00740154 0.0331691
v -0.191598 -0.00745855 0.0315
v -0.191596 -0.00745704 0.0331674
v -0.191458 -0.0076792 0.0331607
v -0.191427 -0.0077219 0.0315
v -0.191425 -0.00772042 0.0331591
v -0.191256 -0.00793646 0.0331509
v -0.191229 -0.00796594 0.0315
v -0.191228 -0.00796462 0.0331495
v -0.191027 -0.00817027 0.0331398
v -0.191007 -0.00818798 0.0315
v -0.191007 -0.00818696 0.0331388
v -0.190774 -0.00837781 0.0331275
v -0.190763 -0.0083856 0.0315
v -0.190763 -0.00838502 0.0331269
v -0.1905 -0.00855662 0.0331141
v -0.1905 -0.00855662 0.0315
v -0.1905 -0.00855986 0.0331657
v -0.190502 -0.00856769 0.0332167
v -0.190507 -0.00858001 0.0332666
v -0.190515 -0.00859671 0.0333148
v -0.190525 -0.0086176 0.033361
v -0.190537 -0.00864245 0.0334045
v -0.190552 -0.00867101 0.0334449
v -0.190569 -0.00870297 0.0334817
v -0.190588 -0.00873799 0.0335147
v -0.190609 -0.00877569 0.0335434
v -0.190631 -0.00881568 0.0335675
v -0.190654 -0.00885752 0.0335867
v -0.190678 -0.00890077 0.033601
v -0.190704 -0.00894496 0.03361
v -0.190729 -0.00898964 0.0336137
v -0.191049 -0.00878103 0.033627
v -0.191344 -0.00853889 0.0336393
v -0.191611 -0.00826612 0.0336504
v -0.191846 -0.00796597 0.0336603
v -0.192048 -0.00764204 0.0336687
v -0.192213 -0.00729816 0.0336755
v -0.192339 -0.00693843 0.0336808
v -0.192426 -0.0065671 0.0336844
v -0.192472 -0.00618857 0.0336863
v -0.190774 -0.00838098 0.0331789
v -0.190778 -0.00838838 0.0332298
v -0.190784 -0.00839996 0.0332795
v -0.190793 -0.00841558 0.0333277
v -0.190806 -0.00843509 0.0333738
v -0.190821 -0.00845826 0.0334172
v -0.190839 -0.00848486 0.0334576
v -0.190859 -0.0085146 0.0334944
v -0.190882 -0.00854718 0.0335274
v -0.190906 -0.00858223 0.0335561
v -0.190932 -0.0086194 0.0335802
v -0.19096 -0.00865828 0.0335996
v -0.190989 -0.00869846 0.0336139
v -0.191019 -0.00873952 0.0336231
v -0.191028 -0.00817328 0.0331911
v -0.191032 -0.00818015 0.0332418
v -0.191039 -0.00819082 0.0332915
v -0.191051 -0.00820517 0.0333396
v -0.191065 -0.00822304 0.0333856
v -0.191083 -0.00824425 0.0334289
v -0.191103 -0.00826857 0.0334693
v -0.191127 -0.00829575 0.0335061
v -0.191153 -0.0083255 0.0335391
v -0.191181 -0.00835751 0.0335678
v -0.191211 -0.00839143 0.033592
v -0.191242 -0.00842691 0.0336115
v -0.191275 -0.00846357 0.0336259
v -0.191309 -0.00850103 0.0336352
v -0.191257 -0.00793925 0.0332021
v -0.191262 -0.00794549 0.0332528
v -0.191271 -0.00795509 0.0333024
v -0.191283 -0.00796797 0.0333504
v -0.1913 -0.00798399 0.0333963
v -0.191319 -0.00800298 0.0334396
v -0.191343 -0.00802473 0.0334799
v -0.191369 -0.00804903 0.0335167
v -0.191398 -0.00807561 0.0335496
v -0.191429 -0.0081042 0.0335784
v -0.191463 -0.00813449 0.0336027
v -0.191498 -0.00816616 0.0336222
v -0.191535 -0.00819889 0.0336368
v -0.191572 -0.00823232 0.0336462
v -0.191459 -0.0076817 0.0332118
v -0.191465 -0.00768719 0.0332624
v -0.191475 -0.0076956 0.0333119
v -0.191489 -0.00770684 0.0333598
v -0.191507 -0.0077208 0.0334057
v -0.191529 -0.00773733 0.033449
v -0.191554 -0.00775626 0.0334892
v -0.191583 -0.00777739 0.033526
v -0.191614 -0.0078005 0.033559
v -0.191648 -0.00782534 0.0335878
v -0.191685 -0.00785165 0.0336121
v -0.191723 -0.00787917 0.0336317
v -0.191763 -0.00790759 0.0336463
v -0.191805 -0.00793663 0.0336559
v -0.191632 -0.00740369 0.0332201
v -0.191638 -0.00740834 0.0332706
v -0.191649 -0.00741543 0.0333201
v -0.191664 -0.00742488 0.033368
v -0.191684 -0.00743661 0.0334138
v -0.191707 -0.00745049 0.033457
v -0.191735 -0.00746636 0.0334972
v -0.191765 -0.00748408 0.033534
v -0.191799 -0.00750344 0.033567
v -0.191836 -0.00752425 0.0335958
v -0.191875 -0.0075463 0.0336202
v -0.191916 -0.00756934 0.0336398
v -0.191959 -0.00759315 0.0336545
v -0.192003 -0.00761747 0.0336642
v -0.191774 -0.00710854 0.0332269
v -0.191781 -0.00711226 0.0332774
v -0.191792 -0.00711793 0.0333268
v -0.191808 -0.00712547 0.0333746
v -0.191829 -0.00713482 0.0334204
v -0.191854 -0.00714586 0.0334636
v -0.191883 -0.0071585 0.0335038
v -0.191915 -0.00717259 0.0335405
v -0.191951 -0.00718799 0.0335735
v -0.19199 -0.00720454 0.0336024
v -0.192031 -0.00722206 0.0336268
v -0.192074 -0.00724038 0.0336465
v -0.192119 -0.00725931 0.0336612
v -0.192166 -0.00727863 0.033671
v -0.191882 -0.00679974 0.0332322
v -0.19189 -0.00680249 0.0332826
v -0.191902 -0.00680664 0.0333319
v -0.191919 -0.00681217 0.0333797
v -0.19194 -0.00681901 0.0334254
v -0.191966 -0.0068271 0.0334686
v -0.191996 -0.00683634 0.0335088
v -0.19203 -0.00684664 0.0335456
v -0.192067 -0.0068579 0.0335786
v -0.192108 -0.00687 0.0336074
v -0.192151 -0.00688281 0.0336318
v -0.192196 -0.0068962 0.0336515
v -0.192242 -0.00691003 0.0336664
v -0.19229 -0.00692416 0.0336762
v -0.191957 -0.00648098 0.0332357
v -0.191964 -0.00648269 0.0332861
v -0.191977 -0.00648527 0.0333354
v -0.191994 -0.00648871 0.0333832
v -0.192017 -0.00649296 0.0334289
v -0.192043 -0.00649799 0.0334721
v -0.192074 -0.00650373 0.0335122
v -0.192109 -0.00651013 0.033549
v -0.192147 -0.00651712 0.033582
v -0.192188 -0.00652463 0.0336109
v -0.192232 -0.00653258 0.0336353
v -0.192279 -0.00654089 0.033655
v -0.192327 -0.00654947 0.0336699
v -0.192376 -0.00655824 0.0336797
v -0.191996 -0.00615602 0.0332376
v -0.192004 -0.00615667 0.033288
v -0.192017 -0.00615765 0.0333373
v -0.192034 -0.00615895 0.033385
v -0.192057 -0.00616056 0.0334307
v -0.192084 -0.00616245 0.0334739
v -0.192115 -0.00616462 0.033514
v -0.19215 -0.00616704 0.0335508
v -0.192189 -0.00616968 0.0335838
v -0.192231 -0.00617252 0.0336127
v -0.192276 -0.00617553 0.0336371
v -0.192322 -0.00617867 0.0336569
v -0.192371 -0.00618191 0.0336718
v -0.192421 -0.00618522 0.0336816
v -0.1895 -0.00913397 0.0330725
v -0.1895 -0.00913397 0.0315
v -0.189729 -0.00956699 0.033572
v -0.189704 -0.00952231 0.0335683
v -0.189678 -0.00947812 0.0335593
v -0.189654 -0.00943487 0.0335451
v -0.189631 -0.00939303 0.0335258
v -0.189609 -0.00935304 0.0335017
v -0.189588 -0.00931534 0.033473
v -0.189569 -0.00928032 0.0334401
v -0.189552 -0.00924836 0.0334032
v -0.189537 -0.0092198 0.0333628
v -0.189525 -0.00919495 0.0333193
v -0.189515 -0.00917406 0.0332732
v -0.189507 -0.00915736 0.0332249
v -0.189502 -0.00914504 0.033175
v -0.1895 -0.00913721 0.033124
v -0.188485 -0.0115677 0.0335202
v -0.188517 -0.0112974 0.0335216
v -0.188579 -0.0110321 0.0335241
v -0.18867 -0.0107752 0.0335279
v -0.188787 -0.0105296 0.0335328
v -0.188931 -0.0102982 0.0335388
v -0.189099 -0.0100838 0.0335458
v -0.18929 -0.00988895 0.0335538
v -0.189501 -0.009716 0.0335625
v -0.188479 -0.0117321 0.03352
v -0.189237 -0.00930558 0.0330634
v -0.189226 -0.00931278 0.033063
v -0.188993 -0.00950364 0.0330549
v -0.188973 -0.00952033 0.0330542
v -0.188772 -0.00972598 0.0330472
v -0.188744 -0.00975414 0.0330462
v -0.188575 -0.00997018 0.0330404
v -0.188542 -0.0100114 0.0330392
v -0.188404 -0.0102336 0.0330344
v -0.18837 -0.0102891 0.0330332
v -0.188262 -0.0105132 0.0330295
v -0.188228 -0.0105838 0.0330283
v -0.18815 -0.0108062 0.0330256
v -0.18812 -0.0108922 0.0330246
v -0.188069 -0.0111092 0.0330228
v -0.188046 -0.0112104 0.033022
v -0.18802 -0.011419 0.0330211
v -0.188006 -0.0115349 0.0330206
v -0.188378 -0.0117321 0.0335054
v -0.18833 -0.0117321 0.0334905
v -0.188283 -0.0117321 0.0334707
v -0.188238 -0.0117321 0.0334463
v -0.188196 -0.0117321 0.0334174
v -0.188157 -0.0117321 0.0333845
v -0.188122 -0.0117321 0.0333477
v -0.188091 -0.0117321 0.0333075
v -0.188064 -0.0117321 0.0332644
v -0.188041 -0.0117321 0.0332187
v -0.188023 -0.0117321 0.0331709
v -0.18801 -0.0117321 0.0331216
v -0.188003 -0.0117321 0.0330713
v -0.188 -0.0117321 0.0330204
v -0.188428 -0.0117321 0.0335153
v -0.189441 -0.00963343 0.0335494
v -0.189412 -0.00959325 0.0335351
v -0.189384 -0.00955437 0.0335157
v -0.189358 -0.0095172 0.0334916
v -0.189334 -0.00948215 0.0334629
v -0.189311 -0.00944957 0.0334299
v -0.189291 -0.00941983 0.0333931
v -0.189273 -0.00939323 0.0333527
v -0.189258 -0.00937006 0.0333093
v -0.189245 -0.00935055 0.0332632
v -0.189236 -0.00933493 0.033215
v -0.189229 -0.00932336 0.0331653
v -0.189226 -0.00931595 0.0331144
v -0.189471 -0.00967449 0.0335586
v -0.189256 -0.00985109 0.0335497
v -0.189222 -0.00981364 0.0335404
v -0.189189 -0.00977697 0.0335259
v -0.189157 -0.00974149 0.0335065
v -0.189127 -0.00970757 0.0334822
v -0.189099 -0.00967557 0.0334535
v -0.189073 -0.00964582 0.0334205
v -0.189049 -0.00961864 0.0333837
v -0.189029 -0.00959432 0.0333434
v -0.189011 -0.00957311 0.0333
v -0.188997 -0.00955523 0.033254
v -0.188986 -0.00954089 0.0332059
v -0.188978 -0.00953022 0.0331563
v -0.188974 -0.00952335 0.0331055
v -0.189061 -0.01005 0.0335416
v -0.189023 -0.0100166 0.0335321
v -0.188987 -0.00998384 0.0335176
v -0.188951 -0.00995216 0.0334981
v -0.188918 -0.00992187 0.0334738
v -0.188886 -0.00989329 0.033445
v -0.188858 -0.0098667 0.033412
v -0.188831 -0.00984241 0.0333752
v -0.188808 -0.00982065 0.0333349
v -0.188788 -0.00980167 0.0332916
v -0.188772 -0.00978565 0.0332457
v -0.188759 -0.00977277 0.0331977
v -0.18875 -0.00976316 0.0331481
v -0.188745 -0.00975693 0.0330975
v -0.18889 -0.0102688 0.0335344
v -0.188848 -0.0102398 0.0335249
v -0.188808 -0.0102114 0.0335102
v -0.18877 -0.0101839 0.0334907
v -0.188733 -0.0101575 0.0334663
v -0.188699 -0.0101327 0.0334375
v -0.188668 -0.0101096 0.0334046
v -0.188639 -0.0100885 0.0333678
v -0.188614 -0.0100695 0.0333275
v -0.188592 -0.010053 0.0332842
v -0.188574 -0.010039 0.0332384
v -0.18856 -0.0100278 0.0331905
v -0.18855 -0.0100194 0.0331409
v -0.188544 -0.0100139 0.0330904
v -0.188743 -0.010505 0.0335283
v -0.188699 -0.0104807 0.0335187
v -0.188656 -0.0104569 0.033504
v -0.188615 -0.0104338 0.0334843
v -0.188576 -0.0104118 0.03346
v -0.188539 -0.010391 0.0334311
v -0.188505 -0.0103716 0.0333982
v -0.188474 -0.0103539 0.0333614
v -0.188447 -0.010338 0.0333211
v -0.188424 -0.0103241 0.0332779
v -0.188404 -0.0103124 0.0332321
v -0.188389 -0.0103029 0.0331842
v -0.188378 -0.0102959 0.0331348
v -0.188372 -0.0102912 0.0330843
v -0.188623 -0.0107557 0.0335233
v -0.188576 -0.0107363 0.0335136
v -0.188531 -0.0107174 0.0334988
v -0.188488 -0.0106991 0.0334791
v -0.188447 -0.0106816 0.0334547
v -0.188408 -0.010665 0.0334259
v -0.188372 -0.0106496 0.0333929
v -0.18834 -0.0106355 0.0333561
v -0.188311 -0.0106229 0.0333159
v -0.188286 -0.0106118 0.0332727
v -0.188265 -0.0106025 0.033227
v -0.188249 -0.0105949 0.0331792
v -0.188237 -0.0105893 0.0331298
v -0.188231 -0.0105856 0.0330793
v -0.18853 -0.0110179 0.0335195
v -0.188482 -0.0110037 0.0335097
v -0.188436 -0.0109899 0.0334949
v -0.18839 -0.0109765 0.0334751
v -0.188348 -0.0109637 0.0334507
v -0.188307 -0.0109516 0.0334219
v -0.18827 -0.0109404 0.0333889
v -0.188236 -0.01093 0.0333521
v -0.188206 -0.0109208 0.0333119
v -0.18818 -0.0109127 0.0332688
v -0.188159 -0.0109059 0.033223
v -0.188142 -0.0109004 0.0331753
v -0.18813 -0.0108962 0.0331259
v -0.188122 -0.0108935 0.0330755
v -0.188467 -0.0112885 0.0335169
v -0.188418 -0.0112797 0.033507
v -0.18837 -0.0112712 0.0334922
v -0.188324 -0.0112629 0.0334724
v -0.18828 -0.0112549 0.033448
v -0.188238 -0.0112474 0.0334191
v -0.1882 -0.0112404 0.0333861
v -0.188166 -0.011234 0.0333494
v -0.188135 -0.0112283 0.0333092
v -0.188108 -0.0112232 0.033266
v -0.188086 -0.011219 0.0332203
v -0.188068 -0.0112155 0.0331726
v -0.188056 -0.011213 0.0331233
v -0.188048 -0.0112113 0.0330729
v -0.188434 -0.0115644 0.0335155
v -0.188384 -0.0115611 0.0335056
v -0.188335 -0.0115578 0.0334908
v -0.188289 -0.0115547 0.033471
v -0.188244 -0.0115517 0.0334465
v -0.188202 -0.0115489 0.0334177
v -0.188163 -0.0115462 0.0333847
v -0.188128 -0.0115438 0.0333479
v -0.188097 -0.0115416 0.0333078
v -0.18807 -0.0115397 0.0332646
v -0.188047 -0.0115381 0.0332189
v -0.18803 -0.0115368 0.0331712
v -0.188017 -0.0115358 0.0331219
v -0.188009 -0.0115352 0.0330715
v -0.189237 -0.009305 0.0315
v -0.188993 -0.00950262 0.0315
v -0.188771 -0.00972466 0.0315
v -0.188573 -0.0099687 0.0315
v -0.188259 -0.0105118 0.0315
v -0.188402 -0.0102321 0.0315
v -0.188147 -0.010805 0.0315
v -0.188066 -0.0111083 0.0315
v -0.188016 -0.0114185 0.0315
v -0.188 -0.0117321 0.0315
v -0.188428 -0.0140449 0.0335153
v -0.188378 -0.0140449 0.0335054
v -0.18833 -0.0140449 0.0334905
v -0.188283 -0.0140449 0.0334707
v -0.188238 -0.0140449 0.0334463
v -0.188196 -0.0140449 0.0334174
v -0.188157 -0.0140449 0.0333845
v -0.188122 -0.0140449 0.0333477
v -0.188091 -0.0140449 0.0333075
v -0.188064 -0.0140449 0.0332644
v -0.188041 -0.0140449 0.0332187
v -0.188023 -0.0140449 0.0331709
v -0.18801 -0.0140449 0.0331216
v -0.188003 -0.0140449 0.0330713
v -0.188 -0.0140449 0.0330204
v -0.188 -0.0145951 0.0329927
v -0.188 -0.0151303 0.0329118
v -0.188 -0.0156509 0.0327797
v -0.188 -0.0160157 0.0326536
v -0.188 -0.0165171 0.0324308
v -0.188 -0.0169867 0.0321635
v -0.188 -0.0174256 0.0318529
v -0.188 -0.0175965 0.0317133
v -0.188 -0.017991 0.0313424
v -0.188 -0.0183447 0.0309374
v -0.188409 -0.0188225 0.0311228
v -0.188406 -0.0188218 0.0311223
v -0.188354 -0.0188115 0.0311146
v -0.188361 -0.0188133 0.031116
v -0.188305 -0.0187969 0.0311036
v -0.188314 -0.0188004 0.0311063
v -0.188257 -0.0187782 0.0310896
v -0.188269 -0.0187839 0.0310939
v -0.188212 -0.0187556 0.0310726
v -0.188226 -0.0187639 0.0310789
v -0.18817 -0.0187293 0.0310529
v -0.188186 -0.0187406 0.0310614
v -0.188133 -0.0186996 0.0310307
v -0.188149 -0.0187142 0.0310416
v -0.188116 -0.018685 0.0310197
v -0.188099 -0.0186669 0.0310061
v -0.188086 -0.0186533 0.0309959
v -0.188069 -0.0186315 0.0309796
v -0.18806 -0.0186194 0.0309705
v -0.188045 -0.0185939 0.0309514
v -0.188039 -0.0185836 0.0309437
v -0.188026 -0.0185543 0.0309217
v -0.188022 -0.0185463 0.0309157
v -0.188012 -0.0185134 0.030891
v -0.18801 -0.0185079 0.0308869
v -0.188003 -0.0184715 0.0308596
v -0.188002 -0.0184687 0.0308575
v -0.188 -0.0184291 0.0308278
v -0.188424 -0.0146447 0.0334844
v -0.188375 -0.0146437 0.0334743
v -0.188326 -0.0146422 0.0334592
v -0.18828 -0.0146402 0.0334393
v -0.188236 -0.0146377 0.0334149
v -0.188194 -0.0146348 0.0333861
v -0.188156 -0.0146315 0.0333533
v -0.188121 -0.0146278 0.0333167
v -0.18809 -0.0146238 0.0332769
v -0.188063 -0.0146195 0.0332341
v -0.188041 -0.0146149 0.0331889
v -0.188023 -0.0146101 0.0331416
v -0.18801 -0.0146052 0.0330928
v -0.188003 -0.0146002 0.033043
v -0.188421 -0.0152281 0.0333957
v -0.188371 -0.015226 0.0333854
v -0.188323 -0.0152229 0.0333703
v -0.188277 -0.0152189 0.0333505
v -0.188233 -0.0152141 0.0333263
v -0.188192 -0.0152083 0.0332979
v -0.188154 -0.0152018 0.0332656
v -0.188119 -0.0151945 0.0332296
v -0.188089 -0.0151866 0.0331905
v -0.188062 -0.0151781 0.0331485
v -0.18804 -0.0151691 0.0331041
v -0.188023 -0.0151598 0.0330578
v -0.18801 -0.0151501 0.0330099
v -0.188003 -0.0151402 0.0329611
v -0.188418 -0.0157954 0.0332512
v -0.188369 -0.0157923 0.0332409
v -0.188321 -0.0157877 0.033226
v -0.188275 -0.0157818 0.0332066
v -0.188231 -0.0157745 0.0331829
v -0.18819 -0.015766 0.0331551
v -0.188153 -0.0157563 0.0331236
v -0.188118 -0.0157456 0.0330886
v -0.188088 -0.0157339 0.0330504
v -0.188062 -0.0157214 0.0330096
v -0.18804 -0.0157081 0.0329665
v -0.188022 -0.0156943 0.0329214
v -0.18801 -0.0156801 0.032875
v -0.188003 -0.0156655 0.0328276
v -0.188416 -0.016193 0.0331134
v -0.188367 -0.016189 0.0331032
v -0.188319 -0.0161834 0.0330886
v -0.188274 -0.016176 0.0330695
v -0.18823 -0.0161671 0.0330463
v -0.188189 -0.0161566 0.0330192
v -0.188152 -0.0161448 0.0329884
v -0.188118 -0.0161316 0.0329543
v -0.188087 -0.0161173 0.0329172
v -0.188061 -0.016102 0.0328774
v -0.18804 -0.0160858 0.0328354
v -0.188022 -0.0160689 0.0327916
v -0.18801 -0.0160514 0.0327463
v -0.188003 -0.0160336 0.0327002
v -0.188413 -0.0167393 0.0328702
v -0.188365 -0.0167343 0.0328603
v -0.188317 -0.0167271 0.0328462
v -0.188272 -0.0167179 0.0328279
v -0.188229 -0.0167066 0.0328056
v -0.188188 -0.0166935 0.0327797
v -0.188151 -0.0166786 0.0327502
v -0.188117 -0.0166621 0.0327176
v -0.188087 -0.0166442 0.0326822
v -0.188061 -0.016625 0.0326442
v -0.188039 -0.0166047 0.0326041
v -0.188022 -0.0165836 0.0325623
v -0.18801 -0.0165618 0.0325192
v -0.188002 -0.0165395 0.0324752
v -0.188411 -0.0172509 0.0325786
v -0.188363 -0.0172449 0.0325691
v -0.188316 -0.0172363 0.0325557
v -0.188271 -0.0172253 0.0325383
v -0.188228 -0.0172118 0.0325172
v -0.188187 -0.0171962 0.0324927
v -0.18815 -0.0171785 0.0324648
v -0.188116 -0.0171589 0.032434
v -0.188086 -0.0171376 0.0324006
v -0.188061 -0.0171148 0.0323647
v -0.188039 -0.0170907 0.0323269
v -0.188022 -0.0170656 0.0322875
v -0.18801 -0.0170398 0.0322469
v -0.188002 -0.0170134 0.0322054
v -0.188411 -0.0177246 0.0322343
v -0.188362 -0.0177221 0.0322311
v -0.188315 -0.0177122 0.0322184
v -0.18827 -0.0176994 0.0322022
v -0.188227 -0.017684 0.0321825
v -0.188187 -0.017666 0.0321596
v -0.18815 -0.0176457 0.0321336
v -0.188116 -0.0176231 0.0321049
v -0.188086 -0.0175987 0.0320737
v -0.18806 -0.0175725 0.0320403
v -0.188039 -0.0175449 0.0320051
v -0.188022 -0.0175161 0.0319684
v -0.18801 -0.0174864 0.0319305
v -0.188002 -0.0174562 0.0318919
v -0.18841 -0.0179112 0.032083
v -0.188361 -0.0179078 0.0320792
v -0.188315 -0.0178974 0.0320669
v -0.188269 -0.017884 0.0320512
v -0.188227 -0.0178678 0.0320321
v -0.188187 -0.0178489 0.0320099
v -0.188149 -0.0178275 0.0319848
v -0.188116 -0.0178039 0.031957
v -0.188086 -0.0177782 0.0319268
v -0.18806 -0.0177507 0.0318946
v -0.188039 -0.0177217 0.0318605
v -0.188022 -0.0176915 0.031825
v -0.18801 -0.0176604 0.0317884
v -0.188002 -0.0176286 0.031751
v -0.188409 -0.0183451 0.0316836
v -0.188361 -0.0183369 0.0316757
v -0.188314 -0.0183252 0.0316645
v -0.188269 -0.0183104 0.0316501
v -0.188226 -0.0182923 0.0316327
v -0.188186 -0.0182713 0.0316125
v -0.188149 -0.0182476 0.0315896
v -0.188116 -0.0182213 0.0315643
v -0.188086 -0.0181928 0.0315368
v -0.18806 -0.0181623 0.0315074
v -0.188039 -0.0181301 0.0314764
v -0.188022 -0.0180965 0.0314441
v -0.18801 -0.0180619 0.0314107
v -0.188002 -0.0180267 0.0313767
v -0.188409 -0.0187304 0.0312423
v -0.188361 -0.0187215 0.0312352
v -0.188314 -0.0187088 0.0312252
v -0.188269 -0.0186926 0.0312124
v -0.188226 -0.018673 0.0311969
v -0.188186 -0.0186501 0.0311788
v -0.188149 -0.0186242 0.0311584
v -0.188116 -0.0185956 0.0311357
v -0.188086 -0.0185645 0.0311112
v -0.18806 -0.0185313 0.0310849
v -0.188039 -0.0184962 0.0310572
v -0.188022 -0.0184597 0.0310283
v -0.18801 -0.018422 0.0309985
v -0.188002 -0.0183835 0.0309681
v -0.188406 -0.0193184 0.0304598
v -0.188458 -0.0193245 0.0304643
v -0.18842 -0.0193207 0.0304615
v -0.188354 -0.0193083 0.0304522
v -0.188381 -0.0193144 0.0304568
v -0.188344 -0.0193058 0.0304503
v -0.188307 -0.0192949 0.0304421
v -0.188304 -0.0192939 0.0304414
v -0.188257 -0.0192751 0.0304273
v -0.188271 -0.0192817 0.0304322
v -0.188237 -0.0192663 0.0304207
v -0.188212 -0.0192525 0.0304104
v -0.188205 -0.0192488 0.0304076
v -0.188174 -0.0192293 0.030393
v -0.18817 -0.0192263 0.0303907
v -0.188146 -0.019208 0.030377
v -0.188132 -0.0191965 0.0303684
v -0.188098 -0.0191639 0.0303439
v -0.188119 -0.019185 0.0303597
v -0.188095 -0.0191604 0.0303412
v -0.188073 -0.0191343 0.0303217
v -0.188054 -0.019107 0.0303012
v -0.188069 -0.0191284 0.0303173
v -0.188038 -0.0190785 0.0302799
v -0.188045 -0.0190907 0.030289
v -0.188025 -0.0190512 0.0302594
v -0.188024 -0.0190491 0.0302578
v -0.188014 -0.019019 0.0302352
v -0.188012 -0.0190102 0.0302286
v -0.188006 -0.0189883 0.0302122
v -0.188003 -0.0189683 0.0301972
v -0.188002 -0.0189572 0.0301888
v -0.188 -0.0189259 0.0301654
v -0.188 -0.0163183 0.0307597
v -0.188 -0.0159707 0.0309808
v -0.188 -0.0166412 0.030504
v -0.188 -0.0156023 0.0311651
v -0.188 -0.0148184 0.0314154
v -0.188 -0.0152168 0.0313104
v -0.188 -0.0169826 0.0301654
v -0.188 -0.014 0.0315
v -0.188 -0.0144114 0.0314788
v -0.188 -0.0169362 0.0302164
v -0.188464 -0.019453 0.0302938
v -0.188018 -0.0191233 0.029852
v -0.188028 -0.0191837 0.0297568
v -0.188482 -0.0195823 0.0301238
v -0.188511 -0.0197114 0.0299557
v -0.188063 -0.0193128 0.029555
v -0.188551 -0.0198393 0.0297907
v -0.188111 -0.0194407 0.0293571
v -0.188066 -0.0193214 0.0295418
v -0.188602 -0.019965 0.0296302
v -0.188148 -0.0195179 0.0292388
v -0.188172 -0.0195664 0.0291644
v -0.188663 -0.0200876 0.0294752
v -0.188245 -0.019689 0.0289783
v -0.188732 -0.0202064 0.0293266
v -0.188329 -0.0198077 0.0288
v -0.18826 -0.0197108 0.0289456
v -0.188811 -0.0203205 0.0291852
v -0.188403 -0.019898 0.0286659
v -0.188422 -0.0199219 0.0286304
v -0.188896 -0.0204296 0.0290516
v -0.188525 -0.020031 0.0284701
v -0.188988 -0.0205332 0.0289263
v -0.188635 -0.0201345 0.0283197
v -0.188574 -0.0200773 0.0284029
v -0.189085 -0.0206309 0.0288094
v -0.188751 -0.0202323 0.0281795
v -0.189186 -0.0207227 0.0287011
v -0.188873 -0.0203241 0.0280495
v -0.188771 -0.0202471 0.0281585
v -0.189291 -0.0208085 0.0286014
v -0.188993 -0.0204053 0.0279361
v -0.188999 -0.0204099 0.0279298
v -0.189399 -0.0208882 0.0285101
v -0.189129 -0.0204896 0.0278203
v -0.18951 -0.020962 0.028427
v -0.189237 -0.0205498 0.0277389
v -0.189261 -0.0205634 0.0277206
v -0.189708 -0.0210785 0.0282993
v -0.189675 -0.0210996 0.0282616
v -0.189643 -0.0211157 0.0282209
v -0.189612 -0.0211267 0.0281775
v -0.189583 -0.0211324 0.0281321
v -0.189556 -0.0211327 0.0280851
v -0.189531 -0.0211277 0.028037
v -0.189508 -0.0211174 0.0279886
v -0.189489 -0.0211019 0.0279403
v -0.189472 -0.0210814 0.0278927
v -0.189459 -0.0210562 0.0278464
v -0.189449 -0.0210265 0.0278019
v -0.189443 -0.0209927 0.0277597
v -0.18944 -0.0209553 0.0277204
v -0.189442 -0.0209145 0.0276844
v -0.189446 -0.020871 0.0276521
v -0.189455 -0.0208252 0.027624
v -0.189466 -0.0207778 0.0276003
v -0.189482 -0.0207291 0.0275813
v -0.1895 -0.0206799 0.0275673
v -0.188007 -0.0190544 0.0299608
v -0.188424 -0.0194503 0.0302891
v -0.188385 -0.0194451 0.0302825
v -0.188347 -0.0194374 0.030274
v -0.188309 -0.0194272 0.0302637
v -0.188273 -0.0194146 0.0302517
v -0.188238 -0.0193996 0.030238
v -0.188205 -0.0193824 0.0302227
v -0.188174 -0.0193631 0.030206
v -0.188145 -0.0193418 0.0301879
v -0.188119 -0.0193187 0.0301685
v -0.188094 -0.0192938 0.030148
v -0.188073 -0.0192674 0.0301266
v -0.188054 -0.0192396 0.0301043
v -0.188039 -0.0192106 0.0300812
v -0.188026 -0.0191806 0.0300576
v -0.188017 -0.0191497 0.0300336
v -0.18801 -0.0191183 0.0300094
v -0.188007 -0.0190864 0.0299851
v -0.188441 -0.0195809 0.0301172
v -0.188401 -0.0195768 0.0301085
v -0.188362 -0.01957 0.0300979
v -0.188323 -0.0195606 0.0300855
v -0.188286 -0.0195486 0.0300712
v -0.188251 -0.0195342 0.0300553
v -0.188218 -0.0195173 0.0300378
v -0.188186 -0.0194981 0.0300189
v -0.188157 -0.0194768 0.0299986
v -0.188131 -0.0194535 0.0299772
v -0.188107 -0.0194284 0.0299547
v -0.188086 -0.0194016 0.0299313
v -0.188068 -0.0193733 0.0299072
v -0.188053 -0.0193437 0.0298826
v -0.188041 -0.0193131 0.0298575
v -0.188033 -0.0192815 0.0298322
v -0.188028 -0.0192493 0.0298069
v -0.188026 -0.0192166 0.0297817
v -0.188469 -0.0197114 0.029947
v -0.188428 -0.0197084 0.0299363
v -0.188388 -0.0197027 0.0299235
v -0.18835 -0.0196941 0.0299088
v -0.188312 -0.0196828 0.0298923
v -0.188277 -0.0196688 0.0298741
v -0.188243 -0.0196522 0.0298544
v -0.188211 -0.0196333 0.0298332
v -0.188182 -0.019612 0.0298107
v -0.188156 -0.0195886 0.0297872
v -0.188133 -0.0195632 0.0297627
v -0.188112 -0.019536 0.0297375
v -0.188095 -0.0195071 0.0297116
v -0.188081 -0.0194769 0.0296854
v -0.18807 -0.0194456 0.029659
v -0.188063 -0.0194132 0.0296325
v -0.188059 -0.0193801 0.0296063
v -0.188059 -0.0193466 0.0295804
v -0.188509 -0.0198406 0.02978
v -0.188467 -0.0198389 0.0297671
v -0.188427 -0.0198342 0.029752
v -0.188388 -0.0198265 0.0297351
v -0.18835 -0.0198159 0.0297162
v -0.188314 -0.0198025 0.0296957
v -0.18828 -0.0197863 0.0296737
v -0.188249 -0.0197675 0.0296503
v -0.18822 -0.0197463 0.0296256
v -0.188194 -0.0197227 0.0296
v -0.188171 -0.019697 0.0295735
v -0.188151 -0.0196694 0.0295465
v -0.188135 -0.01964 0.029519
v -0.188122 -0.0196092 0.0294913
v -0.188112 -0.019577 0.0294636
v -0.188106 -0.0195439 0.0294361
v -0.188104 -0.0195099 0.0294091
v -0.188106 -0.0194754 0.0293827
v -0.188559 -0.0199678 0.0296173
v -0.188517 -0.0199674 0.0296021
v -0.188477 -0.0199637 0.0295848
v -0.188437 -0.019957 0.0295655
v -0.188399 -0.0199471 0.0295444
v -0.188363 -0.0199343 0.0295215
v -0.188329 -0.0199185 0.0294971
v -0.188298 -0.0198999 0.0294714
v -0.18827 -0.0198787 0.0294446
v -0.188244 -0.019855 0.0294169
v -0.188222 -0.019829 0.0293886
v -0.188203 -0.0198009 0.0293597
v -0.188187 -0.019771 0.0293307
v -0.188175 -0.0197394 0.0293016
v -0.188167 -0.0197065 0.0292728
v -0.188162 -0.0196725 0.0292445
v -0.188162 -0.0196376 0.0292168
v -0.188165 -0.0196021 0.02919
v -0.18862 -0.0200919 0.0294601
v -0.188578 -0.0200928 0.0294427
v -0.188537 -0.0200903 0.029423
v -0.188497 -0.0200845 0.0294013
v -0.188459 -0.0200755 0.0293778
v -0.188423 -0.0200632 0.0293526
v -0.18839 -0.0200478 0.0293259
v -0.188359 -0.0200294 0.0292979
v -0.188331 -0.0200082 0.029269
v -0.188306 -0.0199844 0.0292393
v -0.188284 -0.0199581 0.029209
v -0.188266 -0.0199296 0.0291785
v -0.188251 -0.019899 0.029148
v -0.18824 -0.0198668 0.0291177
v -0.188233 -0.019833 0.0290879
v -0.18823 -0.0197981 0.0290588
v -0.188231 -0.0197622 0.0290307
v -0.188236 -0.0197258 0.0290038
v -0.18869 -0.0202121 0.0293093
v -0.188647 -0.0202144 0.0292896
v -0.188606 -0.0202131 0.0292676
v -0.188567 -0.0202084 0.0292435
v -0.188529 -0.0202001 0.0292176
v -0.188493 -0.0201884 0.02919
v -0.18846 -0.0201735 0.029161
v -0.18843 -0.0201553 0.0291308
v -0.188402 -0.0201342 0.0290998
v -0.188378 -0.0201102 0.0290681
v -0.188357 -0.0200836 0.0290361
v -0.18834 -0.0200546 0.029004
v -0.188326 -0.0200234 0.0289721
v -0.188317 -0.0199904 0.0289406
v -0.188311 -0.0199558 0.02891
v -0.188309 -0.01992 0.0288803
v -0.188312 -0.0198831 0.028852
v -0.188318 -0.0198456 0.0288251
v -0.188768 -0.0203279 0.0291657
v -0.188726 -0.0203315 0.0291437
v -0.188685 -0.0203315 0.0291193
v -0.188646 -0.0203277 0.0290929
v -0.188608 -0.0203203 0.0290645
v -0.188573 -0.0203093 0.0290346
v -0.18854 -0.0202948 0.0290033
v -0.18851 -0.0202769 0.028971
v -0.188483 -0.0202558 0.0289378
v -0.18846 -0.0202317 0.0289043
v -0.18844 -0.0202047 0.0288705
v -0.188424 -0.0201753 0.0288369
v -0.188411 -0.0201435 0.0288038
v -0.188403 -0.0201097 0.0287714
v -0.188399 -0.0200742 0.02874
v -0.188399 -0.0200374 0.02871
v -0.188403 -0.0199995 0.0286815
v -0.18841 -0.0199609 0.0286549
v -0.188853 -0.0204385 0.0290299
v -0.188812 -0.0204436 0.0290056
v -0.188771 -0.0204448 0.0289789
v -0.188732 -0.0204421 0.02895
v -0.188696 -0.0204356 0.0289193
v -0.188661 -0.0204252 0.028887
v -0.188629 -0.0204112 0.0288535
v -0.1886 -0.0203935 0.028819
v -0.188574 -0.0203725 0.0287839
v -0.188551 -0.0203482 0.0287485
v -0.188532 -0.020321 0.0287132
v -0.188517 -0.020291 0.0286782
v -0.188506 -0.0202586 0.0286439
v -0.188499 -0.020224 0.0286106
v -0.188496 -0.0201876 0.0285787
v -0.188497 -0.0201498 0.0285484
v -0.188502 -0.0201108 0.0285201
v -0.188511 -0.0200711 0.0284939
v -0.188946 -0.0205437 0.0289023
v -0.188905 -0.0205502 0.0288757
v -0.188865 -0.0205527 0.0288467
v -0.188826 -0.0205511 0.0288155
v -0.18879 -0.0205454 0.0287824
v -0.188756 -0.0205358 0.0287479
v -0.188725 -0.0205222 0.0287122
v -0.188697 -0.0205048 0.0286756
v -0.188672 -0.0204838 0.0286386
v -0.18865 -0.0204594 0.0286014
v -0.188632 -0.0204318 0.0285646
v -0.188618 -0.0204013 0.0285283
v -0.188608 -0.0203683 0.028493
v -0.188602 -0.0203329 0.028459
v -0.1886 -0.0202956 0.0284267
v -0.188603 -0.0202567 0.0283963
v -0.18861 -0.0202167 0.0283681
v -0.18862 -0.0201758 0.0283425
v -0.189043 -0.0206431 0.0287833
v -0.189003 -0.0206511 0.0287544
v -0.188964 -0.0206548 0.028723
v -0.188927 -0.0206543 0.0286895
v -0.188891 -0.0206496 0.0286542
v -0.188858 -0.0206406 0.0286174
v -0.188828 -0.0206274 0.0285796
v -0.1888 -0.0206103 0.028541
v -0.188776 -0.0205894 0.0285021
v -0.188756 -0.0205649 0.0284634
v -0.188739 -0.020537 0.0284251
v -0.188726 -0.020506 0.0283876
v -0.188717 -0.0204723 0.0283514
v -0.188713 -0.0204361 0.0283168
v -0.188712 -0.0203979 0.0282842
v -0.188716 -0.020358 0.0282539
v -0.188724 -0.0203168 0.0282261
v -0.188736 -0.0202748 0.0282012
v -0.189146 -0.0207365 0.0286728
v -0.189107 -0.0207459 0.0286417
v -0.189068 -0.020751 0.0286081
v -0.189032 -0.0207516 0.0285723
v -0.188998 -0.0207477 0.0285348
v -0.188966 -0.0207394 0.0284958
v -0.188936 -0.0207268 0.0284559
v -0.18891 -0.02071 0.0284154
v -0.188887 -0.0206891 0.0283748
v -0.188868 -0.0206644 0.0283345
v -0.188852 -0.0206362 0.0282949
v -0.18884 -0.0206047 0.0282564
v -0.188833 -0.0205703 0.0282194
v -0.188829 -0.0205333 0.0281843
v -0.18883 -0.0204942 0.0281515
v -0.188835 -0.0204532 0.0281214
v -0.188844 -0.0204109 0.0280941
v -0.188856 -0.0203678 0.0280701
v -0.189252 -0.0208238 0.028571
v -0.189214 -0.0208347 0.0285377
v -0.189177 -0.0208411 0.0285019
v -0.189142 -0.0208428 0.0284639
v -0.189109 -0.0208398 0.0284242
v -0.189078 -0.0208322 0.0283832
v -0.18905 -0.0208201 0.0283413
v -0.189025 -0.0208035 0.028299
v -0.189003 -0.0207827 0.0282567
v -0.188985 -0.0207579 0.0282149
v -0.18897 -0.0207294 0.0281741
v -0.18896 -0.0206974 0.0281347
v -0.188953 -0.0206623 0.028097
v -0.188951 -0.0206245 0.0280616
v -0.188953 -0.0205844 0.0280287
v -0.188958 -0.0205425 0.0279988
v -0.188968 -0.0204991 0.0279722
v -0.188982 -0.0204547 0.0279491
v -0.189362 -0.0209051 0.0284776
v -0.189325 -0.0209175 0.0284422
v -0.189289 -0.0209251 0.0284043
v -0.189255 -0.0209278 0.0283642
v -0.189223 -0.0209258 0.0283224
v -0.189194 -0.0209189 0.0282794
v -0.189167 -0.0209072 0.0282357
v -0.189143 -0.020891 0.0281916
v -0.189123 -0.0208703 0.0281478
v -0.189106 -0.0208453 0.0281047
v -0.189093 -0.0208165 0.0280627
v -0.189084 -0.020784 0.0280224
v -0.189078 -0.0207483 0.0279842
v -0.189077 -0.0207097 0.0279485
v -0.189079 -0.0206687 0.0279157
v -0.189086 -0.0206257 0.0278862
v -0.189097 -0.0205811 0.0278602
v -0.189111 -0.0205356 0.0278382
v -0.189473 -0.0209805 0.0283926
v -0.189438 -0.0209942 0.0283552
v -0.189404 -0.021003 0.0283152
v -0.189372 -0.0210069 0.0282731
v -0.189341 -0.0210057 0.0282293
v -0.189313 -0.0209995 0.0281844
v -0.189288 -0.0209883 0.0281389
v -0.189266 -0.0209723 0.0280932
v -0.189247 -0.0209517 0.0280479
v -0.189231 -0.0209267 0.0280036
v -0.189219 -0.0208975 0.0279606
v -0.189211 -0.0208646 0.0279196
v -0.189206 -0.0208282 0.0278809
v -0.189206 -0.0207888 0.027845
v -0.18921 -0.0207469 0.0278123
v -0.189217 -0.0207029 0.0277833
v -0.189228 -0.0206572 0.0277581
v -0.189243 -0.0206106 0.0277371
v -0.194588 -0.0237383 0.0254256
v -0.194555 -0.0237545 0.0253848
v -0.194525 -0.0237654 0.0253415
v -0.194495 -0.0237711 0.025296
v -0.194468 -0.0237715 0.025249
v -0.194443 -0.0237664 0.025201
v -0.19442 -0.0237561 0.0251525
v -0.194401 -0.0237406 0.0251042
v -0.194384 -0.0237202 0.0250566
v -0.194371 -0.0236949 0.0250103
v -0.194361 -0.0236652 0.0249658
v -0.194355 -0.0236315 0.0249236
v -0.194353 -0.023594 0.0248843
v -0.194354 -0.0235533 0.0248483
v -0.194359 -0.0235098 0.0248161
v -0.194367 -0.023464 0.0247879
v -0.194379 -0.0234165 0.0247642
v -0.194394 -0.0233679 0.0247453
v -0.194412 -0.0233186 0.0247312
v -0.1895 -0.0189495 0.0275673
v -0.189366 -0.018888 0.0276494
v -0.189237 -0.0188213 0.0277383
v -0.188993 -0.018673 0.0279359
v -0.188771 -0.0185065 0.028158
v -0.188573 -0.0183235 0.028402
v -0.188402 -0.018126 0.0286654
v -0.188259 -0.0179161 0.0289452
v -0.188147 -0.0176963 0.0292383
v -0.188066 -0.0174688 0.0295416
v -0.188019 -0.0172359 0.0298522
v -0.188012 -0.0172 0.0299
v -0.188003 -0.0170942 0.0300349
v -0.195194 -0.0237078 0.0242799
v -0.196835 -0.0243567 0.0233327
v -0.19856 -0.0248353 0.0223365
v -0.200212 -0.0255885 0.0218775
v -0.200205 -0.0255859 0.0218653
v -0.200193 -0.0255813 0.0218433
v -0.20018 -0.025574 0.0218193
v -0.200175 -0.0255711 0.0218096
v -0.200157 -0.0255579 0.0217766
v -0.200156 -0.0255567 0.0217743
v -0.200141 -0.0255418 0.0217443
v -0.200134 -0.0255337 0.021731
v -0.200125 -0.0255229 0.0217132
v -0.200114 -0.0255059 0.0216896
v -0.200111 -0.0255013 0.0216832
v -0.200098 -0.0254772 0.0216547
v -0.200096 -0.0254734 0.0216509
v -0.20008 -0.0254363 0.0216153
v -0.200075 -0.0254219 0.0216028
v -0.200085 -0.0254507 0.0216279
v -0.200067 -0.0253955 0.0215829
v -0.200065 -0.0253912 0.0215796
v -0.200057 -0.0253585 0.0215586
v -0.200056 -0.0253512 0.0215545
v -0.200048 -0.0253039 0.0215303
v -0.200046 -0.0252886 0.0215232
v -0.200051 -0.0253243 0.0215397
v -0.200043 -0.0252543 0.0215102
v -0.200043 -0.0252517 0.0215092
v -0.200041 -0.0252138 0.0214976
v -0.200041 -0.0252028 0.0214951
v -0.200041 -0.0251752 0.0214887
v -0.200042 -0.0251501 0.0214847
v -0.200042 -0.0251361 0.0214824
v -0.200046 -0.0250968 0.0214788
v -0.195367 -0.0241502 0.0249325
v -0.195337 -0.0241625 0.0248913
v -0.195309 -0.0241698 0.0248481
v -0.195282 -0.0241721 0.0248034
v -0.195257 -0.0241693 0.0247578
v -0.195234 -0.0241615 0.0247116
v -0.195213 -0.0241488 0.0246655
v -0.195195 -0.0241312 0.0246199
v -0.195179 -0.0241091 0.0245753
v -0.195167 -0.0240826 0.0245322
v -0.195157 -0.024052 0.024491
v -0.195151 -0.0240176 0.0244523
v -0.195147 -0.0239799 0.0244164
v -0.195147 -0.0239392 0.0243838
v -0.19515 -0.023896 0.0243547
v -0.195157 -0.0238508 0.0243295
v -0.195166 -0.023804 0.0243085
v -0.195179 -0.0237561 0.0242919
v -0.197003 -0.0248315 0.0239
v -0.196978 -0.0248362 0.0238595
v -0.196954 -0.0248366 0.0238181
v -0.196931 -0.0248326 0.0237763
v -0.19691 -0.0248242 0.0237343
v -0.19689 -0.0248116 0.0236927
v -0.196872 -0.0247948 0.0236517
v -0.196856 -0.0247739 0.0236118
v -0.196842 -0.0247493 0.0235732
v -0.19683 -0.0247211 0.0235365
v -0.196821 -0.0246895 0.0235018
v -0.196814 -0.0246549 0.0234695
v -0.196809 -0.0246176 0.02344
v -0.196807 -0.0245779 0.0234134
v -0.196808 -0.0245361 0.0233901
v -0.196811 -0.0244927 0.0233702
v -0.196816 -0.0244481 0.0233539
v -0.196824 -0.0244026 0.0233414
v -0.198727 -0.0253151 0.0228109
v -0.198705 -0.0253241 0.0227755
v -0.198685 -0.0253182 0.0227377
v -0.198665 -0.0253087 0.0227001
v -0.198647 -0.0252957 0.0226631
v -0.198629 -0.0252791 0.0226269
v -0.198613 -0.0252592 0.0225917
v -0.198599 -0.0252361 0.0225579
v -0.198586 -0.02521 0.0225257
v -0.198575 -0.0251811 0.0224953
v -0.198566 -0.0251496 0.022467
v -0.198558 -0.0251157 0.0224409
v -0.198553 -0.0250797 0.0224174
v -0.198549 -0.0250418 0.0223965
v -0.198547 -0.0250024 0.0223784
v -0.198547 -0.0249618 0.0223632
v -0.19855 -0.0249201 0.0223511
v -0.198554 -0.0248779 0.0223422
v -0.206659 -0.0264267 0.0181388
v -0.206685 -0.026433 0.0181854
v -0.206634 -0.0264147 0.0180927
v -0.206611 -0.0263972 0.0180477
v -0.206589 -0.0263744 0.0180043
v -0.206568 -0.0263465 0.017963
v -0.20655 -0.0263139 0.0179243
v -0.206534 -0.026277 0.0178886
v -0.206521 -0.0262361 0.0178563
v -0.20651 -0.0261918 0.0178279
v -0.206503 -0.0261445 0.0178035
v -0.206498 -0.0260948 0.0177836
v -0.206495 -0.0260433 0.0177683
v -0.206496 -0.0259905 0.0177579
v -0.2065 -0.0259372 0.0177524
v -0.0959972 -0.0170942 0.0300349
v -0.096 -0.0169826 0.0301654
v -0.0959882 -0.0172 0.0299
v -0.096 -0.0169362 0.0302164
v -0.096 -0.0166412 0.030504
v -0.096 -0.0163183 0.0307597
v -0.096 -0.0159707 0.0309808
v -0.096 -0.0156023 0.0311651
v -0.096 -0.0152168 0.0313104
v -0.096 -0.0148184 0.0314154
v -0.096 -0.0144114 0.0314788
v -0.096 -0.014 0.0315
v -0.0950074 -0.018673 0.0279359
v -0.0952294 -0.0185065 0.028158
v -0.0955981 -0.018126 0.0286654
v -0.0957406 -0.0179161 0.0289452
v -0.0959344 -0.0174688 0.0295416
v -0.0959811 -0.0172359 0.0298522
v -0.0958532 -0.0176963 0.0292383
v -0.0954271 -0.0183235 0.028402
v -0.194697 -0.0212 0.0245667
v -0.0893027 -0.0212 0.0245667
v -0.0945 -0.0189495 0.0275673
v -0.0946339 -0.018888 0.0276494
v -0.0947634 -0.0188213 0.0277383
v -0.0959839 -0.019121 0.0298554
v -0.0959834 -0.0191233 0.0298518
v -0.096 -0.0189259 0.0301654
v -0.0959327 -0.0193213 0.029542
v -0.0959558 -0.0192503 0.0296524
v -0.0959139 -0.0193794 0.0294517
v -0.0958527 -0.019518 0.0292385
v -0.0958585 -0.0195071 0.0292551
v -0.0957905 -0.0196325 0.0290639
v -0.0957392 -0.0197108 0.0289458
v -0.0957105 -0.0197547 0.0288795
v -0.0956196 -0.0198727 0.0287032
v -0.0955971 -0.019898 0.028666
v -0.0955189 -0.0199861 0.0285359
v -0.0954264 -0.0200775 0.0284025
v -0.0954096 -0.020094 0.0283783
v -0.095293 -0.0201963 0.0282309
v -0.0952284 -0.0202469 0.0281589
v -0.0951702 -0.0202924 0.0280941
v -0.0950424 -0.0203824 0.027968
v -0.0950067 -0.020405 0.0279367
v -0.0949105 -0.0204661 0.0278524
v -0.0947757 -0.0205434 0.0277473
v -0.0947631 -0.02055 0.0277386
v -0.0946386 -0.0206147 0.0276524
v -0.0945 -0.0206799 0.0275673
v -0.198854 -0.022 0.0221667
v -0.0851458 -0.022 0.0221667
v -0.0858832 -0.0219542 0.0225924
v -0.198117 -0.0219542 0.0225924
v -0.0866205 -0.0219083 0.0230181
v -0.0873367 -0.0217947 0.0234316
v -0.196663 -0.0217947 0.0234316
v -0.0880277 -0.0216375 0.0238305
v -0.195972 -0.0216375 0.0238305
v -0.0886856 -0.0214385 0.0242103
v -0.195314 -0.0214385 0.0242103
v -0.197379 -0.0219083 0.0230181
v -0.2065 -0.022 0.0177524
v -0.206763 -0.022 0.0175813
v -0.206538 -0.0259429 0.0177302
v -0.207007 -0.022 0.0173837
v -0.206762 -0.025977 0.0175792
v -0.20681 -0.0259843 0.0175469
v -0.207229 -0.022 0.0171617
v -0.207005 -0.026014 0.0173814
v -0.20706 -0.0260222 0.0173353
v -0.207427 -0.022 0.0169176
v -0.207227 -0.0260476 0.0171593
v -0.207285 -0.0260564 0.0170982
v -0.207598 -0.022 0.0166543
v -0.207424 -0.0260776 0.0169154
v -0.207483 -0.0260865 0.0168384
v -0.207741 -0.022 0.0163745
v -0.207595 -0.0261035 0.0166522
v -0.207651 -0.026112 0.0165593
v -0.207853 -0.022 0.0160813
v -0.207737 -0.0261251 0.0163728
v -0.207787 -0.0261327 0.016264
v -0.207934 -0.022 0.015778
v -0.207849 -0.0261421 0.01608
v -0.207891 -0.0261485 0.0159561
v -0.207984 -0.022 0.0154679
v -0.20793 -0.0261545 0.0157771
v -0.207961 -0.0261591 0.015639
v -0.207982 -0.0261624 0.0154782
v -0.207983 -0.0261625 0.0154678
v -0.207996 -0.0261644 0.0153165
v -0.208 -0.022 0.0151543
v -0.208 -0.0261651 0.0151543
v -0.208003 -0.0262164 0.0151543
v -0.208011 -0.0262673 0.0151543
v -0.208024 -0.026317 0.0151543
v -0.208042 -0.0263652 0.0151543
v -0.208065 -0.0264112 0.0151543
v -0.208092 -0.0264546 0.0151543
v -0.208124 -0.026495 0.0151543
v -0.20816 -0.0265319 0.0151543
v -0.2082 -0.0265648 0.0151543
v -0.208242 -0.0265936 0.0151543
v -0.208288 -0.0266178 0.0151543
v -0.208335 -0.0266372 0.0151543
v -0.208385 -0.0266516 0.0151543
v -0.20843 -0.0266602 0.0153435
v -0.208435 -0.0266609 0.0151543
v -0.208415 -0.0266582 0.0155322
v -0.208389 -0.0266549 0.0157198
v -0.208308 -0.0266443 0.0160897
v -0.208187 -0.0266285 0.016449
v -0.208028 -0.0266078 0.0167934
v -0.207832 -0.0265823 0.0171191
v -0.207601 -0.0265523 0.0174221
v -0.207339 -0.0265181 0.0176988
v -0.207047 -0.0264801 0.0179456
v -0.206729 -0.0264387 0.0181595
v -0.207998 -0.0262158 0.015317
v -0.208006 -0.0262666 0.0153178
v -0.208019 -0.0263164 0.0153188
v -0.208037 -0.0263645 0.0153201
v -0.20806 -0.0264106 0.0153217
v -0.208088 -0.026454 0.0153235
v -0.20812 -0.0264944 0.0153255
v -0.208155 -0.0265312 0.0153277
v -0.208195 -0.0265642 0.0153301
v -0.208238 -0.0265929 0.0153326
v -0.208283 -0.0266171 0.0153352
v -0.20833 -0.0266365 0.0153379
v -0.20838 -0.0266509 0.0153407
v -0.207985 -0.0262138 0.0154792
v -0.207993 -0.0262647 0.0154808
v -0.208006 -0.0263144 0.0154829
v -0.208024 -0.0263626 0.0154855
v -0.208047 -0.0264086 0.0154886
v -0.208074 -0.0264521 0.0154922
v -0.208106 -0.0264924 0.0154962
v -0.208141 -0.0265293 0.0155006
v -0.208181 -0.0265623 0.0155054
v -0.208223 -0.026591 0.0155104
v -0.208268 -0.0266152 0.0155156
v -0.208316 -0.0266346 0.0155211
v -0.207963 -0.0262105 0.0156405
v -0.207971 -0.0262614 0.0156429
v -0.207983 -0.0263112 0.015646
v -0.208001 -0.0263594 0.01565
v -0.208024 -0.0264054 0.0156546
v -0.208051 -0.0264489 0.01566
v -0.208082 -0.0264892 0.015666
v -0.208118 -0.0265261 0.0156726
v -0.208157 -0.0265591 0.0156797
v -0.208199 -0.0265878 0.0156872
v -0.208244 -0.026612 0.015695
v -0.208365 -0.026649 0.0155266
v -0.208291 -0.0266313 0.0157031
v -0.207893 -0.0262 0.0159585
v -0.2079 -0.026251 0.0159623
v -0.207912 -0.0263008 0.0159675
v -0.20793 -0.0263491 0.015974
v -0.207951 -0.0263952 0.0159818
v -0.207978 -0.0264387 0.0159906
v -0.208008 -0.0264791 0.0160006
v -0.208043 -0.026516 0.0160115
v -0.208081 -0.0265489 0.0160232
v -0.208122 -0.0265776 0.0160356
v -0.208166 -0.0266017 0.0160486
v -0.208339 -0.0266457 0.0157114
v -0.208212 -0.026621 0.0160621
v -0.207789 -0.0261844 0.0162673
v -0.207795 -0.0262355 0.0162726
v -0.207807 -0.0262855 0.0162797
v -0.207823 -0.0263338 0.0162887
v -0.207844 -0.02638 0.0162993
v -0.207869 -0.0264236 0.0163116
v -0.207898 -0.026464 0.0163254
v -0.207931 -0.0265009 0.0163405
v -0.207968 -0.0265338 0.0163567
v -0.208007 -0.0265624 0.0163739
v -0.20805 -0.0265865 0.016392
v -0.208259 -0.0266352 0.0160758
v -0.208094 -0.0266056 0.0164106
v -0.207652 -0.0261638 0.0165633
v -0.207657 -0.0262151 0.0165699
v -0.207668 -0.0262652 0.0165788
v -0.207683 -0.0263137 0.0165901
v -0.207702 -0.02636 0.0166036
v -0.207726 -0.0264037 0.0166191
v -0.207753 -0.0264441 0.0166366
v -0.207784 -0.026481 0.0166557
v -0.207819 -0.0265139 0.0166763
v -0.207857 -0.0265425 0.0166982
v -0.207897 -0.0265664 0.0167211
v -0.20814 -0.0266197 0.0164297
v -0.207939 -0.0265853 0.0167448
v -0.207483 -0.0261385 0.0168431
v -0.207487 -0.02619 0.0168508
v -0.207497 -0.0262403 0.0168614
v -0.20751 -0.026289 0.0168749
v -0.207528 -0.0263354 0.016891
v -0.207549 -0.0263792 0.0169096
v -0.207575 -0.0264197 0.0169305
v -0.207604 -0.0264566 0.0169534
v -0.207636 -0.0264895 0.0169782
v -0.207671 -0.0265179 0.0170045
v -0.207709 -0.0265416 0.017032
v -0.207983 -0.0265992 0.016769
v -0.207748 -0.0265604 0.0170605
v -0.207284 -0.0261087 0.0171033
v -0.207288 -0.0261605 0.017112
v -0.207295 -0.026211 0.0171241
v -0.207307 -0.0262599 0.0171395
v -0.207323 -0.0263065 0.017158
v -0.207342 -0.0263504 0.0171794
v -0.207365 -0.026391 0.0172035
v -0.207392 -0.0264279 0.0172301
v -0.207421 -0.0264607 0.0172587
v -0.207453 -0.026489 0.0172892
v -0.207488 -0.0265126 0.0173211
v -0.20779 -0.026574 0.0170897
v -0.207524 -0.0265311 0.0173542
v -0.207058 -0.0260748 0.0173407
v -0.20706 -0.0261268 0.0173502
v -0.207066 -0.0261777 0.0173636
v -0.207076 -0.0262268 0.0173807
v -0.20709 -0.0262736 0.0174014
v -0.207107 -0.0263176 0.0174254
v -0.207127 -0.0263583 0.0174524
v -0.20715 -0.0263952 0.0174823
v -0.207176 -0.0264279 0.0175145
v -0.207205 -0.0264561 0.0175488
v -0.207236 -0.0264795 0.0175848
v -0.207562 -0.0265444 0.017388
v -0.207269 -0.0264977 0.0176221
v -0.206807 -0.0260372 0.0175524
v -0.206808 -0.0260895 0.0175625
v -0.206812 -0.0261406 0.0175769
v -0.20682 -0.02619 0.0175955
v -0.206831 -0.026237 0.017618
v -0.206845 -0.0262812 0.0176443
v -0.206862 -0.0263219 0.017674
v -0.206882 -0.0263589 0.0177068
v -0.206905 -0.0263916 0.0177423
v -0.20693 -0.0264196 0.0177801
v -0.206957 -0.0264427 0.0178198
v -0.207303 -0.0265106 0.0176602
v -0.206985 -0.0264606 0.017861
v -0.206534 -0.0259962 0.0177357
v -0.206533 -0.0260489 0.0177462
v -0.206536 -0.0261004 0.0177613
v -0.206541 -0.02615 0.0177811
v -0.206549 -0.0261973 0.0178053
v -0.206561 -0.0262416 0.0178335
v -0.206574 -0.0262825 0.0178655
v -0.206591 -0.0263194 0.0179009
v -0.206609 -0.026352 0.0179393
v -0.20663 -0.0263799 0.0179802
v -0.206653 -0.0264028 0.0180232
v -0.207016 -0.0264731 0.017903
v -0.206677 -0.0264203 0.0180678
v -0.206703 -0.0264323 0.0181134
v -0.208 -0.022 0.00384572
v -0.208 -0.0261651 0.00384572
v -0.208435 -0.0266609 0.00384572
v -0.208385 -0.0266516 0.00384572
v -0.208335 -0.0266372 0.00384572
v -0.208288 -0.0266178 0.00384572
v -0.208242 -0.0265936 0.00384572
v -0.2082 -0.0265648 0.00384572
v -0.20816 -0.0265319 0.00384572
v -0.208124 -0.026495 0.00384572
v -0.208092 -0.0264546 0.00384572
v -0.208065 -0.0264112 0.00384572
v -0.208042 -0.0263652 0.00384572
v -0.208024 -0.026317 0.00384572
v -0.208011 -0.0262673 0.00384572
v -0.208003 -0.0262164 0.00384572
v -0.206685 -0.026433 0.000814634
v -0.208427 -0.0266598 0.00360611
v -0.207006 -0.0264747 0.00102394
v -0.207301 -0.0265132 0.00126656
v -0.208381 -0.0266538 0.00323047
v -0.208409 -0.0266574 0.00341768
v -0.207568 -0.0265479 0.00153942
v -0.207803 -0.0265785 0.00183913
v -0.208294 -0.0266425 0.00286176
v -0.208004 -0.0266047 0.00216202
v -0.208168 -0.0266261 0.00250424
v -0.206496 -0.0259905 0.00124214
v -0.2065 -0.0259372 0.00124765
v -0.206763 -0.0259771 0.00141929
v -0.206495 -0.0260433 0.00123168
v -0.206498 -0.0260948 0.0012164
v -0.206503 -0.0261445 0.00119648
v -0.20651 -0.0261918 0.00117214
v -0.206521 -0.0262361 0.00114367
v -0.206534 -0.026277 0.00111139
v -0.20655 -0.0263139 0.00107568
v -0.206568 -0.0263465 0.00103695
v -0.206589 -0.0263744 0.000995656
v -0.206611 -0.0263972 0.000952264
v -0.206634 -0.0264147 0.000907281
v -0.206659 -0.0264267 0.000861227
v -0.206775 -0.0259789 0.00142705
v -0.207007 -0.0260141 0.00161736
v -0.207028 -0.0260174 0.00163501
v -0.207228 -0.0260478 0.00183969
v -0.207257 -0.0260521 0.0018689
v -0.207425 -0.0260777 0.00208387
v -0.207458 -0.0260827 0.00212578
v -0.207596 -0.0261036 0.00234722
v -0.20763 -0.0261089 0.00240255
v -0.207738 -0.0261252 0.00262689
v -0.207771 -0.0261302 0.00269588
v -0.20785 -0.0261422 0.00291982
v -0.207879 -0.0261467 0.00300233
v -0.207931 -0.0261545 0.00322284
v -0.207953 -0.026158 0.00331836
v -0.207977 -0.0261616 0.00347883
v -0.207983 -0.0261624 0.00353223
v -0.207993 -0.026164 0.00364034
v -0.206772 -0.0260319 0.00142146
v -0.206773 -0.0260843 0.00141136
v -0.206777 -0.0261355 0.00139684
v -0.206784 -0.0261849 0.00137807
v -0.206795 -0.0262319 0.00135528
v -0.206808 -0.0262761 0.00132871
v -0.206825 -0.0263169 0.00129868
v -0.206845 -0.0263538 0.00126552
v -0.206867 -0.0263865 0.00122961
v -0.206891 -0.0264145 0.00119135
v -0.206918 -0.0264376 0.0011512
v -0.206946 -0.0264554 0.00110959
v -0.206975 -0.0264679 0.00106701
v -0.207026 -0.02607 0.00162953
v -0.207028 -0.0261221 0.00161998
v -0.207034 -0.026173 0.00160646
v -0.207043 -0.0262221 0.00158914
v -0.207057 -0.0262689 0.00156819
v -0.207073 -0.0263129 0.00154386
v -0.207093 -0.0263536 0.00151642
v -0.207116 -0.0263905 0.00148618
v -0.207142 -0.0264233 0.00145347
v -0.20717 -0.0264515 0.00141867
v -0.2072 -0.0264748 0.00138216
v -0.207233 -0.026493 0.00134436
v -0.207267 -0.0265058 0.00130568
v -0.207256 -0.0261045 0.00186369
v -0.207259 -0.0261562 0.0018549
v -0.207266 -0.0262068 0.00184262
v -0.207278 -0.0262557 0.00182699
v -0.207293 -0.0263023 0.00180817
v -0.207312 -0.0263462 0.00178637
v -0.207335 -0.0263868 0.00176185
v -0.207361 -0.0264237 0.00173486
v -0.20739 -0.0264565 0.0017057
v -0.207422 -0.0264849 0.00167471
v -0.207456 -0.0265084 0.00164222
v -0.207492 -0.0265269 0.0016086
v -0.207529 -0.0265401 0.0015742
v -0.207458 -0.0261348 0.00212103
v -0.207463 -0.0261863 0.0021132
v -0.207471 -0.0262367 0.00210236
v -0.207485 -0.0262854 0.00208865
v -0.207502 -0.0263318 0.00207221
v -0.207524 -0.0263756 0.00205322
v -0.207549 -0.0264161 0.00203189
v -0.207577 -0.026453 0.00200844
v -0.207609 -0.0264859 0.00198315
v -0.207644 -0.0265143 0.00195628
v -0.207681 -0.026538 0.00192814
v -0.20772 -0.0265568 0.00189901
v -0.207761 -0.0265703 0.00186924
v -0.207631 -0.0261607 0.0023984
v -0.207636 -0.026212 0.00239169
v -0.207647 -0.0262622 0.0023825
v -0.207661 -0.0263107 0.00237091
v -0.207681 -0.026357 0.00235707
v -0.207704 -0.0264007 0.00234111
v -0.207731 -0.0264411 0.00232322
v -0.207762 -0.026478 0.00230358
v -0.207797 -0.0265109 0.00228241
v -0.207834 -0.0265395 0.00225993
v -0.207874 -0.0265633 0.0022364
v -0.207916 -0.0265823 0.00221206
v -0.207959 -0.0265961 0.00218717
v -0.207772 -0.0261819 0.00269247
v -0.207779 -0.026233 0.00268704
v -0.20779 -0.0262831 0.00267964
v -0.207806 -0.0263314 0.00267036
v -0.207827 -0.0263776 0.0026593
v -0.207852 -0.0264212 0.00264658
v -0.207881 -0.0264616 0.00263232
v -0.207914 -0.0264985 0.0026167
v -0.20795 -0.0265314 0.00259986
v -0.207989 -0.0265601 0.002582
v -0.208031 -0.0265841 0.0025633
v -0.208075 -0.0266032 0.00254397
v -0.208121 -0.0266172 0.00252421
v -0.207881 -0.0261982 0.00299977
v -0.207888 -0.0262492 0.00299574
v -0.2079 -0.0262991 0.00299028
v -0.207917 -0.0263474 0.00298344
v -0.207939 -0.0263935 0.00297531
v -0.207965 -0.026437 0.00296597
v -0.207996 -0.0264774 0.00295552
v -0.20803 -0.0265142 0.00294407
v -0.208068 -0.0265472 0.00293174
v -0.208109 -0.0265759 0.00291866
v -0.208152 -0.0266 0.00290498
v -0.208198 -0.0266192 0.00289083
v -0.208246 -0.0266335 0.00287638
v -0.207956 -0.0262094 0.00331674
v -0.207963 -0.0262603 0.0033142
v -0.207976 -0.0263101 0.00331076
v -0.207994 -0.0263583 0.00330648
v -0.208016 -0.0264044 0.00330139
v -0.208043 -0.0264478 0.00329555
v -0.208075 -0.0264882 0.00328901
v -0.20811 -0.0265251 0.00328185
v -0.208149 -0.026558 0.00327415
v -0.208191 -0.0265867 0.00326598
v -0.208235 -0.0266109 0.00325744
v -0.208282 -0.0266303 0.00324861
v -0.208331 -0.0266446 0.00323959
v -0.20798 -0.026213 0.00347769
v -0.207988 -0.0262639 0.00347592
v -0.208001 -0.0263137 0.00347353
v -0.208019 -0.0263619 0.00347054
v -0.208041 -0.0264079 0.003467
v -0.208069 -0.0264513 0.00346293
v -0.2081 -0.0264917 0.00345839
v -0.208136 -0.0265286 0.00345341
v -0.208175 -0.0265615 0.00344805
v -0.208218 -0.0265903 0.00344237
v -0.208263 -0.0266145 0.00343643
v -0.20831 -0.0266338 0.00343029
v -0.208359 -0.0266482 0.00342402
v -0.207996 -0.0262154 0.0036397
v -0.208003 -0.0262662 0.00363871
v -0.208016 -0.026316 0.00363737
v -0.208035 -0.0263641 0.0036357
v -0.208057 -0.0264102 0.00363371
v -0.208085 -0.0264536 0.00363143
v -0.208117 -0.026494 0.00362889
v -0.208153 -0.0265308 0.0036261
v -0.208192 -0.0265638 0.00362311
v -0.208235 -0.0265925 0.00361993
v -0.20828 -0.0266167 0.0036166
v -0.208327 -0.0266361 0.00361317
v -0.208377 -0.0266505 0.00360966
v -0.207984 -0.022 0.00353214
v -0.207934 -0.022 0.00322199
v -0.207853 -0.022 0.00291867
v -0.207741 -0.022 0.00262551
v -0.207598 -0.022 0.00234572
v -0.207427 -0.022 0.00208237
v -0.207229 -0.022 0.00183833
v -0.207007 -0.022 0.00161629
v -0.206763 -0.022 0.00141867
v -0.2065 -0.022 0.00124765
v -0.200212 -0.0255885 -0.00287749
v -0.200205 -0.0255859 -0.0028653
v -0.200193 -0.0255813 -0.00284335
v -0.200175 -0.0255711 -0.00280963
v -0.200157 -0.0255579 -0.00277656
v -0.20018 -0.025574 -0.00281926
v -0.200156 -0.0255567 -0.00277426
v -0.200141 -0.0255418 -0.00274433
v -0.200134 -0.0255337 -0.00273097
v -0.200125 -0.0255229 -0.00271316
v -0.200111 -0.0255013 -0.00268324
v -0.200098 -0.0254772 -0.00265475
v -0.200114 -0.0255059 -0.00268965
v -0.200096 -0.0254734 -0.00265091
v -0.200085 -0.0254507 -0.00262788
v -0.20008 -0.0254363 -0.00261533
v -0.200075 -0.0254219 -0.00260279
v -0.200067 -0.0253955 -0.00258294
v -0.200065 -0.0253912 -0.00257964
v -0.200057 -0.0253585 -0.00255858
v -0.200056 -0.0253512 -0.00255454
v -0.200051 -0.0253243 -0.00253973
v -0.200048 -0.0253039 -0.0025303
v -0.200046 -0.0252886 -0.00252323
v -0.200043 -0.0252543 -0.00251017
v -0.200043 -0.0252517 -0.00250916
v -0.200041 -0.0252138 -0.00249763
v -0.200041 -0.0252028 -0.00249508
v -0.200041 -0.0251752 -0.0024887
v -0.200042 -0.0251501 -0.00248466
v -0.200042 -0.0251361 -0.00248242
v -0.200046 -0.0250968 -0.00247884
v -0.198364 -0.0247905 -0.00344991
v -0.196747 -0.0243273 -0.00438314
v -0.195211 -0.0237155 -0.00527021
v -0.194588 -0.0237383 -0.00642556
v -0.194555 -0.0237545 -0.00638481
v -0.194525 -0.0237654 -0.00634146
v -0.194495 -0.0237711 -0.00629601
v -0.194468 -0.0237715 -0.006249
v -0.194443 -0.0237664 -0.00620098
v -0.19442 -0.0237561 -0.00615254
v -0.194401 -0.0237406 -0.00610423
v -0.194384 -0.0237202 -0.00605663
v -0.194371 -0.0236949 -0.00601031
v -0.194361 -0.0236652 -0.0059658
v -0.194355 -0.0236315 -0.00592364
v -0.194353 -0.023594 -0.00588433
v -0.194354 -0.0235533 -0.00584833
v -0.194359 -0.0235098 -0.00581606
v -0.194367 -0.023464 -0.00578792
v -0.194379 -0.0234165 -0.00576422
v -0.194394 -0.0233679 -0.00574525
v -0.194412 -0.0233186 -0.00573124
v -0.198531 -0.0252663 -0.00393274
v -0.198508 -0.025279 -0.00389883
v -0.198487 -0.0252738 -0.00386056
v -0.198468 -0.0252649 -0.00382247
v -0.198449 -0.0252523 -0.00378484
v -0.198431 -0.0252361 -0.00374797
v -0.198415 -0.0252165 -0.00371214
v -0.198401 -0.0251936 -0.00367762
v -0.198388 -0.0251676 -0.00364469
v -0.198377 -0.0251387 -0.00361359
v -0.198367 -0.0251071 -0.00358457
v -0.19836 -0.0250731 -0.00355785
v -0.198354 -0.0250369 -0.00353364
v -0.198351 -0.0249988 -0.00351212
v -0.198349 -0.0249591 -0.00349345
v -0.19835 -0.0249181 -0.00347779
v -0.198352 -0.0248761 -0.00346525
v -0.198357 -0.0248335 -0.00345593
v -0.196916 -0.0248007 -0.00495496
v -0.196891 -0.0248058 -0.00491436
v -0.196867 -0.0248065 -0.00487285
v -0.196844 -0.0248028 -0.00483082
v -0.196822 -0.0247947 -0.00478866
v -0.196802 -0.0247823 -0.00474675
v -0.196784 -0.0247657 -0.00470548
v -0.196768 -0.024745 -0.00466523
v -0.196754 -0.0247205 -0.00462638
v -0.196742 -0.0246923 -0.00458928
v -0.196732 -0.0246608 -0.00455427
v -0.196725 -0.0246262 -0.00452168
v -0.196721 -0.0245888 -0.00449182
v -0.196719 -0.024549 -0.00446495
v -0.196719 -0.0245072 -0.00444132
v -0.196723 -0.0244637 -0.00442116
v -0.196728 -0.0244189 -0.00440464
v -0.196737 -0.0243733 -0.00439193
v -0.195385 -0.0241462 -0.00591441
v -0.195354 -0.0241706 -0.00588071
v -0.195326 -0.0241778 -0.00583752
v -0.195299 -0.02418 -0.00579287
v -0.195274 -0.0241772 -0.00574725
v -0.195251 -0.0241693 -0.00570114
v -0.19523 -0.0241565 -0.00565507
v -0.195212 -0.0241389 -0.00560951
v -0.195196 -0.0241168 -0.00556497
v -0.195184 -0.0240902 -0.00552194
v -0.195174 -0.0240596 -0.00548087
v -0.195168 -0.0240253 -0.00544222
v -0.195164 -0.0239875 -0.00540641
v -0.195164 -0.0239469 -0.00537382
v -0.195167 -0.0239037 -0.00534481
v -0.195174 -0.0238585 -0.00531969
v -0.195183 -0.0238117 -0.00529874
v -0.195195 -0.0237638 -0.00528219
v -0.189708 -0.0210785 -0.00929928
v -0.189675 -0.0210996 -0.00926163
v -0.189643 -0.0211157 -0.00922088
v -0.189612 -0.0211267 -0.00917752
v -0.189583 -0.0211324 -0.00913207
v -0.189556 -0.0211327 -0.00908506
v -0.189531 -0.0211277 -0.00903705
v -0.189508 -0.0211174 -0.0089886
v -0.189489 -0.0211019 -0.00894029
v -0.189472 -0.0210814 -0.0088927
v -0.189459 -0.0210562 -0.00884637
v -0.189449 -0.0210265 -0.00880187
v -0.189443 -0.0209927 -0.00875971
v -0.18944 -0.0209553 -0.0087204
v -0.189442 -0.0209145 -0.0086844
v -0.189446 -0.020871 -0.00865213
v -0.189455 -0.0208252 -0.00862398
v -0.189466 -0.0207778 -0.00860029
v -0.189482 -0.0207291 -0.00858132
v -0.1895 -0.0206799 -0.00856731
v -0.18842 0.0193207 -0.0114615
v -0.188458 0.0193245 -0.0114643
v -0.188381 0.0193144 -0.0114568
v -0.188406 0.0193184 -0.0114598
v -0.188354 0.0193083 -0.0114522
v -0.188344 0.0193058 -0.0114503
v -0.188307 0.0192949 -0.0114421
v -0.188271 0.0192817 -0.0114322
v -0.188304 0.0192939 -0.0114414
v -0.188237 0.0192663 -0.0114207
v -0.188257 0.0192751 -0.0114273
v -0.188212 0.0192525 -0.0114104
v -0.188205 0.0192488 -0.0114076
v -0.188174 0.0192293 -0.011393
v -0.188146 0.019208 -0.011377
v -0.18817 0.0192263 -0.0113907
v -0.188119 0.019185 -0.0113597
v -0.188132 0.0191965 -0.0113684
v -0.188098 0.0191639 -0.0113439
v -0.188095 0.0191604 -0.0113412
v -0.188073 0.0191343 -0.0113217
v -0.188054 0.019107 -0.0113012
v -0.188069 0.0191284 -0.0113173
v -0.188038 0.0190785 -0.0112799
v -0.188045 0.0190907 -0.011289
v -0.188025 0.0190512 -0.0112594
v -0.188024 0.0190491 -0.0112578
v -0.188014 0.019019 -0.0112352
v -0.188006 0.0189883 -0.0112122
v -0.188012 0.0190102 -0.0112286
v -0.188002 0.0189572 -0.0111888
v -0.188003 0.0189683 -0.0111972
v -0.188 0.0189259 -0.0111654
v -0.188464 0.019453 -0.0112938
v -0.188018 0.0191233 -0.010852
v -0.188028 0.0191837 -0.0107568
v -0.188482 0.0195823 -0.0111238
v -0.188511 0.0197114 -0.0109557
v -0.188063 0.0193128 -0.010555
v -0.188551 0.0198393 -0.0107907
v -0.188111 0.0194407 -0.0103571
v -0.188066 0.0193214 -0.0105418
v -0.188602 0.019965 -0.0106302
v -0.188148 0.0195179 -0.0102388
v -0.188172 0.0195664 -0.0101644
v -0.188663 0.0200876 -0.0104752
v -0.188245 0.019689 -0.00997835
v -0.188732 0.0202064 -0.0103266
v -0.188329 0.0198077 -0.00980004
v -0.18826 0.0197108 -0.00994559
v -0.188811 0.0203205 -0.0101852
v -0.188403 0.019898 -0.00966589
v -0.188422 0.0199219 -0.0096304
v -0.188896 0.0204296 -0.0100516
v -0.188525 0.020031 -0.00947012
v -0.188988 0.0205332 -0.00992629
v -0.188635 0.0201345 -0.00931971
v -0.188574 0.0200773 -0.00940287
v -0.189085 0.0206309 -0.00980941
v -0.188751 0.0202323 -0.00917946
v -0.189186 0.0207227 -0.00970112
v -0.188873 0.0203241 -0.00904951
v -0.188771 0.0202471 -0.00915848
v -0.189291 0.0208085 -0.00960138
v -0.188993 0.0204053 -0.00893613
v -0.188999 0.0204099 -0.00892982
v -0.189399 0.0208882 -0.00951008
v -0.189129 0.0204896 -0.00882026
v -0.18951 0.020962 -0.00942702
v -0.189237 0.0205498 -0.00873888
v -0.189261 0.0205634 -0.00872059
v -0.188007 0.0190544 -0.0109608
v -0.188424 0.0194503 -0.0112891
v -0.188385 0.0194451 -0.0112825
v -0.188347 0.0194374 -0.011274
v -0.188309 0.0194272 -0.0112637
v -0.188273 0.0194146 -0.0112517
v -0.188238 0.0193996 -0.011238
v -0.188205 0.0193824 -0.0112227
v -0.188174 0.0193631 -0.011206
v -0.188145 0.0193418 -0.0111879
v -0.188119 0.0193187 -0.0111685
v -0.188094 0.0192938 -0.011148
v -0.188073 0.0192674 -0.0111266
v -0.188054 0.0192396 -0.0111043
v -0.188039 0.0192106 -0.0110812
v -0.188026 0.0191806 -0.0110576
v -0.188017 0.0191497 -0.0110336
v -0.18801 0.0191183 -0.0110094
v -0.188007 0.0190864 -0.0109851
v -0.188441 0.0195809 -0.0111172
v -0.188401 0.0195768 -0.0111085
v -0.188362 0.01957 -0.0110979
v -0.188323 0.0195606 -0.0110855
v -0.188286 0.0195486 -0.0110712
v -0.188251 0.0195342 -0.0110553
v -0.188218 0.0195173 -0.0110378
v -0.188186 0.0194981 -0.0110189
v -0.188157 0.0194768 -0.0109986
v -0.188131 0.0194535 -0.0109772
v -0.188107 0.0194284 -0.0109547
v -0.188086 0.0194016 -0.0109313
v -0.188068 0.0193733 -0.0109072
v -0.188053 0.0193437 -0.0108826
v -0.188041 0.0193131 -0.0108575
v -0.188033 0.0192815 -0.0108322
v -0.188028 0.0192493 -0.0108069
v -0.188026 0.0192166 -0.0107817
v -0.188469 0.0197114 -0.010947
v -0.188428 0.0197084 -0.0109363
v -0.188388 0.0197027 -0.0109235
v -0.18835 0.0196941 -0.0109088
v -0.188312 0.0196828 -0.0108923
v -0.188277 0.0196688 -0.0108741
v -0.188243 0.0196522 -0.0108544
v -0.188211 0.0196333 -0.0108332
v -0.188182 0.019612 -0.0108107
v -0.188156 0.0195886 -0.0107872
v -0.188133 0.0195632 -0.0107627
v -0.188112 0.019536 -0.0107375
v -0.188095 0.0195071 -0.0107116
v -0.188081 0.0194769 -0.0106854
v -0.18807 0.0194456 -0.010659
v -0.188063 0.0194132 -0.0106325
v -0.188059 0.0193801 -0.0106063
v -0.188059 0.0193466 -0.0105804
v -0.188509 0.0198406 -0.01078
v -0.188467 0.0198389 -0.0107671
v -0.188427 0.0198342 -0.010752
v -0.188388 0.0198265 -0.0107351
v -0.18835 0.0198159 -0.0107162
v -0.188314 0.0198025 -0.0106957
v -0.18828 0.0197863 -0.0106737
v -0.188249 0.0197675 -0.0106503
v -0.18822 0.0197463 -0.0106256
v -0.188194 0.0197227 -0.0106
v -0.188171 0.019697 -0.0105735
v -0.188151 0.0196694 -0.0105465
v -0.188135 0.01964 -0.010519
v -0.188122 0.0196092 -0.0104913
v -0.188112 0.019577 -0.0104636
v -0.188106 0.0195439 -0.0104361
v -0.188104 0.0195099 -0.0104091
v -0.188106 0.0194754 -0.0103827
v -0.188559 0.0199678 -0.0106173
v -0.188517 0.0199674 -0.0106021
v -0.188477 0.0199637 -0.0105848
v -0.188437 0.019957 -0.0105655
v -0.188399 0.0199471 -0.0105444
v -0.188363 0.0199343 -0.0105215
v -0.188329 0.0199185 -0.0104971
v -0.188298 0.0198999 -0.0104714
v -0.18827 0.0198787 -0.0104446
v -0.188244 0.019855 -0.0104169
v -0.188222 0.019829 -0.0103886
v -0.188203 0.0198009 -0.0103597
v -0.188187 0.019771 -0.0103307
v -0.188175 0.0197394 -0.0103016
v -0.188167 0.0197065 -0.0102728
v -0.188162 0.0196725 -0.0102445
v -0.188162 0.0196376 -0.0102168
v -0.188165 0.0196021 -0.01019
v -0.18862 0.0200919 -0.0104601
v -0.188578 0.0200928 -0.0104427
v -0.188537 0.0200903 -0.010423
v -0.188497 0.0200845 -0.0104013
v -0.188459 0.0200755 -0.0103778
v -0.188423 0.0200632 -0.0103526
v -0.18839 0.0200478 -0.0103259
v -0.188359 0.0200294 -0.0102979
v -0.188331 0.0200082 -0.010269
v -0.188306 0.0199844 -0.0102393
v -0.188284 0.0199581 -0.010209
v -0.188266 0.0199296 -0.0101785
v -0.188251 0.019899 -0.010148
v -0.18824 0.0198668 -0.0101177
v -0.188233 0.019833 -0.0100879
v -0.18823 0.0197981 -0.0100588
v -0.188231 0.0197622 -0.0100307
v -0.188236 0.0197258 -0.0100038
v -0.18869 0.0202121 -0.0103093
v -0.188647 0.0202144 -0.0102896
v -0.188606 0.0202131 -0.0102676
v -0.188567 0.0202084 -0.0102435
v -0.188529 0.0202001 -0.0102176
v -0.188493 0.0201884 -0.01019
v -0.18846 0.0201735 -0.010161
v -0.18843 0.0201553 -0.0101308
v -0.188402 0.0201342 -0.0100998
v -0.188378 0.0201102 -0.0100681
v -0.188357 0.0200836 -0.0100361
v -0.18834 0.0200546 -0.010004
v -0.188326 0.0200234 -0.00997205
v -0.188317 0.0199904 -0.00994064
v -0.188311 0.0199558 -0.00990997
v -0.188309 0.01992 -0.00988033
v -0.188312 0.0198831 -0.00985197
v -0.188318 0.0198456 -0.00982513
v -0.188768 0.0203279 -0.0101657
v -0.188726 0.0203315 -0.0101437
v -0.188685 0.0203315 -0.0101193
v -0.188646 0.0203277 -0.0100929
v -0.188608 0.0203203 -0.0100645
v -0.188573 0.0203093 -0.0100346
v -0.18854 0.0202948 -0.0100033
v -0.18851 0.0202769 -0.00997095
v -0.188483 0.0202558 -0.00993784
v -0.18846 0.0202317 -0.00990426
v -0.18844 0.0202047 -0.00987052
v -0.188424 0.0201753 -0.00983693
v -0.188411 0.0201435 -0.00980378
v -0.188403 0.0201097 -0.00977137
v -0.188399 0.0200742 -0.00974
v -0.188399 0.0200374 -0.00970996
v -0.188403 0.0199995 -0.00968151
v -0.18841 0.0199609 -0.00965491
v -0.188853 0.0204385 -0.0100299
v -0.188812 0.0204436 -0.0100056
v -0.188771 0.0204448 -0.00997885
v -0.188732 0.0204421 -0.00995001
v -0.188696 0.0204356 -0.00991931
v -0.188661 0.0204252 -0.00988705
v -0.188629 0.0204112 -0.00985352
v -0.1886 0.0203935 -0.00981904
v -0.188574 0.0203725 -0.00978393
v -0.188551 0.0203482 -0.00974854
v -0.188532 0.020321 -0.00971318
v -0.188517 0.020291 -0.00967819
v -0.188506 0.0202586 -0.0096439
v -0.188499 0.020224 -0.00961064
v -0.188496 0.0201876 -0.00957871
v -0.188497 0.0201498 -0.00954842
v -0.188502 0.0201108 -0.00952005
v -0.188511 0.0200711 -0.00949387
v -0.188946 0.0205437 -0.00990234
v -0.188905 0.0205502 -0.00987571
v -0.188865 0.0205527 -0.00984666
v -0.188826 0.0205511 -0.00981546
v -0.18879 0.0205454 -0.00978243
v -0.188756 0.0205358 -0.00974788
v -0.188725 0.0205222 -0.00971215
v -0.188697 0.0205048 -0.0096756
v -0.188672 0.0204838 -0.00963858
v -0.18865 0.0204594 -0.00960144
v -0.188632 0.0204318 -0.00956456
v -0.188618 0.0204013 -0.0095283
v -0.188608 0.0203683 -0.00949299
v -0.188602 0.0203329 -0.009459
v -0.1886 0.0202956 -0.00942666
v -0.188603 0.0202567 -0.00939627
v -0.18861 0.0202167 -0.00936814
v -0.18862 0.0201758 -0.00934253
v -0.189043 0.0206431 -0.00978327
v -0.189003 0.0206511 -0.00975438
v -0.188964 0.0206548 -0.00972301
v -0.188927 0.0206543 -0.0096895
v -0.188891 0.0206496 -0.00965418
v -0.188858 0.0206406 -0.00961741
v -0.188828 0.0206274 -0.00957955
v -0.1888 0.0206103 -0.009541
v -0.188776 0.0205894 -0.00950214
v -0.188756 0.0205649 -0.00946336
v -0.188739 0.020537 -0.00942506
v -0.188726 0.020506 -0.00938762
v -0.188717 0.0204723 -0.00935142
v -0.188713 0.0204361 -0.00931683
v -0.188712 0.0203979 -0.0092842
v -0.188716 0.020358 -0.00925385
v -0.188724 0.0203168 -0.0092261
v -0.188736 0.0202748 -0.00920122
v -0.189146 0.0207365 -0.00967282
v -0.189107 0.0207459 -0.0096417
v -0.189068 0.020751 -0.00960807
v -0.189032 0.0207516 -0.0095723
v -0.188998 0.0207477 -0.00953475
v -0.188966 0.0207394 -0.00949582
v -0.188936 0.0207268 -0.00945591
v -0.18891 0.02071 -0.00941543
v -0.188887 0.0206891 -0.00937482
v -0.188868 0.0206644 -0.0093345
v -0.188852 0.0206362 -0.00929488
v -0.18884 0.0206047 -0.00925638
v -0.188833 0.0205703 -0.0092194
v -0.188829 0.0205333 -0.00918433
v -0.18883 0.0204942 -0.00915153
v -0.188835 0.0204532 -0.00912135
v -0.188844 0.0204109 -0.00909411
v -0.188856 0.0203678 -0.00907007
v -0.189252 0.0208238 -0.00957098
v -0.189214 0.0208347 -0.00953768
v -0.189177 0.0208411 -0.00950186
v -0.189142 0.0208428 -0.00946389
v -0.189109 0.0208398 -0.00942419
v -0.189078 0.0208322 -0.00938317
v -0.18905 0.0208201 -0.00934129
v -0.189025 0.0208035 -0.00929898
v -0.189003 0.0207827 -0.00925672
v -0.188985 0.0207579 -0.00921494
v -0.18897 0.0207294 -0.00917411
v -0.18896 0.0206974 -0.00913466
v -0.188953 0.0206623 -0.00909701
v -0.188951 0.0206245 -0.00906157
v -0.188953 0.0205844 -0.00902873
v -0.188958 0.0205425 -0.00899882
v -0.188968 0.0204991 -0.00897219
v -0.188982 0.0204547 -0.0089491
v -0.189362 0.0209051 -0.00947764
v -0.189325 0.0209175 -0.00944225
v -0.189289 0.0209251 -0.0094043
v -0.189255 0.0209278 -0.00936421
v -0.189223 0.0209258 -0.00932243
v -0.189194 0.0209189 -0.00927942
v -0.189167 0.0209072 -0.00923566
v -0.189143 0.020891 -0.00919162
v -0.189123 0.0208703 -0.0091478
v -0.189106 0.0208453 -0.00910467
v -0.189093 0.0208165 -0.00906273
v -0.189084 0.020784 -0.00902243
v -0.189078 0.0207483 -0.00898421
v -0.189077 0.0207097 -0.00894851
v -0.189079 0.0206687 -0.00891571
v -0.189086 0.0206257 -0.00888618
v -0.189097 0.0205811 -0.00886024
v -0.189111 0.0205356 -0.00883819
v -0.189473 0.0209805 -0.00939262
v -0.189438 0.0209942 -0.00935521
v -0.189404 0.021003 -0.00931522
v -0.189372 0.0210069 -0.00927311
v -0.189341 0.0210057 -0.00922935
v -0.189313 0.0209995 -0.00918444
v -0.189288 0.0209883 -0.00913889
v -0.189266 0.0209723 -0.00909322
v -0.189247 0.0209517 -0.00904794
v -0.189231 0.0209267 -0.00900357
v -0.189219 0.0208975 -0.00896062
v -0.189211 0.0208646 -0.00891957
v -0.189206 0.0208282 -0.00888088
v -0.189206 0.0207888 -0.008845
v -0.18921 0.0207469 -0.00881233
v -0.189217 0.0207029 -0.00878325
v -0.189228 0.0206572 -0.00875809
v -0.189243 0.0206106 -0.00873712
v -0.188 0.0184291 -0.0118278
v -0.188002 0.0184687 -0.0118575
v -0.188003 0.0184715 -0.0118596
v -0.18801 0.0185079 -0.0118869
v -0.188012 0.0185134 -0.011891
v -0.188026 0.0185543 -0.0119217
v -0.188022 0.0185463 -0.0119157
v -0.188039 0.0185836 -0.0119437
v -0.188045 0.0185939 -0.0119514
v -0.18806 0.0186194 -0.0119705
v -0.188069 0.0186315 -0.0119796
v -0.188099 0.0186669 -0.0120061
v -0.188086 0.0186533 -0.0119959
v -0.188133 0.0186996 -0.0120307
v -0.188116 0.018685 -0.0120197
v -0.188149 0.0187142 -0.0120416
v -0.18817 0.0187293 -0.0120529
v -0.188186 0.0187406 -0.0120614
v -0.188212 0.0187556 -0.0120726
v -0.188257 0.0187782 -0.0120896
v -0.188226 0.0187639 -0.0120789
v -0.188269 0.0187839 -0.0120939
v -0.188305 0.0187969 -0.0121036
v -0.188314 0.0188004 -0.0121063
v -0.188354 0.0188115 -0.0121146
v -0.188361 0.0188133 -0.012116
v -0.188406 0.0188218 -0.0121223
v -0.188409 0.0188225 -0.0121228
v -0.188 0.0180765 -0.0122517
v -0.188 0.0176902 -0.0126317
v -0.188 0.0172717 -0.0129692
v -0.188 0.0169535 -0.0131845
v -0.188 0.0164747 -0.013452
v -0.188 0.0159794 -0.0136674
v -0.188 0.0154683 -0.0138322
v -0.188 0.0152512 -0.0138859
v -0.188 0.0147181 -0.0139789
v -0.188 0.0141824 -0.0140187
v -0.188 0.0140449 -0.0140204
v -0.188003 0.0140449 -0.0140713
v -0.18801 0.0140449 -0.0141216
v -0.188023 0.0140449 -0.0141709
v -0.188041 0.0140449 -0.0142187
v -0.188064 0.0140449 -0.0142644
v -0.188091 0.0140449 -0.0143075
v -0.188122 0.0140449 -0.0143477
v -0.188157 0.0140449 -0.0143845
v -0.188196 0.0140449 -0.0144174
v -0.188238 0.0140449 -0.0144463
v -0.188283 0.0140449 -0.0144707
v -0.18833 0.0140449 -0.0144905
v -0.188378 0.0140449 -0.0145054
v -0.188428 0.0140449 -0.0145153
v -0.188002 0.0181129 -0.0122852
v -0.18801 0.0181489 -0.0123184
v -0.188022 0.0181843 -0.0123509
v -0.188039 0.0182186 -0.0123825
v -0.18806 0.0182515 -0.0124128
v -0.188086 0.0182826 -0.0124415
v -0.188116 0.0183118 -0.0124683
v -0.188149 0.0183386 -0.012493
v -0.188186 0.0183628 -0.0125153
v -0.188226 0.0183843 -0.0125351
v -0.188269 0.0184027 -0.0125521
v -0.188314 0.0184179 -0.0125661
v -0.188361 0.0184298 -0.012577
v -0.188409 0.0184382 -0.0125847
v -0.188002 0.0177231 -0.0126686
v -0.18801 0.0177557 -0.0127053
v -0.188022 0.0177877 -0.0127412
v -0.188039 0.0178187 -0.012776
v -0.18806 0.0178485 -0.0128094
v -0.188086 0.0178767 -0.012841
v -0.188116 0.0179031 -0.0128706
v -0.188149 0.0179273 -0.0128978
v -0.188186 0.0179493 -0.0129224
v -0.188227 0.0179686 -0.0129442
v -0.188269 0.0179853 -0.0129629
v -0.188314 0.017999 -0.0129783
v -0.188361 0.0180098 -0.0129903
v -0.18841 0.0180173 -0.0129988
v -0.188002 0.0173009 -0.0130093
v -0.18801 0.0173298 -0.013049
v -0.188022 0.0173582 -0.0130879
v -0.188039 0.0173857 -0.0131256
v -0.18806 0.017412 -0.0131618
v -0.188086 0.017437 -0.0131961
v -0.188116 0.0174604 -0.0132281
v -0.18815 0.0174819 -0.0132576
v -0.188187 0.0175013 -0.0132843
v -0.188227 0.0175185 -0.0133078
v -0.18827 0.0175332 -0.013328
v -0.188315 0.0175453 -0.0133447
v -0.188362 0.0175548 -0.0133577
v -0.188411 0.0175614 -0.0133668
v -0.188002 0.0169798 -0.0132266
v -0.18801 0.0170059 -0.0132682
v -0.188022 0.0170315 -0.0133091
v -0.188039 0.0170563 -0.0133487
v -0.188061 0.0170801 -0.0133867
v -0.188086 0.0171027 -0.0134227
v -0.188116 0.0171237 -0.0134563
v -0.18815 0.0171431 -0.0134872
v -0.188187 0.0171606 -0.0135152
v -0.188228 0.0171761 -0.0135399
v -0.188271 0.0171893 -0.013561
v -0.188316 0.0172003 -0.0135785
v -0.188363 0.0172088 -0.013592
v -0.188411 0.0172147 -0.0136015
v -0.188002 0.0164968 -0.0134967
v -0.18801 0.0165186 -0.0135408
v -0.188022 0.0165401 -0.0135841
v -0.188039 0.0165609 -0.0136261
v -0.188061 0.0165808 -0.0136664
v -0.188087 0.0165996 -0.0137045
v -0.188117 0.0166173 -0.0137401
v -0.188151 0.0166335 -0.0137729
v -0.188188 0.0166481 -0.0138025
v -0.188229 0.016661 -0.0138285
v -0.188272 0.0166721 -0.0138509
v -0.188317 0.0166811 -0.0138692
v -0.188365 0.0166882 -0.0138834
v -0.188413 0.0166931 -0.0138934
v -0.188003 0.0159971 -0.0137142
v -0.18801 0.0160145 -0.0137604
v -0.188022 0.0160317 -0.0138058
v -0.18804 0.0160482 -0.0138498
v -0.188061 0.0160642 -0.0138919
v -0.188088 0.0160792 -0.0139318
v -0.188118 0.0160933 -0.013969
v -0.188152 0.0161062 -0.0140032
v -0.18819 0.0161178 -0.0140341
v -0.18823 0.0161281 -0.0140613
v -0.188274 0.0161369 -0.0140845
v -0.188319 0.0161441 -0.0141036
v -0.188367 0.0161496 -0.0141183
v -0.188416 0.0161535 -0.0141285
v -0.188003 0.0154813 -0.0138807
v -0.18801 0.0154942 -0.0139286
v -0.188023 0.0155069 -0.0139756
v -0.18804 0.0155191 -0.0140211
v -0.188062 0.0155309 -0.0140648
v -0.188088 0.015542 -0.0141061
v -0.188119 0.0155523 -0.0141446
v -0.188153 0.0155618 -0.01418
v -0.188191 0.0155704 -0.0142118
v -0.188232 0.015578 -0.0142398
v -0.188276 0.0155844 -0.0142637
v -0.188322 0.0155897 -0.0142833
v -0.188369 0.0155937 -0.0142983
v -0.188419 0.0155965 -0.0143086
v -0.188003 0.0152622 -0.0139349
v -0.18801 0.0152732 -0.0139835
v -0.188023 0.0152839 -0.014031
v -0.18804 0.0152943 -0.0140771
v -0.188062 0.0153043 -0.0141213
v -0.188089 0.0153137 -0.014163
v -0.188119 0.0153225 -0.014202
v -0.188154 0.0153306 -0.0142377
v -0.188192 0.0153378 -0.0142699
v -0.188233 0.0153442 -0.0142982
v -0.188277 0.0153497 -0.0143223
v -0.188323 0.0153541 -0.014342
v -0.188371 0.0153575 -0.014357
v -0.18842 0.0153598 -0.0143673
v -0.188003 0.0147243 -0.014029
v -0.18801 0.0147305 -0.0140786
v -0.188023 0.0147365 -0.0141272
v -0.18804 0.0147423 -0.0141743
v -0.188063 0.0147479 -0.0142194
v -0.188089 0.0147532 -0.014262
v -0.18812 0.0147581 -0.0143017
v -0.188155 0.0147626 -0.0143382
v -0.188194 0.0147667 -0.0143709
v -0.188235 0.0147703 -0.0143996
v -0.188279 0.0147733 -0.0144241
v -0.188326 0.0147757 -0.0144439
v -0.188374 0.0147776 -0.014459
v -0.188423 0.0147789 -0.0144692
v -0.188003 0.0141836 -0.0140695
v -0.18801 0.0141849 -0.0141197
v -0.188023 0.0141861 -0.0141689
v -0.188041 0.0141873 -0.0142166
v -0.188063 0.0141885 -0.0142622
v -0.18809 0.0141896 -0.0143053
v -0.188122 0.0141906 -0.0143454
v -0.188157 0.0141915 -0.0143822
v -0.188196 0.0141923 -0.0144152
v -0.188237 0.014193 -0.014444
v -0.188282 0.0141937 -0.0144685
v -0.188329 0.0141942 -0.0144883
v -0.188377 0.0141945 -0.0145033
v -0.188427 0.0141948 -0.0145132
v -0.188 0.0117321 -0.0140204
v -0.188003 0.0117321 -0.0140713
v -0.18801 0.0117321 -0.0141216
v -0.188023 0.0117321 -0.0141709
v -0.188041 0.0117321 -0.0142187
v -0.188064 0.0117321 -0.0142644
v -0.188091 0.0117321 -0.0143075
v -0.188122 0.0117321 -0.0143477
v -0.188157 0.0117321 -0.0143845
v -0.188196 0.0117321 -0.0144174
v -0.188238 0.0117321 -0.0144463
v -0.188283 0.0117321 -0.0144707
v -0.18833 0.0117321 -0.0144905
v -0.188378 0.0117321 -0.0145054
v -0.188428 0.0117321 -0.0145153
v -0.188479 0.0117321 -0.01452
v -0.196663 0.0217947 -0.00443158
v -0.194697 0.0212 -0.00556667
v -0.1895 0.0189495 -0.00856731
v -0.195972 0.0216375 -0.00483052
v -0.195314 0.0214385 -0.00521033
v -0.197379 0.0219083 -0.0040181
v -0.198117 0.0219542 -0.00359239
v -0.198854 0.022 -0.00316667
v -0.189366 0.018888 -0.00864937
v -0.189237 0.0188213 -0.00873833
v -0.188993 0.018673 -0.00893595
v -0.188771 0.0185065 -0.00915799
v -0.188573 0.0183235 -0.00940203
v -0.188402 0.018126 -0.00966538
v -0.188259 0.0179161 -0.00994517
v -0.188147 0.0176963 -0.0102383
v -0.188066 0.0174688 -0.0105416
v -0.188019 0.0172359 -0.0108522
v -0.188012 0.0172 -0.0109
v -0.188003 0.0170942 -0.0110349
v -0.188 0.0169826 -0.0111654
v -0.0851458 0.022 -0.00316667
v -0.0858832 0.0219542 -0.00359239
v -0.0866205 0.0219083 -0.0040181
v -0.0873367 0.0217947 -0.00443158
v -0.0880277 0.0216375 -0.00483052
v -0.0886856 0.0214385 -0.00521033
v -0.0893027 0.0212 -0.00556667
v -0.0950074 0.018673 -0.00893595
v -0.0952294 0.0185065 -0.00915799
v -0.0955981 0.018126 -0.00966538
v -0.0957406 0.0179161 -0.00994517
v -0.0959344 0.0174688 -0.0105416
v -0.0959811 0.0172359 -0.0108522
v -0.0958532 0.0176963 -0.0102383
v -0.0954271 0.0183235 -0.00940203
v -0.0945 0.0189495 -0.00856731
v -0.0946339 0.018888 -0.00864937
v -0.0959882 0.0172 -0.0109
v -0.0947634 0.0188213 -0.00873833
v -0.188 0.0159707 -0.0119808
v -0.188 0.0156023 -0.0121651
v -0.188 0.0144114 -0.0124788
v -0.188 0.0148184 -0.0124154
v -0.188 0.0152168 -0.0123104
v -0.188 0.0163183 -0.0117597
v -0.188 0.0169362 -0.0112164
v -0.188 0.014 -0.0125
v -0.188 0.0166412 -0.011504
v -0.188 0.0117321 -0.0125
v -0.0959972 0.0170942 -0.0110349
v -0.096 0.0169826 -0.0111654
v -0.096 0.0169362 -0.0112164
v -0.096 0.0166412 -0.011504
v -0.096 0.0163183 -0.0117597
v -0.096 0.0159707 -0.0119808
v -0.096 0.0156023 -0.0121651
v -0.096 0.0152168 -0.0123104
v -0.096 0.0148184 -0.0124154
v -0.096 0.0144114 -0.0124788
v -0.096 0.014 -0.0125
v -0.0959839 0.019121 -0.0108554
v -0.0959834 0.0191233 -0.0108518
v -0.096 0.0189259 -0.0111654
v -0.0959327 0.0193213 -0.010542
v -0.0959558 0.0192503 -0.0106524
v -0.0959139 0.0193794 -0.0104517
v -0.0958527 0.019518 -0.0102385
v -0.0958585 0.0195071 -0.0102551
v -0.0957905 0.0196325 -0.0100639
v -0.0957392 0.0197108 -0.00994579
v -0.0957105 0.0197547 -0.00987955
v -0.0956196 0.0198727 -0.00970324
v -0.0955971 0.019898 -0.00966595
v -0.0955189 0.0199861 -0.00953592
v -0.0954264 0.0200775 -0.00940248
v -0.0954096 0.020094 -0.00937831
v -0.095293 0.0201963 -0.00923095
v -0.0952284 0.0202469 -0.00915893
v -0.0951702 0.0202924 -0.00909412
v -0.0950424 0.0203824 -0.00896796
v -0.0950067 0.020405 -0.00893671
v -0.0949105 0.0204661 -0.00885242
v -0.0947757 0.0205434 -0.00874732
v -0.0947631 0.02055 -0.00873865
v -0.0946386 0.0206147 -0.0086524
v -0.0945 0.0206799 -0.00856731
v -0.1895 0.00913397 -0.0125
v -0.1895 0.00913397 -0.0140725
v -0.189237 0.00930558 -0.0140634
v -0.189237 0.009305 -0.0125
v -0.189226 0.00931278 -0.014063
v -0.188993 0.00950364 -0.0140549
v -0.188993 0.00950262 -0.0125
v -0.188973 0.00952033 -0.0140542
v -0.188772 0.00972598 -0.0140472
v -0.188771 0.00972466 -0.0125
v -0.188744 0.00975414 -0.0140462
v -0.188575 0.00997018 -0.0140404
v -0.188573 0.0099687 -0.0125
v -0.188542 0.0100114 -0.0140392
v -0.188404 0.0102336 -0.0140344
v -0.188259 0.0105118 -0.0125
v -0.188402 0.0102321 -0.0125
v -0.18837 0.0102891 -0.0140332
v -0.188147 0.010805 -0.0125
v -0.188228 0.0105838 -0.0140283
v -0.188262 0.0105132 -0.0140295
v -0.188066 0.0111083 -0.0125
v -0.18812 0.0108922 -0.0140246
v -0.18815 0.0108062 -0.0140256
v -0.188016 0.0114185 -0.0125
v -0.188046 0.0112104 -0.014022
v -0.188069 0.0111092 -0.0140228
v -0.188006 0.0115349 -0.0140206
v -0.18802 0.011419 -0.0140211
v -0.189704 0.00952231 -0.0145683
v -0.189729 0.00956699 -0.014572
v -0.189501 0.009716 -0.0145625
v -0.189678 0.00947812 -0.0145593
v -0.189654 0.00943487 -0.0145451
v -0.189631 0.00939303 -0.0145258
v -0.189609 0.00935304 -0.0145017
v -0.189588 0.00931534 -0.014473
v -0.189569 0.00928032 -0.0144401
v -0.189552 0.00924836 -0.0144032
v -0.189537 0.0092198 -0.0143628
v -0.189525 0.00919495 -0.0143193
v -0.189515 0.00917406 -0.0142732
v -0.189507 0.00915736 -0.0142249
v -0.189502 0.00914504 -0.014175
v -0.1895 0.00913721 -0.014124
v -0.18929 0.00988895 -0.0145538
v -0.189099 0.0100838 -0.0145458
v -0.188931 0.0102982 -0.0145388
v -0.188787 0.0105296 -0.0145328
v -0.18867 0.0107752 -0.0145279
v -0.188579 0.0110321 -0.0145241
v -0.188517 0.0112974 -0.0145216
v -0.188485 0.0115677 -0.0145202
v -0.189441 0.00963343 -0.0145494
v -0.189412 0.00959325 -0.0145351
v -0.189384 0.00955437 -0.0145157
v -0.189358 0.0095172 -0.0144916
v -0.189334 0.00948215 -0.0144629
v -0.189311 0.00944957 -0.0144299
v -0.189291 0.00941983 -0.0143931
v -0.189273 0.00939323 -0.0143527
v -0.189258 0.00937006 -0.0143093
v -0.189245 0.00935055 -0.0142632
v -0.189236 0.00933493 -0.014215
v -0.189229 0.00932336 -0.0141653
v -0.189226 0.00931595 -0.0141144
v -0.189471 0.00967449 -0.0145586
v -0.189256 0.00985109 -0.0145497
v -0.189222 0.00981364 -0.0145404
v -0.189189 0.00977697 -0.0145259
v -0.189157 0.00974149 -0.0145065
v -0.189127 0.00970757 -0.0144822
v -0.189099 0.00967557 -0.0144535
v -0.189073 0.00964582 -0.0144205
v -0.189049 0.00961864 -0.0143837
v -0.189029 0.00959432 -0.0143434
v -0.189011 0.00957311 -0.0143
v -0.188997 0.00955523 -0.014254
v -0.188986 0.00954089 -0.0142059
v -0.188978 0.00953022 -0.0141563
v -0.188974 0.00952335 -0.0141055
v -0.189061 0.01005 -0.0145416
v -0.189023 0.0100166 -0.0145321
v -0.188987 0.00998384 -0.0145176
v -0.188951 0.00995216 -0.0144981
v -0.188918 0.00992187 -0.0144738
v -0.188886 0.00989329 -0.014445
v -0.188858 0.0098667 -0.014412
v -0.188831 0.00984241 -0.0143752
v -0.188808 0.00982065 -0.0143349
v -0.188788 0.00980167 -0.0142916
v -0.188772 0.00978565 -0.0142457
v -0.188759 0.00977277 -0.0141977
v -0.18875 0.00976316 -0.0141481
v -0.188745 0.00975693 -0.0140975
v -0.18889 0.0102688 -0.0145344
v -0.188848 0.0102398 -0.0145249
v -0.188808 0.0102114 -0.0145102
v -0.18877 0.0101839 -0.0144907
v -0.188733 0.0101575 -0.0144663
v -0.188699 0.0101327 -0.0144375
v -0.188668 0.0101096 -0.0144046
v -0.188639 0.0100885 -0.0143678
v -0.188614 0.0100695 -0.0143275
v -0.188592 0.010053 -0.0142842
v -0.188574 0.010039 -0.0142384
v -0.18856 0.0100278 -0.0141905
v -0.18855 0.0100194 -0.0141409
v -0.188544 0.0100139 -0.0140904
v -0.188743 0.010505 -0.0145283
v -0.188699 0.0104807 -0.0145187
v -0.188656 0.0104569 -0.014504
v -0.188615 0.0104338 -0.0144843
v -0.188576 0.0104118 -0.01446
v -0.188539 0.010391 -0.0144311
v -0.188505 0.0103716 -0.0143982
v -0.188474 0.0103539 -0.0143614
v -0.188447 0.010338 -0.0143211
v -0.188424 0.0103241 -0.0142779
v -0.188404 0.0103124 -0.0142321
v -0.188389 0.0103029 -0.0141842
v -0.188378 0.0102959 -0.0141348
v -0.188372 0.0102912 -0.0140843
v -0.188623 0.0107557 -0.0145233
v -0.188576 0.0107363 -0.0145136
v -0.188531 0.0107174 -0.0144988
v -0.188488 0.0106991 -0.0144791
v -0.188447 0.0106816 -0.0144547
v -0.188408 0.010665 -0.0144259
v -0.188372 0.0106496 -0.0143929
v -0.18834 0.0106355 -0.0143561
v -0.188311 0.0106229 -0.0143159
v -0.188286 0.0106118 -0.0142727
v -0.188265 0.0106025 -0.014227
v -0.188249 0.0105949 -0.0141792
v -0.188237 0.0105893 -0.0141298
v -0.188231 0.0105856 -0.0140793
v -0.18853 0.0110179 -0.0145195
v -0.188482 0.0110037 -0.0145097
v -0.188436 0.0109899 -0.0144949
v -0.18839 0.0109765 -0.0144751
v -0.188348 0.0109637 -0.0144507
v -0.188307 0.0109516 -0.0144219
v -0.18827 0.0109404 -0.0143889
v -0.188236 0.01093 -0.0143521
v -0.188206 0.0109208 -0.0143119
v -0.18818 0.0109127 -0.0142688
v -0.188159 0.0109059 -0.014223
v -0.188142 0.0109004 -0.0141753
v -0.18813 0.0108962 -0.0141259
v -0.188122 0.0108935 -0.0140755
v -0.188467 0.0112885 -0.0145169
v -0.188418 0.0112797 -0.014507
v -0.18837 0.0112712 -0.0144922
v -0.188324 0.0112629 -0.0144724
v -0.18828 0.0112549 -0.014448
v -0.188238 0.0112474 -0.0144191
v -0.1882 0.0112404 -0.0143861
v -0.188166 0.011234 -0.0143494
v -0.188135 0.0112283 -0.0143092
v -0.188108 0.0112232 -0.014266
v -0.188086 0.011219 -0.0142203
v -0.188068 0.0112155 -0.0141726
v -0.188056 0.011213 -0.0141233
v -0.188048 0.0112113 -0.0140729
v -0.188434 0.0115644 -0.0145155
v -0.188384 0.0115611 -0.0145056
v -0.188335 0.0115578 -0.0144908
v -0.188289 0.0115547 -0.014471
v -0.188244 0.0115517 -0.0144465
v -0.188202 0.0115489 -0.0144177
v -0.188163 0.0115462 -0.0143847
v -0.188128 0.0115438 -0.0143479
v -0.188097 0.0115416 -0.0143078
v -0.18807 0.0115397 -0.0142646
v -0.188047 0.0115381 -0.0142189
v -0.18803 0.0115368 -0.0141712
v -0.188017 0.0115358 -0.0141219
v -0.188009 0.0115352 -0.0140715
v -0.1905 0.00855662 -0.0125
v -0.1905 0.00855662 -0.0141141
v -0.1905 0.00855986 -0.0141657
v -0.190502 0.00856769 -0.0142167
v -0.190507 0.00858001 -0.0142666
v -0.190515 0.00859671 -0.0143148
v -0.190525 0.0086176 -0.014361
v -0.190537 0.00864245 -0.0144045
v -0.190552 0.00867101 -0.0144449
v -0.190569 0.00870297 -0.0144817
v -0.190588 0.00873799 -0.0145147
v -0.190609 0.00877569 -0.0145434
v -0.190631 0.00881568 -0.0145675
v -0.190654 0.00885752 -0.0145867
v -0.190678 0.00890077 -0.014601
v -0.190704 0.00894496 -0.01461
v -0.190729 0.00898964 -0.0146137
v -0.192 0.00595855 -0.0125
v -0.192 0.00595855 -0.0141871
v -0.191994 0.00615571 -0.0141868
v -0.191984 0.00627213 -0.0125
v -0.19198 0.00627164 -0.0141861
v -0.191954 0.00648016 -0.0141848
v -0.191934 0.00658228 -0.0125
v -0.191931 0.0065814 -0.0141837
v -0.19188 0.00679844 -0.0141812
v -0.191853 0.0068856 -0.0125
v -0.19185 0.00688441 -0.0141798
v -0.191772 0.00710679 -0.014176
v -0.191741 0.00717876 -0.0125
v -0.191738 0.00717735 -0.0141743
v -0.19163 0.00740154 -0.0141691
v -0.191598 0.00745855 -0.0125
v -0.191596 0.00745704 -0.0141674
v -0.191458 0.0076792 -0.0141607
v -0.191427 0.0077219 -0.0125
v -0.191425 0.00772042 -0.0141591
v -0.191256 0.00793646 -0.0141509
v -0.191229 0.00796594 -0.0125
v -0.191228 0.00796462 -0.0141495
v -0.191027 0.00817027 -0.0141398
v -0.191007 0.00818798 -0.0125
v -0.191007 0.00818696 -0.0141388
v -0.190774 0.00837781 -0.0141275
v -0.190763 0.0083856 -0.0125
v -0.190763 0.00838502 -0.0141269
v -0.191049 0.00878103 -0.014627
v -0.191344 0.00853889 -0.0146393
v -0.191611 0.00826612 -0.0146504
v -0.191846 0.00796597 -0.0146603
v -0.192048 0.00764204 -0.0146687
v -0.192213 0.00729816 -0.0146755
v -0.192339 0.00693843 -0.0146808
v -0.192426 0.0065671 -0.0146844
v -0.192003 0.00595855 -0.0142379
v -0.19201 0.00595855 -0.0142883
v -0.192023 0.00595855 -0.0143376
v -0.192041 0.00595855 -0.0143853
v -0.192064 0.00595855 -0.014431
v -0.192091 0.00595855 -0.0144742
v -0.192122 0.00595855 -0.0145143
v -0.192157 0.00595855 -0.0145511
v -0.192196 0.00595855 -0.0145841
v -0.192238 0.00595855 -0.014613
v -0.192283 0.00595855 -0.0146374
v -0.19233 0.00595855 -0.0146572
v -0.192378 0.00595855 -0.0146721
v -0.192472 0.00618857 -0.0146863
v -0.192428 0.00595855 -0.0146819
v -0.192479 0.00595855 -0.0146866
v -0.190774 0.00838098 -0.0141789
v -0.190778 0.00838838 -0.0142298
v -0.190784 0.00839996 -0.0142795
v -0.190793 0.00841558 -0.0143277
v -0.190806 0.00843509 -0.0143738
v -0.190821 0.00845826 -0.0144172
v -0.190839 0.00848486 -0.0144576
v -0.190859 0.0085146 -0.0144944
v -0.190882 0.00854718 -0.0145274
v -0.190906 0.00858223 -0.0145561
v -0.190932 0.0086194 -0.0145802
v -0.19096 0.00865828 -0.0145996
v -0.190989 0.00869846 -0.0146139
v -0.191019 0.00873952 -0.0146231
v -0.191028 0.00817328 -0.0141911
v -0.191032 0.00818015 -0.0142418
v -0.191039 0.00819082 -0.0142915
v -0.191051 0.00820517 -0.0143396
v -0.191065 0.00822304 -0.0143856
v -0.191083 0.00824425 -0.0144289
v -0.191103 0.00826857 -0.0144693
v -0.191127 0.00829575 -0.0145061
v -0.191153 0.0083255 -0.0145391
v -0.191181 0.00835751 -0.0145678
v -0.191211 0.00839143 -0.014592
v -0.191242 0.00842691 -0.0146115
v -0.191275 0.00846357 -0.0146259
v -0.191309 0.00850103 -0.0146352
v -0.191257 0.00793925 -0.0142021
v -0.191262 0.00794549 -0.0142528
v -0.191271 0.00795509 -0.0143024
v -0.191283 0.00796797 -0.0143504
v -0.1913 0.00798399 -0.0143963
v -0.191319 0.00800298 -0.0144396
v -0.191343 0.00802473 -0.0144799
v -0.191369 0.00804903 -0.0145167
v -0.191398 0.00807561 -0.0145496
v -0.191429 0.0081042 -0.0145784
v -0.191463 0.00813449 -0.0146027
v -0.191498 0.00816616 -0.0146222
v -0.191535 0.00819889 -0.0146368
v -0.191572 0.00823232 -0.0146462
v -0.191459 0.0076817 -0.0142118
v -0.191465 0.00768719 -0.0142624
v -0.191475 0.0076956 -0.0143119
v -0.191489 0.00770684 -0.0143598
v -0.191507 0.0077208 -0.0144057
v -0.191529 0.00773733 -0.014449
v -0.191554 0.00775626 -0.0144892
v -0.191583 0.00777739 -0.014526
v -0.191614 0.0078005 -0.014559
v -0.191648 0.00782534 -0.0145878
v -0.191685 0.00785165 -0.0146121
v -0.191723 0.00787917 -0.0146317
v -0.191763 0.00790759 -0.0146463
v -0.191805 0.00793663 -0.0146559
v -0.191632 0.00740369 -0.0142201
v -0.191638 0.00740834 -0.0142706
v -0.191649 0.00741543 -0.0143201
v -0.191664 0.00742488 -0.014368
v -0.191684 0.00743661 -0.0144138
v -0.191707 0.00745049 -0.014457
v -0.191735 0.00746636 -0.0144972
v -0.191765 0.00748408 -0.014534
v -0.191799 0.00750344 -0.014567
v -0.191836 0.00752425 -0.0145958
v -0.191875 0.0075463 -0.0146202
v -0.191916 0.00756934 -0.0146398
v -0.191959 0.00759315 -0.0146545
v -0.192003 0.00761747 -0.0146642
v -0.191774 0.00710854 -0.0142269
v -0.191781 0.00711226 -0.0142774
v -0.191792 0.00711793 -0.0143268
v -0.191808 0.00712547 -0.0143746
v -0.191829 0.00713482 -0.0144204
v -0.191854 0.00714586 -0.0144636
v -0.191883 0.0071585 -0.0145038
v -0.191915 0.00717259 -0.0145405
v -0.191951 0.00718799 -0.0145735
v -0.19199 0.00720454 -0.0146024
v -0.192031 0.00722206 -0.0146268
v -0.192074 0.00724038 -0.0146465
v -0.192119 0.00725931 -0.0146612
v -0.192166 0.00727863 -0.014671
v -0.191882 0.00679974 -0.0142322
v -0.19189 0.00680249 -0.0142826
v -0.191902 0.00680664 -0.0143319
v -0.191919 0.00681217 -0.0143797
v -0.19194 0.00681901 -0.0144254
v -0.191966 0.0068271 -0.0144686
v -0.191996 0.00683634 -0.0145088
v -0.19203 0.00684664 -0.0145456
v -0.192067 0.0068579 -0.0145786
v -0.192108 0.00687 -0.0146074
v -0.192151 0.00688281 -0.0146318
v -0.192196 0.0068962 -0.0146515
v -0.192242 0.00691003 -0.0146664
v -0.19229 0.00692416 -0.0146762
v -0.191957 0.00648098 -0.0142357
v -0.191964 0.00648269 -0.0142861
v -0.191977 0.00648527 -0.0143354
v -0.191994 0.00648871 -0.0143832
v -0.192017 0.00649296 -0.0144289
v -0.192043 0.00649799 -0.0144721
v -0.192074 0.00650373 -0.0145122
v -0.192109 0.00651013 -0.014549
v -0.192147 0.00651712 -0.014582
v -0.192188 0.00652463 -0.0146109
v -0.192232 0.00653258 -0.0146353
v -0.192279 0.00654089 -0.014655
v -0.192327 0.00654947 -0.0146699
v -0.192376 0.00655824 -0.0146797
v -0.191996 0.00615602 -0.0142376
v -0.192004 0.00615667 -0.014288
v -0.192017 0.00615765 -0.0143373
v -0.192034 0.00615895 -0.014385
v -0.192057 0.00616056 -0.0144307
v -0.192084 0.00616245 -0.0144739
v -0.192115 0.00616462 -0.014514
v -0.19215 0.00616704 -0.0145508
v -0.192189 0.00616968 -0.0145838
v -0.192231 0.00617252 -0.0146127
v -0.192276 0.00617553 -0.0146371
v -0.192322 0.00617867 -0.0146569
v -0.192371 0.00618191 -0.0146718
v -0.192421 0.00618522 -0.0146816
v -0.192 -0.00595855 -0.0125
v -0.192 -0.00595855 -0.0141871
v -0.192479 -0.00595855 -0.0146866
v -0.192428 -0.00595855 -0.0146819
v -0.192378 -0.00595855 -0.0146721
v -0.19233 -0.00595855 -0.0146572
v -0.192283 -0.00595855 -0.0146374
v -0.192238 -0.00595855 -0.014613
v -0.192196 -0.00595855 -0.0145841
v -0.192157 -0.00595855 -0.0145511
v -0.192122 -0.00595855 -0.0145143
v -0.192091 -0.00595855 -0.0144742
v -0.192064 -0.00595855 -0.014431
v -0.192041 -0.00595855 -0.0143853
v -0.192023 -0.00595855 -0.0143376
v -0.19201 -0.00595855 -0.0142883
v -0.192003 -0.00595855 -0.0142379
v -0.190763 -0.0083856 -0.0125
v -0.1905 -0.00855662 -0.0125
v -0.1905 -0.00855662 -0.0141141
v -0.190668 -0.00845229 -0.0141223
v -0.191007 -0.00818798 -0.0125
v -0.190761 -0.00838232 -0.0141268
v -0.190929 -0.00825586 -0.014135
v -0.191229 -0.00796594 -0.0125
v -0.191005 -0.00818517 -0.0141387
v -0.191168 -0.00803215 -0.0141466
v -0.191427 -0.0077219 -0.0125
v -0.191227 -0.00796362 -0.0141495
v -0.191381 -0.00778384 -0.014157
v -0.191598 -0.00745855 -0.0125
v -0.191424 -0.00772009 -0.0141591
v -0.191565 -0.00751388 -0.0141659
v -0.191741 -0.00717876 -0.0125
v -0.191596 -0.00745722 -0.0141674
v -0.191719 -0.0072255 -0.0141734
v -0.191853 -0.0068856 -0.0125
v -0.191738 -0.00717788 -0.0141744
v -0.191841 -0.00692212 -0.0141793
v -0.191934 -0.00658228 -0.0125
v -0.191851 -0.0068851 -0.0141798
v -0.191929 -0.00660733 -0.0141836
v -0.191984 -0.00627213 -0.0125
v -0.191933 -0.00658207 -0.0141838
v -0.191982 -0.00628487 -0.0141862
v -0.191983 -0.0062721 -0.0141862
v -0.192458 -0.00633926 -0.0146858
v -0.192396 -0.00671546 -0.0146832
v -0.192294 -0.00708271 -0.0146789
v -0.192152 -0.00743666 -0.014673
v -0.191972 -0.0077731 -0.0146655
v -0.191757 -0.00808805 -0.0146565
v -0.191509 -0.00837775 -0.0146462
v -0.19123 -0.00863874 -0.0146346
v -0.190925 -0.00886791 -0.0146219
v -0.1905 -0.00855986 -0.0141657
v -0.190502 -0.00856769 -0.0142167
v -0.190507 -0.00858001 -0.0142666
v -0.190515 -0.00859671 -0.0143148
v -0.190525 -0.0086176 -0.014361
v -0.190537 -0.00864245 -0.0144045
v -0.190552 -0.00867101 -0.0144449
v -0.190569 -0.00870297 -0.0144817
v -0.190588 -0.00873799 -0.0145147
v -0.190609 -0.00877569 -0.0145434
v -0.190631 -0.00881568 -0.0145675
v -0.190654 -0.00885752 -0.0145867
v -0.190678 -0.00890077 -0.014601
v -0.190704 -0.00894496 -0.01461
v -0.190729 -0.00898964 -0.0146137
v -0.191985 -0.00628538 -0.0142371
v -0.191992 -0.00628645 -0.0142875
v -0.192005 -0.00628807 -0.0143368
v -0.192023 -0.00629022 -0.0143845
v -0.192045 -0.00629288 -0.0144302
v -0.192072 -0.00629603 -0.0144734
v -0.192103 -0.00629962 -0.0145135
v -0.192138 -0.00630362 -0.0145503
v -0.192177 -0.00630799 -0.0145833
v -0.192219 -0.00631269 -0.0146121
v -0.192263 -0.00631767 -0.0146366
v -0.19231 -0.00632286 -0.0146563
v -0.192358 -0.00632823 -0.0146712
v -0.192408 -0.00633372 -0.0146811
v -0.191931 -0.00660834 -0.0142345
v -0.191939 -0.00661046 -0.0142849
v -0.191951 -0.00661368 -0.0143342
v -0.191969 -0.00661795 -0.014382
v -0.191991 -0.00662324 -0.0144277
v -0.192017 -0.00662949 -0.0144709
v -0.192048 -0.00663663 -0.0145111
v -0.192082 -0.00664459 -0.0145478
v -0.19212 -0.00665328 -0.0145808
v -0.192161 -0.00666263 -0.0146097
v -0.192205 -0.00667252 -0.0146341
v -0.19225 -0.00668286 -0.0146538
v -0.192298 -0.00669353 -0.0146687
v -0.191843 -0.0069236 -0.0142303
v -0.19185 -0.00692674 -0.0142807
v -0.191862 -0.0069315 -0.0143301
v -0.191879 -0.00693784 -0.0143779
v -0.1919 -0.00694568 -0.0144236
v -0.191926 -0.00695496 -0.0144668
v -0.191955 -0.00696556 -0.014507
v -0.191989 -0.00697739 -0.0145438
v -0.192026 -0.00699031 -0.0145767
v -0.192065 -0.00700419 -0.0146056
v -0.192108 -0.00701889 -0.01463
v -0.192152 -0.00703425 -0.0146497
v -0.192347 -0.00670444 -0.0146785
v -0.192198 -0.00705012 -0.0146645
v -0.191721 -0.00722742 -0.0142244
v -0.191728 -0.00723151 -0.0142749
v -0.191739 -0.00723775 -0.0143243
v -0.191755 -0.00724607 -0.0143722
v -0.191775 -0.00725638 -0.0144179
v -0.1918 -0.00726856 -0.0144611
v -0.191828 -0.0072825 -0.0145013
v -0.19186 -0.00729805 -0.0145381
v -0.191895 -0.00731505 -0.0145711
v -0.191933 -0.00733331 -0.0145999
v -0.191973 -0.00735266 -0.0146243
v -0.192016 -0.00737288 -0.014644
v -0.192246 -0.00706633 -0.0146743
v -0.19206 -0.00739377 -0.0146588
v -0.191567 -0.00751618 -0.014217
v -0.191573 -0.00752117 -0.0142675
v -0.191584 -0.0075288 -0.014317
v -0.191598 -0.00753898 -0.0143649
v -0.191617 -0.00755161 -0.0144107
v -0.19164 -0.00756656 -0.014454
v -0.191667 -0.00758367 -0.0144942
v -0.191697 -0.00760277 -0.014531
v -0.19173 -0.00762364 -0.014564
v -0.191766 -0.00764609 -0.0145928
v -0.191804 -0.00766986 -0.0146171
v -0.191844 -0.00769471 -0.0146368
v -0.192106 -0.0074151 -0.0146685
v -0.191886 -0.00772038 -0.0146515
v -0.191382 -0.00778646 -0.0142081
v -0.191388 -0.00779225 -0.0142587
v -0.191397 -0.00780115 -0.0143083
v -0.191411 -0.00781307 -0.0143562
v -0.191428 -0.00782786 -0.0144021
v -0.191449 -0.0078454 -0.0144454
v -0.191474 -0.00786548 -0.0144857
v -0.191501 -0.00788789 -0.0145225
v -0.191532 -0.00791241 -0.0145554
v -0.191565 -0.00793877 -0.0145842
v -0.191601 -0.0079667 -0.0146085
v -0.191638 -0.00799591 -0.0146281
v -0.191929 -0.0077466 -0.0146611
v -0.191677 -0.00802608 -0.0146427
v -0.191169 -0.00803504 -0.0141979
v -0.191174 -0.00804154 -0.0142486
v -0.191182 -0.00805158 -0.0142982
v -0.191194 -0.00806506 -0.0143462
v -0.19121 -0.00808184 -0.0143922
v -0.191229 -0.00810174 -0.0144355
v -0.191251 -0.00812455 -0.0144758
v -0.191276 -0.00815002 -0.0145126
v -0.191304 -0.0081779 -0.0145456
v -0.191334 -0.00820788 -0.0145744
v -0.191366 -0.00823966 -0.0145986
v -0.1914 -0.00827288 -0.0146181
v -0.191716 -0.0080569 -0.0146522
v -0.191435 -0.00830722 -0.0146326
v -0.19093 -0.00825894 -0.0141864
v -0.190934 -0.00826604 -0.0142372
v -0.190941 -0.00827709 -0.0142869
v -0.190951 -0.00829196 -0.014335
v -0.190965 -0.00831051 -0.014381
v -0.190982 -0.00833253 -0.0144244
v -0.191001 -0.00835779 -0.0144647
v -0.191023 -0.00838603 -0.0145016
v -0.191048 -0.00841694 -0.0145346
v -0.191075 -0.0084502 -0.0145633
v -0.191103 -0.00848546 -0.0145875
v -0.191133 -0.00852233 -0.0146069
v -0.191472 -0.0083423 -0.014642
v -0.191165 -0.00856045 -0.0146213
v -0.190668 -0.00845549 -0.0141738
v -0.190671 -0.00846308 -0.0142247
v -0.190677 -0.00847497 -0.0142745
v -0.190685 -0.00849104 -0.0143227
v -0.190697 -0.00851113 -0.0143688
v -0.190711 -0.008535 -0.0144123
v -0.190728 -0.00856242 -0.0144526
v -0.190747 -0.00859308 -0.0144895
v -0.190768 -0.00862667 -0.0145225
v -0.190791 -0.00866283 -0.0145511
v -0.190815 -0.00870117 -0.0145753
v -0.190841 -0.00874127 -0.0145946
v -0.191197 -0.00859939 -0.0146306
v -0.190868 -0.00878273 -0.0146089
v -0.190896 -0.00882509 -0.014618
v -0.1895 -0.00913397 -0.0125
v -0.1895 -0.00913397 -0.0140725
v -0.189729 -0.00956699 -0.014572
v -0.189704 -0.00952231 -0.0145683
v -0.189678 -0.00947812 -0.0145593
v -0.189654 -0.00943487 -0.0145451
v -0.189631 -0.00939303 -0.0145258
v -0.189609 -0.00935304 -0.0145017
v -0.189588 -0.00931534 -0.014473
v -0.189569 -0.00928032 -0.0144401
v -0.189552 -0.00924836 -0.0144032
v -0.189537 -0.0092198 -0.0143628
v -0.189525 -0.00919495 -0.0143193
v -0.189515 -0.00917406 -0.0142732
v -0.189507 -0.00915736 -0.0142249
v -0.189502 -0.00914504 -0.014175
v -0.1895 -0.00913721 -0.014124
v -0.188538 -0.0111914 -0.0145224
v -0.188494 -0.0114601 -0.0145206
v -0.188612 -0.0109291 -0.0145255
v -0.188713 -0.0106763 -0.0145297
v -0.188841 -0.0104359 -0.0145351
v -0.188995 -0.010211 -0.0145415
v -0.189173 -0.0100041 -0.0145489
v -0.188479 -0.0117321 -0.01452
v -0.189371 -0.00981763 -0.0145571
v -0.189589 -0.00965393 -0.0145662
v -0.188428 -0.0117321 -0.0145153
v -0.188378 -0.0117321 -0.0145054
v -0.18833 -0.0117321 -0.0144905
v -0.188283 -0.0117321 -0.0144707
v -0.188238 -0.0117321 -0.0144463
v -0.188196 -0.0117321 -0.0144174
v -0.188157 -0.0117321 -0.0143845
v -0.188122 -0.0117321 -0.0143477
v -0.188091 -0.0117321 -0.0143075
v -0.188064 -0.0117321 -0.0142644
v -0.188041 -0.0117321 -0.0142187
v -0.188023 -0.0117321 -0.0141709
v -0.18801 -0.0117321 -0.0141216
v -0.188003 -0.0117321 -0.0140713
v -0.188017 -0.0114185 -0.014021
v -0.188018 -0.0114057 -0.014021
v -0.188067 -0.0111085 -0.0140227
v -0.188071 -0.0110833 -0.0140229
v -0.188149 -0.0108055 -0.0140256
v -0.188159 -0.0107685 -0.0140259
v -0.188262 -0.0105127 -0.0140295
v -0.188281 -0.0104651 -0.0140301
v -0.188404 -0.0102334 -0.0140344
v -0.188435 -0.0101767 -0.0140355
v -0.188576 -0.00997051 -0.0140404
v -0.188619 -0.00990676 -0.0140419
v -0.188773 -0.00972698 -0.0140472
v -0.188832 -0.00965845 -0.0140493
v -0.188995 -0.00950543 -0.014055
v -0.189071 -0.00943474 -0.0140576
v -0.189239 -0.00930827 -0.0140634
v -0.189332 -0.00923831 -0.0140667
v -0.188 -0.0117321 -0.0140204
v -0.188444 -0.0114546 -0.0145159
v -0.188394 -0.0114491 -0.014506
v -0.188345 -0.0114437 -0.0144912
v -0.188299 -0.0114385 -0.0144714
v -0.188254 -0.0114336 -0.014447
v -0.188213 -0.0114289 -0.0144181
v -0.188174 -0.0114245 -0.0143851
v -0.188139 -0.0114205 -0.0143483
v -0.188108 -0.0114169 -0.0143082
v -0.188081 -0.0114137 -0.014265
v -0.188058 -0.0114111 -0.0142193
v -0.188041 -0.0114089 -0.0141716
v -0.188028 -0.0114073 -0.0141223
v -0.18802 -0.0114062 -0.0140719
v -0.188489 -0.0111804 -0.0145178
v -0.18844 -0.0111695 -0.014508
v -0.188392 -0.0111588 -0.0144931
v -0.188347 -0.0111485 -0.0144734
v -0.188303 -0.0111386 -0.0144489
v -0.188262 -0.0111292 -0.0144201
v -0.188224 -0.0111205 -0.0143871
v -0.18819 -0.0111126 -0.0143503
v -0.188159 -0.0111054 -0.0143101
v -0.188133 -0.0110992 -0.014267
v -0.188111 -0.0110939 -0.0142213
v -0.188093 -0.0110896 -0.0141735
v -0.188081 -0.0110864 -0.0141242
v -0.188073 -0.0110843 -0.0140738
v -0.188564 -0.0109127 -0.0145209
v -0.188516 -0.0108965 -0.0145111
v -0.18847 -0.0108806 -0.0144963
v -0.188426 -0.0108653 -0.0144766
v -0.188383 -0.0108506 -0.0144522
v -0.188343 -0.0108367 -0.0144233
v -0.188307 -0.0108238 -0.0143903
v -0.188273 -0.0108119 -0.0143536
v -0.188244 -0.0108013 -0.0143134
v -0.188218 -0.0107921 -0.0142702
v -0.188197 -0.0107842 -0.0142245
v -0.18818 -0.0107779 -0.0141767
v -0.188168 -0.0107731 -0.0141273
v -0.188161 -0.01077 -0.0140769
v -0.188667 -0.0106547 -0.0145252
v -0.188622 -0.0106334 -0.0145155
v -0.188577 -0.0106125 -0.0145007
v -0.188535 -0.0105923 -0.014481
v -0.188494 -0.0105729 -0.0144567
v -0.188456 -0.0105546 -0.0144278
v -0.188421 -0.0105377 -0.0143949
v -0.188389 -0.0105221 -0.0143581
v -0.188361 -0.0105082 -0.0143179
v -0.188337 -0.010496 -0.0142746
v -0.188317 -0.0104857 -0.0142289
v -0.188301 -0.0104774 -0.014181
v -0.188289 -0.0104711 -0.0141316
v -0.188283 -0.010467 -0.0140811
v -0.188798 -0.0104094 -0.0145306
v -0.188755 -0.0103832 -0.014521
v -0.188713 -0.0103575 -0.0145063
v -0.188673 -0.0103327 -0.0144867
v -0.188635 -0.0103089 -0.0144623
v -0.188599 -0.0102865 -0.0144335
v -0.188566 -0.0102656 -0.0144006
v -0.188536 -0.0102465 -0.0143638
v -0.18851 -0.0102294 -0.0143235
v -0.188487 -0.0102144 -0.0142803
v -0.188468 -0.0102018 -0.0142345
v -0.188453 -0.0101916 -0.0141866
v -0.188442 -0.010184 -0.0141371
v -0.188436 -0.010179 -0.0140866
v -0.188955 -0.0101798 -0.0145372
v -0.188915 -0.010149 -0.0145276
v -0.188876 -0.0101188 -0.014513
v -0.188839 -0.0100896 -0.0144935
v -0.188803 -0.0100617 -0.0144692
v -0.18877 -0.0100353 -0.0144404
v -0.18874 -0.0100108 -0.0144074
v -0.188712 -0.0099884 -0.0143706
v -0.188687 -0.00996832 -0.0143303
v -0.188666 -0.00995079 -0.014287
v -0.188649 -0.00993599 -0.0142412
v -0.188635 -0.00992408 -0.0141932
v -0.188626 -0.00991518 -0.0141437
v -0.18862 -0.00990939 -0.0140931
v -0.189136 -0.0099686 -0.0145447
v -0.189099 -0.00993352 -0.0145353
v -0.189064 -0.00989919 -0.0145208
v -0.18903 -0.00986596 -0.0145013
v -0.188998 -0.00983418 -0.014477
v -0.188968 -0.0098042 -0.0144483
v -0.18894 -0.00977633 -0.0144153
v -0.188915 -0.00975085 -0.0143785
v -0.188893 -0.00972804 -0.0143382
v -0.188874 -0.00970814 -0.0142948
v -0.188858 -0.00969137 -0.0142489
v -0.188846 -0.00967788 -0.0142009
v -0.188838 -0.00966784 -0.0141512
v -0.188833 -0.00966134 -0.0141005
v -0.189339 -0.00977827 -0.0145531
v -0.189306 -0.00973933 -0.0145439
v -0.189275 -0.00970122 -0.0145294
v -0.189245 -0.00966434 -0.01451
v -0.189216 -0.00962908 -0.0144858
v -0.189189 -0.00959582 -0.0144571
v -0.189165 -0.00956491 -0.0144241
v -0.189143 -0.00953667 -0.0143873
v -0.189123 -0.00951141 -0.014347
v -0.189106 -0.00948939 -0.0143036
v -0.189093 -0.00947084 -0.0142576
v -0.189082 -0.00945597 -0.0142095
v -0.189075 -0.00944492 -0.0141597
v -0.189071 -0.00943782 -0.0141089
v -0.189561 -0.00961112 -0.0145624
v -0.189533 -0.00956875 -0.0145533
v -0.189506 -0.0095273 -0.014539
v -0.18948 -0.00948719 -0.0145196
v -0.189455 -0.00944885 -0.0144955
v -0.189432 -0.00941269 -0.0144668
v -0.189411 -0.00937911 -0.0144339
v -0.189392 -0.00934844 -0.014397
v -0.189376 -0.00932102 -0.0143566
v -0.189361 -0.00929715 -0.0143132
v -0.18935 -0.00927707 -0.0142671
v -0.189341 -0.00926099 -0.0142189
v -0.189335 -0.0092491 -0.014169
v -0.189332 -0.00924151 -0.0141181
v -0.188016 -0.0114185 -0.0125
v -0.188 -0.0117321 -0.0125
v -0.188066 -0.0111083 -0.0125
v -0.188147 -0.010805 -0.0125
v -0.188259 -0.0105118 -0.0125
v -0.188402 -0.0102321 -0.0125
v -0.188573 -0.0099687 -0.0125
v -0.188771 -0.00972466 -0.0125
v -0.188993 -0.00950262 -0.0125
v -0.189237 -0.009305 -0.0125
v -0.188428 -0.0140449 -0.0145153
v -0.188378 -0.0140449 -0.0145054
v -0.18833 -0.0140449 -0.0144905
v -0.188283 -0.0140449 -0.0144707
v -0.188238 -0.0140449 -0.0144463
v -0.188196 -0.0140449 -0.0144174
v -0.188157 -0.0140449 -0.0143845
v -0.188122 -0.0140449 -0.0143477
v -0.188091 -0.0140449 -0.0143075
v -0.188064 -0.0140449 -0.0142644
v -0.188041 -0.0140449 -0.0142187
v -0.188023 -0.0140449 -0.0141709
v -0.18801 -0.0140449 -0.0141216
v -0.188003 -0.0140449 -0.0140713
v -0.188 -0.0140449 -0.0140204
v -0.188409 -0.0188225 -0.0121228
v -0.188361 -0.0188133 -0.012116
v -0.188406 -0.0188218 -0.0121223
v -0.188314 -0.0188004 -0.0121063
v -0.188354 -0.0188115 -0.0121146
v -0.188269 -0.0187839 -0.0120939
v -0.188305 -0.0187969 -0.0121036
v -0.188226 -0.0187639 -0.0120789
v -0.188257 -0.0187782 -0.0120896
v -0.188186 -0.0187406 -0.0120614
v -0.188212 -0.0187556 -0.0120726
v -0.188149 -0.0187142 -0.0120416
v -0.18817 -0.0187293 -0.0120529
v -0.188116 -0.018685 -0.0120197
v -0.188133 -0.0186996 -0.0120307
v -0.188086 -0.0186533 -0.0119959
v -0.188099 -0.0186669 -0.0120061
v -0.18806 -0.0186194 -0.0119705
v -0.188069 -0.0186315 -0.0119796
v -0.188039 -0.0185836 -0.0119437
v -0.188045 -0.0185939 -0.0119514
v -0.188022 -0.0185463 -0.0119157
v -0.188026 -0.0185543 -0.0119217
v -0.18801 -0.0185079 -0.0118869
v -0.188012 -0.0185134 -0.011891
v -0.188002 -0.0184687 -0.0118575
v -0.188003 -0.0184715 -0.0118596
v -0.188 -0.0180765 -0.0122517
v -0.188 -0.0184291 -0.0118278
v -0.188 -0.0176902 -0.0126317
v -0.188 -0.0172717 -0.0129692
v -0.188 -0.0169535 -0.0131845
v -0.188 -0.0164747 -0.013452
v -0.188 -0.0159794 -0.0136674
v -0.188 -0.0154683 -0.0138322
v -0.188 -0.0152512 -0.0138859
v -0.188 -0.0147181 -0.0139789
v -0.188 -0.0141824 -0.0140187
v -0.188409 -0.0184382 -0.0125847
v -0.188361 -0.0184298 -0.012577
v -0.188314 -0.0184179 -0.0125661
v -0.188269 -0.0184027 -0.0125521
v -0.188226 -0.0183843 -0.0125351
v -0.188186 -0.0183628 -0.0125153
v -0.188149 -0.0183386 -0.012493
v -0.188116 -0.0183118 -0.0124683
v -0.188086 -0.0182826 -0.0124415
v -0.18806 -0.0182515 -0.0124128
v -0.188039 -0.0182186 -0.0123825
v -0.188022 -0.0181843 -0.0123509
v -0.18801 -0.0181489 -0.0123184
v -0.188002 -0.0181129 -0.0122852
v -0.18841 -0.0180173 -0.0129988
v -0.188361 -0.0180098 -0.0129903
v -0.188314 -0.017999 -0.0129783
v -0.188269 -0.0179853 -0.0129629
v -0.188227 -0.0179686 -0.0129442
v -0.188186 -0.0179493 -0.0129224
v -0.188149 -0.0179273 -0.0128978
v -0.188116 -0.0179031 -0.0128706
v -0.188086 -0.0178767 -0.012841
v -0.18806 -0.0178485 -0.0128094
v -0.188039 -0.0178187 -0.012776
v -0.188022 -0.0177877 -0.0127412
v -0.18801 -0.0177557 -0.0127053
v -0.188002 -0.0177231 -0.0126686
v -0.188411 -0.0175614 -0.0133668
v -0.188362 -0.0175548 -0.0133577
v -0.188315 -0.0175453 -0.0133447
v -0.18827 -0.0175332 -0.013328
v -0.188227 -0.0175185 -0.0133078
v -0.188187 -0.0175013 -0.0132843
v -0.18815 -0.0174819 -0.0132576
v -0.188116 -0.0174604 -0.0132281
v -0.188086 -0.017437 -0.0131961
v -0.18806 -0.017412 -0.0131618
v -0.188039 -0.0173857 -0.0131256
v -0.188022 -0.0173582 -0.0130879
v -0.18801 -0.0173298 -0.013049
v -0.188002 -0.0173009 -0.0130093
v -0.188411 -0.0172147 -0.0136015
v -0.188363 -0.0172088 -0.013592
v -0.188316 -0.0172003 -0.0135785
v -0.188271 -0.0171893 -0.013561
v -0.188228 -0.0171761 -0.0135399
v -0.188187 -0.0171606 -0.0135152
v -0.18815 -0.0171431 -0.0134872
v -0.188116 -0.0171237 -0.0134563
v -0.188086 -0.0171027 -0.0134227
v -0.188061 -0.0170801 -0.0133867
v -0.188039 -0.0170563 -0.0133487
v -0.188022 -0.0170315 -0.0133091
v -0.18801 -0.0170059 -0.0132682
v -0.188002 -0.0169798 -0.0132266
v -0.188413 -0.0166931 -0.0138934
v -0.188365 -0.0166882 -0.0138834
v -0.188317 -0.0166811 -0.0138692
v -0.188272 -0.0166721 -0.0138509
v -0.188229 -0.016661 -0.0138285
v -0.188188 -0.0166481 -0.0138025
v -0.188151 -0.0166335 -0.0137729
v -0.188117 -0.0166173 -0.0137401
v -0.188087 -0.0165996 -0.0137045
v -0.188061 -0.0165808 -0.0136664
v -0.188039 -0.0165609 -0.0136261
v -0.188022 -0.0165401 -0.0135841
v -0.18801 -0.0165186 -0.0135408
v -0.188002 -0.0164968 -0.0134967
v -0.188416 -0.0161535 -0.0141285
v -0.188367 -0.0161496 -0.0141183
v -0.188319 -0.0161441 -0.0141036
v -0.188274 -0.0161369 -0.0140845
v -0.18823 -0.0161281 -0.0140613
v -0.18819 -0.0161178 -0.0140341
v -0.188152 -0.0161062 -0.0140032
v -0.188118 -0.0160933 -0.013969
v -0.188088 -0.0160792 -0.0139318
v -0.188061 -0.0160642 -0.0138919
v -0.18804 -0.0160482 -0.0138498
v -0.188022 -0.0160317 -0.0138058
v -0.18801 -0.0160145 -0.0137604
v -0.188003 -0.0159971 -0.0137142
v -0.188419 -0.0155965 -0.0143086
v -0.188369 -0.0155937 -0.0142983
v -0.188322 -0.0155897 -0.0142833
v -0.188276 -0.0155844 -0.0142637
v -0.188232 -0.015578 -0.0142398
v -0.188191 -0.0155704 -0.0142118
v -0.188153 -0.0155618 -0.01418
v -0.188119 -0.0155523 -0.0141446
v -0.188088 -0.015542 -0.0141061
v -0.188062 -0.0155309 -0.0140648
v -0.18804 -0.0155191 -0.0140211
v -0.188023 -0.0155069 -0.0139756
v -0.18801 -0.0154942 -0.0139286
v -0.188003 -0.0154813 -0.0138807
v -0.18842 -0.0153598 -0.0143673
v -0.188371 -0.0153575 -0.014357
v -0.188323 -0.0153541 -0.014342
v -0.188277 -0.0153497 -0.0143223
v -0.188233 -0.0153442 -0.0142982
v -0.188192 -0.0153378 -0.0142699
v -0.188154 -0.0153306 -0.0142377
v -0.188119 -0.0153225 -0.014202
v -0.188089 -0.0153137 -0.014163
v -0.188062 -0.0153043 -0.0141213
v -0.18804 -0.0152943 -0.0140771
v -0.188023 -0.0152839 -0.014031
v -0.18801 -0.0152732 -0.0139835
v -0.188003 -0.0152622 -0.0139349
v -0.188423 -0.0147789 -0.0144692
v -0.188374 -0.0147776 -0.014459
v -0.188326 -0.0147757 -0.0144439
v -0.188279 -0.0147733 -0.0144241
v -0.188235 -0.0147703 -0.0143996
v -0.188194 -0.0147667 -0.0143709
v -0.188155 -0.0147626 -0.0143382
v -0.18812 -0.0147581 -0.0143017
v -0.188089 -0.0147532 -0.014262
v -0.188063 -0.0147479 -0.0142194
v -0.18804 -0.0147423 -0.0141743
v -0.188023 -0.0147365 -0.0141272
v -0.18801 -0.0147305 -0.0140786
v -0.188003 -0.0147243 -0.014029
v -0.188427 -0.0141948 -0.0145132
v -0.188377 -0.0141945 -0.0145033
v -0.188329 -0.0141942 -0.0144883
v -0.188282 -0.0141937 -0.0144685
v -0.188237 -0.014193 -0.014444
v -0.188196 -0.0141923 -0.0144152
v -0.188157 -0.0141915 -0.0143822
v -0.188122 -0.0141906 -0.0143454
v -0.18809 -0.0141896 -0.0143053
v -0.188063 -0.0141885 -0.0142622
v -0.188041 -0.0141873 -0.0142166
v -0.188023 -0.0141861 -0.0141689
v -0.18801 -0.0141849 -0.0141197
v -0.188003 -0.0141836 -0.0140695
v -0.18842 -0.0193207 -0.0114615
v -0.188406 -0.0193184 -0.0114598
v -0.188381 -0.0193144 -0.0114568
v -0.188354 -0.0193083 -0.0114522
v -0.188304 -0.0192939 -0.0114414
v -0.188307 -0.0192949 -0.0114421
v -0.188344 -0.0193058 -0.0114503
v -0.188271 -0.0192817 -0.0114322
v -0.188257 -0.0192751 -0.0114273
v -0.188212 -0.0192525 -0.0114104
v -0.188237 -0.0192663 -0.0114207
v -0.188205 -0.0192488 -0.0114076
v -0.188174 -0.0192293 -0.011393
v -0.18817 -0.0192263 -0.0113907
v -0.188132 -0.0191965 -0.0113684
v -0.188146 -0.019208 -0.011377
v -0.188098 -0.0191639 -0.0113439
v -0.188119 -0.019185 -0.0113597
v -0.188073 -0.0191343 -0.0113217
v -0.188095 -0.0191604 -0.0113412
v -0.188069 -0.0191284 -0.0113173
v -0.188045 -0.0190907 -0.011289
v -0.188054 -0.019107 -0.0113012
v -0.188025 -0.0190512 -0.0112594
v -0.188038 -0.0190785 -0.0112799
v -0.188014 -0.019019 -0.0112352
v -0.188024 -0.0190491 -0.0112578
v -0.188012 -0.0190102 -0.0112286
v -0.188003 -0.0189683 -0.0111972
v -0.188006 -0.0189883 -0.0112122
v -0.188 -0.0189259 -0.0111654
v -0.188002 -0.0189572 -0.0111888
v -0.188458 -0.0193245 -0.0114643
v -0.189361 -0.0206147 -0.0086524
v -0.189593 -0.0210133 -0.0093702
v -0.189237 -0.02055 -0.00873865
v -0.189224 -0.0205434 -0.00874732
v -0.189479 -0.0209421 -0.0094493
v -0.189089 -0.0204661 -0.00885242
v -0.189366 -0.0208647 -0.00953687
v -0.188993 -0.020405 -0.00893671
v -0.188958 -0.0203824 -0.00896796
v -0.189256 -0.020781 -0.00963316
v -0.18883 -0.0202924 -0.00909412
v -0.18915 -0.0206911 -0.0097383
v -0.188707 -0.0201963 -0.00923095
v -0.188772 -0.0202469 -0.00915893
v -0.189048 -0.0205949 -0.00985232
v -0.18859 -0.020094 -0.00937831
v -0.18895 -0.0204927 -0.00997512
v -0.188481 -0.0199861 -0.00953592
v -0.188574 -0.0200775 -0.00940248
v -0.188859 -0.0203847 -0.0101065
v -0.188403 -0.019898 -0.00966595
v -0.18838 -0.0198727 -0.00970324
v -0.188776 -0.0202714 -0.0102459
v -0.18829 -0.0197547 -0.00987955
v -0.1887 -0.0201533 -0.0103928
v -0.18821 -0.0196325 -0.0100639
v -0.188261 -0.0197108 -0.00994579
v -0.188633 -0.0200311 -0.0105464
v -0.188147 -0.019518 -0.0102385
v -0.188141 -0.0195071 -0.0102551
v -0.188576 -0.0199057 -0.0107057
v -0.188086 -0.0193794 -0.0104517
v -0.18853 -0.019778 -0.0108696
v -0.188044 -0.0192503 -0.0106524
v -0.188067 -0.0193213 -0.010542
v -0.188495 -0.019649 -0.0110369
v -0.188472 -0.0195196 -0.0112061
v -0.188017 -0.0191233 -0.0108518
v -0.188016 -0.019121 -0.0108554
v -0.189558 -0.0210329 -0.00933438
v -0.189524 -0.0210476 -0.00929553
v -0.189491 -0.0210574 -0.00925408
v -0.18946 -0.021062 -0.00921051
v -0.189431 -0.0210615 -0.00916534
v -0.189404 -0.0210558 -0.00911908
v -0.18938 -0.021045 -0.00907227
v -0.189359 -0.0210292 -0.00902545
v -0.189341 -0.0210087 -0.00897915
v -0.189326 -0.0209835 -0.00893392
v -0.189315 -0.0209542 -0.00889027
v -0.189308 -0.0209209 -0.00884872
v -0.189304 -0.020884 -0.00880974
v -0.189305 -0.020844 -0.00877378
v -0.189309 -0.0208014 -0.00874126
v -0.189316 -0.0207567 -0.00871256
v -0.189328 -0.0207103 -0.008688
v -0.189343 -0.0206627 -0.00866787
v -0.189442 -0.0209601 -0.00941543
v -0.189406 -0.0209735 -0.00937857
v -0.189372 -0.020982 -0.00933914
v -0.189339 -0.0209855 -0.00929758
v -0.189308 -0.0209841 -0.00925436
v -0.18928 -0.0209777 -0.00920997
v -0.189254 -0.0209664 -0.00916491
v -0.189231 -0.0209503 -0.00911968
v -0.189212 -0.0209297 -0.0090748
v -0.189196 -0.0209047 -0.00903077
v -0.189184 -0.0208756 -0.00898808
v -0.189175 -0.0208428 -0.00894723
v -0.18917 -0.0208066 -0.00890867
v -0.18917 -0.0207674 -0.00887283
v -0.189173 -0.0207257 -0.00884012
v -0.18918 -0.020682 -0.0088109
v -0.189191 -0.0206367 -0.00878552
v -0.189206 -0.0205903 -0.00876424
v -0.189328 -0.0208811 -0.00950504
v -0.189291 -0.020893 -0.00947028
v -0.189255 -0.0209002 -0.00943297
v -0.18922 -0.0209027 -0.00939352
v -0.189188 -0.0209003 -0.00935236
v -0.189158 -0.0208932 -0.00930994
v -0.189131 -0.0208814 -0.00926673
v -0.189107 -0.0208651 -0.00922321
v -0.189086 -0.0208444 -0.00917985
v -0.189069 -0.0208195 -0.00913713
v -0.189055 -0.0207907 -0.00909551
v -0.189046 -0.0207584 -0.00905545
v -0.18904 -0.0207229 -0.0090174
v -0.189038 -0.0206845 -0.00898177
v -0.189041 -0.0206438 -0.00894894
v -0.189047 -0.0206011 -0.00891929
v -0.189057 -0.0205569 -0.00889313
v -0.189072 -0.0205117 -0.00887076
v -0.189217 -0.0207958 -0.00960344
v -0.189178 -0.0208063 -0.00957085
v -0.189141 -0.0208122 -0.00953575
v -0.189105 -0.0208135 -0.00949849
v -0.189072 -0.0208103 -0.00945948
v -0.18904 -0.0208024 -0.00941914
v -0.189012 -0.0207901 -0.00937789
v -0.188986 -0.0207735 -0.00933618
v -0.188964 -0.0207527 -0.00929445
v -0.188946 -0.0207279 -0.00925314
v -0.188931 -0.0206995 -0.00921269
v -0.18892 -0.0206677 -0.00917354
v -0.188913 -0.0206328 -0.0091361
v -0.18891 -0.0205953 -0.00910077
v -0.188912 -0.0205555 -0.00906793
v -0.188917 -0.0205139 -0.00903792
v -0.188927 -0.0204708 -0.00901108
v -0.18894 -0.0204268 -0.00898767
v -0.189109 -0.0207043 -0.00971075
v -0.18907 -0.0207132 -0.00968041
v -0.189031 -0.0207178 -0.00964758
v -0.188994 -0.020718 -0.00961259
v -0.188959 -0.0207138 -0.00957582
v -0.188927 -0.0207053 -0.00953764
v -0.188897 -0.0206925 -0.00949844
v -0.188871 -0.0206755 -0.00945864
v -0.188847 -0.0206547 -0.00941863
v -0.188828 -0.02063 -0.00937884
v -0.188812 -0.0206019 -0.00933967
v -0.1888 -0.0205706 -0.00930154
v -0.188791 -0.0205364 -0.00926482
v -0.188788 -0.0204998 -0.00922991
v -0.188788 -0.0204609 -0.00919715
v -0.188792 -0.0204203 -0.0091669
v -0.188801 -0.0203785 -0.00913946
v -0.188813 -0.0203357 -0.00911512
v -0.189006 -0.0206064 -0.009827
v -0.188966 -0.0206139 -0.00979895
v -0.188926 -0.0206172 -0.00976844
v -0.188888 -0.0206162 -0.0097358
v -0.188853 -0.0206111 -0.00970133
v -0.188819 -0.0206019 -0.00966538
v -0.188788 -0.0205886 -0.00962832
v -0.188761 -0.0205714 -0.00959051
v -0.188736 -0.0205504 -0.00955233
v -0.188715 -0.0205259 -0.00951416
v -0.188698 -0.0204982 -0.00947638
v -0.188685 -0.0204674 -0.00943937
v -0.188676 -0.0204339 -0.00940349
v -0.18867 -0.020398 -0.00936911
v -0.188669 -0.0203601 -0.00933657
v -0.188673 -0.0203206 -0.0093062
v -0.18868 -0.0202799 -0.00927828
v -0.188692 -0.0202383 -0.00925312
v -0.188908 -0.0205026 -0.00995206
v -0.188867 -0.0205085 -0.00992634
v -0.188827 -0.0205105 -0.00989821
v -0.188788 -0.0205085 -0.00986794
v -0.188752 -0.0205024 -0.00983583
v -0.188717 -0.0204925 -0.00980219
v -0.188686 -0.0204787 -0.00976733
v -0.188657 -0.0204612 -0.00973159
v -0.188632 -0.0204402 -0.00969532
v -0.18861 -0.0204159 -0.00965887
v -0.188591 -0.0203884 -0.00962258
v -0.188577 -0.0203581 -0.00958681
v -0.188566 -0.0203253 -0.0095519
v -0.18856 -0.0202903 -0.00951818
v -0.188558 -0.0202533 -0.00948599
v -0.18856 -0.0202149 -0.00945562
v -0.188566 -0.0201753 -0.00942737
v -0.188576 -0.0201348 -0.00940152
v -0.188817 -0.0203929 -0.0100857
v -0.188775 -0.0203974 -0.0100623
v -0.188734 -0.0203981 -0.0100366
v -0.188695 -0.020395 -0.0100087
v -0.188658 -0.0203881 -0.009979
v -0.188623 -0.0203774 -0.0099477
v -0.188591 -0.0203632 -0.0099151
v -0.188561 -0.0203454 -0.00988151
v -0.188535 -0.0203244 -0.00984723
v -0.188512 -0.0203001 -0.00981258
v -0.188493 -0.020273 -0.00977789
v -0.188477 -0.0202433 -0.00974347
v -0.188465 -0.0202111 -0.00970964
v -0.188458 -0.0201769 -0.00967672
v -0.188454 -0.0201409 -0.00964501
v -0.188455 -0.0201034 -0.0096148
v -0.188459 -0.0200649 -0.00958638
v -0.188468 -0.0200257 -0.00956
v -0.188733 -0.020278 -0.0102274
v -0.188691 -0.0202811 -0.0102064
v -0.18865 -0.0202805 -0.010183
v -0.18861 -0.0202763 -0.0101576
v -0.188573 -0.0202685 -0.0101303
v -0.188537 -0.0202572 -0.0101014
v -0.188504 -0.0202425 -0.0100711
v -0.188474 -0.0202245 -0.0100397
v -0.188447 -0.0202033 -0.0100075
v -0.188423 -0.0201793 -0.00997473
v -0.188403 -0.0201525 -0.00994172
v -0.188386 -0.0201232 -0.00990876
v -0.188373 -0.0200917 -0.00987614
v -0.188364 -0.0200583 -0.00984415
v -0.188359 -0.0200232 -0.00981307
v -0.188359 -0.0199868 -0.00978318
v -0.188362 -0.0199493 -0.00975475
v -0.188369 -0.0199112 -0.00972802
v -0.188657 -0.0201584 -0.0103765
v -0.188615 -0.02016 -0.0103579
v -0.188574 -0.0201582 -0.0103369
v -0.188534 -0.0201529 -0.010314
v -0.188496 -0.0201443 -0.0102891
v -0.18846 -0.0201324 -0.0102626
v -0.188427 -0.0201172 -0.0102346
v -0.188396 -0.020099 -0.0102054
v -0.188369 -0.0200778 -0.0101753
v -0.188344 -0.0200539 -0.0101445
v -0.188323 -0.0200274 -0.0101133
v -0.188305 -0.0199986 -0.0100819
v -0.188291 -0.0199678 -0.0100506
v -0.188281 -0.0199351 -0.0100197
v -0.188275 -0.0199009 -0.00998939
v -0.188272 -0.0198654 -0.00995999
v -0.188274 -0.019829 -0.00993172
v -0.18828 -0.019792 -0.00990483
v -0.18859 -0.0200347 -0.0105324
v -0.188548 -0.0200349 -0.010516
v -0.188507 -0.0200319 -0.0104975
v -0.188468 -0.0200257 -0.0104769
v -0.18843 -0.0200163 -0.0104544
v -0.188394 -0.0200037 -0.0104303
v -0.18836 -0.0199881 -0.0104047
v -0.188329 -0.0199696 -0.0103778
v -0.188301 -0.0199484 -0.0103499
v -0.188276 -0.0199247 -0.0103211
v -0.188254 -0.0198985 -0.0102917
v -0.188235 -0.0198702 -0.0102619
v -0.18822 -0.01984 -0.0102321
v -0.188209 -0.019808 -0.0102024
v -0.188201 -0.0197747 -0.010173
v -0.188197 -0.0197401 -0.0101442
v -0.188198 -0.0197048 -0.0101163
v -0.188202 -0.0196688 -0.0100894
v -0.188534 -0.0199078 -0.0106939
v -0.188492 -0.0199067 -0.0106798
v -0.188452 -0.0199026 -0.0106636
v -0.188412 -0.0198954 -0.0106454
v -0.188374 -0.0198852 -0.0106253
v -0.188338 -0.019872 -0.0106036
v -0.188305 -0.0198561 -0.0105803
v -0.188273 -0.0198374 -0.0105557
v -0.188245 -0.0198161 -0.0105299
v -0.188219 -0.0197925 -0.0105032
v -0.188196 -0.0197667 -0.0104757
v -0.188177 -0.0197388 -0.0104477
v -0.188161 -0.0197091 -0.0104194
v -0.188148 -0.0196779 -0.010391
v -0.188139 -0.0196454 -0.0103627
v -0.188134 -0.0196118 -0.0103347
v -0.188133 -0.0195773 -0.0103073
v -0.188135 -0.0195424 -0.0102807
v -0.188488 -0.0197786 -0.0108599
v -0.188447 -0.0197763 -0.010848
v -0.188407 -0.0197711 -0.0108341
v -0.188368 -0.019763 -0.0108182
v -0.18833 -0.019752 -0.0108005
v -0.188295 -0.0197383 -0.0107811
v -0.188261 -0.019722 -0.0107602
v -0.188229 -0.0197031 -0.0107378
v -0.1882 -0.0196818 -0.0107143
v -0.188174 -0.0196583 -0.0106896
v -0.188151 -0.0196328 -0.0106641
v -0.188131 -0.0196054 -0.0106379
v -0.188114 -0.0195763 -0.0106112
v -0.1881 -0.0195457 -0.0105842
v -0.18809 -0.019514 -0.0105571
v -0.188084 -0.0194812 -0.0105301
v -0.188081 -0.0194477 -0.0105034
v -0.188082 -0.0194137 -0.0104772
v -0.188454 -0.0196482 -0.0110292
v -0.188414 -0.0196447 -0.0110194
v -0.188374 -0.0196385 -0.0110077
v -0.188335 -0.0196295 -0.0109941
v -0.188298 -0.0196178 -0.0109787
v -0.188263 -0.0196036 -0.0109617
v -0.188229 -0.0195869 -0.010943
v -0.188198 -0.0195678 -0.0109229
v -0.188169 -0.0195466 -0.0109015
v -0.188142 -0.0195232 -0.010879
v -0.188119 -0.0194979 -0.0108555
v -0.188098 -0.0194709 -0.0108311
v -0.18808 -0.0194424 -0.0108061
v -0.188066 -0.0194125 -0.0107807
v -0.188055 -0.0193814 -0.0107549
v -0.188047 -0.0193495 -0.010729
v -0.188042 -0.0193168 -0.0107031
v -0.188042 -0.0192837 -0.0106776
v -0.188432 -0.0195176 -0.0112004
v -0.188392 -0.019513 -0.0111927
v -0.188353 -0.0195057 -0.0111831
v -0.188315 -0.0194959 -0.0111717
v -0.188278 -0.0194836 -0.0111586
v -0.188243 -0.0194689 -0.0111437
v -0.18821 -0.0194519 -0.0111273
v -0.188179 -0.0194326 -0.0111095
v -0.18815 -0.0194113 -0.0110903
v -0.188123 -0.0193881 -0.0110698
v -0.188099 -0.0193631 -0.0110483
v -0.188078 -0.0193365 -0.0110258
v -0.18806 -0.0193084 -0.0110026
v -0.188044 -0.0192791 -0.0109787
v -0.188032 -0.0192488 -0.0109544
v -0.188023 -0.0192176 -0.0109297
v -0.188018 -0.0191857 -0.0109049
v -0.188015 -0.0191535 -0.0108801
v -0.188 -0.014 -0.0125
v -0.188 -0.0144114 -0.0124788
v -0.188 -0.0156023 -0.0121651
v -0.188 -0.0169362 -0.0112164
v -0.188 -0.0169826 -0.0111654
v -0.188 -0.0159707 -0.0119808
v -0.188 -0.0152168 -0.0123104
v -0.188 -0.0148184 -0.0124154
v -0.188 -0.0166412 -0.011504
v -0.188 -0.0163183 -0.0117597
v -0.188012 -0.0172 -0.0109
v -0.188019 -0.0172359 -0.0108522
v -0.188003 -0.0170942 -0.0110349
v -0.188066 -0.0174688 -0.0105416
v -0.188147 -0.0176963 -0.0102383
v -0.188259 -0.0179161 -0.00994517
v -0.188402 -0.018126 -0.00966538
v -0.188573 -0.0183235 -0.00940203
v -0.188771 -0.0185065 -0.00915799
v -0.188993 -0.018673 -0.00893595
v -0.189237 -0.0188213 -0.00873833
v -0.1895 -0.0189495 -0.00856731
v -0.189366 -0.018888 -0.00864937
v -0.195972 -0.0216375 -0.00483052
v -0.196663 -0.0217947 -0.00443158
v -0.197379 -0.0219083 -0.0040181
v -0.195314 -0.0214385 -0.00521033
v -0.194697 -0.0212 -0.00556667
v -0.198854 -0.022 -0.00316667
v -0.198117 -0.0219542 -0.00359239
v -0.0886856 -0.0214385 -0.00521033
v -0.0880277 -0.0216375 -0.00483052
v -0.0866205 -0.0219083 -0.0040181
v -0.0858832 -0.0219542 -0.00359239
v -0.0851458 -0.022 -0.00316667
v -0.0873367 -0.0217947 -0.00443158
v -0.0893027 -0.0212 -0.00556667
v -0.0959344 -0.0174688 -0.0105416
v -0.0958532 -0.0176963 -0.0102383
v -0.0959811 -0.0172359 -0.0108522
v -0.0957406 -0.0179161 -0.00994517
v -0.0959882 -0.0172 -0.0109
v -0.0955981 -0.018126 -0.00966538
v -0.0946339 -0.018888 -0.00864937
v -0.0945 -0.0189495 -0.00856731
v -0.0954271 -0.0183235 -0.00940203
v -0.0947634 -0.0188213 -0.00873833
v -0.0952294 -0.0185065 -0.00915799
v -0.0950074 -0.018673 -0.00893595
v -0.096 -0.0144114 -0.0124788
v -0.096 -0.0148184 -0.0124154
v -0.096 -0.0152168 -0.0123104
v -0.096 -0.0156023 -0.0121651
v -0.096 -0.0159707 -0.0119808
v -0.096 -0.0163183 -0.0117597
v -0.096 -0.0166412 -0.011504
v -0.096 -0.0169362 -0.0112164
v -0.096 -0.0169826 -0.0111654
v -0.0959972 -0.0170942 -0.0110349
v -0.096 -0.014 -0.0125
v -0.0947629 -0.0205498 -0.00873888
v -0.0947387 -0.0205634 -0.00872059
v -0.0945 -0.0206799 -0.00856731
v -0.0950072 -0.0204053 -0.00893613
v -0.0950006 -0.0204099 -0.00892982
v -0.0948709 -0.0204896 -0.00882026
v -0.0952289 -0.0202471 -0.00915848
v -0.0951267 -0.0203241 -0.00904951
v -0.0954259 -0.0200773 -0.00940287
v -0.0953651 -0.0201345 -0.00931971
v -0.0952486 -0.0202323 -0.00917946
v -0.0955972 -0.019898 -0.00966589
v -0.0955776 -0.0199219 -0.0096304
v -0.0954751 -0.020031 -0.00947012
v -0.0957398 -0.0197108 -0.00994559
v -0.0956713 -0.0198077 -0.00980004
v -0.0958516 -0.0195179 -0.0102388
v -0.0958281 -0.0195664 -0.0101644
v -0.0957552 -0.019689 -0.00997835
v -0.095934 -0.0193214 -0.0105418
v -0.095889 -0.0194407 -0.0103571
v -0.0959818 -0.0191233 -0.010852
v -0.095972 -0.0191837 -0.0107568
v -0.0959372 -0.0193128 -0.010555
v -0.096 -0.0189259 -0.0111654
v -0.095993 -0.0190544 -0.0109608
v -0.0775 -0.022 0.00124765
v -0.0772366 -0.022 0.00141867
v -0.0767706 -0.022 0.0171617
v -0.0769926 -0.022 0.0173837
v -0.0761468 -0.022 0.0160813
v -0.0762594 -0.022 0.0163745
v -0.0762594 -0.022 0.00262551
v -0.0761468 -0.022 0.00291867
v -0.0767706 -0.022 0.00183833
v -0.0765729 -0.022 0.00208237
v -0.0769926 -0.022 0.00161629
v -0.076 -0.022 0.0151543
v -0.0765729 -0.022 0.0169176
v -0.0764019 -0.022 0.0166543
v -0.0760164 -0.022 0.0154679
v -0.0764019 -0.022 0.00234572
v -0.0760656 -0.022 0.015778
v -0.0760656 -0.022 0.00322199
v -0.0760164 -0.022 0.00353214
v -0.0775 -0.022 0.0177524
v -0.0772366 -0.022 0.0175813
v -0.076 -0.022 0.00384572
v -0.076 -0.0261651 0.00384572
v -0.076 -0.0261651 0.0151543
v -0.0775 -0.0259372 0.00124765
v -0.0774623 -0.0259429 0.0012698
v -0.0772381 -0.025977 0.00142083
v -0.0771901 -0.0259843 0.00145315
v -0.0769946 -0.026014 0.00161862
v -0.0769401 -0.0260222 0.00166472
v -0.076773 -0.0260476 0.00184068
v -0.076715 -0.0260564 0.00190184
v -0.0765759 -0.0260776 0.00208461
v -0.0765173 -0.0260865 0.00216156
v -0.0764053 -0.0261035 0.00234775
v -0.0763493 -0.026112 0.00244072
v -0.0762631 -0.0261251 0.00262724
v -0.0762128 -0.0261327 0.002736
v -0.0761508 -0.0261421 0.00292002
v -0.0761091 -0.0261485 0.00304394
v -0.0760698 -0.0261545 0.00322292
v -0.0760394 -0.0261591 0.00336097
v -0.0760175 -0.0261624 0.0035218
v -0.0760167 -0.0261625 0.00353216
v -0.0760044 -0.0261644 0.00368354
v -0.076007 -0.026164 0.0153597
v -0.0760467 -0.026158 0.0156816
v -0.0760692 -0.0261545 0.0157772
v -0.0760225 -0.0261616 0.0155212
v -0.0760174 -0.0261624 0.0154678
v -0.076121 -0.0261467 0.0159977
v -0.0761501 -0.0261422 0.0160802
v -0.0762291 -0.0261302 0.0163041
v -0.0762622 -0.0261252 0.0163731
v -0.0763699 -0.0261089 0.0165975
v -0.0764043 -0.0261036 0.0166528
v -0.076542 -0.0260827 0.0168742
v -0.0765749 -0.0260777 0.0169161
v -0.0767434 -0.0260521 0.0171311
v -0.076772 -0.0260478 0.0171603
v -0.076972 -0.0260174 0.017365
v -0.0769935 -0.0260141 0.0173826
v -0.0772252 -0.0259789 0.017573
v -0.0772371 -0.0259771 0.0175807
v -0.0775 -0.0259372 0.0177524
v -0.0759974 -0.0262164 0.00384572
v -0.0759974 -0.0262164 0.0151543
v -0.0759894 -0.0262673 0.00384572
v -0.0759894 -0.0262673 0.0151543
v -0.0759763 -0.026317 0.00384572
v -0.0759763 -0.026317 0.0151543
v -0.0759582 -0.0263652 0.00384572
v -0.0759582 -0.0263652 0.0151543
v -0.0759352 -0.0264112 0.00384572
v -0.0759352 -0.0264112 0.0151543
v -0.0759076 -0.0264546 0.00384572
v -0.0759076 -0.0264546 0.0151543
v -0.0758757 -0.026495 0.00384572
v -0.0758757 -0.026495 0.0151543
v -0.0758398 -0.0265319 0.00384572
v -0.0758398 -0.0265319 0.0151543
v -0.0758003 -0.0265648 0.00384572
v -0.0758003 -0.0265648 0.0151543
v -0.0757576 -0.0265936 0.00384572
v -0.0757576 -0.0265936 0.0151543
v -0.0757122 -0.0266178 0.00384572
v -0.0757122 -0.0266178 0.0151543
v -0.0756646 -0.0266372 0.00384572
v -0.0756646 -0.0266372 0.0151543
v -0.0756152 -0.0266516 0.00384572
v -0.0756152 -0.0266516 0.0151543
v -0.0755646 -0.0266609 0.00384572
v -0.0755646 -0.0266609 0.0151543
v -0.0755697 -0.0266602 0.00365651
v -0.075585 -0.0266582 0.00346781
v -0.0756106 -0.0266549 0.00328018
v -0.0756919 -0.0266443 0.0029103
v -0.0758128 -0.0266285 0.00255105
v -0.0759721 -0.0266078 0.00220656
v -0.0761681 -0.0265823 0.00188087
v -0.0763987 -0.0265523 0.00157786
v -0.0766613 -0.0265181 0.00130122
v -0.0769531 -0.0264801 0.00105438
v -0.0772705 -0.0264387 0.000840478
v -0.0775038 -0.0259905 0.00124214
v -0.0775046 -0.0260433 0.00123168
v -0.0775025 -0.0260948 0.0012164
v -0.0774974 -0.0261445 0.00119648
v -0.0774896 -0.0261918 0.00117214
v -0.0774789 -0.0262361 0.00114367
v -0.0774656 -0.026277 0.00111139
v -0.0774498 -0.0263139 0.00107568
v -0.0774317 -0.0263465 0.00103695
v -0.0774114 -0.0263744 0.000995656
v -0.0773894 -0.0263972 0.000952264
v -0.0773657 -0.0264147 0.000907281
v -0.0773406 -0.0264267 0.000861227
v -0.0773146 -0.026433 0.000814634
v -0.0760018 -0.0262158 0.00368303
v -0.0759939 -0.0262666 0.00368225
v -0.0759808 -0.0263164 0.00368119
v -0.0759627 -0.0263645 0.00367987
v -0.0759398 -0.0264106 0.0036783
v -0.0759122 -0.026454 0.0036765
v -0.0758803 -0.0264944 0.00367449
v -0.0758445 -0.0265312 0.00367229
v -0.0758051 -0.0265642 0.00366993
v -0.0757625 -0.0265929 0.00366742
v -0.0757171 -0.0266171 0.00366479
v -0.0756695 -0.0266365 0.00366208
v -0.0756202 -0.0266509 0.00365931
v -0.076015 -0.0262138 0.0035208
v -0.0760072 -0.0262647 0.00351923
v -0.0759942 -0.0263144 0.00351712
v -0.0759762 -0.0263626 0.00351448
v -0.0759534 -0.0264086 0.00351136
v -0.075926 -0.0264521 0.00350776
v -0.0758943 -0.0264924 0.00350375
v -0.0758587 -0.0265293 0.00349936
v -0.0758194 -0.0265623 0.00349463
v -0.075777 -0.026591 0.00348961
v -0.0757319 -0.0266152 0.00348437
v -0.0756845 -0.0266346 0.00347895
v -0.076037 -0.0262105 0.00335948
v -0.0760293 -0.0262614 0.00335714
v -0.0760165 -0.0263112 0.00335398
v -0.0759988 -0.0263594 0.00335004
v -0.0759762 -0.0264054 0.00334536
v -0.075949 -0.0264489 0.00333999
v -0.0759176 -0.0264892 0.00333398
v -0.0758822 -0.0265261 0.00332741
v -0.0758433 -0.0265591 0.00332033
v -0.0758012 -0.0265878 0.00331282
v -0.0757564 -0.026612 0.00330497
v -0.0756354 -0.026649 0.00347341
v -0.0757093 -0.0266313 0.00329685
v -0.076107 -0.0262 0.0030415
v -0.0760998 -0.026251 0.00303766
v -0.0760876 -0.0263008 0.00303246
v -0.0760705 -0.0263491 0.00302596
v -0.0760486 -0.0263952 0.00301823
v -0.0760222 -0.0264387 0.00300935
v -0.0759917 -0.0264791 0.00299941
v -0.0759572 -0.026516 0.00298853
v -0.0759192 -0.0265489 0.00297681
v -0.0758782 -0.0265776 0.00296438
v -0.0758344 -0.0266017 0.00295137
v -0.0756605 -0.0266457 0.00328856
v -0.0757884 -0.026621 0.00293793
v -0.0762112 -0.0261844 0.0027327
v -0.0762047 -0.0262355 0.00272745
v -0.0761933 -0.0262855 0.0027203
v -0.076177 -0.0263338 0.00271134
v -0.0761562 -0.02638 0.00270067
v -0.0761311 -0.0264236 0.00268838
v -0.0761018 -0.026464 0.00267463
v -0.0760687 -0.0265009 0.00265955
v -0.0760322 -0.0265338 0.0026433
v -0.0759926 -0.0265624 0.00262607
v -0.0759505 -0.0265865 0.00260803
v -0.0757408 -0.0266352 0.00292419
v -0.0759061 -0.0266056 0.00258938
v -0.0763484 -0.0261638 0.00243666
v -0.0763428 -0.0262151 0.00243012
v -0.0763324 -0.0262652 0.00242115
v -0.0763174 -0.0263137 0.00240987
v -0.076298 -0.02636 0.00239639
v -0.0762744 -0.0264037 0.00238085
v -0.0762468 -0.0264441 0.00236343
v -0.0762155 -0.026481 0.00234431
v -0.0761809 -0.0265139 0.00232371
v -0.0761434 -0.0265425 0.00230184
v -0.0761033 -0.0265664 0.00227893
v -0.0758601 -0.0266197 0.00257032
v -0.0760611 -0.0265853 0.00225525
v -0.0765172 -0.0261385 0.00215688
v -0.0765126 -0.02619 0.00214918
v -0.0765035 -0.0262403 0.00213856
v -0.07649 -0.026289 0.00212512
v -0.0764723 -0.0263354 0.00210901
v -0.0764506 -0.0263792 0.00209041
v -0.0764251 -0.0264197 0.00206952
v -0.076396 -0.0264566 0.00204657
v -0.0763638 -0.0264895 0.00202182
v -0.0763288 -0.0265179 0.00199552
v -0.0762912 -0.0265416 0.00196797
v -0.0760172 -0.0265992 0.00223103
v -0.0762517 -0.0265604 0.00193947
v -0.0767157 -0.0261087 0.00189669
v -0.0767123 -0.0261605 0.00188802
v -0.0767046 -0.026211 0.00187591
v -0.0766929 -0.0262599 0.00186052
v -0.0766772 -0.0263065 0.001842
v -0.0766577 -0.0263504 0.00182057
v -0.0766347 -0.026391 0.00179645
v -0.0766083 -0.0264279 0.00176992
v -0.0765789 -0.0264607 0.00174126
v -0.0765467 -0.026489 0.0017108
v -0.0765123 -0.0265126 0.00167887
v -0.0762105 -0.026574 0.00191033
v -0.0764758 -0.0265311 0.00164583
v -0.0769418 -0.0260748 0.00165927
v -0.0769396 -0.0261268 0.0016498
v -0.0769336 -0.0261777 0.00163644
v -0.0769238 -0.0262268 0.00161932
v -0.0769104 -0.0262736 0.00159864
v -0.0768935 -0.0263176 0.00157463
v -0.0768732 -0.0263583 0.00154757
v -0.0768498 -0.0263952 0.00151774
v -0.0768236 -0.0264279 0.00148549
v -0.0767949 -0.0264561 0.00145117
v -0.0767639 -0.0264795 0.00141518
v -0.0764378 -0.0265444 0.00161203
v -0.0767311 -0.0264977 0.00137791
v -0.0771928 -0.0260372 0.00144757
v -0.077192 -0.0260895 0.00143752
v -0.0771878 -0.0261406 0.00142312
v -0.0771802 -0.02619 0.00140453
v -0.0771692 -0.026237 0.00138197
v -0.0771551 -0.0262812 0.00135568
v -0.0771379 -0.0263219 0.00132597
v -0.0771179 -0.0263589 0.00129318
v -0.0770953 -0.0263916 0.00125767
v -0.0770704 -0.0264196 0.00121986
v -0.0770433 -0.0264427 0.00118016
v -0.0766968 -0.0265106 0.00133978
v -0.0770146 -0.0264606 0.00113904
v -0.0774659 -0.0259962 0.00126427
v -0.0774665 -0.0260489 0.00125385
v -0.0774642 -0.0261004 0.00123866
v -0.0774588 -0.02615 0.00121887
v -0.0774506 -0.0261973 0.00119472
v -0.0774395 -0.0262416 0.00116648
v -0.0774257 -0.0262825 0.00113448
v -0.0774094 -0.0263194 0.00109909
v -0.0773907 -0.026352 0.00106071
v -0.0773699 -0.0263799 0.00101979
v -0.0773472 -0.0264028 0.000976808
v -0.0769844 -0.0264731 0.00109695
v -0.0773229 -0.0264203 0.000932248
v -0.0772973 -0.0264323 0.000886629
v -0.0839545 -0.0250968 -0.00247884
v -0.0839575 -0.0251361 -0.00248242
v -0.083958 -0.0251501 -0.00248466
v -0.083959 -0.0251752 -0.0024887
v -0.0839589 -0.0252028 -0.00249508
v -0.0839589 -0.0252138 -0.00249763
v -0.0839571 -0.0252517 -0.00250916
v -0.0839569 -0.0252543 -0.00251017
v -0.0839538 -0.0252886 -0.00252323
v -0.0839517 -0.0253039 -0.0025303
v -0.0839489 -0.0253243 -0.00253973
v -0.0839439 -0.0253512 -0.00255454
v -0.0839425 -0.0253585 -0.00255858
v -0.0839346 -0.0253912 -0.00257964
v -0.0839333 -0.0253955 -0.00258294
v -0.0839252 -0.0254219 -0.00260279
v -0.0839199 -0.0254363 -0.00261533
v -0.0839145 -0.0254507 -0.00262788
v -0.0839024 -0.0254772 -0.00265475
v -0.0838891 -0.0255013 -0.00268324
v -0.0839042 -0.0254734 -0.00265091
v -0.083886 -0.0255059 -0.00268965
v -0.0838747 -0.0255229 -0.00271316
v -0.0838658 -0.0255337 -0.00273097
v -0.0838591 -0.0255418 -0.00274433
v -0.0838426 -0.0255579 -0.00277656
v -0.0838252 -0.0255711 -0.00280963
v -0.0838438 -0.0255567 -0.00277426
v -0.0838201 -0.025574 -0.00281926
v -0.0838071 -0.0255813 -0.00284335
v -0.083795 -0.0255859 -0.0028653
v -0.0837883 -0.0255885 -0.00287749
v -0.083769 -0.0255926 -0.00291185
v -0.0887893 -0.0237155 -0.00527021
v -0.0872528 -0.0243273 -0.00438314
v -0.0856364 -0.0247905 -0.00344991
v -0.0895878 -0.0233186 -0.00573124
v -0.0945184 -0.0207291 -0.00858132
v -0.0896061 -0.0233679 -0.00574525
v -0.0945335 -0.0207778 -0.00860029
v -0.0896213 -0.0234165 -0.00576422
v -0.0945454 -0.0208252 -0.00862398
v -0.0896332 -0.023464 -0.00578792
v -0.0945537 -0.020871 -0.00865213
v -0.0896415 -0.0235098 -0.00581606
v -0.0945584 -0.0209145 -0.0086844
v -0.0896462 -0.0235533 -0.00584833
v -0.0945595 -0.0209553 -0.0087204
v -0.0896473 -0.023594 -0.00588433
v -0.094557 -0.0209927 -0.00875971
v -0.0896448 -0.0236315 -0.00592364
v -0.0945508 -0.0210265 -0.00880187
v -0.0896386 -0.0236652 -0.0059658
v -0.094541 -0.0210562 -0.00884637
v -0.0896288 -0.0236949 -0.00601031
v -0.0945278 -0.0210814 -0.0088927
v -0.0896156 -0.0237202 -0.00605663
v -0.0945114 -0.0211019 -0.00894029
v -0.0895991 -0.0237406 -0.00610423
v -0.0944918 -0.0211174 -0.0089886
v -0.0895796 -0.0237561 -0.00615254
v -0.0944694 -0.0211277 -0.00903705
v -0.0895571 -0.0237664 -0.00620098
v -0.0944443 -0.0211327 -0.00908506
v -0.0895321 -0.0237715 -0.006249
v -0.094417 -0.0211324 -0.00913207
v -0.0895048 -0.0237711 -0.00629601
v -0.0943877 -0.0211267 -0.00917752
v -0.0894755 -0.0237654 -0.00634146
v -0.0943568 -0.0211157 -0.00922088
v -0.0894446 -0.0237545 -0.00638481
v -0.0943246 -0.0210996 -0.00926163
v -0.0894124 -0.0237383 -0.00642556
v -0.0942915 -0.0210785 -0.00929928
v -0.0893793 -0.0237172 -0.00646322
v -0.0955804 -0.0193207 -0.0114615
v -0.0955415 -0.0193245 -0.0114643
v -0.0956187 -0.0193144 -0.0114568
v -0.0955941 -0.0193184 -0.0114598
v -0.0956456 -0.0193083 -0.0114522
v -0.0956563 -0.0193058 -0.0114503
v -0.095693 -0.0192949 -0.0114421
v -0.0957285 -0.0192817 -0.0114322
v -0.0956956 -0.0192939 -0.0114414
v -0.0957626 -0.0192663 -0.0114207
v -0.0957431 -0.0192751 -0.0114273
v -0.0957881 -0.0192525 -0.0114104
v -0.0957951 -0.0192488 -0.0114076
v -0.0958257 -0.0192293 -0.011393
v -0.0958544 -0.019208 -0.011377
v -0.0958298 -0.0192263 -0.0113907
v -0.0958809 -0.019185 -0.0113597
v -0.0958677 -0.0191965 -0.0113684
v -0.0959016 -0.0191639 -0.0113439
v -0.0959051 -0.0191604 -0.0113412
v -0.0959268 -0.0191343 -0.0113217
v -0.0959458 -0.019107 -0.0113012
v -0.0959308 -0.0191284 -0.0113173
v -0.0959622 -0.0190785 -0.0112799
v -0.0959552 -0.0190907 -0.011289
v -0.0959747 -0.0190512 -0.0112594
v -0.0959757 -0.0190491 -0.0112578
v -0.0959863 -0.019019 -0.0112352
v -0.0959939 -0.0189883 -0.0112122
v -0.0959884 -0.0190102 -0.0112286
v -0.0959985 -0.0189572 -0.0111888
v -0.0959968 -0.0189683 -0.0111972
v -0.0955357 -0.019453 -0.0112938
v -0.0955182 -0.0195823 -0.0111238
v -0.0954892 -0.0197114 -0.0109557
v -0.0954491 -0.0198393 -0.0107907
v -0.0953983 -0.019965 -0.0106302
v -0.0953375 -0.0200876 -0.0104752
v -0.0952676 -0.0202064 -0.0103266
v -0.0951895 -0.0203205 -0.0101852
v -0.0951041 -0.0204296 -0.0100516
v -0.0950124 -0.0205332 -0.00992629
v -0.0949153 -0.0206309 -0.00980941
v -0.0948138 -0.0207227 -0.00970112
v -0.0947087 -0.0208085 -0.00960138
v -0.0946006 -0.0208882 -0.00951008
v -0.0944904 -0.020962 -0.00942702
v -0.0955756 -0.0194503 -0.0112891
v -0.0956149 -0.0194451 -0.0112825
v -0.0956534 -0.0194374 -0.011274
v -0.0956909 -0.0194272 -0.0112637
v -0.0957272 -0.0194146 -0.0112517
v -0.0957619 -0.0193996 -0.011238
v -0.0957949 -0.0193824 -0.0112227
v -0.095826 -0.0193631 -0.011206
v -0.0958549 -0.0193418 -0.0111879
v -0.0958815 -0.0193187 -0.0111685
v -0.0959055 -0.0192938 -0.011148
v -0.0959269 -0.0192674 -0.0111266
v -0.0959455 -0.0192396 -0.0111043
v -0.0959612 -0.0192106 -0.0110812
v -0.0959739 -0.0191806 -0.0110576
v -0.0959835 -0.0191497 -0.0110336
v -0.0959899 -0.0191183 -0.0110094
v -0.0959931 -0.0190864 -0.0109851
v -0.095559 -0.0195809 -0.0111172
v -0.0955991 -0.0195768 -0.0111085
v -0.0956385 -0.01957 -0.0110979
v -0.0956767 -0.0195606 -0.0110855
v -0.0957136 -0.0195486 -0.0110712
v -0.0957489 -0.0195342 -0.0110553
v -0.0957823 -0.0195173 -0.0110378
v -0.0958136 -0.0194981 -0.0110189
v -0.0958426 -0.0194768 -0.0109986
v -0.0958691 -0.0194535 -0.0109772
v -0.0958929 -0.0194284 -0.0109547
v -0.0959139 -0.0194016 -0.0109313
v -0.095932 -0.0193733 -0.0109072
v -0.0959469 -0.0193437 -0.0108826
v -0.0959586 -0.0193131 -0.0108575
v -0.095967 -0.0192815 -0.0108322
v -0.0959721 -0.0192493 -0.0108069
v -0.0959737 -0.0192166 -0.0107817
v -0.0955307 -0.0197114 -0.010947
v -0.0955716 -0.0197084 -0.0109363
v -0.0956116 -0.0197027 -0.0109235
v -0.0956504 -0.0196941 -0.0109088
v -0.0956878 -0.0196828 -0.0108923
v -0.0957234 -0.0196688 -0.0108741
v -0.0957571 -0.0196522 -0.0108544
v -0.0957885 -0.0196333 -0.0108332
v -0.0958175 -0.019612 -0.0108107
v -0.0958439 -0.0195886 -0.0107872
v -0.0958673 -0.0195632 -0.0107627
v -0.0958878 -0.019536 -0.0107375
v -0.0959051 -0.0195071 -0.0107116
v -0.0959191 -0.0194769 -0.0106854
v -0.0959298 -0.0194456 -0.010659
v -0.0959369 -0.0194132 -0.0106325
v -0.0959406 -0.0193801 -0.0106063
v -0.0959407 -0.0193466 -0.0105804
v -0.0954912 -0.0198406 -0.01078
v -0.0955326 -0.0198389 -0.0107671
v -0.0955731 -0.0198342 -0.010752
v -0.0956124 -0.0198265 -0.0107351
v -0.0956501 -0.0198159 -0.0107162
v -0.095686 -0.0198025 -0.0106957
v -0.0957198 -0.0197863 -0.0106737
v -0.0957512 -0.0197675 -0.0106503
v -0.09578 -0.0197463 -0.0106256
v -0.095806 -0.0197227 -0.0106
v -0.095829 -0.019697 -0.0105735
v -0.0958488 -0.0196694 -0.0105465
v -0.0958653 -0.01964 -0.010519
v -0.0958783 -0.0196092 -0.0104913
v -0.0958878 -0.019577 -0.0104636
v -0.0958936 -0.0195439 -0.0104361
v -0.0958958 -0.0195099 -0.0104091
v -0.0958943 -0.0194754 -0.0103827
v -0.0954408 -0.0199678 -0.0106173
v -0.0954826 -0.0199674 -0.0106021
v -0.0955235 -0.0199637 -0.0105848
v -0.095563 -0.019957 -0.0105655
v -0.0956009 -0.0199471 -0.0105444
v -0.0956369 -0.0199343 -0.0105215
v -0.0956706 -0.0199185 -0.0104971
v -0.0957019 -0.0198999 -0.0104714
v -0.0957304 -0.0198787 -0.0104446
v -0.095756 -0.019855 -0.0104169
v -0.0957784 -0.019829 -0.0103886
v -0.0957974 -0.0198009 -0.0103597
v -0.095813 -0.019771 -0.0103307
v -0.0958249 -0.0197394 -0.0103016
v -0.0958331 -0.0197065 -0.0102728
v -0.0958376 -0.0196725 -0.0102445
v -0.0958382 -0.0196376 -0.0102168
v -0.095835 -0.0196021 -0.01019
v -0.0953803 -0.0200919 -0.0104601
v -0.0954224 -0.0200928 -0.0104427
v -0.0954634 -0.0200903 -0.010423
v -0.0955031 -0.0200845 -0.0104013
v -0.095541 -0.0200755 -0.0103778
v -0.0955769 -0.0200632 -0.0103526
v -0.0956104 -0.0200478 -0.0103259
v -0.0956414 -0.0200294 -0.0102979
v -0.0956695 -0.0200082 -0.010269
v -0.0956944 -0.0199844 -0.0102393
v -0.0957161 -0.0199581 -0.010209
v -0.0957343 -0.0199296 -0.0101785
v -0.0957489 -0.019899 -0.010148
v -0.0957596 -0.0198668 -0.0101177
v -0.0957666 -0.019833 -0.0100879
v -0.0957696 -0.0197981 -0.0100588
v -0.0957687 -0.0197622 -0.0100307
v -0.0957639 -0.0197258 -0.0100038
v -0.0953105 -0.0202121 -0.0103093
v -0.0953526 -0.0202144 -0.0102896
v -0.0953936 -0.0202131 -0.0102676
v -0.0954332 -0.0202084 -0.0102435
v -0.095471 -0.0202001 -0.0102176
v -0.0955066 -0.0201884 -0.01019
v -0.0955399 -0.0201735 -0.010161
v -0.0955704 -0.0201553 -0.0101308
v -0.0955979 -0.0201342 -0.0100998
v -0.0956222 -0.0201102 -0.0100681
v -0.095643 -0.0200836 -0.0100361
v -0.0956603 -0.0200546 -0.010004
v -0.0956737 -0.0200234 -0.00997205
v -0.0956833 -0.0199904 -0.00994064
v -0.0956889 -0.0199558 -0.00990997
v -0.0956905 -0.01992 -0.00988033
v -0.0956881 -0.0198831 -0.00985197
v -0.0956817 -0.0198456 -0.00982513
v -0.0952322 -0.0203279 -0.0101657
v -0.0952742 -0.0203315 -0.0101437
v -0.0953151 -0.0203315 -0.0101193
v -0.0953544 -0.0203277 -0.0100929
v -0.0953918 -0.0203203 -0.0100645
v -0.0954271 -0.0203093 -0.0100346
v -0.0954598 -0.0202948 -0.0100033
v -0.0954897 -0.0202769 -0.00997095
v -0.0955166 -0.0202558 -0.00993784
v -0.0955401 -0.0202317 -0.00990426
v -0.09556 -0.0202047 -0.00987052
v -0.0955762 -0.0201753 -0.00983693
v -0.0955885 -0.0201435 -0.00980378
v -0.0955969 -0.0201097 -0.00977137
v -0.0956012 -0.0200742 -0.00974
v -0.0956014 -0.0200374 -0.00970996
v -0.0955975 -0.0199995 -0.00968151
v -0.0955895 -0.0199609 -0.00965491
v -0.0951465 -0.0204385 -0.0100299
v -0.0951882 -0.0204436 -0.0100056
v -0.0952286 -0.0204448 -0.00997885
v -0.0952675 -0.0204421 -0.00995001
v -0.0953045 -0.0204356 -0.00991931
v -0.0953392 -0.0204252 -0.00988705
v -0.0953713 -0.0204112 -0.00985352
v -0.0954004 -0.0203935 -0.00981904
v -0.0954264 -0.0203725 -0.00978393
v -0.095449 -0.0203482 -0.00974854
v -0.095468 -0.020321 -0.00971318
v -0.0954831 -0.020291 -0.00967819
v -0.0954943 -0.0202586 -0.0096439
v -0.0955014 -0.020224 -0.00961064
v -0.0955044 -0.0201876 -0.00957871
v -0.0955032 -0.0201498 -0.00954842
v -0.0954979 -0.0201108 -0.00952005
v -0.0954885 -0.0200711 -0.00949387
v -0.0950543 -0.0205437 -0.00990234
v -0.0950954 -0.0205502 -0.00987571
v -0.0951353 -0.0205527 -0.00984666
v -0.0951735 -0.0205511 -0.00981546
v -0.0952098 -0.0205454 -0.00978243
v -0.0952438 -0.0205358 -0.00974788
v -0.0952751 -0.0205222 -0.00971215
v -0.0953034 -0.0205048 -0.0096756
v -0.0953285 -0.0204838 -0.00963858
v -0.0953501 -0.0204594 -0.00960144
v -0.095368 -0.0204318 -0.00956456
v -0.095382 -0.0204013 -0.0095283
v -0.095392 -0.0203683 -0.00949299
v -0.0953979 -0.0203329 -0.009459
v -0.0953996 -0.0202956 -0.00942666
v -0.0953971 -0.0202567 -0.00939627
v -0.0953905 -0.0202167 -0.00936814
v -0.0953798 -0.0201758 -0.00934253
v -0.0949565 -0.0206431 -0.00978327
v -0.0949969 -0.0206511 -0.00975438
v -0.095036 -0.0206548 -0.00972301
v -0.0950734 -0.0206543 -0.0096895
v -0.0951089 -0.0206496 -0.00965418
v -0.0951419 -0.0206406 -0.00961741
v -0.0951723 -0.0206274 -0.00957955
v -0.0951996 -0.0206103 -0.009541
v -0.0952237 -0.0205894 -0.00950214
v -0.0952442 -0.0205649 -0.00946336
v -0.095261 -0.020537 -0.00942506
v -0.0952738 -0.020506 -0.00938762
v -0.0952826 -0.0204723 -0.00935142
v -0.0952873 -0.0204361 -0.00931683
v -0.0952878 -0.0203979 -0.0092842
v -0.0952841 -0.020358 -0.00925385
v -0.0952763 -0.0203168 -0.0092261
v -0.0952644 -0.0202748 -0.00920122
v -0.0948541 -0.0207365 -0.00967282
v -0.0948935 -0.0207459 -0.0096417
v -0.0949316 -0.020751 -0.00960807
v -0.094968 -0.0207516 -0.0095723
v -0.0950025 -0.0207477 -0.00953475
v -0.0950345 -0.0207394 -0.00949582
v -0.0950638 -0.0207268 -0.00945591
v -0.09509 -0.02071 -0.00941543
v -0.0951129 -0.0206891 -0.00937482
v -0.0951323 -0.0206644 -0.0093345
v -0.0951479 -0.0206362 -0.00929488
v -0.0951596 -0.0206047 -0.00925638
v -0.0951672 -0.0205703 -0.0092194
v -0.0951708 -0.0205333 -0.00918433
v -0.0951701 -0.0204942 -0.00915153
v -0.0951653 -0.0204532 -0.00912135
v -0.0951564 -0.0204109 -0.00909411
v -0.0951435 -0.0203678 -0.00907007
v -0.0947478 -0.0208238 -0.00957098
v -0.094786 -0.0208347 -0.00953768
v -0.094823 -0.0208411 -0.00950186
v -0.0948583 -0.0208428 -0.00946389
v -0.0948915 -0.0208398 -0.00942419
v -0.0949223 -0.0208322 -0.00938317
v -0.0949504 -0.0208201 -0.00934129
v -0.0949754 -0.0208035 -0.00929898
v -0.0949971 -0.0207827 -0.00925672
v -0.0950153 -0.0207579 -0.00921494
v -0.0950297 -0.0207294 -0.00917411
v -0.0950402 -0.0206974 -0.00913466
v -0.0950467 -0.0206623 -0.00909701
v -0.0950491 -0.0206245 -0.00906157
v -0.0950474 -0.0205844 -0.00902873
v -0.0950416 -0.0205425 -0.00899882
v -0.0950318 -0.0204991 -0.00897219
v -0.0950181 -0.0204547 -0.0089491
v -0.0946384 -0.0209051 -0.00947764
v -0.0946753 -0.0209175 -0.00944225
v -0.0947109 -0.0209251 -0.0094043
v -0.0947448 -0.0209278 -0.00936421
v -0.0947767 -0.0209258 -0.00932243
v -0.0948062 -0.0209189 -0.00927942
v -0.0948329 -0.0209072 -0.00923566
v -0.0948566 -0.020891 -0.00919162
v -0.0948771 -0.0208703 -0.0091478
v -0.0948939 -0.0208453 -0.00910467
v -0.0949071 -0.0208165 -0.00906273
v -0.0949165 -0.020784 -0.00902243
v -0.0949219 -0.0207483 -0.00898421
v -0.0949232 -0.0207097 -0.00894851
v -0.0949206 -0.0206687 -0.00891571
v -0.0949139 -0.0206257 -0.00888618
v -0.0949034 -0.0205811 -0.00886024
v -0.094889 -0.0205356 -0.00883819
v -0.0945267 -0.0209805 -0.00939262
v -0.094562 -0.0209942 -0.00935521
v -0.0945961 -0.021003 -0.00931522
v -0.0946285 -0.0210069 -0.00927311
v -0.0946589 -0.0210057 -0.00922935
v -0.0946868 -0.0209995 -0.00918444
v -0.0947121 -0.0209883 -0.00913889
v -0.0947344 -0.0209723 -0.00909322
v -0.0947535 -0.0209517 -0.00904794
v -0.0947691 -0.0209267 -0.00900357
v -0.094781 -0.0208975 -0.00896062
v -0.0947892 -0.0208646 -0.00891957
v -0.0947935 -0.0208282 -0.00888088
v -0.0947939 -0.0207888 -0.008845
v -0.0947904 -0.0207469 -0.00881233
v -0.094783 -0.0207029 -0.00878325
v -0.0947719 -0.0206572 -0.00875809
v -0.094757 -0.0206106 -0.00873712
v -0.096 -0.0184291 -0.0118278
v -0.0959975 -0.0184687 -0.0118575
v -0.095997 -0.0184715 -0.0118596
v -0.0959902 -0.0185079 -0.0118869
v -0.0959744 -0.0185543 -0.0119217
v -0.095978 -0.0185463 -0.0119157
v -0.0959885 -0.0185134 -0.011891
v -0.0959612 -0.0185836 -0.0119437
v -0.0959551 -0.0185939 -0.0119514
v -0.0959398 -0.0186194 -0.0119705
v -0.0959013 -0.0186669 -0.0120061
v -0.0959306 -0.0186315 -0.0119796
v -0.0959141 -0.0186533 -0.0119959
v -0.0958843 -0.018685 -0.0120197
v -0.0958675 -0.0186996 -0.0120307
v -0.0958507 -0.0187142 -0.0120416
v -0.0958296 -0.0187293 -0.0120529
v -0.0958137 -0.0187406 -0.0120614
v -0.0957879 -0.0187556 -0.0120726
v -0.0957736 -0.0187639 -0.0120789
v -0.095743 -0.0187782 -0.0120896
v -0.0956954 -0.0187969 -0.0121036
v -0.0957308 -0.0187839 -0.0120939
v -0.0956858 -0.0188004 -0.0121063
v -0.0956456 -0.0188115 -0.0121146
v -0.0955941 -0.0188218 -0.0121223
v -0.0956389 -0.0188133 -0.012116
v -0.0955907 -0.0188225 -0.0121228
v -0.0955415 -0.0188277 -0.0121267
v -0.0852359 -0.0253117 -0.00384057
v -0.084496 -0.0254534 -0.00337212
v -0.0854467 -0.0252713 -0.00397406
v -0.0867404 -0.0248808 -0.00479333
v -0.0859847 -0.0251177 -0.00431472
v -0.0870559 -0.0247818 -0.00499313
v -0.0855708 -0.0252475 -0.00405263
v -0.0872359 -0.0247254 -0.00510714
v -0.0871196 -0.0247619 -0.00503349
v -0.0878129 -0.0244702 -0.00547207
v -0.0881524 -0.02432 -0.00568674
v -0.0874723 -0.0246208 -0.00525665
v -0.0884897 -0.0241708 -0.00590008
v -0.0885825 -0.0241298 -0.00595877
v -0.0888005 -0.0240333 -0.00609664
v -0.0888205 -0.0240224 -0.00610933
v -0.085643 -0.0248335 -0.00345593
v -0.0856476 -0.0248761 -0.00346525
v -0.0856502 -0.0249181 -0.00347779
v -0.0856508 -0.0249591 -0.00349345
v -0.0856493 -0.0249988 -0.00351212
v -0.0856458 -0.0250369 -0.00353364
v -0.0856403 -0.0250731 -0.00355785
v -0.0856328 -0.0251071 -0.00358457
v -0.0856235 -0.0251387 -0.00361359
v -0.0856123 -0.0251676 -0.00364469
v -0.0855993 -0.0251936 -0.00367762
v -0.0855848 -0.0252165 -0.00371214
v -0.0855687 -0.0252361 -0.00374797
v -0.0855512 -0.0252523 -0.00378484
v -0.0855324 -0.0252649 -0.00382247
v -0.0855125 -0.0252738 -0.00386056
v -0.0854916 -0.025279 -0.00389883
v -0.08547 -0.0252805 -0.00393697
v -0.0872634 -0.0243733 -0.00439193
v -0.0872716 -0.0244189 -0.00440464
v -0.0872773 -0.0244637 -0.00442116
v -0.0872805 -0.0245072 -0.00444132
v -0.0872812 -0.024549 -0.00446495
v -0.0872792 -0.0245888 -0.00449182
v -0.0872747 -0.0246262 -0.00452168
v -0.0872677 -0.0246608 -0.00455427
v -0.0872582 -0.0246923 -0.00458928
v -0.0872464 -0.0247205 -0.00462638
v -0.0872323 -0.024745 -0.00466523
v -0.0872162 -0.0247657 -0.00470548
v -0.087198 -0.0247823 -0.00474675
v -0.087178 -0.0247947 -0.00478866
v -0.0871564 -0.0248028 -0.00483082
v -0.0871334 -0.0248065 -0.00487285
v -0.0871092 -0.0248058 -0.00491436
v -0.087084 -0.0248007 -0.00495496
v -0.0888046 -0.0237638 -0.00528219
v -0.088817 -0.0238117 -0.00529874
v -0.0888264 -0.0238585 -0.00531969
v -0.0888327 -0.0239037 -0.00534481
v -0.0888358 -0.0239469 -0.00537382
v -0.0888357 -0.0239875 -0.00540641
v -0.0888324 -0.0240253 -0.00544222
v -0.0888258 -0.0240596 -0.00548087
v -0.0888162 -0.0240902 -0.00552194
v -0.0888036 -0.0241168 -0.00556497
v -0.0887881 -0.0241389 -0.00560951
v -0.0887698 -0.0241565 -0.00565507
v -0.0887491 -0.0241693 -0.00570114
v -0.0887261 -0.0241772 -0.00574725
v -0.0887011 -0.02418 -0.00579287
v -0.0886743 -0.0241778 -0.00583752
v -0.088646 -0.0241706 -0.00588071
v -0.0886166 -0.0241584 -0.00592197
v -0.048 -0.030232 -0.00250185
v -0.048 -0.03025 -0.00216667
v -0.048 -0.0301928 -0.00280585
v -0.048 -0.030227 -0.00259485
v -0.048 -0.0301383 -0.00309091
v -0.048 -0.0301583 -0.0030181
v -0.048 -0.0300624 -0.00336732
v -0.048 -0.0300158 -0.00350501
v -0.048 -0.0300447 -0.00343158
v -0.048 -0.0299611 -0.00364392
v -0.048 -0.0299044 -0.00378763
v -0.048 -0.0298342 -0.00393237
v -0.048 -0.0298875 -0.00383052
v -0.048 -0.0297555 -0.00408248
v -0.048 -0.0296692 -0.00423926
v -0.048 -0.0296885 -0.00421033
v -0.048 -0.02945 -0.00456667
v -0.0775038 -0.0259905 0.0177579
v -0.0775046 -0.0260433 0.0177683
v -0.0775025 -0.0260948 0.0177836
v -0.0774974 -0.0261445 0.0178035
v -0.0774896 -0.0261918 0.0178279
v -0.0774789 -0.0262361 0.0178563
v -0.0774656 -0.026277 0.0178886
v -0.0774498 -0.0263139 0.0179243
v -0.0774317 -0.0263465 0.017963
v -0.0774114 -0.0263744 0.0180043
v -0.0773894 -0.0263972 0.0180477
v -0.0773657 -0.0264147 0.0180927
v -0.0773406 -0.0264267 0.0181388
v -0.0773146 -0.026433 0.0181854
v -0.0769939 -0.0264747 0.0179761
v -0.0766986 -0.0265132 0.0177334
v -0.0764319 -0.0265479 0.0174606
v -0.0761969 -0.0265785 0.0171609
v -0.0759961 -0.0266047 0.016838
v -0.0758318 -0.0266261 0.0164958
v -0.0757057 -0.0266425 0.0161382
v -0.0756191 -0.0266538 0.0157695
v -0.0755908 -0.0266574 0.0155823
v -0.0755728 -0.0266598 0.0153939
v -0.077228 -0.0260319 0.0175785
v -0.0772274 -0.0260843 0.0175886
v -0.0772234 -0.0261355 0.0176032
v -0.077216 -0.0261849 0.0176219
v -0.0772054 -0.0262319 0.0176447
v -0.0771917 -0.0262761 0.0176713
v -0.077175 -0.0263169 0.0177013
v -0.0771554 -0.0263538 0.0177345
v -0.0771334 -0.0263865 0.0177704
v -0.0771089 -0.0264145 0.0178086
v -0.0770825 -0.0264376 0.0178488
v -0.0770543 -0.0264554 0.0178904
v -0.0770246 -0.0264679 0.017933
v -0.0769738 -0.02607 0.0173705
v -0.0769718 -0.0261221 0.01738
v -0.0769661 -0.026173 0.0173935
v -0.0769566 -0.0262221 0.0174109
v -0.0769435 -0.0262689 0.0174318
v -0.0769269 -0.0263129 0.0174561
v -0.076907 -0.0263536 0.0174836
v -0.0768841 -0.0263905 0.0175138
v -0.0768583 -0.0264233 0.0175465
v -0.0768301 -0.0264515 0.0175813
v -0.0767996 -0.0264748 0.0176178
v -0.0767673 -0.026493 0.0176556
v -0.0767335 -0.0265058 0.0176943
v -0.0767443 -0.0261045 0.0171363
v -0.076741 -0.0261562 0.0171451
v -0.0767336 -0.0262068 0.0171574
v -0.0767221 -0.0262557 0.017173
v -0.0767067 -0.0263023 0.0171918
v -0.0766875 -0.0263462 0.0172136
v -0.0766648 -0.0263868 0.0172382
v -0.0766388 -0.0264237 0.0172651
v -0.0766098 -0.0264565 0.0172943
v -0.0765781 -0.0264849 0.0173253
v -0.0765441 -0.0265084 0.0173578
v -0.0765081 -0.0265269 0.0173914
v -0.0764706 -0.0265401 0.0174258
v -0.076542 -0.0261348 0.016879
v -0.0765375 -0.0261863 0.0168868
v -0.0765286 -0.0262367 0.0168976
v -0.0765153 -0.0262854 0.0169113
v -0.0764979 -0.0263318 0.0169278
v -0.0764764 -0.0263756 0.0169468
v -0.0764512 -0.0264161 0.0169681
v -0.0764225 -0.026453 0.0169916
v -0.0763906 -0.0264859 0.0170168
v -0.0763559 -0.0265143 0.0170437
v -0.0763188 -0.026538 0.0170719
v -0.0762796 -0.0265568 0.017101
v -0.0762388 -0.0265703 0.0171308
v -0.0763691 -0.0261607 0.0166016
v -0.0763636 -0.026212 0.0166083
v -0.0763534 -0.0262622 0.0166175
v -0.0763386 -0.0263107 0.0166291
v -0.0763194 -0.026357 0.0166429
v -0.076296 -0.0264007 0.0166589
v -0.0762686 -0.0264411 0.0166768
v -0.0762376 -0.026478 0.0166964
v -0.0762033 -0.0265109 0.0167176
v -0.0761661 -0.0265395 0.0167401
v -0.0761263 -0.0265633 0.0167636
v -0.0760844 -0.0265823 0.0167879
v -0.0760409 -0.0265961 0.0168128
v -0.0762276 -0.0261819 0.0163075
v -0.0762212 -0.026233 0.016313
v -0.0762099 -0.0262831 0.0163204
v -0.0761938 -0.0263314 0.0163296
v -0.0761732 -0.0263776 0.0163407
v -0.0761482 -0.0264212 0.0163534
v -0.0761191 -0.0264616 0.0163677
v -0.0760862 -0.0264985 0.0163833
v -0.07605 -0.0265314 0.0164001
v -0.0760106 -0.0265601 0.016418
v -0.0759687 -0.0265841 0.0164367
v -0.0759246 -0.0266032 0.016456
v -0.0758788 -0.0266172 0.0164758
v -0.076119 -0.0261982 0.0160002
v -0.0761118 -0.0262492 0.0160043
v -0.0760997 -0.0262991 0.0160097
v -0.0760827 -0.0263474 0.0160166
v -0.0760609 -0.0263935 0.0160247
v -0.0760347 -0.026437 0.016034
v -0.0760043 -0.0264774 0.0160445
v -0.07597 -0.0265142 0.0160559
v -0.0759322 -0.0265472 0.0160683
v -0.0758913 -0.0265759 0.0160813
v -0.0758477 -0.0266 0.016095
v -0.0758019 -0.0266192 0.0161092
v -0.0757544 -0.0266335 0.0161236
v -0.0760443 -0.0262094 0.0156833
v -0.0760367 -0.0262603 0.0156858
v -0.076024 -0.0263101 0.0156892
v -0.0760063 -0.0263583 0.0156935
v -0.0759837 -0.0264044 0.0156986
v -0.0759567 -0.0264478 0.0157045
v -0.0759253 -0.0264882 0.015711
v -0.0758901 -0.0265251 0.0157181
v -0.0758512 -0.026558 0.0157258
v -0.0758092 -0.0265867 0.015734
v -0.0757645 -0.0266109 0.0157426
v -0.0757176 -0.0266303 0.0157514
v -0.0756689 -0.0266446 0.0157604
v -0.07602 -0.026213 0.0155223
v -0.0760122 -0.0262639 0.0155241
v -0.0759993 -0.0263137 0.0155265
v -0.0759814 -0.0263619 0.0155295
v -0.0759586 -0.0264079 0.015533
v -0.0759313 -0.0264513 0.0155371
v -0.0758996 -0.0264917 0.0155416
v -0.075864 -0.0265286 0.0155466
v -0.0758248 -0.0265615 0.0155519
v -0.0757825 -0.0265903 0.0155576
v -0.0757374 -0.0266145 0.0155636
v -0.0756901 -0.0266338 0.0155697
v -0.0756411 -0.0266482 0.015576
v -0.0760044 -0.0262154 0.0153603
v -0.0759966 -0.0262662 0.0153613
v -0.0759835 -0.026316 0.0153626
v -0.0759654 -0.0263641 0.0153643
v -0.0759425 -0.0264102 0.0153663
v -0.075915 -0.0264536 0.0153686
v -0.0758832 -0.026494 0.0153711
v -0.0758474 -0.0265308 0.0153739
v -0.075808 -0.0265638 0.0153769
v -0.0757654 -0.0265925 0.0153801
v -0.0757201 -0.0266167 0.0153834
v -0.0756726 -0.0266361 0.0153868
v -0.0756233 -0.0266505 0.0153903
v -0.048 -0.03025 0.0211667
v -0.083769 -0.0255926 0.0219119
v -0.083958 -0.0251501 0.0214847
v -0.0839575 -0.0251361 0.0214824
v -0.0839589 -0.0252028 0.0214951
v -0.083959 -0.0251752 0.0214887
v -0.0839571 -0.0252517 0.0215092
v -0.0839589 -0.0252138 0.0214976
v -0.0839569 -0.0252543 0.0215102
v -0.0839517 -0.0253039 0.0215303
v -0.0839538 -0.0252886 0.0215232
v -0.0839439 -0.0253512 0.0215545
v -0.0839489 -0.0253243 0.0215397
v -0.0839346 -0.0253912 0.0215796
v -0.0839425 -0.0253585 0.0215586
v -0.0839333 -0.0253955 0.0215829
v -0.0839199 -0.0254363 0.0216153
v -0.0839252 -0.0254219 0.0216028
v -0.0839042 -0.0254734 0.0216509
v -0.0839145 -0.0254507 0.0216279
v -0.083886 -0.0255059 0.0216896
v -0.0838891 -0.0255013 0.0216832
v -0.0839024 -0.0254772 0.0216547
v -0.0838658 -0.0255337 0.021731
v -0.0838747 -0.0255229 0.0217132
v -0.0838438 -0.0255567 0.0217743
v -0.0838591 -0.0255418 0.0217443
v -0.0838252 -0.0255711 0.0218096
v -0.0838426 -0.0255579 0.0217766
v -0.0838201 -0.025574 0.0218193
v -0.083795 -0.0255859 0.0218653
v -0.0838071 -0.0255813 0.0218433
v -0.0837883 -0.0255885 0.0218775
v -0.0839545 -0.0250968 0.0214788
v -0.088806 -0.0237078 0.0242799
v -0.0871655 -0.0243567 0.0233327
v -0.0895878 -0.0233186 0.0247312
v -0.0854399 -0.0248353 0.0223365
v -0.0896061 -0.0233679 0.0247453
v -0.0896213 -0.0234165 0.0247642
v -0.0896332 -0.023464 0.0247879
v -0.0896415 -0.0235098 0.0248161
v -0.0896462 -0.0235533 0.0248483
v -0.0896473 -0.023594 0.0248843
v -0.0896448 -0.0236315 0.0249236
v -0.0896386 -0.0236652 0.0249658
v -0.0896288 -0.0236949 0.0250103
v -0.0896156 -0.0237202 0.0250566
v -0.0895991 -0.0237406 0.0251042
v -0.0895796 -0.0237561 0.0251525
v -0.0895571 -0.0237664 0.025201
v -0.0895321 -0.0237715 0.025249
v -0.0895048 -0.0237711 0.025296
v -0.0894755 -0.0237654 0.0253415
v -0.0894446 -0.0237545 0.0253848
v -0.0894124 -0.0237383 0.0254256
v -0.0887794 -0.0240186 0.0250835
v -0.088595 -0.0241113 0.0249668
v -0.0881642 -0.0243277 0.0246941
v -0.0884732 -0.0241725 0.0248897
v -0.0878391 -0.0244786 0.0244883
v -0.0879362 -0.0244423 0.0245498
v -0.0874734 -0.0246154 0.024257
v -0.0871071 -0.0247524 0.0240252
v -0.0869666 -0.024805 0.0239363
v -0.0852482 -0.0253058 0.0228483
v -0.0859894 -0.025115 0.0233177
v -0.0864663 -0.0249921 0.0236198
v -0.0867411 -0.0248894 0.0237936
v -0.0844892 -0.025474 0.0223677
v -0.0847826 -0.0254257 0.0225535
v -0.0852308 -0.0253103 0.0228373
v -0.0893793 -0.0237172 0.0254632
v -0.0888214 -0.0237561 0.0242919
v -0.0888339 -0.023804 0.0243085
v -0.0888434 -0.0238508 0.0243295
v -0.0888497 -0.023896 0.0243547
v -0.0888528 -0.0239392 0.0243838
v -0.0888527 -0.0239799 0.0244164
v -0.0888494 -0.0240176 0.0244523
v -0.0888429 -0.024052 0.024491
v -0.0888333 -0.0240826 0.0245322
v -0.0888206 -0.0241091 0.0245753
v -0.0888051 -0.0241312 0.0246199
v -0.0887868 -0.0241488 0.0246655
v -0.0887661 -0.0241615 0.0247116
v -0.088743 -0.0241693 0.0247578
v -0.0887179 -0.0241721 0.0248034
v -0.0886911 -0.0241698 0.0248481
v -0.0886628 -0.0241625 0.0248913
v -0.0886318 -0.0241379 0.0249249
v -0.0871759 -0.0244026 0.0233414
v -0.0871839 -0.0244481 0.0233539
v -0.0871894 -0.0244927 0.0233702
v -0.0871924 -0.0245361 0.0233901
v -0.0871929 -0.0245779 0.0234134
v -0.0871909 -0.0246176 0.02344
v -0.0871863 -0.0246549 0.0234695
v -0.0871793 -0.0246895 0.0235018
v -0.0871698 -0.0247211 0.0235365
v -0.0871581 -0.0247493 0.0235732
v -0.0871441 -0.0247739 0.0236118
v -0.087128 -0.0247948 0.0236517
v -0.0871099 -0.0248116 0.0236927
v -0.0870901 -0.0248242 0.0237343
v -0.0870687 -0.0248326 0.0237763
v -0.0870459 -0.0248366 0.0238181
v -0.0870219 -0.0248362 0.0238595
v -0.0869969 -0.0248315 0.0239
v -0.085446 -0.0248779 0.0223422
v -0.0854502 -0.0249201 0.0223511
v -0.0854525 -0.0249618 0.0223632
v -0.0854528 -0.0250024 0.0223784
v -0.0854511 -0.0250418 0.0223965
v -0.0854474 -0.0250797 0.0224174
v -0.0854418 -0.0251157 0.0224409
v -0.0854343 -0.0251496 0.022467
v -0.0854249 -0.0251811 0.0224953
v -0.0854138 -0.02521 0.0225257
v -0.085401 -0.0252361 0.0225579
v -0.0853866 -0.0252592 0.0225917
v -0.0853707 -0.0252791 0.0226269
v -0.0853535 -0.0252957 0.0226631
v -0.085335 -0.0253087 0.0227001
v -0.0853154 -0.0253182 0.0227377
v -0.0852949 -0.0253241 0.0227755
v -0.0852724 -0.0253137 0.02281
v -0.048 -0.02945 0.0235667
v -0.048 -0.0296692 0.0232393
v -0.048 -0.0297555 0.0230825
v -0.048 -0.0296885 0.0232103
v -0.048 -0.0298342 0.0229324
v -0.048 -0.0299044 0.0227876
v -0.048 -0.0298875 0.0228305
v -0.048 -0.0299611 0.0226439
v -0.048 -0.0300158 0.022505
v -0.048 -0.0300624 0.0223673
v -0.048 -0.0300447 0.0224316
v -0.048 -0.0301383 0.0220909
v -0.048 -0.0301928 0.0218058
v -0.048 -0.0301583 0.0220181
v -0.048 -0.030232 0.0215018
v -0.048 -0.030227 0.0215948
v -0.0945184 -0.0207291 0.0275813
v -0.0945335 -0.0207778 0.0276003
v -0.0945454 -0.0208252 0.027624
v -0.0945537 -0.020871 0.0276521
v -0.0945584 -0.0209145 0.0276844
v -0.0945595 -0.0209553 0.0277204
v -0.094557 -0.0209927 0.0277597
v -0.0945508 -0.0210265 0.0278019
v -0.094541 -0.0210562 0.0278464
v -0.0945278 -0.0210814 0.0278927
v -0.0945114 -0.0211019 0.0279403
v -0.0944918 -0.0211174 0.0279886
v -0.0944694 -0.0211277 0.028037
v -0.0944443 -0.0211327 0.0280851
v -0.094417 -0.0211324 0.0281321
v -0.0943877 -0.0211267 0.0281775
v -0.0943568 -0.0211157 0.0282209
v -0.0943246 -0.0210996 0.0282616
v -0.0942915 -0.0210785 0.0282993
v -0.094407 -0.0210133 0.0283702
v -0.0945212 -0.0209421 0.0284493
v -0.0946336 -0.0208647 0.0285369
v -0.0947435 -0.020781 0.0286332
v -0.09485 -0.0206911 0.0287383
v -0.0949524 -0.0205949 0.0288523
v -0.0950496 -0.0204927 0.0289751
v -0.0951406 -0.0203847 0.0291065
v -0.0952245 -0.0202714 0.0292459
v -0.0953002 -0.0201533 0.0293928
v -0.0953669 -0.0200311 0.0295464
v -0.0954236 -0.0199057 0.0297057
v -0.0954698 -0.019778 0.0298696
v -0.0955047 -0.019649 0.0300369
v -0.0955281 -0.0195196 0.0302061
v -0.0955415 -0.0193245 0.0304643
v -0.0955941 -0.0193184 0.0304598
v -0.0955804 -0.0193207 0.0304615
v -0.0956456 -0.0193083 0.0304522
v -0.0956187 -0.0193144 0.0304568
v -0.095693 -0.0192949 0.0304421
v -0.0957285 -0.0192817 0.0304322
v -0.0956956 -0.0192939 0.0304414
v -0.0957431 -0.0192751 0.0304273
v -0.0957881 -0.0192525 0.0304104
v -0.0957626 -0.0192663 0.0304207
v -0.0958257 -0.0192293 0.030393
v -0.0958544 -0.019208 0.030377
v -0.0958298 -0.0192263 0.0303907
v -0.0958677 -0.0191965 0.0303684
v -0.0959016 -0.0191639 0.0303439
v -0.0958809 -0.019185 0.0303597
v -0.0959268 -0.0191343 0.0303217
v -0.0959458 -0.019107 0.0303012
v -0.0959308 -0.0191284 0.0303173
v -0.0959552 -0.0190907 0.030289
v -0.0959622 -0.0190785 0.0302799
v -0.0959747 -0.0190512 0.0302594
v -0.0959863 -0.019019 0.0302352
v -0.0959884 -0.0190102 0.0302286
v -0.0959939 -0.0189883 0.0302122
v -0.0959968 -0.0189683 0.0301972
v -0.0959985 -0.0189572 0.0301888
v -0.0959757 -0.0190491 0.0302578
v -0.0959051 -0.0191604 0.0303412
v -0.0957951 -0.0192488 0.0304076
v -0.0956563 -0.0193058 0.0304503
v -0.094442 -0.0210329 0.0283344
v -0.0944761 -0.0210476 0.0282955
v -0.0945089 -0.0210574 0.0282541
v -0.09454 -0.021062 0.0282105
v -0.0945692 -0.0210615 0.0281653
v -0.094596 -0.0210558 0.0281191
v -0.0946201 -0.021045 0.0280723
v -0.0946412 -0.0210292 0.0280254
v -0.0946592 -0.0210087 0.0279791
v -0.0946738 -0.0209835 0.0279339
v -0.0946849 -0.0209542 0.0278903
v -0.0946922 -0.0209209 0.0278487
v -0.0946957 -0.020884 0.0278097
v -0.0946955 -0.020844 0.0277738
v -0.0946914 -0.0208014 0.0277413
v -0.0946836 -0.0207567 0.0277126
v -0.0946721 -0.0207103 0.027688
v -0.094657 -0.0206627 0.0276679
v -0.0945579 -0.0209601 0.0284154
v -0.0945937 -0.0209735 0.0283786
v -0.0946283 -0.020982 0.0283391
v -0.0946611 -0.0209855 0.0282976
v -0.0946919 -0.0209841 0.0282544
v -0.0947203 -0.0209777 0.02821
v -0.094746 -0.0209664 0.0281649
v -0.0947687 -0.0209503 0.0281197
v -0.0947881 -0.0209297 0.0280748
v -0.0948041 -0.0209047 0.0280308
v -0.0948164 -0.0208756 0.0279881
v -0.0948249 -0.0208428 0.0279472
v -0.0948295 -0.0208066 0.0279087
v -0.0948302 -0.0207674 0.0278728
v -0.0948269 -0.0207257 0.0278401
v -0.0948197 -0.020682 0.0278109
v -0.0948087 -0.0206367 0.0277855
v -0.0947939 -0.0205903 0.0277642
v -0.0946718 -0.0208811 0.028505
v -0.0947092 -0.020893 0.0284703
v -0.0947452 -0.0209002 0.028433
v -0.0947796 -0.0209027 0.0283935
v -0.0948119 -0.0209003 0.0283524
v -0.0948418 -0.0208932 0.0283099
v -0.0948689 -0.0208814 0.0282667
v -0.094893 -0.0208651 0.0282232
v -0.0949139 -0.0208444 0.0281799
v -0.0949311 -0.0208195 0.0281371
v -0.0949447 -0.0207907 0.0280955
v -0.0949544 -0.0207584 0.0280555
v -0.0949601 -0.0207229 0.0280174
v -0.0949618 -0.0206845 0.0279818
v -0.0949594 -0.0206438 0.0279489
v -0.094953 -0.0206011 0.0279193
v -0.0949427 -0.0205569 0.0278931
v -0.0949284 -0.0205117 0.0278708
v -0.094783 -0.0207958 0.0286034
v -0.0948217 -0.0208063 0.0285709
v -0.094859 -0.0208122 0.0285357
v -0.0948947 -0.0208135 0.0284985
v -0.0949284 -0.0208103 0.0284595
v -0.0949596 -0.0208024 0.0284191
v -0.0949881 -0.0207901 0.0283779
v -0.0950135 -0.0207735 0.0283362
v -0.0950356 -0.0207527 0.0282944
v -0.0950542 -0.0207279 0.0282531
v -0.095069 -0.0206995 0.0282127
v -0.0950799 -0.0206677 0.0281735
v -0.0950868 -0.0206328 0.0281361
v -0.0950895 -0.0205953 0.0281008
v -0.0950882 -0.0205555 0.0280679
v -0.0950827 -0.0205139 0.0280379
v -0.0950732 -0.0204708 0.0280111
v -0.0950597 -0.0204268 0.0279877
v -0.0948906 -0.0207043 0.0287108
v -0.0949304 -0.0207132 0.0286804
v -0.0949689 -0.0207178 0.0286476
v -0.0950057 -0.020718 0.0286126
v -0.0950405 -0.0207138 0.0285758
v -0.0950729 -0.0207053 0.0285376
v -0.0951026 -0.0206925 0.0284984
v -0.0951292 -0.0206755 0.0284586
v -0.0951526 -0.0206547 0.0284186
v -0.0951724 -0.02063 0.0283788
v -0.0951884 -0.0206019 0.0283397
v -0.0952005 -0.0205706 0.0283015
v -0.0952085 -0.0205364 0.0282648
v -0.0952125 -0.0204998 0.0282299
v -0.0952122 -0.0204609 0.0281972
v -0.0952078 -0.0204203 0.0281669
v -0.0951993 -0.0203785 0.0281395
v -0.0951867 -0.0203357 0.0281151
v -0.0949939 -0.0206064 0.028827
v -0.0950345 -0.0206139 0.0287989
v -0.0950739 -0.0206172 0.0287684
v -0.0951117 -0.0206162 0.0287358
v -0.0951475 -0.0206111 0.0287013
v -0.0951809 -0.0206019 0.0286654
v -0.0952116 -0.0205886 0.0286283
v -0.0952394 -0.0205714 0.0285905
v -0.0952638 -0.0205504 0.0285523
v -0.0952847 -0.0205259 0.0285142
v -0.0953019 -0.0204982 0.0284764
v -0.0953152 -0.0204674 0.0284394
v -0.0953245 -0.0204339 0.0284035
v -0.0953296 -0.020398 0.0283691
v -0.0953306 -0.0203601 0.0283366
v -0.0953273 -0.0203206 0.0283062
v -0.0953199 -0.0202799 0.0282783
v -0.0953085 -0.0202383 0.0282531
v -0.0950917 -0.0205026 0.0289521
v -0.095133 -0.0205085 0.0289263
v -0.0951732 -0.0205105 0.0288982
v -0.0952117 -0.0205085 0.0288679
v -0.0952483 -0.0205024 0.0288358
v -0.0952825 -0.0204925 0.0288022
v -0.0953142 -0.0204787 0.0287673
v -0.0953429 -0.0204612 0.0287316
v -0.0953683 -0.0204402 0.0286953
v -0.0953903 -0.0204159 0.0286589
v -0.0954086 -0.0203884 0.0286226
v -0.0954231 -0.0203581 0.0285868
v -0.0954336 -0.0203253 0.0285519
v -0.0954399 -0.0202903 0.0285182
v -0.0954422 -0.0202533 0.028486
v -0.0954402 -0.0202149 0.0284556
v -0.0954341 -0.0201753 0.0284274
v -0.0954239 -0.0201348 0.0284015
v -0.0951832 -0.0203929 0.0290857
v -0.095225 -0.0203974 0.0290623
v -0.0952656 -0.0203981 0.0290366
v -0.0953047 -0.020395 0.0290087
v -0.0953419 -0.0203881 0.028979
v -0.0953769 -0.0203774 0.0289477
v -0.0954092 -0.0203632 0.0289151
v -0.0954388 -0.0203454 0.0288815
v -0.0954651 -0.0203244 0.0288472
v -0.0954881 -0.0203001 0.0288126
v -0.0955075 -0.020273 0.0287779
v -0.095523 -0.0202433 0.0287435
v -0.0955347 -0.0202111 0.0287096
v -0.0955423 -0.0201769 0.0286767
v -0.0955459 -0.0201409 0.028645
v -0.0955453 -0.0201034 0.0286148
v -0.0955405 -0.0200649 0.0285864
v -0.0955317 -0.0200257 0.02856
v -0.0952673 -0.020278 0.0292274
v -0.0953094 -0.0202811 0.0292064
v -0.0953503 -0.0202805 0.029183
v -0.0953898 -0.0202763 0.0291576
v -0.0954274 -0.0202685 0.0291303
v -0.0954629 -0.0202572 0.0291014
v -0.0954958 -0.0202425 0.0290711
v -0.095526 -0.0202245 0.0290397
v -0.0955532 -0.0202033 0.0290075
v -0.095577 -0.0201793 0.0289747
v -0.0955974 -0.0201525 0.0289417
v -0.095614 -0.0201232 0.0289088
v -0.0956269 -0.0200917 0.0288761
v -0.0956358 -0.0200583 0.0288442
v -0.0956406 -0.0200232 0.0288131
v -0.0956414 -0.0199868 0.0287832
v -0.0956382 -0.0199493 0.0287548
v -0.0956309 -0.0199112 0.028728
v -0.0953431 -0.0201584 0.0293765
v -0.0953852 -0.02016 0.0293579
v -0.0954263 -0.0201582 0.0293369
v -0.0954659 -0.0201529 0.029314
v -0.0955038 -0.0201443 0.0292891
v -0.0955396 -0.0201324 0.0292626
v -0.095573 -0.0201172 0.0292346
v -0.0956037 -0.020099 0.0292054
v -0.0956315 -0.0200778 0.0291753
v -0.0956561 -0.0200539 0.0291445
v -0.0956773 -0.0200274 0.0291133
v -0.095695 -0.0199986 0.0290819
v -0.095709 -0.0199678 0.0290506
v -0.0957191 -0.0199351 0.0290197
v -0.0957253 -0.0199009 0.0289894
v -0.0957276 -0.0198654 0.02896
v -0.0957258 -0.019829 0.0289317
v -0.0957201 -0.019792 0.0289048
v -0.0954096 -0.0200347 0.0295324
v -0.0954516 -0.0200349 0.029516
v -0.0954926 -0.0200319 0.0294975
v -0.0955322 -0.0200257 0.0294769
v -0.0955701 -0.0200163 0.0294544
v -0.0956061 -0.0200037 0.0294303
v -0.0956397 -0.0199881 0.0294047
v -0.0956709 -0.0199696 0.0293778
v -0.0956992 -0.0199484 0.0293499
v -0.0957244 -0.0199247 0.0293211
v -0.0957464 -0.0198985 0.0292917
v -0.095765 -0.0198702 0.0292619
v -0.0957801 -0.01984 0.0292321
v -0.0957914 -0.019808 0.0292024
v -0.0957989 -0.0197747 0.029173
v -0.0958026 -0.0197401 0.0291442
v -0.0958024 -0.0197048 0.0291163
v -0.0957984 -0.0196688 0.0290894
v -0.095466 -0.0199078 0.0296939
v -0.0955077 -0.0199067 0.0296798
v -0.0955484 -0.0199026 0.0296636
v -0.0955878 -0.0198954 0.0296454
v -0.0956257 -0.0198852 0.0296253
v -0.0956616 -0.019872 0.0296036
v -0.0956954 -0.0198561 0.0295803
v -0.0957267 -0.0198374 0.0295557
v -0.0957554 -0.0198161 0.0295299
v -0.0957812 -0.0197925 0.0295032
v -0.0958039 -0.0197667 0.0294757
v -0.0958233 -0.0197388 0.0294477
v -0.0958393 -0.0197091 0.0294194
v -0.0958518 -0.0196779 0.029391
v -0.0958606 -0.0196454 0.0293627
v -0.0958657 -0.0196118 0.0293347
v -0.0958671 -0.0195773 0.0293073
v -0.0958647 -0.0195424 0.0292807
v -0.0955116 -0.0197786 0.0298599
v -0.0955528 -0.0197763 0.029848
v -0.0955931 -0.0197711 0.0298341
v -0.0956321 -0.019763 0.0298182
v -0.0956697 -0.019752 0.0298005
v -0.0957055 -0.0197383 0.0297811
v -0.0957392 -0.019722 0.0297602
v -0.0957707 -0.0197031 0.0297378
v -0.0957996 -0.0196818 0.0297143
v -0.0958258 -0.0196583 0.0296896
v -0.095849 -0.0196328 0.0296641
v -0.0958692 -0.0196054 0.0296379
v -0.095886 -0.0195763 0.0296112
v -0.0958996 -0.0195457 0.0295842
v -0.0959096 -0.019514 0.0295571
v -0.0959161 -0.0194812 0.0295301
v -0.095919 -0.0194477 0.0295034
v -0.0959182 -0.0194137 0.0294772
v -0.0955458 -0.0196482 0.0300292
v -0.0955864 -0.0196447 0.0300194
v -0.0956261 -0.0196385 0.0300077
v -0.0956647 -0.0196295 0.0299941
v -0.0957018 -0.0196178 0.0299787
v -0.0957373 -0.0196036 0.0299617
v -0.0957708 -0.0195869 0.029943
v -0.0958022 -0.0195678 0.0299229
v -0.0958312 -0.0195466 0.0299015
v -0.0958577 -0.0195232 0.029879
v -0.0958814 -0.0194979 0.0298555
v -0.0959021 -0.0194709 0.0298311
v -0.0959198 -0.0194424 0.0298061
v -0.0959342 -0.0194125 0.0297807
v -0.0959454 -0.0193814 0.0297549
v -0.0959532 -0.0193495 0.029729
v -0.0959575 -0.0193168 0.0297031
v -0.0959584 -0.0192837 0.0296776
v -0.0955685 -0.0195176 0.0302004
v -0.0956083 -0.019513 0.0301927
v -0.0956472 -0.0195057 0.0301831
v -0.0956851 -0.0194959 0.0301717
v -0.0957217 -0.0194836 0.0301586
v -0.0957567 -0.0194689 0.0301437
v -0.09579 -0.0194519 0.0301273
v -0.0958212 -0.0194326 0.0301095
v -0.0958501 -0.0194113 0.0300903
v -0.0958767 -0.0193881 0.0300698
v -0.0959007 -0.0193631 0.0300483
v -0.0959219 -0.0193365 0.0300258
v -0.0959402 -0.0193084 0.0300026
v -0.0959555 -0.0192791 0.0299787
v -0.0959677 -0.0192488 0.0299544
v -0.0959767 -0.0192176 0.0299297
v -0.0959824 -0.0191857 0.0299049
v -0.0959848 -0.0191535 0.0298801
v -0.095997 -0.0184715 0.0308596
v -0.0959975 -0.0184687 0.0308575
v -0.096 -0.0184291 0.0308278
v -0.0959885 -0.0185134 0.030891
v -0.0959902 -0.0185079 0.0308869
v -0.095978 -0.0185463 0.0309157
v -0.0959744 -0.0185543 0.0309217
v -0.0959551 -0.0185939 0.0309514
v -0.0959612 -0.0185836 0.0309437
v -0.0959306 -0.0186315 0.0309796
v -0.0959398 -0.0186194 0.0309705
v -0.0959141 -0.0186533 0.0309959
v -0.0959013 -0.0186669 0.0310061
v -0.0958843 -0.018685 0.0310197
v -0.0958675 -0.0186996 0.0310307
v -0.0958296 -0.0187293 0.0310529
v -0.0958507 -0.0187142 0.0310416
v -0.0957879 -0.0187556 0.0310726
v -0.0958137 -0.0187406 0.0310614
v -0.0957736 -0.0187639 0.0310789
v -0.095743 -0.0187782 0.0310896
v -0.0957308 -0.0187839 0.0310939
v -0.0956954 -0.0187969 0.0311036
v -0.0956858 -0.0188004 0.0311063
v -0.0956456 -0.0188115 0.0311146
v -0.0955941 -0.0188218 0.0311223
v -0.0956389 -0.0188133 0.031116
v -0.0955415 -0.0188277 0.0311267
v -0.0955907 -0.0188225 0.0311228
v -0.096 -0.0169867 0.0321635
v -0.096 -0.0165171 0.0324308
v -0.096 -0.0175965 0.0317133
v -0.096 -0.0174256 0.0318529
v -0.096 -0.0160157 0.0326536
v -0.096 -0.017991 0.0313424
v -0.096 -0.0156509 0.0327797
v -0.096 -0.0151303 0.0329118
v -0.096 -0.0145951 0.0329927
v -0.096 -0.0183447 0.0309374
v -0.096 -0.0140449 0.0330204
v -0.096 -0.0117321 0.0330204
v -0.096 -0.0117321 0.0315
v -0.0959974 -0.0140449 0.0330713
v -0.0959896 -0.0140449 0.0331216
v -0.0959768 -0.0140449 0.0331709
v -0.095959 -0.0140449 0.0332187
v -0.0959364 -0.0140449 0.0332644
v -0.0959093 -0.0140449 0.0333075
v -0.095878 -0.0140449 0.0333477
v -0.0958427 -0.0140449 0.0333845
v -0.0958039 -0.0140449 0.0334174
v -0.0957619 -0.0140449 0.0334463
v -0.0957172 -0.0140449 0.0334707
v -0.0956703 -0.0140449 0.0334905
v -0.0956215 -0.0140449 0.0335054
v -0.0955715 -0.0140449 0.0335153
v -0.0955231 -0.0143528 0.0335045
v -0.0955252 -0.0146452 0.0334893
v -0.0955252 -0.0146416 0.0334899
v -0.0955276 -0.0150188 0.0334328
v -0.095529 -0.0152313 0.0334006
v -0.0955254 -0.0146792 0.0334842
v -0.095532 -0.0157239 0.0332763
v -0.0955298 -0.0153685 0.033366
v -0.0955324 -0.0157968 0.0332558
v -0.0955323 -0.0157751 0.0332634
v -0.095534 -0.0160778 0.033157
v -0.0955346 -0.0161941 0.0331162
v -0.0955358 -0.0164283 0.0330172
v -0.0955351 -0.0162701 0.0330895
v -0.0955375 -0.0167729 0.0328597
v -0.0955375 -0.0167791 0.0328569
v -0.0955387 -0.0170995 0.0326716
v -0.0955393 -0.0172535 0.0325825
v -0.0955397 -0.0174128 0.032472
v -0.0955394 -0.0172853 0.0325641
v -0.0955405 -0.017708 0.0322586
v -0.0955406 -0.0177309 0.032242
v -0.095541 -0.0179154 0.0320883
v -0.0955408 -0.0177971 0.0321942
v -0.0955415 -0.0182312 0.0318057
v -0.0955411 -0.0179783 0.032032
v -0.0955416 -0.018346 0.0316846
v -0.0955415 -0.0182538 0.0317855
v -0.0955417 -0.0186512 0.0313506
v -0.0955416 -0.0184508 0.0315699
v -0.0955417 -0.0186546 0.0313464
v -0.0955416 -0.0187343 0.0312453
v -0.0955208 -0.0140449 0.03352
v -0.0959974 -0.0146002 0.033043
v -0.0959898 -0.0146052 0.0330928
v -0.0959771 -0.0146101 0.0331416
v -0.0959595 -0.0146149 0.0331889
v -0.0959372 -0.0146195 0.0332341
v -0.0959104 -0.0146238 0.0332769
v -0.0958794 -0.0146278 0.0333167
v -0.0958445 -0.0146315 0.0333533
v -0.095806 -0.0146348 0.0333861
v -0.0957645 -0.0146377 0.0334149
v -0.0957202 -0.0146402 0.0334393
v -0.0956736 -0.0146422 0.0334592
v -0.0956253 -0.0146437 0.0334743
v -0.0955757 -0.0146447 0.0334844
v -0.0959975 -0.0151402 0.0329611
v -0.0959899 -0.0151501 0.0330099
v -0.0959773 -0.0151598 0.0330578
v -0.0959599 -0.0151691 0.0331041
v -0.0959378 -0.0151781 0.0331485
v -0.0959113 -0.0151866 0.0331905
v -0.0958806 -0.0151945 0.0332296
v -0.095846 -0.0152018 0.0332656
v -0.0958079 -0.0152083 0.0332979
v -0.0957667 -0.0152141 0.0333263
v -0.0957228 -0.0152189 0.0333505
v -0.0956766 -0.0152229 0.0333703
v -0.0956286 -0.015226 0.0333854
v -0.0955793 -0.0152281 0.0333957
v -0.0959975 -0.0156655 0.0328276
v -0.09599 -0.0156801 0.032875
v -0.0959775 -0.0156943 0.0329214
v -0.0959602 -0.0157081 0.0329665
v -0.0959384 -0.0157214 0.0330096
v -0.0959121 -0.0157339 0.0330504
v -0.0958816 -0.0157456 0.0330886
v -0.0958473 -0.0157563 0.0331236
v -0.0958095 -0.015766 0.0331551
v -0.0957686 -0.0157745 0.0331829
v -0.095725 -0.0157818 0.0332066
v -0.0956792 -0.0157877 0.033226
v -0.0956315 -0.0157923 0.0332409
v -0.0955825 -0.0157954 0.0332512
v -0.0959975 -0.0160336 0.0327002
v -0.09599 -0.0160514 0.0327463
v -0.0959776 -0.0160689 0.0327916
v -0.0959605 -0.0160858 0.0328354
v -0.0959387 -0.016102 0.0328774
v -0.0959125 -0.0161173 0.0329172
v -0.0958823 -0.0161316 0.0329543
v -0.0958481 -0.0161448 0.0329884
v -0.0958105 -0.0161566 0.0330192
v -0.0957698 -0.0161671 0.0330463
v -0.0957264 -0.016176 0.0330695
v -0.0956808 -0.0161834 0.0330886
v -0.0956333 -0.016189 0.0331032
v -0.0955845 -0.016193 0.0331134
v -0.0959975 -0.0165395 0.0324752
v -0.0959901 -0.0165618 0.0325192
v -0.0959778 -0.0165836 0.0325623
v -0.0959607 -0.0166047 0.0326041
v -0.0959391 -0.016625 0.0326442
v -0.0959131 -0.0166442 0.0326822
v -0.095883 -0.0166621 0.0327176
v -0.0958491 -0.0166786 0.0327502
v -0.0958118 -0.0166935 0.0327797
v -0.0957713 -0.0167066 0.0328056
v -0.0957281 -0.0167179 0.0328279
v -0.0956827 -0.0167271 0.0328462
v -0.0956354 -0.0167343 0.0328603
v -0.0955868 -0.0167393 0.0328702
v -0.0959975 -0.0170134 0.0322054
v -0.0959901 -0.0170398 0.0322469
v -0.0959779 -0.0170656 0.0322875
v -0.0959609 -0.0170907 0.0323269
v -0.0959394 -0.0171148 0.0323647
v -0.0959136 -0.0171376 0.0324006
v -0.0958836 -0.0171589 0.032434
v -0.0958499 -0.0171785 0.0324648
v -0.0958127 -0.0171962 0.0324927
v -0.0957724 -0.0172118 0.0325172
v -0.0957294 -0.0172253 0.0325383
v -0.0956841 -0.0172363 0.0325557
v -0.0956371 -0.0172449 0.0325691
v -0.0955886 -0.0172509 0.0325786
v -0.0959975 -0.0174562 0.0318919
v -0.0959902 -0.0174864 0.0319305
v -0.095978 -0.0175161 0.0319684
v -0.0959611 -0.0175449 0.0320051
v -0.0959396 -0.0175725 0.0320403
v -0.0959139 -0.0175987 0.0320737
v -0.095884 -0.0176231 0.0321049
v -0.0958504 -0.0176457 0.0321336
v -0.0958133 -0.017666 0.0321596
v -0.0957731 -0.017684 0.0321825
v -0.0957303 -0.0176994 0.0322022
v -0.0956851 -0.0177122 0.0322184
v -0.0956382 -0.0177221 0.0322311
v -0.0955899 -0.0177291 0.03224
v -0.0959975 -0.0176286 0.031751
v -0.0959902 -0.0176604 0.0317884
v -0.095978 -0.0176915 0.031825
v -0.0959611 -0.0177217 0.0318605
v -0.0959397 -0.0177507 0.0318946
v -0.095914 -0.0177782 0.0319268
v -0.0958841 -0.0178039 0.031957
v -0.0958505 -0.0178275 0.0319848
v -0.0958135 -0.0178489 0.0320099
v -0.0957734 -0.0178678 0.0320321
v -0.0957305 -0.017884 0.0320512
v -0.0956854 -0.0178974 0.0320669
v -0.0956385 -0.0179078 0.0320792
v -0.0955902 -0.0179152 0.0320878
v -0.0959975 -0.0180267 0.0313767
v -0.0959902 -0.0180619 0.0314107
v -0.095978 -0.0180965 0.0314441
v -0.0959612 -0.0181301 0.0314764
v -0.0959398 -0.0181623 0.0315074
v -0.0959141 -0.0181928 0.0315368
v -0.0958843 -0.0182213 0.0315643
v -0.0958508 -0.0182476 0.0315896
v -0.0958138 -0.0182713 0.0316125
v -0.0957737 -0.0182923 0.0316327
v -0.0957309 -0.0183104 0.0316501
v -0.0956859 -0.0183252 0.0316645
v -0.095639 -0.0183369 0.0316757
v -0.0955908 -0.0183451 0.0316836
v -0.0959975 -0.0183835 0.0309681
v -0.0959902 -0.018422 0.0309985
v -0.095978 -0.0184597 0.0310283
v -0.0959612 -0.0184962 0.0310572
v -0.0959398 -0.0185313 0.0310849
v -0.0959141 -0.0185645 0.0311112
v -0.0958843 -0.0185956 0.0311357
v -0.0958507 -0.0186242 0.0311584
v -0.0958137 -0.0186501 0.0311788
v -0.0957737 -0.018673 0.0311969
v -0.0957309 -0.0186926 0.0312124
v -0.0956859 -0.0187088 0.0312252
v -0.095639 -0.0187215 0.0312352
v -0.0955908 -0.0187304 0.0312423
v -0.048 -0.0208183 0.0347597
v -0.048 -0.0207846 0.0347811
v -0.048 -0.0209627 0.0346453
v -0.048 -0.0211412 0.034504
v -0.048 -0.0211478 0.0344976
v -0.048 -0.0187695 0.0354861
v -0.048 -0.0185 0.0355
v -0.048 -0.0189114 0.0354788
v -0.048 -0.0190195 0.0354619
v -0.048 -0.0192531 0.0354256
v -0.048 -0.0193184 0.0354154
v -0.048 -0.0194708 0.0353752
v -0.048 -0.0196778 0.0353207
v -0.048 -0.0198727 0.0352516
v -0.048 -0.0197168 0.0353104
v -0.048 -0.0200626 0.03518
v -0.048 -0.0201023 0.0351651
v -0.048 -0.0202446 0.0350939
v -0.048 -0.0204263 0.0350031
v -0.048 -0.0204707 0.0349808
v -0.048 -0.0206037 0.0348962
v -0.048 -0.0213285 0.0343214
v -0.048 -0.0215132 0.0341241
v -0.048 -0.0214362 0.0342164
v -0.048 -0.0217 0.0339
v -0.0719136 -0.0194657 0.0333357
v -0.0719136 -0.0196814 0.0331443
v -0.0719136 -0.0192389 0.033515
v -0.0959974 -0.0117321 0.0330713
v -0.0959896 -0.0117321 0.0331216
v -0.0959768 -0.0117321 0.0331709
v -0.095959 -0.0117321 0.0332187
v -0.0959364 -0.0117321 0.0332644
v -0.0959093 -0.0117321 0.0333075
v -0.095878 -0.0117321 0.0333477
v -0.0958427 -0.0117321 0.0333845
v -0.0958039 -0.0117321 0.0334174
v -0.0957619 -0.0117321 0.0334463
v -0.0957172 -0.0117321 0.0334707
v -0.0956703 -0.0117321 0.0334905
v -0.0956215 -0.0117321 0.0335054
v -0.0955715 -0.0117321 0.0335153
v -0.0955208 -0.0117321 0.03352
v -0.0959836 -0.0114185 0.0315
v -0.0959344 -0.0111083 0.0315
v -0.0959822 -0.0114057 0.033021
v -0.0959829 -0.0114185 0.033021
v -0.0958532 -0.010805 0.0315
v -0.095929 -0.0110833 0.0330229
v -0.0959332 -0.0111085 0.0330227
v -0.0957406 -0.0105118 0.0315
v -0.095841 -0.0107685 0.0330259
v -0.0958514 -0.0108055 0.0330256
v -0.0955981 -0.0102321 0.0315
v -0.0957193 -0.0104651 0.0330301
v -0.0957384 -0.0105127 0.0330295
v -0.0954271 -0.0099687 0.0315
v -0.0955653 -0.0101767 0.0330355
v -0.0955956 -0.0102334 0.0330344
v -0.0952294 -0.00972466 0.0315
v -0.0953808 -0.00990676 0.0330419
v -0.0954244 -0.00997051 0.0330404
v -0.0950074 -0.00950262 0.0315
v -0.095168 -0.00965845 0.0330493
v -0.0952267 -0.00972698 0.0330472
v -0.0947634 -0.009305 0.0315
v -0.0949293 -0.00943474 0.0330576
v -0.0950048 -0.00950543 0.033055
v -0.0947609 -0.00930827 0.0330634
v -0.0946677 -0.00923831 0.0330667
v -0.0945 -0.00913397 0.0315
v -0.0945 -0.00913397 0.0330725
v -0.095506 -0.0114601 0.0335206
v -0.0954617 -0.0111914 0.0335224
v -0.0953884 -0.0109291 0.0335255
v -0.0952869 -0.0106763 0.0335297
v -0.0951586 -0.0104359 0.0335351
v -0.0950048 -0.010211 0.0335415
v -0.0948275 -0.0100041 0.0335489
v -0.0946286 -0.00981763 0.0335571
v -0.0942965 -0.00952231 0.0335683
v -0.0944106 -0.00965393 0.0335662
v -0.0943216 -0.00947812 0.0335593
v -0.094346 -0.00943487 0.0335451
v -0.0943693 -0.00939303 0.0335258
v -0.0943914 -0.00935304 0.0335017
v -0.094412 -0.00931534 0.033473
v -0.0944308 -0.00928032 0.0334401
v -0.0944477 -0.00924836 0.0334032
v -0.0944625 -0.0092198 0.0333628
v -0.0944751 -0.00919495 0.0333193
v -0.0944852 -0.00917406 0.0332732
v -0.0944928 -0.00915736 0.0332249
v -0.0944979 -0.00914504 0.033175
v -0.0945003 -0.00913721 0.033124
v -0.0942708 -0.00956699 0.033572
v -0.0955564 -0.0114546 0.0335159
v -0.0956061 -0.0114491 0.033506
v -0.0956546 -0.0114437 0.0334912
v -0.0957012 -0.0114385 0.0334714
v -0.0957457 -0.0114336 0.033447
v -0.0957874 -0.0114289 0.0334181
v -0.095826 -0.0114245 0.0333851
v -0.0958611 -0.0114205 0.0333483
v -0.0958922 -0.0114169 0.0333082
v -0.0959191 -0.0114137 0.033265
v -0.0959415 -0.0114111 0.0332193
v -0.0959592 -0.0114089 0.0331716
v -0.095972 -0.0114073 0.0331223
v -0.0959796 -0.0114062 0.0330719
v -0.0955112 -0.0111804 0.0335178
v -0.09556 -0.0111695 0.033508
v -0.0956076 -0.0111588 0.0334931
v -0.0956535 -0.0111485 0.0334734
v -0.0956971 -0.0111386 0.0334489
v -0.0957381 -0.0111292 0.0334201
v -0.095776 -0.0111205 0.0333871
v -0.0958104 -0.0111126 0.0333503
v -0.0958409 -0.0111054 0.0333101
v -0.0958673 -0.0110992 0.033267
v -0.0958893 -0.0110939 0.0332213
v -0.0959066 -0.0110896 0.0331735
v -0.0959191 -0.0110864 0.0331242
v -0.0959266 -0.0110843 0.0330738
v -0.0954365 -0.0109127 0.0335209
v -0.0954838 -0.0108965 0.0335111
v -0.09553 -0.0108806 0.0334963
v -0.0955745 -0.0108653 0.0334766
v -0.0956168 -0.0108506 0.0334522
v -0.0956566 -0.0108367 0.0334233
v -0.0956933 -0.0108238 0.0333903
v -0.0957266 -0.0108119 0.0333536
v -0.0957562 -0.0108013 0.0333134
v -0.0957817 -0.0107921 0.0332702
v -0.095803 -0.0107842 0.0332245
v -0.0958197 -0.0107779 0.0331767
v -0.0958316 -0.0107731 0.0331273
v -0.0958388 -0.01077 0.0330769
v -0.095333 -0.0106547 0.0335252
v -0.0953784 -0.0106334 0.0335155
v -0.0954226 -0.0106125 0.0335007
v -0.0954652 -0.0105923 0.033481
v -0.0955057 -0.0105729 0.0334567
v -0.0955437 -0.0105546 0.0334278
v -0.0955788 -0.0105377 0.0333949
v -0.0956107 -0.0105221 0.0333581
v -0.0956389 -0.0105082 0.0333179
v -0.0956633 -0.010496 0.0332746
v -0.0956835 -0.0104857 0.0332289
v -0.0956993 -0.0104774 0.033181
v -0.0957107 -0.0104711 0.0331316
v -0.0957174 -0.010467 0.0330811
v -0.0952021 -0.0104094 0.0335306
v -0.095245 -0.0103832 0.033521
v -0.0952867 -0.0103575 0.0335063
v -0.0953269 -0.0103327 0.0334867
v -0.0953651 -0.0103089 0.0334623
v -0.0954009 -0.0102865 0.0334335
v -0.0954339 -0.0102656 0.0334006
v -0.0954639 -0.0102465 0.0333638
v -0.0954904 -0.0102294 0.0333235
v -0.0955133 -0.0102144 0.0332803
v -0.0955322 -0.0102018 0.0332345
v -0.095547 -0.0101916 0.0331866
v -0.0955575 -0.010184 0.0331371
v -0.0955637 -0.010179 0.0330866
v -0.0950453 -0.0101798 0.0335372
v -0.0950851 -0.010149 0.0335276
v -0.0951238 -0.0101188 0.033513
v -0.0951611 -0.0100896 0.0334935
v -0.0951965 -0.0100617 0.0334692
v -0.0952297 -0.0100353 0.0334404
v -0.0952603 -0.0100108 0.0334074
v -0.095288 -0.0099884 0.0333706
v -0.0953125 -0.00996832 0.0333303
v -0.0953336 -0.00995079 0.033287
v -0.095351 -0.00993599 0.0332412
v -0.0953645 -0.00992408 0.0331932
v -0.0953741 -0.00991518 0.0331437
v -0.0953795 -0.00990939 0.0330931
v -0.0948644 -0.0099686 0.0335447
v -0.0949006 -0.00993352 0.0335353
v -0.0949359 -0.00989919 0.0335208
v -0.0949699 -0.00986596 0.0335013
v -0.0950021 -0.00983418 0.033477
v -0.0950322 -0.0098042 0.0334483
v -0.09506 -0.00977633 0.0334153
v -0.0950851 -0.00975085 0.0333785
v -0.0951073 -0.00972804 0.0333382
v -0.0951263 -0.00970814 0.0332948
v -0.0951419 -0.00969137 0.0332489
v -0.095154 -0.00967788 0.0332009
v -0.0951624 -0.00966784 0.0331512
v -0.0951671 -0.00966134 0.0331005
v -0.0946615 -0.00977827 0.0335531
v -0.0946938 -0.00973933 0.0335439
v -0.0947252 -0.00970122 0.0335294
v -0.0947554 -0.00966434 0.03351
v -0.094784 -0.00962908 0.0334858
v -0.0948107 -0.00959582 0.0334571
v -0.0948353 -0.00956491 0.0334241
v -0.0948575 -0.00953667 0.0333873
v -0.094877 -0.00951141 0.033347
v -0.0948937 -0.00948939 0.0333036
v -0.0949074 -0.00947084 0.0332576
v -0.0949178 -0.00945597 0.0332095
v -0.0949251 -0.00944492 0.0331597
v -0.0949289 -0.00943782 0.0331089
v -0.094439 -0.00961112 0.0335624
v -0.094467 -0.00956875 0.0335533
v -0.0944941 -0.0095273 0.033539
v -0.0945201 -0.00948719 0.0335196
v -0.0945448 -0.00944885 0.0334955
v -0.0945678 -0.00941269 0.0334668
v -0.0945889 -0.00937911 0.0334339
v -0.0946078 -0.00934844 0.033397
v -0.0946245 -0.00932102 0.0333566
v -0.0946386 -0.00929715 0.0333132
v -0.0946501 -0.00927707 0.0332671
v -0.0946589 -0.00926099 0.0332189
v -0.0946648 -0.0092491 0.033169
v -0.0946677 -0.00924151 0.0331181
v -0.0935 -0.00855662 0.0315
v -0.0935 -0.00855662 0.0331141
v -0.0935003 -0.00855986 0.0331657
v -0.0934979 -0.00856769 0.0332167
v -0.0934928 -0.00858001 0.0332666
v -0.0934852 -0.00859671 0.0333148
v -0.0934751 -0.0086176 0.033361
v -0.0934625 -0.00864245 0.0334045
v -0.0934477 -0.00867101 0.0334449
v -0.0934308 -0.00870297 0.0334817
v -0.093412 -0.00873799 0.0335147
v -0.0933914 -0.00877569 0.0335434
v -0.0933693 -0.00881568 0.0335675
v -0.093346 -0.00885752 0.0335867
v -0.0933216 -0.00890077 0.033601
v -0.0932965 -0.00894496 0.03361
v -0.0932708 -0.00898964 0.0336137
v -0.0932366 -0.0083856 0.0315
v -0.0933323 -0.00845229 0.0331223
v -0.0929926 -0.00818798 0.0315
v -0.0932391 -0.00838232 0.0331268
v -0.0930707 -0.00825586 0.033135
v -0.0927706 -0.00796594 0.0315
v -0.0929952 -0.00818517 0.0331387
v -0.092832 -0.00803215 0.0331466
v -0.0925729 -0.0077219 0.0315
v -0.0927733 -0.00796362 0.0331495
v -0.0926192 -0.00778384 0.033157
v -0.0924019 -0.00745855 0.0315
v -0.0925756 -0.00772009 0.0331591
v -0.0924347 -0.00751388 0.0331659
v -0.0922594 -0.00717876 0.0315
v -0.0924044 -0.00745722 0.0331674
v -0.0922807 -0.0072255 0.0331734
v -0.0921468 -0.0068856 0.0315
v -0.0922616 -0.00717788 0.0331744
v -0.092159 -0.00692212 0.0331793
v -0.0920656 -0.00658228 0.0315
v -0.0921486 -0.0068851 0.0331798
v -0.092071 -0.00660733 0.0331836
v -0.0920164 -0.00627213 0.0315
v -0.0920668 -0.00658207 0.0331838
v -0.0920178 -0.00628487 0.0331862
v -0.092 -0.00595855 0.0315
v -0.0920171 -0.0062721 0.0331862
v -0.092 -0.00595855 0.0331871
v -0.0919974 -0.00595855 0.0332379
v -0.0919896 -0.00595855 0.0332883
v -0.0919768 -0.00595855 0.0333376
v -0.091959 -0.00595855 0.0333853
v -0.0919364 -0.00595855 0.033431
v -0.0919093 -0.00595855 0.0334742
v -0.091878 -0.00595855 0.0335143
v -0.0918427 -0.00595855 0.0335511
v -0.0918039 -0.00595855 0.0335841
v -0.0917619 -0.00595855 0.033613
v -0.0917172 -0.00595855 0.0336374
v -0.0916703 -0.00595855 0.0336572
v -0.0916215 -0.00595855 0.0336721
v -0.0915715 -0.00595855 0.0336819
v -0.0915416 -0.00633926 0.0336858
v -0.0915208 -0.00595855 0.0336866
v -0.0916036 -0.00671546 0.0336832
v -0.0917063 -0.00708271 0.0336789
v -0.0918482 -0.00743666 0.033673
v -0.0920279 -0.0077731 0.0336655
v -0.0922432 -0.00808805 0.0336565
v -0.0924915 -0.00837775 0.0336462
v -0.0927699 -0.00863874 0.0336346
v -0.0930752 -0.00886791 0.0336219
v -0.0920152 -0.00628538 0.0332371
v -0.0920076 -0.00628645 0.0332875
v -0.0919948 -0.00628807 0.0333368
v -0.0919771 -0.00629022 0.0333845
v -0.0919547 -0.00629288 0.0334302
v -0.0919278 -0.00629603 0.0334734
v -0.0918967 -0.00629962 0.0335135
v -0.0918616 -0.00630362 0.0335503
v -0.091823 -0.00630799 0.0335833
v -0.0917813 -0.00631269 0.0336121
v -0.0917368 -0.00631767 0.0336366
v -0.0916902 -0.00632286 0.0336563
v -0.0916417 -0.00632823 0.0336712
v -0.091592 -0.00633372 0.0336811
v -0.0920686 -0.00660834 0.0332345
v -0.0920611 -0.00661046 0.0332849
v -0.0920486 -0.00661368 0.0333342
v -0.0920313 -0.00661795 0.033382
v -0.0920093 -0.00662324 0.0334277
v -0.0919829 -0.00662949 0.0334709
v -0.0919524 -0.00663663 0.0335111
v -0.091918 -0.00664459 0.0335478
v -0.0918801 -0.00665328 0.0335808
v -0.0918391 -0.00666263 0.0336097
v -0.0917955 -0.00667252 0.0336341
v -0.0917496 -0.00668286 0.0336538
v -0.091702 -0.00669353 0.0336687
v -0.0921567 -0.0069236 0.0332303
v -0.0921496 -0.00692674 0.0332807
v -0.0921376 -0.0069315 0.0333301
v -0.0921209 -0.00693784 0.0333779
v -0.0920996 -0.00694568 0.0334236
v -0.0920741 -0.00695496 0.0334668
v -0.0920445 -0.00696556 0.033507
v -0.0920112 -0.00697739 0.0335438
v -0.0919745 -0.00699031 0.0335767
v -0.0919347 -0.00700419 0.0336056
v -0.0918924 -0.00701889 0.03363
v -0.0918479 -0.00703425 0.0336497
v -0.0916532 -0.00670444 0.0336785
v -0.0918017 -0.00705012 0.0336645
v -0.0922787 -0.00722742 0.0332244
v -0.092272 -0.00723151 0.0332749
v -0.0922606 -0.00723775 0.0333243
v -0.0922448 -0.00724607 0.0333722
v -0.0922246 -0.00725638 0.0334179
v -0.0922002 -0.00726856 0.0334611
v -0.092172 -0.0072825 0.0335013
v -0.0921401 -0.00729805 0.0335381
v -0.092105 -0.00731505 0.0335711
v -0.092067 -0.00733331 0.0335999
v -0.0920265 -0.00735266 0.0336243
v -0.0919839 -0.00737288 0.033644
v -0.0917544 -0.00706633 0.0336743
v -0.0919397 -0.00739377 0.0336588
v -0.092433 -0.00751618 0.033217
v -0.0924269 -0.00752117 0.0332675
v -0.0924164 -0.0075288 0.033317
v -0.0924016 -0.00753898 0.0333649
v -0.0923826 -0.00755161 0.0334107
v -0.0923598 -0.00756656 0.033454
v -0.0923332 -0.00758367 0.0334942
v -0.0923033 -0.00760277 0.033531
v -0.0922702 -0.00762364 0.033564
v -0.0922344 -0.00764609 0.0335928
v -0.0921962 -0.00766986 0.0336171
v -0.092156 -0.00769471 0.0336368
v -0.0918943 -0.0074151 0.0336685
v -0.0921143 -0.00772038 0.0336515
v -0.0926179 -0.00778646 0.0332081
v -0.0926124 -0.00779225 0.0332587
v -0.0926029 -0.00780115 0.0333083
v -0.0925894 -0.00781307 0.0333562
v -0.092572 -0.00782786 0.0334021
v -0.0925509 -0.0078454 0.0334454
v -0.0925264 -0.00786548 0.0334857
v -0.0924987 -0.00788789 0.0335225
v -0.0924681 -0.00791241 0.0335554
v -0.0924349 -0.00793877 0.0335842
v -0.0923995 -0.0079667 0.0336085
v -0.0923622 -0.00799591 0.0336281
v -0.0920715 -0.0077466 0.0336611
v -0.0923234 -0.00802608 0.0336427
v -0.0928311 -0.00803504 0.0331979
v -0.0928264 -0.00804154 0.0332486
v -0.092818 -0.00805158 0.0332982
v -0.0928059 -0.00806506 0.0333462
v -0.0927903 -0.00808184 0.0333922
v -0.0927713 -0.00810174 0.0334355
v -0.0927491 -0.00812455 0.0334758
v -0.092724 -0.00815002 0.0335126
v -0.0926962 -0.0081779 0.0335456
v -0.0926661 -0.00820788 0.0335744
v -0.0926339 -0.00823966 0.0335986
v -0.0926 -0.00827288 0.0336181
v -0.0922836 -0.0080569 0.0336522
v -0.0925647 -0.00830722 0.0336326
v -0.0930702 -0.00825894 0.0331864
v -0.0930664 -0.00826604 0.0332372
v -0.0930592 -0.00827709 0.0332869
v -0.0930487 -0.00829196 0.033335
v -0.093035 -0.00831051 0.033381
v -0.0930183 -0.00833253 0.0334244
v -0.0929988 -0.00835779 0.0334647
v -0.0929766 -0.00838603 0.0335016
v -0.092952 -0.00841694 0.0335346
v -0.0929253 -0.0084502 0.0335633
v -0.0928967 -0.00848546 0.0335875
v -0.0928665 -0.00852233 0.0336069
v -0.0925284 -0.0083423 0.033642
v -0.0928351 -0.00856045 0.0336213
v -0.0933323 -0.00845549 0.0331738
v -0.0933293 -0.00846308 0.0332247
v -0.0933235 -0.00847497 0.0332745
v -0.0933147 -0.00849104 0.0333227
v -0.0933032 -0.00851113 0.0333688
v -0.0932891 -0.008535 0.0334123
v -0.0932724 -0.00856242 0.0334526
v -0.0932534 -0.00859308 0.0334895
v -0.0932323 -0.00862667 0.0335225
v -0.0932094 -0.00866283 0.0335511
v -0.0931847 -0.00870117 0.0335753
v -0.0931587 -0.00874127 0.0335946
v -0.0928028 -0.00859939 0.0336306
v -0.0931316 -0.00878273 0.0336089
v -0.0931036 -0.00882509 0.033618
v -0.092 0.00595855 0.0315
v -0.092 0.00595855 0.0331871
v -0.0919974 0.00595855 0.0332379
v -0.0919896 0.00595855 0.0332883
v -0.0919768 0.00595855 0.0333376
v -0.091959 0.00595855 0.0333853
v -0.0919364 0.00595855 0.033431
v -0.0919093 0.00595855 0.0334742
v -0.091878 0.00595855 0.0335143
v -0.0918427 0.00595855 0.0335511
v -0.0918039 0.00595855 0.0335841
v -0.0917619 0.00595855 0.033613
v -0.0917172 0.00595855 0.0336374
v -0.0916703 0.00595855 0.0336572
v -0.0916215 0.00595855 0.0336721
v -0.0915715 0.00595855 0.0336819
v -0.0915208 0.00595855 0.0336866
v -0.0920065 0.00615571 0.0331868
v -0.0920164 0.00627213 0.0315
v -0.0920205 0.00627164 0.0331861
v -0.0920457 0.00648016 0.0331848
v -0.0920656 0.00658228 0.0315
v -0.0920693 0.0065814 0.0331837
v -0.09212 0.00679844 0.0331812
v -0.0921468 0.0068856 0.0315
v -0.0921502 0.00688441 0.0331798
v -0.0922284 0.00710679 0.033176
v -0.0922594 0.00717876 0.0315
v -0.0922623 0.00717735 0.0331743
v -0.0923698 0.00740154 0.0331691
v -0.0924019 0.00745855 0.0315
v -0.0924043 0.00745704 0.0331674
v -0.0925425 0.0076792 0.0331607
v -0.0925729 0.0077219 0.0315
v -0.0925748 0.00772042 0.0331591
v -0.0927444 0.00793646 0.0331509
v -0.0927706 0.00796594 0.0315
v -0.0927719 0.00796462 0.0331495
v -0.0929731 0.00817027 0.0331398
v -0.0929926 0.00818798 0.0315
v -0.0929934 0.00818696 0.0331388
v -0.093226 0.00837781 0.0331275
v -0.0932366 0.0083856 0.0315
v -0.093237 0.00838502 0.0331269
v -0.0935 0.00855662 0.0331141
v -0.0935 0.00855662 0.0315
v -0.0959836 0.0114185 0.0315
v -0.096 0.0117321 0.0315
v -0.0954271 0.0099687 0.0315
v -0.0955981 0.0102321 0.0315
v -0.0947634 0.009305 0.0315
v -0.0950074 0.00950262 0.0315
v -0.0957406 0.0105118 0.0315
v -0.0952294 0.00972466 0.0315
v -0.0958532 0.010805 0.0315
v -0.0959344 0.0111083 0.0315
v -0.0945 0.00913397 0.0315
v -0.0945 0.00913397 0.0330725
v -0.0935003 0.00855986 0.0331657
v -0.0934979 0.00856769 0.0332167
v -0.0934928 0.00858001 0.0332666
v -0.0934852 0.00859671 0.0333148
v -0.0934751 0.0086176 0.033361
v -0.0934625 0.00864245 0.0334045
v -0.0934477 0.00867101 0.0334449
v -0.0934308 0.00870297 0.0334817
v -0.093412 0.00873799 0.0335147
v -0.0933914 0.00877569 0.0335434
v -0.0933693 0.00881568 0.0335675
v -0.093346 0.00885752 0.0335867
v -0.0933216 0.00890077 0.033601
v -0.0932965 0.00894496 0.03361
v -0.0932708 0.00898964 0.0336137
v -0.0929511 0.00878103 0.033627
v -0.0926561 0.00853889 0.0336393
v -0.0923893 0.00826612 0.0336504
v -0.0921537 0.00796597 0.0336603
v -0.0919523 0.00764204 0.0336687
v -0.0917873 0.00729816 0.0336755
v -0.0916608 0.00693843 0.0336808
v -0.0915741 0.0065671 0.0336844
v -0.0915284 0.00618857 0.0336863
v -0.0932258 0.00838098 0.0331789
v -0.0932225 0.00838838 0.0332298
v -0.0932161 0.00839996 0.0332795
v -0.0932066 0.00841558 0.0333277
v -0.0931942 0.00843509 0.0333738
v -0.0931791 0.00845826 0.0334172
v -0.0931612 0.00848486 0.0334576
v -0.093141 0.0085146 0.0334944
v -0.0931184 0.00854718 0.0335274
v -0.0930939 0.00858223 0.0335561
v -0.0930677 0.0086194 0.0335802
v -0.09304 0.00865828 0.0335996
v -0.0930111 0.00869846 0.0336139
v -0.0929814 0.00873952 0.0336231
v -0.0929725 0.00817328 0.0331911
v -0.0929683 0.00818015 0.0332418
v -0.0929606 0.00819082 0.0332915
v -0.0929494 0.00820517 0.0333396
v -0.092935 0.00822304 0.0333856
v -0.0929174 0.00824425 0.0334289
v -0.0928967 0.00826857 0.0334693
v -0.0928734 0.00829575 0.0335061
v -0.0928475 0.0083255 0.0335391
v -0.0928193 0.00835751 0.0335678
v -0.0927893 0.00839143 0.033592
v -0.0927576 0.00842691 0.0336115
v -0.0927246 0.00846357 0.0336259
v -0.0926906 0.00850103 0.0336352
v -0.0927433 0.00793925 0.0332021
v -0.0927383 0.00794549 0.0332528
v -0.0927294 0.00795509 0.0333024
v -0.0927167 0.00796797 0.0333504
v -0.0927004 0.00798399 0.0333963
v -0.0926805 0.00800298 0.0334396
v -0.0926574 0.00802473 0.0334799
v -0.0926312 0.00804903 0.0335167
v -0.0926023 0.00807561 0.0335496
v -0.0925709 0.0081042 0.0335784
v -0.0925374 0.00813449 0.0336027
v -0.0925021 0.00816616 0.0336222
v -0.0924653 0.00819889 0.0336368
v -0.0924276 0.00823232 0.0336462
v -0.092541 0.0076817 0.0332118
v -0.0925353 0.00768719 0.0332624
v -0.0925254 0.0076956 0.0333119
v -0.0925113 0.00770684 0.0333598
v -0.0924933 0.0077208 0.0334057
v -0.0924715 0.00773733 0.033449
v -0.0924461 0.00775626 0.0334892
v -0.0924175 0.00777739 0.033526
v -0.0923858 0.0078005 0.033559
v -0.0923516 0.00782534 0.0335878
v -0.092315 0.00785165 0.0336121
v -0.0922765 0.00787917 0.0336317
v -0.0922365 0.00790759 0.0336463
v -0.0921954 0.00793663 0.0336559
v -0.092368 0.00740369 0.0332201
v -0.0923617 0.00740834 0.0332706
v -0.0923508 0.00741543 0.0333201
v -0.0923356 0.00742488 0.033368
v -0.0923161 0.00743661 0.0334138
v -0.0922926 0.00745049 0.033457
v -0.0922654 0.00746636 0.0334972
v -0.0922346 0.00748408 0.033534
v -0.0922007 0.00750344 0.033567
v -0.0921639 0.00752425 0.0335958
v -0.0921248 0.0075463 0.0336202
v -0.0920836 0.00756934 0.0336398
v -0.0920408 0.00759315 0.0336545
v -0.0919969 0.00761747 0.0336642
v -0.0922263 0.00710854 0.0332269
v -0.0922195 0.00711226 0.0332774
v -0.0922078 0.00711793 0.0333268
v -0.0921916 0.00712547 0.0333746
v -0.092171 0.00713482 0.0334204
v -0.0921461 0.00714586 0.0334636
v -0.0921173 0.0071585 0.0335038
v -0.0920848 0.00717259 0.0335405
v -0.092049 0.00718799 0.0335735
v -0.0920103 0.00720454 0.0336024
v -0.091969 0.00722206 0.0336268
v -0.0919256 0.00724038 0.0336465
v -0.0918805 0.00725931 0.0336612
v -0.0918343 0.00727863 0.033671
v -0.0921176 0.00679974 0.0332322
v -0.0921103 0.00680249 0.0332826
v -0.0920981 0.00680664 0.0333319
v -0.0920812 0.00681217 0.0333797
v -0.0920596 0.00681901 0.0334254
v -0.0920337 0.0068271 0.0334686
v -0.0920037 0.00683634 0.0335088
v -0.0919699 0.00684664 0.0335456
v -0.0919326 0.0068579 0.0335786
v -0.0918924 0.00687 0.0336074
v -0.0918494 0.00688281 0.0336318
v -0.0918044 0.0068962 0.0336515
v -0.0917576 0.00691003 0.0336664
v -0.0917095 0.00692416 0.0336762
v -0.0920432 0.00648098 0.0332357
v -0.0920356 0.00648269 0.0332861
v -0.092023 0.00648527 0.0333354
v -0.0920055 0.00648871 0.0333832
v -0.0919834 0.00649296 0.0334289
v -0.0919567 0.00649799 0.0334721
v -0.0919259 0.00650373 0.0335122
v -0.0918912 0.00651013 0.033549
v -0.0918529 0.00651712 0.033582
v -0.0918116 0.00652463 0.0336109
v -0.0917676 0.00653258 0.0336353
v -0.0917213 0.00654089 0.033655
v -0.0916733 0.00654947 0.0336699
v -0.0916241 0.00655824 0.0336797
v -0.0920039 0.00615602 0.0332376
v -0.0919962 0.00615667 0.033288
v -0.0919834 0.00615765 0.0333373
v -0.0919656 0.00615895 0.033385
v -0.0919431 0.00616056 0.0334307
v -0.0919161 0.00616245 0.0334739
v -0.0918848 0.00616462 0.033514
v -0.0918496 0.00616704 0.0335508
v -0.0918109 0.00616968 0.0335838
v -0.091769 0.00617252 0.0336127
v -0.0917244 0.00617553 0.0336371
v -0.0916775 0.00617867 0.0336569
v -0.0916289 0.00618191 0.0336718
v -0.091579 0.00618522 0.0336816
v -0.094763 0.00930558 0.0330634
v -0.094774 0.00931278 0.033063
v -0.0950066 0.00950364 0.0330549
v -0.0950269 0.00952033 0.0330542
v -0.0952281 0.00972598 0.0330472
v -0.0952556 0.00975414 0.0330462
v -0.0954252 0.00997018 0.0330404
v -0.0954575 0.0100114 0.0330392
v -0.0955957 0.0102336 0.0330344
v -0.0956302 0.0102891 0.0330332
v -0.0957716 0.0105838 0.0330283
v -0.0957377 0.0105132 0.0330295
v -0.09588 0.0108922 0.0330246
v -0.0958498 0.0108062 0.0330256
v -0.0959543 0.0112104 0.033022
v -0.0959307 0.0111092 0.0330228
v -0.0959935 0.0115349 0.0330206
v -0.0959795 0.011419 0.0330211
v -0.096 0.0117321 0.0330204
v -0.0942708 0.00956699 0.033572
v -0.0942965 0.00952231 0.0335683
v -0.0943216 0.00947812 0.0335593
v -0.094346 0.00943487 0.0335451
v -0.0943693 0.00939303 0.0335258
v -0.0943914 0.00935304 0.0335017
v -0.094412 0.00931534 0.033473
v -0.0944308 0.00928032 0.0334401
v -0.0944477 0.00924836 0.0334032
v -0.0944625 0.0092198 0.0333628
v -0.0944751 0.00919495 0.0333193
v -0.0944852 0.00917406 0.0332732
v -0.0944928 0.00915736 0.0332249
v -0.0944979 0.00914504 0.033175
v -0.0945003 0.00913721 0.033124
v -0.0944992 0.009716 0.0335625
v -0.0947099 0.00988895 0.0335538
v -0.0949005 0.0100838 0.0335458
v -0.0950687 0.0102982 0.0335388
v -0.0952126 0.0105296 0.0335328
v -0.0953304 0.0107752 0.0335279
v -0.0954208 0.0110321 0.0335241
v -0.0954827 0.0112974 0.0335216
v -0.0955154 0.0115677 0.0335202
v -0.0955208 0.0117321 0.03352
v -0.0956215 0.0117321 0.0335054
v -0.0956703 0.0117321 0.0334905
v -0.0957172 0.0117321 0.0334707
v -0.0957619 0.0117321 0.0334463
v -0.0958039 0.0117321 0.0334174
v -0.0958427 0.0117321 0.0333845
v -0.095878 0.0117321 0.0333477
v -0.0959093 0.0117321 0.0333075
v -0.0959364 0.0117321 0.0332644
v -0.095959 0.0117321 0.0332187
v -0.0959768 0.0117321 0.0331709
v -0.0959896 0.0117321 0.0331216
v -0.0959974 0.0117321 0.0330713
v -0.0955715 0.0117321 0.0335153
v -0.0945592 0.00963343 0.0335494
v -0.094588 0.00959325 0.0335351
v -0.0946157 0.00955437 0.0335157
v -0.094642 0.0095172 0.0334916
v -0.0946665 0.00948215 0.0334629
v -0.094689 0.00944957 0.0334299
v -0.0947093 0.00941983 0.0333931
v -0.0947271 0.00939323 0.0333527
v -0.0947423 0.00937006 0.0333093
v -0.0947547 0.00935055 0.0332632
v -0.0947641 0.00933493 0.033215
v -0.0947705 0.00932336 0.0331653
v -0.0947738 0.00931595 0.0331144
v -0.0945294 0.00967449 0.0335586
v -0.0947444 0.00985109 0.0335497
v -0.0947784 0.00981364 0.0335404
v -0.0948114 0.00977697 0.0335259
v -0.0948431 0.00974149 0.0335065
v -0.0948731 0.00970757 0.0334822
v -0.0949013 0.00967557 0.0334535
v -0.0949272 0.00964582 0.0334205
v -0.0949505 0.00961864 0.0333837
v -0.0949711 0.00959432 0.0333434
v -0.0949888 0.00957311 0.0333
v -0.0950032 0.00955523 0.033254
v -0.0950144 0.00954089 0.0332059
v -0.0950221 0.00953022 0.0331563
v -0.0950263 0.00952335 0.0331055
v -0.0949389 0.01005 0.0335416
v -0.0949766 0.0100166 0.0335321
v -0.0950133 0.00998384 0.0335176
v -0.0950486 0.00995216 0.0334981
v -0.0950822 0.00992187 0.0334738
v -0.0951136 0.00989329 0.033445
v -0.0951425 0.0098667 0.033412
v -0.0951687 0.00984241 0.0333752
v -0.0951918 0.00982065 0.0333349
v -0.0952116 0.00980167 0.0332916
v -0.095228 0.00978565 0.0332457
v -0.0952407 0.00977277 0.0331977
v -0.0952496 0.00976316 0.0331481
v -0.0952546 0.00975693 0.0330975
v -0.0951105 0.0102688 0.0335344
v -0.0951515 0.0102398 0.0335249
v -0.0951915 0.0102114 0.0335102
v -0.09523 0.0101839 0.0334907
v -0.0952666 0.0101575 0.0334663
v -0.0953009 0.0101327 0.0334375
v -0.0953325 0.0101096 0.0334046
v -0.0953611 0.0100885 0.0333678
v -0.0953865 0.0100695 0.0333275
v -0.0954083 0.010053 0.0332842
v -0.0954263 0.010039 0.0332384
v -0.0954404 0.0100278 0.0331905
v -0.0954503 0.0100194 0.0331409
v -0.0954561 0.0100139 0.0330904
v -0.0952572 0.010505 0.0335283
v -0.0953011 0.0104807 0.0335187
v -0.0953439 0.0104569 0.033504
v -0.0953851 0.0104338 0.0334843
v -0.0954243 0.0104118 0.03346
v -0.095461 0.010391 0.0334311
v -0.0954949 0.0103716 0.0333982
v -0.0955257 0.0103539 0.0333614
v -0.0955529 0.010338 0.0333211
v -0.0955764 0.0103241 0.0332779
v -0.0955959 0.0103124 0.0332321
v -0.0956111 0.0103029 0.0331842
v -0.095622 0.0102959 0.0331348
v -0.0956284 0.0102912 0.0330843
v -0.0953774 0.0107557 0.0335233
v -0.0954236 0.0107363 0.0335136
v -0.0954687 0.0107174 0.0334988
v -0.0955121 0.0106991 0.0334791
v -0.0955534 0.0106816 0.0334547
v -0.0955921 0.010665 0.0334259
v -0.0956279 0.0106496 0.0333929
v -0.0956604 0.0106355 0.0333561
v -0.0956892 0.0106229 0.0333159
v -0.0957141 0.0106118 0.0332727
v -0.0957347 0.0106025 0.033227
v -0.095751 0.0105949 0.0331792
v -0.0957626 0.0105893 0.0331298
v -0.0957695 0.0105856 0.0330793
v -0.0954696 0.0110179 0.0335195
v -0.0955176 0.0110037 0.0335097
v -0.0955644 0.0109899 0.0334949
v -0.0956095 0.0109765 0.0334751
v -0.0956524 0.0109637 0.0334507
v -0.0956927 0.0109516 0.0334219
v -0.0957299 0.0109404 0.0333889
v -0.0957637 0.01093 0.0333521
v -0.0957938 0.0109208 0.0333119
v -0.0958197 0.0109127 0.0332688
v -0.0958412 0.0109059 0.033223
v -0.0958582 0.0109004 0.0331753
v -0.0958704 0.0108962 0.0331259
v -0.0958777 0.0108935 0.0330755
v -0.0955327 0.0112885 0.0335169
v -0.095582 0.0112797 0.033507
v -0.0956299 0.0112712 0.0334922
v -0.0956762 0.0112629 0.0334724
v -0.0957202 0.0112549 0.033448
v -0.0957615 0.0112474 0.0334191
v -0.0957998 0.0112404 0.0333861
v -0.0958345 0.011234 0.0333494
v -0.0958653 0.0112283 0.0333092
v -0.095892 0.0112232 0.033266
v -0.0959141 0.011219 0.0332203
v -0.0959316 0.0112155 0.0331726
v -0.0959442 0.011213 0.0331233
v -0.0959518 0.0112113 0.0330729
v -0.095566 0.0115644 0.0335155
v -0.0956159 0.0115611 0.0335056
v -0.0956645 0.0115578 0.0334908
v -0.0957114 0.0115547 0.033471
v -0.095756 0.0115517 0.0334465
v -0.0957979 0.0115489 0.0334177
v -0.0958366 0.0115462 0.0333847
v -0.0958718 0.0115438 0.0333479
v -0.0959031 0.0115416 0.0333078
v -0.0959301 0.0115397 0.0332646
v -0.0959526 0.0115381 0.0332189
v -0.0959704 0.0115368 0.0331712
v -0.0959832 0.0115358 0.0331219
v -0.0959909 0.0115352 0.0330715
v -0.048 0.0185 0.0355
v -0.0955208 0.0140449 0.03352
v -0.0955715 0.0140449 0.0335153
v -0.0956215 0.0140449 0.0335054
v -0.0956703 0.0140449 0.0334905
v -0.0957172 0.0140449 0.0334707
v -0.0957619 0.0140449 0.0334463
v -0.0958039 0.0140449 0.0334174
v -0.0958427 0.0140449 0.0333845
v -0.095878 0.0140449 0.0333477
v -0.0959093 0.0140449 0.0333075
v -0.0959364 0.0140449 0.0332644
v -0.095959 0.0140449 0.0332187
v -0.0959768 0.0140449 0.0331709
v -0.0959896 0.0140449 0.0331216
v -0.0959974 0.0140449 0.0330713
v -0.096 0.0140449 0.0330204
v -0.096 0.0145951 0.0329927
v -0.096 0.0151303 0.0329118
v -0.096 0.0156509 0.0327797
v -0.096 0.0160157 0.0326536
v -0.096 0.0165171 0.0324308
v -0.096 0.0169867 0.0321635
v -0.096 0.017991 0.0313424
v -0.096 0.0183447 0.0309374
v -0.096 0.0174256 0.0318529
v -0.096 0.0175965 0.0317133
v -0.096 0.0184291 0.0308278
v -0.0955219 0.0141903 0.0335181
v -0.0955231 0.0143527 0.0335061
v -0.0955261 0.0147752 0.0334749
v -0.0955276 0.0150186 0.0334327
v -0.0955254 0.0146792 0.033482
v -0.0955252 0.0146449 0.0334845
v -0.0955299 0.0153694 0.0333699
v -0.095532 0.0157229 0.0332726
v -0.095529 0.0152283 0.0333964
v -0.0955298 0.0153497 0.0333753
v -0.095533 0.0159039 0.0332228
v -0.095534 0.0160775 0.0331566
v -0.0955324 0.015796 0.0332525
v -0.095536 0.0164403 0.0330181
v -0.0955359 0.0164304 0.0330218
v -0.0955346 0.0161927 0.0331126
v -0.0955374 0.0167698 0.0328535
v -0.0955383 0.0169809 0.0327481
v -0.0955387 0.0170999 0.0326726
v -0.0955373 0.0167387 0.032869
v -0.0955398 0.0174141 0.0324733
v -0.09554 0.0175004 0.0324186
v -0.0955405 0.0177057 0.032256
v -0.0955392 0.0172501 0.0325773
v -0.0955406 0.0177278 0.0322385
v -0.095541 0.0179165 0.0320891
v -0.0955412 0.0179993 0.0320235
v -0.0955414 0.0182272 0.0318017
v -0.0955416 0.0184542 0.0315731
v -0.0955416 0.0186483 0.0313411
v -0.0955416 0.0183469 0.0316852
v -0.0955417 0.0184194 0.0316146
v -0.0955907 0.0188225 0.0311228
v -0.0955416 0.0187309 0.0312424
v -0.0955941 0.0188218 0.0311223
v -0.0956456 0.0188115 0.0311146
v -0.0956389 0.0188133 0.031116
v -0.0956954 0.0187969 0.0311036
v -0.0956858 0.0188004 0.0311063
v -0.095743 0.0187782 0.0310896
v -0.0957308 0.0187839 0.0310939
v -0.0957879 0.0187556 0.0310726
v -0.0957736 0.0187639 0.0310789
v -0.0958296 0.0187293 0.0310529
v -0.0958137 0.0187406 0.0310614
v -0.0958675 0.0186996 0.0310307
v -0.0958507 0.0187142 0.0310416
v -0.0958843 0.018685 0.0310197
v -0.0959013 0.0186669 0.0310061
v -0.0959141 0.0186533 0.0309959
v -0.0959306 0.0186315 0.0309796
v -0.0959398 0.0186194 0.0309705
v -0.0959551 0.0185939 0.0309514
v -0.0959612 0.0185836 0.0309437
v -0.0959744 0.0185543 0.0309217
v -0.095978 0.0185463 0.0309157
v -0.0959885 0.0185134 0.030891
v -0.0959902 0.0185079 0.0308869
v -0.095997 0.0184715 0.0308596
v -0.0959975 0.0184687 0.0308575
v -0.0955415 0.0188277 0.0311267
v -0.0955757 0.0146447 0.0334844
v -0.0956253 0.0146437 0.0334743
v -0.0956736 0.0146422 0.0334592
v -0.0957202 0.0146402 0.0334393
v -0.0957645 0.0146377 0.0334149
v -0.095806 0.0146348 0.0333861
v -0.0958445 0.0146315 0.0333533
v -0.0958794 0.0146278 0.0333167
v -0.0959104 0.0146238 0.0332769
v -0.0959372 0.0146195 0.0332341
v -0.0959595 0.0146149 0.0331889
v -0.0959771 0.0146101 0.0331416
v -0.0959898 0.0146052 0.0330928
v -0.0959974 0.0146002 0.033043
v -0.0955793 0.0152281 0.0333957
v -0.0956286 0.015226 0.0333854
v -0.0956766 0.0152229 0.0333703
v -0.0957228 0.0152189 0.0333505
v -0.0957667 0.0152141 0.0333263
v -0.0958079 0.0152083 0.0332979
v -0.095846 0.0152018 0.0332656
v -0.0958806 0.0151945 0.0332296
v -0.0959113 0.0151866 0.0331905
v -0.0959378 0.0151781 0.0331485
v -0.0959599 0.0151691 0.0331041
v -0.0959773 0.0151598 0.0330578
v -0.0959899 0.0151501 0.0330099
v -0.0959975 0.0151402 0.0329611
v -0.0955825 0.0157954 0.0332512
v -0.0956315 0.0157923 0.0332409
v -0.0956792 0.0157877 0.033226
v -0.095725 0.0157818 0.0332066
v -0.0957686 0.0157745 0.0331829
v -0.0958095 0.015766 0.0331551
v -0.0958473 0.0157563 0.0331236
v -0.0958816 0.0157456 0.0330886
v -0.0959121 0.0157339 0.0330504
v -0.0959384 0.0157214 0.0330096
v -0.0959602 0.0157081 0.0329665
v -0.0959775 0.0156943 0.0329214
v -0.09599 0.0156801 0.032875
v -0.0959975 0.0156655 0.0328276
v -0.0955845 0.016193 0.0331134
v -0.0956333 0.016189 0.0331032
v -0.0956808 0.0161834 0.0330886
v -0.0957264 0.016176 0.0330695
v -0.0957698 0.0161671 0.0330463
v -0.0958105 0.0161566 0.0330192
v -0.0958481 0.0161448 0.0329884
v -0.0958823 0.0161316 0.0329543
v -0.0959125 0.0161173 0.0329172
v -0.0959387 0.016102 0.0328774
v -0.0959605 0.0160858 0.0328354
v -0.0959776 0.0160689 0.0327916
v -0.09599 0.0160514 0.0327463
v -0.0959975 0.0160336 0.0327002
v -0.0955868 0.0167393 0.0328702
v -0.0956354 0.0167343 0.0328603
v -0.0956827 0.0167271 0.0328462
v -0.0957281 0.0167179 0.0328279
v -0.0957713 0.0167066 0.0328056
v -0.0958118 0.0166935 0.0327797
v -0.0958491 0.0166786 0.0327502
v -0.095883 0.0166621 0.0327176
v -0.0959131 0.0166442 0.0326822
v -0.0959391 0.016625 0.0326442
v -0.0959607 0.0166047 0.0326041
v -0.0959778 0.0165836 0.0325623
v -0.0959901 0.0165618 0.0325192
v -0.0959975 0.0165395 0.0324752
v -0.0955886 0.0172509 0.0325786
v -0.0956371 0.0172449 0.0325691
v -0.0956841 0.0172363 0.0325557
v -0.0957294 0.0172253 0.0325383
v -0.0957724 0.0172118 0.0325172
v -0.0958127 0.0171962 0.0324927
v -0.0958499 0.0171785 0.0324648
v -0.0958836 0.0171589 0.032434
v -0.0959136 0.0171376 0.0324006
v -0.0959394 0.0171148 0.0323647
v -0.0959609 0.0170907 0.0323269
v -0.0959779 0.0170656 0.0322875
v -0.0959901 0.0170398 0.0322469
v -0.0959975 0.0170134 0.0322054
v -0.0955893 0.0177246 0.0322343
v -0.0956382 0.0177221 0.0322311
v -0.0956851 0.0177122 0.0322184
v -0.0957303 0.0176994 0.0322022
v -0.0957731 0.017684 0.0321825
v -0.0958133 0.017666 0.0321596
v -0.0958504 0.0176457 0.0321336
v -0.095884 0.0176231 0.0321049
v -0.0959139 0.0175987 0.0320737
v -0.0959396 0.0175725 0.0320403
v -0.0959611 0.0175449 0.0320051
v -0.095978 0.0175161 0.0319684
v -0.0959902 0.0174864 0.0319305
v -0.0959975 0.0174562 0.0318919
v -0.0955896 0.0179112 0.032083
v -0.0956385 0.0179078 0.0320792
v -0.0956854 0.0178974 0.0320669
v -0.0957305 0.017884 0.0320512
v -0.0957734 0.0178678 0.0320321
v -0.0958135 0.0178489 0.0320099
v -0.0958505 0.0178275 0.0319848
v -0.0958841 0.0178039 0.031957
v -0.095914 0.0177782 0.0319268
v -0.0959397 0.0177507 0.0318946
v -0.0959611 0.0177217 0.0318605
v -0.095978 0.0176915 0.031825
v -0.0959902 0.0176604 0.0317884
v -0.0959975 0.0176286 0.031751
v -0.0955908 0.0183451 0.0316836
v -0.095639 0.0183369 0.0316757
v -0.0956859 0.0183252 0.0316645
v -0.0957309 0.0183104 0.0316501
v -0.0957737 0.0182923 0.0316327
v -0.0958138 0.0182713 0.0316125
v -0.0958508 0.0182476 0.0315896
v -0.0958843 0.0182213 0.0315643
v -0.0959141 0.0181928 0.0315368
v -0.0959398 0.0181623 0.0315074
v -0.0959612 0.0181301 0.0314764
v -0.095978 0.0180965 0.0314441
v -0.0959902 0.0180619 0.0314107
v -0.0959975 0.0180267 0.0313767
v -0.0955908 0.0187304 0.0312423
v -0.095639 0.0187215 0.0312352
v -0.0956859 0.0187088 0.0312252
v -0.0957309 0.0186926 0.0312124
v -0.0957737 0.018673 0.0311969
v -0.0958137 0.0186501 0.0311788
v -0.0958507 0.0186242 0.0311584
v -0.0958843 0.0185956 0.0311357
v -0.0959141 0.0185645 0.0311112
v -0.0959398 0.0185313 0.0310849
v -0.0959612 0.0184962 0.0310572
v -0.095978 0.0184597 0.0310283
v -0.0959902 0.018422 0.0309985
v -0.0959975 0.0183835 0.0309681
v -0.048 0.0207846 0.0347811
v -0.048 0.0208183 0.0347597
v -0.048 0.0209627 0.0346453
v -0.048 0.0211412 0.034504
v -0.048 0.0217 0.0339
v -0.048 0.0215132 0.0341241
v -0.048 0.0214362 0.0342164
v -0.048 0.0213285 0.0343214
v -0.048 0.0211478 0.0344976
v -0.048 0.0206037 0.0348962
v -0.048 0.0204263 0.0350031
v -0.048 0.0204707 0.0349808
v -0.048 0.0202446 0.0350939
v -0.048 0.0200626 0.03518
v -0.048 0.0201023 0.0351651
v -0.048 0.0198727 0.0352516
v -0.048 0.0196778 0.0353207
v -0.048 0.0197168 0.0353104
v -0.048 0.0194708 0.0353752
v -0.048 0.0192531 0.0354256
v -0.048 0.0193184 0.0354154
v -0.048 0.0190195 0.0354619
v -0.048 0.0187695 0.0354861
v -0.048 0.0189114 0.0354788
v -0.0719136 0.0194657 0.0333357
v -0.0719136 0.0192389 0.033515
v -0.0719136 0.0196814 0.0331443
v -0.0955941 0.0193184 0.0304598
v -0.0955415 0.0193245 0.0304643
v -0.0955804 0.0193207 0.0304615
v -0.0956456 0.0193083 0.0304522
v -0.0956187 0.0193144 0.0304568
v -0.0956563 0.0193058 0.0304503
v -0.095693 0.0192949 0.0304421
v -0.0956956 0.0192939 0.0304414
v -0.0957431 0.0192751 0.0304273
v -0.0957285 0.0192817 0.0304322
v -0.0957626 0.0192663 0.0304207
v -0.0957881 0.0192525 0.0304104
v -0.0957951 0.0192488 0.0304076
v -0.0958257 0.0192293 0.030393
v -0.0958298 0.0192263 0.0303907
v -0.0958544 0.019208 0.030377
v -0.0958677 0.0191965 0.0303684
v -0.0959016 0.0191639 0.0303439
v -0.0958809 0.019185 0.0303597
v -0.0959268 0.0191343 0.0303217
v -0.0959051 0.0191604 0.0303412
v -0.0959308 0.0191284 0.0303173
v -0.0959458 0.019107 0.0303012
v -0.0959552 0.0190907 0.030289
v -0.0959622 0.0190785 0.0302799
v -0.0959747 0.0190512 0.0302594
v -0.0959757 0.0190491 0.0302578
v -0.0959863 0.019019 0.0302352
v -0.0959884 0.0190102 0.0302286
v -0.0959939 0.0189883 0.0302122
v -0.0959985 0.0189572 0.0301888
v -0.0959968 0.0189683 0.0301972
v -0.0955357 0.019453 0.0302938
v -0.0955182 0.0195823 0.0301238
v -0.0954892 0.0197114 0.0299557
v -0.0954491 0.0198393 0.0297907
v -0.0953983 0.019965 0.0296302
v -0.0953375 0.0200876 0.0294752
v -0.0952676 0.0202064 0.0293266
v -0.0951895 0.0203205 0.0291852
v -0.0951041 0.0204296 0.0290516
v -0.0950124 0.0205332 0.0289263
v -0.0949153 0.0206309 0.0288094
v -0.0948138 0.0207227 0.0287011
v -0.0947087 0.0208085 0.0286014
v -0.0946006 0.0208882 0.0285101
v -0.0944904 0.020962 0.028427
v -0.0942915 0.0210785 0.0282993
v -0.0943246 0.0210996 0.0282616
v -0.0943568 0.0211157 0.0282209
v -0.0943877 0.0211267 0.0281775
v -0.094417 0.0211324 0.0281321
v -0.0944443 0.0211327 0.0280851
v -0.0944694 0.0211277 0.028037
v -0.0944918 0.0211174 0.0279886
v -0.0945114 0.0211019 0.0279403
v -0.0945278 0.0210814 0.0278927
v -0.094541 0.0210562 0.0278464
v -0.0945508 0.0210265 0.0278019
v -0.094557 0.0209927 0.0277597
v -0.0945595 0.0209553 0.0277204
v -0.0945584 0.0209145 0.0276844
v -0.0945537 0.020871 0.0276521
v -0.0945454 0.0208252 0.027624
v -0.0945335 0.0207778 0.0276003
v -0.0945184 0.0207291 0.0275813
v -0.0955756 0.0194503 0.0302891
v -0.0956149 0.0194451 0.0302825
v -0.0956534 0.0194374 0.030274
v -0.0956909 0.0194272 0.0302637
v -0.0957272 0.0194146 0.0302517
v -0.0957619 0.0193996 0.030238
v -0.0957949 0.0193824 0.0302227
v -0.095826 0.0193631 0.030206
v -0.0958549 0.0193418 0.0301879
v -0.0958815 0.0193187 0.0301685
v -0.0959055 0.0192938 0.030148
v -0.0959269 0.0192674 0.0301266
v -0.0959455 0.0192396 0.0301043
v -0.0959612 0.0192106 0.0300812
v -0.0959739 0.0191806 0.0300576
v -0.0959835 0.0191497 0.0300336
v -0.0959899 0.0191183 0.0300094
v -0.0959931 0.0190864 0.0299851
v -0.095559 0.0195809 0.0301172
v -0.0955991 0.0195768 0.0301085
v -0.0956385 0.01957 0.0300979
v -0.0956767 0.0195606 0.0300855
v -0.0957136 0.0195486 0.0300712
v -0.0957489 0.0195342 0.0300553
v -0.0957823 0.0195173 0.0300378
v -0.0958136 0.0194981 0.0300189
v -0.0958426 0.0194768 0.0299986
v -0.0958691 0.0194535 0.0299772
v -0.0958929 0.0194284 0.0299547
v -0.0959139 0.0194016 0.0299313
v -0.095932 0.0193733 0.0299072
v -0.0959469 0.0193437 0.0298826
v -0.0959586 0.0193131 0.0298575
v -0.095967 0.0192815 0.0298322
v -0.0959721 0.0192493 0.0298069
v -0.0959737 0.0192166 0.0297817
v -0.0955307 0.0197114 0.029947
v -0.0955716 0.0197084 0.0299363
v -0.0956116 0.0197027 0.0299235
v -0.0956504 0.0196941 0.0299088
v -0.0956878 0.0196828 0.0298923
v -0.0957234 0.0196688 0.0298741
v -0.0957571 0.0196522 0.0298544
v -0.0957885 0.0196333 0.0298332
v -0.0958175 0.019612 0.0298107
v -0.0958439 0.0195886 0.0297872
v -0.0958673 0.0195632 0.0297627
v -0.0958878 0.019536 0.0297375
v -0.0959051 0.0195071 0.0297116
v -0.0959191 0.0194769 0.0296854
v -0.0959298 0.0194456 0.029659
v -0.0959369 0.0194132 0.0296325
v -0.0959406 0.0193801 0.0296063
v -0.0959407 0.0193466 0.0295804
v -0.0954912 0.0198406 0.02978
v -0.0955326 0.0198389 0.0297671
v -0.0955731 0.0198342 0.029752
v -0.0956124 0.0198265 0.0297351
v -0.0956501 0.0198159 0.0297162
v -0.095686 0.0198025 0.0296957
v -0.0957198 0.0197863 0.0296737
v -0.0957512 0.0197675 0.0296503
v -0.09578 0.0197463 0.0296256
v -0.095806 0.0197227 0.0296
v -0.095829 0.019697 0.0295735
v -0.0958488 0.0196694 0.0295465
v -0.0958653 0.01964 0.029519
v -0.0958783 0.0196092 0.0294913
v -0.0958878 0.019577 0.0294636
v -0.0958936 0.0195439 0.0294361
v -0.0958958 0.0195099 0.0294091
v -0.0958943 0.0194754 0.0293827
v -0.0954408 0.0199678 0.0296173
v -0.0954826 0.0199674 0.0296021
v -0.0955235 0.0199637 0.0295848
v -0.095563 0.019957 0.0295655
v -0.0956009 0.0199471 0.0295444
v -0.0956369 0.0199343 0.0295215
v -0.0956706 0.0199185 0.0294971
v -0.0957019 0.0198999 0.0294714
v -0.0957304 0.0198787 0.0294446
v -0.095756 0.019855 0.0294169
v -0.0957784 0.019829 0.0293886
v -0.0957974 0.0198009 0.0293597
v -0.095813 0.019771 0.0293307
v -0.0958249 0.0197394 0.0293016
v -0.0958331 0.0197065 0.0292728
v -0.0958376 0.0196725 0.0292445
v -0.0958382 0.0196376 0.0292168
v -0.095835 0.0196021 0.02919
v -0.0953803 0.0200919 0.0294601
v -0.0954224 0.0200928 0.0294427
v -0.0954634 0.0200903 0.029423
v -0.0955031 0.0200845 0.0294013
v -0.095541 0.0200755 0.0293778
v -0.0955769 0.0200632 0.0293526
v -0.0956104 0.0200478 0.0293259
v -0.0956414 0.0200294 0.0292979
v -0.0956695 0.0200082 0.029269
v -0.0956944 0.0199844 0.0292393
v -0.0957161 0.0199581 0.029209
v -0.0957343 0.0199296 0.0291785
v -0.0957489 0.019899 0.029148
v -0.0957596 0.0198668 0.0291177
v -0.0957666 0.019833 0.0290879
v -0.0957696 0.0197981 0.0290588
v -0.0957687 0.0197622 0.0290307
v -0.0957639 0.0197258 0.0290038
v -0.0953105 0.0202121 0.0293093
v -0.0953526 0.0202144 0.0292896
v -0.0953936 0.0202131 0.0292676
v -0.0954332 0.0202084 0.0292435
v -0.095471 0.0202001 0.0292176
v -0.0955066 0.0201884 0.02919
v -0.0955399 0.0201735 0.029161
v -0.0955704 0.0201553 0.0291308
v -0.0955979 0.0201342 0.0290998
v -0.0956222 0.0201102 0.0290681
v -0.095643 0.0200836 0.0290361
v -0.0956603 0.0200546 0.029004
v -0.0956737 0.0200234 0.0289721
v -0.0956833 0.0199904 0.0289406
v -0.0956889 0.0199558 0.02891
v -0.0956905 0.01992 0.0288803
v -0.0956881 0.0198831 0.028852
v -0.0956817 0.0198456 0.0288251
v -0.0952322 0.0203279 0.0291657
v -0.0952742 0.0203315 0.0291437
v -0.0953151 0.0203315 0.0291193
v -0.0953544 0.0203277 0.0290929
v -0.0953918 0.0203203 0.0290645
v -0.0954271 0.0203093 0.0290346
v -0.0954598 0.0202948 0.0290033
v -0.0954897 0.0202769 0.028971
v -0.0955166 0.0202558 0.0289378
v -0.0955401 0.0202317 0.0289043
v -0.09556 0.0202047 0.0288705
v -0.0955762 0.0201753 0.0288369
v -0.0955885 0.0201435 0.0288038
v -0.0955969 0.0201097 0.0287714
v -0.0956012 0.0200742 0.02874
v -0.0956014 0.0200374 0.02871
v -0.0955975 0.0199995 0.0286815
v -0.0955895 0.0199609 0.0286549
v -0.0951465 0.0204385 0.0290299
v -0.0951882 0.0204436 0.0290056
v -0.0952286 0.0204448 0.0289789
v -0.0952675 0.0204421 0.02895
v -0.0953045 0.0204356 0.0289193
v -0.0953392 0.0204252 0.028887
v -0.0953713 0.0204112 0.0288535
v -0.0954004 0.0203935 0.028819
v -0.0954264 0.0203725 0.0287839
v -0.095449 0.0203482 0.0287485
v -0.095468 0.020321 0.0287132
v -0.0954831 0.020291 0.0286782
v -0.0954943 0.0202586 0.0286439
v -0.0955014 0.020224 0.0286106
v -0.0955044 0.0201876 0.0285787
v -0.0955032 0.0201498 0.0285484
v -0.0954979 0.0201108 0.0285201
v -0.0954885 0.0200711 0.0284939
v -0.0950543 0.0205437 0.0289023
v -0.0950954 0.0205502 0.0288757
v -0.0951353 0.0205527 0.0288467
v -0.0951735 0.0205511 0.0288155
v -0.0952098 0.0205454 0.0287824
v -0.0952438 0.0205358 0.0287479
v -0.0952751 0.0205222 0.0287122
v -0.0953034 0.0205048 0.0286756
v -0.0953285 0.0204838 0.0286386
v -0.0953501 0.0204594 0.0286014
v -0.095368 0.0204318 0.0285646
v -0.095382 0.0204013 0.0285283
v -0.095392 0.0203683 0.028493
v -0.0953979 0.0203329 0.028459
v -0.0953996 0.0202956 0.0284267
v -0.0953971 0.0202567 0.0283963
v -0.0953905 0.0202167 0.0283681
v -0.0953798 0.0201758 0.0283425
v -0.0949565 0.0206431 0.0287833
v -0.0949969 0.0206511 0.0287544
v -0.095036 0.0206548 0.028723
v -0.0950734 0.0206543 0.0286895
v -0.0951089 0.0206496 0.0286542
v -0.0951419 0.0206406 0.0286174
v -0.0951723 0.0206274 0.0285796
v -0.0951996 0.0206103 0.028541
v -0.0952237 0.0205894 0.0285021
v -0.0952442 0.0205649 0.0284634
v -0.095261 0.020537 0.0284251
v -0.0952738 0.020506 0.0283876
v -0.0952826 0.0204723 0.0283514
v -0.0952873 0.0204361 0.0283168
v -0.0952878 0.0203979 0.0282842
v -0.0952841 0.020358 0.0282539
v -0.0952763 0.0203168 0.0282261
v -0.0952644 0.0202748 0.0282012
v -0.0948541 0.0207365 0.0286728
v -0.0948935 0.0207459 0.0286417
v -0.0949316 0.020751 0.0286081
v -0.094968 0.0207516 0.0285723
v -0.0950025 0.0207477 0.0285348
v -0.0950345 0.0207394 0.0284958
v -0.0950638 0.0207268 0.0284559
v -0.09509 0.02071 0.0284154
v -0.0951129 0.0206891 0.0283748
v -0.0951323 0.0206644 0.0283345
v -0.0951479 0.0206362 0.0282949
v -0.0951596 0.0206047 0.0282564
v -0.0951672 0.0205703 0.0282194
v -0.0951708 0.0205333 0.0281843
v -0.0951701 0.0204942 0.0281515
v -0.0951653 0.0204532 0.0281214
v -0.0951564 0.0204109 0.0280941
v -0.0951435 0.0203678 0.0280701
v -0.0947478 0.0208238 0.028571
v -0.094786 0.0208347 0.0285377
v -0.094823 0.0208411 0.0285019
v -0.0948583 0.0208428 0.0284639
v -0.0948915 0.0208398 0.0284242
v -0.0949223 0.0208322 0.0283832
v -0.0949504 0.0208201 0.0283413
v -0.0949754 0.0208035 0.028299
v -0.0949971 0.0207827 0.0282567
v -0.0950153 0.0207579 0.0282149
v -0.0950297 0.0207294 0.0281741
v -0.0950402 0.0206974 0.0281347
v -0.0950467 0.0206623 0.028097
v -0.0950491 0.0206245 0.0280616
v -0.0950474 0.0205844 0.0280287
v -0.0950416 0.0205425 0.0279988
v -0.0950318 0.0204991 0.0279722
v -0.0950181 0.0204547 0.0279491
v -0.0946384 0.0209051 0.0284776
v -0.0946753 0.0209175 0.0284422
v -0.0947109 0.0209251 0.0284043
v -0.0947448 0.0209278 0.0283642
v -0.0947767 0.0209258 0.0283224
v -0.0948062 0.0209189 0.0282794
v -0.0948329 0.0209072 0.0282357
v -0.0948566 0.020891 0.0281916
v -0.0948771 0.0208703 0.0281478
v -0.0948939 0.0208453 0.0281047
v -0.0949071 0.0208165 0.0280627
v -0.0949165 0.020784 0.0280224
v -0.0949219 0.0207483 0.0279842
v -0.0949232 0.0207097 0.0279485
v -0.0949206 0.0206687 0.0279157
v -0.0949139 0.0206257 0.0278862
v -0.0949034 0.0205811 0.0278602
v -0.094889 0.0205356 0.0278382
v -0.0945267 0.0209805 0.0283926
v -0.094562 0.0209942 0.0283552
v -0.0945961 0.021003 0.0283152
v -0.0946285 0.0210069 0.0282731
v -0.0946589 0.0210057 0.0282293
v -0.0946868 0.0209995 0.0281844
v -0.0947121 0.0209883 0.0281389
v -0.0947344 0.0209723 0.0280932
v -0.0947535 0.0209517 0.0280479
v -0.0947691 0.0209267 0.0280036
v -0.094781 0.0208975 0.0279606
v -0.0947892 0.0208646 0.0279196
v -0.0947935 0.0208282 0.0278809
v -0.0947939 0.0207888 0.027845
v -0.0947904 0.0207469 0.0278123
v -0.094783 0.0207029 0.0277833
v -0.0947719 0.0206572 0.0277581
v -0.094757 0.0206106 0.0277371
v -0.0893793 0.0237172 0.0254632
v -0.0894124 0.0237383 0.0254256
v -0.0894446 0.0237545 0.0253848
v -0.0894755 0.0237654 0.0253415
v -0.0895048 0.0237711 0.025296
v -0.0895321 0.0237715 0.025249
v -0.0895571 0.0237664 0.025201
v -0.0895796 0.0237561 0.0251525
v -0.0895991 0.0237406 0.0251042
v -0.0896156 0.0237202 0.0250566
v -0.0896288 0.0236949 0.0250103
v -0.0896386 0.0236652 0.0249658
v -0.0896448 0.0236315 0.0249236
v -0.0896473 0.023594 0.0248843
v -0.0896462 0.0235533 0.0248483
v -0.0896415 0.0235098 0.0248161
v -0.0896332 0.023464 0.0247879
v -0.0896213 0.0234165 0.0247642
v -0.0896061 0.0233679 0.0247453
v -0.0895878 0.0233186 0.0247312
v -0.088806 0.0237078 0.0242799
v -0.0871655 0.0243567 0.0233327
v -0.0854399 0.0248353 0.0223365
v -0.0775 0.022 0.0177524
v -0.0839545 0.0250968 0.0214788
v -0.0775 0.0259372 0.0177524
v -0.0888205 0.0240224 0.0251093
v -0.0888005 0.0240333 0.0250967
v -0.0871196 0.0247619 0.0240335
v -0.0874723 0.0246208 0.0242567
v -0.0872359 0.0247254 0.0241071
v -0.0878129 0.0244702 0.0244721
v -0.0881524 0.02432 0.0246867
v -0.0884897 0.0241708 0.0249001
v -0.0885994 0.0241223 0.0249695
v -0.0867404 0.0248808 0.0237933
v -0.0859847 0.0251177 0.0233147
v -0.0855708 0.0252475 0.0230526
v -0.0869682 0.0248093 0.0239376
v -0.0837883 0.0255885 0.0218775
v -0.084496 0.0254534 0.0223721
v -0.0852495 0.025309 0.0228492
v -0.0852359 0.0253117 0.0228406
v -0.083795 0.0255859 0.0218653
v -0.0838071 0.0255813 0.0218433
v -0.0838201 0.025574 0.0218193
v -0.0838252 0.0255711 0.0218096
v -0.0838426 0.0255579 0.0217766
v -0.0838438 0.0255567 0.0217743
v -0.0838591 0.0255418 0.0217443
v -0.0838658 0.0255337 0.021731
v -0.0838747 0.0255229 0.0217132
v -0.083886 0.0255059 0.0216896
v -0.0838891 0.0255013 0.0216832
v -0.0839024 0.0254772 0.0216547
v -0.0839042 0.0254734 0.0216509
v -0.0839199 0.0254363 0.0216153
v -0.0839252 0.0254219 0.0216028
v -0.0839145 0.0254507 0.0216279
v -0.0839333 0.0253955 0.0215829
v -0.0839346 0.0253912 0.0215796
v -0.0839425 0.0253585 0.0215586
v -0.0839439 0.0253512 0.0215545
v -0.0839517 0.0253039 0.0215303
v -0.0839538 0.0252886 0.0215232
v -0.0839489 0.0253243 0.0215397
v -0.0839569 0.0252543 0.0215102
v -0.0839571 0.0252517 0.0215092
v -0.0839589 0.0252138 0.0214976
v -0.0839589 0.0252028 0.0214951
v -0.083959 0.0251752 0.0214887
v -0.083958 0.0251501 0.0214847
v -0.0839575 0.0251361 0.0214824
v -0.083769 0.0255926 0.0219119
v -0.0886333 0.0241502 0.0249325
v -0.0886628 0.0241625 0.0248913
v -0.0886911 0.0241698 0.0248481
v -0.0887179 0.0241721 0.0248034
v -0.088743 0.0241693 0.0247578
v -0.0887661 0.0241615 0.0247116
v -0.0887868 0.0241488 0.0246655
v -0.0888051 0.0241312 0.0246199
v -0.0888206 0.0241091 0.0245753
v -0.0888333 0.0240826 0.0245322
v -0.0888429 0.024052 0.024491
v -0.0888494 0.0240176 0.0244523
v -0.0888527 0.0239799 0.0244164
v -0.0888528 0.0239392 0.0243838
v -0.0888497 0.023896 0.0243547
v -0.0888434 0.0238508 0.0243295
v -0.0888339 0.023804 0.0243085
v -0.0888214 0.0237561 0.0242919
v -0.0869969 0.0248315 0.0239
v -0.0870219 0.0248362 0.0238595
v -0.0870459 0.0248366 0.0238181
v -0.0870687 0.0248326 0.0237763
v -0.0870901 0.0248242 0.0237343
v -0.0871099 0.0248116 0.0236927
v -0.087128 0.0247948 0.0236517
v -0.0871441 0.0247739 0.0236118
v -0.0871581 0.0247493 0.0235732
v -0.0871698 0.0247211 0.0235365
v -0.0871793 0.0246895 0.0235018
v -0.0871863 0.0246549 0.0234695
v -0.0871909 0.0246176 0.02344
v -0.0871929 0.0245779 0.0234134
v -0.0871924 0.0245361 0.0233901
v -0.0871894 0.0244927 0.0233702
v -0.0871839 0.0244481 0.0233539
v -0.0871759 0.0244026 0.0233414
v -0.0852727 0.0253151 0.0228109
v -0.0852949 0.0253241 0.0227755
v -0.0853154 0.0253182 0.0227377
v -0.085335 0.0253087 0.0227001
v -0.0853535 0.0252957 0.0226631
v -0.0853707 0.0252791 0.0226269
v -0.0853866 0.0252592 0.0225917
v -0.085401 0.0252361 0.0225579
v -0.0854138 0.02521 0.0225257
v -0.0854249 0.0251811 0.0224953
v -0.0854343 0.0251496 0.022467
v -0.0854418 0.0251157 0.0224409
v -0.0854474 0.0250797 0.0224174
v -0.0854511 0.0250418 0.0223965
v -0.0854528 0.0250024 0.0223784
v -0.0854525 0.0249618 0.0223632
v -0.0854502 0.0249201 0.0223511
v -0.085446 0.0248779 0.0223422
v -0.048 0.030232 0.0215018
v -0.048 0.03025 0.0211667
v -0.048 0.0301928 0.0218058
v -0.048 0.030227 0.0215948
v -0.048 0.0301383 0.0220909
v -0.048 0.0301583 0.0220181
v -0.048 0.0300624 0.0223673
v -0.048 0.0300158 0.022505
v -0.048 0.0300447 0.0224316
v -0.048 0.0299611 0.0226439
v -0.048 0.0299044 0.0227876
v -0.048 0.0298342 0.0229324
v -0.048 0.0298875 0.0228305
v -0.048 0.0297555 0.0230825
v -0.048 0.0296692 0.0232393
v -0.048 0.0296885 0.0232103
v -0.048 0.02945 0.0235667
v -0.0773406 0.0264267 0.0181388
v -0.0773146 0.026433 0.0181854
v -0.0773657 0.0264147 0.0180927
v -0.0773894 0.0263972 0.0180477
v -0.0774114 0.0263744 0.0180043
v -0.0774317 0.0263465 0.017963
v -0.0774498 0.0263139 0.0179243
v -0.0774656 0.026277 0.0178886
v -0.0774789 0.0262361 0.0178563
v -0.0774896 0.0261918 0.0178279
v -0.0774974 0.0261445 0.0178035
v -0.0775025 0.0260948 0.0177836
v -0.0775046 0.0260433 0.0177683
v -0.0775038 0.0259905 0.0177579
v -0.0772366 0.022 0.0175813
v -0.0774623 0.0259429 0.0177302
v -0.0769926 0.022 0.0173837
v -0.0772381 0.025977 0.0175792
v -0.0771901 0.0259843 0.0175469
v -0.0767706 0.022 0.0171617
v -0.0769946 0.026014 0.0173814
v -0.0769401 0.0260222 0.0173353
v -0.0765729 0.022 0.0169176
v -0.076773 0.0260476 0.0171593
v -0.076715 0.0260564 0.0170982
v -0.0764019 0.022 0.0166543
v -0.0765759 0.0260776 0.0169154
v -0.0765173 0.0260865 0.0168384
v -0.0762594 0.022 0.0163745
v -0.0764053 0.0261035 0.0166522
v -0.0763493 0.026112 0.0165593
v -0.0761468 0.022 0.0160813
v -0.0762631 0.0261251 0.0163728
v -0.0762128 0.0261327 0.016264
v -0.0760656 0.022 0.015778
v -0.0761508 0.0261421 0.01608
v -0.0761091 0.0261485 0.0159561
v -0.0760164 0.022 0.0154679
v -0.0760698 0.0261545 0.0157771
v -0.0760394 0.0261591 0.015639
v -0.0760175 0.0261624 0.0154782
v -0.0760167 0.0261625 0.0154678
v -0.0760044 0.0261644 0.0153165
v -0.076 0.022 0.0151543
v -0.076 0.0261651 0.0151543
v -0.0775 0.022 0.00124765
v -0.0769926 0.022 0.00161629
v -0.0772366 0.022 0.00141867
v -0.0767706 0.022 0.00183833
v -0.0764019 0.022 0.00234572
v -0.0765729 0.022 0.00208237
v -0.0761468 0.022 0.00291867
v -0.0762594 0.022 0.00262551
v -0.076 0.022 0.00384572
v -0.0760164 0.022 0.00353214
v -0.0760656 0.022 0.00322199
v -0.076 0.0261651 0.00384572
v -0.0759974 0.0262164 0.0151543
v -0.0759894 0.0262673 0.0151543
v -0.0759763 0.026317 0.0151543
v -0.0759582 0.0263652 0.0151543
v -0.0759352 0.0264112 0.0151543
v -0.0759076 0.0264546 0.0151543
v -0.0758757 0.026495 0.0151543
v -0.0758398 0.0265319 0.0151543
v -0.0758003 0.0265648 0.0151543
v -0.0757576 0.0265936 0.0151543
v -0.0757122 0.0266178 0.0151543
v -0.0756646 0.0266372 0.0151543
v -0.0756152 0.0266516 0.0151543
v -0.0755697 0.0266602 0.0153435
v -0.0755646 0.0266609 0.0151543
v -0.075585 0.0266582 0.0155322
v -0.0756106 0.0266549 0.0157198
v -0.0756919 0.0266443 0.0160897
v -0.0758128 0.0266285 0.016449
v -0.0759721 0.0266078 0.0167934
v -0.0761681 0.0265823 0.0171191
v -0.0763987 0.0265523 0.0174221
v -0.0766613 0.0265181 0.0176988
v -0.0769531 0.0264801 0.0179456
v -0.0772705 0.0264387 0.0181595
v -0.0760018 0.0262158 0.015317
v -0.0759939 0.0262666 0.0153178
v -0.0759808 0.0263164 0.0153188
v -0.0759627 0.0263645 0.0153201
v -0.0759398 0.0264106 0.0153217
v -0.0759122 0.026454 0.0153235
v -0.0758803 0.0264944 0.0153255
v -0.0758445 0.0265312 0.0153277
v -0.0758051 0.0265642 0.0153301
v -0.0757625 0.0265929 0.0153326
v -0.0757171 0.0266171 0.0153352
v -0.0756695 0.0266365 0.0153379
v -0.0756202 0.0266509 0.0153407
v -0.076015 0.0262138 0.0154792
v -0.0760072 0.0262647 0.0154808
v -0.0759942 0.0263144 0.0154829
v -0.0759762 0.0263626 0.0154855
v -0.0759534 0.0264086 0.0154886
v -0.075926 0.0264521 0.0154922
v -0.0758943 0.0264924 0.0154962
v -0.0758587 0.0265293 0.0155006
v -0.0758194 0.0265623 0.0155054
v -0.075777 0.026591 0.0155104
v -0.0757319 0.0266152 0.0155156
v -0.0756845 0.0266346 0.0155211
v -0.076037 0.0262105 0.0156405
v -0.0760293 0.0262614 0.0156429
v -0.0760165 0.0263112 0.015646
v -0.0759988 0.0263594 0.01565
v -0.0759762 0.0264054 0.0156546
v -0.075949 0.0264489 0.01566
v -0.0759176 0.0264892 0.015666
v -0.0758822 0.0265261 0.0156726
v -0.0758433 0.0265591 0.0156797
v -0.0758012 0.0265878 0.0156872
v -0.0757564 0.026612 0.015695
v -0.0756354 0.026649 0.0155266
v -0.0757093 0.0266313 0.0157031
v -0.076107 0.0262 0.0159585
v -0.0760998 0.026251 0.0159623
v -0.0760876 0.0263008 0.0159675
v -0.0760705 0.0263491 0.015974
v -0.0760486 0.0263952 0.0159818
v -0.0760222 0.0264387 0.0159906
v -0.0759917 0.0264791 0.0160006
v -0.0759572 0.026516 0.0160115
v -0.0759192 0.0265489 0.0160232
v -0.0758782 0.0265776 0.0160356
v -0.0758344 0.0266017 0.0160486
v -0.0756605 0.0266457 0.0157114
v -0.0757884 0.026621 0.0160621
v -0.0762112 0.0261844 0.0162673
v -0.0762047 0.0262355 0.0162726
v -0.0761933 0.0262855 0.0162797
v -0.076177 0.0263338 0.0162887
v -0.0761562 0.02638 0.0162993
v -0.0761311 0.0264236 0.0163116
v -0.0761018 0.026464 0.0163254
v -0.0760687 0.0265009 0.0163405
v -0.0760322 0.0265338 0.0163567
v -0.0759926 0.0265624 0.0163739
v -0.0759505 0.0265865 0.016392
v -0.0757408 0.0266352 0.0160758
v -0.0759061 0.0266056 0.0164106
v -0.0763484 0.0261638 0.0165633
v -0.0763428 0.0262151 0.0165699
v -0.0763324 0.0262652 0.0165788
v -0.0763174 0.0263137 0.0165901
v -0.076298 0.02636 0.0166036
v -0.0762744 0.0264037 0.0166191
v -0.0762468 0.0264441 0.0166366
v -0.0762155 0.026481 0.0166557
v -0.0761809 0.0265139 0.0166763
v -0.0761434 0.0265425 0.0166982
v -0.0761033 0.0265664 0.0167211
v -0.0758601 0.0266197 0.0164297
v -0.0760611 0.0265853 0.0167448
v -0.0765172 0.0261385 0.0168431
v -0.0765126 0.02619 0.0168508
v -0.0765035 0.0262403 0.0168614
v -0.07649 0.026289 0.0168749
v -0.0764723 0.0263354 0.016891
v -0.0764506 0.0263792 0.0169096
v -0.0764251 0.0264197 0.0169305
v -0.076396 0.0264566 0.0169534
v -0.0763638 0.0264895 0.0169782
v -0.0763288 0.0265179 0.0170045
v -0.0762912 0.0265416 0.017032
v -0.0760172 0.0265992 0.016769
v -0.0762517 0.0265604 0.0170605
v -0.0767157 0.0261087 0.0171033
v -0.0767123 0.0261605 0.017112
v -0.0767046 0.026211 0.0171241
v -0.0766929 0.0262599 0.0171395
v -0.0766772 0.0263065 0.017158
v -0.0766577 0.0263504 0.0171794
v -0.0766347 0.026391 0.0172035
v -0.0766083 0.0264279 0.0172301
v -0.0765789 0.0264607 0.0172587
v -0.0765467 0.026489 0.0172892
v -0.0765123 0.0265126 0.0173211
v -0.0762105 0.026574 0.0170897
v -0.0764758 0.0265311 0.0173542
v -0.0769418 0.0260748 0.0173407
v -0.0769396 0.0261268 0.0173502
v -0.0769336 0.0261777 0.0173636
v -0.0769238 0.0262268 0.0173807
v -0.0769104 0.0262736 0.0174014
v -0.0768935 0.0263176 0.0174254
v -0.0768732 0.0263583 0.0174524
v -0.0768498 0.0263952 0.0174823
v -0.0768236 0.0264279 0.0175145
v -0.0767949 0.0264561 0.0175488
v -0.0767639 0.0264795 0.0175848
v -0.0764378 0.0265444 0.017388
v -0.0767311 0.0264977 0.0176221
v -0.0771928 0.0260372 0.0175524
v -0.077192 0.0260895 0.0175625
v -0.0771878 0.0261406 0.0175769
v -0.0771802 0.02619 0.0175955
v -0.0771692 0.026237 0.017618
v -0.0771551 0.0262812 0.0176443
v -0.0771379 0.0263219 0.017674
v -0.0771179 0.0263589 0.0177068
v -0.0770953 0.0263916 0.0177423
v -0.0770704 0.0264196 0.0177801
v -0.0770433 0.0264427 0.0178198
v -0.0766968 0.0265106 0.0176602
v -0.0770146 0.0264606 0.017861
v -0.0774659 0.0259962 0.0177357
v -0.0774665 0.0260489 0.0177462
v -0.0774642 0.0261004 0.0177613
v -0.0774588 0.02615 0.0177811
v -0.0774506 0.0261973 0.0178053
v -0.0774395 0.0262416 0.0178335
v -0.0774257 0.0262825 0.0178655
v -0.0774094 0.0263194 0.0179009
v -0.0773907 0.026352 0.0179393
v -0.0773699 0.0263799 0.0179802
v -0.0773472 0.0264028 0.0180232
v -0.0769844 0.0264731 0.017903
v -0.0773229 0.0264203 0.0180678
v -0.0772973 0.0264323 0.0181134
v -0.076007 0.026164 0.00364034
v -0.0760467 0.026158 0.00331836
v -0.0760692 0.0261545 0.00322284
v -0.0760225 0.0261616 0.00347883
v -0.0760174 0.0261624 0.00353223
v -0.076121 0.0261467 0.00300233
v -0.0761501 0.0261422 0.00291982
v -0.0762291 0.0261302 0.00269588
v -0.0762622 0.0261252 0.00262689
v -0.0763699 0.0261089 0.00240255
v -0.0764043 0.0261036 0.00234722
v -0.076542 0.0260827 0.00212578
v -0.0765749 0.0260777 0.00208387
v -0.0767434 0.0260521 0.0018689
v -0.076772 0.0260478 0.00183969
v -0.076972 0.0260174 0.00163501
v -0.0769935 0.0260141 0.00161736
v -0.0772252 0.0259789 0.00142705
v -0.0772371 0.0259771 0.00141929
v -0.0775 0.0259372 0.00124765
v -0.0755646 0.0266609 0.00384572
v -0.0756152 0.0266516 0.00384572
v -0.0756646 0.0266372 0.00384572
v -0.0757122 0.0266178 0.00384572
v -0.0757576 0.0265936 0.00384572
v -0.0758003 0.0265648 0.00384572
v -0.0758398 0.0265319 0.00384572
v -0.0758757 0.026495 0.00384572
v -0.0759076 0.0264546 0.00384572
v -0.0759352 0.0264112 0.00384572
v -0.0759582 0.0263652 0.00384572
v -0.0759763 0.026317 0.00384572
v -0.0759894 0.0262673 0.00384572
v -0.0759974 0.0262164 0.00384572
v -0.0775038 0.0259905 0.00124214
v -0.0775046 0.0260433 0.00123168
v -0.0775025 0.0260948 0.0012164
v -0.0774974 0.0261445 0.00119648
v -0.0774896 0.0261918 0.00117214
v -0.0774789 0.0262361 0.00114367
v -0.0774656 0.026277 0.00111139
v -0.0774498 0.0263139 0.00107568
v -0.0774317 0.0263465 0.00103695
v -0.0774114 0.0263744 0.000995656
v -0.0773894 0.0263972 0.000952264
v -0.0773657 0.0264147 0.000907281
v -0.0773406 0.0264267 0.000861227
v -0.0773146 0.026433 0.000814634
v -0.0769939 0.0264747 0.00102394
v -0.0766986 0.0265132 0.00126656
v -0.0764319 0.0265479 0.00153942
v -0.0761969 0.0265785 0.00183913
v -0.0759961 0.0266047 0.00216202
v -0.0758318 0.0266261 0.00250424
v -0.0757057 0.0266425 0.00286176
v -0.0756191 0.0266538 0.00323047
v -0.0755908 0.0266574 0.00341768
v -0.0755728 0.0266598 0.00360611
v -0.077228 0.0260319 0.00142146
v -0.0772274 0.0260843 0.00141136
v -0.0772234 0.0261355 0.00139684
v -0.077216 0.0261849 0.00137807
v -0.0772054 0.0262319 0.00135528
v -0.0771917 0.0262761 0.00132871
v -0.077175 0.0263169 0.00129868
v -0.0771554 0.0263538 0.00126552
v -0.0771334 0.0263865 0.00122961
v -0.0771089 0.0264145 0.00119135
v -0.0770825 0.0264376 0.0011512
v -0.0770543 0.0264554 0.00110959
v -0.0770246 0.0264679 0.00106701
v -0.0769738 0.02607 0.00162953
v -0.0769718 0.0261221 0.00161998
v -0.0769661 0.026173 0.00160646
v -0.0769566 0.0262221 0.00158914
v -0.0769435 0.0262689 0.00156819
v -0.0769269 0.0263129 0.00154386
v -0.076907 0.0263536 0.00151642
v -0.0768841 0.0263905 0.00148618
v -0.0768583 0.0264233 0.00145347
v -0.0768301 0.0264515 0.00141867
v -0.0767996 0.0264748 0.00138216
v -0.0767673 0.026493 0.00134436
v -0.0767335 0.0265058 0.00130568
v -0.0767443 0.0261045 0.00186369
v -0.076741 0.0261562 0.0018549
v -0.0767336 0.0262068 0.00184262
v -0.0767221 0.0262557 0.00182699
v -0.0767067 0.0263023 0.00180817
v -0.0766875 0.0263462 0.00178637
v -0.0766648 0.0263868 0.00176185
v -0.0766388 0.0264237 0.00173486
v -0.0766098 0.0264565 0.0017057
v -0.0765781 0.0264849 0.00167471
v -0.0765441 0.0265084 0.00164222
v -0.0765081 0.0265269 0.0016086
v -0.0764706 0.0265401 0.0015742
v -0.076542 0.0261348 0.00212103
v -0.0765375 0.0261863 0.0021132
v -0.0765286 0.0262367 0.00210236
v -0.0765153 0.0262854 0.00208865
v -0.0764979 0.0263318 0.00207221
v -0.0764764 0.0263756 0.00205322
v -0.0764512 0.0264161 0.00203189
v -0.0764225 0.026453 0.00200844
v -0.0763906 0.0264859 0.00198315
v -0.0763559 0.0265143 0.00195628
v -0.0763188 0.026538 0.00192814
v -0.0762796 0.0265568 0.00189901
v -0.0762388 0.0265703 0.00186924
v -0.0763691 0.0261607 0.0023984
v -0.0763636 0.026212 0.00239169
v -0.0763534 0.0262622 0.0023825
v -0.0763386 0.0263107 0.00237091
v -0.0763194 0.026357 0.00235707
v -0.076296 0.0264007 0.00234111
v -0.0762686 0.0264411 0.00232322
v -0.0762376 0.026478 0.00230358
v -0.0762033 0.0265109 0.00228241
v -0.0761661 0.0265395 0.00225993
v -0.0761263 0.0265633 0.0022364
v -0.0760844 0.0265823 0.00221206
v -0.0760409 0.0265961 0.00218717
v -0.0762276 0.0261819 0.00269247
v -0.0762212 0.026233 0.00268704
v -0.0762099 0.0262831 0.00267964
v -0.0761938 0.0263314 0.00267036
v -0.0761732 0.0263776 0.0026593
v -0.0761482 0.0264212 0.00264658
v -0.0761191 0.0264616 0.00263232
v -0.0760862 0.0264985 0.0026167
v -0.07605 0.0265314 0.00259986
v -0.0760106 0.0265601 0.002582
v -0.0759687 0.0265841 0.0025633
v -0.0759246 0.0266032 0.00254397
v -0.0758788 0.0266172 0.00252421
v -0.076119 0.0261982 0.00299977
v -0.0761118 0.0262492 0.00299574
v -0.0760997 0.0262991 0.00299028
v -0.0760827 0.0263474 0.00298344
v -0.0760609 0.0263935 0.00297531
v -0.0760347 0.026437 0.00296597
v -0.0760043 0.0264774 0.00295552
v -0.07597 0.0265142 0.00294407
v -0.0759322 0.0265472 0.00293174
v -0.0758913 0.0265759 0.00291866
v -0.0758477 0.0266 0.00290498
v -0.0758019 0.0266192 0.00289083
v -0.0757544 0.0266335 0.00287638
v -0.0760443 0.0262094 0.00331674
v -0.0760367 0.0262603 0.0033142
v -0.076024 0.0263101 0.00331076
v -0.0760063 0.0263583 0.00330648
v -0.0759837 0.0264044 0.00330139
v -0.0759567 0.0264478 0.00329555
v -0.0759253 0.0264882 0.00328901
v -0.0758901 0.0265251 0.00328185
v -0.0758512 0.026558 0.00327415
v -0.0758092 0.0265867 0.00326598
v -0.0757645 0.0266109 0.00325744
v -0.0757176 0.0266303 0.00324861
v -0.0756689 0.0266446 0.00323959
v -0.07602 0.026213 0.00347769
v -0.0760122 0.0262639 0.00347592
v -0.0759993 0.0263137 0.00347353
v -0.0759814 0.0263619 0.00347054
v -0.0759586 0.0264079 0.003467
v -0.0759313 0.0264513 0.00346293
v -0.0758996 0.0264917 0.00345839
v -0.075864 0.0265286 0.00345341
v -0.0758248 0.0265615 0.00344805
v -0.0757825 0.0265903 0.00344237
v -0.0757374 0.0266145 0.00343643
v -0.0756901 0.0266338 0.00343029
v -0.0756411 0.0266482 0.00342402
v -0.0760044 0.0262154 0.0036397
v -0.0759966 0.0262662 0.00363871
v -0.0759835 0.026316 0.00363737
v -0.0759654 0.0263641 0.0036357
v -0.0759425 0.0264102 0.00363371
v -0.075915 0.0264536 0.00363143
v -0.0758832 0.026494 0.00362889
v -0.0758474 0.0265308 0.0036261
v -0.075808 0.0265638 0.00362311
v -0.0757654 0.0265925 0.00361993
v -0.0757201 0.0266167 0.0036166
v -0.0756726 0.0266361 0.00361317
v -0.0756233 0.0266505 0.00360966
v -0.048 0.03025 -0.00216667
v -0.083769 0.0255926 -0.00291185
v -0.0837883 0.0255885 -0.00287749
v -0.083795 0.0255859 -0.0028653
v -0.0838071 0.0255813 -0.00284335
v -0.0838252 0.0255711 -0.00280963
v -0.0838426 0.0255579 -0.00277656
v -0.0838201 0.025574 -0.00281926
v -0.0838438 0.0255567 -0.00277426
v -0.0838591 0.0255418 -0.00274433
v -0.0838658 0.0255337 -0.00273097
v -0.0838747 0.0255229 -0.00271316
v -0.0838891 0.0255013 -0.00268324
v -0.0839024 0.0254772 -0.00265475
v -0.083886 0.0255059 -0.00268965
v -0.0839042 0.0254734 -0.00265091
v -0.0839145 0.0254507 -0.00262788
v -0.0839199 0.0254363 -0.00261533
v -0.0839252 0.0254219 -0.00260279
v -0.0839346 0.0253912 -0.00257964
v -0.0839425 0.0253585 -0.00255858
v -0.0839333 0.0253955 -0.00258294
v -0.0839439 0.0253512 -0.00255454
v -0.0839489 0.0253243 -0.00253973
v -0.0839517 0.0253039 -0.0025303
v -0.0839538 0.0252886 -0.00252323
v -0.0839571 0.0252517 -0.00250916
v -0.0839589 0.0252138 -0.00249763
v -0.0839569 0.0252543 -0.00251017
v -0.0839589 0.0252028 -0.00249508
v -0.083959 0.0251752 -0.0024887
v -0.083958 0.0251501 -0.00248466
v -0.0839575 0.0251361 -0.00248242
v -0.0839545 0.0250968 -0.00247884
v -0.0887893 0.0237155 -0.00527021
v -0.0856364 0.0247905 -0.00344991
v -0.0872528 0.0243273 -0.00438314
v -0.0895878 0.0233186 -0.00573124
v -0.0844892 0.025474 -0.0033677
v -0.0847824 0.0254257 -0.00355333
v -0.0852308 0.0253103 -0.00383729
v -0.0854435 0.0252555 -0.003972
v -0.0859894 0.025115 -0.0043177
v -0.0864662 0.0249922 -0.00461967
v -0.0867411 0.0248894 -0.00479361
v -0.0870532 0.0247726 -0.00499108
v -0.0881642 0.0243277 -0.00569409
v -0.0884732 0.0241725 -0.00588969
v -0.0878391 0.0244786 -0.00548832
v -0.0879361 0.0244423 -0.0055497
v -0.0874734 0.0246154 -0.00525696
v -0.0871071 0.0247524 -0.00502521
v -0.0894124 0.0237383 -0.00642556
v -0.0887794 0.0240186 -0.00608349
v -0.0885783 0.0241197 -0.00595622
v -0.0894446 0.0237545 -0.00638481
v -0.0894755 0.0237654 -0.00634146
v -0.0895048 0.0237711 -0.00629601
v -0.0895321 0.0237715 -0.006249
v -0.0895571 0.0237664 -0.00620098
v -0.0895796 0.0237561 -0.00615254
v -0.0895991 0.0237406 -0.00610423
v -0.0896156 0.0237202 -0.00605663
v -0.0896288 0.0236949 -0.00601031
v -0.0896386 0.0236652 -0.0059658
v -0.0896448 0.0236315 -0.00592364
v -0.0896473 0.023594 -0.00588433
v -0.0896462 0.0235533 -0.00584833
v -0.0896415 0.0235098 -0.00581606
v -0.0896332 0.023464 -0.00578792
v -0.0896213 0.0234165 -0.00576422
v -0.0896061 0.0233679 -0.00574525
v -0.0893793 0.0237172 -0.00646322
v -0.0854689 0.0252663 -0.00393274
v -0.0854916 0.025279 -0.00389883
v -0.0855125 0.0252738 -0.00386056
v -0.0855324 0.0252649 -0.00382247
v -0.0855512 0.0252523 -0.00378484
v -0.0855687 0.0252361 -0.00374797
v -0.0855848 0.0252165 -0.00371214
v -0.0855993 0.0251936 -0.00367762
v -0.0856123 0.0251676 -0.00364469
v -0.0856235 0.0251387 -0.00361359
v -0.0856328 0.0251071 -0.00358457
v -0.0856403 0.0250731 -0.00355785
v -0.0856458 0.0250369 -0.00353364
v -0.0856493 0.0249988 -0.00351212
v -0.0856508 0.0249591 -0.00349345
v -0.0856502 0.0249181 -0.00347779
v -0.0856476 0.0248761 -0.00346525
v -0.085643 0.0248335 -0.00345593
v -0.087084 0.0248007 -0.00495496
v -0.0871092 0.0248058 -0.00491436
v -0.0871334 0.0248065 -0.00487285
v -0.0871564 0.0248028 -0.00483082
v -0.087178 0.0247947 -0.00478866
v -0.087198 0.0247823 -0.00474675
v -0.0872162 0.0247657 -0.00470548
v -0.0872323 0.024745 -0.00466523
v -0.0872464 0.0247205 -0.00462638
v -0.0872582 0.0246923 -0.00458928
v -0.0872677 0.0246608 -0.00455427
v -0.0872747 0.0246262 -0.00452168
v -0.0872792 0.0245888 -0.00449182
v -0.0872812 0.024549 -0.00446495
v -0.0872805 0.0245072 -0.00444132
v -0.0872773 0.0244637 -0.00442116
v -0.0872716 0.0244189 -0.00440464
v -0.0872634 0.0243733 -0.00439193
v -0.0886151 0.0241462 -0.00591441
v -0.088646 0.0241706 -0.00588071
v -0.0886743 0.0241778 -0.00583752
v -0.0887011 0.02418 -0.00579287
v -0.0887261 0.0241772 -0.00574725
v -0.0887491 0.0241693 -0.00570114
v -0.0887698 0.0241565 -0.00565507
v -0.0887881 0.0241389 -0.00560951
v -0.0888036 0.0241168 -0.00556497
v -0.0888162 0.0240902 -0.00552194
v -0.0888258 0.0240596 -0.00548087
v -0.0888324 0.0240253 -0.00544222
v -0.0888357 0.0239875 -0.00540641
v -0.0888358 0.0239469 -0.00537382
v -0.0888327 0.0239037 -0.00534481
v -0.0888264 0.0238585 -0.00531969
v -0.088817 0.0238117 -0.00529874
v -0.0888046 0.0237638 -0.00528219
v -0.048 0.02945 -0.00456667
v -0.048 0.0296692 -0.00423926
v -0.048 0.0297555 -0.00408248
v -0.048 0.0296885 -0.00421033
v -0.048 0.0298342 -0.00393237
v -0.048 0.0299044 -0.00378763
v -0.048 0.0298875 -0.00383052
v -0.048 0.0299611 -0.00364392
v -0.048 0.0300158 -0.00350501
v -0.048 0.0300624 -0.00336732
v -0.048 0.0300447 -0.00343158
v -0.048 0.0301383 -0.00309091
v -0.048 0.0301928 -0.00280585
v -0.048 0.0301583 -0.0030181
v -0.048 0.030232 -0.00250185
v -0.048 0.030227 -0.00259485
v -0.0942915 0.0210785 -0.00929928
v -0.0943246 0.0210996 -0.00926163
v -0.0943568 0.0211157 -0.00922088
v -0.0943877 0.0211267 -0.00917752
v -0.094417 0.0211324 -0.00913207
v -0.0944443 0.0211327 -0.00908506
v -0.0944694 0.0211277 -0.00903705
v -0.0944918 0.0211174 -0.0089886
v -0.0945114 0.0211019 -0.00894029
v -0.0945278 0.0210814 -0.0088927
v -0.094541 0.0210562 -0.00884637
v -0.0945508 0.0210265 -0.00880187
v -0.094557 0.0209927 -0.00875971
v -0.0945595 0.0209553 -0.0087204
v -0.0945584 0.0209145 -0.0086844
v -0.0945537 0.020871 -0.00865213
v -0.0945454 0.0208252 -0.00862398
v -0.0945335 0.0207778 -0.00860029
v -0.0945184 0.0207291 -0.00858132
v -0.094407 0.0210133 -0.0093702
v -0.0945212 0.0209421 -0.0094493
v -0.0946336 0.0208647 -0.00953687
v -0.0947435 0.020781 -0.00963316
v -0.09485 0.0206911 -0.0097383
v -0.0949524 0.0205949 -0.00985232
v -0.0950496 0.0204927 -0.00997512
v -0.0951406 0.0203847 -0.0101065
v -0.0952245 0.0202714 -0.0102459
v -0.0953002 0.0201533 -0.0103928
v -0.0953669 0.0200311 -0.0105464
v -0.0954236 0.0199057 -0.0107057
v -0.0954698 0.019778 -0.0108696
v -0.0955047 0.019649 -0.0110369
v -0.0955281 0.0195196 -0.0112061
v -0.0955415 0.0193245 -0.0114643
v -0.0955941 0.0193184 -0.0114598
v -0.0955804 0.0193207 -0.0114615
v -0.0956456 0.0193083 -0.0114522
v -0.0956187 0.0193144 -0.0114568
v -0.095693 0.0192949 -0.0114421
v -0.0957285 0.0192817 -0.0114322
v -0.0956956 0.0192939 -0.0114414
v -0.0957431 0.0192751 -0.0114273
v -0.0957881 0.0192525 -0.0114104
v -0.0957626 0.0192663 -0.0114207
v -0.0958257 0.0192293 -0.011393
v -0.0958544 0.019208 -0.011377
v -0.0958298 0.0192263 -0.0113907
v -0.0958677 0.0191965 -0.0113684
v -0.0959016 0.0191639 -0.0113439
v -0.0958809 0.019185 -0.0113597
v -0.0959268 0.0191343 -0.0113217
v -0.0959458 0.019107 -0.0113012
v -0.0959308 0.0191284 -0.0113173
v -0.0959552 0.0190907 -0.011289
v -0.0959622 0.0190785 -0.0112799
v -0.0959747 0.0190512 -0.0112594
v -0.0959863 0.019019 -0.0112352
v -0.0959884 0.0190102 -0.0112286
v -0.0959939 0.0189883 -0.0112122
v -0.0959968 0.0189683 -0.0111972
v -0.0959985 0.0189572 -0.0111888
v -0.0959757 0.0190491 -0.0112578
v -0.0959051 0.0191604 -0.0113412
v -0.0957951 0.0192488 -0.0114076
v -0.0956563 0.0193058 -0.0114503
v -0.094442 0.0210329 -0.00933438
v -0.0944761 0.0210476 -0.00929553
v -0.0945089 0.0210574 -0.00925408
v -0.09454 0.021062 -0.00921051
v -0.0945692 0.0210615 -0.00916534
v -0.094596 0.0210558 -0.00911908
v -0.0946201 0.021045 -0.00907227
v -0.0946412 0.0210292 -0.00902545
v -0.0946592 0.0210087 -0.00897915
v -0.0946738 0.0209835 -0.00893392
v -0.0946849 0.0209542 -0.00889027
v -0.0946922 0.0209209 -0.00884872
v -0.0946957 0.020884 -0.00880974
v -0.0946955 0.020844 -0.00877378
v -0.0946914 0.0208014 -0.00874126
v -0.0946836 0.0207567 -0.00871256
v -0.0946721 0.0207103 -0.008688
v -0.094657 0.0206627 -0.00866787
v -0.0945579 0.0209601 -0.00941543
v -0.0945937 0.0209735 -0.00937857
v -0.0946283 0.020982 -0.00933914
v -0.0946611 0.0209855 -0.00929758
v -0.0946919 0.0209841 -0.00925436
v -0.0947203 0.0209777 -0.00920997
v -0.094746 0.0209664 -0.00916491
v -0.0947687 0.0209503 -0.00911968
v -0.0947881 0.0209297 -0.0090748
v -0.0948041 0.0209047 -0.00903077
v -0.0948164 0.0208756 -0.00898808
v -0.0948249 0.0208428 -0.00894723
v -0.0948295 0.0208066 -0.00890867
v -0.0948302 0.0207674 -0.00887283
v -0.0948269 0.0207257 -0.00884012
v -0.0948197 0.020682 -0.0088109
v -0.0948087 0.0206367 -0.00878552
v -0.0947939 0.0205903 -0.00876424
v -0.0946718 0.0208811 -0.00950504
v -0.0947092 0.020893 -0.00947028
v -0.0947452 0.0209002 -0.00943297
v -0.0947796 0.0209027 -0.00939352
v -0.0948119 0.0209003 -0.00935236
v -0.0948418 0.0208932 -0.00930994
v -0.0948689 0.0208814 -0.00926673
v -0.094893 0.0208651 -0.00922321
v -0.0949139 0.0208444 -0.00917985
v -0.0949311 0.0208195 -0.00913713
v -0.0949447 0.0207907 -0.00909551
v -0.0949544 0.0207584 -0.00905545
v -0.0949601 0.0207229 -0.0090174
v -0.0949618 0.0206845 -0.00898177
v -0.0949594 0.0206438 -0.00894894
v -0.094953 0.0206011 -0.00891929
v -0.0949427 0.0205569 -0.00889313
v -0.0949284 0.0205117 -0.00887076
v -0.094783 0.0207958 -0.00960344
v -0.0948217 0.0208063 -0.00957085
v -0.094859 0.0208122 -0.00953575
v -0.0948947 0.0208135 -0.00949849
v -0.0949284 0.0208103 -0.00945948
v -0.0949596 0.0208024 -0.00941914
v -0.0949881 0.0207901 -0.00937789
v -0.0950135 0.0207735 -0.00933618
v -0.0950356 0.0207527 -0.00929445
v -0.0950542 0.0207279 -0.00925314
v -0.095069 0.0206995 -0.00921269
v -0.0950799 0.0206677 -0.00917354
v -0.0950868 0.0206328 -0.0091361
v -0.0950895 0.0205953 -0.00910077
v -0.0950882 0.0205555 -0.00906793
v -0.0950827 0.0205139 -0.00903792
v -0.0950732 0.0204708 -0.00901108
v -0.0950597 0.0204268 -0.00898767
v -0.0948906 0.0207043 -0.00971075
v -0.0949304 0.0207132 -0.00968041
v -0.0949689 0.0207178 -0.00964758
v -0.0950057 0.020718 -0.00961259
v -0.0950405 0.0207138 -0.00957582
v -0.0950729 0.0207053 -0.00953764
v -0.0951026 0.0206925 -0.00949844
v -0.0951292 0.0206755 -0.00945864
v -0.0951526 0.0206547 -0.00941863
v -0.0951724 0.02063 -0.00937884
v -0.0951884 0.0206019 -0.00933967
v -0.0952005 0.0205706 -0.00930154
v -0.0952085 0.0205364 -0.00926482
v -0.0952125 0.0204998 -0.00922991
v -0.0952122 0.0204609 -0.00919715
v -0.0952078 0.0204203 -0.0091669
v -0.0951993 0.0203785 -0.00913946
v -0.0951867 0.0203357 -0.00911512
v -0.0949939 0.0206064 -0.009827
v -0.0950345 0.0206139 -0.00979895
v -0.0950739 0.0206172 -0.00976844
v -0.0951117 0.0206162 -0.0097358
v -0.0951475 0.0206111 -0.00970133
v -0.0951809 0.0206019 -0.00966538
v -0.0952116 0.0205886 -0.00962832
v -0.0952394 0.0205714 -0.00959051
v -0.0952638 0.0205504 -0.00955233
v -0.0952847 0.0205259 -0.00951416
v -0.0953019 0.0204982 -0.00947638
v -0.0953152 0.0204674 -0.00943937
v -0.0953245 0.0204339 -0.00940349
v -0.0953296 0.020398 -0.00936911
v -0.0953306 0.0203601 -0.00933657
v -0.0953273 0.0203206 -0.0093062
v -0.0953199 0.0202799 -0.00927828
v -0.0953085 0.0202383 -0.00925312
v -0.0950917 0.0205026 -0.00995206
v -0.095133 0.0205085 -0.00992634
v -0.0951732 0.0205105 -0.00989821
v -0.0952117 0.0205085 -0.00986794
v -0.0952483 0.0205024 -0.00983583
v -0.0952825 0.0204925 -0.00980219
v -0.0953142 0.0204787 -0.00976733
v -0.0953429 0.0204612 -0.00973159
v -0.0953683 0.0204402 -0.00969532
v -0.0953903 0.0204159 -0.00965887
v -0.0954086 0.0203884 -0.00962258
v -0.0954231 0.0203581 -0.00958681
v -0.0954336 0.0203253 -0.0095519
v -0.0954399 0.0202903 -0.00951818
v -0.0954422 0.0202533 -0.00948599
v -0.0954402 0.0202149 -0.00945562
v -0.0954341 0.0201753 -0.00942737
v -0.0954239 0.0201348 -0.00940152
v -0.0951832 0.0203929 -0.0100857
v -0.095225 0.0203974 -0.0100623
v -0.0952656 0.0203981 -0.0100366
v -0.0953047 0.020395 -0.0100087
v -0.0953419 0.0203881 -0.009979
v -0.0953769 0.0203774 -0.0099477
v -0.0954092 0.0203632 -0.0099151
v -0.0954388 0.0203454 -0.00988151
v -0.0954651 0.0203244 -0.00984723
v -0.0954881 0.0203001 -0.00981258
v -0.0955075 0.020273 -0.00977789
v -0.095523 0.0202433 -0.00974347
v -0.0955347 0.0202111 -0.00970964
v -0.0955423 0.0201769 -0.00967672
v -0.0955459 0.0201409 -0.00964501
v -0.0955453 0.0201034 -0.0096148
v -0.0955405 0.0200649 -0.00958638
v -0.0955317 0.0200257 -0.00956
v -0.0952673 0.020278 -0.0102274
v -0.0953094 0.0202811 -0.0102064
v -0.0953503 0.0202805 -0.010183
v -0.0953898 0.0202763 -0.0101576
v -0.0954274 0.0202685 -0.0101303
v -0.0954629 0.0202572 -0.0101014
v -0.0954958 0.0202425 -0.0100711
v -0.095526 0.0202245 -0.0100397
v -0.0955532 0.0202033 -0.0100075
v -0.095577 0.0201793 -0.00997473
v -0.0955974 0.0201525 -0.00994172
v -0.095614 0.0201232 -0.00990876
v -0.0956269 0.0200917 -0.00987614
v -0.0956358 0.0200583 -0.00984415
v -0.0956406 0.0200232 -0.00981307
v -0.0956414 0.0199868 -0.00978318
v -0.0956382 0.0199493 -0.00975475
v -0.0956309 0.0199112 -0.00972802
v -0.0953431 0.0201584 -0.0103765
v -0.0953852 0.02016 -0.0103579
v -0.0954263 0.0201582 -0.0103369
v -0.0954659 0.0201529 -0.010314
v -0.0955038 0.0201443 -0.0102891
v -0.0955396 0.0201324 -0.0102626
v -0.095573 0.0201172 -0.0102346
v -0.0956037 0.020099 -0.0102054
v -0.0956315 0.0200778 -0.0101753
v -0.0956561 0.0200539 -0.0101445
v -0.0956773 0.0200274 -0.0101133
v -0.095695 0.0199986 -0.0100819
v -0.095709 0.0199678 -0.0100506
v -0.0957191 0.0199351 -0.0100197
v -0.0957253 0.0199009 -0.00998939
v -0.0957276 0.0198654 -0.00995999
v -0.0957258 0.019829 -0.00993172
v -0.0957201 0.019792 -0.00990483
v -0.0954096 0.0200347 -0.0105324
v -0.0954516 0.0200349 -0.010516
v -0.0954926 0.0200319 -0.0104975
v -0.0955322 0.0200257 -0.0104769
v -0.0955701 0.0200163 -0.0104544
v -0.0956061 0.0200037 -0.0104303
v -0.0956397 0.0199881 -0.0104047
v -0.0956709 0.0199696 -0.0103778
v -0.0956992 0.0199484 -0.0103499
v -0.0957244 0.0199247 -0.0103211
v -0.0957464 0.0198985 -0.0102917
v -0.095765 0.0198702 -0.0102619
v -0.0957801 0.01984 -0.0102321
v -0.0957914 0.019808 -0.0102024
v -0.0957989 0.0197747 -0.010173
v -0.0958026 0.0197401 -0.0101442
v -0.0958024 0.0197048 -0.0101163
v -0.0957984 0.0196688 -0.0100894
v -0.095466 0.0199078 -0.0106939
v -0.0955077 0.0199067 -0.0106798
v -0.0955484 0.0199026 -0.0106636
v -0.0955878 0.0198954 -0.0106454
v -0.0956257 0.0198852 -0.0106253
v -0.0956616 0.019872 -0.0106036
v -0.0956954 0.0198561 -0.0105803
v -0.0957267 0.0198374 -0.0105557
v -0.0957554 0.0198161 -0.0105299
v -0.0957812 0.0197925 -0.0105032
v -0.0958039 0.0197667 -0.0104757
v -0.0958233 0.0197388 -0.0104477
v -0.0958393 0.0197091 -0.0104194
v -0.0958518 0.0196779 -0.010391
v -0.0958606 0.0196454 -0.0103627
v -0.0958657 0.0196118 -0.0103347
v -0.0958671 0.0195773 -0.0103073
v -0.0958647 0.0195424 -0.0102807
v -0.0955116 0.0197786 -0.0108599
v -0.0955528 0.0197763 -0.010848
v -0.0955931 0.0197711 -0.0108341
v -0.0956321 0.019763 -0.0108182
v -0.0956697 0.019752 -0.0108005
v -0.0957055 0.0197383 -0.0107811
v -0.0957392 0.019722 -0.0107602
v -0.0957707 0.0197031 -0.0107378
v -0.0957996 0.0196818 -0.0107143
v -0.0958258 0.0196583 -0.0106896
v -0.095849 0.0196328 -0.0106641
v -0.0958692 0.0196054 -0.0106379
v -0.095886 0.0195763 -0.0106112
v -0.0958996 0.0195457 -0.0105842
v -0.0959096 0.019514 -0.0105571
v -0.0959161 0.0194812 -0.0105301
v -0.095919 0.0194477 -0.0105034
v -0.0959182 0.0194137 -0.0104772
v -0.0955458 0.0196482 -0.0110292
v -0.0955864 0.0196447 -0.0110194
v -0.0956261 0.0196385 -0.0110077
v -0.0956647 0.0196295 -0.0109941
v -0.0957018 0.0196178 -0.0109787
v -0.0957373 0.0196036 -0.0109617
v -0.0957708 0.0195869 -0.010943
v -0.0958022 0.0195678 -0.0109229
v -0.0958312 0.0195466 -0.0109015
v -0.0958577 0.0195232 -0.010879
v -0.0958814 0.0194979 -0.0108555
v -0.0959021 0.0194709 -0.0108311
v -0.0959198 0.0194424 -0.0108061
v -0.0959342 0.0194125 -0.0107807
v -0.0959454 0.0193814 -0.0107549
v -0.0959532 0.0193495 -0.010729
v -0.0959575 0.0193168 -0.0107031
v -0.0959584 0.0192837 -0.0106776
v -0.0955685 0.0195176 -0.0112004
v -0.0956083 0.019513 -0.0111927
v -0.0956472 0.0195057 -0.0111831
v -0.0956851 0.0194959 -0.0111717
v -0.0957217 0.0194836 -0.0111586
v -0.0957567 0.0194689 -0.0111437
v -0.09579 0.0194519 -0.0111273
v -0.0958212 0.0194326 -0.0111095
v -0.0958501 0.0194113 -0.0110903
v -0.0958767 0.0193881 -0.0110698
v -0.0959007 0.0193631 -0.0110483
v -0.0959219 0.0193365 -0.0110258
v -0.0959402 0.0193084 -0.0110026
v -0.0959555 0.0192791 -0.0109787
v -0.0959677 0.0192488 -0.0109544
v -0.0959767 0.0192176 -0.0109297
v -0.0959824 0.0191857 -0.0109049
v -0.0959848 0.0191535 -0.0108801
v -0.0955415 0.0188277 -0.0121267
v -0.0955907 0.0188225 -0.0121228
v -0.0955941 0.0188218 -0.0121223
v -0.0956389 0.0188133 -0.012116
v -0.0956954 0.0187969 -0.0121036
v -0.0956858 0.0188004 -0.0121063
v -0.0956456 0.0188115 -0.0121146
v -0.0957308 0.0187839 -0.0120939
v -0.095743 0.0187782 -0.0120896
v -0.0957736 0.0187639 -0.0120789
v -0.0957879 0.0187556 -0.0120726
v -0.0958137 0.0187406 -0.0120614
v -0.0958296 0.0187293 -0.0120529
v -0.0958507 0.0187142 -0.0120416
v -0.0958675 0.0186996 -0.0120307
v -0.0958843 0.018685 -0.0120197
v -0.0959141 0.0186533 -0.0119959
v -0.0959013 0.0186669 -0.0120061
v -0.0959306 0.0186315 -0.0119796
v -0.0959551 0.0185939 -0.0119514
v -0.0959398 0.0186194 -0.0119705
v -0.0959612 0.0185836 -0.0119437
v -0.0959744 0.0185543 -0.0119217
v -0.095978 0.0185463 -0.0119157
v -0.0959885 0.0185134 -0.011891
v -0.0959902 0.0185079 -0.0118869
v -0.095997 0.0184715 -0.0118596
v -0.0959975 0.0184687 -0.0118575
v -0.096 0.0184291 -0.0118278
v -0.096 -0.0141824 -0.0140187
v -0.096 -0.0147181 -0.0139789
v -0.096 -0.0117321 -0.0140204
v -0.096 -0.0140449 -0.0140204
v -0.096 -0.0164747 -0.013452
v -0.096 -0.0152512 -0.0138859
v -0.096 -0.0159794 -0.0136674
v -0.096 -0.0180765 -0.0122517
v -0.096 -0.0154683 -0.0138322
v -0.096 -0.0169535 -0.0131845
v -0.096 -0.0172717 -0.0129692
v -0.096 -0.0176902 -0.0126317
v -0.096 -0.0117321 -0.0125
v -0.0955416 -0.0184542 -0.0125731
v -0.0955416 -0.0186483 -0.0123411
v -0.0955416 -0.0184417 -0.012588
v -0.0955414 -0.0182272 -0.0128017
v -0.0955417 -0.0184194 -0.0126146
v -0.0955412 -0.0179993 -0.0130235
v -0.0955405 -0.0177057 -0.013256
v -0.0955402 -0.0175629 -0.0133691
v -0.0955398 -0.0174141 -0.0134733
v -0.09554 -0.0175004 -0.0134186
v -0.0955391 -0.0172139 -0.0136003
v -0.0955374 -0.0167698 -0.0138535
v -0.0955383 -0.0169809 -0.013748
v -0.0955387 -0.0170999 -0.0136726
v -0.0955371 -0.0166924 -0.0138921
v -0.0955359 -0.0164304 -0.0140218
v -0.095536 -0.0164401 -0.0140181
v -0.0955344 -0.0161531 -0.0141277
v -0.095532 -0.0157229 -0.0142726
v -0.095533 -0.0159038 -0.0142229
v -0.0955312 -0.0155961 -0.0143075
v -0.095534 -0.0160775 -0.0141566
v -0.0955299 -0.0153694 -0.0143699
v -0.0955297 -0.0153496 -0.0143753
v -0.0955276 -0.0150186 -0.0144327
v -0.0955261 -0.0147795 -0.0144742
v -0.0955254 -0.0146792 -0.014482
v -0.0955261 -0.0147751 -0.0144749
v -0.0955231 -0.0143527 -0.0145061
v -0.095522 -0.0141949 -0.0145178
v -0.0959974 -0.0140449 -0.0140713
v -0.0959896 -0.0140449 -0.0141216
v -0.0959768 -0.0140449 -0.0141709
v -0.095959 -0.0140449 -0.0142187
v -0.0959364 -0.0140449 -0.0142644
v -0.0959093 -0.0140449 -0.0143075
v -0.095878 -0.0140449 -0.0143477
v -0.0958427 -0.0140449 -0.0143845
v -0.0958039 -0.0140449 -0.0144174
v -0.0957619 -0.0140449 -0.0144463
v -0.0957172 -0.0140449 -0.0144707
v -0.0956703 -0.0140449 -0.0144905
v -0.0956215 -0.0140449 -0.0145054
v -0.0955715 -0.0140449 -0.0145153
v -0.0955208 -0.0140449 -0.01452
v -0.0955219 -0.0141902 -0.0145181
v -0.0959975 -0.0181129 -0.0122852
v -0.0959902 -0.0181489 -0.0123184
v -0.095978 -0.0181843 -0.0123509
v -0.0959612 -0.0182186 -0.0123825
v -0.0959398 -0.0182515 -0.0124128
v -0.0959141 -0.0182826 -0.0124415
v -0.0958843 -0.0183118 -0.0124683
v -0.0958508 -0.0183386 -0.012493
v -0.0958138 -0.0183628 -0.0125153
v -0.0957737 -0.0183843 -0.0125351
v -0.0957309 -0.0184027 -0.0125521
v -0.0956859 -0.0184179 -0.0125661
v -0.095639 -0.0184298 -0.012577
v -0.0955908 -0.0184382 -0.0125847
v -0.0959975 -0.0177231 -0.0126686
v -0.0959902 -0.0177557 -0.0127053
v -0.095978 -0.0177877 -0.0127412
v -0.0959611 -0.0178187 -0.012776
v -0.0959397 -0.0178485 -0.0128094
v -0.095914 -0.0178767 -0.012841
v -0.0958842 -0.0179031 -0.0128706
v -0.0958506 -0.0179273 -0.0128978
v -0.0958136 -0.0179493 -0.0129224
v -0.0957735 -0.0179686 -0.0129442
v -0.0957306 -0.0179853 -0.0129629
v -0.0956856 -0.017999 -0.0129783
v -0.0956387 -0.0180098 -0.0129903
v -0.0955904 -0.0180173 -0.0129988
v -0.0959975 -0.0173009 -0.0130093
v -0.0959902 -0.0173298 -0.013049
v -0.095978 -0.0173582 -0.0130879
v -0.095961 -0.0173857 -0.0131256
v -0.0959396 -0.017412 -0.0131618
v -0.0959138 -0.017437 -0.0131961
v -0.0958839 -0.0174604 -0.0132281
v -0.0958502 -0.0174819 -0.0132576
v -0.0958131 -0.0175013 -0.0132843
v -0.0957729 -0.0175185 -0.0133078
v -0.09573 -0.0175332 -0.013328
v -0.0956848 -0.0175453 -0.0133447
v -0.0956378 -0.0175548 -0.0133577
v -0.0955895 -0.0175614 -0.0133668
v -0.0959975 -0.0169798 -0.0132266
v -0.0959901 -0.0170059 -0.0132682
v -0.0959779 -0.0170315 -0.0133091
v -0.0959609 -0.0170563 -0.0133487
v -0.0959394 -0.0170801 -0.0133867
v -0.0959135 -0.0171027 -0.0134227
v -0.0958836 -0.0171237 -0.0134563
v -0.0958498 -0.0171431 -0.0134872
v -0.0958126 -0.0171606 -0.0135152
v -0.0957723 -0.0171761 -0.0135399
v -0.0957293 -0.0171893 -0.013561
v -0.095684 -0.0172003 -0.0135785
v -0.095637 -0.0172088 -0.013592
v -0.0955885 -0.0172147 -0.0136015
v -0.0959975 -0.0164968 -0.0134967
v -0.0959901 -0.0165186 -0.0135408
v -0.0959778 -0.0165401 -0.0135841
v -0.0959607 -0.0165609 -0.0136261
v -0.0959391 -0.0165808 -0.0136664
v -0.0959131 -0.0165996 -0.0137045
v -0.095883 -0.0166173 -0.0137401
v -0.0958491 -0.0166335 -0.0137729
v -0.0958117 -0.0166481 -0.0138025
v -0.0957712 -0.016661 -0.0138285
v -0.095728 -0.0166721 -0.0138509
v -0.0956825 -0.0166811 -0.0138692
v -0.0956353 -0.0166882 -0.0138834
v -0.0955867 -0.0166931 -0.0138934
v -0.0959975 -0.0159971 -0.0137142
v -0.09599 -0.0160145 -0.0137604
v -0.0959776 -0.0160317 -0.0138058
v -0.0959605 -0.0160482 -0.0138498
v -0.0959387 -0.0160642 -0.0138919
v -0.0959125 -0.0160792 -0.0139318
v -0.0958822 -0.0160933 -0.013969
v -0.0958481 -0.0161062 -0.0140032
v -0.0958105 -0.0161178 -0.0140341
v -0.0957697 -0.0161281 -0.0140613
v -0.0957263 -0.0161369 -0.0140845
v -0.0956806 -0.0161441 -0.0141036
v -0.0956331 -0.0161496 -0.0141183
v -0.0955843 -0.0161535 -0.0141285
v -0.0959975 -0.0154813 -0.0138807
v -0.0959899 -0.0154942 -0.0139286
v -0.0959774 -0.0155069 -0.0139756
v -0.0959601 -0.0155191 -0.0140211
v -0.0959382 -0.0155309 -0.0140648
v -0.0959118 -0.015542 -0.0141061
v -0.0958813 -0.0155523 -0.0141446
v -0.0958469 -0.0155618 -0.01418
v -0.095809 -0.0155704 -0.0142118
v -0.095768 -0.015578 -0.0142398
v -0.0957243 -0.0155844 -0.0142637
v -0.0956783 -0.0155897 -0.0142833
v -0.0956305 -0.0155937 -0.0142983
v -0.0955814 -0.0155965 -0.0143086
v -0.0959975 -0.0152622 -0.0139349
v -0.0959899 -0.0152732 -0.0139835
v -0.0959774 -0.0152839 -0.014031
v -0.09596 -0.0152943 -0.0140771
v -0.0959379 -0.0153043 -0.0141213
v -0.0959115 -0.0153137 -0.014163
v -0.0958808 -0.0153225 -0.014202
v -0.0958463 -0.0153306 -0.0142377
v -0.0958083 -0.0153378 -0.0142699
v -0.0957672 -0.0153442 -0.0142982
v -0.0957233 -0.0153497 -0.0143223
v -0.0956772 -0.0153541 -0.014342
v -0.0956293 -0.0153575 -0.014357
v -0.0955801 -0.0153598 -0.0143673
v -0.0959974 -0.0147243 -0.014029
v -0.0959898 -0.0147305 -0.0140786
v -0.0959771 -0.0147365 -0.0141272
v -0.0959596 -0.0147423 -0.0141743
v -0.0959373 -0.0147479 -0.0142194
v -0.0959106 -0.0147532 -0.014262
v -0.0958797 -0.0147581 -0.0143017
v -0.0958448 -0.0147626 -0.0143382
v -0.0958065 -0.0147667 -0.0143709
v -0.095765 -0.0147703 -0.0143996
v -0.0957208 -0.0147733 -0.0144241
v -0.0956743 -0.0147757 -0.0144439
v -0.0956261 -0.0147776 -0.014459
v -0.0955766 -0.0147789 -0.0144692
v -0.0959974 -0.0141836 -0.0140695
v -0.0959897 -0.0141849 -0.0141197
v -0.0959769 -0.0141861 -0.0141689
v -0.0959591 -0.0141873 -0.0142166
v -0.0959366 -0.0141885 -0.0142622
v -0.0959096 -0.0141896 -0.0143053
v -0.0958784 -0.0141906 -0.0143454
v -0.0958432 -0.0141915 -0.0143822
v -0.0958045 -0.0141923 -0.0144152
v -0.0957626 -0.014193 -0.014444
v -0.095718 -0.0141937 -0.0144685
v -0.0956711 -0.0141942 -0.0144883
v -0.0956225 -0.0141945 -0.0145033
v -0.0955726 -0.0141948 -0.0145132
v -0.048 -0.0209627 -0.0156453
v -0.048 -0.0211412 -0.015504
v -0.048 -0.0207846 -0.0157811
v -0.048 -0.0208183 -0.0157597
v -0.048 -0.0215132 -0.0151241
v -0.048 -0.0217 -0.0149
v -0.048 -0.0214362 -0.0152164
v -0.048 -0.0213285 -0.0153214
v -0.048 -0.0211478 -0.0154976
v -0.048 -0.0206037 -0.0158962
v -0.048 -0.0204263 -0.0160031
v -0.048 -0.0204707 -0.0159808
v -0.048 -0.0202446 -0.0160939
v -0.048 -0.0200626 -0.01618
v -0.048 -0.0201023 -0.0161651
v -0.048 -0.0198727 -0.0162516
v -0.048 -0.0196778 -0.0163207
v -0.048 -0.0197168 -0.0163104
v -0.048 -0.0194708 -0.0163752
v -0.048 -0.0192531 -0.0164256
v -0.048 -0.0193184 -0.0164154
v -0.048 -0.0190195 -0.0164619
v -0.048 -0.0187695 -0.0164861
v -0.048 -0.0189114 -0.0164788
v -0.048 -0.0185 -0.0165
v -0.0719136 -0.0196814 -0.0141443
v -0.0719136 -0.0194657 -0.0143357
v -0.0719136 -0.0192389 -0.014515
v -0.0959974 -0.0117321 -0.0140713
v -0.0959896 -0.0117321 -0.0141216
v -0.0959768 -0.0117321 -0.0141709
v -0.095959 -0.0117321 -0.0142187
v -0.0959364 -0.0117321 -0.0142644
v -0.0959093 -0.0117321 -0.0143075
v -0.095878 -0.0117321 -0.0143477
v -0.0958427 -0.0117321 -0.0143845
v -0.0958039 -0.0117321 -0.0144174
v -0.0957619 -0.0117321 -0.0144463
v -0.0957172 -0.0117321 -0.0144707
v -0.0956703 -0.0117321 -0.0144905
v -0.0956215 -0.0117321 -0.0145054
v -0.0955715 -0.0117321 -0.0145153
v -0.0955208 -0.0117321 -0.01452
v -0.0945 -0.00913397 -0.0125
v -0.0945 -0.00913397 -0.0140725
v -0.094763 -0.00930558 -0.0140634
v -0.0947634 -0.009305 -0.0125
v -0.094774 -0.00931278 -0.014063
v -0.0950066 -0.00950364 -0.0140549
v -0.0950074 -0.00950262 -0.0125
v -0.0950269 -0.00952033 -0.0140542
v -0.0952281 -0.00972598 -0.0140472
v -0.0952294 -0.00972466 -0.0125
v -0.0952556 -0.00975414 -0.0140462
v -0.0954252 -0.00997018 -0.0140404
v -0.0954271 -0.0099687 -0.0125
v -0.0954575 -0.0100114 -0.0140392
v -0.0955957 -0.0102336 -0.0140344
v -0.0957406 -0.0105118 -0.0125
v -0.0955981 -0.0102321 -0.0125
v -0.0956302 -0.0102891 -0.0140332
v -0.0958532 -0.010805 -0.0125
v -0.0957716 -0.0105838 -0.0140283
v -0.0957377 -0.0105132 -0.0140295
v -0.0959344 -0.0111083 -0.0125
v -0.09588 -0.0108922 -0.0140246
v -0.0958498 -0.0108062 -0.0140256
v -0.0959836 -0.0114185 -0.0125
v -0.0959543 -0.0112104 -0.014022
v -0.0959307 -0.0111092 -0.0140228
v -0.0959935 -0.0115349 -0.0140206
v -0.0959795 -0.011419 -0.0140211
v -0.0942965 -0.00952231 -0.0145683
v -0.0942708 -0.00956699 -0.014572
v -0.0944992 -0.009716 -0.0145625
v -0.0943216 -0.00947812 -0.0145593
v -0.094346 -0.00943487 -0.0145451
v -0.0943693 -0.00939303 -0.0145258
v -0.0943914 -0.00935304 -0.0145017
v -0.094412 -0.00931534 -0.014473
v -0.0944308 -0.00928032 -0.0144401
v -0.0944477 -0.00924836 -0.0144032
v -0.0944625 -0.0092198 -0.0143628
v -0.0944751 -0.00919495 -0.0143193
v -0.0944852 -0.00917406 -0.0142732
v -0.0944928 -0.00915736 -0.0142249
v -0.0944979 -0.00914504 -0.014175
v -0.0945003 -0.00913721 -0.014124
v -0.0947099 -0.00988895 -0.0145538
v -0.0949005 -0.0100838 -0.0145458
v -0.0950687 -0.0102982 -0.0145388
v -0.0952126 -0.0105296 -0.0145328
v -0.0953304 -0.0107752 -0.0145279
v -0.0954208 -0.0110321 -0.0145241
v -0.0954827 -0.0112974 -0.0145216
v -0.0955154 -0.0115677 -0.0145202
v -0.0945592 -0.00963343 -0.0145494
v -0.094588 -0.00959325 -0.0145351
v -0.0946157 -0.00955437 -0.0145157
v -0.094642 -0.0095172 -0.0144916
v -0.0946665 -0.00948215 -0.0144629
v -0.094689 -0.00944957 -0.0144299
v -0.0947093 -0.00941983 -0.0143931
v -0.0947271 -0.00939323 -0.0143527
v -0.0947423 -0.00937006 -0.0143093
v -0.0947547 -0.00935055 -0.0142632
v -0.0947641 -0.00933493 -0.014215
v -0.0947705 -0.00932336 -0.0141653
v -0.0947738 -0.00931595 -0.0141144
v -0.0945294 -0.00967449 -0.0145586
v -0.0947444 -0.00985109 -0.0145497
v -0.0947784 -0.00981364 -0.0145404
v -0.0948114 -0.00977697 -0.0145259
v -0.0948431 -0.00974149 -0.0145065
v -0.0948731 -0.00970757 -0.0144822
v -0.0949013 -0.00967557 -0.0144535
v -0.0949272 -0.00964582 -0.0144205
v -0.0949505 -0.00961864 -0.0143837
v -0.0949711 -0.00959432 -0.0143434
v -0.0949888 -0.00957311 -0.0143
v -0.0950032 -0.00955523 -0.014254
v -0.0950144 -0.00954089 -0.0142059
v -0.0950221 -0.00953022 -0.0141563
v -0.0950263 -0.00952335 -0.0141055
v -0.0949389 -0.01005 -0.0145416
v -0.0949766 -0.0100166 -0.0145321
v -0.0950133 -0.00998384 -0.0145176
v -0.0950486 -0.00995216 -0.0144981
v -0.0950822 -0.00992187 -0.0144738
v -0.0951136 -0.00989329 -0.014445
v -0.0951425 -0.0098667 -0.014412
v -0.0951687 -0.00984241 -0.0143752
v -0.0951918 -0.00982065 -0.0143349
v -0.0952116 -0.00980167 -0.0142916
v -0.095228 -0.00978565 -0.0142457
v -0.0952407 -0.00977277 -0.0141977
v -0.0952496 -0.00976316 -0.0141481
v -0.0952546 -0.00975693 -0.0140975
v -0.0951105 -0.0102688 -0.0145344
v -0.0951515 -0.0102398 -0.0145249
v -0.0951915 -0.0102114 -0.0145102
v -0.09523 -0.0101839 -0.0144907
v -0.0952666 -0.0101575 -0.0144663
v -0.0953009 -0.0101327 -0.0144375
v -0.0953325 -0.0101096 -0.0144046
v -0.0953611 -0.0100885 -0.0143678
v -0.0953865 -0.0100695 -0.0143275
v -0.0954083 -0.010053 -0.0142842
v -0.0954263 -0.010039 -0.0142384
v -0.0954404 -0.0100278 -0.0141905
v -0.0954503 -0.0100194 -0.0141409
v -0.0954561 -0.0100139 -0.0140904
v -0.0952572 -0.010505 -0.0145283
v -0.0953011 -0.0104807 -0.0145187
v -0.0953439 -0.0104569 -0.014504
v -0.0953851 -0.0104338 -0.0144843
v -0.0954243 -0.0104118 -0.01446
v -0.095461 -0.010391 -0.0144311
v -0.0954949 -0.0103716 -0.0143982
v -0.0955257 -0.0103539 -0.0143614
v -0.0955529 -0.010338 -0.0143211
v -0.0955764 -0.0103241 -0.0142779
v -0.0955959 -0.0103124 -0.0142321
v -0.0956111 -0.0103029 -0.0141842
v -0.095622 -0.0102959 -0.0141348
v -0.0956284 -0.0102912 -0.0140843
v -0.0953774 -0.0107557 -0.0145233
v -0.0954236 -0.0107363 -0.0145136
v -0.0954687 -0.0107174 -0.0144988
v -0.0955121 -0.0106991 -0.0144791
v -0.0955534 -0.0106816 -0.0144547
v -0.0955921 -0.010665 -0.0144259
v -0.0956279 -0.0106496 -0.0143929
v -0.0956604 -0.0106355 -0.0143561
v -0.0956892 -0.0106229 -0.0143159
v -0.0957141 -0.0106118 -0.0142727
v -0.0957347 -0.0106025 -0.014227
v -0.095751 -0.0105949 -0.0141792
v -0.0957626 -0.0105893 -0.0141298
v -0.0957695 -0.0105856 -0.0140793
v -0.0954696 -0.0110179 -0.0145195
v -0.0955176 -0.0110037 -0.0145097
v -0.0955644 -0.0109899 -0.0144949
v -0.0956095 -0.0109765 -0.0144751
v -0.0956524 -0.0109637 -0.0144507
v -0.0956927 -0.0109516 -0.0144219
v -0.0957299 -0.0109404 -0.0143889
v -0.0957637 -0.01093 -0.0143521
v -0.0957938 -0.0109208 -0.0143119
v -0.0958197 -0.0109127 -0.0142688
v -0.0958412 -0.0109059 -0.014223
v -0.0958582 -0.0109004 -0.0141753
v -0.0958704 -0.0108962 -0.0141259
v -0.0958777 -0.0108935 -0.0140755
v -0.0955327 -0.0112885 -0.0145169
v -0.095582 -0.0112797 -0.014507
v -0.0956299 -0.0112712 -0.0144922
v -0.0956762 -0.0112629 -0.0144724
v -0.0957202 -0.0112549 -0.014448
v -0.0957615 -0.0112474 -0.0144191
v -0.0957998 -0.0112404 -0.0143861
v -0.0958345 -0.011234 -0.0143494
v -0.0958653 -0.0112283 -0.0143092
v -0.095892 -0.0112232 -0.014266
v -0.0959141 -0.011219 -0.0142203
v -0.0959316 -0.0112155 -0.0141726
v -0.0959442 -0.011213 -0.0141233
v -0.0959518 -0.0112113 -0.0140729
v -0.095566 -0.0115644 -0.0145155
v -0.0956159 -0.0115611 -0.0145056
v -0.0956645 -0.0115578 -0.0144908
v -0.0957114 -0.0115547 -0.014471
v -0.095756 -0.0115517 -0.0144465
v -0.0957979 -0.0115489 -0.0144177
v -0.0958366 -0.0115462 -0.0143847
v -0.0958718 -0.0115438 -0.0143479
v -0.0959031 -0.0115416 -0.0143078
v -0.0959301 -0.0115397 -0.0142646
v -0.0959526 -0.0115381 -0.0142189
v -0.0959704 -0.0115368 -0.0141712
v -0.0959832 -0.0115358 -0.0141219
v -0.0959909 -0.0115352 -0.0140715
v -0.0935 -0.00855662 -0.0125
v -0.0935 -0.00855662 -0.0141141
v -0.0935003 -0.00855986 -0.0141657
v -0.0934979 -0.00856769 -0.0142167
v -0.0934928 -0.00858001 -0.0142666
v -0.0934852 -0.00859671 -0.0143148
v -0.0934751 -0.0086176 -0.014361
v -0.0934625 -0.00864245 -0.0144045
v -0.0934477 -0.00867101 -0.0144449
v -0.0934308 -0.00870297 -0.0144817
v -0.093412 -0.00873799 -0.0145147
v -0.0933914 -0.00877569 -0.0145434
v -0.0933693 -0.00881568 -0.0145675
v -0.093346 -0.00885752 -0.0145867
v -0.0933216 -0.00890077 -0.014601
v -0.0932965 -0.00894496 -0.01461
v -0.0932708 -0.00898964 -0.0146137
v -0.092 -0.00595855 -0.0125
v -0.092 -0.00595855 -0.0141871
v -0.0920065 -0.00615571 -0.0141868
v -0.0920164 -0.00627213 -0.0125
v -0.0920205 -0.00627164 -0.0141861
v -0.0920457 -0.00648016 -0.0141848
v -0.0920656 -0.00658228 -0.0125
v -0.0920693 -0.0065814 -0.0141837
v -0.09212 -0.00679844 -0.0141812
v -0.0921468 -0.0068856 -0.0125
v -0.0921502 -0.00688441 -0.0141798
v -0.0922284 -0.00710679 -0.014176
v -0.0922594 -0.00717876 -0.0125
v -0.0922623 -0.00717735 -0.0141743
v -0.0923698 -0.00740154 -0.0141691
v -0.0924019 -0.00745855 -0.0125
v -0.0924043 -0.00745704 -0.0141674
v -0.0925425 -0.0076792 -0.0141607
v -0.0925729 -0.0077219 -0.0125
v -0.0925748 -0.00772042 -0.0141591
v -0.0927444 -0.00793646 -0.0141509
v -0.0927706 -0.00796594 -0.0125
v -0.0927719 -0.00796462 -0.0141495
v -0.0929731 -0.00817027 -0.0141398
v -0.0929926 -0.00818798 -0.0125
v -0.0929934 -0.00818696 -0.0141388
v -0.093226 -0.00837781 -0.0141275
v -0.0932366 -0.0083856 -0.0125
v -0.093237 -0.00838502 -0.0141269
v -0.0929511 -0.00878103 -0.014627
v -0.0926561 -0.00853889 -0.0146393
v -0.0923893 -0.00826612 -0.0146504
v -0.0921537 -0.00796597 -0.0146603
v -0.0919523 -0.00764204 -0.0146687
v -0.0917873 -0.00729816 -0.0146755
v -0.0916608 -0.00693843 -0.0146808
v -0.0915741 -0.0065671 -0.0146844
v -0.0919974 -0.00595855 -0.0142379
v -0.0919896 -0.00595855 -0.0142883
v -0.0919768 -0.00595855 -0.0143376
v -0.091959 -0.00595855 -0.0143853
v -0.0919364 -0.00595855 -0.014431
v -0.0919093 -0.00595855 -0.0144742
v -0.091878 -0.00595855 -0.0145143
v -0.0918427 -0.00595855 -0.0145511
v -0.0918039 -0.00595855 -0.0145841
v -0.0917619 -0.00595855 -0.014613
v -0.0917172 -0.00595855 -0.0146374
v -0.0916703 -0.00595855 -0.0146572
v -0.0916215 -0.00595855 -0.0146721
v -0.0915284 -0.00618857 -0.0146863
v -0.0915715 -0.00595855 -0.0146819
v -0.0915208 -0.00595855 -0.0146866
v -0.0932258 -0.00838098 -0.0141789
v -0.0932225 -0.00838838 -0.0142298
v -0.0932161 -0.00839996 -0.0142795
v -0.0932066 -0.00841558 -0.0143277
v -0.0931942 -0.00843509 -0.0143738
v -0.0931791 -0.00845826 -0.0144172
v -0.0931612 -0.00848486 -0.0144576
v -0.093141 -0.0085146 -0.0144944
v -0.0931184 -0.00854718 -0.0145274
v -0.0930939 -0.00858223 -0.0145561
v -0.0930677 -0.0086194 -0.0145802
v -0.09304 -0.00865828 -0.0145996
v -0.0930111 -0.00869846 -0.0146139
v -0.0929814 -0.00873952 -0.0146231
v -0.0929725 -0.00817328 -0.0141911
v -0.0929683 -0.00818015 -0.0142418
v -0.0929606 -0.00819082 -0.0142915
v -0.0929494 -0.00820517 -0.0143396
v -0.092935 -0.00822304 -0.0143856
v -0.0929174 -0.00824425 -0.0144289
v -0.0928967 -0.00826857 -0.0144693
v -0.0928734 -0.00829575 -0.0145061
v -0.0928475 -0.0083255 -0.0145391
v -0.0928193 -0.00835751 -0.0145678
v -0.0927893 -0.00839143 -0.014592
v -0.0927576 -0.00842691 -0.0146115
v -0.0927246 -0.00846357 -0.0146259
v -0.0926906 -0.00850103 -0.0146352
v -0.0927433 -0.00793925 -0.0142021
v -0.0927383 -0.00794549 -0.0142528
v -0.0927294 -0.00795509 -0.0143024
v -0.0927167 -0.00796797 -0.0143504
v -0.0927004 -0.00798399 -0.0143963
v -0.0926805 -0.00800298 -0.0144396
v -0.0926574 -0.00802473 -0.0144799
v -0.0926312 -0.00804903 -0.0145167
v -0.0926023 -0.00807561 -0.0145496
v -0.0925709 -0.0081042 -0.0145784
v -0.0925374 -0.00813449 -0.0146027
v -0.0925021 -0.00816616 -0.0146222
v -0.0924653 -0.00819889 -0.0146368
v -0.0924276 -0.00823232 -0.0146462
v -0.092541 -0.0076817 -0.0142118
v -0.0925353 -0.00768719 -0.0142624
v -0.0925254 -0.0076956 -0.0143119
v -0.0925113 -0.00770684 -0.0143598
v -0.0924933 -0.0077208 -0.0144057
v -0.0924715 -0.00773733 -0.014449
v -0.0924461 -0.00775626 -0.0144892
v -0.0924175 -0.00777739 -0.014526
v -0.0923858 -0.0078005 -0.014559
v -0.0923516 -0.00782534 -0.0145878
v -0.092315 -0.00785165 -0.0146121
v -0.0922765 -0.00787917 -0.0146317
v -0.0922365 -0.00790759 -0.0146463
v -0.0921954 -0.00793663 -0.0146559
v -0.092368 -0.00740369 -0.0142201
v -0.0923617 -0.00740834 -0.0142706
v -0.0923508 -0.00741543 -0.0143201
v -0.0923356 -0.00742488 -0.014368
v -0.0923161 -0.00743661 -0.0144138
v -0.0922926 -0.00745049 -0.014457
v -0.0922654 -0.00746636 -0.0144972
v -0.0922346 -0.00748408 -0.014534
v -0.0922007 -0.00750344 -0.014567
v -0.0921639 -0.00752425 -0.0145958
v -0.0921248 -0.0075463 -0.0146202
v -0.0920836 -0.00756934 -0.0146398
v -0.0920408 -0.00759315 -0.0146545
v -0.0919969 -0.00761747 -0.0146642
v -0.0922263 -0.00710854 -0.0142269
v -0.0922195 -0.00711226 -0.0142774
v -0.0922078 -0.00711793 -0.0143268
v -0.0921916 -0.00712547 -0.0143746
v -0.092171 -0.00713482 -0.0144204
v -0.0921461 -0.00714586 -0.0144636
v -0.0921173 -0.0071585 -0.0145038
v -0.0920848 -0.00717259 -0.0145405
v -0.092049 -0.00718799 -0.0145735
v -0.0920103 -0.00720454 -0.0146024
v -0.091969 -0.00722206 -0.0146268
v -0.0919256 -0.00724038 -0.0146465
v -0.0918805 -0.00725931 -0.0146612
v -0.0918343 -0.00727863 -0.014671
v -0.0921176 -0.00679974 -0.0142322
v -0.0921103 -0.00680249 -0.0142826
v -0.0920981 -0.00680664 -0.0143319
v -0.0920812 -0.00681217 -0.0143797
v -0.0920596 -0.00681901 -0.0144254
v -0.0920337 -0.0068271 -0.0144686
v -0.0920037 -0.00683634 -0.0145088
v -0.0919699 -0.00684664 -0.0145456
v -0.0919326 -0.0068579 -0.0145786
v -0.0918924 -0.00687 -0.0146074
v -0.0918494 -0.00688281 -0.0146318
v -0.0918044 -0.0068962 -0.0146515
v -0.0917576 -0.00691003 -0.0146664
v -0.0917095 -0.00692416 -0.0146762
v -0.0920432 -0.00648098 -0.0142357
v -0.0920356 -0.00648269 -0.0142861
v -0.092023 -0.00648527 -0.0143354
v -0.0920055 -0.00648871 -0.0143832
v -0.0919834 -0.00649296 -0.0144289
v -0.0919567 -0.00649799 -0.0144721
v -0.0919259 -0.00650373 -0.0145122
v -0.0918912 -0.00651013 -0.014549
v -0.0918529 -0.00651712 -0.014582
v -0.0918116 -0.00652463 -0.0146109
v -0.0917676 -0.00653258 -0.0146353
v -0.0917213 -0.00654089 -0.014655
v -0.0916733 -0.00654947 -0.0146699
v -0.0916241 -0.00655824 -0.0146797
v -0.0920039 -0.00615602 -0.0142376
v -0.0919962 -0.00615667 -0.014288
v -0.0919834 -0.00615765 -0.0143373
v -0.0919656 -0.00615895 -0.014385
v -0.0919431 -0.00616056 -0.0144307
v -0.0919161 -0.00616245 -0.0144739
v -0.0918848 -0.00616462 -0.014514
v -0.0918496 -0.00616704 -0.0145508
v -0.0918109 -0.00616968 -0.0145838
v -0.091769 -0.00617252 -0.0146127
v -0.0917244 -0.00617553 -0.0146371
v -0.0916775 -0.00617867 -0.0146569
v -0.0916289 -0.00618191 -0.0146718
v -0.091579 -0.00618522 -0.0146816
v -0.092 0.00595855 -0.0125
v -0.092 0.00595855 -0.0141871
v -0.0919974 0.00595855 -0.0142379
v -0.0919896 0.00595855 -0.0142883
v -0.0919768 0.00595855 -0.0143376
v -0.091959 0.00595855 -0.0143853
v -0.0919364 0.00595855 -0.014431
v -0.0919093 0.00595855 -0.0144742
v -0.091878 0.00595855 -0.0145143
v -0.0918427 0.00595855 -0.0145511
v -0.0918039 0.00595855 -0.0145841
v -0.0917619 0.00595855 -0.014613
v -0.0917172 0.00595855 -0.0146374
v -0.0916703 0.00595855 -0.0146572
v -0.0916215 0.00595855 -0.0146721
v -0.0915715 0.00595855 -0.0146819
v -0.0915208 0.00595855 -0.0146866
v -0.0932366 0.0083856 -0.0125
v -0.0935 0.00855662 -0.0125
v -0.0935 0.00855662 -0.0141141
v -0.0933323 0.00845229 -0.0141223
v -0.0929926 0.00818798 -0.0125
v -0.0932391 0.00838232 -0.0141268
v -0.0930707 0.00825586 -0.014135
v -0.0927706 0.00796594 -0.0125
v -0.0929952 0.00818517 -0.0141387
v -0.092832 0.00803215 -0.0141466
v -0.0925729 0.0077219 -0.0125
v -0.0927733 0.00796362 -0.0141495
v -0.0926192 0.00778384 -0.014157
v -0.0924019 0.00745855 -0.0125
v -0.0925756 0.00772009 -0.0141591
v -0.0924347 0.00751388 -0.0141659
v -0.0922594 0.00717876 -0.0125
v -0.0924044 0.00745722 -0.0141674
v -0.0922807 0.0072255 -0.0141734
v -0.0921468 0.0068856 -0.0125
v -0.0922616 0.00717788 -0.0141744
v -0.092159 0.00692212 -0.0141793
v -0.0920656 0.00658228 -0.0125
v -0.0921486 0.0068851 -0.0141798
v -0.092071 0.00660733 -0.0141836
v -0.0920164 0.00627213 -0.0125
v -0.0920668 0.00658207 -0.0141838
v -0.0920178 0.00628487 -0.0141862
v -0.0920171 0.0062721 -0.0141862
v -0.0947634 0.009305 -0.0125
v -0.0950074 0.00950262 -0.0125
v -0.0945 0.00913397 -0.0125
v -0.096 0.0117321 -0.0125
v -0.0954271 0.0099687 -0.0125
v -0.0952294 0.00972466 -0.0125
v -0.0957406 0.0105118 -0.0125
v -0.0955981 0.0102321 -0.0125
v -0.0959836 0.0114185 -0.0125
v -0.0959344 0.0111083 -0.0125
v -0.0958532 0.010805 -0.0125
v -0.096 0.0180765 -0.0122517
v -0.096 0.0164747 -0.013452
v -0.096 0.0159794 -0.0136674
v -0.096 0.0176902 -0.0126317
v -0.096 0.0169535 -0.0131845
v -0.096 0.0154683 -0.0138322
v -0.096 0.0141824 -0.0140187
v -0.096 0.0172717 -0.0129692
v -0.096 0.0152512 -0.0138859
v -0.096 0.0147181 -0.0139789
v -0.096 0.0117321 -0.0140204
v -0.096 0.0140449 -0.0140204
v -0.0945 0.00913397 -0.0140725
v -0.0915416 0.00633926 -0.0146858
v -0.0916036 0.00671546 -0.0146832
v -0.0917063 0.00708271 -0.0146789
v -0.0918482 0.00743666 -0.014673
v -0.0920279 0.0077731 -0.0146655
v -0.0922432 0.00808805 -0.0146565
v -0.0924915 0.00837775 -0.0146462
v -0.0927699 0.00863874 -0.0146346
v -0.0930752 0.00886791 -0.0146219
v -0.0935003 0.00855986 -0.0141657
v -0.0934979 0.00856769 -0.0142167
v -0.0934928 0.00858001 -0.0142666
v -0.0934852 0.00859671 -0.0143148
v -0.0934751 0.0086176 -0.014361
v -0.0934625 0.00864245 -0.0144045
v -0.0934477 0.00867101 -0.0144449
v -0.0934308 0.00870297 -0.0144817
v -0.093412 0.00873799 -0.0145147
v -0.0933914 0.00877569 -0.0145434
v -0.0933693 0.00881568 -0.0145675
v -0.093346 0.00885752 -0.0145867
v -0.0933216 0.00890077 -0.014601
v -0.0932965 0.00894496 -0.01461
v -0.0932708 0.00898964 -0.0146137
v -0.0920152 0.00628538 -0.0142371
v -0.0920076 0.00628645 -0.0142875
v -0.0919948 0.00628807 -0.0143368
v -0.0919771 0.00629022 -0.0143845
v -0.0919547 0.00629288 -0.0144302
v -0.0919278 0.00629603 -0.0144734
v -0.0918967 0.00629962 -0.0145135
v -0.0918616 0.00630362 -0.0145503
v -0.091823 0.00630799 -0.0145833
v -0.0917813 0.00631269 -0.0146121
v -0.0917368 0.00631767 -0.0146366
v -0.0916902 0.00632286 -0.0146563
v -0.0916417 0.00632823 -0.0146712
v -0.091592 0.00633372 -0.0146811
v -0.0920686 0.00660834 -0.0142345
v -0.0920611 0.00661046 -0.0142849
v -0.0920486 0.00661368 -0.0143342
v -0.0920313 0.00661795 -0.014382
v -0.0920093 0.00662324 -0.0144277
v -0.0919829 0.00662949 -0.0144709
v -0.0919524 0.00663663 -0.0145111
v -0.091918 0.00664459 -0.0145478
v -0.0918801 0.00665328 -0.0145808
v -0.0918391 0.00666263 -0.0146097
v -0.0917955 0.00667252 -0.0146341
v -0.0917496 0.00668286 -0.0146538
v -0.091702 0.00669353 -0.0146687
v -0.0921567 0.0069236 -0.0142303
v -0.0921496 0.00692674 -0.0142807
v -0.0921376 0.0069315 -0.0143301
v -0.0921209 0.00693784 -0.0143779
v -0.0920996 0.00694568 -0.0144236
v -0.0920741 0.00695496 -0.0144668
v -0.0920445 0.00696556 -0.014507
v -0.0920112 0.00697739 -0.0145438
v -0.0919745 0.00699031 -0.0145767
v -0.0919347 0.00700419 -0.0146056
v -0.0918924 0.00701889 -0.01463
v -0.0918479 0.00703425 -0.0146497
v -0.0916532 0.00670444 -0.0146785
v -0.0918017 0.00705012 -0.0146645
v -0.0922787 0.00722742 -0.0142244
v -0.092272 0.00723151 -0.0142749
v -0.0922606 0.00723775 -0.0143243
v -0.0922448 0.00724607 -0.0143722
v -0.0922246 0.00725638 -0.0144179
v -0.0922002 0.00726856 -0.0144611
v -0.092172 0.0072825 -0.0145013
v -0.0921401 0.00729805 -0.0145381
v -0.092105 0.00731505 -0.0145711
v -0.092067 0.00733331 -0.0145999
v -0.0920265 0.00735266 -0.0146243
v -0.0919839 0.00737288 -0.014644
v -0.0917544 0.00706633 -0.0146743
v -0.0919397 0.00739377 -0.0146588
v -0.092433 0.00751618 -0.014217
v -0.0924269 0.00752117 -0.0142675
v -0.0924164 0.0075288 -0.014317
v -0.0924016 0.00753898 -0.0143649
v -0.0923826 0.00755161 -0.0144107
v -0.0923598 0.00756656 -0.014454
v -0.0923332 0.00758367 -0.0144942
v -0.0923033 0.00760277 -0.014531
v -0.0922702 0.00762364 -0.014564
v -0.0922344 0.00764609 -0.0145928
v -0.0921962 0.00766986 -0.0146171
v -0.092156 0.00769471 -0.0146368
v -0.0918943 0.0074151 -0.0146685
v -0.0921143 0.00772038 -0.0146515
v -0.0926179 0.00778646 -0.0142081
v -0.0926124 0.00779225 -0.0142587
v -0.0926029 0.00780115 -0.0143083
v -0.0925894 0.00781307 -0.0143562
v -0.092572 0.00782786 -0.0144021
v -0.0925509 0.0078454 -0.0144454
v -0.0925264 0.00786548 -0.0144857
v -0.0924987 0.00788789 -0.0145225
v -0.0924681 0.00791241 -0.0145554
v -0.0924349 0.00793877 -0.0145842
v -0.0923995 0.0079667 -0.0146085
v -0.0923622 0.00799591 -0.0146281
v -0.0920715 0.0077466 -0.0146611
v -0.0923234 0.00802608 -0.0146427
v -0.0928311 0.00803504 -0.0141979
v -0.0928264 0.00804154 -0.0142486
v -0.092818 0.00805158 -0.0142982
v -0.0928059 0.00806506 -0.0143462
v -0.0927903 0.00808184 -0.0143922
v -0.0927713 0.00810174 -0.0144355
v -0.0927491 0.00812455 -0.0144758
v -0.092724 0.00815002 -0.0145126
v -0.0926962 0.0081779 -0.0145456
v -0.0926661 0.00820788 -0.0145744
v -0.0926339 0.00823966 -0.0145986
v -0.0926 0.00827288 -0.0146181
v -0.0922836 0.0080569 -0.0146522
v -0.0925647 0.00830722 -0.0146326
v -0.0930702 0.00825894 -0.0141864
v -0.0930664 0.00826604 -0.0142372
v -0.0930592 0.00827709 -0.0142869
v -0.0930487 0.00829196 -0.014335
v -0.093035 0.00831051 -0.014381
v -0.0930183 0.00833253 -0.0144244
v -0.0929988 0.00835779 -0.0144647
v -0.0929766 0.00838603 -0.0145016
v -0.092952 0.00841694 -0.0145346
v -0.0929253 0.0084502 -0.0145633
v -0.0928967 0.00848546 -0.0145875
v -0.0928665 0.00852233 -0.0146069
v -0.0925284 0.0083423 -0.014642
v -0.0928351 0.00856045 -0.0146213
v -0.0933323 0.00845549 -0.0141738
v -0.0933293 0.00846308 -0.0142247
v -0.0933235 0.00847497 -0.0142745
v -0.0933147 0.00849104 -0.0143227
v -0.0933032 0.00851113 -0.0143688
v -0.0932891 0.008535 -0.0144123
v -0.0932724 0.00856242 -0.0144526
v -0.0932534 0.00859308 -0.0144895
v -0.0932323 0.00862667 -0.0145225
v -0.0932094 0.00866283 -0.0145511
v -0.0931847 0.00870117 -0.0145753
v -0.0931587 0.00874127 -0.0145946
v -0.0928028 0.00859939 -0.0146306
v -0.0931316 0.00878273 -0.0146089
v -0.0931036 0.00882509 -0.014618
v -0.0959822 0.0114057 -0.014021
v -0.0959829 0.0114185 -0.014021
v -0.095929 0.0110833 -0.0140229
v -0.0959332 0.0111085 -0.0140227
v -0.095841 0.0107685 -0.0140259
v -0.0958514 0.0108055 -0.0140256
v -0.0957193 0.0104651 -0.0140301
v -0.0957384 0.0105127 -0.0140295
v -0.0955653 0.0101767 -0.0140355
v -0.0955956 0.0102334 -0.0140344
v -0.0953808 0.00990676 -0.0140419
v -0.0954244 0.00997051 -0.0140404
v -0.095168 0.00965845 -0.0140493
v -0.0952267 0.00972698 -0.0140472
v -0.0949293 0.00943474 -0.0140576
v -0.0950048 0.00950543 -0.014055
v -0.0947609 0.00930827 -0.0140634
v -0.0946677 0.00923831 -0.0140667
v -0.0942708 0.00956699 -0.014572
v -0.0942965 0.00952231 -0.0145683
v -0.0943216 0.00947812 -0.0145593
v -0.094346 0.00943487 -0.0145451
v -0.0943693 0.00939303 -0.0145258
v -0.0943914 0.00935304 -0.0145017
v -0.094412 0.00931534 -0.014473
v -0.0944308 0.00928032 -0.0144401
v -0.0944477 0.00924836 -0.0144032
v -0.0944625 0.0092198 -0.0143628
v -0.0944751 0.00919495 -0.0143193
v -0.0944852 0.00917406 -0.0142732
v -0.0944928 0.00915736 -0.0142249
v -0.0944979 0.00914504 -0.014175
v -0.0945003 0.00913721 -0.014124
v -0.0955715 0.0117321 -0.0145153
v -0.0955208 0.0117321 -0.01452
v -0.0956215 0.0117321 -0.0145054
v -0.0956703 0.0117321 -0.0144905
v -0.0957172 0.0117321 -0.0144707
v -0.0957619 0.0117321 -0.0144463
v -0.0958039 0.0117321 -0.0144174
v -0.0958427 0.0117321 -0.0143845
v -0.095878 0.0117321 -0.0143477
v -0.0959093 0.0117321 -0.0143075
v -0.0959364 0.0117321 -0.0142644
v -0.095959 0.0117321 -0.0142187
v -0.0959768 0.0117321 -0.0141709
v -0.0959896 0.0117321 -0.0141216
v -0.0959974 0.0117321 -0.0140713
v -0.095506 0.0114601 -0.0145206
v -0.0954617 0.0111914 -0.0145224
v -0.0953884 0.0109291 -0.0145255
v -0.0952869 0.0106763 -0.0145297
v -0.0951586 0.0104359 -0.0145351
v -0.0950048 0.010211 -0.0145415
v -0.0948275 0.0100041 -0.0145489
v -0.0946286 0.00981763 -0.0145571
v -0.0944106 0.00965393 -0.0145662
v -0.0955564 0.0114546 -0.0145159
v -0.0956061 0.0114491 -0.014506
v -0.0956546 0.0114437 -0.0144912
v -0.0957012 0.0114385 -0.0144714
v -0.0957457 0.0114336 -0.014447
v -0.0957874 0.0114289 -0.0144181
v -0.095826 0.0114245 -0.0143851
v -0.0958611 0.0114205 -0.0143483
v -0.0958922 0.0114169 -0.0143082
v -0.0959191 0.0114137 -0.014265
v -0.0959415 0.0114111 -0.0142193
v -0.0959592 0.0114089 -0.0141716
v -0.095972 0.0114073 -0.0141223
v -0.0959796 0.0114062 -0.0140719
v -0.0955112 0.0111804 -0.0145178
v -0.09556 0.0111695 -0.014508
v -0.0956076 0.0111588 -0.0144931
v -0.0956535 0.0111485 -0.0144734
v -0.0956971 0.0111386 -0.0144489
v -0.0957381 0.0111292 -0.0144201
v -0.095776 0.0111205 -0.0143871
v -0.0958104 0.0111126 -0.0143503
v -0.0958409 0.0111054 -0.0143101
v -0.0958673 0.0110992 -0.014267
v -0.0958893 0.0110939 -0.0142213
v -0.0959066 0.0110896 -0.0141735
v -0.0959191 0.0110864 -0.0141242
v -0.0959266 0.0110843 -0.0140738
v -0.0954365 0.0109127 -0.0145209
v -0.0954838 0.0108965 -0.0145111
v -0.09553 0.0108806 -0.0144963
v -0.0955745 0.0108653 -0.0144766
v -0.0956168 0.0108506 -0.0144522
v -0.0956566 0.0108367 -0.0144233
v -0.0956933 0.0108238 -0.0143903
v -0.0957266 0.0108119 -0.0143536
v -0.0957562 0.0108013 -0.0143134
v -0.0957817 0.0107921 -0.0142702
v -0.095803 0.0107842 -0.0142245
v -0.0958197 0.0107779 -0.0141767
v -0.0958316 0.0107731 -0.0141273
v -0.0958388 0.01077 -0.0140769
v -0.095333 0.0106547 -0.0145252
v -0.0953784 0.0106334 -0.0145155
v -0.0954226 0.0106125 -0.0145007
v -0.0954652 0.0105923 -0.014481
v -0.0955057 0.0105729 -0.0144567
v -0.0955437 0.0105546 -0.0144278
v -0.0955788 0.0105377 -0.0143949
v -0.0956107 0.0105221 -0.0143581
v -0.0956389 0.0105082 -0.0143179
v -0.0956633 0.010496 -0.0142746
v -0.0956835 0.0104857 -0.0142289
v -0.0956993 0.0104774 -0.014181
v -0.0957107 0.0104711 -0.0141316
v -0.0957174 0.010467 -0.0140811
v -0.0952021 0.0104094 -0.0145306
v -0.095245 0.0103832 -0.014521
v -0.0952867 0.0103575 -0.0145063
v -0.0953269 0.0103327 -0.0144867
v -0.0953651 0.0103089 -0.0144623
v -0.0954009 0.0102865 -0.0144335
v -0.0954339 0.0102656 -0.0144006
v -0.0954639 0.0102465 -0.0143638
v -0.0954904 0.0102294 -0.0143235
v -0.0955133 0.0102144 -0.0142803
v -0.0955322 0.0102018 -0.0142345
v -0.095547 0.0101916 -0.0141866
v -0.0955575 0.010184 -0.0141371
v -0.0955637 0.010179 -0.0140866
v -0.0950453 0.0101798 -0.0145372
v -0.0950851 0.010149 -0.0145276
v -0.0951238 0.0101188 -0.014513
v -0.0951611 0.0100896 -0.0144935
v -0.0951965 0.0100617 -0.0144692
v -0.0952297 0.0100353 -0.0144404
v -0.0952603 0.0100108 -0.0144074
v -0.095288 0.0099884 -0.0143706
v -0.0953125 0.00996832 -0.0143303
v -0.0953336 0.00995079 -0.014287
v -0.095351 0.00993599 -0.0142412
v -0.0953645 0.00992408 -0.0141932
v -0.0953741 0.00991518 -0.0141437
v -0.0953795 0.00990939 -0.0140931
v -0.0948644 0.0099686 -0.0145447
v -0.0949006 0.00993352 -0.0145353
v -0.0949359 0.00989919 -0.0145208
v -0.0949699 0.00986596 -0.0145013
v -0.0950021 0.00983418 -0.014477
v -0.0950322 0.0098042 -0.0144483
v -0.09506 0.00977633 -0.0144153
v -0.0950851 0.00975085 -0.0143785
v -0.0951073 0.00972804 -0.0143382
v -0.0951263 0.00970814 -0.0142948
v -0.0951419 0.00969137 -0.0142489
v -0.095154 0.00967788 -0.0142009
v -0.0951624 0.00966784 -0.0141512
v -0.0951671 0.00966134 -0.0141005
v -0.0946615 0.00977827 -0.0145531
v -0.0946938 0.00973933 -0.0145439
v -0.0947252 0.00970122 -0.0145294
v -0.0947554 0.00966434 -0.01451
v -0.094784 0.00962908 -0.0144858
v -0.0948107 0.00959582 -0.0144571
v -0.0948353 0.00956491 -0.0144241
v -0.0948575 0.00953667 -0.0143873
v -0.094877 0.00951141 -0.014347
v -0.0948937 0.00948939 -0.0143036
v -0.0949074 0.00947084 -0.0142576
v -0.0949178 0.00945597 -0.0142095
v -0.0949251 0.00944492 -0.0141597
v -0.0949289 0.00943782 -0.0141089
v -0.094439 0.00961112 -0.0145624
v -0.094467 0.00956875 -0.0145533
v -0.0944941 0.0095273 -0.014539
v -0.0945201 0.00948719 -0.0145196
v -0.0945448 0.00944885 -0.0144955
v -0.0945678 0.00941269 -0.0144668
v -0.0945889 0.00937911 -0.0144339
v -0.0946078 0.00934844 -0.014397
v -0.0946245 0.00932102 -0.0143566
v -0.0946386 0.00929715 -0.0143132
v -0.0946501 0.00927707 -0.0142671
v -0.0946589 0.00926099 -0.0142189
v -0.0946648 0.0092491 -0.014169
v -0.0946677 0.00924151 -0.0141181
v -0.0955208 0.0140449 -0.01452
v -0.0955715 0.0140449 -0.0145153
v -0.0956215 0.0140449 -0.0145054
v -0.0956703 0.0140449 -0.0144905
v -0.0957172 0.0140449 -0.0144707
v -0.0957619 0.0140449 -0.0144463
v -0.0958039 0.0140449 -0.0144174
v -0.0958427 0.0140449 -0.0143845
v -0.095878 0.0140449 -0.0143477
v -0.0959093 0.0140449 -0.0143075
v -0.0959364 0.0140449 -0.0142644
v -0.095959 0.0140449 -0.0142187
v -0.0959768 0.0140449 -0.0141709
v -0.0959896 0.0140449 -0.0141216
v -0.0959974 0.0140449 -0.0140713
v -0.048 0.0185 -0.0165
v -0.048 0.0211412 -0.015504
v -0.048 0.0209627 -0.0156453
v -0.048 0.0211478 -0.0154976
v -0.048 0.0208183 -0.0157597
v -0.048 0.0207846 -0.0157811
v -0.0955219 0.0141946 -0.0145124
v -0.048 0.0187695 -0.0164861
v -0.0955254 0.0146792 -0.0144842
v -0.048 0.0189114 -0.0164788
v -0.048 0.0190195 -0.0164619
v -0.0955231 0.0143528 -0.0145044
v -0.0955252 0.0146416 -0.0144899
v -0.0955261 0.0147787 -0.0144691
v -0.048 0.0192531 -0.0164256
v -0.048 0.0194708 -0.0163752
v -0.095529 0.0152314 -0.0144006
v -0.0955298 0.0153599 -0.0143682
v -0.048 0.0193184 -0.0164154
v -0.0955276 0.0150188 -0.0144328
v -0.0955312 0.0155965 -0.0143085
v -0.048 0.0196778 -0.0163207
v -0.0955298 0.0153685 -0.014366
v -0.0955323 0.0157753 -0.0142634
v -0.048 0.0197168 -0.0163104
v -0.048 0.0198727 -0.0162516
v -0.095532 0.0157239 -0.0142763
v -0.0955344 0.0161542 -0.0141302
v -0.048 0.0200626 -0.01618
v -0.095534 0.0160778 -0.014157
v -0.0955351 0.0162703 -0.0140894
v -0.0955375 0.0167729 -0.0138597
v -0.048 0.0201023 -0.0161651
v -0.048 0.0202446 -0.0160939
v -0.0955358 0.0164283 -0.0140172
v -0.0955371 0.0166943 -0.0138956
v -0.0955375 0.0167798 -0.0138565
v -0.048 0.0204263 -0.0160031
v -0.0955391 0.0172164 -0.013604
v -0.048 0.0204707 -0.0159808
v -0.048 0.0206037 -0.0158962
v -0.0955387 0.0170995 -0.0136716
v -0.0955394 0.0172859 -0.0135637
v -0.0955397 0.0174128 -0.013472
v -0.0955401 0.0175604 -0.0133653
v -0.0955405 0.017708 -0.0132586
v -0.0955408 0.0177976 -0.0131937
v -0.0955411 0.0179783 -0.013032
v -0.0955411 0.0180164 -0.0129979
v -0.048 0.0213285 -0.0153214
v -0.0955415 0.0182544 -0.0127849
v -0.0955416 0.0184377 -0.0125843
v -0.0955415 0.0182312 -0.0128057
v -0.0955416 0.0184508 -0.0125699
v -0.0955417 0.0186517 -0.0123501
v -0.048 0.0215132 -0.0151241
v -0.048 0.0214362 -0.0152164
v -0.048 0.0217 -0.0149
v -0.0955417 0.0186546 -0.0123464
v -0.0719136 0.0196814 -0.0141443
v -0.0719136 0.0194657 -0.0143357
v -0.0719136 0.0192389 -0.014515
v -0.0955908 0.0184382 -0.0125847
v -0.095639 0.0184298 -0.012577
v -0.0956859 0.0184179 -0.0125661
v -0.0957309 0.0184027 -0.0125521
v -0.0957737 0.0183843 -0.0125351
v -0.0958138 0.0183628 -0.0125153
v -0.0958508 0.0183386 -0.012493
v -0.0958843 0.0183118 -0.0124683
v -0.0959141 0.0182826 -0.0124415
v -0.0959398 0.0182515 -0.0124128
v -0.0959612 0.0182186 -0.0123825
v -0.095978 0.0181843 -0.0123509
v -0.0959902 0.0181489 -0.0123184
v -0.0959975 0.0181129 -0.0122852
v -0.0955904 0.0180173 -0.0129988
v -0.0956387 0.0180098 -0.0129903
v -0.0956856 0.017999 -0.0129783
v -0.0957306 0.0179853 -0.0129629
v -0.0957735 0.0179686 -0.0129442
v -0.0958136 0.0179493 -0.0129224
v -0.0958506 0.0179273 -0.0128978
v -0.0958842 0.0179031 -0.0128706
v -0.095914 0.0178767 -0.012841
v -0.0959397 0.0178485 -0.0128094
v -0.0959611 0.0178187 -0.012776
v -0.095978 0.0177877 -0.0127412
v -0.0959902 0.0177557 -0.0127053
v -0.0959975 0.0177231 -0.0126686
v -0.0955895 0.0175614 -0.0133668
v -0.0956378 0.0175548 -0.0133577
v -0.0956848 0.0175453 -0.0133447
v -0.09573 0.0175332 -0.013328
v -0.0957729 0.0175185 -0.0133078
v -0.0958131 0.0175013 -0.0132843
v -0.0958502 0.0174819 -0.0132576
v -0.0958839 0.0174604 -0.0132281
v -0.0959138 0.017437 -0.0131961
v -0.0959396 0.017412 -0.0131618
v -0.095961 0.0173857 -0.0131256
v -0.095978 0.0173582 -0.0130879
v -0.0959902 0.0173298 -0.013049
v -0.0959975 0.0173009 -0.0130093
v -0.0955885 0.0172147 -0.0136015
v -0.095637 0.0172088 -0.013592
v -0.095684 0.0172003 -0.0135785
v -0.0957293 0.0171893 -0.013561
v -0.0957723 0.0171761 -0.0135399
v -0.0958126 0.0171606 -0.0135152
v -0.0958498 0.0171431 -0.0134872
v -0.0958836 0.0171237 -0.0134563
v -0.0959135 0.0171027 -0.0134227
v -0.0959394 0.0170801 -0.0133867
v -0.0959609 0.0170563 -0.0133487
v -0.0959779 0.0170315 -0.0133091
v -0.0959901 0.0170059 -0.0132682
v -0.0959975 0.0169798 -0.0132266
v -0.0955867 0.0166931 -0.0138934
v -0.0956353 0.0166882 -0.0138834
v -0.0956825 0.0166811 -0.0138692
v -0.095728 0.0166721 -0.0138509
v -0.0957712 0.016661 -0.0138285
v -0.0958117 0.0166481 -0.0138025
v -0.0958491 0.0166335 -0.0137729
v -0.095883 0.0166173 -0.0137401
v -0.0959131 0.0165996 -0.0137045
v -0.0959391 0.0165808 -0.0136664
v -0.0959607 0.0165609 -0.0136261
v -0.0959778 0.0165401 -0.0135841
v -0.0959901 0.0165186 -0.0135408
v -0.0959975 0.0164968 -0.0134967
v -0.0955843 0.0161535 -0.0141285
v -0.0956331 0.0161496 -0.0141183
v -0.0956806 0.0161441 -0.0141036
v -0.0957263 0.0161369 -0.0140845
v -0.0957697 0.0161281 -0.0140613
v -0.0958105 0.0161178 -0.0140341
v -0.0958481 0.0161062 -0.0140032
v -0.0958822 0.0160933 -0.013969
v -0.0959125 0.0160792 -0.0139318
v -0.0959387 0.0160642 -0.0138919
v -0.0959605 0.0160482 -0.0138498
v -0.0959776 0.0160317 -0.0138058
v -0.09599 0.0160145 -0.0137604
v -0.0959975 0.0159971 -0.0137142
v -0.0955814 0.0155965 -0.0143086
v -0.0956305 0.0155937 -0.0142983
v -0.0956783 0.0155897 -0.0142833
v -0.0957243 0.0155844 -0.0142637
v -0.095768 0.015578 -0.0142398
v -0.095809 0.0155704 -0.0142118
v -0.0958469 0.0155618 -0.01418
v -0.0958813 0.0155523 -0.0141446
v -0.0959118 0.015542 -0.0141061
v -0.0959382 0.0155309 -0.0140648
v -0.0959601 0.0155191 -0.0140211
v -0.0959774 0.0155069 -0.0139756
v -0.0959899 0.0154942 -0.0139286
v -0.0959975 0.0154813 -0.0138807
v -0.0955801 0.0153598 -0.0143673
v -0.0956293 0.0153575 -0.014357
v -0.0956772 0.0153541 -0.014342
v -0.0957233 0.0153497 -0.0143223
v -0.0957672 0.0153442 -0.0142982
v -0.0958083 0.0153378 -0.0142699
v -0.0958463 0.0153306 -0.0142377
v -0.0958808 0.0153225 -0.014202
v -0.0959115 0.0153137 -0.014163
v -0.0959379 0.0153043 -0.0141213
v -0.09596 0.0152943 -0.0140771
v -0.0959774 0.0152839 -0.014031
v -0.0959899 0.0152732 -0.0139835
v -0.0959975 0.0152622 -0.0139349
v -0.0955766 0.0147789 -0.0144692
v -0.0956261 0.0147776 -0.014459
v -0.0956743 0.0147757 -0.0144439
v -0.0957208 0.0147733 -0.0144241
v -0.095765 0.0147703 -0.0143996
v -0.0958065 0.0147667 -0.0143709
v -0.0958448 0.0147626 -0.0143382
v -0.0958797 0.0147581 -0.0143017
v -0.0959106 0.0147532 -0.014262
v -0.0959373 0.0147479 -0.0142194
v -0.0959596 0.0147423 -0.0141743
v -0.0959771 0.0147365 -0.0141272
v -0.0959898 0.0147305 -0.0140786
v -0.0959974 0.0147243 -0.014029
v -0.0955726 0.0141948 -0.0145132
v -0.0956225 0.0141945 -0.0145033
v -0.0956711 0.0141942 -0.0144883
v -0.095718 0.0141937 -0.0144685
v -0.0957626 0.014193 -0.014444
v -0.0958045 0.0141923 -0.0144152
v -0.0958432 0.0141915 -0.0143822
v -0.0958784 0.0141906 -0.0143454
v -0.0959096 0.0141896 -0.0143053
v -0.0959366 0.0141885 -0.0142622
v -0.0959591 0.0141873 -0.0142166
v -0.0959769 0.0141861 -0.0141689
v -0.0959897 0.0141849 -0.0141197
v -0.0959974 0.0141836 -0.0140695
v -0.048 0.033875 -0.017
v -0.048 -0.033875 -0.017
v -0.048 -0.033875 0.036
v -0.048 0.033875 0.036
v -0.046 -0.033875 0.038
v -0.046 0.033875 0.038
v -0.0465 -0.035375 -0.0163787
v -0.0465 -0.035375 0.0353787
v -0.027 -0.033875 -0.038
v -0.0263787 -0.035375 -0.0365
v -0.0453787 -0.035375 0.0365
v 1.21431e-17 -0.033875 0.038
v 1.18007e-17 -0.035375 0.0365
v 0.025101 -0.035375 0.0264988
v 0.0211468 -0.035375 0.0223244
v 0.0234365 -0.035375 0.0199071
v 0.0220889 -0.035375 0.0290574
v 0.0186091 -0.035375 0.0244799
v -0.0234365 -0.035375 -0.0199071
v 0.0339077 -0.035375 0.01351
v 0.028566 -0.035375 0.0113817
v 0.0296292 -0.035375 0.0082265
v 0.0322482 -0.035375 0.0170969
v 0.027168 -0.035375 0.0144036
v 0.0188177 -0.035375 0.0312753
v 0.0158533 -0.035375 0.0263484
v -0.0211468 -0.035375 -0.0223244
v 0.0302106 -0.035375 0.0204833
v 0.0254514 -0.035375 0.0172565
v 0.0278189 -0.035375 0.0236296
v -0.0307049 -0.035375 0.00166477
v -0.0303449 -0.035375 0.0049748
v -0.0296292 -0.035375 -0.0082265
v -0.0303449 -0.035375 -0.0049748
v -0.0186091 -0.035375 -0.0244799
v 0.0339077 -0.035375 -0.01351
v 0.028566 -0.035375 -0.0113817
v 0.027168 -0.035375 -0.0144036
v 0.0351696 -0.035375 -0.00976478
v 0.0296292 -0.035375 -0.0082265
v 0.0360192 -0.035375 -0.00590504
v 0.0303449 -0.035375 -0.0049748
v 0.0364465 -0.035375 -0.00197607
v 0.0307049 -0.035375 -0.00166477
v 0.0116545 -0.035375 0.0345893
v 0.00981852 -0.035375 0.0291403
v 0.0129116 -0.035375 0.0279079
v 0.00784642 -0.035375 0.0356467
v 0.00661034 -0.035375 0.0300311
v 0.00394634 -0.035375 0.036286
v 0.00332466 -0.035375 0.0305697
v 0 -0.035375 0.03075
v -0.0307049 -0.035375 -0.00166477
v -0.0158533 -0.035375 -0.0263484
v 0.0116545 -0.035375 -0.0345893
v 0.00981852 -0.035375 -0.0291403
v 0.00661034 -0.035375 -0.0300311
v 0.015326 -0.035375 -0.0331265
v 0.0129116 -0.035375 -0.0279079
v 0.0278189 -0.035375 -0.0236296
v 0.0234365 -0.035375 -0.0199071
v 0.0211468 -0.035375 -0.0223244
v 0.0302106 -0.035375 -0.0204833
v 0.0254514 -0.035375 -0.0172565
v 0.0322482 -0.035375 -0.0170969
v 0.0364465 -0.035375 0.00197607
v 0.0307049 -0.035375 0.00166477
v 0.0360192 -0.035375 0.00590504
v 0.0303449 -0.035375 0.0049748
v 0.0351696 -0.035375 0.00976478
v 0.015326 -0.035375 0.0331265
v -0.00981852 -0.035375 0.0291403
v -0.0254514 -0.035375 0.0172565
v -0.0234365 -0.035375 0.0199071
v -0.028566 -0.035375 0.0113817
v -0.027168 -0.035375 0.0144036
v -0.0129116 -0.035375 -0.0279079
v 0.0188177 -0.035375 -0.0312753
v 0.0158533 -0.035375 -0.0263484
v 0.0220889 -0.035375 -0.0290574
v 0.0186091 -0.035375 -0.0244799
v 0.025101 -0.035375 -0.0264988
v -0.0129116 -0.035375 0.0279079
v -0.0211468 -0.035375 0.0223244
v -0.0186091 -0.035375 0.0244799
v -0.0296292 -0.035375 0.0082265
v -0.028566 -0.035375 -0.0113817
v -0.00981852 -0.035375 -0.0291403
v -1.5293e-18 -0.035375 -0.0365
v -0.00661034 -0.035375 -0.0300311
v -0.00661034 -0.035375 0.0300311
v -0.00332466 -0.035375 0.0305697
v -0.0158533 -0.035375 0.0263484
v -0.0254514 -0.035375 -0.0172565
v -0.027168 -0.035375 -0.0144036
v 3.76579e-18 -0.035375 -0.03075
v -0.00332466 -0.035375 -0.0305697
v 0.00394634 -0.035375 -0.036286
v 0.00332466 -0.035375 -0.0305697
v 0.00784642 -0.035375 -0.0356467
v -1.73472e-18 -0.033875 -0.038
v 0.00410852 -0.033875 0.0377772
v 0.00816888 -0.033875 0.0371116
v 0.0121335 -0.033875 0.0360108
v 0.0159558 -0.033875 0.0344879
v 0.019591 -0.033875 0.0325606
v 0.0229966 -0.033875 0.0302515
v 0.0261326 -0.033875 0.0275878
v 0.0289622 -0.033875 0.0246007
v 0.0314522 -0.033875 0.0213251
v 0.0335735 -0.033875 0.0177995
v 0.0353011 -0.033875 0.0140652
v 0.0366149 -0.033875 0.0101661
v 0.0374994 -0.033875 0.00614772
v 0.0379443 -0.033875 0.00205728
v 0.0379443 -0.033875 -0.00205728
v 0.0374994 -0.033875 -0.00614772
v 0.0366149 -0.033875 -0.0101661
v 0.0353011 -0.033875 -0.0140652
v 0.0335735 -0.033875 -0.0177995
v 0.0314522 -0.033875 -0.0213251
v 0.0289622 -0.033875 -0.0246007
v 0.0261326 -0.033875 -0.0275878
v 0.0229966 -0.033875 -0.0302515
v 0.019591 -0.033875 -0.0325606
v 0.0159558 -0.033875 -0.0344879
v 0.0121335 -0.033875 -0.0360108
v 0.00816888 -0.033875 -0.0371116
v 0.00410852 -0.033875 -0.0377772
v 1.21431e-17 -0.029375 0.038
v 0.00410852 -0.029375 0.0377772
v 0.00816888 -0.029375 0.0371116
v 0.0121335 -0.029375 0.0360108
v 0.0159558 -0.029375 0.0344879
v 0.019591 -0.029375 0.0325606
v 0.0229966 -0.029375 0.0302515
v 0.0261326 -0.029375 0.0275878
v 0.0289622 -0.029375 0.0246007
v 0.0314522 -0.029375 0.0213251
v 0.0335735 -0.029375 0.0177995
v 0.0353011 -0.029375 0.0140652
v 0.0366149 -0.029375 0.0101661
v 0.0374994 -0.029375 0.00614772
v 0.0379443 -0.029375 0.00205728
v 0.0379443 -0.029375 -0.00205728
v 0.0374994 -0.029375 -0.00614772
v 0.0366149 -0.029375 -0.0101661
v 0.0353011 -0.029375 -0.0140652
v 0.0335735 -0.029375 -0.0177995
v 0.0314522 -0.029375 -0.0213251
v 0.0289622 -0.029375 -0.0246007
v 0.0261326 -0.029375 -0.0275878
v 0.0229966 -0.029375 -0.0302515
v 0.019591 -0.029375 -0.0325606
v 0.0159558 -0.029375 -0.0344879
v 0.0121335 -0.029375 -0.0360108
v 0.00816888 -0.029375 -0.0371116
v 0.00410852 -0.029375 -0.0377772
v -1.73472e-18 -0.029375 -0.038
v -0.027 -0.029375 -0.038
v -0.00332466 -0.029375 0.0305697
v 0 -0.029375 0.03075
v -0.00661034 -0.029375 0.0300311
v -0.00981852 -0.029375 0.0291403
v -0.0129116 -0.029375 0.0279079
v -0.0158533 -0.029375 0.0263484
v -0.0186091 -0.029375 0.0244799
v -0.0211468 -0.029375 0.0223244
v -0.0234365 -0.029375 0.0199071
v -0.0254514 -0.029375 0.0172565
v -0.027168 -0.029375 0.0144036
v -0.028566 -0.029375 0.0113817
v -0.0296292 -0.029375 0.0082265
v -0.0303449 -0.029375 0.0049748
v -0.0307049 -0.029375 0.00166477
v -0.0307049 -0.029375 -0.00166477
v -0.0303449 -0.029375 -0.0049748
v -0.0296292 -0.029375 -0.0082265
v -0.028566 -0.029375 -0.0113817
v -0.027168 -0.029375 -0.0144036
v -0.0254514 -0.029375 -0.0172565
v -0.0234365 -0.029375 -0.0199071
v -0.0211468 -0.029375 -0.0223244
v -0.0186091 -0.029375 -0.0244799
v -0.0158533 -0.029375 -0.0263484
v -0.0129116 -0.029375 -0.0279079
v -0.00981852 -0.029375 -0.0291403
v -0.00661034 -0.029375 -0.0300311
v -0.00332466 -0.029375 -0.0305697
v 1.12974e-17 -0.029375 -0.03075
v 0.00332466 -0.029375 -0.0305697
v 0.00661034 -0.029375 -0.0300311
v 0.00981852 -0.029375 -0.0291403
v 0.0129116 -0.029375 -0.0279079
v 0.0158533 -0.029375 -0.0263484
v 0.0186091 -0.029375 -0.0244799
v 0.0211468 -0.029375 -0.0223244
v 0.0234365 -0.029375 -0.0199071
v 0.0254514 -0.029375 -0.0172565
v 0.027168 -0.029375 -0.0144036
v 0.028566 -0.029375 -0.0113817
v 0.0296292 -0.029375 -0.0082265
v 0.0303449 -0.029375 -0.0049748
v 0.0307049 -0.029375 -0.00166477
v 0.0307049 -0.029375 0.00166477
v 0.0303449 -0.029375 0.0049748
v 0.0296292 -0.029375 0.0082265
v 0.028566 -0.029375 0.0113817
v 0.027168 -0.029375 0.0144036
v 0.0254514 -0.029375 0.0172565
v 0.0234365 -0.029375 0.0199071
v 0.0211468 -0.029375 0.0223244
v 0.0186091 -0.029375 0.0244799
v 0.0158533 -0.029375 0.0263484
v 0.0129116 -0.029375 0.0279079
v 0.00981852 -0.029375 0.0291403
v 0.00661034 -0.029375 0.0300311
v 0.00332466 -0.029375 0.0305697
v 0 -0.029375 0
v -0.0453787 0.035375 0.0365
v -0.0465 0.035375 0.0353787
v 1.21431e-17 0.033875 0.038
v 1.21431e-17 0.035375 0.0365
v -0.0465 0.035375 -0.0163787
v -0.027 0.033875 -0.038
v -0.0263787 0.035375 -0.0365
v 0.025101 0.035375 -0.0264988
v 0.0211468 0.035375 -0.0223244
v 0.0234365 0.035375 -0.0199071
v 0.0220889 0.035375 -0.0290574
v 0.0186091 0.035375 -0.0244799
v -0.0254514 0.035375 0.0172565
v 0.0339077 0.035375 -0.01351
v 0.028566 0.035375 -0.0113817
v 0.0296292 0.035375 -0.0082265
v 0.0322482 0.035375 -0.0170969
v 0.027168 0.035375 -0.0144036
v 0.0188177 0.035375 -0.0312753
v 0.0158533 0.035375 -0.0263484
v -0.0303449 0.035375 0.0049748
v -0.0211468 0.035375 0.0223244
v -0.0234365 0.035375 0.0199071
v 0.0302106 0.035375 -0.0204833
v 0.0254514 0.035375 -0.0172565
v 0.0278189 0.035375 -0.0236296
v -0.0296292 0.035375 0.0082265
v -0.0186091 0.035375 0.0244799
v 0.0339077 0.035375 0.01351
v 0.028566 0.035375 0.0113817
v 0.027168 0.035375 0.0144036
v 0.0351696 0.035375 0.00976478
v 0.0296292 0.035375 0.0082265
v 0.0360192 0.035375 0.00590504
v 0.0303449 0.035375 0.0049748
v 0.0364465 0.035375 0.00197607
v 0.0307049 0.035375 0.00166477
v 0.0116545 0.035375 -0.0345893
v 0.00981852 0.035375 -0.0291403
v 0.0129116 0.035375 -0.0279079
v 0.00784642 0.035375 -0.0356467
v 0.00661034 0.035375 -0.0300311
v 0.00394634 0.035375 -0.036286
v 0.00332466 0.035375 -0.0305697
v -1.5293e-18 0.035375 -0.0365
v -7.53158e-18 0.035375 -0.03075
v -0.0307049 0.035375 -0.00166477
v -0.0303449 0.035375 -0.0049748
v -0.0307049 0.035375 0.00166477
v -0.0158533 0.035375 0.0263484
v 0.0116545 0.035375 0.0345893
v 0.00981852 0.035375 0.0291403
v 0.00661034 0.035375 0.0300311
v 0.015326 0.035375 0.0331265
v 0.0129116 0.035375 0.0279079
v 0.0278189 0.035375 0.0236296
v 0.0234365 0.035375 0.0199071
v 0.0211468 0.035375 0.0223244
v 0.0302106 0.035375 0.0204833
v 0.0254514 0.035375 0.0172565
v 0.0322482 0.035375 0.0170969
v 0.0364465 0.035375 -0.00197607
v 0.0307049 0.035375 -0.00166477
v 0.0360192 0.035375 -0.00590504
v 0.0303449 0.035375 -0.0049748
v 0.0351696 0.035375 -0.00976478
v 0.015326 0.035375 -0.0331265
v -0.00981852 0.035375 -0.0291403
v -0.00661034 0.035375 -0.0300311
v -0.0254514 0.035375 -0.0172565
v -0.0234365 0.035375 -0.0199071
v -0.028566 0.035375 -0.0113817
v -0.027168 0.035375 -0.0144036
v -0.0129116 0.035375 0.0279079
v 0.0188177 0.035375 0.0312753
v 0.0158533 0.035375 0.0263484
v 0.0220889 0.035375 0.0290574
v 0.0186091 0.035375 0.0244799
v 0.025101 0.035375 0.0264988
v -0.0129116 0.035375 -0.0279079
v -0.0211468 0.035375 -0.0223244
v -0.0186091 0.035375 -0.0244799
v -0.0296292 0.035375 -0.0082265
v -0.028566 0.035375 0.0113817
v -0.00981852 0.035375 0.0291403
v -0.00661034 0.035375 0.0300311
v -0.00332466 0.035375 -0.0305697
v -0.0158533 0.035375 -0.0263484
v -0.027168 0.035375 0.0144036
v 3.76579e-18 0.035375 0.03075
v -0.00332466 0.035375 0.0305697
v 0.00394634 0.035375 0.036286
v 0.00332466 0.035375 0.0305697
v 0.00784642 0.035375 0.0356467
v -1.73472e-18 0.033875 -0.038
v 0.00410852 0.033875 -0.0377772
v 0.00816888 0.033875 -0.0371116
v 0.0121335 0.033875 -0.0360108
v 0.0159558 0.033875 -0.0344879
v 0.019591 0.033875 -0.0325606
v 0.0229966 0.033875 -0.0302515
v 0.0261326 0.033875 -0.0275878
v 0.0289622 0.033875 -0.0246007
v 0.0314522 0.033875 -0.0213251
v 0.0335735 0.033875 -0.0177995
v 0.0353011 0.033875 -0.0140652
v 0.0366149 0.033875 -0.0101661
v 0.0374994 0.033875 -0.00614772
v 0.0379443 0.033875 -0.00205728
v 0.0379443 0.033875 0.00205728
v 0.0374994 0.033875 0.00614772
v 0.0366149 0.033875 0.0101661
v 0.0353011 0.033875 0.0140652
v 0.0335735 0.033875 0.0177995
v 0.0314522 0.033875 0.0213251
v 0.0289622 0.033875 0.0246007
v 0.0261326 0.033875 0.0275878
v 0.0229966 0.033875 0.0302515
v 0.019591 0.033875 0.0325606
v 0.0159558 0.033875 0.0344879
v 0.0121335 0.033875 0.0360108
v 0.00816888 0.033875 0.0371116
v 0.00410852 0.033875 0.0377772
v -1.73472e-18 0.029375 -0.038
v -0.027 0.029375 -0.038
v 0.00410852 0.029375 -0.0377772
v 0.00816888 0.029375 -0.0371116
v 0.0121335 0.029375 -0.0360108
v 0.0159558 0.029375 -0.0344879
v 0.019591 0.029375 -0.0325606
v 0.0229966 0.029375 -0.0302515
v 0.0261326 0.029375 -0.0275878
v 0.0289622 0.029375 -0.0246007
v 0.0314522 0.029375 -0.0213251
v 0.0335735 0.029375 -0.0177995
v 0.0353011 0.029375 -0.0140652
v 0.0366149 0.029375 -0.0101661
v 0.0374994 0.029375 -0.00614772
v 0.0379443 0.029375 -0.00205728
v 0.0379443 0.029375 0.00205728
v 0.0374994 0.029375 0.00614772
v 0.0366149 0.029375 0.0101661
v 0.0353011 0.029375 0.0140652
v 0.0335735 0.029375 0.0177995
v 0.0314522 0.029375 0.0213251
v 0.0289622 0.029375 0.0246007
v 0.0261326 0.029375 0.0275878
v 0.0229966 0.029375 0.0302515
v 0.019591 0.029375 0.0325606
v 0.0159558 0.029375 0.0344879
v 0.0121335 0.029375 0.0360108
v 0.00816888 0.029375 0.0371116
v 0.00410852 0.029375 0.0377772
v 1.21431e-17 0.029375 0.038
v -0.046 -0.029375 -0.019
v -0.046 0.029375 -0.019
v -0.04 0.029375 -0.019
v -0.04 -0.029375 -0.019
v -0.04 0.029375 0.022
v -0.04 -0.029375 0.022
v -0.0322025 0.029375 0.022
v -0.0322025 -0.029375 0.022
v -0.0218117 0.029375 0.0323303
v -0.0186643 0.029375 0.0342439
v -0.0186643 -0.029375 0.0342439
v -0.0247646 0.029375 0.0301283
v -0.0218117 -0.029375 0.0323303
v -0.0274966 0.029375 0.0276575
v -0.0247646 -0.029375 0.0301283
v -0.0299833 0.029375 0.02494
v -0.0274966 -0.029375 0.0276575
v -0.0299833 -0.029375 0.02494
v -0.0155359 -0.029375 0.0335803
v -0.0176216 -0.029375 0.0359705
v -0.0176297 -0.029375 0.0361817
v -0.0176359 -0.029375 0.0357597
v -0.0177305 -0.029375 0.0353484
v -0.0176723 -0.029375 0.0355515
v 0.0254449 -0.029375 0.0268618
v 0.0282 -0.029375 0.0239533
v 0.0343721 -0.029375 -0.0136951
v 0.0356513 -0.029375 -0.00989855
v 0.0326899 -0.029375 -0.0173311
v 0.0306245 -0.029375 0.0207639
v 0.0365126 -0.029375 0.00598593
v 0.0356513 -0.029375 0.00989855
v 0.0369457 -0.029375 0.00200314
v 0.0365126 -0.029375 -0.00598593
v 0.0369457 -0.029375 -0.00200314
v 0.0306245 -0.029375 -0.0207639
v -0.01766 -0.029375 0.0363908
v -0.0177121 -0.029375 0.0365956
v -0.0178098 -0.029375 0.0351525
v -0.0118142 -0.029375 0.0350632
v -0.017993 -0.029375 0.0371612
v 0.0326899 -0.029375 0.0173311
v 0.0343721 -0.029375 0.0136951
v 0.0190755 -0.029375 -0.0317037
v 0.0223914 -0.029375 -0.0294554
v 0.0155359 -0.029375 -0.0335803
v -0.0369457 -0.029375 0.00200314
v -0.037 -0.029375 2.39382e-18
v -0.0177856 -0.029375 0.0367937
v -0.0178796 -0.029375 0.0369829
v -0.018028 -0.029375 0.0347913
v -0.0179094 -0.029375 0.0349661
v -0.0183171 -0.029375 0.0344838
v -0.0181644 -0.029375 0.0346299
v -0.0181247 -0.029375 0.0373265
v 0.0282 -0.029375 -0.0239533
v 0.0254449 -0.029375 -0.0268618
v -0.0282 -0.029375 -0.0239533
v -0.026163 -0.029375 -0.026163
v -0.026163 -0.029375 0.026163
v -0.0282 -0.029375 0.0239533
v -0.0190755 -0.029375 0.0317037
v -0.0184843 -0.029375 0.0343547
v -0.018273 -0.029375 0.037477
v 0.00795391 -0.029375 0.036135
v 0.0118142 -0.029375 0.0350632
v 0.0155359 -0.029375 0.0335803
v 0.0190755 -0.029375 0.0317037
v -0.0254449 -0.029375 -0.0268618
v -0.0306245 -0.029375 -0.0207639
v -0.0369457 -0.029375 -0.00200314
v -0.0254449 -0.029375 0.0268618
v -0.0223914 -0.029375 0.0294554
v -0.0184363 -0.029375 0.0376111
v -0.00795391 -0.029375 0.036135
v -0.0188008 -0.029375 0.0378239
v -0.0192017 -0.029375 0.0379555
v -0.0040004 -0.029375 0.0367831
v 0.0040004 -0.029375 0.0367831
v 0.0223914 -0.029375 0.0294554
v 0.0118142 -0.029375 -0.0350632
v 0.00795391 -0.029375 -0.036135
v -0.0365126 -0.029375 0.00598593
v -0.0306245 -0.029375 0.0207639
v -0.0186129 -0.029375 0.0377271
v -0.0189978 -0.029375 0.0379003
v 0.0040004 -0.029375 -0.0367831
v -2.4862e-17 -0.029375 -0.037
v -0.00795391 -0.029375 -0.036135
v -0.0040004 -0.029375 -0.0367831
v -0.0155359 -0.029375 -0.0335803
v -0.0118142 -0.029375 -0.0350632
v -0.0223914 -0.029375 -0.0294554
v -0.0343721 -0.029375 -0.0136951
v -0.0326899 -0.029375 -0.0173311
v -0.0365126 -0.029375 -0.00598593
v -0.0356513 -0.029375 -0.00989855
v -0.0356513 -0.029375 0.00989855
v -0.0326899 -0.029375 0.0173311
v -0.0343721 -0.029375 0.0136951
v -0.0194104 -0.029375 0.0379888
v -0.0190755 -0.029375 -0.0317037
v -0.0196214 -0.029375 0.038
v -5.59294e-18 -0.029375 0.037
v -0.017993 0.029375 0.0371612
v -0.0118142 0.029375 0.0350632
v -0.0111261 0.029375 0.0352875
v -0.0155359 0.029375 0.0335803
v -0.0181247 0.029375 0.0373265
v -0.00795391 0.029375 0.036135
v -0.0040004 0.029375 0.0367831
v 0.0254449 0.029375 -0.0268618
v 0.0223914 0.029375 -0.0294554
v 0.0282 0.029375 -0.0239533
v 0.0306245 0.029375 -0.0207639
v 0.0343721 0.029375 0.0136951
v 0.0356513 0.029375 0.00989855
v 0.0326899 0.029375 0.0173311
v -0.018273 0.029375 0.037477
v 0.0155359 0.029375 -0.0335803
v 0.0118142 0.029375 -0.0350632
v 0.0190755 0.029375 -0.0317037
v 0.0326899 0.029375 -0.0173311
v 0.0343721 0.029375 -0.0136951
v 0.0356513 0.029375 -0.00989855
v 0.0365126 0.029375 -0.00598593
v 0.0369457 0.029375 -0.00200314
v 0.0365126 0.029375 0.00598593
v 0.0369457 0.029375 0.00200314
v 0.0306245 0.029375 0.0207639
v -0.0184363 0.029375 0.0376111
v -0.0176723 0.029375 0.0355515
v -0.0177305 0.029375 0.0353484
v -0.01766 0.029375 0.0363908
v -0.0176297 0.029375 0.0361817
v -0.0223914 0.029375 0.0294554
v -0.0190755 0.029375 0.0317037
v -0.0186129 0.029375 0.0377271
v -0.0189978 0.029375 0.0379003
v -0.0188008 0.029375 0.0378239
v -0.0194104 0.029375 0.0379888
v -0.0192017 0.029375 0.0379555
v -0.0176359 0.029375 0.0357597
v -0.0176216 0.029375 0.0359705
v -0.018028 0.029375 0.0347913
v -0.0181644 0.029375 0.0346299
v -0.0369457 0.029375 -0.00200314
v -0.0369457 0.029375 0.00200314
v -0.0223914 0.029375 -0.0294554
v -0.0249968 0.029375 -0.0272793
v 0.0282 0.029375 0.0239533
v 0.0254449 0.029375 0.0268618
v -0.0196214 0.029375 0.038
v -0.0177856 0.029375 0.0367937
v -0.0177121 0.029375 0.0365956
v -0.0184843 0.029375 0.0343547
v -0.0179094 0.029375 0.0349661
v -0.0178098 0.029375 0.0351525
v -0.0365126 0.029375 0.00598593
v -0.0356513 0.029375 0.00989855
v -0.0365126 0.029375 -0.00598593
v -0.0254449 0.029375 -0.0268618
v 0.0223914 0.029375 0.0294554
v -0.0178796 0.029375 0.0369829
v -0.0183171 0.029375 0.0344838
v -0.0356513 0.029375 -0.00989855
v -0.0306245 0.029375 -0.0207639
v -0.0326899 0.029375 -0.0173311
v -0.0282 0.029375 -0.0239533
v -0.0190755 0.029375 -0.0317037
v 0.0190755 0.029375 0.0317037
v 0.0155359 0.029375 0.0335803
v -0.0254449 0.029375 0.0268618
v -0.0282 0.029375 0.0239533
v -0.0306245 0.029375 0.0207639
v -0.0343721 0.029375 0.0136951
v -0.0343721 0.029375 -0.0136951
v 0.00795391 0.029375 -0.036135
v 0.0040004 0.029375 -0.0367831
v 0.0118142 0.029375 0.0350632
v 0.00795391 0.029375 0.036135
v -0.0326899 0.029375 0.0173311
v -0.0155359 0.029375 -0.0335803
v -0.00795391 0.029375 -0.036135
v -0.0118142 0.029375 -0.0350632
v -0.0040004 0.029375 -0.0367831
v 0.0040004 0.029375 0.0367831
v -2.4862e-17 0.029375 0.037
v -5.59294e-18 0.029375 -0.037
v -0.0195583 0.0134114 0.037999
v -0.0195267 0.0134052 0.0379978
v -0.0195122 0.0134015 0.037997
v -0.0195898 0.0134152 0.0379997
v -0.0196214 0.0134164 0.038
v -0.0194776 0.0133905 0.0379948
v -0.01944 0.0133751 0.0379918
v -0.0193366 0.013314 0.0379796
v -0.0192761 0.0132652 0.03797
v -0.0194104 0.0133599 0.0379887
v -0.0193973 0.0133532 0.0379874
v -0.0193882 0.013348 0.0379864
v -0.0192143 0.0132052 0.0379581
v -0.0191222 0.0130958 0.0379367
v -0.0190552 0.0130005 0.0379182
v -0.0192018 0.0131904 0.0379552
v -0.0189979 0.0129054 0.0378999
v -0.0189714 0.0128615 0.0378914
v -0.0188568 0.0126328 0.0378481
v -0.0188013 0.0124959 0.0378227
v -0.0187213 0.0122981 0.037786
v -0.0186143 0.0119552 0.0377248
v -0.0185388 0.0117134 0.0376816
v -0.0184386 0.0112736 0.037608
v -0.0183399 0.0108405 0.0375355
v -0.0182754 0.0104406 0.0374745
v -0.0181607 0.00972983 0.0373661
v -0.0181286 0.00938316 0.0373234
v -0.018002 0.00801258 0.0371546
v -0.0179008 0.00691675 0.0370196
v -0.0178822 0.00640307 0.0369816
v -0.017738 -0.000920354 0.0366729
v -0.0177472 -0.00206652 0.0366981
v -0.0177625 0.00310666 0.0367378
v -0.0177891 0.00384013 0.036792
v -0.0177884 -0.00372596 0.0367925
v -0.017836 -0.0056409 0.0369013
v -0.0179577 -0.0077502 0.03711
v -0.0179961 -0.00813008 0.0371589
v -0.0178826 -0.0064487 0.0369812
v -0.0181266 -0.00941969 0.0373249
v -0.0181496 -0.00964722 0.0373542
v -0.0183561 -0.0109232 0.0375488
v -0.0184385 -0.0112744 0.0376081
v -0.0182762 -0.0104296 0.0374736
v -0.0185578 -0.0117827 0.0376937
v -0.0186141 -0.011957 0.037725
v -0.0187449 -0.0123619 0.0377977
v -0.0188015 -0.0124929 0.0378222
v -0.0189137 -0.0127522 0.0378706
v -0.0189845 -0.0128847 0.0378959
v -0.0191432 -0.0131229 0.037942
v -0.0192018 -0.0131904 0.0379552
v -0.0189979 -0.0129063 0.0379001
v -0.0190644 -0.0130143 0.0379209
v -0.0193791 -0.0133425 0.0379853
v -0.0193957 -0.0133523 0.0379872
v -0.0193302 -0.0133094 0.0379787
v -0.0192183 -0.0132094 0.0379589
v -0.0192794 -0.0132681 0.0379705
v -0.0195714 -0.0134133 0.0379994
v -0.0196007 -0.0134159 0.0379999
v -0.0195288 -0.0134057 0.0379979
v -0.0195417 -0.0134084 0.0379984
v -0.0194966 -0.0133969 0.0379961
v -0.0194104 -0.0133601 0.0379888
v -0.0194304 -0.0133706 0.0379909
v -0.0194639 -0.0133853 0.0379938
v -0.0196214 -0.0134164 0.038
v 3.46945e-18 -0.028375 0.038
v 0.00410852 -0.028375 0.0377772
v 0.00816888 -0.028375 0.0371116
v 0.0121335 -0.028375 0.0360108
v 0.0159558 -0.028375 0.0344879
v 0.019591 -0.028375 0.0325606
v 0.0229966 -0.028375 0.0302515
v 0.0261326 -0.028375 0.0275878
v 0.0289622 -0.028375 0.0246007
v 0.0314522 -0.028375 0.0213251
v 0.0335735 -0.028375 0.0177995
v 0.0353011 -0.028375 0.0140652
v 0.0366149 -0.028375 0.0101661
v 0.0374994 -0.028375 0.00614772
v 0.0379443 -0.028375 0.00205728
v 0.0379443 -0.028375 -0.00205728
v 0.0374994 -0.028375 -0.00614772
v 0.0366149 -0.028375 -0.0101661
v 0.0353011 -0.028375 -0.0140652
v 0.0335735 -0.028375 -0.0177995
v 0.0314522 -0.028375 -0.0213251
v 0.0289622 -0.028375 -0.0246007
v 0.0261326 -0.028375 -0.0275878
v 0.0229966 -0.028375 -0.0302515
v 0.019591 -0.028375 -0.0325606
v 0.0159558 -0.028375 -0.0344879
v 0.0121335 -0.028375 -0.0360108
v 0.00816888 -0.028375 -0.0371116
v 0.00410852 -0.028375 -0.0377772
v -2.56277e-17 -0.028375 -0.038
v -0.00410852 -0.028375 -0.0377772
v -0.00816888 -0.028375 -0.0371116
v -0.0121335 -0.028375 -0.0360108
v -0.0159558 -0.028375 -0.0344879
v -0.019591 -0.028375 -0.0325606
v -0.0229966 -0.028375 -0.0302515
v -0.0289622 -0.028375 -0.0246007
v -0.0261326 -0.028375 -0.0275878
v -0.0314522 -0.028375 -0.0213251
v -0.0335735 -0.028375 -0.0177995
v -0.0353011 -0.028375 -0.0140652
v -0.0366149 -0.028375 -0.0101661
v -0.0374994 -0.028375 -0.00614772
v -0.0379443 -0.028375 0.00205728
v -0.0379443 -0.028375 -0.00205728
v -0.0374994 -0.028375 0.00614772
v -0.0366149 -0.028375 0.0101661
v -0.0353011 -0.028375 0.0140652
v -0.0335735 -0.028375 0.0177995
v -0.0314522 -0.028375 0.0213251
v -0.0289622 -0.028375 0.0246007
v -0.0261326 -0.028375 0.0275878
v -0.0229966 -0.028375 0.0302515
v -0.019591 -0.028375 0.0325606
v -0.0159558 -0.028375 0.0344879
v -0.0121335 -0.028375 0.0360108
v -0.00816888 -0.028375 0.0371116
v -0.00410852 -0.028375 0.0377772
v 3.46945e-18 0.028375 -0.038
v 0.00410852 0.028375 -0.0377772
v 0.00816888 0.028375 -0.0371116
v 0.0121335 0.028375 -0.0360108
v 0.0159558 0.028375 -0.0344879
v 0.019591 0.028375 -0.0325606
v 0.0229966 0.028375 -0.0302515
v 0.0261326 0.028375 -0.0275878
v 0.0289622 0.028375 -0.0246007
v 0.0314522 0.028375 -0.0213251
v 0.0335735 0.028375 -0.0177995
v 0.0353011 0.028375 -0.0140652
v 0.0366149 0.028375 -0.0101661
v 0.0374994 0.028375 -0.00614772
v 0.0379443 0.028375 -0.00205728
v 0.0379443 0.028375 0.00205728
v 0.0374994 0.028375 0.00614772
v 0.0366149 0.028375 0.0101661
v 0.0353011 0.028375 0.0140652
v 0.0335735 0.028375 0.0177995
v 0.0314522 0.028375 0.0213251
v 0.0289622 0.028375 0.0246007
v 0.0261326 0.028375 0.0275878
v 0.0229966 0.028375 0.0302515
v 0.019591 0.028375 0.0325606
v 0.0159558 0.028375 0.0344879
v 0.0121335 0.028375 0.0360108
v 0.00816888 0.028375 0.0371116
v 0.00410852 0.028375 0.0377772
v -2.56277e-17 0.028375 0.038
v -0.00410852 0.028375 0.0377772
v -0.00816888 0.028375 0.0371116
v -0.0121335 0.028375 0.0360108
v -0.0159558 0.028375 0.0344879
v -0.019591 0.028375 0.0325606
v -0.0229966 0.028375 0.0302515
v -0.0261326 0.028375 0.0275878
v -0.0289622 0.028375 0.0246007
v -0.0314522 0.028375 0.0213251
v -0.0335735 0.028375 0.0177995
v -0.0353011 0.028375 0.0140652
v -0.0366149 0.028375 0.0101661
v -0.0374994 0.028375 0.00614772
v -0.0379443 0.028375 0.00205728
v -0.0379443 0.028375 -0.00205728
v -0.0374994 0.028375 -0.00614772
v -0.0366149 0.028375 -0.0101661
v -0.0353011 0.028375 -0.0140652
v -0.0335735 0.028375 -0.0177995
v -0.0314522 0.028375 -0.0213251
v -0.0289622 0.028375 -0.0246007
v -0.0229966 0.028375 -0.0302515
v -0.0261326 0.028375 -0.0275878
v -0.019591 0.028375 -0.0325606
v -0.0159558 0.028375 -0.0344879
v -0.0121335 0.028375 -0.0360108
v -0.00816888 0.028375 -0.0371116
v -0.00410852 0.028375 -0.0377772
v -0.00332466 0.029375 -0.0305697
v -7.53158e-18 0.029375 -0.03075
v -0.00661034 0.029375 -0.0300311
v -0.00981852 0.029375 -0.0291403
v -0.0129116 0.029375 -0.0279079
v -0.0158533 0.029375 -0.0263484
v -0.0186091 0.029375 -0.0244799
v -0.0211468 0.029375 -0.0223244
v -0.0234365 0.029375 -0.0199071
v -0.0254514 0.029375 -0.0172565
v -0.027168 0.029375 -0.0144036
v -0.028566 0.029375 -0.0113817
v -0.0296292 0.029375 -0.0082265
v -0.0303449 0.029375 -0.0049748
v -0.0307049 0.029375 -0.00166477
v -0.0307049 0.029375 0.00166477
v -0.0303449 0.029375 0.0049748
v -0.0296292 0.029375 0.0082265
v -0.028566 0.029375 0.0113817
v -0.027168 0.029375 0.0144036
v -0.0254514 0.029375 0.0172565
v -0.0234365 0.029375 0.0199071
v -0.0211468 0.029375 0.0223244
v -0.0186091 0.029375 0.0244799
v -0.0158533 0.029375 0.0263484
v -0.0129116 0.029375 0.0279079
v -0.00981852 0.029375 0.0291403
v -0.00661034 0.029375 0.0300311
v -0.00332466 0.029375 0.0305697
v 3.76579e-18 0.029375 0.03075
v 0.00332466 0.029375 0.0305697
v 0.00661034 0.029375 0.0300311
v 0.00981852 0.029375 0.0291403
v 0.0129116 0.029375 0.0279079
v 0.0158533 0.029375 0.0263484
v 0.0186091 0.029375 0.0244799
v 0.0211468 0.029375 0.0223244
v 0.0234365 0.029375 0.0199071
v 0.0254514 0.029375 0.0172565
v 0.027168 0.029375 0.0144036
v 0.028566 0.029375 0.0113817
v 0.0296292 0.029375 0.0082265
v 0.0303449 0.029375 0.0049748
v 0.0307049 0.029375 0.00166477
v 0.0307049 0.029375 -0.00166477
v 0.0303449 0.029375 -0.0049748
v 0.0296292 0.029375 -0.0082265
v 0.028566 0.029375 -0.0113817
v 0.027168 0.029375 -0.0144036
v 0.0254514 0.029375 -0.0172565
v 0.0234365 0.029375 -0.0199071
v 0.0211468 0.029375 -0.0223244
v 0.0186091 0.029375 -0.0244799
v 0.0158533 0.029375 -0.0263484
v 0.0129116 0.029375 -0.0279079
v 0.00981852 0.029375 -0.0291403
v 0.00661034 0.029375 -0.0300311
v 0.00332466 0.029375 -0.0305697
v 0 0.029375 0
v -0.0196214 0.0133484 0.0379954
v -0.0196214 0.0133423 0.0379945
v -0.0195977 0.013341 0.0379943
v -0.0196214 0.0133546 0.0379962
v -0.0196214 0.0133607 0.0379969
v -0.0196214 0.0133669 0.0379975
v -0.0196214 0.0133731 0.0379981
v -0.0196214 0.0133792 0.0379986
v -0.0196214 0.0133854 0.037999
v -0.0196214 0.0133916 0.0379994
v -0.0196214 0.0133978 0.0379997
v -0.0196214 0.013404 0.0379998
v -0.0196214 0.0134102 0.038
v -0.0195741 0.0133373 0.0379937
v -0.0195504 0.0133311 0.0379928
v -0.0195395 0.0133274 0.0379922
v -0.0195136 0.0133165 0.0379906
v -0.0194853 0.0133012 0.0379883
v -0.0194533 0.0132795 0.0379851
v -0.0194465 0.0132742 0.0379843
v -0.0194078 0.0132405 0.0379793
v -0.0193624 0.013192 0.0379721
v -0.0193161 0.0131322 0.0379632
v -0.019247 0.0130235 0.0379473
v -0.0191968 0.0129286 0.0379335
v -0.0191339 0.0127905 0.0379135
v -0.0190479 0.012563 0.0378811
v -0.0189463 0.0122302 0.0378349
v -0.0188094 0.0116487 0.037757
v -0.0186603 0.0107806 0.037648
v -0.0184744 0.00893717 0.0374534
v -0.0185258 0.00967608 0.0375217
v -0.018331 0.00687854 0.0372632
v -0.0182272 0.00308949 0.037053
v -0.0182131 -1.89832e-07 0.0370157
v -0.0182089 -0.000915269 0.0370047
v -0.0182158 -0.0020551 0.0370235
v -0.0182824 -0.00560974 0.037175
v -0.0183736 -0.00770738 0.0373306
v -0.0184675 -0.00893752 0.0374494
v -0.0185176 -0.00959392 0.0375128
v -0.0186724 -0.0108629 0.037658
v -0.0188237 -0.0117176 0.037766
v -0.018964 -0.0122937 0.0378436
v -0.0190906 -0.0126817 0.037898
v -0.0191437 -0.0128135 0.0379168
v -0.0192036 -0.0129424 0.0379355
v -0.0192628 -0.0130504 0.0379512
v -0.0193191 -0.0131364 0.0379639
v -0.0193649 -0.0131948 0.0379725
v -0.019403 -0.0132358 0.0379786
v -0.0194397 -0.0132688 0.0379835
v -0.0194522 -0.0132786 0.0379849
v -0.0194781 -0.0132967 0.0379877
v -0.0195033 -0.0133113 0.0379898
v -0.0195278 -0.0133229 0.0379916
v -0.0195519 -0.0133316 0.0379929
v -0.0195616 -0.0133344 0.0379933
v -0.0195839 -0.0133392 0.037994
v -0.0196214 -0.0133484 0.0379954
v -0.0196059 -0.0133417 0.0379944
v -0.0196214 -0.0133546 0.0379962
v -0.0196214 -0.0133607 0.0379969
v -0.0196214 -0.0133669 0.0379975
v -0.0196214 -0.0133731 0.0379981
v -0.0196214 -0.0133792 0.0379986
v -0.0196214 -0.0133854 0.037999
v -0.0196214 -0.0133916 0.0379994
v -0.0196214 -0.0133978 0.0379997
v -0.0196214 -0.013404 0.0379998
v -0.0196214 -0.0134102 0.038
v -0.0196214 -0.0133423 0.0379945
v -0.019597 0.0133472 0.0379952
v -0.0195964 0.0133533 0.037996
v -0.0195957 0.0133595 0.0379967
v -0.0195951 0.0133656 0.0379973
v -0.0195944 0.0133718 0.0379979
v -0.0195937 0.013378 0.0379984
v -0.0195931 0.0133842 0.0379988
v -0.0195924 0.0133904 0.0379992
v -0.0195918 0.0133966 0.0379994
v -0.0195911 0.0134028 0.0379996
v -0.0195904 0.013409 0.0379997
v -0.0195728 0.0133435 0.0379946
v -0.0195715 0.0133496 0.0379954
v -0.0195701 0.0133558 0.0379961
v -0.0195688 0.0133619 0.0379968
v -0.0195675 0.0133681 0.0379973
v -0.0195662 0.0133743 0.0379978
v -0.0195649 0.0133805 0.0379982
v -0.0195636 0.0133866 0.0379985
v -0.0195622 0.0133928 0.0379988
v -0.0195609 0.013399 0.0379989
v -0.0195596 0.0134052 0.037999
v -0.0195484 0.0133372 0.0379937
v -0.0195464 0.0133434 0.0379945
v -0.0195444 0.0133495 0.0379952
v -0.0195424 0.0133557 0.0379958
v -0.0195405 0.0133619 0.0379963
v -0.0195385 0.013368 0.0379968
v -0.0195365 0.0133742 0.0379972
v -0.0195345 0.0133804 0.0379975
v -0.0195326 0.0133866 0.0379977
v -0.0195306 0.0133928 0.0379978
v -0.0195286 0.013399 0.0379978
v -0.0195372 0.0133336 0.0379931
v -0.0195349 0.0133397 0.0379939
v -0.0195327 0.0133458 0.0379946
v -0.0195304 0.013352 0.0379952
v -0.0195281 0.0133582 0.0379958
v -0.0195258 0.0133643 0.0379962
v -0.0195235 0.0133705 0.0379965
v -0.0195213 0.0133767 0.0379968
v -0.019519 0.0133829 0.037997
v -0.0195167 0.0133891 0.0379971
v -0.0195145 0.0133953 0.0379971
v -0.0195106 0.0133226 0.0379915
v -0.0195076 0.0133288 0.0379923
v -0.0195046 0.0133349 0.0379929
v -0.0195016 0.013341 0.0379935
v -0.0194985 0.0133472 0.037994
v -0.0194955 0.0133534 0.0379944
v -0.0194926 0.0133596 0.0379947
v -0.0194896 0.0133657 0.0379949
v -0.0194866 0.0133719 0.037995
v -0.0194836 0.0133781 0.0379951
v -0.0194806 0.0133843 0.037995
v -0.0194816 0.0133073 0.0379892
v -0.0194778 0.0133134 0.0379899
v -0.019474 0.0133195 0.0379906
v -0.0194702 0.0133257 0.0379911
v -0.0194664 0.0133318 0.0379916
v -0.0194626 0.013338 0.0379919
v -0.0194588 0.0133442 0.0379922
v -0.019455 0.0133503 0.0379923
v -0.0194513 0.0133565 0.0379923
v -0.0194475 0.0133627 0.0379922
v -0.0194437 0.0133689 0.037992
v -0.0194487 0.0132856 0.0379859
v -0.019444 0.0132917 0.0379867
v -0.0194393 0.0132978 0.0379873
v -0.0194346 0.0133039 0.0379878
v -0.0194299 0.01331 0.0379881
v -0.0194252 0.0133162 0.0379884
v -0.0194205 0.0133224 0.0379885
v -0.0194159 0.0133285 0.0379885
v -0.0194112 0.0133347 0.0379884
v -0.0194066 0.0133409 0.0379882
v -0.0194019 0.0133471 0.0379879
v -0.0194416 0.0132803 0.0379851
v -0.0194368 0.0132864 0.0379859
v -0.0194319 0.0132925 0.0379865
v -0.019427 0.0132987 0.0379869
v -0.0194221 0.0133048 0.0379873
v -0.0194173 0.013311 0.0379875
v -0.0194124 0.0133171 0.0379876
v -0.0194075 0.0133233 0.0379876
v -0.0194027 0.0133294 0.0379875
v -0.0193979 0.0133356 0.0379872
v -0.019393 0.0133418 0.0379869
v -0.0194018 0.0132465 0.0379801
v -0.0193958 0.0132526 0.0379808
v -0.0193899 0.0132587 0.0379813
v -0.0193839 0.0132648 0.0379817
v -0.019378 0.0132709 0.037982
v -0.019372 0.013277 0.0379821
v -0.0193661 0.0132832 0.037982
v -0.0193601 0.0132893 0.0379818
v -0.0193542 0.0132955 0.0379815
v -0.0193483 0.0133017 0.037981
v -0.0193424 0.0133078 0.0379804
v -0.0193552 0.013198 0.0379729
v -0.0193479 0.013204 0.0379735
v -0.0193407 0.0132101 0.0379739
v -0.0193334 0.0132162 0.0379742
v -0.0193262 0.0132223 0.0379743
v -0.019319 0.0132284 0.0379742
v -0.0193118 0.0132345 0.0379739
v -0.0193046 0.0132406 0.0379735
v -0.0192974 0.0132468 0.0379729
v -0.0192903 0.0132529 0.0379721
v -0.0192832 0.0132591 0.0379711
v -0.0193075 0.0131382 0.037964
v -0.0192989 0.0131442 0.0379646
v -0.0192904 0.0131502 0.0379649
v -0.0192818 0.0131563 0.037965
v -0.0192733 0.0131623 0.0379649
v -0.0192648 0.0131684 0.0379646
v -0.0192563 0.0131745 0.0379641
v -0.0192478 0.0131806 0.0379633
v -0.0192394 0.0131868 0.0379623
v -0.019231 0.0131929 0.0379611
v -0.0192226 0.013199 0.0379597
v -0.0192365 0.0130293 0.037948
v -0.019226 0.0130353 0.0379484
v -0.0192154 0.0130412 0.0379485
v -0.0192049 0.0130472 0.0379484
v -0.0191944 0.0130532 0.0379479
v -0.019184 0.0130593 0.0379472
v -0.0191736 0.0130653 0.0379462
v -0.0191632 0.0130714 0.0379448
v -0.0191529 0.0130775 0.0379432
v -0.0191426 0.0130836 0.0379413
v -0.0191324 0.0130897 0.0379392
v -0.0191848 0.0129344 0.0379341
v -0.0191728 0.0129403 0.0379344
v -0.0191608 0.0129462 0.0379344
v -0.0191489 0.0129521 0.037934
v -0.0191369 0.0129581 0.0379332
v -0.0191251 0.0129641 0.0379321
v -0.0191133 0.0129701 0.0379307
v -0.0191015 0.0129762 0.0379289
v -0.0190898 0.0129822 0.0379267
v -0.0190782 0.0129883 0.0379242
v -0.0190667 0.0129944 0.0379214
v -0.0191201 0.0127961 0.0379141
v -0.0191063 0.0128019 0.0379142
v -0.0190925 0.0128077 0.0379139
v -0.0190787 0.0128136 0.0379132
v -0.019065 0.0128195 0.037912
v -0.0190514 0.0128254 0.0379104
v -0.0190378 0.0128314 0.0379083
v -0.0190243 0.0128374 0.0379058
v -0.0190109 0.0128434 0.0379029
v -0.0189976 0.0128494 0.0378995
v -0.0189845 0.0128555 0.0378957
v -0.0190315 0.0125685 0.0378816
v -0.0190152 0.0125741 0.0378815
v -0.0189988 0.0125798 0.0378808
v -0.0189825 0.0125855 0.0378795
v -0.0189663 0.0125913 0.0378776
v -0.0189502 0.0125972 0.0378751
v -0.0189343 0.012603 0.037872
v -0.0189184 0.0126089 0.0378684
v -0.0189027 0.0126149 0.0378642
v -0.0188872 0.0126209 0.0378594
v -0.0188719 0.0126268 0.037854
v -0.0189268 0.0122355 0.0378352
v -0.0189074 0.0122408 0.0378347
v -0.0188879 0.0122463 0.0378334
v -0.0188686 0.0122518 0.0378312
v -0.0188494 0.0122575 0.0378283
v -0.0188304 0.0122631 0.0378246
v -0.0188116 0.0122689 0.0378201
v -0.018793 0.0122747 0.0378148
v -0.0187746 0.0122805 0.0378088
v -0.0187565 0.0122864 0.0378019
v -0.0187387 0.0122923 0.0377943
v -0.0187856 0.0116535 0.0377571
v -0.0187617 0.0116585 0.0377559
v -0.018738 0.0116636 0.0377536
v -0.0187145 0.0116688 0.0377501
v -0.0186912 0.0116742 0.0377455
v -0.0186681 0.0116796 0.0377396
v -0.0186454 0.0116851 0.0377327
v -0.0186231 0.0116907 0.0377247
v -0.0186012 0.0116963 0.0377155
v -0.0185799 0.011702 0.0377053
v -0.018559 0.0117077 0.037694
v -0.0186312 0.0107848 0.0376477
v -0.0186023 0.0107893 0.0376456
v -0.0185736 0.0107939 0.0376418
v -0.0185452 0.0107986 0.0376364
v -0.0185172 0.0108036 0.0376293
v -0.0184896 0.0108086 0.0376205
v -0.0184627 0.0108137 0.0376101
v -0.0184364 0.010819 0.0375982
v -0.0184109 0.0108243 0.0375847
v -0.0183863 0.0108297 0.0375697
v -0.0183626 0.0108351 0.0375533
v -0.0184917 0.00967962 0.0375209
v -0.0184577 0.0096834 0.0375177
v -0.018424 0.00968739 0.0375122
v -0.0183909 0.00969159 0.0375045
v -0.0183583 0.00969596 0.0374944
v -0.0183266 0.0097005 0.0374822
v -0.0182957 0.00970518 0.0374678
v -0.018266 0.00970997 0.0374513
v -0.0182375 0.00971485 0.0374328
v -0.0182104 0.00971981 0.0374123
v -0.0181847 0.00972481 0.0373901
v -0.0182878 0.00688063 0.0372615
v -0.018245 0.00688299 0.0372561
v -0.0182029 0.0068856 0.037247
v -0.0181617 0.00688845 0.0372343
v -0.0181217 0.0068915 0.0372181
v -0.0180833 0.00689475 0.0371985
v -0.0180468 0.00689816 0.0371757
v -0.0180124 0.00690171 0.0371498
v -0.0179803 0.00690537 0.037121
v -0.0179509 0.00690912 0.0370895
v -0.0179244 0.00691292 0.0370557
v -0.0181776 0.00309025 0.0370506
v -0.0181284 0.00309118 0.0370432
v -0.0180803 0.00309225 0.037031
v -0.0180336 0.00309347 0.0370141
v -0.0179888 0.00309482 0.0369927
v -0.0179463 0.00309628 0.0369668
v -0.0179066 0.00309785 0.036937
v -0.0178701 0.00309951 0.0369033
v -0.0178372 0.00310123 0.0368661
v -0.017808 0.00310301 0.0368259
v -0.0177831 0.00310482 0.036783
v -0.0181578 -0.000915481 0.037002
v -0.0181073 -0.000915744 0.0369942
v -0.0180578 -0.000916056 0.0369813
v -0.0180099 -0.000916412 0.0369634
v -0.0179641 -0.000916809 0.0369407
v -0.0179209 -0.000917244 0.0369134
v -0.0178806 -0.000917711 0.0368818
v -0.0178438 -0.000918206 0.0368464
v -0.0178108 -0.000918723 0.0368073
v -0.017782 -0.000919257 0.0367651
v -0.0177577 -0.000919803 0.0367201
v -0.0181653 -0.00205559 0.0370209
v -0.0181153 -0.00205619 0.0370133
v -0.0180663 -0.0020569 0.0370006
v -0.0180189 -0.0020577 0.0369831
v -0.0179735 -0.00205859 0.0369609
v -0.0179305 -0.00205957 0.0369342
v -0.0178905 -0.00206062 0.0369033
v -0.0178538 -0.00206172 0.0368685
v -0.0178208 -0.00206288 0.0368302
v -0.0177919 -0.00206407 0.0367887
v -0.0182364 -0.00561131 0.037173
v -0.0181909 -0.00561313 0.0371667
v -0.0181461 -0.00561519 0.0371564
v -0.0181025 -0.00561747 0.0371419
v -0.0180604 -0.00561995 0.0371235
v -0.0180202 -0.0056226 0.0371014
v -0.0179822 -0.00562541 0.0370756
v -0.0179468 -0.00562834 0.0370464
v -0.0179142 -0.00563139 0.0370141
v -0.0177672 -0.00206529 0.0367446
v -0.0178847 -0.00563452 0.036979
v -0.0178586 -0.00563769 0.0369413
v -0.0183327 -0.00770985 0.0373292
v -0.018292 -0.0077126 0.0373243
v -0.0182519 -0.0077156 0.0373162
v -0.0182127 -0.00771883 0.0373048
v -0.0181745 -0.00772227 0.0372902
v -0.0181376 -0.0077259 0.0372726
v -0.0181023 -0.00772969 0.037252
v -0.0180689 -0.00773363 0.0372285
v -0.0180375 -0.00773767 0.0372024
v -0.0180084 -0.0077418 0.0371738
v -0.0179817 -0.00774598 0.0371429
v -0.0184831 -0.00959741 0.037512
v -0.0184488 -0.00960114 0.0375088
v -0.0184148 -0.0096051 0.0375032
v -0.0183813 -0.00960925 0.0374952
v -0.0183485 -0.00961359 0.037485
v -0.0183165 -0.00961809 0.0374725
v -0.0182854 -0.00962272 0.0374578
v -0.0182555 -0.00962748 0.037441
v -0.0182268 -0.00963233 0.0374221
v -0.0181995 -0.00963726 0.0374013
v -0.0181737 -0.00964223 0.0373786
v -0.0186438 -0.0108672 0.0376577
v -0.0186153 -0.0108717 0.0376557
v -0.018587 -0.0108763 0.037652
v -0.018559 -0.0108811 0.0376468
v -0.0185314 -0.0108861 0.0376399
v -0.0185042 -0.0108912 0.0376314
v -0.0184776 -0.0108963 0.0376213
v -0.0184517 -0.0109016 0.0376097
v -0.0184265 -0.010907 0.0375966
v -0.0184021 -0.0109124 0.0375821
v -0.0183786 -0.0109178 0.0375661
v -0.0188003 -0.0117225 0.0377661
v -0.0187769 -0.0117275 0.037765
v -0.0187537 -0.0117327 0.0377628
v -0.0187306 -0.0117379 0.0377595
v -0.0187077 -0.0117433 0.0377551
v -0.0186851 -0.0117488 0.0377495
v -0.0186628 -0.0117543 0.0377428
v -0.0186409 -0.0117599 0.0377351
v -0.0186194 -0.0117655 0.0377263
v -0.0185983 -0.0117712 0.0377165
v -0.0185778 -0.011777 0.0377056
v -0.0189451 -0.012299 0.0378439
v -0.0189261 -0.0123044 0.0378435
v -0.0189073 -0.0123099 0.0378423
v -0.0188885 -0.0123155 0.0378403
v -0.0188698 -0.0123211 0.0378376
v -0.0188513 -0.0123268 0.0378341
v -0.018833 -0.0123326 0.0378299
v -0.0188149 -0.0123384 0.0378249
v -0.018797 -0.0123443 0.0378192
v -0.0187793 -0.0123501 0.0378127
v -0.0187619 -0.012356 0.0378056
v -0.0190755 -0.0126873 0.0378985
v -0.0190604 -0.012693 0.0378985
v -0.0190453 -0.0126987 0.037898
v -0.0190303 -0.0127045 0.037897
v -0.0190154 -0.0127104 0.0378955
v -0.0190005 -0.0127163 0.0378934
v -0.0189857 -0.0127222 0.0378909
v -0.018971 -0.0127282 0.0378878
v -0.0189565 -0.0127341 0.0378843
v -0.018942 -0.0127401 0.0378802
v -0.0189278 -0.0127462 0.0378756
v -0.0191302 -0.0128192 0.0379174
v -0.0191167 -0.012825 0.0379176
v -0.0191031 -0.0128308 0.0379173
v -0.0190897 -0.0128367 0.0379167
v -0.0190762 -0.0128426 0.0379155
v -0.0190629 -0.0128485 0.037914
v -0.0190496 -0.0128545 0.037912
v -0.0190363 -0.0128605 0.0379096
v -0.0190232 -0.0128665 0.0379068
v -0.0190102 -0.0128726 0.0379036
v -0.0191918 -0.0129482 0.0379361
v -0.0191801 -0.0129541 0.0379364
v -0.0191683 -0.01296 0.0379364
v -0.0191565 -0.0129659 0.0379361
v -0.0191448 -0.0129719 0.0379354
v -0.0191331 -0.0129779 0.0379343
v -0.0191215 -0.0129839 0.0379329
v -0.0191099 -0.01299 0.0379312
v -0.0190984 -0.0129961 0.0379291
v -0.0189973 -0.0128786 0.0378999
v -0.019087 -0.0130021 0.0379267
v -0.0190756 -0.0130082 0.0379239
v -0.0192527 -0.0130563 0.0379519
v -0.0192426 -0.0130622 0.0379524
v -0.0192325 -0.0130682 0.0379526
v -0.0192225 -0.0130742 0.0379525
v -0.0192124 -0.0130802 0.0379521
v -0.0192024 -0.0130863 0.0379515
v -0.0191924 -0.0130924 0.0379506
v -0.0191825 -0.0130985 0.0379494
v -0.0191726 -0.0131046 0.037948
v -0.0191628 -0.0131107 0.0379462
v -0.0193106 -0.0131424 0.0379646
v -0.0193021 -0.0131484 0.0379652
v -0.0192936 -0.0131544 0.0379655
v -0.0192852 -0.0131605 0.0379657
v -0.0192767 -0.0131665 0.0379656
v -0.0192683 -0.0131726 0.0379653
v -0.0192599 -0.0131787 0.0379647
v -0.0192515 -0.0131848 0.037964
v -0.0192431 -0.013191 0.0379631
v -0.019153 -0.0131168 0.0379442
v -0.0192348 -0.0131971 0.0379619
v -0.0192265 -0.0132032 0.0379605
v -0.0193577 -0.0132009 0.0379733
v -0.0193505 -0.0132069 0.0379739
v -0.0193433 -0.013213 0.0379744
v -0.0193362 -0.013219 0.0379747
v -0.019329 -0.0132251 0.0379748
v -0.0193219 -0.0132313 0.0379747
v -0.0193147 -0.0132374 0.0379744
v -0.0193076 -0.0132435 0.037974
v -0.0193005 -0.0132497 0.0379734
v -0.0192934 -0.0132558 0.0379726
v -0.0193969 -0.0132419 0.0379794
v -0.0193908 -0.0132479 0.0379801
v -0.0193847 -0.013254 0.0379806
v -0.0193786 -0.0132601 0.037981
v -0.0193725 -0.0132663 0.0379812
v -0.0193664 -0.0132724 0.0379813
v -0.0193604 -0.0132785 0.0379812
v -0.0193543 -0.0132847 0.037981
v -0.0193483 -0.0132908 0.0379807
v -0.0192864 -0.013262 0.0379717
v -0.0193422 -0.013297 0.0379802
v -0.0194346 -0.0132748 0.0379843
v -0.0194295 -0.0132809 0.037985
v -0.0194245 -0.0132871 0.0379856
v -0.0194194 -0.0132932 0.0379861
v -0.0194143 -0.0132993 0.0379864
v -0.0194093 -0.0133055 0.0379866
v -0.0194042 -0.0133116 0.0379867
v -0.0193992 -0.0133178 0.0379867
v -0.0193941 -0.013324 0.0379865
v -0.0193362 -0.0133032 0.0379795
v -0.0193891 -0.0133301 0.0379862
v -0.0194474 -0.0132847 0.0379858
v -0.0194427 -0.0132908 0.0379865
v -0.019438 -0.0132969 0.0379871
v -0.0194332 -0.013303 0.0379876
v -0.0194285 -0.0133091 0.037988
v -0.0194238 -0.0133153 0.0379882
v -0.0194191 -0.0133215 0.0379884
v -0.0194144 -0.0133276 0.0379884
v -0.0194097 -0.0133338 0.0379883
v -0.0193841 -0.0133363 0.0379858
v -0.0194051 -0.01334 0.037988
v -0.0194741 -0.0133028 0.0379885
v -0.0194701 -0.0133089 0.0379893
v -0.0194661 -0.013315 0.0379899
v -0.0194621 -0.0133212 0.0379904
v -0.0194581 -0.0133273 0.0379909
v -0.0194542 -0.0133335 0.0379912
v -0.0194502 -0.0133397 0.0379914
v -0.0194462 -0.0133458 0.0379915
v -0.0194422 -0.013352 0.0379915
v -0.0194004 -0.0133462 0.0379877
v -0.0194383 -0.0133582 0.0379914
v -0.0194343 -0.0133644 0.0379912
v -0.0195 -0.0133175 0.0379907
v -0.0194967 -0.0133236 0.0379915
v -0.0194934 -0.0133297 0.0379921
v -0.0194901 -0.0133359 0.0379927
v -0.0194868 -0.013342 0.0379932
v -0.0194835 -0.0133482 0.0379936
v -0.0194803 -0.0133544 0.0379939
v -0.019477 -0.0133605 0.037994
v -0.0194737 -0.0133667 0.0379941
v -0.0194704 -0.0133729 0.0379941
v -0.0195252 -0.013329 0.0379924
v -0.0195226 -0.0133351 0.0379932
v -0.01952 -0.0133413 0.0379939
v -0.0195174 -0.0133474 0.0379945
v -0.0195148 -0.0133536 0.037995
v -0.0195122 -0.0133598 0.0379955
v -0.0195096 -0.0133659 0.0379958
v -0.019507 -0.0133721 0.037996
v -0.0195044 -0.0133783 0.0379962
v -0.0194672 -0.0133791 0.037994
v -0.0195018 -0.0133845 0.0379962
v -0.01955 -0.0133377 0.0379937
v -0.019548 -0.0133439 0.0379945
v -0.0195461 -0.01335 0.0379952
v -0.0195442 -0.0133562 0.0379959
v -0.0195422 -0.0133623 0.0379964
v -0.0195403 -0.0133685 0.0379969
v -0.0195384 -0.0133747 0.0379972
v -0.0195364 -0.0133809 0.0379975
v -0.0195345 -0.0133871 0.0379977
v -0.0194992 -0.0133907 0.0379962
v -0.0195326 -0.0133933 0.0379979
v -0.0195599 -0.0133405 0.0379942
v -0.0195583 -0.0133466 0.037995
v -0.0195566 -0.0133528 0.0379957
v -0.0195549 -0.013359 0.0379963
v -0.0195533 -0.0133651 0.0379969
v -0.0195516 -0.0133713 0.0379973
v -0.0195499 -0.0133775 0.0379977
v -0.0195483 -0.0133837 0.037998
v -0.0195466 -0.0133899 0.0379982
v -0.0195307 -0.0133995 0.0379979
v -0.019545 -0.0133961 0.0379984
v -0.0195828 -0.0133453 0.0379949
v -0.0195818 -0.0133514 0.0379957
v -0.0195808 -0.0133576 0.0379964
v -0.0195797 -0.0133638 0.0379971
v -0.0195787 -0.0133699 0.0379976
v -0.0195776 -0.0133761 0.0379981
v -0.0195766 -0.0133823 0.0379985
v -0.0195755 -0.0133885 0.0379988
v -0.0195745 -0.0133947 0.0379991
v -0.0195433 -0.0134022 0.0379984
v -0.0195735 -0.0134009 0.0379993
v -0.0196054 -0.0133479 0.0379953
v -0.019605 -0.013354 0.0379961
v -0.0196046 -0.0133602 0.0379968
v -0.0196041 -0.0133664 0.0379975
v -0.0196037 -0.0133725 0.037998
v -0.0196033 -0.0133787 0.0379985
v -0.0196028 -0.0133849 0.0379989
v -0.0196024 -0.0133911 0.0379993
v -0.019602 -0.0133973 0.0379996
v -0.0195724 -0.0134071 0.0379994
v -0.0196015 -0.0134035 0.0379997
v -0.0196011 -0.0134097 0.0379999
v -0.0205 -0.0133423 0.0379945
v -0.0204968 -0.0133454 0.0379949
v -0.0204628 -0.0133793 0.0379974
v -0.0204478 -0.0133943 0.0379984
v -0.0204257 -0.0134164 0.038
v -0.0204257 0.0134164 0.038
v -0.0204478 0.0133943 0.0379984
v -0.0204628 0.0133793 0.0379974
v -0.0204968 0.0133454 0.0379949
v -0.0205 0.0133423 0.0379945
v -0.0205 -0.0177871 0.0387772
v -0.0205 -0.0177103 0.0387597
v -0.0205 -0.0221136 0.039759
v -0.0205 -0.0264613 0.0409779
v -0.0204477 -0.0264621 0.0409753
v -0.020396 -0.0264645 0.0409675
v -0.0203455 -0.0264685 0.0409545
v -0.0202966 -0.026474 0.0409366
v -0.02025 -0.026481 0.0409139
v -0.0202061 -0.0264893 0.0408866
v -0.0201654 -0.026499 0.0408551
v -0.0201284 -0.0265099 0.0408198
v -0.0200955 -0.0265219 0.0407809
v -0.020067 -0.0265348 0.040739
v -0.0200432 -0.0265485 0.0406944
v -0.0200245 -0.0265628 0.0406477
v -0.0200109 -0.0265777 0.0405994
v -0.02 -0.0178087 0.0382695
v -0.02 -0.0222365 0.0392743
v -0.0200027 -0.0265929 0.04055
v -0.02 -0.0164088 0.038
v -0.020007 -0.016117 0.038
v -0.0200181 -0.0156574 0.038
v -0.020014 -0.0158252 0.038
v -0.0200291 -0.0155427 0.038
v -0.0200549 -0.0152725 0.038
v -0.0200808 -0.0150024 0.038
v -0.0201066 -0.0147323 0.038
v -0.0201325 -0.0144625 0.038
v -0.0201429 -0.0143537 0.038
v -0.0201641 -0.0142248 0.038
v -0.0202083 -0.0140251 0.038
v -0.020251 -0.0138318 0.038
v -0.0202655 -0.0137664 0.038
v -0.0202971 -0.013673 0.038
v -0.0203251 -0.01359 0.038
v -0.0203578 -0.0135172 0.038
v -0.0203868 -0.0134661 0.038
v -0.0203456 -0.0135444 0.038
v -0.0203961 -0.0134532 0.038
v -0.0204094 -0.0134347 0.038
v -0.02 -0.0266083 0.0405
v -0.0204477 -0.0221143 0.0397564
v -0.0204477 -0.0177108 0.038757
v -0.020396 -0.0177124 0.038749
v -0.020396 -0.0221163 0.0397484
v -0.0203455 -0.0177151 0.0387357
v -0.0203455 -0.0221196 0.0397353
v -0.0202966 -0.0177188 0.0387173
v -0.0202966 -0.0221242 0.0397171
v -0.02025 -0.0177235 0.038694
v -0.02025 -0.0221301 0.0396941
v -0.0202061 -0.0177291 0.0386661
v -0.0202061 -0.0221371 0.0396665
v -0.0201654 -0.0177355 0.0386338
v -0.0201654 -0.0221452 0.0396345
v -0.0201284 -0.0177428 0.0385975
v -0.0201284 -0.0221542 0.0395987
v -0.0200955 -0.0177508 0.0385576
v -0.0200955 -0.0221642 0.0395592
v -0.020067 -0.0177595 0.0385146
v -0.020067 -0.022175 0.0395167
v -0.0200432 -0.0177686 0.0384689
v -0.0200432 -0.0221865 0.0394715
v -0.0200245 -0.0177783 0.038421
v -0.0200245 -0.0221985 0.0394241
v -0.0200109 -0.0177882 0.0383714
v -0.0200109 -0.0222109 0.0393751
v -0.0200027 -0.0177984 0.0383207
v -0.0200027 -0.0222236 0.039325
v -0.0204477 0.0264621 0.0409753
v -0.0205 0.0264613 0.0409779
v -0.0205 0.0221136 0.039759
v -0.0205 0.0177871 0.0387772
v -0.020396 0.0264645 0.0409675
v -0.0203455 0.0264685 0.0409545
v -0.0202966 0.026474 0.0409366
v -0.02025 0.026481 0.0409139
v -0.0202061 0.0264893 0.0408866
v -0.0201654 0.026499 0.0408551
v -0.0201284 0.0265099 0.0408198
v -0.0200955 0.0265219 0.0407809
v -0.020067 0.0265348 0.040739
v -0.0200432 0.0265485 0.0406944
v -0.0200245 0.0265628 0.0406477
v -0.0200109 0.0265777 0.0405994
v -0.0200027 0.0265929 0.04055
v -0.02 0.0266083 0.0405
v -0.02 0.0222365 0.0392743
v -0.0203593 0.0135143 0.038
v -0.0203398 0.0135553 0.038
v -0.020396 0.0134525 0.038
v -0.0203952 0.0134536 0.038
v -0.0203778 0.0134808 0.038
v -0.0202966 0.013667 0.038
v -0.0202961 0.0136684 0.038
v -0.0202453 0.0138406 0.038
v -0.0202088 0.0140268 0.038
v -0.0201681 0.014235 0.038
v -0.0201359 0.0143993 0.038
v -0.0201026 0.0147228 0.038
v -0.0200751 0.0149901 0.038
v -0.0200476 0.0152575 0.038
v -0.020032 0.0154088 0.038
v -0.0200279 0.0155351 0.038
v -0.0200186 0.0158262 0.038
v -0.0200093 0.0161175 0.038
v -0.02 0.0164088 0.038
v -0.0205 0.0177103 0.0387597
v -0.0204117 0.0134318 0.038
v -0.02 0.0178087 0.0382695
v -0.0204477 0.0221143 0.0397564
v -0.0204477 0.0177108 0.038757
v -0.020396 0.0221163 0.0397484
v -0.0203455 0.0221196 0.0397353
v -0.020396 0.0177124 0.038749
v -0.0202966 0.0221242 0.0397171
v -0.0203455 0.0177151 0.0387357
v -0.02025 0.0221301 0.0396941
v -0.0202966 0.0177188 0.0387173
v -0.0202061 0.0221371 0.0396665
v -0.02025 0.0177235 0.038694
v -0.0201654 0.0221452 0.0396345
v -0.0202061 0.0177291 0.0386661
v -0.0201284 0.0221542 0.0395987
v -0.0201654 0.0177355 0.0386338
v -0.0200955 0.0221642 0.0395592
v -0.0201305 0.0177429 0.0385969
v -0.020067 0.022175 0.0395167
v -0.0200955 0.0177508 0.0385576
v -0.0200432 0.0221865 0.0394715
v -0.020067 0.0177595 0.0385146
v -0.0200245 0.0221985 0.0394241
v -0.0200432 0.0177686 0.0384689
v -0.0200109 0.0222109 0.0393751
v -0.0200245 0.0177783 0.038421
v -0.0200027 0.0222236 0.039325
v -0.0200109 0.0177882 0.0383714
v -0.0200027 0.0177984 0.0383207
v -0.02 0.028875 0.038
v -0.02 0.028875 0.0405
v -0.0204477 0.0266083 0.0409973
v -0.0205 0.0266083 0.041
v -0.0205 0.0265586 0.0409975
v -0.0205 0.0265094 0.0409901
v -0.020396 0.0266083 0.0409891
v -0.0203455 0.0266083 0.0409755
v -0.0202966 0.0266083 0.0409568
v -0.02025 0.0266083 0.040933
v -0.0202061 0.0266083 0.0409045
v -0.0201654 0.0266083 0.0408716
v -0.0201284 0.0266083 0.0408346
v -0.0200955 0.0266083 0.0407939
v -0.020067 0.0266083 0.04075
v -0.0200432 0.0266083 0.0407034
v -0.0200245 0.0266083 0.0406545
v -0.0200109 0.0266083 0.040604
v -0.0200027 0.0266083 0.0405523
v -0.0204477 0.0265589 0.0409948
v -0.0204477 0.02651 0.0409875
v -0.020396 0.0265597 0.0409867
v -0.020396 0.0265116 0.0409794
v -0.0203455 0.026561 0.0409732
v -0.0203455 0.0265143 0.0409661
v -0.0202966 0.0265629 0.0409545
v -0.0202966 0.026518 0.0409478
v -0.02025 0.0265653 0.0409309
v -0.02025 0.0265227 0.0409245
v -0.0202061 0.0265681 0.0409025
v -0.0202061 0.0265283 0.0408965
v -0.0201654 0.0265714 0.0408697
v -0.0201654 0.0265348 0.0408642
v -0.0201284 0.026575 0.0408329
v -0.0201284 0.0265421 0.040828
v -0.0200955 0.0265791 0.0407924
v -0.0200955 0.0265502 0.0407881
v -0.020067 0.0265834 0.0407488
v -0.020067 0.0265589 0.0407451
v -0.0200432 0.0265881 0.0407024
v -0.0200432 0.0265681 0.0406994
v -0.0200245 0.0265929 0.0406537
v -0.0200245 0.0265777 0.0406515
v -0.0200109 0.0265979 0.0406034
v -0.0200109 0.0265877 0.0406019
v -0.0200027 0.0266031 0.040552
v -0.0200027 0.0265979 0.0405512
v -0.035 0.0209465 0.0394715
v -0.035 0.0264613 0.0409779
v -0.035 -0.0264613 0.0409779
v -0.035 -0.0177775 0.0388247
v -0.035 -0.0209465 0.0394715
v -0.035 -0.00893772 0.0374484
v -0.035 -0.0150295 0.0382638
v -0.035 -0.00904485 0.0374556
v -0.035 -0.00301948 0.0370507
v -0.035 -2.38524e-17 0.0370507
v -0.035 0.00301948 0.0370507
v -0.035 0.00893772 0.0374484
v -0.035 0.0150295 0.0382638
v -0.035 0.00904485 0.0374556
v -0.035 0.0177775 0.0388247
v -0.0190445 -0.0111435 0.0376925
v -0.0191408 0.0120627 0.037812
v -0.0205 -0.0265094 0.0409901
v -0.0205 -0.0265586 0.0409975
v -0.0205 -0.0266083 0.041
v -0.0204477 -0.0266083 0.0409973
v -0.020396 -0.0266083 0.0409891
v -0.0203455 -0.0266083 0.0409755
v -0.0202966 -0.0266083 0.0409568
v -0.02025 -0.0266083 0.040933
v -0.0202061 -0.0266083 0.0409045
v -0.0201654 -0.0266083 0.0408716
v -0.0201284 -0.0266083 0.0408346
v -0.0200955 -0.0266083 0.0407939
v -0.020067 -0.0266083 0.04075
v -0.0200432 -0.0266083 0.0407034
v -0.0200245 -0.0266083 0.0406545
v -0.0200109 -0.0266083 0.040604
v -0.0200027 -0.0266083 0.0405523
v -0.0204477 -0.02651 0.0409875
v -0.0204477 -0.0265589 0.0409948
v -0.020396 -0.0265116 0.0409794
v -0.020396 -0.0265597 0.0409867
v -0.0203455 -0.0265143 0.0409661
v -0.0203455 -0.026561 0.0409732
v -0.0202966 -0.026518 0.0409478
v -0.0202966 -0.0265629 0.0409545
v -0.02025 -0.0265227 0.0409245
v -0.02025 -0.0265653 0.0409309
v -0.0202061 -0.0265283 0.0408965
v -0.0202061 -0.0265681 0.0409025
v -0.0201654 -0.0265348 0.0408642
v -0.0201654 -0.0265714 0.0408697
v -0.0201284 -0.0265421 0.040828
v -0.0201284 -0.026575 0.0408329
v -0.0200955 -0.0265502 0.0407881
v -0.0200955 -0.0265791 0.0407924
v -0.020067 -0.0265589 0.0407451
v -0.020067 -0.0265834 0.0407488
v -0.0200432 -0.0265681 0.0406994
v -0.0200432 -0.0265881 0.0407024
v -0.0200245 -0.0265777 0.0406515
v -0.0200245 -0.0265929 0.0406537
v -0.0200109 -0.0265877 0.0406019
v -0.0200109 -0.0265979 0.0406034
v -0.0200027 -0.0265979 0.0405512
v -0.0200027 -0.0266031 0.040552
v -0.02 -0.028875 0.038
v -0.02 -0.028875 0.0405
v -0.035 -0.02649 0.0409858
v -0.035 -0.0264997 0.0409881
v -0.035 -0.0264804 0.0409834
v -0.035 -0.0264708 0.0409807
v -0.035 -0.0265389 0.0409952
v -0.035 -0.0265487 0.0409964
v -0.035 -0.026529 0.0409937
v -0.035 -0.0265192 0.040992
v -0.035 -0.0265094 0.0409901
v -0.035 -0.0265884 0.0409996
v -0.035 -0.0265983 0.0409999
v -0.035 -0.0265784 0.0409991
v -0.035 -0.0265685 0.0409984
v -0.035 -0.0265586 0.0409975
v -0.035 -0.0266083 0.041
v -0.0385 -0.00931397 0.041
v -0.038451 -0.013734 0.041
v -0.0384477 -0.00931397 0.0409973
v -0.038396 -0.00931397 0.0409891
v -0.0383455 -0.00931397 0.0409755
v -0.0382966 -0.00931397 0.0409568
v -0.03825 -0.00931397 0.040933
v -0.0382061 -0.00931397 0.0409045
v -0.0381654 -0.00931397 0.0408716
v -0.0381284 -0.00931397 0.0408346
v -0.0380955 -0.00931397 0.0407939
v -0.038067 -0.00931397 0.04075
v -0.0380432 -0.00931397 0.0407034
v -0.0380245 -0.00931397 0.0406545
v -0.0380109 -0.00931397 0.040604
v -0.0380027 -0.00931397 0.0405523
v -0.0379738 -0.0120663 0.0405514
v -0.037958 -0.0137209 0.0405823
v -0.0383466 -0.016314 0.041
v -0.0379261 -0.0146343 0.0406042
v -0.0379291 -0.0145494 0.0406022
v -0.0378685 -0.0162868 0.0406439
v -0.0381029 -0.0192646 0.041
v -0.0377303 -0.0182233 0.0406981
v -0.0378493 -0.0165562 0.0406514
v -0.0376596 -0.0192143 0.0407258
v -0.0380419 -0.0197726 0.041
v -0.0376074 -0.0197175 0.0407411
v -0.0376498 -0.0221324 0.041
v -0.0374749 -0.0206371 0.0407708
v -0.0375966 -0.019792 0.0407435
v -0.0374159 -0.0210469 0.040784
v -0.0372713 -0.0220514 0.0408165
v -0.037226 -0.0237486 0.041
v -0.0370018 -0.0232347 0.0408577
v -0.0372262 -0.0222495 0.0408234
v -0.036908 -0.0236465 0.0408721
v -0.0369437 -0.0245291 0.041
v -0.0367613 -0.024113 0.040889
v -0.036666 -0.0244157 0.0409
v -0.0366562 -0.0251546 0.041
v -0.0364985 -0.0248345 0.0409156
v -0.0364196 -0.0250316 0.040923
v -0.0365487 -0.0253523 0.041
v -0.0363275 -0.0252262 0.0409303
v -0.0363331 -0.0256967 0.041
v -0.0362195 -0.025424 0.0409378
v -0.0361426 -0.025565 0.0409432
v -0.0361499 -0.0259398 0.041
v -0.0359856 -0.0258042 0.0409523
v -0.0360047 -0.0261029 0.041
v -0.0358611 -0.0259645 0.0409585
v -0.0359268 -0.0258799 0.0409553
v -0.0358631 -0.0262383 0.041
v -0.0357398 -0.0260977 0.0409637
v -0.0357244 -0.0263493 0.041
v -0.035621 -0.0262068 0.0409679
v -0.0356193 -0.0264198 0.041
v -0.0355308 -0.0262761 0.0409706
v -0.0355068 -0.0264825 0.041
v -0.0354344 -0.0263377 0.0409731
v -0.0353967 -0.0265315 0.041
v -0.03534 -0.0263858 0.0409749
v -0.035288 -0.0265679 0.041
v -0.0352469 -0.0264216 0.0409763
v -0.0353136 -0.026396 0.0409753
v -0.0352519 -0.0265774 0.041
v -0.0352159 -0.0264309 0.0409767
v -0.0352008 -0.0265887 0.041
v -0.0351721 -0.026442 0.0409771
v -0.03515 -0.0265973 0.041
v -0.0351286 -0.0264505 0.0409775
v -0.0350994 -0.0266035 0.041
v -0.0350852 -0.0264565 0.0409777
v -0.0350499 -0.0266071 0.041
v -0.0350427 -0.0264601 0.0409779
v -0.038 -0.00931397 0.0405
v -0.0384043 -0.0137327 0.0409978
v -0.0383579 -0.0137315 0.0409912
v -0.0383124 -0.0137303 0.0409804
v -0.0382681 -0.0137291 0.0409653
v -0.0382253 -0.013728 0.0409461
v -0.0381846 -0.0137269 0.0409231
v -0.0381462 -0.0137259 0.0408963
v -0.0381105 -0.013725 0.040866
v -0.0380777 -0.0137241 0.0408325
v -0.0380483 -0.0137233 0.0407961
v -0.0380224 -0.0137226 0.0407571
v -0.0380002 -0.013722 0.0407159
v -0.037982 -0.0137215 0.0406728
v -0.0379679 -0.0137212 0.0406281
v -0.038304 -0.0163116 0.0409982
v -0.0382618 -0.0163092 0.0409927
v -0.0382203 -0.0163068 0.0409837
v -0.0381796 -0.0163045 0.0409712
v -0.0381401 -0.0163023 0.0409553
v -0.0381022 -0.0163001 0.040936
v -0.038066 -0.016298 0.0409136
v -0.0380319 -0.0162961 0.0408881
v -0.038 -0.0162943 0.0408599
v -0.0379707 -0.0162926 0.040829
v -0.0379441 -0.0162911 0.0407958
v -0.0379204 -0.0162898 0.0407604
v -0.0378998 -0.0162886 0.0407231
v -0.0378824 -0.0162876 0.0406841
v -0.0380664 -0.0192604 0.0409987
v -0.0380301 -0.0192563 0.0409946
v -0.0379943 -0.0192523 0.0409879
v -0.037959 -0.0192482 0.0409786
v -0.0379244 -0.0192443 0.0409666
v -0.0378909 -0.0192405 0.0409522
v -0.0378585 -0.0192368 0.0409353
v -0.0378274 -0.0192333 0.0409161
v -0.0377978 -0.01923 0.0408946
v -0.0377698 -0.0192268 0.040871
v -0.0377436 -0.0192238 0.0408454
v -0.0377194 -0.0192211 0.0408179
v -0.0376973 -0.0192186 0.0407887
v -0.0376773 -0.0192163 0.0407579
v -0.0380067 -0.0197681 0.0409987
v -0.0379716 -0.0197637 0.0409949
v -0.0379368 -0.0197593 0.0409886
v -0.0379026 -0.0197549 0.0409799
v -0.0378691 -0.0197507 0.0409687
v -0.0378365 -0.0197466 0.0409551
v -0.0378049 -0.0197426 0.0409392
v -0.0377745 -0.0197387 0.0409211
v -0.0377455 -0.019735 0.0409009
v -0.0377179 -0.0197315 0.0408786
v -0.037692 -0.0197282 0.0408544
v -0.0376679 -0.0197252 0.0408284
v -0.0376457 -0.0197224 0.0408008
v -0.0376255 -0.0197198 0.0407716
v -0.037621 -0.0221262 0.0409991
v -0.0375922 -0.02212 0.0409965
v -0.0375637 -0.0221139 0.0409922
v -0.0375354 -0.0221079 0.0409861
v -0.0375076 -0.0221019 0.0409784
v -0.0374803 -0.0220961 0.040969
v -0.0374535 -0.0220904 0.0409579
v -0.0374274 -0.0220848 0.0409453
v -0.0374021 -0.0220794 0.0409311
v -0.0373777 -0.0220741 0.0409154
v -0.0373542 -0.0220691 0.0408982
v -0.0373317 -0.0220643 0.0408797
v -0.0373104 -0.0220597 0.0408599
v -0.0372902 -0.0220554 0.0408387
v -0.0372028 -0.0237412 0.0409994
v -0.0371797 -0.0237337 0.0409976
v -0.0371566 -0.0237263 0.0409947
v -0.0371338 -0.023719 0.0409905
v -0.0371111 -0.0237117 0.0409852
v -0.0370887 -0.0237045 0.0409787
v -0.0370667 -0.0236974 0.0409711
v -0.037045 -0.0236905 0.0409624
v -0.0370237 -0.0236836 0.0409526
v -0.037003 -0.023677 0.0409417
v -0.0369827 -0.0236705 0.0409298
v -0.0369631 -0.0236642 0.0409168
v -0.036944 -0.023658 0.0409028
v -0.0369257 -0.0236521 0.0408879
v -0.0369239 -0.024521 0.0409995
v -0.0369041 -0.0245129 0.0409982
v -0.0368843 -0.0245049 0.0409959
v -0.0368647 -0.0244969 0.0409927
v -0.0368452 -0.0244889 0.0409885
v -0.0368259 -0.024481 0.0409835
v -0.0368068 -0.0244732 0.0409776
v -0.036788 -0.0244655 0.0409709
v -0.0367694 -0.0244579 0.0409632
v -0.0367512 -0.0244505 0.0409547
v -0.0367333 -0.0244432 0.0409454
v -0.0367159 -0.024436 0.0409352
v -0.0366988 -0.0244291 0.0409243
v -0.0366822 -0.0244223 0.0409125
v -0.0366396 -0.025146 0.0409996
v -0.036623 -0.0251373 0.0409986
v -0.0366064 -0.0251287 0.0409968
v -0.0365899 -0.0251201 0.0409944
v -0.0365735 -0.0251116 0.0409912
v -0.0365573 -0.0251032 0.0409874
v -0.0365411 -0.0250948 0.0409829
v -0.0365251 -0.0250864 0.0409777
v -0.0365093 -0.0250782 0.0409718
v -0.0364937 -0.0250701 0.0409652
v -0.0364784 -0.0250621 0.0409581
v -0.0364633 -0.0250543 0.0409502
v -0.0364484 -0.0250466 0.0409417
v -0.0364339 -0.025039 0.0409327
v -0.0365332 -0.0253435 0.0409997
v -0.0365178 -0.0253346 0.0409987
v -0.0365024 -0.0253259 0.0409971
v -0.036487 -0.0253171 0.0409949
v -0.0364717 -0.0253084 0.0409921
v -0.0364566 -0.0252997 0.0409886
v -0.0364415 -0.0252912 0.0409845
v -0.0364266 -0.0252826 0.0409798
v -0.0364118 -0.0252742 0.0409745
v -0.0363972 -0.0252659 0.0409686
v -0.0363828 -0.0252577 0.0409621
v -0.0363686 -0.0252496 0.040955
v -0.0363546 -0.0252416 0.0409473
v -0.0363409 -0.0252338 0.0409391
v -0.0363199 -0.0256876 0.0409997
v -0.0363067 -0.0256785 0.040999
v -0.0362935 -0.0256694 0.0409977
v -0.0362804 -0.0256603 0.0409959
v -0.0362674 -0.0256513 0.0409936
v -0.0362544 -0.0256423 0.0409908
v -0.0362414 -0.0256334 0.0409874
v -0.0362286 -0.0256245 0.0409836
v -0.0362159 -0.0256157 0.0409793
v -0.0362033 -0.025607 0.0409745
v -0.0361909 -0.0255984 0.0409692
v -0.0361786 -0.0255899 0.0409634
v -0.0361664 -0.0255815 0.0409571
v -0.0361544 -0.0255732 0.0409504
v -0.0361386 -0.0259305 0.0409998
v -0.0361273 -0.0259211 0.0409991
v -0.036116 -0.0259118 0.0409981
v -0.0361047 -0.0259025 0.0409966
v -0.0360935 -0.0258933 0.0409946
v -0.0360823 -0.025884 0.0409923
v -0.0360712 -0.0258749 0.0409895
v -0.0360602 -0.0258658 0.0409863
v -0.0360492 -0.0258567 0.0409827
v -0.0360384 -0.0258477 0.0409786
v -0.0360276 -0.0258388 0.0409742
v -0.0360169 -0.02583 0.0409693
v -0.0360063 -0.0258213 0.0409641
v -0.0359959 -0.0258127 0.0409584
v -0.0359948 -0.0260934 0.0409998
v -0.035985 -0.0260839 0.0409993
v -0.0359752 -0.0260745 0.0409983
v -0.0359654 -0.026065 0.040997
v -0.0359556 -0.0260556 0.0409953
v -0.0359459 -0.0260462 0.0409933
v -0.0359362 -0.0260369 0.0409909
v -0.0359266 -0.0260276 0.0409881
v -0.035917 -0.0260184 0.0409849
v -0.0359075 -0.0260092 0.0409814
v -0.035898 -0.0260001 0.0409776
v -0.0358887 -0.0259911 0.0409733
v -0.0358794 -0.0259821 0.0409687
v -0.0358702 -0.0259733 0.0409638
v -0.0358546 -0.0262287 0.0409998
v -0.0358462 -0.0262191 0.0409993
v -0.0358378 -0.0262095 0.0409985
v -0.0358294 -0.0261999 0.0409974
v -0.035821 -0.0261904 0.0409959
v -0.0358127 -0.0261809 0.0409941
v -0.0358044 -0.0261714 0.040992
v -0.0357961 -0.026162 0.0409896
v -0.0357879 -0.0261526 0.0409868
v -0.0357797 -0.0261433 0.0409838
v -0.0357716 -0.026134 0.0409804
v -0.0357635 -0.0261248 0.0409767
v -0.0357555 -0.0261157 0.0409726
v -0.0357476 -0.0261066 0.0409683
v -0.0357174 -0.0263396 0.0409999
v -0.0357103 -0.0263299 0.0409994
v -0.0357033 -0.0263202 0.0409987
v -0.0356963 -0.0263105 0.0409977
v -0.0356893 -0.0263009 0.0409964
v -0.0356823 -0.0262913 0.0409948
v -0.0356753 -0.0262817 0.040993
v -0.0356684 -0.0262721 0.0409908
v -0.0356615 -0.0262626 0.0409884
v -0.0356546 -0.0262531 0.0409857
v -0.0356478 -0.0262437 0.0409827
v -0.035641 -0.0262344 0.0409794
v -0.0356343 -0.0262251 0.0409759
v -0.0356276 -0.0262159 0.040972
v -0.0356133 -0.02641 0.0409999
v -0.0356073 -0.0264003 0.0409995
v -0.0356013 -0.0263905 0.0409988
v -0.0355953 -0.0263808 0.0409979
v -0.0355893 -0.0263711 0.0409967
v -0.0355833 -0.0263614 0.0409953
v -0.0355774 -0.0263517 0.0409936
v -0.0355714 -0.0263421 0.0409916
v -0.0355655 -0.0263325 0.0409894
v -0.0355597 -0.0263229 0.0409869
v -0.0355538 -0.0263134 0.0409841
v -0.035548 -0.026304 0.0409811
v -0.0355423 -0.0262946 0.0409779
v -0.0355365 -0.0262853 0.0409744
v -0.0355019 -0.0264727 0.0409999
v -0.035497 -0.0264629 0.0409995
v -0.0354921 -0.026453 0.0409989
v -0.0354872 -0.0264432 0.0409981
v -0.0354823 -0.0264335 0.040997
v -0.0354774 -0.0264237 0.0409957
v -0.0354726 -0.026414 0.0409941
v -0.0354677 -0.0264043 0.0409923
v -0.0354629 -0.0263946 0.0409902
v -0.0354581 -0.026385 0.040988
v -0.0354533 -0.0263754 0.0409854
v -0.0354485 -0.0263659 0.0409827
v -0.0354438 -0.0263564 0.0409797
v -0.0354391 -0.026347 0.0409765
v -0.0353928 -0.0265216 0.0409999
v -0.035389 -0.0265117 0.0409996
v -0.0353852 -0.0265019 0.040999
v -0.0353813 -0.026492 0.0409982
v -0.0353775 -0.0264822 0.0409972
v -0.0353737 -0.0264724 0.040996
v -0.0353699 -0.0264626 0.0409945
v -0.0353661 -0.0264528 0.0409928
v -0.0353623 -0.0264431 0.0409909
v -0.0353585 -0.0264334 0.0409888
v -0.0353548 -0.0264238 0.0409865
v -0.0353511 -0.0264142 0.0409839
v -0.0353474 -0.0264047 0.0409811
v -0.0353437 -0.0263952 0.0409781
v -0.0352853 -0.026558 0.0409999
v -0.0352825 -0.026548 0.0409996
v -0.0352797 -0.0265381 0.040999
v -0.0352769 -0.0265283 0.0409983
v -0.0352741 -0.0265184 0.0409974
v -0.0352714 -0.0265085 0.0409962
v -0.0352686 -0.0264987 0.0409948
v -0.0352658 -0.0264889 0.0409932
v -0.0352631 -0.0264792 0.0409914
v -0.0352604 -0.0264695 0.0409894
v -0.0352576 -0.0264598 0.0409872
v -0.0352549 -0.0264501 0.0409848
v -0.0352522 -0.0264406 0.0409822
v -0.0352496 -0.026431 0.0409794
v -0.0352495 -0.0265675 0.0409999
v -0.0352471 -0.0265575 0.0409996
v -0.0352446 -0.0265476 0.0409991
v -0.0352422 -0.0265377 0.0409983
v -0.0352398 -0.0265279 0.0409974
v -0.0352373 -0.026518 0.0409962
v -0.0352349 -0.0265082 0.0409949
v -0.0352325 -0.0264984 0.0409933
v -0.0352301 -0.0264886 0.0409916
v -0.0352277 -0.0264789 0.0409896
v -0.0352253 -0.0264692 0.0409874
v -0.035223 -0.0264595 0.0409851
v -0.0352206 -0.0264499 0.0409825
v -0.0352183 -0.0264404 0.0409797
v -0.0351989 -0.0265787 0.0409999
v -0.0351969 -0.0265688 0.0409996
v -0.035195 -0.0265589 0.0409991
v -0.035193 -0.026549 0.0409984
v -0.0351911 -0.0265391 0.0409974
v -0.0351892 -0.0265292 0.0409963
v -0.0351873 -0.0265194 0.040995
v -0.0351853 -0.0265096 0.0409935
v -0.0351834 -0.0264998 0.0409917
v -0.0351815 -0.02649 0.0409898
v -0.0351796 -0.0264803 0.0409877
v -0.0351777 -0.0264707 0.0409853
v -0.0351759 -0.0264611 0.0409828
v -0.035174 -0.0264515 0.0409801
v -0.0351486 -0.0265874 0.0409999
v -0.0351471 -0.0265775 0.0409996
v -0.0351457 -0.0265675 0.0409991
v -0.0351442 -0.0265576 0.0409984
v -0.0351428 -0.0265477 0.0409975
v -0.0351413 -0.0265378 0.0409964
v -0.0351399 -0.026528 0.0409951
v -0.0351385 -0.0265182 0.0409936
v -0.035137 -0.0265084 0.0409919
v -0.0351356 -0.0264986 0.0409899
v -0.0351342 -0.0264889 0.0409878
v -0.0351328 -0.0264792 0.0409855
v -0.0351314 -0.0264696 0.0409831
v -0.03513 -0.02646 0.0409804
v -0.0350985 -0.0265935 0.0409999
v -0.0350975 -0.0265836 0.0409996
v -0.0350965 -0.0265737 0.0409991
v -0.0350956 -0.0265637 0.0409984
v -0.0350946 -0.0265538 0.0409975
v -0.0350937 -0.0265439 0.0409964
v -0.0350927 -0.0265341 0.0409951
v -0.0350918 -0.0265243 0.0409936
v -0.0350908 -0.0265145 0.0409919
v -0.0350899 -0.0265047 0.0409901
v -0.0350889 -0.026495 0.040988
v -0.035088 -0.0264853 0.0409857
v -0.0350871 -0.0264757 0.0409832
v -0.0350861 -0.0264661 0.0409806
v -0.0350494 -0.0265971 0.0409999
v -0.0350489 -0.0265872 0.0409996
v -0.0350484 -0.0265772 0.0409991
v -0.0350479 -0.0265673 0.0409984
v -0.0350475 -0.0265574 0.0409975
v -0.035047 -0.0265475 0.0409964
v -0.0350465 -0.0265377 0.0409951
v -0.035046 -0.0265278 0.0409937
v -0.0350455 -0.026518 0.040992
v -0.0350451 -0.0265083 0.0409901
v -0.0350446 -0.0264985 0.040988
v -0.0350441 -0.0264888 0.0409858
v -0.0350437 -0.0264792 0.0409833
v -0.0350432 -0.0264696 0.0409807
v -0.035 0.0265784 0.0409991
v -0.035 0.0265685 0.0409984
v -0.035 0.0265884 0.0409996
v -0.035 0.0265983 0.0409999
v -0.035 0.0266083 0.041
v -0.035 0.026529 0.0409937
v -0.035 0.0265192 0.040992
v -0.035 0.0265389 0.0409952
v -0.035 0.0265487 0.0409964
v -0.035 0.0265586 0.0409975
v -0.035 0.0264804 0.0409834
v -0.035 0.0264708 0.0409807
v -0.035 0.02649 0.0409858
v -0.035 0.0264997 0.0409881
v -0.035 0.0265094 0.0409901
v -0.0350553 0.0266068 0.041
v -0.0350474 0.0264598 0.0409778
v -0.0351103 0.0266024 0.041
v -0.0350945 0.0264555 0.0409777
v -0.0351651 0.026595 0.041
v -0.0351415 0.0264482 0.0409774
v -0.0352199 0.0265847 0.041
v -0.0351885 0.0264381 0.040977
v -0.0352749 0.0265715 0.041
v -0.0352356 0.0264251 0.0409765
v -0.0353351 0.0265535 0.041
v -0.0352873 0.0264075 0.0409758
v -0.0353947 0.0265322 0.041
v -0.0353136 0.0263967 0.0409754
v -0.0353383 0.0263865 0.040975
v -0.0355131 0.0264794 0.041
v -0.0354398 0.0263346 0.0409729
v -0.0355846 0.0264405 0.041
v -0.0355011 0.0262964 0.0409714
v -0.0357263 0.026348 0.041
v -0.0356225 0.0262055 0.0409679
v -0.0358189 0.0262759 0.041
v -0.0357019 0.0261346 0.0409651
v -0.0359856 0.0261224 0.041
v -0.0358448 0.0259837 0.0409593
v -0.0361745 0.0259096 0.041
v -0.0359267 0.0258779 0.0409552
v -0.0360067 0.0257744 0.0409512
v -0.0363777 0.0256308 0.041
v -0.0361809 0.0255002 0.0409407
v -0.0366561 0.0251549 0.041
v -0.0364195 0.0250319 0.040923
v -0.0362195 0.0254243 0.0409378
v -0.0369801 0.0244386 0.041
v -0.0366973 0.0243265 0.0408968
v -0.0364982 0.0248321 0.0409155
v -0.0373447 0.023359 0.041
v -0.0370098 0.0232622 0.0408584
v -0.0367608 0.0241101 0.040889
v -0.0377669 0.0215479 0.041
v -0.0372212 0.0222174 0.0408226
v -0.0373716 0.0214739 0.0407971
v -0.0381133 0.0191721 0.041
v -0.0374773 0.0206371 0.0407708
v -0.0374212 0.0210808 0.0407847
v -0.0375897 0.0197465 0.0407427
v -0.0376685 0.0191227 0.040723
v -0.0383665 0.0159452 0.041
v -0.0378449 0.0165204 0.0406511
v -0.0377298 0.0182184 0.040698
v -0.0378856 0.0159204 0.0406345
v -0.0384387 0.0141642 0.041
v -0.0379306 0.0146337 0.0406036
v -0.0379475 0.0141491 0.0405919
v -0.0379323 0.0145843 0.0406024
v -0.0385 0.00931397 0.041
v -0.0384477 0.00931397 0.0409973
v -0.038396 0.00931397 0.0409891
v -0.0383455 0.00931397 0.0409755
v -0.0382966 0.00931397 0.0409568
v -0.03825 0.00931397 0.040933
v -0.0382061 0.00931397 0.0409045
v -0.0381654 0.00931397 0.0408716
v -0.0381284 0.00931397 0.0408346
v -0.0380955 0.00931397 0.0407939
v -0.038067 0.00931397 0.04075
v -0.0380432 0.00931397 0.0407034
v -0.0380245 0.00931397 0.0406545
v -0.0380109 0.00931397 0.040604
v -0.0380027 0.00931397 0.0405523
v -0.038 0.00931397 0.0405
v -0.0379707 0.0120124 0.0405513
v -0.0350547 0.0265968 0.0409999
v -0.0350542 0.0265869 0.0409996
v -0.0350537 0.026577 0.0409991
v -0.0350531 0.026567 0.0409984
v -0.0350526 0.0265571 0.0409975
v -0.0350521 0.0265473 0.0409964
v -0.0350515 0.0265374 0.0409951
v -0.035051 0.0265276 0.0409937
v -0.0350505 0.0265177 0.040992
v -0.03505 0.026508 0.0409901
v -0.0350494 0.0264983 0.040988
v -0.0350489 0.0264886 0.0409858
v -0.0350484 0.0264789 0.0409833
v -0.0350479 0.0264693 0.0409807
v -0.0351092 0.0265924 0.0409999
v -0.0351081 0.0265825 0.0409996
v -0.0351071 0.0265726 0.0409991
v -0.035106 0.0265626 0.0409984
v -0.0351049 0.0265527 0.0409975
v -0.0351039 0.0265429 0.0409964
v -0.0351028 0.026533 0.0409951
v -0.0351018 0.0265232 0.0409936
v -0.0351007 0.0265134 0.0409919
v -0.0350997 0.0265036 0.04099
v -0.0350986 0.0264939 0.040988
v -0.0350976 0.0264842 0.0409857
v -0.0350966 0.0264746 0.0409832
v -0.0350955 0.026465 0.0409805
v -0.0351635 0.0265851 0.0409999
v -0.0351619 0.0265751 0.0409996
v -0.0351603 0.0265652 0.0409991
v -0.0351587 0.0265553 0.0409984
v -0.0351571 0.0265454 0.0409975
v -0.0351555 0.0265355 0.0409964
v -0.035154 0.0265257 0.040995
v -0.0351524 0.0265159 0.0409935
v -0.0351508 0.0265061 0.0409918
v -0.0351492 0.0264963 0.0409899
v -0.0351477 0.0264866 0.0409878
v -0.0351461 0.0264769 0.0409855
v -0.0351446 0.0264673 0.040983
v -0.035143 0.0264578 0.0409803
v -0.0352178 0.0265748 0.0409999
v -0.0352157 0.0265649 0.0409996
v -0.0352136 0.026555 0.0409991
v -0.0352114 0.0265451 0.0409984
v -0.0352093 0.0265352 0.0409974
v -0.0352072 0.0265253 0.0409963
v -0.0352051 0.0265155 0.040995
v -0.035203 0.0265057 0.0409934
v -0.0352009 0.0264959 0.0409917
v -0.0351988 0.0264862 0.0409897
v -0.0351967 0.0264765 0.0409876
v -0.0351947 0.0264668 0.0409852
v -0.0351926 0.0264572 0.0409827
v -0.0351906 0.0264476 0.0409799
v -0.0352722 0.0265616 0.0409999
v -0.0352696 0.0265517 0.0409996
v -0.0352669 0.0265417 0.0409991
v -0.0352643 0.0265319 0.0409983
v -0.0352616 0.026522 0.0409974
v -0.035259 0.0265121 0.0409962
v -0.0352563 0.0265023 0.0409948
v -0.0352537 0.0264925 0.0409933
v -0.0352511 0.0264828 0.0409915
v -0.0352485 0.026473 0.0409895
v -0.0352459 0.0264633 0.0409873
v -0.0352433 0.0264537 0.0409849
v -0.0352407 0.0264441 0.0409823
v -0.0352382 0.0264346 0.0409795
v -0.0353319 0.0265436 0.0409999
v -0.0353286 0.0265337 0.0409996
v -0.0353254 0.0265239 0.040999
v -0.0353222 0.026514 0.0409983
v -0.0353189 0.0265041 0.0409973
v -0.0353157 0.0264943 0.0409961
v -0.0353125 0.0264845 0.0409947
v -0.0353093 0.0264747 0.0409931
v -0.0353061 0.026465 0.0409912
v -0.0353029 0.0264553 0.0409892
v -0.0352998 0.0264456 0.0409869
v -0.0352966 0.026436 0.0409845
v -0.0352935 0.0264264 0.0409818
v -0.0352903 0.0264169 0.0409789
v -0.0353909 0.0265224 0.0409999
v -0.0353871 0.0265125 0.0409996
v -0.0353832 0.0265026 0.040999
v -0.0353794 0.0264928 0.0409982
v -0.0353756 0.0264829 0.0409972
v -0.0353718 0.0264731 0.040996
v -0.035368 0.0264633 0.0409945
v -0.0353643 0.0264536 0.0409928
v -0.0353605 0.0264439 0.0409909
v -0.0353568 0.0264342 0.0409888
v -0.035353 0.0264246 0.0409865
v -0.0353493 0.026415 0.0409839
v -0.0353456 0.0264054 0.0409812
v -0.035342 0.026396 0.0409782
v -0.0355081 0.0264695 0.0409999
v -0.0355031 0.0264597 0.0409995
v -0.0354982 0.0264499 0.0409989
v -0.0354932 0.0264401 0.0409981
v -0.0354883 0.0264303 0.040997
v -0.0354833 0.0264206 0.0409956
v -0.0354784 0.0264108 0.0409941
v -0.0354735 0.0264011 0.0409923
v -0.0354686 0.0263915 0.0409902
v -0.0354637 0.0263819 0.0409879
v -0.0354589 0.0263723 0.0409854
v -0.0354541 0.0263628 0.0409826
v -0.0354493 0.0263533 0.0409796
v -0.0354445 0.0263439 0.0409764
v -0.035579 0.0264307 0.0409999
v -0.0355733 0.026421 0.0409995
v -0.0355676 0.0264112 0.0409988
v -0.035562 0.0264014 0.040998
v -0.0355563 0.0263917 0.0409968
v -0.0355507 0.026382 0.0409954
v -0.0355451 0.0263723 0.0409937
v -0.0355395 0.0263626 0.0409918
v -0.0355339 0.026353 0.0409897
v -0.0355284 0.0263434 0.0409872
v -0.0355228 0.0263339 0.0409846
v -0.0355174 0.0263244 0.0409817
v -0.0355119 0.026315 0.0409785
v -0.0355065 0.0263057 0.0409751
v -0.0357192 0.0263383 0.0409999
v -0.0357121 0.0263286 0.0409994
v -0.0357051 0.0263189 0.0409987
v -0.035698 0.0263092 0.0409977
v -0.035691 0.0262996 0.0409964
v -0.035684 0.0262899 0.0409948
v -0.035677 0.0262804 0.0409929
v -0.0356701 0.0262708 0.0409908
v -0.0356631 0.0262613 0.0409884
v -0.0356562 0.0262518 0.0409856
v -0.0356494 0.0262424 0.0409826
v -0.0356426 0.0262331 0.0409794
v -0.0356358 0.0262238 0.0409758
v -0.0356291 0.0262146 0.040972
v -0.0358109 0.0262663 0.0409998
v -0.035803 0.0262566 0.0409994
v -0.035795 0.026247 0.0409986
v -0.035787 0.0262374 0.0409975
v -0.0357791 0.0262278 0.0409961
v -0.0357712 0.0262183 0.0409944
v -0.0357633 0.0262088 0.0409923
v -0.0357555 0.0261993 0.04099
v -0.0357477 0.0261899 0.0409874
v -0.0357399 0.0261805 0.0409844
v -0.0357322 0.0261712 0.0409811
v -0.0357245 0.0261619 0.0409776
v -0.0357169 0.0261527 0.0409737
v -0.0357094 0.0261436 0.0409696
v -0.035976 0.0261129 0.0409998
v -0.0359663 0.0261034 0.0409993
v -0.0359567 0.0260939 0.0409983
v -0.0359471 0.0260845 0.0409971
v -0.0359375 0.026075 0.0409954
v -0.035928 0.0260656 0.0409934
v -0.0359185 0.0260563 0.040991
v -0.035909 0.026047 0.0409883
v -0.0358996 0.0260377 0.0409852
v -0.0358903 0.0260285 0.0409818
v -0.035881 0.0260194 0.040978
v -0.0358719 0.0260104 0.0409738
v -0.0358628 0.0260014 0.0409693
v -0.0358537 0.0259925 0.0409645
v -0.0361629 0.0259003 0.0409998
v -0.0361514 0.025891 0.0409991
v -0.0361399 0.0258817 0.040998
v -0.0361284 0.0258724 0.0409965
v -0.0361169 0.0258632 0.0409945
v -0.0361055 0.025854 0.0409921
v -0.0360941 0.0258449 0.0409892
v -0.0360829 0.0258358 0.040986
v -0.0360717 0.0258268 0.0409822
v -0.0360606 0.0258178 0.0409781
v -0.0360496 0.0258089 0.0409736
v -0.0360387 0.0258002 0.0409686
v -0.0360279 0.0257915 0.0409632
v -0.0360172 0.0257829 0.0409574
v -0.036364 0.0256218 0.0409997
v -0.0363504 0.0256127 0.0409989
v -0.0363367 0.0256037 0.0409976
v -0.0363232 0.0255947 0.0409957
v -0.0363097 0.0255857 0.0409933
v -0.0362962 0.0255768 0.0409903
v -0.0362829 0.0255679 0.0409869
v -0.0362696 0.0255591 0.0409829
v -0.0362565 0.0255504 0.0409784
v -0.0362435 0.0255418 0.0409733
v -0.0362306 0.0255332 0.0409678
v -0.0362179 0.0255248 0.0409618
v -0.0362054 0.0255165 0.0409552
v -0.036193 0.0255083 0.0409482
v -0.0366395 0.0251462 0.0409996
v -0.0366229 0.0251376 0.0409986
v -0.0366063 0.025129 0.0409968
v -0.0365898 0.0251204 0.0409944
v -0.0365734 0.0251119 0.0409912
v -0.0365571 0.0251034 0.0409874
v -0.036541 0.025095 0.0409829
v -0.036525 0.0250867 0.0409777
v -0.0365092 0.0250785 0.0409718
v -0.0364936 0.0250704 0.0409653
v -0.0364783 0.0250624 0.0409581
v -0.0364631 0.0250546 0.0409502
v -0.0364483 0.0250468 0.0409418
v -0.0364338 0.0250393 0.0409327
v -0.0369599 0.0244306 0.0409995
v -0.0369396 0.0244225 0.0409981
v -0.0369195 0.0244146 0.0409957
v -0.0368995 0.0244066 0.0409924
v -0.0368796 0.0243987 0.0409882
v -0.0368599 0.0243909 0.040983
v -0.0368404 0.0243832 0.0409769
v -0.0368212 0.0243756 0.0409699
v -0.0368023 0.0243681 0.040962
v -0.0367838 0.0243608 0.0409532
v -0.0367656 0.0243536 0.0409435
v -0.0367478 0.0243465 0.0409331
v -0.0367305 0.0243397 0.0409218
v -0.0367136 0.024333 0.0409096
v -0.03732 0.0233519 0.0409993
v -0.0372954 0.0233447 0.0409974
v -0.0372709 0.0233377 0.0409941
v -0.0372466 0.0233306 0.0409895
v -0.0372225 0.0233237 0.0409836
v -0.0371988 0.0233168 0.0409764
v -0.0371755 0.0233101 0.0409679
v -0.0371526 0.0233035 0.0409583
v -0.0371302 0.023297 0.0409474
v -0.0371084 0.0232907 0.0409353
v -0.0370872 0.0232846 0.0409221
v -0.0370667 0.0232787 0.0409077
v -0.0370469 0.0232729 0.0408923
v -0.0370279 0.0232675 0.0408758
v -0.0377363 0.0215422 0.040999
v -0.0377058 0.0215364 0.0409961
v -0.0376755 0.0215308 0.0409913
v -0.0376456 0.0215252 0.0409846
v -0.0376162 0.0215197 0.0409759
v -0.0375874 0.0215143 0.0409655
v -0.0375593 0.021509 0.0409532
v -0.0375319 0.0215039 0.0409392
v -0.0375055 0.0214989 0.0409235
v -0.0374801 0.0214942 0.0409061
v -0.0374558 0.0214896 0.0408871
v -0.0374327 0.0214853 0.0408667
v -0.0374109 0.0214812 0.0408448
v -0.0373905 0.0214774 0.0408216
v -0.0380766 0.0191681 0.0409986
v -0.0380401 0.019164 0.0409945
v -0.038004 0.01916 0.0409878
v -0.0379685 0.0191561 0.0409783
v -0.0379338 0.0191522 0.0409663
v -0.0379001 0.0191485 0.0409517
v -0.0378675 0.0191448 0.0409346
v -0.0378363 0.0191414 0.0409152
v -0.0378066 0.0191381 0.0408934
v -0.0377786 0.0191349 0.0408696
v -0.0377524 0.019132 0.0408437
v -0.0377281 0.0191293 0.040816
v -0.037706 0.0191269 0.0407865
v -0.0376861 0.0191247 0.0407555
v -0.0383233 0.0159429 0.0409981
v -0.0382805 0.0159407 0.0409925
v -0.0382383 0.0159385 0.0409832
v -0.0381971 0.0159364 0.0409703
v -0.0381571 0.0159344 0.0409539
v -0.0381187 0.0159324 0.0409341
v -0.0380821 0.0159305 0.040911
v -0.0380477 0.0159287 0.0408848
v -0.0380157 0.0159271 0.0408558
v -0.0379863 0.0159256 0.0408241
v -0.0379597 0.0159242 0.04079
v -0.0379362 0.015923 0.0407536
v -0.0379159 0.0159219 0.0407154
v -0.037899 0.0159211 0.0406756
v -0.0383926 0.0141628 0.0409979
v -0.0383469 0.0141614 0.0409915
v -0.038302 0.01416 0.0409809
v -0.0382582 0.0141586 0.0409662
v -0.038216 0.0141574 0.0409476
v -0.0381757 0.0141561 0.0409251
v -0.0381376 0.0141549 0.040899
v -0.0381021 0.0141539 0.0408695
v -0.0380694 0.0141529 0.0408369
v -0.0380399 0.014152 0.0408013
v -0.0380138 0.0141512 0.0407632
v -0.0379914 0.0141505 0.0407229
v -0.0379727 0.0141499 0.0406807
v -0.0379581 0.0141494 0.0406369
v -0.038 -0.00291883 0.040049
v -0.038 0.00291883 0.040049
v -0.038 0.00874336 0.0404405
v -0.038 -0.00874336 0.0404405
v -0.0353136 -0.0209427 0.0394874
v -0.0353136 -0.0150268 0.03828
v -0.0353136 -0.0090432 0.037472
v -0.0353136 -0.00301893 0.0370671
v -0.0353136 0.00301893 0.0370671
v -0.0353136 0.0090432 0.037472
v -0.0353136 0.0150268 0.03828
v -0.0353136 0.0209427 0.0394874
v -0.0356237 -0.0150185 0.0383284
v -0.0356237 -0.00903826 0.0375209
v -0.0356237 -0.00301728 0.0371162
v -0.0356237 0.00301728 0.0371162
v -0.0356237 0.00903826 0.0375209
v -0.0356237 0.0150185 0.0383284
v -0.0356237 0.0209312 0.0395352
v -0.0356237 -0.0209312 0.0395352
v -0.0359271 -0.015005 0.0384086
v -0.0359271 -0.00903009 0.0376017
v -0.0359271 -0.00301456 0.0371974
v -0.0359271 0.00301456 0.0371974
v -0.0359271 0.00903009 0.0376017
v -0.0359271 0.015005 0.0384086
v -0.0359271 0.0209123 0.0396143
v -0.0359271 -0.0209123 0.0396143
v -0.0362202 -0.0149862 0.0385195
v -0.0362202 -0.00901879 0.0377137
v -0.0362202 -0.00301078 0.0373099
v -0.0362202 0.00301078 0.0373099
v -0.0362202 0.00901879 0.0377137
v -0.0362202 0.0149862 0.0385195
v -0.0362202 0.0208861 0.0397237
v -0.0362202 -0.0208861 0.0397237
v -0.0365 -0.0149624 0.0386601
v -0.0365 -0.00900446 0.0378555
v -0.0365 -0.003006 0.0374524
v -0.0365 0.003006 0.0374524
v -0.0365 0.00900446 0.0378555
v -0.0365 0.0149624 0.0386601
v -0.0365 0.0208529 0.0398623
v -0.0365 -0.0208529 0.0398623
v -0.0367634 -0.0149338 0.0388287
v -0.0367634 -0.00898727 0.0380257
v -0.0367634 -0.00300026 0.0376233
v -0.0367634 0.00300026 0.0376233
v -0.0367634 0.00898727 0.0380257
v -0.0367634 0.0149338 0.0388287
v -0.0367634 0.0208131 0.0400287
v -0.0367634 -0.0208131 0.0400287
v -0.0370074 -0.0149008 0.0390235
v -0.0370074 -0.00896741 0.0382223
v -0.0370074 -0.00299363 0.0378208
v -0.0370074 0.00299363 0.0378208
v -0.0370074 0.00896741 0.0382223
v -0.0370074 0.0149008 0.0390235
v -0.0370074 0.0207671 0.0402209
v -0.0370074 -0.0207671 0.0402209
v -0.0372294 -0.0148637 0.0392425
v -0.0372294 -0.0089451 0.0384432
v -0.0372294 -0.00298618 0.0380427
v -0.0372294 0.00298618 0.0380427
v -0.0372294 0.0089451 0.0384432
v -0.0372294 0.0148637 0.0392425
v -0.0372294 0.0207155 0.0404368
v -0.0372294 -0.0207155 0.0404368
v -0.0374271 -0.014823 0.0394831
v -0.0374271 -0.00892057 0.038686
v -0.0374271 -0.00297799 0.0382866
v -0.0374271 0.00297799 0.0382866
v -0.0374271 0.00892057 0.038686
v -0.0374271 0.014823 0.0394831
v -0.0374141 0.0206569 0.0406856
v -0.0375981 -0.0088941 0.0389481
v -0.0375981 -0.00296916 0.0385498
v -0.0375981 0.00296916 0.0385498
v -0.0375981 0.0088941 0.0389481
v -0.0375981 0.014779 0.0397427
v -0.0375981 -0.014779 0.0397427
v -0.0377406 -0.00886599 0.0392264
v -0.0377406 -0.00295977 0.0388295
v -0.0377406 0.00295977 0.0388295
v -0.0377406 0.00886599 0.0392264
v -0.0377406 0.0147323 0.0400186
v -0.0377406 -0.0147323 0.0400186
v -0.0378532 -0.00883652 0.0395181
v -0.0378532 -0.00294993 0.0391224
v -0.0378532 0.00294993 0.0391224
v -0.0378532 0.00883652 0.0395181
v -0.0378532 0.0146833 0.0403076
v -0.0379344 -0.00293976 0.0394256
v -0.0379344 0.00293976 0.0394256
v -0.0379344 0.00880604 0.0398199
v -0.0379344 -0.00880604 0.0398199
v -0.0379836 -0.00292935 0.0397356
v -0.0379836 0.00292935 0.0397356
v -0.0379836 0.00877487 0.0401285
v -0.0379836 -0.00877487 0.0401285
v -0.0378532 -0.0146833 0.0403076
v -0.0374271 -0.0206587 0.0406741
v -0.0200027 -0.028875 0.0405523
v -0.0200109 -0.028875 0.040604
v -0.0200245 -0.028875 0.0406545
v -0.0200432 -0.028875 0.0407034
v -0.020067 -0.028875 0.04075
v -0.0200955 -0.028875 0.0407939
v -0.0201284 -0.028875 0.0408346
v -0.0201654 -0.028875 0.0408716
v -0.0202061 -0.028875 0.0409045
v -0.02025 -0.028875 0.040933
v -0.0202966 -0.028875 0.0409568
v -0.0203455 -0.028875 0.0409755
v -0.020396 -0.028875 0.0409891
v -0.0204477 -0.028875 0.0409973
v -0.0205 -0.028875 0.041
v -0.0200027 -0.0289273 0.0405
v -0.0200027 -0.0289273 0.038
v -0.0200109 -0.028979 0.0405
v -0.0200109 -0.028979 0.038
v -0.0200245 -0.0290295 0.0405
v -0.0200245 -0.0290295 0.038
v -0.0200432 -0.0290784 0.0405
v -0.0200432 -0.0290784 0.038
v -0.020067 -0.029125 0.0405
v -0.020067 -0.029125 0.038
v -0.0200955 -0.0291689 0.0405
v -0.0200955 -0.0291689 0.038
v -0.0201284 -0.0292096 0.0405
v -0.0201284 -0.0292096 0.038
v -0.0201654 -0.0292466 0.0405
v -0.0201654 -0.0292466 0.038
v -0.0202061 -0.0292795 0.0405
v -0.0202061 -0.0292795 0.038
v -0.02025 -0.029308 0.0405
v -0.02025 -0.029308 0.038
v -0.0202966 -0.0293318 0.0405
v -0.0202966 -0.0293318 0.038
v -0.0203455 -0.0293505 0.0405
v -0.0203455 -0.0293505 0.038
v -0.020396 -0.0293641 0.0405
v -0.020396 -0.0293641 0.038
v -0.0204477 -0.0293723 0.0405
v -0.0204477 -0.0293723 0.038
v -0.0205 -0.029375 0.0405
v -0.0205 -0.029375 0.038
v -0.0200027 0.028875 0.0405523
v -0.0200109 0.028875 0.040604
v -0.0200245 0.028875 0.0406545
v -0.0200432 0.028875 0.0407034
v -0.020067 0.028875 0.04075
v -0.0200955 0.028875 0.0407939
v -0.0201284 0.028875 0.0408346
v -0.0201654 0.028875 0.0408716
v -0.0202061 0.028875 0.0409045
v -0.02025 0.028875 0.040933
v -0.0202966 0.028875 0.0409568
v -0.0203455 0.028875 0.0409755
v -0.020396 0.028875 0.0409891
v -0.0204477 0.028875 0.0409973
v -0.0205 0.028875 0.041
v -0.0200027 0.0289273 0.038
v -0.0200027 0.0289273 0.0405
v -0.0200109 0.028979 0.038
v -0.0200109 0.028979 0.0405
v -0.0200245 0.0290295 0.038
v -0.0200245 0.0290295 0.0405
v -0.0200432 0.0290784 0.038
v -0.0200432 0.0290784 0.0405
v -0.020067 0.029125 0.038
v -0.020067 0.029125 0.0405
v -0.0200955 0.0291689 0.038
v -0.0200955 0.0291689 0.0405
v -0.0201284 0.0292096 0.038
v -0.0201284 0.0292096 0.0405
v -0.0201654 0.0292466 0.038
v -0.0201654 0.0292466 0.0405
v -0.0202061 0.0292795 0.038
v -0.0202061 0.0292795 0.0405
v -0.02025 0.029308 0.038
v -0.02025 0.029308 0.0405
v -0.0202966 0.0293318 0.038
v -0.0202966 0.0293318 0.0405
v -0.0203455 0.0293505 0.038
v -0.0203455 0.0293505 0.0405
v -0.020396 0.0293641 0.038
v -0.020396 0.0293641 0.0405
v -0.0204477 0.0293723 0.038
v -0.0204477 0.0293723 0.0405
v -0.0205 0.029375 0.038
v -0.0205 0.029375 0.0405
v -0.0205 -0.0289273 0.0409973
v -0.0205 -0.028979 0.0409891
v -0.0205 -0.0290295 0.0409755
v -0.0205 -0.0290784 0.0409568
v -0.0205 -0.029125 0.040933
v -0.0205 -0.0291689 0.0409045
v -0.0205 -0.0292096 0.0408716
v -0.0205 -0.0292466 0.0408346
v -0.0205 -0.0292795 0.0407939
v -0.0205 -0.029308 0.04075
v -0.0205 -0.0293318 0.0407034
v -0.0205 -0.0293505 0.0406545
v -0.0205 -0.0293641 0.040604
v -0.0205 -0.0293723 0.0405523
v -0.0204477 -0.028927 0.0409945
v -0.0204477 -0.0289784 0.0409864
v -0.0204477 -0.0290287 0.0409729
v -0.0204477 -0.0290773 0.0409543
v -0.0204477 -0.0291236 0.0409306
v -0.0204477 -0.0291673 0.0409023
v -0.0204477 -0.0292077 0.0408695
v -0.0204477 -0.0292445 0.0408327
v -0.0204477 -0.0292773 0.0407923
v -0.0204477 -0.0293056 0.0407486
v -0.0204477 -0.0293293 0.0407023
v -0.0204477 -0.0293479 0.0406537
v -0.0204477 -0.0293614 0.0406034
v -0.0204477 -0.0293695 0.040552
v -0.020396 -0.0289261 0.0409864
v -0.020396 -0.0289767 0.0409784
v -0.020396 -0.0290261 0.0409651
v -0.020396 -0.0290739 0.0409468
v -0.020396 -0.0291195 0.0409236
v -0.020396 -0.0291625 0.0408957
v -0.020396 -0.0292023 0.0408635
v -0.020396 -0.0292385 0.0408273
v -0.020396 -0.0292707 0.0407875
v -0.020396 -0.0292986 0.0407445
v -0.020396 -0.0293218 0.0406989
v -0.020396 -0.0293401 0.0406511
v -0.020396 -0.0293534 0.0406017
v -0.020396 -0.0293614 0.0405511
v -0.0203455 -0.0289247 0.0409729
v -0.0203455 -0.0289739 0.0409651
v -0.0203455 -0.0290219 0.0409523
v -0.0203455 -0.0290684 0.0409344
v -0.0203455 -0.0291128 0.0409118
v -0.0203455 -0.0291545 0.0408847
v -0.0203455 -0.0291932 0.0408534
v -0.0203455 -0.0292284 0.0408182
v -0.0203455 -0.0292597 0.0407795
v -0.0203455 -0.0292868 0.0407378
v -0.0203455 -0.0293094 0.0406934
v -0.0203455 -0.0293273 0.0406469
v -0.0203455 -0.0293401 0.0405989
v -0.0203455 -0.0293479 0.0405497
v -0.0202966 -0.0289227 0.0409543
v -0.0202966 -0.02897 0.0409468
v -0.0202966 -0.0290162 0.0409344
v -0.0202966 -0.0290608 0.0409173
v -0.0202966 -0.0291034 0.0408956
v -0.0202966 -0.0291435 0.0408695
v -0.0202966 -0.0291806 0.0408394
v -0.0202966 -0.0292144 0.0408056
v -0.0202966 -0.0292445 0.0407685
v -0.0202966 -0.0292706 0.0407284
v -0.0202966 -0.0292923 0.0406858
v -0.0202966 -0.0293094 0.0406412
v -0.0202966 -0.0293218 0.040595
v -0.0202966 -0.0293293 0.0405477
v -0.02025 -0.0289203 0.0409306
v -0.02025 -0.028965 0.0409236
v -0.02025 -0.0290088 0.0409118
v -0.02025 -0.0290511 0.0408956
v -0.02025 -0.0290915 0.040875
v -0.02025 -0.0291295 0.0408503
v -0.02025 -0.0291647 0.0408218
v -0.02025 -0.0291968 0.0407897
v -0.02025 -0.0292253 0.0407545
v -0.02025 -0.02925 0.0407165
v -0.02025 -0.0292706 0.0406761
v -0.02025 -0.0292868 0.0406338
v -0.02025 -0.0292986 0.04059
v -0.02025 -0.0293056 0.0405453
v -0.0202061 -0.0289173 0.0409023
v -0.0202061 -0.0289591 0.0408957
v -0.0202061 -0.029 0.0408847
v -0.0202061 -0.0290395 0.0408695
v -0.0202061 -0.0290773 0.0408503
v -0.0202061 -0.0291128 0.0408273
v -0.0202061 -0.0291457 0.0408006
v -0.0202061 -0.0291756 0.0407707
v -0.0202061 -0.0292023 0.0407378
v -0.0202061 -0.0292253 0.0407023
v -0.0202061 -0.0292445 0.0406645
v -0.0202061 -0.0292597 0.040625
v -0.0202061 -0.0292707 0.0405841
v -0.0202061 -0.0292773 0.0405423
v -0.0201654 -0.0289138 0.0408695
v -0.0201654 -0.0289523 0.0408635
v -0.0201654 -0.0289898 0.0408534
v -0.0201654 -0.0290261 0.0408394
v -0.0201654 -0.0290608 0.0408218
v -0.0201654 -0.0290934 0.0408006
v -0.0201654 -0.0291236 0.0407761
v -0.0201654 -0.0291511 0.0407486
v -0.0201654 -0.0291756 0.0407184
v -0.0201654 -0.0291968 0.0406858
v -0.0201654 -0.0292144 0.0406511
v -0.0201654 -0.0292284 0.0406148
v -0.0201654 -0.0292385 0.0405773
v -0.0201654 -0.0292445 0.0405388
v -0.0201284 -0.02891 0.0408327
v -0.0201284 -0.0289446 0.0408273
v -0.0201284 -0.0289784 0.0408182
v -0.0201284 -0.0290111 0.0408056
v -0.0201284 -0.0290423 0.0407897
v -0.0201284 -0.0290717 0.0407707
v -0.0201284 -0.0290989 0.0407486
v -0.0201284 -0.0291236 0.0407239
v -0.0201284 -0.0291457 0.0406967
v -0.0201284 -0.0291647 0.0406673
v -0.0201284 -0.0291806 0.0406361
v -0.0201284 -0.0291932 0.0406034
v -0.0201284 -0.0292023 0.0405696
v -0.0201284 -0.0292077 0.040535
v -0.0200955 -0.0289057 0.0407923
v -0.0200955 -0.0289361 0.0407875
v -0.0200955 -0.0289658 0.0407795
v -0.0200955 -0.0289945 0.0407685
v -0.0200955 -0.0290219 0.0407545
v -0.0200955 -0.0290477 0.0407378
v -0.0200955 -0.0290717 0.0407184
v -0.0200955 -0.0290934 0.0406967
v -0.0200955 -0.0291128 0.0406727
v -0.0200955 -0.0291295 0.0406469
v -0.0200955 -0.0291435 0.0406195
v -0.0200955 -0.0291545 0.0405908
v -0.0200955 -0.0291625 0.0405611
v -0.0200955 -0.0291673 0.0405307
v -0.020067 -0.0289011 0.0407486
v -0.020067 -0.028927 0.0407445
v -0.020067 -0.0289523 0.0407378
v -0.020067 -0.0289767 0.0407284
v -0.020067 -0.029 0.0407165
v -0.020067 -0.0290219 0.0407023
v -0.020067 -0.0290423 0.0406858
v -0.020067 -0.0290608 0.0406673
v -0.020067 -0.0290773 0.0406469
v -0.020067 -0.0290915 0.040625
v -0.020067 -0.0291034 0.0406017
v -0.020067 -0.0291128 0.0405773
v -0.020067 -0.0291195 0.040552
v -0.020067 -0.0291236 0.0405261
v -0.0200432 -0.0288963 0.0407023
v -0.0200432 -0.0289173 0.0406989
v -0.0200432 -0.0289378 0.0406934
v -0.0200432 -0.0289577 0.0406858
v -0.0200432 -0.0289767 0.0406761
v -0.0200432 -0.0289945 0.0406645
v -0.0200432 -0.0290111 0.0406511
v -0.0200432 -0.0290261 0.0406361
v -0.0200432 -0.0290395 0.0406195
v -0.0200432 -0.0290511 0.0406017
v -0.0200432 -0.0290608 0.0405827
v -0.0200432 -0.0290684 0.0405628
v -0.0200432 -0.0290739 0.0405423
v -0.0200432 -0.0290773 0.0405213
v -0.0200245 -0.0288912 0.0406537
v -0.0200245 -0.0289071 0.0406511
v -0.0200245 -0.0289227 0.0406469
v -0.0200245 -0.0289378 0.0406412
v -0.0200245 -0.0289523 0.0406338
v -0.0200245 -0.0289658 0.040625
v -0.0200245 -0.0289784 0.0406148
v -0.0200245 -0.0289898 0.0406034
v -0.0200245 -0.029 0.0405908
v -0.0200245 -0.0290088 0.0405773
v -0.0200245 -0.0290162 0.0405628
v -0.0200245 -0.0290219 0.0405477
v -0.0200245 -0.0290261 0.0405321
v -0.0200245 -0.0290287 0.0405162
v -0.0200109 -0.0288859 0.0406034
v -0.0200109 -0.0288966 0.0406017
v -0.0200109 -0.0289071 0.0405989
v -0.0200109 -0.0289173 0.040595
v -0.0200109 -0.028927 0.04059
v -0.0200109 -0.0289361 0.0405841
v -0.0200109 -0.0289446 0.0405773
v -0.0200109 -0.0289523 0.0405696
v -0.0200109 -0.0289591 0.0405611
v -0.0200109 -0.028965 0.040552
v -0.0200109 -0.02897 0.0405423
v -0.0200109 -0.0289739 0.0405321
v -0.0200109 -0.0289767 0.0405216
v -0.0200109 -0.0289784 0.0405109
v -0.0200027 -0.0288805 0.040552
v -0.0200027 -0.0288859 0.0405511
v -0.0200027 -0.0288912 0.0405497
v -0.0200027 -0.0288963 0.0405477
v -0.0200027 -0.0289011 0.0405453
v -0.0200027 -0.0289057 0.0405423
v -0.0200027 -0.02891 0.0405388
v -0.0200027 -0.0289138 0.040535
v -0.0200027 -0.0289173 0.0405307
v -0.0200027 -0.0289203 0.0405261
v -0.0200027 -0.0289227 0.0405213
v -0.0200027 -0.0289247 0.0405162
v -0.0200027 -0.0289261 0.0405109
v -0.0200027 -0.028927 0.0405055
v -0.0395 -0.029375 0.0405
v -0.0395 -0.029375 0.038
v -0.0395 -0.028875 0.041
v -0.0395 -0.0289273 0.0409973
v -0.0395 -0.028979 0.0409891
v -0.0395 -0.0290295 0.0409755
v -0.0395 -0.0290784 0.0409568
v -0.0395 -0.029125 0.040933
v -0.0395 -0.0291689 0.0409045
v -0.0395 -0.0292096 0.0408716
v -0.0395 -0.0292466 0.0408346
v -0.0395 -0.0292795 0.0407939
v -0.0395 -0.029308 0.04075
v -0.0395 -0.0293318 0.0407034
v -0.0395 -0.0293505 0.0406545
v -0.0395 -0.0293641 0.040604
v -0.0395 -0.0293723 0.0405523
v -0.04 -0.028875 0.0405
v -0.04 -0.028875 0.038
v -0.0399973 -0.0289273 0.038
v -0.0399973 -0.0289273 0.0405
v -0.0399891 -0.028979 0.038
v -0.0399891 -0.028979 0.0405
v -0.0399755 -0.0290295 0.038
v -0.0399755 -0.0290295 0.0405
v -0.0399568 -0.0290784 0.038
v -0.0399568 -0.0290784 0.0405
v -0.039933 -0.029125 0.038
v -0.039933 -0.029125 0.0405
v -0.0399045 -0.0291689 0.038
v -0.0399045 -0.0291689 0.0405
v -0.0398716 -0.0292096 0.038
v -0.0398716 -0.0292096 0.0405
v -0.0398346 -0.0292466 0.038
v -0.0398346 -0.0292466 0.0405
v -0.0397939 -0.0292795 0.038
v -0.0397939 -0.0292795 0.0405
v -0.03975 -0.029308 0.038
v -0.03975 -0.029308 0.0405
v -0.0397034 -0.0293318 0.038
v -0.0397034 -0.0293318 0.0405
v -0.0396545 -0.0293505 0.038
v -0.0396545 -0.0293505 0.0405
v -0.039604 -0.0293641 0.038
v -0.039604 -0.0293641 0.0405
v -0.0395523 -0.0293723 0.038
v -0.0395523 -0.0293723 0.0405
v -0.04 0.028875 0.038
v -0.0397939 0.0292795 0.038
v -0.03975 0.029308 0.038
v -0.0398346 0.0292466 0.038
v -0.0399045 0.0291689 0.038
v -0.0398716 0.0292096 0.038
v -0.0399973 0.0289273 0.038
v -0.0397034 0.0293318 0.038
v -0.0396545 0.0293505 0.038
v -0.0399891 0.028979 0.038
v -0.0399755 0.0290295 0.038
v -0.0399568 0.0290784 0.038
v -0.039933 0.029125 0.038
v -0.0395 0.029375 0.038
v -0.039604 0.0293641 0.038
v -0.0395523 0.0293723 0.038
v -0.04 0.028875 0.0405
v -0.0395523 -0.028875 0.0409973
v -0.039604 -0.028875 0.0409891
v -0.0396545 -0.028875 0.0409755
v -0.0397034 -0.028875 0.0409568
v -0.03975 -0.028875 0.040933
v -0.0397939 -0.028875 0.0409045
v -0.0398346 -0.028875 0.0408716
v -0.0398716 -0.028875 0.0408346
v -0.0399045 -0.028875 0.0407939
v -0.039933 -0.028875 0.04075
v -0.0399568 -0.028875 0.0407034
v -0.0399755 -0.028875 0.0406545
v -0.0399891 -0.028875 0.040604
v -0.0399973 -0.028875 0.0405523
v -0.039552 -0.0289273 0.0409945
v -0.0396034 -0.0289273 0.0409864
v -0.0396537 -0.0289273 0.0409729
v -0.0397023 -0.0289273 0.0409543
v -0.0397486 -0.0289273 0.0409306
v -0.0397923 -0.0289273 0.0409023
v -0.0398327 -0.0289273 0.0408695
v -0.0398695 -0.0289273 0.0408327
v -0.0399023 -0.0289273 0.0407923
v -0.0399306 -0.0289273 0.0407486
v -0.0399543 -0.0289273 0.0407023
v -0.0399729 -0.0289273 0.0406537
v -0.0399864 -0.0289273 0.0406034
v -0.0399945 -0.0289273 0.040552
v -0.0395511 -0.028979 0.0409864
v -0.0396017 -0.028979 0.0409784
v -0.0396511 -0.028979 0.0409651
v -0.0396989 -0.028979 0.0409468
v -0.0397445 -0.028979 0.0409236
v -0.0397875 -0.028979 0.0408957
v -0.0398273 -0.028979 0.0408635
v -0.0398635 -0.028979 0.0408273
v -0.0398957 -0.028979 0.0407875
v -0.0399236 -0.028979 0.0407445
v -0.0399468 -0.028979 0.0406989
v -0.0399651 -0.028979 0.0406511
v -0.0399784 -0.028979 0.0406017
v -0.0399864 -0.028979 0.0405511
v -0.0395497 -0.0290295 0.0409729
v -0.0395989 -0.0290295 0.0409651
v -0.0396469 -0.0290295 0.0409523
v -0.0396934 -0.0290295 0.0409344
v -0.0397378 -0.0290295 0.0409118
v -0.0397795 -0.0290295 0.0408847
v -0.0398182 -0.0290295 0.0408534
v -0.0398534 -0.0290295 0.0408182
v -0.0398847 -0.0290295 0.0407795
v -0.0399118 -0.0290295 0.0407378
v -0.0399344 -0.0290295 0.0406934
v -0.0399523 -0.0290295 0.0406469
v -0.0399651 -0.0290295 0.0405989
v -0.0399729 -0.0290295 0.0405497
v -0.0395477 -0.0290784 0.0409543
v -0.039595 -0.0290784 0.0409468
v -0.0396412 -0.0290784 0.0409344
v -0.0396858 -0.0290784 0.0409173
v -0.0397284 -0.0290784 0.0408956
v -0.0397685 -0.0290784 0.0408695
v -0.0398056 -0.0290784 0.0408394
v -0.0398394 -0.0290784 0.0408056
v -0.0398695 -0.0290784 0.0407685
v -0.0398956 -0.0290784 0.0407284
v -0.0399173 -0.0290784 0.0406858
v -0.0399344 -0.0290784 0.0406412
v -0.0399468 -0.0290784 0.040595
v -0.0399543 -0.0290784 0.0405477
v -0.0395453 -0.029125 0.0409306
v -0.03959 -0.029125 0.0409236
v -0.0396338 -0.029125 0.0409118
v -0.0396761 -0.029125 0.0408956
v -0.0397165 -0.029125 0.040875
v -0.0397545 -0.029125 0.0408503
v -0.0397897 -0.029125 0.0408218
v -0.0398218 -0.029125 0.0407897
v -0.0398503 -0.029125 0.0407545
v -0.039875 -0.029125 0.0407165
v -0.0398956 -0.029125 0.0406761
v -0.0399118 -0.029125 0.0406338
v -0.0399236 -0.029125 0.04059
v -0.0399306 -0.029125 0.0405453
v -0.0395423 -0.0291689 0.0409023
v -0.0395841 -0.0291689 0.0408957
v -0.039625 -0.0291689 0.0408847
v -0.0396645 -0.0291689 0.0408695
v -0.0397023 -0.0291689 0.0408503
v -0.0397378 -0.0291689 0.0408273
v -0.0397707 -0.0291689 0.0408006
v -0.0398006 -0.0291689 0.0407707
v -0.0398273 -0.0291689 0.0407378
v -0.0398503 -0.0291689 0.0407023
v -0.0398695 -0.0291689 0.0406645
v -0.0398847 -0.0291689 0.040625
v -0.0398957 -0.0291689 0.0405841
v -0.0399023 -0.0291689 0.0405423
v -0.0395388 -0.0292096 0.0408695
v -0.0395773 -0.0292096 0.0408635
v -0.0396148 -0.0292096 0.0408534
v -0.0396511 -0.0292096 0.0408394
v -0.0396858 -0.0292096 0.0408218
v -0.0397184 -0.0292096 0.0408006
v -0.0397486 -0.0292096 0.0407761
v -0.0397761 -0.0292096 0.0407486
v -0.0398006 -0.0292096 0.0407184
v -0.0398218 -0.0292096 0.0406858
v -0.0398394 -0.0292096 0.0406511
v -0.0398534 -0.0292096 0.0406148
v -0.0398635 -0.0292096 0.0405773
v -0.0398695 -0.0292096 0.0405388
v -0.039535 -0.0292466 0.0408327
v -0.0395696 -0.0292466 0.0408273
v -0.0396034 -0.0292466 0.0408182
v -0.0396361 -0.0292466 0.0408056
v -0.0396673 -0.0292466 0.0407897
v -0.0396967 -0.0292466 0.0407707
v -0.0397239 -0.0292466 0.0407486
v -0.0397486 -0.0292466 0.0407239
v -0.0397707 -0.0292466 0.0406967
v -0.0397897 -0.0292466 0.0406673
v -0.0398056 -0.0292466 0.0406361
v -0.0398182 -0.0292466 0.0406034
v -0.0398273 -0.0292466 0.0405696
v -0.0398327 -0.0292466 0.040535
v -0.0395307 -0.0292795 0.0407923
v -0.0395611 -0.0292795 0.0407875
v -0.0395908 -0.0292795 0.0407795
v -0.0396195 -0.0292795 0.0407685
v -0.0396469 -0.0292795 0.0407545
v -0.0396727 -0.0292795 0.0407378
v -0.0396967 -0.0292795 0.0407184
v -0.0397184 -0.0292795 0.0406967
v -0.0397378 -0.0292795 0.0406727
v -0.0397545 -0.0292795 0.0406469
v -0.0397685 -0.0292795 0.0406195
v -0.0397795 -0.0292795 0.0405908
v -0.0397875 -0.0292795 0.0405611
v -0.0397923 -0.0292795 0.0405307
v -0.0395261 -0.029308 0.0407486
v -0.039552 -0.029308 0.0407445
v -0.0395773 -0.029308 0.0407378
v -0.0396017 -0.029308 0.0407284
v -0.039625 -0.029308 0.0407165
v -0.0396469 -0.029308 0.0407023
v -0.0396673 -0.029308 0.0406858
v -0.0396858 -0.029308 0.0406673
v -0.0397023 -0.029308 0.0406469
v -0.0397165 -0.029308 0.040625
v -0.0397284 -0.029308 0.0406017
v -0.0397378 -0.029308 0.0405773
v -0.0397445 -0.029308 0.040552
v -0.0397486 -0.029308 0.0405261
v -0.0395213 -0.0293318 0.0407023
v -0.0395423 -0.0293318 0.0406989
v -0.0395628 -0.0293318 0.0406934
v -0.0395827 -0.0293318 0.0406858
v -0.0396017 -0.0293318 0.0406761
v -0.0396195 -0.0293318 0.0406645
v -0.0396361 -0.0293318 0.0406511
v -0.0396511 -0.0293318 0.0406361
v -0.0396645 -0.0293318 0.0406195
v -0.0396761 -0.0293318 0.0406017
v -0.0396858 -0.0293318 0.0405827
v -0.0396934 -0.0293318 0.0405628
v -0.0396989 -0.0293318 0.0405423
v -0.0397023 -0.0293318 0.0405213
v -0.0395162 -0.0293505 0.0406537
v -0.0395321 -0.0293505 0.0406511
v -0.0395477 -0.0293505 0.0406469
v -0.0395628 -0.0293505 0.0406412
v -0.0395773 -0.0293505 0.0406338
v -0.0395908 -0.0293505 0.040625
v -0.0396034 -0.0293505 0.0406148
v -0.0396148 -0.0293505 0.0406034
v -0.039625 -0.0293505 0.0405908
v -0.0396338 -0.0293505 0.0405773
v -0.0396412 -0.0293505 0.0405628
v -0.0396469 -0.0293505 0.0405477
v -0.0396511 -0.0293505 0.0405321
v -0.0396537 -0.0293505 0.0405162
v -0.0395109 -0.0293641 0.0406034
v -0.0395216 -0.0293641 0.0406017
v -0.0395321 -0.0293641 0.0405989
v -0.0395423 -0.0293641 0.040595
v -0.039552 -0.0293641 0.04059
v -0.0395611 -0.0293641 0.0405841
v -0.0395696 -0.0293641 0.0405773
v -0.0395773 -0.0293641 0.0405696
v -0.0395841 -0.0293641 0.0405611
v -0.03959 -0.0293641 0.040552
v -0.039595 -0.0293641 0.0405423
v -0.0395989 -0.0293641 0.0405321
v -0.0396017 -0.0293641 0.0405216
v -0.0396034 -0.0293641 0.0405109
v -0.0395055 -0.0293723 0.040552
v -0.0395109 -0.0293723 0.0405511
v -0.0395162 -0.0293723 0.0405497
v -0.0395213 -0.0293723 0.0405477
v -0.0395261 -0.0293723 0.0405453
v -0.0395307 -0.0293723 0.0405423
v -0.039535 -0.0293723 0.0405388
v -0.0395388 -0.0293723 0.040535
v -0.0395423 -0.0293723 0.0405307
v -0.0395453 -0.0293723 0.0405261
v -0.0395477 -0.0293723 0.0405213
v -0.0395497 -0.0293723 0.0405162
v -0.0395511 -0.0293723 0.0405109
v -0.039552 -0.0293723 0.0405055
v -0.0395 0.028875 0.041
v -0.0395 0.029375 0.0405
v -0.0205 0.0293723 0.0405523
v -0.0205 0.0293641 0.040604
v -0.0205 0.0293505 0.0406545
v -0.0205 0.0293318 0.0407034
v -0.0205 0.029308 0.04075
v -0.0205 0.0292795 0.0407939
v -0.0205 0.0292466 0.0408346
v -0.0205 0.0292096 0.0408716
v -0.0205 0.0291689 0.0409045
v -0.0205 0.029125 0.040933
v -0.0205 0.0290784 0.0409568
v -0.0205 0.0290295 0.0409755
v -0.0205 0.028979 0.0409891
v -0.0205 0.0289273 0.0409973
v -0.0204477 0.0293695 0.040552
v -0.0204477 0.0293614 0.0406034
v -0.0204477 0.0293479 0.0406537
v -0.0204477 0.0293293 0.0407023
v -0.0204477 0.0293056 0.0407486
v -0.0204477 0.0292773 0.0407923
v -0.0204477 0.0292445 0.0408327
v -0.0204477 0.0292077 0.0408695
v -0.0204477 0.0291673 0.0409023
v -0.0204477 0.0291236 0.0409306
v -0.0204477 0.0290773 0.0409543
v -0.0204477 0.0290287 0.0409729
v -0.0204477 0.0289784 0.0409864
v -0.0204477 0.028927 0.0409945
v -0.020396 0.0293614 0.0405511
v -0.020396 0.0293534 0.0406017
v -0.020396 0.0293401 0.0406511
v -0.020396 0.0293218 0.0406989
v -0.020396 0.0292986 0.0407445
v -0.020396 0.0292707 0.0407875
v -0.020396 0.0292385 0.0408273
v -0.020396 0.0292023 0.0408635
v -0.020396 0.0291625 0.0408957
v -0.020396 0.0291195 0.0409236
v -0.020396 0.0290739 0.0409468
v -0.020396 0.0290261 0.0409651
v -0.020396 0.0289767 0.0409784
v -0.020396 0.0289261 0.0409864
v -0.0203455 0.0293479 0.0405497
v -0.0203455 0.0293401 0.0405989
v -0.0203455 0.0293273 0.0406469
v -0.0203455 0.0293094 0.0406934
v -0.0203455 0.0292868 0.0407378
v -0.0203455 0.0292597 0.0407795
v -0.0203455 0.0292284 0.0408182
v -0.0203455 0.0291932 0.0408534
v -0.0203455 0.0291545 0.0408847
v -0.0203455 0.0291128 0.0409118
v -0.0203455 0.0290684 0.0409344
v -0.0203455 0.0290219 0.0409523
v -0.0203455 0.0289739 0.0409651
v -0.0203455 0.0289247 0.0409729
v -0.0202966 0.0293293 0.0405477
v -0.0202966 0.0293218 0.040595
v -0.0202966 0.0293094 0.0406412
v -0.0202966 0.0292923 0.0406858
v -0.0202966 0.0292706 0.0407284
v -0.0202966 0.0292445 0.0407685
v -0.0202966 0.0292144 0.0408056
v -0.0202966 0.0291806 0.0408394
v -0.0202966 0.0291435 0.0408695
v -0.0202966 0.0291034 0.0408956
v -0.0202966 0.0290608 0.0409173
v -0.0202966 0.0290162 0.0409344
v -0.0202966 0.02897 0.0409468
v -0.0202966 0.0289227 0.0409543
v -0.02025 0.0293056 0.0405453
v -0.02025 0.0292986 0.04059
v -0.02025 0.0292868 0.0406338
v -0.02025 0.0292706 0.0406761
v -0.02025 0.02925 0.0407165
v -0.02025 0.0292253 0.0407545
v -0.02025 0.0291968 0.0407897
v -0.02025 0.0291647 0.0408218
v -0.02025 0.0291295 0.0408503
v -0.02025 0.0290915 0.040875
v -0.02025 0.0290511 0.0408956
v -0.02025 0.0290088 0.0409118
v -0.02025 0.028965 0.0409236
v -0.02025 0.0289203 0.0409306
v -0.0202061 0.0292773 0.0405423
v -0.0202061 0.0292707 0.0405841
v -0.0202061 0.0292597 0.040625
v -0.0202061 0.0292445 0.0406645
v -0.0202061 0.0292253 0.0407023
v -0.0202061 0.0292023 0.0407378
v -0.0202061 0.0291756 0.0407707
v -0.0202061 0.0291457 0.0408006
v -0.0202061 0.0291128 0.0408273
v -0.0202061 0.0290773 0.0408503
v -0.0202061 0.0290395 0.0408695
v -0.0202061 0.029 0.0408847
v -0.0202061 0.0289591 0.0408957
v -0.0202061 0.0289173 0.0409023
v -0.0201654 0.0292445 0.0405388
v -0.0201654 0.0292385 0.0405773
v -0.0201654 0.0292284 0.0406148
v -0.0201654 0.0292144 0.0406511
v -0.0201654 0.0291968 0.0406858
v -0.0201654 0.0291756 0.0407184
v -0.0201654 0.0291511 0.0407486
v -0.0201654 0.0291236 0.0407761
v -0.0201654 0.0290934 0.0408006
v -0.0201654 0.0290608 0.0408218
v -0.0201654 0.0290261 0.0408394
v -0.0201654 0.0289898 0.0408534
v -0.0201654 0.0289523 0.0408635
v -0.0201654 0.0289138 0.0408695
v -0.0201284 0.0292077 0.040535
v -0.0201284 0.0292023 0.0405696
v -0.0201284 0.0291932 0.0406034
v -0.0201284 0.0291806 0.0406361
v -0.0201284 0.0291647 0.0406673
v -0.0201284 0.0291457 0.0406967
v -0.0201284 0.0291236 0.0407239
v -0.0201284 0.0290989 0.0407486
v -0.0201284 0.0290717 0.0407707
v -0.0201284 0.0290423 0.0407897
v -0.0201284 0.0290111 0.0408056
v -0.0201284 0.0289784 0.0408182
v -0.0201284 0.0289446 0.0408273
v -0.0201284 0.02891 0.0408327
v -0.0200955 0.0291673 0.0405307
v -0.0200955 0.0291625 0.0405611
v -0.0200955 0.0291545 0.0405908
v -0.0200955 0.0291435 0.0406195
v -0.0200955 0.0291295 0.0406469
v -0.0200955 0.0291128 0.0406727
v -0.0200955 0.0290934 0.0406967
v -0.0200955 0.0290717 0.0407184
v -0.0200955 0.0290477 0.0407378
v -0.0200955 0.0290219 0.0407545
v -0.0200955 0.0289945 0.0407685
v -0.0200955 0.0289658 0.0407795
v -0.0200955 0.0289361 0.0407875
v -0.0200955 0.0289057 0.0407923
v -0.020067 0.0291236 0.0405261
v -0.020067 0.0291195 0.040552
v -0.020067 0.0291128 0.0405773
v -0.020067 0.0291034 0.0406017
v -0.020067 0.0290915 0.040625
v -0.020067 0.0290773 0.0406469
v -0.020067 0.0290608 0.0406673
v -0.020067 0.0290423 0.0406858
v -0.020067 0.0290219 0.0407023
v -0.020067 0.029 0.0407165
v -0.020067 0.0289767 0.0407284
v -0.020067 0.0289523 0.0407378
v -0.020067 0.028927 0.0407445
v -0.020067 0.0289011 0.0407486
v -0.0200432 0.0290773 0.0405213
v -0.0200432 0.0290739 0.0405423
v -0.0200432 0.0290684 0.0405628
v -0.0200432 0.0290608 0.0405827
v -0.0200432 0.0290511 0.0406017
v -0.0200432 0.0290395 0.0406195
v -0.0200432 0.0290261 0.0406361
v -0.0200432 0.0290111 0.0406511
v -0.0200432 0.0289945 0.0406645
v -0.0200432 0.0289767 0.0406761
v -0.0200432 0.0289577 0.0406858
v -0.0200432 0.0289378 0.0406934
v -0.0200432 0.0289173 0.0406989
v -0.0200432 0.0288963 0.0407023
v -0.0200245 0.0290287 0.0405162
v -0.0200245 0.0290261 0.0405321
v -0.0200245 0.0290219 0.0405477
v -0.0200245 0.0290162 0.0405628
v -0.0200245 0.0290088 0.0405773
v -0.0200245 0.029 0.0405908
v -0.0200245 0.0289898 0.0406034
v -0.0200245 0.0289784 0.0406148
v -0.0200245 0.0289658 0.040625
v -0.0200245 0.0289523 0.0406338
v -0.0200245 0.0289378 0.0406412
v -0.0200245 0.0289227 0.0406469
v -0.0200245 0.0289071 0.0406511
v -0.0200245 0.0288912 0.0406537
v -0.0200109 0.0289784 0.0405109
v -0.0200109 0.0289767 0.0405216
v -0.0200109 0.0289739 0.0405321
v -0.0200109 0.02897 0.0405423
v -0.0200109 0.028965 0.040552
v -0.0200109 0.0289591 0.0405611
v -0.0200109 0.0289523 0.0405696
v -0.0200109 0.0289446 0.0405773
v -0.0200109 0.0289361 0.0405841
v -0.0200109 0.028927 0.04059
v -0.0200109 0.0289173 0.040595
v -0.0200109 0.0289071 0.0405989
v -0.0200109 0.0288966 0.0406017
v -0.0200109 0.0288859 0.0406034
v -0.0200027 0.028927 0.0405055
v -0.0200027 0.0289261 0.0405109
v -0.0200027 0.0289247 0.0405162
v -0.0200027 0.0289227 0.0405213
v -0.0200027 0.0289203 0.0405261
v -0.0200027 0.0289173 0.0405307
v -0.0200027 0.0289138 0.040535
v -0.0200027 0.02891 0.0405388
v -0.0200027 0.0289057 0.0405423
v -0.0200027 0.0289011 0.0405453
v -0.0200027 0.0288963 0.0405477
v -0.0200027 0.0288912 0.0405497
v -0.0200027 0.0288859 0.0405511
v -0.0200027 0.0288805 0.040552
v -0.0395 0.0289273 0.0409973
v -0.0395 0.028979 0.0409891
v -0.0395 0.0290295 0.0409755
v -0.0395 0.0290784 0.0409568
v -0.0395 0.029125 0.040933
v -0.0395 0.0291689 0.0409045
v -0.0395 0.0292096 0.0408716
v -0.0395 0.0292466 0.0408346
v -0.0395 0.0292795 0.0407939
v -0.0395 0.029308 0.04075
v -0.0395 0.0293318 0.0407034
v -0.0395 0.0293505 0.0406545
v -0.0395 0.0293641 0.040604
v -0.0395 0.0293723 0.0405523
v -0.0395523 0.028875 0.0409973
v -0.039604 0.028875 0.0409891
v -0.0396545 0.028875 0.0409755
v -0.0397034 0.028875 0.0409568
v -0.03975 0.028875 0.040933
v -0.0397939 0.028875 0.0409045
v -0.0398346 0.028875 0.0408716
v -0.0398716 0.028875 0.0408346
v -0.0399045 0.028875 0.0407939
v -0.039933 0.028875 0.04075
v -0.0399568 0.028875 0.0407034
v -0.0399755 0.028875 0.0406545
v -0.0399891 0.028875 0.040604
v -0.0399973 0.028875 0.0405523
v -0.0399973 0.0289273 0.0405
v -0.0399891 0.028979 0.0405
v -0.0399755 0.0290295 0.0405
v -0.0399568 0.0290784 0.0405
v -0.039933 0.029125 0.0405
v -0.0399045 0.0291689 0.0405
v -0.0398716 0.0292096 0.0405
v -0.0398346 0.0292466 0.0405
v -0.0397939 0.0292795 0.0405
v -0.03975 0.029308 0.0405
v -0.0397034 0.0293318 0.0405
v -0.0396545 0.0293505 0.0405
v -0.039604 0.0293641 0.0405
v -0.0395523 0.0293723 0.0405
v -0.039552 0.0293695 0.0405523
v -0.0396034 0.0293614 0.0405523
v -0.0396537 0.0293479 0.0405523
v -0.0397023 0.0293293 0.0405523
v -0.0397486 0.0293056 0.0405523
v -0.0397923 0.0292773 0.0405523
v -0.0398327 0.0292445 0.0405523
v -0.0398695 0.0292077 0.0405523
v -0.0399023 0.0291673 0.0405523
v -0.0399306 0.0291236 0.0405523
v -0.0399543 0.0290773 0.0405523
v -0.0399729 0.0290287 0.0405523
v -0.0399864 0.0289784 0.0405523
v -0.0399945 0.028927 0.0405523
v -0.0395511 0.0293614 0.040604
v -0.0396017 0.0293534 0.040604
v -0.0396511 0.0293401 0.040604
v -0.0396989 0.0293218 0.040604
v -0.0397445 0.0292986 0.040604
v -0.0397875 0.0292707 0.040604
v -0.0398273 0.0292385 0.040604
v -0.0398635 0.0292023 0.040604
v -0.0398957 0.0291625 0.040604
v -0.0399236 0.0291195 0.040604
v -0.0399468 0.0290739 0.040604
v -0.0399651 0.0290261 0.040604
v -0.0399784 0.0289767 0.040604
v -0.0399864 0.0289261 0.040604
v -0.0395497 0.0293479 0.0406545
v -0.0395989 0.0293401 0.0406545
v -0.0396469 0.0293273 0.0406545
v -0.0396934 0.0293094 0.0406545
v -0.0397378 0.0292868 0.0406545
v -0.0397795 0.0292597 0.0406545
v -0.0398182 0.0292284 0.0406545
v -0.0398534 0.0291932 0.0406545
v -0.0398847 0.0291545 0.0406545
v -0.0399118 0.0291128 0.0406545
v -0.0399344 0.0290684 0.0406545
v -0.0399523 0.0290219 0.0406545
v -0.0399651 0.0289739 0.0406545
v -0.0399729 0.0289247 0.0406545
v -0.0395477 0.0293293 0.0407034
v -0.039595 0.0293218 0.0407034
v -0.0396412 0.0293094 0.0407034
v -0.0396858 0.0292923 0.0407034
v -0.0397284 0.0292706 0.0407034
v -0.0397685 0.0292445 0.0407034
v -0.0398056 0.0292144 0.0407034
v -0.0398394 0.0291806 0.0407034
v -0.0398695 0.0291435 0.0407034
v -0.0398956 0.0291034 0.0407034
v -0.0399173 0.0290608 0.0407034
v -0.0399344 0.0290162 0.0407034
v -0.0399468 0.02897 0.0407034
v -0.0399543 0.0289227 0.0407034
v -0.0395453 0.0293056 0.04075
v -0.03959 0.0292986 0.04075
v -0.0396338 0.0292868 0.04075
v -0.0396761 0.0292706 0.04075
v -0.0397165 0.02925 0.04075
v -0.0397545 0.0292253 0.04075
v -0.0397897 0.0291968 0.04075
v -0.0398218 0.0291647 0.04075
v -0.0398503 0.0291295 0.04075
v -0.039875 0.0290915 0.04075
v -0.0398956 0.0290511 0.04075
v -0.0399118 0.0290088 0.04075
v -0.0399236 0.028965 0.04075
v -0.0399306 0.0289203 0.04075
v -0.0395423 0.0292773 0.0407939
v -0.0395841 0.0292707 0.0407939
v -0.039625 0.0292597 0.0407939
v -0.0396645 0.0292445 0.0407939
v -0.0397023 0.0292253 0.0407939
v -0.0397378 0.0292023 0.0407939
v -0.0397707 0.0291756 0.0407939
v -0.0398006 0.0291457 0.0407939
v -0.0398273 0.0291128 0.0407939
v -0.0398503 0.0290773 0.0407939
v -0.0398695 0.0290395 0.0407939
v -0.0398847 0.029 0.0407939
v -0.0398957 0.0289591 0.0407939
v -0.0399023 0.0289173 0.0407939
v -0.0395388 0.0292445 0.0408346
v -0.0395773 0.0292385 0.0408346
v -0.0396148 0.0292284 0.0408346
v -0.0396511 0.0292144 0.0408346
v -0.0396858 0.0291968 0.0408346
v -0.0397184 0.0291756 0.0408346
v -0.0397486 0.0291511 0.0408346
v -0.0397761 0.0291236 0.0408346
v -0.0398006 0.0290934 0.0408346
v -0.0398218 0.0290608 0.0408346
v -0.0398394 0.0290261 0.0408346
v -0.0398534 0.0289898 0.0408346
v -0.0398635 0.0289523 0.0408346
v -0.0398695 0.0289138 0.0408346
v -0.039535 0.0292077 0.0408716
v -0.0395696 0.0292023 0.0408716
v -0.0396034 0.0291932 0.0408716
v -0.0396361 0.0291806 0.0408716
v -0.0396673 0.0291647 0.0408716
v -0.0396967 0.0291457 0.0408716
v -0.0397239 0.0291236 0.0408716
v -0.0397486 0.0290989 0.0408716
v -0.0397707 0.0290717 0.0408716
v -0.0397897 0.0290423 0.0408716
v -0.0398056 0.0290111 0.0408716
v -0.0398182 0.0289784 0.0408716
v -0.0398273 0.0289446 0.0408716
v -0.0398327 0.02891 0.0408716
v -0.0395307 0.0291673 0.0409045
v -0.0395611 0.0291625 0.0409045
v -0.0395908 0.0291545 0.0409045
v -0.0396195 0.0291435 0.0409045
v -0.0396469 0.0291295 0.0409045
v -0.0396727 0.0291128 0.0409045
v -0.0396967 0.0290934 0.0409045
v -0.0397184 0.0290717 0.0409045
v -0.0397378 0.0290477 0.0409045
v -0.0397545 0.0290219 0.0409045
v -0.0397685 0.0289945 0.0409045
v -0.0397795 0.0289658 0.0409045
v -0.0397875 0.0289361 0.0409045
v -0.0397923 0.0289057 0.0409045
v -0.0395261 0.0291236 0.040933
v -0.039552 0.0291195 0.040933
v -0.0395773 0.0291128 0.040933
v -0.0396017 0.0291034 0.040933
v -0.039625 0.0290915 0.040933
v -0.0396469 0.0290773 0.040933
v -0.0396673 0.0290608 0.040933
v -0.0396858 0.0290423 0.040933
v -0.0397023 0.0290219 0.040933
v -0.0397165 0.029 0.040933
v -0.0397284 0.0289767 0.040933
v -0.0397378 0.0289523 0.040933
v -0.0397445 0.028927 0.040933
v -0.0397486 0.0289011 0.040933
v -0.0395213 0.0290773 0.0409568
v -0.0395423 0.0290739 0.0409568
v -0.0395628 0.0290684 0.0409568
v -0.0395827 0.0290608 0.0409568
v -0.0396017 0.0290511 0.0409568
v -0.0396195 0.0290395 0.0409568
v -0.0396361 0.0290261 0.0409568
v -0.0396511 0.0290111 0.0409568
v -0.0396645 0.0289945 0.0409568
v -0.0396761 0.0289767 0.0409568
v -0.0396858 0.0289577 0.0409568
v -0.0396934 0.0289378 0.0409568
v -0.0396989 0.0289173 0.0409568
v -0.0397023 0.0288963 0.0409568
v -0.0395162 0.0290287 0.0409755
v -0.0395321 0.0290261 0.0409755
v -0.0395477 0.0290219 0.0409755
v -0.0395628 0.0290162 0.0409755
v -0.0395773 0.0290088 0.0409755
v -0.0395908 0.029 0.0409755
v -0.0396034 0.0289898 0.0409755
v -0.0396148 0.0289784 0.0409755
v -0.039625 0.0289658 0.0409755
v -0.0396338 0.0289523 0.0409755
v -0.0396412 0.0289378 0.0409755
v -0.0396469 0.0289227 0.0409755
v -0.0396511 0.0289071 0.0409755
v -0.0396537 0.0288912 0.0409755
v -0.0395109 0.0289784 0.0409891
v -0.0395216 0.0289767 0.0409891
v -0.0395321 0.0289739 0.0409891
v -0.0395423 0.02897 0.0409891
v -0.039552 0.028965 0.0409891
v -0.0395611 0.0289591 0.0409891
v -0.0395696 0.0289523 0.0409891
v -0.0395773 0.0289446 0.0409891
v -0.0395841 0.0289361 0.0409891
v -0.03959 0.028927 0.0409891
v -0.039595 0.0289173 0.0409891
v -0.0395989 0.0289071 0.0409891
v -0.0396017 0.0288966 0.0409891
v -0.0396034 0.0288859 0.0409891
v -0.0395055 0.028927 0.0409973
v -0.0395109 0.0289261 0.0409973
v -0.0395162 0.0289247 0.0409973
v -0.0395213 0.0289227 0.0409973
v -0.0395261 0.0289203 0.0409973
v -0.0395307 0.0289173 0.0409973
v -0.039535 0.0289138 0.0409973
v -0.0395388 0.02891 0.0409973
v -0.0395423 0.0289057 0.0409973
v -0.0395453 0.0289011 0.0409973
v -0.0395477 0.0288963 0.0409973
v -0.0395497 0.0288912 0.0409973
v -0.0395511 0.0288859 0.0409973
v -0.039552 0.0288805 0.0409973
v -0.049344 -0.0237323 0.0310036
v -0.049344 -0.0269948 0.0266536
v -0.0497587 -0.0229416 0.0320003
v -0.0496349 -0.0230636 0.0318547
v -0.0502386 -0.0226237 0.0323575
v -0.0500622 -0.0227204 0.0322531
v -0.0902221 -0.0199583 0.0303581
v -0.0493559 -0.0235957 0.0311841
v -0.0495317 -0.0231915 0.0316986
v -0.0499016 -0.0228268 0.0321335
v -0.0515102 -0.0222971 0.0326163
v -0.0506308 -0.0224633 0.0325168
v -0.0504288 -0.0225377 0.0324458
v -0.0512845 -0.0223179 0.0326199
v -0.051061 -0.0223529 0.0326044
v -0.0904516 -0.0199519 0.0303348
v -0.0923145 -0.0208969 0.0288161
v -0.0923402 -0.0210327 0.0286313
v -0.0493914 -0.023459 0.0313614
v -0.0494503 -0.0233238 0.0315335
v -0.0508423 -0.0224015 0.0325699
v -0.050847 -0.0281264 0.0249361
v -0.0510662 -0.0281456 0.02488
v -0.0504323 -0.0280458 0.0251011
v -0.0506349 -0.028093 0.02501
v -0.0496359 -0.0276257 0.0257719
v -0.0497601 -0.0277313 0.0256138
v -0.0908992 -0.0199837 0.0302302
v -0.0906781 -0.0199604 0.030292
v -0.0913147 -0.0200736 0.0300525
v -0.0911122 -0.0200216 0.0301501
v -0.0500646 -0.0279121 0.0253305
v -0.0502415 -0.0279852 0.0252083
v -0.0499035 -0.0278271 0.0254661
v -0.0493916 -0.0272622 0.0262904
v -0.0494506 -0.0273898 0.0261121
v -0.0493559 -0.0271301 0.0264716
v -0.0919757 -0.0204089 0.0295137
v -0.0920941 -0.0205197 0.0293496
v -0.0921907 -0.0206389 0.0291773
v -0.0922645 -0.0207651 0.0289987
v -0.0923412 -0.0211711 0.0284467
v -0.0512901 -0.0281504 0.0248425
v -0.0915044 -0.0201392 0.0299388
v -0.0918368 -0.0203078 0.0296678
v -0.0916791 -0.0202176 0.02981
v -0.0923176 -0.0213104 0.0282643
v -0.0495324 -0.0275114 0.0259386
v -0.0922697 -0.021449 0.0280862
v -0.0921032 -0.0217177 0.0277509
v -0.092198 -0.0215853 0.0279144
v -0.0918495 -0.0219651 0.0274564
v -0.0919866 -0.0218448 0.0275977
v -0.0909227 -0.0225005 0.0268712
v -0.09152 -0.0221796 0.0272161
v -0.0916933 -0.0220771 0.0273287
v -0.0907312 -0.0225936 0.0267736
v -0.0905264 -0.0226746 0.026694
v -0.051742 -0.0281167 0.0248247
v -0.0903107 -0.0227426 0.0266334
v -0.0515162 -0.0281407 0.024824
v -0.0900865 -0.0227966 0.0265925
v -0.0898567 -0.0228362 0.0265716
v -0.0913707 -0.0220311 0.0273364
v -0.0913428 -0.0219929 0.0273492
v -0.0914938 -0.0219036 0.0274473
v -0.0916298 -0.021806 0.0275585
v -0.0917493 -0.0217013 0.0276816
v -0.0918509 -0.0215906 0.0278151
v -0.0919334 -0.0214752 0.0279575
v -0.0919959 -0.0213564 0.0281071
v -0.0920376 -0.0212357 0.0282623
v -0.0920582 -0.0211144 0.0284212
v -0.0920573 -0.0209939 0.028582
v -0.0920349 -0.0208755 0.0287429
v -0.0919913 -0.0207607 0.028902
v -0.0919271 -0.0206508 0.0290575
v -0.0918429 -0.020547 0.0292077
v -0.0917398 -0.0204505 0.0293506
v -0.0916188 -0.0203624 0.0294848
v -0.0914815 -0.0202838 0.0296087
v -0.0913293 -0.0202155 0.0297209
v -0.091164 -0.0201584 0.02982
v -0.0909876 -0.0201131 0.0299049
v -0.0908021 -0.0200801 0.0299747
v -0.0906095 -0.0200597 0.0300286
v -0.0904121 -0.0200523 0.0300659
v -0.0902122 -0.0200579 0.0300862
v -0.0913996 -0.0220669 0.0273197
v -0.0902148 -0.0200527 0.0301348
v -0.0914293 -0.0220999 0.027299
v -0.090217 -0.0200428 0.0301827
v -0.0914594 -0.0221299 0.0272747
v -0.0902188 -0.0200282 0.0302294
v -0.0914898 -0.0221566 0.027247
v -0.0902203 -0.0200091 0.0302745
v -0.0902214 -0.0199858 0.0303176
v -0.0915251 -0.0219398 0.0274367
v -0.0916641 -0.02184 0.0275505
v -0.0917863 -0.0217329 0.0276763
v -0.0918902 -0.0216197 0.0278128
v -0.0919745 -0.0215018 0.0279584
v -0.0920384 -0.0213804 0.0281114
v -0.0920811 -0.0212569 0.02827
v -0.0921021 -0.0211329 0.0284325
v -0.0921012 -0.0210096 0.0285969
v -0.0920783 -0.0208886 0.0287614
v -0.0920338 -0.0207713 0.0289241
v -0.0919681 -0.0206589 0.0290831
v -0.091882 -0.0205527 0.0292366
v -0.0917766 -0.0204541 0.0293828
v -0.0916529 -0.020364 0.02952
v -0.0915124 -0.0202837 0.0296467
v -0.0913569 -0.0202139 0.0297613
v -0.0911879 -0.0201555 0.0298627
v -0.0910075 -0.0201091 0.0299495
v -0.0908178 -0.0200753 0.0300209
v -0.0906209 -0.0200546 0.0300759
v -0.0904191 -0.020047 0.0301141
v -0.0915576 -0.0219735 0.0274223
v -0.0916998 -0.0218714 0.0275386
v -0.0918248 -0.0217618 0.0276674
v -0.0919311 -0.021646 0.027807
v -0.0920174 -0.0215253 0.027956
v -0.0920828 -0.0214011 0.0281125
v -0.0921265 -0.0212748 0.0282748
v -0.0921479 -0.0211479 0.028441
v -0.092147 -0.0210218 0.0286093
v -0.0921236 -0.020898 0.0287776
v -0.092078 -0.0207779 0.028944
v -0.0920108 -0.0206629 0.0291067
v -0.0919228 -0.0205543 0.0292637
v -0.0918149 -0.0204534 0.0294133
v -0.0916883 -0.0203613 0.0295537
v -0.0915446 -0.0202791 0.0296833
v -0.0913855 -0.0202077 0.0298006
v -0.0912126 -0.0201479 0.0299043
v -0.091028 -0.0201005 0.0299931
v -0.0908339 -0.0200659 0.0300662
v -0.0906325 -0.0200447 0.0301225
v -0.0904261 -0.0200369 0.0301615
v -0.0915909 -0.0220043 0.0274041
v -0.0917366 -0.0218998 0.0275231
v -0.0918645 -0.0217877 0.0276549
v -0.0919733 -0.0216692 0.0277978
v -0.0920616 -0.0215456 0.0279503
v -0.0921285 -0.0214185 0.0281105
v -0.0921732 -0.0212892 0.0282766
v -0.0921952 -0.0211593 0.0284468
v -0.0921942 -0.0210303 0.028619
v -0.0921703 -0.0209036 0.0287913
v -0.0921237 -0.0207807 0.0289616
v -0.0920549 -0.0206629 0.0291281
v -0.0919647 -0.0205518 0.0292888
v -0.0918543 -0.0204485 0.0294419
v -0.0917248 -0.0203542 0.0295856
v -0.0915777 -0.02027 0.0297183
v -0.0914148 -0.020197 0.0298383
v -0.0912379 -0.0201358 0.0299445
v -0.091049 -0.0200873 0.0300354
v -0.0908503 -0.0200519 0.0301101
v -0.0906441 -0.0200301 0.0301678
v -0.0904328 -0.0200222 0.0302077
v -0.0916249 -0.0220321 0.0273822
v -0.091774 -0.0219251 0.0275041
v -0.091905 -0.0218103 0.027639
v -0.0920163 -0.021689 0.0277853
v -0.0921067 -0.0215625 0.0279414
v -0.0921752 -0.0214323 0.0281054
v -0.092221 -0.0213 0.0282755
v -0.0922435 -0.0211671 0.0284497
v -0.0922425 -0.0210349 0.0286259
v -0.092218 -0.0209052 0.0288023
v -0.0921702 -0.0207794 0.0289767
v -0.0920998 -0.0206589 0.0291471
v -0.0920076 -0.0205451 0.0293117
v -0.0918945 -0.0204394 0.0294684
v -0.0917619 -0.0203429 0.0296155
v -0.0916114 -0.0202567 0.0297512
v -0.0914446 -0.0201819 0.0298742
v -0.0912635 -0.0201193 0.0299828
v -0.0910701 -0.0200696 0.0300759
v -0.0908667 -0.0200334 0.0301524
v -0.0906557 -0.0200111 0.0302114
v -0.0904394 -0.020003 0.0302523
v -0.0916592 -0.0220564 0.027357
v -0.0918117 -0.0219469 0.0274818
v -0.0919458 -0.0218294 0.0276199
v -0.0920598 -0.0217052 0.0277697
v -0.0921523 -0.0215757 0.0279294
v -0.0922224 -0.0214425 0.0280973
v -0.0922693 -0.0213071 0.0282714
v -0.0922923 -0.021171 0.0284496
v -0.0922913 -0.0210358 0.0286301
v -0.0922662 -0.020903 0.0288106
v -0.0922173 -0.0207742 0.0289891
v -0.0921453 -0.0206509 0.0291636
v -0.0920508 -0.0205344 0.029332
v -0.0919351 -0.0204261 0.0294924
v -0.0917994 -0.0203274 0.0296429
v -0.0916453 -0.0202392 0.0297819
v -0.0914746 -0.0201626 0.0299077
v -0.0912892 -0.0200985 0.0300189
v -0.0910913 -0.0200476 0.0301142
v -0.0908831 -0.0200106 0.0301926
v -0.090667 -0.0199878 0.030253
v -0.0904456 -0.0199795 0.0302948
v -0.0908925 -0.0224775 0.0269021
v -0.0908621 -0.0224508 0.0269298
v -0.090832 -0.0224208 0.0269541
v -0.0908023 -0.0223878 0.0269748
v -0.0907734 -0.022352 0.0269916
v -0.0907455 -0.0223138 0.0270043
v -0.0515095 -0.0223246 0.0325757
v -0.0515084 -0.022348 0.0325327
v -0.0515069 -0.0223671 0.0324876
v -0.051505 -0.0223816 0.0324409
v -0.0515028 -0.0223916 0.032393
v -0.0515003 -0.0223968 0.0323444
v -0.0901753 -0.0201515 0.0284346
v -0.0902279 -0.0201535 0.0284246
v -0.0902793 -0.0201589 0.0284103
v -0.0903288 -0.0201677 0.0283916
v -0.0903759 -0.0201798 0.028369
v -0.09042 -0.020195 0.0283425
v -0.0904606 -0.0202132 0.0283126
v -0.0904972 -0.0202342 0.0282795
v -0.0905295 -0.0202577 0.0282437
v -0.090557 -0.0202834 0.0282056
v -0.0905795 -0.0203111 0.0281655
v -0.0905966 -0.0203405 0.0281241
v -0.0906083 -0.0203711 0.0280816
v -0.0906142 -0.0204027 0.0280387
v -0.0906145 -0.0204348 0.0279958
v -0.090609 -0.0204672 0.0279534
v -0.0905978 -0.0204994 0.027912
v -0.0905812 -0.0205311 0.027872
v -0.0905592 -0.0205619 0.0278341
v -0.0905321 -0.0205914 0.0277984
v -0.0905002 -0.0206194 0.0277656
v -0.0904639 -0.0206454 0.0277359
v -0.0904236 -0.0206692 0.0277097
v -0.090122 -0.020153 0.02844
v -0.05141 -0.0224918 0.0306982
v -0.0513037 -0.0224149 0.0323475
v -0.0511091 -0.0224453 0.032334
v -0.0509186 -0.0224877 0.0323039
v -0.0507343 -0.0225415 0.0322577
v -0.0505584 -0.0226063 0.0321958
v -0.0503926 -0.0226812 0.032119
v -0.050239 -0.0227655 0.032028
v -0.0500991 -0.0228581 0.0319238
v -0.0499746 -0.0229582 0.0318077
v -0.0498668 -0.0230645 0.031681
v -0.0497769 -0.0231759 0.031545
v -0.049706 -0.0232911 0.0314012
v -0.0496547 -0.0234089 0.0312512
v -0.0496237 -0.0235279 0.0310968
v -0.0496134 -0.0236469 0.0309396
v -0.0495736 -0.0236698 0.0309567
v -0.0495312 -0.0236894 0.0309714
v -0.0494866 -0.0237056 0.0309835
v -0.0494402 -0.0237182 0.030993
v -0.0493925 -0.0237272 0.0309997
v -0.0513018 -0.0224101 0.0323962
v -0.0511028 -0.0224412 0.0323824
v -0.0509081 -0.0224845 0.0323517
v -0.0507197 -0.0225396 0.0323044
v -0.0505398 -0.0226058 0.0322411
v -0.0503703 -0.0226824 0.0321625
v -0.0502132 -0.0227685 0.0320695
v -0.0500702 -0.0228633 0.031963
v -0.0499429 -0.0229656 0.0318443
v -0.0498327 -0.0230742 0.0317147
v -0.0497408 -0.0231881 0.0315757
v -0.0496683 -0.0233059 0.0314287
v -0.0496158 -0.0234264 0.0312753
v -0.0495842 -0.0235481 0.0311174
v -0.0512994 -0.0224006 0.0324442
v -0.0510958 -0.0224324 0.0324301
v -0.0508965 -0.0224767 0.0323986
v -0.0507038 -0.0225331 0.0323503
v -0.0505197 -0.0226008 0.0322855
v -0.0503463 -0.0226792 0.0322051
v -0.0501856 -0.0227673 0.0321099
v -0.0500393 -0.0228642 0.032001
v -0.049909 -0.0229689 0.0318796
v -0.0497963 -0.0230801 0.031747
v -0.0497023 -0.0231966 0.0316047
v -0.049628 -0.0233171 0.0314543
v -0.0495744 -0.0234404 0.0312974
v -0.049542 -0.0235649 0.0311359
v -0.0512964 -0.0223865 0.032491
v -0.051088 -0.022419 0.0324765
v -0.050884 -0.0224644 0.0324444
v -0.0506868 -0.0225221 0.0323949
v -0.0504984 -0.0225914 0.0323286
v -0.0503209 -0.0226716 0.0322463
v -0.0501564 -0.0227618 0.0321489
v -0.0500067 -0.022861 0.0320374
v -0.0498733 -0.0229681 0.0319131
v -0.0497579 -0.0230819 0.0317774
v -0.0496617 -0.0232012 0.0316317
v -0.0495857 -0.0233246 0.0314778
v -0.0495308 -0.0234507 0.0313172
v -0.0494977 -0.0235782 0.0311519
v -0.0512929 -0.0223679 0.0325362
v -0.0510796 -0.0224012 0.0325214
v -0.0508708 -0.0224476 0.0324884
v -0.0506688 -0.0225067 0.0324378
v -0.0504759 -0.0225776 0.0323699
v -0.0502943 -0.0226597 0.0322857
v -0.0501259 -0.0227521 0.0321859
v -0.0499726 -0.0228537 0.0320718
v -0.0498361 -0.0229633 0.0319446
v -0.049718 -0.0230798 0.0318056
v -0.0496195 -0.0232019 0.0316566
v -0.0495417 -0.0233282 0.031499
v -0.0494855 -0.0234573 0.0313346
v -0.0494516 -0.0235878 0.0311653
v -0.0512889 -0.0223449 0.0325793
v -0.0510705 -0.0223791 0.0325641
v -0.0508568 -0.0224266 0.0325304
v -0.0506501 -0.022487 0.0324786
v -0.0504527 -0.0225597 0.0324091
v -0.0502668 -0.0226437 0.0323229
v -0.0500944 -0.0227382 0.0322208
v -0.0499375 -0.0228422 0.032104
v -0.0497978 -0.0229544 0.0319737
v -0.0496768 -0.0230737 0.0318315
v -0.049576 -0.0231986 0.0316789
v -0.0494964 -0.0233279 0.0315176
v -0.0494389 -0.0234601 0.0313494
v -0.0494041 -0.0235936 0.0311761
v -0.0509094 -0.0227936 0.0303653
v -0.0509176 -0.0227619 0.0304065
v -0.0509313 -0.0227304 0.0304465
v -0.0509502 -0.0226997 0.0304849
v -0.0509742 -0.02267 0.0305212
v -0.051003 -0.0226416 0.030555
v -0.0510362 -0.0226149 0.030586
v -0.0510735 -0.0225902 0.0306138
v -0.0511145 -0.0225677 0.030638
v -0.0511587 -0.0225477 0.0306586
v -0.0512057 -0.0225304 0.0306751
v -0.0512548 -0.0225161 0.0306874
v -0.0513057 -0.0225048 0.0306954
v -0.0513576 -0.0224967 0.030699
v -0.0509066 -0.0228254 0.0303234
v -0.0493925 -0.0269896 0.0266497
v -0.0494402 -0.0269807 0.026643
v -0.0494866 -0.0269681 0.0266336
v -0.0495312 -0.0269519 0.0266214
v -0.0495736 -0.0269323 0.0266067
v -0.0496134 -0.0269094 0.0265896
v -0.0509066 -0.0260879 0.0259734
v -0.0496238 -0.0270273 0.026431
v -0.0496549 -0.0271424 0.0262732
v -0.0497063 -0.0272535 0.0261179
v -0.0497775 -0.0273594 0.0259668
v -0.0498677 -0.027459 0.0258215
v -0.0499759 -0.027551 0.0256838
v -0.0501008 -0.0276345 0.0255552
v -0.0502411 -0.0277085 0.025437
v -0.0503952 -0.0277722 0.0253306
v -0.0505614 -0.0278249 0.0252372
v -0.0507379 -0.0278661 0.0251579
v -0.0509226 -0.0278951 0.0250934
v -0.0511136 -0.0279119 0.0250446
v -0.0513086 -0.027916 0.025012
v -0.0515056 -0.0279076 0.0249959
v -0.0517023 -0.0278867 0.0249965
v -0.0517094 -0.0279314 0.0249779
v -0.0517163 -0.0279741 0.0249549
v -0.0517231 -0.0280144 0.0249279
v -0.0517297 -0.0280518 0.0248969
v -0.0517361 -0.028086 0.0248624
v -0.0495842 -0.0270527 0.0264446
v -0.049616 -0.0271704 0.0262832
v -0.0496686 -0.0272841 0.0261244
v -0.0497414 -0.0273924 0.0259699
v -0.0498336 -0.0274941 0.0258214
v -0.0499442 -0.0275882 0.0256806
v -0.0500719 -0.0276736 0.0255491
v -0.0502154 -0.0277492 0.0254283
v -0.050373 -0.0278144 0.0253195
v -0.0505429 -0.0278683 0.025224
v -0.0507233 -0.0279103 0.0251429
v -0.0509122 -0.0279401 0.025077
v -0.0511074 -0.0279572 0.0250271
v -0.0513069 -0.0279614 0.0249937
v -0.0515083 -0.0279528 0.0249772
v -0.049542 -0.0270751 0.0264556
v -0.0495746 -0.0271956 0.0262905
v -0.0496284 -0.0273118 0.026128
v -0.0497029 -0.0274226 0.0259699
v -0.0497972 -0.0275267 0.025818
v -0.0499104 -0.027623 0.0256739
v -0.050041 -0.0277103 0.0255394
v -0.0501878 -0.0277877 0.0254157
v -0.050349 -0.0278544 0.0253045
v -0.0505229 -0.0279095 0.0252068
v -0.0507075 -0.0279526 0.0251238
v -0.0509007 -0.027983 0.0250564
v -0.0511005 -0.0280005 0.0250053
v -0.0513045 -0.0280049 0.0249711
v -0.0515106 -0.027996 0.0249543
v -0.0494977 -0.0270942 0.0264638
v -0.049531 -0.0272175 0.0262948
v -0.0495861 -0.0273365 0.0261285
v -0.0496623 -0.0274499 0.0259667
v -0.0497589 -0.0275565 0.0258112
v -0.0498747 -0.027655 0.0256638
v -0.0500084 -0.0277443 0.025526
v -0.0501587 -0.0278236 0.0253995
v -0.0503237 -0.0278918 0.0252856
v -0.0505016 -0.0279483 0.0251856
v -0.0506906 -0.0279923 0.0251007
v -0.0508884 -0.0280235 0.0250317
v -0.0510928 -0.0280414 0.0249794
v -0.0513017 -0.0280458 0.0249445
v -0.0515126 -0.0280368 0.0249272
v -0.0494516 -0.0271098 0.0264693
v -0.0494857 -0.027236 0.0262963
v -0.0495421 -0.0273578 0.026126
v -0.0496201 -0.0274739 0.0259604
v -0.049719 -0.027583 0.0258012
v -0.0498375 -0.0276839 0.0256503
v -0.0499744 -0.0277754 0.0255093
v -0.0501282 -0.0278565 0.0253798
v -0.0502971 -0.0279263 0.0252632
v -0.0504793 -0.0279841 0.0251608
v -0.0506727 -0.0280292 0.0250739
v -0.0508752 -0.0280611 0.0250032
v -0.0510845 -0.0280794 0.0249497
v -0.0512983 -0.028084 0.0249139
v -0.0515142 -0.0280747 0.0248963
v -0.0494042 -0.0271218 0.0264719
v -0.0494391 -0.027251 0.0262948
v -0.0494968 -0.0273757 0.0261205
v -0.0495767 -0.0274945 0.025951
v -0.0496778 -0.0276062 0.0257881
v -0.0497992 -0.0277094 0.0256336
v -0.0499393 -0.027803 0.0254892
v -0.0500968 -0.0278861 0.0253567
v -0.0502697 -0.0279576 0.0252373
v -0.0504561 -0.0280167 0.0251326
v -0.0506541 -0.0280629 0.0250435
v -0.0508614 -0.0280955 0.0249712
v -0.0510756 -0.0281143 0.0249165
v -0.0512944 -0.0281189 0.0248798
v -0.0515154 -0.0281095 0.0248618
v -0.0514114 -0.0263542 0.0255482
v -0.0513589 -0.0263564 0.0255525
v -0.0513069 -0.0263553 0.0255612
v -0.0512559 -0.0263508 0.0255742
v -0.0512066 -0.0263431 0.0255914
v -0.0511595 -0.0263321 0.0256126
v -0.0511152 -0.026318 0.0256375
v -0.0510741 -0.026301 0.0256659
v -0.0510366 -0.0262813 0.0256974
v -0.0510033 -0.026259 0.0257317
v -0.0509744 -0.0262345 0.0257685
v -0.0509504 -0.0262079 0.0258072
v -0.0509314 -0.0261797 0.0258475
v -0.0509177 -0.02615 0.025889
v -0.0509094 -0.0261193 0.0259311
v -0.0514639 -0.0263486 0.0255483
v -0.0898507 -0.0228055 0.0266094
v -0.0898444 -0.0227713 0.0266438
v -0.0898378 -0.0227339 0.0266748
v -0.0898309 -0.0226937 0.0267018
v -0.089824 -0.022651 0.0267248
v -0.0898169 -0.0226062 0.0267434
v -0.0898263 -0.0209901 0.0273649
v -0.0897818 -0.0210117 0.0273422
v -0.0896841 -0.0210464 0.0273096
v -0.089632 -0.0210589 0.0273001
v -0.0897342 -0.0210306 0.0273237
v -0.0895785 -0.0210681 0.0272953
v -0.0905788 -0.0223949 0.0269193
v -0.0904004 -0.0224655 0.02685
v -0.0902124 -0.0225246 0.0267972
v -0.0900172 -0.0225717 0.0267615
v -0.0900287 -0.0226157 0.0267433
v -0.0902283 -0.0225676 0.0267798
v -0.0904205 -0.0225071 0.0268338
v -0.0906029 -0.0224349 0.0269047
v -0.0900404 -0.0226576 0.0267208
v -0.0902447 -0.0226084 0.0267581
v -0.0904412 -0.0225464 0.0268134
v -0.0906279 -0.0224726 0.0268859
v -0.0900522 -0.022697 0.0266942
v -0.0902612 -0.0226466 0.0267324
v -0.0904624 -0.0225832 0.0267889
v -0.0906534 -0.0225077 0.0268631
v -0.0900638 -0.0227336 0.0266637
v -0.0902778 -0.0226819 0.0267028
v -0.0904838 -0.0226171 0.0267607
v -0.0906794 -0.0225397 0.0268367
v -0.0900753 -0.0227669 0.0266297
v -0.0902944 -0.022714 0.0266697
v -0.0905052 -0.0226476 0.026729
v -0.0907054 -0.0225685 0.0268067
v -0.0921907 -0.0206389 -0.0101773
v -0.0922645 -0.0207651 -0.00999873
v -0.0920941 -0.0205197 -0.0103496
v -0.0923402 -0.0210327 -0.00963135
v -0.0923412 -0.0211711 -0.00944672
v -0.0923145 -0.0208969 -0.00981606
v -0.049344 -0.0269948 -0.00765361
v -0.0919757 -0.0204089 -0.0105137
v -0.0494503 -0.0233238 -0.0125335
v -0.0495317 -0.0231915 -0.0126986
v -0.049344 -0.0237323 -0.0120036
v -0.09152 -0.0221796 -0.00821606
v -0.0500622 -0.0227204 -0.0132531
v -0.0502386 -0.0226237 -0.0133575
v -0.0496349 -0.0230636 -0.0128547
v -0.0493559 -0.0271301 -0.0074716
v -0.0898567 -0.0228362 -0.00757165
v -0.051742 -0.0281167 -0.00582473
v -0.0916933 -0.0220771 -0.00832869
v -0.0916791 -0.0202176 -0.01081
v -0.0918368 -0.0203078 -0.0106678
v -0.0913147 -0.0200736 -0.0110525
v -0.0915044 -0.0201392 -0.0109388
v -0.0908992 -0.0199837 -0.0112302
v -0.0911122 -0.0200216 -0.0111501
v -0.0904516 -0.0199519 -0.0113348
v -0.0906781 -0.0199604 -0.011292
v -0.0515102 -0.0222971 -0.0136163
v -0.0902221 -0.0199583 -0.0113581
v -0.0506308 -0.0224633 -0.0135168
v -0.0508423 -0.0224015 -0.0135699
v -0.0504288 -0.0225377 -0.0134458
v -0.0497587 -0.0229416 -0.0130003
v -0.0493559 -0.0235957 -0.0121841
v -0.0909227 -0.0225005 -0.0078712
v -0.051061 -0.0223529 -0.0136044
v -0.0512845 -0.0223179 -0.0136199
v -0.0499016 -0.0228268 -0.0131335
v -0.0493914 -0.023459 -0.0123614
v -0.0502415 -0.0279852 -0.00620835
v -0.0500646 -0.0279121 -0.00633046
v -0.0510662 -0.0281456 -0.00588001
v -0.050847 -0.0281264 -0.00593605
v -0.0900865 -0.0227966 -0.00759245
v -0.0918495 -0.0219651 -0.00845638
v -0.0921032 -0.0217177 -0.00875091
v -0.0919866 -0.0218448 -0.00859766
v -0.0499035 -0.0278271 -0.00646612
v -0.0506349 -0.028093 -0.00601004
v -0.0504323 -0.0280458 -0.00610114
v -0.0512901 -0.0281504 -0.00584253
v -0.0515162 -0.0281407 -0.00582403
v -0.0922697 -0.021449 -0.00908615
v -0.092198 -0.0215853 -0.00891437
v -0.0923176 -0.0213104 -0.00926428
v -0.0493916 -0.0272622 -0.00729042
v -0.0495324 -0.0275114 -0.00693861
v -0.0494506 -0.0273898 -0.0071121
v -0.0497601 -0.0277313 -0.00661381
v -0.0496359 -0.0276257 -0.0067719
v -0.0905264 -0.0226746 -0.00769404
v -0.0903107 -0.0227426 -0.00763341
v -0.0907312 -0.0225936 -0.00777361
v -0.0902148 -0.0200527 -0.0111348
v -0.0902122 -0.0200579 -0.0110862
v -0.0904121 -0.0200523 -0.0110659
v -0.0906095 -0.0200597 -0.0110286
v -0.0908021 -0.0200801 -0.0109747
v -0.0909876 -0.0201131 -0.0109049
v -0.091164 -0.0201584 -0.01082
v -0.0913293 -0.0202155 -0.0107209
v -0.0914815 -0.0202838 -0.0106087
v -0.0916188 -0.0203624 -0.0104848
v -0.0917398 -0.0204505 -0.0103506
v -0.0918429 -0.020547 -0.0102077
v -0.0919271 -0.0206508 -0.0100575
v -0.0919913 -0.0207607 -0.00990204
v -0.0920349 -0.0208755 -0.00974292
v -0.0920573 -0.0209939 -0.00958202
v -0.0920582 -0.0211144 -0.00942119
v -0.0920376 -0.0212357 -0.00926227
v -0.0919959 -0.0213564 -0.00910711
v -0.0919334 -0.0214752 -0.00895747
v -0.0918509 -0.0215906 -0.00881509
v -0.0917493 -0.0217013 -0.00868159
v -0.0916298 -0.021806 -0.00855852
v -0.0914938 -0.0219036 -0.00844729
v -0.0913428 -0.0219929 -0.00834918
v -0.090217 -0.0200428 -0.0111827
v -0.0913707 -0.0220311 -0.00833643
v -0.0902188 -0.0200282 -0.0112294
v -0.0913996 -0.0220669 -0.00831965
v -0.0902203 -0.0200091 -0.0112745
v -0.0914293 -0.0220999 -0.00829901
v -0.0902214 -0.0199858 -0.0113176
v -0.0914594 -0.0221299 -0.0082747
v -0.0914898 -0.0221566 -0.00824696
v -0.0904191 -0.020047 -0.0111141
v -0.0906209 -0.0200546 -0.0110759
v -0.0908178 -0.0200753 -0.0110209
v -0.0910075 -0.0201091 -0.0109495
v -0.0911879 -0.0201555 -0.0108627
v -0.0913569 -0.0202139 -0.0107613
v -0.0915124 -0.0202837 -0.0106467
v -0.0916529 -0.020364 -0.01052
v -0.0917766 -0.0204541 -0.0103828
v -0.091882 -0.0205527 -0.0102366
v -0.0919681 -0.0206589 -0.0100831
v -0.0920338 -0.0207713 -0.00992412
v -0.0920783 -0.0208886 -0.00976143
v -0.0921012 -0.0210096 -0.00959692
v -0.0921021 -0.0211329 -0.00943248
v -0.0920811 -0.0212569 -0.00927
v -0.0920384 -0.0213804 -0.00911135
v -0.0919745 -0.0215018 -0.00895836
v -0.0918902 -0.0216197 -0.00881278
v -0.0917863 -0.0217329 -0.00867629
v -0.0916641 -0.02184 -0.00855046
v -0.0915251 -0.0219398 -0.00843674
v -0.0904261 -0.0200369 -0.0111615
v -0.0906325 -0.0200447 -0.0111225
v -0.0908339 -0.0200659 -0.0110662
v -0.091028 -0.0201005 -0.0109931
v -0.0912126 -0.0201479 -0.0109043
v -0.0913855 -0.0202077 -0.0108006
v -0.0915446 -0.0202791 -0.0106833
v -0.0916883 -0.0203613 -0.0105537
v -0.0918149 -0.0204534 -0.0104133
v -0.0919228 -0.0205543 -0.0102637
v -0.0920108 -0.0206629 -0.0101067
v -0.092078 -0.0207779 -0.00994404
v -0.0921236 -0.020898 -0.00977759
v -0.092147 -0.0210218 -0.00960928
v -0.0921479 -0.0211479 -0.00944104
v -0.0921265 -0.0212748 -0.0092748
v -0.0920828 -0.0214011 -0.00911249
v -0.0920174 -0.0215253 -0.00895596
v -0.0919311 -0.021646 -0.00880701
v -0.0918248 -0.0217618 -0.00866737
v -0.0916998 -0.0218714 -0.00853863
v -0.0915576 -0.0219735 -0.00842228
v -0.0904328 -0.0200222 -0.0112077
v -0.0906441 -0.0200301 -0.0111678
v -0.0908503 -0.0200519 -0.0111101
v -0.091049 -0.0200873 -0.0110354
v -0.0912379 -0.0201358 -0.0109445
v -0.0914148 -0.020197 -0.0108383
v -0.0915777 -0.02027 -0.0107183
v -0.0917248 -0.0203542 -0.0105856
v -0.0918543 -0.0204485 -0.0104419
v -0.0919647 -0.0205518 -0.0102888
v -0.0920549 -0.0206629 -0.0101281
v -0.0921237 -0.0207807 -0.00996162
v -0.0921703 -0.0209036 -0.00979126
v -0.0921942 -0.0210303 -0.00961898
v -0.0921952 -0.0211593 -0.00944678
v -0.0921732 -0.0212892 -0.00927664
v -0.0921285 -0.0214185 -0.0091105
v -0.0920616 -0.0215456 -0.00895029
v -0.0919733 -0.0216692 -0.00879784
v -0.0918645 -0.0217877 -0.00865491
v -0.0917366 -0.0218998 -0.00852314
v -0.0915909 -0.0220043 -0.00840405
v -0.0904394 -0.020003 -0.0112523
v -0.0906557 -0.0200111 -0.0112114
v -0.0908667 -0.0200334 -0.0111524
v -0.0910701 -0.0200696 -0.0110759
v -0.0912635 -0.0201193 -0.0109828
v -0.0914446 -0.0201819 -0.0108742
v -0.0916114 -0.0202567 -0.0107512
v -0.0917619 -0.0203429 -0.0106155
v -0.0918945 -0.0204394 -0.0104684
v -0.0920076 -0.0205451 -0.0103117
v -0.0920998 -0.0206589 -0.0101471
v -0.0921702 -0.0207794 -0.00997669
v -0.092218 -0.0209052 -0.00980229
v -0.0922425 -0.0210349 -0.00962594
v -0.0922435 -0.0211671 -0.00944966
v -0.092221 -0.0213 -0.00927548
v -0.0921752 -0.0214323 -0.00910541
v -0.0921067 -0.0215625 -0.00894141
v -0.0920163 -0.021689 -0.00878535
v -0.091905 -0.0218103 -0.00863903
v -0.091774 -0.0219251 -0.00850414
v -0.0916249 -0.0220321 -0.00838223
v -0.0904456 -0.0199795 -0.0112948
v -0.090667 -0.0199878 -0.011253
v -0.0908831 -0.0200106 -0.0111926
v -0.0910913 -0.0200476 -0.0111142
v -0.0912892 -0.0200985 -0.0110189
v -0.0914746 -0.0201626 -0.0109077
v -0.0916453 -0.0202392 -0.0107819
v -0.0917994 -0.0203274 -0.0106429
v -0.0919351 -0.0204261 -0.0104924
v -0.0920508 -0.0205344 -0.010332
v -0.0921453 -0.0206509 -0.0101636
v -0.0922173 -0.0207742 -0.0099891
v -0.0922662 -0.020903 -0.00981058
v -0.0922913 -0.0210358 -0.00963007
v -0.0922923 -0.021171 -0.00944963
v -0.0922693 -0.0213071 -0.00927135
v -0.0922224 -0.0214425 -0.00909727
v -0.0921523 -0.0215757 -0.00892939
v -0.0920598 -0.0217052 -0.00876965
v -0.0919458 -0.0218294 -0.00861989
v -0.0918117 -0.0219469 -0.00848182
v -0.0916592 -0.0220564 -0.00835703
v -0.0907455 -0.0223138 -0.00800432
v -0.0907734 -0.022352 -0.00799157
v -0.0908023 -0.0223878 -0.00797479
v -0.090832 -0.0224208 -0.00795415
v -0.0908621 -0.0224508 -0.00792984
v -0.0908925 -0.0224775 -0.0079021
v -0.0515003 -0.0223968 -0.0133444
v -0.0515028 -0.0223916 -0.013393
v -0.051505 -0.0223816 -0.0134409
v -0.0515069 -0.0223671 -0.0134876
v -0.0515084 -0.022348 -0.0135327
v -0.0515095 -0.0223246 -0.0135757
v -0.0904639 -0.0206454 -0.00873592
v -0.0905002 -0.0206194 -0.0087656
v -0.0905321 -0.0205914 -0.00879844
v -0.0905592 -0.0205619 -0.00883405
v -0.0905812 -0.0205311 -0.00887204
v -0.0905978 -0.0204994 -0.00891197
v -0.090609 -0.0204672 -0.00895336
v -0.0906145 -0.0204348 -0.00899576
v -0.0906142 -0.0204027 -0.00903867
v -0.0906083 -0.0203711 -0.0090816
v -0.0905966 -0.0203405 -0.00912406
v -0.0905795 -0.0203111 -0.00916555
v -0.090557 -0.0202834 -0.0092056
v -0.0905295 -0.0202577 -0.00924374
v -0.0904972 -0.0202342 -0.00927955
v -0.0904606 -0.0202132 -0.0093126
v -0.09042 -0.020195 -0.00934253
v -0.0903759 -0.0201798 -0.00936897
v -0.0903288 -0.0201677 -0.00939164
v -0.0902793 -0.0201589 -0.00941026
v -0.0902279 -0.0201535 -0.00942463
v -0.0901753 -0.0201515 -0.00943457
v -0.090122 -0.020153 -0.00943998
v -0.0904236 -0.0206692 -0.00870975
v -0.05141 -0.0224918 -0.0116982
v -0.0495736 -0.0236698 -0.0119567
v -0.0496134 -0.0236469 -0.0119396
v -0.0496237 -0.0235279 -0.0120968
v -0.0496547 -0.0234089 -0.0122512
v -0.049706 -0.0232911 -0.0124012
v -0.0497769 -0.0231759 -0.012545
v -0.0498668 -0.0230645 -0.012681
v -0.0499746 -0.0229582 -0.0128077
v -0.0500991 -0.0228581 -0.0129238
v -0.050239 -0.0227655 -0.013028
v -0.0503926 -0.0226812 -0.013119
v -0.0505584 -0.0226063 -0.0131958
v -0.0507343 -0.0225415 -0.0132577
v -0.0509186 -0.0224877 -0.0133039
v -0.0511091 -0.0224453 -0.013334
v -0.0513037 -0.0224149 -0.0133475
v -0.0495312 -0.0236894 -0.0119714
v -0.0494866 -0.0237056 -0.0119835
v -0.0494402 -0.0237182 -0.011993
v -0.0493925 -0.0237272 -0.0119997
v -0.0495842 -0.0235481 -0.0121174
v -0.0496158 -0.0234264 -0.0122753
v -0.0496683 -0.0233059 -0.0124287
v -0.0497408 -0.0231881 -0.0125757
v -0.0498327 -0.0230742 -0.0127147
v -0.0499429 -0.0229656 -0.0128443
v -0.0500702 -0.0228633 -0.012963
v -0.0502132 -0.0227685 -0.0130695
v -0.0503703 -0.0226824 -0.0131625
v -0.0505398 -0.0226058 -0.0132411
v -0.0507197 -0.0225396 -0.0133044
v -0.0509081 -0.0224845 -0.0133517
v -0.0511028 -0.0224412 -0.0133824
v -0.0513018 -0.0224101 -0.0133962
v -0.049542 -0.0235649 -0.0121359
v -0.0495744 -0.0234404 -0.0122974
v -0.049628 -0.0233171 -0.0124543
v -0.0497023 -0.0231966 -0.0126047
v -0.0497963 -0.0230801 -0.012747
v -0.049909 -0.0229689 -0.0128796
v -0.0500393 -0.0228642 -0.013001
v -0.0501856 -0.0227673 -0.0131099
v -0.0503463 -0.0226792 -0.0132051
v -0.0505197 -0.0226008 -0.0132855
v -0.0507038 -0.0225331 -0.0133503
v -0.0508965 -0.0224767 -0.0133986
v -0.0510958 -0.0224324 -0.0134301
v -0.0512994 -0.0224006 -0.0134442
v -0.0494977 -0.0235782 -0.0121519
v -0.0495308 -0.0234507 -0.0123172
v -0.0495857 -0.0233246 -0.0124778
v -0.0496617 -0.0232012 -0.0126317
v -0.0497579 -0.0230819 -0.0127774
v -0.0498733 -0.0229681 -0.0129131
v -0.0500067 -0.022861 -0.0130374
v -0.0501564 -0.0227618 -0.0131489
v -0.0503209 -0.0226716 -0.0132463
v -0.0504984 -0.0225914 -0.0133286
v -0.0506868 -0.0225221 -0.0133949
v -0.050884 -0.0224644 -0.0134444
v -0.051088 -0.022419 -0.0134765
v -0.0512964 -0.0223865 -0.013491
v -0.0494516 -0.0235878 -0.0121653
v -0.0494855 -0.0234573 -0.0123346
v -0.0495417 -0.0233282 -0.012499
v -0.0496195 -0.0232019 -0.0126566
v -0.049718 -0.0230798 -0.0128056
v -0.0498361 -0.0229633 -0.0129446
v -0.0499726 -0.0228537 -0.0130718
v -0.0501259 -0.0227521 -0.0131859
v -0.0502943 -0.0226597 -0.0132857
v -0.0504759 -0.0225776 -0.0133699
v -0.0506688 -0.0225067 -0.0134378
v -0.0508708 -0.0224476 -0.0134884
v -0.0510796 -0.0224012 -0.0135214
v -0.0512929 -0.0223679 -0.0135362
v -0.0494041 -0.0235936 -0.0121761
v -0.0494389 -0.0234601 -0.0123494
v -0.0494964 -0.0233279 -0.0125176
v -0.049576 -0.0231986 -0.0126789
v -0.0496768 -0.0230737 -0.0128315
v -0.0497978 -0.0229544 -0.0129737
v -0.0499375 -0.0228422 -0.013104
v -0.0500944 -0.0227382 -0.0132208
v -0.0502668 -0.0226437 -0.0133229
v -0.0504527 -0.0225597 -0.0134091
v -0.0506501 -0.022487 -0.0134786
v -0.0508568 -0.0224266 -0.0135304
v -0.0510705 -0.0223791 -0.0135641
v -0.0512889 -0.0223449 -0.0135793
v -0.0513576 -0.0224967 -0.011699
v -0.0513057 -0.0225048 -0.0116954
v -0.0512548 -0.0225161 -0.0116874
v -0.0512057 -0.0225304 -0.0116751
v -0.0511587 -0.0225477 -0.0116586
v -0.0511145 -0.0225677 -0.011638
v -0.0510735 -0.0225902 -0.0116138
v -0.0510362 -0.0226149 -0.011586
v -0.051003 -0.0226416 -0.011555
v -0.0509742 -0.02267 -0.0115212
v -0.0509502 -0.0226997 -0.0114849
v -0.0509313 -0.0227304 -0.0114465
v -0.0509176 -0.0227619 -0.0114065
v -0.0509094 -0.0227936 -0.0113653
v -0.0509066 -0.0228254 -0.0113234
v -0.0496134 -0.0269094 -0.00758958
v -0.0495736 -0.0269323 -0.0076067
v -0.0495312 -0.0269519 -0.00762141
v -0.0494866 -0.0269681 -0.00763356
v -0.0494402 -0.0269807 -0.00764303
v -0.0493925 -0.0269896 -0.00764974
v -0.0509066 -0.0260879 -0.0069734
v -0.0517094 -0.0279314 -0.00597786
v -0.0517023 -0.0278867 -0.00599647
v -0.0515056 -0.0279076 -0.00599587
v -0.0513086 -0.027916 -0.00601198
v -0.0511136 -0.0279119 -0.00604462
v -0.0509226 -0.0278951 -0.00609344
v -0.0507379 -0.0278661 -0.00615789
v -0.0505614 -0.0278249 -0.00623725
v -0.0503952 -0.0277722 -0.00633063
v -0.0502411 -0.0277085 -0.006437
v -0.0501008 -0.0276345 -0.00655517
v -0.0499759 -0.027551 -0.00668383
v -0.0498677 -0.027459 -0.00682153
v -0.0497775 -0.0273594 -0.00696676
v -0.0497063 -0.0272535 -0.00711788
v -0.0496549 -0.0271424 -0.00727321
v -0.0496238 -0.0270273 -0.00743103
v -0.0517163 -0.0279741 -0.00595492
v -0.0517231 -0.0280144 -0.00592785
v -0.0517297 -0.0280518 -0.00589693
v -0.0517361 -0.028086 -0.00586244
v -0.0515083 -0.0279528 -0.00597724
v -0.0513069 -0.0279614 -0.00599372
v -0.0511074 -0.0279572 -0.0060271
v -0.0509122 -0.0279401 -0.00607701
v -0.0507233 -0.0279103 -0.0061429
v -0.0505429 -0.0278683 -0.00622404
v -0.050373 -0.0278144 -0.00631952
v -0.0502154 -0.0277492 -0.00642828
v -0.0500719 -0.0276736 -0.0065491
v -0.0499442 -0.0275882 -0.00668064
v -0.0498336 -0.0274941 -0.00682143
v -0.0497414 -0.0273924 -0.00696991
v -0.0496686 -0.0272841 -0.00712442
v -0.049616 -0.0271704 -0.00728324
v -0.0495842 -0.0270527 -0.0074446
v -0.0515106 -0.027996 -0.00595428
v -0.0513045 -0.0280049 -0.00597114
v -0.0511005 -0.0280005 -0.00600529
v -0.0509007 -0.027983 -0.00605636
v -0.0507075 -0.0279526 -0.00612377
v -0.0505229 -0.0279095 -0.00620679
v -0.050349 -0.0278544 -0.00630447
v -0.0501878 -0.0277877 -0.00641574
v -0.050041 -0.0277103 -0.00653936
v -0.0499104 -0.027623 -0.00667394
v -0.0497972 -0.0275267 -0.00681799
v -0.0497029 -0.0274226 -0.0069699
v -0.0496284 -0.0273118 -0.00712798
v -0.0495746 -0.0271956 -0.00729047
v -0.049542 -0.0270751 -0.00745556
v -0.0515126 -0.0280368 -0.0059272
v -0.0513017 -0.0280458 -0.00594445
v -0.0510928 -0.0280414 -0.00597941
v -0.0508884 -0.0280235 -0.00603168
v -0.0506906 -0.0279923 -0.00610068
v -0.0505016 -0.0279483 -0.00618565
v -0.0503237 -0.0278918 -0.00628563
v -0.0501587 -0.0278236 -0.00639952
v -0.0500084 -0.0277443 -0.00652604
v -0.0498747 -0.027655 -0.00666379
v -0.0497589 -0.0275565 -0.00681123
v -0.0496623 -0.0274499 -0.00696672
v -0.0495861 -0.0273365 -0.00712852
v -0.049531 -0.0272175 -0.00729483
v -0.0494977 -0.0270942 -0.00746381
v -0.0515142 -0.0280747 -0.00589627
v -0.0512983 -0.028084 -0.00591392
v -0.0510845 -0.0280794 -0.00594971
v -0.0508752 -0.0280611 -0.00600321
v -0.0506727 -0.0280292 -0.00607385
v -0.0504793 -0.0279841 -0.00616083
v -0.0502971 -0.0279263 -0.00626318
v -0.0501282 -0.0278565 -0.00637977
v -0.0499744 -0.0277754 -0.00650929
v -0.0498375 -0.0276839 -0.0066503
v -0.049719 -0.027583 -0.00680123
v -0.0496201 -0.0274739 -0.0069604
v -0.0495421 -0.0273578 -0.00712603
v -0.0494857 -0.027236 -0.00729628
v -0.0494516 -0.0271098 -0.00746926
v -0.0515154 -0.0281095 -0.00586177
v -0.0512944 -0.0281189 -0.00587984
v -0.0510756 -0.0281143 -0.00591647
v -0.0508614 -0.0280955 -0.00597124
v -0.0506541 -0.0280629 -0.00604354
v -0.0504561 -0.0280167 -0.00613257
v -0.0502697 -0.0279576 -0.00623734
v -0.0500968 -0.0278861 -0.00635667
v -0.0499393 -0.027803 -0.00648925
v -0.0497992 -0.0277094 -0.00663358
v -0.0496778 -0.0276062 -0.00678807
v -0.0495767 -0.0274945 -0.006951
v -0.0494968 -0.0273757 -0.00712054
v -0.0494391 -0.027251 -0.00729481
v -0.0494042 -0.0271218 -0.00747186
v -0.0509094 -0.0261193 -0.0069311
v -0.0509177 -0.02615 -0.00688899
v -0.0509314 -0.0261797 -0.00684754
v -0.0509504 -0.0262079 -0.00680723
v -0.0509744 -0.0262345 -0.00676848
v -0.0510033 -0.026259 -0.00673174
v -0.0510366 -0.0262813 -0.00669741
v -0.0510741 -0.026301 -0.00666589
v -0.0511152 -0.026318 -0.00663751
v -0.0511595 -0.0263321 -0.00661259
v -0.0512066 -0.0263431 -0.00659142
v -0.0512559 -0.0263508 -0.00657422
v -0.0513069 -0.0263553 -0.0065612
v -0.0513589 -0.0263564 -0.00655249
v -0.0514114 -0.0263542 -0.00654819
v -0.0514639 -0.0263486 -0.00654835
v -0.0898169 -0.0226062 -0.00774339
v -0.089824 -0.022651 -0.00772478
v -0.0898309 -0.0226937 -0.00770184
v -0.0898378 -0.0227339 -0.00767477
v -0.0898444 -0.0227713 -0.00764385
v -0.0898507 -0.0228055 -0.00760936
v -0.0897342 -0.0210306 -0.00832371
v -0.0897818 -0.0210117 -0.00834221
v -0.0896841 -0.0210464 -0.00830962
v -0.0895785 -0.0210681 -0.00829527
v -0.089632 -0.0210589 -0.0083001
v -0.0898263 -0.0209901 -0.00836489
v -0.0900172 -0.0225717 -0.00776151
v -0.0902124 -0.0225246 -0.00779719
v -0.0904004 -0.0224655 -0.00785
v -0.0905788 -0.0223949 -0.00791932
v -0.0906029 -0.0224349 -0.00790466
v -0.0904205 -0.0225071 -0.00783379
v -0.0902283 -0.0225676 -0.00777979
v -0.0900287 -0.0226157 -0.00774331
v -0.0906279 -0.0224726 -0.00788587
v -0.0904412 -0.0225464 -0.00781336
v -0.0902447 -0.0226084 -0.00775812
v -0.0900404 -0.0226576 -0.00772079
v -0.0906534 -0.0225077 -0.00786314
v -0.0904624 -0.0225832 -0.00778892
v -0.0902612 -0.0226466 -0.00773238
v -0.0900522 -0.022697 -0.00769418
v -0.0906794 -0.0225397 -0.00783667
v -0.0904838 -0.0226171 -0.0077607
v -0.0902778 -0.0226819 -0.00770282
v -0.0900638 -0.0227336 -0.00766371
v -0.0907054 -0.0225685 -0.00780674
v -0.0905052 -0.0226476 -0.00772897
v -0.0902944 -0.022714 -0.00766972
v -0.0900753 -0.0227669 -0.00762969
v -0.0505033 0.0226117 0.0323368
v -0.0506911 0.0225426 0.0324028
v -0.0503265 0.0226916 0.0322547
v -0.0921657 0.0209217 0.0288035
v -0.0920507 0.0206819 0.0291393
v -0.0508878 0.0224851 0.0324521
v -0.0500132 0.0228804 0.0320465
v -0.0501625 0.0227815 0.0321576
v -0.0495059 0.0235953 0.0311638
v -0.0495389 0.0234682 0.0313287
v -0.0921895 0.021048 0.0286318
v -0.0921905 0.0211767 0.0284602
v -0.0921192 0.0207992 0.0289734
v -0.0919608 0.0205711 0.0292995
v -0.0510911 0.0224399 0.0324842
v -0.0498803 0.0229872 0.0319226
v -0.0496694 0.0232195 0.0316421
v -0.0497653 0.0231006 0.0317873
v -0.0495937 0.0233425 0.0314887
v -0.0494948 0.0269847 0.0266461
v -0.0494948 0.0237223 0.030996
v -0.0898388 0.0227472 0.0266928
v -0.0517242 0.0280277 0.0249459
v -0.0919693 0.0216849 0.0278133
v -0.0918609 0.021803 0.0276709
v -0.0495059 0.0271105 0.0264769
v -0.0920574 0.0215617 0.0279653
v -0.0921686 0.0213062 0.0282906
v -0.0921241 0.021435 0.028125
v -0.0508921 0.0280367 0.0250494
v -0.0506949 0.0280057 0.0251181
v -0.0515142 0.02805 0.0249452
v -0.051304 0.028059 0.0249624
v -0.0900525 0.0227104 0.0267121
v -0.0914271 0.0221142 0.0273161
v -0.0918507 0.0204681 0.0294521
v -0.0914126 0.0202174 0.0298472
v -0.091575 0.0202903 0.0297275
v -0.091048 0.0201081 0.0300437
v -0.0912363 0.0201565 0.029953
v -0.0904338 0.0200432 0.0302154
v -0.0906445 0.0200511 0.0301756
v -0.0512988 0.0224074 0.0324986
v -0.0510959 0.0280546 0.0249973
v -0.0915882 0.0220189 0.0274208
v -0.0917216 0.0203742 0.0295953
v -0.09085 0.0200728 0.0301182
v -0.0495391 0.0272334 0.0263084
v -0.0497662 0.0275712 0.0258264
v -0.04967 0.027465 0.0259814
v -0.0505066 0.0279618 0.0252028
v -0.0503292 0.0279055 0.0253025
v -0.0908298 0.0224351 0.0269713
v -0.049594 0.027352 0.0261427
v -0.0498817 0.0276694 0.0256794
v -0.0501647 0.0278375 0.025416
v -0.050015 0.0277585 0.0255421
v -0.0917334 0.0219148 0.0275395
v -0.0515086 0.0223881 0.0324953
v -0.0902205 0.0200492 0.0302371
v -0.0906518 0.0225217 0.0268806
v -0.0904614 0.022597 0.0268066
v -0.0902608 0.0226602 0.0267502
v -0.050788 0.0261632 0.0260299
v -0.050788 0.0229007 0.0303799
v -0.0507915 0.0262025 0.0259769
v -0.0508019 0.026241 0.0259242
v -0.0508191 0.0262781 0.0258723
v -0.0508429 0.0263135 0.0258218
v -0.050873 0.0263467 0.0257733
v -0.0509091 0.0263775 0.0257273
v -0.0509508 0.0264053 0.0256844
v -0.0509977 0.0264301 0.0256449
v -0.0510492 0.0264513 0.0256094
v -0.0511047 0.026469 0.0255782
v -0.0511637 0.0264827 0.0255517
v -0.0512254 0.0264924 0.0255301
v -0.0512891 0.026498 0.0255138
v -0.0513543 0.0264994 0.0255029
v -0.0514201 0.0264966 0.0254976
v -0.0514858 0.0264896 0.0254978
v -0.0513526 0.0224892 0.0308501
v -0.0512876 0.0224993 0.0308456
v -0.051224 0.0225135 0.0308356
v -0.0511625 0.0225315 0.0308202
v -0.0511037 0.0225531 0.0307995
v -0.0510483 0.0225781 0.0307738
v -0.050997 0.0226063 0.0307434
v -0.0509503 0.0226372 0.0307086
v -0.0509087 0.0226706 0.0306699
v -0.0508727 0.0227061 0.0306275
v -0.0508427 0.0227433 0.0305821
v -0.050819 0.0227818 0.030534
v -0.0508018 0.0228212 0.030484
v -0.0507915 0.0228609 0.0304324
v -0.0514183 0.0224831 0.0308491
v -0.0896004 0.0212091 0.0272447
v -0.0901302 0.0201443 0.0285909
v -0.0896673 0.0211976 0.0272507
v -0.0897325 0.0211819 0.0272626
v -0.0897953 0.0211621 0.0272803
v -0.0898549 0.0211385 0.0273034
v -0.0899106 0.0211114 0.0273318
v -0.0905583 0.0207607 0.0277095
v -0.0906037 0.0207281 0.0277466
v -0.0906436 0.0206932 0.0277877
v -0.0906776 0.0206562 0.0278323
v -0.0907051 0.0206176 0.0278799
v -0.090726 0.020578 0.0279299
v -0.09074 0.0205377 0.0279817
v -0.0907468 0.0204971 0.0280348
v -0.0907465 0.0204569 0.0280885
v -0.090739 0.0204173 0.0281422
v -0.0907245 0.020379 0.0281954
v -0.090703 0.0203423 0.0282473
v -0.0906749 0.0203076 0.0282975
v -0.0906405 0.0202754 0.0283452
v -0.0906001 0.020246 0.02839
v -0.0905542 0.0202197 0.0284314
v -0.0905033 0.0201969 0.0284689
v -0.0904482 0.0201778 0.028502
v -0.0903892 0.0201627 0.0285304
v -0.0903272 0.0201517 0.0285537
v -0.0902629 0.0201449 0.0285717
v -0.090197 0.0201424 0.0285841
v -0.0905079 0.0207906 0.0276767
v -0.0901277 0.0201495 0.0285423
v -0.09048 0.0207524 0.0276894
v -0.0901255 0.0201594 0.0284943
v -0.0904511 0.0207166 0.0277062
v -0.0901237 0.020174 0.0284476
v -0.0904214 0.0206835 0.0277269
v -0.0901222 0.0201931 0.0284025
v -0.0903913 0.0206535 0.0277512
v -0.0901211 0.0202164 0.0283595
v -0.0903609 0.0206269 0.0277789
v -0.0903588 0.0205872 0.0278281
v -0.0903841 0.0205691 0.0278488
v -0.0904063 0.0205496 0.0278717
v -0.0904252 0.020529 0.0278965
v -0.0904406 0.0205075 0.027923
v -0.0904522 0.0204855 0.0279508
v -0.09046 0.020463 0.0279797
v -0.0904638 0.0204404 0.0280092
v -0.0904636 0.020418 0.0280392
v -0.0904595 0.020396 0.0280691
v -0.0904513 0.0203746 0.0280987
v -0.0904394 0.0203542 0.0281276
v -0.0904237 0.0203349 0.0281555
v -0.0904045 0.0203169 0.0281821
v -0.090382 0.0203005 0.0282071
v -0.0903565 0.0202859 0.0282301
v -0.0903282 0.0202732 0.028251
v -0.0902975 0.0202626 0.0282694
v -0.0902646 0.0202542 0.0282852
v -0.0902301 0.020248 0.0282982
v -0.0901943 0.0202442 0.0283083
v -0.0901576 0.0202429 0.0283152
v -0.0901204 0.0202439 0.028319
v -0.0903307 0.0206039 0.0278098
v -0.090527 0.0207246 0.02772
v -0.0905694 0.0206941 0.0277547
v -0.0906066 0.0206615 0.027793
v -0.0906383 0.020627 0.0278346
v -0.090664 0.0205911 0.027879
v -0.0906835 0.0205541 0.0279256
v -0.0906965 0.0205164 0.027974
v -0.0907029 0.0204786 0.0280235
v -0.0907026 0.0204411 0.0280736
v -0.0906956 0.0204042 0.0281237
v -0.0906821 0.0203684 0.0281733
v -0.090662 0.0203342 0.0282218
v -0.0906358 0.0203018 0.0282685
v -0.0906037 0.0202718 0.0283131
v -0.090566 0.0202443 0.0283549
v -0.0905232 0.0202198 0.0283935
v -0.0904758 0.0201986 0.0284284
v -0.0904243 0.0201808 0.0284593
v -0.0903693 0.0201667 0.0284858
v -0.0903115 0.0201564 0.0285075
v -0.0902515 0.02015 0.0285243
v -0.09019 0.0201477 0.0285359
v -0.0904945 0.0206909 0.0277345
v -0.0905337 0.0206628 0.0277665
v -0.0905681 0.0206326 0.0278019
v -0.0905974 0.0206007 0.0278404
v -0.0906211 0.0205675 0.0278814
v -0.0906391 0.0205333 0.0279245
v -0.0906511 0.0204985 0.0279692
v -0.0906571 0.0204636 0.0280149
v -0.0906568 0.0204289 0.0280612
v -0.0906504 0.0203948 0.0281076
v -0.0906378 0.0203618 0.0281534
v -0.0906193 0.0203301 0.0281982
v -0.0905951 0.0203002 0.0282414
v -0.0905654 0.0202724 0.0282825
v -0.0905305 0.0202471 0.0283212
v -0.090491 0.0202244 0.0283569
v -0.0904472 0.0202048 0.0283892
v -0.0903996 0.0201883 0.0284177
v -0.0903488 0.0201753 0.0284422
v -0.0902954 0.0201658 0.0284623
v -0.0902399 0.0201599 0.0284778
v -0.0901831 0.0201578 0.0284885
v -0.0904612 0.02066 0.0277527
v -0.090497 0.0206343 0.027782
v -0.0905284 0.0206067 0.0278144
v -0.0905552 0.0205776 0.0278496
v -0.0905769 0.0205472 0.0278871
v -0.0905934 0.0205159 0.0279265
v -0.0906044 0.0204841 0.0279673
v -0.0906098 0.0204522 0.0280092
v -0.0906095 0.0204204 0.0280515
v -0.0906036 0.0203893 0.0280939
v -0.0905922 0.020359 0.0281358
v -0.0905753 0.0203301 0.0281767
v -0.0905531 0.0203028 0.0282163
v -0.0905259 0.0202773 0.0282539
v -0.0904941 0.0202542 0.0282893
v -0.0904579 0.0202335 0.0283219
v -0.0904178 0.0202155 0.0283514
v -0.0903743 0.0202004 0.0283775
v -0.0903279 0.0201885 0.0283999
v -0.090279 0.0201798 0.0284183
v -0.0902283 0.0201745 0.0284325
v -0.0901763 0.0201725 0.0284423
v -0.0904272 0.0206323 0.0277745
v -0.0904596 0.0206091 0.027801
v -0.090488 0.0205841 0.0278303
v -0.0905122 0.0205578 0.0278621
v -0.0905318 0.0205303 0.0278959
v -0.0905467 0.0205021 0.0279315
v -0.0905566 0.0204733 0.0279685
v -0.0905615 0.0204445 0.0280063
v -0.0905613 0.0204158 0.0280446
v -0.090556 0.0203876 0.0280829
v -0.0905456 0.0203603 0.0281207
v -0.0905303 0.0203341 0.0281577
v -0.0905103 0.0203094 0.0281935
v -0.0904857 0.0202865 0.0282275
v -0.0904569 0.0202655 0.0282594
v -0.0904242 0.0202468 0.0282889
v -0.090388 0.0202306 0.0283156
v -0.0903487 0.020217 0.0283392
v -0.0903067 0.0202062 0.0283594
v -0.0902626 0.0201983 0.028376
v -0.0902167 0.0201935 0.0283888
v -0.0901698 0.0201917 0.0283977
v -0.090393 0.0206079 0.0277997
v -0.0904218 0.0205872 0.0278233
v -0.0904472 0.020565 0.0278494
v -0.0904687 0.0205415 0.0278777
v -0.0904862 0.0205171 0.027908
v -0.0904995 0.0204919 0.0279397
v -0.0905083 0.0204663 0.0279726
v -0.0905127 0.0204405 0.0280063
v -0.0905125 0.020415 0.0280404
v -0.0905077 0.0203899 0.0280746
v -0.0904985 0.0203655 0.0281083
v -0.0904849 0.0203422 0.0281413
v -0.090467 0.0203202 0.0281731
v -0.0904451 0.0202997 0.0282035
v -0.0904195 0.020281 0.0282319
v -0.0903903 0.0202643 0.0282582
v -0.0903581 0.0202499 0.028282
v -0.090323 0.0202377 0.028303
v -0.0902856 0.0202281 0.0283211
v -0.0902462 0.0202211 0.0283359
v -0.0902054 0.0202168 0.0283473
v -0.0901635 0.0202152 0.0283552
v -0.0511249 0.0261971 0.0257974
v -0.0512029 0.0262383 0.0257317
v -0.0512338 0.0262481 0.0257143
v -0.0511481 0.0262127 0.0257734
v -0.0511742 0.0262264 0.0257514
v -0.0513357 0.0225918 0.0305752
v -0.0512332 0.0226217 0.0305495
v -0.0512024 0.0226357 0.0305352
v -0.0513003 0.0225997 0.0305696
v -0.051088 0.0261615 0.02585
v -0.0513365 0.0262643 0.0256785
v -0.0513728 0.026265 0.0256724
v -0.0512666 0.0262557 0.0256995
v -0.051301 0.0262612 0.0256875
v -0.0511048 0.02618 0.025823
v -0.051266 0.0226097 0.030561
v -0.0514095 0.0262635 0.0256694
v -0.0510652 0.0261211 0.025907
v -0.0510747 0.0261418 0.0258781
v -0.0510575 0.0260778 0.0259659
v -0.0510594 0.0260997 0.0259364
v -0.0513719 0.0225861 0.0305777
v -0.0511738 0.0226513 0.0305183
v -0.0511478 0.0226686 0.0304989
v -0.0510651 0.022771 0.0303738
v -0.0510594 0.0227932 0.0303451
v -0.0510879 0.0227277 0.0304284
v -0.0510747 0.0227491 0.0304017
v -0.0511247 0.0226872 0.0304773
v -0.0511046 0.022707 0.0304538
v -0.0895607 0.0209791 0.0274164
v -0.0896692 0.0209529 0.0274363
v -0.0897024 0.0209398 0.0274491
v -0.0895979 0.0209727 0.0274198
v -0.0896342 0.0209639 0.0274264
v -0.0510575 0.0228153 0.0303158
v -0.0897334 0.0209247 0.027465
v -0.0514085 0.0225828 0.0305772
v -0.051446 0.0262596 0.0256695
v -0.0514092 0.0225553 0.0306177
v -0.0514103 0.0225319 0.0306607
v -0.0514118 0.0225128 0.0307058
v -0.0514136 0.0224983 0.0307525
v -0.0514158 0.0224883 0.0308005
v -0.0897636 0.0209478 0.0274341
v -0.0897939 0.0209744 0.0274063
v -0.0898241 0.0210044 0.027382
v -0.0898538 0.0210374 0.0273614
v -0.0898827 0.0210732 0.0273446
v -0.0508278 0.0228778 0.0303627
v -0.0508702 0.0228582 0.030348
v -0.0509148 0.022842 0.0303359
v -0.0509612 0.0228294 0.0303264
v -0.0510089 0.0228205 0.0303197
v -0.0513545 0.022494 0.0308014
v -0.0512939 0.0225034 0.0307972
v -0.0512345 0.0225166 0.0307879
v -0.0511771 0.0225334 0.0307735
v -0.0511223 0.0225536 0.0307542
v -0.0510707 0.0225769 0.0307302
v -0.0510228 0.0226032 0.0307019
v -0.0509792 0.0226321 0.0306694
v -0.0509404 0.0226632 0.0306333
v -0.0509068 0.0226964 0.0305938
v -0.0508788 0.0227311 0.0305514
v -0.0508567 0.022767 0.0305066
v -0.0508407 0.0228037 0.0304598
v -0.0508311 0.0228408 0.0304117
v -0.051357 0.0225035 0.0307534
v -0.0513009 0.0225122 0.0307496
v -0.0512461 0.0225244 0.0307409
v -0.051193 0.0225399 0.0307276
v -0.0511424 0.0225586 0.0307098
v -0.0510946 0.0225802 0.0306876
v -0.0510504 0.0226044 0.0306614
v -0.0510101 0.0226311 0.0306315
v -0.0509743 0.0226599 0.030598
v -0.0509432 0.0226905 0.0305615
v -0.0509173 0.0227226 0.0305224
v -0.0508969 0.0227558 0.0304809
v -0.0508822 0.0227897 0.0304378
v -0.0508732 0.022824 0.0303933
v -0.05136 0.0225176 0.0307066
v -0.0513087 0.0225256 0.0307031
v -0.0512586 0.0225368 0.0306952
v -0.05121 0.0225509 0.030683
v -0.0511637 0.022568 0.0306667
v -0.0511201 0.0225877 0.0306465
v -0.0510796 0.0226099 0.0306225
v -0.0510428 0.0226343 0.0305951
v -0.05101 0.0226607 0.0305645
v -0.0509816 0.0226887 0.0305311
v -0.0509579 0.022718 0.0304953
v -0.0509392 0.0227483 0.0304574
v -0.0509257 0.0227793 0.030418
v -0.0509176 0.0228107 0.0303773
v -0.0513635 0.0225362 0.0306615
v -0.0513172 0.0225434 0.0306583
v -0.0512718 0.0225535 0.0306511
v -0.051228 0.0225663 0.0306401
v -0.0511861 0.0225818 0.0306254
v -0.0511467 0.0225996 0.0306071
v -0.0511101 0.0226196 0.0305854
v -0.0510768 0.0226417 0.0305606
v -0.0510472 0.0226655 0.030533
v -0.0510215 0.0226908 0.0305029
v -0.0510001 0.0227173 0.0304705
v -0.0509833 0.0227447 0.0304363
v -0.0509711 0.0227728 0.0304006
v -0.0509637 0.0228011 0.0303638
v -0.0513675 0.0225591 0.0306184
v -0.0513262 0.0225656 0.0306155
v -0.0512858 0.0225746 0.0306091
v -0.0512467 0.022586 0.0305993
v -0.0512094 0.0225997 0.0305862
v -0.0511742 0.0226156 0.0305699
v -0.0511416 0.0226335 0.0305506
v -0.0511119 0.0226531 0.0305285
v -0.0510855 0.0226744 0.0305039
v -0.0510627 0.0226969 0.030477
v -0.0510436 0.0227205 0.0304481
v -0.0510285 0.022745 0.0304176
v -0.0510177 0.02277 0.0303858
v -0.0510111 0.0227952 0.0303531
v -0.0895933 0.0211644 0.0272633
v -0.0895864 0.0211217 0.0272862
v -0.0895795 0.0210814 0.0273133
v -0.089573 0.021044 0.0273442
v -0.0895666 0.0210098 0.0273787
v -0.0896557 0.0211536 0.0272689
v -0.0897166 0.021139 0.02728
v -0.0897751 0.0211205 0.0272965
v -0.0898307 0.0210985 0.0273181
v -0.089644 0.0211117 0.0272914
v -0.0897002 0.0210982 0.0273017
v -0.0897544 0.0210811 0.0273169
v -0.0898057 0.0210608 0.0273369
v -0.0896323 0.0210723 0.0273181
v -0.0896837 0.0210599 0.0273275
v -0.0897332 0.0210443 0.0273414
v -0.0897802 0.0210258 0.0273596
v -0.0896206 0.0210358 0.0273485
v -0.0896671 0.0210246 0.027357
v -0.0897118 0.0210105 0.0273696
v -0.0897543 0.0209937 0.0273861
v -0.0896091 0.0210025 0.0273825
v -0.0896505 0.0209925 0.0273901
v -0.0896904 0.0209799 0.0274013
v -0.0897282 0.020965 0.027416
v -0.0508278 0.0261403 0.0260128
v -0.0508702 0.0261207 0.025998
v -0.0509148 0.0261045 0.0259859
v -0.0509612 0.0260919 0.0259764
v -0.0510089 0.026083 0.0259697
v -0.051452 0.0262903 0.0256318
v -0.0514583 0.0263245 0.0255973
v -0.0514649 0.0263619 0.0255664
v -0.0514718 0.0264021 0.0255393
v -0.0514787 0.0264448 0.0255164
v -0.0508311 0.026177 0.0259634
v -0.0508408 0.0262129 0.0259142
v -0.0508568 0.0262475 0.0258658
v -0.050879 0.0262806 0.0258187
v -0.0509071 0.0263116 0.0257734
v -0.0509408 0.0263402 0.0257305
v -0.0509797 0.0263662 0.0256904
v -0.0510234 0.0263893 0.0256536
v -0.0510715 0.0264092 0.0256205
v -0.0511232 0.0264256 0.0255914
v -0.0511782 0.0264384 0.0255667
v -0.0512358 0.0264475 0.0255466
v -0.0512953 0.0264527 0.0255314
v -0.0513561 0.026454 0.0255212
v -0.0514174 0.0264513 0.0255162
v -0.0508732 0.0261546 0.0259524
v -0.0508822 0.0261878 0.025907
v -0.050897 0.0262198 0.0258622
v -0.0509175 0.0262503 0.0258187
v -0.0509435 0.026279 0.0257769
v -0.0509746 0.0263055 0.0257372
v -0.0510106 0.0263295 0.0257002
v -0.051051 0.0263508 0.0256662
v -0.0510954 0.0263692 0.0256355
v -0.0511432 0.0263843 0.0256086
v -0.0511941 0.0263962 0.0255858
v -0.0512473 0.0264046 0.0255672
v -0.0513022 0.0264094 0.0255532
v -0.0513584 0.0264106 0.0255438
v -0.0514151 0.0264081 0.0255391
v -0.0509176 0.0261356 0.0259441
v -0.0509258 0.0261659 0.0259026
v -0.0509393 0.0261951 0.0258617
v -0.0509581 0.026223 0.0258219
v -0.0509818 0.0262492 0.0257836
v -0.0510103 0.0262735 0.0257474
v -0.0510432 0.0262954 0.0257135
v -0.0510802 0.0263149 0.0256824
v -0.0511207 0.0263317 0.0256544
v -0.0511645 0.0263456 0.0256298
v -0.051211 0.0263564 0.0256089
v -0.0512596 0.0263641 0.0255919
v -0.0513099 0.0263685 0.0255791
v -0.0513613 0.0263696 0.0255705
v -0.0514131 0.0263674 0.0255662
v -0.0509637 0.0261199 0.0259387
v -0.0509711 0.0261473 0.0259011
v -0.0509833 0.0261738 0.0258642
v -0.0510003 0.026199 0.0258282
v -0.0510217 0.0262227 0.0257936
v -0.0510475 0.0262446 0.0257609
v -0.0510772 0.0262644 0.0257303
v -0.0511106 0.0262821 0.0257021
v -0.0511473 0.0262972 0.0256768
v -0.0511868 0.0263098 0.0256546
v -0.0512288 0.0263196 0.0256357
v -0.0512728 0.0263265 0.0256204
v -0.0513182 0.0263305 0.0256088
v -0.0513647 0.0263314 0.025601
v -0.0514115 0.0263294 0.0255972
v -0.0510111 0.0261079 0.0259361
v -0.0510177 0.0261324 0.0259026
v -0.0510286 0.0261559 0.0258697
v -0.0510437 0.0261784 0.0258376
v -0.0510629 0.0261995 0.0258068
v -0.0510858 0.026219 0.0257776
v -0.0511123 0.0262368 0.0257503
v -0.0511421 0.0262525 0.0257252
v -0.0511748 0.026266 0.0257027
v -0.05121 0.0262772 0.0256829
v -0.0512474 0.0262859 0.025666
v -0.0512866 0.0262921 0.0256524
v -0.0513271 0.0262956 0.025642
v -0.0513685 0.0262965 0.0256351
v -0.0514103 0.0262947 0.0256317
v -0.049344 0.0237323 -0.0120036
v -0.049344 0.0269948 -0.00765361
v -0.0902221 0.0199583 -0.0113581
v -0.0493559 0.0235957 -0.0121841
v -0.0497587 0.0229416 -0.0130003
v -0.0496349 0.0230636 -0.0128547
v -0.0515102 0.0222971 -0.0136163
v -0.0495317 0.0231915 -0.0126986
v -0.0504288 0.0225377 -0.0134458
v -0.0502386 0.0226237 -0.0133575
v -0.0904516 0.0199519 -0.0113348
v -0.0493914 0.023459 -0.0123614
v -0.0494503 0.0233238 -0.0125335
v -0.0506308 0.0224633 -0.0135168
v -0.0512845 0.0223179 -0.0136199
v -0.0500622 0.0227204 -0.0132531
v -0.0499016 0.0228268 -0.0131335
v -0.0508423 0.0224015 -0.0135699
v -0.051061 0.0223529 -0.0136044
v -0.0921907 0.0206389 -0.0101773
v -0.0500646 0.0279121 -0.00633046
v -0.0502415 0.0279852 -0.00620835
v -0.0497601 0.0277313 -0.00661381
v -0.0499035 0.0278271 -0.00646612
v -0.0920941 0.0205197 -0.0103496
v -0.0923145 0.0208969 -0.00981606
v -0.0923402 0.0210327 -0.00963135
v -0.0510662 0.0281456 -0.00588001
v -0.0512901 0.0281504 -0.00584253
v -0.0506349 0.028093 -0.00601004
v -0.050847 0.0281264 -0.00593605
v -0.0495324 0.0275114 -0.00693861
v -0.0496359 0.0276257 -0.0067719
v -0.0493559 0.0271301 -0.0074716
v -0.0919757 0.0204089 -0.0105137
v -0.0918368 0.0203078 -0.0106678
v -0.0922645 0.0207651 -0.00999873
v -0.0504323 0.0280458 -0.00610114
v -0.0494506 0.0273898 -0.0071121
v -0.0493916 0.0272622 -0.00729042
v -0.0908992 0.0199837 -0.0112302
v -0.0906781 0.0199604 -0.011292
v -0.0913147 0.0200736 -0.0110525
v -0.0911122 0.0200216 -0.0111501
v -0.0916791 0.0202176 -0.01081
v -0.0915044 0.0201392 -0.0109388
v -0.0909227 0.0225005 -0.0078712
v -0.09152 0.0221796 -0.00821606
v -0.0923412 0.0211711 -0.00944672
v -0.0921032 0.0217177 -0.00875091
v -0.092198 0.0215853 -0.00891437
v -0.0918495 0.0219651 -0.00845638
v -0.0919866 0.0218448 -0.00859766
v -0.0907312 0.0225936 -0.00777361
v -0.0922697 0.021449 -0.00908615
v -0.0923176 0.0213104 -0.00926428
v -0.0916933 0.0220771 -0.00832869
v -0.051742 0.0281167 -0.00582473
v -0.0905264 0.0226746 -0.00769404
v -0.0900865 0.0227966 -0.00759245
v -0.0903107 0.0227426 -0.00763341
v -0.0515162 0.0281407 -0.00582403
v -0.0898567 0.0228362 -0.00757165
v -0.0495736 0.0269323 -0.0076067
v -0.0496134 0.0269094 -0.00758958
v -0.0496238 0.0270273 -0.00743103
v -0.0496549 0.0271424 -0.00727321
v -0.0497063 0.0272535 -0.00711788
v -0.0497775 0.0273594 -0.00696676
v -0.0498677 0.027459 -0.00682153
v -0.0499759 0.027551 -0.00668383
v -0.0501008 0.0276345 -0.00655517
v -0.0502411 0.0277085 -0.006437
v -0.0503952 0.0277722 -0.00633063
v -0.0505614 0.0278249 -0.00623725
v -0.0507379 0.0278661 -0.00615789
v -0.0509226 0.0278951 -0.00609344
v -0.0511136 0.0279119 -0.00604462
v -0.0513086 0.027916 -0.00601198
v -0.0515056 0.0279076 -0.00599587
v -0.0517023 0.0278867 -0.00599647
v -0.0495312 0.0269519 -0.00762141
v -0.0517094 0.0279314 -0.00597786
v -0.0494866 0.0269681 -0.00763356
v -0.0517163 0.0279741 -0.00595492
v -0.0494402 0.0269807 -0.00764303
v -0.0517231 0.0280144 -0.00592785
v -0.0493925 0.0269896 -0.00764974
v -0.0517297 0.0280518 -0.00589693
v -0.0517361 0.028086 -0.00586244
v -0.0495842 0.0270527 -0.0074446
v -0.049616 0.0271704 -0.00728324
v -0.0496686 0.0272841 -0.00712442
v -0.0497414 0.0273924 -0.00696991
v -0.0498336 0.0274941 -0.00682143
v -0.0499442 0.0275882 -0.00668064
v -0.0500719 0.0276736 -0.0065491
v -0.0502154 0.0277492 -0.00642828
v -0.050373 0.0278144 -0.00631952
v -0.0505429 0.0278683 -0.00622404
v -0.0507233 0.0279103 -0.0061429
v -0.0509122 0.0279401 -0.00607701
v -0.0511074 0.0279572 -0.0060271
v -0.0513069 0.0279614 -0.00599372
v -0.0515083 0.0279528 -0.00597724
v -0.049542 0.0270751 -0.00745556
v -0.0495746 0.0271956 -0.00729047
v -0.0496284 0.0273118 -0.00712798
v -0.0497029 0.0274226 -0.0069699
v -0.0497972 0.0275267 -0.00681799
v -0.0499104 0.027623 -0.00667394
v -0.050041 0.0277103 -0.00653936
v -0.0501878 0.0277877 -0.00641574
v -0.050349 0.0278544 -0.00630447
v -0.0505229 0.0279095 -0.00620679
v -0.0507075 0.0279526 -0.00612377
v -0.0509007 0.027983 -0.00605636
v -0.0511005 0.0280005 -0.00600529
v -0.0513045 0.0280049 -0.00597114
v -0.0515106 0.027996 -0.00595428
v -0.0494977 0.0270942 -0.00746381
v -0.049531 0.0272175 -0.00729483
v -0.0495861 0.0273365 -0.00712852
v -0.0496623 0.0274499 -0.00696672
v -0.0497589 0.0275565 -0.00681123
v -0.0498747 0.027655 -0.00666379
v -0.0500084 0.0277443 -0.00652604
v -0.0501587 0.0278236 -0.00639952
v -0.0503237 0.0278918 -0.00628563
v -0.0505016 0.0279483 -0.00618565
v -0.0506906 0.0279923 -0.00610068
v -0.0508884 0.0280235 -0.00603168
v -0.0510928 0.0280414 -0.00597941
v -0.0513017 0.0280458 -0.00594445
v -0.0515126 0.0280368 -0.0059272
v -0.0494516 0.0271098 -0.00746926
v -0.0494857 0.027236 -0.00729628
v -0.0495421 0.0273578 -0.00712603
v -0.0496201 0.0274739 -0.0069604
v -0.049719 0.027583 -0.00680123
v -0.0498375 0.0276839 -0.0066503
v -0.0499744 0.0277754 -0.00650929
v -0.0501282 0.0278565 -0.00637977
v -0.0502971 0.0279263 -0.00626318
v -0.0504793 0.0279841 -0.00616083
v -0.0506727 0.0280292 -0.00607385
v -0.0508752 0.0280611 -0.00600321
v -0.0510845 0.0280794 -0.00594971
v -0.0512983 0.028084 -0.00591392
v -0.0515142 0.0280747 -0.00589627
v -0.0494042 0.0271218 -0.00747186
v -0.0494391 0.027251 -0.00729481
v -0.0494968 0.0273757 -0.00712054
v -0.0495767 0.0274945 -0.006951
v -0.0496778 0.0276062 -0.00678807
v -0.0497992 0.0277094 -0.00663358
v -0.0499393 0.027803 -0.00648925
v -0.0500968 0.0278861 -0.00635667
v -0.0502697 0.0279576 -0.00623734
v -0.0504561 0.0280167 -0.00613257
v -0.0506541 0.0280629 -0.00604354
v -0.0508614 0.0280955 -0.00597124
v -0.0510756 0.0281143 -0.00591647
v -0.0512944 0.0281189 -0.00587984
v -0.0515154 0.0281095 -0.00586177
v -0.0898507 0.0228055 -0.00760936
v -0.0898444 0.0227713 -0.00764385
v -0.0898378 0.0227339 -0.00767477
v -0.0898309 0.0226937 -0.00770184
v -0.089824 0.022651 -0.00772478
v -0.0898169 0.0226062 -0.00774339
v -0.0493925 0.0237272 -0.0119997
v -0.0494402 0.0237182 -0.011993
v -0.0494866 0.0237056 -0.0119835
v -0.0495312 0.0236894 -0.0119714
v -0.0495736 0.0236698 -0.0119567
v -0.0496134 0.0236469 -0.0119396
v -0.0514114 0.0263542 -0.00654819
v -0.0513589 0.0263564 -0.00655249
v -0.0513069 0.0263553 -0.0065612
v -0.0512559 0.0263508 -0.00657422
v -0.0512066 0.0263431 -0.00659142
v -0.0511595 0.0263321 -0.00661259
v -0.0511152 0.026318 -0.00663751
v -0.0510741 0.026301 -0.00666589
v -0.0510366 0.0262813 -0.00669741
v -0.0510033 0.026259 -0.00673174
v -0.0509744 0.0262345 -0.00676848
v -0.0509504 0.0262079 -0.00680723
v -0.0509314 0.0261797 -0.00684754
v -0.0509177 0.02615 -0.00688899
v -0.0509094 0.0261193 -0.0069311
v -0.0509066 0.0260879 -0.0069734
v -0.0514639 0.0263486 -0.00654835
v -0.0509066 0.0228254 -0.0113234
v -0.0515028 0.0223916 -0.013393
v -0.0515003 0.0223968 -0.0133444
v -0.0513037 0.0224149 -0.0133475
v -0.0511091 0.0224453 -0.013334
v -0.0509186 0.0224877 -0.0133039
v -0.0507343 0.0225415 -0.0132577
v -0.0505584 0.0226063 -0.0131958
v -0.0503926 0.0226812 -0.013119
v -0.050239 0.0227655 -0.013028
v -0.0500991 0.0228581 -0.0129238
v -0.0499746 0.0229582 -0.0128077
v -0.0498668 0.0230645 -0.012681
v -0.0497769 0.0231759 -0.012545
v -0.049706 0.0232911 -0.0124012
v -0.0496547 0.0234089 -0.0122512
v -0.0496237 0.0235279 -0.0120968
v -0.051505 0.0223816 -0.0134409
v -0.0515069 0.0223671 -0.0134876
v -0.0515084 0.022348 -0.0135327
v -0.0515095 0.0223246 -0.0135757
v -0.0513018 0.0224101 -0.0133962
v -0.0511028 0.0224412 -0.0133824
v -0.0509081 0.0224845 -0.0133517
v -0.0507197 0.0225396 -0.0133044
v -0.0505398 0.0226058 -0.0132411
v -0.0503703 0.0226824 -0.0131625
v -0.0502132 0.0227685 -0.0130695
v -0.0500702 0.0228633 -0.012963
v -0.0499429 0.0229656 -0.0128443
v -0.0498327 0.0230742 -0.0127147
v -0.0497408 0.0231881 -0.0125757
v -0.0496683 0.0233059 -0.0124287
v -0.0496158 0.0234264 -0.0122753
v -0.0495842 0.0235481 -0.0121174
v -0.0512994 0.0224006 -0.0134442
v -0.0510958 0.0224324 -0.0134301
v -0.0508965 0.0224767 -0.0133986
v -0.0507038 0.0225331 -0.0133503
v -0.0505197 0.0226008 -0.0132855
v -0.0503463 0.0226792 -0.0132051
v -0.0501856 0.0227673 -0.0131099
v -0.0500393 0.0228642 -0.013001
v -0.049909 0.0229689 -0.0128796
v -0.0497963 0.0230801 -0.012747
v -0.0497023 0.0231966 -0.0126047
v -0.049628 0.0233171 -0.0124543
v -0.0495744 0.0234404 -0.0122974
v -0.049542 0.0235649 -0.0121359
v -0.0512964 0.0223865 -0.013491
v -0.051088 0.022419 -0.0134765
v -0.050884 0.0224644 -0.0134444
v -0.0506868 0.0225221 -0.0133949
v -0.0504984 0.0225914 -0.0133286
v -0.0503209 0.0226716 -0.0132463
v -0.0501564 0.0227618 -0.0131489
v -0.0500067 0.022861 -0.0130374
v -0.0498733 0.0229681 -0.0129131
v -0.0497579 0.0230819 -0.0127774
v -0.0496617 0.0232012 -0.0126317
v -0.0495857 0.0233246 -0.0124778
v -0.0495308 0.0234507 -0.0123172
v -0.0494977 0.0235782 -0.0121519
v -0.0512929 0.0223679 -0.0135362
v -0.0510796 0.0224012 -0.0135214
v -0.0508708 0.0224476 -0.0134884
v -0.0506688 0.0225067 -0.0134378
v -0.0504759 0.0225776 -0.0133699
v -0.0502943 0.0226597 -0.0132857
v -0.0501259 0.0227521 -0.0131859
v -0.0499726 0.0228537 -0.0130718
v -0.0498361 0.0229633 -0.0129446
v -0.049718 0.0230798 -0.0128056
v -0.0496195 0.0232019 -0.0126566
v -0.0495417 0.0233282 -0.012499
v -0.0494855 0.0234573 -0.0123346
v -0.0494516 0.0235878 -0.0121653
v -0.0512889 0.0223449 -0.0135793
v -0.0510705 0.0223791 -0.0135641
v -0.0508568 0.0224266 -0.0135304
v -0.0506501 0.022487 -0.0134786
v -0.0504527 0.0225597 -0.0134091
v -0.0502668 0.0226437 -0.0133229
v -0.0500944 0.0227382 -0.0132208
v -0.0499375 0.0228422 -0.013104
v -0.0497978 0.0229544 -0.0129737
v -0.0496768 0.0230737 -0.0128315
v -0.049576 0.0231986 -0.0126789
v -0.0494964 0.0233279 -0.0125176
v -0.0494389 0.0234601 -0.0123494
v -0.0494041 0.0235936 -0.0121761
v -0.0509094 0.0227936 -0.0113653
v -0.0509176 0.0227619 -0.0114065
v -0.0509313 0.0227304 -0.0114465
v -0.0509502 0.0226997 -0.0114849
v -0.0509742 0.02267 -0.0115212
v -0.051003 0.0226416 -0.011555
v -0.0510362 0.0226149 -0.011586
v -0.0510735 0.0225902 -0.0116138
v -0.0511145 0.0225677 -0.011638
v -0.0511587 0.0225477 -0.0116586
v -0.0512057 0.0225304 -0.0116751
v -0.0512548 0.0225161 -0.0116874
v -0.0513057 0.0225048 -0.0116954
v -0.0513576 0.0224967 -0.011699
v -0.05141 0.0224918 -0.0116982
v -0.0902214 0.0199858 -0.0113176
v -0.0902203 0.0200091 -0.0112745
v -0.0902188 0.0200282 -0.0112294
v -0.090217 0.0200428 -0.0111827
v -0.0902148 0.0200527 -0.0111348
v -0.0902122 0.0200579 -0.0110862
v -0.0895785 0.0210681 -0.00829527
v -0.0900172 0.0225717 -0.00776151
v -0.0902124 0.0225246 -0.00779719
v -0.0904004 0.0224655 -0.00785
v -0.0905788 0.0223949 -0.00791932
v -0.0907455 0.0223138 -0.00800432
v -0.0907734 0.022352 -0.00799157
v -0.0908023 0.0223878 -0.00797479
v -0.090832 0.0224208 -0.00795415
v -0.0908621 0.0224508 -0.00792984
v -0.0908925 0.0224775 -0.0079021
v -0.0900287 0.0226157 -0.00774331
v -0.0902283 0.0225676 -0.00777979
v -0.0904205 0.0225071 -0.00783379
v -0.0906029 0.0224349 -0.00790466
v -0.0900404 0.0226576 -0.00772079
v -0.0902447 0.0226084 -0.00775812
v -0.0904412 0.0225464 -0.00781336
v -0.0906279 0.0224726 -0.00788587
v -0.0900522 0.022697 -0.00769418
v -0.0902612 0.0226466 -0.00773238
v -0.0904624 0.0225832 -0.00778892
v -0.0906534 0.0225077 -0.00786314
v -0.0900638 0.0227336 -0.00766371
v -0.0902778 0.0226819 -0.00770282
v -0.0904838 0.0226171 -0.0077607
v -0.0906794 0.0225397 -0.00783667
v -0.0900753 0.0227669 -0.00762969
v -0.0902944 0.022714 -0.00766972
v -0.0905052 0.0226476 -0.00772897
v -0.0907054 0.0225685 -0.00780674
v -0.090122 0.020153 -0.00943998
v -0.0913707 0.0220311 -0.00833643
v -0.0913428 0.0219929 -0.00834918
v -0.0914938 0.0219036 -0.00844729
v -0.0916298 0.021806 -0.00855852
v -0.0917493 0.0217013 -0.00868159
v -0.0918509 0.0215906 -0.00881509
v -0.0919334 0.0214752 -0.00895747
v -0.0919959 0.0213564 -0.00910711
v -0.0920376 0.0212357 -0.00926227
v -0.0920582 0.0211144 -0.00942119
v -0.0920573 0.0209939 -0.00958202
v -0.0920349 0.0208755 -0.00974292
v -0.0919913 0.0207607 -0.00990204
v -0.0919271 0.0206508 -0.0100575
v -0.0918429 0.020547 -0.0102077
v -0.0917398 0.0204505 -0.0103506
v -0.0916188 0.0203624 -0.0104848
v -0.0914815 0.0202838 -0.0106087
v -0.0913293 0.0202155 -0.0107209
v -0.091164 0.0201584 -0.01082
v -0.0909876 0.0201131 -0.0109049
v -0.0908021 0.0200801 -0.0109747
v -0.0906095 0.0200597 -0.0110286
v -0.0904121 0.0200523 -0.0110659
v -0.0913996 0.0220669 -0.00831965
v -0.0914293 0.0220999 -0.00829901
v -0.0914594 0.0221299 -0.0082747
v -0.0914898 0.0221566 -0.00824696
v -0.0915251 0.0219398 -0.00843674
v -0.0916641 0.02184 -0.00855046
v -0.0917863 0.0217329 -0.00867629
v -0.0918902 0.0216197 -0.00881278
v -0.0919745 0.0215018 -0.00895836
v -0.0920384 0.0213804 -0.00911135
v -0.0920811 0.0212569 -0.00927
v -0.0921021 0.0211329 -0.00943248
v -0.0921012 0.0210096 -0.00959692
v -0.0920783 0.0208886 -0.00976143
v -0.0920338 0.0207713 -0.00992412
v -0.0919681 0.0206589 -0.0100831
v -0.091882 0.0205527 -0.0102366
v -0.0917766 0.0204541 -0.0103828
v -0.0916529 0.020364 -0.01052
v -0.0915124 0.0202837 -0.0106467
v -0.0913569 0.0202139 -0.0107613
v -0.0911879 0.0201555 -0.0108627
v -0.0910075 0.0201091 -0.0109495
v -0.0908178 0.0200753 -0.0110209
v -0.0906209 0.0200546 -0.0110759
v -0.0904191 0.020047 -0.0111141
v -0.0915576 0.0219735 -0.00842228
v -0.0916998 0.0218714 -0.00853863
v -0.0918248 0.0217618 -0.00866737
v -0.0919311 0.021646 -0.00880701
v -0.0920174 0.0215253 -0.00895596
v -0.0920828 0.0214011 -0.00911249
v -0.0921265 0.0212748 -0.0092748
v -0.0921479 0.0211479 -0.00944104
v -0.092147 0.0210218 -0.00960928
v -0.0921236 0.020898 -0.00977759
v -0.092078 0.0207779 -0.00994404
v -0.0920108 0.0206629 -0.0101067
v -0.0919228 0.0205543 -0.0102637
v -0.0918149 0.0204534 -0.0104133
v -0.0916883 0.0203613 -0.0105537
v -0.0915446 0.0202791 -0.0106833
v -0.0913855 0.0202077 -0.0108006
v -0.0912126 0.0201479 -0.0109043
v -0.091028 0.0201005 -0.0109931
v -0.0908339 0.0200659 -0.0110662
v -0.0906325 0.0200447 -0.0111225
v -0.0904261 0.0200369 -0.0111615
v -0.0915909 0.0220043 -0.00840405
v -0.0917366 0.0218998 -0.00852314
v -0.0918645 0.0217877 -0.00865491
v -0.0919733 0.0216692 -0.00879784
v -0.0920616 0.0215456 -0.00895029
v -0.0921285 0.0214185 -0.0091105
v -0.0921732 0.0212892 -0.00927664
v -0.0921952 0.0211593 -0.00944678
v -0.0921942 0.0210303 -0.00961898
v -0.0921703 0.0209036 -0.00979126
v -0.0921237 0.0207807 -0.00996162
v -0.0920549 0.0206629 -0.0101281
v -0.0919647 0.0205518 -0.0102888
v -0.0918543 0.0204485 -0.0104419
v -0.0917248 0.0203542 -0.0105856
v -0.0915777 0.02027 -0.0107183
v -0.0914148 0.020197 -0.0108383
v -0.0912379 0.0201358 -0.0109445
v -0.091049 0.0200873 -0.0110354
v -0.0908503 0.0200519 -0.0111101
v -0.0906441 0.0200301 -0.0111678
v -0.0904328 0.0200222 -0.0112077
v -0.0916249 0.0220321 -0.00838223
v -0.091774 0.0219251 -0.00850414
v -0.091905 0.0218103 -0.00863903
v -0.0920163 0.021689 -0.00878535
v -0.0921067 0.0215625 -0.00894141
v -0.0921752 0.0214323 -0.00910541
v -0.092221 0.0213 -0.00927548
v -0.0922435 0.0211671 -0.00944966
v -0.0922425 0.0210349 -0.00962594
v -0.092218 0.0209052 -0.00980229
v -0.0921702 0.0207794 -0.00997669
v -0.0920998 0.0206589 -0.0101471
v -0.0920076 0.0205451 -0.0103117
v -0.0918945 0.0204394 -0.0104684
v -0.0917619 0.0203429 -0.0106155
v -0.0916114 0.0202567 -0.0107512
v -0.0914446 0.0201819 -0.0108742
v -0.0912635 0.0201193 -0.0109828
v -0.0910701 0.0200696 -0.0110759
v -0.0908667 0.0200334 -0.0111524
v -0.0906557 0.0200111 -0.0112114
v -0.0904394 0.020003 -0.0112523
v -0.0916592 0.0220564 -0.00835703
v -0.0918117 0.0219469 -0.00848182
v -0.0919458 0.0218294 -0.00861989
v -0.0920598 0.0217052 -0.00876965
v -0.0921523 0.0215757 -0.00892939
v -0.0922224 0.0214425 -0.00909727
v -0.0922693 0.0213071 -0.00927135
v -0.0922923 0.021171 -0.00944963
v -0.0922913 0.0210358 -0.00963007
v -0.0922662 0.020903 -0.00981058
v -0.0922173 0.0207742 -0.0099891
v -0.0921453 0.0206509 -0.0101636
v -0.0920508 0.0205344 -0.010332
v -0.0919351 0.0204261 -0.0104924
v -0.0917994 0.0203274 -0.0106429
v -0.0916453 0.0202392 -0.0107819
v -0.0914746 0.0201626 -0.0109077
v -0.0912892 0.0200985 -0.0110189
v -0.0910913 0.0200476 -0.0111142
v -0.0908831 0.0200106 -0.0111926
v -0.090667 0.0199878 -0.011253
v -0.0904456 0.0199795 -0.0112948
v -0.0906145 0.0204348 -0.00899576
v -0.090609 0.0204672 -0.00895336
v -0.09042 0.020195 -0.00934253
v -0.0904606 0.0202132 -0.0093126
v -0.0905592 0.0205619 -0.00883405
v -0.0905321 0.0205914 -0.00879844
v -0.0906142 0.0204027 -0.00903867
v -0.0904972 0.0202342 -0.00927955
v -0.0905295 0.0202577 -0.00924374
v -0.0903759 0.0201798 -0.00936897
v -0.0902279 0.0201535 -0.00942463
v -0.0902793 0.0201589 -0.00941026
v -0.0901753 0.0201515 -0.00943457
v -0.0905002 0.0206194 -0.0087656
v -0.0905978 0.0204994 -0.00891197
v -0.0905812 0.0205311 -0.00887204
v -0.0906083 0.0203711 -0.0090816
v -0.0905795 0.0203111 -0.00916555
v -0.0905966 0.0203405 -0.00912406
v -0.0904639 0.0206454 -0.00873592
v -0.090557 0.0202834 -0.0092056
v -0.0903288 0.0201677 -0.00939164
v -0.0898263 0.0209901 -0.00836489
v -0.0897818 0.0210117 -0.00834221
v -0.0896841 0.0210464 -0.00830962
v -0.089632 0.0210589 -0.0083001
v -0.0897342 0.0210306 -0.00832371
v -0.0904236 0.0206692 -0.00870975
v -0.191809 -0.0206389 0.0291773
v -0.191736 -0.0207651 0.0289987
v -0.191906 -0.0205197 0.0293496
v -0.192888 -0.0200216 0.0301501
v -0.192685 -0.0200736 0.0300525
v -0.23249 -0.0222971 0.0326163
v -0.193778 -0.0199583 0.0303581
v -0.191686 -0.0208969 0.0288161
v -0.192024 -0.0204089 0.0295137
v -0.192496 -0.0201392 0.0299388
v -0.232716 -0.0223179 0.0326199
v -0.233938 -0.0227204 0.0322531
v -0.233761 -0.0226237 0.0323575
v -0.234241 -0.0229416 0.0320003
v -0.234098 -0.0228268 0.0321335
v -0.19166 -0.0210327 0.0286313
v -0.191659 -0.0211711 0.0284467
v -0.192163 -0.0203078 0.0296678
v -0.192321 -0.0202176 0.02981
v -0.193322 -0.0199604 0.030292
v -0.193101 -0.0199837 0.0302302
v -0.233369 -0.0224633 0.0325168
v -0.233158 -0.0224015 0.0325699
v -0.233571 -0.0225377 0.0324458
v -0.234365 -0.0230636 0.0318547
v -0.23455 -0.0233238 0.0315335
v -0.234468 -0.0231915 0.0316986
v -0.23271 -0.0281504 0.0248425
v -0.232934 -0.0281456 0.02488
v -0.193548 -0.0199519 0.0303348
v -0.232939 -0.0223529 0.0326044
v -0.23424 -0.0277313 0.0256138
v -0.234364 -0.0276257 0.0257719
v -0.233568 -0.0280458 0.0251011
v -0.233758 -0.0279852 0.0252083
v -0.233153 -0.0281264 0.0249361
v -0.191802 -0.0215853 0.0279144
v -0.191897 -0.0217177 0.0277509
v -0.191682 -0.0213104 0.0282643
v -0.19173 -0.021449 0.0280862
v -0.234609 -0.023459 0.0313614
v -0.234656 -0.0269948 0.0266536
v -0.234096 -0.0278271 0.0254661
v -0.233365 -0.028093 0.02501
v -0.232484 -0.0281407 0.024824
v -0.19248 -0.0221796 0.0272161
v -0.192013 -0.0218448 0.0275977
v -0.192151 -0.0219651 0.0274564
v -0.234656 -0.0237323 0.0310036
v -0.234468 -0.0275114 0.0259386
v -0.234549 -0.0273898 0.0261121
v -0.233935 -0.0279121 0.0253305
v -0.194143 -0.0228362 0.0265716
v -0.232258 -0.0281167 0.0248247
v -0.192307 -0.0220771 0.0273287
v -0.234644 -0.0235957 0.0311841
v -0.234644 -0.0271301 0.0264716
v -0.234608 -0.0272622 0.0262904
v -0.193077 -0.0225005 0.0268712
v -0.193913 -0.0227966 0.0265925
v -0.193689 -0.0227426 0.0266334
v -0.193474 -0.0226746 0.026694
v -0.193269 -0.0225936 0.0267736
v -0.193785 -0.0200527 0.0301348
v -0.193788 -0.0200579 0.0300862
v -0.193588 -0.0200523 0.0300659
v -0.193391 -0.0200597 0.0300286
v -0.193198 -0.0200801 0.0299747
v -0.193012 -0.0201131 0.0299049
v -0.192836 -0.0201584 0.02982
v -0.192671 -0.0202155 0.0297209
v -0.192519 -0.0202838 0.0296087
v -0.192381 -0.0203624 0.0294848
v -0.19226 -0.0204505 0.0293506
v -0.192157 -0.020547 0.0292077
v -0.192073 -0.0206508 0.0290575
v -0.192009 -0.0207607 0.028902
v -0.191965 -0.0208755 0.0287429
v -0.191943 -0.0209939 0.028582
v -0.191942 -0.0211144 0.0284212
v -0.191962 -0.0212357 0.0282623
v -0.192004 -0.0213564 0.0281071
v -0.192067 -0.0214752 0.0279575
v -0.192149 -0.0215906 0.0278151
v -0.192251 -0.0217013 0.0276816
v -0.19237 -0.021806 0.0275585
v -0.192506 -0.0219036 0.0274473
v -0.192657 -0.0219929 0.0273492
v -0.193783 -0.0200428 0.0301827
v -0.192629 -0.0220311 0.0273364
v -0.193781 -0.0200282 0.0302294
v -0.1926 -0.0220669 0.0273197
v -0.19378 -0.0200091 0.0302745
v -0.192571 -0.0220999 0.027299
v -0.193779 -0.0199858 0.0303176
v -0.192541 -0.0221299 0.0272747
v -0.19251 -0.0221566 0.027247
v -0.193581 -0.020047 0.0301141
v -0.193379 -0.0200546 0.0300759
v -0.193182 -0.0200753 0.0300209
v -0.192992 -0.0201091 0.0299495
v -0.192812 -0.0201555 0.0298627
v -0.192643 -0.0202139 0.0297613
v -0.192488 -0.0202837 0.0296467
v -0.192347 -0.020364 0.02952
v -0.192223 -0.0204541 0.0293828
v -0.192118 -0.0205527 0.0292366
v -0.192032 -0.0206589 0.0290831
v -0.191966 -0.0207713 0.0289241
v -0.191922 -0.0208886 0.0287614
v -0.191899 -0.0210096 0.0285969
v -0.191898 -0.0211329 0.0284325
v -0.191919 -0.0212569 0.02827
v -0.191962 -0.0213804 0.0281114
v -0.192025 -0.0215018 0.0279584
v -0.19211 -0.0216197 0.0278128
v -0.192214 -0.0217329 0.0276763
v -0.192336 -0.02184 0.0275505
v -0.192475 -0.0219398 0.0274367
v -0.193574 -0.0200369 0.0301615
v -0.193367 -0.0200447 0.0301225
v -0.193166 -0.0200659 0.0300662
v -0.192972 -0.0201005 0.0299931
v -0.192787 -0.0201479 0.0299043
v -0.192615 -0.0202077 0.0298006
v -0.192455 -0.0202791 0.0296833
v -0.192312 -0.0203613 0.0295537
v -0.192185 -0.0204534 0.0294133
v -0.192077 -0.0205543 0.0292637
v -0.191989 -0.0206629 0.0291067
v -0.191922 -0.0207779 0.028944
v -0.191876 -0.020898 0.0287776
v -0.191853 -0.0210218 0.0286093
v -0.191852 -0.0211479 0.028441
v -0.191874 -0.0212748 0.0282748
v -0.191917 -0.0214011 0.0281125
v -0.191983 -0.0215253 0.027956
v -0.192069 -0.021646 0.027807
v -0.192175 -0.0217618 0.0276674
v -0.1923 -0.0218714 0.0275386
v -0.192442 -0.0219735 0.0274223
v -0.193567 -0.0200222 0.0302077
v -0.193356 -0.0200301 0.0301678
v -0.19315 -0.0200519 0.0301101
v -0.192951 -0.0200873 0.0300354
v -0.192762 -0.0201358 0.0299445
v -0.192585 -0.020197 0.0298383
v -0.192422 -0.02027 0.0297183
v -0.192275 -0.0203542 0.0295856
v -0.192146 -0.0204485 0.0294419
v -0.192035 -0.0205518 0.0292888
v -0.191945 -0.0206629 0.0291281
v -0.191876 -0.0207807 0.0289616
v -0.19183 -0.0209036 0.0287913
v -0.191806 -0.0210303 0.028619
v -0.191805 -0.0211593 0.0284468
v -0.191827 -0.0212892 0.0282766
v -0.191871 -0.0214185 0.0281105
v -0.191938 -0.0215456 0.0279503
v -0.192027 -0.0216692 0.0277978
v -0.192135 -0.0217877 0.0276549
v -0.192263 -0.0218998 0.0275231
v -0.192409 -0.0220043 0.0274041
v -0.193561 -0.020003 0.0302523
v -0.193344 -0.0200111 0.0302114
v -0.193133 -0.0200334 0.0301524
v -0.19293 -0.0200696 0.0300759
v -0.192737 -0.0201193 0.0299828
v -0.192555 -0.0201819 0.0298742
v -0.192389 -0.0202567 0.0297512
v -0.192238 -0.0203429 0.0296155
v -0.192105 -0.0204394 0.0294684
v -0.191992 -0.0205451 0.0293117
v -0.1919 -0.0206589 0.0291471
v -0.19183 -0.0207794 0.0289767
v -0.191782 -0.0209052 0.0288023
v -0.191758 -0.0210349 0.0286259
v -0.191757 -0.0211671 0.0284497
v -0.191779 -0.0213 0.0282755
v -0.191825 -0.0214323 0.0281054
v -0.191893 -0.0215625 0.0279414
v -0.191984 -0.021689 0.0277853
v -0.192095 -0.0218103 0.027639
v -0.192226 -0.0219251 0.0275041
v -0.192375 -0.0220321 0.0273822
v -0.193554 -0.0199795 0.0302948
v -0.193333 -0.0199878 0.030253
v -0.193117 -0.0200106 0.0301926
v -0.192909 -0.0200476 0.0301142
v -0.192711 -0.0200985 0.0300189
v -0.192525 -0.0201626 0.0299077
v -0.192355 -0.0202392 0.0297819
v -0.192201 -0.0203274 0.0296429
v -0.192065 -0.0204261 0.0294924
v -0.191949 -0.0205344 0.029332
v -0.191855 -0.0206509 0.0291636
v -0.191783 -0.0207742 0.0289891
v -0.191734 -0.020903 0.0288106
v -0.191709 -0.0210358 0.0286301
v -0.191708 -0.021171 0.0284496
v -0.191731 -0.0213071 0.0282714
v -0.191778 -0.0214425 0.0280973
v -0.191848 -0.0215757 0.0279294
v -0.19194 -0.0217052 0.0277697
v -0.192054 -0.0218294 0.0276199
v -0.192188 -0.0219469 0.0274818
v -0.192341 -0.0220564 0.027357
v -0.193254 -0.0223138 0.0270043
v -0.193227 -0.022352 0.0269916
v -0.193198 -0.0223878 0.0269748
v -0.193168 -0.0224208 0.0269541
v -0.193138 -0.0224508 0.0269298
v -0.193108 -0.0224775 0.0269021
v -0.2325 -0.0223968 0.0323444
v -0.232497 -0.0223916 0.032393
v -0.232495 -0.0223816 0.0324409
v -0.232493 -0.0223671 0.0324876
v -0.232492 -0.022348 0.0325327
v -0.232491 -0.0223246 0.0325757
v -0.193536 -0.0206454 0.0277359
v -0.1935 -0.0206194 0.0277656
v -0.193468 -0.0205914 0.0277984
v -0.193441 -0.0205619 0.0278341
v -0.193419 -0.0205311 0.027872
v -0.193402 -0.0204994 0.027912
v -0.193391 -0.0204672 0.0279534
v -0.193386 -0.0204348 0.0279958
v -0.193386 -0.0204027 0.0280387
v -0.193392 -0.0203711 0.0280816
v -0.193403 -0.0203405 0.0281241
v -0.193421 -0.0203111 0.0281655
v -0.193443 -0.0202834 0.0282056
v -0.19347 -0.0202577 0.0282437
v -0.193503 -0.0202342 0.0282795
v -0.193539 -0.0202132 0.0283126
v -0.19358 -0.020195 0.0283425
v -0.193624 -0.0201798 0.028369
v -0.193671 -0.0201677 0.0283916
v -0.193721 -0.0201589 0.0284103
v -0.193772 -0.0201535 0.0284246
v -0.193825 -0.0201515 0.0284346
v -0.193878 -0.020153 0.02844
v -0.193576 -0.0206692 0.0277097
v -0.23259 -0.0224918 0.0306982
v -0.234426 -0.0236698 0.0309567
v -0.234387 -0.0236469 0.0309396
v -0.234376 -0.0235279 0.0310968
v -0.234345 -0.0234089 0.0312512
v -0.234294 -0.0232911 0.0314012
v -0.234223 -0.0231759 0.031545
v -0.234133 -0.0230645 0.031681
v -0.234025 -0.0229582 0.0318077
v -0.233901 -0.0228581 0.0319238
v -0.233761 -0.0227655 0.032028
v -0.233607 -0.0226812 0.032119
v -0.233442 -0.0226063 0.0321958
v -0.233266 -0.0225415 0.0322577
v -0.233081 -0.0224877 0.0323039
v -0.232891 -0.0224453 0.032334
v -0.232696 -0.0224149 0.0323475
v -0.234469 -0.0236894 0.0309714
v -0.234513 -0.0237056 0.0309835
v -0.23456 -0.0237182 0.030993
v -0.234607 -0.0237272 0.0309997
v -0.234416 -0.0235481 0.0311174
v -0.234384 -0.0234264 0.0312753
v -0.234332 -0.0233059 0.0314287
v -0.234259 -0.0231881 0.0315757
v -0.234167 -0.0230742 0.0317147
v -0.234057 -0.0229656 0.0318443
v -0.23393 -0.0228633 0.031963
v -0.233787 -0.0227685 0.0320695
v -0.23363 -0.0226824 0.0321625
v -0.23346 -0.0226058 0.0322411
v -0.23328 -0.0225396 0.0323044
v -0.233092 -0.0224845 0.0323517
v -0.232897 -0.0224412 0.0323824
v -0.232698 -0.0224101 0.0323962
v -0.234458 -0.0235649 0.0311359
v -0.234426 -0.0234404 0.0312974
v -0.234372 -0.0233171 0.0314543
v -0.234298 -0.0231966 0.0316047
v -0.234204 -0.0230801 0.031747
v -0.234091 -0.0229689 0.0318796
v -0.233961 -0.0228642 0.032001
v -0.233814 -0.0227673 0.0321099
v -0.233654 -0.0226792 0.0322051
v -0.23348 -0.0226008 0.0322855
v -0.233296 -0.0225331 0.0323503
v -0.233103 -0.0224767 0.0323986
v -0.232904 -0.0224324 0.0324301
v -0.232701 -0.0224006 0.0324442
v -0.234502 -0.0235782 0.0311519
v -0.234469 -0.0234507 0.0313172
v -0.234414 -0.0233246 0.0314778
v -0.234338 -0.0232012 0.0316317
v -0.234242 -0.0230819 0.0317774
v -0.234127 -0.0229681 0.0319131
v -0.233993 -0.022861 0.0320374
v -0.233844 -0.0227618 0.0321489
v -0.233679 -0.0226716 0.0322463
v -0.233502 -0.0225914 0.0323286
v -0.233313 -0.0225221 0.0323949
v -0.233116 -0.0224644 0.0324444
v -0.232912 -0.022419 0.0324765
v -0.232704 -0.0223865 0.032491
v -0.234548 -0.0235878 0.0311653
v -0.234514 -0.0234573 0.0313346
v -0.234458 -0.0233282 0.031499
v -0.234381 -0.0232019 0.0316566
v -0.234282 -0.0230798 0.0318056
v -0.234164 -0.0229633 0.0319446
v -0.234027 -0.0228537 0.0320718
v -0.233874 -0.0227521 0.0321859
v -0.233706 -0.0226597 0.0322857
v -0.233524 -0.0225776 0.0323699
v -0.233331 -0.0225067 0.0324378
v -0.233129 -0.0224476 0.0324884
v -0.23292 -0.0224012 0.0325214
v -0.232707 -0.0223679 0.0325362
v -0.234596 -0.0235936 0.0311761
v -0.234561 -0.0234601 0.0313494
v -0.234504 -0.0233279 0.0315176
v -0.234424 -0.0231986 0.0316789
v -0.234323 -0.0230737 0.0318315
v -0.234202 -0.0229544 0.0319737
v -0.234063 -0.0228422 0.032104
v -0.233906 -0.0227382 0.0322208
v -0.233733 -0.0226437 0.0323229
v -0.233547 -0.0225597 0.0324091
v -0.23335 -0.022487 0.0324786
v -0.233143 -0.0224266 0.0325304
v -0.232929 -0.0223791 0.0325641
v -0.232711 -0.0223449 0.0325793
v -0.232642 -0.0224967 0.030699
v -0.232694 -0.0225048 0.0306954
v -0.232745 -0.0225161 0.0306874
v -0.232794 -0.0225304 0.0306751
v -0.232841 -0.0225477 0.0306586
v -0.232885 -0.0225677 0.030638
v -0.232926 -0.0225902 0.0306138
v -0.232964 -0.0226149 0.030586
v -0.232997 -0.0226416 0.030555
v -0.233026 -0.02267 0.0305212
v -0.23305 -0.0226997 0.0304849
v -0.233069 -0.0227304 0.0304465
v -0.233082 -0.0227619 0.0304065
v -0.233091 -0.0227936 0.0303653
v -0.233093 -0.0228254 0.0303234
v -0.234387 -0.0269094 0.0265896
v -0.234426 -0.0269323 0.0266067
v -0.234469 -0.0269519 0.0266214
v -0.234513 -0.0269681 0.0266336
v -0.23456 -0.0269807 0.026643
v -0.234607 -0.0269896 0.0266497
v -0.233093 -0.0260879 0.0259734
v -0.232291 -0.0279314 0.0249779
v -0.232298 -0.0278867 0.0249965
v -0.232494 -0.0279076 0.0249959
v -0.232691 -0.027916 0.025012
v -0.232886 -0.0279119 0.0250446
v -0.233077 -0.0278951 0.0250934
v -0.233262 -0.0278661 0.0251579
v -0.233439 -0.0278249 0.0252372
v -0.233605 -0.0277722 0.0253306
v -0.233759 -0.0277085 0.025437
v -0.233899 -0.0276345 0.0255552
v -0.234024 -0.027551 0.0256838
v -0.234132 -0.027459 0.0258215
v -0.234222 -0.0273594 0.0259668
v -0.234294 -0.0272535 0.0261179
v -0.234345 -0.0271424 0.0262732
v -0.234376 -0.0270273 0.026431
v -0.232284 -0.0279741 0.0249549
v -0.232277 -0.0280144 0.0249279
v -0.23227 -0.0280518 0.0248969
v -0.232264 -0.028086 0.0248624
v -0.232492 -0.0279528 0.0249772
v -0.232693 -0.0279614 0.0249937
v -0.232893 -0.0279572 0.0250271
v -0.233088 -0.0279401 0.025077
v -0.233277 -0.0279103 0.0251429
v -0.233457 -0.0278683 0.025224
v -0.233627 -0.0278144 0.0253195
v -0.233785 -0.0277492 0.0254283
v -0.233928 -0.0276736 0.0255491
v -0.234056 -0.0275882 0.0256806
v -0.234166 -0.0274941 0.0258214
v -0.234259 -0.0273924 0.0259699
v -0.234331 -0.0272841 0.0261244
v -0.234384 -0.0271704 0.0262832
v -0.234416 -0.0270527 0.0264446
v -0.232489 -0.027996 0.0249543
v -0.232695 -0.0280049 0.0249711
v -0.2329 -0.0280005 0.0250053
v -0.233099 -0.027983 0.0250564
v -0.233293 -0.0279526 0.0251238
v -0.233477 -0.0279095 0.0252068
v -0.233651 -0.0278544 0.0253045
v -0.233812 -0.0277877 0.0254157
v -0.233959 -0.0277103 0.0255394
v -0.23409 -0.027623 0.0256739
v -0.234203 -0.0275267 0.025818
v -0.234297 -0.0274226 0.0259699
v -0.234372 -0.0273118 0.026128
v -0.234425 -0.0271956 0.0262905
v -0.234458 -0.0270751 0.0264556
v -0.232487 -0.0280368 0.0249272
v -0.232698 -0.0280458 0.0249445
v -0.232907 -0.0280414 0.0249794
v -0.233112 -0.0280235 0.0250317
v -0.233309 -0.0279923 0.0251007
v -0.233498 -0.0279483 0.0251856
v -0.233676 -0.0278918 0.0252856
v -0.233841 -0.0278236 0.0253995
v -0.233992 -0.0277443 0.025526
v -0.234125 -0.027655 0.0256638
v -0.234241 -0.0275565 0.0258112
v -0.234338 -0.0274499 0.0259667
v -0.234414 -0.0273365 0.0261285
v -0.234469 -0.0272175 0.0262948
v -0.234502 -0.0270942 0.0264638
v -0.232486 -0.0280747 0.0248963
v -0.232702 -0.028084 0.0249139
v -0.232916 -0.0280794 0.0249497
v -0.233125 -0.0280611 0.0250032
v -0.233327 -0.0280292 0.0250739
v -0.233521 -0.0279841 0.0251608
v -0.233703 -0.0279263 0.0252632
v -0.233872 -0.0278565 0.0253798
v -0.234026 -0.0277754 0.0255093
v -0.234162 -0.0276839 0.0256503
v -0.234281 -0.027583 0.0258012
v -0.23438 -0.0274739 0.0259604
v -0.234458 -0.0273578 0.026126
v -0.234514 -0.027236 0.0262963
v -0.234548 -0.0271098 0.0264693
v -0.232485 -0.0281095 0.0248618
v -0.232706 -0.0281189 0.0248798
v -0.232924 -0.0281143 0.0249165
v -0.233139 -0.0280955 0.0249712
v -0.233346 -0.0280629 0.0250435
v -0.233544 -0.0280167 0.0251326
v -0.23373 -0.0279576 0.0252373
v -0.233903 -0.0278861 0.0253567
v -0.234061 -0.027803 0.0254892
v -0.234201 -0.0277094 0.0256336
v -0.234322 -0.0276062 0.0257881
v -0.234423 -0.0274945 0.025951
v -0.234503 -0.0273757 0.0261205
v -0.234561 -0.027251 0.0262948
v -0.234596 -0.0271218 0.0264719
v -0.233091 -0.0261193 0.0259311
v -0.233082 -0.02615 0.025889
v -0.233069 -0.0261797 0.0258475
v -0.23305 -0.0262079 0.0258072
v -0.233026 -0.0262345 0.0257685
v -0.232997 -0.026259 0.0257317
v -0.232963 -0.0262813 0.0256974
v -0.232926 -0.026301 0.0256659
v -0.232885 -0.026318 0.0256375
v -0.23284 -0.0263321 0.0256126
v -0.232793 -0.0263431 0.0255914
v -0.232744 -0.0263508 0.0255742
v -0.232693 -0.0263553 0.0255612
v -0.232641 -0.0263564 0.0255525
v -0.232589 -0.0263542 0.0255482
v -0.232536 -0.0263486 0.0255483
v -0.194183 -0.0226062 0.0267434
v -0.194176 -0.022651 0.0267248
v -0.194169 -0.0226937 0.0267018
v -0.194162 -0.0227339 0.0266748
v -0.194156 -0.0227713 0.0266438
v -0.194149 -0.0228055 0.0266094
v -0.194174 -0.0209901 0.0273649
v -0.194316 -0.0210464 0.0273096
v -0.194266 -0.0210306 0.0273237
v -0.194421 -0.0210681 0.0272953
v -0.194368 -0.0210589 0.0273001
v -0.194218 -0.0210117 0.0273422
v -0.193983 -0.0225717 0.0267615
v -0.193788 -0.0225246 0.0267972
v -0.1936 -0.0224655 0.02685
v -0.193421 -0.0223949 0.0269193
v -0.193397 -0.0224349 0.0269047
v -0.19358 -0.0225071 0.0268338
v -0.193772 -0.0225676 0.0267798
v -0.193971 -0.0226157 0.0267433
v -0.193372 -0.0224726 0.0268859
v -0.193559 -0.0225464 0.0268134
v -0.193755 -0.0226084 0.0267581
v -0.19396 -0.0226576 0.0267208
v -0.193347 -0.0225077 0.0268631
v -0.193538 -0.0225832 0.0267889
v -0.193739 -0.0226466 0.0267324
v -0.193948 -0.022697 0.0266942
v -0.193321 -0.0225397 0.0268367
v -0.193516 -0.0226171 0.0267607
v -0.193722 -0.0226819 0.0267028
v -0.193936 -0.0227336 0.0266637
v -0.193295 -0.0225685 0.0268067
v -0.193495 -0.0226476 0.026729
v -0.193706 -0.022714 0.0266697
v -0.193925 -0.0227669 0.0266297
v -0.232258 -0.0281167 -0.00582473
v -0.191809 -0.0206389 -0.0101773
v -0.191736 -0.0207651 -0.00999873
v -0.191686 -0.0208969 -0.00981606
v -0.19166 -0.0210327 -0.00963135
v -0.232484 -0.0281407 -0.00582403
v -0.233158 -0.0224015 -0.0135699
v -0.233369 -0.0224633 -0.0135168
v -0.191906 -0.0205197 -0.0103496
v -0.192151 -0.0219651 -0.00845638
v -0.192013 -0.0218448 -0.00859766
v -0.194143 -0.0228362 -0.00757165
v -0.232939 -0.0223529 -0.0136044
v -0.23249 -0.0222971 -0.0136163
v -0.232716 -0.0223179 -0.0136199
v -0.192321 -0.0202176 -0.01081
v -0.192496 -0.0201392 -0.0109388
v -0.192024 -0.0204089 -0.0105137
v -0.191897 -0.0217177 -0.00875091
v -0.23271 -0.0281504 -0.00584253
v -0.233153 -0.0281264 -0.00593605
v -0.232934 -0.0281456 -0.00588001
v -0.192888 -0.0200216 -0.0111501
v -0.193101 -0.0199837 -0.0112302
v -0.192685 -0.0200736 -0.0110525
v -0.19173 -0.021449 -0.00908615
v -0.191682 -0.0213104 -0.00926428
v -0.191802 -0.0215853 -0.00891437
v -0.233568 -0.0280458 -0.00610114
v -0.233365 -0.028093 -0.00601004
v -0.23424 -0.0277313 -0.00661381
v -0.234096 -0.0278271 -0.00646612
v -0.234365 -0.0230636 -0.0128547
v -0.234468 -0.0231915 -0.0126986
v -0.234098 -0.0228268 -0.0131335
v -0.234241 -0.0229416 -0.0130003
v -0.233761 -0.0226237 -0.0133575
v -0.233938 -0.0227204 -0.0132531
v -0.233571 -0.0225377 -0.0134458
v -0.191659 -0.0211711 -0.00944672
v -0.233935 -0.0279121 -0.00633046
v -0.233758 -0.0279852 -0.00620835
v -0.234364 -0.0276257 -0.0067719
v -0.234549 -0.0273898 -0.0071121
v -0.234468 -0.0275114 -0.00693861
v -0.234656 -0.0237323 -0.0120036
v -0.234656 -0.0269948 -0.00765361
v -0.193322 -0.0199604 -0.011292
v -0.192163 -0.0203078 -0.0106678
v -0.192307 -0.0220771 -0.00832869
v -0.234644 -0.0235957 -0.0121841
v -0.23455 -0.0233238 -0.0125335
v -0.234609 -0.023459 -0.0123614
v -0.193778 -0.0199583 -0.0113581
v -0.193077 -0.0225005 -0.0078712
v -0.19248 -0.0221796 -0.00821606
v -0.234644 -0.0271301 -0.0074716
v -0.234608 -0.0272622 -0.00729042
v -0.193548 -0.0199519 -0.0113348
v -0.193269 -0.0225936 -0.00777361
v -0.193913 -0.0227966 -0.00759245
v -0.193474 -0.0226746 -0.00769404
v -0.193689 -0.0227426 -0.00763341
v -0.192629 -0.0220311 -0.00833643
v -0.192657 -0.0219929 -0.00834918
v -0.192506 -0.0219036 -0.00844729
v -0.19237 -0.021806 -0.00855852
v -0.192251 -0.0217013 -0.00868159
v -0.192149 -0.0215906 -0.00881509
v -0.192067 -0.0214752 -0.00895747
v -0.192004 -0.0213564 -0.00910711
v -0.191962 -0.0212357 -0.00926227
v -0.191942 -0.0211144 -0.00942119
v -0.191943 -0.0209939 -0.00958202
v -0.191965 -0.0208755 -0.00974292
v -0.192009 -0.0207607 -0.00990204
v -0.192073 -0.0206508 -0.0100575
v -0.192157 -0.020547 -0.0102077
v -0.19226 -0.0204505 -0.0103506
v -0.192381 -0.0203624 -0.0104848
v -0.192519 -0.0202838 -0.0106087
v -0.192671 -0.0202155 -0.0107209
v -0.192836 -0.0201584 -0.01082
v -0.193012 -0.0201131 -0.0109049
v -0.193198 -0.0200801 -0.0109747
v -0.193391 -0.0200597 -0.0110286
v -0.193588 -0.0200523 -0.0110659
v -0.193788 -0.0200579 -0.0110862
v -0.1926 -0.0220669 -0.00831965
v -0.193785 -0.0200527 -0.0111348
v -0.192571 -0.0220999 -0.00829901
v -0.193783 -0.0200428 -0.0111827
v -0.192541 -0.0221299 -0.0082747
v -0.193781 -0.0200282 -0.0112294
v -0.19251 -0.0221566 -0.00824696
v -0.19378 -0.0200091 -0.0112745
v -0.193779 -0.0199858 -0.0113176
v -0.192475 -0.0219398 -0.00843674
v -0.192336 -0.02184 -0.00855046
v -0.192214 -0.0217329 -0.00867629
v -0.19211 -0.0216197 -0.00881278
v -0.192025 -0.0215018 -0.00895836
v -0.191962 -0.0213804 -0.00911135
v -0.191919 -0.0212569 -0.00927
v -0.191898 -0.0211329 -0.00943248
v -0.191899 -0.0210096 -0.00959692
v -0.191922 -0.0208886 -0.00976143
v -0.191966 -0.0207713 -0.00992412
v -0.192032 -0.0206589 -0.0100831
v -0.192118 -0.0205527 -0.0102366
v -0.192223 -0.0204541 -0.0103828
v -0.192347 -0.020364 -0.01052
v -0.192488 -0.0202837 -0.0106467
v -0.192643 -0.0202139 -0.0107613
v -0.192812 -0.0201555 -0.0108627
v -0.192992 -0.0201091 -0.0109495
v -0.193182 -0.0200753 -0.0110209
v -0.193379 -0.0200546 -0.0110759
v -0.193581 -0.020047 -0.0111141
v -0.192442 -0.0219735 -0.00842228
v -0.1923 -0.0218714 -0.00853863
v -0.192175 -0.0217618 -0.00866737
v -0.192069 -0.021646 -0.00880701
v -0.191983 -0.0215253 -0.00895596
v -0.191917 -0.0214011 -0.00911249
v -0.191874 -0.0212748 -0.0092748
v -0.191852 -0.0211479 -0.00944104
v -0.191853 -0.0210218 -0.00960928
v -0.191876 -0.020898 -0.00977759
v -0.191922 -0.0207779 -0.00994404
v -0.191989 -0.0206629 -0.0101067
v -0.192077 -0.0205543 -0.0102637
v -0.192185 -0.0204534 -0.0104133
v -0.192312 -0.0203613 -0.0105537
v -0.192455 -0.0202791 -0.0106833
v -0.192615 -0.0202077 -0.0108006
v -0.192787 -0.0201479 -0.0109043
v -0.192972 -0.0201005 -0.0109931
v -0.193166 -0.0200659 -0.0110662
v -0.193367 -0.0200447 -0.0111225
v -0.193574 -0.0200369 -0.0111615
v -0.192409 -0.0220043 -0.00840405
v -0.192263 -0.0218998 -0.00852314
v -0.192135 -0.0217877 -0.00865491
v -0.192027 -0.0216692 -0.00879784
v -0.191938 -0.0215456 -0.00895029
v -0.191871 -0.0214185 -0.0091105
v -0.191827 -0.0212892 -0.00927664
v -0.191805 -0.0211593 -0.00944678
v -0.191806 -0.0210303 -0.00961898
v -0.19183 -0.0209036 -0.00979126
v -0.191876 -0.0207807 -0.00996162
v -0.191945 -0.0206629 -0.0101281
v -0.192035 -0.0205518 -0.0102888
v -0.192146 -0.0204485 -0.0104419
v -0.192275 -0.0203542 -0.0105856
v -0.192422 -0.02027 -0.0107183
v -0.192585 -0.020197 -0.0108383
v -0.192762 -0.0201358 -0.0109445
v -0.192951 -0.0200873 -0.0110354
v -0.19315 -0.0200519 -0.0111101
v -0.193356 -0.0200301 -0.0111678
v -0.193567 -0.0200222 -0.0112077
v -0.192375 -0.0220321 -0.00838223
v -0.192226 -0.0219251 -0.00850414
v -0.192095 -0.0218103 -0.00863903
v -0.191984 -0.021689 -0.00878535
v -0.191893 -0.0215625 -0.00894141
v -0.191825 -0.0214323 -0.00910541
v -0.191779 -0.0213 -0.00927548
v -0.191757 -0.0211671 -0.00944966
v -0.191758 -0.0210349 -0.00962594
v -0.191782 -0.0209052 -0.00980229
v -0.19183 -0.0207794 -0.00997669
v -0.1919 -0.0206589 -0.0101471
v -0.191992 -0.0205451 -0.0103117
v -0.192105 -0.0204394 -0.0104684
v -0.192238 -0.0203429 -0.0106155
v -0.192389 -0.0202567 -0.0107512
v -0.192555 -0.0201819 -0.0108742
v -0.192737 -0.0201193 -0.0109828
v -0.19293 -0.0200696 -0.0110759
v -0.193133 -0.0200334 -0.0111524
v -0.193344 -0.0200111 -0.0112114
v -0.193561 -0.020003 -0.0112523
v -0.192341 -0.0220564 -0.00835703
v -0.192188 -0.0219469 -0.00848182
v -0.192054 -0.0218294 -0.00861989
v -0.19194 -0.0217052 -0.00876965
v -0.191848 -0.0215757 -0.00892939
v -0.191778 -0.0214425 -0.00909727
v -0.191731 -0.0213071 -0.00927135
v -0.191708 -0.021171 -0.00944963
v -0.191709 -0.0210358 -0.00963007
v -0.191734 -0.020903 -0.00981058
v -0.191783 -0.0207742 -0.0099891
v -0.191855 -0.0206509 -0.0101636
v -0.191949 -0.0205344 -0.010332
v -0.192065 -0.0204261 -0.0104924
v -0.192201 -0.0203274 -0.0106429
v -0.192355 -0.0202392 -0.0107819
v -0.192525 -0.0201626 -0.0109077
v -0.192711 -0.0200985 -0.0110189
v -0.192909 -0.0200476 -0.0111142
v -0.193117 -0.0200106 -0.0111926
v -0.193333 -0.0199878 -0.011253
v -0.193554 -0.0199795 -0.0112948
v -0.193108 -0.0224775 -0.0079021
v -0.193138 -0.0224508 -0.00792984
v -0.193168 -0.0224208 -0.00795415
v -0.193198 -0.0223878 -0.00797479
v -0.193227 -0.022352 -0.00799157
v -0.193254 -0.0223138 -0.00800432
v -0.232491 -0.0223246 -0.0135757
v -0.232492 -0.022348 -0.0135327
v -0.232493 -0.0223671 -0.0134876
v -0.232495 -0.0223816 -0.0134409
v -0.232497 -0.0223916 -0.013393
v -0.2325 -0.0223968 -0.0133444
v -0.193825 -0.0201515 -0.00943457
v -0.193772 -0.0201535 -0.00942463
v -0.193721 -0.0201589 -0.00941026
v -0.193671 -0.0201677 -0.00939164
v -0.193624 -0.0201798 -0.00936897
v -0.19358 -0.020195 -0.00934253
v -0.193539 -0.0202132 -0.0093126
v -0.193503 -0.0202342 -0.00927955
v -0.19347 -0.0202577 -0.00924374
v -0.193443 -0.0202834 -0.0092056
v -0.193421 -0.0203111 -0.00916555
v -0.193403 -0.0203405 -0.00912406
v -0.193392 -0.0203711 -0.0090816
v -0.193386 -0.0204027 -0.00903867
v -0.193386 -0.0204348 -0.00899576
v -0.193391 -0.0204672 -0.00895336
v -0.193402 -0.0204994 -0.00891197
v -0.193419 -0.0205311 -0.00887204
v -0.193441 -0.0205619 -0.00883405
v -0.193468 -0.0205914 -0.00879844
v -0.1935 -0.0206194 -0.0087656
v -0.193536 -0.0206454 -0.00873592
v -0.193576 -0.0206692 -0.00870975
v -0.193878 -0.020153 -0.00943998
v -0.23259 -0.0224918 -0.0116982
v -0.232696 -0.0224149 -0.0133475
v -0.232891 -0.0224453 -0.013334
v -0.233081 -0.0224877 -0.0133039
v -0.233266 -0.0225415 -0.0132577
v -0.233442 -0.0226063 -0.0131958
v -0.233607 -0.0226812 -0.013119
v -0.233761 -0.0227655 -0.013028
v -0.233901 -0.0228581 -0.0129238
v -0.234025 -0.0229582 -0.0128077
v -0.234133 -0.0230645 -0.012681
v -0.234223 -0.0231759 -0.012545
v -0.234294 -0.0232911 -0.0124012
v -0.234345 -0.0234089 -0.0122512
v -0.234376 -0.0235279 -0.0120968
v -0.234387 -0.0236469 -0.0119396
v -0.234426 -0.0236698 -0.0119567
v -0.234469 -0.0236894 -0.0119714
v -0.234513 -0.0237056 -0.0119835
v -0.23456 -0.0237182 -0.011993
v -0.234607 -0.0237272 -0.0119997
v -0.232698 -0.0224101 -0.0133962
v -0.232897 -0.0224412 -0.0133824
v -0.233092 -0.0224845 -0.0133517
v -0.23328 -0.0225396 -0.0133044
v -0.23346 -0.0226058 -0.0132411
v -0.23363 -0.0226824 -0.0131625
v -0.233787 -0.0227685 -0.0130695
v -0.23393 -0.0228633 -0.012963
v -0.234057 -0.0229656 -0.0128443
v -0.234167 -0.0230742 -0.0127147
v -0.234259 -0.0231881 -0.0125757
v -0.234332 -0.0233059 -0.0124287
v -0.234384 -0.0234264 -0.0122753
v -0.234416 -0.0235481 -0.0121174
v -0.232701 -0.0224006 -0.0134442
v -0.232904 -0.0224324 -0.0134301
v -0.233103 -0.0224767 -0.0133986
v -0.233296 -0.0225331 -0.0133503
v -0.23348 -0.0226008 -0.0132855
v -0.233654 -0.0226792 -0.0132051
v -0.233814 -0.0227673 -0.0131099
v -0.233961 -0.0228642 -0.013001
v -0.234091 -0.0229689 -0.0128796
v -0.234204 -0.0230801 -0.012747
v -0.234298 -0.0231966 -0.0126047
v -0.234372 -0.0233171 -0.0124543
v -0.234426 -0.0234404 -0.0122974
v -0.234458 -0.0235649 -0.0121359
v -0.232704 -0.0223865 -0.013491
v -0.232912 -0.022419 -0.0134765
v -0.233116 -0.0224644 -0.0134444
v -0.233313 -0.0225221 -0.0133949
v -0.233502 -0.0225914 -0.0133286
v -0.233679 -0.0226716 -0.0132463
v -0.233844 -0.0227618 -0.0131489
v -0.233993 -0.022861 -0.0130374
v -0.234127 -0.0229681 -0.0129131
v -0.234242 -0.0230819 -0.0127774
v -0.234338 -0.0232012 -0.0126317
v -0.234414 -0.0233246 -0.0124778
v -0.234469 -0.0234507 -0.0123172
v -0.234502 -0.0235782 -0.0121519
v -0.232707 -0.0223679 -0.0135362
v -0.23292 -0.0224012 -0.0135214
v -0.233129 -0.0224476 -0.0134884
v -0.233331 -0.0225067 -0.0134378
v -0.233524 -0.0225776 -0.0133699
v -0.233706 -0.0226597 -0.0132857
v -0.233874 -0.0227521 -0.0131859
v -0.234027 -0.0228537 -0.0130718
v -0.234164 -0.0229633 -0.0129446
v -0.234282 -0.0230798 -0.0128056
v -0.234381 -0.0232019 -0.0126566
v -0.234458 -0.0233282 -0.012499
v -0.234514 -0.0234573 -0.0123346
v -0.234548 -0.0235878 -0.0121653
v -0.232711 -0.0223449 -0.0135793
v -0.232929 -0.0223791 -0.0135641
v -0.233143 -0.0224266 -0.0135304
v -0.23335 -0.022487 -0.0134786
v -0.233547 -0.0225597 -0.0134091
v -0.233733 -0.0226437 -0.0133229
v -0.233906 -0.0227382 -0.0132208
v -0.234063 -0.0228422 -0.013104
v -0.234202 -0.0229544 -0.0129737
v -0.234323 -0.0230737 -0.0128315
v -0.234424 -0.0231986 -0.0126789
v -0.234504 -0.0233279 -0.0125176
v -0.234561 -0.0234601 -0.0123494
v -0.234596 -0.0235936 -0.0121761
v -0.233091 -0.0227936 -0.0113653
v -0.233082 -0.0227619 -0.0114065
v -0.233069 -0.0227304 -0.0114465
v -0.23305 -0.0226997 -0.0114849
v -0.233026 -0.02267 -0.0115212
v -0.232997 -0.0226416 -0.011555
v -0.232964 -0.0226149 -0.011586
v -0.232926 -0.0225902 -0.0116138
v -0.232885 -0.0225677 -0.011638
v -0.232841 -0.0225477 -0.0116586
v -0.232794 -0.0225304 -0.0116751
v -0.232745 -0.0225161 -0.0116874
v -0.232694 -0.0225048 -0.0116954
v -0.232642 -0.0224967 -0.011699
v -0.233093 -0.0228254 -0.0113234
v -0.234607 -0.0269896 -0.00764974
v -0.23456 -0.0269807 -0.00764303
v -0.234513 -0.0269681 -0.00763356
v -0.234469 -0.0269519 -0.00762141
v -0.234426 -0.0269323 -0.0076067
v -0.234387 -0.0269094 -0.00758958
v -0.233093 -0.0260879 -0.0069734
v -0.234376 -0.0270273 -0.00743103
v -0.234345 -0.0271424 -0.00727321
v -0.234294 -0.0272535 -0.00711788
v -0.234222 -0.0273594 -0.00696676
v -0.234132 -0.027459 -0.00682153
v -0.234024 -0.027551 -0.00668383
v -0.233899 -0.0276345 -0.00655517
v -0.233759 -0.0277085 -0.006437
v -0.233605 -0.0277722 -0.00633063
v -0.233439 -0.0278249 -0.00623725
v -0.233262 -0.0278661 -0.00615789
v -0.233077 -0.0278951 -0.00609344
v -0.232886 -0.0279119 -0.00604462
v -0.232691 -0.027916 -0.00601198
v -0.232494 -0.0279076 -0.00599587
v -0.232298 -0.0278867 -0.00599647
v -0.232291 -0.0279314 -0.00597786
v -0.232284 -0.0279741 -0.00595492
v -0.232277 -0.0280144 -0.00592785
v -0.23227 -0.0280518 -0.00589693
v -0.232264 -0.028086 -0.00586244
v -0.234416 -0.0270527 -0.0074446
v -0.234384 -0.0271704 -0.00728324
v -0.234331 -0.0272841 -0.00712442
v -0.234259 -0.0273924 -0.00696991
v -0.234166 -0.0274941 -0.00682143
v -0.234056 -0.0275882 -0.00668064
v -0.233928 -0.0276736 -0.0065491
v -0.233785 -0.0277492 -0.00642828
v -0.233627 -0.0278144 -0.00631952
v -0.233457 -0.0278683 -0.00622404
v -0.233277 -0.0279103 -0.0061429
v -0.233088 -0.0279401 -0.00607701
v -0.232893 -0.0279572 -0.0060271
v -0.232693 -0.0279614 -0.00599372
v -0.232492 -0.0279528 -0.00597724
v -0.234458 -0.0270751 -0.00745556
v -0.234425 -0.0271956 -0.00729047
v -0.234372 -0.0273118 -0.00712798
v -0.234297 -0.0274226 -0.0069699
v -0.234203 -0.0275267 -0.00681799
v -0.23409 -0.027623 -0.00667394
v -0.233959 -0.0277103 -0.00653936
v -0.233812 -0.0277877 -0.00641574
v -0.233651 -0.0278544 -0.00630447
v -0.233477 -0.0279095 -0.00620679
v -0.233293 -0.0279526 -0.00612377
v -0.233099 -0.027983 -0.00605636
v -0.2329 -0.0280005 -0.00600529
v -0.232695 -0.0280049 -0.00597114
v -0.232489 -0.027996 -0.00595428
v -0.234502 -0.0270942 -0.00746381
v -0.234469 -0.0272175 -0.00729483
v -0.234414 -0.0273365 -0.00712852
v -0.234338 -0.0274499 -0.00696672
v -0.234241 -0.0275565 -0.00681123
v -0.234125 -0.027655 -0.00666379
v -0.233992 -0.0277443 -0.00652604
v -0.233841 -0.0278236 -0.00639952
v -0.233676 -0.0278918 -0.00628563
v -0.233498 -0.0279483 -0.00618565
v -0.233309 -0.0279923 -0.00610068
v -0.233112 -0.0280235 -0.00603168
v -0.232907 -0.0280414 -0.00597941
v -0.232698 -0.0280458 -0.00594445
v -0.232487 -0.0280368 -0.0059272
v -0.234548 -0.0271098 -0.00746926
v -0.234514 -0.027236 -0.00729628
v -0.234458 -0.0273578 -0.00712603
v -0.23438 -0.0274739 -0.0069604
v -0.234281 -0.027583 -0.00680123
v -0.234162 -0.0276839 -0.0066503
v -0.234026 -0.0277754 -0.00650929
v -0.233872 -0.0278565 -0.00637977
v -0.233703 -0.0279263 -0.00626318
v -0.233521 -0.0279841 -0.00616083
v -0.233327 -0.0280292 -0.00607385
v -0.233125 -0.0280611 -0.00600321
v -0.232916 -0.0280794 -0.00594971
v -0.232702 -0.028084 -0.00591392
v -0.232486 -0.0280747 -0.00589627
v -0.234596 -0.0271218 -0.00747186
v -0.234561 -0.027251 -0.00729481
v -0.234503 -0.0273757 -0.00712054
v -0.234423 -0.0274945 -0.006951
v -0.234322 -0.0276062 -0.00678807
v -0.234201 -0.0277094 -0.00663358
v -0.234061 -0.027803 -0.00648925
v -0.233903 -0.0278861 -0.00635667
v -0.23373 -0.0279576 -0.00623734
v -0.233544 -0.0280167 -0.00613257
v -0.233346 -0.0280629 -0.00604354
v -0.233139 -0.0280955 -0.00597124
v -0.232924 -0.0281143 -0.00591647
v -0.232706 -0.0281189 -0.00587984
v -0.232485 -0.0281095 -0.00586177
v -0.232589 -0.0263542 -0.00654819
v -0.232641 -0.0263564 -0.00655249
v -0.232693 -0.0263553 -0.0065612
v -0.232744 -0.0263508 -0.00657422
v -0.232793 -0.0263431 -0.00659142
v -0.23284 -0.0263321 -0.00661259
v -0.232885 -0.026318 -0.00663751
v -0.232926 -0.026301 -0.00666589
v -0.232963 -0.0262813 -0.00669741
v -0.232997 -0.026259 -0.00673174
v -0.233026 -0.0262345 -0.00676848
v -0.23305 -0.0262079 -0.00680723
v -0.233069 -0.0261797 -0.00684754
v -0.233082 -0.02615 -0.00688899
v -0.233091 -0.0261193 -0.0069311
v -0.232536 -0.0263486 -0.00654835
v -0.194149 -0.0228055 -0.00760936
v -0.194156 -0.0227713 -0.00764385
v -0.194162 -0.0227339 -0.00767477
v -0.194169 -0.0226937 -0.00770184
v -0.194176 -0.022651 -0.00772478
v -0.194183 -0.0226062 -0.00774339
v -0.194316 -0.0210464 -0.00830962
v -0.194368 -0.0210589 -0.0083001
v -0.194266 -0.0210306 -0.00832371
v -0.194174 -0.0209901 -0.00836489
v -0.194218 -0.0210117 -0.00834221
v -0.194421 -0.0210681 -0.00829527
v -0.193421 -0.0223949 -0.00791932
v -0.1936 -0.0224655 -0.00785
v -0.193788 -0.0225246 -0.00779719
v -0.193983 -0.0225717 -0.00776151
v -0.193971 -0.0226157 -0.00774331
v -0.193772 -0.0225676 -0.00777979
v -0.19358 -0.0225071 -0.00783379
v -0.193397 -0.0224349 -0.00790466
v -0.19396 -0.0226576 -0.00772079
v -0.193755 -0.0226084 -0.00775812
v -0.193559 -0.0225464 -0.00781336
v -0.193372 -0.0224726 -0.00788587
v -0.193948 -0.022697 -0.00769418
v -0.193739 -0.0226466 -0.00773238
v -0.193538 -0.0225832 -0.00778892
v -0.193347 -0.0225077 -0.00786314
v -0.193936 -0.0227336 -0.00766371
v -0.193722 -0.0226819 -0.00770282
v -0.193516 -0.0226171 -0.0077607
v -0.193321 -0.0225397 -0.00783667
v -0.193925 -0.0227669 -0.00762969
v -0.193706 -0.022714 -0.00766972
v -0.193495 -0.0226476 -0.00772897
v -0.193295 -0.0225685 -0.00780674
v -0.232258 0.0281167 0.0248247
v -0.191809 0.0206389 0.0291773
v -0.19166 0.0210327 0.0286313
v -0.232484 0.0281407 0.024824
v -0.192321 0.0202176 0.02981
v -0.192496 0.0201392 0.0299388
v -0.191906 0.0205197 0.0293496
v -0.191736 0.0207651 0.0289987
v -0.191686 0.0208969 0.0288161
v -0.194143 0.0228362 0.0265716
v -0.233761 0.0226237 0.0323575
v -0.233938 0.0227204 0.0322531
v -0.192888 0.0200216 0.0301501
v -0.193101 0.0199837 0.0302302
v -0.192685 0.0200736 0.0300525
v -0.192024 0.0204089 0.0295137
v -0.23271 0.0281504 0.0248425
v -0.233153 0.0281264 0.0249361
v -0.232934 0.0281456 0.02488
v -0.233568 0.0280458 0.0251011
v -0.233365 0.028093 0.02501
v -0.23424 0.0277313 0.0256138
v -0.234096 0.0278271 0.0254661
v -0.234468 0.0231915 0.0316986
v -0.23455 0.0233238 0.0315335
v -0.234098 0.0228268 0.0321335
v -0.234241 0.0229416 0.0320003
v -0.233571 0.0225377 0.0324458
v -0.191897 0.0217177 0.0277509
v -0.191802 0.0215853 0.0279144
v -0.233758 0.0279852 0.0252083
v -0.233935 0.0279121 0.0253305
v -0.234468 0.0275114 0.0259386
v -0.234364 0.0276257 0.0257719
v -0.234365 0.0230636 0.0318547
v -0.233158 0.0224015 0.0325699
v -0.233369 0.0224633 0.0325168
v -0.193322 0.0199604 0.030292
v -0.192163 0.0203078 0.0296678
v -0.191682 0.0213104 0.0282643
v -0.191659 0.0211711 0.0284467
v -0.192013 0.0218448 0.0275977
v -0.192307 0.0220771 0.0273287
v -0.192151 0.0219651 0.0274564
v -0.234656 0.0237323 0.0310036
v -0.234656 0.0269948 0.0266536
v -0.234609 0.023459 0.0313614
v -0.23249 0.0222971 0.0326163
v -0.232716 0.0223179 0.0326199
v -0.19173 0.021449 0.0280862
v -0.193077 0.0225005 0.0268712
v -0.19248 0.0221796 0.0272161
v -0.234608 0.0272622 0.0262904
v -0.234549 0.0273898 0.0261121
v -0.234644 0.0235957 0.0311841
v -0.232939 0.0223529 0.0326044
v -0.193778 0.0199583 0.0303581
v -0.193269 0.0225936 0.0267736
v -0.234644 0.0271301 0.0264716
v -0.193548 0.0199519 0.0303348
v -0.193913 0.0227966 0.0265925
v -0.193474 0.0226746 0.026694
v -0.193689 0.0227426 0.0266334
v -0.192629 0.0220311 0.0273364
v -0.192657 0.0219929 0.0273492
v -0.192506 0.0219036 0.0274473
v -0.19237 0.021806 0.0275585
v -0.192251 0.0217013 0.0276816
v -0.192149 0.0215906 0.0278151
v -0.192067 0.0214752 0.0279575
v -0.192004 0.0213564 0.0281071
v -0.191962 0.0212357 0.0282623
v -0.191942 0.0211144 0.0284212
v -0.191943 0.0209939 0.028582
v -0.191965 0.0208755 0.0287429
v -0.192009 0.0207607 0.028902
v -0.192073 0.0206508 0.0290575
v -0.192157 0.020547 0.0292077
v -0.19226 0.0204505 0.0293506
v -0.192381 0.0203624 0.0294848
v -0.192519 0.0202838 0.0296087
v -0.192671 0.0202155 0.0297209
v -0.192836 0.0201584 0.02982
v -0.193012 0.0201131 0.0299049
v -0.193198 0.0200801 0.0299747
v -0.193391 0.0200597 0.0300286
v -0.193588 0.0200523 0.0300659
v -0.193788 0.0200579 0.0300862
v -0.1926 0.0220669 0.0273197
v -0.193785 0.0200527 0.0301348
v -0.192571 0.0220999 0.027299
v -0.193783 0.0200428 0.0301827
v -0.192541 0.0221299 0.0272747
v -0.193781 0.0200282 0.0302294
v -0.19251 0.0221566 0.027247
v -0.19378 0.0200091 0.0302745
v -0.193779 0.0199858 0.0303176
v -0.192475 0.0219398 0.0274367
v -0.192336 0.02184 0.0275505
v -0.192214 0.0217329 0.0276763
v -0.19211 0.0216197 0.0278128
v -0.192025 0.0215018 0.0279584
v -0.191962 0.0213804 0.0281114
v -0.191919 0.0212569 0.02827
v -0.191898 0.0211329 0.0284325
v -0.191899 0.0210096 0.0285969
v -0.191922 0.0208886 0.0287614
v -0.191966 0.0207713 0.0289241
v -0.192032 0.0206589 0.0290831
v -0.192118 0.0205527 0.0292366
v -0.192223 0.0204541 0.0293828
v -0.192347 0.020364 0.02952
v -0.192488 0.0202837 0.0296467
v -0.192643 0.0202139 0.0297613
v -0.192812 0.0201555 0.0298627
v -0.192992 0.0201091 0.0299495
v -0.193182 0.0200753 0.0300209
v -0.193379 0.0200546 0.0300759
v -0.193581 0.020047 0.0301141
v -0.192442 0.0219735 0.0274223
v -0.1923 0.0218714 0.0275386
v -0.192175 0.0217618 0.0276674
v -0.192069 0.021646 0.027807
v -0.191983 0.0215253 0.027956
v -0.191917 0.0214011 0.0281125
v -0.191874 0.0212748 0.0282748
v -0.191852 0.0211479 0.028441
v -0.191853 0.0210218 0.0286093
v -0.191876 0.020898 0.0287776
v -0.191922 0.0207779 0.028944
v -0.191989 0.0206629 0.0291067
v -0.192077 0.0205543 0.0292637
v -0.192185 0.0204534 0.0294133
v -0.192312 0.0203613 0.0295537
v -0.192455 0.0202791 0.0296833
v -0.192615 0.0202077 0.0298006
v -0.192787 0.0201479 0.0299043
v -0.192972 0.0201005 0.0299931
v -0.193166 0.0200659 0.0300662
v -0.193367 0.0200447 0.0301225
v -0.193574 0.0200369 0.0301615
v -0.192409 0.0220043 0.0274041
v -0.192263 0.0218998 0.0275231
v -0.192135 0.0217877 0.0276549
v -0.192027 0.0216692 0.0277978
v -0.191938 0.0215456 0.0279503
v -0.191871 0.0214185 0.0281105
v -0.191827 0.0212892 0.0282766
v -0.191805 0.0211593 0.0284468
v -0.191806 0.0210303 0.028619
v -0.19183 0.0209036 0.0287913
v -0.191876 0.0207807 0.0289616
v -0.191945 0.0206629 0.0291281
v -0.192035 0.0205518 0.0292888
v -0.192146 0.0204485 0.0294419
v -0.192275 0.0203542 0.0295856
v -0.192422 0.02027 0.0297183
v -0.192585 0.020197 0.0298383
v -0.192762 0.0201358 0.0299445
v -0.192951 0.0200873 0.0300354
v -0.19315 0.0200519 0.0301101
v -0.193356 0.0200301 0.0301678
v -0.193567 0.0200222 0.0302077
v -0.192375 0.0220321 0.0273822
v -0.192226 0.0219251 0.0275041
v -0.192095 0.0218103 0.027639
v -0.191984 0.021689 0.0277853
v -0.191893 0.0215625 0.0279414
v -0.191825 0.0214323 0.0281054
v -0.191779 0.0213 0.0282755
v -0.191757 0.0211671 0.0284497
v -0.191758 0.0210349 0.0286259
v -0.191782 0.0209052 0.0288023
v -0.19183 0.0207794 0.0289767
v -0.1919 0.0206589 0.0291471
v -0.191992 0.0205451 0.0293117
v -0.192105 0.0204394 0.0294684
v -0.192238 0.0203429 0.0296155
v -0.192389 0.0202567 0.0297512
v -0.192555 0.0201819 0.0298742
v -0.192737 0.0201193 0.0299828
v -0.19293 0.0200696 0.0300759
v -0.193133 0.0200334 0.0301524
v -0.193344 0.0200111 0.0302114
v -0.193561 0.020003 0.0302523
v -0.192341 0.0220564 0.027357
v -0.192188 0.0219469 0.0274818
v -0.192054 0.0218294 0.0276199
v -0.19194 0.0217052 0.0277697
v -0.191848 0.0215757 0.0279294
v -0.191778 0.0214425 0.0280973
v -0.191731 0.0213071 0.0282714
v -0.191708 0.021171 0.0284496
v -0.191709 0.0210358 0.0286301
v -0.191734 0.020903 0.0288106
v -0.191783 0.0207742 0.0289891
v -0.191855 0.0206509 0.0291636
v -0.191949 0.0205344 0.029332
v -0.192065 0.0204261 0.0294924
v -0.192201 0.0203274 0.0296429
v -0.192355 0.0202392 0.0297819
v -0.192525 0.0201626 0.0299077
v -0.192711 0.0200985 0.0300189
v -0.192909 0.0200476 0.0301142
v -0.193117 0.0200106 0.0301926
v -0.193333 0.0199878 0.030253
v -0.193554 0.0199795 0.0302948
v -0.193108 0.0224775 0.0269021
v -0.193138 0.0224508 0.0269298
v -0.193168 0.0224208 0.0269541
v -0.193198 0.0223878 0.0269748
v -0.193227 0.022352 0.0269916
v -0.193254 0.0223138 0.0270043
v -0.232491 0.0223246 0.0325757
v -0.232492 0.022348 0.0325327
v -0.232493 0.0223671 0.0324876
v -0.232495 0.0223816 0.0324409
v -0.232497 0.0223916 0.032393
v -0.2325 0.0223968 0.0323444
v -0.193825 0.0201515 0.0284346
v -0.193772 0.0201535 0.0284246
v -0.193721 0.0201589 0.0284103
v -0.193671 0.0201677 0.0283916
v -0.193624 0.0201798 0.028369
v -0.19358 0.020195 0.0283425
v -0.193539 0.0202132 0.0283126
v -0.193503 0.0202342 0.0282795
v -0.19347 0.0202577 0.0282437
v -0.193443 0.0202834 0.0282056
v -0.193421 0.0203111 0.0281655
v -0.193403 0.0203405 0.0281241
v -0.193392 0.0203711 0.0280816
v -0.193386 0.0204027 0.0280387
v -0.193386 0.0204348 0.0279958
v -0.193391 0.0204672 0.0279534
v -0.193402 0.0204994 0.027912
v -0.193419 0.0205311 0.027872
v -0.193441 0.0205619 0.0278341
v -0.193468 0.0205914 0.0277984
v -0.1935 0.0206194 0.0277656
v -0.193536 0.0206454 0.0277359
v -0.193576 0.0206692 0.0277097
v -0.193878 0.020153 0.02844
v -0.23259 0.0224918 0.0306982
v -0.232696 0.0224149 0.0323475
v -0.232891 0.0224453 0.032334
v -0.233081 0.0224877 0.0323039
v -0.233266 0.0225415 0.0322577
v -0.233442 0.0226063 0.0321958
v -0.233607 0.0226812 0.032119
v -0.233761 0.0227655 0.032028
v -0.233901 0.0228581 0.0319238
v -0.234025 0.0229582 0.0318077
v -0.234133 0.0230645 0.031681
v -0.234223 0.0231759 0.031545
v -0.234294 0.0232911 0.0314012
v -0.234345 0.0234089 0.0312512
v -0.234376 0.0235279 0.0310968
v -0.234387 0.0236469 0.0309396
v -0.234426 0.0236698 0.0309567
v -0.234469 0.0236894 0.0309714
v -0.234513 0.0237056 0.0309835
v -0.23456 0.0237182 0.030993
v -0.234607 0.0237272 0.0309997
v -0.232698 0.0224101 0.0323962
v -0.232897 0.0224412 0.0323824
v -0.233092 0.0224845 0.0323517
v -0.23328 0.0225396 0.0323044
v -0.23346 0.0226058 0.0322411
v -0.23363 0.0226824 0.0321625
v -0.233787 0.0227685 0.0320695
v -0.23393 0.0228633 0.031963
v -0.234057 0.0229656 0.0318443
v -0.234167 0.0230742 0.0317147
v -0.234259 0.0231881 0.0315757
v -0.234332 0.0233059 0.0314287
v -0.234384 0.0234264 0.0312753
v -0.234416 0.0235481 0.0311174
v -0.232701 0.0224006 0.0324442
v -0.232904 0.0224324 0.0324301
v -0.233103 0.0224767 0.0323986
v -0.233296 0.0225331 0.0323503
v -0.23348 0.0226008 0.0322855
v -0.233654 0.0226792 0.0322051
v -0.233814 0.0227673 0.0321099
v -0.233961 0.0228642 0.032001
v -0.234091 0.0229689 0.0318796
v -0.234204 0.0230801 0.031747
v -0.234298 0.0231966 0.0316047
v -0.234372 0.0233171 0.0314543
v -0.234426 0.0234404 0.0312974
v -0.234458 0.0235649 0.0311359
v -0.232704 0.0223865 0.032491
v -0.232912 0.022419 0.0324765
v -0.233116 0.0224644 0.0324444
v -0.233313 0.0225221 0.0323949
v -0.233502 0.0225914 0.0323286
v -0.233679 0.0226716 0.0322463
v -0.233844 0.0227618 0.0321489
v -0.233993 0.022861 0.0320374
v -0.234127 0.0229681 0.0319131
v -0.234242 0.0230819 0.0317774
v -0.234338 0.0232012 0.0316317
v -0.234414 0.0233246 0.0314778
v -0.234469 0.0234507 0.0313172
v -0.234502 0.0235782 0.0311519
v -0.232707 0.0223679 0.0325362
v -0.23292 0.0224012 0.0325214
v -0.233129 0.0224476 0.0324884
v -0.233331 0.0225067 0.0324378
v -0.233524 0.0225776 0.0323699
v -0.233706 0.0226597 0.0322857
v -0.233874 0.0227521 0.0321859
v -0.234027 0.0228537 0.0320718
v -0.234164 0.0229633 0.0319446
v -0.234282 0.0230798 0.0318056
v -0.234381 0.0232019 0.0316566
v -0.234458 0.0233282 0.031499
v -0.234514 0.0234573 0.0313346
v -0.234548 0.0235878 0.0311653
v -0.232711 0.0223449 0.0325793
v -0.232929 0.0223791 0.0325641
v -0.233143 0.0224266 0.0325304
v -0.23335 0.022487 0.0324786
v -0.233547 0.0225597 0.0324091
v -0.233733 0.0226437 0.0323229
v -0.233906 0.0227382 0.0322208
v -0.234063 0.0228422 0.032104
v -0.234202 0.0229544 0.0319737
v -0.234323 0.0230737 0.0318315
v -0.234424 0.0231986 0.0316789
v -0.234504 0.0233279 0.0315176
v -0.234561 0.0234601 0.0313494
v -0.234596 0.0235936 0.0311761
v -0.233091 0.0227936 0.0303653
v -0.233082 0.0227619 0.0304065
v -0.233069 0.0227304 0.0304465
v -0.23305 0.0226997 0.0304849
v -0.233026 0.02267 0.0305212
v -0.232997 0.0226416 0.030555
v -0.232964 0.0226149 0.030586
v -0.232926 0.0225902 0.0306138
v -0.232885 0.0225677 0.030638
v -0.232841 0.0225477 0.0306586
v -0.232794 0.0225304 0.0306751
v -0.232745 0.0225161 0.0306874
v -0.232694 0.0225048 0.0306954
v -0.232642 0.0224967 0.030699
v -0.233093 0.0228254 0.0303234
v -0.234607 0.0269896 0.0266497
v -0.23456 0.0269807 0.026643
v -0.234513 0.0269681 0.0266336
v -0.234469 0.0269519 0.0266214
v -0.234426 0.0269323 0.0266067
v -0.234387 0.0269094 0.0265896
v -0.233093 0.0260879 0.0259734
v -0.234376 0.0270273 0.026431
v -0.234345 0.0271424 0.0262732
v -0.234294 0.0272535 0.0261179
v -0.234222 0.0273594 0.0259668
v -0.234132 0.027459 0.0258215
v -0.234024 0.027551 0.0256838
v -0.233899 0.0276345 0.0255552
v -0.233759 0.0277085 0.025437
v -0.233605 0.0277722 0.0253306
v -0.233439 0.0278249 0.0252372
v -0.233262 0.0278661 0.0251579
v -0.233077 0.0278951 0.0250934
v -0.232886 0.0279119 0.0250446
v -0.232691 0.027916 0.025012
v -0.232494 0.0279076 0.0249959
v -0.232298 0.0278867 0.0249965
v -0.232291 0.0279314 0.0249779
v -0.232284 0.0279741 0.0249549
v -0.232277 0.0280144 0.0249279
v -0.23227 0.0280518 0.0248969
v -0.232264 0.028086 0.0248624
v -0.234416 0.0270527 0.0264446
v -0.234384 0.0271704 0.0262832
v -0.234331 0.0272841 0.0261244
v -0.234259 0.0273924 0.0259699
v -0.234166 0.0274941 0.0258214
v -0.234056 0.0275882 0.0256806
v -0.233928 0.0276736 0.0255491
v -0.233785 0.0277492 0.0254283
v -0.233627 0.0278144 0.0253195
v -0.233457 0.0278683 0.025224
v -0.233277 0.0279103 0.0251429
v -0.233088 0.0279401 0.025077
v -0.232893 0.0279572 0.0250271
v -0.232693 0.0279614 0.0249937
v -0.232492 0.0279528 0.0249772
v -0.234458 0.0270751 0.0264556
v -0.234425 0.0271956 0.0262905
v -0.234372 0.0273118 0.026128
v -0.234297 0.0274226 0.0259699
v -0.234203 0.0275267 0.025818
v -0.23409 0.027623 0.0256739
v -0.233959 0.0277103 0.0255394
v -0.233812 0.0277877 0.0254157
v -0.233651 0.0278544 0.0253045
v -0.233477 0.0279095 0.0252068
v -0.233293 0.0279526 0.0251238
v -0.233099 0.027983 0.0250564
v -0.2329 0.0280005 0.0250053
v -0.232695 0.0280049 0.0249711
v -0.232489 0.027996 0.0249543
v -0.234502 0.0270942 0.0264638
v -0.234469 0.0272175 0.0262948
v -0.234414 0.0273365 0.0261285
v -0.234338 0.0274499 0.0259667
v -0.234241 0.0275565 0.0258112
v -0.234125 0.027655 0.0256638
v -0.233992 0.0277443 0.025526
v -0.233841 0.0278236 0.0253995
v -0.233676 0.0278918 0.0252856
v -0.233498 0.0279483 0.0251856
v -0.233309 0.0279923 0.0251007
v -0.233112 0.0280235 0.0250317
v -0.232907 0.0280414 0.0249794
v -0.232698 0.0280458 0.0249445
v -0.232487 0.0280368 0.0249272
v -0.234548 0.0271098 0.0264693
v -0.234514 0.027236 0.0262963
v -0.234458 0.0273578 0.026126
v -0.23438 0.0274739 0.0259604
v -0.234281 0.027583 0.0258012
v -0.234162 0.0276839 0.0256503
v -0.234026 0.0277754 0.0255093
v -0.233872 0.0278565 0.0253798
v -0.233703 0.0279263 0.0252632
v -0.233521 0.0279841 0.0251608
v -0.233327 0.0280292 0.0250739
v -0.233125 0.0280611 0.0250032
v -0.232916 0.0280794 0.0249497
v -0.232702 0.028084 0.0249139
v -0.232486 0.0280747 0.0248963
v -0.234596 0.0271218 0.0264719
v -0.234561 0.027251 0.0262948
v -0.234503 0.0273757 0.0261205
v -0.234423 0.0274945 0.025951
v -0.234322 0.0276062 0.0257881
v -0.234201 0.0277094 0.0256336
v -0.234061 0.027803 0.0254892
v -0.233903 0.0278861 0.0253567
v -0.23373 0.0279576 0.0252373
v -0.233544 0.0280167 0.0251326
v -0.233346 0.0280629 0.0250435
v -0.233139 0.0280955 0.0249712
v -0.232924 0.0281143 0.0249165
v -0.232706 0.0281189 0.0248798
v -0.232485 0.0281095 0.0248618
v -0.232589 0.0263542 0.0255482
v -0.232641 0.0263564 0.0255525
v -0.232693 0.0263553 0.0255612
v -0.232744 0.0263508 0.0255742
v -0.232793 0.0263431 0.0255914
v -0.23284 0.0263321 0.0256126
v -0.232885 0.026318 0.0256375
v -0.232926 0.026301 0.0256659
v -0.232963 0.0262813 0.0256974
v -0.232997 0.026259 0.0257317
v -0.233026 0.0262345 0.0257685
v -0.23305 0.0262079 0.0258072
v -0.233069 0.0261797 0.0258475
v -0.233082 0.02615 0.025889
v -0.233091 0.0261193 0.0259311
v -0.232536 0.0263486 0.0255483
v -0.194149 0.0228055 0.0266094
v -0.194156 0.0227713 0.0266438
v -0.194162 0.0227339 0.0266748
v -0.194169 0.0226937 0.0267018
v -0.194176 0.022651 0.0267248
v -0.194183 0.0226062 0.0267434
v -0.194174 0.0209901 0.0273649
v -0.194316 0.0210464 0.0273096
v -0.194368 0.0210589 0.0273001
v -0.194218 0.0210117 0.0273422
v -0.194266 0.0210306 0.0273237
v -0.194421 0.0210681 0.0272953
v -0.193421 0.0223949 0.0269193
v -0.1936 0.0224655 0.02685
v -0.193788 0.0225246 0.0267972
v -0.193983 0.0225717 0.0267615
v -0.193971 0.0226157 0.0267433
v -0.193772 0.0225676 0.0267798
v -0.19358 0.0225071 0.0268338
v -0.193397 0.0224349 0.0269047
v -0.19396 0.0226576 0.0267208
v -0.193755 0.0226084 0.0267581
v -0.193559 0.0225464 0.0268134
v -0.193372 0.0224726 0.0268859
v -0.193948 0.022697 0.0266942
v -0.193739 0.0226466 0.0267324
v -0.193538 0.0225832 0.0267889
v -0.193347 0.0225077 0.0268631
v -0.193936 0.0227336 0.0266637
v -0.193722 0.0226819 0.0267028
v -0.193516 0.0226171 0.0267607
v -0.193321 0.0225397 0.0268367
v -0.193925 0.0227669 0.0266297
v -0.193706 0.022714 0.0266697
v -0.193495 0.0226476 0.026729
v -0.193295 0.0225685 0.0268067
v -0.191809 0.0206389 -0.0101773
v -0.19166 0.0210327 -0.00963135
v -0.191659 0.0211711 -0.00944672
v -0.191686 0.0208969 -0.00981606
v -0.191736 0.0207651 -0.00999873
v -0.191906 0.0205197 -0.0103496
v -0.23249 0.0222971 -0.0136163
v -0.193778 0.0199583 -0.0113581
v -0.192024 0.0204089 -0.0105137
v -0.232716 0.0223179 -0.0136199
v -0.233571 0.0225377 -0.0134458
v -0.233369 0.0224633 -0.0135168
v -0.234609 0.023459 -0.0123614
v -0.23455 0.0233238 -0.0125335
v -0.234096 0.0278271 -0.00646612
v -0.23424 0.0277313 -0.00661381
v -0.233153 0.0281264 -0.00593605
v -0.233365 0.028093 -0.00601004
v -0.23271 0.0281504 -0.00584253
v -0.232934 0.0281456 -0.00588001
v -0.191682 0.0213104 -0.00926428
v -0.19173 0.021449 -0.00908615
v -0.192496 0.0201392 -0.0109388
v -0.192321 0.0202176 -0.01081
v -0.232939 0.0223529 -0.0136044
v -0.233158 0.0224015 -0.0135699
v -0.234241 0.0229416 -0.0130003
v -0.234098 0.0228268 -0.0131335
v -0.234468 0.0231915 -0.0126986
v -0.234364 0.0276257 -0.0067719
v -0.192685 0.0200736 -0.0110525
v -0.193101 0.0199837 -0.0112302
v -0.192888 0.0200216 -0.0111501
v -0.233938 0.0227204 -0.0132531
v -0.233761 0.0226237 -0.0133575
v -0.234365 0.0230636 -0.0128547
v -0.234644 0.0235957 -0.0121841
v -0.234656 0.0269948 -0.00765361
v -0.234468 0.0275114 -0.00693861
v -0.233568 0.0280458 -0.00610114
v -0.233758 0.0279852 -0.00620835
v -0.232484 0.0281407 -0.00582403
v -0.192163 0.0203078 -0.0106678
v -0.193322 0.0199604 -0.011292
v -0.234656 0.0237323 -0.0120036
v -0.233935 0.0279121 -0.00633046
v -0.192013 0.0218448 -0.00859766
v -0.192151 0.0219651 -0.00845638
v -0.191802 0.0215853 -0.00891437
v -0.191897 0.0217177 -0.00875091
v -0.193548 0.0199519 -0.0113348
v -0.234644 0.0271301 -0.0074716
v -0.234549 0.0273898 -0.0071121
v -0.234608 0.0272622 -0.00729042
v -0.194143 0.0228362 -0.00757165
v -0.232258 0.0281167 -0.00582473
v -0.19248 0.0221796 -0.00821606
v -0.192307 0.0220771 -0.00832869
v -0.193913 0.0227966 -0.00759245
v -0.193077 0.0225005 -0.0078712
v -0.193689 0.0227426 -0.00763341
v -0.193474 0.0226746 -0.00769404
v -0.193269 0.0225936 -0.00777361
v -0.232291 0.0279314 -0.00597786
v -0.232298 0.0278867 -0.00599647
v -0.232494 0.0279076 -0.00599587
v -0.232691 0.027916 -0.00601198
v -0.232886 0.0279119 -0.00604462
v -0.233077 0.0278951 -0.00609344
v -0.233262 0.0278661 -0.00615789
v -0.233439 0.0278249 -0.00623725
v -0.233605 0.0277722 -0.00633063
v -0.233759 0.0277085 -0.006437
v -0.233899 0.0276345 -0.00655517
v -0.234024 0.027551 -0.00668383
v -0.234132 0.027459 -0.00682153
v -0.234222 0.0273594 -0.00696676
v -0.234294 0.0272535 -0.00711788
v -0.234345 0.0271424 -0.00727321
v -0.234376 0.0270273 -0.00743103
v -0.234387 0.0269094 -0.00758958
v -0.232284 0.0279741 -0.00595492
v -0.234426 0.0269323 -0.0076067
v -0.232277 0.0280144 -0.00592785
v -0.234469 0.0269519 -0.00762141
v -0.23227 0.0280518 -0.00589693
v -0.234513 0.0269681 -0.00763356
v -0.232264 0.028086 -0.00586244
v -0.23456 0.0269807 -0.00764303
v -0.234607 0.0269896 -0.00764974
v -0.232492 0.0279528 -0.00597724
v -0.232693 0.0279614 -0.00599372
v -0.232893 0.0279572 -0.0060271
v -0.233088 0.0279401 -0.00607701
v -0.233277 0.0279103 -0.0061429
v -0.233457 0.0278683 -0.00622404
v -0.233627 0.0278144 -0.00631952
v -0.233785 0.0277492 -0.00642828
v -0.233928 0.0276736 -0.0065491
v -0.234056 0.0275882 -0.00668064
v -0.234166 0.0274941 -0.00682143
v -0.234259 0.0273924 -0.00696991
v -0.234331 0.0272841 -0.00712442
v -0.234384 0.0271704 -0.00728324
v -0.234416 0.0270527 -0.0074446
v -0.232489 0.027996 -0.00595428
v -0.232695 0.0280049 -0.00597114
v -0.2329 0.0280005 -0.00600529
v -0.233099 0.027983 -0.00605636
v -0.233293 0.0279526 -0.00612377
v -0.233477 0.0279095 -0.00620679
v -0.233651 0.0278544 -0.00630447
v -0.233812 0.0277877 -0.00641574
v -0.233959 0.0277103 -0.00653936
v -0.23409 0.027623 -0.00667394
v -0.234203 0.0275267 -0.00681799
v -0.234297 0.0274226 -0.0069699
v -0.234372 0.0273118 -0.00712798
v -0.234425 0.0271956 -0.00729047
v -0.234458 0.0270751 -0.00745556
v -0.232487 0.0280368 -0.0059272
v -0.232698 0.0280458 -0.00594445
v -0.232907 0.0280414 -0.00597941
v -0.233112 0.0280235 -0.00603168
v -0.233309 0.0279923 -0.00610068
v -0.233498 0.0279483 -0.00618565
v -0.233676 0.0278918 -0.00628563
v -0.233841 0.0278236 -0.00639952
v -0.233992 0.0277443 -0.00652604
v -0.234125 0.027655 -0.00666379
v -0.234241 0.0275565 -0.00681123
v -0.234338 0.0274499 -0.00696672
v -0.234414 0.0273365 -0.00712852
v -0.234469 0.0272175 -0.00729483
v -0.234502 0.0270942 -0.00746381
v -0.232486 0.0280747 -0.00589627
v -0.232702 0.028084 -0.00591392
v -0.232916 0.0280794 -0.00594971
v -0.233125 0.0280611 -0.00600321
v -0.233327 0.0280292 -0.00607385
v -0.233521 0.0279841 -0.00616083
v -0.233703 0.0279263 -0.00626318
v -0.233872 0.0278565 -0.00637977
v -0.234026 0.0277754 -0.00650929
v -0.234162 0.0276839 -0.0066503
v -0.234281 0.027583 -0.00680123
v -0.23438 0.0274739 -0.0069604
v -0.234458 0.0273578 -0.00712603
v -0.234514 0.027236 -0.00729628
v -0.234548 0.0271098 -0.00746926
v -0.232485 0.0281095 -0.00586177
v -0.232706 0.0281189 -0.00587984
v -0.232924 0.0281143 -0.00591647
v -0.233139 0.0280955 -0.00597124
v -0.233346 0.0280629 -0.00604354
v -0.233544 0.0280167 -0.00613257
v -0.23373 0.0279576 -0.00623734
v -0.233903 0.0278861 -0.00635667
v -0.234061 0.027803 -0.00648925
v -0.234201 0.0277094 -0.00663358
v -0.234322 0.0276062 -0.00678807
v -0.234423 0.0274945 -0.006951
v -0.234503 0.0273757 -0.00712054
v -0.234561 0.027251 -0.00729481
v -0.234596 0.0271218 -0.00747186
v -0.194183 0.0226062 -0.00774339
v -0.194176 0.022651 -0.00772478
v -0.194169 0.0226937 -0.00770184
v -0.194162 0.0227339 -0.00767477
v -0.194156 0.0227713 -0.00764385
v -0.194149 0.0228055 -0.00760936
v -0.234387 0.0236469 -0.0119396
v -0.234426 0.0236698 -0.0119567
v -0.234469 0.0236894 -0.0119714
v -0.234513 0.0237056 -0.0119835
v -0.23456 0.0237182 -0.011993
v -0.234607 0.0237272 -0.0119997
v -0.233091 0.0261193 -0.0069311
v -0.233082 0.02615 -0.00688899
v -0.233069 0.0261797 -0.00684754
v -0.23305 0.0262079 -0.00680723
v -0.233026 0.0262345 -0.00676848
v -0.232997 0.026259 -0.00673174
v -0.232963 0.0262813 -0.00669741
v -0.232926 0.026301 -0.00666589
v -0.232885 0.026318 -0.00663751
v -0.23284 0.0263321 -0.00661259
v -0.232793 0.0263431 -0.00659142
v -0.232744 0.0263508 -0.00657422
v -0.232693 0.0263553 -0.0065612
v -0.232641 0.0263564 -0.00655249
v -0.232589 0.0263542 -0.00654819
v -0.232536 0.0263486 -0.00654835
v -0.233093 0.0260879 -0.0069734
v -0.233093 0.0228254 -0.0113234
v -0.234376 0.0235279 -0.0120968
v -0.234345 0.0234089 -0.0122512
v -0.234294 0.0232911 -0.0124012
v -0.234223 0.0231759 -0.012545
v -0.234133 0.0230645 -0.012681
v -0.234025 0.0229582 -0.0128077
v -0.233901 0.0228581 -0.0129238
v -0.233761 0.0227655 -0.013028
v -0.233607 0.0226812 -0.013119
v -0.233442 0.0226063 -0.0131958
v -0.233266 0.0225415 -0.0132577
v -0.233081 0.0224877 -0.0133039
v -0.232891 0.0224453 -0.013334
v -0.232696 0.0224149 -0.0133475
v -0.2325 0.0223968 -0.0133444
v -0.232497 0.0223916 -0.013393
v -0.232495 0.0223816 -0.0134409
v -0.232493 0.0223671 -0.0134876
v -0.232492 0.022348 -0.0135327
v -0.232491 0.0223246 -0.0135757
v -0.234416 0.0235481 -0.0121174
v -0.234384 0.0234264 -0.0122753
v -0.234332 0.0233059 -0.0124287
v -0.234259 0.0231881 -0.0125757
v -0.234167 0.0230742 -0.0127147
v -0.234057 0.0229656 -0.0128443
v -0.23393 0.0228633 -0.012963
v -0.233787 0.0227685 -0.0130695
v -0.23363 0.0226824 -0.0131625
v -0.23346 0.0226058 -0.0132411
v -0.23328 0.0225396 -0.0133044
v -0.233092 0.0224845 -0.0133517
v -0.232897 0.0224412 -0.0133824
v -0.232698 0.0224101 -0.0133962
v -0.234458 0.0235649 -0.0121359
v -0.234426 0.0234404 -0.0122974
v -0.234372 0.0233171 -0.0124543
v -0.234298 0.0231966 -0.0126047
v -0.234204 0.0230801 -0.012747
v -0.234091 0.0229689 -0.0128796
v -0.233961 0.0228642 -0.013001
v -0.233814 0.0227673 -0.0131099
v -0.233654 0.0226792 -0.0132051
v -0.23348 0.0226008 -0.0132855
v -0.233296 0.0225331 -0.0133503
v -0.233103 0.0224767 -0.0133986
v -0.232904 0.0224324 -0.0134301
v -0.232701 0.0224006 -0.0134442
v -0.234502 0.0235782 -0.0121519
v -0.234469 0.0234507 -0.0123172
v -0.234414 0.0233246 -0.0124778
v -0.234338 0.0232012 -0.0126317
v -0.234242 0.0230819 -0.0127774
v -0.234127 0.0229681 -0.0129131
v -0.233993 0.022861 -0.0130374
v -0.233844 0.0227618 -0.0131489
v -0.233679 0.0226716 -0.0132463
v -0.233502 0.0225914 -0.0133286
v -0.233313 0.0225221 -0.0133949
v -0.233116 0.0224644 -0.0134444
v -0.232912 0.022419 -0.0134765
v -0.232704 0.0223865 -0.013491
v -0.234548 0.0235878 -0.0121653
v -0.234514 0.0234573 -0.0123346
v -0.234458 0.0233282 -0.012499
v -0.234381 0.0232019 -0.0126566
v -0.234282 0.0230798 -0.0128056
v -0.234164 0.0229633 -0.0129446
v -0.234027 0.0228537 -0.0130718
v -0.233874 0.0227521 -0.0131859
v -0.233706 0.0226597 -0.0132857
v -0.233524 0.0225776 -0.0133699
v -0.233331 0.0225067 -0.0134378
v -0.233129 0.0224476 -0.0134884
v -0.23292 0.0224012 -0.0135214
v -0.232707 0.0223679 -0.0135362
v -0.234596 0.0235936 -0.0121761
v -0.234561 0.0234601 -0.0123494
v -0.234504 0.0233279 -0.0125176
v -0.234424 0.0231986 -0.0126789
v -0.234323 0.0230737 -0.0128315
v -0.234202 0.0229544 -0.0129737
v -0.234063 0.0228422 -0.013104
v -0.233906 0.0227382 -0.0132208
v -0.233733 0.0226437 -0.0133229
v -0.233547 0.0225597 -0.0134091
v -0.23335 0.022487 -0.0134786
v -0.233143 0.0224266 -0.0135304
v -0.232929 0.0223791 -0.0135641
v -0.232711 0.0223449 -0.0135793
v -0.232642 0.0224967 -0.011699
v -0.232694 0.0225048 -0.0116954
v -0.232745 0.0225161 -0.0116874
v -0.232794 0.0225304 -0.0116751
v -0.232841 0.0225477 -0.0116586
v -0.232885 0.0225677 -0.011638
v -0.232926 0.0225902 -0.0116138
v -0.232964 0.0226149 -0.011586
v -0.232997 0.0226416 -0.011555
v -0.233026 0.02267 -0.0115212
v -0.23305 0.0226997 -0.0114849
v -0.233069 0.0227304 -0.0114465
v -0.233082 0.0227619 -0.0114065
v -0.233091 0.0227936 -0.0113653
v -0.23259 0.0224918 -0.0116982
v -0.193788 0.0200579 -0.0110862
v -0.193785 0.0200527 -0.0111348
v -0.193783 0.0200428 -0.0111827
v -0.193781 0.0200282 -0.0112294
v -0.19378 0.0200091 -0.0112745
v -0.193779 0.0199858 -0.0113176
v -0.194421 0.0210681 -0.00829527
v -0.193227 0.022352 -0.00799157
v -0.193254 0.0223138 -0.00800432
v -0.193421 0.0223949 -0.00791932
v -0.1936 0.0224655 -0.00785
v -0.193788 0.0225246 -0.00779719
v -0.193983 0.0225717 -0.00776151
v -0.193198 0.0223878 -0.00797479
v -0.193168 0.0224208 -0.00795415
v -0.193138 0.0224508 -0.00792984
v -0.193108 0.0224775 -0.0079021
v -0.193397 0.0224349 -0.00790466
v -0.19358 0.0225071 -0.00783379
v -0.193772 0.0225676 -0.00777979
v -0.193971 0.0226157 -0.00774331
v -0.193372 0.0224726 -0.00788587
v -0.193559 0.0225464 -0.00781336
v -0.193755 0.0226084 -0.00775812
v -0.19396 0.0226576 -0.00772079
v -0.193347 0.0225077 -0.00786314
v -0.193538 0.0225832 -0.00778892
v -0.193739 0.0226466 -0.00773238
v -0.193948 0.022697 -0.00769418
v -0.193321 0.0225397 -0.00783667
v -0.193516 0.0226171 -0.0077607
v -0.193722 0.0226819 -0.00770282
v -0.193936 0.0227336 -0.00766371
v -0.193295 0.0225685 -0.00780674
v -0.193495 0.0226476 -0.00772897
v -0.193706 0.022714 -0.00766972
v -0.193925 0.0227669 -0.00762969
v -0.193878 0.020153 -0.00943998
v -0.193588 0.0200523 -0.0110659
v -0.193391 0.0200597 -0.0110286
v -0.193198 0.0200801 -0.0109747
v -0.193012 0.0201131 -0.0109049
v -0.192836 0.0201584 -0.01082
v -0.192671 0.0202155 -0.0107209
v -0.192519 0.0202838 -0.0106087
v -0.192381 0.0203624 -0.0104848
v -0.19226 0.0204505 -0.0103506
v -0.192157 0.020547 -0.0102077
v -0.192073 0.0206508 -0.0100575
v -0.192009 0.0207607 -0.00990204
v -0.191965 0.0208755 -0.00974292
v -0.191943 0.0209939 -0.00958202
v -0.191942 0.0211144 -0.00942119
v -0.191962 0.0212357 -0.00926227
v -0.192004 0.0213564 -0.00910711
v -0.192067 0.0214752 -0.00895747
v -0.192149 0.0215906 -0.00881509
v -0.192251 0.0217013 -0.00868159
v -0.19237 0.021806 -0.00855852
v -0.192506 0.0219036 -0.00844729
v -0.192657 0.0219929 -0.00834918
v -0.192629 0.0220311 -0.00833643
v -0.1926 0.0220669 -0.00831965
v -0.192571 0.0220999 -0.00829901
v -0.192541 0.0221299 -0.0082747
v -0.19251 0.0221566 -0.00824696
v -0.193581 0.020047 -0.0111141
v -0.193379 0.0200546 -0.0110759
v -0.193182 0.0200753 -0.0110209
v -0.192992 0.0201091 -0.0109495
v -0.192812 0.0201555 -0.0108627
v -0.192643 0.0202139 -0.0107613
v -0.192488 0.0202837 -0.0106467
v -0.192347 0.020364 -0.01052
v -0.192223 0.0204541 -0.0103828
v -0.192118 0.0205527 -0.0102366
v -0.192032 0.0206589 -0.0100831
v -0.191966 0.0207713 -0.00992412
v -0.191922 0.0208886 -0.00976143
v -0.191899 0.0210096 -0.00959692
v -0.191898 0.0211329 -0.00943248
v -0.191919 0.0212569 -0.00927
v -0.191962 0.0213804 -0.00911135
v -0.192025 0.0215018 -0.00895836
v -0.19211 0.0216197 -0.00881278
v -0.192214 0.0217329 -0.00867629
v -0.192336 0.02184 -0.00855046
v -0.192475 0.0219398 -0.00843674
v -0.193574 0.0200369 -0.0111615
v -0.193367 0.0200447 -0.0111225
v -0.193166 0.0200659 -0.0110662
v -0.192972 0.0201005 -0.0109931
v -0.192787 0.0201479 -0.0109043
v -0.192615 0.0202077 -0.0108006
v -0.192455 0.0202791 -0.0106833
v -0.192312 0.0203613 -0.0105537
v -0.192185 0.0204534 -0.0104133
v -0.192077 0.0205543 -0.0102637
v -0.191989 0.0206629 -0.0101067
v -0.191922 0.0207779 -0.00994404
v -0.191876 0.020898 -0.00977759
v -0.191853 0.0210218 -0.00960928
v -0.191852 0.0211479 -0.00944104
v -0.191874 0.0212748 -0.0092748
v -0.191917 0.0214011 -0.00911249
v -0.191983 0.0215253 -0.00895596
v -0.192069 0.021646 -0.00880701
v -0.192175 0.0217618 -0.00866737
v -0.1923 0.0218714 -0.00853863
v -0.192442 0.0219735 -0.00842228
v -0.193567 0.0200222 -0.0112077
v -0.193356 0.0200301 -0.0111678
v -0.19315 0.0200519 -0.0111101
v -0.192951 0.0200873 -0.0110354
v -0.192762 0.0201358 -0.0109445
v -0.192585 0.020197 -0.0108383
v -0.192422 0.02027 -0.0107183
v -0.192275 0.0203542 -0.0105856
v -0.192146 0.0204485 -0.0104419
v -0.192035 0.0205518 -0.0102888
v -0.191945 0.0206629 -0.0101281
v -0.191876 0.0207807 -0.00996162
v -0.19183 0.0209036 -0.00979126
v -0.191806 0.0210303 -0.00961898
v -0.191805 0.0211593 -0.00944678
v -0.191827 0.0212892 -0.00927664
v -0.191871 0.0214185 -0.0091105
v -0.191938 0.0215456 -0.00895029
v -0.192027 0.0216692 -0.00879784
v -0.192135 0.0217877 -0.00865491
v -0.192263 0.0218998 -0.00852314
v -0.192409 0.0220043 -0.00840405
v -0.193561 0.020003 -0.0112523
v -0.193344 0.0200111 -0.0112114
v -0.193133 0.0200334 -0.0111524
v -0.19293 0.0200696 -0.0110759
v -0.192737 0.0201193 -0.0109828
v -0.192555 0.0201819 -0.0108742
v -0.192389 0.0202567 -0.0107512
v -0.192238 0.0203429 -0.0106155
v -0.192105 0.0204394 -0.0104684
v -0.191992 0.0205451 -0.0103117
v -0.1919 0.0206589 -0.0101471
v -0.19183 0.0207794 -0.00997669
v -0.191782 0.0209052 -0.00980229
v -0.191758 0.0210349 -0.00962594
v -0.191757 0.0211671 -0.00944966
v -0.191779 0.0213 -0.00927548
v -0.191825 0.0214323 -0.00910541
v -0.191893 0.0215625 -0.00894141
v -0.191984 0.021689 -0.00878535
v -0.192095 0.0218103 -0.00863903
v -0.192226 0.0219251 -0.00850414
v -0.192375 0.0220321 -0.00838223
v -0.193554 0.0199795 -0.0112948
v -0.193333 0.0199878 -0.011253
v -0.193117 0.0200106 -0.0111926
v -0.192909 0.0200476 -0.0111142
v -0.192711 0.0200985 -0.0110189
v -0.192525 0.0201626 -0.0109077
v -0.192355 0.0202392 -0.0107819
v -0.192201 0.0203274 -0.0106429
v -0.192065 0.0204261 -0.0104924
v -0.191949 0.0205344 -0.010332
v -0.191855 0.0206509 -0.0101636
v -0.191783 0.0207742 -0.0099891
v -0.191734 0.020903 -0.00981058
v -0.191709 0.0210358 -0.00963007
v -0.191708 0.021171 -0.00944963
v -0.191731 0.0213071 -0.00927135
v -0.191778 0.0214425 -0.00909727
v -0.191848 0.0215757 -0.00892939
v -0.19194 0.0217052 -0.00876965
v -0.192054 0.0218294 -0.00861989
v -0.192188 0.0219469 -0.00848182
v -0.192341 0.0220564 -0.00835703
v -0.193503 0.0202342 -0.00927955
v -0.193721 0.0201589 -0.00941026
v -0.193772 0.0201535 -0.00942463
v -0.193671 0.0201677 -0.00939164
v -0.193539 0.0202132 -0.0093126
v -0.193576 0.0206692 -0.00870975
v -0.193536 0.0206454 -0.00873592
v -0.19358 0.020195 -0.00934253
v -0.193402 0.0204994 -0.00891197
v -0.193391 0.0204672 -0.00895336
v -0.193468 0.0205914 -0.00879844
v -0.193441 0.0205619 -0.00883405
v -0.1935 0.0206194 -0.0087656
v -0.194368 0.0210589 -0.0083001
v -0.193624 0.0201798 -0.00936897
v -0.193443 0.0202834 -0.0092056
v -0.19347 0.0202577 -0.00924374
v -0.193403 0.0203405 -0.00912406
v -0.193421 0.0203111 -0.00916555
v -0.193386 0.0204027 -0.00903867
v -0.193392 0.0203711 -0.0090816
v -0.193386 0.0204348 -0.00899576
v -0.194266 0.0210306 -0.00832371
v -0.194218 0.0210117 -0.00834221
v -0.194316 0.0210464 -0.00830962
v -0.193825 0.0201515 -0.00943457
v -0.193419 0.0205311 -0.00887204
v -0.194174 0.0209901 -0.00836489
f 2325//2470 2308//2470 2309//2471
f 2304//2472 2308//2470 2325//2470
f 2305//2473 2304//2472 2326//2472
f 2327//2474 2306//2474 2305//2473
f 2328//2475 2307//2475 2306//2474
f 2329//2476 2310//2476 2307//2475
f 2307//2475 2328//2475 2329//2476
f 2306//2474 2327//2474 2328//2475
f 2305//2473 2330//2477 2327//2474
f 2326//2472 2330//2477 2305//2473
f 2325//2470 2326//2472 2304//2472
f 2309//2471 2331//2478 2325//2470
f 2322//2478 2332//2478 2333//2478
f 2334//2478 2322//2478 2321//2478
f 2333//2478 2335//2478 2322//2478
f 2321//2478 2336//2478 2334//2478
f 2336//2478 2319//2478 2318//2478
f 2334//2478 2332//2478 2322//2478
f 2336//2478 2316//2478 2313//2478
f 2318//2478 2317//2478 2336//2478
f 2335//2478 2337//2478 2322//2478
f 2322//2478 2338//2478 2339//2478
f 2317//2478 2316//2478 2336//2478
f 2336//2478 2321//2478 2320//2478
f 2337//2478 2340//2478 2322//2478
f 2322//2478 2341//2478 2338//2478
f 2320//2478 2319//2478 2336//2478
f 2340//2478 2342//2478 2322//2478
f 2331//2478 2309//2478 2311//2478
f 2322//2478 2343//2478 2341//2478
f 2342//2478 2343//2478 2322//2478
f 2311//2478 2324//2478 2331//2478
f 2313//2478 2312//2478 2336//2478
f 2324//2478 2323//2478 2331//2478
f 2323//2478 2322//2478 2331//2478
f 2339//2478 2331//2478 2322//2478
f 2350//2480 2354//2480 2355//2481
f 2347//2481 2355//2481 2356//2482
f 2346//2482 2356//2482 2357//2483
f 2345//2483 2357//2483 2358//2484
f 2344//2484 2358//2484 2359//2485
f 2349//2485 2359//2485 2360//2486
f 2353//2486 2360//2486 2361//2487
f 2352//2487 2361//2487 2362//2488
f 2362//2488 2314//2489 2315//2490
f 2363//2490 2312//2491 2314//2489
f 2314//2489 2362//2488 2363//2490
f 2363//2490 2364//2492 2312//2491
f 2364//2492 2336//2491 2312//2491
f 2315//2490 2348//2493 2362//2488
f 2362//2488 2348//2493 2352//2487
f 2361//2487 2352//2487 2353//2486
f 2360//2486 2353//2486 2349//2485
f 2359//2485 2349//2485 2344//2484
f 2358//2484 2344//2484 2345//2483
f 2357//2483 2345//2483 2346//2482
f 2356//2482 2346//2482 2347//2481
f 2355//2481 2347//2481 2350//2480
f 3393//4329 3859//4330 3860//4331
f 3390//4331 3861//4332 3859//4330
f 3859//4330 3393//4329 3390//4331
f 3390//4331 3754//4333 3861//4332
f 3860//4331 3862//4334 3393//4329
f 3863//4335 3386//4335 3393//4329
f 3864//4336 3384//4336 3386//4335
f 3865//4337 3385//4337 3384//4336
f 3866//4338 3387//4338 3385//4337
f 3867//4339 3389//4339 3387//4338
f 3868//4340 3388//4340 3389//4339
f 3869//4341 3392//4341 3388//4340
f 3870//4342 3391//4342 3392//4341
f 3392//4341 3869//4341 3870//4342
f 3388//4340 3868//4340 3869//4341
f 3389//4339 3867//4339 3868//4340
f 3387//4338 3866//4338 3867//4339
f 3385//4337 3865//4337 3866//4338
f 3384//4336 3864//4336 3865//4337
f 3386//4335 3863//4335 3864//4336
f 3393//4329 3862//4334 3863//4335
f 3754//4333 3753//4343 3861//4332
f 3871//4343 3751//4343 3750//4343
f 3752//4343 3871//4343 3872//4343
f 3753//4343 3873//4343 3874//4343
f 3750//4343 3749//4343 3871//4343
f 3872//4343 3753//4343 3752//4343
f 3753//4343 3875//4343 3876//4343
f 3874//4343 3877//4343 3753//4343
f 3752//4343 3751//4343 3871//4343
f 3877//4343 3875//4343 3753//4343
f 3753//4343 3872//4343 3878//4343
f 3749//4343 3748//4343 3871//4343
f 3871//4343 3743//4343 3742//4343
f 3878//4343 3873//4343 3753//4343
f 3748//4343 3747//4343 3871//4343
f 3871//4343 3744//4343 3743//4343
f 3747//4343 3746//4343 3871//4343
f 3879//4343 3880//4343 3881//4343
f 3871//4343 3745//4343 3744//4343
f 3876//4343 3861//4343 3753//4343
f 3881//4343 3882//4343 3879//4343
f 3746//4343 3745//4343 3871//4343
f 3882//4343 3883//4343 3879//4343
f 3883//4343 3871//4343 3879//4343
f 3742//4343 3879//4343 3871//4343
f 3910//4382 3911//4382 3912//4383
f 3913//4383 3912//4383 3914//4384
f 3914//4384 3915//4385 3916//4385
f 3916//4385 3915//4385 3917//4386
f 3918//4386 3917//4386 3919//4387
f 3919//4387 3880//4388 3879//4388
f 3879//4388 3920//4387 3919//4387
f 3919//4387 3920//4387 3918//4386
f 3917//4386 3918//4386 3916//4385
f 3916//4385 3921//4389 3914//4384
f 3914//4384 3921//4389 3913//4383
f 3912//4383 3913//4383 3910//4382
f 5022//5749 5023//5750 5007//5750
f 5023//5750 5024//5751 5006//5751
f 5024//5751 5025//5752 5001//5752
f 5001//5752 5025//5752 5026//5753
f 5004//5753 5026//5753 5027//5754
f 5027//5754 5028//5755 5002//5755
f 5002//5755 5005//5754 5027//5754
f 5027//5754 5005//5754 5004//5753
f 5026//5753 5004//5753 5001//5752
f 5001//5752 5006//5751 5024//5751
f 5006//5751 5007//5750 5023//5750
f 5007//5750 5008//5756 5022//5749
f 5029//5755 5017//5755 5016//5755
f 5018//5755 5029//5755 5030//5755
f 5019//5755 5031//5755 5032//5755
f 5016//5755 5015//5755 5029//5755
f 5030//5755 5019//5755 5018//5755
f 5019//5755 5033//5755 5034//5755
f 5032//5755 5035//5755 5019//5755
f 5018//5755 5017//5755 5029//5755
f 5035//5755 5033//5755 5019//5755
f 5019//5755 5030//5755 5036//5755
f 5015//5755 5014//5755 5029//5755
f 5036//5755 5031//5755 5019//5755
f 5014//5755 5013//5755 5029//5755
f 5011//5755 5028//5755 5037//5755
f 5028//5755 5009//5755 5003//5755
f 5013//5755 5012//5755 5029//5755
f 5037//5755 5038//5755 5011//5755
f 5028//5755 5010//5755 5009//5755
f 5034//5755 5039//5755 5019//5755
f 5038//5755 5040//5755 5011//5755
f 5028//5755 5011//5755 5010//5755
f 5040//5755 5029//5755 5011//5755
f 5012//5755 5011//5755 5029//5755
f 5003//5755 5002//5755 5028//5755
f 5047//5758 5051//5759 5052//5760
f 5021//5760 5039//5761 5051//5759
f 5051//5759 5047//5758 5021//5760
f 5021//5760 5020//5762 5039//5761
f 5052//5760 5053//5763 5047//5758
f 5047//5758 5053//5763 5054//5764
f 5049//5764 5054//5764 5055//5765
f 5046//5765 5055//5765 5056//5766
f 5041//5766 5056//5766 5057//5767
f 5042//5767 5057//5767 5058//5768
f 5045//5768 5058//5768 5059//5769
f 5044//5769 5059//5769 5060//5770
f 5043//5770 5060//5770 5061//5771
f 5061//5771 5048//5771 5043//5770
f 5060//5770 5043//5770 5044//5769
f 5059//5769 5044//5769 5045//5768
f 5058//5768 5045//5768 5042//5767
f 5057//5767 5042//5767 5041//5766
f 5056//5766 5041//5766 5046//5765
f 5055//5765 5046//5765 5049//5764
f 5054//5764 5049//5764 5047//5758
f 5020//5762 5019//5772 5039//5761
f 6420//7416 6416//7416 6417//7417
f 6421//7418 6413//7418 6416//7416
f 6414//7419 6413//7418 6421//7418
f 6422//7420 6415//7420 6414//7419
f 6423//7421 6419//7421 6415//7420
f 6424//7422 6418//7422 6419//7421
f 6419//7421 6423//7421 6424//7422
f 6415//7420 6422//7420 6423//7421
f 6414//7419 6425//7423 6422//7420
f 6421//7418 6425//7423 6414//7419
f 6416//7416 6420//7416 6421//7418
f 6417//7417 6426//7424 6420//7416
f 6409//7424 6427//7424 6428//7424
f 6429//7424 6409//7424 6408//7424
f 6428//7424 6430//7424 6409//7424
f 6408//7424 6431//7424 6429//7424
f 6431//7424 6406//7424 6405//7424
f 6429//7424 6427//7424 6409//7424
f 6431//7424 6403//7424 6401//7424
f 6405//7424 6404//7424 6431//7424
f 6430//7424 6432//7424 6409//7424
f 6409//7424 6433//7424 6434//7424
f 6404//7424 6403//7424 6431//7424
f 6431//7424 6408//7424 6407//7424
f 6432//7424 6435//7424 6409//7424
f 6409//7424 6436//7424 6433//7424
f 6407//7424 6406//7424 6431//7424
f 6435//7424 6437//7424 6409//7424
f 6426//7424 6417//7424 6411//7424
f 6409//7424 6438//7424 6436//7424
f 6437//7424 6438//7424 6409//7424
f 6411//7424 6412//7424 6426//7424
f 6401//7424 6400//7424 6431//7424
f 6412//7424 6410//7424 6426//7424
f 6410//7424 6409//7424 6426//7424
f 6434//7424 6426//7424 6409//7424
f 6439//7425 6391//7425 6390//7426
f 6440//7427 6397//7427 6391//7425
f 6441//7428 6396//7428 6397//7427
f 6442//7429 6392//7429 6396//7428
f 6443//7430 6395//7430 6392//7429
f 6444//7431 6399//7431 6395//7430
f 6445//7432 6398//7432 6399//7431
f 6446//7433 6393//7433 6398//7432
f 6446//7433 6402//7434 6394//7435
f 6447//7435 6400//7436 6402//7434
f 6402//7434 6446//7433 6447//7435
f 6447//7435 6448//7437 6400//7436
f 6448//7437 6431//7436 6400//7436
f 6394//7435 6393//7433 6446//7433
f 6398//7432 6445//7432 6446//7433
f 6399//7431 6444//7431 6445//7432
f 6395//7430 6443//7430 6444//7431
f 6392//7429 6442//7429 6443//7430
f 6396//7428 6441//7428 6442//7429
f 6397//7427 6440//7427 6441//7428
f 6391//7425 6439//7425 6440//7427
f 6390//7426 6449//7438 6439//7425
f 6476//7479 4314//7479 4315//7479
f 6476//7479 4122//7479 4312//7479
f 4122//7479 6476//7479 6477//7479
f 6476//7479 4318//7479 4319//7479
f 4315//7479 4316//7479 6476//7479
f 4312//7479 4313//7479 6476//7479
f 3922//7479 6478//7479 6479//7479
f 3922//7479 6480//7479 6481//7479
f 4122//7479 6482//7479 6483//7479
f 4122//7479 6484//7479 6485//7479
f 6477//7479 6486//7479 4122//7479
f 6476//7479 4317//7479 4318//7479
f 4313//7479 4314//7479 6476//7479
f 6487//7479 3943//7479 3946//7479
f 6487//7479 3931//7479 3934//7479
f 3922//7479 6488//7479 6478//7479
f 6481//7479 6489//7479 3922//7479
f 3922//7479 6487//7479 6490//7479
f 4122//7479 6491//7479 6482//7479
f 6486//7479 6484//7479 4122//7479
f 4316//7479 4317//7479 6476//7479
f 6487//7479 3940//7479 3943//7479
f 3934//7479 3937//7479 6487//7479
f 6489//7479 6488//7479 3922//7479
f 6490//7479 6492//7479 3922//7479
f 4122//7479 6493//7479 6494//7479
f 6485//7479 6491//7479 4122//7479
f 4321//7479 6418//7479 6424//7479
f 4319//7479 4320//7479 6476//7479
f 3937//7479 3940//7479 6487//7479
f 6487//7479 3925//7479 3928//7479
f 6492//7479 6480//7479 3922//7479
f 6483//7479 6493//7479 4122//7479
f 4320//7479 4321//7479 6476//7479
f 3928//7479 3931//7479 6487//7479
f 6487//7479 3922//7479 3923//7479
f 3922//7479 6495//7479 3911//7479
f 6479//7479 6496//7479 3922//7479
f 6424//7479 6476//7479 4321//7479
f 3952//7479 4122//7479 6497//7479
f 3923//7479 3925//7479 6487//7479
f 6496//7479 6495//7479 3922//7479
f 6497//7479 6487//7479 3952//7479
f 3911//7479 3910//7479 3922//7479
f 3946//7479 3952//7479 6487//7479
f 6494//7479 6497//7479 4122//7479
f 2570//10023 2604//10023 2607//10023
f 2601//10023 2570//10023 2587//10023
f 2793//10023 2805//10023 2808//10023
f 2811//10023 2784//10023 2787//10023
f 2570//10023 2601//10023 2604//10023
f 2601//10023 2592//10023 2595//10023
f 2587//10023 2589//10023 2601//10023
f 2793//10023 2802//10023 2805//10023
f 2793//10023 2796//10023 2799//10023
f 2787//10023 2790//10023 2811//10023
f 2607//10023 2610//10023 2570//10023
f 2589//10023 2592//10023 2601//10023
f 2799//10023 2802//10023 2793//10023
f 2811//10023 2766//10023 2784//10023
f 2811//10023 2570//10023 2613//10023
f 2595//10023 2598//10023 2601//10023
f 2790//10023 2793//10023 2811//10023
f 2610//10023 2613//10023 2570//10023
f 3156//10023 8360//10023 8363//10023
f 3156//10023 8177//10023 8351//10023
f 2613//10023 2766//10023 2811//10023
f 2391//10023 8561//10023 8564//10023
f 2391//10023 8555//10023 8558//10023
f 3156//10023 8357//10023 8360//10023
f 8351//10023 8354//10023 3156//10023
f 2811//10023 2418//10023 2570//10023
f 8558//10023 8561//10023 2391//10023
f 2391//10023 8549//10023 8552//10023
f 3156//10023 8366//10023 8369//10023
f 8354//10023 8357//10023 3156//10023
f 8372//10023 3150//10023 3151//10023
f 2808//10023 2811//10023 2793//10023
f 8552//10023 8555//10023 2391//10023
f 2391//10023 8525//10023 8543//10023
f 8363//10023 8366//10023 3156//10023
f 8372//10023 3152//10023 3154//10023
f 3151//10023 3153//10023 8372//10023
f 2811//10023 2963//10023 2418//10023
f 8372//10023 2392//10023 2395//10023
f 8564//10023 8567//10023 2391//10023
f 8543//10023 8546//10023 2391//10023
f 3156//10023 8172//10023 8177//10023
f 3156//10023 8154//10023 8157//10023
f 3153//10023 3152//10023 8372//10023
f 8372//10023 2410//10023 3149//10023
f 3148//10023 2413//10023 2418//10023
f 8372//10023 2401//10023 2404//10023
f 2395//10023 2398//10023 8372//10023
f 2351//10023 8571//10023 8572//10023
f 2391//10023 8573//10023 8574//10023
f 2391//10023 8575//10023 8576//10023
f 8546//10023 8549//10023 2391//10023
f 8369//10023 8372//10023 3156//10023
f 3156//10023 8163//10023 8166//10023
f 8157//10023 8160//10023 3156//10023
f 7919//10023 3156//10023 3157//10023
f 3149//10023 3150//10023 8372//10023
f 3148//10023 2410//10023 2413//10023
f 2398//10023 2401//10023 8372//10023
f 8372//10023 8525//10023 2391//10023
f 8572//10023 2350//10023 2351//10023
f 8574//10023 8577//10023 2391//10023
f 8576//10023 8578//10023 2391//10023
f 8567//10023 8570//10023 2391//10023
f 8177//10023 8348//10023 8351//10023
f 8160//10023 8163//10023 3156//10023
f 3157//10023 3870//10023 7919//10023
f 3154//10023 3155//10023 8372//10023
f 2963//10023 3148//10023 2418//10023
f 2391//10023 2392//10023 8372//10023
f 2351//10023 2391//10023 8571//10023
f 2391//10023 8579//10023 8580//10023
f 8578//10023 8573//10023 2391//10023
f 8570//10023 8581//10023 2391//10023
f 8177//10023 8346//10023 8348//10023
f 8166//10023 8169//10023 3156//10023
f 3156//10023 8150//10023 8151//10023
f 3157//10023 3391//10023 3870//10023
f 3148//10023 3149//10023 2410//10023
f 2404//10023 2407//10023 8372//10023
f 8580//10023 8571//10023 2391//10023
f 8581//10023 8575//10023 2391//10023
f 8169//10023 8172//10023 3156//10023
f 7919//10023 8150//10023 3156//10023
f 2407//10023 2410//10023 8372//10023
f 8577//10023 8579//10023 2391//10023
f 8151//10023 8154//10023 3156//10023
f 8572//10023 2354//10023 2350//10023
f 3155//10023 3156//10023 8372//10023
f 8177//10023 8329//10023 8346//10023
f 1436//11417 9679//11417 9682//11417
f 1436//11417 9668//11417 9670//11417
f 1436//11417 9688//11417 9691//11417
f 1436//11417 9676//11417 9679//11417
f 9670//11417 9673//11417 1436//11417
f 9697//11417 1430//11417 1431//11417
f 9697//11417 1426//11417 1427//11417
f 9699//11417 1623//11417 1624//11417
f 9699//11417 1620//11417 1621//11417
f 1436//11417 9685//11417 9688//11417
f 9673//11417 9676//11417 1436//11417
f 9697//11417 1429//11417 1430//11417
f 1427//11417 1428//11417 9697//11417
f 9699//11417 1622//11417 1623//11417
f 9699//11417 1619//11417 1620//11417
f 9699//11417 1615//11417 1617//11417
f 1437//11417 9700//11417 9701//11417
f 9682//11417 9685//11417 1436//11417
f 9697//11417 1432//11417 1433//11417
f 1428//11417 1429//11417 9697//11417
f 1621//11417 1622//11417 9699//11417
f 1617//11417 1618//11417 9699//11417
f 1437//11417 9702//11417 9700//11417
f 1437//11417 9703//11417 9704//11417
f 1436//11417 9532//11417 9668//11417
f 1436//11417 2310//11417 2329//11417
f 9697//11417 1434//11417 1435//11417
f 1431//11417 1432//11417 9697//11417
f 1618//11417 1619//11417 9699//11417
f 9704//11417 9702//11417 1437//11417
f 1437//11417 9705//11417 9706//11417
f 1437//11417 9707//11417 9708//11417
f 2329//11417 9532//11417 1436//11417
f 1433//11417 1434//11417 9697//11417
f 9699//11417 1616//11417 1615//11417
f 1616//11417 9699//11417 5022//11417
f 9706//11417 9703//11417 1437//11417
f 9708//11417 9709//11417 1437//11417
f 1435//11417 1436//11417 9697//11417
f 1437//11417 1426//11417 9697//11417
f 5022//11417 5008//11417 1616//11417
f 9709//11417 9705//11417 1437//11417
f 9697//11417 9707//11417 1437//11417
f 9701//11417 9699//11417 1437//11417
f 1624//11417 1437//11417 9699//11417
f 9691//11417 9697//11417 1436//11417
f 5296//13283 5308//13283 5311//13283
f 5267//13283 5287//13283 5290//13283
f 5296//13283 5305//13283 5308//13283
f 5296//13283 5299//13283 5302//13283
f 5290//13283 5293//13283 5267//13283
f 5481//13283 5499//13283 5502//13283
f 5496//13283 5481//13283 5480//13283
f 5302//13283 5305//13283 5296//13283
f 5267//13283 5284//13283 5287//13283
f 5481//13283 5496//13283 5499//13283
f 5496//13283 5487//13283 5490//13283
f 5480//13283 5484//13283 5496//13283
f 5293//13283 5296//13283 5267//13283
f 5481//13283 5463//13283 5284//13283
f 5502//13283 5505//13283 5481//13283
f 5484//13283 5487//13283 5496//13283
f 5112//13283 11238//13283 11225//13283
f 5284//13283 5267//13283 5481//13283
f 5490//13283 5493//13283 5496//13283
f 5112//13283 11231//13283 11234//13283
f 11225//13283 11228//13283 5112//13283
f 5505//13283 5463//13283 5481//13283
f 5845//13283 11037//13283 11040//13283
f 11228//13283 11231//13283 5112//13283
f 5311//13283 5267//13283 5296//13283
f 5845//13283 11034//13283 11037//13283
f 5845//13283 11028//13283 11031//13283
f 5845//13283 11019//13283 11022//13283
f 5112//13283 11239//13283 11238//13283
f 5088//13283 5659//13283 5481//13283
f 5094//13283 5850//13283 5851//13283
f 11031//13283 11034//13283 5845//13283
f 11022//13283 11025//13283 5845//13283
f 11216//13283 11238//13283 11240//13283
f 11234//13283 11192//13283 5112//13283
f 5088//13283 5854//13283 5659//13283
f 5094//13283 5849//13283 5850//13283
f 5094//13283 5847//13283 5848//13283
f 11025//13283 11028//13283 5845//13283
f 5845//13283 11013//13283 11016//13283
f 11240//13283 11213//13283 11216//13283
f 11238//13283 11222//13283 11225//13283
f 11241//13283 5112//13283 5050//13283
f 11013//13283 5103//13283 5106//13283
f 11013//13283 5100//13283 5104//13283
f 5267//13283 5088//13283 5481//13283
f 5848//13283 5849//13283 5094//13283
f 11016//13283 11019//13283 5845//13283
f 11240//13283 11209//13283 11213//13283
f 11238//13283 11219//13283 11222//13283
f 5112//13283 11242//13283 11243//13283
f 5112//13283 11244//13283 11245//13283
f 5112//13283 11246//13283 11247//13283
f 5050//13283 5061//13283 11241//13283
f 5104//13283 5103//13283 11013//13283
f 11013//13283 5094//13283 5097//13283
f 5088//13283 5091//13283 5854//13283
f 5851//13283 5852//13283 5094//13283
f 11013//13283 5845//13283 5847//13283
f 5846//13283 10841//13283 10587//13283
f 5845//13283 10826//13283 10829//13283
f 11040//13283 10996//13283 5845//13283
f 11238//13283 11216//13283 11219//13283
f 11245//13283 11242//13283 5112//13283
f 11247//13283 11248//13283 5112//13283
f 5050//13283 5048//13283 5061//13283
f 11013//13283 5109//13283 5112//13283
f 5097//13283 5100//13283 11013//13283
f 5094//13283 5853//13283 5854//13283
f 5847//13283 5094//13283 11013//13283
f 10587//13283 6390//13283 5846//13283
f 5845//13283 10832//13283 10835//13283
f 5845//13283 10823//13283 10826//13283
f 10996//13283 10817//13283 5845//13283
f 11243//13283 11239//13283 5112//13283
f 11241//13283 11246//13283 5112//13283
f 5106//13283 5109//13283 11013//13283
f 5852//13283 5853//13283 5094//13283
f 5846//13283 5845//13283 10841//13283
f 10835//13283 10838//13283 5845//13283
f 10829//13283 10833//13283 5845//13283
f 10817//13283 10820//13283 5845//13283
f 11248//13283 11244//13283 5112//13283
f 5091//13283 5094//13283 5854//13283
f 10838//13283 10841//13283 5845//13283
f 10820//13283 10823//13283 5845//13283
f 5112//13283 11192//13283 11013//13283
f 10833//13283 10832//13283 5845//13283
f 10587//13283 6449//13283 6390//13283
f 11240//13283 11210//13283 11209//13283
