# OBJ generated by ONSHAPE BY PTC INC, 1.219 Units = meters
mtllib link_1.mtl
g Dummy Link 1 - Pro
v -0.0198331 0.00215697 -0.005
v -0.0194836 0.00428866 -0.005
v -0.0189057 0.00637007 -0.005
v -0.0181061 0.00837679 -0.005
v -0.0170943 0.0102853 -0.005
v -0.0158821 0.0120732 -0.005
v -0.0144836 0.0137196 -0.005
v -0.0129154 0.0152051 -0.005
v -0.0111957 0.0165124 -0.005
v -0.00934475 0.0176261 -0.005
v -0.00738426 0.0185331 -0.005
v -0.00533719 0.0192228 -0.005
v -0.00322755 0.0196872 -0.005
v -0.00108007 0.0199207 -0.005
v 0.00108007 0.0199207 -0.005
v 0.00322755 0.0196872 -0.005
v 0.00533719 0.0192228 -0.005
v 0.00738426 0.0185331 -0.005
v 0.00934475 0.0176261 -0.005
v 0.0111957 0.0165124 -0.005
v 0.0129154 0.0152051 -0.005
v 0.0144836 0.0137196 -0.005
v 0.0158821 0.0120732 -0.005
v 0.0170943 0.0102853 -0.005
v 0.0181061 0.00837679 -0.005
v 0.0189057 0.00637007 -0.005
v 0.0194836 0.00428866 -0.005
v 0.0198331 0.00215697 -0.005
v 0.01995 6.12323e-19 -0.005
v 0.0198331 -0.00215697 -0.005
v 0.0194836 -0.00428866 -0.005
v 0.0189057 -0.00637007 -0.005
v 0.0181061 -0.00837679 -0.005
v 0.0170943 -0.0102853 -0.005
v 0.0158821 -0.0120732 -0.005
v 0.0144836 -0.0137196 -0.005
v 0.0129154 -0.0152051 -0.005
v 0.0111957 -0.0165124 -0.005
v 0.00934475 -0.0176261 -0.005
v 0.00738426 -0.0185331 -0.005
v 0.00533719 -0.0192228 -0.005
v 0.00322755 -0.0196872 -0.005
v 0.00108007 -0.0199207 -0.005
v -0.00108007 -0.0199207 -0.005
v -0.00322755 -0.0196872 -0.005
v -0.00533719 -0.0192228 -0.005
v -0.00738426 -0.0185331 -0.005
v -0.00934475 -0.0176261 -0.005
v -0.0111957 -0.0165124 -0.005
v -0.0129154 -0.0152051 -0.005
v -0.0144836 -0.0137196 -0.005
v -0.0158821 -0.0120732 -0.005
v -0.0170943 -0.0102853 -0.005
v -0.0181061 -0.00837679 -0.005
v -0.0189057 -0.00637007 -0.005
v -0.0194836 -0.00428866 -0.005
v -0.0198331 -0.00215697 -0.005
v -0.01995 7.94183e-18 -0.005
v 0 6.12323e-19 -0.005
v 0.01995 6.12323e-19 0
v 0.0198331 0.00215697 0
v 0.0194836 0.00428866 0
v 0.0189057 0.00637007 0
v 0.0181061 0.00837679 0
v 0.0170943 0.0102853 0
v 0.0158821 0.0120732 0
v 0.0144836 0.0137196 0
v 0.0129154 0.0152051 0
v 0.0111957 0.0165124 0
v 0.00934475 0.0176261 0
v 0.00738426 0.0185331 0
v 0.00533719 0.0192228 0
v 0.00322755 0.0196872 0
v 0.00108007 0.0199207 0
v -0.00108007 0.0199207 0
v -0.00322755 0.0196872 0
v -0.00533719 0.0192228 0
v -0.00738426 0.0185331 0
v -0.00934475 0.0176261 0
v -0.0111957 0.0165124 0
v -0.0129154 0.0152051 0
v -0.0144836 0.0137196 0
v -0.0158821 0.0120732 0
v -0.0170943 0.0102853 0
v -0.0181061 0.00837679 0
v -0.0189057 0.00637007 0
v -0.0194836 0.00428866 0
v -0.0198331 0.00215697 0
v -0.01995 3.05549e-18 0
v -0.0198331 -0.00215697 0
v -0.0194836 -0.00428866 0
v -0.0189057 -0.00637007 0
v -0.0181061 -0.00837679 0
v -0.0170943 -0.0102853 0
v -0.0158821 -0.0120732 0
v -0.0144836 -0.0137196 0
v -0.0129154 -0.0152051 0
v -0.0111957 -0.0165124 0
v -0.00934475 -0.0176261 0
v -0.00738426 -0.0185331 0
v -0.00533719 -0.0192228 0
v -0.00322755 -0.0196872 0
v -0.00108007 -0.0199207 0
v 0.00108007 -0.0199207 0
v 0.00322755 -0.0196872 0
v 0.00533719 -0.0192228 0
v 0.00738426 -0.0185331 0
v 0.00934475 -0.0176261 0
v 0.0111957 -0.0165124 0
v 0.0129154 -0.0152051 0
v 0.0144836 -0.0137196 0
v 0.0158821 -0.0120732 0
v 0.0170943 -0.0102853 0
v 0.0181061 -0.00837679 0
v 0.0189057 -0.00637007 0
v 0.0194836 -0.00428866 0
v 0.0198331 -0.00215697 0
v -0.00999373 -0.0250824 0
v -0.012647 -0.0238548 0
v 0.0214945 -0.0163397 0
v 0.0196019 -0.0185679 0
v -0.00722327 -0.0260158 0
v -0.0151521 -0.0223476 0
v -0.0174794 -0.0205784 0
v -0.0245045 0.011337 0
v -0.0231351 0.01392 0
v -0.0214945 0.0163397 0
v -0.0151521 0.0223476 0
v -0.012647 0.0238548 0
v 0.0174794 -0.0205784 0
v -0.0268417 0.00291921 0
v -0.0263688 0.0058042 0
v -0.0255866 0.00862114 0
v -0.0196019 0.0185679 0
v -0.0174794 0.0205784 0
v 0.0151521 -0.0223476 0
v 0.012647 -0.0238548 0
v 0.00999373 -0.0250824 0
v 0.00722327 -0.0260158 0
v 0.00436811 -0.0266443 0
v -0.0196019 -0.0185679 0
v -0.0214945 -0.0163397 0
v -0.0231351 -0.01392 0
v -0.00722327 0.0260158 0
v -0.00436811 0.0266443 0
v -0.00146175 0.0269604 0
v 0.00146175 0.0269604 0
v 0.0151521 0.0223476 0
v 0.0174794 0.0205784 0
v 0.00146175 -0.0269604 0
v -0.00999373 0.0250824 0
v 0.00436811 0.0266443 0
v 0.0196019 0.0185679 0
v 0.0214945 0.0163397 0
v 0.0231351 0.01392 0
v 0.0268417 0.00291921 0
v 0.027 -4.95982e-18 0
v 0.0268417 -0.00291921 0
v 0.0263688 -0.0058042 0
v -0.00146175 -0.0269604 0
v -0.00436811 -0.0266443 0
v -0.0245045 -0.011337 0
v -0.0255866 -0.00862114 0
v -0.0263688 -0.0058042 0
v 0.00722327 0.0260158 0
v 0.0255866 0.00862114 0
v 0.0263688 0.0058042 0
v 0.00999373 0.0250824 0
v 0.012647 0.0238548 0
v 0.0245045 0.011337 0
v 0.0255866 -0.00862114 0
v 0.0245045 -0.011337 0
v -0.0268417 -0.00291921 0
v -0.027 4.95982e-18 0
v 0.0231351 -0.01392 0
v 0.027 1.65327e-18 0.0005
v 0.0268417 0.00291921 0.0005
v 0.0263688 0.0058042 0.0005
v 0.0255866 0.00862114 0.0005
v 0.0245045 0.011337 0.0005
v 0.0231351 0.01392 0.0005
v 0.0214945 0.0163397 0.0005
v 0.0196019 0.0185679 0.0005
v 0.0174794 0.0205784 0.0005
v 0.0151521 0.0223476 0.0005
v 0.012647 0.0238548 0.0005
v 0.00999373 0.0250824 0.0005
v 0.00722327 0.0260158 0.0005
v 0.00436811 0.0266443 0.0005
v 0.00146175 0.0269604 0.0005
v -0.00146175 0.0269604 0.0005
v -0.00436811 0.0266443 0.0005
v -0.00722327 0.0260158 0.0005
v -0.00999373 0.0250824 0.0005
v -0.012647 0.0238548 0.0005
v -0.0151521 0.0223476 0.0005
v -0.0174794 0.0205784 0.0005
v -0.0196019 0.0185679 0.0005
v -0.0214945 0.0163397 0.0005
v -0.0231351 0.01392 0.0005
v -0.0245045 0.011337 0.0005
v -0.0255866 0.00862114 0.0005
v -0.0263688 0.0058042 0.0005
v -0.0268417 0.00291921 0.0005
v -0.027 4.95982e-18 0.0005
v -0.0268417 -0.00291921 0.0005
v -0.0263688 -0.0058042 0.0005
v -0.0255866 -0.00862114 0.0005
v -0.0245045 -0.011337 0.0005
v -0.0231351 -0.01392 0.0005
v -0.0214945 -0.0163397 0.0005
v -0.0196019 -0.0185679 0.0005
v -0.0174794 -0.0205784 0.0005
v -0.0151521 -0.0223476 0.0005
v -0.012647 -0.0238548 0.0005
v -0.00999373 -0.0250824 0.0005
v -0.00722327 -0.0260158 0.0005
v -0.00436811 -0.0266443 0.0005
v -0.00146175 -0.0269604 0.0005
v 0.00146175 -0.0269604 0.0005
v 0.00436811 -0.0266443 0.0005
v 0.00722327 -0.0260158 0.0005
v 0.00999373 -0.0250824 0.0005
v 0.012647 -0.0238548 0.0005
v 0.0151521 -0.0223476 0.0005
v 0.0174794 -0.0205784 0.0005
v 0.0196019 -0.0185679 0.0005
v 0.0214945 -0.0163397 0.0005
v 0.0231351 -0.01392 0.0005
v 0.0245045 -0.011337 0.0005
v 0.0255866 -0.00862114 0.0005
v 0.0263688 -0.0058042 0.0005
v 0.0268417 -0.00291921 0.0005
v -0.0312672 0.0157278 0.0005
v -0.0294737 0.018876 0.0005
v -0.0275673 0.0225858 0.0005
v -0.0268863 0.0245594 0.0005
v -0.0284324 0.0206856 0.0005
v -0.0263954 0.0265887 0.0005
v 0.0349531 0.00181162 0.0005
v -0.0260991 0.0286554 0.0005
v -0.026 0.0307409 0.0005
v -0.026 0.040875 0.0005
v 0.026 0.040875 0.0005
v 0.026 0.0307409 0.0005
v 0.0263954 0.0265887 0.0005
v 0.0268863 0.0245594 0.0005
v 0.0275673 0.0225858 0.0005
v 0.0284324 0.0206856 0.0005
v 0.0338334 0.00896124 0.0005
v 0.0345785 0.00541545 0.0005
v 0.0349531 -0.00181162 0.0005
v 0.0345785 -0.00541545 0.0005
v -0.0263954 -0.0265887 0.0005
v -0.0268863 -0.0245594 0.0005
v 0.0260991 0.0286554 0.0005
v 0.0294737 0.018876 0.0005
v 0.0327256 0.012411 0.0005
v 0.0338334 -0.00896124 0.0005
v 0.0275673 -0.0225858 0.0005
v 0.0263954 -0.0265887 0.0005
v 0.0260991 -0.0286554 0.0005
v 0.0268863 -0.0245594 0.0005
v -0.0260991 -0.0286554 0.0005
v -0.0275673 -0.0225858 0.0005
v -0.0284324 -0.0206856 0.0005
v -0.0294737 -0.018876 0.0005
v -0.0312672 -0.0157278 0.0005
v 0.0327256 -0.012411 0.0005
v 0.0312672 -0.0157278 0.0005
v 0.0284324 -0.0206856 0.0005
v 0.026 -0.0307409 0.0005
v -0.026 -0.040875 0.0005
v -0.026 -0.0307409 0.0005
v 0.0312672 0.0157278 0.0005
v 0.0294737 -0.018876 0.0005
v 0.026 -0.040875 0.0005
v -0.0327256 -0.012411 0.0005
v -0.0338334 -0.00896124 0.0005
v -0.0345785 -0.00541545 0.0005
v -0.0349531 -0.00181162 0.0005
v -0.0349531 0.00181162 0.0005
v -0.0345785 0.00541545 0.0005
v -0.0338334 0.00896124 0.0005
v -0.0327256 0.012411 0.0005
v 0.0311579 -0.0199546 0.0025
v 0.0330539 -0.0166265 0.0025
v 0.0345957 -0.0131202 0.0025
v 0.0357667 -0.00947331 0.0025
v 0.0365544 -0.0057249 0.0025
v 0.0369504 -0.00191514 0.0025
v 0.0369504 0.00191514 0.0025
v 0.0365544 0.0057249 0.0025
v 0.0357667 0.00947331 0.0025
v 0.0345957 0.0131202 0.0025
v 0.0330539 0.0166265 0.0025
v 0.0311579 0.0199546 0.0025
v 0.0302113 0.0215997 0.0025
v 0.0294248 0.0233271 0.0025
v 0.0288057 0.0251213 0.0025
v 0.0283594 0.0269662 0.0025
v 0.0280901 0.028845 0.0025
v 0.028 0.0307409 0.0025
v -0.0280901 0.028845 0.0025
v -0.0283594 0.0269662 0.0025
v -0.0288057 0.0251213 0.0025
v -0.0294248 0.0233271 0.0025
v -0.0302113 0.0215997 0.0025
v -0.0311579 0.0199546 0.0025
v -0.028 0.0307409 0.0025
v -0.0330539 0.0166265 0.0025
v -0.0345957 0.0131202 0.0025
v -0.0357667 0.00947331 0.0025
v -0.0365544 0.0057249 0.0025
v -0.0369504 0.00191514 0.0025
v -0.0369504 -0.00191514 0.0025
v -0.0365544 -0.0057249 0.0025
v -0.0357667 -0.00947331 0.0025
v -0.0345957 -0.0131202 0.0025
v -0.0330539 -0.0166265 0.0025
v -0.0311579 -0.0199546 0.0025
v 0.0280901 -0.028845 0.0025
v 0.0283594 -0.0269662 0.0025
v 0.0288057 -0.0251213 0.0025
v 0.0294248 -0.0233271 0.0025
v 0.0302113 -0.0215997 0.0025
v 0.028 -0.0307409 0.0025
v -0.0302113 -0.0215997 0.0025
v -0.0294248 -0.0233271 0.0025
v -0.0288057 -0.0251213 0.0025
v -0.0283594 -0.0269662 0.0025
v -0.0280901 -0.028845 0.0025
v -0.028 -0.0307409 0.0025
v -0.0311579 0.0199546 0.012
v -0.0330539 0.0166265 0.012
v -0.0345957 0.0131202 0.012
v -0.0357667 0.00947331 0.012
v -0.0365544 0.0057249 0.012
v -0.0369504 0.00191514 0.012
v -0.0369504 -0.00191514 0.012
v -0.0365544 -0.0057249 0.012
v -0.0357667 -0.00947331 0.012
v -0.0345957 -0.0131202 0.012
v -0.0330539 -0.0166265 0.012
v -0.0311579 -0.0199546 0.012
v 0.0311579 -0.0199546 0.0045
v 0.0330539 -0.0166265 0.0045
v 0.0345957 -0.0131202 0.0045
v 0.0357667 -0.00947331 0.0045
v 0.0365544 -0.0057249 0.0045
v 0.0369504 -0.00191514 0.0045
v 0.0369504 0.00191514 0.0045
v 0.0365544 0.0057249 0.0045
v 0.0357667 0.00947331 0.0045
v 0.0345957 0.0131202 0.0045
v 0.0330539 0.0166265 0.0045
v 0.0311579 0.0199546 0.0045
v 0.0302113 0.0215997 0.0045
v 0.0294248 0.0233271 0.0045
v 0.0288057 0.0251213 0.0045
v 0.0283594 0.0269662 0.0045
v 0.0280901 0.028845 0.0045
v 0.028 0.0307409 0.0045
v 0.028 0.040875 0.0025
v 0.0280901 -0.028845 0.0045
v 0.028 -0.0307409 0.0045
v 0.0283594 -0.0269662 0.0045
v 0.0288057 -0.0251213 0.0045
v 0.0294248 -0.0233271 0.0045
v 0.0302113 -0.0215997 0.0045
v 0.028 -0.040875 0.0025
v -0.0280901 0.028845 0.012
v -0.028 0.0307409 0.012
v -0.0283594 0.0269662 0.012
v -0.0288057 0.0251213 0.012
v -0.0294248 0.0233271 0.012
v -0.0302113 0.0215997 0.012
v -0.028 0.040875 0.0025
v -0.0253787 0.042375 0.002
v 0.0253787 0.042375 0.002
v 0.0265 0.042375 0.00312132
v 0.028 0.040875 0.014
v 0.0265 0.042375 0.014
v -0.0265 0.042375 0.00312132
v -0.028 0.040875 0.014
v -0.0265 0.042375 0.014
v 0.028 0.036375 0.0045
v 0.028 0.036375 0.014
v 0.026559 0.042375 0.0151635
v 0.0280513 0.040875 0.0150117
v 0.0267354 0.042375 0.0163151
v 0.0282047 0.040875 0.0160131
v 0.0270275 0.042375 0.0174429
v 0.0284587 0.040875 0.0169938
v 0.0280513 0.036375 0.0150117
v 0.0282047 0.036375 0.0160131
v 0.0284587 0.036375 0.0169938
v 0.0366973 0.042375 0.0482608
v 0.0381285 0.040875 0.0478117
v 0.0381285 0.036375 0.0478117
v 0.0371557 0.042375 0.0500457
v 0.0386262 0.040875 0.0497496
v 0.0374238 0.042375 0.0518689
v 0.0389173 0.040875 0.0517291
v 0.0374987 0.042375 0.0537103
v 0.0389986 0.040875 0.0537283
v 0.0373796 0.042375 0.0555492
v 0.0388693 0.040875 0.0557249
v 0.0370677 0.042375 0.0573655
v 0.0385307 0.040875 0.0576968
v 0.0365666 0.042375 0.0591389
v 0.0379866 0.040875 0.0596222
v 0.0358818 0.042375 0.0608497
v 0.0372431 0.040875 0.0614797
v 0.0350209 0.042375 0.0624791
v 0.0363084 0.040875 0.0632487
v 0.0339933 0.042375 0.0640089
v 0.0351928 0.040875 0.0649096
v 0.0328107 0.042375 0.0654221
v 0.0339087 0.040875 0.066444
v 0.0314859 0.042375 0.0667032
v 0.0324704 0.040875 0.0678349
v 0.0300338 0.042375 0.0678378
v 0.0308939 0.040875 0.0690668
v 0.0284704 0.042375 0.0688134
v 0.0291965 0.040875 0.070126
v 0.0268131 0.042375 0.0696193
v 0.0273971 0.040875 0.0710009
v 0.0250803 0.042375 0.0702464
v 0.0255157 0.040875 0.0716818
v 0.0232911 0.042375 0.0706878
v 0.0235732 0.040875 0.072161
v 0.0214654 0.042375 0.0709385
v 0.021591 0.040875 0.0724333
v 0.0196235 0.042375 0.0709959
v 0.0195912 0.040875 0.0724956
v 0.0177857 0.042375 0.0708593
v 0.0175959 0.040875 0.0723473
v 0.0159725 0.042375 0.0705302
v 0.0156273 0.040875 0.07199
v 0.0142039 0.042375 0.0700123
v 0.0137071 0.040875 0.0714276
v 0.0124997 0.042375 0.0693112
v 0.0118568 0.040875 0.0706665
v 0.0108786 0.042375 0.0684348
v 0.0100967 0.040875 0.069715
v 0.00935862 0.042375 0.0673928
v 0.00844651 0.040875 0.0685837
v 0.00795667 0.042375 0.0661968
v 0.00692439 0.040875 0.0672851
v 0.00668827 0.042375 0.0648599
v 0.00554727 0.040875 0.0658336
v 0.00556749 0.042375 0.0633971
v 0.00433042 0.040875 0.0642454
v -0.0262471 0.040875 0.0196555
v -0.0250101 0.042375 0.0188072
v -0.0254557 0.042375 0.0180819
v -0.0267714 0.040875 0.0188023
v -0.0258266 0.042375 0.0173158
v -0.0272078 0.040875 0.0179009
v -0.026119 0.042375 0.0165164
v -0.0275517 0.040875 0.0169604
v -0.0263299 0.042375 0.0156917
v -0.0277999 0.040875 0.0159903
v -0.0264574 0.042375 0.0148501
v -0.0279499 0.040875 0.0150002
v -0.028 0.036375 0.012
v -0.028 0.036375 0.014
v -0.0294737 0.018876 0.014
v -0.0284324 0.0206856 0.014
v -0.0275673 0.0225858 0.014
v -0.0268863 0.0245594 0.014
v -0.0263954 0.0265887 0.014
v -0.0260991 0.0286554 0.014
v -0.026 0.0307409 0.014
v -0.026 0.036375 0.014
v -0.0294737 -0.018876 0.014
v -0.0312672 -0.0157278 0.014
v -0.0327256 -0.012411 0.014
v -0.0338334 -0.00896124 0.014
v -0.0345785 -0.00541545 0.014
v -0.0349531 -0.00181162 0.014
v -0.0349531 0.00181162 0.014
v -0.0345785 0.00541545 0.014
v -0.0338334 0.00896124 0.014
v -0.0327256 0.012411 0.014
v -0.0312672 0.0157278 0.014
v -0.0302113 -0.0215997 0.012
v -0.0294248 -0.0233271 0.012
v -0.0288057 -0.0251213 0.012
v -0.0283594 -0.0269662 0.012
v -0.0280901 -0.028845 0.012
v -0.028 -0.0307409 0.012
v -0.026 -0.0307409 0.014
v -0.0260991 -0.0286554 0.014
v -0.0263954 -0.0265887 0.014
v -0.0268863 -0.0245594 0.014
v -0.0275673 -0.0225858 0.014
v -0.0284324 -0.0206856 0.014
v -0.028 -0.036375 0.012
v -0.026 -0.036375 0.014
v 0.0235 0.036375 0.0045
v 0.0235 -0.036375 0.0045
v 0.028 -0.036375 0.0045
v 0.0235 -0.036375 0.005
v 0.0235 0.036375 0.005
v 0.0145 0.036375 0.014
v 0.0145 -0.036375 0.014
v 0.0379866 0.036375 0.0596222
v 0.0386262 0.036375 0.0497496
v 0.00433042 0.036375 0.0642454
v 0.0195912 0.036375 0.0724956
v 0.0175959 0.036375 0.0723473
v 0.0372431 0.036375 0.0614797
v 0.0389986 0.036375 0.0537283
v 0.0388693 0.036375 0.0557249
v 0.0389173 0.036375 0.0517291
v 0.0156273 0.036375 0.07199
v 0.00692439 0.036375 0.0672851
v 0.00554727 0.036375 0.0658336
v 0.0118568 0.036375 0.0706665
v 0.0100967 0.036375 0.069715
v 0.021591 0.036375 0.0724333
v 0.0291965 0.036375 0.070126
v 0.0273971 0.036375 0.0710009
v 0.0363084 0.036375 0.0632487
v 0.00844651 0.036375 0.0685837
v 0.0137071 0.036375 0.0714276
v 0.0235732 0.036375 0.072161
v 0.0255157 0.036375 0.0716818
v 0.0339087 0.036375 0.066444
v 0.0324704 0.036375 0.0678349
v 0.0385307 0.036375 0.0576968
v 0.0351928 0.036375 0.0649096
v -0.0272078 0.036375 0.0179009
v -0.0275517 0.036375 0.0169604
v 0.0308939 0.036375 0.0690668
v -0.0267714 0.036375 0.0188023
v -0.0277999 0.036375 0.0159903
v -0.0262471 0.036375 0.0196555
v -0.0279499 0.036375 0.0150002
v -0.028 -0.040875 0.0025
v 0.0253787 -0.042375 0.002
v -0.0253787 -0.042375 0.002
v 0.0265 -0.042375 0.00312132
v 0.028 -0.040875 0.014
v 0.028 -0.036375 0.014
v 0.0265 -0.042375 0.014
v 0.0282047 -0.036375 0.0160131
v 0.0284587 -0.036375 0.0169938
v 0.0284587 -0.040875 0.0169938
v 0.0280513 -0.036375 0.0150117
v 0.0282047 -0.040875 0.0160131
v 0.0280513 -0.040875 0.0150117
v 0.0270275 -0.042375 0.0174429
v 0.0267354 -0.042375 0.0163151
v 0.026559 -0.042375 0.0151635
v 0.0381285 -0.036375 0.0478117
v 0.0381285 -0.040875 0.0478117
v 0.0366973 -0.042375 0.0482608
v 0.00433042 -0.036375 0.0642454
v 0.00433042 -0.040875 0.0642454
v 0.00554727 -0.040875 0.0658336
v 0.00554727 -0.036375 0.0658336
v 0.00692439 -0.040875 0.0672851
v 0.00692439 -0.036375 0.0672851
v 0.00844651 -0.040875 0.0685837
v 0.00844651 -0.036375 0.0685837
v 0.0100967 -0.040875 0.069715
v 0.0100967 -0.036375 0.069715
v 0.0118568 -0.040875 0.0706665
v 0.0118568 -0.036375 0.0706665
v 0.0137071 -0.040875 0.0714276
v 0.0137071 -0.036375 0.0714276
v 0.0156273 -0.040875 0.07199
v 0.0156273 -0.036375 0.07199
v 0.0175959 -0.040875 0.0723473
v 0.0175959 -0.036375 0.0723473
v 0.0195912 -0.040875 0.0724956
v 0.0195912 -0.036375 0.0724956
v 0.021591 -0.040875 0.0724333
v 0.021591 -0.036375 0.0724333
v 0.0235732 -0.040875 0.072161
v 0.0235732 -0.036375 0.072161
v 0.0255157 -0.040875 0.0716818
v 0.0255157 -0.036375 0.0716818
v 0.0273971 -0.040875 0.0710009
v 0.0273971 -0.036375 0.0710009
v 0.0291965 -0.040875 0.070126
v 0.0291965 -0.036375 0.070126
v 0.0308939 -0.040875 0.0690668
v 0.0308939 -0.036375 0.0690668
v 0.0324704 -0.040875 0.0678349
v 0.0324704 -0.036375 0.0678349
v 0.0339087 -0.040875 0.066444
v 0.0339087 -0.036375 0.066444
v 0.0351928 -0.040875 0.0649096
v 0.0351928 -0.036375 0.0649096
v 0.0363084 -0.040875 0.0632487
v 0.0363084 -0.036375 0.0632487
v 0.0372431 -0.040875 0.0614797
v 0.0372431 -0.036375 0.0614797
v 0.0379866 -0.040875 0.0596222
v 0.0379866 -0.036375 0.0596222
v 0.0385307 -0.040875 0.0576968
v 0.0385307 -0.036375 0.0576968
v 0.0388693 -0.040875 0.0557249
v 0.0388693 -0.036375 0.0557249
v 0.0389986 -0.040875 0.0537283
v 0.0389986 -0.036375 0.0537283
v 0.0389173 -0.040875 0.0517291
v 0.0389173 -0.036375 0.0517291
v 0.0386262 -0.040875 0.0497496
v 0.0386262 -0.036375 0.0497496
v -0.0275517 -0.036375 0.0169604
v -0.0279499 -0.036375 0.0150002
v -0.0277999 -0.036375 0.0159903
v -0.0262471 -0.036375 0.0196555
v -0.0272078 -0.036375 0.0179009
v -0.028 -0.036375 0.014
v -0.0267714 -0.036375 0.0188023
v -0.028 -0.040875 0.014
v -0.0265 -0.042375 0.00312132
v -0.0279499 -0.040875 0.0150002
v -0.0277999 -0.040875 0.0159903
v -0.0275517 -0.040875 0.0169604
v -0.0272078 -0.040875 0.0179009
v -0.0267714 -0.040875 0.0188023
v -0.0262471 -0.040875 0.0196555
v -0.0265 -0.042375 0.014
v 0.00556749 -0.042375 0.0633971
v 0.00668827 -0.042375 0.0648599
v 0.00795667 -0.042375 0.0661968
v 0.00935862 -0.042375 0.0673928
v 0.0108786 -0.042375 0.0684348
v 0.0124997 -0.042375 0.0693112
v 0.0142039 -0.042375 0.0700123
v 0.0159725 -0.042375 0.0705302
v 0.0177857 -0.042375 0.0708593
v 0.0196235 -0.042375 0.0709959
v 0.0214654 -0.042375 0.0709385
v 0.0232911 -0.042375 0.0706878
v 0.0250803 -0.042375 0.0702464
v 0.0268131 -0.042375 0.0696193
v 0.0284704 -0.042375 0.0688134
v 0.0300338 -0.042375 0.0678378
v 0.0314859 -0.042375 0.0667032
v 0.0328107 -0.042375 0.0654221
v 0.0339933 -0.042375 0.0640089
v 0.0350209 -0.042375 0.0624791
v 0.0358818 -0.042375 0.0608497
v 0.0365666 -0.042375 0.0591389
v 0.0370677 -0.042375 0.0573655
v 0.0373796 -0.042375 0.0555492
v 0.0374987 -0.042375 0.0537103
v 0.0374238 -0.042375 0.0518689
v 0.0371557 -0.042375 0.0500457
v -0.0250101 -0.042375 0.0188072
v -0.0264574 -0.042375 0.0148501
v -0.0263299 -0.042375 0.0156917
v -0.026119 -0.042375 0.0165164
v -0.0258266 -0.042375 0.0173158
v -0.0254557 -0.042375 0.0180819
v 0.0265504 0.042375 0.0175926
v 0.0362203 0.042375 0.0484105
v 0.0111392 0.042375 0.0680081
v 0.012714 0.042375 0.0688595
v 0.00966266 0.042375 0.0669959
v 0.0143696 0.042375 0.0695405
v 0.0160876 0.042375 0.0700437
v 0.0297471 0.042375 0.0674282
v 0.0282284 0.042375 0.0683759
v 0.0311578 0.042375 0.0663259
v 0.0324446 0.042375 0.0650815
v 0.0335935 0.042375 0.0637086
v 0.0360933 0.042375 0.0589778
v 0.035428 0.042375 0.0606397
v 0.0365801 0.042375 0.057255
v 0.026 0.042375 0.00332843
v 0.026 0.042375 0.014
v 0.0260616 0.042375 0.0152141
v 0.0262457 0.042375 0.0164157
v -0.0245977 0.042375 0.0185244
v 0.017849 0.042375 0.0703634
v 0.0196342 0.042375 0.0704961
v 0.0345917 0.042375 0.0622225
v 0.036883 0.042375 0.0554907
v 0.036926 0.042375 0.0519155
v 0.0366655 0.042375 0.0501444
v -0.0253662 0.042375 0.0171207
v -0.0256414 0.042375 0.0163684
v -0.0250171 0.042375 0.0178418
v 0.00597985 0.042375 0.0631143
v 0.00706861 0.042375 0.0645354
v 0.0214235 0.042375 0.0704403
v 0.0231971 0.042375 0.0701967
v 0.0266185 0.042375 0.0691587
v 0.0249351 0.042375 0.0697679
v 0.0369988 0.042375 0.0537042
v -0.02584 0.042375 0.0155922
v -0.0259599 0.042375 0.0148001
v 0.00830077 0.042375 0.065834
v 0.0251716 0.042375 0.0025
v -0.0251716 0.042375 0.0025
v -0.026 0.042375 0.00332843
v -0.026 0.042375 0.014
v -0.0245977 0.045375 0.0185244
v -0.0250171 0.045375 0.0178418
v -0.0253662 0.045375 0.0171207
v -0.0256414 0.045375 0.0163684
v -0.02584 0.045375 0.0155922
v -0.0259599 0.045375 0.0148001
v -0.026 0.045375 0.014
v 0.00597985 0.045375 0.0631143
v 0.0362203 0.045375 0.0484105
v 0.0366655 0.045375 0.0501444
v 0.036926 0.045375 0.0519155
v 0.0369988 0.045375 0.0537042
v 0.036883 0.045375 0.0554907
v 0.0365801 0.045375 0.057255
v 0.0360933 0.045375 0.0589778
v 0.035428 0.045375 0.0606397
v 0.0345917 0.045375 0.0622225
v 0.0335935 0.045375 0.0637086
v 0.0324446 0.045375 0.0650815
v 0.0311578 0.045375 0.0663259
v 0.0297471 0.045375 0.0674282
v 0.0282284 0.045375 0.0683759
v 0.0266185 0.045375 0.0691587
v 0.0249351 0.045375 0.0697679
v 0.0231971 0.045375 0.0701967
v 0.0214235 0.045375 0.0704403
v 0.0196342 0.045375 0.0704961
v 0.017849 0.045375 0.0703634
v 0.0160876 0.045375 0.0700437
v 0.0143696 0.045375 0.0695405
v 0.012714 0.045375 0.0688595
v 0.0111392 0.045375 0.0680081
v 0.00966266 0.045375 0.0669959
v 0.00830077 0.045375 0.065834
v 0.00706861 0.045375 0.0645354
v 0.00845399 0.048375 0.0614177
v -0.0221236 0.048375 0.0168277
v -0.0223857 0.048375 0.0164011
v -0.0226039 0.048375 0.0159505
v -0.0227759 0.048375 0.0154802
v -0.0229 0.048375 0.0149951
v -0.0229749 0.048375 0.0145001
v -0.023 0.048375 0.014
v -0.026 0.045375 0.00493616
v -0.026 0.044575 0.00332843
v -0.023 0.048375 0.00796518
v -0.0251716 0.044575 0.0025
v -0.0235638 0.045375 0.0025
v -0.0205348 0.048375 0.0055
v 0.0235638 0.045375 0.0025
v 0.0251716 0.044575 0.0025
v 0.0205348 0.048375 0.0055
v 0.026 0.044575 0.00332843
v 0.026 0.045375 0.00493616
v 0.023 0.048375 0.00796518
v 0.026 0.045375 0.014
v 0.0333579 0.048375 0.0493086
v 0.0337246 0.048375 0.0507366
v 0.0339391 0.048375 0.0521952
v 0.033999 0.048375 0.0536682
v 0.0339037 0.048375 0.0551394
v 0.0336542 0.048375 0.0565924
v 0.0332533 0.048375 0.0580111
v 0.0327054 0.048375 0.0593798
v 0.0320167 0.048375 0.0606833
v 0.0311947 0.048375 0.0619071
v 0.0302485 0.048375 0.0630377
v 0.0291887 0.048375 0.0640625
v 0.028027 0.048375 0.0649702
v 0.0267763 0.048375 0.0657508
v 0.0254505 0.048375 0.0663954
v 0.0240642 0.048375 0.0668971
v 0.0226329 0.048375 0.0672502
v 0.0211723 0.048375 0.0674508
v 0.0196988 0.048375 0.0674968
v 0.0182286 0.048375 0.0673875
v 0.016778 0.048375 0.0671242
v 0.0153632 0.048375 0.0667098
v 0.0139997 0.048375 0.066149
v 0.0127029 0.048375 0.0654479
v 0.0114869 0.048375 0.0646143
v 0.0103653 0.048375 0.0636574
v 0.00935062 0.048375 0.0625879
v 0.0265504 0.045375 0.0175926
v 0.023 0.048375 0.014
v 0.023688 0.048375 0.0184907
v 0.023077 0.048375 0.0155176
v 0.0233071 0.048375 0.0170197
v 0.0260616 0.045375 0.0152141
v 0.0262457 0.045375 0.0164157
v -0.0245977 -0.042375 0.0185244
v 0.00597985 -0.042375 0.0631143
v -0.0250171 -0.042375 0.0178418
v 0.0365801 -0.042375 0.057255
v 0.036883 -0.042375 0.0554907
v 0.0360933 -0.042375 0.0589778
v 0.0311578 -0.042375 0.0663259
v 0.0324446 -0.042375 0.0650815
v 0.0297471 -0.042375 0.0674282
v 0.0282284 -0.042375 0.0683759
v 0.0266185 -0.042375 0.0691587
v 0.0249351 -0.042375 0.0697679
v 0.0231971 -0.042375 0.0701967
v 0.0143696 -0.042375 0.0695405
v 0.0160876 -0.042375 0.0700437
v 0.012714 -0.042375 0.0688595
v -0.0253662 -0.042375 0.0171207
v 0.0265504 -0.042375 0.0175926
v 0.0262457 -0.042375 0.0164157
v 0.0260616 -0.042375 0.0152141
v 0.026 -0.042375 0.014
v 0.026 -0.042375 0.00332843
v 0.0369988 -0.042375 0.0537042
v 0.0345917 -0.042375 0.0622225
v 0.035428 -0.042375 0.0606397
v 0.0335935 -0.042375 0.0637086
v 0.0214235 -0.042375 0.0704403
v 0.0196342 -0.042375 0.0704961
v 0.017849 -0.042375 0.0703634
v 0.0111392 -0.042375 0.0680081
v -0.0256414 -0.042375 0.0163684
v -0.02584 -0.042375 0.0155922
v -0.0259599 -0.042375 0.0148001
v 0.0366655 -0.042375 0.0501444
v 0.0362203 -0.042375 0.0484105
v 0.00830077 -0.042375 0.065834
v 0.00706861 -0.042375 0.0645354
v -0.026 -0.042375 0.014
v -0.026 -0.042375 0.00332843
v 0.00966266 -0.042375 0.0669959
v -0.0251716 -0.042375 0.0025
v 0.0251716 -0.042375 0.0025
v 0.036926 -0.042375 0.0519155
v -0.0251716 -0.044575 0.0025
v -0.026 -0.044575 0.00332843
v -0.026 -0.045375 0.00493616
v -0.026 -0.045375 0.014
v 0.026 -0.044575 0.00332843
v 0.0251716 -0.044575 0.0025
v 0.0235638 -0.045375 0.0025
v -0.0235638 -0.045375 0.0025
v -0.0205348 -0.048375 0.0055
v -0.023 -0.048375 0.00796518
v 0.0205348 -0.048375 0.0055
v 0.026 -0.045375 0.00493616
v 0.023 -0.048375 0.00796518
v 0.026 -0.045375 0.014
v 0.0265504 -0.045375 0.0175926
v 0.0262457 -0.045375 0.0164157
v 0.0260616 -0.045375 0.0152141
v 0.023 -0.048375 0.014
v 0.0362203 -0.045375 0.0484105
v 0.023688 -0.048375 0.0184907
v 0.0233071 -0.048375 0.0170197
v 0.023077 -0.048375 0.0155176
v 0.00597985 -0.045375 0.0631143
v 0.00706861 -0.045375 0.0645354
v 0.00830077 -0.045375 0.065834
v 0.00966266 -0.045375 0.0669959
v 0.0111392 -0.045375 0.0680081
v 0.012714 -0.045375 0.0688595
v 0.0143696 -0.045375 0.0695405
v 0.0160876 -0.045375 0.0700437
v 0.017849 -0.045375 0.0703634
v 0.0196342 -0.045375 0.0704961
v 0.0214235 -0.045375 0.0704403
v 0.0231971 -0.045375 0.0701967
v 0.0249351 -0.045375 0.0697679
v 0.0266185 -0.045375 0.0691587
v 0.0282284 -0.045375 0.0683759
v 0.0297471 -0.045375 0.0674282
v 0.0311578 -0.045375 0.0663259
v 0.0324446 -0.045375 0.0650815
v 0.0335935 -0.045375 0.0637086
v 0.0345917 -0.045375 0.0622225
v 0.035428 -0.045375 0.0606397
v 0.0360933 -0.045375 0.0589778
v 0.0365801 -0.045375 0.057255
v 0.036883 -0.045375 0.0554907
v 0.0369988 -0.045375 0.0537042
v 0.036926 -0.045375 0.0519155
v 0.0366655 -0.045375 0.0501444
v 0.0333579 -0.048375 0.0493086
v -0.0245977 -0.045375 0.0185244
v 0.00845399 -0.048375 0.0614177
v 0.00935062 -0.048375 0.0625879
v 0.0103653 -0.048375 0.0636574
v 0.0114869 -0.048375 0.0646143
v 0.0127029 -0.048375 0.0654479
v 0.0139997 -0.048375 0.066149
v 0.0153632 -0.048375 0.0667098
v 0.016778 -0.048375 0.0671242
v 0.0182286 -0.048375 0.0673875
v 0.0196988 -0.048375 0.0674968
v 0.0211723 -0.048375 0.0674508
v 0.0226329 -0.048375 0.0672502
v 0.0240642 -0.048375 0.0668971
v 0.0254505 -0.048375 0.0663954
v 0.0267763 -0.048375 0.0657508
v 0.028027 -0.048375 0.0649702
v 0.0291887 -0.048375 0.0640625
v 0.0302485 -0.048375 0.0630377
v 0.0311947 -0.048375 0.0619071
v 0.0320167 -0.048375 0.0606833
v 0.0327054 -0.048375 0.0593798
v 0.0332533 -0.048375 0.0580111
v 0.0336542 -0.048375 0.0565924
v 0.0339037 -0.048375 0.0551394
v 0.033999 -0.048375 0.0536682
v 0.0339391 -0.048375 0.0521952
v 0.0337246 -0.048375 0.0507366
v -0.0221236 -0.048375 0.0168277
v -0.0223857 -0.048375 0.0164011
v -0.0226039 -0.048375 0.0159505
v -0.023 -0.048375 0.014
v -0.0229 -0.048375 0.0149951
v -0.0229749 -0.048375 0.0145001
v -0.0227759 -0.048375 0.0154802
v -0.0259599 -0.045375 0.0148001
v -0.02584 -0.045375 0.0155922
v -0.0256414 -0.045375 0.0163684
v -0.0253662 -0.045375 0.0171207
v -0.0250171 -0.045375 0.0178418
v -0.022 -0.028 0.014
v 0.0102091 0.028011 0.014
v 0.01 0.028 0.014
v 0.0102091 -0.028011 0.014
v 0.0119021 0.029382 0.014
v 0.0118271 0.0291865 0.014
v -0.0222091 -0.028011 0.014
v 0.0117321 0.029 0.014
v -0.0233383 0.0324863 0.014
v -0.0231756 0.032618 0.014
v -0.0237321 0.032 0.014
v -0.023618 0.0321756 0.014
v -0.0239021 0.031618 0.014
v -0.023989 0.0312091 0.014
v -0.0239563 0.0314158 0.014
v 0.0119021 -0.029382 0.014
v 0.0119563 -0.0295842 0.014
v 0.0118271 -0.0291865 0.014
v -0.022618 0.0280979 0.014
v -0.0228135 0.0281729 0.014
v -0.0222091 0.028011 0.014
v -0.0224158 0.0280437 0.014
v 0.01 -0.028 0.014
v 0.0119563 0.0295842 0.014
v 0.011989 0.0297909 0.014
v 0.012 0.031 0.014
v 0.012 0.03 0.014
v -0.024 -0.03 0.014
v -0.023989 -0.0297909 0.014
v -0.023 0.0327321 0.014
v -0.0234863 0.0323383 0.014
v -0.023989 0.0297909 0.014
v 0.011989 -0.0297909 0.014
v 0.0117321 -0.029 0.014
v 0.0113383 -0.0285137 0.014
v 0.0114863 -0.0286617 0.014
v -0.022 0.028 0.014
v 0.011618 0.0288244 0.014
v -0.0239563 -0.0295842 0.014
v -0.024 -0.031 0.014
v -0.0238271 0.0318135 0.014
v -0.024 0.03 0.014
v -0.0237321 0.029 0.014
v -0.0238271 0.0291865 0.014
v -0.0231756 0.028382 0.014
v -0.0233383 0.0285137 0.014
v 0.011618 -0.0288244 0.014
v 0.0104158 -0.0280437 0.014
v 0.0108135 0.0281729 0.014
v 0.010618 0.0280979 0.014
v 0.0114863 0.0286617 0.014
v 0.0113383 0.0285137 0.014
v -0.0237321 -0.029 0.014
v -0.0239021 -0.029382 0.014
v -0.023989 -0.0312091 0.014
v -0.0239021 -0.031618 0.014
v -0.0239563 -0.0314158 0.014
v -0.024 0.031 0.014
v -0.0239021 0.029382 0.014
v -0.0239563 0.0295842 0.014
v -0.023618 0.0288244 0.014
v -0.0234863 0.0286617 0.014
v -0.023 0.0282679 0.014
v 0.011 -0.0282679 0.014
v 0.0111756 -0.028382 0.014
v 0.010618 -0.0280979 0.014
v 0.0104158 0.0280437 0.014
v 0.0111756 0.028382 0.014
v 0.011 0.0282679 0.014
v -0.0224158 -0.0280437 0.014
v -0.022618 -0.0280979 0.014
v -0.0231756 -0.028382 0.014
v -0.0233383 -0.0285137 0.014
v -0.0238271 -0.0291865 0.014
v -0.0238271 -0.0318135 0.014
v -0.0234863 -0.0323383 0.014
v -0.023618 -0.0321756 0.014
v -0.023 -0.0327321 0.014
v -0.0231756 -0.032618 0.014
v 0.0108135 -0.0281729 0.014
v -0.0228135 -0.0281729 0.014
v -0.023 -0.0282679 0.014
v -0.0234863 -0.0286617 0.014
v -0.023618 -0.0288244 0.014
v -0.0237321 -0.032 0.014
v -0.0233383 -0.0324863 0.014
v -0.0228135 -0.0328271 0.014
v -0.0224158 -0.0329563 0.014
v -0.022618 -0.0329021 0.014
v 0.0119563 0.0314158 0.014
v 0.011989 0.0312091 0.014
v 0.0118271 0.0318135 0.014
v 0.0119021 0.031618 0.014
v 0.0114863 0.0323383 0.014
v 0.011618 0.0321756 0.014
v 0.01 -0.033 0.014
v 0.012 -0.03 0.014
v 0.012 -0.031 0.014
v 0.0117321 0.032 0.014
v -0.0228135 0.0328271 0.014
v -0.022618 0.0329021 0.014
v 0.0102091 -0.032989 0.014
v 0.0117321 -0.032 0.014
v 0.011618 -0.0321756 0.014
v 0.0119563 -0.0314158 0.014
v 0.0119021 -0.031618 0.014
v 0.011989 -0.0312091 0.014
v -0.022 0.033 0.014
v 0.01 0.033 0.014
v -0.022 -0.033 0.014
v 0.0113383 -0.0324863 0.014
v 0.0111756 -0.032618 0.014
v 0.0118271 -0.0318135 0.014
v 0.0113383 0.0324863 0.014
v 0.011 0.0327321 0.014
v 0.0111756 0.032618 0.014
v -0.0222091 0.032989 0.014
v -0.0222091 -0.032989 0.014
v 0.010618 -0.0329021 0.014
v 0.0104158 -0.0329563 0.014
v 0.0114863 -0.0323383 0.014
v 0.010618 0.0329021 0.014
v 0.0108135 0.0328271 0.014
v 0.0102091 0.032989 0.014
v 0.0104158 0.0329563 0.014
v -0.0224158 0.0329563 0.014
v 0.011 -0.0327321 0.014
v 0.0108135 -0.0328271 0.014
v -0.022 -0.033 0.015
v -0.0222091 -0.032989 0.015
v -0.0224158 -0.0329563 0.015
v -0.022618 -0.0329021 0.015
v -0.0228135 -0.0328271 0.015
v -0.023 -0.0327321 0.015
v -0.0231756 -0.032618 0.015
v -0.0233383 -0.0324863 0.015
v -0.0234863 -0.0323383 0.015
v -0.023618 -0.0321756 0.015
v -0.0237321 -0.032 0.015
v -0.0238271 -0.0318135 0.015
v -0.0239021 -0.031618 0.015
v -0.0239563 -0.0314158 0.015
v -0.023989 -0.0312091 0.015
v -0.024 -0.031 0.015
v 0.01 -0.033 0.015
v 0.012 -0.031 0.015
v 0.011989 -0.0312091 0.015
v 0.0119563 -0.0314158 0.015
v 0.0119021 -0.031618 0.015
v 0.0118271 -0.0318135 0.015
v 0.0117321 -0.032 0.015
v 0.011618 -0.0321756 0.015
v 0.0114863 -0.0323383 0.015
v 0.0113383 -0.0324863 0.015
v 0.0111756 -0.032618 0.015
v 0.011 -0.0327321 0.015
v 0.0108135 -0.0328271 0.015
v 0.010618 -0.0329021 0.015
v 0.0104158 -0.0329563 0.015
v 0.0102091 -0.032989 0.015
v -0.022 -0.0325 0.0155
v 0.01 -0.0325 0.0155
v -0.0221568 -0.0324918 0.0155
v -0.0223119 -0.0324672 0.0155
v -0.0224635 -0.0324266 0.0155
v -0.0226101 -0.0323703 0.0155
v -0.02275 -0.032299 0.0155
v -0.0228817 -0.0322135 0.0155
v -0.0230037 -0.0321147 0.0155
v -0.0231147 -0.0320037 0.0155
v -0.0232135 -0.0318817 0.0155
v -0.023299 -0.03175 0.0155
v -0.0233703 -0.0316101 0.0155
v -0.0234266 -0.0314635 0.0155
v -0.0234672 -0.0313119 0.0155
v -0.0234918 -0.0311568 0.0155
v -0.0235 -0.031 0.0155
v -0.024 -0.03 0.015
v 0.0115 -0.031 0.0155
v 0.0114918 -0.0311568 0.0155
v 0.0114672 -0.0313119 0.0155
v 0.0114266 -0.0314635 0.0155
v 0.0113703 -0.0316101 0.0155
v 0.011299 -0.03175 0.0155
v 0.0112135 -0.0318817 0.0155
v 0.0111147 -0.0320037 0.0155
v 0.0110037 -0.0321147 0.0155
v 0.0108817 -0.0322135 0.0155
v 0.01075 -0.032299 0.0155
v 0.0106101 -0.0323703 0.0155
v 0.0104635 -0.0324266 0.0155
v 0.0103119 -0.0324672 0.0155
v 0.0101568 -0.0324918 0.0155
v 0.012 -0.03 0.015
v 0.0115 -0.03 0.0155
v 0.01 -0.028 0.015
v 0.0102091 -0.028011 0.015
v 0.0104158 -0.0280437 0.015
v 0.010618 -0.0280979 0.015
v 0.0108135 -0.0281729 0.015
v 0.011 -0.0282679 0.015
v 0.0111756 -0.028382 0.015
v 0.0113383 -0.0285137 0.015
v 0.0114863 -0.0286617 0.015
v 0.011618 -0.0288244 0.015
v 0.0117321 -0.029 0.015
v 0.0118271 -0.0291865 0.015
v 0.0119021 -0.029382 0.015
v 0.0119563 -0.0295842 0.015
v 0.011989 -0.0297909 0.015
v 0.01 -0.0285 0.0155
v 0.0101568 -0.0285082 0.0155
v 0.0103119 -0.0285328 0.0155
v 0.0104635 -0.0285734 0.0155
v 0.0106101 -0.0286297 0.0155
v 0.01075 -0.028701 0.0155
v 0.0108817 -0.0287865 0.0155
v 0.0110037 -0.0288853 0.0155
v 0.0111147 -0.0289963 0.0155
v 0.0112135 -0.0291183 0.0155
v 0.011299 -0.02925 0.0155
v 0.0113703 -0.0293899 0.0155
v 0.0114266 -0.0295365 0.0155
v 0.0114672 -0.0296881 0.0155
v 0.0114918 -0.0298432 0.0155
v -0.022 -0.028 0.015
v -0.0234918 -0.0298432 0.0155
v -0.0233703 -0.0293899 0.0155
v -0.0234266 -0.0295365 0.0155
v -0.0232135 -0.0291183 0.0155
v -0.023299 -0.02925 0.0155
v -0.0230037 -0.0288853 0.0155
v -0.0231147 -0.0289963 0.0155
v -0.0221568 -0.0285082 0.0155
v -0.0223119 -0.0285328 0.0155
v -0.0228817 -0.0287865 0.0155
v -0.0226101 -0.0286297 0.0155
v -0.02275 -0.028701 0.0155
v -0.0224635 -0.0285734 0.0155
v -0.022 -0.0285 0.0155
v -0.0234672 -0.0296881 0.0155
v -0.0235 -0.03 0.0155
v -0.023989 -0.0297909 0.015
v -0.0239563 -0.0295842 0.015
v -0.0239021 -0.029382 0.015
v -0.0238271 -0.0291865 0.015
v -0.0237321 -0.029 0.015
v -0.023618 -0.0288244 0.015
v -0.0234863 -0.0286617 0.015
v -0.0233383 -0.0285137 0.015
v -0.0231756 -0.028382 0.015
v -0.023 -0.0282679 0.015
v -0.0228135 -0.0281729 0.015
v -0.022618 -0.0280979 0.015
v -0.0224158 -0.0280437 0.015
v -0.0222091 -0.028011 0.015
v 0.012 0.03 0.015
v 0.011989 0.0297909 0.015
v 0.0119563 0.0295842 0.015
v 0.0119021 0.029382 0.015
v 0.0118271 0.0291865 0.015
v 0.0117321 0.029 0.015
v 0.011618 0.0288244 0.015
v 0.0114863 0.0286617 0.015
v 0.0113383 0.0285137 0.015
v 0.0111756 0.028382 0.015
v 0.011 0.0282679 0.015
v 0.0108135 0.0281729 0.015
v 0.010618 0.0280979 0.015
v 0.0104158 0.0280437 0.015
v 0.0102091 0.028011 0.015
v 0.01 0.028 0.015
v 0.012 0.031 0.015
v 0.01 0.033 0.015
v 0.0102091 0.032989 0.015
v 0.0104158 0.0329563 0.015
v 0.010618 0.0329021 0.015
v 0.0108135 0.0328271 0.015
v 0.011 0.0327321 0.015
v 0.0111756 0.032618 0.015
v 0.0113383 0.0324863 0.015
v 0.0114863 0.0323383 0.015
v 0.011618 0.0321756 0.015
v 0.0117321 0.032 0.015
v 0.0118271 0.0318135 0.015
v 0.0119021 0.031618 0.015
v 0.0119563 0.0314158 0.015
v 0.011989 0.0312091 0.015
v 0.0115 0.031 0.0155
v 0.0115 0.03 0.0155
v 0.0114918 0.0298432 0.0155
v 0.0114672 0.0296881 0.0155
v 0.0114266 0.0295365 0.0155
v 0.0113703 0.0293899 0.0155
v 0.011299 0.02925 0.0155
v 0.0112135 0.0291183 0.0155
v 0.0111147 0.0289963 0.0155
v 0.0110037 0.0288853 0.0155
v 0.0108817 0.0287865 0.0155
v 0.01075 0.028701 0.0155
v 0.0106101 0.0286297 0.0155
v 0.0104635 0.0285734 0.0155
v 0.0103119 0.0285328 0.0155
v 0.0101568 0.0285082 0.0155
v 0.01 0.0285 0.0155
v -0.022 0.028 0.015
v 0.01 0.0325 0.0155
v 0.0101568 0.0324918 0.0155
v 0.0103119 0.0324672 0.0155
v 0.0104635 0.0324266 0.0155
v 0.0106101 0.0323703 0.0155
v 0.01075 0.032299 0.0155
v 0.0108817 0.0322135 0.0155
v 0.0110037 0.0321147 0.0155
v 0.0111147 0.0320037 0.0155
v 0.0112135 0.0318817 0.0155
v 0.011299 0.03175 0.0155
v 0.0113703 0.0316101 0.0155
v 0.0114266 0.0314635 0.0155
v 0.0114672 0.0313119 0.0155
v 0.0114918 0.0311568 0.0155
v -0.022 0.033 0.015
v -0.022 0.0325 0.0155
v -0.024 0.031 0.015
v -0.023989 0.0312091 0.015
v -0.0239563 0.0314158 0.015
v -0.0239021 0.031618 0.015
v -0.0238271 0.0318135 0.015
v -0.0237321 0.032 0.015
v -0.023618 0.0321756 0.015
v -0.0234863 0.0323383 0.015
v -0.0233383 0.0324863 0.015
v -0.0231756 0.032618 0.015
v -0.023 0.0327321 0.015
v -0.0228135 0.0328271 0.015
v -0.022618 0.0329021 0.015
v -0.0224158 0.0329563 0.015
v -0.0222091 0.032989 0.015
v -0.0235 0.031 0.0155
v -0.0234918 0.0311568 0.0155
v -0.0234672 0.0313119 0.0155
v -0.0234266 0.0314635 0.0155
v -0.0233703 0.0316101 0.0155
v -0.023299 0.03175 0.0155
v -0.0232135 0.0318817 0.0155
v -0.0231147 0.0320037 0.0155
v -0.0230037 0.0321147 0.0155
v -0.0228817 0.0322135 0.0155
v -0.02275 0.032299 0.0155
v -0.0226101 0.0323703 0.0155
v -0.0224635 0.0324266 0.0155
v -0.0223119 0.0324672 0.0155
v -0.0221568 0.0324918 0.0155
v -0.024 0.03 0.015
v -0.0226101 0.0286297 0.0155
v -0.0230037 0.0288853 0.0155
v -0.0228817 0.0287865 0.0155
v -0.0231147 0.0289963 0.0155
v -0.0224635 0.0285734 0.0155
v -0.0223119 0.0285328 0.0155
v -0.02275 0.028701 0.0155
v -0.0221568 0.0285082 0.0155
v -0.022 0.0285 0.0155
v -0.023299 0.02925 0.0155
v -0.0232135 0.0291183 0.0155
v -0.0233703 0.0293899 0.0155
v -0.0234672 0.0296881 0.0155
v -0.0234266 0.0295365 0.0155
v -0.0235 0.03 0.0155
v -0.0234918 0.0298432 0.0155
v -0.0222091 0.028011 0.015
v -0.0224158 0.0280437 0.015
v -0.022618 0.0280979 0.015
v -0.0228135 0.0281729 0.015
v -0.023 0.0282679 0.015
v -0.0231756 0.028382 0.015
v -0.0233383 0.0285137 0.015
v -0.0234863 0.0286617 0.015
v -0.023618 0.0288244 0.015
v -0.0237321 0.029 0.015
v -0.0238271 0.0291865 0.015
v -0.0239021 0.029382 0.015
v -0.0239563 0.0295842 0.015
v -0.023989 0.0297909 0.015
vn 0 0 -1
vn 1 0 0
vn 0.994138 0.108119 0
vn 0.976621 0.21497 0
vn 0.947653 0.319302 0
vn 0.907575 0.419889 0
vn 0.856857 0.515554 0
vn 0.796093 0.605174 0
vn 0.725995 0.687699 0
vn 0.647386 0.762162 0
vn 0.561187 0.827689 0
vn 0.468408 0.883512 0
vn 0.370138 0.928977 0
vn 0.267528 0.96355 0
vn 0.161782 0.986827 0
vn 0.0541389 0.998533 0
vn -0.0541389 0.998533 0
vn -0.161782 0.986827 0
vn -0.267528 0.96355 0
vn -0.370138 0.928977 0
vn -0.468408 0.883512 0
vn -0.561187 0.827689 0
vn -0.647386 0.762162 0
vn -0.725995 0.687699 0
vn -0.796093 0.605174 0
vn -0.856857 0.515554 0
vn -0.907575 0.419889 0
vn -0.947653 0.319302 0
vn -0.976621 0.21497 0
vn -0.994138 0.108119 0
vn -1 1.22465e-16 0
vn -0.994138 -0.108119 0
vn -0.976621 -0.21497 0
vn -0.947653 -0.319302 0
vn -0.907575 -0.419889 0
vn -0.856857 -0.515554 0
vn -0.796093 -0.605174 0
vn -0.725995 -0.687699 0
vn -0.647386 -0.762162 0
vn -0.561187 -0.827689 0
vn -0.468408 -0.883512 0
vn -0.370138 -0.928977 0
vn -0.267528 -0.96355 0
vn -0.161782 -0.986827 0
vn -0.0541389 -0.998533 0
vn 0.0541389 -0.998533 0
vn 0.161782 -0.986827 0
vn 0.267528 -0.96355 0
vn 0.370138 -0.928977 0
vn 0.468408 -0.883512 0
vn 0.561187 -0.827689 0
vn 0.647386 -0.762162 0
vn 0.725995 -0.687699 0
vn 0.796093 -0.605174 0
vn 0.856857 -0.515554 0
vn 0.907575 -0.419889 0
vn 0.947653 -0.319302 0
vn 0.976621 -0.21497 0
vn 0.994138 -0.108119 0
vn 0 0 -1
vn 1 0 0
vn 0.994138 0.108119 0
vn 0.976621 0.21497 0
vn 0.947653 0.319302 0
vn 0.907575 0.419889 0
vn 0.856857 0.515554 0
vn 0.796093 0.605174 0
vn 0.725995 0.687699 0
vn 0.647386 0.762162 0
vn 0.561187 0.827689 0
vn 0.468408 0.883512 0
vn 0.370138 0.928977 0
vn 0.267528 0.96355 0
vn 0.161782 0.986827 0
vn 0.0541389 0.998533 0
vn -0.0541389 0.998533 0
vn -0.161782 0.986827 0
vn -0.267528 0.96355 0
vn -0.370138 0.928977 0
vn -0.468408 0.883512 0
vn -0.561187 0.827689 0
vn -0.647386 0.762162 0
vn -0.725995 0.687699 0
vn -0.796093 0.605174 0
vn -0.856857 0.515554 0
vn -0.907575 0.419889 0
vn -0.947653 0.319302 0
vn -0.976621 0.21497 0
vn -0.994138 0.108119 0
vn -1 1.22465e-16 0
vn -0.994138 -0.108119 0
vn -0.976621 -0.21497 0
vn -0.947653 -0.319302 0
vn -0.907575 -0.419889 0
vn -0.856857 -0.515554 0
vn -0.796093 -0.605174 0
vn -0.725995 -0.687699 0
vn -0.647386 -0.762162 0
vn -0.561187 -0.827689 0
vn -0.468408 -0.883512 0
vn -0.370138 -0.928977 0
vn -0.267528 -0.96355 0
vn -0.161782 -0.986827 0
vn -0.0541389 -0.998533 0
vn 0.0541389 -0.998533 0
vn 0.161782 -0.986827 0
vn 0.267528 -0.96355 0
vn 0.370138 -0.928977 0
vn 0.468408 -0.883512 0
vn 0.561187 -0.827689 0
vn 0.647386 -0.762162 0
vn 0.725995 -0.687699 0
vn 0.796093 -0.605174 0
vn 0.856857 -0.515554 0
vn 0.907575 -0.419889 0
vn 0.947653 -0.319302 0
vn 0.976621 -0.21497 0
vn 0.994138 -0.108119 0
vn 0 0 -1
vn 0.595458 -0.381352 -0.707107
vn 0.631693 -0.317749 -0.707107
vn 0.661158 -0.25074 -0.707107
vn 0.683537 -0.181044 -0.707107
vn 0.698591 -0.109409 -0.707107
vn 0.706159 -0.0366003 -0.707107
vn 0.706159 0.0366003 -0.707107
vn 0.698591 0.109409 -0.707107
vn 0.683537 0.181044 -0.707107
vn 0.661158 0.25074 -0.707107
vn 0.631693 0.317749 -0.707107
vn 0.595458 0.381352 -0.707107
vn 0.628927 0.323189 -0.707107
vn 0.656731 0.262115 -0.707107
vn 0.678621 0.19868 -0.707107
vn 0.694399 0.133456 -0.707107
vn 0.703923 0.0670297 -0.707107
vn 0.707107 1.9984e-15 -0.707107
vn 0.595458 0.381352 -0.707107
vn -0.707107 1.4835e-15 -0.707107
vn -0.703923 0.0670297 -0.707107
vn -0.694399 0.133456 -0.707107
vn -0.678621 0.19868 -0.707107
vn -0.656731 0.262115 -0.707107
vn -0.628927 0.323189 -0.707107
vn -0.595458 0.381352 -0.707107
vn -0.707107 1.4835e-15 -0.707107
vn -0.631693 0.317749 -0.707107
vn -0.661158 0.25074 -0.707107
vn -0.683537 0.181044 -0.707107
vn -0.698591 0.109409 -0.707107
vn -0.706159 0.0366003 -0.707107
vn -0.706159 -0.0366003 -0.707107
vn -0.698591 -0.109409 -0.707107
vn -0.683537 -0.181044 -0.707107
vn -0.661158 -0.25074 -0.707107
vn -0.631693 -0.317749 -0.707107
vn -0.595458 -0.381352 -0.707107
vn 0.707107 -1.63551e-15 -0.707107
vn 0.703923 -0.0670297 -0.707107
vn 0.694399 -0.133456 -0.707107
vn 0.678621 -0.19868 -0.707107
vn 0.656731 -0.262115 -0.707107
vn 0.628927 -0.323189 -0.707107
vn 0.595458 -0.381352 -0.707107
vn 0.707107 -1.63551e-15 -0.707107
vn -0.595458 -0.381352 -0.707107
vn -0.628927 -0.323189 -0.707107
vn -0.656731 -0.262115 -0.707107
vn -0.678621 -0.19868 -0.707107
vn -0.694399 -0.133456 -0.707107
vn -0.703923 -0.0670297 -0.707107
vn -0.707107 -1.66533e-16 -0.707107
vn -0.595458 -0.381352 -0.707107
vn -0.842105 0.539313 0
vn -0.893349 0.449364 0
vn -0.935018 0.3546 0
vn -0.966667 0.256036 0
vn -0.987957 0.154727 0
vn -0.99866 0.0517606 0
vn -0.99866 -0.0517606 0
vn -0.987957 -0.154727 0
vn -0.966667 -0.256036 0
vn -0.935018 -0.3546 0
vn -0.893349 -0.449364 0
vn -0.842105 -0.539313 0
vn 0.842105 -0.539313 0
vn 0.893349 -0.449364 0
vn 0.935018 -0.3546 0
vn 0.966667 -0.256036 0
vn 0.987957 -0.154727 0
vn 0.99866 -0.0517606 0
vn 0.99866 0.0517606 0
vn 0.987957 0.154727 0
vn 0.966667 0.256036 0
vn 0.935018 0.3546 0
vn 0.893349 0.449364 0
vn 0.842105 0.539313 0
vn 0.889437 0.457058 0
vn 0.928758 0.370686 0
vn 0.959715 0.280976 0
vn 0.982028 0.188735 0
vn 0.995497 0.0947943 0
vn 1 2.09798e-15 0
vn 0.707107 0 -0.707107
vn 0.995497 -0.0947943 0
vn 1 -2.34291e-15 0
vn 0.982028 -0.188735 0
vn 0.995497 -0.0947943 0
vn 0.959715 -0.280976 0
vn 0.982028 -0.188735 0
vn 0.928758 -0.370686 0
vn 0.959715 -0.280976 0
vn 0.889437 -0.457058 0
vn 0.928758 -0.370686 0
vn 0.842105 -0.539313 0
vn 0.889437 -0.457058 0
vn 0.707107 0 -0.707107
vn -0.995497 0.0947943 0
vn -1 2.90946e-15 0
vn -0.982028 0.188735 0
vn -0.995497 0.0947943 0
vn -0.959715 0.280976 0
vn -0.982028 0.188735 0
vn -0.928758 0.370686 0
vn -0.959715 0.280976 0
vn -0.889437 0.457058 0
vn -0.928758 0.370686 0
vn -0.842105 0.539313 0
vn -0.889437 0.457058 0
vn -0.707107 0 -0.707107
vn -8.65956e-17 0.707107 -0.707107
vn 0.5 0.707107 -0.5
vn 0.707107 0.707107 0
vn -0.5 0.707107 -0.5
vn -0.707107 0.707107 0
vn 1 0 0
vn 0.707107 0.707107 1.29893e-16
vn 0.703478 0.707107 -0.0715415
vn 0.69263 0.707107 -0.142349
vn 0.674674 0.707107 -0.211695
vn 0.707107 0.707107 1.29893e-16
vn 0.994869 1.21836e-16 -0.101175
vn 1 1.22465e-16 -1.22465e-16
vn 0.979527 1.19957e-16 -0.201312
vn 0.994869 1.21836e-16 -0.101175
vn 0.954133 1.16848e-16 -0.299382
vn 0.979527 1.19957e-16 -0.201312
vn 0.674674 0.707107 -0.211695
vn 0.954133 1.16848e-16 -0.299382
vn 0.693195 0.707107 -0.139574
vn 0.704029 0.707107 -0.0659046
vn 0.707056 0.707107 0.0084955
vn 0.702242 0.707107 0.0828013
vn 0.689641 0.707107 0.156189
vn 0.669393 0.707107 0.227845
vn 0.641722 0.707107 0.296974
vn 0.606934 0.707107 0.36281
vn 0.565417 0.707107 0.424622
vn 0.517629 0.707107 0.481726
vn 0.464101 0.707107 0.533489
vn 0.405427 0.707107 0.579335
vn 0.342257 0.707107 0.618757
vn 0.275292 0.707107 0.651317
vn 0.205274 0.707107 0.676655
vn 0.13298 0.707107 0.69449
vn 0.059211 0.707107 0.704623
vn -0.0152145 0.707107 0.706943
vn -0.0894712 0.707107 0.701423
vn -0.162736 0.707107 0.688126
vn -0.234196 0.707107 0.667197
vn -0.303059 0.707107 0.63887
vn -0.368561 0.707107 0.603459
vn -0.429977 0.707107 0.561356
vn -0.486624 0.707107 0.513028
vn -0.537875 0.707107 0.45901
vn -0.583162 0.707107 0.399903
vn -0.620234 0.707107 0.339573
vn -0.651087 0.707107 0.275837
vn -0.67541 0.707107 0.209335
vn -0.69296 0.707107 0.140734
vn -0.703561 0.707107 0.0707217
vn -0.707107 0.707107 5.55112e-17
vn -1 0 0
vn -0.595458 0.381352 0.707107
vn -0.628927 0.323189 0.707107
vn -0.656731 0.262115 0.707107
vn -0.678621 0.19868 0.707107
vn -0.694399 0.133456 0.707107
vn -0.703923 0.0670297 0.707107
vn -0.707107 2.05391e-15 0.707107
vn -0.595458 0.381352 0.707107
vn -0.595458 -0.381352 0.707107
vn -0.631693 -0.317749 0.707107
vn -0.661158 -0.25074 0.707107
vn -0.683537 -0.181044 0.707107
vn -0.698591 -0.109409 0.707107
vn -0.706159 -0.0366003 0.707107
vn -0.706159 0.0366003 0.707107
vn -0.698591 0.109409 0.707107
vn -0.683537 0.181044 0.707107
vn -0.661158 0.25074 0.707107
vn -0.631693 0.317749 0.707107
vn -0.595458 0.381352 0.707107
vn -0.889437 -0.457058 0
vn -0.842105 -0.539313 0
vn -0.928758 -0.370686 0
vn -0.889437 -0.457058 0
vn -0.959715 -0.280976 0
vn -0.928758 -0.370686 0
vn -0.982028 -0.188735 0
vn -0.959715 -0.280976 0
vn -0.995497 -0.0947943 0
vn -0.982028 -0.188735 0
vn -1 0 0
vn -0.995497 -0.0947943 0
vn -0.707107 0 0.707107
vn -0.703923 -0.0670297 0.707107
vn -0.694399 -0.133456 0.707107
vn -0.678621 -0.19868 0.707107
vn -0.656731 -0.262115 0.707107
vn -0.628927 -0.323189 0.707107
vn -0.595458 -0.381352 0.707107
vn -0.707107 0 0.707107
vn -3.33601e-16 0 1
vn 1 0 3.33601e-16
vn 0.707107 0 0.707107
vn 1.22465e-16 -1 0
vn -0.583162 0.707107 0.399903
vn -0.824715 -1.00998e-16 0.565549
vn -0.877143 -1.07419e-16 0.480229
vn -0.920776 -1.12762e-16 0.390093
vn -0.955174 -1.16975e-16 0.296045
vn -0.979994 -1.20015e-16 0.199028
vn -0.994986 -1.21851e-16 0.100016
vn -1 -1.22465e-16 1.22465e-16
vn -0.824715 -1.00998e-16 0.565549
vn 0.954133 1.16848e-16 -0.299382
vn 0.980326 1.20055e-16 -0.197387
vn 0.995647 1.21932e-16 -0.0932031
vn 0.999928 1.22456e-16 0.0120144
vn 0.99312 1.21622e-16 0.117099
vn 0.9753 1.1944e-16 0.220885
vn 0.946664 1.15933e-16 0.322221
vn 0.907531 1.11141e-16 0.419984
vn 0.858335 1.05116e-16 0.51309
vn 0.79962 9.79252e-17 0.600507
vn 0.732038 8.96488e-17 0.681264
vn 0.656338 8.03783e-17 0.754467
vn 0.573361 7.02164e-17 0.819303
vn 0.484025 5.92759e-17 0.875054
vn 0.389322 4.76782e-17 0.921102
vn 0.290301 3.55517e-17 0.956935
vn 0.188062 2.30309e-17 0.982157
vn 0.083737 1.02548e-17 0.996488
vn -0.0215165 -2.63501e-18 0.999768
vn -0.126531 -1.54956e-17 0.991963
vn -0.230143 -2.81844e-17 0.973157
vn -0.331203 -4.05607e-17 0.94356
vn -0.42859 -5.24871e-17 0.903499
vn -0.521224 -6.38316e-17 0.85342
vn -0.608079 -7.44682e-17 0.793877
vn -0.68819 -8.4279e-17 0.72553
vn -0.76067 -9.31552e-17 0.649139
vn -0.824715 -1.00998e-16 0.565549
vn -0.707107 0 -0.707107
vn -8.65956e-17 -0.707107 -0.707107
vn 0.5 -0.707107 -0.5
vn 1 0 0
vn 0.707107 -0.707107 0
vn 0.979527 -1.19957e-16 -0.201312
vn 0.954133 -1.16848e-16 -0.299382
vn 0.994869 -1.21836e-16 -0.101175
vn 0.979527 -1.19957e-16 -0.201312
vn 1 -1.22465e-16 0
vn 0.994869 -1.21836e-16 -0.101175
vn 0.674674 -0.707107 -0.211695
vn 0.69263 -0.707107 -0.142349
vn 0.703478 -0.707107 -0.0715415
vn 0.707107 -0.707107 -1.11022e-16
vn 0.674674 -0.707107 -0.211695
vn 0.954133 -1.16848e-16 -0.299382
vn -0.824715 1.00998e-16 0.565549
vn -0.76067 9.31552e-17 0.649139
vn -0.68819 8.4279e-17 0.72553
vn -0.608079 7.44682e-17 0.793877
vn -0.521224 6.38316e-17 0.85342
vn -0.42859 5.24871e-17 0.903499
vn -0.331203 4.05607e-17 0.94356
vn -0.230143 2.81844e-17 0.973157
vn -0.126531 1.54956e-17 0.991963
vn -0.0215165 2.63501e-18 0.999768
vn 0.083737 -1.02548e-17 0.996488
vn 0.188062 -2.30309e-17 0.982157
vn 0.290301 -3.55517e-17 0.956935
vn 0.389322 -4.76782e-17 0.921102
vn 0.484025 -5.92759e-17 0.875054
vn 0.573361 -7.02164e-17 0.819303
vn 0.656338 -8.03783e-17 0.754467
vn 0.732038 -8.96488e-17 0.681264
vn 0.79962 -9.79252e-17 0.600507
vn 0.858335 -1.05116e-16 0.51309
vn 0.907531 -1.11141e-16 0.419984
vn 0.946664 -1.15933e-16 0.322221
vn 0.9753 -1.1944e-16 0.220885
vn 0.99312 -1.21622e-16 0.117099
vn 0.999928 -1.22456e-16 0.0120144
vn 0.995647 -1.21932e-16 -0.0932031
vn 0.980326 -1.20055e-16 -0.197387
vn 0.954133 -1.16848e-16 -0.299382
vn 1.22465e-16 1 0
vn -1 0 0
vn -0.5 -0.707107 -0.5
vn -0.994986 1.21851e-16 0.100016
vn -0.979994 1.20015e-16 0.199028
vn -0.955174 1.16975e-16 0.296045
vn -0.920776 1.12762e-16 0.390093
vn -0.877143 1.07419e-16 0.480229
vn -0.824715 1.00998e-16 0.565549
vn -0.707107 -0.707107 0
vn -0.583162 -0.707107 0.399903
vn -0.537875 -0.707107 0.45901
vn -0.486624 -0.707107 0.513028
vn -0.429977 -0.707107 0.561356
vn -0.368561 -0.707107 0.603459
vn -0.303059 -0.707107 0.63887
vn -0.234196 -0.707107 0.667197
vn -0.162736 -0.707107 0.688126
vn -0.0894712 -0.707107 0.701423
vn -0.0152145 -0.707107 0.706943
vn 0.059211 -0.707107 0.704623
vn 0.13298 -0.707107 0.69449
vn 0.205274 -0.707107 0.676655
vn 0.275292 -0.707107 0.651317
vn 0.342257 -0.707107 0.618757
vn 0.405427 -0.707107 0.579335
vn 0.464101 -0.707107 0.533489
vn 0.517629 -0.707107 0.481726
vn 0.565417 -0.707107 0.424622
vn 0.606934 -0.707107 0.36281
vn 0.641722 -0.707107 0.296974
vn 0.669393 -0.707107 0.227845
vn 0.689641 -0.707107 0.156189
vn 0.702242 -0.707107 0.0828013
vn 0.707056 -0.707107 0.0084955
vn 0.704029 -0.707107 -0.0659046
vn 0.693195 -0.707107 -0.139574
vn 0.674674 -0.707107 -0.211695
vn -0.583162 -0.707107 0.399903
vn -0.707107 -0.707107 -1.29893e-16
vn -0.703561 -0.707107 0.0707217
vn -0.69296 -0.707107 0.140734
vn -0.67541 -0.707107 0.209335
vn -0.651087 -0.707107 0.275837
vn -0.620234 -0.707107 0.339573
vn -0.583162 -0.707107 0.399903
vn -1.22465e-16 1 0
vn -0.824715 -1.00998e-16 0.565549
vn -0.877143 -1.07419e-16 0.480229
vn -0.920776 -1.12762e-16 0.390093
vn -0.955174 -1.16975e-16 0.296045
vn -0.979994 -1.20015e-16 0.199028
vn -0.994986 -1.21851e-16 0.100016
vn -1 -1.22465e-16 1.22465e-16
vn -0.824715 -1.00998e-16 0.565549
vn 0.954133 1.16848e-16 -0.299382
vn 0.980326 1.20055e-16 -0.197387
vn 0.995647 1.21932e-16 -0.0932031
vn 0.999928 1.22456e-16 0.0120144
vn 0.99312 1.21622e-16 0.117099
vn 0.9753 1.1944e-16 0.220885
vn 0.946664 1.15933e-16 0.322221
vn 0.907531 1.11141e-16 0.419984
vn 0.858335 1.05116e-16 0.51309
vn 0.79962 9.79252e-17 0.600507
vn 0.732038 8.96488e-17 0.681264
vn 0.656338 8.03783e-17 0.754467
vn 0.573361 7.02164e-17 0.819303
vn 0.484025 5.92759e-17 0.875054
vn 0.389322 4.76782e-17 0.921102
vn 0.290301 3.55517e-17 0.956935
vn 0.188062 2.30309e-17 0.982157
vn 0.083737 1.02548e-17 0.996488
vn -0.0215165 -2.63501e-18 0.999768
vn -0.126531 -1.54956e-17 0.991963
vn -0.230143 -2.81844e-17 0.973157
vn -0.331203 -4.05607e-17 0.94356
vn -0.42859 -5.24871e-17 0.903499
vn -0.521224 -6.38316e-17 0.85342
vn -0.608079 -7.44682e-17 0.793877
vn -0.68819 -8.4279e-17 0.72553
vn -0.76067 -9.31552e-17 0.649139
vn -0.824715 -1.00998e-16 0.565549
vn -0.583162 0.707107 0.399903
vn -0.620234 0.707107 0.339573
vn -0.651087 0.707107 0.275837
vn -0.67541 0.707107 0.209335
vn -0.69296 0.707107 0.140734
vn -0.703561 0.707107 0.0707217
vn -0.707107 0.707107 4.44089e-16
vn -1 -1.22465e-16 0
vn -0.707107 -8.65956e-17 -0.707107
vn -0.406935 0.817806 -0.406935
vn -1.51534e-16 -1.85576e-32 -1
vn -1.93747e-16 0.707107 -0.707107
vn 0.707107 8.65956e-17 -0.707107
vn 0.406935 0.817806 -0.406935
vn 1 1.22465e-16 0
vn 0.674674 0.707107 -0.211695
vn 0.693195 0.707107 -0.139574
vn 0.704029 0.707107 -0.0659046
vn 0.707056 0.707107 0.0084955
vn 0.702242 0.707107 0.0828013
vn 0.689641 0.707107 0.156189
vn 0.669393 0.707107 0.227845
vn 0.641722 0.707107 0.296974
vn 0.606934 0.707107 0.36281
vn 0.565417 0.707107 0.424622
vn 0.517629 0.707107 0.481726
vn 0.464101 0.707107 0.533489
vn 0.405427 0.707107 0.579335
vn 0.342257 0.707107 0.618757
vn 0.275292 0.707107 0.651317
vn 0.205274 0.707107 0.676655
vn 0.13298 0.707107 0.69449
vn 0.059211 0.707107 0.704623
vn -0.0152145 0.707107 0.706943
vn -0.0894712 0.707107 0.701423
vn -0.162736 0.707107 0.688126
vn -0.234196 0.707107 0.667197
vn -0.303059 0.707107 0.63887
vn -0.368561 0.707107 0.603459
vn -0.429977 0.707107 0.561356
vn -0.486624 0.707107 0.513028
vn -0.537875 0.707107 0.45901
vn -0.583162 0.707107 0.399903
vn 0.954133 1.16848e-16 -0.299382
vn -1.22465e-16 1 0
vn 0.674674 0.707107 -0.211695
vn 0.707107 0.707107 1.29893e-16
vn 0.703478 0.707107 -0.0715415
vn 0.69263 0.707107 -0.142349
vn 0.674674 0.707107 -0.211695
vn 0.707107 0.707107 1.29893e-16
vn 0.994869 1.21836e-16 -0.101175
vn 1 1.22465e-16 -1.22465e-16
vn 0.979527 1.19957e-16 -0.201312
vn 0.994869 1.21836e-16 -0.101175
vn 0.954133 1.16848e-16 -0.299382
vn 0.979527 1.19957e-16 -0.201312
vn -1.22465e-16 -1 0
vn -0.707107 8.65956e-17 -0.707107
vn -1 1.22465e-16 0
vn 0.707107 -8.65956e-17 -0.707107
vn -1.51534e-16 1.85576e-32 -1
vn -0.406935 -0.817806 -0.406935
vn -1.93747e-16 -0.707107 -0.707107
vn 0.406935 -0.817806 -0.406935
vn 1 -1.22465e-16 0
vn 0.979527 -1.19957e-16 -0.201312
vn 0.954133 -1.16848e-16 -0.299382
vn 0.994869 -1.21836e-16 -0.101175
vn 0.979527 -1.19957e-16 -0.201312
vn 1 -1.22465e-16 0
vn 0.994869 -1.21836e-16 -0.101175
vn 0.707107 -0.707107 0
vn 0.954133 -1.16848e-16 -0.299382
vn 0.674674 -0.707107 -0.211695
vn 0.69263 -0.707107 -0.142349
vn 0.703478 -0.707107 -0.0715415
vn 0.707107 -0.707107 -8.32667e-17
vn 0.674674 -0.707107 -0.211695
vn -0.824715 1.00998e-16 0.565549
vn -0.76067 9.31552e-17 0.649139
vn -0.68819 8.4279e-17 0.72553
vn -0.608079 7.44682e-17 0.793877
vn -0.521224 6.38316e-17 0.85342
vn -0.42859 5.24871e-17 0.903499
vn -0.331203 4.05607e-17 0.94356
vn -0.230143 2.81844e-17 0.973157
vn -0.126531 1.54956e-17 0.991963
vn -0.0215165 2.63501e-18 0.999768
vn 0.083737 -1.02548e-17 0.996488
vn 0.188062 -2.30309e-17 0.982157
vn 0.290301 -3.55517e-17 0.956935
vn 0.389322 -4.76782e-17 0.921102
vn 0.484025 -5.92759e-17 0.875054
vn 0.573361 -7.02164e-17 0.819303
vn 0.656338 -8.03783e-17 0.754467
vn 0.732038 -8.96488e-17 0.681264
vn 0.79962 -9.79252e-17 0.600507
vn 0.858335 -1.05116e-16 0.51309
vn 0.907531 -1.11141e-16 0.419984
vn 0.946664 -1.15933e-16 0.322221
vn 0.9753 -1.1944e-16 0.220885
vn 0.99312 -1.21622e-16 0.117099
vn 0.999928 -1.22456e-16 0.0120144
vn 0.995647 -1.21932e-16 -0.0932031
vn 0.980326 -1.20055e-16 -0.197387
vn 0.954133 -1.16848e-16 -0.299382
vn 0.674674 -0.707107 -0.211695
vn -0.824715 1.00998e-16 0.565549
vn -0.583162 -0.707107 0.399903
vn -0.537875 -0.707107 0.45901
vn -0.486624 -0.707107 0.513028
vn -0.429977 -0.707107 0.561356
vn -0.368561 -0.707107 0.603459
vn -0.303059 -0.707107 0.63887
vn -0.234196 -0.707107 0.667197
vn -0.162736 -0.707107 0.688126
vn -0.0894712 -0.707107 0.701423
vn -0.0152145 -0.707107 0.706943
vn 0.059211 -0.707107 0.704623
vn 0.13298 -0.707107 0.69449
vn 0.205274 -0.707107 0.676655
vn 0.275292 -0.707107 0.651317
vn 0.342257 -0.707107 0.618757
vn 0.405427 -0.707107 0.579335
vn 0.464101 -0.707107 0.533489
vn 0.517629 -0.707107 0.481726
vn 0.565417 -0.707107 0.424622
vn 0.606934 -0.707107 0.36281
vn 0.641722 -0.707107 0.296974
vn 0.669393 -0.707107 0.227845
vn 0.689641 -0.707107 0.156189
vn 0.702242 -0.707107 0.0828013
vn 0.707056 -0.707107 0.0084955
vn 0.704029 -0.707107 -0.0659046
vn 0.693195 -0.707107 -0.139574
vn 0.674674 -0.707107 -0.211695
vn -1.22465e-16 -1 0
vn -1 1.22465e-16 0
vn -0.994986 1.21851e-16 0.100016
vn -0.979994 1.20015e-16 0.199028
vn -0.955174 1.16975e-16 0.296045
vn -0.920776 1.12762e-16 0.390093
vn -0.877143 1.07419e-16 0.480229
vn -0.824715 1.00998e-16 0.565549
vn -0.707107 -0.707107 0
vn -0.703561 -0.707107 0.0707217
vn -0.69296 -0.707107 0.140734
vn -0.67541 -0.707107 0.209335
vn -0.651087 -0.707107 0.275837
vn -0.620234 -0.707107 0.339573
vn -0.583162 -0.707107 0.399903
vn 0 0 1
vn 1.83697e-16 -1 0
vn -0.104528 -0.994522 0
vn -0.207912 -0.978148 0
vn -0.309017 -0.951057 0
vn -0.406737 -0.913545 0
vn -0.5 -0.866025 0
vn -0.587785 -0.809017 0
vn -0.669131 -0.743145 0
vn -0.743145 -0.669131 0
vn -0.809017 -0.587785 0
vn -0.866025 -0.5 0
vn -0.913545 -0.406737 0
vn -0.951057 -0.309017 0
vn -0.978148 -0.207912 0
vn -0.994522 -0.104528 0
vn -1 -2.44929e-16 0
vn 2.1684e-16 -1 0
vn 1 1.22465e-16 0
vn 0.994522 -0.104528 0
vn 0.978148 -0.207912 0
vn 0.951057 -0.309017 0
vn 0.913545 -0.406737 0
vn 0.866025 -0.5 0
vn 0.809017 -0.587785 0
vn 0.743145 -0.669131 0
vn 0.669131 -0.743145 0
vn 0.587785 -0.809017 0
vn 0.5 -0.866025 0
vn 0.406737 -0.913545 0
vn 0.309017 -0.951057 0
vn 0.207912 -0.978148 0
vn 0.104528 -0.994522 0
vn 1.83697e-16 -1 0
vn 1.53329e-16 -0.707107 0.707107
vn -0.0739128 -0.703233 0.707107
vn -0.147016 -0.691655 0.707107
vn -0.218508 -0.672499 0.707107
vn -0.287606 -0.645974 0.707107
vn -0.353553 -0.612372 0.707107
vn -0.415627 -0.572061 0.707107
vn -0.473147 -0.525483 0.707107
vn -0.525483 -0.473147 0.707107
vn -0.572061 -0.415627 0.707107
vn -0.612372 -0.353553 0.707107
vn -0.645974 -0.287606 0.707107
vn -0.672499 -0.218508 0.707107
vn -0.691655 -0.147016 0.707107
vn -0.703233 -0.0739128 0.707107
vn -0.707107 -9.81308e-17 0.707107
vn -1 0 0
vn 0.707107 8.65956e-17 0.707107
vn 0.703233 -0.0739128 0.707107
vn 0.691655 -0.147016 0.707107
vn 0.672499 -0.218508 0.707107
vn 0.645974 -0.287606 0.707107
vn 0.612372 -0.353553 0.707107
vn 0.572061 -0.415627 0.707107
vn 0.525483 -0.473147 0.707107
vn 0.473147 -0.525483 0.707107
vn 0.415627 -0.572061 0.707107
vn 0.353553 -0.612372 0.707107
vn 0.287606 -0.645974 0.707107
vn 0.218508 -0.672499 0.707107
vn 0.147016 -0.691655 0.707107
vn 0.0739128 -0.703233 0.707107
vn -6.77102e-16 -0.707107 0.707107
vn 1 0 0
vn 0.707107 0 0.707107
vn -6.12323e-17 1 0
vn 0.104528 0.994522 0
vn 0.207912 0.978148 0
vn 0.309017 0.951057 0
vn 0.406737 0.913545 0
vn 0.5 0.866025 0
vn 0.587785 0.809017 0
vn 0.669131 0.743145 0
vn 0.743145 0.669131 0
vn 0.809017 0.587785 0
vn 0.866025 0.5 0
vn 0.913545 0.406737 0
vn 0.951057 0.309017 0
vn 0.978148 0.207912 0
vn 0.994522 0.104528 0
vn 1 1.22465e-16 0
vn -4.32978e-17 0.707107 0.707107
vn 0.0739128 0.703233 0.707107
vn 0.147016 0.691655 0.707107
vn 0.218508 0.672499 0.707107
vn 0.287606 0.645974 0.707107
vn 0.353553 0.612372 0.707107
vn 0.415627 0.572061 0.707107
vn 0.473147 0.525483 0.707107
vn 0.525483 0.473147 0.707107
vn 0.572061 0.415627 0.707107
vn 0.612372 0.353553 0.707107
vn 0.645974 0.287606 0.707107
vn 0.672499 0.218508 0.707107
vn 0.691655 0.147016 0.707107
vn 0.703233 0.0739128 0.707107
vn 0.707107 9.81308e-17 0.707107
vn -1.0842e-16 1 0
vn 0 0 1
vn -7.66647e-17 0.707107 0.707107
vn -0.707107 0 0.707107
vn -0.703233 0.0739128 0.707107
vn -0.691655 0.147016 0.707107
vn -0.672499 0.218508 0.707107
vn -0.645974 0.287606 0.707107
vn -0.612372 0.353553 0.707107
vn -0.572061 0.415627 0.707107
vn -0.525483 0.473147 0.707107
vn -0.473147 0.525483 0.707107
vn -0.415627 0.572061 0.707107
vn -0.353553 0.612372 0.707107
vn -0.287606 0.645974 0.707107
vn -0.218508 0.672499 0.707107
vn -0.147016 0.691655 0.707107
vn -0.0739128 0.703233 0.707107
vn -9.81308e-17 0.707107 0.707107
vn -0.707107 0 0.707107
vn -1 0 0
vn -0.994522 0.104528 0
vn -0.978148 0.207912 0
vn -0.951057 0.309017 0
vn -0.913545 0.406737 0
vn -0.866025 0.5 0
vn -0.809017 0.587785 0
vn -0.743145 0.669131 0
vn -0.669131 0.743145 0
vn -0.587785 0.809017 0
vn -0.5 0.866025 0
vn -0.406737 0.913545 0
vn -0.309017 0.951057 0
vn -0.207912 0.978148 0
vn -0.104528 0.994522 0
vn -6.12323e-17 1 0
vn 1 1.22465e-16 0
vn 0.994522 -0.104528 0
vn 0.978148 -0.207912 0
vn 0.951057 -0.309017 0
vn 0.913545 -0.406737 0
vn 0.866025 -0.5 0
vn 0.809017 -0.587785 0
vn 0.743145 -0.669131 0
vn 0.669131 -0.743145 0
vn 0.587785 -0.809017 0
vn 0.5 -0.866025 0
vn 0.406737 -0.913545 0
vn 0.309017 -0.951057 0
vn 0.207912 -0.978148 0
vn 0.104528 -0.994522 0
vn 1.83697e-16 -1 0
vn 1 0 0
vn -6.12323e-17 1 0
vn 0.104528 0.994522 0
vn 0.207912 0.978148 0
vn 0.309017 0.951057 0
vn 0.406737 0.913545 0
vn 0.5 0.866025 0
vn 0.587785 0.809017 0
vn 0.669131 0.743145 0
vn 0.743145 0.669131 0
vn 0.809017 0.587785 0
vn 0.866025 0.5 0
vn 0.913545 0.406737 0
vn 0.951057 0.309017 0
vn 0.978148 0.207912 0
vn 0.994522 0.104528 0
vn 1 1.22465e-16 0
vn 0.707107 0 0.707107
vn 0.703233 -0.0739128 0.707107
vn 0.691655 -0.147016 0.707107
vn 0.672499 -0.218508 0.707107
vn 0.645974 -0.287606 0.707107
vn 0.612372 -0.353553 0.707107
vn 0.572061 -0.415627 0.707107
vn 0.525483 -0.473147 0.707107
vn 0.473147 -0.525483 0.707107
vn 0.415627 -0.572061 0.707107
vn 0.353553 -0.612372 0.707107
vn 0.287606 -0.645974 0.707107
vn 0.218508 -0.672499 0.707107
vn 0.147016 -0.691655 0.707107
vn 0.0739128 -0.703233 0.707107
vn 9.81308e-17 -0.707107 0.707107
vn -1.0842e-16 -1 0
vn -4.32978e-17 0.707107 0.707107
vn 0.0739128 0.703233 0.707107
vn 0.147016 0.691655 0.707107
vn 0.218508 0.672499 0.707107
vn 0.287606 0.645974 0.707107
vn 0.353553 0.612372 0.707107
vn 0.415627 0.572061 0.707107
vn 0.473147 0.525483 0.707107
vn 0.525483 0.473147 0.707107
vn 0.572061 0.415627 0.707107
vn 0.612372 0.353553 0.707107
vn 0.645974 0.287606 0.707107
vn 0.672499 0.218508 0.707107
vn 0.691655 0.147016 0.707107
vn 0.703233 0.0739128 0.707107
vn 0.707107 9.81308e-17 0.707107
vn 2.1684e-16 1 0
vn 1.53329e-16 0.707107 0.707107
vn -1 0 0
vn -0.994522 0.104528 0
vn -0.978148 0.207912 0
vn -0.951057 0.309017 0
vn -0.913545 0.406737 0
vn -0.866025 0.5 0
vn -0.809017 0.587785 0
vn -0.743145 0.669131 0
vn -0.669131 0.743145 0
vn -0.587785 0.809017 0
vn -0.5 0.866025 0
vn -0.406737 0.913545 0
vn -0.309017 0.951057 0
vn -0.207912 0.978148 0
vn -0.104528 0.994522 0
vn -6.12323e-17 1 0
vn -0.707107 0 0.707107
vn -0.703233 0.0739128 0.707107
vn -0.691655 0.147016 0.707107
vn -0.672499 0.218508 0.707107
vn -0.645974 0.287606 0.707107
vn -0.612372 0.353553 0.707107
vn -0.572061 0.415627 0.707107
vn -0.525483 0.473147 0.707107
vn -0.473147 0.525483 0.707107
vn -0.415627 0.572061 0.707107
vn -0.353553 0.612372 0.707107
vn -0.287606 0.645974 0.707107
vn -0.218508 0.672499 0.707107
vn -0.147016 0.691655 0.707107
vn -0.0739128 0.703233 0.707107
vn -9.81308e-17 0.707107 0.707107
vn -1 0 0
vn 0 0 1
vn -0.707107 0 0.707107
vn 1.29893e-16 -0.707107 0.707107
vn -0.0739128 -0.703233 0.707107
vn -0.147016 -0.691655 0.707107
vn -0.218508 -0.672499 0.707107
vn -0.287606 -0.645974 0.707107
vn -0.353553 -0.612372 0.707107
vn -0.415627 -0.572061 0.707107
vn -0.473147 -0.525483 0.707107
vn -0.525483 -0.473147 0.707107
vn -0.572061 -0.415627 0.707107
vn -0.612372 -0.353553 0.707107
vn -0.645974 -0.287606 0.707107
vn -0.672499 -0.218508 0.707107
vn -0.691655 -0.147016 0.707107
vn -0.703233 -0.0739128 0.707107
vn -0.707107 -9.81308e-17 0.707107
vn -7.66647e-17 -0.707107 0.707107
vn 1.83697e-16 -1 0
vn -0.104528 -0.994522 0
vn -0.207912 -0.978148 0
vn -0.309017 -0.951057 0
vn -0.406737 -0.913545 0
vn -0.5 -0.866025 0
vn -0.587785 -0.809017 0
vn -0.669131 -0.743145 0
vn -0.743145 -0.669131 0
vn -0.809017 -0.587785 0
vn -0.866025 -0.5 0
vn -0.913545 -0.406737 0
vn -0.951057 -0.309017 0
vn -0.978148 -0.207912 0
vn -0.994522 -0.104528 0
vn -1 -2.44929e-16 0
usemtl 0.262745_0.282353_0.301961_0.000000_0.000000
f 59//1 1//1 2//1
f 2//1 3//1 59//1
f 3//1 4//1 59//1
f 4//1 5//1 59//1
f 5//1 6//1 59//1
f 6//1 7//1 59//1
f 7//1 8//1 59//1
f 8//1 9//1 59//1
f 9//1 10//1 59//1
f 10//1 11//1 59//1
f 11//1 12//1 59//1
f 12//1 13//1 59//1
f 13//1 14//1 59//1
f 14//1 15//1 59//1
f 15//1 16//1 59//1
f 16//1 17//1 59//1
f 17//1 18//1 59//1
f 18//1 19//1 59//1
f 19//1 20//1 59//1
f 20//1 21//1 59//1
f 21//1 22//1 59//1
f 22//1 23//1 59//1
f 23//1 24//1 59//1
f 24//1 25//1 59//1
f 25//1 26//1 59//1
f 26//1 27//1 59//1
f 27//1 28//1 59//1
f 28//1 29//1 59//1
f 29//1 30//1 59//1
f 30//1 31//1 59//1
f 31//1 32//1 59//1
f 32//1 33//1 59//1
f 33//1 34//1 59//1
f 34//1 35//1 59//1
f 35//1 36//1 59//1
f 36//1 37//1 59//1
f 37//1 38//1 59//1
f 38//1 39//1 59//1
f 39//1 40//1 59//1
f 40//1 41//1 59//1
f 41//1 42//1 59//1
f 42//1 43//1 59//1
f 43//1 44//1 59//1
f 44//1 45//1 59//1
f 45//1 46//1 59//1
f 46//1 47//1 59//1
f 47//1 48//1 59//1
f 48//1 49//1 59//1
f 49//1 50//1 59//1
f 50//1 51//1 59//1
f 51//1 52//1 59//1
f 52//1 53//1 59//1
f 53//1 54//1 59//1
f 54//1 55//1 59//1
f 55//1 56//1 59//1
f 56//1 57//1 59//1
f 57//1 58//1 59//1
f 58//1 1//1 59//1
f 60//2 29//2 28//3
f 61//3 28//3 27//4
f 62//4 27//4 26//5
f 63//5 26//5 25//6
f 64//6 25//6 24//7
f 65//7 24//7 23//8
f 66//8 23//8 22//9
f 67//9 22//9 21//10
f 68//10 21//10 20//11
f 69//11 20//11 19//12
f 70//12 19//12 18//13
f 71//13 18//13 17//14
f 72//14 17//14 16//15
f 73//15 16//15 15//16
f 74//16 15//16 14//17
f 75//17 14//17 13//18
f 76//18 13//18 12//19
f 77//19 12//19 11//20
f 78//20 11//20 10//21
f 79//21 10//21 9//22
f 80//22 9//22 8//23
f 81//23 8//23 7//24
f 82//24 7//24 6//25
f 83//25 6//25 5//26
f 84//26 5//26 4//27
f 85//27 4//27 3//28
f 86//28 3//28 2//29
f 87//29 2//29 1//30
f 88//30 1//30 58//31
f 89//31 58//31 57//32
f 90//32 57//32 56//33
f 91//33 56//33 55//34
f 92//34 55//34 54//35
f 93//35 54//35 53//36
f 94//36 53//36 52//37
f 95//37 52//37 51//38
f 96//38 51//38 50//39
f 97//39 50//39 49//40
f 98//40 49//40 48//41
f 99//41 48//41 47//42
f 100//42 47//42 46//43
f 101//43 46//43 45//44
f 102//44 45//44 44//45
f 103//45 44//45 43//46
f 104//46 43//46 42//47
f 105//47 42//47 41//48
f 106//48 41//48 40//49
f 107//49 40//49 39//50
f 108//50 39//50 38//51
f 109//51 38//51 37//52
f 110//52 37//52 36//53
f 111//53 36//53 35//54
f 112//54 35//54 34//55
f 113//55 34//55 33//56
f 114//56 33//56 32//57
f 115//57 32//57 31//58
f 116//58 31//58 30//59
f 117//59 30//59 29//2
f 29//2 60//2 117//59
f 30//59 117//59 116//58
f 31//58 116//58 115//57
f 32//57 115//57 114//56
f 33//56 114//56 113//55
f 34//55 113//55 112//54
f 35//54 112//54 111//53
f 36//53 111//53 110//52
f 37//52 110//52 109//51
f 38//51 109//51 108//50
f 39//50 108//50 107//49
f 40//49 107//49 106//48
f 41//48 106//48 105//47
f 42//47 105//47 104//46
f 43//46 104//46 103//45
f 44//45 103//45 102//44
f 45//44 102//44 101//43
f 46//43 101//43 100//42
f 47//42 100//42 99//41
f 48//41 99//41 98//40
f 49//40 98//40 97//39
f 50//39 97//39 96//38
f 51//38 96//38 95//37
f 52//37 95//37 94//36
f 53//36 94//36 93//35
f 54//35 93//35 92//34
f 55//34 92//34 91//33
f 56//33 91//33 90//32
f 57//32 90//32 89//31
f 58//31 89//31 88//30
f 1//30 88//30 87//29
f 2//29 87//29 86//28
f 3//28 86//28 85//27
f 4//27 85//27 84//26
f 5//26 84//26 83//25
f 6//25 83//25 82//24
f 7//24 82//24 81//23
f 8//23 81//23 80//22
f 9//22 80//22 79//21
f 10//21 79//21 78//20
f 11//20 78//20 77//19
f 12//19 77//19 76//18
f 13//18 76//18 75//17
f 14//17 75//17 74//16
f 15//16 74//16 73//15
f 16//15 73//15 72//14
f 17//14 72//14 71//13
f 18//13 71//13 70//12
f 19//12 70//12 69//11
f 20//11 69//11 68//10
f 21//10 68//10 67//9
f 22//9 67//9 66//8
f 23//8 66//8 65//7
f 24//7 65//7 64//6
f 25//6 64//6 63//5
f 26//5 63//5 62//4
f 27//4 62//4 61//3
f 28//3 61//3 60//2
f 118//60 100//60 101//60
f 118//60 119//60 99//60
f 120//60 112//60 113//60
f 120//60 121//60 111//60
f 122//60 101//60 102//60
f 99//60 100//60 118//60
f 119//60 123//60 98//60
f 123//60 124//60 97//60
f 125//60 126//60 84//60
f 126//60 127//60 83//60
f 128//60 80//60 81//60
f 128//60 129//60 79//60
f 111//60 112//60 120//60
f 121//60 130//60 110//60
f 101//60 122//60 118//60
f 97//60 98//60 123//60
f 131//60 88//60 89//60
f 131//60 132//60 87//60
f 133//60 86//60 87//60
f 133//60 125//60 85//60
f 83//60 84//60 126//60
f 127//60 134//60 82//60
f 135//60 81//60 82//60
f 79//60 80//60 128//60
f 110//60 111//60 121//60
f 130//60 136//60 109//60
f 137//60 108//60 109//60
f 137//60 138//60 107//60
f 139//60 106//60 107//60
f 139//60 140//60 105//60
f 98//60 99//60 119//60
f 141//60 96//60 97//60
f 142//60 95//60 96//60
f 143//60 94//60 95//60
f 87//60 88//60 131//60
f 85//60 86//60 133//60
f 82//60 83//60 127//60
f 81//60 135//60 128//60
f 144//60 77//60 78//60
f 144//60 145//60 76//60
f 146//60 75//60 76//60
f 146//60 147//60 74//60
f 148//60 69//60 70//60
f 148//60 149//60 68//60
f 109//60 110//60 130//60
f 107//60 108//60 137//60
f 105//60 106//60 139//60
f 140//60 150//60 104//60
f 97//60 124//60 141//60
f 95//60 142//60 143//60
f 87//60 132//60 133//60
f 82//60 134//60 135//60
f 151//60 78//60 79//60
f 76//60 77//60 144//60
f 74//60 75//60 146//60
f 147//60 152//60 73//60
f 68//60 69//60 148//60
f 153//60 67//60 68//60
f 153//60 154//60 66//60
f 154//60 155//60 65//60
f 156//60 61//60 62//60
f 156//60 157//60 60//60
f 158//60 117//60 60//60
f 158//60 159//60 116//60
f 109//60 136//60 137//60
f 104//60 105//60 140//60
f 150//60 160//60 103//60
f 160//60 161//60 102//60
f 96//60 141//60 142//60
f 143//60 162//60 93//60
f 162//60 163//60 92//60
f 163//60 164//60 91//60
f 84//60 85//60 125//60
f 78//60 151//60 144//60
f 73//60 74//60 147//60
f 152//60 165//60 72//60
f 68//60 149//60 153//60
f 65//60 66//60 154//60
f 166//60 63//60 64//60
f 166//60 167//60 62//60
f 60//60 61//60 156//60
f 116//60 117//60 158//60
f 107//60 138//60 139//60
f 102//60 103//60 160//60
f 93//60 94//60 143//60
f 91//60 92//60 163//60
f 79//60 129//60 151//60
f 72//60 73//60 152//60
f 168//60 71//60 72//60
f 168//60 169//60 70//60
f 66//60 67//60 153//60
f 155//60 170//60 64//60
f 62//60 63//60 166//60
f 60//60 157//60 158//60
f 171//60 115//60 116//60
f 171//60 172//60 114//60
f 103//60 104//60 150//60
f 92//60 93//60 162//60
f 173//60 90//60 91//60
f 173//60 174//60 89//60
f 76//60 145//60 146//60
f 70//60 71//60 168//60
f 64//60 65//60 155//60
f 62//60 167//60 156//60
f 114//60 115//60 171//60
f 172//60 175//60 113//60
f 102//60 161//60 122//60
f 89//60 90//60 173//60
f 72//60 165//60 168//60
f 64//60 170//60 166//60
f 113//60 114//60 172//60
f 91//60 164//60 173//60
f 70//60 169//60 148//60
f 113//60 175//60 120//60
f 116//60 159//60 171//60
f 89//60 174//60 131//60
f 176//61 157//61 156//62
f 177//62 156//62 167//63
f 178//63 167//63 166//64
f 179//64 166//64 170//65
f 180//65 170//65 155//66
f 181//66 155//66 154//67
f 182//67 154//67 153//68
f 183//68 153//68 149//69
f 184//69 149//69 148//70
f 185//70 148//70 169//71
f 186//71 169//71 168//72
f 187//72 168//72 165//73
f 188//73 165//73 152//74
f 189//74 152//74 147//75
f 190//75 147//75 146//76
f 191//76 146//76 145//77
f 192//77 145//77 144//78
f 193//78 144//78 151//79
f 194//79 151//79 129//80
f 195//80 129//80 128//81
f 196//81 128//81 135//82
f 197//82 135//82 134//83
f 198//83 134//83 127//84
f 199//84 127//84 126//85
f 200//85 126//85 125//86
f 201//86 125//86 133//87
f 202//87 133//87 132//88
f 203//88 132//88 131//89
f 204//89 131//89 174//90
f 205//90 174//90 173//91
f 206//91 173//91 164//92
f 207//92 164//92 163//93
f 208//93 163//93 162//94
f 209//94 162//94 143//95
f 210//95 143//95 142//96
f 211//96 142//96 141//97
f 212//97 141//97 124//98
f 213//98 124//98 123//99
f 214//99 123//99 119//100
f 215//100 119//100 118//101
f 216//101 118//101 122//102
f 217//102 122//102 161//103
f 218//103 161//103 160//104
f 219//104 160//104 150//105
f 220//105 150//105 140//106
f 221//106 140//106 139//107
f 222//107 139//107 138//108
f 223//108 138//108 137//109
f 224//109 137//109 136//110
f 225//110 136//110 130//111
f 226//111 130//111 121//112
f 227//112 121//112 120//113
f 228//113 120//113 175//114
f 229//114 175//114 172//115
f 230//115 172//115 171//116
f 231//116 171//116 159//117
f 232//117 159//117 158//118
f 233//118 158//118 157//61
f 157//61 176//61 233//118
f 158//118 233//118 232//117
f 159//117 232//117 231//116
f 171//116 231//116 230//115
f 172//115 230//115 229//114
f 175//114 229//114 228//113
f 120//113 228//113 227//112
f 121//112 227//112 226//111
f 130//111 226//111 225//110
f 136//110 225//110 224//109
f 137//109 224//109 223//108
f 138//108 223//108 222//107
f 139//107 222//107 221//106
f 140//106 221//106 220//105
f 150//105 220//105 219//104
f 160//104 219//104 218//103
f 161//103 218//103 217//102
f 122//102 217//102 216//101
f 118//101 216//101 215//100
f 119//100 215//100 214//99
f 123//99 214//99 213//98
f 124//98 213//98 212//97
f 141//97 212//97 211//96
f 142//96 211//96 210//95
f 143//95 210//95 209//94
f 162//94 209//94 208//93
f 163//93 208//93 207//92
f 164//92 207//92 206//91
f 173//91 206//91 205//90
f 174//90 205//90 204//89
f 131//89 204//89 203//88
f 132//88 203//88 202//87
f 133//87 202//87 201//86
f 125//86 201//86 200//85
f 126//85 200//85 199//84
f 127//84 199//84 198//83
f 134//83 198//83 197//82
f 135//82 197//82 196//81
f 128//81 196//81 195//80
f 129//80 195//80 194//79
f 151//79 194//79 193//78
f 144//78 193//78 192//77
f 145//77 192//77 191//76
f 146//76 191//76 190//75
f 147//75 190//75 189//74
f 152//74 189//74 188//73
f 165//73 188//73 187//72
f 168//72 187//72 186//71
f 169//71 186//71 185//70
f 148//70 185//70 184//69
f 149//69 184//69 183//68
f 153//68 183//68 182//67
f 154//67 182//67 181//66
f 155//66 181//66 180//65
f 170//65 180//65 179//64
f 166//64 179//64 178//63
f 167//63 178//63 177//62
f 156//62 177//62 176//61
f 234//119 235//119 200//119
f 199//119 200//119 235//119
f 236//119 198//119 199//119
f 197//119 198//119 237//119
f 235//119 238//119 199//119
f 199//119 238//119 236//119
f 237//119 239//119 197//119
f 240//119 176//119 177//119
f 236//119 237//119 198//119
f 239//119 241//119 197//119
f 196//119 197//119 242//119
f 243//119 194//119 195//119
f 243//119 244//119 190//119
f 244//119 187//119 188//119
f 185//119 244//119 245//119
f 184//119 246//119 247//119
f 248//119 249//119 182//119
f 250//119 178//119 179//119
f 251//119 177//119 178//119
f 177//119 251//119 240//119
f 252//119 253//119 233//119
f 213//119 254//119 255//119
f 241//119 242//119 197//119
f 195//119 196//119 243//119
f 190//119 191//119 243//119
f 244//119 186//119 187//119
f 245//119 184//119 185//119
f 184//119 256//119 246//119
f 183//119 247//119 248//119
f 182//119 249//119 257//119
f 258//119 179//119 180//119
f 178//119 250//119 251//119
f 233//119 176//119 252//119
f 253//119 259//119 232//119
f 260//119 227//119 228//119
f 226//119 261//119 262//119
f 226//119 227//119 263//119
f 213//119 264//119 254//119
f 265//119 266//119 211//119
f 211//119 266//119 267//119
f 268//119 209//119 210//119
f 242//119 243//119 196//119
f 243//119 192//119 193//119
f 244//119 189//119 190//119
f 185//119 186//119 244//119
f 184//119 245//119 256//119
f 257//119 181//119 182//119
f 179//119 258//119 250//119
f 232//119 233//119 253//119
f 259//119 269//119 231//119
f 269//119 270//119 230//119
f 228//119 271//119 260//119
f 263//119 261//119 226//119
f 225//119 226//119 272//119
f 273//119 219//119 220//119
f 214//119 273//119 274//119
f 213//119 274//119 264//119
f 212//119 255//119 265//119
f 210//119 267//119 268//119
f 193//119 194//119 243//119
f 188//119 189//119 244//119
f 182//119 183//119 248//119
f 275//119 180//119 181//119
f 240//119 252//119 176//119
f 230//119 231//119 269//119
f 270//119 276//119 229//119
f 228//119 229//119 276//119
f 262//119 272//119 226//119
f 277//119 224//119 225//119
f 220//119 277//119 273//119
f 255//119 212//119 213//119
f 267//119 210//119 211//119
f 278//119 208//119 209//119
f 279//119 207//119 208//119
f 280//119 206//119 207//119
f 191//119 192//119 243//119
f 181//119 257//119 275//119
f 231//119 232//119 259//119
f 276//119 271//119 228//119
f 272//119 277//119 225//119
f 277//119 222//119 223//119
f 273//119 218//119 219//119
f 274//119 213//119 214//119
f 209//119 268//119 278//119
f 207//119 279//119 280//119
f 281//119 205//119 206//119
f 247//119 183//119 184//119
f 229//119 230//119 270//119
f 223//119 224//119 277//119
f 220//119 221//119 277//119
f 273//119 216//119 217//119
f 214//119 215//119 273//119
f 208//119 278//119 279//119
f 206//119 280//119 281//119
f 282//119 283//119 204//119
f 283//119 284//119 203//119
f 284//119 285//119 202//119
f 285//119 234//119 201//119
f 180//119 275//119 258//119
f 221//119 222//119 277//119
f 215//119 216//119 273//119
f 281//119 282//119 205//119
f 203//119 204//119 283//119
f 201//119 202//119 285//119
f 260//119 263//119 227//119
f 211//119 212//119 265//119
f 202//119 203//119 284//119
f 217//119 218//119 273//119
f 200//119 201//119 234//119
f 204//119 205//119 282//119
f 286//120 276//120 270//121
f 287//121 270//121 269//122
f 288//122 269//122 259//123
f 289//123 259//123 253//124
f 290//124 253//124 252//125
f 291//125 252//125 240//126
f 292//126 240//126 251//127
f 293//127 251//127 250//128
f 294//128 250//128 258//129
f 295//129 258//129 275//130
f 296//130 275//130 257//131
f 257//131 297//131 296//130
f 275//130 296//130 295//129
f 258//129 295//129 294//128
f 250//128 294//128 293//127
f 251//127 293//127 292//126
f 240//126 292//126 291//125
f 252//125 291//125 290//124
f 253//124 290//124 289//123
f 259//123 289//123 288//122
f 269//122 288//122 287//121
f 270//121 287//121 286//120
f 257//131 249//132 298//132
f 249//132 248//133 299//133
f 248//133 247//134 300//134
f 247//134 246//135 301//135
f 246//135 256//136 302//136
f 256//136 245//137 303//137
f 303//137 302//136 256//136
f 302//136 301//135 246//135
f 301//135 300//134 247//134
f 300//134 299//133 248//133
f 299//133 298//132 249//132
f 298//132 297//138 257//131
f 242//139 241//140 304//140
f 241//140 239//141 305//141
f 239//141 237//142 306//142
f 237//142 236//143 307//143
f 236//143 238//144 308//144
f 238//144 235//145 309//145
f 309//145 308//144 238//144
f 308//144 307//143 236//143
f 307//143 306//142 237//142
f 306//142 305//141 239//141
f 305//141 304//140 241//140
f 304//140 310//146 242//139
f 309//145 235//145 234//147
f 311//147 234//147 285//148
f 312//148 285//148 284//149
f 313//149 284//149 283//150
f 314//150 283//150 282//151
f 315//151 282//151 281//152
f 316//152 281//152 280//153
f 317//153 280//153 279//154
f 318//154 279//154 278//155
f 319//155 278//155 268//156
f 320//156 268//156 267//157
f 267//157 321//157 320//156
f 268//156 320//156 319//155
f 278//155 319//155 318//154
f 279//154 318//154 317//153
f 280//153 317//153 316//152
f 281//152 316//152 315//151
f 282//151 315//151 314//150
f 283//150 314//150 313//149
f 284//149 313//149 312//148
f 285//148 312//148 311//147
f 234//147 311//147 309//145
f 272//158 262//159 322//159
f 262//159 261//160 323//160
f 261//160 263//161 324//161
f 263//161 260//162 325//162
f 260//162 271//163 326//163
f 271//163 276//164 286//164
f 286//164 326//163 271//163
f 326//163 325//162 260//162
f 325//162 324//161 263//161
f 324//161 323//160 261//160
f 323//160 322//159 262//159
f 322//159 327//165 272//158
f 267//166 266//167 328//167
f 266//167 265//168 329//168
f 265//168 255//169 330//169
f 255//169 254//170 331//170
f 254//170 264//171 332//171
f 264//171 274//172 333//172
f 333//172 332//171 264//171
f 332//171 331//170 254//170
f 331//170 330//169 255//169
f 330//169 329//168 265//168
f 329//168 328//167 266//167
f 328//167 321//173 267//166
f 334//174 309//174 311//175
f 335//175 311//175 312//176
f 336//176 312//176 313//177
f 337//177 313//177 314//178
f 338//178 314//178 315//179
f 339//179 315//179 316//180
f 340//180 316//180 317//181
f 341//181 317//181 318//182
f 342//182 318//182 319//183
f 343//183 319//183 320//184
f 344//184 320//184 321//185
f 321//185 345//185 344//184
f 320//184 344//184 343//183
f 319//183 343//183 342//182
f 318//182 342//182 341//181
f 317//181 341//181 340//180
f 316//180 340//180 339//179
f 315//179 339//179 338//178
f 314//178 338//178 337//177
f 313//177 337//177 336//176
f 312//176 336//176 335//175
f 311//175 335//175 334//174
f 346//186 286//186 287//187
f 347//187 287//187 288//188
f 348//188 288//188 289//189
f 349//189 289//189 290//190
f 350//190 290//190 291//191
f 351//191 291//191 292//192
f 352//192 292//192 293//193
f 353//193 293//193 294//194
f 354//194 294//194 295//195
f 355//195 295//195 296//196
f 356//196 296//196 297//197
f 297//197 357//197 356//196
f 296//196 356//196 355//195
f 295//195 355//195 354//194
f 294//194 354//194 353//193
f 293//193 353//193 352//192
f 292//192 352//192 351//191
f 291//191 351//191 350//190
f 290//190 350//190 349//189
f 289//189 349//189 348//188
f 288//188 348//188 347//187
f 287//187 347//187 346//186
f 358//198 357//197 297//197
f 359//199 358//198 298//198
f 360//200 359//199 299//199
f 361//201 360//200 300//200
f 362//202 361//201 301//201
f 363//203 362//202 302//202
f 302//202 303//203 363//203
f 301//201 302//202 362//202
f 300//200 301//201 361//201
f 299//199 300//200 360//200
f 298//198 299//199 359//199
f 297//197 298//198 358//198
f 244//204 364//204 303//204
f 303//204 245//204 244//204
f 365//205 366//206 327//206
f 367//207 365//205 322//208
f 368//209 367//207 323//210
f 369//211 368//209 324//212
f 370//213 369//211 325//214
f 346//215 370//213 326//216
f 326//216 286//215 346//215
f 325//214 326//216 370//213
f 324//212 325//214 369//211
f 323//210 324//212 368//209
f 322//208 323//210 367//207
f 327//206 322//208 365//205
f 277//217 272//217 327//217
f 327//217 371//217 277//217
f 372//218 373//219 310//219
f 374//220 372//218 304//221
f 375//222 374//220 305//223
f 376//224 375//222 306//225
f 377//226 376//224 307//227
f 334//228 377//226 308//229
f 308//229 309//228 334//228
f 307//227 308//229 377//226
f 306//225 307//227 376//224
f 305//223 306//225 375//222
f 304//221 305//223 374//220
f 310//219 304//221 372//218
f 243//230 242//230 310//230
f 310//230 378//230 243//230
f 243//231 379//231 380//231
f 380//231 244//231 243//231
f 364//232 244//232 380//232
f 380//232 381//232 364//232
f 382//233 364//233 381//233
f 381//233 383//233 382//233
f 378//234 384//234 379//234
f 379//234 243//234 378//234
f 385//235 386//235 384//235
f 384//235 378//235 385//235
f 303//236 364//236 387//236
f 382//236 388//236 387//236
f 387//236 364//236 382//236
f 387//236 363//236 303//236
f 383//237 389//238 390//238
f 389//238 391//239 392//239
f 391//239 393//240 394//240
f 394//240 392//239 391//239
f 392//239 390//238 389//238
f 390//238 382//241 383//237
f 395//242 388//243 382//243
f 396//244 395//242 390//245
f 397//246 396//244 392//247
f 392//247 394//246 397//246
f 390//245 392//247 396//244
f 382//243 390//245 395//242
f 394//248 393//248 398//248
f 398//248 399//248 394//248
f 397//249 394//249 399//249
f 399//249 400//249 397//249
f 399//248 398//248 401//250
f 402//250 401//250 403//251
f 404//251 403//251 405//252
f 406//252 405//252 407//253
f 408//253 407//253 409//254
f 410//254 409//254 411//255
f 412//255 411//255 413//256
f 414//256 413//256 415//257
f 416//257 415//257 417//258
f 418//258 417//258 419//259
f 420//259 419//259 421//260
f 422//260 421//260 423//261
f 424//261 423//261 425//262
f 426//262 425//262 427//263
f 428//263 427//263 429//264
f 430//264 429//264 431//265
f 432//265 431//265 433//266
f 434//266 433//266 435//267
f 436//267 435//267 437//268
f 438//268 437//268 439//269
f 440//269 439//269 441//270
f 442//270 441//270 443//271
f 444//271 443//271 445//272
f 446//272 445//272 447//273
f 448//273 447//273 449//274
f 450//274 449//274 451//275
f 452//275 451//275 453//276
f 453//276 454//276 452//275
f 451//275 452//275 450//274
f 449//274 450//274 448//273
f 447//273 448//273 446//272
f 445//272 446//272 444//271
f 443//271 444//271 442//270
f 441//270 442//270 440//269
f 439//269 440//269 438//268
f 437//268 438//268 436//267
f 435//267 436//267 434//266
f 433//266 434//266 432//265
f 431//265 432//265 430//264
f 429//264 430//264 428//263
f 427//263 428//263 426//262
f 425//262 426//262 424//261
f 423//261 424//261 422//260
f 421//260 422//260 420//259
f 419//259 420//259 418//258
f 417//258 418//258 416//257
f 415//257 416//257 414//256
f 413//256 414//256 412//255
f 411//255 412//255 410//254
f 409//254 410//254 408//253
f 407//253 408//253 406//252
f 405//252 406//252 404//251
f 403//251 404//251 402//250
f 401//250 402//250 399//248
f 455//276 456//276 457//277
f 458//277 457//277 459//278
f 460//278 459//278 461//279
f 462//279 461//279 463//280
f 464//280 463//280 465//281
f 466//281 465//281 386//282
f 386//282 385//282 466//281
f 465//281 466//281 464//280
f 463//280 464//280 462//279
f 461//279 462//279 460//278
f 459//278 460//278 458//277
f 457//277 458//277 455//276
f 385//283 378//283 467//283
f 310//283 373//283 467//283
f 467//283 378//283 310//283
f 467//283 468//283 385//283
f 469//284 470//285 377//285
f 470//285 471//286 376//286
f 471//286 472//287 375//287
f 472//287 473//288 374//288
f 473//288 474//289 372//289
f 474//289 475//290 373//290
f 373//290 372//289 474//289
f 372//289 374//288 473//288
f 374//288 375//287 472//287
f 375//287 376//286 471//286
f 376//286 377//285 470//285
f 377//285 334//291 469//284
f 467//290 373//290 475//290
f 475//290 476//290 467//290
f 345//292 477//292 478//293
f 344//293 478//293 479//294
f 343//294 479//294 480//295
f 342//295 480//295 481//296
f 341//296 481//296 482//297
f 340//297 482//297 483//298
f 339//298 483//298 484//299
f 338//299 484//299 485//300
f 337//300 485//300 486//301
f 336//301 486//301 487//302
f 335//302 487//302 469//303
f 469//303 334//303 335//302
f 487//302 335//302 336//301
f 486//301 336//301 337//300
f 485//300 337//300 338//299
f 484//299 338//299 339//298
f 483//298 339//298 340//297
f 482//297 340//297 341//296
f 481//296 341//296 342//295
f 480//295 342//295 343//294
f 479//294 343//294 344//293
f 478//293 344//293 345//292
f 488//304 345//305 321//305
f 489//306 488//304 328//307
f 490//308 489//306 329//309
f 491//310 490//308 330//311
f 492//312 491//310 331//313
f 493//314 492//312 332//315
f 332//315 333//314 493//314
f 331//313 332//315 492//312
f 330//311 331//313 491//310
f 329//309 330//311 490//308
f 328//307 329//309 489//306
f 321//305 328//307 488//304
f 494//316 495//317 492//317
f 495//317 496//318 491//318
f 496//318 497//319 490//319
f 497//319 498//320 489//320
f 498//320 499//321 488//321
f 499//321 477//322 345//322
f 345//322 488//321 499//321
f 488//321 489//320 498//320
f 489//320 490//319 497//319
f 490//319 491//318 496//318
f 491//318 492//317 495//317
f 492//317 493//323 494//316
f 500//323 501//323 494//323
f 494//323 493//323 500//323
f 353//324 354//324 355//324
f 357//324 350//324 351//324
f 357//324 347//324 348//324
f 355//324 356//324 353//324
f 351//324 352//324 357//324
f 348//324 349//324 357//324
f 352//324 353//324 357//324
f 357//324 346//324 347//324
f 502//324 370//324 360//324
f 349//324 350//324 357//324
f 502//324 503//324 367//324
f 370//324 359//324 360//324
f 357//324 370//324 346//324
f 367//324 368//324 502//324
f 502//324 362//324 363//324
f 370//324 358//324 359//324
f 356//324 357//324 353//324
f 503//324 365//324 367//324
f 502//324 361//324 362//324
f 357//324 358//324 370//324
f 368//324 369//324 502//324
f 503//324 504//324 366//324
f 360//324 361//324 502//324
f 366//324 365//324 503//324
f 369//324 370//324 502//324
f 363//324 387//324 502//324
f 505//325 503//325 502//325
f 502//325 506//325 505//325
f 506//326 507//326 508//326
f 508//326 505//326 506//326
f 509//327 400//327 510//327
f 511//327 512//327 513//327
f 400//327 509//327 514//327
f 509//327 515//327 516//327
f 510//327 517//327 509//327
f 518//327 519//327 520//327
f 518//327 521//327 522//327
f 511//327 523//327 512//327
f 511//327 524//327 525//327
f 514//327 526//327 400//327
f 517//327 515//327 509//327
f 518//327 527//327 519//327
f 518//327 528//327 521//327
f 511//327 529//327 523//327
f 525//327 530//327 511//327
f 511//327 531//327 532//327
f 516//327 533//327 509//327
f 507//327 397//327 400//327
f 522//327 527//327 518//327
f 530//327 529//327 511//327
f 511//327 534//327 531//327
f 400//327 534//327 507//327
f 507//327 535//327 536//327
f 513//327 518//327 511//327
f 532//327 537//327 511//327
f 507//327 396//327 397//327
f 388//327 507//327 506//327
f 507//327 538//327 535//327
f 507//327 534//327 511//327
f 537//327 524//327 511//327
f 476//327 536//327 539//327
f 507//327 395//327 396//327
f 506//327 387//327 388//327
f 507//327 540//327 538//327
f 520//327 511//327 518//327
f 539//327 541//327 476//327
f 388//327 395//327 507//327
f 511//327 540//327 507//327
f 541//327 468//327 476//327
f 526//327 534//327 400//327
f 468//327 467//327 476//327
f 536//327 476//327 507//327
f 506//327 502//327 387//327
f 456//328 455//328 454//328
f 454//328 453//328 456//328
f 540//329 455//329 458//330
f 538//330 458//330 460//331
f 535//331 460//331 462//332
f 536//332 462//332 464//333
f 539//333 464//333 466//334
f 541//334 466//334 385//335
f 385//335 468//335 541//334
f 466//334 541//334 539//333
f 464//333 539//333 536//332
f 462//332 536//332 535//331
f 460//331 535//331 538//330
f 458//330 538//330 540//329
f 540//336 511//336 454//336
f 454//336 455//336 540//336
f 400//337 399//337 402//338
f 510//338 402//338 404//339
f 517//339 404//339 406//340
f 515//340 406//340 408//341
f 516//341 408//341 410//342
f 533//342 410//342 412//343
f 509//343 412//343 414//344
f 514//344 414//344 416//345
f 526//345 416//345 418//346
f 534//346 418//346 420//347
f 531//347 420//347 422//348
f 532//348 422//348 424//349
f 537//349 424//349 426//350
f 524//350 426//350 428//351
f 525//351 428//351 430//352
f 530//352 430//352 432//353
f 529//353 432//353 434//354
f 523//354 434//354 436//355
f 512//355 436//355 438//356
f 513//356 438//356 440//357
f 518//357 440//357 442//358
f 528//358 442//358 444//359
f 521//359 444//359 446//360
f 522//360 446//360 448//361
f 527//361 448//361 450//362
f 519//362 450//362 452//363
f 520//363 452//363 454//364
f 454//364 511//364 520//363
f 452//363 520//363 519//362
f 450//362 519//362 527//361
f 448//361 527//361 522//360
f 446//360 522//360 521//359
f 444//359 521//359 528//358
f 442//358 528//358 518//357
f 440//357 518//357 513//356
f 438//356 513//356 512//355
f 436//355 512//355 523//354
f 434//354 523//354 529//353
f 432//353 529//353 530//352
f 430//352 530//352 525//351
f 428//351 525//351 524//350
f 426//350 524//350 537//349
f 424//349 537//349 532//348
f 422//348 532//348 531//347
f 420//347 531//347 534//346
f 418//346 534//346 526//345
f 416//345 526//345 514//344
f 414//344 514//344 509//343
f 412//343 509//343 533//342
f 410//342 533//342 516//341
f 408//341 516//341 515//340
f 406//340 515//340 517//339
f 404//339 517//339 510//338
f 402//338 510//338 400//337
f 333//365 274//365 273//365
f 273//365 542//365 333//365
f 277//366 543//366 544//366
f 544//366 273//366 277//366
f 277//367 371//367 545//367
f 545//367 543//367 277//367
f 546//368 371//368 504//368
f 327//368 366//368 504//368
f 504//368 371//368 327//368
f 504//368 547//368 546//368
f 546//369 548//369 545//369
f 545//369 371//369 546//369
f 549//370 550//371 551//371
f 552//372 549//370 553//373
f 547//374 552//372 554//375
f 554//375 546//374 547//374
f 553//373 554//375 552//372
f 551//371 553//373 549//370
f 555//376 556//377 553//377
f 556//377 557//378 554//378
f 557//378 548//379 546//379
f 546//379 554//378 557//378
f 554//378 553//377 556//377
f 553//377 551//380 555//376
f 550//381 558//381 559//381
f 559//381 551//381 550//381
f 560//380 555//380 551//380
f 551//380 559//380 560//380
f 561//382 562//382 563//383
f 564//383 563//383 565//384
f 566//384 565//384 567//385
f 568//385 567//385 569//386
f 570//386 569//386 571//387
f 572//387 571//387 573//388
f 574//388 573//388 575//389
f 576//389 575//389 577//390
f 578//390 577//390 579//391
f 580//391 579//391 581//392
f 582//392 581//392 583//393
f 584//393 583//393 585//394
f 586//394 585//394 587//395
f 588//395 587//395 589//396
f 590//396 589//396 591//397
f 592//397 591//397 593//398
f 594//398 593//398 595//399
f 596//399 595//399 597//400
f 598//400 597//400 599//401
f 600//401 599//401 601//402
f 602//402 601//402 603//403
f 604//403 603//403 605//404
f 606//404 605//404 607//405
f 608//405 607//405 609//406
f 610//406 609//406 611//407
f 612//407 611//407 613//408
f 614//408 613//408 559//409
f 559//409 558//409 614//408
f 613//408 614//408 612//407
f 611//407 612//407 610//406
f 609//406 610//406 608//405
f 607//405 608//405 606//404
f 605//404 606//404 604//403
f 603//403 604//403 602//402
f 601//402 602//402 600//401
f 599//401 600//401 598//400
f 597//400 598//400 596//399
f 595//399 596//399 594//398
f 593//398 594//398 592//397
f 591//397 592//397 590//396
f 589//396 590//396 588//395
f 587//395 588//395 586//394
f 585//394 586//394 584//393
f 583//393 584//393 582//392
f 581//392 582//392 580//391
f 579//391 580//391 578//390
f 577//390 578//390 576//389
f 575//389 576//389 574//388
f 573//388 574//388 572//387
f 571//387 572//387 570//386
f 569//386 570//386 568//385
f 567//385 568//385 566//384
f 565//384 566//384 564//383
f 563//383 564//383 561//382
f 582//410 592//410 594//410
f 582//410 588//410 590//410
f 582//410 584//410 586//410
f 594//410 596//410 582//410
f 586//410 588//410 582//410
f 598//410 576//410 578//410
f 598//410 572//410 574//410
f 598//410 568//410 570//410
f 598//410 564//410 566//410
f 558//410 602//410 604//410
f 590//410 592//410 582//410
f 578//410 580//410 598//410
f 570//410 572//410 598//410
f 598//410 561//410 564//410
f 606//410 612//410 614//410
f 612//410 606//410 608//410
f 558//410 600//410 602//410
f 580//410 582//410 598//410
f 566//410 568//410 598//410
f 508//410 501//410 615//410
f 608//410 610//410 612//410
f 558//410 598//410 600//410
f 501//410 616//410 617//410
f 574//410 576//410 598//410
f 508//410 618//410 561//410
f 615//410 619//410 508//410
f 547//410 504//410 505//410
f 508//410 598//410 558//410
f 604//410 606//410 558//410
f 501//410 620//410 616//410
f 561//410 598//410 508//410
f 619//410 621//410 508//410
f 508//410 552//410 547//410
f 614//410 558//410 606//410
f 501//410 500//410 620//410
f 621//410 618//410 508//410
f 508//410 549//410 552//410
f 558//410 550//410 508//410
f 596//410 598//410 582//410
f 550//410 549//410 508//410
f 505//410 508//410 547//410
f 504//410 503//410 505//410
f 617//410 615//410 501//410
f 333//411 542//411 500//411
f 622//411 620//411 500//411
f 500//411 542//411 622//411
f 500//411 493//411 333//411
f 273//412 544//412 623//412
f 623//412 542//412 273//412
f 620//411 622//411 624//413
f 616//413 624//413 625//414
f 617//414 625//414 626//415
f 615//415 626//415 627//416
f 619//416 627//416 628//417
f 621//417 628//417 629//418
f 629//418 618//418 621//417
f 628//417 621//417 619//416
f 627//416 619//416 615//415
f 626//415 615//415 617//414
f 625//414 617//414 616//413
f 624//413 616//413 620//411
f 622//419 542//419 623//419
f 623//419 630//419 622//419
f 629//418 562//418 561//418
f 561//418 618//418 629//418
f 562//420 631//420 632//421
f 563//421 632//421 633//422
f 565//422 633//422 634//423
f 567//423 634//423 635//424
f 569//424 635//424 636//425
f 571//425 636//425 637//426
f 573//426 637//426 638//427
f 575//427 638//427 639//428
f 577//428 639//428 640//429
f 579//429 640//429 641//430
f 581//430 641//430 642//431
f 583//431 642//431 643//432
f 585//432 643//432 644//433
f 587//433 644//433 645//434
f 589//434 645//434 646//435
f 591//435 646//435 647//436
f 593//436 647//436 648//437
f 595//437 648//437 649//438
f 597//438 649//438 650//439
f 599//439 650//439 651//440
f 601//440 651//440 652//441
f 603//441 652//441 653//442
f 605//442 653//442 654//443
f 607//443 654//443 655//444
f 609//444 655//444 656//445
f 611//445 656//445 657//446
f 613//446 657//446 560//447
f 560//447 559//447 613//446
f 657//446 613//446 611//445
f 656//445 611//445 609//444
f 655//444 609//444 607//443
f 654//443 607//443 605//442
f 653//442 605//442 603//441
f 652//441 603//441 601//440
f 651//440 601//440 599//439
f 650//439 599//439 597//438
f 649//438 597//438 595//437
f 648//437 595//437 593//436
f 647//436 593//436 591//435
f 646//435 591//435 589//434
f 645//434 589//434 587//433
f 644//433 587//433 585//432
f 643//432 585//432 583//431
f 642//431 583//431 581//430
f 641//430 581//430 579//429
f 640//429 579//429 577//428
f 639//428 577//428 575//427
f 638//427 575//427 573//426
f 637//426 573//426 571//425
f 636//425 571//425 569//424
f 635//424 569//424 567//423
f 634//423 567//423 565//422
f 633//422 565//422 563//421
f 632//421 563//421 562//420
f 658//448 631//448 562//448
f 562//448 629//448 658//448
f 622//449 630//449 659//450
f 624//450 659//450 660//451
f 625//451 660//451 661//452
f 626//452 661//452 662//453
f 627//453 662//453 663//454
f 628//454 663//454 658//455
f 658//455 629//455 628//454
f 663//454 628//454 627//453
f 662//453 627//453 626//452
f 661//452 626//452 625//451
f 660//451 625//451 624//450
f 659//450 624//450 622//449
f 664//456 393//456 391//456
f 664//456 665//456 398//456
f 447//456 445//456 666//456
f 445//456 443//456 667//456
f 401//456 398//456 665//456
f 398//456 393//456 664//456
f 449//456 447//456 668//456
f 667//456 666//456 445//456
f 443//456 441//456 669//456
f 441//456 439//456 670//456
f 423//456 671//456 672//456
f 421//456 673//456 671//456
f 419//456 674//456 673//456
f 417//456 675//456 674//456
f 411//456 676//456 677//456
f 409//456 678//456 676//456
f 383//456 381//456 679//456
f 680//456 681//456 389//456
f 682//456 391//456 389//456
f 391//456 682//456 664//456
f 457//456 456//456 683//456
f 683//456 456//456 453//456
f 666//456 668//456 447//456
f 670//456 669//456 441//456
f 439//456 437//456 684//456
f 437//456 435//456 685//456
f 671//456 423//456 421//456
f 674//456 419//456 417//456
f 415//456 686//456 675//456
f 413//456 677//456 686//456
f 676//456 411//456 409//456
f 407//456 687//456 678//456
f 405//456 403//456 688//456
f 401//456 689//456 688//456
f 389//456 383//456 680//456
f 665//456 689//456 401//456
f 459//456 690//456 691//456
f 457//456 692//456 690//456
f 453//456 693//456 683//456
f 453//456 451//456 694//456
f 669//456 667//456 443//456
f 685//456 684//456 437//456
f 435//456 433//456 695//456
f 433//456 431//456 696//456
f 427//456 697//456 698//456
f 425//456 672//456 697//456
f 673//456 421//456 419//456
f 686//456 415//456 413//456
f 678//456 409//456 407//456
f 405//456 699//456 687//456
f 688//456 403//456 401//456
f 389//456 681//456 682//456
f 463//456 700//456 701//456
f 461//456 691//456 700//456
f 690//456 459//456 457//456
f 694//456 693//456 453//456
f 451//456 449//456 702//456
f 684//456 670//456 439//456
f 696//456 695//456 433//456
f 431//456 429//456 698//456
f 697//456 427//456 425//456
f 675//456 417//456 415//456
f 687//456 407//456 405//456
f 679//456 680//456 383//456
f 700//456 463//456 461//456
f 683//456 692//456 457//456
f 668//456 702//456 449//456
f 698//456 696//456 431//456
f 672//456 425//456 423//456
f 688//456 699//456 405//456
f 380//456 703//456 679//456
f 379//456 704//456 703//456
f 386//456 465//456 701//456
f 691//456 461//456 459//456
f 695//456 685//456 435//456
f 677//456 413//456 411//456
f 703//456 380//456 379//456
f 379//456 384//456 705//456
f 701//456 465//456 463//456
f 698//456 429//456 427//456
f 705//456 704//456 379//456
f 386//456 706//456 705//456
f 702//456 694//456 451//456
f 705//456 384//456 386//456
f 679//456 381//456 380//456
f 701//456 706//456 386//456
f 683//457 707//457 708//458
f 692//458 708//458 709//459
f 690//459 709//459 710//460
f 691//460 710//460 711//461
f 700//461 711//461 712//462
f 701//462 712//462 713//463
f 713//463 706//463 701//462
f 712//462 701//462 700//461
f 711//461 700//461 691//460
f 710//460 691//460 690//459
f 709//459 690//459 692//458
f 708//458 692//458 683//457
f 683//464 693//464 714//464
f 714//464 707//464 683//464
f 665//465 715//465 716//466
f 689//466 716//466 717//467
f 688//467 717//467 718//468
f 699//468 718//468 719//469
f 687//469 719//469 720//470
f 678//470 720//470 721//471
f 676//471 721//471 722//472
f 677//472 722//472 723//473
f 686//473 723//473 724//474
f 675//474 724//474 725//475
f 674//475 725//475 726//476
f 673//476 726//476 727//477
f 671//477 727//477 728//478
f 672//478 728//478 729//479
f 697//479 729//479 730//480
f 698//480 730//480 731//481
f 696//481 731//481 732//482
f 695//482 732//482 733//483
f 685//483 733//483 734//484
f 684//484 734//484 735//485
f 670//485 735//485 736//486
f 669//486 736//486 737//487
f 667//487 737//487 738//488
f 666//488 738//488 739//489
f 668//489 739//489 740//490
f 702//490 740//490 741//491
f 694//491 741//491 714//492
f 714//492 693//492 694//491
f 741//491 694//491 702//490
f 740//490 702//490 668//489
f 739//489 668//489 666//488
f 738//488 666//488 667//487
f 737//487 667//487 669//486
f 736//486 669//486 670//485
f 735//485 670//485 684//484
f 734//484 684//484 685//483
f 733//483 685//483 695//482
f 732//482 695//482 696//481
f 731//481 696//481 698//480
f 730//480 698//480 697//479
f 729//479 697//479 672//478
f 728//478 672//478 671//477
f 727//477 671//477 673//476
f 726//476 673//476 674//475
f 725//475 674//475 675//474
f 724//474 675//474 686//473
f 723//473 686//473 677//472
f 722//472 677//472 676//471
f 721//471 676//471 678//470
f 720//470 678//470 687//469
f 719//469 687//469 699//468
f 718//468 699//468 688//467
f 717//467 688//467 689//466
f 716//466 689//466 665//465
f 707//493 714//493 742//493
f 742//493 743//493 707//493
f 707//493 743//493 744//494
f 708//494 744//494 745//495
f 709//495 745//495 746//496
f 710//496 746//496 747//497
f 711//497 747//497 748//498
f 712//498 748//498 749//499
f 749//499 713//499 712//498
f 748//498 712//498 711//497
f 747//497 711//497 710//496
f 746//496 710//496 709//495
f 745//495 709//495 708//494
f 744//494 708//494 707//493
f 706//500 713//500 750//500
f 750//500 705//500 706//500
f 750//500 751//500 705//500
f 713//499 749//499 752//499
f 752//499 750//499 713//499
f 704//501 705//501 751//501
f 751//501 753//501 704//501
f 750//502 754//502 753//502
f 755//502 754//502 750//502
f 750//502 752//502 755//502
f 753//502 751//502 750//502
f 704//503 754//503 756//503
f 704//503 753//503 754//503
f 756//503 703//503 704//503
f 756//503 757//503 703//503
f 756//504 754//504 755//504
f 755//504 758//504 756//504
f 679//505 703//505 757//505
f 757//505 759//505 679//505
f 760//506 759//506 757//506
f 761//506 760//506 756//506
f 756//506 758//506 761//506
f 757//506 756//506 760//506
f 680//507 679//507 760//507
f 679//507 759//507 760//507
f 760//507 762//507 680//507
f 715//508 763//508 764//509
f 716//509 764//509 765//510
f 717//510 765//510 766//511
f 718//511 766//511 767//512
f 719//512 767//512 768//513
f 720//513 768//513 769//514
f 721//514 769//514 770//515
f 722//515 770//515 771//516
f 723//516 771//516 772//517
f 724//517 772//517 773//518
f 725//518 773//518 774//519
f 726//519 774//519 775//520
f 727//520 775//520 776//521
f 728//521 776//521 777//522
f 729//522 777//522 778//523
f 730//523 778//523 779//524
f 731//524 779//524 780//525
f 732//525 780//525 781//526
f 733//526 781//526 782//527
f 734//527 782//527 783//528
f 735//528 783//528 784//529
f 736//529 784//529 785//530
f 737//530 785//530 786//531
f 738//531 786//531 787//532
f 739//532 787//532 788//533
f 740//533 788//533 789//534
f 741//534 789//534 742//535
f 742//535 714//535 741//534
f 789//534 741//534 740//533
f 788//533 740//533 739//532
f 787//532 739//532 738//531
f 786//531 738//531 737//530
f 785//530 737//530 736//529
f 784//529 736//529 735//528
f 783//528 735//528 734//527
f 782//527 734//527 733//526
f 781//526 733//526 732//525
f 780//525 732//525 731//524
f 779//524 731//524 730//523
f 778//523 730//523 729//522
f 777//522 729//522 728//521
f 776//521 728//521 727//520
f 775//520 727//520 726//519
f 774//519 726//519 725//518
f 773//518 725//518 724//517
f 772//517 724//517 723//516
f 771//516 723//516 722//515
f 770//515 722//515 721//514
f 769//514 721//514 720//513
f 768//513 720//513 719//512
f 767//512 719//512 718//511
f 766//511 718//511 717//510
f 765//510 717//510 716//509
f 764//509 716//509 715//508
f 664//536 790//536 715//536
f 715//536 665//536 664//536
f 768//537 767//537 766//537
f 765//537 770//537 769//537
f 769//537 768//537 765//537
f 764//537 772//537 771//537
f 764//537 781//537 780//537
f 766//537 765//537 768//537
f 764//537 773//537 772//537
f 764//537 777//537 776//537
f 780//537 779//537 764//537
f 771//537 770//537 764//537
f 764//537 775//537 774//537
f 764//537 778//537 777//537
f 764//537 782//537 781//537
f 774//537 773//537 764//537
f 779//537 778//537 764//537
f 763//537 784//537 783//537
f 763//537 786//537 785//537
f 763//537 788//537 787//537
f 763//537 742//537 789//537
f 776//537 775//537 764//537
f 785//537 784//537 763//537
f 789//537 788//537 763//537
f 752//537 761//537 758//537
f 765//537 764//537 770//537
f 787//537 786//537 763//537
f 752//537 791//537 761//537
f 791//537 747//537 746//537
f 783//537 782//537 763//537
f 742//537 763//537 792//537
f 791//537 749//537 748//537
f 758//537 755//537 752//537
f 791//537 744//537 743//537
f 746//537 745//537 791//537
f 792//537 743//537 742//537
f 752//537 749//537 791//537
f 745//537 744//537 791//537
f 764//537 763//537 782//537
f 743//537 793//537 791//537
f 792//537 794//537 743//537
f 794//537 793//537 743//537
f 748//537 747//537 791//537
f 763//538 715//538 790//538
f 790//538 792//538 763//538
f 791//539 793//540 795//540
f 793//540 794//541 796//541
f 794//541 792//542 790//542
f 790//542 796//541 794//541
f 796//541 795//540 793//540
f 795//540 762//543 791//539
f 762//543 760//543 761//543
f 761//543 791//543 762//543
f 681//544 680//545 762//545
f 682//546 681//544 795//547
f 664//548 682//546 796//549
f 796//549 790//548 664//548
f 795//547 796//549 682//546
f 762//545 795//547 681//544
f 797//550 798//550 631//550
f 663//550 799//550 797//550
f 632//550 631//550 798//550
f 797//550 658//550 663//550
f 653//550 800//550 801//550
f 652//550 802//550 800//550
f 647//550 803//550 804//550
f 646//550 805//550 803//550
f 645//550 806//550 805//550
f 644//550 807//550 806//550
f 643//550 808//550 807//550
f 642//550 809//550 808//550
f 637//550 810//550 811//550
f 637//550 636//550 812//550
f 631//550 658//550 797//550
f 662//550 813//550 799//550
f 814//550 555//550 560//550
f 814//550 815//550 556//550
f 816//550 817//550 548//550
f 548//550 817//550 818//550
f 654//550 801//550 819//550
f 800//550 653//550 652//550
f 650//550 820//550 821//550
f 649//550 822//550 820//550
f 648//550 804//550 822//550
f 803//550 647//550 646//550
f 806//550 645//550 644//550
f 808//550 643//550 642//550
f 641//550 823//550 809//550
f 640//550 824//550 823//550
f 639//550 825//550 824//550
f 638//550 811//550 825//550
f 812//550 810//550 637//550
f 636//550 635//550 826//550
f 799//550 663//550 662//550
f 662//550 661//550 827//550
f 661//550 660//550 828//550
f 660//550 659//550 829//550
f 556//550 555//550 814//550
f 657//550 830//550 831//550
f 815//550 816//550 557//550
f 818//550 545//550 548//550
f 801//550 654//550 653//550
f 651//550 821//550 802//550
f 820//550 650//550 649//550
f 804//550 648//550 647//550
f 807//550 644//550 643//550
f 823//550 641//550 640//550
f 825//550 639//550 638//550
f 826//550 812//550 636//550
f 634//550 633//550 832//550
f 633//550 632//550 833//550
f 827//550 813//550 662//550
f 829//550 828//550 660//550
f 659//550 630//550 834//550
f 630//550 623//550 835//550
f 831//550 560//550 657//550
f 548//550 557//550 816//550
f 802//550 652//550 651//550
f 822//550 649//550 648//550
f 809//550 642//550 641//550
f 811//550 638//550 637//550
f 635//550 634//550 836//550
f 833//550 832//550 633//550
f 828//550 827//550 661//550
f 835//550 834//550 630//550
f 544//550 837//550 835//550
f 544//550 543//550 838//550
f 557//550 556//550 815//550
f 656//550 839//550 830//550
f 821//550 651//550 650//550
f 824//550 640//550 639//550
f 832//550 836//550 634//550
f 834//550 829//550 659//550
f 838//550 837//550 544//550
f 543//550 545//550 818//550
f 830//550 657//550 656//550
f 655//550 819//550 839//550
f 805//550 646//550 645//550
f 798//550 833//550 632//550
f 818//550 838//550 543//550
f 839//550 656//550 655//550
f 836//550 826//550 635//550
f 560//550 831//550 814//550
f 835//550 623//550 544//550
f 819//550 655//550 654//550
f 835//551 837//551 840//551
f 840//551 841//551 835//551
f 834//552 835//552 842//552
f 835//552 841//552 842//552
f 842//552 843//552 834//552
f 838//553 818//553 844//553
f 844//553 845//553 838//553
f 837//554 838//554 846//554
f 846//554 847//554 837//554
f 838//554 845//554 846//554
f 847//554 840//554 837//554
f 848//555 849//555 842//555
f 842//555 841//555 840//555
f 840//555 847//555 842//555
f 842//555 847//555 848//555
f 847//556 846//556 850//556
f 850//556 848//556 847//556
f 851//557 846//557 845//557
f 850//557 846//557 851//557
f 851//557 852//557 850//557
f 845//557 844//557 851//557
f 817//558 853//558 851//558
f 851//558 818//558 817//558
f 851//558 844//558 818//558
f 815//559 814//560 854//560
f 816//561 815//559 855//562
f 817//563 816//561 856//564
f 856//564 853//563 817//563
f 855//562 856//564 816//561
f 854//560 855//562 815//559
f 853//565 857//565 852//565
f 852//565 851//565 853//565
f 814//566 831//566 858//566
f 858//566 854//566 814//566
f 859//567 860//568 855//568
f 860//568 861//569 856//569
f 861//569 857//570 853//570
f 853//570 856//569 861//569
f 856//569 855//568 860//568
f 855//568 854//571 859//567
f 798//572 862//572 863//573
f 833//573 863//573 864//574
f 832//574 864//574 865//575
f 836//575 865//575 866//576
f 826//576 866//576 867//577
f 812//577 867//577 868//578
f 810//578 868//578 869//579
f 811//579 869//579 870//580
f 825//580 870//580 871//581
f 824//581 871//581 872//582
f 823//582 872//582 873//583
f 809//583 873//583 874//584
f 808//584 874//584 875//585
f 807//585 875//585 876//586
f 806//586 876//586 877//587
f 805//587 877//587 878//588
f 803//588 878//588 879//589
f 804//589 879//589 880//590
f 822//590 880//590 881//591
f 820//591 881//591 882//592
f 821//592 882//592 883//593
f 802//593 883//593 884//594
f 800//594 884//594 885//595
f 801//595 885//595 886//596
f 819//596 886//596 887//597
f 839//597 887//597 888//598
f 830//598 888//598 858//599
f 858//599 831//599 830//598
f 888//598 830//598 839//597
f 887//597 839//597 819//596
f 886//596 819//596 801//595
f 885//595 801//595 800//594
f 884//594 800//594 802//593
f 883//593 802//593 821//592
f 882//592 821//592 820//591
f 881//591 820//591 822//590
f 880//590 822//590 804//589
f 879//589 804//589 803//588
f 878//588 803//588 805//587
f 877//587 805//587 806//586
f 876//586 806//586 807//585
f 875//585 807//585 808//584
f 874//584 808//584 809//583
f 873//583 809//583 823//582
f 872//582 823//582 824//581
f 871//581 824//581 825//580
f 870//580 825//580 811//579
f 869//579 811//579 810//578
f 868//578 810//578 812//577
f 867//577 812//577 826//576
f 866//576 826//576 836//575
f 865//575 836//575 832//574
f 864//574 832//574 833//573
f 863//573 833//573 798//572
f 859//600 854//600 858//600
f 858//600 889//600 859//600
f 890//601 862//601 798//601
f 798//601 797//601 890//601
f 862//602 891//602 892//603
f 863//603 892//603 893//604
f 864//604 893//604 894//605
f 865//605 894//605 895//606
f 866//606 895//606 896//607
f 867//607 896//607 897//608
f 868//608 897//608 898//609
f 869//609 898//609 899//610
f 870//610 899//610 900//611
f 871//611 900//611 901//612
f 872//612 901//612 902//613
f 873//613 902//613 903//614
f 874//614 903//614 904//615
f 875//615 904//615 905//616
f 876//616 905//616 906//617
f 877//617 906//617 907//618
f 878//618 907//618 908//619
f 879//619 908//619 909//620
f 880//620 909//620 910//621
f 881//621 910//621 911//622
f 882//622 911//622 912//623
f 883//623 912//623 913//624
f 884//624 913//624 914//625
f 885//625 914//625 915//626
f 886//626 915//626 916//627
f 887//627 916//627 917//628
f 888//628 917//628 889//629
f 889//629 858//629 888//628
f 917//628 888//628 887//627
f 916//627 887//627 886//626
f 915//626 886//626 885//625
f 914//625 885//625 884//624
f 913//624 884//624 883//623
f 912//623 883//623 882//622
f 911//622 882//622 881//621
f 910//621 881//621 880//620
f 909//620 880//620 879//619
f 908//619 879//619 878//618
f 907//618 878//618 877//617
f 906//617 877//617 876//616
f 905//616 876//616 875//615
f 904//615 875//615 874//614
f 903//614 874//614 873//613
f 902//613 873//613 872//612
f 901//612 872//612 871//611
f 900//611 871//611 870//610
f 899//610 870//610 869//609
f 898//609 869//609 868//608
f 897//608 868//608 867//607
f 896//607 867//607 866//606
f 895//606 866//606 865//605
f 894//605 865//605 864//604
f 893//604 864//604 863//603
f 892//603 863//603 862//602
f 913//630 902//630 901//630
f 910//630 908//630 907//630
f 913//630 903//630 902//630
f 910//630 906//630 905//630
f 910//630 909//630 908//630
f 904//630 913//630 912//630
f 889//630 896//630 895//630
f 913//630 904//630 903//630
f 907//630 906//630 910//630
f 912//630 911//630 904//630
f 899//630 917//630 916//630
f 895//630 894//630 889//630
f 901//630 900//630 913//630
f 911//630 910//630 904//630
f 899//630 915//630 914//630
f 899//630 889//630 917//630
f 889//630 897//630 896//630
f 889//630 899//630 898//630
f 905//630 904//630 910//630
f 916//630 915//630 899//630
f 898//630 897//630 889//630
f 914//630 913//630 899//630
f 889//630 893//630 892//630
f 900//630 899//630 913//630
f 857//630 849//630 848//630
f 891//630 918//630 859//630
f 894//630 893//630 889//630
f 857//630 919//630 920//630
f 857//630 861//630 918//630
f 848//630 850//630 857//630
f 892//630 891//630 889//630
f 918//630 919//630 857//630
f 857//630 921//630 849//630
f 857//630 922//630 923//630
f 918//630 860//630 859//630
f 920//630 924//630 857//630
f 923//630 921//630 857//630
f 918//630 861//630 860//630
f 850//630 852//630 857//630
f 924//630 922//630 857//630
f 859//630 889//630 891//630
f 834//631 843//631 925//632
f 829//632 925//632 926//633
f 828//633 926//633 927//634
f 827//634 927//634 928//635
f 813//635 928//635 929//636
f 799//636 929//636 890//637
f 890//637 797//637 799//636
f 929//636 799//636 813//635
f 928//635 813//635 827//634
f 927//634 827//634 828//633
f 926//633 828//633 829//632
f 925//632 829//632 834//631
f 843//638 842//638 849//638
f 849//638 921//638 843//638
f 843//638 921//638 923//639
f 925//639 923//639 922//640
f 926//640 922//640 924//641
f 927//641 924//641 920//642
f 928//642 920//642 919//643
f 929//643 919//643 918//644
f 918//644 890//644 929//643
f 919//643 929//643 928//642
f 920//642 928//642 927//641
f 924//641 927//641 926//640
f 922//640 926//640 925//639
f 923//639 925//639 843//638
f 890//644 918//644 891//644
f 891//644 862//644 890//644
f 930//645 931//645 932//645
f 933//645 934//645 935//645
f 932//645 936//645 930//645
f 935//645 937//645 933//645
f 476//645 938//645 939//645
f 476//645 940//645 941//645
f 476//645 475//645 942//645
f 475//645 943//645 944//645
f 508//645 945//645 946//645
f 507//645 947//645 945//645
f 948//645 949//645 471//645
f 936//645 950//645 951//645
f 930//645 952//645 931//645
f 933//645 953//645 934//645
f 507//645 954//645 953//645
f 507//645 955//645 956//645
f 494//645 957//645 958//645
f 939//645 959//645 476//645
f 941//645 960//645 476//645
f 944//645 942//645 475//645
f 475//645 474//645 961//645
f 946//645 962//645 508//645
f 507//645 963//645 947//645
f 507//645 964//645 965//645
f 951//645 948//645 936//645
f 932//645 966//645 936//645
f 937//645 967//645 933//645
f 956//645 954//645 507//645
f 495//645 958//645 968//645
f 494//645 969//645 957//645
f 960//645 938//645 476//645
f 942//645 970//645 476//645
f 961//645 971//645 475//645
f 972//645 973//645 474//645
f 974//645 975//645 472//645
f 945//645 508//645 507//645
f 965//645 976//645 507//645
f 507//645 933//645 977//645
f 471//645 936//645 948//645
f 952//645 933//645 931//645
f 933//645 978//645 979//645
f 933//645 980//645 981//645
f 953//645 933//645 507//645
f 936//645 469//645 487//645
f 982//645 496//645 495//645
f 968//645 983//645 495//645
f 494//645 984//645 969//645
f 494//645 985//645 986//645
f 970//645 940//645 476//645
f 971//645 987//645 475//645
f 474//645 988//645 989//645
f 473//645 990//645 972//645
f 975//645 991//645 473//645
f 471//645 992//645 974//645
f 976//645 963//645 507//645
f 507//645 993//645 994//645
f 977//645 995//645 507//645
f 966//645 950//645 936//645
f 979//645 996//645 933//645
f 933//645 997//645 998//645
f 967//645 980//645 933//645
f 936//645 470//645 469//645
f 999//645 486//645 485//645
f 1000//645 483//645 482//645
f 480//645 477//645 499//645
f 477//645 480//645 479//645
f 1001//645 498//645 497//645
f 1002//645 497//645 496//645
f 983//645 1003//645 495//645
f 986//645 984//645 494//645
f 501//645 1004//645 985//645
f 501//645 1005//645 1006//645
f 501//645 1007//645 1008//645
f 987//645 943//645 475//645
f 474//645 973//645 988//645
f 473//645 991//645 990//645
f 472//645 471//645 974//645
f 994//645 964//645 507//645
f 995//645 1009//645 507//645
f 996//645 931//645 933//645
f 981//645 997//645 933//645
f 936//645 471//645 470//645
f 999//645 487//645 486//645
f 1000//645 484//645 483//645
f 1010//645 481//645 480//645
f 1011//645 499//645 498//645
f 479//645 478//645 477//645
f 496//645 1012//645 1002//645
f 496//645 982//645 1013//645
f 958//645 495//645 494//645
f 501//645 1014//645 1004//645
f 501//645 1015//645 1005//645
f 501//645 1016//645 1007//645
f 989//645 961//645 474//645
f 473//645 472//645 975//645
f 1009//645 993//645 507//645
f 998//645 978//645 933//645
f 485//645 1000//645 999//645
f 1000//645 485//645 484//645
f 1010//645 482//645 481//645
f 499//645 1011//645 480//645
f 1013//645 1012//645 496//645
f 985//645 494//645 501//645
f 1008//645 1015//645 501//645
f 501//645 1017//645 1018//645
f 507//645 1019//645 1020//645
f 507//645 1021//645 1022//645
f 507//645 1023//645 1024//645
f 474//645 473//645 972//645
f 949//645 992//645 471//645
f 482//645 1010//645 1000//645
f 498//645 1001//645 1011//645
f 495//645 1003//645 982//645
f 1018//645 1016//645 501//645
f 501//645 508//645 1025//645
f 508//645 1026//645 1027//645
f 1022//645 1019//645 507//645
f 1024//645 1028//645 507//645
f 476//645 1029//645 1030//645
f 962//645 1026//645 508//645
f 480//645 1011//645 1010//645
f 1006//645 1014//645 501//645
f 508//645 1031//645 1025//645
f 508//645 1032//645 1033//645
f 508//645 1034//645 1035//645
f 1027//645 1036//645 508//645
f 1028//645 1021//645 507//645
f 476//645 1037//645 1038//645
f 959//645 1029//645 476//645
f 497//645 1002//645 1001//645
f 1025//645 1039//645 501//645
f 508//645 1040//645 1041//645
f 508//645 1042//645 1032//645
f 1036//645 1034//645 508//645
f 507//645 1043//645 1023//645
f 507//645 1044//645 1045//645
f 476//645 1046//645 1037//645
f 487//645 999//645 936//645
f 1039//645 1047//645 501//645
f 508//645 1048//645 1049//645
f 508//645 1050//645 1040//645
f 1035//645 1042//645 508//645
f 1045//645 1043//645 507//645
f 507//645 1051//645 1052//645
f 507//645 1053//645 1054//645
f 1038//645 507//645 476//645
f 1030//645 1055//645 476//645
f 1049//645 1031//645 508//645
f 508//645 1056//645 1057//645
f 1033//645 1050//645 508//645
f 1052//645 1044//645 507//645
f 1038//645 1053//645 507//645
f 1047//645 1017//645 501//645
f 1041//645 1056//645 508//645
f 1054//645 1051//645 507//645
f 1057//645 1048//645 508//645
f 1055//645 1046//645 476//645
f 1020//645 955//645 507//645
f 1039//646 1058//646 1059//647
f 1047//647 1059//647 1060//648
f 1017//648 1060//648 1061//649
f 1018//649 1061//649 1062//650
f 1016//650 1062//650 1063//651
f 1007//651 1063//651 1064//652
f 1008//652 1064//652 1065//653
f 1015//653 1065//653 1066//654
f 1005//654 1066//654 1067//655
f 1006//655 1067//655 1068//656
f 1014//656 1068//656 1069//657
f 1004//657 1069//657 1070//658
f 985//658 1070//658 1071//659
f 986//659 1071//659 1072//660
f 984//660 1072//660 1073//661
f 1073//661 969//661 984//660
f 1072//660 984//660 986//659
f 1071//659 986//659 985//658
f 1070//658 985//658 1004//657
f 1069//657 1004//657 1014//656
f 1068//656 1014//656 1006//655
f 1067//655 1006//655 1005//654
f 1066//654 1005//654 1015//653
f 1065//653 1015//653 1008//652
f 1064//652 1008//652 1007//651
f 1063//651 1007//651 1016//650
f 1062//650 1016//650 1018//649
f 1061//649 1018//649 1017//648
f 1060//648 1017//648 1047//647
f 1059//647 1047//647 1039//646
f 1039//662 1025//662 1074//662
f 1074//662 1058//662 1039//662
f 1027//663 1075//663 1076//664
f 1036//664 1076//664 1077//665
f 1034//665 1077//665 1078//666
f 1035//666 1078//666 1079//667
f 1042//667 1079//667 1080//668
f 1032//668 1080//668 1081//669
f 1033//669 1081//669 1082//670
f 1050//670 1082//670 1083//671
f 1040//671 1083//671 1084//672
f 1041//672 1084//672 1085//673
f 1056//673 1085//673 1086//674
f 1057//674 1086//674 1087//675
f 1048//675 1087//675 1088//676
f 1049//676 1088//676 1089//677
f 1031//677 1089//677 1074//678
f 1074//678 1025//678 1031//677
f 1089//677 1031//677 1049//676
f 1088//676 1049//676 1048//675
f 1087//675 1048//675 1057//674
f 1086//674 1057//674 1056//673
f 1085//673 1056//673 1041//672
f 1084//672 1041//672 1040//671
f 1083//671 1040//671 1050//670
f 1082//670 1050//670 1033//669
f 1081//669 1033//669 1032//668
f 1080//668 1032//668 1042//667
f 1079//667 1042//667 1035//666
f 1078//666 1035//666 1034//665
f 1077//665 1034//665 1036//664
f 1076//664 1036//664 1027//663
f 1090//679 1058//679 1074//679
f 1074//679 1091//679 1090//679
f 1058//679 1090//679 1092//680
f 1059//680 1092//680 1093//681
f 1060//681 1093//681 1094//682
f 1061//682 1094//682 1095//683
f 1062//683 1095//683 1096//684
f 1063//684 1096//684 1097//685
f 1064//685 1097//685 1098//686
f 1065//686 1098//686 1099//687
f 1066//687 1099//687 1100//688
f 1067//688 1100//688 1101//689
f 1068//689 1101//689 1102//690
f 1069//690 1102//690 1103//691
f 1070//691 1103//691 1104//692
f 1071//692 1104//692 1105//693
f 1072//693 1105//693 1106//694
f 1106//694 1073//694 1072//693
f 1105//693 1072//693 1071//692
f 1104//692 1071//692 1070//691
f 1103//691 1070//691 1069//690
f 1102//690 1069//690 1068//689
f 1101//689 1068//689 1067//688
f 1100//688 1067//688 1066//687
f 1099//687 1066//687 1065//686
f 1098//686 1065//686 1064//685
f 1097//685 1064//685 1063//684
f 1096//684 1063//684 1062//683
f 1095//683 1062//683 1061//682
f 1094//682 1061//682 1060//681
f 1093//681 1060//681 1059//680
f 1092//680 1059//680 1058//679
f 957//695 969//695 1073//695
f 1073//695 1107//695 957//695
f 1075//696 1108//696 1109//697
f 1076//697 1109//697 1110//698
f 1077//698 1110//698 1111//699
f 1078//699 1111//699 1112//700
f 1079//700 1112//700 1113//701
f 1080//701 1113//701 1114//702
f 1081//702 1114//702 1115//703
f 1082//703 1115//703 1116//704
f 1083//704 1116//704 1117//705
f 1084//705 1117//705 1118//706
f 1085//706 1118//706 1119//707
f 1086//707 1119//707 1120//708
f 1087//708 1120//708 1121//709
f 1088//709 1121//709 1122//710
f 1089//710 1122//710 1091//711
f 1091//711 1074//711 1089//710
f 1122//710 1089//710 1088//709
f 1121//709 1088//709 1087//708
f 1120//708 1087//708 1086//707
f 1119//707 1086//707 1085//706
f 1118//706 1085//706 1084//705
f 1117//705 1084//705 1083//704
f 1116//704 1083//704 1082//703
f 1115//703 1082//703 1081//702
f 1114//702 1081//702 1080//701
f 1113//701 1080//701 1079//700
f 1112//700 1079//700 1078//699
f 1111//699 1078//699 1077//698
f 1110//698 1077//698 1076//697
f 1109//697 1076//697 1075//696
f 1027//712 1026//712 1123//712
f 1123//712 1075//712 1027//712
f 1124//713 1108//713 1075//713
f 1075//713 1123//713 1124//713
f 952//714 1125//714 1126//715
f 933//715 1126//715 1127//716
f 977//716 1127//716 1128//717
f 995//717 1128//717 1129//718
f 1009//718 1129//718 1130//719
f 993//719 1130//719 1131//720
f 994//720 1131//720 1132//721
f 964//721 1132//721 1133//722
f 965//722 1133//722 1134//723
f 976//723 1134//723 1135//724
f 963//724 1135//724 1136//725
f 947//725 1136//725 1137//726
f 945//726 1137//726 1138//727
f 946//727 1138//727 1139//728
f 962//728 1139//728 1123//729
f 1123//729 1026//729 962//728
f 1139//728 962//728 946//727
f 1138//727 946//727 945//726
f 1137//726 945//726 947//725
f 1136//725 947//725 963//724
f 1135//724 963//724 976//723
f 1134//723 976//723 965//722
f 1133//722 965//722 964//721
f 1132//721 964//721 994//720
f 1131//720 994//720 993//719
f 1130//719 993//719 1009//718
f 1129//718 1009//718 995//717
f 1128//717 995//717 977//716
f 1127//716 977//716 933//715
f 1126//715 933//715 952//714
f 1125//730 1140//730 1141//731
f 1126//731 1141//731 1142//732
f 1127//732 1142//732 1143//733
f 1128//733 1143//733 1144//734
f 1129//734 1144//734 1145//735
f 1130//735 1145//735 1146//736
f 1131//736 1146//736 1147//737
f 1132//737 1147//737 1148//738
f 1133//738 1148//738 1149//739
f 1134//739 1149//739 1150//740
f 1135//740 1150//740 1151//741
f 1136//741 1151//741 1152//742
f 1137//742 1152//742 1153//743
f 1138//743 1153//743 1154//744
f 1139//744 1154//744 1124//745
f 1124//745 1123//745 1139//744
f 1154//744 1139//744 1138//743
f 1153//743 1138//743 1137//742
f 1152//742 1137//742 1136//741
f 1151//741 1136//741 1135//740
f 1150//740 1135//740 1134//739
f 1149//739 1134//739 1133//738
f 1148//738 1133//738 1132//737
f 1147//737 1132//737 1131//736
f 1146//736 1131//736 1130//735
f 1145//735 1130//735 1129//734
f 1144//734 1129//734 1128//733
f 1143//733 1128//733 1127//732
f 1142//732 1127//732 1126//731
f 1141//731 1126//731 1125//730
f 952//746 930//746 1155//746
f 1155//746 1125//746 952//746
f 1103//747 1100//747 1099//747
f 1103//747 1102//747 1101//747
f 1156//747 1157//747 1158//747
f 1156//747 1159//747 1160//747
f 1156//747 1161//747 1162//747
f 1156//747 1163//747 1164//747
f 1101//747 1100//747 1103//747
f 1098//747 1105//747 1104//747
f 1160//747 1157//747 1156//747
f 1156//747 1165//747 1161//747
f 1156//747 1166//747 1167//747
f 1164//747 1168//747 1156//747
f 1118//747 1112//747 1111//747
f 1106//747 1094//747 1093//747
f 1105//747 1098//747 1097//747
f 1104//747 1103//747 1098//747
f 1162//747 1159//747 1156//747
f 1168//747 1166//747 1156//747
f 1118//747 1110//747 1109//747
f 1118//747 1113//747 1112//747
f 1113//747 1116//747 1115//747
f 1113//747 1118//747 1117//747
f 1108//747 1122//747 1121//747
f 1106//747 1095//747 1094//747
f 1099//747 1098//747 1103//747
f 1167//747 1165//747 1156//747
f 1149//747 1148//747 1147//747
f 1111//747 1110//747 1118//747
f 1117//747 1116//747 1113//747
f 1121//747 1120//747 1108//747
f 1106//747 1096//747 1095//747
f 1096//747 1106//747 1105//747
f 1156//747 1169//747 1163//747
f 1149//747 1143//747 1142//747
f 1149//747 1145//747 1144//747
f 1147//747 1146//747 1149//747
f 1140//747 1151//747 1150//747
f 1140//747 1153//747 1152//747
f 1115//747 1114//747 1113//747
f 1120//747 1119//747 1108//747
f 1097//747 1096//747 1105//747
f 1158//747 1170//747 1156//747
f 1142//747 1141//747 1149//747
f 1146//747 1145//747 1149//747
f 1152//747 1151//747 1140//747
f 1140//747 1124//747 1154//747
f 1119//747 1118//747 1108//747
f 1140//747 1106//747 1090//747
f 1093//747 1092//747 1106//747
f 1156//747 1171//747 1169//747
f 1144//747 1143//747 1149//747
f 1154//747 1153//747 1140//747
f 1091//747 1108//747 1124//747
f 1108//747 1091//747 1122//747
f 1092//747 1090//747 1106//747
f 1106//747 1140//747 1169//747
f 1150//747 1149//747 1140//747
f 1109//747 1108//747 1118//747
f 1171//747 1106//747 1169//747
f 1124//747 1140//747 1091//747
f 1141//747 1140//747 1149//747
f 1090//747 1091//747 1140//747
f 1140//748 1125//748 1155//748
f 1155//748 1169//748 1140//748
f 1107//749 1171//749 1156//750
f 1172//750 1156//750 1170//751
f 1173//751 1170//751 1158//752
f 1174//752 1158//752 1157//753
f 1175//753 1157//753 1160//754
f 1176//754 1160//754 1159//755
f 1177//755 1159//755 1162//756
f 1178//756 1162//756 1161//757
f 1179//757 1161//757 1165//758
f 1180//758 1165//758 1167//759
f 1181//759 1167//759 1166//760
f 1182//760 1166//760 1168//761
f 1183//761 1168//761 1164//762
f 1184//762 1164//762 1163//763
f 1185//763 1163//763 1169//764
f 1169//764 1155//764 1185//763
f 1163//763 1185//763 1184//762
f 1164//762 1184//762 1183//761
f 1168//761 1183//761 1182//760
f 1166//760 1182//760 1181//759
f 1167//759 1181//759 1180//758
f 1165//758 1180//758 1179//757
f 1161//757 1179//757 1178//756
f 1162//756 1178//756 1177//755
f 1159//755 1177//755 1176//754
f 1160//754 1176//754 1175//753
f 1157//753 1175//753 1174//752
f 1158//752 1174//752 1173//751
f 1170//751 1173//751 1172//750
f 1156//750 1172//750 1107//749
f 1073//765 1106//765 1171//765
f 1171//765 1107//765 1073//765
f 957//766 1107//766 1172//767
f 958//767 1172//767 1173//768
f 968//768 1173//768 1174//769
f 983//769 1174//769 1175//770
f 1003//770 1175//770 1176//771
f 982//771 1176//771 1177//772
f 1013//772 1177//772 1178//773
f 1012//773 1178//773 1179//774
f 1002//774 1179//774 1180//775
f 1001//775 1180//775 1181//776
f 1011//776 1181//776 1182//777
f 1010//777 1182//777 1183//778
f 1000//778 1183//778 1184//779
f 999//779 1184//779 1185//780
f 936//780 1185//780 1155//781
f 1155//781 930//781 936//780
f 1185//780 936//780 999//779
f 1184//779 999//779 1000//778
f 1183//778 1000//778 1010//777
f 1182//777 1010//777 1011//776
f 1181//776 1011//776 1001//775
f 1180//775 1001//775 1002//774
f 1179//774 1002//774 1012//773
f 1178//773 1012//773 1013//772
f 1177//772 1013//772 982//771
f 1176//771 982//771 1003//770
f 1175//770 1003//770 983//769
f 1174//769 983//769 968//768
f 1173//768 968//768 958//767
f 1172//767 958//767 957//766
f 956//782 1186//782 1187//783
f 954//783 1187//783 1188//784
f 953//784 1188//784 1189//785
f 934//785 1189//785 1190//786
f 935//786 1190//786 1191//787
f 937//787 1191//787 1192//788
f 967//788 1192//788 1193//789
f 980//789 1193//789 1194//790
f 981//790 1194//790 1195//791
f 997//791 1195//791 1196//792
f 998//792 1196//792 1197//793
f 978//793 1197//793 1198//794
f 979//794 1198//794 1199//795
f 996//795 1199//795 1200//796
f 931//796 1200//796 1201//797
f 1201//797 932//797 931//796
f 1200//796 931//796 996//795
f 1199//795 996//795 979//794
f 1198//794 979//794 978//793
f 1197//793 978//793 998//792
f 1196//792 998//792 997//791
f 1195//791 997//791 981//790
f 1194//790 981//790 980//789
f 1193//789 980//789 967//788
f 1192//788 967//788 937//787
f 1191//787 937//787 935//786
f 1190//786 935//786 934//785
f 1189//785 934//785 953//784
f 1188//784 953//784 954//783
f 1187//783 954//783 956//782
f 956//798 955//798 1202//798
f 1202//798 1186//798 956//798
f 1038//799 1203//799 1204//800
f 1053//800 1204//800 1205//801
f 1054//801 1205//801 1206//802
f 1051//802 1206//802 1207//803
f 1052//803 1207//803 1208//804
f 1044//804 1208//804 1209//805
f 1045//805 1209//805 1210//806
f 1043//806 1210//806 1211//807
f 1023//807 1211//807 1212//808
f 1024//808 1212//808 1213//809
f 1028//809 1213//809 1214//810
f 1021//810 1214//810 1215//811
f 1022//811 1215//811 1216//812
f 1019//812 1216//812 1217//813
f 1020//813 1217//813 1202//814
f 1202//814 955//814 1020//813
f 1217//813 1020//813 1019//812
f 1216//812 1019//812 1022//811
f 1215//811 1022//811 1021//810
f 1214//810 1021//810 1028//809
f 1213//809 1028//809 1024//808
f 1212//808 1024//808 1023//807
f 1211//807 1023//807 1043//806
f 1210//806 1043//806 1045//805
f 1209//805 1045//805 1044//804
f 1208//804 1044//804 1052//803
f 1207//803 1052//803 1051//802
f 1206//802 1051//802 1054//801
f 1205//801 1054//801 1053//800
f 1204//800 1053//800 1038//799
f 1218//815 1219//815 1186//815
f 1186//815 1202//815 1218//815
f 1186//815 1219//815 1220//816
f 1187//816 1220//816 1221//817
f 1188//817 1221//817 1222//818
f 1189//818 1222//818 1223//819
f 1190//819 1223//819 1224//820
f 1191//820 1224//820 1225//821
f 1192//821 1225//821 1226//822
f 1193//822 1226//822 1227//823
f 1194//823 1227//823 1228//824
f 1195//824 1228//824 1229//825
f 1196//825 1229//825 1230//826
f 1197//826 1230//826 1231//827
f 1198//827 1231//827 1232//828
f 1199//828 1232//828 1233//829
f 1200//829 1233//829 1234//830
f 1234//830 1201//830 1200//829
f 1233//829 1200//829 1199//828
f 1232//828 1199//828 1198//827
f 1231//827 1198//827 1197//826
f 1230//826 1197//826 1196//825
f 1229//825 1196//825 1195//824
f 1228//824 1195//824 1194//823
f 1227//823 1194//823 1193//822
f 1226//822 1193//822 1192//821
f 1225//821 1192//821 1191//820
f 1224//820 1191//820 1190//819
f 1223//819 1190//819 1189//818
f 1222//818 1189//818 1188//817
f 1221//817 1188//817 1187//816
f 1220//816 1187//816 1186//815
f 966//831 932//831 1201//831
f 1201//831 1235//831 966//831
f 1203//832 1236//832 1237//833
f 1204//833 1237//833 1238//834
f 1205//834 1238//834 1239//835
f 1206//835 1239//835 1240//836
f 1207//836 1240//836 1241//837
f 1208//837 1241//837 1242//838
f 1209//838 1242//838 1243//839
f 1210//839 1243//839 1244//840
f 1211//840 1244//840 1245//841
f 1212//841 1245//841 1246//842
f 1213//842 1246//842 1247//843
f 1214//843 1247//843 1248//844
f 1215//844 1248//844 1249//845
f 1216//845 1249//845 1250//846
f 1217//846 1250//846 1218//847
f 1218//847 1202//847 1217//846
f 1250//846 1217//846 1216//845
f 1249//845 1216//845 1215//844
f 1248//844 1215//844 1214//843
f 1247//843 1214//843 1213//842
f 1246//842 1213//842 1212//841
f 1245//841 1212//841 1211//840
f 1244//840 1211//840 1210//839
f 1243//839 1210//839 1209//838
f 1242//838 1209//838 1208//837
f 1241//837 1208//837 1207//836
f 1240//836 1207//836 1206//835
f 1239//835 1206//835 1205//834
f 1238//834 1205//834 1204//833
f 1237//833 1204//833 1203//832
f 1038//848 1037//848 1251//848
f 1251//848 1203//848 1038//848
f 1252//849 1236//849 1203//849
f 1203//849 1251//849 1252//849
f 987//850 1253//850 1254//851
f 943//851 1254//851 1255//852
f 944//852 1255//852 1256//853
f 942//853 1256//853 1257//854
f 970//854 1257//854 1258//855
f 940//855 1258//855 1259//856
f 941//856 1259//856 1260//857
f 960//857 1260//857 1261//858
f 938//858 1261//858 1262//859
f 939//859 1262//859 1263//860
f 959//860 1263//860 1264//861
f 1029//861 1264//861 1265//862
f 1030//862 1265//862 1266//863
f 1055//863 1266//863 1267//864
f 1046//864 1267//864 1251//865
f 1251//865 1037//865 1046//864
f 1267//864 1046//864 1055//863
f 1266//863 1055//863 1030//862
f 1265//862 1030//862 1029//861
f 1264//861 1029//861 959//860
f 1263//860 959//860 939//859
f 1262//859 939//859 938//858
f 1261//858 938//858 960//857
f 1260//857 960//857 941//856
f 1259//856 941//856 940//855
f 1258//855 940//855 970//854
f 1257//854 970//854 942//853
f 1256//853 942//853 944//852
f 1255//852 944//852 943//851
f 1254//851 943//851 987//850
f 1253//866 1268//866 1269//867
f 1254//867 1269//867 1270//868
f 1255//868 1270//868 1271//869
f 1256//869 1271//869 1272//870
f 1257//870 1272//870 1273//871
f 1258//871 1273//871 1274//872
f 1259//872 1274//872 1275//873
f 1260//873 1275//873 1276//874
f 1261//874 1276//874 1277//875
f 1262//875 1277//875 1278//876
f 1263//876 1278//876 1279//877
f 1264//877 1279//877 1280//878
f 1265//878 1280//878 1281//879
f 1266//879 1281//879 1282//880
f 1267//880 1282//880 1252//881
f 1252//881 1251//881 1267//880
f 1282//880 1267//880 1266//879
f 1281//879 1266//879 1265//878
f 1280//878 1265//878 1264//877
f 1279//877 1264//877 1263//876
f 1278//876 1263//876 1262//875
f 1277//875 1262//875 1261//874
f 1276//874 1261//874 1260//873
f 1275//873 1260//873 1259//872
f 1274//872 1259//872 1258//871
f 1273//871 1258//871 1257//870
f 1272//870 1257//870 1256//869
f 1271//869 1256//869 1255//868
f 1270//868 1255//868 1254//867
f 1269//867 1254//867 1253//866
f 987//882 971//882 1283//882
f 1283//882 1253//882 987//882
f 1245//883 1248//883 1247//883
f 1244//883 1250//883 1249//883
f 1218//883 1244//883 1243//883
f 1247//883 1246//883 1245//883
f 1244//883 1218//883 1250//883
f 1284//883 1285//883 1286//883
f 1282//883 1274//883 1273//883
f 1274//883 1282//883 1281//883
f 1218//883 1240//883 1239//883
f 1243//883 1242//883 1218//883
f 1249//883 1248//883 1244//883
f 1224//883 1221//883 1220//883
f 1221//883 1224//883 1223//883
f 1287//883 1288//883 1289//883
f 1286//883 1290//883 1284//883
f 1282//883 1271//883 1270//883
f 1273//883 1272//883 1282//883
f 1274//883 1278//883 1277//883
f 1281//883 1280//883 1274//883
f 1218//883 1241//883 1240//883
f 1245//883 1244//883 1248//883
f 1223//883 1222//883 1221//883
f 1219//883 1226//883 1225//883
f 1219//883 1229//883 1228//883
f 1219//883 1231//883 1230//883
f 1219//883 1233//883 1232//883
f 1289//883 1291//883 1287//883
f 1288//883 1287//883 1285//883
f 1292//883 1293//883 1294//883
f 1272//883 1271//883 1282//883
f 1277//883 1276//883 1274//883
f 1280//883 1279//883 1274//883
f 1218//883 1238//883 1237//883
f 1242//883 1241//883 1218//883
f 1225//883 1224//883 1219//883
f 1228//883 1227//883 1219//883
f 1232//883 1231//883 1219//883
f 1284//883 1288//883 1285//883
f 1292//883 1295//883 1293//883
f 1270//883 1269//883 1282//883
f 1279//883 1278//883 1274//883
f 1239//883 1238//883 1218//883
f 1227//883 1226//883 1219//883
f 1219//883 1234//883 1233//883
f 1294//883 1287//883 1292//883
f 1292//883 1296//883 1297//883
f 1276//883 1275//883 1274//883
f 1237//883 1236//883 1218//883
f 1230//883 1229//883 1219//883
f 1252//883 1292//883 1234//883
f 1297//883 1295//883 1292//883
f 1292//883 1298//883 1299//883
f 1292//883 1252//883 1268//883
f 1268//883 1252//883 1282//883
f 1252//883 1219//883 1218//883
f 1234//883 1219//883 1252//883
f 1299//883 1296//883 1292//883
f 1269//883 1268//883 1282//883
f 1220//883 1219//883 1224//883
f 1268//883 1298//883 1292//883
f 1291//883 1292//883 1287//883
f 1236//883 1252//883 1218//883
f 1283//884 1298//884 1268//884
f 1268//884 1253//884 1283//884
f 1235//885 1292//885 1291//886
f 1300//886 1291//886 1289//887
f 1301//887 1289//887 1288//888
f 1302//888 1288//888 1284//889
f 1303//889 1284//889 1290//890
f 1304//890 1290//890 1286//891
f 1305//891 1286//891 1285//892
f 1306//892 1285//892 1287//893
f 1307//893 1287//893 1294//894
f 1308//894 1294//894 1293//895
f 1309//895 1293//895 1295//896
f 1310//896 1295//896 1297//897
f 1311//897 1297//897 1296//898
f 1312//898 1296//898 1299//899
f 1313//899 1299//899 1298//900
f 1298//900 1283//900 1313//899
f 1299//899 1313//899 1312//898
f 1296//898 1312//898 1311//897
f 1297//897 1311//897 1310//896
f 1295//896 1310//896 1309//895
f 1293//895 1309//895 1308//894
f 1294//894 1308//894 1307//893
f 1287//893 1307//893 1306//892
f 1285//892 1306//892 1305//891
f 1286//891 1305//891 1304//890
f 1290//890 1304//890 1303//889
f 1284//889 1303//889 1302//888
f 1288//888 1302//888 1301//887
f 1289//887 1301//887 1300//886
f 1291//886 1300//886 1235//885
f 1234//901 1292//901 1235//901
f 1235//901 1201//901 1234//901
f 966//902 1235//902 1300//903
f 950//903 1300//903 1301//904
f 951//904 1301//904 1302//905
f 948//905 1302//905 1303//906
f 949//906 1303//906 1304//907
f 992//907 1304//907 1305//908
f 974//908 1305//908 1306//909
f 975//909 1306//909 1307//910
f 991//910 1307//910 1308//911
f 990//911 1308//911 1309//912
f 972//912 1309//912 1310//913
f 973//913 1310//913 1311//914
f 988//914 1311//914 1312//915
f 989//915 1312//915 1313//916
f 961//916 1313//916 1283//917
f 1283//917 971//917 961//916
f 1313//916 961//916 989//915
f 1312//915 989//915 988//914
f 1311//914 988//914 973//913
f 1310//913 973//913 972//912
f 1309//912 972//912 990//911
f 1308//911 990//911 991//910
f 1307//910 991//910 975//909
f 1306//909 975//909 974//908
f 1305//908 974//908 992//907
f 1304//907 992//907 949//906
f 1303//906 949//906 948//905
f 1302//905 948//905 951//904
f 1301//904 951//904 950//903
f 1300//903 950//903 966//902
