# OBJ generated by ONSHAPE BY PTC INC, 1.219 Units = meters
mtllib link_5.mtl
g Dummy Link 5
v -0.004 0.00189208 -0.0653974
v -0.004 0.00376198 -0.0650909
v -0.004 0.00558778 -0.0645839
v -0.004 0.00734806 -0.0638826
v -0.004 0.00902219 -0.062995
v -0.004 0.0105905 -0.0619316
v -0.004 0.0120347 -0.0607049
v -0.004 0.0133378 -0.0593293
v -0.004 0.0144846 -0.0578208
v -0.004 0.0154615 -0.0561971
v -0.004 0.0162571 -0.0544774
v -0.004 0.0168621 -0.0526817
v -0.004 0.0172695 -0.0508312
v -0.004 0.0174743 -0.0489474
v -0.004 0.0174743 -0.0470526
v -0.004 0.0172695 -0.0451688
v -0.004 0.0168621 -0.0433183
v -0.004 0.0162571 -0.0415226
v -0.004 0.0154615 -0.0398029
v -0.004 0.0144846 -0.0381792
v -0.004 0.0133378 -0.0366707
v -0.004 0.0120347 -0.0352951
v -0.004 0.0105905 -0.0340684
v -0.004 0.00902219 -0.033005
v -0.004 0.00734806 -0.0321174
v -0.004 0.00558778 -0.0314161
v -0.004 0.00376198 -0.0309091
v -0.004 0.00189208 -0.0306026
v -0.004 -2.42861e-17 -0.0305
v -0.004 -0.00189208 -0.0306026
v -0.004 -0.00376198 -0.0309091
v -0.004 -0.00558778 -0.0314161
v -0.004 -0.00734806 -0.0321174
v -0.004 -0.00902219 -0.033005
v -0.004 -0.0105905 -0.0340684
v -0.004 -0.0120347 -0.0352951
v -0.004 -0.0133378 -0.0366707
v -0.004 -0.0144846 -0.0381792
v -0.004 -0.0154615 -0.0398029
v -0.004 -0.0162571 -0.0415226
v -0.004 -0.0168621 -0.0433183
v -0.004 -0.0172695 -0.0451688
v -0.004 -0.0174743 -0.0470526
v -0.004 -0.0174743 -0.0489474
v -0.004 -0.0172695 -0.0508312
v -0.004 -0.0168621 -0.0526817
v -0.004 -0.0162571 -0.0544774
v -0.004 -0.0154615 -0.0561971
v -0.004 -0.0144846 -0.0578208
v -0.004 -0.0133378 -0.0593293
v -0.004 -0.0120347 -0.0607049
v -0.004 -0.0105905 -0.0619316
v -0.004 -0.00902219 -0.062995
v -0.004 -0.00734806 -0.0638826
v -0.004 -0.00558778 -0.0645839
v -0.004 -0.00376198 -0.0650909
v -0.004 -0.00189208 -0.0653974
v -0.004 -1.78567e-17 -0.0655
v -0.004 -2.42861e-17 -0.048
v -0.009 -2.42861e-17 -0.0305
v -0.009 0.00189208 -0.0306026
v -0.009 0.00376198 -0.0309091
v -0.009 0.00558778 -0.0314161
v -0.009 0.00734806 -0.0321174
v -0.009 0.00902219 -0.033005
v -0.009 0.0105905 -0.0340684
v -0.009 0.0120347 -0.0352951
v -0.009 0.0133378 -0.0366707
v -0.009 0.0144846 -0.0381792
v -0.009 0.0154615 -0.0398029
v -0.009 0.0162571 -0.0415226
v -0.009 0.0168621 -0.0433183
v -0.009 0.0172695 -0.0451688
v -0.009 0.0174743 -0.0470526
v -0.009 0.0174743 -0.0489474
v -0.009 0.0172695 -0.0508312
v -0.009 0.0168621 -0.0526817
v -0.009 0.0162571 -0.0544774
v -0.009 0.0154615 -0.0561971
v -0.009 0.0144846 -0.0578208
v -0.009 0.0133378 -0.0593293
v -0.009 0.0120347 -0.0607049
v -0.009 0.0105905 -0.0619316
v -0.009 0.00902219 -0.062995
v -0.009 0.00734806 -0.0638826
v -0.009 0.00558778 -0.0645839
v -0.009 0.00376198 -0.0650909
v -0.009 0.00189208 -0.0653974
v -0.009 -2.2143e-17 -0.0655
v -0.009 -0.00189208 -0.0653974
v -0.009 -0.00376198 -0.0650909
v -0.009 -0.00558778 -0.0645839
v -0.009 -0.00734806 -0.0638826
v -0.009 -0.00902219 -0.062995
v -0.009 -0.0105905 -0.0619316
v -0.009 -0.0120347 -0.0607049
v -0.009 -0.0133378 -0.0593293
v -0.009 -0.0144846 -0.0578208
v -0.009 -0.0154615 -0.0561971
v -0.009 -0.0162571 -0.0544774
v -0.009 -0.0168621 -0.0526817
v -0.009 -0.0172695 -0.0508312
v -0.009 -0.0174743 -0.0489474
v -0.009 -0.0174743 -0.0470526
v -0.009 -0.0172695 -0.0451688
v -0.009 -0.0168621 -0.0433183
v -0.009 -0.0162571 -0.0415226
v -0.009 -0.0154615 -0.0398029
v -0.009 -0.0144846 -0.0381792
v -0.009 -0.0133378 -0.0366707
v -0.009 -0.0120347 -0.0352951
v -0.009 -0.0105905 -0.0340684
v -0.009 -0.00902219 -0.033005
v -0.009 -0.00734806 -0.0321174
v -0.009 -0.00558778 -0.0314161
v -0.009 -0.00376198 -0.0309091
v -0.009 -0.00189208 -0.0306026
v -0.009 -0.0157926 -0.0542923
v -0.009 -0.0150197 -0.0559629
v -0.009 -0.0163803 -0.052548
v -0.009 -0.0169751 -0.0489204
v -0.009 -0.0167761 -0.0507503
v -0.009 -0.0169751 -0.0470796
v -0.009 0.0157926 -0.0417077
v -0.009 0.0163803 -0.043452
v -0.009 0.0169751 -0.0470796
v -0.009 0.0167761 -0.0452497
v -0.009 0.0169751 -0.0489204
v -0.009 -0.0167761 -0.0452497
v -0.009 -0.0163803 -0.043452
v -0.009 -0.0157926 -0.0417077
v -0.009 -0.0150197 -0.0400371
v -0.009 -0.0140707 -0.0384598
v -0.009 0.0140707 -0.0384598
v -0.009 0.0150197 -0.0400371
v -0.009 0.0167761 -0.0507503
v -0.009 0.0157926 -0.0542923
v -0.009 0.0163803 -0.052548
v -0.009 0.0150197 -0.0559629
v -0.009 -0.010288 -0.0615336
v -0.009 -0.0116909 -0.0603419
v -0.009 -0.0129568 -0.0590056
v -0.009 -0.0140707 -0.0575402
v -0.009 0.010288 -0.0344664
v -0.009 0.0116909 -0.0356581
v -0.009 0.0129568 -0.0369944
v -0.009 0.0140707 -0.0575402
v -0.009 0.0129568 -0.0590056
v -0.009 0.010288 -0.0615336
v -0.009 0.00876442 -0.0625666
v -0.009 -0.00183802 -0.0649003
v -0.009 -1.80404e-17 -0.065
v -0.009 -0.0036545 -0.0646025
v -0.009 -0.0129568 -0.0369944
v -0.009 -0.0116909 -0.0356581
v -0.009 -0.010288 -0.0344664
v -0.009 -0.00876442 -0.0334334
v -0.009 -0.0036545 -0.0313975
v -0.009 -0.00183802 -0.0310997
v -0.009 0.0036545 -0.0313975
v -0.009 0.00183802 -0.0310997
v -0.009 0.00542813 -0.0318899
v -0.009 0.0116909 -0.0603419
v -0.009 0.00713811 -0.0634288
v -0.009 0.00542813 -0.0641101
v -0.009 0.0036545 -0.0646025
v -0.009 0.00183802 -0.0649003
v -0.009 -0.00542813 -0.0641101
v -0.009 -0.00713811 -0.0634288
v -0.009 -0.00876442 -0.0625666
v -0.009 -0.00713811 -0.0325712
v -0.009 -0.00542813 -0.0318899
v -0.009 -2.42861e-17 -0.031
v -0.009 0.00713811 -0.0325712
v -0.009 0.00876442 -0.0334334
v -0.01 -2.42861e-17 -0.031
v -0.01 0.00183802 -0.0310997
v -0.01 0.0036545 -0.0313975
v -0.01 0.00542813 -0.0318899
v -0.01 0.00713811 -0.0325712
v -0.01 0.00876442 -0.0334334
v -0.01 0.010288 -0.0344664
v -0.01 0.0116909 -0.0356581
v -0.01 0.0129568 -0.0369944
v -0.01 0.0140707 -0.0384598
v -0.01 0.0150197 -0.0400371
v -0.01 0.0157926 -0.0417077
v -0.01 0.0163803 -0.043452
v -0.01 0.0167761 -0.0452497
v -0.01 0.0169502 -0.048919
v -0.01 0.017 -0.048
v -0.01 0.0167514 -0.0507463
v -0.01 0.0169003 -0.049838
v -0.01 0.0166025 -0.0516545
v -0.01 0.0163563 -0.0525413
v -0.01 0.0161101 -0.0534281
v -0.01 0.0157694 -0.0542831
v -0.01 0.0154288 -0.0551381
v -0.01 0.0149977 -0.0559513
v -0.01 0.0145666 -0.0567644
v -0.01 0.0140501 -0.0575262
v -0.01 0.0135336 -0.058288
v -0.01 0.0129378 -0.0589894
v -0.01 0.0116737 -0.0603238
v -0.01 0.0123419 -0.0596909
v -0.01 0.0110056 -0.0609568
v -0.01 0.0102729 -0.0615137
v -0.01 0.00954018 -0.0620707
v -0.01 0.00875156 -0.0625452
v -0.01 0.00712765 -0.0634062
v -0.01 0.00796294 -0.0630197
v -0.01 0.00629235 -0.0637926
v -0.01 0.00542017 -0.0640865
v -0.01 0.00454798 -0.0643803
v -0.01 0.00364914 -0.0645782
v -0.01 0.00275029 -0.0647761
v -0.01 0.00183533 -0.0648756
v -0.01 0.000920361 -0.0649751
v -0.01 -2.22261e-17 -0.0649751
v -0.01 -0.000920361 -0.0649751
v -0.01 -0.00183533 -0.0648756
v -0.01 -0.00275029 -0.0647761
v -0.01 -0.00364914 -0.0645782
v -0.01 -0.00454798 -0.0643803
v -0.01 -0.00542017 -0.0640865
v -0.01 -0.00629235 -0.0637926
v -0.01 -0.00712765 -0.0634062
v -0.01 -0.00796294 -0.0630197
v -0.01 -0.00875156 -0.0625452
v -0.01 -0.00954018 -0.0620707
v -0.01 -0.0102729 -0.0615137
v -0.01 -0.0110056 -0.0609568
v -0.01 -0.0116737 -0.0603238
v -0.01 -0.0123419 -0.0596909
v -0.01 -0.0129378 -0.0589894
v -0.01 -0.0135336 -0.058288
v -0.01 -0.0140501 -0.0575262
v -0.01 -0.0145666 -0.0567644
v -0.01 -0.0149977 -0.0559513
v -0.01 -0.0157694 -0.0542831
v -0.01 -0.0154288 -0.0551381
v -0.01 -0.0163563 -0.0525413
v -0.01 -0.0161101 -0.0534281
v -0.01 -0.0167514 -0.0507463
v -0.01 -0.0166025 -0.0516545
v -0.01 -0.0169502 -0.048919
v -0.01 -0.0169003 -0.049838
v -0.01 -0.017 -0.048
v -0.01 -0.0169751 -0.0470796
v -0.01 -0.0167761 -0.0452497
v -0.01 -0.0163803 -0.043452
v -0.01 -0.0157926 -0.0417077
v -0.01 -0.0150197 -0.0400371
v -0.01 -0.0140707 -0.0384598
v -0.01 -0.0129568 -0.0369944
v -0.01 -0.0116909 -0.0356581
v -0.01 -0.010288 -0.0344664
v -0.01 -0.00876442 -0.0334334
v -0.01 -0.00713811 -0.0325712
v -0.01 -0.00542813 -0.0318899
v -0.01 -0.0036545 -0.0313975
v -0.01 -0.00183802 -0.0310997
v -0.01 0.0169751 -0.0470796
v -0.011 0.0178945 -0.0499461
v -0.011 0.018 -0.048
v -0.011 0.0175792 -0.0518695
v -0.011 0.0170578 -0.0537474
v -0.011 0.0163364 -0.055558
v -0.011 0.0154234 -0.05728
v -0.011 0.0143297 -0.0588931
v -0.011 0.0130679 -0.0603786
v -0.011 0.011653 -0.0617189
v -0.011 0.0101014 -0.0628984
v -0.011 0.00843135 -0.0639032
v -0.011 0.00666249 -0.0647216
v -0.011 0.00481551 -0.0653439
v -0.011 0.00291208 -0.0657629
v -0.011 0.0009745 -0.0659736
v -0.011 -0.0009745 -0.0659736
v -0.011 -0.00291208 -0.0657629
v -0.011 -0.00481551 -0.0653439
v -0.011 -0.00666249 -0.0647216
v -0.011 -0.00843135 -0.0639032
v -0.011 -0.0101014 -0.0628984
v -0.011 -0.011653 -0.0617189
v -0.011 -0.0130679 -0.0603786
v -0.011 -0.0143297 -0.0588931
v -0.011 -0.0154234 -0.05728
v -0.011 -0.0163364 -0.055558
v -0.011 -0.0170578 -0.0537474
v -0.011 -0.0175792 -0.0518695
v -0.011 -0.0178945 -0.0499461
v -0.011 -0.018 -0.048
v -0.01 -0.017 -0.0402616
v -0.011 -0.018 -0.0402616
v -0.015 0.018 -0.048
v -0.015 0.0178945 -0.0499461
v -0.015 0.0175792 -0.0518695
v -0.015 0.0170578 -0.0537474
v -0.015 0.0163364 -0.055558
v -0.015 0.0154234 -0.05728
v -0.015 0.0143297 -0.0588931
v -0.015 0.0130679 -0.0603786
v -0.015 0.011653 -0.0617189
v -0.015 0.0101014 -0.0628984
v -0.015 0.00843135 -0.0639032
v -0.015 0.00666249 -0.0647216
v -0.015 0.00481551 -0.0653439
v -0.015 0.00291208 -0.0657629
v -0.015 0.0009745 -0.0659736
v -0.015 -0.0009745 -0.0659736
v -0.015 -0.00291208 -0.0657629
v -0.015 -0.00481551 -0.0653439
v -0.015 -0.00666249 -0.0647216
v -0.015 -0.00843135 -0.0639032
v -0.015 -0.0101014 -0.0628984
v -0.015 -0.011653 -0.0617189
v -0.015 -0.0130679 -0.0603786
v -0.015 -0.0143297 -0.0588931
v -0.015 -0.0154234 -0.05728
v -0.015 -0.0163364 -0.055558
v -0.015 -0.0170578 -0.0537474
v -0.015 -0.0175792 -0.0518695
v -0.015 -0.0178945 -0.0499461
v -0.015 -0.018 -0.048
v -0.011 0.018 -0.0402616
v -0.01 0.017 -0.0402616
v -0.015 0.018 -0.0402616
v -0.011 0.0164527 -0.0349183
v -0.01 0.0156075 -0.0354526
v -0.01 0.0160251 -0.0361875
v -0.011 0.0169167 -0.0357349
v -0.01 0.0163719 -0.0369584
v -0.011 0.0173021 -0.0365913
v -0.01 0.0166449 -0.0377584
v -0.011 0.0176054 -0.0374802
v -0.01 0.0168416 -0.0385804
v -0.011 0.017824 -0.0383936
v -0.01 0.0169603 -0.0394173
v -0.011 0.0179559 -0.0393235
v -0.015 0.0164527 -0.0349183
v -0.015 0.0169167 -0.0357349
v -0.015 0.0173021 -0.0365913
v -0.015 0.0176054 -0.0374802
v -0.015 0.017824 -0.0383936
v -0.015 0.0179559 -0.0393235
v -0.01 0.0163218 -0.0292221
v -0.01 0.0159704 -0.0296071
v -0.011 0.0167431 -0.0302418
v -0.01 0.015661 -0.0300265
v -0.011 0.0164955 -0.0305774
v -0.01 0.0153969 -0.0304758
v -0.011 0.0162843 -0.0309369
v -0.01 0.015181 -0.0309502
v -0.011 0.0161116 -0.0313164
v -0.01 0.0150157 -0.0314445
v -0.011 0.0159794 -0.0317118
v -0.01 0.0149028 -0.0319533
v -0.011 0.015889 -0.0321189
v -0.01 0.0148434 -0.0324712
v -0.011 0.0158415 -0.0325331
v -0.01 0.0148383 -0.0329923
v -0.011 0.0158374 -0.0329501
v -0.01 0.0148874 -0.0335112
v -0.011 0.0158767 -0.0333652
v -0.01 0.0149903 -0.0340221
v -0.011 0.015959 -0.0337739
v -0.01 0.0151459 -0.0345196
v -0.011 0.0160834 -0.0341719
v -0.01 0.0153523 -0.0349982
v -0.011 0.0162486 -0.0345547
v -0.011 0.0170242 -0.0299339
v -0.016 0.017 -0.048
v -0.016 0.017 -0.0402616
v -0.016 0.0169603 -0.0394173
v -0.016 0.0168416 -0.0385804
v -0.016 0.0166449 -0.0377584
v -0.016 0.0163719 -0.0369584
v -0.016 0.0160251 -0.0361875
v -0.016 0.0156075 -0.0354526
v -0.015 0.0167431 -0.0302418
v -0.015 0.0170242 -0.0299339
v -0.015 0.0164955 -0.0305774
v -0.015 0.0162843 -0.0309369
v -0.015 0.0161116 -0.0313164
v -0.015 0.0159794 -0.0317118
v -0.015 0.015889 -0.0321189
v -0.015 0.0158415 -0.0325331
v -0.015 0.0158374 -0.0329501
v -0.015 0.0158767 -0.0333652
v -0.015 0.015959 -0.0337739
v -0.015 0.0160834 -0.0341719
v -0.015 0.0162486 -0.0345547
v -0.011 0.02 -0.0228162
v -0.01 0.019 -0.0228162
v -0.01 0.0189559 -0.0237058
v -0.011 0.019951 -0.0238046
v -0.01 0.0188242 -0.0245866
v -0.011 0.0198046 -0.0247834
v -0.01 0.018606 -0.0254501
v -0.011 0.0195622 -0.0257428
v -0.01 0.0183035 -0.0262879
v -0.011 0.0192261 -0.0266736
v -0.01 0.0179197 -0.0270916
v -0.011 0.0187997 -0.0275666
v -0.01 0.0174583 -0.0278534
v -0.011 0.018287 -0.0284131
v -0.01 0.016924 -0.0285659
v -0.011 0.0176933 -0.0292048
v -0.016 0.0153523 -0.0349982
v -0.016 0.0151459 -0.0345196
v -0.016 0.0149903 -0.0340221
v -0.016 0.0148874 -0.0335112
v -0.016 0.0148383 -0.0329923
v -0.016 0.0148434 -0.0324712
v -0.016 0.0149028 -0.0319533
v -0.016 0.0150157 -0.0314445
v -0.016 0.015181 -0.0309502
v -0.016 0.0153969 -0.0304758
v -0.016 0.015661 -0.0300265
v -0.016 0.0159704 -0.0296071
v -0.016 0.0163218 -0.0292221
v -0.015 0.02 -0.0228162
v -0.015 0.019951 -0.0238046
v -0.015 0.0198046 -0.0247834
v -0.015 0.0195622 -0.0257428
v -0.015 0.0192261 -0.0266736
v -0.015 0.0187997 -0.0275666
v -0.015 0.018287 -0.0284131
v -0.015 0.0176933 -0.0292048
v -0.011 0.02 -0.016
v -0.01 0.019 -0.016
v -0.016 0.016924 -0.0285659
v -0.016 0.0174583 -0.0278534
v -0.016 0.0179197 -0.0270916
v -0.016 0.0183035 -0.0262879
v -0.016 0.018606 -0.0254501
v -0.016 0.0188242 -0.0245866
v -0.016 0.0189559 -0.0237058
v -0.016 0.019 -0.0228162
v -0.015 0.02 -0.006
v -0.016 0.019 -0.006
v -0.016 -0.017 -0.048
v -0.016 -0.0169003 -0.049838
v -0.016 -0.0166025 -0.0516545
v -0.016 -0.0161101 -0.0534281
v -0.016 -0.0154288 -0.0551381
v -0.016 -0.0145666 -0.0567644
v -0.016 -0.0135336 -0.058288
v -0.016 -0.0123419 -0.0596909
v -0.016 -0.0110056 -0.0609568
v -0.016 -0.00954018 -0.0620707
v -0.016 -0.00796294 -0.0630197
v -0.016 -0.00629235 -0.0637926
v -0.016 -0.00454798 -0.0643803
v -0.016 -0.00275029 -0.0647761
v -0.016 -0.000920361 -0.0649751
v -0.016 0.000920361 -0.0649751
v -0.016 0.00275029 -0.0647761
v -0.016 0.00454798 -0.0643803
v -0.016 0.00629235 -0.0637926
v -0.016 0.00796294 -0.0630197
v -0.016 0.00954018 -0.0620707
v -0.016 0.0110056 -0.0609568
v -0.016 0.0123419 -0.0596909
v -0.016 0.0135336 -0.058288
v -0.016 0.0145666 -0.0567644
v -0.016 0.0154288 -0.0551381
v -0.016 0.0161101 -0.0534281
v -0.016 0.0166025 -0.0516545
v -0.016 0.0169003 -0.049838
v -0.015 -0.018 -0.0402616
v -0.01 -0.0169603 -0.0394173
v -0.011 -0.0179559 -0.0393235
v -0.01 -0.0168416 -0.0385804
v -0.011 -0.017824 -0.0383936
v -0.01 -0.0166449 -0.0377584
v -0.011 -0.0176054 -0.0374802
v -0.01 -0.0163719 -0.0369584
v -0.011 -0.0173021 -0.0365913
v -0.01 -0.0160251 -0.0361875
v -0.011 -0.0169167 -0.0357349
v -0.01 -0.0156075 -0.0354526
v -0.011 -0.0164527 -0.0349183
v -0.016 -0.017 -0.0402616
v -0.015 -0.0179559 -0.0393235
v -0.015 -0.017824 -0.0383936
v -0.015 -0.0176054 -0.0374802
v -0.015 -0.0173021 -0.0365913
v -0.015 -0.0169167 -0.0357349
v -0.015 -0.0164527 -0.0349183
v -0.01 -0.0153523 -0.0349982
v -0.011 -0.0162486 -0.0345547
v -0.01 -0.0151459 -0.0345196
v -0.011 -0.0160834 -0.0341719
v -0.01 -0.0149903 -0.0340221
v -0.011 -0.015959 -0.0337739
v -0.01 -0.0148874 -0.0335112
v -0.011 -0.0158767 -0.0333652
v -0.01 -0.0148383 -0.0329923
v -0.011 -0.0158374 -0.0329501
v -0.01 -0.0148434 -0.0324712
v -0.011 -0.0158415 -0.0325331
v -0.01 -0.0149028 -0.0319533
v -0.011 -0.015889 -0.0321189
v -0.01 -0.0150157 -0.0314445
v -0.011 -0.0159794 -0.0317118
v -0.01 -0.015181 -0.0309502
v -0.011 -0.0161116 -0.0313164
v -0.01 -0.0153969 -0.0304758
v -0.011 -0.0162843 -0.0309369
v -0.01 -0.015661 -0.0300265
v -0.011 -0.0164955 -0.0305774
v -0.01 -0.0159704 -0.0296071
v -0.011 -0.0167431 -0.0302418
v -0.01 -0.0163218 -0.0292221
v -0.011 -0.0170242 -0.0299339
v -0.016 -0.0156075 -0.0354526
v -0.016 -0.0160251 -0.0361875
v -0.016 -0.0163719 -0.0369584
v -0.016 -0.0166449 -0.0377584
v -0.016 -0.0168416 -0.0385804
v -0.016 -0.0169603 -0.0394173
v -0.015 -0.0162486 -0.0345547
v -0.015 -0.0160834 -0.0341719
v -0.015 -0.015959 -0.0337739
v -0.015 -0.0158767 -0.0333652
v -0.015 -0.0158374 -0.0329501
v -0.015 -0.0158415 -0.0325331
v -0.015 -0.015889 -0.0321189
v -0.015 -0.0159794 -0.0317118
v -0.015 -0.0161116 -0.0313164
v -0.015 -0.0162843 -0.0309369
v -0.015 -0.0164955 -0.0305774
v -0.015 -0.0167431 -0.0302418
v -0.015 -0.0170242 -0.0299339
v -0.01 -0.016924 -0.0285659
v -0.011 -0.0176933 -0.0292048
v -0.01 -0.0174583 -0.0278534
v -0.011 -0.018287 -0.0284131
v -0.01 -0.0179197 -0.0270916
v -0.011 -0.0187997 -0.0275666
v -0.01 -0.0183035 -0.0262879
v -0.011 -0.0192261 -0.0266736
v -0.01 -0.018606 -0.0254501
v -0.011 -0.0195622 -0.0257428
v -0.01 -0.0188242 -0.0245866
v -0.011 -0.0198046 -0.0247834
v -0.01 -0.0189559 -0.0237058
v -0.011 -0.019951 -0.0238046
v -0.01 -0.019 -0.0228162
v -0.011 -0.02 -0.0228162
v -0.016 -0.0163218 -0.0292221
v -0.016 -0.0159704 -0.0296071
v -0.016 -0.015661 -0.0300265
v -0.016 -0.0153969 -0.0304758
v -0.016 -0.015181 -0.0309502
v -0.016 -0.0150157 -0.0314445
v -0.016 -0.0149028 -0.0319533
v -0.016 -0.0148434 -0.0324712
v -0.016 -0.0148383 -0.0329923
v -0.016 -0.0148874 -0.0335112
v -0.016 -0.0149903 -0.0340221
v -0.016 -0.0151459 -0.0345196
v -0.016 -0.0153523 -0.0349982
v -0.015 -0.0176933 -0.0292048
v -0.015 -0.018287 -0.0284131
v -0.015 -0.0187997 -0.0275666
v -0.015 -0.0192261 -0.0266736
v -0.015 -0.0195622 -0.0257428
v -0.015 -0.0198046 -0.0247834
v -0.015 -0.019951 -0.0238046
v -0.015 -0.02 -0.0228162
v -0.011 -0.02 -0.016
v -0.01 -0.019 -0.016
v -0.016 -0.019 -0.0228162
v -0.016 -0.0189559 -0.0237058
v -0.016 -0.0188242 -0.0245866
v -0.016 -0.018606 -0.0254501
v -0.016 -0.0183035 -0.0262879
v -0.016 -0.0179197 -0.0270916
v -0.016 -0.0174583 -0.0278534
v -0.016 -0.016924 -0.0285659
v -0.015 -0.02 -0.006
v -0.016 -0.019 -0.006
v -0.0102219 0.02 -0.0123394
v -0.0105595 0.02 -0.0132188
v -0.00928115 0.02 -0.0107099
v -0.00979423 0.02 -0.0115
v -0.00566063 0.02 -0.00777809
v -0.0065 0.02 -0.00820577
v -0.00729007 0.02 -0.00871885
v -0.00802218 0.02 -0.0093117
v -0.00478115 0.02 -0.00744049
v -0.0109507 0.02 -0.0150592
v -0.0108033 0.02 -0.0141288
v 1.04083e-17 0.02 -0.006
v -0.00294076 0.02 -0.0070493
v 1.04083e-17 0.02 -0.007
v -0.002 0.02 -0.007
v -0.0086883 0.02 -0.00997782
v -0.00387121 0.02 -0.00719667
v 0.00638603 -0.0189531 -0.006
v 0.00636089 -0.016303 -0.006
v 0.00454994 -0.0168982 -0.006
v 0.00839778 -0.0181515 -0.006
v 0.00809637 -0.0155145 -0.006
v 0.0199707 -0.00108278 -0.006
v 0.0175 2.25056e-17 -0.006
v 0.0173962 -0.0019034 -0.006
v 0.0103111 -0.0171371 -0.006
v 0.00973578 -0.0145418 -0.006
v 0.0121035 -0.0159219 -0.006
v 0.0112597 -0.0133966 -0.006
v 0.013754 -0.0145199 -0.006
v 0.01265 -0.0120925 -0.006
v 0.0152432 -0.0129477 -0.006
v 0.0138902 -0.0106449 -0.006
v 0.0165538 -0.0112237 -0.006
v 0.0149656 -0.00907093 -0.006
v 0.019271 -0.00535057 -0.006
v 0.0170859 -0.00378422 -0.006
v 0.016573 -0.00562014 -0.006
v 0.0197365 -0.00323564 -0.006
v 0.0199707 0.00108278 -0.006
v 0.0197365 0.00323564 -0.006
v 0.0173962 0.0019034 -0.006
v 0.0176702 -0.00936817 -0.006
v 0.0158634 -0.00738937 -0.006
v -0.0100084 0.0143555 -0.006
v -0.0115105 -0.0131818 -0.006
v -0.0128759 -0.0118516 -0.006
v 1.04083e-17 -0.02 -0.006
v -0.00301083 -0.0172391 -0.006
v 0.0185795 -0.00740276 -0.006
v 0.0103111 0.0171371 -0.006
v 0.00839778 0.0181515 -0.006
v 0.00809637 0.0155145 -0.006
v 0.00638603 0.0189531 -0.006
v 0.00636089 0.016303 -0.006
v 0.00429941 0.0195324 -0.006
v 0.00454994 0.0168982 -0.006
v 0.00216238 0.0198828 -0.006
v 0.002685 0.0172928 -0.006
v -0.0115105 0.0131818 -0.006
v -0.0140886 -0.0103809 -0.006
v -0.0100084 -0.0143555 -0.006
v -0.00666739 -0.0161801 -0.006
v -0.00838767 -0.0153589 -0.006
v -0.00111794 -0.0174643 -0.006
v 0.00216238 -0.0198828 -0.006
v 0.002685 -0.0172928 -0.006
v 0.000788203 -0.0174822 -0.006
v 0.00429941 -0.0195324 -0.006
v 0.000788203 0.0174822 -0.006
v -0.0128759 0.0118516 -0.006
v -0.0151341 -0.00878692 -0.006
v 0.019271 0.00535057 -0.006
v 0.0170859 0.00378422 -0.006
v 0.0185795 0.00740276 -0.006
v 0.016573 0.00562014 -0.006
v 0.0152432 0.0129477 -0.006
v 0.013754 0.0145199 -0.006
v 0.01265 0.0120925 -0.006
v 0.0121035 0.0159219 -0.006
v 0.0112597 0.0133966 -0.006
v -0.00111794 0.0174643 -0.006
v -0.00486799 0.0168093 -0.006
v -0.00301083 0.0172391 -0.006
v -0.0140886 0.0103809 -0.006
v -0.00486799 -0.0168093 -0.006
v 0.0176702 0.00936817 -0.006
v 0.0165538 0.0112237 -0.006
v 0.0149656 0.00907093 -0.006
v 0.0138902 0.0106449 -0.006
v 0.00973578 0.0145418 -0.006
v -0.00838767 0.0153589 -0.006
v -0.00666739 0.0161801 -0.006
v -0.0151341 0.00878692 -0.006
v 0.0158634 0.00738937 -0.006
v -0.016 0.00708872 -0.006
v -0.016 -0.00708872 -0.006
v -0.00729007 -0.02 -0.00871885
v -0.0065 -0.02 -0.00820577
v -0.00979423 -0.02 -0.0115
v -0.00928115 -0.02 -0.0107099
v -0.00566063 -0.02 -0.00777809
v -0.0086883 -0.02 -0.00997782
v -0.00802218 -0.02 -0.0093117
v -0.0102219 -0.02 -0.0123394
v -0.00387121 -0.02 -0.00719667
v -0.00294076 -0.02 -0.0070493
v -0.0105595 -0.02 -0.0132188
v -0.002 -0.02 -0.007
v -0.00478115 -0.02 -0.00744049
v -0.0109507 -0.02 -0.0150592
v -0.0108033 -0.02 -0.0141288
v 1.04083e-17 -0.02 -0.007
v 0.00216238 0.0198828 -0.007
v 0.00429941 0.0195324 -0.007
v 0.00638603 0.0189531 -0.007
v 0.00839778 0.0181515 -0.007
v 0.0103111 0.0171371 -0.007
v 0.0121035 0.0159219 -0.007
v 0.013754 0.0145199 -0.007
v 0.0152432 0.0129477 -0.007
v 0.0165538 0.0112237 -0.007
v 0.0176702 0.00936817 -0.007
v 0.0185795 0.00740276 -0.007
v 0.019271 0.00535057 -0.007
v 0.0197365 0.00323564 -0.007
v 0.0199707 0.00108278 -0.007
v 0.0199707 -0.00108278 -0.007
v 0.0197365 -0.00323564 -0.007
v 0.019271 -0.00535057 -0.007
v 0.0185795 -0.00740276 -0.007
v 0.0176702 -0.00936817 -0.007
v 0.0165538 -0.0112237 -0.007
v 0.0152432 -0.0129477 -0.007
v 0.013754 -0.0145199 -0.007
v 0.0121035 -0.0159219 -0.007
v 0.0103111 -0.0171371 -0.007
v 0.00839778 -0.0181515 -0.007
v 0.00638603 -0.0189531 -0.007
v 0.00429941 -0.0195324 -0.007
v 0.00216238 -0.0198828 -0.007
v -0.00283623 -0.019 -0.00804382
v -0.00366329 -0.019 -0.00817482
v -0.00447214 -0.019 -0.00839155
v -0.00525389 -0.019 -0.00869164
v -0.006 -0.019 -0.0090718
v -0.00670228 -0.019 -0.00952786
v -0.00735304 -0.019 -0.0100548
v -0.00794516 -0.019 -0.010647
v -0.00847214 -0.019 -0.0112977
v -0.0089282 -0.019 -0.012
v -0.00930836 -0.019 -0.0127461
v -0.00960845 -0.019 -0.0135279
v -0.00982518 -0.019 -0.0143367
v -0.00995618 -0.019 -0.0151638
v -0.002 -0.019 -0.008
v 1.04083e-17 -0.019 -0.008
v 0.00205426 -0.0188886 -0.008
v 0.00408444 -0.0185558 -0.008
v 0.00606673 -0.0180054 -0.008
v 0.00797789 -0.0172439 -0.008
v 0.00979552 -0.0162803 -0.008
v 0.0114983 -0.0151258 -0.008
v 0.0130663 -0.0137939 -0.008
v 0.0144811 -0.0123003 -0.008
v 0.0157261 -0.0106626 -0.008
v 0.0167867 -0.00889976 -0.008
v 0.0176506 -0.00703262 -0.008
v 0.0183074 -0.00508304 -0.008
v 0.0187497 -0.00307386 -0.008
v 0.0189721 -0.00102864 -0.008
v 0.0189721 0.00102864 -0.008
v 0.0187497 0.00307386 -0.008
v 0.0183074 0.00508304 -0.008
v 0.0176506 0.00703262 -0.008
v 0.0167867 0.00889976 -0.008
v 0.0157261 0.0106626 -0.008
v 0.0144811 0.0123003 -0.008
v 0.0130663 0.0137939 -0.008
v 0.0114983 0.0151258 -0.008
v 0.00979552 0.0162803 -0.008
v 0.00797789 0.0172439 -0.008
v 0.00606673 0.0180054 -0.008
v 0.00408444 0.0185558 -0.008
v 0.00205426 0.0188886 -0.008
v 1.04083e-17 0.019 -0.008
v -0.002 0.019 -0.008
v -0.00995618 0.019 -0.0151638
v -0.00982518 0.019 -0.0143367
v -0.00960845 0.019 -0.0135279
v -0.00930836 0.019 -0.0127461
v -0.0089282 0.019 -0.012
v -0.00847214 0.019 -0.0112977
v -0.00794516 0.019 -0.010647
v -0.00735304 0.019 -0.0100548
v -0.00670228 0.019 -0.00952786
v -0.006 0.019 -0.0090718
v -0.00525389 0.019 -0.00869164
v -0.00447214 0.019 -0.00839155
v -0.00366329 0.019 -0.00817482
v -0.00283623 0.019 -0.00804382
v -0.016 0.00708872 8.47033e-22
v -0.0151341 0.00878692 -6.87698e-19
v -0.0140886 0.0103809 -7.56824e-19
v -0.0128759 0.0118516 -8.20609e-19
v -0.0115105 0.0131818 -8.78295e-19
v -0.0100084 0.0143555 -9.29198e-19
v -0.00838767 0.0153589 -9.72714e-19
v -0.00666739 0.0161801 -1.00833e-18
v -0.00486799 0.0168093 -1.03561e-18
v -0.00301083 0.0172391 -1.05425e-18
v -0.00111794 0.0174643 -1.06402e-18
v 0.000788203 0.0174822 -1.0648e-18
v 0.002685 0.0172928 -1.05658e-18
v 0.00454994 0.0168982 -1.03947e-18
v 0.00636089 0.016303 -1.01366e-18
v 0.00809637 0.0155145 -9.79459e-19
v 0.00973578 0.0145418 -9.37277e-19
v 0.0112597 0.0133966 -8.87612e-19
v 0.01265 0.0120925 -8.31054e-19
v 0.0138902 0.0106449 -7.68273e-19
v 0.0149656 0.00907093 -7.00015e-19
v 0.0158634 0.00738937 -6.27089e-19
v 0.016573 0.00562014 -5.50361e-19
v 0.0170859 0.00378422 -4.7074e-19
v 0.0173962 0.0019034 -3.89173e-19
v 0.0175 2.27658e-17 -3.06626e-19
v 0.0173962 -0.0019034 -2.24079e-19
v 0.0170859 -0.00378422 -1.42511e-19
v 0.016573 -0.00562014 -6.28912e-20
v 0.0158634 -0.00738937 1.38371e-20
v 0.0149656 -0.00907093 8.6763e-20
v 0.0138902 -0.0106449 1.55021e-19
v 0.01265 -0.0120925 2.17802e-19
v 0.0112597 -0.0133966 2.7436e-19
v 0.00973578 -0.0145418 3.24025e-19
v 0.00809637 -0.0155145 3.66207e-19
v 0.00636089 -0.016303 4.00406e-19
v 0.00454994 -0.0168982 4.26215e-19
v 0.002685 -0.0172928 4.4333e-19
v 0.000788203 -0.0174822 4.51545e-19
v -0.00111794 -0.0174643 4.50765e-19
v -0.00301083 -0.0172391 4.40999e-19
v -0.00486799 -0.0168093 4.22361e-19
v -0.00666739 -0.0161801 3.95075e-19
v -0.00838767 -0.0153589 3.59462e-19
v -0.0100084 -0.0143555 3.15946e-19
v -0.0115105 -0.0131818 2.65043e-19
v -0.0128759 -0.0118516 2.07357e-19
v -0.0140886 -0.0103809 1.43572e-19
v -0.0151341 -0.00878692 7.44461e-20
v -0.016 -0.00708872 8.47033e-22
v -0.002 -0.007375 -0.008
v -0.002 0.007375 -0.008
v -0.016 0.007375 -0.008
v -0.016 -0.007375 -0.008
v -0.01 -0.009 -0.016
v -0.00995618 -0.009 -0.0151638
v -0.00982518 -0.009 -0.0143367
v -0.00960845 -0.009 -0.0135279
v -0.00930836 -0.009 -0.0127461
v -0.0089282 -0.009 -0.012
v -0.00847214 -0.009 -0.0112977
v -0.00794516 -0.009 -0.010647
v -0.00735304 -0.009 -0.0100548
v -0.00683315 -0.009 -0.009625
v -0.0063468 -0.00895903 -0.00928843
v -0.00608572 -0.00891891 -0.00912325
v -0.00649427 -0.00898169 -0.00938172
v -0.00605559 -0.00891428 -0.00910419
v -0.00670077 -0.00899285 -0.00952997
v -0.00659698 -0.00898724 -0.00945546
v -0.00556791 -0.00879764 -0.00883969
v -0.00551078 -0.00878 -0.00881401
v -0.00599906 -0.00890076 -0.00907353
v -0.005802 -0.00885363 -0.00896665
v -0.00488011 -0.00857898 -0.00854133
v -0.00454437 -0.00845573 -0.00842445
v -0.00498672 -0.00861812 -0.00857844
v -0.00525131 -0.00869985 -0.00869738
v -0.00519921 -0.00868376 -0.00867396
v -0.0042052 -0.00832852 -0.00831296
v -0.00384902 -0.00818234 -0.00822648
v -0.00426767 -0.00835415 -0.00832812
v -0.00446973 -0.00842833 -0.00839847
v -0.00337465 -0.00798537 -0.00811899
v -0.00312293 -0.0078745 -0.00808877
v -0.00350273 -0.00804024 -0.00814241
v -0.00349265 -0.00803592 -0.00814056
v -0.0036618 -0.00810551 -0.00818102
v -0.00252978 -0.00761325 -0.00801756
v -0.00237704 -0.00754457 -0.00801234
v -0.00201631 -0.00738235 -0.00800002
v -0.00283499 -0.00774768 -0.0080542
v -0.00275093 -0.00771066 -0.00804411
v -0.016 -0.00754486 -0.0080089
v -0.016 -0.00771286 -0.00803551
v -0.016 -0.00787715 -0.00807953
v -0.016 -0.0081875 -0.00821771
v -0.016 -0.00803595 -0.00814049
v -0.016 -0.00846234 -0.00841739
v -0.016 -0.00833015 -0.00831035
v -0.016 -0.00858261 -0.00853766
v -0.016 -0.00868965 -0.00866985
v -0.016 -0.00878229 -0.0088125
v -0.016 -0.00885951 -0.00896405
v -0.016 -0.00892047 -0.00912285
v -0.016 -0.00896449 -0.00928714
v -0.016 -0.0089911 -0.00945514
v -0.016 -0.009 -0.009625
v -0.00237613 0.00754357 -0.00801984
v -0.0027523 0.00771211 -0.00804057
v -0.00201631 0.00738235 -0.00800002
v -0.00349078 0.00803385 -0.00814463
v -0.00366163 0.00810517 -0.00818236
v -0.00337465 0.00798537 -0.00811899
v -0.00283615 0.00774968 -0.00804519
v -0.0028628 0.00776162 -0.00804666
v -0.00312409 0.00787584 -0.00808358
v -0.00420376 0.00832696 -0.00831436
v -0.00447011 0.00842901 -0.008398
v -0.004072 0.00827648 -0.00827298
v -0.00385057 0.00818405 -0.00822408
v -0.00520129 0.00868602 -0.00867274
v -0.00525301 0.00870336 -0.00869381
v -0.00487918 0.00857801 -0.00854154
v -0.00471761 0.00852383 -0.00847573
v -0.00454679 0.00845839 -0.00842209
v -0.00599344 0.00890156 -0.00906801
v -0.00599989 0.00890268 -0.00907198
v -0.00556791 0.00879764 -0.00883969
v -0.00580337 0.00885515 -0.00896603
v -0.00531312 0.00872352 -0.00871829
v -0.00551199 0.00878138 -0.00881305
v -0.00659679 0.00898699 -0.00945564
v -0.00670193 0.00899612 -0.00952837
v -0.00637692 0.00896789 -0.00930354
v -0.00608424 0.00891727 -0.00912378
v -0.00635071 0.00896335 -0.00928744
v -0.00672253 0.00899791 -0.00954262
v -0.00683315 0.009 -0.009625
v -0.00735304 0.009 -0.0100548
v -0.00794516 0.009 -0.010647
v -0.00847214 0.009 -0.0112977
v -0.0089282 0.009 -0.012
v -0.00930836 0.009 -0.0127461
v -0.00960845 0.009 -0.0135279
v -0.00982518 0.009 -0.0143367
v -0.00995618 0.009 -0.0151638
v -0.01 0.009 -0.016
v -0.016 0.0089911 -0.00945514
v -0.016 0.009 -0.009625
v -0.016 0.00896449 -0.00928714
v -0.016 0.00892047 -0.00912285
v -0.016 0.00885951 -0.00896405
v -0.016 0.00878229 -0.0088125
v -0.016 0.00868965 -0.00866985
v -0.016 0.00858261 -0.00853766
v -0.016 0.00846234 -0.00841739
v -0.016 0.00833015 -0.00831035
v -0.016 0.0081875 -0.00821771
v -0.016 0.00803595 -0.00814049
v -0.016 0.00787715 -0.00807953
v -0.016 0.00771286 -0.00803551
v -0.016 0.00754486 -0.0080089
v -0.016 -0.009 -0.024375
v -0.01 -0.009 -0.024375
v -0.016 0.009 -0.024375
v -0.01 0.009 -0.024375
v -0.01 0.00868965 -0.0253302
v -0.01 0.00858261 -0.0254623
v -0.01 0.00878229 -0.0251875
v -0.01 -0.00892047 -0.0248772
v -0.01 -0.00896449 -0.0247129
v -0.01 -0.00868965 -0.0253302
v -0.01 -0.00878229 -0.0251875
v -0.01 0.0081875 -0.0257823
v -0.01 0.00803595 -0.0258595
v -0.01 0.00846234 -0.0255826
v -0.01 0.00833015 -0.0256897
v -0.01 0.00892047 -0.0248772
v -0.01 0.00885951 -0.0250359
v -0.01 0.0089911 -0.0245449
v -0.01 0.00896449 -0.0247129
v -0.01 -0.00885951 -0.0250359
v -0.01 -0.00846234 -0.0255826
v -0.01 -0.00858261 -0.0254623
v -0.01 -0.007375 -0.026
v -0.01 0.00787715 -0.0259205
v -0.01 -0.00833015 -0.0256897
v -0.01 -0.00771286 -0.0259645
v -0.01 -0.00787715 -0.0259205
v -0.01 -0.00754486 -0.0259911
v -0.01 0.00754486 -0.0259911
v -0.01 0.007375 -0.026
v -0.01 -0.0089911 -0.0245449
v -0.01 -0.00803595 -0.0258595
v -0.01 -0.0081875 -0.0257823
v -0.01 0.00771286 -0.0259645
v -0.016 0.00754486 -0.0259911
v -0.016 0.007375 -0.026
v -0.016 0.00771286 -0.0259645
v -0.016 0.00787715 -0.0259205
v -0.016 0.00803595 -0.0258595
v -0.016 0.0081875 -0.0257823
v -0.016 0.00833015 -0.0256897
v -0.016 0.00846234 -0.0255826
v -0.016 0.00858261 -0.0254623
v -0.016 0.00868965 -0.0253302
v -0.016 0.00878229 -0.0251875
v -0.016 0.00885951 -0.0250359
v -0.016 0.00892047 -0.0248772
v -0.016 0.00896449 -0.0247129
v -0.016 0.0089911 -0.0245449
v -0.016 -0.007375 -0.026
v -0.016 -0.0089911 -0.0245449
v -0.016 -0.00896449 -0.0247129
v -0.016 -0.00892047 -0.0248772
v -0.016 -0.00885951 -0.0250359
v -0.016 -0.00878229 -0.0251875
v -0.016 -0.00868965 -0.0253302
v -0.016 -0.00858261 -0.0254623
v -0.016 -0.00846234 -0.0255826
v -0.016 -0.00833015 -0.0256897
v -0.016 -0.0081875 -0.0257823
v -0.016 -0.00803595 -0.0258595
v -0.016 -0.00787715 -0.0259205
v -0.016 -0.00771286 -0.0259645
v -0.016 -0.00754486 -0.0259911
v -0.016 0.00398895 -0.039378
v -0.016 0.00574916 -0.0404371
v -0.016 0.00653314 -0.041103
v -0.016 -0.00653314 -0.041103
v -0.016 -0.00724054 -0.0418498
v -0.016 -0.00398895 -0.039378
v -0.016 0.00303336 -0.0389973
v -0.016 -0.00724054 -0.0541502
v -0.016 -0.00653314 -0.054897
v -0.016 -0.00786305 -0.0533313
v -0.016 -0.00937485 -0.0495369
v -0.016 -0.00915372 -0.0505415
v -0.016 -0.00948607 -0.0485143
v -0.016 -0.00574916 -0.0404371
v -0.016 0.00724054 -0.0418498
v -0.016 0.00786305 -0.0426687
v -0.016 -0.00839336 -0.0524499
v -0.016 -0.00882528 -0.0515163
v -0.016 -0.00948607 -0.0474857
v -0.016 -0.00915372 -0.0454585
v -0.016 -0.00937485 -0.0464631
v -0.016 0.00839336 -0.0435501
v -0.016 0.00937485 -0.0464631
v -0.016 0.00937485 -0.0495369
v -0.016 0.00948607 -0.0485143
v -0.016 0.00839336 -0.0524499
v -0.016 0.00882528 -0.0515163
v -0.016 0.00786305 -0.0533313
v -0.016 -0.00839336 -0.0435501
v -0.016 -0.00882528 -0.0444837
v -0.016 -0.00786305 -0.0426687
v -0.016 0.00489776 -0.0398599
v -0.016 0.00882528 -0.0444837
v -0.016 0.00915372 -0.0454585
v -0.016 0.00915372 -0.0505415
v -0.016 0.00489776 -0.0561401
v -0.016 0.00574916 -0.0555629
v -0.016 0.00398895 -0.056622
v -0.016 -0.00102713 -0.0574443
v -0.016 -3.15604e-17 -0.0575
v -0.016 -0.00204222 -0.0572779
v -0.016 -0.00303336 -0.0570027
v -0.016 -0.00398895 -0.056622
v -0.016 0.00204222 -0.0387221
v -0.016 0.00948607 -0.0474857
v -0.016 0.00724054 -0.0541502
v -0.016 0.00653314 -0.054897
v -0.016 0.00102713 -0.0574443
v -0.016 0.00204222 -0.0572779
v -0.016 -0.00574916 -0.0555629
v -0.016 -0.00489776 -0.0561401
v -0.016 -0.00489776 -0.0398599
v -0.016 0.00102713 -0.0385557
v -0.016 0.00303336 -0.0570027
v -0.016 -0.00204222 -0.0387221
v -0.016 -0.00303336 -0.0389973
v -0.016 -2.6613e-17 -0.0385
v -0.016 -0.00102713 -0.0385557
v -0.015 0.000919012 -0.0395498
v -0.015 0.00182725 -0.0396987
v -0.015 0.00271406 -0.0399449
v -0.015 0.00356906 -0.0402856
v -0.015 0.00438221 -0.0407167
v -0.015 0.00514398 -0.0412332
v -0.015 0.00584545 -0.041829
v -0.015 0.00647838 -0.0424972
v -0.015 0.00703536 -0.0432299
v -0.015 0.00750985 -0.0440185
v -0.015 0.0078963 -0.0448538
v -0.015 0.00819017 -0.045726
v -0.015 0.00838803 -0.0466249
v -0.015 0.00848753 -0.0475398
v -0.015 0.00848753 -0.0484602
v -0.015 0.00838803 -0.0493751
v -0.015 0.00819017 -0.050274
v -0.015 0.0078963 -0.0511462
v -0.015 0.00750985 -0.0519815
v -0.015 0.00703536 -0.0527701
v -0.015 0.00647838 -0.0535028
v -0.015 0.00584545 -0.054171
v -0.015 0.00514398 -0.0547668
v -0.015 0.00438221 -0.0552833
v -0.015 0.00356906 -0.0557144
v -0.015 0.00271406 -0.0560551
v -0.015 0.00182725 -0.0563013
v -0.015 0.000919012 -0.0564502
v -0.015 -3.07947e-17 -0.0565
v -0.015 -0.000919012 -0.0564502
v -0.015 -0.00182725 -0.0563013
v -0.015 -0.00271406 -0.0560551
v -0.015 -0.00356906 -0.0557144
v -0.015 -0.00438221 -0.0552833
v -0.015 -0.00514398 -0.0547668
v -0.015 -0.00584545 -0.054171
v -0.015 -0.00647838 -0.0535028
v -0.015 -0.00703536 -0.0527701
v -0.015 -0.00750985 -0.0519815
v -0.015 -0.0078963 -0.0511462
v -0.015 -0.00819017 -0.050274
v -0.015 -0.00838803 -0.0493751
v -0.015 -0.00848753 -0.0484602
v -0.015 -0.00848753 -0.0475398
v -0.015 -0.00838803 -0.0466249
v -0.015 -0.00819017 -0.045726
v -0.015 -0.0078963 -0.0448538
v -0.015 -0.00750985 -0.0440185
v -0.015 -0.00703536 -0.0432299
v -0.015 -0.00647838 -0.0424972
v -0.015 -0.00584545 -0.041829
v -0.015 -0.00514398 -0.0412332
v -0.015 -0.00438221 -0.0407167
v -0.015 -0.00356906 -0.0402856
v -0.015 -0.00271406 -0.0399449
v -0.015 -0.00182725 -0.0396987
v -0.015 -0.000919012 -0.0395498
v -0.015 -2.42861e-17 -0.0395
v -0.011 -2.42861e-17 -0.0395
v -0.011 -0.000919012 -0.0395498
v -0.011 -0.00182725 -0.0396987
v -0.011 -0.00271406 -0.0399449
v -0.011 -0.00356906 -0.0402856
v -0.011 -0.00438221 -0.0407167
v -0.011 -0.00514398 -0.0412332
v -0.011 -0.00584545 -0.041829
v -0.011 -0.00647838 -0.0424972
v -0.011 -0.00703536 -0.0432299
v -0.011 -0.00750985 -0.0440185
v -0.011 -0.0078963 -0.0448538
v -0.011 -0.00819017 -0.045726
v -0.011 -0.00838803 -0.0466249
v -0.011 -0.00848753 -0.0475398
v -0.011 -0.00848753 -0.0484602
v -0.011 -0.00838803 -0.0493751
v -0.011 -0.00819017 -0.050274
v -0.011 -0.0078963 -0.0511462
v -0.011 -0.00750985 -0.0519815
v -0.011 -0.00703536 -0.0527701
v -0.011 -0.00647838 -0.0535028
v -0.011 -0.00584545 -0.054171
v -0.011 -0.00514398 -0.0547668
v -0.011 -0.00438221 -0.0552833
v -0.011 -0.00356906 -0.0557144
v -0.011 -0.00271406 -0.0560551
v -0.011 -0.00182725 -0.0563013
v -0.011 -0.000919012 -0.0564502
v -0.011 -2.32452e-17 -0.0565
v -0.011 0.000919012 -0.0564502
v -0.011 0.00182725 -0.0563013
v -0.011 0.00271406 -0.0560551
v -0.011 0.00356906 -0.0557144
v -0.011 0.00438221 -0.0552833
v -0.011 0.00514398 -0.0547668
v -0.011 0.00584545 -0.054171
v -0.011 0.00647838 -0.0535028
v -0.011 0.00703536 -0.0527701
v -0.011 0.00750985 -0.0519815
v -0.011 0.0078963 -0.0511462
v -0.011 0.00819017 -0.050274
v -0.011 0.00838803 -0.0493751
v -0.011 0.00848753 -0.0484602
v -0.011 0.00848753 -0.0475398
v -0.011 0.00838803 -0.0466249
v -0.011 0.00819017 -0.045726
v -0.011 0.0078963 -0.0448538
v -0.011 0.00750985 -0.0440185
v -0.011 0.00703536 -0.0432299
v -0.011 0.00647838 -0.0424972
v -0.011 0.00584545 -0.041829
v -0.011 0.00514398 -0.0412332
v -0.011 0.00438221 -0.0407167
v -0.011 0.00356906 -0.0402856
v -0.011 0.00271406 -0.0399449
v -0.011 0.00182725 -0.0396987
v -0.011 0.000919012 -0.0395498
v -0.011 -2.42861e-17 -0.048
vn 1 0 1.48691e-16
vn -1.48691e-16 0 1
vn -1.47819e-16 0.108119 0.994138
vn -1.45214e-16 0.21497 0.976621
vn -1.40907e-16 0.319302 0.947653
vn -1.34948e-16 0.419889 0.907575
vn -1.27407e-16 0.515554 0.856857
vn -1.18372e-16 0.605174 0.796093
vn -1.07949e-16 0.687699 0.725995
vn -9.62602e-17 0.762162 0.647386
vn -8.34432e-17 0.827689 0.561187
vn -6.96479e-17 0.883512 0.468408
vn -5.50361e-17 0.928977 0.370138
vn -3.97789e-17 0.96355 0.267528
vn -2.40555e-17 0.986827 0.161782
vn -8.04995e-18 0.998533 0.0541389
vn 8.04995e-18 0.998533 -0.0541389
vn 2.40555e-17 0.986827 -0.161782
vn 3.97789e-17 0.96355 -0.267528
vn 5.50361e-17 0.928977 -0.370138
vn 6.96479e-17 0.883512 -0.468408
vn 8.34432e-17 0.827689 -0.561187
vn 9.62602e-17 0.762162 -0.647386
vn 1.07949e-16 0.687699 -0.725995
vn 1.18372e-16 0.605174 -0.796093
vn 1.27407e-16 0.515554 -0.856857
vn 1.34948e-16 0.419889 -0.907575
vn 1.40907e-16 0.319302 -0.947653
vn 1.45214e-16 0.21497 -0.976621
vn 1.47819e-16 0.108119 -0.994138
vn 1.48691e-16 1.22465e-16 -1
vn 1.47819e-16 -0.108119 -0.994138
vn 1.45214e-16 -0.21497 -0.976621
vn 1.40907e-16 -0.319302 -0.947653
vn 1.34948e-16 -0.419889 -0.907575
vn 1.27407e-16 -0.515554 -0.856857
vn 1.18372e-16 -0.605174 -0.796093
vn 1.07949e-16 -0.687699 -0.725995
vn 9.62602e-17 -0.762162 -0.647386
vn 8.34432e-17 -0.827689 -0.561187
vn 6.96479e-17 -0.883512 -0.468408
vn 5.50361e-17 -0.928977 -0.370138
vn 3.97789e-17 -0.96355 -0.267528
vn 2.40555e-17 -0.986827 -0.161782
vn 8.04995e-18 -0.998533 -0.0541389
vn -8.04995e-18 -0.998533 0.0541389
vn -2.40555e-17 -0.986827 0.161782
vn -3.97789e-17 -0.96355 0.267528
vn -5.50361e-17 -0.928977 0.370138
vn -6.96479e-17 -0.883512 0.468408
vn -8.34432e-17 -0.827689 0.561187
vn -9.62602e-17 -0.762162 0.647386
vn -1.07949e-16 -0.687699 0.725995
vn -1.18372e-16 -0.605174 0.796093
vn -1.27407e-16 -0.515554 0.856857
vn -1.34948e-16 -0.419889 0.907575
vn -1.40907e-16 -0.319302 0.947653
vn -1.45214e-16 -0.21497 0.976621
vn -1.47819e-16 -0.108119 0.994138
vn -1 0 -1.48691e-16
vn -5.59588e-17 0 1
vn -5.56308e-17 0.108119 0.994138
vn -5.46505e-17 0.21497 0.976621
vn -5.30296e-17 0.319302 0.947653
vn -5.07869e-17 0.419889 0.907575
vn -4.79487e-17 0.515554 0.856857
vn -4.45484e-17 0.605174 0.796093
vn -4.06259e-17 0.687699 0.725995
vn -3.6227e-17 0.762162 0.647386
vn -3.14034e-17 0.827689 0.561187
vn -2.62116e-17 0.883512 0.468408
vn -2.07125e-17 0.928977 0.370138
vn -1.49706e-17 0.96355 0.267528
vn -9.05313e-18 0.986827 0.161782
vn -3.02955e-18 0.998533 0.0541389
vn 3.02955e-18 0.998533 -0.0541389
vn -1.71324e-32 1 3.06162e-16
vn 9.05313e-18 0.986827 -0.161782
vn 0 0.994138 -0.108119
vn 1.49706e-17 0.96355 -0.267528
vn 1.27553e-17 0.976621 -0.21497
vn 2.07125e-17 0.928977 -0.370138
vn 1.27553e-17 0.947653 -0.319302
vn 2.62116e-17 0.883512 -0.468408
vn 2.55106e-17 0.907575 -0.419889
vn 3.14034e-17 0.827689 -0.561187
vn 2.55106e-17 0.856857 -0.515554
vn 3.6227e-17 0.762162 -0.647386
vn 3.8266e-17 0.796093 -0.605174
vn 4.06259e-17 0.687699 -0.725995
vn 3.8266e-17 0.725995 -0.687699
vn 4.45484e-17 0.605174 -0.796093
vn 3.8266e-17 0.647386 -0.762162
vn 4.79487e-17 0.515554 -0.856857
vn 5.10213e-17 0.561187 -0.827689
vn 5.07869e-17 0.419889 -0.907575
vn 5.10213e-17 0.468408 -0.883512
vn 5.30296e-17 0.319302 -0.947653
vn 5.10213e-17 0.370138 -0.928977
vn 5.46505e-17 0.21497 -0.976621
vn 5.10213e-17 0.267528 -0.96355
vn 5.56308e-17 0.108119 -0.994138
vn 5.10213e-17 0.161782 -0.986827
vn 5.59588e-17 1.22465e-16 -1
vn 5.10213e-17 0.0541389 -0.998533
vn 5.56308e-17 -0.108119 -0.994138
vn 5.10213e-17 -0.0541389 -0.998533
vn 5.46505e-17 -0.21497 -0.976621
vn 5.10213e-17 -0.161782 -0.986827
vn 5.30296e-17 -0.319302 -0.947653
vn 5.10213e-17 -0.267528 -0.96355
vn 5.07869e-17 -0.419889 -0.907575
vn 5.10213e-17 -0.370138 -0.928977
vn 4.79487e-17 -0.515554 -0.856857
vn 5.10213e-17 -0.468408 -0.883512
vn 4.45484e-17 -0.605174 -0.796093
vn 5.10213e-17 -0.561187 -0.827689
vn 4.06259e-17 -0.687699 -0.725995
vn 3.8266e-17 -0.647386 -0.762162
vn 3.6227e-17 -0.762162 -0.647386
vn 3.8266e-17 -0.725995 -0.687699
vn 3.14034e-17 -0.827689 -0.561187
vn 3.8266e-17 -0.796093 -0.605174
vn 2.62116e-17 -0.883512 -0.468408
vn 2.55106e-17 -0.856857 -0.515554
vn 2.07125e-17 -0.928977 -0.370138
vn 2.55106e-17 -0.907575 -0.419889
vn 1.49706e-17 -0.96355 -0.267528
vn 1.27553e-17 -0.947653 -0.319302
vn 9.05313e-18 -0.986827 -0.161782
vn 1.27553e-17 -0.976621 -0.21497
vn 3.02955e-18 -0.998533 -0.0541389
vn 0 -0.994138 -0.108119
vn -3.02955e-18 -0.998533 0.0541389
vn 1.02795e-32 -1 -1.83697e-16
vn -9.05313e-18 -0.986827 0.161782
vn -1.49706e-17 -0.96355 0.267528
vn -2.07125e-17 -0.928977 0.370138
vn -2.62116e-17 -0.883512 0.468408
vn -3.14034e-17 -0.827689 0.561187
vn -3.6227e-17 -0.762162 0.647386
vn -4.06259e-17 -0.687699 0.725995
vn -4.45484e-17 -0.605174 0.796093
vn -4.79487e-17 -0.515554 0.856857
vn -5.07869e-17 -0.419889 0.907575
vn -5.30296e-17 -0.319302 0.947653
vn -5.46505e-17 -0.21497 0.976621
vn -5.56308e-17 -0.108119 0.994138
vn -3.02955e-18 0.998533 0.0541389
vn 0.707107 0.702962 -0.0764517
vn 0.707107 0.707107 4.32978e-17
vn 0.707107 0.70607 -0.038282
vn 0.707107 0.702962 -0.0764517
vn 0.707107 0.697792 -0.114397
vn 0.707107 0.690575 -0.152007
vn 0.707107 0.681333 -0.189171
vn 0.707107 0.670092 -0.22578
vn 0.707107 0.641753 -0.296906
vn 0.707107 0.656886 -0.261727
vn 0.707107 0.670092 -0.22578
vn 0.707107 0.60589 -0.364552
vn 0.707107 0.624737 -0.331215
vn 0.707107 0.641753 -0.296906
vn 0.707107 0.60589 -0.364552
vn 0.707107 0.585265 -0.396819
vn 0.707107 0.562923 -0.427923
vn 0.707107 0.53893 -0.457771
vn 0.707107 0.513356 -0.486277
vn 0.707107 0.486277 -0.513356
vn 0.707107 0.457771 -0.53893
vn 0.707107 0.396819 -0.585265
vn 0.707107 0.427923 -0.562923
vn 0.707107 0.457771 -0.53893
vn 0.707107 0.396819 -0.585265
vn 0.707107 0.364552 -0.60589
vn 0.707107 0.331215 -0.624737
vn 0.707107 0.296906 -0.641753
vn 0.707107 0.261727 -0.656886
vn 0.707107 0.189171 -0.681333
vn 0.707107 0.22578 -0.670092
vn 0.707107 0.261727 -0.656886
vn 0.707107 0.189171 -0.681333
vn 0.707107 0.152007 -0.690575
vn 0.707107 0.114397 -0.697792
vn 0.707107 0.0764517 -0.702962
vn 0.707107 0.038282 -0.70607
vn 0.707107 -0.038282 -0.70607
vn 0.707107 8.65956e-17 -0.707107
vn 0.707107 0.038282 -0.70607
vn 0.707107 -0.114397 -0.697792
vn 0.707107 -0.0764517 -0.702962
vn 0.707107 -0.038282 -0.70607
vn 0.707107 -0.189171 -0.681333
vn 0.707107 -0.152007 -0.690575
vn 0.707107 -0.114397 -0.697792
vn 0.707107 -0.189171 -0.681333
vn 0.707107 -0.22578 -0.670092
vn 0.707107 -0.261727 -0.656886
vn 0.707107 -0.331215 -0.624737
vn 0.707107 -0.296906 -0.641753
vn 0.707107 -0.261727 -0.656886
vn 0.707107 -0.396819 -0.585265
vn 0.707107 -0.364552 -0.60589
vn 0.707107 -0.331215 -0.624737
vn 0.707107 -0.457771 -0.53893
vn 0.707107 -0.427923 -0.562923
vn 0.707107 -0.396819 -0.585265
vn 0.707107 -0.513356 -0.486277
vn 0.707107 -0.486277 -0.513356
vn 0.707107 -0.457771 -0.53893
vn 0.707107 -0.513356 -0.486277
vn 0.707107 -0.53893 -0.457771
vn 0.707107 -0.562923 -0.427923
vn 0.707107 -0.60589 -0.364552
vn 0.707107 -0.585265 -0.396819
vn 0.707107 -0.562923 -0.427923
vn 0.707107 -0.641753 -0.296906
vn 0.707107 -0.624737 -0.331215
vn 0.707107 -0.60589 -0.364552
vn 0.707107 -0.670092 -0.22578
vn 0.707107 -0.656886 -0.261727
vn 0.707107 -0.641753 -0.296906
vn 0.707107 -0.690575 -0.152007
vn 0.707107 -0.681333 -0.189171
vn 0.707107 -0.670092 -0.22578
vn 0.707107 -0.702962 -0.0764517
vn 0.707107 -0.697792 -0.114397
vn 0.707107 -0.690575 -0.152007
vn 0.707107 -0.707107 1.47196e-16
vn 0.707107 -0.70607 -0.038282
vn 0.707107 -0.702962 -0.0764517
vn 0.707107 -0.707107 1.47196e-16
vn 0 1 6.12323e-17
vn 0 0.994138 -0.108119
vn 0 0.976621 -0.21497
vn 0 0.947653 -0.319302
vn 0 0.907575 -0.419889
vn 0 0.856857 -0.515554
vn 0 0.796093 -0.605174
vn 0 0.725995 -0.687699
vn 0 0.647386 -0.762162
vn 0 0.561187 -0.827689
vn 0 0.468408 -0.883512
vn 0 0.370138 -0.928977
vn 0 0.267528 -0.96355
vn 0 0.161782 -0.986827
vn 0 0.0541389 -0.998533
vn 0 -0.0541389 -0.998533
vn 0 -0.161782 -0.986827
vn 0 -0.267528 -0.96355
vn 0 -0.370138 -0.928977
vn 0 -0.468408 -0.883512
vn 0 -0.561187 -0.827689
vn 0 -0.647386 -0.762162
vn 0 -0.725995 -0.687699
vn 0 -0.796093 -0.605174
vn 0 -0.856857 -0.515554
vn 0 -0.907575 -0.419889
vn 0 -0.947653 -0.319302
vn 0 -0.976621 -0.21497
vn 0 -0.994138 -0.108119
vn 0 -1 -1.83697e-16
vn 0.707107 0.707107 3.95689e-17
vn 0 1 0
vn 0.707107 0.597699 0.377831
vn 0.707107 0.630509 0.320091
vn 0.707107 0.657758 0.259528
vn 0.707107 0.679204 0.196676
vn 0.707107 0.69466 0.132089
vn 0.707107 0.703988 0.0663372
vn 0.707107 0.707107 -1.11022e-16
vn 0 0.845274 0.534333
vn 0 0.891674 0.452677
vn 0 0.93021 0.367029
vn 0 0.96054 0.278142
vn 0 0.982397 0.186802
vn 0 0.99559 0.093815
vn 0 1 6.12323e-17
vn 0.707107 0.496684 -0.503295
vn 0.707107 0.546377 -0.448856
vn 0.707107 0.590134 -0.389541
vn 0.707107 0.627478 -0.325993
vn 0.707107 0.658004 -0.258903
vn 0.707107 0.68138 -0.189
vn 0.707107 0.697353 -0.117043
vn 0.707107 0.705748 -0.0438138
vn 0.707107 0.706475 0.0298911
vn 0.707107 0.699525 0.103271
vn 0.707107 0.684974 0.175529
vn 0.707107 0.66298 0.24588
vn 0.707107 0.633783 0.313559
vn 0.707107 0.597699 0.377831
vn 0.707107 0.496684 -0.503295
vn -0.707107 0.707107 0
vn -0.707107 0.703988 0.0663372
vn -0.707107 0.69466 0.132089
vn -0.707107 0.679204 0.196676
vn -0.707107 0.657758 0.259528
vn -0.707107 0.630509 0.320091
vn -0.707107 0.597699 0.377831
vn 0 0.772694 -0.634779
vn 0 0.702417 -0.711766
vn 0 0.834575 -0.550894
vn 0 0.772694 -0.634779
vn 0 0.887388 -0.461024
vn 0 0.834575 -0.550894
vn 0 0.930558 -0.366144
vn 0 0.887388 -0.461024
vn 0 0.963617 -0.267286
vn 0 0.930558 -0.366144
vn 0 0.986206 -0.165523
vn 0 0.963617 -0.267286
vn 0 0.998079 -0.061962
vn 0 0.986206 -0.165523
vn 0 0.999106 0.0422724
vn 0 0.998079 -0.061962
vn 0 0.989278 0.146048
vn 0 0.999106 0.0422724
vn 0 0.9687 0.248236
vn 0 0.989278 0.146048
vn 0 0.937596 0.347727
vn 0 0.9687 0.248236
vn 0 0.896304 0.443439
vn 0 0.937596 0.347727
vn 0 0.845274 0.534333
vn 0 0.896304 0.443439
vn 0.707107 0.707107 -3.88193e-15
vn 0.707107 0.703644 -0.0698901
vn 0.707107 0.693291 -0.139096
vn 0.707107 0.676148 -0.206939
vn 0.707107 0.652383 -0.272756
vn 0.707107 0.62223 -0.335902
vn 0.707107 0.585983 -0.395758
vn 0.707107 0.543997 -0.451738
vn 0.707107 0.496684 -0.503295
vn -0.707107 0.597699 0.377831
vn -0.707107 0.633783 0.313559
vn -0.707107 0.66298 0.24588
vn -0.707107 0.684974 0.175529
vn -0.707107 0.699525 0.103271
vn -0.707107 0.706475 0.0298911
vn -0.707107 0.705748 -0.0438138
vn -0.707107 0.697353 -0.117043
vn -0.707107 0.68138 -0.189
vn -0.707107 0.658004 -0.258903
vn -0.707107 0.627478 -0.325993
vn -0.707107 0.590134 -0.389541
vn -0.707107 0.546377 -0.448856
vn -0.707107 0.496684 -0.503295
vn -0.707107 0.597699 0.377831
vn 0 1 -5.26784e-15
vn 0 0.995103 -0.0988395
vn 0 0.980462 -0.196711
vn 0 0.956218 -0.292656
vn 0 0.92261 -0.385735
vn 0 0.879966 -0.475037
vn 0 0.828705 -0.559686
vn 0 0.769328 -0.638854
vn 0 0.702417 -0.711766
vn 0.707107 0.707107 3.95689e-17
vn -0.707107 0.496684 -0.503295
vn -0.707107 0.543997 -0.451738
vn -0.707107 0.585983 -0.395758
vn -0.707107 0.62223 -0.335902
vn -0.707107 0.652383 -0.272756
vn -0.707107 0.676148 -0.206939
vn -0.707107 0.693291 -0.139096
vn -0.707107 0.703644 -0.0698901
vn -0.707107 0.707107 -3.77476e-15
vn -0.707107 -0.707107 1.29893e-16
vn -0.707107 -0.702962 -0.0764517
vn -0.707107 -0.690575 -0.152007
vn -0.707107 -0.670092 -0.22578
vn -0.707107 -0.641753 -0.296906
vn -0.707107 -0.60589 -0.364552
vn -0.707107 -0.562923 -0.427923
vn -0.707107 -0.513356 -0.486277
vn -0.707107 -0.457771 -0.53893
vn -0.707107 -0.396819 -0.585265
vn -0.707107 -0.331215 -0.624737
vn -0.707107 -0.261727 -0.656886
vn -0.707107 -0.189171 -0.681333
vn -0.707107 -0.114397 -0.697792
vn -0.707107 -0.038282 -0.70607
vn -0.707107 0.038282 -0.70607
vn -0.707107 0.114397 -0.697792
vn -0.707107 0.189171 -0.681333
vn -0.707107 0.261727 -0.656886
vn -0.707107 0.331215 -0.624737
vn -0.707107 0.396819 -0.585265
vn -0.707107 0.457771 -0.53893
vn -0.707107 0.513356 -0.486277
vn -0.707107 0.562923 -0.427923
vn -0.707107 0.60589 -0.364552
vn -0.707107 0.641753 -0.296906
vn -0.707107 0.670092 -0.22578
vn -0.707107 0.690575 -0.152007
vn -0.707107 0.702962 -0.0764517
vn -0.707107 0.707107 1.47196e-16
vn 0 -1 0
vn 0.707107 -0.707107 -1.29893e-16
vn 0.707107 -0.703988 0.0663372
vn 0.707107 -0.69466 0.132089
vn 0.707107 -0.679204 0.196676
vn 0.707107 -0.657758 0.259528
vn 0.707107 -0.630509 0.320091
vn 0.707107 -0.597699 0.377831
vn -0.707107 -0.707107 0
vn 0 -1 -1.83697e-16
vn 0 -0.99559 0.093815
vn 0 -0.982397 0.186802
vn 0 -0.96054 0.278142
vn 0 -0.93021 0.367029
vn 0 -0.891674 0.452677
vn 0 -0.845274 0.534333
vn 0.707107 -0.597699 0.377831
vn 0.707107 -0.633783 0.313559
vn 0.707107 -0.66298 0.24588
vn 0.707107 -0.684974 0.175529
vn 0.707107 -0.699525 0.103271
vn 0.707107 -0.706475 0.0298911
vn 0.707107 -0.705748 -0.0438138
vn 0.707107 -0.697353 -0.117043
vn 0.707107 -0.68138 -0.189
vn 0.707107 -0.658004 -0.258903
vn 0.707107 -0.627478 -0.325993
vn 0.707107 -0.590134 -0.389541
vn 0.707107 -0.546377 -0.448856
vn 0.707107 -0.496684 -0.503295
vn 0.707107 -0.597699 0.377831
vn -0.707107 -0.597699 0.377831
vn -0.707107 -0.630509 0.320091
vn -0.707107 -0.657758 0.259528
vn -0.707107 -0.679204 0.196676
vn -0.707107 -0.69466 0.132089
vn -0.707107 -0.703988 0.0663372
vn -0.707107 -0.707107 2.77556e-16
vn 0 -0.896304 0.443439
vn 0 -0.845274 0.534333
vn 0 -0.937596 0.347727
vn 0 -0.896304 0.443439
vn 0 -0.9687 0.248236
vn 0 -0.937596 0.347727
vn 0 -0.989278 0.146048
vn 0 -0.9687 0.248236
vn 0 -0.999106 0.0422724
vn 0 -0.989278 0.146048
vn 0 -0.998079 -0.061962
vn 0 -0.999106 0.0422724
vn 0 -0.986206 -0.165523
vn 0 -0.998079 -0.061962
vn 0 -0.963617 -0.267286
vn 0 -0.986206 -0.165523
vn 0 -0.930558 -0.366144
vn 0 -0.963617 -0.267286
vn 0 -0.887388 -0.461024
vn 0 -0.930558 -0.366144
vn 0 -0.834575 -0.550894
vn 0 -0.887388 -0.461024
vn 0 -0.772694 -0.634779
vn 0 -0.834575 -0.550894
vn 0 -0.702417 -0.711766
vn 0 -0.772694 -0.634779
vn 0.707107 -0.496684 -0.503295
vn 0.707107 -0.543997 -0.451738
vn 0.707107 -0.585983 -0.395758
vn 0.707107 -0.62223 -0.335902
vn 0.707107 -0.652383 -0.272756
vn 0.707107 -0.676148 -0.206939
vn 0.707107 -0.693291 -0.139096
vn 0.707107 -0.703644 -0.0698901
vn 0.707107 -0.707107 -2.22045e-16
vn -0.707107 -0.496684 -0.503295
vn -0.707107 -0.546377 -0.448856
vn -0.707107 -0.590134 -0.389541
vn -0.707107 -0.627478 -0.325993
vn -0.707107 -0.658004 -0.258903
vn -0.707107 -0.68138 -0.189
vn -0.707107 -0.697353 -0.117043
vn -0.707107 -0.705748 -0.0438138
vn -0.707107 -0.706475 0.0298911
vn -0.707107 -0.699525 0.103271
vn -0.707107 -0.684974 0.175529
vn -0.707107 -0.66298 0.24588
vn -0.707107 -0.633783 0.313559
vn -0.707107 -0.597699 0.377831
vn -0.707107 -0.496684 -0.503295
vn 0 -0.702417 -0.711766
vn 0 -0.769328 -0.638854
vn 0 -0.828705 -0.559686
vn 0 -0.879966 -0.475037
vn 0 -0.92261 -0.385735
vn 0 -0.956218 -0.292656
vn 0 -0.980462 -0.196711
vn 0 -0.995103 -0.0988395
vn 0 -1 -1.83697e-16
vn 0.707107 -0.707107 3.95689e-17
vn -0.707107 -0.707107 1.29893e-16
vn -0.707107 -0.703644 -0.0698901
vn -0.707107 -0.693291 -0.139096
vn -0.707107 -0.676148 -0.206939
vn -0.707107 -0.652383 -0.272756
vn -0.707107 -0.62223 -0.335902
vn -0.707107 -0.585983 -0.395758
vn -0.707107 -0.543997 -0.451738
vn -0.707107 -0.496684 -0.503295
vn -0.707107 -0.707107 0
vn 0 1 0
vn 0 4.33681e-17 1
vn 0 -1 0
vn -6.12323e-17 1 0
vn 0.108119 0.994138 0
vn 0.21497 0.976621 0
vn 0.319302 0.947653 0
vn 0.419889 0.907575 0
vn 0.515554 0.856857 0
vn 0.605174 0.796093 0
vn 0.687699 0.725995 0
vn 0.762162 0.647386 0
vn 0.827689 0.561187 0
vn 0.883512 0.468408 0
vn 0.928977 0.370138 0
vn 0.96355 0.267528 0
vn 0.986827 0.161782 0
vn 0.998533 0.0541389 0
vn 0.998533 -0.0541389 0
vn 0.986827 -0.161782 0
vn 0.96355 -0.267528 0
vn 0.928977 -0.370138 0
vn 0.883512 -0.468408 0
vn 0.827689 -0.561187 0
vn 0.762162 -0.647386 0
vn 0.687699 -0.725995 0
vn 0.605174 -0.796093 0
vn 0.515554 -0.856857 0
vn 0.419889 -0.907575 0
vn 0.319302 -0.947653 0
vn 0.21497 -0.976621 0
vn 0.108119 -0.994138 0
vn 1.83697e-16 -1 0
vn -8.65956e-17 -0.707107 -0.707107
vn 0.0739128 -0.707107 -0.703233
vn 0.147016 -0.707107 -0.691655
vn 0.218508 -0.707107 -0.672499
vn 0.287606 -0.707107 -0.645974
vn 0.353553 -0.707107 -0.612372
vn 0.415627 -0.707107 -0.572061
vn 0.473147 -0.707107 -0.525483
vn 0.525483 -0.707107 -0.473147
vn 0.572061 -0.707107 -0.415627
vn 0.612372 -0.707107 -0.353553
vn 0.645974 -0.707107 -0.287606
vn 0.672499 -0.707107 -0.218508
vn 0.691655 -0.707107 -0.147016
vn 0.703233 -0.707107 -0.0739128
vn 0.707107 -0.707107 -2.0035e-16
vn -8.65956e-17 -0.707107 -0.707107
vn 0.0764517 -0.702962 -0.707107
vn 0.152007 -0.690575 -0.707107
vn 0.22578 -0.670092 -0.707107
vn 0.296906 -0.641753 -0.707107
vn 0.364552 -0.60589 -0.707107
vn 0.427923 -0.562923 -0.707107
vn 0.486277 -0.513356 -0.707107
vn 0.53893 -0.457771 -0.707107
vn 0.585265 -0.396819 -0.707107
vn 0.624737 -0.331215 -0.707107
vn 0.656886 -0.261727 -0.707107
vn 0.681333 -0.189171 -0.707107
vn 0.697792 -0.114397 -0.707107
vn 0.70607 -0.038282 -0.707107
vn 0.70607 0.038282 -0.707107
vn 0.697792 0.114397 -0.707107
vn 0.681333 0.189171 -0.707107
vn 0.656886 0.261727 -0.707107
vn 0.624737 0.331215 -0.707107
vn 0.585265 0.396819 -0.707107
vn 0.53893 0.457771 -0.707107
vn 0.486277 0.513356 -0.707107
vn 0.427923 0.562923 -0.707107
vn 0.364552 0.60589 -0.707107
vn 0.296906 0.641753 -0.707107
vn 0.22578 0.670092 -0.707107
vn 0.152007 0.690575 -0.707107
vn 0.0764517 0.702962 -0.707107
vn -1.73028e-17 0.707107 -0.707107
vn 0.707107 0.707107 1.29893e-16
vn 0.703233 0.707107 -0.0739128
vn 0.691655 0.707107 -0.147016
vn 0.672499 0.707107 -0.218508
vn 0.645974 0.707107 -0.287606
vn 0.612372 0.707107 -0.353553
vn 0.572061 0.707107 -0.415627
vn 0.525483 0.707107 -0.473147
vn 0.473147 0.707107 -0.525483
vn 0.415627 0.707107 -0.572061
vn 0.353553 0.707107 -0.612372
vn 0.287606 0.707107 -0.645974
vn 0.218508 0.707107 -0.672499
vn 0.147016 0.707107 -0.691655
vn 0.0739128 0.707107 -0.703233
vn 9.81308e-17 0.707107 -0.707107
vn 0.707107 0.707107 1.29893e-16
vn -0.914286 0.40507 -1.75671e-17
vn -0.864804 0.50211 -2.17755e-17
vn -0.805061 0.593192 -2.57256e-17
vn -0.735766 0.677236 -2.93704e-17
vn -0.65774 0.753245 -3.26668e-17
vn -0.571911 0.820316 -3.55755e-17
vn -0.479296 0.877653 -3.80622e-17
vn -0.380993 0.924578 -4.00972e-17
vn -0.278171 0.960532 -4.16564e-17
vn -0.172047 0.985089 -4.27214e-17
vn -0.0638826 0.997957 -4.32795e-17
vn 0.0450402 0.998985 -4.33241e-17
vn 0.153428 0.98816 -4.28546e-17
vn 0.259996 0.96561 -4.18766e-17
vn 0.363479 0.931602 -4.04018e-17
vn 0.462649 0.886541 -3.84476e-17
vn 0.55633 0.830961 -3.60372e-17
vn 0.64341 0.765522 -3.31992e-17
vn 0.722856 0.690999 -2.99673e-17
vn 0.793724 0.608278 -2.63798e-17
vn 0.855175 0.518339 -2.24794e-17
vn 0.906479 0.42225 -1.83122e-17
vn 0.947028 0.321151 -1.39277e-17
vn 0.97634 0.216241 -9.37797e-18
vn 0.994067 0.108766 -4.71697e-18
vn 1 1.19434e-15 -5.17962e-32
vn 0.994067 -0.108766 4.71697e-18
vn 0.97634 -0.216241 9.37797e-18
vn 0.947028 -0.321151 1.39277e-17
vn 0.906479 -0.42225 1.83122e-17
vn 0.855175 -0.518339 2.24794e-17
vn 0.793724 -0.608278 2.63798e-17
vn 0.722856 -0.690999 2.99673e-17
vn 0.64341 -0.765522 3.31992e-17
vn 0.55633 -0.830961 3.60372e-17
vn 0.462649 -0.886541 3.84476e-17
vn 0.363479 -0.931602 4.04018e-17
vn 0.259996 -0.96561 4.18766e-17
vn 0.153428 -0.98816 4.28546e-17
vn 0.0450402 -0.998985 4.33241e-17
vn -0.0638826 -0.997957 4.32795e-17
vn -0.172047 -0.985089 4.27214e-17
vn -0.278171 -0.960532 4.16564e-17
vn -0.380993 -0.924578 4.00972e-17
vn -0.479296 -0.877653 3.80622e-17
vn -0.571911 -0.820316 3.55755e-17
vn -0.65774 -0.753245 3.26668e-17
vn -0.735766 -0.677236 2.93704e-17
vn -0.805061 -0.593192 2.57256e-17
vn -0.864804 -0.50211 2.17755e-17
vn -0.914286 -0.40507 1.75671e-17
vn 0 0 1
vn 0 0 -1
vn 0.994522 0 -0.104528
vn 1 0 -1.83697e-16
vn 0.978148 0 -0.207912
vn 0.994522 0 -0.104528
vn 0.951057 0 -0.309017
vn 0.978148 0 -0.207912
vn 0.913545 0 -0.406737
vn 0.951057 0 -0.309017
vn 0.866025 0 -0.5
vn 0.913545 0 -0.406737
vn 0.809017 0 -0.587785
vn 0.866025 0 -0.5
vn 0.743145 0 -0.669131
vn 0.809017 0 -0.587785
vn 0.669131 0 -0.743145
vn 0.743145 0 -0.669131
vn 0.604144 0 -0.796875
vn 0.587785 0 -0.809017
vn 0.5 0 -0.866025
vn 0.543606 0 -0.83934
vn 0.510784 0 -0.859709
vn 0.561783 0 -0.827285
vn 0.506949 0 -0.861976
vn 0.587787 0 -0.809016
vn 0.574787 0 -0.818303
vn 0.406737 0 -0.913545
vn 0.445989 0 -0.895038
vn 0.438971 0 -0.898501
vn 0.500006 0 -0.866022
vn 0.475535 0 -0.879697
vn 0.309017 0 -0.951057
vn 0.36022 0 -0.932867
vn 0.318388 0 -0.94796
vn 0.37334 0 -0.927695
vn 0.406734 0 -0.913547
vn 0.400196 0 -0.91643
vn 0.207912 0 -0.978148
vn 0.27575 0 -0.961229
vn 0.231405 0 -0.972858
vn 0.283458 0 -0.958985
vn 0.308999 0 -0.951062
vn 0.104528 0 -0.994522
vn 0.171831 0 -0.985126
vn 0.140532 0 -0.990076
vn 0.187842 0 -0.982199
vn 0.186583 0 -0.982439
vn 0.20789 0 -0.978152
vn -1.22465e-16 0 -1
vn 0.0662228 0 -0.997805
vn 0.0471509 0 -0.998888
vn 0.00203859 0 -0.999998
vn 0.10451 0 -0.994524
vn 0.0939685 0 -0.995575
vn 2.11419e-15 0 -1
vn 0 0.00452321 -0.99999
vn 0 0.104528 -0.994522
vn 0 0.146618 -0.989193
vn 0 0.207691 -0.978194
vn 0 0.104573 -0.994517
vn 0 0.207912 -0.978148
vn 0 0.230848 -0.97299
vn 0 0.309017 -0.951057
vn 0 0.375614 -0.926776
vn 0 0.406737 -0.913545
vn 0 0.309214 -0.950993
vn 0 0.5 -0.866025
vn 0 0.409376 -0.912366
vn 0 0.451423 -0.89231
vn 0 0.406737 -0.913545
vn 0 0.499958 -0.86605
vn 0 0.58789 -0.808941
vn 0 0.669131 -0.743145
vn 0 0.602554 -0.798078
vn 0 0.65151 -0.75864
vn 0 0.587785 -0.809017
vn 0 0.669046 -0.743221
vn 0 0.743268 -0.668994
vn 0 0.743145 -0.669131
vn 0 0.764996 -0.644035
vn 0 0.809017 -0.587785
vn 0 0.808966 -0.587855
vn 0 0.819166 -0.573556
vn 0 0.866025 -0.5
vn 0 0.866075 -0.499915
vn 0 0.875474 -0.483266
vn 0 0.913545 -0.406737
vn 0 0.94725 -0.320497
vn 0 0.951039 -0.309072
vn 0 0.913541 -0.406746
vn 0 0.940455 -0.339918
vn 0 0.951057 -0.309017
vn 0 0.978164 -0.207837
vn 0 0.978148 -0.207912
vn 0 0.98873 -0.149709
vn 0 0.994516 -0.104583
vn 0 0.994522 -0.104528
vn 0 0.998279 -0.0586389
vn 0 1 0
vn 0.104528 0 -0.994522
vn 0.0470806 0 -0.998891
vn 0.0940969 0 -0.995563
vn 0.00203859 0 -0.999998
vn -1.22465e-16 0 -1
vn 0.186451 0 -0.982464
vn 0.207905 0 -0.978149
vn 0.171831 0 -0.985126
vn 0.104536 0 -0.994521
vn 0.10785 0 -0.994167
vn 0.140584 0 -0.990069
vn 0.207912 0 -0.978148
vn 0.275631 0 -0.961264
vn 0.309025 0 -0.951054
vn 0.259 0 -0.965877
vn 0.231521 0 -0.97283
vn 0.309017 0 -0.951057
vn 0.400358 0 -0.916359
vn 0.406745 0 -0.913542
vn 0.360127 0 -0.932903
vn 0.339701 0 -0.940534
vn 0.318571 0 -0.947899
vn 0.406737 0 -0.913545
vn 0.49918 0 -0.866498
vn 0.499999 0 -0.866026
vn 0.445989 0 -0.895038
vn 0.475635 0 -0.879643
vn 0.41414 0 -0.910213
vn 0.439046 0 -0.898464
vn 0.5 0 -0.866025
vn 0.574782 0 -0.818307
vn 0.587787 0 -0.809016
vn 0.547115 0 -0.837058
vn 0.510676 0 -0.859773
vn 0.543894 0 -0.839154
vn 0.669131 0 -0.743145
vn 0.590316 0 -0.807172
vn 0.604144 0 -0.796875
vn 0.587785 0 -0.809017
vn 0.669131 0 -0.743145
vn 0.743145 0 -0.669131
vn 0.809017 0 -0.587785
vn 0.866025 0 -0.5
vn 0.913545 0 -0.406737
vn 0.951057 0 -0.309017
vn 0.978148 0 -0.207912
vn 0.994522 0 -0.104528
vn 1 0 -1.83697e-16
vn 0 -0.994522 -0.104528
vn 0 -0.998714 -0.0506926
vn 0 -0.998228 -0.0594994
vn 0 -1 -6.12323e-17
vn 0 -0.978148 -0.207912
vn 0 -0.994526 -0.104489
vn 0 -0.980238 -0.197822
vn 0 -0.951057 -0.309017
vn 0 -0.978155 -0.207877
vn 0 -0.913545 -0.406737
vn 0 -0.951037 -0.309076
vn 0 -0.940286 -0.340387
vn 0 -0.939423 -0.34276
vn 0 -0.866025 -0.5
vn 0 -0.913553 -0.40672
vn 0 -0.875474 -0.483266
vn 0 -0.809017 -0.587785
vn 0 -0.829859 -0.557974
vn 0 -0.818845 -0.574015
vn 0 -0.866031 -0.49999
vn 0 -0.743145 -0.669131
vn 0 -0.809092 -0.587682
vn 0 -0.669131 -0.743145
vn 0 -0.743063 -0.669221
vn 0 -0.706972 -0.707242
vn 0 -0.587785 -0.809017
vn 0 -0.669226 -0.743059
vn 0 -0.651609 -0.758555
vn 0 -0.5 -0.866025
vn 0 -0.587676 -0.809096
vn 0 -0.554759 -0.832011
vn 0 -0.406737 -0.913545
vn 0 -0.500105 -0.865965
vn 0 -0.451589 -0.892226
vn 0 -0.309017 -0.951057
vn 0 -0.406608 -0.913603
vn 0 -0.375614 -0.926776
vn 0 -0.207912 -0.978148
vn 0 -0.23792 -0.971285
vn 0 -0.230767 -0.973009
vn 0 -0.30902 -0.951056
vn 0 -0.104528 -0.994522
vn 0 -0.208106 -0.978106
vn 0 0 -1
vn 0 -0.104442 -0.994531
vn 0 -0.00452321 -0.99999
vn 0 0 -1
vn 0 1 0
vn 0 -1 0
vn 1 0 5.59588e-17
vn 0 -0.104528 0.994522
vn 0 -1.22465e-16 1
vn 0 -0.207912 0.978148
vn 0 -0.104528 0.994522
vn 0 -0.309017 0.951057
vn 0 -0.207912 0.978148
vn 0 -0.406737 0.913545
vn 0 -0.309017 0.951057
vn 0 -0.5 0.866025
vn 0 -0.406737 0.913545
vn 0 -0.587785 0.809017
vn 0 -0.5 0.866025
vn 0 -0.669131 0.743145
vn 0 -0.587785 0.809017
vn 0 -0.743145 0.669131
vn 0 -0.669131 0.743145
vn 0 -0.809017 0.587785
vn 0 -0.743145 0.669131
vn 0 -0.866025 0.5
vn 0 -0.809017 0.587785
vn 0 -0.913545 0.406737
vn 0 -0.866025 0.5
vn 0 -0.951057 0.309017
vn 0 -0.913545 0.406737
vn 0 -0.978148 0.207912
vn 0 -0.951057 0.309017
vn 0 -0.994522 0.104528
vn 0 -0.978148 0.207912
vn 0 -1 -6.12323e-17
vn 0 -0.994522 0.104528
vn 0 0 1
vn 0 0.994522 0.104528
vn 0 1 1.83697e-16
vn 0 0.978148 0.207912
vn 0 0.994522 0.104528
vn 0 0.951057 0.309017
vn 0 0.978148 0.207912
vn 0 0.913545 0.406737
vn 0 0.951057 0.309017
vn 0 0.866025 0.5
vn 0 0.913545 0.406737
vn 0 0.809017 0.587785
vn 0 0.866025 0.5
vn 0 0.743145 0.669131
vn 0 0.809017 0.587785
vn 0 0.669131 0.743145
vn 0 0.743145 0.669131
vn 0 0.587785 0.809017
vn 0 0.669131 0.743145
vn 0 0.5 0.866025
vn 0 0.587785 0.809017
vn 0 0.406737 0.913545
vn 0 0.5 0.866025
vn 0 0.309017 0.951057
vn 0 0.406737 0.913545
vn 0 0.207912 0.978148
vn 0 0.309017 0.951057
vn 0 0.104528 0.994522
vn 0 0.207912 0.978148
vn 0 -1.22465e-16 1
vn 0 0.104528 0.994522
vn -1 0 0
vn -0.707107 0 -0.707107
vn -0.707107 -0.0764517 -0.702962
vn -0.707107 -0.152007 -0.690575
vn -0.707107 -0.22578 -0.670092
vn -0.707107 -0.296906 -0.641753
vn -0.707107 -0.364552 -0.60589
vn -0.707107 -0.427923 -0.562923
vn -0.707107 -0.486277 -0.513356
vn -0.707107 -0.53893 -0.457771
vn -0.707107 -0.585265 -0.396819
vn -0.707107 -0.624737 -0.331215
vn -0.707107 -0.656886 -0.261727
vn -0.707107 -0.681333 -0.189171
vn -0.707107 -0.697792 -0.114397
vn -0.707107 -0.70607 -0.038282
vn -0.707107 -0.70607 0.038282
vn -0.707107 -0.697792 0.114397
vn -0.707107 -0.681333 0.189171
vn -0.707107 -0.656886 0.261727
vn -0.707107 -0.624737 0.331215
vn -0.707107 -0.585265 0.396819
vn -0.707107 -0.53893 0.457771
vn -0.707107 -0.486277 0.513356
vn -0.707107 -0.427923 0.562923
vn -0.707107 -0.364552 0.60589
vn -0.707107 -0.296906 0.641753
vn -0.707107 -0.22578 0.670092
vn -0.707107 -0.152007 0.690575
vn -0.707107 -0.0764517 0.702962
vn -0.707107 1.47196e-16 0.707107
vn -0.707107 0.0764517 0.702962
vn -0.707107 0.152007 0.690575
vn -0.707107 0.22578 0.670092
vn -0.707107 0.296906 0.641753
vn -0.707107 0.364552 0.60589
vn -0.707107 0.427923 0.562923
vn -0.707107 0.486277 0.513356
vn -0.707107 0.53893 0.457771
vn -0.707107 0.585265 0.396819
vn -0.707107 0.624737 0.331215
vn -0.707107 0.656886 0.261727
vn -0.707107 0.681333 0.189171
vn -0.707107 0.697792 0.114397
vn -0.707107 0.70607 0.038282
vn -0.707107 0.70607 -0.038282
vn -0.707107 0.697792 -0.114397
vn -0.707107 0.681333 -0.189171
vn -0.707107 0.656886 -0.261727
vn -0.707107 0.624737 -0.331215
vn -0.707107 0.585265 -0.396819
vn -0.707107 0.53893 -0.457771
vn -0.707107 0.486277 -0.513356
vn -0.707107 0.427923 -0.562923
vn -0.707107 0.364552 -0.60589
vn -0.707107 0.296906 -0.641753
vn -0.707107 0.22578 -0.670092
vn -0.707107 0.152007 -0.690575
vn -0.707107 0.0764517 -0.702962
vn -0.707107 0 -0.707107
vn 0 0.108119 -0.994138
vn 0 2.44929e-16 -1
vn 0 0.21497 -0.976621
vn 0 0.108119 -0.994138
vn 0 0.319302 -0.947653
vn 0 0.21497 -0.976621
vn 0 0.419889 -0.907575
vn 0 0.319302 -0.947653
vn 0 0.515554 -0.856857
vn 0 0.419889 -0.907575
vn 0 0.605174 -0.796093
vn 0 0.515554 -0.856857
vn 0 0.687699 -0.725995
vn 0 0.605174 -0.796093
vn 0 0.762162 -0.647386
vn 0 0.687699 -0.725995
vn 0 0.827689 -0.561187
vn 0 0.762162 -0.647386
vn 0 0.883512 -0.468408
vn 0 0.827689 -0.561187
vn 0 0.928977 -0.370138
vn 0 0.883512 -0.468408
vn 0 0.96355 -0.267528
vn 0 0.928977 -0.370138
vn 0 0.986827 -0.161782
vn 0 0.96355 -0.267528
vn 0 0.998533 -0.0541389
vn 0 0.986827 -0.161782
vn 0 0.998533 0.0541389
vn 0 0.998533 -0.0541389
vn 0 0.986827 0.161782
vn 0 0.998533 0.0541389
vn 0 0.96355 0.267528
vn 0 0.986827 0.161782
vn 0 0.928977 0.370138
vn 0 0.96355 0.267528
vn 0 0.883512 0.468408
vn 0 0.928977 0.370138
vn 0 0.827689 0.561187
vn 0 0.883512 0.468408
vn 0 0.762162 0.647386
vn 0 0.827689 0.561187
vn 0 0.687699 0.725995
vn 0 0.762162 0.647386
vn 0 0.605174 0.796093
vn 0 0.687699 0.725995
vn 0 0.515554 0.856857
vn 0 0.605174 0.796093
vn 0 0.419889 0.907575
vn 0 0.515554 0.856857
vn 0 0.319302 0.947653
vn 0 0.419889 0.907575
vn 0 0.21497 0.976621
vn 0 0.319302 0.947653
vn 0 0.108119 0.994138
vn 0 0.21497 0.976621
vn 0 -1.22465e-16 1
vn 0 0.108119 0.994138
vn 0 -0.108119 0.994138
vn 0 -1.22465e-16 1
vn 0 -0.21497 0.976621
vn 0 -0.108119 0.994138
vn 0 -0.319302 0.947653
vn 0 -0.21497 0.976621
vn 0 -0.419889 0.907575
vn 0 -0.319302 0.947653
vn 0 -0.515554 0.856857
vn 0 -0.419889 0.907575
vn 0 -0.605174 0.796093
vn 0 -0.515554 0.856857
vn 0 -0.687699 0.725995
vn 0 -0.605174 0.796093
vn 0 -0.762162 0.647386
vn 0 -0.687699 0.725995
vn 0 -0.827689 0.561187
vn 0 -0.762162 0.647386
vn 0 -0.883512 0.468408
vn 0 -0.827689 0.561187
vn 0 -0.928977 0.370138
vn 0 -0.883512 0.468408
vn 0 -0.96355 0.267528
vn 0 -0.928977 0.370138
vn 0 -0.986827 0.161782
vn 0 -0.96355 0.267528
vn 0 -0.998533 0.0541389
vn 0 -0.986827 0.161782
vn 0 -0.998533 -0.0541389
vn 0 -0.998533 0.0541389
vn 0 -0.986827 -0.161782
vn 0 -0.998533 -0.0541389
vn 0 -0.96355 -0.267528
vn 0 -0.986827 -0.161782
vn 0 -0.928977 -0.370138
vn 0 -0.96355 -0.267528
vn 0 -0.883512 -0.468408
vn 0 -0.928977 -0.370138
vn 0 -0.827689 -0.561187
vn 0 -0.883512 -0.468408
vn 0 -0.762162 -0.647386
vn 0 -0.827689 -0.561187
vn 0 -0.687699 -0.725995
vn 0 -0.762162 -0.647386
vn 0 -0.605174 -0.796093
vn 0 -0.687699 -0.725995
vn 0 -0.515554 -0.856857
vn 0 -0.605174 -0.796093
vn 0 -0.419889 -0.907575
vn 0 -0.515554 -0.856857
vn 0 -0.319302 -0.947653
vn 0 -0.419889 -0.907575
vn 0 -0.21497 -0.976621
vn 0 -0.319302 -0.947653
vn 0 -0.108119 -0.994138
vn 0 -0.21497 -0.976621
vn -1 0 0
usemtl 0.262745_0.282353_0.301961_0.000000_0.000000
f 59//1 1//1 2//1
f 2//1 3//1 59//1
f 3//1 4//1 59//1
f 4//1 5//1 59//1
f 5//1 6//1 59//1
f 6//1 7//1 59//1
f 7//1 8//1 59//1
f 8//1 9//1 59//1
f 9//1 10//1 59//1
f 10//1 11//1 59//1
f 11//1 12//1 59//1
f 12//1 13//1 59//1
f 13//1 14//1 59//1
f 14//1 15//1 59//1
f 15//1 16//1 59//1
f 16//1 17//1 59//1
f 17//1 18//1 59//1
f 18//1 19//1 59//1
f 19//1 20//1 59//1
f 20//1 21//1 59//1
f 21//1 22//1 59//1
f 22//1 23//1 59//1
f 23//1 24//1 59//1
f 24//1 25//1 59//1
f 25//1 26//1 59//1
f 26//1 27//1 59//1
f 27//1 28//1 59//1
f 28//1 29//1 59//1
f 29//1 30//1 59//1
f 30//1 31//1 59//1
f 31//1 32//1 59//1
f 32//1 33//1 59//1
f 33//1 34//1 59//1
f 34//1 35//1 59//1
f 35//1 36//1 59//1
f 36//1 37//1 59//1
f 37//1 38//1 59//1
f 38//1 39//1 59//1
f 39//1 40//1 59//1
f 40//1 41//1 59//1
f 41//1 42//1 59//1
f 42//1 43//1 59//1
f 43//1 44//1 59//1
f 44//1 45//1 59//1
f 45//1 46//1 59//1
f 46//1 47//1 59//1
f 47//1 48//1 59//1
f 48//1 49//1 59//1
f 49//1 50//1 59//1
f 50//1 51//1 59//1
f 51//1 52//1 59//1
f 52//1 53//1 59//1
f 53//1 54//1 59//1
f 54//1 55//1 59//1
f 55//1 56//1 59//1
f 56//1 57//1 59//1
f 57//1 58//1 59//1
f 58//1 1//1 59//1
f 60//2 29//2 28//3
f 61//3 28//3 27//4
f 62//4 27//4 26//5
f 63//5 26//5 25//6
f 64//6 25//6 24//7
f 65//7 24//7 23//8
f 66//8 23//8 22//9
f 67//9 22//9 21//10
f 68//10 21//10 20//11
f 69//11 20//11 19//12
f 70//12 19//12 18//13
f 71//13 18//13 17//14
f 72//14 17//14 16//15
f 73//15 16//15 15//16
f 74//16 15//16 14//17
f 75//17 14//17 13//18
f 76//18 13//18 12//19
f 77//19 12//19 11//20
f 78//20 11//20 10//21
f 79//21 10//21 9//22
f 80//22 9//22 8//23
f 81//23 8//23 7//24
f 82//24 7//24 6//25
f 83//25 6//25 5//26
f 84//26 5//26 4//27
f 85//27 4//27 3//28
f 86//28 3//28 2//29
f 87//29 2//29 1//30
f 88//30 1//30 58//31
f 89//31 58//31 57//32
f 90//32 57//32 56//33
f 91//33 56//33 55//34
f 92//34 55//34 54//35
f 93//35 54//35 53//36
f 94//36 53//36 52//37
f 95//37 52//37 51//38
f 96//38 51//38 50//39
f 97//39 50//39 49//40
f 98//40 49//40 48//41
f 99//41 48//41 47//42
f 100//42 47//42 46//43
f 101//43 46//43 45//44
f 102//44 45//44 44//45
f 103//45 44//45 43//46
f 104//46 43//46 42//47
f 105//47 42//47 41//48
f 106//48 41//48 40//49
f 107//49 40//49 39//50
f 108//50 39//50 38//51
f 109//51 38//51 37//52
f 110//52 37//52 36//53
f 111//53 36//53 35//54
f 112//54 35//54 34//55
f 113//55 34//55 33//56
f 114//56 33//56 32//57
f 115//57 32//57 31//58
f 116//58 31//58 30//59
f 117//59 30//59 29//2
f 29//2 60//2 117//59
f 30//59 117//59 116//58
f 31//58 116//58 115//57
f 32//57 115//57 114//56
f 33//56 114//56 113//55
f 34//55 113//55 112//54
f 35//54 112//54 111//53
f 36//53 111//53 110//52
f 37//52 110//52 109//51
f 38//51 109//51 108//50
f 39//50 108//50 107//49
f 40//49 107//49 106//48
f 41//48 106//48 105//47
f 42//47 105//47 104//46
f 43//46 104//46 103//45
f 44//45 103//45 102//44
f 45//44 102//44 101//43
f 46//43 101//43 100//42
f 47//42 100//42 99//41
f 48//41 99//41 98//40
f 49//40 98//40 97//39
f 50//39 97//39 96//38
f 51//38 96//38 95//37
f 52//37 95//37 94//36
f 53//36 94//36 93//35
f 54//35 93//35 92//34
f 55//34 92//34 91//33
f 56//33 91//33 90//32
f 57//32 90//32 89//31
f 58//31 89//31 88//30
f 1//30 88//30 87//29
f 2//29 87//29 86//28
f 3//28 86//28 85//27
f 4//27 85//27 84//26
f 5//26 84//26 83//25
f 6//25 83//25 82//24
f 7//24 82//24 81//23
f 8//23 81//23 80//22
f 9//22 80//22 79//21
f 10//21 79//21 78//20
f 11//20 78//20 77//19
f 12//19 77//19 76//18
f 13//18 76//18 75//17
f 14//17 75//17 74//16
f 15//16 74//16 73//15
f 16//15 73//15 72//14
f 17//14 72//14 71//13
f 18//13 71//13 70//12
f 19//12 70//12 69//11
f 20//11 69//11 68//10
f 21//10 68//10 67//9
f 22//9 67//9 66//8
f 23//8 66//8 65//7
f 24//7 65//7 64//6
f 25//6 64//6 63//5
f 26//5 63//5 62//4
f 27//4 62//4 61//3
f 28//3 61//3 60//2
f 100//60 118//60 119//60
f 100//60 101//60 120//60
f 98//60 99//60 119//60
f 120//60 118//60 100//60
f 103//60 121//60 122//60
f 103//60 104//60 123//60
f 70//60 71//60 124//60
f 71//60 72//60 125//60
f 74//60 126//60 127//60
f 74//60 75//60 128//60
f 119//60 99//60 100//60
f 101//60 102//60 122//60
f 123//60 121//60 103//60
f 104//60 105//60 129//60
f 105//60 106//60 130//60
f 107//60 131//60 130//60
f 107//60 108//60 132//60
f 108//60 109//60 133//60
f 68//60 69//60 134//60
f 69//60 70//60 135//60
f 125//60 124//60 71//60
f 72//60 73//60 127//60
f 128//60 126//60 74//60
f 75//60 76//60 136//60
f 78//60 137//60 138//60
f 79//60 139//60 137//60
f 94//60 95//60 140//60
f 95//60 96//60 141//60
f 97//60 142//60 141//60
f 97//60 98//60 143//60
f 122//60 120//60 101//60
f 129//60 123//60 104//60
f 130//60 106//60 107//60
f 133//60 132//60 108//60
f 65//60 66//60 144//60
f 66//60 67//60 145//60
f 67//60 68//60 146//60
f 135//60 134//60 69//60
f 127//60 125//60 72//60
f 136//60 128//60 75//60
f 77//60 138//60 136//60
f 137//60 78//60 79//60
f 80//60 147//60 139//60
f 80//60 81//60 148//60
f 82//60 83//60 149//60
f 84//60 150//60 149//60
f 90//60 151//60 152//60
f 91//60 153//60 151//60
f 141//60 140//60 95//60
f 143//60 142//60 97//60
f 122//60 102//60 103//60
f 132//60 131//60 107//60
f 109//60 110//60 154//60
f 110//60 111//60 155//60
f 112//60 156//60 155//60
f 113//60 157//60 156//60
f 115//60 116//60 158//60
f 116//60 117//60 159//60
f 62//60 160//60 161//60
f 63//60 162//60 160//60
f 145//60 144//60 66//60
f 134//60 146//60 68//60
f 127//60 73//60 74//60
f 138//60 77//60 78//60
f 148//60 147//60 80//60
f 81//60 82//60 163//60
f 149//60 83//60 84//60
f 85//60 164//60 150//60
f 86//60 165//60 164//60
f 86//60 87//60 166//60
f 87//60 88//60 167//60
f 89//60 152//60 167//60
f 151//60 90//60 91//60
f 92//60 168//60 153//60
f 93//60 169//60 168//60
f 93//60 94//60 170//60
f 141//60 96//60 97//60
f 130//60 129//60 105//60
f 155//60 154//60 110//60
f 156//60 112//60 113//60
f 114//60 171//60 157//60
f 114//60 115//60 172//60
f 159//60 158//60 116//60
f 117//60 60//60 173//60
f 61//60 161//60 173//60
f 160//60 62//60 63//60
f 64//60 174//60 162//60
f 64//60 65//60 175//60
f 146//60 145//60 67//60
f 136//60 76//60 77//60
f 163//60 148//60 81//60
f 150//60 84//60 85//60
f 166//60 165//60 86//60
f 167//60 88//60 89//60
f 153//60 91//60 92//60
f 170//60 169//60 93//60
f 119//60 143//60 98//60
f 155//60 111//60 112//60
f 172//60 171//60 114//60
f 173//60 159//60 117//60
f 161//60 61//60 62//60
f 175//60 174//60 64//60
f 124//60 135//60 70//60
f 149//60 163//60 82//60
f 167//60 166//60 87//60
f 168//60 92//60 93//60
f 154//60 133//60 109//60
f 158//60 172//60 115//60
f 162//60 63//60 64//60
f 139//60 79//60 80//60
f 152//60 89//60 90//60
f 157//60 113//60 114//60
f 144//60 175//60 65//60
f 140//60 170//60 94//60
f 164//60 85//60 86//60
f 173//60 60//60 61//60
f 176//61 173//61 161//62
f 177//62 161//62 160//63
f 178//63 160//63 162//64
f 179//64 162//64 174//65
f 180//65 174//65 175//66
f 181//66 175//66 144//67
f 182//67 144//67 145//68
f 183//68 145//68 146//69
f 184//69 146//69 134//70
f 185//70 134//70 135//71
f 186//71 135//71 124//72
f 187//72 124//72 125//73
f 188//73 125//73 127//74
f 189//74 127//74 126//75
f 128//76 190//76 191//77
f 191//77 126//75 128//76
f 136//78 192//78 193//79
f 193//79 128//76 136//78
f 136//78 138//80 194//81
f 138//80 195//80 194//81
f 138//80 137//82 196//83
f 137//82 197//82 196//83
f 137//82 139//84 198//85
f 139//84 199//84 198//85
f 139//84 147//86 200//87
f 147//86 201//86 200//87
f 147//86 148//88 202//89
f 148//88 203//88 202//89
f 163//90 204//90 205//91
f 205//91 148//88 163//90
f 163//90 149//92 206//93
f 149//92 207//92 206//93
f 149//92 150//94 208//95
f 150//94 209//94 208//95
f 164//96 210//96 211//97
f 211//97 150//94 164//96
f 164//96 165//98 212//99
f 165//98 213//98 212//99
f 165//98 166//100 214//101
f 166//100 215//100 214//101
f 166//100 167//102 216//103
f 167//102 217//102 216//103
f 167//102 152//104 218//105
f 152//104 219//104 218//105
f 152//104 151//106 220//107
f 151//106 221//106 220//107
f 151//106 153//108 222//109
f 153//108 223//108 222//109
f 153//108 168//110 224//111
f 168//110 225//110 224//111
f 168//110 169//112 226//113
f 169//112 227//112 226//113
f 169//112 170//114 228//115
f 170//114 229//114 228//115
f 170//114 140//116 230//117
f 140//116 231//116 230//117
f 140//116 141//118 232//119
f 141//118 233//118 232//119
f 141//118 142//120 234//121
f 142//120 235//120 234//121
f 142//120 143//122 236//123
f 143//122 237//122 236//123
f 143//122 119//124 238//125
f 119//124 239//124 238//125
f 118//126 240//126 241//127
f 241//127 119//124 118//126
f 120//128 242//128 243//129
f 243//129 118//126 120//128
f 122//130 244//130 245//131
f 245//131 120//128 122//130
f 121//132 246//132 247//133
f 247//133 122//130 121//132
f 121//132 123//134 248//135
f 123//134 249//134 248//135
f 249//134 123//134 129//136
f 250//136 129//136 130//137
f 251//137 130//137 131//138
f 252//138 131//138 132//139
f 253//139 132//139 133//140
f 254//140 133//140 154//141
f 255//141 154//141 155//142
f 256//142 155//142 156//143
f 257//143 156//143 157//144
f 258//144 157//144 171//145
f 259//145 171//145 172//146
f 260//146 172//146 158//147
f 261//147 158//147 159//148
f 262//148 159//148 173//61
f 173//61 176//61 262//148
f 159//148 262//148 261//147
f 158//147 261//147 260//146
f 172//146 260//146 259//145
f 171//145 259//145 258//144
f 157//144 258//144 257//143
f 156//143 257//143 256//142
f 155//142 256//142 255//141
f 154//141 255//141 254//140
f 133//140 254//140 253//139
f 132//139 253//139 252//138
f 131//138 252//138 251//137
f 130//137 251//137 250//136
f 129//136 250//136 249//134
f 248//135 246//132 121//132
f 247//133 244//130 122//130
f 245//131 242//128 120//128
f 243//129 240//126 118//126
f 241//127 239//124 119//124
f 238//125 237//122 143//122
f 236//123 235//120 142//120
f 234//121 233//118 141//118
f 232//119 231//116 140//116
f 230//117 229//114 170//114
f 228//115 227//112 169//112
f 226//113 225//110 168//110
f 224//111 223//108 153//108
f 222//109 221//106 151//106
f 220//107 219//104 152//104
f 218//105 217//102 167//102
f 216//103 215//100 166//100
f 214//101 213//98 165//98
f 212//99 210//96 164//96
f 211//97 209//94 150//94
f 208//95 207//92 149//92
f 206//93 204//90 163//90
f 205//91 203//88 148//88
f 202//89 201//86 147//86
f 200//87 199//84 139//84
f 198//85 197//82 137//82
f 196//83 195//80 138//80
f 194//81 192//78 136//78
f 193//79 190//76 128//76
f 191//77 263//149 126//75
f 126//75 263//149 189//74
f 127//74 189//74 188//73
f 125//73 188//73 187//72
f 124//72 187//72 186//71
f 135//71 186//71 185//70
f 134//70 185//70 184//69
f 146//69 184//69 183//68
f 145//68 183//68 182//67
f 144//67 182//67 181//66
f 175//66 181//66 180//65
f 174//65 180//65 179//64
f 162//64 179//64 178//63
f 160//63 178//63 177//62
f 161//62 177//62 176//61
f 264//150 265//151 190//152
f 265//151 191//151 190//152
f 264//150 193//153 192//154
f 192//154 266//155 264//150
f 266//155 194//155 195//156
f 195//156 267//157 266//155
f 268//158 267//157 197//159
f 267//157 196//160 197//159
f 269//161 268//158 199//162
f 268//158 198//163 199//162
f 269//161 200//164 201//165
f 201//165 270//166 269//161
f 270//166 202//166 203//167
f 203//167 271//168 270//166
f 271//168 205//168 204//169
f 204//169 272//170 271//168
f 273//171 272//170 207//172
f 272//170 206//173 207//172
f 273//171 208//174 209//175
f 209//175 274//176 273//171
f 274//176 211//176 210//177
f 210//177 275//178 274//176
f 276//179 275//178 213//180
f 275//178 212//181 213//180
f 276//179 214//182 215//183
f 215//183 277//184 276//179
f 277//184 216//184 217//185
f 217//185 278//186 277//184
f 279//187 278//186 219//188
f 278//186 218//189 219//188
f 280//190 279//187 221//191
f 279//187 220//192 221//191
f 281//193 280//190 223//194
f 280//190 222//195 223//194
f 281//193 224//196 225//197
f 225//197 282//198 281//193
f 283//199 282//198 227//200
f 282//198 226//201 227//200
f 284//202 283//199 229//203
f 283//199 228//204 229//203
f 285//205 284//202 231//206
f 284//202 230//207 231//206
f 286//208 285//205 233//209
f 285//205 232//210 233//209
f 286//208 234//211 235//212
f 235//212 287//213 286//208
f 288//214 287//213 237//215
f 287//213 236//216 237//215
f 289//217 288//214 239//218
f 288//214 238//219 239//218
f 290//220 289//217 240//221
f 289//217 241//222 240//221
f 291//223 290//220 242//224
f 290//220 243//225 242//224
f 292//226 291//223 244//227
f 291//223 245//228 244//227
f 293//229 292//226 246//230
f 292//226 247//231 246//230
f 246//230 248//232 293//229
f 244//227 247//231 292//226
f 242//224 245//228 291//223
f 240//221 243//225 290//220
f 239//218 241//222 289//217
f 237//215 238//219 288//214
f 235//212 236//216 287//213
f 233//209 234//211 286//208
f 231//206 232//210 285//205
f 229//203 230//207 284//202
f 227//200 228//204 283//199
f 225//197 226//201 282//198
f 223//194 224//196 281//193
f 221//191 222//195 280//190
f 219//188 220//192 279//187
f 217//185 218//189 278//186
f 215//183 216//184 277//184
f 213//180 214//182 276//179
f 210//177 212//181 275//178
f 209//175 211//176 274//176
f 207//172 208//174 273//171
f 204//169 206//173 272//170
f 203//167 205//168 271//168
f 201//165 202//166 270//166
f 199//162 200//164 269//161
f 197//159 198//163 268//158
f 195//156 196//160 267//157
f 192//154 194//155 266//155
f 190//152 193//153 264//150
f 294//232 295//232 293//232
f 293//232 248//232 294//232
f 296//233 265//233 264//234
f 297//234 264//234 266//235
f 298//235 266//235 267//236
f 299//236 267//236 268//237
f 300//237 268//237 269//238
f 301//238 269//238 270//239
f 302//239 270//239 271//240
f 303//240 271//240 272//241
f 304//241 272//241 273//242
f 305//242 273//242 274//243
f 306//243 274//243 275//244
f 307//244 275//244 276//245
f 308//245 276//245 277//246
f 309//246 277//246 278//247
f 310//247 278//247 279//248
f 311//248 279//248 280//249
f 312//249 280//249 281//250
f 313//250 281//250 282//251
f 314//251 282//251 283//252
f 315//252 283//252 284//253
f 316//253 284//253 285//254
f 317//254 285//254 286//255
f 318//255 286//255 287//256
f 319//256 287//256 288//257
f 320//257 288//257 289//258
f 321//258 289//258 290//259
f 322//259 290//259 291//260
f 323//260 291//260 292//261
f 324//261 292//261 293//262
f 293//262 325//262 324//261
f 292//261 324//261 323//260
f 291//260 323//260 322//259
f 290//259 322//259 321//258
f 289//258 321//258 320//257
f 288//257 320//257 319//256
f 287//256 319//256 318//255
f 286//255 318//255 317//254
f 285//254 317//254 316//253
f 284//253 316//253 315//252
f 283//252 315//252 314//251
f 282//251 314//251 313//250
f 281//250 313//250 312//249
f 280//249 312//249 311//248
f 279//248 311//248 310//247
f 278//247 310//247 309//246
f 277//246 309//246 308//245
f 276//245 308//245 307//244
f 275//244 307//244 306//243
f 274//243 306//243 305//242
f 273//242 305//242 304//241
f 272//241 304//241 303//240
f 271//240 303//240 302//239
f 270//239 302//239 301//238
f 269//238 301//238 300//237
f 268//237 300//237 299//236
f 267//236 299//236 298//235
f 266//235 298//235 297//234
f 264//234 297//234 296//233
f 191//263 265//263 326//263
f 326//263 327//263 191//263
f 296//264 328//264 326//264
f 326//264 265//264 296//264
f 329//265 330//265 331//266
f 332//266 331//266 333//267
f 334//267 333//267 335//268
f 336//268 335//268 337//269
f 338//269 337//269 339//270
f 340//270 339//270 327//271
f 327//271 326//271 340//270
f 339//270 340//270 338//269
f 337//269 338//269 336//268
f 335//268 336//268 334//267
f 333//267 334//267 332//266
f 331//266 332//266 329//265
f 341//272 329//272 332//273
f 342//273 332//273 334//274
f 343//274 334//274 336//275
f 344//275 336//275 338//276
f 345//276 338//276 340//277
f 346//277 340//277 326//278
f 326//278 328//278 346//277
f 340//277 346//277 345//276
f 338//276 345//276 344//275
f 336//275 344//275 343//274
f 334//274 343//274 342//273
f 332//273 342//273 341//272
f 347//279 348//280 349//280
f 348//280 350//281 351//281
f 350//281 352//282 353//282
f 352//282 354//283 355//283
f 354//283 356//284 357//284
f 356//284 358//285 359//285
f 358//285 360//286 361//286
f 360//286 362//287 363//287
f 362//287 364//288 365//288
f 364//288 366//289 367//289
f 366//289 368//290 369//290
f 368//290 370//291 371//291
f 370//291 330//292 329//292
f 329//292 371//291 370//291
f 371//291 369//290 368//290
f 369//290 367//289 366//289
f 367//289 365//288 364//288
f 365//288 363//287 362//287
f 363//287 361//286 360//286
f 361//286 359//285 358//285
f 359//285 357//284 356//284
f 357//284 355//283 354//283
f 355//283 353//282 352//282
f 353//282 351//281 350//281
f 351//281 349//280 348//280
f 349//280 372//293 347//279
f 373//294 374//294 328//294
f 328//294 296//294 373//294
f 328//294 374//294 375//295
f 346//295 375//295 376//296
f 345//296 376//296 377//297
f 344//297 377//297 378//298
f 343//298 378//298 379//299
f 342//299 379//299 380//300
f 380//300 341//300 342//299
f 379//299 342//299 343//298
f 378//298 343//298 344//297
f 377//297 344//297 345//296
f 376//296 345//296 346//295
f 375//295 346//295 328//294
f 381//301 382//302 372//302
f 383//303 381//301 349//304
f 384//305 383//303 351//306
f 385//307 384//305 353//308
f 386//309 385//307 355//310
f 387//311 386//309 357//312
f 388//313 387//311 359//314
f 389//315 388//313 361//316
f 390//317 389//315 363//318
f 391//319 390//317 365//320
f 392//321 391//319 367//322
f 393//323 392//321 369//324
f 341//325 393//323 371//326
f 371//326 329//325 341//325
f 369//324 371//326 393//323
f 367//322 369//324 392//321
f 365//320 367//322 391//319
f 363//318 365//320 390//317
f 361//316 363//318 389//315
f 359//314 361//316 388//313
f 357//312 359//314 387//311
f 355//310 357//312 386//309
f 353//308 355//310 385//307
f 351//306 353//308 384//305
f 349//304 351//306 383//303
f 372//302 349//304 381//301
f 394//327 395//327 396//328
f 397//328 396//328 398//329
f 399//329 398//329 400//330
f 401//330 400//330 402//331
f 403//331 402//331 404//332
f 405//332 404//332 406//333
f 407//333 406//333 408//334
f 409//334 408//334 347//335
f 347//335 372//335 409//334
f 408//334 409//334 407//333
f 406//333 407//333 405//332
f 404//332 405//332 403//331
f 402//331 403//331 401//330
f 400//330 401//330 399//329
f 398//329 399//329 397//328
f 396//328 397//328 394//327
f 380//336 410//337 393//337
f 410//337 411//338 392//338
f 411//338 412//339 391//339
f 412//339 413//340 390//340
f 413//340 414//341 389//341
f 414//341 415//342 388//342
f 415//342 416//343 387//343
f 416//343 417//344 386//344
f 417//344 418//345 385//345
f 418//345 419//346 384//346
f 419//346 420//347 383//347
f 420//347 421//348 381//348
f 421//348 422//349 382//349
f 382//349 381//348 421//348
f 381//348 383//347 420//347
f 383//347 384//346 419//346
f 384//346 385//345 418//345
f 385//345 386//344 417//344
f 386//344 387//343 416//343
f 387//343 388//342 415//342
f 388//342 389//341 414//341
f 389//341 390//340 413//340
f 390//340 391//339 412//339
f 391//339 392//338 411//338
f 392//338 393//337 410//337
f 393//337 341//350 380//336
f 423//351 394//351 397//352
f 424//352 397//352 399//353
f 425//353 399//353 401//354
f 426//354 401//354 403//355
f 427//355 403//355 405//356
f 428//356 405//356 407//357
f 429//357 407//357 409//358
f 430//358 409//358 372//359
f 372//359 382//359 430//358
f 409//358 430//358 429//357
f 407//357 429//357 428//356
f 405//356 428//356 427//355
f 403//355 427//355 426//354
f 401//354 426//354 425//353
f 399//353 425//353 424//352
f 397//352 424//352 423//351
f 431//360 432//360 395//360
f 395//360 394//360 431//360
f 382//361 422//361 433//362
f 430//362 433//362 434//363
f 429//363 434//363 435//364
f 428//364 435//364 436//365
f 427//365 436//365 437//366
f 426//366 437//366 438//367
f 425//367 438//367 439//368
f 424//368 439//368 440//369
f 440//369 423//369 424//368
f 439//368 424//368 425//367
f 438//367 425//367 426//366
f 437//366 426//366 427//365
f 436//365 427//365 428//364
f 435//364 428//364 429//363
f 434//363 429//363 430//362
f 433//362 430//362 382//361
f 441//369 423//369 440//369
f 440//369 442//369 441//369
f 325//370 443//370 444//371
f 324//371 444//371 445//372
f 323//372 445//372 446//373
f 322//373 446//373 447//374
f 321//374 447//374 448//375
f 320//375 448//375 449//376
f 319//376 449//376 450//377
f 318//377 450//377 451//378
f 317//378 451//378 452//379
f 316//379 452//379 453//380
f 315//380 453//380 454//381
f 314//381 454//381 455//382
f 313//382 455//382 456//383
f 312//383 456//383 457//384
f 311//384 457//384 458//385
f 310//385 458//385 459//386
f 309//386 459//386 460//387
f 308//387 460//387 461//388
f 307//388 461//388 462//389
f 306//389 462//389 463//390
f 305//390 463//390 464//391
f 304//391 464//391 465//392
f 303//392 465//392 466//393
f 302//393 466//393 467//394
f 301//394 467//394 468//395
f 300//395 468//395 469//396
f 299//396 469//396 470//397
f 298//397 470//397 471//398
f 297//398 471//398 373//399
f 373//399 296//399 297//398
f 471//398 297//398 298//397
f 470//397 298//397 299//396
f 469//396 299//396 300//395
f 468//395 300//395 301//394
f 467//394 301//394 302//393
f 466//393 302//393 303//392
f 465//392 303//392 304//391
f 464//391 304//391 305//390
f 463//390 305//390 306//389
f 462//389 306//389 307//388
f 461//388 307//388 308//387
f 460//387 308//387 309//386
f 459//386 309//386 310//385
f 458//385 310//385 311//384
f 457//384 311//384 312//383
f 456//383 312//383 313//382
f 455//382 313//382 314//381
f 454//381 314//381 315//380
f 453//380 315//380 316//379
f 452//379 316//379 317//378
f 451//378 317//378 318//377
f 450//377 318//377 319//376
f 449//376 319//376 320//375
f 448//375 320//375 321//374
f 447//374 321//374 322//373
f 446//373 322//373 323//372
f 445//372 323//372 324//371
f 444//371 324//371 325//370
f 472//400 325//400 293//400
f 293//400 295//400 472//400
f 295//401 294//401 473//402
f 474//402 473//402 475//403
f 476//403 475//403 477//404
f 478//404 477//404 479//405
f 480//405 479//405 481//406
f 482//406 481//406 483//407
f 483//407 484//407 482//406
f 481//406 482//406 480//405
f 479//405 480//405 478//404
f 477//404 478//404 476//403
f 475//403 476//403 474//402
f 473//402 474//402 295//401
f 443//408 325//408 472//408
f 472//408 485//408 443//408
f 472//409 295//409 474//410
f 486//410 474//410 476//411
f 487//411 476//411 478//412
f 488//412 478//412 480//413
f 489//413 480//413 482//414
f 490//414 482//414 484//415
f 484//415 491//415 490//414
f 482//414 490//414 489//413
f 480//413 489//413 488//412
f 478//412 488//412 487//411
f 476//411 487//411 486//410
f 474//410 486//410 472//409
f 483//416 492//417 493//417
f 492//417 494//418 495//418
f 494//418 496//419 497//419
f 496//419 498//420 499//420
f 498//420 500//421 501//421
f 500//421 502//422 503//422
f 502//422 504//423 505//423
f 504//423 506//424 507//424
f 506//424 508//425 509//425
f 508//425 510//426 511//426
f 510//426 512//427 513//427
f 512//427 514//428 515//428
f 514//428 516//429 517//429
f 517//429 515//428 514//428
f 515//428 513//427 512//427
f 513//427 511//426 510//426
f 511//426 509//425 508//425
f 509//425 507//424 506//424
f 507//424 505//423 504//423
f 505//423 503//422 502//422
f 503//422 501//421 500//421
f 501//421 499//420 498//420
f 499//420 497//419 496//419
f 497//419 495//418 494//418
f 495//418 493//417 492//417
f 493//417 484//430 483//416
f 491//431 518//431 519//432
f 490//432 519//432 520//433
f 489//433 520//433 521//434
f 488//434 521//434 522//435
f 487//435 522//435 523//436
f 486//436 523//436 485//437
f 485//437 472//437 486//436
f 523//436 486//436 487//435
f 522//435 487//435 488//434
f 521//434 488//434 489//433
f 520//433 489//433 490//432
f 519//432 490//432 491//431
f 524//438 491//439 484//439
f 525//440 524//438 493//441
f 526//442 525//440 495//443
f 527//444 526//442 497//445
f 528//446 527//444 499//447
f 529//448 528//446 501//449
f 530//450 529//448 503//451
f 531//452 530//450 505//453
f 532//454 531//452 507//455
f 533//456 532//454 509//457
f 534//458 533//456 511//459
f 535//460 534//458 513//461
f 536//462 535//460 515//463
f 515//463 517//462 536//462
f 513//461 515//463 535//460
f 511//459 513//461 534//458
f 509//457 511//459 533//456
f 507//455 509//457 532//454
f 505//453 507//455 531//452
f 503//451 505//453 530//450
f 501//449 503//451 529//448
f 499//447 501//449 528//446
f 497//445 499//447 527//444
f 495//443 497//445 526//442
f 493//441 495//443 525//440
f 484//439 493//441 524//438
f 517//464 516//464 537//465
f 538//465 537//465 539//466
f 540//466 539//466 541//467
f 542//467 541//467 543//468
f 544//468 543//468 545//469
f 546//469 545//469 547//470
f 548//470 547//470 549//471
f 550//471 549//471 551//472
f 551//472 552//472 550//471
f 549//471 550//471 548//470
f 547//470 548//470 546//469
f 545//469 546//469 544//468
f 543//468 544//468 542//467
f 541//467 542//467 540//466
f 539//466 540//466 538//465
f 537//465 538//465 517//464
f 553//473 554//474 535//474
f 554//474 555//475 534//475
f 555//475 556//476 533//476
f 556//476 557//477 532//477
f 557//477 558//478 531//478
f 558//478 559//479 530//479
f 559//479 560//480 529//480
f 560//480 561//481 528//481
f 561//481 562//482 527//482
f 562//482 563//483 526//483
f 563//483 564//484 525//484
f 564//484 565//485 524//485
f 565//485 518//486 491//486
f 491//486 524//485 565//485
f 524//485 525//484 564//484
f 525//484 526//483 563//483
f 526//483 527//482 562//482
f 527//482 528//481 561//481
f 528//481 529//480 560//480
f 529//480 530//479 559//479
f 530//479 531//478 558//478
f 531//478 532//477 557//477
f 532//477 533//476 556//476
f 533//476 534//475 555//475
f 534//475 535//474 554//474
f 535//474 536//487 553//473
f 536//488 517//488 538//489
f 566//489 538//489 540//490
f 567//490 540//490 542//491
f 568//491 542//491 544//492
f 569//492 544//492 546//493
f 570//493 546//493 548//494
f 571//494 548//494 550//495
f 572//495 550//495 552//496
f 552//496 573//496 572//495
f 550//495 572//495 571//494
f 548//494 571//494 570//493
f 546//493 570//493 569//492
f 544//492 569//492 568//491
f 542//491 568//491 567//490
f 540//490 567//490 566//489
f 538//489 566//489 536//488
f 574//497 552//497 551//497
f 551//497 575//497 574//497
f 573//498 576//498 577//499
f 572//499 577//499 578//500
f 571//500 578//500 579//501
f 570//501 579//501 580//502
f 569//502 580//502 581//503
f 568//503 581//503 582//504
f 567//504 582//504 583//505
f 566//505 583//505 553//506
f 553//506 536//506 566//505
f 583//505 566//505 567//504
f 582//504 567//504 568//503
f 581//503 568//503 569//502
f 580//502 569//502 570//501
f 579//501 570//501 571//500
f 578//500 571//500 572//499
f 577//499 572//499 573//498
f 573//507 584//507 585//507
f 585//507 576//507 573//507
f 441//508 586//508 587//508
f 441//508 588//508 589//508
f 441//508 590//508 591//508
f 589//508 586//508 441//508
f 441//508 592//508 593//508
f 441//508 594//508 590//508
f 423//508 441//508 595//508
f 587//508 596//508 441//508
f 591//508 592//508 441//508
f 441//508 597//508 598//508
f 597//508 599//508 600//508
f 595//508 431//508 423//508
f 441//508 601//508 588//508
f 441//508 602//508 594//508
f 600//508 598//508 597//508
f 596//508 595//508 441//508
f 598//508 602//508 441//508
f 593//508 601//508 441//508
f 431//508 394//508 423//508
f 603//509 604//509 605//509
f 606//509 607//509 604//509
f 608//509 609//509 610//509
f 604//509 603//509 606//509
f 611//509 612//509 607//509
f 613//509 614//509 612//509
f 615//509 616//509 614//509
f 617//509 618//509 616//509
f 619//509 620//509 618//509
f 621//509 622//509 623//509
f 624//509 610//509 622//509
f 610//509 624//509 608//509
f 625//509 626//509 627//509
f 607//509 606//509 611//509
f 614//509 613//509 615//509
f 618//509 617//509 619//509
f 628//509 629//509 620//509
f 622//509 621//509 624//509
f 627//509 609//509 625//509
f 630//509 441//509 442//509
f 585//509 631//509 632//509
f 584//509 633//509 634//509
f 612//509 611//509 613//509
f 620//509 619//509 628//509
f 635//509 623//509 629//509
f 608//509 625//509 609//509
f 636//509 637//509 638//509
f 637//509 639//509 640//509
f 639//509 641//509 642//509
f 641//509 643//509 644//509
f 442//509 645//509 630//509
f 632//509 646//509 585//509
f 647//509 631//509 585//509
f 584//509 648//509 649//509
f 633//509 650//509 634//509
f 651//509 652//509 653//509
f 654//509 605//509 652//509
f 616//509 615//509 617//509
f 623//509 635//509 621//509
f 640//509 638//509 637//509
f 644//509 642//509 641//509
f 643//509 597//509 655//509
f 442//509 656//509 645//509
f 646//509 657//509 585//509
f 649//509 647//509 584//509
f 633//509 653//509 650//509
f 652//509 651//509 654//509
f 629//509 628//509 635//509
f 626//509 658//509 659//509
f 658//509 660//509 661//509
f 662//509 663//509 664//509
f 663//509 665//509 666//509
f 642//509 640//509 639//509
f 597//509 667//509 655//509
f 441//509 668//509 669//509
f 442//509 670//509 656//509
f 585//509 584//509 647//509
f 634//509 671//509 584//509
f 605//509 654//509 603//509
f 661//509 659//509 658//509
f 672//509 673//509 674//509
f 673//509 662//509 675//509
f 666//509 664//509 663//509
f 665//509 636//509 676//509
f 655//509 644//509 643//509
f 669//509 597//509 441//509
f 441//509 677//509 678//509
f 442//509 679//509 670//509
f 671//509 648//509 584//509
f 659//509 627//509 626//509
f 660//509 672//509 680//509
f 675//509 674//509 673//509
f 676//509 666//509 665//509
f 669//509 667//509 597//509
f 630//509 677//509 441//509
f 653//509 633//509 651//509
f 674//509 680//509 672//509
f 638//509 676//509 636//509
f 442//509 681//509 679//509
f 680//509 661//509 660//509
f 678//509 668//509 441//509
f 664//509 675//509 662//509
f 657//509 682//509 585//509
f 584//510 683//510 684//510
f 584//510 685//510 686//510
f 684//510 687//510 584//510
f 584//510 688//510 689//510
f 584//510 690//510 685//510
f 584//510 691//510 692//510
f 689//510 683//510 584//510
f 584//510 693//510 690//510
f 633//510 692//510 694//510
f 584//510 695//510 691//510
f 686//510 688//510 584//510
f 584//510 696//510 697//510
f 692//510 633//510 584//510
f 697//510 693//510 584//510
f 573//510 574//510 696//510
f 687//510 695//510 584//510
f 573//510 552//510 574//510
f 696//510 584//510 573//510
f 694//510 698//510 633//510
f 599//511 597//511 643//512
f 699//512 643//512 641//513
f 700//513 641//513 639//514
f 701//514 639//514 637//515
f 702//515 637//515 636//516
f 703//516 636//516 665//517
f 704//517 665//517 663//518
f 705//518 663//518 662//519
f 706//519 662//519 673//520
f 707//520 673//520 672//521
f 708//521 672//521 660//522
f 709//522 660//522 658//523
f 710//523 658//523 626//524
f 711//524 626//524 625//525
f 712//525 625//525 608//526
f 713//526 608//526 624//527
f 714//527 624//527 621//528
f 715//528 621//528 635//529
f 716//529 635//529 628//530
f 717//530 628//530 619//531
f 718//531 619//531 617//532
f 719//532 617//532 615//533
f 720//533 615//533 613//534
f 721//534 613//534 611//535
f 722//535 611//535 606//536
f 723//536 606//536 603//537
f 724//537 603//537 654//538
f 725//538 654//538 651//539
f 726//539 651//539 633//540
f 633//540 698//540 726//539
f 651//539 726//539 725//538
f 654//538 725//538 724//537
f 603//537 724//537 723//536
f 606//536 723//536 722//535
f 611//535 722//535 721//534
f 613//534 721//534 720//533
f 615//533 720//533 719//532
f 617//532 719//532 718//531
f 619//531 718//531 717//530
f 628//530 717//530 716//529
f 635//529 716//529 715//528
f 621//528 715//528 714//527
f 624//527 714//527 713//526
f 608//526 713//526 712//525
f 625//525 712//525 711//524
f 626//524 711//524 710//523
f 658//523 710//523 709//522
f 660//522 709//522 708//521
f 672//521 708//521 707//520
f 673//520 707//520 706//519
f 662//519 706//519 705//518
f 663//518 705//518 704//517
f 665//517 704//517 703//516
f 636//516 703//516 702//515
f 637//515 702//515 701//514
f 639//514 701//514 700//513
f 641//513 700//513 699//512
f 643//512 699//512 599//511
f 694//541 692//542 727//542
f 692//542 691//543 728//543
f 691//543 695//544 729//544
f 695//544 687//545 730//545
f 687//545 684//546 731//546
f 684//546 683//547 732//547
f 683//547 689//548 733//548
f 689//548 688//549 734//549
f 688//549 686//550 735//550
f 686//550 685//551 736//551
f 685//551 690//552 737//552
f 690//552 693//553 738//553
f 693//553 697//554 739//554
f 697//554 696//555 740//555
f 696//555 574//556 575//556
f 575//556 740//555 696//555
f 740//555 739//554 697//554
f 739//554 738//553 693//553
f 738//553 737//552 690//552
f 737//552 736//551 685//551
f 736//551 735//550 686//550
f 735//550 734//549 688//549
f 734//549 733//548 689//548
f 733//548 732//547 683//547
f 732//547 731//546 684//546
f 731//546 730//545 687//545
f 730//545 729//544 695//544
f 729//544 728//543 691//543
f 728//543 727//542 692//542
f 727//542 741//557 694//541
f 698//557 694//557 741//557
f 741//557 742//557 698//557
f 698//557 742//557 743//558
f 726//558 743//558 744//559
f 725//559 744//559 745//560
f 724//560 745//560 746//561
f 723//561 746//561 747//562
f 722//562 747//562 748//563
f 721//563 748//563 749//564
f 720//564 749//564 750//565
f 719//565 750//565 751//566
f 718//566 751//566 752//567
f 717//567 752//567 753//568
f 716//568 753//568 754//569
f 715//569 754//569 755//570
f 714//570 755//570 756//571
f 713//571 756//571 757//572
f 712//572 757//572 758//573
f 711//573 758//573 759//574
f 710//574 759//574 760//575
f 709//575 760//575 761//576
f 708//576 761//576 762//577
f 707//577 762//577 763//578
f 706//578 763//578 764//579
f 705//579 764//579 765//580
f 704//580 765//580 766//581
f 703//581 766//581 767//582
f 702//582 767//582 768//583
f 701//583 768//583 769//584
f 700//584 769//584 770//585
f 699//585 770//585 771//586
f 771//586 599//586 699//585
f 770//585 699//585 700//584
f 769//584 700//584 701//583
f 768//583 701//583 702//582
f 767//582 702//582 703//581
f 766//581 703//581 704//580
f 765//580 704//580 705//579
f 764//579 705//579 706//578
f 763//578 706//578 707//577
f 762//577 707//577 708//576
f 761//576 708//576 709//575
f 760//575 709//575 710//574
f 759//574 710//574 711//573
f 758//573 711//573 712//572
f 757//572 712//572 713//571
f 756//571 713//571 714//570
f 755//570 714//570 715//569
f 754//569 715//569 716//568
f 753//568 716//568 717//567
f 752//567 717//567 718//566
f 751//566 718//566 719//565
f 750//565 719//565 720//564
f 749//564 720//564 721//563
f 748//563 721//563 722//562
f 747//562 722//562 723//561
f 746//561 723//561 724//560
f 745//560 724//560 725//559
f 744//559 725//559 726//558
f 743//558 726//558 698//557
f 771//586 772//586 600//586
f 600//586 599//586 771//586
f 431//587 595//588 773//588
f 595//588 596//589 774//589
f 596//589 587//590 775//590
f 587//590 586//591 776//591
f 586//591 589//592 777//592
f 589//592 588//593 778//593
f 588//593 601//594 779//594
f 601//594 593//595 780//595
f 593//595 592//596 781//596
f 592//596 591//597 782//597
f 591//597 590//598 783//598
f 590//598 594//599 784//599
f 594//599 602//600 785//600
f 602//600 598//601 786//601
f 598//601 600//602 772//602
f 772//602 786//601 598//601
f 786//601 785//600 602//600
f 785//600 784//599 594//599
f 784//599 783//598 590//598
f 783//598 782//597 591//597
f 782//597 781//596 592//596
f 781//596 780//595 593//595
f 780//595 779//594 601//594
f 779//594 778//593 588//593
f 778//593 777//592 589//592
f 777//592 776//591 586//591
f 776//591 775//590 587//590
f 775//590 774//589 596//589
f 774//589 773//588 595//588
f 773//588 432//603 431//587
f 681//604 787//604 788//605
f 679//605 788//605 789//606
f 670//606 789//606 790//607
f 656//607 790//607 791//608
f 645//608 791//608 792//609
f 630//609 792//609 793//610
f 677//610 793//610 794//611
f 678//611 794//611 795//612
f 668//612 795//612 796//613
f 669//613 796//613 797//614
f 667//614 797//614 798//615
f 655//615 798//615 799//616
f 644//616 799//616 800//617
f 642//617 800//617 801//618
f 640//618 801//618 802//619
f 638//619 802//619 803//620
f 676//620 803//620 804//621
f 666//621 804//621 805//622
f 664//622 805//622 806//623
f 675//623 806//623 807//624
f 674//624 807//624 808//625
f 680//625 808//625 809//626
f 661//626 809//626 810//627
f 659//627 810//627 811//628
f 627//628 811//628 812//629
f 609//629 812//629 813//630
f 610//630 813//630 814//631
f 622//631 814//631 815//632
f 623//632 815//632 816//633
f 629//633 816//633 817//634
f 620//634 817//634 818//635
f 618//635 818//635 819//636
f 616//636 819//636 820//637
f 614//637 820//637 821//638
f 612//638 821//638 822//639
f 607//639 822//639 823//640
f 604//640 823//640 824//641
f 605//641 824//641 825//642
f 652//642 825//642 826//643
f 653//643 826//643 827//644
f 650//644 827//644 828//645
f 634//645 828//645 829//646
f 671//646 829//646 830//647
f 648//647 830//647 831//648
f 649//648 831//648 832//649
f 647//649 832//649 833//650
f 631//650 833//650 834//651
f 632//651 834//651 835//652
f 646//652 835//652 836//653
f 657//653 836//653 837//654
f 837//654 682//654 657//653
f 836//653 657//653 646//652
f 835//652 646//652 632//651
f 834//651 632//651 631//650
f 833//650 631//650 647//649
f 832//649 647//649 649//648
f 831//648 649//648 648//647
f 830//647 648//647 671//646
f 829//646 671//646 634//645
f 828//645 634//645 650//644
f 827//644 650//644 653//643
f 826//643 653//643 652//642
f 825//642 652//642 605//641
f 824//641 605//641 604//640
f 823//640 604//640 607//639
f 822//639 607//639 612//638
f 821//638 612//638 614//637
f 820//637 614//637 616//636
f 819//636 616//636 618//635
f 818//635 618//635 620//634
f 817//634 620//634 629//633
f 816//633 629//633 623//632
f 815//632 623//632 622//631
f 814//631 622//631 610//630
f 813//630 610//630 609//629
f 812//629 609//629 627//628
f 811//628 627//628 659//627
f 810//627 659//627 661//626
f 809//626 661//626 680//625
f 808//625 680//625 674//624
f 807//624 674//624 675//623
f 806//623 675//623 664//622
f 805//622 664//622 666//621
f 804//621 666//621 676//620
f 803//620 676//620 638//619
f 802//619 638//619 640//618
f 801//618 640//618 642//617
f 800//617 642//617 644//616
f 799//616 644//616 655//615
f 798//615 655//615 667//614
f 797//614 667//614 669//613
f 796//613 669//613 668//612
f 795//612 668//612 678//611
f 794//611 678//611 677//610
f 793//610 677//610 630//609
f 792//609 630//609 645//608
f 791//608 645//608 656//607
f 790//607 656//607 670//606
f 789//606 670//606 679//605
f 788//605 679//605 681//604
f 836//655 788//655 787//655
f 787//655 837//655 836//655
f 802//655 800//655 799//655
f 796//655 804//655 803//655
f 835//655 789//655 788//655
f 802//655 798//655 797//655
f 802//655 801//655 800//655
f 796//655 805//655 804//655
f 796//655 807//655 806//655
f 794//655 817//655 816//655
f 836//655 835//655 788//655
f 799//655 798//655 802//655
f 806//655 805//655 796//655
f 816//655 815//655 794//655
f 794//655 830//655 829//655
f 834//655 790//655 789//655
f 803//655 802//655 796//655
f 794//655 812//655 811//655
f 794//655 814//655 813//655
f 794//655 818//655 817//655
f 794//655 820//655 819//655
f 794//655 831//655 830//655
f 834//655 791//655 790//655
f 796//655 808//655 807//655
f 796//655 810//655 809//655
f 813//655 812//655 794//655
f 819//655 818//655 794//655
f 794//655 823//655 822//655
f 794//655 827//655 826//655
f 794//655 832//655 831//655
f 794//655 834//655 833//655
f 834//655 792//655 791//655
f 834//655 794//655 793//655
f 810//655 796//655 795//655
f 809//655 808//655 796//655
f 815//655 814//655 794//655
f 822//655 821//655 794//655
f 794//655 825//655 824//655
f 794//655 828//655 827//655
f 833//655 832//655 794//655
f 793//655 792//655 834//655
f 797//655 796//655 802//655
f 821//655 820//655 794//655
f 826//655 825//655 794//655
f 835//655 834//655 789//655
f 811//655 810//655 794//655
f 829//655 828//655 794//655
f 824//655 823//655 794//655
f 795//655 794//655 810//655
f 838//656 751//656 750//656
f 839//656 771//656 770//656
f 838//656 752//656 751//656
f 838//656 754//656 753//656
f 838//656 757//656 756//656
f 839//656 765//656 764//656
f 839//656 767//656 766//656
f 770//656 769//656 839//656
f 838//656 749//656 748//656
f 753//656 752//656 838//656
f 756//656 755//656 838//656
f 766//656 765//656 839//656
f 769//656 768//656 839//656
f 748//656 747//656 838//656
f 755//656 754//656 838//656
f 838//656 759//656 758//656
f 768//656 767//656 839//656
f 747//656 746//656 838//656
f 758//656 757//656 838//656
f 838//656 761//656 760//656
f 764//656 763//656 839//656
f 838//656 744//656 743//656
f 750//656 749//656 838//656
f 838//656 762//656 761//656
f 839//656 772//656 771//656
f 838//656 745//656 744//656
f 760//656 759//656 838//656
f 762//656 838//656 839//656
f 840//656 839//656 838//656
f 746//656 745//656 838//656
f 838//656 841//656 840//656
f 743//656 742//656 838//656
f 742//656 741//656 838//656
f 763//656 762//656 839//656
f 740//657 575//658 842//658
f 739//659 740//657 843//660
f 738//661 739//659 844//662
f 737//663 738//661 845//664
f 736//665 737//663 846//666
f 735//667 736//665 847//668
f 734//669 735//667 848//670
f 733//671 734//669 849//672
f 733//671 850//671 851//673
f 851//673 732//674 733//671
f 731//675 852//676 853//677
f 731//675 854//678 852//676
f 853//677 855//679 731//675
f 731//675 732//674 856//680
f 856//680 857//681 731//675
f 857//681 854//678 731//675
f 730//682 858//683 859//684
f 730//682 731//675 860//685
f 860//685 861//686 730//682
f 861//686 858//683 730//682
f 729//687 862//688 863//689
f 729//687 864//690 862//688
f 729//687 730//682 865//691
f 865//691 866//692 729//687
f 866//692 864//690 729//687
f 728//693 867//694 868//695
f 728//693 869//696 867//694
f 728//693 729//687 870//697
f 870//697 869//696 728//693
f 727//698 871//699 872//700
f 727//698 873//701 874//702
f 874//702 871//699 727//698
f 727//698 728//693 875//703
f 875//703 873//701 727//698
f 741//704 876//705 877//706
f 877//706 878//707 741//704
f 741//704 727//698 879//708
f 879//708 880//709 741//704
f 880//709 876//705 741//704
f 878//707 838//710 741//704
f 872//700 879//708 727//698
f 868//695 875//703 728//693
f 863//689 870//697 729//687
f 859//684 865//691 730//682
f 855//679 860//685 731//675
f 851//673 856//680 732//674
f 849//672 850//671 733//671
f 848//670 849//672 734//669
f 847//668 848//670 735//667
f 846//666 847//668 736//665
f 845//664 846//666 737//663
f 844//662 845//664 738//661
f 843//660 844//662 739//659
f 842//658 843//660 740//657
f 841//710 838//710 878//711
f 878//711 881//712 841//710
f 881//712 876//713 880//714
f 881//712 877//715 876//713
f 882//716 880//714 879//717
f 879//717 883//718 882//716
f 883//718 871//719 874//720
f 883//718 872//721 871//719
f 884//722 873//723 875//724
f 885//725 874//720 873//723
f 873//723 884//722 885//725
f 884//722 868//726 867//727
f 886//728 869//729 870//730
f 887//731 867//727 869//729
f 869//729 886//728 887//731
f 886//728 863//732 862//733
f 888//734 862//733 864//735
f 864//735 889//736 888//734
f 889//736 866//737 865//738
f 865//738 890//739 889//736
f 890//739 859//740 858//741
f 858//741 891//742 890//739
f 891//742 855//743 853//744
f 891//742 861//745 860//746
f 860//746 855//743 891//742
f 892//747 853//744 852//748
f 893//749 854//750 857//751
f 893//749 852//748 854//750
f 894//752 856//753 851//754
f 894//752 857//751 856//753
f 851//754 895//754 894//752
f 857//751 894//752 893//749
f 852//748 893//749 892//747
f 853//744 892//747 891//742
f 858//741 861//745 891//742
f 865//738 859//740 890//739
f 864//735 866//737 889//736
f 862//733 888//734 886//728
f 870//730 863//732 886//728
f 867//727 887//731 884//722
f 875//724 868//726 884//722
f 874//720 885//725 883//718
f 879//717 872//721 883//718
f 880//714 882//716 881//712
f 878//711 877//715 881//712
f 786//755 896//756 897//757
f 786//755 898//758 896//756
f 772//759 839//759 898//758
f 898//758 786//755 772//759
f 786//755 899//760 900//761
f 786//755 901//762 899//760
f 786//755 902//763 903//764
f 903//764 904//765 786//755
f 904//765 901//762 786//755
f 785//766 905//767 906//768
f 785//766 907//769 905//767
f 785//766 900//761 908//770
f 908//770 907//769 785//766
f 784//771 909//772 910//773
f 784//771 911//774 909//772
f 784//771 912//775 911//774
f 784//771 906//768 913//776
f 913//776 912//775 784//771
f 783//777 914//778 915//779
f 783//777 916//780 917//781
f 783//777 918//782 919//783
f 919//783 916//780 783//777
f 783//777 910//773 918//782
f 917//781 914//778 783//777
f 782//784 920//785 921//786
f 782//784 922//787 920//785
f 782//784 923//788 924//789
f 782//784 915//779 923//788
f 924//789 922//787 782//784
f 780//790 925//791 926//792
f 781//793 921//786 925//791
f 925//791 780//790 781//793
f 927//794 928//795 779//795
f 928//795 929//796 778//796
f 929//796 930//797 777//797
f 930//797 931//798 776//798
f 931//798 932//799 775//799
f 932//799 933//800 774//800
f 933//800 934//801 773//801
f 934//801 935//802 432//802
f 432//802 773//801 934//801
f 773//801 774//800 933//800
f 774//800 775//799 932//799
f 775//799 776//798 931//798
f 776//798 777//797 930//797
f 777//797 778//796 929//796
f 778//796 779//795 928//795
f 779//795 780//790 927//794
f 926//792 927//794 780//790
f 921//786 781//793 782//784
f 915//779 782//784 783//777
f 910//773 783//777 784//771
f 906//768 784//771 785//766
f 900//761 785//766 786//755
f 897//757 902//763 786//755
f 936//803 925//804 921//805
f 936//803 937//806 926//806
f 926//806 925//804 936//803
f 938//807 936//803 920//808
f 920//808 922//809 938//807
f 939//810 938//807 924//811
f 940//812 939//810 923//813
f 923//813 915//814 940//812
f 915//814 914//815 940//812
f 941//816 940//812 917//817
f 917//817 916//818 941//816
f 942//819 918//820 910//821
f 942//819 941//816 919//822
f 919//822 918//820 942//819
f 943//823 942//819 909//824
f 944//825 943//823 911//826
f 911//826 912//827 944//825
f 945//828 944//825 913//829
f 913//829 906//830 945//828
f 946//831 945//828 905//832
f 905//832 907//833 946//831
f 947//834 946//831 908//835
f 908//835 900//836 947//834
f 948//837 947//834 899//838
f 899//838 901//839 948//837
f 949//840 903//841 902//842
f 949//840 948//837 904//843
f 904//843 903//841 949//840
f 950//844 949//840 897//845
f 840//846 950//844 896//847
f 896//847 898//848 840//846
f 898//848 839//849 840//846
f 897//845 896//847 950//844
f 902//842 897//845 949//840
f 901//839 904//843 948//837
f 900//836 899//838 947//834
f 907//833 908//835 946//831
f 906//830 905//832 945//828
f 912//827 913//829 944//825
f 909//824 911//826 943//823
f 910//821 909//824 942//819
f 916//818 919//822 941//816
f 914//815 917//817 940//812
f 924//811 923//813 939//810
f 922//809 924//811 938//807
f 921//805 920//808 936//803
f 951//850 895//850 842//850
f 895//850 846//850 845//850
f 895//850 843//850 842//850
f 845//850 844//850 895//850
f 844//850 843//850 895//850
f 895//850 848//850 847//850
f 895//850 851//850 850//850
f 847//850 846//850 895//850
f 850//850 849//850 895//850
f 849//850 848//850 895//850
f 842//850 952//850 951//850
f 937//851 933//851 932//851
f 937//851 931//851 930//851
f 937//851 934//851 933//851
f 953//851 954//851 935//851
f 937//851 928//851 927//851
f 932//851 931//851 937//851
f 935//851 937//851 953//851
f 937//851 929//851 928//851
f 935//851 934//851 937//851
f 930//851 929//851 937//851
f 927//851 926//851 937//851
f 545//852 543//852 541//852
f 539//852 549//852 547//852
f 180//852 955//852 956//852
f 180//852 432//852 957//852
f 575//852 958//852 959//852
f 259//852 960//852 961//852
f 547//852 545//852 539//852
f 395//852 400//852 398//852
f 395//852 404//852 402//852
f 395//852 347//852 408//852
f 182//852 350//852 348//852
f 180//852 962//852 963//852
f 180//852 964//852 965//852
f 957//852 955//852 180//852
f 432//852 966//852 967//852
f 432//852 968//852 969//852
f 575//852 970//852 958//852
f 961//852 575//852 259//852
f 259//852 971//852 972//852
f 259//852 260//852 973//852
f 541//852 539//852 545//852
f 185//852 333//852 331//852
f 183//852 368//852 366//852
f 402//852 400//852 395//852
f 408//852 406//852 395//852
f 182//852 352//852 350//852
f 182//852 356//852 354//852
f 182//852 183//852 360//852
f 963//852 974//852 180//852
f 956//852 964//852 180//852
f 969//852 966//852 432//852
f 432//852 935//852 954//852
f 961//852 970//852 575//852
f 259//852 975//852 971//852
f 259//852 976//852 977//852
f 973//852 978//852 259//852
f 537//852 551//852 549//852
f 185//852 337//852 335//852
f 337//852 185//852 186//852
f 331//852 184//852 185//852
f 366//852 364//852 183//852
f 183//852 184//852 370//852
f 406//852 404//852 395//852
f 354//852 352//852 182//852
f 360//852 358//852 182//852
f 180//852 979//852 980//852
f 965//852 962//852 180//852
f 954//852 968//852 432//852
f 575//852 981//852 952//852
f 972//852 960//852 259//852
f 259//852 982//852 983//852
f 978//852 976//852 259//852
f 257//852 551//852 514//852
f 539//852 537//852 549//852
f 256//852 494//852 492//852
f 256//852 500//852 498//852
f 254//852 255//852 481//852
f 186//852 187//852 327//852
f 186//852 339//852 337//852
f 331//852 330//852 184//852
f 370//852 368//852 183//852
f 395//852 348//852 347//852
f 358//852 356//852 182//852
f 180//852 984//852 979//852
f 967//852 957//852 432//852
f 959//852 981//852 575//852
f 977//852 982//852 259//852
f 257//852 510//852 508//852
f 514//852 512//852 257//852
f 537//852 516//852 551//852
f 256//852 496//852 494//852
f 256//852 502//852 500//852
f 255//852 483//852 481//852
f 327//852 339//852 186//852
f 330//852 370//852 184//852
f 364//852 362//852 183//852
f 348//852 395//852 182//852
f 181//852 182//852 395//852
f 974//852 984//852 180//852
f 980//852 177//852 178//852
f 980//852 973//852 176//852
f 973//852 260//852 261//852
f 983//852 975//852 259//852
f 508//852 506//852 257//852
f 516//852 514//852 551//852
f 498//852 496//852 256//852
f 255//852 492//852 483//852
f 475//852 473//852 253//852
f 254//852 479//852 477//852
f 327//852 189//852 263//852
f 187//852 188//852 327//852
f 362//852 360//852 183//852
f 395//852 432//852 181//852
f 980//852 179//852 180//852
f 176//852 177//852 980//852
f 261//852 262//852 973//852
f 575//852 258//852 259//852
f 257//852 504//852 502//852
f 512//852 510//852 257//852
f 481//852 479//852 254//852
f 477//852 475//852 254//852
f 253//852 473//852 294//852
f 188//852 189//852 327//852
f 398//852 396//852 395//852
f 178//852 179//852 980//852
f 952//852 842//852 575//852
f 258//852 575//852 551//852
f 506//852 504//852 257//852
f 253//852 254//852 475//852
f 294//852 251//852 252//852
f 335//852 333//852 185//852
f 262//852 176//852 973//852
f 502//852 256//852 257//852
f 294//852 252//852 253//852
f 180//852 181//852 432//852
f 492//852 255//852 256//852
f 294//852 248//852 249//852
f 551//852 257//852 258//852
f 249//852 250//852 294//852
f 250//852 251//852 294//852
f 263//852 191//852 327//852
f 985//853 986//854 980//854
f 987//855 985//853 979//856
f 988//857 987//855 984//858
f 989//859 988//857 974//860
f 990//861 989//859 963//862
f 991//863 990//861 962//864
f 992//865 991//863 965//866
f 993//867 992//865 964//868
f 994//869 993//867 956//870
f 995//871 994//869 955//872
f 996//873 995//871 957//874
f 997//875 996//873 967//876
f 998//877 997//875 966//878
f 999//879 998//877 969//880
f 953//881 999//879 968//882
f 968//882 954//881 953//881
f 969//880 968//882 999//879
f 966//878 969//880 998//877
f 967//876 966//878 997//875
f 957//874 967//876 996//873
f 955//872 957//874 995//871
f 956//870 955//872 994//869
f 964//868 956//870 993//867
f 965//866 964//868 992//865
f 962//864 965//866 991//863
f 963//862 962//864 990//861
f 974//860 963//862 989//859
f 984//858 974//860 988//857
f 979//856 984//858 987//855
f 980//854 979//856 985//853
f 973//883 980//883 986//883
f 986//883 1000//883 973//883
f 1001//884 951//885 952//885
f 1002//886 1001//884 981//887
f 1003//888 1002//886 959//889
f 1004//890 1003//888 958//891
f 1005//892 1004//890 970//893
f 1006//894 1005//892 961//895
f 1007//896 1006//894 960//897
f 1008//898 1007//896 972//899
f 1009//900 1008//898 971//901
f 1010//902 1009//900 975//903
f 1011//904 1010//902 983//905
f 1012//906 1011//904 982//907
f 1013//908 1012//906 977//909
f 1014//910 1013//908 976//911
f 1000//912 1014//910 978//913
f 978//913 973//912 1000//912
f 976//911 978//913 1014//910
f 977//909 976//911 1013//908
f 982//907 977//909 1012//906
f 983//905 982//907 1011//904
f 975//903 983//905 1010//902
f 971//901 975//903 1009//900
f 972//899 971//901 1008//898
f 960//897 972//899 1007//896
f 961//895 960//897 1006//894
f 970//893 961//895 1005//892
f 958//891 970//893 1004//890
f 959//889 958//891 1003//888
f 981//887 959//889 1002//886
f 952//885 981//887 1001//884
f 1015//914 995//914 996//914
f 442//914 940//914 941//914
f 442//914 999//914 953//914
f 442//914 997//914 998//914
f 996//914 442//914 1015//914
f 1015//914 992//914 993//914
f 442//914 939//914 940//914
f 442//914 936//914 938//914
f 953//914 937//914 442//914
f 996//914 997//914 442//914
f 993//914 994//914 1015//914
f 1015//914 990//914 991//914
f 1015//914 988//914 989//914
f 440//914 437//914 436//914
f 437//914 440//914 439//914
f 580//914 579//914 578//914
f 576//914 583//914 582//914
f 585//914 889//914 890//914
f 938//914 939//914 442//914
f 998//914 999//914 442//914
f 991//914 992//914 1015//914
f 1015//914 987//914 988//914
f 1016//914 416//914 415//914
f 440//914 435//914 434//914
f 439//914 438//914 437//914
f 578//914 577//914 580//914
f 582//914 581//914 576//914
f 585//914 1002//914 1003//914
f 585//914 895//914 951//914
f 585//914 892//914 893//914
f 890//914 891//914 585//914
f 681//914 947//914 948//914
f 681//914 442//914 946//914
f 442//914 943//914 944//914
f 937//914 936//914 442//914
f 989//914 990//914 1015//914
f 1016//914 417//914 416//914
f 1016//914 419//914 418//914
f 440//914 421//914 420//914
f 436//914 435//914 440//914
f 1017//914 413//914 412//914
f 1018//914 1019//914 565//914
f 581//914 580//914 576//914
f 1020//914 1003//914 1004//914
f 585//914 1001//914 1002//914
f 585//914 894//914 895//914
f 891//914 892//914 585//914
f 948//914 949//914 681//914
f 442//914 945//914 946//914
f 442//914 942//914 943//914
f 994//914 995//914 1015//914
f 1015//914 1021//914 986//914
f 418//914 417//914 1016//914
f 420//914 1016//914 440//914
f 434//914 433//914 440//914
f 1017//914 414//914 413//914
f 450//914 1022//914 1023//914
f 449//914 1024//914 1022//914
f 445//914 1025//914 1026//914
f 444//914 1027//914 1025//914
f 565//914 564//914 1018//914
f 576//914 553//914 583//914
f 1028//914 557//914 556//914
f 1028//914 1018//914 560//914
f 1003//914 1020//914 585//914
f 893//914 894//914 585//914
f 682//914 885//914 884//914
f 946//914 947//914 681//914
f 941//914 942//914 442//914
f 986//914 985//914 1015//914
f 420//914 419//914 1016//914
f 433//914 422//914 440//914
f 1017//914 411//914 410//914
f 1017//914 415//914 414//914
f 1029//914 379//914 378//914
f 1030//914 376//914 375//914
f 1030//914 378//914 377//914
f 1022//914 450//914 449//914
f 448//914 1031//914 1024//914
f 447//914 1032//914 1031//914
f 446//914 1026//914 1032//914
f 1025//914 445//914 444//914
f 443//914 1033//914 1027//914
f 485//914 1034//914 1035//914
f 564//914 563//914 1018//914
f 576//914 554//914 553//914
f 576//914 1028//914 555//914
f 1028//914 558//914 557//914
f 560//914 559//914 1028//914
f 951//914 1001//914 585//914
f 585//914 886//914 888//914
f 884//914 585//914 682//914
f 682//914 882//914 883//914
f 949//914 950//914 681//914
f 985//914 987//914 1015//914
f 422//914 421//914 440//914
f 412//914 411//914 1017//914
f 1029//914 380//914 379//914
f 377//914 376//914 1030//914
f 1036//914 375//914 374//914
f 374//914 373//914 1037//914
f 471//914 1038//914 1039//914
f 468//914 1040//914 1041//914
f 467//914 1042//914 1040//914
f 1024//914 449//914 448//914
f 1032//914 447//914 446//914
f 1027//914 444//914 443//914
f 1035//914 443//914 485//914
f 1043//914 1044//914 485//914
f 1045//914 522//914 521//914
f 1045//914 1043//914 523//914
f 1019//914 1045//914 520//914
f 563//914 562//914 1018//914
f 555//914 554//914 576//914
f 559//914 558//914 1028//914
f 888//914 889//914 585//914
f 884//914 887//914 585//914
f 682//914 881//914 882//914
f 944//914 945//914 442//914
f 1046//914 442//914 440//914
f 410//914 1029//914 1017//914
f 1029//914 410//914 380//914
f 374//914 1047//914 1036//914
f 1037//914 1048//914 374//914
f 1039//914 373//914 471//914
f 470//914 1049//914 1038//914
f 469//914 1041//914 1049//914
f 1040//914 468//914 467//914
f 463//914 1050//914 1051//914
f 462//914 1052//914 1050//914
f 457//914 1053//914 1054//914
f 456//914 1055//914 1053//914
f 455//914 1056//914 1055//914
f 454//914 1057//914 1056//914
f 1031//914 448//914 447//914
f 1035//914 1033//914 443//914
f 485//914 523//914 1043//914
f 523//914 522//914 1045//914
f 520//914 519//914 1019//914
f 562//914 561//914 1018//914
f 556//914 555//914 1028//914
f 887//914 886//914 585//914
f 682//914 841//914 881//914
f 986//914 1021//914 1058//914
f 442//914 1046//914 1015//914
f 415//914 1017//914 1016//914
f 375//914 1036//914 1030//914
f 373//914 1059//914 1037//914
f 1038//914 471//914 470//914
f 1041//914 469//914 468//914
f 466//914 1060//914 1042//914
f 465//914 1061//914 1060//914
f 464//914 1051//914 1061//914
f 1050//914 463//914 462//914
f 459//914 1062//914 1063//914
f 458//914 1054//914 1062//914
f 1053//914 457//914 456//914
f 1056//914 455//914 454//914
f 452//914 1064//914 1065//914
f 451//914 1023//914 1064//914
f 1026//914 446//914 445//914
f 521//914 520//914 1045//914
f 519//914 518//914 1019//914
f 577//914 576//914 580//914
f 1066//914 1028//914 576//914
f 883//914 885//914 682//914
f 1058//914 1067//914 986//914
f 440//914 1016//914 1046//914
f 1048//914 1047//914 374//914
f 1049//914 470//914 469//914
f 1060//914 466//914 465//914
f 1051//914 464//914 463//914
f 461//914 1068//914 1052//914
f 460//914 1063//914 1068//914
f 1062//914 459//914 458//914
f 1055//914 456//914 455//914
f 453//914 1065//914 1057//914
f 1064//914 452//914 451//914
f 1044//914 1034//914 485//914
f 561//914 560//914 1018//914
f 585//914 1020//914 1066//914
f 1004//914 1069//914 1070//914
f 1069//914 1014//914 1000//914
f 1069//914 1008//914 1009//914
f 1069//914 1006//914 1007//914
f 1069//914 1004//914 1005//914
f 950//914 840//914 681//914
f 1039//914 1059//914 373//914
f 1061//914 465//914 464//914
f 1068//914 461//914 460//914
f 1054//914 458//914 457//914
f 1065//914 453//914 452//914
f 518//914 565//914 1019//914
f 1004//914 1070//914 1020//914
f 1069//914 1013//914 1014//914
f 1069//914 1011//914 1012//914
f 1009//914 1010//914 1069//914
f 1005//914 1006//914 1069//914
f 378//914 1030//914 1029//914
f 1052//914 462//914 461//914
f 1057//914 454//914 453//914
f 576//914 585//914 1066//914
f 1012//914 1013//914 1069//914
f 1007//914 1008//914 1069//914
f 681//914 682//914 837//914
f 1042//914 467//914 466//914
f 1023//914 451//914 450//914
f 1010//914 1011//914 1069//914
f 1000//914 986//914 1071//914
f 681//914 841//914 682//914
f 1063//914 460//914 459//914
f 1071//914 1072//914 1000//914
f 837//914 787//914 681//914
f 1000//914 1072//914 1069//914
f 1067//914 1071//914 986//914
f 681//914 840//914 841//914
f 1071//915 1067//916 1073//916
f 1067//916 1058//917 1074//917
f 1058//917 1021//918 1075//918
f 1021//918 1015//919 1076//919
f 1015//919 1046//920 1077//920
f 1046//920 1016//921 1078//921
f 1016//921 1017//922 1079//922
f 1017//922 1029//923 1080//923
f 1029//923 1030//924 1081//924
f 1030//924 1036//925 1082//925
f 1036//925 1047//926 1083//926
f 1047//926 1048//927 1084//927
f 1048//927 1037//928 1085//928
f 1037//928 1059//929 1086//929
f 1059//929 1039//930 1087//930
f 1039//930 1038//931 1088//931
f 1038//931 1049//932 1089//932
f 1049//932 1041//933 1090//933
f 1041//933 1040//934 1091//934
f 1040//934 1042//935 1092//935
f 1042//935 1060//936 1093//936
f 1060//936 1061//937 1094//937
f 1061//937 1051//938 1095//938
f 1051//938 1050//939 1096//939
f 1050//939 1052//940 1097//940
f 1052//940 1068//941 1098//941
f 1068//941 1063//942 1099//942
f 1063//942 1062//943 1100//943
f 1062//943 1054//944 1101//944
f 1054//944 1053//945 1102//945
f 1053//945 1055//946 1103//946
f 1055//946 1056//947 1104//947
f 1056//947 1057//948 1105//948
f 1057//948 1065//949 1106//949
f 1065//949 1064//950 1107//950
f 1064//950 1023//951 1108//951
f 1023//951 1022//952 1109//952
f 1022//952 1024//953 1110//953
f 1024//953 1031//954 1111//954
f 1031//954 1032//955 1112//955
f 1032//955 1026//956 1113//956
f 1026//956 1025//957 1114//957
f 1025//957 1027//958 1115//958
f 1027//958 1033//959 1116//959
f 1033//959 1035//960 1117//960
f 1035//960 1034//961 1118//961
f 1034//961 1044//962 1119//962
f 1044//962 1043//963 1120//963
f 1043//963 1045//964 1121//964
f 1045//964 1019//965 1122//965
f 1019//965 1018//966 1123//966
f 1018//966 1028//967 1124//967
f 1028//967 1066//968 1125//968
f 1066//968 1020//969 1126//969
f 1020//969 1070//970 1127//970
f 1070//970 1069//971 1128//971
f 1069//971 1072//972 1129//972
f 1072//972 1071//915 1130//973
f 1130//973 1129//972 1072//972
f 1129//972 1128//971 1069//971
f 1128//971 1127//970 1070//970
f 1127//970 1126//969 1020//969
f 1126//969 1125//968 1066//968
f 1125//968 1124//967 1028//967
f 1124//967 1123//966 1018//966
f 1123//966 1122//965 1019//965
f 1122//965 1121//964 1045//964
f 1121//964 1120//963 1043//963
f 1120//963 1119//962 1044//962
f 1119//962 1118//961 1034//961
f 1118//961 1117//960 1035//960
f 1117//960 1116//959 1033//959
f 1116//959 1115//958 1027//958
f 1115//958 1114//957 1025//957
f 1114//957 1113//956 1026//956
f 1113//956 1112//955 1032//955
f 1112//955 1111//954 1031//954
f 1111//954 1110//953 1024//953
f 1110//953 1109//952 1022//952
f 1109//952 1108//951 1023//951
f 1108//951 1107//950 1064//950
f 1107//950 1106//949 1065//949
f 1106//949 1105//948 1057//948
f 1105//948 1104//947 1056//947
f 1104//947 1103//946 1055//946
f 1103//946 1102//945 1053//945
f 1102//945 1101//944 1054//944
f 1101//944 1100//943 1062//943
f 1100//943 1099//942 1063//942
f 1099//942 1098//941 1068//941
f 1098//941 1097//940 1052//940
f 1097//940 1096//939 1050//939
f 1096//939 1095//938 1051//938
f 1095//938 1094//937 1061//937
f 1094//937 1093//936 1060//936
f 1093//936 1092//935 1042//935
f 1092//935 1091//934 1040//934
f 1091//934 1090//933 1041//933
f 1090//933 1089//932 1049//932
f 1089//932 1088//931 1038//931
f 1088//931 1087//930 1039//930
f 1087//930 1086//929 1059//929
f 1086//929 1085//928 1037//928
f 1085//928 1084//927 1048//927
f 1084//927 1083//926 1047//926
f 1083//926 1082//925 1036//925
f 1082//925 1081//924 1030//924
f 1081//924 1080//923 1029//923
f 1080//923 1079//922 1017//922
f 1079//922 1078//921 1016//921
f 1078//921 1077//920 1046//920
f 1077//920 1076//919 1015//919
f 1076//919 1075//918 1021//918
f 1075//918 1074//917 1058//917
f 1074//917 1073//916 1067//916
f 1073//916 1130//973 1071//915
f 1129//974 1130//975 1131//975
f 1128//976 1129//974 1132//977
f 1127//978 1128//976 1133//979
f 1126//980 1127//978 1134//981
f 1125//982 1126//980 1135//983
f 1124//984 1125//982 1136//985
f 1123//986 1124//984 1137//987
f 1122//988 1123//986 1138//989
f 1121//990 1122//988 1139//991
f 1120//992 1121//990 1140//993
f 1119//994 1120//992 1141//995
f 1118//996 1119//994 1142//997
f 1117//998 1118//996 1143//999
f 1116//1000 1117//998 1144//1001
f 1115//1002 1116//1000 1145//1003
f 1114//1004 1115//1002 1146//1005
f 1113//1006 1114//1004 1147//1007
f 1112//1008 1113//1006 1148//1009
f 1111//1010 1112//1008 1149//1011
f 1110//1012 1111//1010 1150//1013
f 1109//1014 1110//1012 1151//1015
f 1108//1016 1109//1014 1152//1017
f 1107//1018 1108//1016 1153//1019
f 1106//1020 1107//1018 1154//1021
f 1105//1022 1106//1020 1155//1023
f 1104//1024 1105//1022 1156//1025
f 1103//1026 1104//1024 1157//1027
f 1102//1028 1103//1026 1158//1029
f 1101//1030 1102//1028 1159//1031
f 1100//1032 1101//1030 1160//1033
f 1099//1034 1100//1032 1161//1035
f 1098//1036 1099//1034 1162//1037
f 1097//1038 1098//1036 1163//1039
f 1096//1040 1097//1038 1164//1041
f 1095//1042 1096//1040 1165//1043
f 1094//1044 1095//1042 1166//1045
f 1093//1046 1094//1044 1167//1047
f 1092//1048 1093//1046 1168//1049
f 1091//1050 1092//1048 1169//1051
f 1090//1052 1091//1050 1170//1053
f 1089//1054 1090//1052 1171//1055
f 1088//1056 1089//1054 1172//1057
f 1087//1058 1088//1056 1173//1059
f 1086//1060 1087//1058 1174//1061
f 1085//1062 1086//1060 1175//1063
f 1084//1064 1085//1062 1176//1065
f 1083//1066 1084//1064 1177//1067
f 1082//1068 1083//1066 1178//1069
f 1081//1070 1082//1068 1179//1071
f 1080//1072 1081//1070 1180//1073
f 1079//1074 1080//1072 1181//1075
f 1078//1076 1079//1074 1182//1077
f 1077//1078 1078//1076 1183//1079
f 1076//1080 1077//1078 1184//1081
f 1075//1082 1076//1080 1185//1083
f 1074//1084 1075//1082 1186//1085
f 1073//1086 1074//1084 1187//1087
f 1130//975 1073//1086 1188//1086
f 1188//1086 1131//975 1130//975
f 1187//1087 1188//1086 1073//1086
f 1186//1085 1187//1087 1074//1084
f 1185//1083 1186//1085 1075//1082
f 1184//1081 1185//1083 1076//1080
f 1183//1079 1184//1081 1077//1078
f 1182//1077 1183//1079 1078//1076
f 1181//1075 1182//1077 1079//1074
f 1180//1073 1181//1075 1080//1072
f 1179//1071 1180//1073 1081//1070
f 1178//1069 1179//1071 1082//1068
f 1177//1067 1178//1069 1083//1066
f 1176//1065 1177//1067 1084//1064
f 1175//1063 1176//1065 1085//1062
f 1174//1061 1175//1063 1086//1060
f 1173//1059 1174//1061 1087//1058
f 1172//1057 1173//1059 1088//1056
f 1171//1055 1172//1057 1089//1054
f 1170//1053 1171//1055 1090//1052
f 1169//1051 1170//1053 1091//1050
f 1168//1049 1169//1051 1092//1048
f 1167//1047 1168//1049 1093//1046
f 1166//1045 1167//1047 1094//1044
f 1165//1043 1166//1045 1095//1042
f 1164//1041 1165//1043 1096//1040
f 1163//1039 1164//1041 1097//1038
f 1162//1037 1163//1039 1098//1036
f 1161//1035 1162//1037 1099//1034
f 1160//1033 1161//1035 1100//1032
f 1159//1031 1160//1033 1101//1030
f 1158//1029 1159//1031 1102//1028
f 1157//1027 1158//1029 1103//1026
f 1156//1025 1157//1027 1104//1024
f 1155//1023 1156//1025 1105//1022
f 1154//1021 1155//1023 1106//1020
f 1153//1019 1154//1021 1107//1018
f 1152//1017 1153//1019 1108//1016
f 1151//1015 1152//1017 1109//1014
f 1150//1013 1151//1015 1110//1012
f 1149//1011 1150//1013 1111//1010
f 1148//1009 1149//1011 1112//1008
f 1147//1007 1148//1009 1113//1006
f 1146//1005 1147//1007 1114//1004
f 1145//1003 1146//1005 1115//1002
f 1144//1001 1145//1003 1116//1000
f 1143//999 1144//1001 1117//998
f 1142//997 1143//999 1118//996
f 1141//995 1142//997 1119//994
f 1140//993 1141//995 1120//992
f 1139//991 1140//993 1121//990
f 1138//989 1139//991 1122//988
f 1137//987 1138//989 1123//986
f 1136//985 1137//987 1124//984
f 1135//983 1136//985 1125//982
f 1134//981 1135//983 1126//980
f 1133//979 1134//981 1127//978
f 1132//977 1133//979 1128//976
f 1131//975 1132//977 1129//974
f 1189//1088 1188//1088 1187//1088
f 1187//1088 1186//1088 1189//1088
f 1186//1088 1185//1088 1189//1088
f 1185//1088 1184//1088 1189//1088
f 1184//1088 1183//1088 1189//1088
f 1183//1088 1182//1088 1189//1088
f 1182//1088 1181//1088 1189//1088
f 1181//1088 1180//1088 1189//1088
f 1180//1088 1179//1088 1189//1088
f 1179//1088 1178//1088 1189//1088
f 1178//1088 1177//1088 1189//1088
f 1177//1088 1176//1088 1189//1088
f 1176//1088 1175//1088 1189//1088
f 1175//1088 1174//1088 1189//1088
f 1174//1088 1173//1088 1189//1088
f 1173//1088 1172//1088 1189//1088
f 1172//1088 1171//1088 1189//1088
f 1171//1088 1170//1088 1189//1088
f 1170//1088 1169//1088 1189//1088
f 1169//1088 1168//1088 1189//1088
f 1168//1088 1167//1088 1189//1088
f 1167//1088 1166//1088 1189//1088
f 1166//1088 1165//1088 1189//1088
f 1165//1088 1164//1088 1189//1088
f 1164//1088 1163//1088 1189//1088
f 1163//1088 1162//1088 1189//1088
f 1162//1088 1161//1088 1189//1088
f 1161//1088 1160//1088 1189//1088
f 1160//1088 1159//1088 1189//1088
f 1159//1088 1158//1088 1189//1088
f 1158//1088 1157//1088 1189//1088
f 1157//1088 1156//1088 1189//1088
f 1156//1088 1155//1088 1189//1088
f 1155//1088 1154//1088 1189//1088
f 1154//1088 1153//1088 1189//1088
f 1153//1088 1152//1088 1189//1088
f 1152//1088 1151//1088 1189//1088
f 1151//1088 1150//1088 1189//1088
f 1150//1088 1149//1088 1189//1088
f 1149//1088 1148//1088 1189//1088
f 1148//1088 1147//1088 1189//1088
f 1147//1088 1146//1088 1189//1088
f 1146//1088 1145//1088 1189//1088
f 1145//1088 1144//1088 1189//1088
f 1144//1088 1143//1088 1189//1088
f 1143//1088 1142//1088 1189//1088
f 1142//1088 1141//1088 1189//1088
f 1141//1088 1140//1088 1189//1088
f 1140//1088 1139//1088 1189//1088
f 1139//1088 1138//1088 1189//1088
f 1138//1088 1137//1088 1189//1088
f 1137//1088 1136//1088 1189//1088
f 1136//1088 1135//1088 1189//1088
f 1135//1088 1134//1088 1189//1088
f 1134//1088 1133//1088 1189//1088
f 1133//1088 1132//1088 1189//1088
f 1132//1088 1131//1088 1189//1088
f 1131//1088 1188//1088 1189//1088
